  0.0000000000000E+00
 -0.2569518090006E+02
 -0.2739492455087E+02
 -0.2707804585054E+02
 -0.2799219261699E+02
  0.0000000000000E+00
 -0.2454208069031E+02
 -0.2679247923949E+02
 -0.2788099407410E+02
 -0.2638900516251E+02
  0.0000000000000E+00
  0.0000000000000E+00
  0.0000000000000E+00
  0.0000000000000E+00
  0.0000000000000E+00
  0.0000000000000E+00
  0.0000000000000E+00
  0.0000000000000E+00
  0.0000000000000E+00
  0.0000000000000E+00
  0.0000000000000E+00
  0.0000000000000E+00
  0.0000000000000E+00
  0.0000000000000E+00
  0.0000000000000E+00
  0.0000000000000E+00
  0.0000000000000E+00
  0.0000000000000E+00
  0.0000000000000E+00
  0.0000000000000E+00
  0.0000000000000E+00
  0.0000000000000E+00
  0.0000000000000E+00
  0.0000000000000E+00
  0.0000000000000E+00
  0.0000000000000E+00
 -0.9433703710834E+00
  0.0000000000000E+00
  0.0000000000000E+00
  0.0000000000000E+00
 -0.1794039557390E+01
 -0.3275731411361E+01
 -0.3380522052320E+01
 -0.3254522078090E+01
 -0.2708788330480E+01
  0.0000000000000E+00
  0.0000000000000E+00
  0.0000000000000E+00
  0.0000000000000E+00
  0.0000000000000E+00
  0.0000000000000E+00
  0.0000000000000E+00
  0.0000000000000E+00
  0.0000000000000E+00
  0.0000000000000E+00
  0.0000000000000E+00
  0.0000000000000E+00
  0.0000000000000E+00
  0.0000000000000E+00
  0.0000000000000E+00
  0.0000000000000E+00
  0.0000000000000E+00
  0.0000000000000E+00
  0.0000000000000E+00
  0.0000000000000E+00
  0.0000000000000E+00
  0.0000000000000E+00
  0.0000000000000E+00
  0.0000000000000E+00
  0.0000000000000E+00
  0.0000000000000E+00
 -0.7369065954651E+00
 -0.1208792862037E+02
 -0.1413726468615E+02
 -0.1405498855368E+02
 -0.9727843720788E+01
 -0.6510814823406E+01
 -0.1016485194986E+02
 -0.1174661032870E+02
 -0.1492757111388E+02
 -0.1640234429062E+02
 -0.1524259567313E+02
  0.0000000000000E+00
  0.0000000000000E+00
  0.0000000000000E+00
  0.0000000000000E+00
  0.0000000000000E+00
  0.0000000000000E+00
  0.0000000000000E+00
  0.0000000000000E+00
  0.0000000000000E+00
  0.0000000000000E+00
  0.0000000000000E+00
  0.0000000000000E+00
  0.0000000000000E+00
  0.0000000000000E+00
  0.0000000000000E+00
  0.0000000000000E+00
  0.0000000000000E+00
  0.0000000000000E+00
  0.0000000000000E+00
  0.0000000000000E+00
  0.0000000000000E+00
  0.0000000000000E+00
  0.0000000000000E+00
  0.0000000000000E+00
 -0.6567595763546E+01
 -0.1204370805900E+02
 -0.3082726703857E+02
 -0.3091834591194E+02
 -0.2998990074549E+02
 -0.2798958911372E+02
 -0.2109543097525E+02
 -0.2086726890020E+02
 -0.2412252947149E+02
 -0.2716583810463E+02
 -0.2863832499534E+02
 -0.2656816128281E+02
 -0.9525989548918E+01
  0.0000000000000E+00
  0.0000000000000E+00
  0.0000000000000E+00
  0.0000000000000E+00
  0.0000000000000E+00
  0.0000000000000E+00
  0.0000000000000E+00
  0.0000000000000E+00
  0.0000000000000E+00
  0.0000000000000E+00
  0.0000000000000E+00
  0.0000000000000E+00
  0.0000000000000E+00
  0.0000000000000E+00
  0.0000000000000E+00
  0.0000000000000E+00
  0.0000000000000E+00
  0.0000000000000E+00
  0.0000000000000E+00
  0.0000000000000E+00
  0.0000000000000E+00
 -0.5208492082605E+01
 -0.1613446252954E+02
 -0.2645703133731E+02
 -0.2953835830730E+02
 -0.4829804955804E+02
 -0.4694419955027E+02
 -0.4414647352546E+02
 -0.4253022615047E+02
 -0.3972158502597E+02
 -0.3811292458159E+02
 -0.3792720765281E+02
 -0.3821119328191E+02
 -0.3732175541754E+02
 -0.3539479480098E+02
 -0.2647884705784E+02
 -0.7117289457111E+01
  0.0000000000000E+00
  0.0000000000000E+00
  0.0000000000000E+00
  0.0000000000000E+00
  0.0000000000000E+00
  0.0000000000000E+00
  0.0000000000000E+00
  0.0000000000000E+00
  0.0000000000000E+00
  0.0000000000000E+00
  0.0000000000000E+00
  0.0000000000000E+00
  0.0000000000000E+00
  0.0000000000000E+00
  0.0000000000000E+00
  0.0000000000000E+00
  0.0000000000000E+00
  0.0000000000000E+00
  0.0000000000000E+00
  0.0000000000000E+00
 -0.2119396695881E+02
 -0.3735248241572E+02
 -0.4369651267722E+02
 -0.4616798325971E+02
 -0.6411146593814E+02
 -0.5977282542828E+02
 -0.5507147314833E+02
 -0.5340785213274E+02
 -0.5268760552893E+02
 -0.5189061692948E+02
 -0.5094341026782E+02
 -0.4953846671821E+02
 -0.4717313977446E+02
 -0.4510466940846E+02
 -0.4063755530890E+02
 -0.2555270476158E+02
 -0.1095476294327E+02
  0.0000000000000E+00
  0.0000000000000E+00
  0.0000000000000E+00
  0.0000000000000E+00
  0.0000000000000E+00
  0.0000000000000E+00
  0.0000000000000E+00
  0.0000000000000E+00
  0.0000000000000E+00
  0.0000000000000E+00
  0.0000000000000E+00
  0.0000000000000E+00
  0.0000000000000E+00
  0.0000000000000E+00
  0.0000000000000E+00
  0.0000000000000E+00
  0.0000000000000E+00
  0.0000000000000E+00
  0.0000000000000E+00
 -0.3307796842011E+02
 -0.5152521465049E+02
 -0.5961673403141E+02
 -0.6332973880595E+02
 -0.7452379529673E+02
 -0.6470295151317E+02
 -0.5749717461783E+02
 -0.5555840833774E+02
 -0.5653375214187E+02
 -0.5722430840943E+02
 -0.5742198418614E+02
 -0.5660867705427E+02
 -0.5496968948711E+02
 -0.5442958119053E+02
 -0.5301904034619E+02
 -0.4485899229231E+02
 -0.2698642183101E+02
  0.0000000000000E+00
  0.0000000000000E+00
  0.0000000000000E+00
  0.0000000000000E+00
  0.0000000000000E+00
  0.0000000000000E+00
 -0.1859725386821E+01
 -0.9066347507304E+01
 -0.9472114257450E+01
  0.0000000000000E+00
  0.0000000000000E+00
  0.0000000000000E+00
  0.0000000000000E+00
  0.0000000000000E+00
  0.0000000000000E+00
  0.0000000000000E+00
  0.0000000000000E+00
  0.0000000000000E+00
  0.0000000000000E+00
 -0.3748795865018E+02
 -0.6767185291387E+02
 -0.7704217821468E+02
 -0.8016426115525E+02
 -0.7252949874471E+02
 -0.6254497626885E+02
 -0.6125544491181E+02
 -0.6269357635763E+02
 -0.6216762231730E+02
 -0.5972498626491E+02
 -0.5554966771108E+02
 -0.4949223172893E+02
 -0.4285237785793E+02
 -0.4499423067581E+02
 -0.5503322865374E+02
 -0.5384226748156E+02
 -0.4076248980414E+02
 -0.3570223685190E+02
 -0.2781669519803E+02
  0.0000000000000E+00
  0.0000000000000E+00
 -0.1495164866688E+02
 -0.1968904061116E+02
 -0.2322202711749E+02
 -0.4117812624748E+02
 -0.4204937326805E+02
 -0.2986373185223E+02
 -0.2279025899500E+02
 -0.2003547337681E+02
 -0.2059898344004E+02
 -0.2877614679037E+02
 -0.2790977332523E+02
 -0.2517240758746E+02
  0.0000000000000E+00
  0.0000000000000E+00
  0.0000000000000E+00
 -0.5483695600814E+02
 -0.8319376902975E+02
 -0.8314038093007E+02
 -0.8403952509548E+02
 -0.8282456633187E+02
 -0.8477340274904E+02
 -0.8730058947575E+02
 -0.8853386549358E+02
 -0.8904933988591E+02
 -0.8876451460727E+02
 -0.8721455947661E+02
 -0.8492304006726E+02
 -0.8148247614988E+02
 -0.7565151496315E+02
 -0.6683727490025E+02
 -0.4900723081203E+02
 -0.5105199262532E+02
 -0.4928440975343E+02
 -0.4158331691926E+02
  0.0000000000000E+00
  0.0000000000000E+00
 -0.2207704611780E+02
 -0.3591722558157E+02
 -0.4066845533482E+02
 -0.5669847296146E+02
 -0.5462939235597E+02
 -0.3396057493190E+02
 -0.3719343762133E+02
 -0.3165139419498E+02
 -0.3893216209960E+02
 -0.4580566077972E+02
 -0.4390651825976E+02
 -0.2880142487156E+02
  0.0000000000000E+00
  0.0000000000000E+00
  0.0000000000000E+00
 -0.6342044197759E+02
 -0.6208901192704E+02
 -0.7070076273032E+02
 -0.8228958131334E+02
 -0.9771356063241E+02
 -0.9992553481241E+02
 -0.1017782247999E+03
 -0.1031857358010E+03
 -0.1042693220937E+03
 -0.1046758129615E+03
 -0.1038097186569E+03
 -0.1014765065394E+03
 -0.9788337082086E+02
 -0.9374945285579E+02
 -0.8955946119168E+02
 -0.8643989811099E+02
 -0.7298812643736E+02
 -0.6198654939853E+02
 -0.5172960334749E+02
 -0.5376310403592E+02
  0.0000000000000E+00
 -0.3267783831369E+02
 -0.4911937733412E+02
  0.0000000000000E+00
 -0.5972032115347E+02
 -0.7024508133389E+02
 -0.7586873541709E+02
 -0.6907705955942E+02
 -0.6519378737242E+02
 -0.6159556106281E+02
 -0.5979532582437E+02
 -0.6060223283920E+02
 -0.5953437275772E+02
  0.0000000000000E+00
  0.0000000000000E+00
  0.0000000000000E+00
 -0.7160133423297E+02
 -0.8350193838089E+02
 -0.9176034876206E+02
 -0.9570249017801E+02
 -0.1084586562022E+03
 -0.1106884128837E+03
 -0.1124066336676E+03
 -0.1142723225210E+03
 -0.1162869602696E+03
 -0.1174051511996E+03
 -0.1170917690088E+03
 -0.1146859092699E+03
 -0.1103813592604E+03
 -0.1052713196463E+03
 -0.1005536603657E+03
 -0.9562383313700E+02
 -0.8614457856327E+02
  0.0000000000000E+00
 -0.7112398524150E+02
 -0.6802612552678E+02
  0.0000000000000E+00
  0.0000000000000E+00
 -0.6132074453764E+02
 -0.7333773428848E+02
 -0.8266761581781E+02
 -0.8719278110642E+02
 -0.8811442245337E+02
 -0.8360174357819E+02
 -0.7280013779557E+02
 -0.8076314461375E+02
 -0.7528821829321E+02
 -0.7707445086062E+02
 -0.6909205636001E+02
 -0.6304751156970E+02
  0.0000000000000E+00
  0.0000000000000E+00
 -0.8260332314046E+02
 -0.9816434125040E+02
 -0.1033964276153E+03
 -0.1064524516326E+03
 -0.1166033531988E+03
 -0.1181141805063E+03
 -0.1197434695679E+03
 -0.1218846839890E+03
 -0.1239996193711E+03
 -0.1250420004867E+03
 -0.1242586080063E+03
 -0.1213682567272E+03
 -0.1176004739762E+03
 -0.1140346433231E+03
 -0.1105622442331E+03
 -0.1058811517100E+03
 -0.9718552728916E+02
 -0.8766241245461E+02
 -0.8852994248246E+02
 -0.7448104251620E+02
  0.0000000000000E+00
  0.0000000000000E+00
 -0.7352738606965E+02
 -0.8885829519624E+02
 -0.9581663038061E+02
 -0.1012608716372E+03
 -0.1019231250763E+03
 -0.9440489493398E+02
  0.0000000000000E+00
 -0.6961727217786E+02
 -0.7856991016668E+02
 -0.9167548100428E+02
 -0.8413149482110E+02
 -0.7605093456402E+02
  0.0000000000000E+00
  0.0000000000000E+00
 -0.8935847013207E+02
 -0.1062425060881E+03
 -0.1117742883000E+03
 -0.1148809034210E+03
 -0.1201317614397E+03
 -0.1209362099927E+03
 -0.1216456349128E+03
 -0.1219294681092E+03
 -0.1214264821459E+03
 -0.1203240571612E+03
 -0.1187171827880E+03
 -0.1184218543451E+03
 -0.1192792647572E+03
 -0.1196505978244E+03
 -0.1182987804202E+03
 -0.1139466265237E+03
 -0.1070763406523E+03
 -0.9976615997772E+02
 -0.9705898321675E+02
 -0.8653891615468E+02
  0.0000000000000E+00
  0.0000000000000E+00
 -0.7033588546887E+02
 -0.1030440617207E+03
 -0.1049089733097E+03
 -0.1091544302729E+03
 -0.1095516330301E+03
 -0.1030297753323E+03
  0.0000000000000E+00
  0.0000000000000E+00
  0.0000000000000E+00
 -0.7610316724184E+02
 -0.9422484414661E+02
 -0.8614696332049E+02
  0.0000000000000E+00
  0.0000000000000E+00
 -0.9224574802580E+02
 -0.1123953507805E+03
 -0.1167141395330E+03
 -0.1187807151077E+03
 -0.1161461304081E+03
 -0.1156284408723E+03
 -0.1136245582488E+03
 -0.1089942926194E+03
 -0.1034743059157E+03
 -0.9923999060211E+02
 -0.1014855437771E+03
 -0.1099200869622E+03
 -0.1166066502429E+03
 -0.1205972071145E+03
 -0.1215293005096E+03
 -0.1186407385706E+03
 -0.1113422786317E+03
 -0.1049038289181E+03
 -0.1002047047776E+03
 -0.9498493088540E+02
  0.0000000000000E+00
  0.0000000000000E+00
  0.0000000000000E+00
 -0.8266261170099E+02
 -0.1074130902814E+03
 -0.1116732050179E+03
 -0.1112587155157E+03
 -0.1142950132450E+03
 -0.8430802919411E+02
  0.0000000000000E+00
  0.0000000000000E+00
  0.0000000000000E+00
 -0.9059420613184E+02
 -0.9322910492095E+02
  0.0000000000000E+00
  0.0000000000000E+00
 -0.8982379570719E+02
 -0.1136277383985E+03
 -0.1164222645814E+03
 -0.1156146577250E+03
 -0.9684233270253E+02
 -0.9391745134321E+02
 -0.8853992469662E+02
 -0.8032443436681E+02
 -0.7413083393821E+02
 -0.7922982522953E+02
 -0.9180667257394E+02
 -0.1029957262871E+03
 -0.1097836154170E+03
 -0.1135994407928E+03
 -0.1157275510328E+03
 -0.1141896187659E+03
 -0.1060793656933E+03
 -0.1030375351932E+03
 -0.1016719498642E+03
 -0.1006510688139E+03
  0.0000000000000E+00
  0.0000000000000E+00
  0.0000000000000E+00
 -0.8835371829427E+02
 -0.1069616619763E+03
 -0.1091507854817E+03
 -0.1135113852531E+03
 -0.1121769293063E+03
 -0.9080291334002E+02
 -0.7877036225587E+02
  0.0000000000000E+00
  0.0000000000000E+00
 -0.9647954681918E+02
 -0.9985643780413E+02
  0.0000000000000E+00
 -0.8238735112975E+02
 -0.1027235583150E+03
 -0.1043311641536E+03
 -0.1011124989056E+03
 -0.9814950072788E+02
 -0.8438334916703E+02
 -0.8431523391081E+02
 -0.8714090974749E+02
 -0.9509765657999E+02
 -0.1037043279961E+03
 -0.1087620943375E+03
 -0.1104884541333E+03
 -0.1095591182324E+03
 -0.1065517835498E+03
 -0.1024327129958E+03
 -0.9855390814436E+02
 -0.9887856538241E+02
 -0.9671324656011E+02
 -0.9657731398766E+02
 -0.1017320484863E+03
 -0.9947501113708E+02
  0.0000000000000E+00
  0.0000000000000E+00
  0.0000000000000E+00
 -0.9000158644789E+02
 -0.1095524172896E+03
 -0.1153796159112E+03
 -0.1142515957548E+03
 -0.1119244974332E+03
 -0.8757624541205E+02
 -0.6866754559154E+02
 -0.8003335358030E+02
  0.0000000000000E+00
 -0.9870120008871E+02
 -0.1040358798109E+03
 -0.8908492385071E+02
 -0.9907670971378E+02
 -0.9577697457972E+02
 -0.8945087802151E+02
 -0.8422095847962E+02
 -0.8450760979852E+02
 -0.1203593925440E+03
 -0.1242205651906E+03
 -0.1269788057741E+03
 -0.1288213723326E+03
 -0.1299396060343E+03
 -0.1305455950645E+03
 -0.1301147967115E+03
 -0.1261288362648E+03
 -0.1168289698964E+03
 -0.1074745643365E+03
 -0.9982199319347E+02
 -0.9365488995316E+02
 -0.9050126297726E+02
 -0.8177673070535E+02
 -0.1068691640427E+03
 -0.9333634685502E+02
  0.0000000000000E+00
  0.0000000000000E+00
  0.0000000000000E+00
 -0.9550869095615E+02
 -0.1099768784418E+03
 -0.1165217196192E+03
 -0.1114956851296E+03
 -0.1108800635542E+03
 -0.9606500897289E+02
 -0.9664052826025E+02
 -0.9996263564031E+02
  0.0000000000000E+00
  0.0000000000000E+00
 -0.9025738965515E+02
 -0.1047469844171E+03
 -0.1027527442739E+03
 -0.1034953464511E+03
 -0.1041784525481E+03
 -0.1108251801697E+03
 -0.1164441191218E+03
 -0.1333643091406E+03
 -0.1342658903425E+03
 -0.1344231247784E+03
 -0.1342518312025E+03
 -0.1343925807566E+03
 -0.1348380805497E+03
 -0.1350251983435E+03
 -0.1342725257361E+03
 -0.1320234670924E+03
 -0.1280700217176E+03
 -0.1217912178414E+03
 -0.1135865434674E+03
 -0.1023587889085E+03
 -0.4165948170018E+02
 -0.1168768268418E+03
 -0.1182423720522E+03
  0.0000000000000E+00
  0.0000000000000E+00
  0.0000000000000E+00
 -0.8140185873210E+02
 -0.1041109210015E+03
 -0.9777866523714E+02
 -0.8969778668473E+02
 -0.9696497078265E+02
 -0.9843090496468E+02
 -0.9917879037287E+02
 -0.8892157086999E+02
 -0.6878697175807E+02
  0.0000000000000E+00
 -0.9023560723404E+02
 -0.1120692034985E+03
 -0.1114284726168E+03
 -0.1173667186510E+03
 -0.1233052312782E+03
 -0.1285905898052E+03
 -0.1316585036563E+03
 -0.1302455389055E+03
 -0.1285877280375E+03
 -0.1267372021964E+03
 -0.1256832433531E+03
 -0.1252931039924E+03
 -0.1247871914314E+03
 -0.1238344270837E+03
 -0.1228977115207E+03
 -0.1221964359557E+03
 -0.1210560750158E+03
 -0.1184317355832E+03
 -0.1148017719563E+03
 -0.1113070795372E+03
 -0.9270239316193E+02
 -0.1012525878524E+03
 -0.1179654095067E+03
  0.0000000000000E+00
  0.0000000000000E+00
  0.0000000000000E+00
 -0.1097352597483E+03
 -0.1158616396313E+03
 -0.8032893046057E+02
 -0.1054367011265E+03
 -0.6679631028761E+02
 -0.5006233150347E+02
 -0.6629404324968E+02
 -0.8058812133504E+02
 -0.1114376599718E+03
  0.0000000000000E+00
 -0.7849671195182E+02
 -0.1055195107842E+03
 -0.1072368783794E+03
 -0.1142309506681E+03
 -0.1229801828360E+03
 -0.1287008550038E+03
 -0.1305972808253E+03
 -0.1044229671781E+03
 -0.1035140137188E+03
 -0.1029806459567E+03
 -0.1025629231966E+03
 -0.1023448553327E+03
 -0.1017932189374E+03
 -0.1007743402981E+03
 -0.1000933795546E+03
 -0.9970730986273E+02
 -0.9975361642877E+02
 -0.1000634221575E+03
 -0.1012642214655E+03
 -0.1074898726543E+03
 -0.1192965756564E+03
 -0.8199220978152E+02
 -0.8786664757285E+02
  0.0000000000000E+00
  0.0000000000000E+00
  0.0000000000000E+00
 -0.1213129724777E+03
 -0.1227103360805E+03
 -0.1193979891110E+03
 -0.1199229474865E+03
 -0.1182652539320E+03
 -0.1060114681424E+03
 -0.1134438564599E+03
 -0.1224449425017E+03
 -0.1267729125707E+03
 -0.1061146173782E+03
 -0.1090891216728E+03
 -0.9918587497667E+02
 -0.9292300407603E+02
 -0.9471944065309E+02
 -0.1032851761331E+03
 -0.1069511461905E+03
 -0.1058790167399E+03
 -0.1129412256464E+03
 -0.1114509133532E+03
 -0.1106762819131E+03
 -0.1104503475355E+03
 -0.1112422692622E+03
 -0.1126130507389E+03
 -0.1138701732025E+03
 -0.1149911083160E+03
 -0.1152450616762E+03
 -0.1145482895927E+03
 -0.1130556029804E+03
 -0.1116665974564E+03
 -0.1184978320235E+03
 -0.1292339643112E+03
 -0.1340473878977E+03
 -0.9015109384668E+02
  0.0000000000000E+00
  0.0000000000000E+00
  0.0000000000000E+00
 -0.1262932067993E+03
 -0.1118495021913E+03
 -0.1238432739828E+03
  0.0000000000000E+00
 -0.1225955384655E+03
 -0.1296502118202E+03
 -0.1343526156180E+03
 -0.1335824693775E+03
 -0.1306455046423E+03
 -0.1247545796404E+03
 -0.1300284767663E+03
 -0.1232662324579E+03
 -0.1127644141156E+03
 -0.1106862556797E+03
 -0.1142518821337E+03
 -0.1153871451384E+03
 -0.1146675519152E+03
 -0.1307895537131E+03
 -0.1280227749728E+03
 -0.1248038849468E+03
 -0.1219163339547E+03
 -0.1197221013649E+03
 -0.1190336337835E+03
 -0.1201210961935E+03
 -0.1226838068436E+03
 -0.1254420174765E+03
 -0.1280078956332E+03
 -0.1305505372843E+03
 -0.1322117288714E+03
 -0.1312119422283E+03
 -0.1202813897816E+03
 -0.1374886376674E+03
 -0.1505920324033E+03
 -0.1000050304923E+03
 -0.9399379733936E+02
 -0.1152729750190E+03
 -0.1411589675219E+03
 -0.1131180457644E+03
 -0.1137562074017E+03
  0.0000000000000E+00
 -0.1267728717383E+03
 -0.1310645548699E+03
 -0.1357799108512E+03
 -0.1395941589296E+03
 -0.1330194171939E+03
 -0.1320794281332E+03
 -0.1412488913506E+03
 -0.1412631392487E+03
 -0.1381381020941E+03
 -0.1336923545211E+03
 -0.1344743168710E+03
 -0.1339598756512E+03
 -0.1328155816420E+03
 -0.1399571634970E+03
 -0.1409209756556E+03
 -0.1413173444100E+03
 -0.1400044849726E+03
 -0.1367895696621E+03
 -0.1333035569297E+03
 -0.1304074115393E+03
 -0.1297196752778E+03
 -0.1311542085249E+03
 -0.1334971844325E+03
 -0.1360088489096E+03
 -0.1378135922603E+03
 -0.1370260372174E+03
 -0.1318284878766E+03
 -0.1234206601739E+03
 -0.1050907948826E+03
 -0.1221394320112E+03
 -0.1278269663088E+03
 -0.1380529920805E+03
 -0.1456846875759E+03
 -0.1321070610465E+03
  0.0000000000000E+00
 -0.1246226306733E+03
 -0.1417247042451E+03
 -0.1372156188266E+03
 -0.1409451326958E+03
 -0.1416464399926E+03
 -0.1391164808925E+03
 -0.1329670080985E+03
 -0.1309915866441E+03
 -0.1323250429918E+03
 -0.1363993135057E+03
 -0.1375144148725E+03
 -0.1375653952065E+03
 -0.1380960125325E+03
 -0.1391552635224E+03
 -0.1400906115570E+03
 -0.1405567682171E+03
 -0.1416380754805E+03
 -0.1431000573113E+03
 -0.1442963139668E+03
 -0.1439405852576E+03
 -0.1415367229556E+03
 -0.1377691745892E+03
 -0.1353076668000E+03
 -0.1353003098161E+03
 -0.1367312177960E+03
 -0.1383070036233E+03
 -0.1395431991504E+03
 -0.1403886768866E+03
 -0.1419611662786E+03
 -0.1427806749890E+03
 -0.1461096541002E+03
 -0.1414155318799E+03
 -0.1421550292862E+03
 -0.1446973974265E+03
 -0.1373881011164E+03
  0.0000000000000E+00
 -0.1141088189365E+03
 -0.1429727714551E+03
 -0.1437280509744E+03
 -0.1467617451146E+03
 -0.1454482972281E+03
 -0.1425864482982E+03
 -0.1384491792843E+03
 -0.1392576572638E+03
 -0.1400322283541E+03
 -0.1409051108864E+03
 -0.1421392534497E+03
 -0.1432492914511E+03
 -0.1410146500715E+03
 -0.1403739903118E+03
 -0.1462123857840E+03
 -0.1462885236516E+03
 -0.1464254053471E+03
 -0.1462448761811E+03
 -0.1465000227421E+03
 -0.1466923545811E+03
 -0.1457298966210E+03
 -0.1429433328953E+03
 -0.1392280919121E+03
 -0.1360325763097E+03
 -0.1348263160189E+03
 -0.1352611370568E+03
 -0.1366707744104E+03
 -0.1397330149844E+03
 -0.1443271877592E+03
 -0.1455428246288E+03
 -0.1432449935330E+03
 -0.1395711628623E+03
 -0.1417970794177E+03
 -0.1472817262312E+03
 -0.1458462549836E+03
 -0.1098381828188E+03
 -0.1442016091274E+03
 -0.1441282199987E+03
 -0.1475223084608E+03
 -0.1477695251491E+03
 -0.1460886189329E+03
 -0.1439153827080E+03
 -0.1435505438845E+03
 -0.1454444785737E+03
 -0.1477598945119E+03
 -0.1498011466496E+03
 -0.1509286464844E+03
 -0.1502850980891E+03
 -0.1482500113727E+03
 -0.1469044242705E+03
 -0.1426498705991E+03
 -0.1425273037127E+03
 -0.1433268760662E+03
 -0.1445240854572E+03
 -0.1452876953245E+03
 -0.1451488629242E+03
 -0.1436978538285E+03
 -0.1413585967795E+03
 -0.1383440940054E+03
 -0.1345451766089E+03
 -0.1312111412877E+03
 -0.1295968857692E+03
 -0.1296277709357E+03
 -0.1305971601177E+03
 -0.1318040064518E+03
 -0.1326004256835E+03
 -0.1321662278695E+03
 -0.1319922663736E+03
 -0.1335152090777E+03
 -0.1380293553147E+03
 -0.1435399830019E+03
 -0.1237908153895E+03
 -0.1302608875814E+03
 -0.1335259027043E+03
 -0.1372045151106E+03
 -0.1387536313764E+03
 -0.1390530848185E+03
 -0.1381194834523E+03
 -0.1380958644347E+03
 -0.1394730016827E+03
 -0.1417703988648E+03
 -0.1440957457295E+03
 -0.1456188124289E+03
 -0.1456357047056E+03
 -0.1447411223043E+03
 -0.1435559855922E+03
 -0.1317388277992E+03
 -0.1314121465692E+03
 -0.1319592054511E+03
 -0.1333121104477E+03
 -0.1342735475131E+03
 -0.1345724914690E+03
 -0.1340425327976E+03
 -0.1325943449152E+03
 -0.1301901871653E+03
 -0.1268327920221E+03
 -0.1231179873727E+03
 -0.1200765937257E+03
 -0.1184969239512E+03
 -0.1174685748388E+03
 -0.1161329162917E+03
 -0.1152644448796E+03
 -0.1164723947116E+03
 -0.1209589447027E+03
 -0.1222477966281E+03
 -0.1272946392272E+03
 -0.1308981974497E+03
 -0.6590952099968E+02
 -0.9275402749657E+02
 -0.1084552335557E+03
 -0.1170224168238E+03
 -0.1211583877150E+03
 -0.1234367041916E+03
 -0.1242397301874E+03
 -0.1254670877107E+03
 -0.1270539485574E+03
 -0.1289362838322E+03
 -0.1310009290341E+03
 -0.1325974634661E+03
 -0.1332234144010E+03
 -0.1331414998005E+03
 -0.1324561983280E+03
 -0.1091351388761E+03
 -0.1091619360300E+03
 -0.1097996698895E+03
 -0.1114309452499E+03
 -0.1127390812300E+03
 -0.1134085530611E+03
 -0.1132754556539E+03
 -0.1120882367789E+03
 -0.1097252633477E+03
 -0.1059630429960E+03
 -0.9973304967405E+02
 -0.9086259566107E+02
 -0.8180776170874E+02
 -0.8153184488742E+02
 -0.8880474302109E+02
 -0.9405440646474E+02
 -0.1020354188128E+03
 -0.1112099528087E+03
 -0.1190999480907E+03
 -0.1265517807314E+03
 -0.1306646587743E+03
 -0.1542630825295E+03
 -0.1452465635160E+03
 -0.1212583477457E+03
 -0.1077317779306E+03
 -0.1046360585793E+03
 -0.1018586071786E+03
 -0.9852112260451E+02
 -0.9781460195988E+02
 -0.1001185023955E+03
 -0.1031691532757E+03
 -0.1061468011765E+03
 -0.1083183582586E+03
 -0.1098067404695E+03
 -0.1102816721598E+03
 -0.1097081406923E+03
 -0.9489344041189E+02
 -0.9209559856097E+02
 -0.8988871496639E+02
 -0.9060442364614E+02
 -0.9109405018042E+02
 -0.9090206445431E+02
 -0.9016744694476E+02
 -0.8849482420596E+02
 -0.8556497465744E+02
 -0.8503903584380E+02
 -0.8889136600249E+02
 -0.9451793403582E+02
 -0.9856978913336E+02
 -0.1015339762595E+03
 -0.1086334799547E+03
 -0.1161624624922E+03
 -0.1186999422930E+03
 -0.1224456220632E+03
  0.0000000000000E+00
  0.0000000000000E+00
  0.0000000000000E+00
 -0.1283316294188E+03
 -0.1762259553562E+03
 -0.1620553472825E+03
 -0.1414802637435E+03
 -0.1292069225086E+03
 -0.1224793258489E+03
 -0.1164903826461E+03
 -0.1113916711359E+03
 -0.1062366679388E+03
 -0.1021539752034E+03
 -0.9987385949555E+02
 -0.9944324227069E+02
 -0.9988893837347E+02
 -0.9968152878607E+02
 -0.9790080319014E+02
 -0.1049119791827E+03
 -0.1048845217342E+03
 -0.1044225169124E+03
 -0.1032985360356E+03
 -0.1024033105222E+03
 -0.1021579359140E+03
 -0.1023077478362E+03
 -0.1022998372334E+03
 -0.1023110074340E+03
 -0.1017650765086E+03
 -0.1003316812847E+03
 -0.9824865929217E+02
 -0.9571517765248E+02
 -0.9410436638564E+02
 -0.9960144961712E+02
 -0.1115916287735E+03
 -0.1211317955326E+03
 -0.1189748063953E+03
  0.0000000000000E+00
  0.0000000000000E+00
  0.0000000000000E+00
 -0.1045913518938E+03
 -0.1538990033879E+03
 -0.1602334840785E+03
 -0.1547069516207E+03
 -0.1460422022110E+03
 -0.1357952101131E+03
 -0.1251786829247E+03
 -0.1156784225400E+03
 -0.1104944090138E+03
 -0.1070104692271E+03
 -0.1071357928343E+03
 -0.1051209007903E+03
 -0.1041883192298E+03
 -0.1041388413887E+03
 -0.1045028009356E+03
 -0.9140586455999E+02
 -0.9001626495694E+02
 -0.8849886518946E+02
 -0.9121598297188E+02
 -0.9173417219554E+02
 -0.9190997398184E+02
 -0.9214575042278E+02
 -0.9253393653110E+02
 -0.9291813080090E+02
 -0.9294436711185E+02
 -0.9248890614564E+02
 -0.9151845374683E+02
 -0.8961649516643E+02
 -0.8720869916780E+02
 -0.8877569079421E+02
 -0.1012642324382E+03
 -0.1126175347962E+03
 -0.1236663334584E+03
  0.0000000000000E+00
  0.0000000000000E+00
  0.0000000000000E+00
 -0.8273994842492E+02
 -0.1117885858380E+03
 -0.1189286809288E+03
 -0.1258209465512E+03
 -0.1294366064103E+03
 -0.1283023988254E+03
 -0.1258844715262E+03
 -0.1217601540230E+03
 -0.1163717507201E+03
 -0.1109113051382E+03
 -0.1060240506456E+03
 -0.1019080916285E+03
 -0.9836859961324E+02
 -0.9527144111297E+02
 -0.9301049388305E+02
 -0.8880333412103E+02
 -0.8750063730847E+02
 -0.8616684842003E+02
 -0.8467221145696E+02
 -0.8330845207747E+02
 -0.8232895658299E+02
 -0.8186933479621E+02
 -0.8211819530875E+02
 -0.8294122377061E+02
 -0.8358337909474E+02
 -0.8412330961334E+02
 -0.8408692062877E+02
 -0.8347599342308E+02
 -0.8213024590344E+02
 -0.8071574833105E+02
 -0.8658827339318E+02
 -0.9655298402817E+02
 -0.1223357451873E+03
 -0.1049497506026E+03
 -0.8966755114790E+02
 -0.7327188334137E+02
 -0.6969316104095E+02
 -0.6885875358717E+02
 -0.7315169023922E+02
 -0.8146735547361E+02
 -0.8730067443861E+02
 -0.9506733456591E+02
 -0.1003728850510E+03
 -0.1013428840423E+03
 -0.1020193240883E+03
 -0.1010844995266E+03
 -0.9913680689490E+02
 -0.9695354078478E+02
 -0.9485921539337E+02
 -0.9110528579296E+02
 -0.8972404067248E+02
 -0.7705049848068E+02
 -0.7484776003067E+02
 -0.7484675771525E+02
 -0.7483722691565E+02
 -0.7452867798473E+02
 -0.7409576342864E+02
 -0.7397099134321E+02
 -0.7417281185677E+02
 -0.7481354473032E+02
 -0.7313755922250E+02
 -0.7371718540507E+02
 -0.7433423365943E+02
 -0.7465760368865E+02
 -0.7459522403797E+02
 -0.7345201768665E+02
 -0.7282080633343E+02
 -0.7678166465439E+02
 -0.8332029111897E+02
 -0.7988524648488E+02
 -0.7218100473517E+02
 -0.6374475934820E+02
 -0.5715640659342E+02
 -0.5408536944197E+02
 -0.5377572269897E+02
 -0.5350448558326E+02
 -0.5488445400205E+02
 -0.5935293424710E+02
 -0.6430154297206E+02
 -0.6913113875812E+02
 -0.7241069093163E+02
 -0.7425039597425E+02
 -0.7476240181087E+02
 -0.7463402302921E+02
 -0.7604038077457E+02
 -0.7664569599101E+02
 -0.7679590861844E+02
 -0.5257555736598E+02
 -0.5383641292941E+02
 -0.5450426394246E+02
 -0.5485748548444E+02
 -0.5468913476299E+02
 -0.5445230803909E+02
 -0.5458522934815E+02
 -0.5449311242719E+02
 -0.5373265577181E+02
 -0.5342209153564E+02
 -0.5418140726018E+02
 -0.5479725147781E+02
 -0.5510228980819E+02
 -0.5498373440380E+02
 -0.5435342227167E+02
 -0.5265885646682E+02
 -0.5391659090760E+02
 -0.5888730619932E+02
 -0.5790024340226E+02
 -0.5557099495778E+02
 -0.4994336527396E+02
 -0.4801146575834E+02
 -0.4508207291849E+02
 -0.4242101233390E+02
 -0.3978983069349E+02
 -0.3748159628345E+02
 -0.3641659351547E+02
 -0.3799904121411E+02
 -0.4138998814718E+02
 -0.4463464216947E+02
 -0.4723734010600E+02
 -0.4923971269809E+02
 -0.5028598938523E+02
 -0.5130816122798E+02
 -0.5230104086309E+02
 -0.5178353053082E+02
 -0.2801203968241E+02
 -0.2794692804987E+02
 -0.2780807512213E+02
 -0.2765008780727E+02
 -0.2708054508812E+02
 -0.2689952503868E+02
 -0.2681281463475E+02
 -0.2680965106058E+02
 -0.2686779319893E+02
 -0.2703529575550E+02
 -0.2732300366074E+02
 -0.2746618707834E+02
 -0.2730754969751E+02
 -0.2749558149294E+02
 -0.2763855953808E+02
 -0.2765525766797E+02
 -0.2770681170881E+02
 -0.2773556027199E+02
 -0.2776000843944E+02
 -0.2779965863248E+02
 -0.2786902543980E+02
 -0.2786181487981E+02
 -0.2777374769728E+02
 -0.2775391573095E+02
 -0.2778195183619E+02
 -0.2792646564473E+02
 -0.2831576433184E+02
 -0.2849909513437E+02
 -0.2850138185244E+02
 -0.2838655015184E+02
 -0.2818195757122E+02
 -0.2797357406453E+02
 -0.2787475633682E+02
 -0.2787389374866E+02
 -0.2795178128820E+02
 -0.2800774973231E+02
 -0.6022878071328E+02
 -0.6020753350786E+02
 -0.5941209366128E+02
 -0.8147161630099E+02
 -0.8087641026414E+02
 -0.8160893401345E+02
 -0.8343855930894E+02
 -0.7925972734633E+02
 -0.8212215625175E+02
 -0.7644025580548E+02
 -0.1001093236913E+03
 -0.1145401934378E+03
 -0.1537242788909E+02
 -0.1894457378017E+02
 -0.1955973641763E+02
 -0.1693211322821E+02
 -0.1149016992856E+02
 -0.1049686312703E+03
 -0.9669545853364E+02
 -0.8815082207047E+02
 -0.5962145341503E+02
 -0.5742247705529E+02
 -0.8131414077265E+02
 -0.8002420998850E+02
 -0.8073577124309E+02
 -0.8350886791199E+02
 -0.8888823007489E+02
 -0.9236949189874E+02
 -0.9372486317145E+02
 -0.9353100053328E+02
 -0.9214515568944E+02
 -0.9098183419436E+02
 -0.9016597927714E+02
 -0.9006503252264E+02
 -0.9042080095697E+02
 -0.5946189958026E+02
  0.0000000000000E+00
  0.1306699510200E+01
  0.8292137126580E+00
  0.5710226671687E+00
  0.5414476754989E+00
  0.0000000000000E+00
  0.4320126272517E+00
  0.4767301677142E+00
  0.8687406240440E+00
  0.1404405512345E+01
  0.2897225621450E+01
  0.3465262501029E+01
  0.0000000000000E+00
  0.0000000000000E+00
  0.0000000000000E+00
  0.0000000000000E+00
  0.0000000000000E+00
  0.0000000000000E+00
  0.0000000000000E+00
  0.0000000000000E+00
  0.0000000000000E+00
  0.0000000000000E+00
  0.0000000000000E+00
  0.0000000000000E+00
  0.0000000000000E+00
  0.0000000000000E+00
  0.0000000000000E+00
  0.0000000000000E+00
  0.0000000000000E+00
  0.0000000000000E+00
  0.0000000000000E+00
  0.2625575029741E+01
  0.3480238957298E+01
  0.3320177763464E+01
  0.2864451578975E+01
  0.2500203894554E+01
  0.4036288359136E+01
  0.0000000000000E+00
  0.0000000000000E+00
  0.0000000000000E+00
  0.2983170038806E+01
  0.1301098767756E+01
  0.1127435903112E+01
  0.1317678944885E+01
  0.2049666879346E+01
  0.0000000000000E+00
  0.6907716885643E+01
  0.7685174486224E+01
  0.8297092617352E+01
  0.7667082063259E+01
  0.4259178927245E+01
  0.0000000000000E+00
  0.0000000000000E+00
  0.0000000000000E+00
  0.0000000000000E+00
  0.0000000000000E+00
  0.0000000000000E+00
  0.0000000000000E+00
  0.0000000000000E+00
  0.0000000000000E+00
  0.0000000000000E+00
  0.0000000000000E+00
  0.0000000000000E+00
  0.0000000000000E+00
  0.0000000000000E+00
  0.0000000000000E+00
  0.0000000000000E+00
  0.0000000000000E+00
  0.7911135212225E+01
  0.7746831633518E+01
  0.5679531212304E+01
  0.4237468968439E+01
  0.5174260956006E+01
  0.4826195966856E+01
  0.5007625124041E+01
  0.8338829985249E+01
  0.1158702046308E+02
  0.8028764224410E+01
  0.6773803607183E+01
  0.4180487641679E+01
  0.3307334932334E+01
  0.4764669540277E+01
  0.0000000000000E+00
  0.1307251075088E+02
  0.2548887246434E+02
  0.2486337686726E+02
  0.1486587063889E+02
  0.0000000000000E+00
  0.0000000000000E+00
  0.0000000000000E+00
  0.0000000000000E+00
  0.0000000000000E+00
  0.0000000000000E+00
  0.0000000000000E+00
  0.0000000000000E+00
  0.0000000000000E+00
  0.0000000000000E+00
  0.0000000000000E+00
  0.0000000000000E+00
  0.0000000000000E+00
  0.0000000000000E+00
  0.0000000000000E+00
  0.0000000000000E+00
  0.0000000000000E+00
  0.1544537940579E+02
  0.1749169064064E+02
  0.9234066545025E+01
  0.4625770965264E+01
 -0.4305326655945E+01
 -0.3486643227787E+01
 -0.2340647782688E+01
 -0.9960383391068E+00
  0.4086430547589E+01
  0.4583512996810E+01
  0.2398506208297E+01
  0.4426070155637E+00
 -0.1072814645064E+00
  0.2056072022408E+01
  0.1277528081529E+02
  0.2056693063518E+02
  0.0000000000000E+00
  0.0000000000000E+00
  0.0000000000000E+00
  0.0000000000000E+00
  0.0000000000000E+00
  0.0000000000000E+00
  0.0000000000000E+00
  0.0000000000000E+00
  0.0000000000000E+00
  0.0000000000000E+00
  0.0000000000000E+00
  0.0000000000000E+00
  0.0000000000000E+00
  0.0000000000000E+00
  0.0000000000000E+00
  0.0000000000000E+00
  0.0000000000000E+00
  0.0000000000000E+00
  0.0000000000000E+00
  0.0000000000000E+00
  0.8296951407353E+01
  0.6245594914583E+01
 -0.9441197745807E+00
 -0.3639681125496E+01
 -0.1058228955871E+02
 -0.1019894453325E+02
 -0.8959160998167E+01
 -0.8291456962702E+01
 -0.6565013099330E+01
 -0.5161459790712E+01
 -0.4566507866752E+01
 -0.4264508746303E+01
 -0.3161157045582E+01
 -0.1283552122517E+01
  0.5019748691393E+01
  0.1679906938001E+02
  0.0000000000000E+00
  0.0000000000000E+00
  0.0000000000000E+00
  0.0000000000000E+00
  0.0000000000000E+00
  0.0000000000000E+00
  0.0000000000000E+00
  0.0000000000000E+00
  0.0000000000000E+00
  0.2109239530203E+02
  0.3078074648279E+02
  0.0000000000000E+00
  0.0000000000000E+00
  0.0000000000000E+00
  0.0000000000000E+00
  0.0000000000000E+00
  0.0000000000000E+00
  0.0000000000000E+00
  0.0000000000000E+00
  0.0000000000000E+00
  0.1582903063479E+01
 -0.2061728382408E+01
 -0.6268823446366E+01
 -0.8997230888397E+01
 -0.1582844790911E+02
 -0.1532624082386E+02
 -0.1432492859074E+02
 -0.1409714100856E+02
 -0.1381177122539E+02
 -0.1313918138853E+02
 -0.1223899672881E+02
 -0.1109959409879E+02
 -0.9384012822993E+01
 -0.7583776380057E+01
 -0.4156704450650E+01
  0.4716990849149E+01
  0.1151992218867E+02
  0.0000000000000E+00
  0.0000000000000E+00
  0.0000000000000E+00
  0.0000000000000E+00
  0.0000000000000E+00
  0.0000000000000E+00
  0.0000000000000E+00
  0.1742836183090E+02
  0.2838472678231E+02
  0.3135115726510E+02
  0.0000000000000E+00
  0.0000000000000E+00
  0.0000000000000E+00
  0.0000000000000E+00
  0.1934450004065E+02
  0.3005476101878E+02
  0.0000000000000E+00
  0.0000000000000E+00
  0.0000000000000E+00
 -0.2349533749951E+01
 -0.6502688361580E+01
 -0.1147069132148E+02
 -0.1449226685033E+02
 -0.1957695481765E+02
 -0.1796712080531E+02
 -0.1681814110555E+02
 -0.1690207336768E+02
 -0.1753342082293E+02
 -0.1778133795898E+02
 -0.1759679205307E+02
 -0.1688056976703E+02
 -0.1569353114582E+02
 -0.1475338586975E+02
 -0.1288593482587E+02
 -0.7597332166319E+01
  0.2142668739795E+01
  0.0000000000000E+00
  0.0000000000000E+00
  0.0000000000000E+00
  0.0000000000000E+00
  0.0000000000000E+00
  0.0000000000000E+00
  0.1347136830207E+02
  0.1435640045511E+02
  0.1383576898492E+02
  0.1814729029555E+02
  0.0000000000000E+00
  0.0000000000000E+00
  0.0000000000000E+00
  0.1283274943799E+02
  0.1997997545354E+02
  0.2092803482537E+02
  0.0000000000000E+00
  0.0000000000000E+00
  0.0000000000000E+00
 -0.3563314864554E+01
 -0.1154085362415E+02
 -0.1736812312412E+02
 -0.1999427689961E+02
 -0.1980523738823E+02
 -0.1782186569577E+02
 -0.1808407699327E+02
 -0.1898208102556E+02
 -0.1920407275251E+02
 -0.1876287562806E+02
 -0.1770530410412E+02
 -0.1601170143768E+02
 -0.1406319829998E+02
 -0.1474828913588E+02
 -0.1735518358894E+02
 -0.1526714052193E+02
 -0.6202585772553E+01
  0.8539112727097E+00
  0.7245089774083E+01
  0.0000000000000E+00
  0.0000000000000E+00
  0.1676698169029E+01
  0.5958998969771E+01
  0.7467984525469E+01
  0.6513505347994E-01
 -0.2239380364493E+01
  0.8423195070162E+00
  0.4149776272196E+01
  0.6772809562498E+01
  0.7568459394017E+01
  0.5470893588309E+01
  0.4228723386093E+01
  0.3239588531760E+01
  0.0000000000000E+00
  0.0000000000000E+00
  0.0000000000000E+00
 -0.8848075239069E+01
 -0.1798172195932E+02
 -0.2082797423807E+02
 -0.2204252645955E+02
 -0.2084725367860E+02
 -0.2143145146678E+02
 -0.2242722752805E+02
 -0.2308812982546E+02
 -0.2350533892907E+02
 -0.2370224403247E+02
 -0.2363921671200E+02
 -0.2351208243800E+02
 -0.2317863561324E+02
 -0.2213855610192E+02
 -0.2005134996986E+02
 -0.1505591286954E+02
 -0.1245310646541E+02
 -0.7752692810419E+01
 -0.8559897159344E+00
  0.0000000000000E+00
  0.0000000000000E+00
 -0.3078529724650E+01
 -0.3043992544744E+01
 -0.3022759709659E+01
 -0.1054455946946E+02
 -0.1103913093483E+02
 -0.8009384604838E+01
 -0.6919418468652E+01
 -0.5765164112195E+01
 -0.6181226356427E+01
 -0.7218181714018E+01
 -0.7498958161737E+01
 -0.5363310735771E+01
  0.0000000000000E+00
  0.0000000000000E+00
  0.0000000000000E+00
 -0.1077533206151E+02
 -0.1422215459650E+02
 -0.1757496178474E+02
 -0.2080798042584E+02
 -0.2129063567872E+02
 -0.2217659002502E+02
 -0.2297475592870E+02
 -0.2358460963181E+02
 -0.2400200648851E+02
 -0.2430893157038E+02
 -0.2444970458290E+02
 -0.2443029505818E+02
 -0.2424833485931E+02
 -0.2393272575926E+02
 -0.2336420787113E+02
 -0.2268473658704E+02
 -0.1684505858873E+02
 -0.1204893153902E+02
 -0.6800671327844E+01
  0.7995948303720E+00
  0.0000000000000E+00
 -0.1885878744585E+01
 -0.6521212649596E+01
  0.0000000000000E+00
 -0.1251831231122E+02
 -0.1331663149861E+02
 -0.1337208455308E+02
 -0.9245425012230E+01
 -0.7820029432035E+01
 -0.8104106399216E+01
 -0.8959101921390E+01
 -0.8967493339612E+01
 -0.6498112607449E+01
  0.0000000000000E+00
  0.0000000000000E+00
  0.0000000000000E+00
 -0.1231386636877E+02
 -0.1639202240911E+02
 -0.1948813267836E+02
 -0.2063457065712E+02
 -0.2193518905495E+02
 -0.2290941008813E+02
 -0.2362157786679E+02
 -0.2428143321719E+02
 -0.2493565500608E+02
 -0.2551087947229E+02
 -0.2592357285802E+02
 -0.2604812496623E+02
 -0.2575470556862E+02
 -0.2502327086225E+02
 -0.2392851300627E+02
 -0.2209953365064E+02
 -0.1792789223026E+02
  0.0000000000000E+00
 -0.1106891752759E+02
 -0.1759035914342E+01
  0.0000000000000E+00
  0.0000000000000E+00
 -0.9005351791717E+01
 -0.1108584343962E+02
 -0.1416426663714E+02
 -0.1474626820080E+02
 -0.1346645280671E+02
 -0.1035822617413E+02
 -0.6657416041138E+01
 -0.9700775207326E+01
 -0.8712928439347E+01
 -0.9104649957598E+01
 -0.5481872721597E+01
 -0.2285501334502E+01
  0.0000000000000E+00
  0.0000000000000E+00
 -0.1395844470466E+02
 -0.1727494681317E+02
 -0.1992536627859E+02
 -0.2103652189246E+02
 -0.2268018643897E+02
 -0.2353542302454E+02
 -0.2429873055638E+02
 -0.2516525889678E+02
 -0.2606927121547E+02
 -0.2681165878391E+02
 -0.2718908549071E+02
 -0.2709613250829E+02
 -0.2659864966109E+02
 -0.2577396172195E+02
 -0.2451581921607E+02
 -0.2263678701924E+02
 -0.1948502053163E+02
 -0.1775777103867E+02
 -0.1375287856941E+02
 -0.6452919787514E+01
  0.0000000000000E+00
  0.0000000000000E+00
 -0.1008924541194E+02
 -0.1249593203167E+02
 -0.1532275448025E+02
 -0.1650336531124E+02
 -0.1605249586639E+02
 -0.1329411649922E+02
  0.0000000000000E+00
 -0.9386741858035E+01
 -0.6986185331146E+01
 -0.1013480583336E+02
 -0.7602808831711E+01
 -0.4388046638568E+01
  0.0000000000000E+00
  0.0000000000000E+00
 -0.1505148324460E+02
 -0.1773153635887E+02
 -0.2024664852557E+02
 -0.2165907269386E+02
 -0.2309814346271E+02
 -0.2386818347858E+02
 -0.2459814436009E+02
 -0.2529137457906E+02
 -0.2586704942811E+02
 -0.2623053840523E+02
 -0.2630369726529E+02
 -0.2641968260604E+02
 -0.2639570261494E+02
 -0.2595780220222E+02
 -0.2506361552012E+02
 -0.2357116745854E+02
 -0.2134219004380E+02
 -0.1992064309328E+02
 -0.1590077839286E+02
 -0.9163292818439E+01
  0.0000000000000E+00
  0.0000000000000E+00
 -0.8547398793913E+01
 -0.1539770890504E+02
 -0.1689535870873E+02
 -0.1820918389717E+02
 -0.1835210461017E+02
 -0.1607171094207E+02
  0.0000000000000E+00
  0.0000000000000E+00
  0.0000000000000E+00
 -0.8808906046297E+01
 -0.9338995335203E+01
 -0.8106260819505E+01
  0.0000000000000E+00
  0.0000000000000E+00
 -0.1549556628298E+02
 -0.1831823276523E+02
 -0.2053336010350E+02
 -0.2201731367314E+02
 -0.2258270479393E+02
 -0.2306904073387E+02
 -0.2327931304143E+02
 -0.2299471100745E+02
 -0.2257537252251E+02
 -0.2211465870889E+02
 -0.2276058494899E+02
 -0.2445024176174E+02
 -0.2539925598436E+02
 -0.2568330989956E+02
 -0.2546346397293E+02
 -0.2467320889969E+02
 -0.2292754175656E+02
 -0.2156254539441E+02
 -0.1777417149901E+02
 -0.1191423276477E+02
  0.0000000000000E+00
  0.0000000000000E+00
  0.0000000000000E+00
 -0.1487723995675E+02
 -0.1814960123774E+02
 -0.1939332035583E+02
 -0.1955799439634E+02
 -0.2027456722637E+02
 -0.1774009399726E+02
  0.0000000000000E+00
  0.0000000000000E+00
  0.0000000000000E+00
 -0.1067200094475E+02
 -0.1107732497040E+02
  0.0000000000000E+00
  0.0000000000000E+00
 -0.1506337171220E+02
 -0.1873898321058E+02
 -0.2073843464940E+02
 -0.2166356910413E+02
 -0.1918686878841E+02
 -0.1908478669652E+02
 -0.1853827161634E+02
 -0.1746581420814E+02
 -0.1666700648249E+02
 -0.1796162731792E+02
 -0.2058017932574E+02
 -0.2265277963178E+02
 -0.2361161899742E+02
 -0.2403595824317E+02
 -0.2441938899006E+02
 -0.2428526681324E+02
 -0.2272705771341E+02
 -0.2245429592544E+02
 -0.1968883433621E+02
 -0.1580607931179E+02
  0.0000000000000E+00
  0.0000000000000E+00
  0.0000000000000E+00
 -0.1685331531002E+02
 -0.1877621852669E+02
 -0.1921941325517E+02
 -0.2088918661853E+02
 -0.2085671669625E+02
 -0.1914063660723E+02
 -0.1642485944879E+02
  0.0000000000000E+00
  0.0000000000000E+00
 -0.1259642282998E+02
 -0.1420919287556E+02
  0.0000000000000E+00
 -0.1381207946728E+02
 -0.1673065617704E+02
 -0.1780195439993E+02
 -0.1843158145806E+02
 -0.1881216013015E+02
 -0.1621443820403E+02
 -0.1657915030786E+02
 -0.1768471699056E+02
 -0.1996131459103E+02
 -0.2218705332401E+02
 -0.2326249969339E+02
 -0.2328810041839E+02
 -0.2263046825564E+02
 -0.2153526690376E+02
 -0.2026580908937E+02
 -0.1938157131524E+02
 -0.2052844258305E+02
 -0.2156742618315E+02
 -0.2253006680771E+02
 -0.2120981849717E+02
 -0.1868100455368E+02
  0.0000000000000E+00
  0.0000000000000E+00
  0.0000000000000E+00
 -0.1796077161520E+02
 -0.2092197643328E+02
 -0.2181479259144E+02
 -0.2191119036380E+02
 -0.2198609202018E+02
 -0.1858188767525E+02
 -0.1440905053090E+02
 -0.1615414384332E+02
  0.0000000000000E+00
 -0.1400961869995E+02
 -0.1721673498698E+02
 -0.1601814093774E+02
 -0.1669876520556E+02
 -0.1643772711309E+02
 -0.1568018100907E+02
 -0.1531086296849E+02
 -0.1589573366151E+02
 -0.2349868225928E+02
 -0.2471306659315E+02
 -0.2552540355006E+02
 -0.2595496531222E+02
 -0.2605266651052E+02
 -0.2587024237470E+02
 -0.2539956619164E+02
 -0.2422419321065E+02
 -0.2193333725685E+02
 -0.1999970357396E+02
 -0.1895530615183E+02
 -0.1899687444132E+02
 -0.2082665350013E+02
 -0.2008088840996E+02
 -0.2343832934512E+02
 -0.1918848883045E+02
  0.0000000000000E+00
  0.0000000000000E+00
  0.0000000000000E+00
 -0.1979204224535E+02
 -0.2254333391723E+02
 -0.2369239835917E+02
 -0.2249830473964E+02
 -0.2263911178205E+02
 -0.2038363201493E+02
 -0.2023931433391E+02
 -0.1997161197406E+02
  0.0000000000000E+00
  0.0000000000000E+00
 -0.1652373108241E+02
 -0.1916830581259E+02
 -0.1814782850698E+02
 -0.1858346875403E+02
 -0.1887452830351E+02
 -0.2069350548783E+02
 -0.2227760277599E+02
 -0.2618391397175E+02
 -0.2662425641868E+02
 -0.2679001361971E+02
 -0.2675438123027E+02
 -0.2660338733786E+02
 -0.2635117485916E+02
 -0.2604951544988E+02
 -0.2587483303804E+02
 -0.2586432913443E+02
 -0.2588273916962E+02
 -0.2561724587949E+02
 -0.2511013600650E+02
 -0.2423016971035E+02
 -0.1048155823273E+02
 -0.2671190186174E+02
 -0.2442015798152E+02
  0.0000000000000E+00
  0.0000000000000E+00
  0.0000000000000E+00
 -0.1746551192497E+02
 -0.2232293958367E+02
 -0.2121882233535E+02
 -0.1916835394781E+02
 -0.2059226720868E+02
 -0.2106840458758E+02
 -0.2088495986584E+02
 -0.1825781285287E+02
 -0.1349131647075E+02
  0.0000000000000E+00
 -0.1789128091777E+02
 -0.2109077331963E+02
 -0.2055347695752E+02
 -0.2175765075776E+02
 -0.2309914109173E+02
 -0.2452147398597E+02
 -0.2550577083565E+02
 -0.2606138015081E+02
 -0.2572888428232E+02
 -0.2526800699977E+02
 -0.2492068230882E+02
 -0.2455914831761E+02
 -0.2399382860494E+02
 -0.2330822318575E+02
 -0.2294919261126E+02
 -0.2321054016345E+02
 -0.2385770448732E+02
 -0.2445919152117E+02
 -0.2498296681725E+02
 -0.2574565507492E+02
 -0.2288926435519E+02
 -0.2392033244836E+02
 -0.2574299398841E+02
  0.0000000000000E+00
  0.0000000000000E+00
  0.0000000000000E+00
 -0.2367988210554E+02
 -0.2527245529472E+02
 -0.1793272093867E+02
 -0.2288601318203E+02
 -0.1442212499061E+02
 -0.1085080683616E+02
 -0.1409369919610E+02
 -0.1665294425580E+02
 -0.2152599162757E+02
  0.0000000000000E+00
 -0.1566549722421E+02
 -0.2065687732752E+02
 -0.2069438601287E+02
 -0.2201109370717E+02
 -0.2393446388670E+02
 -0.2536996463600E+02
 -0.2598868141150E+02
 -0.2050731037009E+02
 -0.2019170550499E+02
 -0.1990210374028E+02
 -0.1952084878697E+02
 -0.1897576382520E+02
 -0.1815101456129E+02
 -0.1716801668245E+02
 -0.1651256460458E+02
 -0.1641713494555E+02
 -0.1690108457936E+02
 -0.1779491317497E+02
 -0.1922065823407E+02
 -0.2232461584763E+02
 -0.2750033031313E+02
 -0.1944271249412E+02
 -0.1984350626609E+02
  0.0000000000000E+00
  0.0000000000000E+00
  0.0000000000000E+00
 -0.2612200159430E+02
 -0.2717662183220E+02
 -0.2680881916806E+02
 -0.2617448912424E+02
 -0.2491128275608E+02
 -0.2255560509815E+02
 -0.2357654572779E+02
 -0.2429169505751E+02
 -0.2344423341762E+02
 -0.1872741697411E+02
 -0.2152361685675E+02
 -0.1981064121953E+02
 -0.1844929186599E+02
 -0.1873182876156E+02
 -0.2059442365175E+02
 -0.2132945058726E+02
 -0.2093721128723E+02
 -0.2490289856886E+02
 -0.2475082700653E+02
 -0.2468343091934E+02
 -0.2460897253818E+02
 -0.2456724687851E+02
 -0.2443180155115E+02
 -0.2412769955384E+02
 -0.2382961397818E+02
 -0.2351655216143E+02
 -0.2308505787825E+02
 -0.2238742320001E+02
 -0.2172216559864E+02
 -0.2373285823868E+02
 -0.2645402927806E+02
 -0.2833523961887E+02
 -0.1997131211973E+02
  0.0000000000000E+00
  0.0000000000000E+00
  0.0000000000000E+00
 -0.2696420596311E+02
 -0.2546562682901E+02
 -0.2775463994743E+02
  0.0000000000000E+00
 -0.2519345550261E+02
 -0.2618247225808E+02
 -0.2653623156850E+02
 -0.2500652852302E+02
 -0.2294506011456E+02
 -0.2181591396099E+02
 -0.2453747685547E+02
 -0.2400553919783E+02
 -0.2243709159244E+02
 -0.2284862994241E+02
 -0.2425890521373E+02
 -0.2490698048091E+02
 -0.2503997440878E+02
 -0.2934663026724E+02
 -0.2933011956504E+02
 -0.2912619833742E+02
 -0.2881473996277E+02
 -0.2842663376887E+02
 -0.2813370849084E+02
 -0.2806770857796E+02
 -0.2831204069091E+02
 -0.2869897953044E+02
 -0.2908281024987E+02
 -0.2937830055394E+02
 -0.2929295280324E+02
 -0.2798538642541E+02
 -0.2159070835253E+02
 -0.2318677400055E+02
 -0.2762455746196E+02
 -0.1315862805107E+02
 -0.1503373023443E+02
 -0.2230047838266E+02
 -0.2974028386161E+02
 -0.2634846039179E+02
 -0.2663056108510E+02
  0.0000000000000E+00
 -0.2532662499150E+02
 -0.2402854973387E+02
 -0.2460817015364E+02
 -0.2479159772958E+02
 -0.2209604909734E+02
 -0.2149378795760E+02
 -0.2442566363074E+02
 -0.2516931363411E+02
 -0.2544808678435E+02
 -0.2574628070377E+02
 -0.2744808281861E+02
 -0.2851659241726E+02
 -0.2911972883044E+02
 -0.2871804318376E+02
 -0.2991644122515E+02
 -0.3126674705991E+02
 -0.3229712107757E+02
 -0.3262060453538E+02
 -0.3246664643793E+02
 -0.3204202880257E+02
 -0.3188376718351E+02
 -0.3208681187845E+02
 -0.3242946218604E+02
 -0.3272700860037E+02
 -0.3266590047905E+02
 -0.3133324712918E+02
 -0.2728279319153E+02
 -0.1928513000707E+02
 -0.1295708959628E+02
 -0.2137151309611E+02
 -0.2547036600463E+02
 -0.2822644813321E+02
 -0.3078290269255E+02
 -0.3045314694889E+02
  0.0000000000000E+00
 -0.2712288085036E+02
 -0.2592612051599E+02
 -0.2421334095731E+02
 -0.2484349497400E+02
 -0.2471329694459E+02
 -0.2356294602106E+02
 -0.2120631373960E+02
 -0.2016963626981E+02
 -0.2054443708486E+02
 -0.2229727135445E+02
 -0.2365617772983E+02
 -0.2490528228058E+02
 -0.2631799322968E+02
 -0.2766193548108E+02
 -0.2753561609535E+02
 -0.2818334015913E+02
 -0.2927170275701E+02
 -0.3091370097579E+02
 -0.3281825149951E+02
 -0.3437439066754E+02
 -0.3515665135083E+02
 -0.3507164999025E+02
 -0.3478956519636E+02
 -0.3478930397326E+02
 -0.3491354091441E+02
 -0.3480704702709E+02
 -0.3416524567905E+02
 -0.3256994440951E+02
 -0.3009709809844E+02
 -0.2959611408181E+02
 -0.3193709743280E+02
 -0.3136523618146E+02
 -0.3126965423366E+02
 -0.3164369046670E+02
 -0.3078514662991E+02
  0.0000000000000E+00
 -0.2538972643695E+02
 -0.2773235754506E+02
 -0.2662628198233E+02
 -0.2710292871195E+02
 -0.2672970632068E+02
 -0.2590328290742E+02
 -0.2426116931488E+02
 -0.2386800746305E+02
 -0.2364533209500E+02
 -0.2393571563213E+02
 -0.2483303719969E+02
 -0.2601772926377E+02
 -0.2632268026271E+02
 -0.2702066220579E+02
 -0.3118843543970E+02
 -0.3150255802314E+02
 -0.3177282172699E+02
 -0.3216465928663E+02
 -0.3313286248308E+02
 -0.3456019057794E+02
 -0.3600981807305E+02
 -0.3689181929120E+02
 -0.3708711677484E+02
 -0.3687707031869E+02
 -0.3674755174671E+02
 -0.3668759532316E+02
 -0.3655053317273E+02
 -0.3644456327776E+02
 -0.3636471594685E+02
 -0.3576985497008E+02
 -0.3506211633966E+02
 -0.3415720636639E+02
 -0.3499530965969E+02
 -0.3603444564151E+02
 -0.3468933322835E+02
 -0.2385759394734E+02
 -0.3355635083892E+02
 -0.3120836134443E+02
 -0.3041785780482E+02
 -0.2979602504857E+02
 -0.2929504726072E+02
 -0.2892166749888E+02
 -0.2877472878810E+02
 -0.2888880663918E+02
 -0.2905746348934E+02
 -0.2946294102019E+02
 -0.3001420831470E+02
 -0.3034743586498E+02
 -0.3050125144773E+02
 -0.3086856851179E+02
 -0.3422576710112E+02
 -0.3444278875076E+02
 -0.3473403836966E+02
 -0.3516092463590E+02
 -0.3575113339751E+02
 -0.3644304342836E+02
 -0.3714975563511E+02
 -0.3790593739615E+02
 -0.3853057276590E+02
 -0.3867642053750E+02
 -0.3853447188399E+02
 -0.3845141131550E+02
 -0.3847638577881E+02
 -0.3839361260995E+02
 -0.3798608531912E+02
 -0.3750519302546E+02
 -0.3694483794948E+02
 -0.3701688813144E+02
 -0.3800838699999E+02
 -0.3867589351656E+02
 -0.3916331105183E+02
 -0.3385672890997E+02
 -0.3413768794531E+02
 -0.3286980195723E+02
 -0.3209787691259E+02
 -0.3160155562733E+02
 -0.3148639644503E+02
 -0.3142993487470E+02
 -0.3155256580120E+02
 -0.3175951502847E+02
 -0.3206510501586E+02
 -0.3252603531891E+02
 -0.3304226023274E+02
 -0.3339668661557E+02
 -0.3372895302913E+02
 -0.3401641027903E+02
 -0.3629814981309E+02
 -0.3645990579934E+02
 -0.3668888378078E+02
 -0.3706982427069E+02
 -0.3750352458216E+02
 -0.3795959277024E+02
 -0.3845207113028E+02
 -0.3900251121733E+02
 -0.3949411908457E+02
 -0.3972334710149E+02
 -0.3969123515005E+02
 -0.3957483052063E+02
 -0.3957027979974E+02
 -0.3931845902034E+02
 -0.3856024226724E+02
 -0.3779361230012E+02
 -0.3762965374426E+02
 -0.3881782197226E+02
 -0.3999183325229E+02
 -0.4098981566348E+02
 -0.4116596712410E+02
 -0.2108759873066E+02
 -0.2795247807160E+02
 -0.3100675637792E+02
 -0.3202513481988E+02
 -0.3232442061743E+02
 -0.3264603880877E+02
 -0.3290646022365E+02
 -0.3328661551705E+02
 -0.3364621984766E+02
 -0.3401672563509E+02
 -0.3448906902621E+02
 -0.3499931979777E+02
 -0.3542148660955E+02
 -0.3582018794872E+02
 -0.3610469945156E+02
 -0.3577755736839E+02
 -0.3603491211562E+02
 -0.3637119794228E+02
 -0.3688337646465E+02
 -0.3735035126918E+02
 -0.3774376779927E+02
 -0.3807058563583E+02
 -0.3829115730499E+02
 -0.3831820127620E+02
 -0.3795789489211E+02
 -0.3671562735129E+02
 -0.3428519470059E+02
 -0.3136219565325E+02
 -0.3134024360224E+02
 -0.3381000391357E+02
 -0.3520575421880E+02
 -0.3744003783797E+02
 -0.4011968457874E+02
 -0.4361131963190E+02
 -0.4553507439853E+02
 -0.4544900103798E+02
 -0.5245851901957E+02
 -0.4677499819574E+02
 -0.3787633107273E+02
 -0.3310118165925E+02
 -0.3223324370383E+02
 -0.3170234697083E+02
 -0.3114704888590E+02
 -0.3121895018228E+02
 -0.3199473958970E+02
 -0.3289459085145E+02
 -0.3375287299957E+02
 -0.3445092611531E+02
 -0.3503497240427E+02
 -0.3544257657983E+02
 -0.3562201366010E+02
 -0.3539987852742E+02
 -0.3481390865475E+02
 -0.3434803307171E+02
 -0.3483730742628E+02
 -0.3520011192056E+02
 -0.3532979186316E+02
 -0.3531576896093E+02
 -0.3502218437204E+02
 -0.3431364600220E+02
 -0.3451039360665E+02
 -0.3632595527413E+02
 -0.3863505055987E+02
 -0.4001822947509E+02
 -0.4064239097939E+02
 -0.4278468513508E+02
 -0.4508712036267E+02
 -0.4579007334534E+02
 -0.4621587240292E+02
  0.0000000000000E+00
  0.0000000000000E+00
  0.0000000000000E+00
 -0.4817419410956E+02
 -0.6161898137795E+02
 -0.5405639324983E+02
 -0.4501748720709E+02
 -0.3998416155460E+02
 -0.3797077730004E+02
 -0.3680079905953E+02
 -0.3626847004419E+02
 -0.3563889800395E+02
 -0.3508879707213E+02
 -0.3488068168714E+02
 -0.3517004698953E+02
 -0.3571967949023E+02
 -0.3609685348466E+02
 -0.3597428358886E+02
 -0.3977264654181E+02
 -0.4050853873181E+02
 -0.4092741335902E+02
 -0.4092113307899E+02
 -0.4096862961102E+02
 -0.4123728499036E+02
 -0.4161744491112E+02
 -0.4190937082989E+02
 -0.4215990094978E+02
 -0.4198227604779E+02
 -0.4114277598014E+02
 -0.3967434245329E+02
 -0.3764931056092E+02
 -0.3579021585530E+02
 -0.3753879483192E+02
 -0.4276441818547E+02
 -0.4799319030412E+02
 -0.4853497923887E+02
  0.0000000000000E+00
  0.0000000000000E+00
  0.0000000000000E+00
 -0.4428075711812E+02
 -0.6026687285305E+02
 -0.5906134366077E+02
 -0.5430002350460E+02
 -0.4926485614434E+02
 -0.4453448359916E+02
 -0.4035270226346E+02
 -0.3715361183772E+02
 -0.3620410848130E+02
 -0.3587761049412E+02
 -0.3706213959710E+02
 -0.3693340546925E+02
 -0.3718574443979E+02
 -0.3786076453612E+02
 -0.3878965132818E+02
 -0.3476721642533E+02
 -0.3465395829308E+02
 -0.3435384747934E+02
 -0.3653856416083E+02
 -0.3733395101605E+02
 -0.3777593521989E+02
 -0.3814743642689E+02
 -0.3852839044096E+02
 -0.3880002808122E+02
 -0.3874824868369E+02
 -0.3822543212612E+02
 -0.3715490366977E+02
 -0.3528515550167E+02
 -0.3283998076770E+02
 -0.3282996596003E+02
 -0.3987966296195E+02
 -0.4734081833208E+02
 -0.5718388464763E+02
  0.0000000000000E+00
  0.0000000000000E+00
  0.0000000000000E+00
 -0.3993889637670E+02
 -0.4999174941516E+02
 -0.4981032924264E+02
 -0.5037300422430E+02
 -0.5022710270701E+02
 -0.4855918055503E+02
 -0.4699297402922E+02
 -0.4509921906836E+02
 -0.4291409345859E+02
 -0.4083414460242E+02
 -0.3907457337674E+02
 -0.3765250930729E+02
 -0.3645710825363E+02
 -0.3549345137797E+02
 -0.3496675670737E+02
 -0.3993314641371E+02
 -0.3954215024007E+02
 -0.3905403864340E+02
 -0.3838271878106E+02
 -0.3776016426091E+02
 -0.3733506169237E+02
 -0.3720712756067E+02
 -0.3745230870785E+02
 -0.3799359980443E+02
 -0.3832039161429E+02
 -0.3843417501865E+02
 -0.3803206644097E+02
 -0.3715288790051E+02
 -0.3564016964677E+02
 -0.3399133215875E+02
 -0.3783887943137E+02
 -0.4504796181355E+02
 -0.6433979773647E+02
 -0.5618921846092E+02
 -0.4842958297960E+02
 -0.3860058659862E+02
 -0.3500409221545E+02
 -0.3183075853426E+02
 -0.3271532355642E+02
 -0.3601385852412E+02
 -0.3782036057639E+02
 -0.4122860704762E+02
 -0.4358256063807E+02
 -0.4376487163231E+02
 -0.4427013811890E+02
 -0.4411871072630E+02
 -0.4350800998287E+02
 -0.4279939130513E+02
 -0.4212533547463E+02
 -0.4031509226251E+02
 -0.4001388596309E+02
 -0.4392834989204E+02
 -0.4243248863043E+02
 -0.4267153327279E+02
 -0.4286703718774E+02
 -0.4284827001696E+02
 -0.4275812922595E+02
 -0.4288480469270E+02
 -0.4319328308269E+02
 -0.4379161817305E+02
 -0.4237817770293E+02
 -0.4281823107203E+02
 -0.4326897644156E+02
 -0.4347970294547E+02
 -0.4336928488109E+02
 -0.4226916582917E+02
 -0.4147831847905E+02
 -0.4441008745549E+02
 -0.4965593147920E+02
 -0.4880927944952E+02
 -0.4475329492662E+02
 -0.3886463608415E+02
 -0.3296407747936E+02
 -0.2954584582449E+02
 -0.2890099039467E+02
 -0.2835207070769E+02
 -0.2887011690731E+02
 -0.3150720249156E+02
 -0.3428159033478E+02
 -0.3701831122205E+02
 -0.3888504408662E+02
 -0.4006955750634E+02
 -0.4052069243465E+02
 -0.4067482899917E+02
 -0.4214064171210E+02
 -0.4299847432201E+02
 -0.4344256313643E+02
 -0.4001392804182E+02
 -0.4117109508436E+02
 -0.4183006930041E+02
 -0.4224347912484E+02
 -0.4224206039949E+02
 -0.4221531464229E+02
 -0.4250934073908E+02
 -0.4254938954100E+02
 -0.4190956866286E+02
 -0.4173875743613E+02
 -0.4265262935665E+02
 -0.4343134809576E+02
 -0.4394005958078E+02
 -0.4406056443922E+02
 -0.4360484989723E+02
 -0.4187227881073E+02
 -0.4258673032726E+02
 -0.4652331360849E+02
 -0.4615628621873E+02
 -0.4449973483851E+02
 -0.3921363321522E+02
 -0.3744639296368E+02
 -0.3480037403807E+02
 -0.3259382891979E+02
 -0.3048266438898E+02
 -0.2873325311806E+02
 -0.2791589775524E+02
 -0.2888992078490E+02
 -0.3104678701973E+02
 -0.3312682397973E+02
 -0.3500432120874E+02
 -0.3664580291461E+02
 -0.3757074474016E+02
 -0.3859498471685E+02
 -0.3965971889307E+02
 -0.3925824349772E+02
 -0.3113221515938E+02
 -0.3113414111559E+02
 -0.3104192448959E+02
 -0.3092218975773E+02
 -0.3031065048375E+02
 -0.3015417652079E+02
 -0.3009433981197E+02
 -0.3011482597560E+02
 -0.3018512347456E+02
 -0.3035974082324E+02
 -0.3065025024865E+02
 -0.3075051582070E+02
 -0.3048005491216E+02
 -0.3061309072930E+02
 -0.3068550134301E+02
 -0.3061591809583E+02
 -0.3062500492371E+02
 -0.3069565939955E+02
 -0.3088488601354E+02
 -0.3115708671657E+02
 -0.3143152539357E+02
 -0.3151758858790E+02
 -0.3140752224046E+02
 -0.3130052053023E+02
 -0.3119594539241E+02
 -0.3119239890842E+02
 -0.3145805314418E+02
 -0.3148821311469E+02
 -0.3134621667968E+02
 -0.3112867169347E+02
 -0.3087176384323E+02
 -0.3066297848791E+02
 -0.3061518073788E+02
 -0.3069760207135E+02
 -0.3088001421523E+02
 -0.3103951973699E+02
 -0.5990891869787E+01
 -0.5876088348099E+01
 -0.5989867560924E+01
 -0.0000000000000E+00
 -0.0000000000000E+00
 -0.0000000000000E+00
 -0.0000000000000E+00
 -0.1470713774916E+01
 -0.2460786797819E+01
 -0.5600589976399E+01
 -0.4055303267000E+00
 -0.0000000000000E+00
 -0.4105238420793E+02
 -0.4077839962792E+02
 -0.4071593661780E+02
 -0.4086296860217E+02
 -0.4127205816338E+02
 -0.0000000000000E+00
 -0.0000000000000E+00
 -0.0000000000000E+00
 -0.5346020199398E+01
 -0.4576309281907E+01
 -0.5391039403178E-01
 -0.4440581650641E-01
 -0.3529554451620E-01
 -0.2641138225431E-01
 -0.1962137204146E-01
 -0.1677324904141E-01
 -0.0000000000000E+00
 -0.0000000000000E+00
 -0.0000000000000E+00
 -0.3587511408981E-01
 -0.3957455869221E-01
 -0.4137900242951E-01
 -0.4227495803143E-01
 -0.5971221057302E+01
  0.0000000000000E+00
  0.1464332591659E+03
  0.1274819786802E+03
  0.1146248647755E+03
  0.1203416289948E+03
  0.0000000000000E+00
  0.9987814515160E+02
  0.1119836454270E+03
  0.1478007920300E+03
  0.1444048559175E+03
  0.2170391965990E+03
  0.2170391965990E+03
  0.0000000000000E+00
  0.0000000000000E+00
  0.0000000000000E+00
  0.0000000000000E+00
  0.0000000000000E+00
  0.0000000000000E+00
  0.0000000000000E+00
  0.0000000000000E+00
  0.0000000000000E+00
  0.0000000000000E+00
  0.0000000000000E+00
  0.0000000000000E+00
  0.0000000000000E+00
  0.0000000000000E+00
  0.0000000000000E+00
  0.0000000000000E+00
  0.0000000000000E+00
  0.0000000000000E+00
  0.0000000000000E+00
  0.2170391965990E+03
  0.2170391965990E+03
  0.2170391965990E+03
  0.2170391965990E+03
  0.2170391965990E+03
  0.2109615065598E+03
  0.0000000000000E+00
  0.0000000000000E+00
  0.0000000000000E+00
  0.2109615065598E+03
  0.2109615065598E+03
  0.2109615065598E+03
  0.2109615065598E+03
  0.2109615065598E+03
  0.0000000000000E+00
  0.2109615065598E+03
  0.2109615065598E+03
  0.2109615065598E+03
  0.2109615065598E+03
  0.2109615065598E+03
  0.0000000000000E+00
  0.0000000000000E+00
  0.0000000000000E+00
  0.0000000000000E+00
  0.0000000000000E+00
  0.0000000000000E+00
  0.0000000000000E+00
  0.0000000000000E+00
  0.0000000000000E+00
  0.0000000000000E+00
  0.0000000000000E+00
  0.0000000000000E+00
  0.0000000000000E+00
  0.0000000000000E+00
  0.0000000000000E+00
  0.0000000000000E+00
  0.0000000000000E+00
  0.2109615065598E+03
  0.2109615065598E+03
  0.2109615065598E+03
  0.2109615065598E+03
  0.2131572896140E+03
  0.2131572896140E+03
  0.2131572896140E+03
  0.2131572896140E+03
  0.2131572896140E+03
  0.2131572896140E+03
  0.2131572896140E+03
  0.2131572896140E+03
  0.2131572896140E+03
  0.2131572896140E+03
  0.0000000000000E+00
  0.2131572896140E+03
  0.2131572896140E+03
  0.2131572896140E+03
  0.2131572896140E+03
  0.0000000000000E+00
  0.0000000000000E+00
  0.0000000000000E+00
  0.0000000000000E+00
  0.0000000000000E+00
  0.0000000000000E+00
  0.0000000000000E+00
  0.0000000000000E+00
  0.0000000000000E+00
  0.0000000000000E+00
  0.0000000000000E+00
  0.0000000000000E+00
  0.0000000000000E+00
  0.0000000000000E+00
  0.0000000000000E+00
  0.0000000000000E+00
  0.0000000000000E+00
  0.2131572896140E+03
  0.2131572896140E+03
  0.2131572896140E+03
  0.2131572896140E+03
  0.2206824528005E+03
  0.2206824528005E+03
  0.2206824528005E+03
  0.2206824528005E+03
  0.2206824528005E+03
  0.2206824528005E+03
  0.2206824528005E+03
  0.2206824528005E+03
  0.2206824528005E+03
  0.2206824528005E+03
  0.2206824528005E+03
  0.2206824528005E+03
  0.0000000000000E+00
  0.0000000000000E+00
  0.0000000000000E+00
  0.0000000000000E+00
  0.0000000000000E+00
  0.0000000000000E+00
  0.0000000000000E+00
  0.0000000000000E+00
  0.0000000000000E+00
  0.0000000000000E+00
  0.0000000000000E+00
  0.0000000000000E+00
  0.0000000000000E+00
  0.0000000000000E+00
  0.0000000000000E+00
  0.0000000000000E+00
  0.0000000000000E+00
  0.0000000000000E+00
  0.0000000000000E+00
  0.0000000000000E+00
  0.2206824528005E+03
  0.2206824528005E+03
  0.2206824528005E+03
  0.2206824528005E+03
  0.2287092677260E+03
  0.2287092677260E+03
  0.2287092677260E+03
  0.2287092677260E+03
  0.2287092677260E+03
  0.2287092677260E+03
  0.2287092677260E+03
  0.2287092677260E+03
  0.2287092677260E+03
  0.2287092677260E+03
  0.2287092677260E+03
  0.2287092677260E+03
  0.0000000000000E+00
  0.0000000000000E+00
  0.0000000000000E+00
  0.0000000000000E+00
  0.0000000000000E+00
  0.0000000000000E+00
  0.0000000000000E+00
  0.0000000000000E+00
  0.0000000000000E+00
  0.2287092677260E+03
  0.2287092677260E+03
  0.0000000000000E+00
  0.0000000000000E+00
  0.0000000000000E+00
  0.0000000000000E+00
  0.0000000000000E+00
  0.0000000000000E+00
  0.0000000000000E+00
  0.0000000000000E+00
  0.0000000000000E+00
  0.2287092677260E+03
  0.2287092677260E+03
  0.2287092677260E+03
  0.2287092677260E+03
  0.2389200812589E+03
  0.2389200812589E+03
  0.2389200812589E+03
  0.2389200812589E+03
  0.2389200812589E+03
  0.2389200812589E+03
  0.2389200812589E+03
  0.2389200812589E+03
  0.2389200812589E+03
  0.2389200812589E+03
  0.2389200812589E+03
  0.2389200812589E+03
  0.2389200812589E+03
  0.0000000000000E+00
  0.0000000000000E+00
  0.0000000000000E+00
  0.0000000000000E+00
  0.0000000000000E+00
  0.0000000000000E+00
  0.0000000000000E+00
  0.2389200812589E+03
  0.2389200812589E+03
  0.2389200812589E+03
  0.0000000000000E+00
  0.0000000000000E+00
  0.0000000000000E+00
  0.0000000000000E+00
  0.2389200812589E+03
  0.2389200812589E+03
  0.0000000000000E+00
  0.0000000000000E+00
  0.0000000000000E+00
  0.2389200812589E+03
  0.2389200812589E+03
  0.2389200812589E+03
  0.2389200812589E+03
  0.2489552920568E+03
  0.2489552920568E+03
  0.2489552920568E+03
  0.2489552920568E+03
  0.2489552920568E+03
  0.2489552920568E+03
  0.2489552920568E+03
  0.2489552920568E+03
  0.2489552920568E+03
  0.2489552920568E+03
  0.2489552920568E+03
  0.2489552920568E+03
  0.2489552920568E+03
  0.0000000000000E+00
  0.0000000000000E+00
  0.0000000000000E+00
  0.0000000000000E+00
  0.0000000000000E+00
  0.0000000000000E+00
  0.2489552920568E+03
  0.2489552920568E+03
  0.2489552920568E+03
  0.2489552920568E+03
  0.0000000000000E+00
  0.0000000000000E+00
  0.0000000000000E+00
  0.2489552920568E+03
  0.2489552920568E+03
  0.2489552920568E+03
  0.0000000000000E+00
  0.0000000000000E+00
  0.0000000000000E+00
  0.2489552920568E+03
  0.2489552920568E+03
  0.2489552920568E+03
  0.2489552920568E+03
  0.2576752813946E+03
  0.2576752813946E+03
  0.2576752813946E+03
  0.2576752813946E+03
  0.2576752813946E+03
  0.2576752813946E+03
  0.2576752813946E+03
  0.2576752813946E+03
  0.2576752813946E+03
  0.2576752813946E+03
  0.2576752813946E+03
  0.2576752813946E+03
  0.2576752813946E+03
  0.2576752813946E+03
  0.2576752813946E+03
  0.0000000000000E+00
  0.0000000000000E+00
  0.2576752813946E+03
  0.2576752813946E+03
  0.2576752813946E+03
  0.2576752813946E+03
  0.2576752813946E+03
  0.2576752813946E+03
  0.2576752813946E+03
  0.2576752813946E+03
  0.2576752813946E+03
  0.2576752813946E+03
  0.2576752813946E+03
  0.2576752813946E+03
  0.0000000000000E+00
  0.0000000000000E+00
  0.0000000000000E+00
  0.2576752813946E+03
  0.2576752813946E+03
  0.2576752813946E+03
  0.2576752813946E+03
  0.2646828351077E+03
  0.2646828351077E+03
  0.2646828351077E+03
  0.2646828351077E+03
  0.2646828351077E+03
  0.2646828351077E+03
  0.2646828351077E+03
  0.2646828351077E+03
  0.2646828351077E+03
  0.2646828351077E+03
  0.2646828351077E+03
  0.2646828351077E+03
  0.2646828351077E+03
  0.2646828351077E+03
  0.2646828351077E+03
  0.0000000000000E+00
  0.0000000000000E+00
  0.2646828351077E+03
  0.2646828351077E+03
  0.2646828351077E+03
  0.2646828351077E+03
  0.2646828351077E+03
  0.2646828351077E+03
  0.2646828351077E+03
  0.2646828351077E+03
  0.2646828351077E+03
  0.2646828351077E+03
  0.2646828351077E+03
  0.2646828351077E+03
  0.0000000000000E+00
  0.0000000000000E+00
  0.0000000000000E+00
  0.2646828351077E+03
  0.2646828351077E+03
  0.2646828351077E+03
  0.2646828351077E+03
  0.2670090652191E+03
  0.2670090652191E+03
  0.2670090652191E+03
  0.2670090652191E+03
  0.2670090652191E+03
  0.2670090652191E+03
  0.2670090652191E+03
  0.2670090652191E+03
  0.2670090652191E+03
  0.2670090652191E+03
  0.2670090652191E+03
  0.2670090652191E+03
  0.2670090652191E+03
  0.2670090652191E+03
  0.2670090652191E+03
  0.2670090652191E+03
  0.0000000000000E+00
  0.2670090652191E+03
  0.2670090652191E+03
  0.0000000000000E+00
  0.2670090652191E+03
  0.2670090652191E+03
  0.2670090652191E+03
  0.2670090652191E+03
  0.2670090652191E+03
  0.2670090652191E+03
  0.2670090652191E+03
  0.2670090652191E+03
  0.2670090652191E+03
  0.0000000000000E+00
  0.0000000000000E+00
  0.0000000000000E+00
  0.2670090652191E+03
  0.2670090652191E+03
  0.2670090652191E+03
  0.2670090652191E+03
  0.2681004848273E+03
  0.2681004848273E+03
  0.2681004848273E+03
  0.2681004848273E+03
  0.2681004848273E+03
  0.2681004848273E+03
  0.2681004848273E+03
  0.2681004848273E+03
  0.2681004848273E+03
  0.2681004848273E+03
  0.2681004848273E+03
  0.2681004848273E+03
  0.2681004848273E+03
  0.0000000000000E+00
  0.2681004848273E+03
  0.2681004848273E+03
  0.0000000000000E+00
  0.0000000000000E+00
  0.2681004848273E+03
  0.2681004848273E+03
  0.2681004848273E+03
  0.2681004848273E+03
  0.2681004848273E+03
  0.2681004848273E+03
  0.2681004848273E+03
  0.2681004848273E+03
  0.2681004848273E+03
  0.2681004848273E+03
  0.2681004848273E+03
  0.2681004848273E+03
  0.0000000000000E+00
  0.0000000000000E+00
  0.2681004848273E+03
  0.2681004848273E+03
  0.2681004848273E+03
  0.2681004848273E+03
  0.2653105705118E+03
  0.2653105705118E+03
  0.2653105705118E+03
  0.2653105705118E+03
  0.2653105705118E+03
  0.2653105705118E+03
  0.2653105705118E+03
  0.2653105705118E+03
  0.2653105705118E+03
  0.2653105705118E+03
  0.2653105705118E+03
  0.2653105705118E+03
  0.2653105705118E+03
  0.2653105705118E+03
  0.2653105705118E+03
  0.2653105705118E+03
  0.0000000000000E+00
  0.0000000000000E+00
  0.2653105705118E+03
  0.2653105705118E+03
  0.2653105705118E+03
  0.2653105705118E+03
  0.2653105705118E+03
  0.2653105705118E+03
  0.0000000000000E+00
  0.2653105705118E+03
  0.2653105705118E+03
  0.2653105705118E+03
  0.2653105705118E+03
  0.2653105705118E+03
  0.0000000000000E+00
  0.0000000000000E+00
  0.2653105705118E+03
  0.2653105705118E+03
  0.2653105705118E+03
  0.2653105705118E+03
  0.2586607012871E+03
  0.2586607012871E+03
  0.2586607012871E+03
  0.2586607012871E+03
  0.2586607012871E+03
  0.2586607012871E+03
  0.2586607012871E+03
  0.2586607012871E+03
  0.2586607012871E+03
  0.2586607012871E+03
  0.2586607012871E+03
  0.2586607012871E+03
  0.2586607012871E+03
  0.2586607012871E+03
  0.2586607012871E+03
  0.2586607012871E+03
  0.0000000000000E+00
  0.0000000000000E+00
  0.2586607012871E+03
  0.2586607012871E+03
  0.2586607012871E+03
  0.2586607012871E+03
  0.2586607012871E+03
  0.2586607012871E+03
  0.0000000000000E+00
  0.0000000000000E+00
  0.0000000000000E+00
  0.2586607012871E+03
  0.2586607012871E+03
  0.2586607012871E+03
  0.0000000000000E+00
  0.0000000000000E+00
  0.2586607012871E+03
  0.2586607012871E+03
  0.2586607012871E+03
  0.2586607012871E+03
  0.2487920462633E+03
  0.2487920462633E+03
  0.2487920462633E+03
  0.2487920462633E+03
  0.2487920462633E+03
  0.2487920462633E+03
  0.2487920462633E+03
  0.2487920462633E+03
  0.2487920462633E+03
  0.2487920462633E+03
  0.2487920462633E+03
  0.2487920462633E+03
  0.2487920462633E+03
  0.2487920462633E+03
  0.2487920462633E+03
  0.2487920462633E+03
  0.0000000000000E+00
  0.0000000000000E+00
  0.0000000000000E+00
  0.2487920462633E+03
  0.2487920462633E+03
  0.2487920462633E+03
  0.2487920462633E+03
  0.2487920462633E+03
  0.2487920462633E+03
  0.0000000000000E+00
  0.0000000000000E+00
  0.0000000000000E+00
  0.2487920462633E+03
  0.2487920462633E+03
  0.0000000000000E+00
  0.0000000000000E+00
  0.2487920462633E+03
  0.2487920462633E+03
  0.2487920462633E+03
  0.2487920462633E+03
  0.2395023963687E+03
  0.2395023963687E+03
  0.2395023963687E+03
  0.2395023963687E+03
  0.2395023963687E+03
  0.2395023963687E+03
  0.2395023963687E+03
  0.2395023963687E+03
  0.2395023963687E+03
  0.2395023963687E+03
  0.2395023963687E+03
  0.2395023963687E+03
  0.2395023963687E+03
  0.2395023963687E+03
  0.2395023963687E+03
  0.2395023963687E+03
  0.0000000000000E+00
  0.0000000000000E+00
  0.0000000000000E+00
  0.2395023963687E+03
  0.2395023963687E+03
  0.2395023963687E+03
  0.2395023963687E+03
  0.2395023963687E+03
  0.2395023963687E+03
  0.2395023963687E+03
  0.0000000000000E+00
  0.0000000000000E+00
  0.2395023963687E+03
  0.2395023963687E+03
  0.0000000000000E+00
  0.2395023963687E+03
  0.2395023963687E+03
  0.2395023963687E+03
  0.2395023963687E+03
  0.2395023963687E+03
  0.2335137264834E+03
  0.2335137264834E+03
  0.2335137264834E+03
  0.2335137264834E+03
  0.2335137264834E+03
  0.2335137264834E+03
  0.2335137264834E+03
  0.2335137264834E+03
  0.2335137264834E+03
  0.2335137264834E+03
  0.2335137264834E+03
  0.2335137264834E+03
  0.2335137264834E+03
  0.2335137264834E+03
  0.2335137264834E+03
  0.2335137264834E+03
  0.0000000000000E+00
  0.0000000000000E+00
  0.0000000000000E+00
  0.2335137264834E+03
  0.2335137264834E+03
  0.2335137264834E+03
  0.2335137264834E+03
  0.2335137264834E+03
  0.2335137264834E+03
  0.2335137264834E+03
  0.2335137264834E+03
  0.0000000000000E+00
  0.2335137264834E+03
  0.2335137264834E+03
  0.2335137264834E+03
  0.2335137264834E+03
  0.2335137264834E+03
  0.2335137264834E+03
  0.2335137264834E+03
  0.2335137264834E+03
  0.2318419429669E+03
  0.2318419429669E+03
  0.2318419429669E+03
  0.2318419429669E+03
  0.2318419429669E+03
  0.2318419429669E+03
  0.2318419429669E+03
  0.2318419429669E+03
  0.2318419429669E+03
  0.2318419429669E+03
  0.2318419429669E+03
  0.2318419429669E+03
  0.2318419429669E+03
  0.2318419429669E+03
  0.2318419429669E+03
  0.2318419429669E+03
  0.0000000000000E+00
  0.0000000000000E+00
  0.0000000000000E+00
  0.2318419429669E+03
  0.2318419429669E+03
  0.2318419429669E+03
  0.2318419429669E+03
  0.2318419429669E+03
  0.2318419429669E+03
  0.2318419429669E+03
  0.2318419429669E+03
  0.0000000000000E+00
  0.0000000000000E+00
  0.2318419429669E+03
  0.2318419429669E+03
  0.2318419429669E+03
  0.2318419429669E+03
  0.2318419429669E+03
  0.2318419429669E+03
  0.2318419429669E+03
  0.2278296286493E+03
  0.2278296286493E+03
  0.2278296286493E+03
  0.2278296286493E+03
  0.2278296286493E+03
  0.2278296286493E+03
  0.2278296286493E+03
  0.2278296286493E+03
  0.2278296286493E+03
  0.2278296286493E+03
  0.2278296286493E+03
  0.2278296286493E+03
  0.2278296286493E+03
  0.2278296286493E+03
  0.2278296286493E+03
  0.2278296286493E+03
  0.0000000000000E+00
  0.0000000000000E+00
  0.0000000000000E+00
  0.2278296286493E+03
  0.2278296286493E+03
  0.2278296286493E+03
  0.2278296286493E+03
  0.2278296286493E+03
  0.2278296286493E+03
  0.2278296286493E+03
  0.2278296286493E+03
  0.2278296286493E+03
  0.0000000000000E+00
  0.2278296286493E+03
  0.2278296286493E+03
  0.2278296286493E+03
  0.2278296286493E+03
  0.2278296286493E+03
  0.2278296286493E+03
  0.2278296286493E+03
  0.2205170765449E+03
  0.2205170765449E+03
  0.2205170765449E+03
  0.2205170765449E+03
  0.2205170765449E+03
  0.2205170765449E+03
  0.2205170765449E+03
  0.2205170765449E+03
  0.2205170765449E+03
  0.2205170765449E+03
  0.2205170765449E+03
  0.2205170765449E+03
  0.2205170765449E+03
  0.2205170765449E+03
  0.2205170765449E+03
  0.2205170765449E+03
  0.0000000000000E+00
  0.0000000000000E+00
  0.0000000000000E+00
  0.2205170765449E+03
  0.2205170765449E+03
  0.2205170765449E+03
  0.2205170765449E+03
  0.2205170765449E+03
  0.2205170765449E+03
  0.2205170765449E+03
  0.2205170765449E+03
  0.2205170765449E+03
  0.0000000000000E+00
  0.2205170765449E+03
  0.2205170765449E+03
  0.2205170765449E+03
  0.2205170765449E+03
  0.2205170765449E+03
  0.2205170765449E+03
  0.2205170765449E+03
  0.2102902105755E+03
  0.2102902105755E+03
  0.2102902105755E+03
  0.2102902105755E+03
  0.2102902105755E+03
  0.2102902105755E+03
  0.2102902105755E+03
  0.2102902105755E+03
  0.2102902105755E+03
  0.2102902105755E+03
  0.2102902105755E+03
  0.2102902105755E+03
  0.2102902105755E+03
  0.2102902105755E+03
  0.2102902105755E+03
  0.2102902105755E+03
  0.0000000000000E+00
  0.0000000000000E+00
  0.0000000000000E+00
  0.2102902105755E+03
  0.2102902105755E+03
  0.2102902105755E+03
  0.2102902105755E+03
  0.2102902105755E+03
  0.2102902105755E+03
  0.2102902105755E+03
  0.2102902105755E+03
  0.2102902105755E+03
  0.2102902105755E+03
  0.2102902105755E+03
  0.2102902105755E+03
  0.2102902105755E+03
  0.2102902105755E+03
  0.2102902105755E+03
  0.2102902105755E+03
  0.2102902105755E+03
  0.1967917899461E+03
  0.1967917899461E+03
  0.1967917899461E+03
  0.1967917899461E+03
  0.1967917899461E+03
  0.1967917899461E+03
  0.1967917899461E+03
  0.1967917899461E+03
  0.1967917899461E+03
  0.1967917899461E+03
  0.1967917899461E+03
  0.1967917899461E+03
  0.1967917899461E+03
  0.1967917899461E+03
  0.1967917899461E+03
  0.1967917899461E+03
  0.0000000000000E+00
  0.0000000000000E+00
  0.0000000000000E+00
  0.1967917899461E+03
  0.1967917899461E+03
  0.1967917899461E+03
  0.0000000000000E+00
  0.1967917899461E+03
  0.1967917899461E+03
  0.1967917899461E+03
  0.1967917899461E+03
  0.1967917899461E+03
  0.1967917899461E+03
  0.1967917899461E+03
  0.1967917899461E+03
  0.1967917899461E+03
  0.1967917899461E+03
  0.1967917899461E+03
  0.1967917899461E+03
  0.1967917899461E+03
  0.1883466139167E+03
  0.1883466139167E+03
  0.1883466139167E+03
  0.1883466139167E+03
  0.1883466139167E+03
  0.1883466139167E+03
  0.1883466139167E+03
  0.1883466139167E+03
  0.1883466139167E+03
  0.1883466139167E+03
  0.1883466139167E+03
  0.1883466139167E+03
  0.1883466139167E+03
  0.1883466139167E+03
  0.1883466139167E+03
  0.1883466139167E+03
  0.1883466139167E+03
  0.1883466139167E+03
  0.1883466139167E+03
  0.1883466139167E+03
  0.1883466139167E+03
  0.1883466139167E+03
  0.0000000000000E+00
  0.1883466139167E+03
  0.1883466139167E+03
  0.1883466139167E+03
  0.1883466139167E+03
  0.1883466139167E+03
  0.1883466139167E+03
  0.1883466139167E+03
  0.1883466139167E+03
  0.1883466139167E+03
  0.1883466139167E+03
  0.1883466139167E+03
  0.1883466139167E+03
  0.1883466139167E+03
  0.1794726165719E+03
  0.1794726165719E+03
  0.1794726165719E+03
  0.1794726165719E+03
  0.1794726165719E+03
  0.1794726165719E+03
  0.1794726165719E+03
  0.1794726165719E+03
  0.1794726165719E+03
  0.1794726165719E+03
  0.1794726165719E+03
  0.1794726165719E+03
  0.1794726165719E+03
  0.1794726165719E+03
  0.1794726165719E+03
  0.1794726165719E+03
  0.1794726165719E+03
  0.1794726165719E+03
  0.1794726165719E+03
  0.1794726165719E+03
  0.1794726165719E+03
  0.0000000000000E+00
  0.1794726165719E+03
  0.1794726165719E+03
  0.1794726165719E+03
  0.1794726165719E+03
  0.1794726165719E+03
  0.1794726165719E+03
  0.1794726165719E+03
  0.1794726165719E+03
  0.1794726165719E+03
  0.1794726165719E+03
  0.1794726165719E+03
  0.1794726165719E+03
  0.1794726165719E+03
  0.1794726165719E+03
  0.1691241565211E+03
  0.1691241565211E+03
  0.1691241565211E+03
  0.1691241565211E+03
  0.1691241565211E+03
  0.1691241565211E+03
  0.1691241565211E+03
  0.1691241565211E+03
  0.1691241565211E+03
  0.1691241565211E+03
  0.1691241565211E+03
  0.1691241565211E+03
  0.1691241565211E+03
  0.1691241565211E+03
  0.1691241565211E+03
  0.1691241565211E+03
  0.1691241565211E+03
  0.1691241565211E+03
  0.1691241565211E+03
  0.1691241565211E+03
  0.1691241565211E+03
  0.0000000000000E+00
  0.1691241565211E+03
  0.1691241565211E+03
  0.1691241565211E+03
  0.1691241565211E+03
  0.1691241565211E+03
  0.1691241565211E+03
  0.1691241565211E+03
  0.1691241565211E+03
  0.1691241565211E+03
  0.1691241565211E+03
  0.1691241565211E+03
  0.1691241565211E+03
  0.1691241565211E+03
  0.1691241565211E+03
  0.1562753070526E+03
  0.1562753070526E+03
  0.1562753070526E+03
  0.1562753070526E+03
  0.1562753070526E+03
  0.1562753070526E+03
  0.1562753070526E+03
  0.1562753070526E+03
  0.1562753070526E+03
  0.1562753070526E+03
  0.1562753070526E+03
  0.1562753070526E+03
  0.1562753070526E+03
  0.1562753070526E+03
  0.1562753070526E+03
  0.1562753070526E+03
  0.1562753070526E+03
  0.1562753070526E+03
  0.1562753070526E+03
  0.1562753070526E+03
  0.1562753070526E+03
  0.1562753070526E+03
  0.1562753070526E+03
  0.1562753070526E+03
  0.1562753070526E+03
  0.1562753070526E+03
  0.1562753070526E+03
  0.1562753070526E+03
  0.1562753070526E+03
  0.1562753070526E+03
  0.1562753070526E+03
  0.1562753070526E+03
  0.1562753070526E+03
  0.1562753070526E+03
  0.1562753070526E+03
  0.1562753070526E+03
  0.1423636708013E+03
  0.1423636708013E+03
  0.1423636708013E+03
  0.1423636708013E+03
  0.1423636708013E+03
  0.1423636708013E+03
  0.1423636708013E+03
  0.1423636708013E+03
  0.1423636708013E+03
  0.1423636708013E+03
  0.1423636708013E+03
  0.1423636708013E+03
  0.1423636708013E+03
  0.1423636708013E+03
  0.1423636708013E+03
  0.1423636708013E+03
  0.1423636708013E+03
  0.1423636708013E+03
  0.1423636708013E+03
  0.1423636708013E+03
  0.1423636708013E+03
  0.1423636708013E+03
  0.1423636708013E+03
  0.1423636708013E+03
  0.1423636708013E+03
  0.1423636708013E+03
  0.1423636708013E+03
  0.1423636708013E+03
  0.1423636708013E+03
  0.1423636708013E+03
  0.1423636708013E+03
  0.1423636708013E+03
  0.1423636708013E+03
  0.1423636708013E+03
  0.1423636708013E+03
  0.1423636708013E+03
  0.1275988949382E+03
  0.1275988949382E+03
  0.1275988949382E+03
  0.1275988949382E+03
  0.1275988949382E+03
  0.1275988949382E+03
  0.1275988949382E+03
  0.1275988949382E+03
  0.1275988949382E+03
  0.1275988949382E+03
  0.1275988949382E+03
  0.1275988949382E+03
  0.1275988949382E+03
  0.1275988949382E+03
  0.1275988949382E+03
  0.1275988949382E+03
  0.1275988949382E+03
  0.1275988949382E+03
  0.1275988949382E+03
  0.1275988949382E+03
  0.1275988949382E+03
  0.1275988949382E+03
  0.1275988949382E+03
  0.1275988949382E+03
  0.1275988949382E+03
  0.1275988949382E+03
  0.1275988949382E+03
  0.1275988949382E+03
  0.1275988949382E+03
  0.1275988949382E+03
  0.1275988949382E+03
  0.1275988949382E+03
  0.1275988949382E+03
  0.1275988949382E+03
  0.1275988949382E+03
  0.1275988949382E+03
  0.1120214574597E+03
  0.1120214574597E+03
  0.1120214574597E+03
  0.1120214574597E+03
  0.1120214574597E+03
  0.1120214574597E+03
  0.1120214574597E+03
  0.1120214574597E+03
  0.1120214574597E+03
  0.1120214574597E+03
  0.1120214574597E+03
  0.1120214574597E+03
  0.1120214574597E+03
  0.1120214574597E+03
  0.1120214574597E+03
  0.1120214574597E+03
  0.1120214574597E+03
  0.1120214574597E+03
  0.1120214574597E+03
  0.1120214574597E+03
  0.1120214574597E+03
  0.1120214574597E+03
  0.1120214574597E+03
  0.1120214574597E+03
  0.1120214574597E+03
  0.1120214574597E+03
  0.1120214574597E+03
  0.1120214574597E+03
  0.1120214574597E+03
  0.1120214574597E+03
  0.1120214574597E+03
  0.1120214574597E+03
  0.1120214574597E+03
  0.1120214574597E+03
  0.1120214574597E+03
  0.1120214574597E+03
  0.9382680969862E+02
  0.9382680969862E+02
  0.9382680969862E+02
  0.9382680969862E+02
  0.9382680969862E+02
  0.9382680969862E+02
  0.9382680969862E+02
  0.9382680969862E+02
  0.9382680969862E+02
  0.9382680969862E+02
  0.9382680969862E+02
  0.9382680969862E+02
  0.9382680969862E+02
  0.9382680969862E+02
  0.9382680969862E+02
  0.9382680969862E+02
  0.9382680969862E+02
  0.9382680969862E+02
  0.0000000000000E+00
  0.0000000000000E+00
  0.0000000000000E+00
  0.9382680969862E+02
  0.9382680969862E+02
  0.9382680969862E+02
  0.9382680969862E+02
  0.9382680969862E+02
  0.9382680969862E+02
  0.9382680969862E+02
  0.9382680969862E+02
  0.9382680969862E+02
  0.9382680969862E+02
  0.9382680969862E+02
  0.9382680969862E+02
  0.9382680969862E+02
  0.9382680969862E+02
  0.9382680969862E+02
  0.7537680040300E+02
  0.7537680040300E+02
  0.7537680040300E+02
  0.7537680040300E+02
  0.7537680040300E+02
  0.7537680040300E+02
  0.7537680040300E+02
  0.7537680040300E+02
  0.7537680040300E+02
  0.7537680040300E+02
  0.7537680040300E+02
  0.7537680040300E+02
  0.7537680040300E+02
  0.7537680040300E+02
  0.7537680040300E+02
  0.7537680040300E+02
  0.7537680040300E+02
  0.7537680040300E+02
  0.0000000000000E+00
  0.0000000000000E+00
  0.0000000000000E+00
  0.7537680040300E+02
  0.7537680040300E+02
  0.7537680040300E+02
  0.7537680040300E+02
  0.7537680040300E+02
  0.7537680040300E+02
  0.7537680040300E+02
  0.7537680040300E+02
  0.7537680040300E+02
  0.7537680040300E+02
  0.7537680040300E+02
  0.7537680040300E+02
  0.7537680040300E+02
  0.7537680040300E+02
  0.7537680040300E+02
  0.5754631732502E+02
  0.5754631732502E+02
  0.5754631732502E+02
  0.5754631732502E+02
  0.5754631732502E+02
  0.5754631732502E+02
  0.5754631732502E+02
  0.5754631732502E+02
  0.5754631732502E+02
  0.5754631732502E+02
  0.5754631732502E+02
  0.5754631732502E+02
  0.5754631732502E+02
  0.5754631732502E+02
  0.5754631732502E+02
  0.5754631732502E+02
  0.5754631732502E+02
  0.5754631732502E+02
  0.0000000000000E+00
  0.0000000000000E+00
  0.0000000000000E+00
  0.5754631732502E+02
  0.5754631732502E+02
  0.5754631732502E+02
  0.5754631732502E+02
  0.5754631732502E+02
  0.5754631732502E+02
  0.5754631732502E+02
  0.5754631732502E+02
  0.5754631732502E+02
  0.5754631732502E+02
  0.5754631732502E+02
  0.5754631732502E+02
  0.5754631732502E+02
  0.5754631732502E+02
  0.5754631732502E+02
  0.4198351326606E+02
  0.4198351326606E+02
  0.4198351326606E+02
  0.4198351326606E+02
  0.4198351326606E+02
  0.4198351326606E+02
  0.4198351326606E+02
  0.4198351326606E+02
  0.4198351326606E+02
  0.4198351326606E+02
  0.4198351326606E+02
  0.4198351326606E+02
  0.4198351326606E+02
  0.4198351326606E+02
  0.4198351326606E+02
  0.4198351326606E+02
  0.4198351326606E+02
  0.4198351326606E+02
  0.4198351326606E+02
  0.4198351326606E+02
  0.4198351326606E+02
  0.4198351326606E+02
  0.4198351326606E+02
  0.4198351326606E+02
  0.4198351326606E+02
  0.4198351326606E+02
  0.4198351326606E+02
  0.4198351326606E+02
  0.4198351326606E+02
  0.4198351326606E+02
  0.4198351326606E+02
  0.4198351326606E+02
  0.4198351326606E+02
  0.4198351326606E+02
  0.4198351326606E+02
  0.4198351326606E+02
  0.2682287757944E+02
  0.2682287757944E+02
  0.2682287757944E+02
  0.2682287757944E+02
  0.2682287757944E+02
  0.2682287757944E+02
  0.2682287757944E+02
  0.2682287757944E+02
  0.2682287757944E+02
  0.2682287757944E+02
  0.2682287757944E+02
  0.2682287757944E+02
  0.2682287757944E+02
  0.2682287757944E+02
  0.2682287757944E+02
  0.2682287757944E+02
  0.2682287757944E+02
  0.2682287757944E+02
  0.2682287757944E+02
  0.2682287757944E+02
  0.2682287757944E+02
  0.2682287757944E+02
  0.2682287757944E+02
  0.2682287757944E+02
  0.2682287757944E+02
  0.2682287757944E+02
  0.2682287757944E+02
  0.2682287757944E+02
  0.2682287757944E+02
  0.2682287757944E+02
  0.2682287757944E+02
  0.2682287757944E+02
  0.2682287757944E+02
  0.2682287757944E+02
  0.2682287757944E+02
  0.2682287757944E+02
  0.1252977694978E+02
  0.1252977694978E+02
  0.1252977694978E+02
  0.1252977694978E+02
  0.1252977694978E+02
  0.1252977694978E+02
  0.1252977694978E+02
  0.1252977694978E+02
  0.1252977694978E+02
  0.1252977694978E+02
  0.1252977694978E+02
  0.1252977694978E+02
  0.1252977694978E+02
  0.1252977694978E+02
  0.1252977694978E+02
  0.1252977694978E+02
  0.1252977694978E+02
  0.1252977694978E+02
  0.1252977694978E+02
  0.1252977694978E+02
  0.1252977694978E+02
  0.1252977694978E+02
  0.1252977694978E+02
  0.1252977694978E+02
  0.1252977694978E+02
  0.1252977694978E+02
  0.1252977694978E+02
  0.1252977694978E+02
  0.1252977694978E+02
  0.1252977694978E+02
  0.1252977694978E+02
  0.1252977694978E+02
  0.1252977694978E+02
  0.1252977694978E+02
  0.1252977694978E+02
  0.1252977694978E+02
  0.4763355016067E+00
  0.4763355016067E+00
  0.4763355016067E+00
  0.4763355016067E+00
  0.4763355016067E+00
  0.4763355016067E+00
  0.4763355016067E+00
  0.4763355016067E+00
  0.4763355016067E+00
  0.4763355016067E+00
  0.4763355016067E+00
  0.4763355016067E+00
  0.4763355016067E+00
  0.4763355016067E+00
  0.4763355016067E+00
  0.4763355016067E+00
  0.4763355016067E+00
  0.4763355016067E+00
  0.4763355016067E+00
  0.4763355016067E+00
  0.4763355016067E+00
  0.4763355016067E+00
  0.4763355016067E+00
  0.4763355016067E+00
  0.4763355016067E+00
  0.4763355016067E+00
  0.4763355016067E+00
  0.4763355016067E+00
  0.4763355016067E+00
  0.4763355016067E+00
  0.4763355016067E+00
  0.4763355016067E+00
  0.4763355016067E+00
  0.4763355016067E+00
  0.4763355016067E+00
  0.4763355016067E+00
  0.0000000000000E+00
  0.0000000000000E+00
  0.0000000000000E+00
  0.0000000000000E+00
  0.0000000000000E+00
  0.0000000000000E+00
  0.0000000000000E+00
  0.0000000000000E+00
  0.0000000000000E+00
  0.0000000000000E+00
  0.0000000000000E+00
  0.0000000000000E+00
  0.0000000000000E+00
  0.0000000000000E+00
  0.0000000000000E+00
  0.0000000000000E+00
  0.0000000000000E+00
  0.0000000000000E+00
  0.0000000000000E+00
  0.0000000000000E+00
  0.0000000000000E+00
  0.0000000000000E+00
  0.0000000000000E+00
  0.0000000000000E+00
  0.0000000000000E+00
  0.0000000000000E+00
  0.0000000000000E+00
  0.0000000000000E+00
  0.0000000000000E+00
  0.0000000000000E+00
  0.0000000000000E+00
  0.0000000000000E+00
  0.0000000000000E+00
  0.0000000000000E+00
  0.0000000000000E+00
  0.0000000000000E+00
  0.0000000000000E+00
 -0.1331344263071E+02
 -0.1308576765547E+02
 -0.1251968569731E+02
 -0.1339032764124E+02
  0.0000000000000E+00
 -0.1116973452593E+02
 -0.1256257584762E+02
 -0.1560525503733E+02
 -0.1249706013328E+02
 -0.1345097586471E+02
 -0.5398934901338E+01
  0.0000000000000E+00
  0.0000000000000E+00
  0.0000000000000E+00
  0.0000000000000E+00
  0.0000000000000E+00
  0.0000000000000E+00
  0.0000000000000E+00
  0.0000000000000E+00
  0.0000000000000E+00
  0.0000000000000E+00
  0.0000000000000E+00
  0.0000000000000E+00
  0.0000000000000E+00
  0.0000000000000E+00
  0.0000000000000E+00
  0.0000000000000E+00
  0.0000000000000E+00
  0.0000000000000E+00
  0.0000000000000E+00
  0.1032186897634E+02
 -0.1071383972790E+01
 -0.8751666314730E+01
 -0.1381759957782E+02
 -0.1652495099512E+02
 -0.2221371588498E+02
  0.0000000000000E+00
  0.0000000000000E+00
  0.0000000000000E+00
 -0.2388403926324E+02
 -0.2694575439592E+02
 -0.2716920899529E+02
 -0.2690592335617E+02
 -0.2579124212013E+02
  0.0000000000000E+00
 -0.1337792475503E+02
 -0.9740108635184E+01
 -0.3522378978018E+01
  0.5355413295685E+01
  0.1722014135497E+02
  0.0000000000000E+00
  0.0000000000000E+00
  0.0000000000000E+00
  0.0000000000000E+00
  0.0000000000000E+00
  0.0000000000000E+00
  0.0000000000000E+00
  0.0000000000000E+00
  0.0000000000000E+00
  0.0000000000000E+00
  0.0000000000000E+00
  0.0000000000000E+00
  0.0000000000000E+00
  0.0000000000000E+00
  0.0000000000000E+00
  0.0000000000000E+00
  0.0000000000000E+00
  0.3626425131966E+01
 -0.9797166558127E+01
 -0.1809002515647E+02
 -0.2178615549913E+02
 -0.2814865931919E+02
 -0.2855142343259E+02
 -0.2833369268285E+02
 -0.2609712175363E+02
 -0.2410110332559E+02
 -0.2607528180530E+02
 -0.2679992597828E+02
 -0.2828704728903E+02
 -0.2894145003792E+02
 -0.2848076951325E+02
  0.0000000000000E+00
 -0.1465930783565E+02
 -0.2062153896005E+01
  0.9244851504258E+01
  0.2134212849316E+02
  0.0000000000000E+00
  0.0000000000000E+00
  0.0000000000000E+00
  0.0000000000000E+00
  0.0000000000000E+00
  0.0000000000000E+00
  0.0000000000000E+00
  0.0000000000000E+00
  0.0000000000000E+00
  0.0000000000000E+00
  0.0000000000000E+00
  0.0000000000000E+00
  0.0000000000000E+00
  0.0000000000000E+00
  0.0000000000000E+00
  0.0000000000000E+00
  0.0000000000000E+00
 -0.8819457695256E+01
 -0.1722624332599E+02
 -0.2531743128335E+02
 -0.2853526945407E+02
 -0.3540721736067E+02
 -0.3447157468464E+02
 -0.3350562773715E+02
 -0.3254018904342E+02
 -0.2984998145683E+02
 -0.2952529330369E+02
 -0.3050160180699E+02
 -0.3139616499509E+02
 -0.3174823431259E+02
 -0.3102267323714E+02
 -0.2545986566530E+02
 -0.1839314689385E+02
  0.0000000000000E+00
  0.0000000000000E+00
  0.0000000000000E+00
  0.0000000000000E+00
  0.0000000000000E+00
  0.0000000000000E+00
  0.0000000000000E+00
  0.0000000000000E+00
  0.0000000000000E+00
  0.0000000000000E+00
  0.0000000000000E+00
  0.0000000000000E+00
  0.0000000000000E+00
  0.0000000000000E+00
  0.0000000000000E+00
  0.0000000000000E+00
  0.0000000000000E+00
  0.0000000000000E+00
  0.0000000000000E+00
  0.0000000000000E+00
 -0.2610165156815E+02
 -0.2973262941118E+02
 -0.3412922954652E+02
 -0.3545245809654E+02
 -0.4019653604928E+02
 -0.3945042504834E+02
 -0.3831179311966E+02
 -0.3753646102937E+02
 -0.3627478736443E+02
 -0.3528685203576E+02
 -0.3482463169244E+02
 -0.3460845685535E+02
 -0.3413858123544E+02
 -0.3342903859390E+02
 -0.3078620473632E+02
 -0.2459272874656E+02
  0.0000000000000E+00
  0.0000000000000E+00
  0.0000000000000E+00
  0.0000000000000E+00
  0.0000000000000E+00
  0.0000000000000E+00
  0.0000000000000E+00
  0.0000000000000E+00
  0.0000000000000E+00
  0.2317785723533E+01
  0.8074532042903E+01
  0.0000000000000E+00
  0.0000000000000E+00
  0.0000000000000E+00
  0.0000000000000E+00
  0.0000000000000E+00
  0.0000000000000E+00
  0.0000000000000E+00
  0.0000000000000E+00
  0.0000000000000E+00
 -0.3453013200076E+02
 -0.3651631069271E+02
 -0.3848069441956E+02
 -0.3981173733547E+02
 -0.4490712686036E+02
 -0.4459275638325E+02
 -0.4389892917324E+02
 -0.4334077247653E+02
 -0.4255299893682E+02
 -0.4155474812522E+02
 -0.4059195674434E+02
 -0.3970830690088E+02
 -0.3868702957742E+02
 -0.3773156074159E+02
 -0.3609667185216E+02
 -0.3163585009961E+02
 -0.2721795279939E+02
  0.0000000000000E+00
  0.0000000000000E+00
  0.0000000000000E+00
  0.0000000000000E+00
  0.0000000000000E+00
  0.0000000000000E+00
  0.0000000000000E+00
 -0.1587784908467E+02
 -0.1366953480779E+02
 -0.8008485394444E+01
  0.0000000000000E+00
  0.0000000000000E+00
  0.0000000000000E+00
  0.0000000000000E+00
 -0.9170233480353E+01
 -0.4877691583162E+01
  0.0000000000000E+00
  0.0000000000000E+00
  0.0000000000000E+00
 -0.3935747534980E+02
 -0.4039658604285E+02
 -0.4297883076935E+02
 -0.4454021887243E+02
 -0.5053258301873E+02
 -0.5103816807327E+02
 -0.5168316509363E+02
 -0.5207783460066E+02
 -0.5171993161489E+02
 -0.5075112086282E+02
 -0.4940025066276E+02
 -0.4793439900826E+02
 -0.4641931707011E+02
 -0.4520712553045E+02
 -0.4346938672934E+02
 -0.4007751086394E+02
 -0.3397559595487E+02
  0.0000000000000E+00
  0.0000000000000E+00
  0.0000000000000E+00
  0.0000000000000E+00
  0.0000000000000E+00
  0.0000000000000E+00
 -0.2204021975305E+02
 -0.2704705713828E+02
 -0.2714571328899E+02
 -0.2223166349190E+02
  0.0000000000000E+00
  0.0000000000000E+00
  0.0000000000000E+00
 -0.2386670058265E+02
 -0.2192992231365E+02
 -0.1895061566574E+02
  0.0000000000000E+00
  0.0000000000000E+00
  0.0000000000000E+00
 -0.4155887572084E+02
 -0.4487420967237E+02
 -0.4874229272785E+02
 -0.5029929812767E+02
 -0.5819858375777E+02
 -0.5895165042859E+02
 -0.5958367753926E+02
 -0.5972592416193E+02
 -0.5969381741598E+02
 -0.5961583280620E+02
 -0.5953133943063E+02
 -0.5978071310710E+02
 -0.6040845597011E+02
 -0.5988351410717E+02
 -0.5661734112920E+02
 -0.5146889248622E+02
 -0.4129614967477E+02
 -0.3606425549606E+02
 -0.3088305224604E+02
  0.0000000000000E+00
  0.0000000000000E+00
 -0.3531235291098E+02
 -0.3226704259711E+02
 -0.3224897982821E+02
 -0.3779297715434E+02
 -0.3954468305067E+02
 -0.3691427520986E+02
 -0.3403511806521E+02
 -0.3220080812525E+02
 -0.3194133966557E+02
 -0.3399676066995E+02
 -0.3458367269368E+02
 -0.3487749422075E+02
  0.0000000000000E+00
  0.0000000000000E+00
  0.0000000000000E+00
 -0.4801090173989E+02
 -0.5282754561198E+02
 -0.5749526322818E+02
 -0.5793064426731E+02
 -0.5806307927372E+02
 -0.5632678701987E+02
 -0.5569243802891E+02
 -0.5527137469603E+02
 -0.5487683341477E+02
 -0.5458626259497E+02
 -0.5456820873201E+02
 -0.5499362883763E+02
 -0.5597921916580E+02
 -0.5751564439013E+02
 -0.5964481697286E+02
 -0.6370937634800E+02
 -0.5025055339198E+02
 -0.4380296467180E+02
 -0.3839270543730E+02
  0.0000000000000E+00
  0.0000000000000E+00
 -0.4849573518769E+02
 -0.4288046974739E+02
 -0.4171475582541E+02
 -0.5049330877099E+02
 -0.5222895674575E+02
 -0.6054622380023E+02
 -0.5108801698932E+02
 -0.5157748815855E+02
 -0.4872077727649E+02
 -0.4834362823080E+02
 -0.4989650976829E+02
 -0.5354939143582E+02
  0.0000000000000E+00
  0.0000000000000E+00
  0.0000000000000E+00
 -0.5088321448348E+02
 -0.5988047304586E+02
 -0.6293095472682E+02
 -0.6112929905199E+02
 -0.5389299731307E+02
 -0.5346385357444E+02
 -0.5314188531559E+02
 -0.5280864714479E+02
 -0.5239807152580E+02
 -0.5213983102852E+02
 -0.5210968430283E+02
 -0.5238383248492E+02
 -0.5297992623147E+02
 -0.5380680926638E+02
 -0.5453695590761E+02
 -0.5496001312136E+02
 -0.5041750696324E+02
 -0.4794635778079E+02
 -0.4381010200379E+02
 -0.3783245711326E+02
  0.0000000000000E+00
 -0.4233264788708E+02
 -0.4718090725182E+02
  0.0000000000000E+00
 -0.5654490192141E+02
 -0.5173595266133E+02
 -0.4982812570998E+02
 -0.4578304922210E+02
 -0.4519623676132E+02
 -0.4645577130734E+02
 -0.4831864998206E+02
 -0.4807939894419E+02
 -0.4492921695811E+02
  0.0000000000000E+00
  0.0000000000000E+00
  0.0000000000000E+00
 -0.5291488898553E+02
 -0.5457938809434E+02
 -0.5579140175800E+02
 -0.5481877432729E+02
 -0.5329769285484E+02
 -0.5319089234518E+02
 -0.5291919667814E+02
 -0.5264097489718E+02
 -0.5241375696531E+02
 -0.5240182784789E+02
 -0.5259431718042E+02
 -0.5300425785283E+02
 -0.5344532662607E+02
 -0.5355459403394E+02
 -0.5304746919797E+02
 -0.5172417520314E+02
 -0.4903396858473E+02
  0.0000000000000E+00
 -0.4616844805135E+02
 -0.3985996272943E+02
  0.0000000000000E+00
  0.0000000000000E+00
 -0.4954108954909E+02
 -0.4908524867675E+02
 -0.5076064133205E+02
 -0.4998224040730E+02
 -0.4797440169569E+02
 -0.4551429359280E+02
 -0.4366807660963E+02
 -0.4612389232488E+02
 -0.4577912247459E+02
 -0.4593212934150E+02
 -0.4318505799707E+02
 -0.4196393521695E+02
  0.0000000000000E+00
  0.0000000000000E+00
 -0.5378739955844E+02
 -0.5252342521131E+02
 -0.5385076131739E+02
 -0.5351507548675E+02
 -0.5362668559519E+02
 -0.5364719353511E+02
 -0.5356890364209E+02
 -0.5359723901843E+02
 -0.5378621214498E+02
 -0.5411617645304E+02
 -0.5446504991929E+02
 -0.5470083506169E+02
 -0.5447861482202E+02
 -0.5361288342575E+02
 -0.5221524991908E+02
 -0.5073174080347E+02
 -0.4927868188505E+02
 -0.5103808313261E+02
 -0.4662327387113E+02
 -0.4279939360426E+02
  0.0000000000000E+00
  0.0000000000000E+00
 -0.4906145686150E+02
 -0.4838616147308E+02
 -0.5005072323153E+02
 -0.5014690897233E+02
 -0.4940389333655E+02
 -0.4780347535648E+02
  0.0000000000000E+00
 -0.4853144275048E+02
 -0.4437148352891E+02
 -0.4601530931142E+02
 -0.4436439511698E+02
 -0.4280032626901E+02
  0.0000000000000E+00
  0.0000000000000E+00
 -0.5474198988898E+02
 -0.5216176617346E+02
 -0.5318055768839E+02
 -0.5345679829996E+02
 -0.5455186360257E+02
 -0.5473692830529E+02
 -0.5498446556908E+02
 -0.5545215783932E+02
 -0.5616024651010E+02
 -0.5681889885023E+02
 -0.5709065759190E+02
 -0.5664642685853E+02
 -0.5525804093216E+02
 -0.5348572512535E+02
 -0.5195651494334E+02
 -0.5091683143366E+02
 -0.5010682867757E+02
 -0.5124931755030E+02
 -0.4794253937782E+02
 -0.4431044405471E+02
  0.0000000000000E+00
  0.0000000000000E+00
 -0.4786553732531E+02
 -0.5005331213764E+02
 -0.5098203640495E+02
 -0.5161719779017E+02
 -0.5174263581467E+02
 -0.5042601184934E+02
  0.0000000000000E+00
  0.0000000000000E+00
  0.0000000000000E+00
 -0.4733736621740E+02
 -0.4553113986865E+02
 -0.4558516991510E+02
  0.0000000000000E+00
  0.0000000000000E+00
 -0.5531140871735E+02
 -0.5231218226209E+02
 -0.5329655161274E+02
 -0.5407981274820E+02
 -0.5604268348631E+02
 -0.5631973223845E+02
 -0.5679041949406E+02
 -0.5760958359030E+02
 -0.5896413019127E+02
 -0.5972263091829E+02
 -0.5938832651551E+02
 -0.5787131057546E+02
 -0.5566802475350E+02
 -0.5375552766297E+02
 -0.5250613538025E+02
 -0.5199295961110E+02
 -0.5189087965731E+02
 -0.5281888082752E+02
 -0.5001950292000E+02
 -0.4613583717126E+02
  0.0000000000000E+00
  0.0000000000000E+00
  0.0000000000000E+00
 -0.5613121393550E+02
 -0.5297667761533E+02
 -0.5364407404092E+02
 -0.5413486588622E+02
 -0.5496947690905E+02
 -0.7037240024676E+02
  0.0000000000000E+00
  0.0000000000000E+00
  0.0000000000000E+00
 -0.4784724126606E+02
 -0.4824277336496E+02
  0.0000000000000E+00
  0.0000000000000E+00
 -0.5555101627750E+02
 -0.5318252518057E+02
 -0.5448282060481E+02
 -0.5540303660656E+02
 -0.5760179304393E+02
 -0.5796690523934E+02
 -0.5877991141101E+02
 -0.6043222363899E+02
 -0.6225197172494E+02
 -0.6206931997009E+02
 -0.6019876858936E+02
 -0.5787921242914E+02
 -0.5562875680108E+02
 -0.5403023234362E+02
 -0.5333265260498E+02
 -0.5342255566339E+02
 -0.5397023680813E+02
 -0.5582977514308E+02
 -0.5290386558133E+02
 -0.4975734387665E+02
  0.0000000000000E+00
  0.0000000000000E+00
  0.0000000000000E+00
 -0.5971593127800E+02
 -0.5484140166703E+02
 -0.5483742908938E+02
 -0.5684721401626E+02
 -0.5790949018686E+02
 -0.7167693922609E+02
 -0.7505309327942E+02
  0.0000000000000E+00
  0.0000000000000E+00
 -0.4991140361635E+02
 -0.5162488223523E+02
  0.0000000000000E+00
 -0.5793485339046E+02
 -0.5450557141415E+02
 -0.5456834966821E+02
 -0.5583678155741E+02
 -0.5697874399819E+02
 -0.5623736198082E+02
 -0.5642670937900E+02
 -0.5717233610253E+02
 -0.5826032912256E+02
 -0.5866613357180E+02
 -0.5792980559996E+02
 -0.5641006802396E+02
 -0.5468676802567E+02
 -0.5304632583020E+02
 -0.5168379542373E+02
 -0.5108273890591E+02
 -0.5272505630099E+02
 -0.5617536753011E+02
 -0.6050221884555E+02
 -0.5615374283064E+02
 -0.5487193526265E+02
  0.0000000000000E+00
  0.0000000000000E+00
  0.0000000000000E+00
 -0.6334246447056E+02
 -0.5919720609792E+02
 -0.5861243235178E+02
 -0.5979332628708E+02
 -0.6211524615537E+02
 -0.7398118774805E+02
 -0.7640063220827E+02
 -0.7276002265506E+02
  0.0000000000000E+00
 -0.5208478894951E+02
 -0.5627186301328E+02
 -0.6155863645099E+02
 -0.5720332548760E+02
 -0.5618869552886E+02
 -0.5556035166770E+02
 -0.5580777860210E+02
 -0.5622666429284E+02
 -0.5677858616120E+02
 -0.5677401724947E+02
 -0.5643170875551E+02
 -0.5579315109154E+02
 -0.5493938885003E+02
 -0.5390819362690E+02
 -0.5281915312381E+02
 -0.5170948128359E+02
 -0.5048355375303E+02
 -0.4978264553927E+02
 -0.4997851695769E+02
 -0.5181525882312E+02
 -0.5795013855971E+02
 -0.6574638324110E+02
 -0.5894906018361E+02
 -0.5894628220744E+02
  0.0000000000000E+00
  0.0000000000000E+00
  0.0000000000000E+00
 -0.6706544641295E+02
 -0.6468841722407E+02
 -0.6408008275038E+02
 -0.6411343597721E+02
 -0.6619007241395E+02
 -0.7432836495743E+02
 -0.7533871683698E+02
 -0.6986706739533E+02
  0.0000000000000E+00
  0.0000000000000E+00
 -0.6131288170862E+02
 -0.6141899601354E+02
 -0.5845930597884E+02
 -0.5766312210587E+02
 -0.5662637616231E+02
 -0.5675023241673E+02
 -0.5679672913354E+02
 -0.5654619591792E+02
 -0.5610108720498E+02
 -0.5550682687685E+02
 -0.5478669286537E+02
 -0.5389911182234E+02
 -0.5287971578965E+02
 -0.5192165397173E+02
 -0.5132600758091E+02
 -0.5124932007730E+02
 -0.5171578465464E+02
 -0.5275443426922E+02
 -0.5479094139293E+02
 -0.5940529698943E+02
 -0.6849666084073E+02
 -0.6143451629956E+02
 -0.5825284169199E+02
  0.0000000000000E+00
  0.0000000000000E+00
  0.0000000000000E+00
 -0.7093006897038E+02
 -0.6947185486309E+02
 -0.7222579148114E+02
 -0.7132659784235E+02
 -0.7167776680823E+02
 -0.7581599133023E+02
 -0.7538233280260E+02
 -0.7301102533136E+02
 -0.6878083793281E+02
  0.0000000000000E+00
 -0.6758039589687E+02
 -0.6205533343442E+02
 -0.5971334067365E+02
 -0.5845822544807E+02
 -0.5759810439369E+02
 -0.5723365673512E+02
 -0.5690016271827E+02
 -0.5684475686457E+02
 -0.5590889095342E+02
 -0.5493473635568E+02
 -0.5401364667406E+02
 -0.5298590850105E+02
 -0.5181185238903E+02
 -0.5067942170333E+02
 -0.4995722260403E+02
 -0.4989189852775E+02
 -0.5044470606686E+02
 -0.5156359846434E+02
 -0.5345284885003E+02
 -0.5696109617876E+02
 -0.6404464799823E+02
 -0.6314293645948E+02
 -0.6036168215426E+02
  0.0000000000000E+00
  0.0000000000000E+00
  0.0000000000000E+00
 -0.6915058463513E+02
 -0.6991448593231E+02
 -0.7612086873480E+02
 -0.7269173164353E+02
 -0.7342510620405E+02
 -0.7700106679217E+02
 -0.7512466273912E+02
 -0.7162079939726E+02
 -0.6477583503230E+02
  0.0000000000000E+00
 -0.6640866014746E+02
 -0.6356800003263E+02
 -0.6123167323108E+02
 -0.5959854562013E+02
 -0.5881328323751E+02
 -0.5825930287317E+02
 -0.5760960135116E+02
 -0.5532185268039E+02
 -0.5424072509138E+02
 -0.5319860192588E+02
 -0.5209203827828E+02
 -0.5081368573399E+02
 -0.4938746936653E+02
 -0.4801664817406E+02
 -0.4704100155043E+02
 -0.4663619112379E+02
 -0.4678778955340E+02
 -0.4742632262271E+02
 -0.4872450273447E+02
 -0.5142968911066E+02
 -0.5684333928785E+02
 -0.6134221910901E+02
 -0.6072491848077E+02
  0.0000000000000E+00
  0.0000000000000E+00
  0.0000000000000E+00
 -0.6545340020167E+02
 -0.6874431311663E+02
 -0.7237439644055E+02
 -0.7081388542486E+02
 -0.6685799494863E+02
 -0.6967646875562E+02
 -0.6795154144141E+02
 -0.6393816061025E+02
 -0.5951505932337E+02
 -0.5735157226078E+02
 -0.6309458594903E+02
 -0.6330590846096E+02
 -0.6163350789769E+02
 -0.5997299968288E+02
 -0.5924907837586E+02
 -0.5806978132984E+02
 -0.5656154135143E+02
 -0.6135701510531E+02
 -0.6062390336081E+02
 -0.5975872106023E+02
 -0.5863432845334E+02
 -0.5715570797355E+02
 -0.5537358651154E+02
 -0.5355310276356E+02
 -0.5201189294565E+02
 -0.5088917861421E+02
 -0.5003750085525E+02
 -0.4925665369280E+02
 -0.4872131055096E+02
 -0.4959648711271E+02
 -0.5070507201914E+02
 -0.5293288888972E+02
 -0.5699803676013E+02
  0.0000000000000E+00
  0.0000000000000E+00
  0.0000000000000E+00
 -0.6119660262201E+02
 -0.6824754849995E+02
 -0.6721567165316E+02
  0.0000000000000E+00
 -0.6202618927514E+02
 -0.6154445837483E+02
 -0.6070114168065E+02
 -0.5794632491288E+02
 -0.5529146693792E+02
 -0.5514926816441E+02
 -0.5803392877410E+02
 -0.5934600080755E+02
 -0.5989220539179E+02
 -0.6138750650417E+02
 -0.6243371060183E+02
 -0.6243369988936E+02
 -0.6196235767380E+02
 -0.6112830024912E+02
 -0.6168556220328E+02
 -0.6212051738914E+02
 -0.6204673808801E+02
 -0.6121699309644E+02
 -0.5960835768235E+02
 -0.5762123796469E+02
 -0.5579531348914E+02
 -0.5440605466931E+02
 -0.5333470362017E+02
 -0.5241852534934E+02
 -0.5158943622829E+02
 -0.5039688552340E+02
 -0.4673992151501E+02
 -0.4627664857410E+02
 -0.4871798715097E+02
 -0.4469185351061E+02
 -0.4791263222630E+02
 -0.5317340050761E+02
 -0.5709725630852E+02
 -0.6587184220457E+02
 -0.6860924330504E+02
  0.0000000000000E+00
 -0.5785573971278E+02
 -0.5453407326162E+02
 -0.5446701206191E+02
 -0.5394316503289E+02
 -0.5191301709267E+02
 -0.5130526143722E+02
 -0.5274415473937E+02
 -0.5347477170294E+02
 -0.5426476293585E+02
 -0.5551891556449E+02
 -0.5774259690639E+02
 -0.5944037984599E+02
 -0.6048214809464E+02
 -0.5398732318355E+02
 -0.5484631464833E+02
 -0.5624211583882E+02
 -0.5797685382825E+02
 -0.5944445455754E+02
 -0.6002063618931E+02
 -0.5941138461550E+02
 -0.5805915168123E+02
 -0.5650628571421E+02
 -0.5509358744397E+02
 -0.5389096394033E+02
 -0.5280404121797E+02
 -0.5132138592648E+02
 -0.4858152260813E+02
 -0.4428828030716E+02
 -0.4258767667529E+02
 -0.4730317757321E+02
 -0.5102239640083E+02
 -0.5243242932469E+02
 -0.5418550420917E+02
 -0.5986744053747E+02
  0.0000000000000E+00
 -0.5941589011624E+02
 -0.5227778867061E+02
 -0.5163928187525E+02
 -0.5185677815142E+02
 -0.5167486304896E+02
 -0.5083093618754E+02
 -0.4934681473798E+02
 -0.4852281836093E+02
 -0.4855298538488E+02
 -0.4936606543661E+02
 -0.5025179688136E+02
 -0.5126454229331E+02
 -0.5238629556552E+02
 -0.5333519398569E+02
 -0.5062507393577E+02
 -0.5081260286617E+02
 -0.5136281184660E+02
 -0.5249780043940E+02
 -0.5414747947975E+02
 -0.5597141787262E+02
 -0.5744080035557E+02
 -0.5790209218349E+02
 -0.5726416621772E+02
 -0.5607532203111E+02
 -0.5476529417833E+02
 -0.5345661058962E+02
 -0.5202056335454E+02
 -0.5017993406297E+02
 -0.4814512919437E+02
 -0.4837356909905E+02
 -0.5072484326820E+02
 -0.5193884246574E+02
 -0.5212484771964E+02
 -0.5248841241837E+02
 -0.5435472954202E+02
  0.0000000000000E+00
 -0.5712585496920E+02
 -0.5213862990992E+02
 -0.5117379383762E+02
 -0.5130729289751E+02
 -0.5122883177252E+02
 -0.5079672956540E+02
 -0.4971286464622E+02
 -0.4905297845131E+02
 -0.4861996874578E+02
 -0.4857722533855E+02
 -0.4896872194246E+02
 -0.4961986520774E+02
 -0.4998833985989E+02
 -0.5043739556632E+02
 -0.5084208797364E+02
 -0.5076426266757E+02
 -0.5066101933613E+02
 -0.5077770301449E+02
 -0.5138635104116E+02
 -0.5249900524403E+02
 -0.5399157407335E+02
 -0.5541450739595E+02
 -0.5622761144311E+02
 -0.5617368355422E+02
 -0.5547287456056E+02
 -0.5444291673515E+02
 -0.5331683951044E+02
 -0.5216887293719E+02
 -0.5124484769270E+02
 -0.5120487219053E+02
 -0.5194956763022E+02
 -0.5252220210205E+02
 -0.5323183139086E+02
 -0.5353013513773E+02
 -0.5341320638251E+02
 -0.5127937523931E+02
 -0.5589342607097E+02
 -0.5354388818883E+02
 -0.5217482922767E+02
 -0.5164517383892E+02
 -0.5149603538670E+02
 -0.5140628824725E+02
 -0.5107784093321E+02
 -0.5058541582072E+02
 -0.5013587506353E+02
 -0.4994769221585E+02
 -0.5003972311670E+02
 -0.5023048850379E+02
 -0.5047079231792E+02
 -0.5075741515221E+02
 -0.5194427540405E+02
 -0.5180753535575E+02
 -0.5153810000017E+02
 -0.5135807704904E+02
 -0.5147280451196E+02
 -0.5189048164362E+02
 -0.5262843518606E+02
 -0.5367863439695E+02
 -0.5485296696478E+02
 -0.5575634079662E+02
 -0.5612505154939E+02
 -0.5592165949265E+02
 -0.5538525887546E+02
 -0.5470909640820E+02
 -0.5407403732389E+02
 -0.5404159413794E+02
 -0.5431986751383E+02
 -0.5497834663398E+02
 -0.5602993386052E+02
 -0.5581589225329E+02
 -0.5597276905384E+02
 -0.5920345319654E+02
 -0.5896400637719E+02
 -0.5610037770125E+02
 -0.5397579020551E+02
 -0.5299324916906E+02
 -0.5274037926461E+02
 -0.5272860148382E+02
 -0.5257055860852E+02
 -0.5213670647744E+02
 -0.5163634350756E+02
 -0.5131217814182E+02
 -0.5124381264674E+02
 -0.5134504057235E+02
 -0.5160847635573E+02
 -0.5187178039523E+02
 -0.5395111746226E+02
 -0.5381105853020E+02
 -0.5344291015503E+02
 -0.5303539322808E+02
 -0.5287579502454E+02
 -0.5294987166865E+02
 -0.5329633511856E+02
 -0.5400631576524E+02
 -0.5503613571448E+02
 -0.5622450326853E+02
 -0.5740682645684E+02
 -0.5831231882062E+02
 -0.5881653931133E+02
 -0.5893683057019E+02
 -0.5891251241616E+02
 -0.5910202194139E+02
 -0.5879143728229E+02
 -0.5834447094165E+02
 -0.5973685493945E+02
 -0.5898355264623E+02
 -0.5990070312575E+02
 -0.7428138601548E+02
 -0.6738012427576E+02
 -0.6204145761353E+02
 -0.5842552439461E+02
 -0.5665002834285E+02
 -0.5595182568085E+02
 -0.5570052975536E+02
 -0.5532945869717E+02
 -0.5476439599425E+02
 -0.5415039653460E+02
 -0.5364702507345E+02
 -0.5340790230545E+02
 -0.5340424828783E+02
 -0.5361139049762E+02
 -0.5386249705411E+02
 -0.5966190055140E+02
 -0.5951581288127E+02
 -0.5900672117401E+02
 -0.5815223922796E+02
 -0.5755398912197E+02
 -0.5727871380306E+02
 -0.5738140150945E+02
 -0.5798461145256E+02
 -0.5911274915865E+02
 -0.6077236799781E+02
 -0.6329208643138E+02
 -0.6672702876834E+02
 -0.7034042888160E+02
 -0.7138431738458E+02
 -0.6967588450027E+02
 -0.6758137694778E+02
 -0.6449230638202E+02
 -0.6089201681901E+02
 -0.6077247728135E+02
 -0.5900275931372E+02
 -0.5931578396027E+02
 -0.6597490882133E+02
 -0.6469528091439E+02
 -0.6290850205941E+02
 -0.6128169935353E+02
 -0.6148765135048E+02
 -0.6238229615543E+02
 -0.6386450550348E+02
 -0.6419976142780E+02
 -0.6312095981430E+02
 -0.6166756575248E+02
 -0.6033110634158E+02
 -0.5950283357059E+02
 -0.5907734667679E+02
 -0.5910752909071E+02
 -0.5945062624500E+02
 -0.6299556091882E+02
 -0.6424674726888E+02
 -0.6511736039362E+02
 -0.6494357068621E+02
 -0.6450287394299E+02
 -0.6421757606568E+02
 -0.6422173690917E+02
 -0.6466719181584E+02
 -0.6569272449712E+02
 -0.6610769182652E+02
 -0.6485809450297E+02
 -0.6234072480866E+02
 -0.5967512000749E+02
 -0.5751891893050E+02
 -0.5656351415164E+02
 -0.5649757971754E+02
 -0.5687040091595E+02
 -0.5421929657597E+02
  0.0000000000000E+00
  0.0000000000000E+00
  0.0000000000000E+00
 -0.6521505445512E+02
 -0.6231864103533E+02
 -0.5908014637685E+02
 -0.5520016901156E+02
 -0.5319786492096E+02
 -0.5295313351860E+02
 -0.5356773271717E+02
 -0.5493280809478E+02
 -0.5655247535361E+02
 -0.5792865025229E+02
 -0.5873943230721E+02
 -0.5921110682561E+02
 -0.5961847487584E+02
 -0.6035764913582E+02
 -0.6154944944568E+02
 -0.5149219798124E+02
 -0.5214461272423E+02
 -0.5259239403435E+02
 -0.5280782475973E+02
 -0.5298004807553E+02
 -0.5307667474127E+02
 -0.5304149878842E+02
 -0.5289987913593E+02
 -0.5259918671753E+02
 -0.5189979671492E+02
 -0.5077464572236E+02
 -0.4930472522266E+02
 -0.4768375167777E+02
 -0.4631289340140E+02
 -0.4631640562065E+02
 -0.4760483271687E+02
 -0.4974990791214E+02
 -0.5094978549150E+02
  0.0000000000000E+00
  0.0000000000000E+00
  0.0000000000000E+00
 -0.6506195324982E+02
 -0.6085960612450E+02
 -0.5668210420430E+02
 -0.5328172475417E+02
 -0.5087153310737E+02
 -0.4929056197628E+02
 -0.4823986785107E+02
 -0.4768884891954E+02
 -0.4796756749075E+02
 -0.4838594765261E+02
 -0.4917759031918E+02
 -0.4936157530674E+02
 -0.4961639288789E+02
 -0.5007555731112E+02
 -0.5073711110773E+02
 -0.4470698914104E+02
 -0.4477060274309E+02
 -0.4473272971768E+02
 -0.4546456307214E+02
 -0.4571917835550E+02
 -0.4576522198343E+02
 -0.4571112515313E+02
 -0.4559144086832E+02
 -0.4535162876404E+02
 -0.4494122953675E+02
 -0.4432600041468E+02
 -0.4351938732156E+02
 -0.4254496296609E+02
 -0.4154248204538E+02
 -0.4137919834328E+02
 -0.4322012207423E+02
 -0.4570855300591E+02
 -0.5013262605033E+02
  0.0000000000000E+00
  0.0000000000000E+00
  0.0000000000000E+00
 -0.6093861148780E+02
 -0.5713179239789E+02
 -0.5350958516786E+02
 -0.5121535328177E+02
 -0.4965518058591E+02
 -0.4838370783337E+02
 -0.4755457194679E+02
 -0.4689345148752E+02
 -0.4633181217935E+02
 -0.4585469195541E+02
 -0.4545838089393E+02
 -0.4512873860857E+02
 -0.4485553031170E+02
 -0.4468065366960E+02
 -0.4465057811812E+02
 -0.4370484889480E+02
 -0.4355238877925E+02
 -0.4335286340535E+02
 -0.4308982876033E+02
 -0.4282672479387E+02
 -0.4259342555156E+02
 -0.4241823810980E+02
 -0.4228736785982E+02
 -0.4217631215674E+02
 -0.4196572381497E+02
 -0.4166616172135E+02
 -0.4125095003991E+02
 -0.4078334730456E+02
 -0.4026214730747E+02
 -0.3986022093274E+02
 -0.4094338017165E+02
 -0.4303227136690E+02
 -0.4821389271933E+02
 -0.4732305312422E+02
 -0.4703907097953E+02
 -0.4656629366862E+02
 -0.4665959851561E+02
 -0.4511681333818E+02
 -0.4515238612190E+02
 -0.4547296375668E+02
 -0.4514163105543E+02
 -0.4539288639580E+02
 -0.4547291770589E+02
 -0.4513420482658E+02
 -0.4504532372778E+02
 -0.4489518054984E+02
 -0.4467936813020E+02
 -0.4446559606835E+02
 -0.4428122106447E+02
 -0.4381499701573E+02
 -0.4374574669090E+02
 -0.4395231482488E+02
 -0.4339165026396E+02
 -0.4330130509504E+02
 -0.4318713795850E+02
 -0.4303697986283E+02
 -0.4289944450806E+02
 -0.4281601161251E+02
 -0.4274191666497E+02
 -0.4269891815091E+02
 -0.4211927490631E+02
 -0.4203262843628E+02
 -0.4198784614067E+02
 -0.4195913612100E+02
 -0.4196425309469E+02
 -0.4184137088650E+02
 -0.4187375895809E+02
 -0.4279739155865E+02
 -0.4409353316023E+02
 -0.4438206228758E+02
 -0.4444390301569E+02
 -0.4383902866749E+02
 -0.4258517405704E+02
 -0.4176931435542E+02
 -0.4206516621355E+02
 -0.4222485206511E+02
 -0.4242962190962E+02
 -0.4307703983593E+02
 -0.4348310780048E+02
 -0.4373352675775E+02
 -0.4377518320172E+02
 -0.4375545499201E+02
 -0.4361608638753E+02
 -0.4348602518162E+02
 -0.4379977101573E+02
 -0.4395527821502E+02
 -0.4396162745914E+02
 -0.4472058896708E+02
 -0.4469863768475E+02
 -0.4459676894690E+02
 -0.4448054823575E+02
 -0.4433455042587E+02
 -0.4424144444102E+02
 -0.4422690089409E+02
 -0.4412462317682E+02
 -0.4382395718995E+02
 -0.4373205358498E+02
 -0.4407918400380E+02
 -0.4448186207844E+02
 -0.4495372359441E+02
 -0.4549253652422E+02
 -0.4592299176156E+02
 -0.4570973588437E+02
 -0.4567673326571E+02
 -0.4580775852048E+02
 -0.4580798338763E+02
 -0.4535480552072E+02
 -0.4389319368792E+02
 -0.4386126050299E+02
 -0.4390352314953E+02
 -0.4435094604750E+02
 -0.4486461221567E+02
 -0.4556804428446E+02
 -0.4622238936213E+02
 -0.4619449878249E+02
 -0.4562482668797E+02
 -0.4507772985149E+02
 -0.4492010921236E+02
 -0.4497915527406E+02
 -0.4493423841964E+02
 -0.4505285485329E+02
 -0.4523114400187E+02
 -0.4483245990427E+02
 -0.5085346727061E+02
 -0.5083107142858E+02
 -0.5075289977325E+02
 -0.5065907790605E+02
 -0.5026204388626E+02
 -0.5014709867396E+02
 -0.5009670407304E+02
 -0.5010203823689E+02
 -0.5014538281655E+02
 -0.5026121749173E+02
 -0.5045649485562E+02
 -0.5053939102427E+02
 -0.5039724863729E+02
 -0.5050656289621E+02
 -0.5058039042771E+02
 -0.5056436929387E+02
 -0.5058556321190E+02
 -0.5061807654457E+02
 -0.5068641507799E+02
 -0.5078611028710E+02
 -0.5089681398128E+02
 -0.5092120666751E+02
 -0.5085546498371E+02
 -0.5081487718216E+02
 -0.5079202656319E+02
 -0.5084214196624E+02
 -0.5106264372594E+02
 -0.5113622663031E+02
 -0.5109242857884E+02
 -0.5098389687258E+02
 -0.5083124692507E+02
 -0.5069198819050E+02
 -0.5064198222795E+02
 -0.5066771184218E+02
 -0.5075278989025E+02
 -0.5082279142873E+02
 -0.7029805299983E+01
 -0.6929905931404E+01
 -0.7123343513826E+01
 -0.0000000000000E+00
 -0.0000000000000E+00
 -0.0000000000000E+00
 -0.0000000000000E+00
 -0.1843239862766E+01
 -0.3120230553222E+01
 -0.7211085232874E+01
 -0.5288179030144E+00
 -0.0000000000000E+00
 -0.5478704775902E+02
 -0.5466992299597E+02
 -0.5464249632928E+02
 -0.5470308824899E+02
 -0.5487720390447E+02
 -0.0000000000000E+00
 -0.0000000000000E+00
 -0.0000000000000E+00
 -0.6549495415908E+01
 -0.5483922880729E+01
 -0.6315495583665E-01
 -0.5152221942869E-01
 -0.4074469528639E-01
 -0.3043401565609E-01
 -0.2260395864320E-01
 -0.1935339686051E-01
 -0.0000000000000E+00
 -0.0000000000000E+00
 -0.0000000000000E+00
 -0.4164724659610E-01
 -0.4593841801909E-01
 -0.4801691385716E-01
 -0.4905641177412E-01
 -0.6990334079587E+01
  0.0000000000000E+00
  0.1711534827321E-06
  0.3989082638145E-06
  0.5443018102079E-06
  0.5615276853332E-06
  0.0000000000000E+00
  0.6369039194507E-06
  0.6050517750009E-06
  0.3920376348432E-06
  0.1239423737613E-06
  0.0000000000000E+00
  0.0000000000000E+00
  0.0000000000000E+00
  0.0000000000000E+00
  0.0000000000000E+00
  0.0000000000000E+00
  0.0000000000000E+00
  0.0000000000000E+00
  0.0000000000000E+00
  0.0000000000000E+00
  0.0000000000000E+00
  0.0000000000000E+00
  0.0000000000000E+00
  0.0000000000000E+00
  0.0000000000000E+00
  0.0000000000000E+00
  0.0000000000000E+00
  0.0000000000000E+00
  0.0000000000000E+00
  0.0000000000000E+00
  0.0000000000000E+00
  0.0000000000000E+00
  0.0000000000000E+00
  0.0000000000000E+00
  0.0000000000000E+00
  0.0000000000000E+00
  0.3771972695256E-06
  0.0000000000000E+00
  0.0000000000000E+00
  0.0000000000000E+00
  0.7173288913995E-06
  0.1309768657082E-05
  0.1351668153666E-05
  0.1301288315910E-05
  0.1083082099352E-05
  0.0000000000000E+00
  0.0000000000000E+00
  0.0000000000000E+00
  0.0000000000000E+00
  0.0000000000000E+00
  0.0000000000000E+00
  0.0000000000000E+00
  0.0000000000000E+00
  0.0000000000000E+00
  0.0000000000000E+00
  0.0000000000000E+00
  0.0000000000000E+00
  0.0000000000000E+00
  0.0000000000000E+00
  0.0000000000000E+00
  0.0000000000000E+00
  0.0000000000000E+00
  0.0000000000000E+00
  0.0000000000000E+00
  0.0000000000000E+00
  0.0000000000000E+00
  0.0000000000000E+00
  0.0000000000000E+00
  0.0000000000000E+00
  0.0000000000000E+00
  0.0000000000000E+00
  0.2946447802739E-06
  0.4833238152888E-05
  0.5652644816535E-05
  0.5619747522462E-05
  0.3889581655653E-05
  0.2603284615516E-05
  0.4064315053921E-05
  0.4696765425311E-05
  0.5968640989156E-05
  0.6558314390492E-05
  0.6094600429082E-05
  0.0000000000000E+00
  0.0000000000000E+00
  0.0000000000000E+00
  0.0000000000000E+00
  0.0000000000000E+00
  0.0000000000000E+00
  0.0000000000000E+00
  0.0000000000000E+00
  0.0000000000000E+00
  0.0000000000000E+00
  0.0000000000000E+00
  0.0000000000000E+00
  0.0000000000000E+00
  0.0000000000000E+00
  0.0000000000000E+00
  0.0000000000000E+00
  0.0000000000000E+00
  0.0000000000000E+00
  0.0000000000000E+00
  0.0000000000000E+00
  0.0000000000000E+00
  0.0000000000000E+00
  0.0000000000000E+00
  0.0000000000000E+00
  0.2625987910254E-05
  0.4815557000800E-05
  0.1232597642486E-04
  0.1236239340741E-04
  0.1199116383266E-04
  0.1119135910185E-04
  0.8434798470714E-05
  0.8343570132027E-05
  0.9645153727106E-05
  0.1086199044567E-04
  0.1145074969826E-04
  0.1062301530700E-04
  0.3808872270659E-05
  0.0000000000000E+00
  0.0000000000000E+00
  0.0000000000000E+00
  0.0000000000000E+00
  0.0000000000000E+00
  0.0000000000000E+00
  0.0000000000000E+00
  0.0000000000000E+00
  0.0000000000000E+00
  0.0000000000000E+00
  0.0000000000000E+00
  0.0000000000000E+00
  0.0000000000000E+00
  0.0000000000000E+00
  0.0000000000000E+00
  0.0000000000000E+00
  0.0000000000000E+00
  0.0000000000000E+00
  0.0000000000000E+00
  0.0000000000000E+00
  0.0000000000000E+00
  0.2082563807519E-05
  0.6451204530005E-05
  0.1057858110248E-04
  0.1181061907529E-04
  0.1931149522513E-04
  0.1877017175141E-04
  0.1765152879866E-04
  0.1700528834485E-04
  0.1588228109795E-04
  0.1523907420296E-04
  0.1516481713427E-04
  0.1527836596638E-04
  0.1492273307379E-04
  0.1415225701758E-04
  0.1058730390157E-04
  0.2845777471856E-05
  0.0000000000000E+00
  0.0000000000000E+00
  0.0000000000000E+00
  0.0000000000000E+00
  0.0000000000000E+00
  0.0000000000000E+00
  0.0000000000000E+00
  0.0000000000000E+00
  0.0000000000000E+00
  0.0000000000000E+00
  0.0000000000000E+00
  0.0000000000000E+00
  0.0000000000000E+00
  0.0000000000000E+00
  0.0000000000000E+00
  0.0000000000000E+00
  0.0000000000000E+00
  0.0000000000000E+00
  0.0000000000000E+00
  0.0000000000000E+00
  0.8474197104682E-05
  0.1493501895870E-04
  0.1747161642432E-04
  0.1845980938013E-04
  0.2563433264220E-04
  0.2389957034317E-04
  0.2201978134679E-04
  0.2135459901349E-04
  0.2106661556534E-04
  0.2074794759275E-04
  0.2036921642056E-04
  0.1980746370180E-04
  0.1886171122530E-04
  0.1803465390182E-04
  0.1624852271447E-04
  0.1021699510659E-04
  0.4380153116063E-05
  0.0000000000000E+00
  0.0000000000000E+00
  0.0000000000000E+00
  0.0000000000000E+00
  0.0000000000000E+00
  0.0000000000000E+00
  0.0000000000000E+00
  0.0000000000000E+00
  0.0000000000000E+00
  0.0000000000000E+00
  0.0000000000000E+00
  0.0000000000000E+00
  0.0000000000000E+00
  0.0000000000000E+00
  0.0000000000000E+00
  0.0000000000000E+00
  0.0000000000000E+00
  0.0000000000000E+00
  0.0000000000000E+00
  0.1322589700924E-04
  0.2060184512215E-04
  0.2383715874907E-04
  0.2532176681565E-04
  0.2979759907906E-04
  0.2587083227236E-04
  0.2298967397754E-04
  0.2221447754408E-04
  0.2260445907312E-04
  0.2288057113532E-04
  0.2295960983052E-04
  0.2263441705489E-04
  0.2197908416118E-04
  0.2176312722532E-04
  0.2119913648388E-04
  0.1793642234798E-04
  0.1079025263135E-04
  0.0000000000000E+00
  0.0000000000000E+00
  0.0000000000000E+00
  0.0000000000000E+00
  0.0000000000000E+00
  0.0000000000000E+00
  0.7435927176415E-06
  0.3625088967335E-05
  0.3787330770672E-05
  0.0000000000000E+00
  0.0000000000000E+00
  0.0000000000000E+00
  0.0000000000000E+00
  0.0000000000000E+00
  0.0000000000000E+00
  0.0000000000000E+00
  0.0000000000000E+00
  0.0000000000000E+00
  0.0000000000000E+00
  0.1498918778496E-04
  0.2705791799835E-04
  0.3080454946608E-04
  0.3205288330878E-04
  0.2900019941812E-04
  0.2500798731261E-04
  0.2449238101232E-04
  0.2506740358162E-04
  0.2485710608449E-04
  0.2388044232903E-04
  0.2221098269136E-04
  0.1978897710073E-04
  0.1713409750417E-04
  0.1799049607190E-04
  0.2200448966563E-04
  0.2152829567435E-04
  0.1629847653104E-04
  0.1427518466689E-04
  0.1112222918754E-04
  0.0000000000000E+00
  0.0000000000000E+00
  0.5978268159488E-05
  0.7872467257560E-05
  0.9285096808272E-05
  0.1646466463314E-04
  0.1681302409758E-04
  0.1194071645431E-04
  0.9112458614555E-05
  0.8010984956741E-05
  0.8236298856474E-05
  0.1150585637360E-04
  0.1115944555187E-04
  0.1006493706016E-04
  0.0000000000000E+00
  0.0000000000000E+00
  0.0000000000000E+00
  0.2192601199846E-04
  0.3326420193113E-04
  0.3324285522994E-04
  0.3360236909055E-04
  0.3311657990079E-04
  0.3389580277850E-04
  0.3490627328099E-04
  0.3539938644285E-04
  0.3560549375686E-04
  0.3549160919923E-04
  0.3487187504063E-04
  0.3395563377340E-04
  0.3257995847656E-04
  0.3024850658263E-04
  0.2672422027199E-04
  0.1959505430309E-04
  0.2041263199733E-04
  0.1970588154875E-04
  0.1662667609726E-04
  0.0000000000000E+00
  0.0000000000000E+00
  0.8827287532109E-05
  0.1436114577432E-04
  0.1626087778281E-04
  0.2267032105616E-04
  0.2184301973450E-04
  0.1357879845338E-04
  0.1487142647794E-04
  0.1265549547980E-04
  0.1556663818456E-04
  0.1831493833655E-04
  0.1755558506988E-04
  0.1151596356320E-04
  0.0000000000000E+00
  0.0000000000000E+00
  0.0000000000000E+00
  0.2535803357760E-04
  0.2482567450102E-04
  0.2826899749313E-04
  0.3290267145675E-04
  0.3906979633443E-04
  0.3995423223207E-04
  0.4069501191520E-04
  0.4125779120393E-04
  0.4169105241650E-04
  0.4185358375111E-04
  0.4150728454894E-04
  0.4057437286662E-04
  0.3913769325104E-04
  0.3748478722742E-04
  0.3580946069239E-04
  0.3456213439064E-04
  0.2918357714409E-04
  0.2478470587706E-04
  0.2068356791183E-04
  0.2149664295719E-04
  0.0000000000000E+00
  0.1306590896189E-04
  0.1963989497566E-04
  0.0000000000000E+00
  0.2387857703058E-04
  0.2808679781443E-04
  0.3033536002283E-04
  0.2761977591340E-04
  0.2606708811372E-04
  0.2462837307589E-04
  0.2390856690299E-04
  0.2423120065542E-04
  0.2380422741212E-04
  0.0000000000000E+00
  0.0000000000000E+00
  0.0000000000000E+00
  0.2862908206036E-04
  0.3338742038420E-04
  0.3668946371934E-04
  0.3826568979529E-04
  0.4336611603445E-04
  0.4425766208863E-04
  0.4494467559680E-04
  0.4569065274732E-04
  0.4649618563357E-04
  0.4694328316656E-04
  0.4681798041136E-04
  0.4585602129944E-04
  0.4413488974825E-04
  0.4209169118203E-04
  0.4020538199347E-04
  0.3823423955898E-04
  0.3444405380379E-04
  0.0000000000000E+00
  0.2843821880908E-04
  0.2719957038256E-04
  0.0000000000000E+00
  0.0000000000000E+00
  0.2451849041889E-04
  0.2932336436965E-04
  0.3305382479720E-04
  0.3486316717570E-04
  0.3523167631082E-04
  0.3342732650067E-04
  0.2910841175353E-04
  0.3229234090914E-04
  0.3010324601887E-04
  0.3081745336290E-04
  0.2762577223511E-04
  0.2520892105946E-04
  0.0000000000000E+00
  0.0000000000000E+00
  0.3302811800898E-04
  0.3925003648557E-04
  0.4134203423242E-04
  0.4256395507103E-04
  0.4662269220262E-04
  0.4722678148992E-04
  0.4787823653253E-04
  0.4873437984367E-04
  0.4958001574213E-04
  0.4999680147408E-04
  0.4968356977460E-04
  0.4852789153427E-04
  0.4702138103808E-04
  0.4559561908160E-04
  0.4420721480732E-04
  0.4233552647341E-04
  0.3885866744868E-04
  0.3505094460400E-04
  0.3539781786584E-04
  0.2978050480456E-04
  0.0000000000000E+00
  0.0000000000000E+00
  0.2939919474996E-04
  0.3552910643592E-04
  0.3831132762119E-04
  0.4048815339352E-04
  0.4075294885096E-04
  0.3774685922990E-04
  0.0000000000000E+00
  0.2783577456132E-04
  0.3141539790751E-04
  0.3665553018963E-04
  0.3363914227153E-04
  0.3040821054139E-04
  0.0000000000000E+00
  0.0000000000000E+00
  0.3572909641426E-04
  0.4248001043106E-04
  0.4469183858457E-04
  0.4593398777328E-04
  0.4803349117939E-04
  0.4835514194029E-04
  0.4863879844575E-04
  0.4875228632916E-04
  0.4855117238940E-04
  0.4811037871301E-04
  0.4746788596081E-04
  0.4734980181731E-04
  0.4769262885136E-04
  0.4784110268868E-04
  0.4730059193130E-04
  0.4556042643890E-04
  0.4281341089655E-04
  0.3989050778797E-04
  0.3880807005868E-04
  0.3460172577156E-04
  0.0000000000000E+00
  0.0000000000000E+00
  0.2812310494557E-04
  0.4120114423058E-04
  0.4194681059965E-04
  0.4364431438343E-04
  0.4380313195926E-04
  0.4119543196015E-04
  0.0000000000000E+00
  0.0000000000000E+00
  0.0000000000000E+00
  0.3042909525863E-04
  0.3767486771156E-04
  0.3444500732527E-04
  0.0000000000000E+00
  0.0000000000000E+00
  0.3688354579200E-04
  0.4494016424649E-04
  0.4666698901758E-04
  0.4749328872760E-04
  0.4643987621276E-04
  0.4623288319566E-04
  0.4543165063926E-04
  0.4358028493378E-04
  0.4137317309703E-04
  0.3968012419117E-04
  0.4057798631630E-04
  0.4395045460303E-04
  0.4662401049297E-04
  0.4821959500778E-04
  0.4859228329051E-04
  0.4743732050004E-04
  0.4451910381116E-04
  0.4194475366579E-04
  0.4006585556882E-04
  0.3797878084182E-04
  0.0000000000000E+00
  0.0000000000000E+00
  0.0000000000000E+00
  0.3305182395082E-04
  0.4294805688979E-04
  0.4465142143857E-04
  0.4448569192950E-04
  0.4569972540785E-04
  0.3370972778653E-04
  0.0000000000000E+00
  0.0000000000000E+00
  0.0000000000000E+00
  0.3622319317547E-04
  0.3727673127587E-04
  0.0000000000000E+00
  0.0000000000000E+00
  0.3591515222199E-04
  0.4543292219051E-04
  0.4655028571827E-04
  0.4622737214113E-04
  0.3872144450321E-04
  0.3755195975338E-04
  0.3540180915499E-04
  0.3211692697593E-04
  0.2964047738433E-04
  0.3167925838846E-04
  0.3670798583524E-04
  0.4118181778771E-04
  0.4389588781168E-04
  0.4542160767407E-04
  0.4627251140854E-04
  0.4565758447259E-04
  0.4241478036518E-04
  0.4119853466342E-04
  0.4065251893811E-04
  0.4024432979363E-04
  0.0000000000000E+00
  0.0000000000000E+00
  0.0000000000000E+00
  0.3532735637516E-04
  0.4276755776743E-04
  0.4364285704988E-04
  0.4538639954143E-04
  0.4485283059030E-04
  0.3630664267893E-04
  0.3149554668368E-04
  0.0000000000000E+00
  0.0000000000000E+00
  0.3857638817240E-04
  0.3992660447986E-04
  0.0000000000000E+00
  0.3294176374640E-04
  0.4107299412834E-04
  0.4171577934971E-04
  0.4042882803102E-04
  0.3924410265009E-04
  0.3373984372932E-04
  0.3371260852092E-04
  0.3484242692823E-04
  0.3802385309076E-04
  0.4146514514040E-04
  0.4348744275791E-04
  0.4417771056908E-04
  0.4380612484302E-04
  0.4260367195113E-04
  0.4095670251730E-04
  0.3940580093737E-04
  0.3953561190820E-04
  0.3866983069177E-04
  0.3861547940330E-04
  0.4067654877503E-04
  0.3977409481691E-04
  0.0000000000000E+00
  0.0000000000000E+00
  0.0000000000000E+00
  0.3598624008312E-04
  0.4380344553763E-04
  0.4613339300727E-04
  0.4568236535577E-04
  0.4475189821397E-04
  0.3501649156819E-04
  0.2745603582229E-04
  0.3200054121564E-04
  0.0000000000000E+00
  0.3946469415782E-04
  0.4159771283924E-04
  0.3561972165162E-04
  0.3961483795033E-04
  0.3829547164323E-04
  0.3576604479069E-04
  0.3367491342648E-04
  0.3378952810817E-04
  0.4812450721471E-04
  0.4966835873275E-04
  0.5077121382411E-04
  0.5150794575475E-04
  0.5195506038956E-04
  0.5219735908218E-04
  0.5202510864113E-04
  0.5043136196112E-04
  0.4671290279743E-04
  0.4297263667994E-04
  0.3991283214453E-04
  0.3744697719039E-04
  0.3618603077859E-04
  0.3269761323685E-04
  0.4273057338772E-04
  0.3731961089765E-04
  0.0000000000000E+00
  0.0000000000000E+00
  0.0000000000000E+00
  0.3818820110202E-04
  0.4397316211189E-04
  0.4659005182695E-04
  0.4458044187511E-04
  0.4433429170501E-04
  0.3841063933342E-04
  0.3864075500210E-04
  0.3996906662947E-04
  0.0000000000000E+00
  0.0000000000000E+00
  0.3608852045388E-04
  0.4188204095047E-04
  0.4108466384402E-04
  0.4138158594608E-04
  0.4165471913161E-04
  0.4431234712901E-04
  0.4655902403911E-04
  0.5332439389868E-04
  0.5368488218414E-04
  0.5374775081103E-04
  0.5367926077668E-04
  0.5373553808739E-04
  0.5391366675316E-04
  0.5398848394381E-04
  0.5368753528034E-04
  0.5278827152834E-04
  0.5120752567676E-04
  0.4869700833323E-04
  0.4541645080663E-04
  0.4092714470550E-04
  0.1665712982814E-04
  0.4673203792154E-04
  0.4727803760586E-04
  0.0000000000000E+00
  0.0000000000000E+00
  0.0000000000000E+00
  0.3254772440308E-04
  0.4162771731366E-04
  0.3909582776375E-04
  0.3586476876639E-04
  0.3877048012101E-04
  0.3935661933814E-04
  0.3965565388759E-04
  0.3555440658536E-04
  0.2750378718835E-04
  0.0000000000000E+00
  0.3607981096923E-04
  0.4480975749642E-04
  0.4455356761968E-04
  0.4692791629390E-04
  0.4930237156266E-04
  0.5141566965421E-04
  0.5264234452471E-04
  0.5207738460836E-04
  0.5141452540485E-04
  0.5067461103414E-04
  0.5025319606282E-04
  0.5009720271586E-04
  0.4989491860512E-04
  0.4951396524738E-04
  0.4913942883676E-04
  0.4885903076996E-04
  0.4840306877881E-04
  0.4735375273220E-04
  0.4590234784338E-04
  0.4450502980298E-04
  0.3706613081245E-04
  0.4048484120446E-04
  0.4716729688393E-04
  0.0000000000000E+00
  0.0000000000000E+00
  0.0000000000000E+00
  0.4387655327801E-04
  0.4632612540237E-04
  0.3211872469435E-04
  0.4215781732365E-04
  0.2670784097865E-04
  0.2001692583106E-04
  0.2650701449407E-04
  0.3222235959018E-04
  0.4455724109227E-04
  0.0000000000000E+00
  0.3138613032860E-04
  0.4219092794251E-04
  0.4287760031164E-04
  0.4567411062298E-04
  0.4917240417273E-04
  0.5145975809827E-04
  0.5221802512007E-04
  0.4175248587690E-04
  0.4138904986758E-04
  0.4117578806744E-04
  0.4100876577234E-04
  0.4092157350369E-04
  0.4070100717211E-04
  0.4029361867176E-04
  0.4002134328453E-04
  0.3986697715423E-04
  0.3988549237456E-04
  0.4000936511697E-04
  0.4048949278908E-04
  0.4297875755870E-04
  0.4769955044240E-04
  0.3278377040445E-04
  0.3513260598674E-04
  0.0000000000000E+00
  0.0000000000000E+00
  0.0000000000000E+00
  0.4850578667643E-04
  0.4906450862873E-04
  0.4774009960457E-04
  0.4794999899501E-04
  0.4728718669812E-04
  0.4238763220409E-04
  0.4535939882444E-04
  0.4895839364323E-04
  0.5068888947248E-04
  0.4242887540110E-04
  0.4361820138857E-04
  0.3965848659603E-04
  0.3715433989445E-04
  0.3787262721035E-04
  0.4129755143267E-04
  0.4276335313494E-04
  0.4233467282681E-04
  0.4515842688779E-04
  0.4456254032516E-04
  0.4425281164057E-04
  0.4416247402457E-04
  0.4447911605845E-04
  0.4502720941178E-04
  0.4552985733808E-04
  0.4597805210554E-04
  0.4607959283334E-04
  0.4580099543892E-04
  0.4520415952835E-04
  0.4464877947077E-04
  0.4738018073712E-04
  0.5167291655786E-04
  0.5359751615264E-04
  0.3604601913102E-04
  0.0000000000000E+00
  0.0000000000000E+00
  0.0000000000000E+00
  0.5049708388617E-04
  0.4472191211167E-04
  0.4951750259208E-04
  0.0000000000000E+00
  0.4901860794304E-04
  0.5183934898849E-04
  0.5371955842384E-04
  0.5341162310177E-04
  0.5223730693416E-04
  0.4988187910450E-04
  0.5199059446872E-04
  0.4928677827185E-04
  0.4508773055401E-04
  0.4425679955206E-04
  0.4568247986153E-04
  0.4613640349396E-04
  0.4584868129355E-04
  0.5229490352383E-04
  0.5118863453532E-04
  0.4990159334139E-04
  0.4874703476797E-04
  0.4786969266891E-04
  0.4759441574710E-04
  0.4802922678670E-04
  0.4905390117695E-04
  0.5015674429290E-04
  0.5118268517921E-04
  0.5219933517965E-04
  0.5286354613010E-04
  0.5246379137476E-04
  0.4809331858521E-04
  0.5497346568069E-04
  0.6021272787017E-04
  0.3998601778979E-04
  0.3758248594137E-04
  0.4609075370612E-04
  0.5644101060451E-04
  0.4522912665511E-04
  0.4548428924498E-04
  0.0000000000000E+00
  0.5068887314606E-04
  0.5240486000398E-04
  0.5429024824118E-04
  0.5581533743688E-04
  0.5318649228064E-04
  0.5281064699447E-04
  0.5647696575392E-04
  0.5648266263445E-04
  0.5523314757862E-04
  0.5345555958462E-04
  0.5376821946064E-04
  0.5356252525038E-04
  0.5310499066055E-04
  0.5596048120630E-04
  0.5634585192145E-04
  0.5650433602958E-04
  0.5597940222813E-04
  0.5469395028472E-04
  0.5330010273078E-04
  0.5214210777261E-04
  0.5186712326180E-04
  0.5244070712710E-04
  0.5337752276390E-04
  0.5438178684909E-04
  0.5510339554591E-04
  0.5478849948715E-04
  0.5271031102622E-04
  0.4934852465971E-04
  0.4201951014897E-04
  0.4883623830914E-04
  0.5111034238655E-04
  0.5519911718534E-04
  0.5825057480043E-04
  0.5282169574032E-04
  0.0000000000000E+00
  0.4982912062107E-04
  0.5666721481211E-04
  0.5486430180993E-04
  0.5635551087397E-04
  0.5663592162841E-04
  0.5562434261994E-04
  0.5316553702460E-04
  0.5237568438387E-04
  0.5290885365526E-04
  0.5453791023818E-04
  0.5498377244003E-04
  0.5500415642003E-04
  0.5521631848560E-04
  0.5563984946919E-04
  0.5601383908715E-04
  0.5620022719597E-04
  0.5663257716133E-04
  0.5721713607009E-04
  0.5769544740774E-04
  0.5755321281790E-04
  0.5659205236129E-04
  0.5508563558147E-04
  0.5410142614954E-04
  0.5409848453261E-04
  0.5467061887086E-04
  0.5530068117684E-04
  0.5579496167549E-04
  0.5613301754761E-04
  0.5676176180670E-04
  0.5708943422191E-04
  0.5842049344271E-04
  0.5654359531385E-04
  0.5683927600409E-04
  0.5785581664396E-04
  0.5493326713971E-04
  0.0000000000000E+00
  0.4562527746361E-04
  0.5716624208520E-04
  0.5746823309652E-04
  0.5868122555562E-04
  0.5815605646865E-04
  0.5701177460944E-04
  0.5535752870225E-04
  0.5568079058928E-04
  0.5599049514357E-04
  0.5633950855115E-04
  0.5683296819258E-04
  0.5727680585810E-04
  0.5638330670590E-04
  0.5612714526660E-04
  0.5846156968574E-04
  0.5849201265556E-04
  0.5854674344145E-04
  0.5847456064820E-04
  0.5857657846544E-04
  0.5865348044026E-04
  0.5826865118793E-04
  0.5715447136958E-04
  0.5566896917716E-04
  0.5439127401428E-04
  0.5390896282244E-04
  0.5408282169406E-04
  0.5464645118369E-04
  0.5587085765072E-04
  0.5770779198689E-04
  0.5819385231061E-04
  0.5727508737825E-04
  0.5580614268786E-04
  0.5669615330575E-04
  0.5888913483853E-04
  0.5831517592306E-04
  0.4391770604511E-04
  0.5765758061871E-04
  0.5762823670481E-04
  0.5898532925261E-04
  0.5908417638907E-04
  0.5841208274005E-04
  0.5754313582885E-04
  0.5739725865035E-04
  0.5815452961763E-04
  0.5908032567449E-04
  0.5989650005981E-04
  0.6034731966591E-04
  0.6009000323436E-04
  0.5927629403145E-04
  0.5873827439844E-04
  0.5703713338628E-04
  0.5698812623457E-04
  0.5730782729554E-04
  0.5778651957505E-04
  0.5809184139325E-04
  0.5803633063743E-04
  0.5745615906776E-04
  0.5652083037965E-04
  0.5531551139760E-04
  0.5379655202274E-04
  0.5246347112662E-04
  0.5181802709683E-04
  0.5183037622380E-04
  0.5221797685635E-04
  0.5270052237176E-04
  0.5301896268831E-04
  0.5284535300660E-04
  0.5277579623094E-04
  0.5338472973919E-04
  0.5518966625939E-04
  0.5739303598637E-04
  0.4949652754478E-04
  0.5208352162390E-04
  0.5338900547951E-04
  0.5485986209942E-04
  0.5547926084624E-04
  0.5559899432968E-04
  0.5522570309967E-04
  0.5521625927017E-04
  0.5576689391553E-04
  0.5668548535178E-04
  0.5761525219091E-04
  0.5822423527744E-04
  0.5823098948643E-04
  0.5787329960187E-04
  0.5739943446311E-04
  0.5267446133514E-04
  0.5254384109124E-04
  0.5276257714956E-04
  0.5330352276998E-04
  0.5368794382772E-04
  0.5380747359817E-04
  0.5359557488910E-04
  0.5301653135354E-04
  0.5205525276502E-04
  0.5071283167616E-04
  0.4922750394750E-04
  0.4801143291710E-04
  0.4737981765343E-04
  0.4696864247855E-04
  0.4643459267960E-04
  0.4608734301465E-04
  0.4657032975276E-04
  0.4836423218820E-04
  0.4887956682453E-04
  0.5089749669221E-04
  0.5233834364243E-04
  0.2635326709303E-04
  0.3708677628811E-04
  0.4336474752328E-04
  0.4679025062925E-04
  0.4844397749500E-04
  0.4935493970075E-04
  0.4967602166631E-04
  0.5016676837693E-04
  0.5080125891941E-04
  0.5155389197609E-04
  0.5237941984572E-04
  0.5301777827515E-04
  0.5326805853699E-04
  0.5323530579786E-04
  0.5296129481329E-04
  0.4363660091007E-04
  0.4364731548582E-04
  0.4390230703299E-04
  0.4455455627745E-04
  0.4507760145143E-04
  0.4534528311121E-04
  0.4529206543538E-04
  0.4481736776445E-04
  0.4387255631656E-04
  0.4236826989044E-04
  0.3987726896204E-04
  0.3633050606200E-04
  0.3271002067523E-04
  0.3259969807574E-04
  0.3550769413078E-04
  0.3760671989794E-04
  0.4079784838575E-04
  0.4446619464563E-04
  0.4762093086395E-04
  0.5060047210372E-04
  0.5224496552350E-04
  0.6168056078750E-04
  0.5807539524832E-04
  0.4848394552006E-04
  0.4307548097987E-04
  0.4183768835639E-04
  0.4072715201063E-04
  0.3939269196502E-04
  0.3911019670527E-04
  0.4003138840285E-04
  0.4125116084593E-04
  0.4244174377309E-04
  0.4331001929573E-04
  0.4390513413416E-04
  0.4409503085159E-04
  0.4386570999294E-04
  0.3794219928504E-04
  0.3682351002038E-04
  0.3594110954274E-04
  0.3622727854704E-04
  0.3642305085183E-04
  0.3634628726682E-04
  0.3605255775480E-04
  0.3538377617192E-04
  0.3421230494100E-04
  0.3400201353211E-04
  0.3554232946921E-04
  0.3779205679161E-04
  0.3941215079303E-04
  0.4059735156316E-04
  0.4343601757487E-04
  0.4644640643432E-04
  0.4746099252021E-04
  0.4895866535914E-04
  0.0000000000000E+00
  0.0000000000000E+00
  0.0000000000000E+00
  0.5131212691675E-04
  0.7046219726358E-04
  0.6479622042482E-04
  0.5656947770634E-04
  0.5166210416179E-04
  0.4897214148296E-04
  0.4657752204963E-04
  0.4453885291318E-04
  0.4247767610508E-04
  0.4084525198055E-04
  0.3993357037007E-04
  0.3976139235134E-04
  0.3993959950958E-04
  0.3985666884689E-04
  0.3914466341069E-04
  0.4194801246808E-04
  0.4193703388014E-04
  0.4175230584262E-04
  0.4130289325693E-04
  0.4094494623038E-04
  0.4084683563136E-04
  0.4090673643991E-04
  0.4090357346396E-04
  0.4090803975772E-04
  0.4068975470154E-04
  0.4011662586353E-04
  0.3928375021678E-04
  0.3827076275589E-04
  0.3762669587591E-04
  0.3982464998685E-04
  0.4461880398781E-04
  0.4843334487509E-04
  0.4757089420044E-04
  0.0000000000000E+00
  0.0000000000000E+00
  0.0000000000000E+00
  0.4181981283238E-04
  0.6153498736022E-04
  0.6406776652477E-04
  0.6185803743331E-04
  0.5839352347499E-04
  0.5429636549902E-04
  0.5005145258884E-04
  0.4625286786886E-04
  0.4418009156889E-04
  0.4278707286169E-04
  0.4283718226081E-04
  0.4203154769702E-04
  0.4165866422623E-04
  0.4163888100310E-04
  0.4178440661158E-04
  0.3654772673330E-04
  0.3599210913912E-04
  0.3538539191901E-04
  0.3647180446697E-04
  0.3667899727930E-04
  0.3674928987679E-04
  0.3684356274402E-04
  0.3699877510240E-04
  0.3715239136382E-04
  0.3716288169206E-04
  0.3698077015020E-04
  0.3659274440097E-04
  0.3583226516051E-04
  0.3486953185438E-04
  0.3549607788653E-04
  0.4048949717642E-04
  0.4502900231756E-04
  0.4944675468149E-04
  0.0000000000000E+00
  0.0000000000000E+00
  0.0000000000000E+00
  0.3308274627146E-04
  0.4469755531309E-04
  0.4755245139097E-04
  0.5030825531836E-04
  0.5175394098774E-04
  0.5130043935440E-04
  0.5033365514841E-04
  0.4868458777410E-04
  0.4653008825274E-04
  0.4434678334195E-04
  0.4239266319296E-04
  0.4074693787625E-04
  0.3933170716243E-04
  0.3809333910955E-04
  0.3718932182449E-04
  0.3550713079609E-04
  0.3498626041922E-04
  0.3445295818474E-04
  0.3385534244581E-04
  0.3331005680826E-04
  0.3291841526709E-04
  0.3273464006246E-04
  0.3283414446572E-04
  0.3316322421856E-04
  0.3341998364444E-04
  0.3363586949754E-04
  0.3362131972362E-04
  0.3337704655061E-04
  0.3283896277626E-04
  0.3227338997643E-04
  0.3462146077296E-04
  0.3860575131075E-04
  0.4891473218206E-04
  0.4196311499506E-04
  0.3585267938740E-04
  0.2929703452274E-04
  0.2786611796919E-04
  0.2753248843949E-04
  0.2924897650508E-04
  0.3257391262439E-04
  0.3490630725254E-04
  0.3801172913471E-04
  0.4013310078010E-04
  0.4052094523881E-04
  0.4079141307009E-04
  0.4041763275753E-04
  0.3963886721107E-04
  0.3876590994993E-04
  0.3792851475145E-04
  0.3642754329986E-04
  0.3587526616253E-04
  0.3080787624178E-04
  0.2992713315901E-04
  0.2992673239314E-04
  0.2992292159762E-04
  0.2979955137334E-04
  0.2962645478954E-04
  0.2957656591092E-04
  0.2965726183797E-04
  0.2991345251112E-04
  0.2924332635846E-04
  0.2947508412838E-04
  0.2972180474188E-04
  0.2985110103505E-04
  0.2982615915153E-04
  0.2936905945088E-04
  0.2911667586303E-04
  0.3070038570747E-04
  0.3331479053137E-04
  0.3194132206513E-04
  0.2886085755105E-04
  0.2548770865582E-04
  0.2285342126886E-04
  0.2162549757776E-04
  0.2150168840423E-04
  0.2139323693853E-04
  0.2194500359938E-04
  0.2373168102643E-04
  0.2571033305560E-04
  0.2764139894367E-04
  0.2895269529453E-04
  0.2968828307647E-04
  0.2989300352294E-04
  0.2984167254267E-04
  0.3040399071354E-04
  0.3064601998841E-04
  0.3070608101497E-04
  0.2102181422070E-04
  0.2152595478985E-04
  0.2179298838163E-04
  0.2193422050557E-04
  0.2186690714234E-04
  0.2177221432990E-04
  0.2182536159462E-04
  0.2178852955905E-04
  0.2148446852132E-04
  0.2136029249726E-04
  0.2166389734513E-04
  0.2191013653651E-04
  0.2203210308204E-04
  0.2198469988157E-04
  0.2173267583833E-04
  0.2105512053851E-04
  0.2155801315778E-04
  0.2354550427802E-04
  0.2315083702609E-04
  0.2221951017904E-04
  0.1996935836624E-04
  0.1919690754032E-04
  0.1802561891983E-04
  0.1696162028545E-04
  0.1590956845002E-04
  0.1498664385584E-04
  0.1456081308096E-04
  0.1519353907002E-04
  0.1654937550867E-04
  0.1784671818052E-04
  0.1888738108997E-04
  0.1968800987529E-04
  0.2010635321281E-04
  0.2051505846780E-04
  0.2091205152462E-04
  0.2070513016026E-04
  0.1120033573867E-04
  0.1117430149935E-04
  0.1111878253584E-04
  0.1105561287776E-04
  0.1082788688050E-04
  0.1075550781235E-04
  0.1072083751889E-04
  0.1071957259519E-04
  0.1074282015151E-04
  0.1080979438445E-04
  0.1092483153169E-04
  0.1098208199854E-04
  0.1091865241804E-04
  0.1099383506315E-04
  0.1105100341387E-04
  0.1105767999519E-04
  0.1107829336618E-04
  0.1108978819352E-04
  0.1109956355036E-04
  0.1111541728608E-04
  0.1114315291475E-04
  0.1114026984398E-04
  0.1110505705609E-04
  0.1109712744140E-04
  0.1110833739952E-04
  0.1116611980997E-04
  0.1132177702193E-04
  0.1139508002174E-04
  0.1139599434324E-04
  0.1135008002872E-04
  0.1126827571820E-04
  0.1118495564355E-04
  0.1114544435699E-04
  0.1114509945968E-04
  0.1117624201847E-04
  0.1119862044475E-04
  0.5507022955128E-05
  0.5469850648271E-05
  0.5470472813166E-05
  0.4893212181910E-05
  0.4873124035819E-05
  0.4938290094371E-05
  0.5095427519093E-05
  0.6334148148232E-05
  0.6948462900505E-05
  0.7679641160660E-05
  0.8362652438937E-05
  0.8089365314479E-05
  0.1048925054616E-04
  0.1045319689765E-04
  0.1044427743845E-04
  0.1046126452399E-04
  0.1051451992443E-04
  0.6978224257696E-05
  0.6412118341868E-05
  0.5779776756503E-05
  0.5590805603442E-05
  0.4944384701378E-05
  0.2849926977989E-05
  0.2732461406080E-05
  0.2747698332108E-05
  0.2875258993418E-05
  0.3071992842006E-05
  0.3242642506182E-05
  0.3296507716039E-05
  0.3296348775985E-05
  0.3224219590254E-05
  0.3212780685699E-05
  0.3175362396798E-05
  0.3174139051045E-05
  0.3207286110605E-05
  0.5483736454215E-05
  0.0000000000000E+00
  0.3489978948122E-05
  0.3735768208271E-05
  0.3707880962004E-05
  0.3410558313267E-05
  0.0000000000000E+00
  0.3740361621785E-05
  0.4308649720581E-05
  0.4417710180707E-05
  0.3997224766505E-05
  0.2869511892995E-05
  0.2853340763655E-06
  0.0000000000000E+00
  0.0000000000000E+00
  0.0000000000000E+00
  0.0000000000000E+00
  0.0000000000000E+00
  0.0000000000000E+00
  0.0000000000000E+00
  0.0000000000000E+00
  0.0000000000000E+00
  0.0000000000000E+00
  0.0000000000000E+00
  0.0000000000000E+00
  0.0000000000000E+00
  0.0000000000000E+00
  0.0000000000000E+00
  0.0000000000000E+00
  0.0000000000000E+00
  0.0000000000000E+00
  0.0000000000000E+00
  0.0000000000000E+00
  0.1728241415516E-05
  0.3923202913128E-05
  0.4501874304529E-05
  0.4047085778739E-05
  0.4243532288841E-05
  0.0000000000000E+00
  0.0000000000000E+00
  0.0000000000000E+00
  0.3830055794020E-05
  0.4777307884612E-05
  0.5231170949800E-05
  0.5326914991086E-05
  0.4842352802343E-05
  0.0000000000000E+00
  0.4277968119135E-05
  0.4360790183082E-05
  0.3663140386515E-05
  0.1394177856098E-05
  0.0000000000000E+00
  0.0000000000000E+00
  0.0000000000000E+00
  0.0000000000000E+00
  0.0000000000000E+00
  0.0000000000000E+00
  0.0000000000000E+00
  0.0000000000000E+00
  0.0000000000000E+00
  0.0000000000000E+00
  0.0000000000000E+00
  0.0000000000000E+00
  0.0000000000000E+00
  0.0000000000000E+00
  0.0000000000000E+00
  0.0000000000000E+00
  0.0000000000000E+00
  0.0000000000000E+00
  0.1163042837761E-05
  0.4530643573980E-05
  0.5449910587663E-05
  0.5342453406010E-05
  0.9760894460001E-05
  0.9390371985548E-05
  0.9180526604746E-05
  0.8332416214242E-05
  0.7717349922425E-05
  0.8137525684676E-05
  0.8836058794019E-05
  0.9560152553518E-05
  0.9926796833540E-05
  0.9662613454010E-05
  0.0000000000000E+00
  0.5405800916076E-05
  0.4840782819119E-05
  0.2666117713999E-05
  0.0000000000000E+00
  0.0000000000000E+00
  0.0000000000000E+00
  0.0000000000000E+00
  0.0000000000000E+00
  0.0000000000000E+00
  0.0000000000000E+00
  0.0000000000000E+00
  0.0000000000000E+00
  0.0000000000000E+00
  0.0000000000000E+00
  0.0000000000000E+00
  0.0000000000000E+00
  0.0000000000000E+00
  0.0000000000000E+00
  0.0000000000000E+00
  0.0000000000000E+00
  0.0000000000000E+00
  0.1616791129959E-05
  0.5681619347086E-05
  0.7962576389541E-05
  0.9640953870635E-05
  0.1641294633214E-04
  0.1581575375639E-04
  0.1511273055800E-04
  0.1442538943451E-04
  0.1334320781959E-04
  0.1313079792908E-04
  0.1377769360857E-04
  0.1443202290241E-04
  0.1449932431308E-04
  0.1321151415359E-04
  0.1142578056649E-04
  0.6576760219066E-05
  0.0000000000000E+00
  0.0000000000000E+00
  0.0000000000000E+00
  0.0000000000000E+00
  0.0000000000000E+00
  0.0000000000000E+00
  0.0000000000000E+00
  0.0000000000000E+00
  0.0000000000000E+00
  0.0000000000000E+00
  0.0000000000000E+00
  0.0000000000000E+00
  0.0000000000000E+00
  0.0000000000000E+00
  0.0000000000000E+00
  0.0000000000000E+00
  0.0000000000000E+00
  0.0000000000000E+00
  0.0000000000000E+00
  0.0000000000000E+00
  0.3496102292477E-05
  0.9632113798874E-05
  0.1345395226636E-04
  0.1554440396949E-04
  0.2308239056426E-04
  0.2174596418355E-04
  0.2009596285155E-04
  0.1901767212045E-04
  0.1804185520185E-04
  0.1750535855362E-04
  0.1751858724868E-04
  0.1758441635152E-04
  0.1710324037074E-04
  0.1568954142480E-04
  0.1252640186493E-04
  0.8033620984984E-05
  0.0000000000000E+00
  0.0000000000000E+00
  0.0000000000000E+00
  0.0000000000000E+00
  0.0000000000000E+00
  0.0000000000000E+00
  0.0000000000000E+00
  0.0000000000000E+00
  0.0000000000000E+00
  0.0000000000000E+00
  0.0000000000000E+00
  0.0000000000000E+00
  0.0000000000000E+00
  0.0000000000000E+00
  0.0000000000000E+00
  0.0000000000000E+00
  0.0000000000000E+00
  0.0000000000000E+00
  0.0000000000000E+00
  0.0000000000000E+00
  0.4923012666723E-05
  0.1258266830519E-04
  0.1897118784437E-04
  0.2262776717622E-04
  0.2751708980926E-04
  0.2506366826777E-04
  0.2278891970954E-04
  0.2153393547137E-04
  0.2082949553039E-04
  0.2028848669065E-04
  0.1984105320116E-04
  0.1935653282122E-04
  0.1851303396035E-04
  0.1740713353133E-04
  0.1534160191770E-04
  0.1060259126504E-04
  0.4653225067730E-05
  0.0000000000000E+00
  0.0000000000000E+00
  0.0000000000000E+00
  0.0000000000000E+00
  0.0000000000000E+00
  0.0000000000000E+00
  0.0000000000000E+00
  0.0000000000000E+00
  0.9377687272703E-06
  0.7490485900988E-06
  0.0000000000000E+00
  0.0000000000000E+00
  0.0000000000000E+00
  0.0000000000000E+00
  0.0000000000000E+00
  0.0000000000000E+00
  0.0000000000000E+00
  0.0000000000000E+00
  0.0000000000000E+00
  0.6805455708548E-05
  0.1687018829532E-04
  0.2528324891172E-04
  0.2825214713624E-04
  0.2874894453095E-04
  0.2569800238880E-04
  0.2351978568493E-04
  0.2257650365311E-04
  0.2222211796715E-04
  0.2184498424179E-04
  0.2122557593748E-04
  0.2044878923060E-04
  0.1965895418743E-04
  0.1920493567997E-04
  0.1824786352561E-04
  0.1394579035937E-04
  0.5745415520775E-05
  0.0000000000000E+00
  0.0000000000000E+00
  0.0000000000000E+00
  0.0000000000000E+00
  0.0000000000000E+00
  0.0000000000000E+00
  0.0000000000000E+00
  0.4790725415822E-05
  0.8537323311833E-05
  0.5447557785942E-05
  0.0000000000000E+00
  0.0000000000000E+00
  0.0000000000000E+00
  0.1054981009042E-05
  0.1385489061175E-05
  0.0000000000000E+00
  0.0000000000000E+00
  0.0000000000000E+00
  0.0000000000000E+00
  0.9178031691311E-05
  0.2290849545863E-04
  0.3034163379100E-04
  0.3096527095257E-04
  0.2833538021720E-04
  0.2621207447784E-04
  0.2514098414115E-04
  0.2502350291771E-04
  0.2484059411403E-04
  0.2441258265992E-04
  0.2356569905676E-04
  0.2252530010040E-04
  0.2162189462250E-04
  0.2144370820971E-04
  0.2113339396200E-04
  0.1703371385733E-04
  0.8833234545220E-05
  0.0000000000000E+00
  0.0000000000000E+00
  0.0000000000000E+00
  0.0000000000000E+00
  0.0000000000000E+00
  0.0000000000000E+00
  0.3556706156524E-05
  0.1351533006179E-04
  0.1575002822944E-04
  0.1051702538616E-04
  0.3048589592731E-05
  0.7104400630084E-06
  0.2554008523924E-05
  0.6192901065574E-05
  0.7127238857667E-05
  0.0000000000000E+00
  0.0000000000000E+00
  0.0000000000000E+00
  0.0000000000000E+00
  0.1370151628141E-04
  0.2737324642896E-04
  0.3034486659536E-04
  0.3032937901231E-04
  0.3026547515383E-04
  0.2993332061796E-04
  0.2980459062704E-04
  0.3012661401204E-04
  0.3022899354507E-04
  0.3013807524761E-04
  0.2971196227761E-04
  0.2910634137666E-04
  0.2844633786953E-04
  0.2748836669159E-04
  0.2560551906400E-04
  0.2044910561108E-04
  0.1311485446107E-04
  0.3914758519309E-05
  0.0000000000000E+00
  0.0000000000000E+00
  0.0000000000000E+00
  0.5368865411645E-05
  0.6801107034300E-05
  0.7510626034329E-05
  0.1827091721342E-04
  0.1940166486013E-04
  0.1457027298209E-04
  0.9980934955740E-05
  0.6837853007251E-05
  0.8969001865651E-05
  0.1127655017349E-04
  0.1146037283285E-04
  0.9488337772831E-06
  0.0000000000000E+00
  0.0000000000000E+00
  0.0000000000000E+00
  0.1864385393678E-04
  0.2802248868737E-04
  0.2870293341518E-04
  0.3029840245213E-04
  0.3360455385328E-04
  0.3400146787013E-04
  0.3424950434408E-04
  0.3468489242853E-04
  0.3514332312262E-04
  0.3552796559846E-04
  0.3564148952652E-04
  0.3537670885032E-04
  0.3488320379700E-04
  0.3363424220067E-04
  0.3123036085989E-04
  0.2635322699335E-04
  0.1709857837595E-04
  0.8663454447450E-05
  0.3003550591498E-05
  0.0000000000000E+00
  0.0000000000000E+00
  0.8989873694967E-05
  0.1596494246287E-04
  0.0000000000000E+00
  0.2261945355987E-04
  0.2288675931274E-04
  0.2024583174828E-04
  0.1612904762977E-04
  0.1311069732774E-04
  0.1555280337770E-04
  0.1637104218927E-04
  0.1514047954971E-04
  0.4619656586796E-05
  0.0000000000000E+00
  0.0000000000000E+00
  0.0000000000000E+00
  0.2373870793624E-04
  0.3104019417949E-04
  0.3054336736634E-04
  0.3267552593863E-04
  0.3755280186312E-04
  0.3801365569192E-04
  0.3839951399812E-04
  0.3895315873899E-04
  0.3989389180956E-04
  0.4079478091432E-04
  0.4144781116575E-04
  0.4141142158237E-04
  0.4074049010690E-04
  0.3891274513360E-04
  0.3580278295273E-04
  0.3063575886940E-04
  0.2209930964253E-04
  0.0000000000000E+00
  0.1389024837589E-04
  0.0000000000000E+00
  0.0000000000000E+00
  0.0000000000000E+00
  0.2335749432512E-04
  0.1885029802606E-04
  0.2766863944422E-04
  0.2801785188725E-04
  0.2520678721707E-04
  0.1987108841345E-04
  0.1406959569607E-04
  0.2057036864060E-04
  0.1991283158000E-04
  0.1897751778417E-04
  0.1045379549187E-04
  0.0000000000000E+00
  0.0000000000000E+00
  0.0000000000000E+00
  0.2977439570428E-04
  0.3504277565972E-04
  0.3426279893342E-04
  0.3647933816613E-04
  0.4125371989442E-04
  0.4158591977878E-04
  0.4205474605284E-04
  0.4286203996766E-04
  0.4424062711792E-04
  0.4560884418286E-04
  0.4670839654095E-04
  0.4677044793127E-04
  0.4566456918124E-04
  0.4311923349435E-04
  0.3921586712917E-04
  0.3414700215034E-04
  0.2865440115250E-04
  0.2240600041117E-04
  0.2386737698295E-04
  0.6156741831553E-05
  0.0000000000000E+00
  0.0000000000000E+00
  0.2471456135324E-04
  0.2605598997487E-04
  0.2995104225519E-04
  0.3259570935274E-04
  0.2984220431721E-04
  0.2347542151057E-04
  0.0000000000000E+00
  0.1866467737611E-04
  0.1900125310939E-04
  0.2312938857699E-04
  0.1789170087407E-04
  0.6126300728103E-05
  0.0000000000000E+00
  0.0000000000000E+00
  0.3589087021309E-04
  0.3904607513492E-04
  0.3826589178577E-04
  0.4028196391133E-04
  0.4502640617930E-04
  0.4525963785646E-04
  0.4573465153637E-04
  0.4662603178551E-04
  0.4795316673681E-04
  0.4939095204966E-04
  0.5060048481328E-04
  0.5055401983473E-04
  0.4902886644332E-04
  0.4615708188194E-04
  0.4234889513906E-04
  0.3885886515286E-04
  0.3585280872547E-04
  0.2839585429596E-04
  0.2831231214650E-04
  0.1821455588179E-04
  0.0000000000000E+00
  0.0000000000000E+00
  0.2033969892361E-04
  0.3262684514722E-04
  0.3459527903600E-04
  0.3729546518768E-04
  0.3489402982816E-04
  0.2885837940758E-04
  0.0000000000000E+00
  0.0000000000000E+00
  0.0000000000000E+00
  0.2403576086144E-04
  0.2604864509420E-04
  0.1533634942127E-04
  0.0000000000000E+00
  0.0000000000000E+00
  0.3826576086243E-04
  0.4195607406857E-04
  0.4254452490153E-04
  0.4422111384069E-04
  0.4881647208464E-04
  0.4905094512095E-04
  0.4946217922677E-04
  0.4998627701797E-04
  0.5063406309718E-04
  0.5164596571805E-04
  0.5281294380740E-04
  0.5287162514653E-04
  0.5135563083309E-04
  0.4906257438766E-04
  0.4656268769267E-04
  0.4454248622164E-04
  0.4127625805794E-04
  0.3433526020786E-04
  0.3346560988369E-04
  0.3037676406340E-04
  0.0000000000000E+00
  0.0000000000000E+00
  0.0000000000000E+00
  0.3490295962254E-04
  0.4006269732824E-04
  0.4162867210930E-04
  0.3960639419421E-04
  0.3653183192933E-04
  0.2143495077136E-04
  0.0000000000000E+00
  0.0000000000000E+00
  0.0000000000000E+00
  0.3438252072329E-04
  0.2546282623503E-04
  0.0000000000000E+00
  0.0000000000000E+00
  0.4124506131024E-04
  0.4567072772290E-04
  0.4712488480220E-04
  0.4823616066493E-04
  0.5180306368598E-04
  0.5220066859023E-04
  0.5259405136836E-04
  0.5263984301957E-04
  0.5258046677070E-04
  0.5338747517293E-04
  0.5468837988653E-04
  0.5480618436000E-04
  0.5337338234806E-04
  0.5171012467524E-04
  0.5039236022503E-04
  0.4886392989329E-04
  0.4439950556496E-04
  0.3806675114516E-04
  0.3836133311801E-04
  0.3815397705719E-04
  0.0000000000000E+00
  0.0000000000000E+00
  0.0000000000000E+00
  0.3534761449521E-04
  0.4350631405005E-04
  0.4510874352409E-04
  0.4357420006232E-04
  0.4154885692321E-04
  0.2718163244935E-04
  0.2305186787236E-04
  0.0000000000000E+00
  0.0000000000000E+00
  0.4047999109719E-04
  0.3644888617338E-04
  0.0000000000000E+00
  0.3109252437464E-04
  0.4491447073500E-04
  0.4932490095225E-04
  0.5072862087716E-04
  0.5132717129900E-04
  0.5120072915054E-04
  0.5160690796823E-04
  0.5188538079848E-04
  0.5184902559324E-04
  0.5189920676719E-04
  0.5265182201566E-04
  0.5368116476228E-04
  0.5367743438927E-04
  0.5260042348593E-04
  0.5149554205972E-04
  0.5058704842962E-04
  0.4925609057147E-04
  0.4489195254553E-04
  0.3882782167932E-04
  0.4061412216953E-04
  0.4017260579608E-04
  0.0000000000000E+00
  0.0000000000000E+00
  0.0000000000000E+00
  0.3500051930201E-04
  0.4594549254734E-04
  0.4893585573292E-04
  0.4697183801179E-04
  0.4382981494185E-04
  0.3273863194512E-04
  0.2768903021467E-04
  0.2531809581563E-04
  0.0000000000000E+00
  0.4025522519616E-04
  0.4355358504325E-04
  0.2854567249484E-04
  0.3886148534892E-04
  0.4672316993751E-04
  0.5029282638077E-04
  0.5059080328805E-04
  0.5076243877654E-04
  0.4466251244351E-04
  0.4440565862283E-04
  0.4393903792692E-04
  0.4342815084643E-04
  0.4345228663833E-04
  0.4427596871285E-04
  0.4548995342364E-04
  0.4606208076508E-04
  0.4615670934195E-04
  0.4643100497304E-04
  0.4651744120067E-04
  0.4597848707590E-04
  0.4345586873443E-04
  0.3761196113366E-04
  0.4138586836923E-04
  0.3930467735110E-04
  0.0000000000000E+00
  0.0000000000000E+00
  0.0000000000000E+00
  0.3892346741396E-04
  0.4786398757499E-04
  0.5104673820945E-04
  0.4982064847227E-04
  0.4547308280700E-04
  0.3766886989124E-04
  0.3566796394622E-04
  0.3314073951567E-04
  0.0000000000000E+00
  0.0000000000000E+00
  0.4459502565399E-04
  0.3564941374292E-04
  0.4095065114596E-04
  0.4464360164853E-04
  0.4592843227845E-04
  0.4522709512893E-04
  0.4481242975038E-04
  0.3626163731209E-04
  0.3561861207623E-04
  0.3500149540325E-04
  0.3467852000180E-04
  0.3479695271362E-04
  0.3531151488923E-04
  0.3605134866707E-04
  0.3663958694109E-04
  0.3745919319567E-04
  0.3862869694511E-04
  0.3981060255986E-04
  0.4095980910893E-04
  0.4118294937787E-04
  0.3644455060183E-04
  0.4286197303544E-04
  0.3843107348276E-04
  0.0000000000000E+00
  0.0000000000000E+00
  0.0000000000000E+00
  0.4149837373297E-04
  0.4663904641197E-04
  0.4832204459754E-04
  0.4944271714942E-04
  0.4661818038146E-04
  0.4138405542656E-04
  0.4171786157602E-04
  0.3970980389235E-04
  0.3586913656101E-04
  0.0000000000000E+00
  0.4270751593593E-04
  0.3876397119018E-04
  0.3977107089881E-04
  0.3920706463364E-04
  0.3883130667626E-04
  0.3769384785453E-04
  0.3689579878236E-04
  0.3231939274562E-04
  0.3152559192625E-04
  0.3087679352819E-04
  0.3066934790882E-04
  0.3079786635472E-04
  0.3116319870438E-04
  0.3163660203509E-04
  0.3201237460695E-04
  0.3264813747886E-04
  0.3364955403568E-04
  0.3501697472036E-04
  0.3700747293343E-04
  0.3980460194673E-04
  0.4110449809950E-04
  0.4545179758303E-04
  0.3619027120714E-04
  0.0000000000000E+00
  0.0000000000000E+00
  0.0000000000000E+00
  0.4639055519843E-04
  0.4664732355374E-04
  0.4326215489737E-04
  0.4647294997114E-04
  0.4772289641280E-04
  0.4357753814834E-04
  0.4563669149791E-04
  0.4629695016977E-04
  0.4695741405959E-04
  0.0000000000000E+00
  0.4259937497402E-04
  0.4074942341061E-04
  0.3853369307431E-04
  0.3604398294541E-04
  0.3517496973185E-04
  0.3407993111119E-04
  0.3314105429186E-04
  0.3685789853478E-04
  0.3559242629315E-04
  0.3455588888507E-04
  0.3395679219358E-04
  0.3378879566926E-04
  0.3397097696417E-04
  0.3446246506139E-04
  0.3500498150842E-04
  0.3582130661961E-04
  0.3700804185222E-04
  0.3849220712793E-04
  0.4055004306092E-04
  0.4384951688489E-04
  0.4739832153420E-04
  0.4970427889432E-04
  0.3671376978917E-04
  0.0000000000000E+00
  0.0000000000000E+00
  0.0000000000000E+00
  0.5063024529480E-04
  0.4836388209486E-04
  0.4189299649176E-04
  0.4102795661216E-04
  0.5187399812967E-04
  0.5044115872982E-04
  0.5207902317181E-04
  0.5243723112776E-04
  0.5228410114376E-04
  0.4604125616972E-04
  0.4995482910689E-04
  0.4860487090845E-04
  0.4529358492430E-04
  0.4246057823335E-04
  0.4124408188587E-04
  0.3978146244063E-04
  0.3823262207361E-04
  0.5006584598617E-04
  0.4834474918101E-04
  0.4661876902232E-04
  0.4517015560561E-04
  0.4428200374338E-04
  0.4394662440101E-04
  0.4416634748138E-04
  0.4450652841760E-04
  0.4495774409171E-04
  0.4559568243999E-04
  0.4605561112291E-04
  0.4638865945530E-04
  0.4721018312425E-04
  0.4853132308251E-04
  0.5382039189763E-04
  0.4631348979697E-04
  0.0000000000000E+00
  0.0000000000000E+00
  0.0000000000000E+00
  0.5422642737662E-04
  0.4905935211527E-04
  0.4046552821425E-04
  0.0000000000000E+00
  0.5401412218672E-04
  0.5659754982210E-04
  0.5681153672722E-04
  0.5619642066889E-04
  0.5404451866218E-04
  0.5267531484163E-04
  0.5738715948610E-04
  0.5876847264073E-04
  0.5715757934288E-04
  0.5584307774475E-04
  0.5497356092086E-04
  0.5355362121427E-04
  0.5183942072528E-04
  0.6443671375026E-04
  0.6359145998786E-04
  0.6201695991631E-04
  0.5989652033688E-04
  0.5794263688576E-04
  0.5627941753915E-04
  0.5496361414164E-04
  0.5384908474622E-04
  0.5295286175286E-04
  0.5235539184835E-04
  0.5160132597038E-04
  0.5045291691199E-04
  0.4875253684715E-04
  0.4649148794102E-04
  0.4913863241930E-04
  0.5479164217451E-04
  0.3283081900614E-04
  0.3375863784819E-04
  0.4241806179007E-04
  0.5527945326303E-04
  0.4934944051400E-04
  0.3543882595089E-04
  0.0000000000000E+00
  0.5523416336086E-04
  0.6061902892784E-04
  0.5868848022612E-04
  0.5764841949326E-04
  0.5524460836353E-04
  0.5476359166448E-04
  0.5926524026264E-04
  0.6271447167977E-04
  0.6375609263916E-04
  0.6492746829274E-04
  0.6597589401453E-04
  0.6573047708827E-04
  0.6518849100858E-04
  0.6763033390239E-04
  0.6829756254224E-04
  0.6844578499691E-04
  0.6748112076386E-04
  0.6585525852448E-04
  0.6357609086731E-04
  0.6067663329269E-04
  0.5794859269403E-04
  0.5586995398031E-04
  0.5445615862265E-04
  0.5331002775942E-04
  0.5216853231617E-04
  0.5036837929396E-04
  0.4706240419712E-04
  0.4335789167273E-04
  0.4633237633018E-04
  0.4324306792726E-04
  0.4233797708177E-04
  0.4231337986670E-04
  0.5160553630793E-04
  0.5052955969001E-04
  0.0000000000000E+00
  0.4701071361333E-04
  0.5819248913136E-04
  0.5989438232731E-04
  0.5830460951037E-04
  0.5720724048372E-04
  0.5476704466121E-04
  0.5333029111704E-04
  0.5566075983854E-04
  0.5904636985126E-04
  0.6124307028547E-04
  0.6374584318603E-04
  0.6612109155724E-04
  0.6683350616051E-04
  0.6726349823995E-04
  0.6214543630231E-04
  0.6308930158475E-04
  0.6439961031133E-04
  0.6552277816505E-04
  0.6587194971390E-04
  0.6499792464266E-04
  0.6255891054720E-04
  0.5944782161374E-04
  0.5661900828827E-04
  0.5445499707871E-04
  0.5291428213350E-04
  0.5174491717430E-04
  0.5042335823320E-04
  0.4843555982516E-04
  0.4654045017498E-04
  0.4871179459544E-04
  0.4671982265724E-04
  0.4458069677962E-04
  0.4365598557677E-04
  0.4786859738824E-04
  0.4928620349448E-04
  0.0000000000000E+00
  0.4833475426181E-04
  0.5452921012514E-04
  0.5566719080896E-04
  0.5599264730083E-04
  0.5546979748031E-04
  0.5335679206399E-04
  0.5146040800980E-04
  0.5231027299277E-04
  0.5452305878084E-04
  0.5622247289828E-04
  0.5832770722037E-04
  0.6040876752884E-04
  0.6126807633384E-04
  0.6175585353784E-04
  0.5589607388113E-04
  0.5630383203529E-04
  0.5736975406744E-04
  0.5911252958837E-04
  0.6082066762200E-04
  0.6183718644389E-04
  0.6142453159111E-04
  0.5955714395254E-04
  0.5688863622597E-04
  0.5405454376425E-04
  0.5179070985764E-04
  0.5009287554125E-04
  0.4850029436987E-04
  0.4660694451248E-04
  0.4542443601787E-04
  0.4710284528066E-04
  0.4603152004097E-04
  0.4354685189912E-04
  0.4121981349155E-04
  0.4349124304190E-04
  0.4550752294418E-04
  0.3785350647195E-04
  0.4718134134032E-04
  0.4990069228066E-04
  0.5095769176997E-04
  0.5211670424845E-04
  0.5237479872422E-04
  0.5118176593327E-04
  0.4960318601029E-04
  0.4965638367697E-04
  0.5093948924879E-04
  0.5204473328258E-04
  0.5345447890170E-04
  0.5466470826312E-04
  0.5534282007217E-04
  0.5574207079766E-04
  0.5037456647826E-04
  0.5034682703201E-04
  0.5076951826825E-04
  0.5195591701338E-04
  0.5348670000304E-04
  0.5493970134802E-04
  0.5596948815979E-04
  0.5595384762291E-04
  0.5469925680526E-04
  0.5242502067679E-04
  0.4992895835342E-04
  0.4770781316181E-04
  0.4581222242446E-04
  0.4421301720285E-04
  0.4330300883470E-04
  0.4371085422586E-04
  0.4276355258076E-04
  0.4094673477337E-04
  0.3709774336696E-04
  0.3807827651984E-04
  0.3970530870574E-04
  0.4148850773533E-04
  0.4550869738155E-04
  0.4540189884214E-04
  0.4609805456587E-04
  0.4713241610020E-04
  0.4787985104291E-04
  0.4770954291535E-04
  0.4685876285008E-04
  0.4665503348814E-04
  0.4721497961087E-04
  0.4775634974985E-04
  0.4861478792073E-04
  0.4932238192034E-04
  0.4989302457755E-04
  0.5028654421464E-04
  0.4537245698723E-04
  0.4523507776994E-04
  0.4522682348556E-04
  0.4568145901501E-04
  0.4650674688007E-04
  0.4746328562711E-04
  0.4848674075018E-04
  0.4917821951256E-04
  0.4908277275845E-04
  0.4800427188992E-04
  0.4627404746407E-04
  0.4402225987426E-04
  0.4185949218583E-04
  0.4048317405399E-04
  0.4010798676826E-04
  0.4016866682989E-04
  0.3940568162340E-04
  0.3773932108921E-04
  0.3238398229846E-04
  0.3176586967639E-04
  0.3452712432011E-04
  0.3932082235244E-04
  0.4481255937478E-04
  0.4305622580797E-04
  0.4243512767630E-04
  0.4258057487720E-04
  0.4310572704905E-04
  0.4334170338641E-04
  0.4320826721140E-04
  0.4323444836002E-04
  0.4336469872004E-04
  0.4346001662313E-04
  0.4384561796131E-04
  0.4423238289748E-04
  0.4473618414527E-04
  0.4523298972837E-04
  0.4015915264811E-04
  0.4004851913888E-04
  0.3985701527711E-04
  0.3986355013761E-04
  0.4019705591925E-04
  0.4067621910591E-04
  0.4116456498527E-04
  0.4177701490540E-04
  0.4200465618968E-04
  0.4164794291139E-04
  0.4073598722456E-04
  0.3892611567488E-04
  0.3669377953255E-04
  0.3569718795372E-04
  0.3642168201949E-04
  0.3745562971287E-04
  0.3753225600416E-04
  0.3558980732094E-04
  0.2696829216288E-04
  0.2332807807672E-04
  0.2862635728294E-04
  0.4277748305164E-04
  0.5004641970501E-04
  0.4573943832400E-04
  0.4206747371845E-04
  0.4029124894017E-04
  0.3969914364672E-04
  0.3938741333696E-04
  0.3913504429120E-04
  0.3925042456531E-04
  0.3919551898928E-04
  0.3897859761215E-04
  0.3899407516027E-04
  0.3917322791537E-04
  0.3953435844955E-04
  0.3997725333546E-04
  0.3713624255267E-04
  0.3687453342586E-04
  0.3650298270242E-04
  0.3630275098018E-04
  0.3627194973416E-04
  0.3636584946212E-04
  0.3640511403215E-04
  0.3657822476835E-04
  0.3670260417641E-04
  0.3671140157428E-04
  0.3688444596397E-04
  0.3671455587730E-04
  0.3581316468714E-04
  0.3528972485743E-04
  0.3627481553628E-04
  0.3826149791242E-04
  0.3916620013090E-04
  0.3697111723952E-04
  0.0000000000000E+00
  0.0000000000000E+00
  0.0000000000000E+00
  0.4399948495260E-04
  0.5609690249202E-04
  0.5371895932835E-04
  0.4852917529042E-04
  0.4512724762234E-04
  0.4305020979042E-04
  0.4150551224971E-04
  0.4017110947608E-04
  0.3924611843709E-04
  0.3846964851891E-04
  0.3764546696359E-04
  0.3713115468825E-04
  0.3693223441511E-04
  0.3699510362604E-04
  0.3715586337272E-04
  0.3696254963897E-04
  0.3677914048126E-04
  0.3650435592511E-04
  0.3621607013514E-04
  0.3598010552926E-04
  0.3585868375668E-04
  0.3579080504725E-04
  0.3580677457636E-04
  0.3600623704657E-04
  0.3611376286748E-04
  0.3618102813201E-04
  0.3605511173867E-04
  0.3535945270389E-04
  0.3474575748941E-04
  0.3537199242501E-04
  0.3791002377389E-04
  0.4055097639473E-04
  0.3910233275971E-04
  0.0000000000000E+00
  0.0000000000000E+00
  0.0000000000000E+00
  0.4365587352316E-04
  0.5561080723778E-04
  0.5665506213539E-04
  0.5337570945423E-04
  0.5058769041902E-04
  0.4796599373015E-04
  0.4532110800445E-04
  0.4293713050738E-04
  0.4117705739135E-04
  0.3991849185019E-04
  0.3871958138511E-04
  0.3775076338377E-04
  0.3714685768735E-04
  0.3689321426483E-04
  0.3692431736683E-04
  0.3681724751047E-04
  0.3638029394521E-04
  0.3591665391509E-04
  0.3583142737863E-04
  0.3561024559639E-04
  0.3543838504600E-04
  0.3535633673265E-04
  0.3536598504503E-04
  0.3545966084297E-04
  0.3555476767453E-04
  0.3563675413084E-04
  0.3557613605242E-04
  0.3521567997638E-04
  0.3487382294574E-04
  0.3525710546248E-04
  0.3745361003860E-04
  0.4119370736924E-04
  0.4321829996195E-04
  0.0000000000000E+00
  0.0000000000000E+00
  0.0000000000000E+00
  0.3667394959173E-04
  0.4538164452259E-04
  0.4902685211708E-04
  0.4914318802192E-04
  0.4906529152726E-04
  0.4849395883929E-04
  0.4705221763641E-04
  0.4533154420235E-04
  0.4352781310503E-04
  0.4183352989072E-04
  0.4036053663982E-04
  0.3912122582969E-04
  0.3817703869114E-04
  0.3751418897694E-04
  0.3712543287153E-04
  0.3648948525701E-04
  0.3597523047493E-04
  0.3547732261662E-04
  0.3505850412230E-04
  0.3462165010873E-04
  0.3435707989485E-04
  0.3426190313724E-04
  0.3434707978073E-04
  0.3447057958027E-04
  0.3461906519321E-04
  0.3479320760312E-04
  0.3491859139900E-04
  0.3496318430098E-04
  0.3488786388591E-04
  0.3519256729245E-04
  0.3662999039346E-04
  0.3979039474712E-04
  0.4457365346460E-04
  0.3167422995700E-04
  0.2851154325440E-04
  0.2568863337306E-04
  0.2945508039556E-04
  0.3171296980067E-04
  0.3472288784864E-04
  0.3698362153525E-04
  0.3896697418553E-04
  0.4093506146595E-04
  0.4208131979621E-04
  0.4228197536440E-04
  0.4190270707404E-04
  0.4097825165198E-04
  0.3991725559101E-04
  0.3886643714331E-04
  0.3803777924621E-04
  0.3730089869002E-04
  0.3685796603762E-04
  0.3350164560455E-04
  0.3314894075192E-04
  0.3288410932258E-04
  0.3262511131460E-04
  0.3232044933730E-04
  0.3209918654964E-04
  0.3202741871109E-04
  0.3210534127845E-04
  0.3222452080210E-04
  0.3218127257926E-04
  0.3233289211177E-04
  0.3251087743338E-04
  0.3269421094895E-04
  0.3286805564402E-04
  0.3312387480783E-04
  0.3393869612244E-04
  0.3578255281055E-04
  0.3828586369569E-04
  0.3376312355262E-04
  0.3017822694767E-04
  0.2673363810467E-04
  0.2553176617732E-04
  0.2522622723540E-04
  0.2627194327747E-04
  0.2753072243673E-04
  0.2896874042090E-04
  0.3088643304212E-04
  0.3280837398930E-04
  0.3409972760019E-04
  0.3472369218823E-04
  0.3471768999069E-04
  0.3433597043980E-04
  0.3389530630625E-04
  0.3375280048165E-04
  0.3367540159406E-04
  0.3358863636545E-04
  0.2633143570223E-04
  0.2648349267641E-04
  0.2650687825638E-04
  0.2644694939208E-04
  0.2628585413323E-04
  0.2609880986537E-04
  0.2597165006749E-04
  0.2589565752947E-04
  0.2582064584497E-04
  0.2578360346762E-04
  0.2588344529407E-04
  0.2600320717866E-04
  0.2613492244408E-04
  0.2627250548891E-04
  0.2646806884541E-04
  0.2693884928313E-04
  0.2818445874032E-04
  0.2959495782535E-04
  0.2791671063862E-04
  0.2541307112993E-04
  0.2331119469999E-04
  0.2189273588841E-04
  0.2096030897503E-04
  0.2058958765386E-04
  0.2053673631111E-04
  0.2079209231540E-04
  0.2158176884328E-04
  0.2281503473738E-04
  0.2408403376590E-04
  0.2499161891457E-04
  0.2546533623391E-04
  0.2567381383079E-04
  0.2575413020068E-04
  0.2594816170060E-04
  0.2614502495053E-04
  0.2621332880854E-04
  0.1669008306730E-04
  0.1685227731668E-04
  0.1690229247645E-04
  0.1684346055962E-04
  0.1666719400156E-04
  0.1643498301325E-04
  0.1621455779232E-04
  0.1606186846083E-04
  0.1598376280819E-04
  0.1597659790926E-04
  0.1598876815699E-04
  0.1600772628177E-04
  0.1606265198471E-04
  0.1621171942301E-04
  0.1648781891330E-04
  0.1698717969234E-04
  0.1777143867883E-04
  0.1857528157501E-04
  0.1869476678772E-04
  0.1806379114012E-04
  0.1700594761734E-04
  0.1581618909556E-04
  0.1473449416280E-04
  0.1393223694599E-04
  0.1350960206743E-04
  0.1352149727768E-04
  0.1391735290938E-04
  0.1454590681716E-04
  0.1523231773669E-04
  0.1578495212416E-04
  0.1608737613919E-04
  0.1618953209769E-04
  0.1621261628074E-04
  0.1627222016134E-04
  0.1637177713386E-04
  0.1650402099660E-04
  0.7766231449029E-05
  0.7966246907216E-05
  0.8270661213616E-05
  0.8727087899954E-05
  0.9014146746372E-05
  0.9210097752208E-05
  0.9363515844461E-05
  0.9492922250264E-05
  0.9765276887902E-05
  0.1018578450639E-04
  0.1080649688083E-04
  0.1144963862808E-04
  0.1185594330010E-04
  0.1210401491416E-04
  0.1224079949642E-04
  0.1228113275615E-04
  0.1219884475742E-04
  0.1191383266855E-04
  0.1131400958309E-04
  0.1026021741676E-04
  0.9065824506306E-05
  0.8190544465387E-05
  0.7593393010434E-05
  0.7234782666909E-05
  0.7072672412295E-05
  0.7060584986025E-05
  0.7144336008351E-05
  0.7264745624884E-05
  0.7372924490276E-05
  0.7447041326255E-05
  0.7481870108426E-05
  0.7495183157052E-05
  0.7499865872663E-05
  0.7516324037120E-05
  0.7558273174830E-05
  0.7637322421350E-05
  0.0000000000000E+00
  0.0000000000000E+00
  0.0000000000000E+00
  0.0000000000000E+00
  0.2674293208231E-05
  0.0000000000000E+00
  0.0000000000000E+00
  0.0000000000000E+00
  0.0000000000000E+00
  0.0000000000000E+00
  0.0000000000000E+00
  0.0000000000000E+00
  0.0000000000000E+00
  0.0000000000000E+00
  0.0000000000000E+00
  0.0000000000000E+00
  0.0000000000000E+00
  0.0000000000000E+00
  0.0000000000000E+00
  0.0000000000000E+00
  0.0000000000000E+00
  0.0000000000000E+00
  0.0000000000000E+00
  0.0000000000000E+00
  0.0000000000000E+00
  0.0000000000000E+00
  0.0000000000000E+00
  0.0000000000000E+00
  0.0000000000000E+00
  0.0000000000000E+00
  0.0000000000000E+00
  0.0000000000000E+00
  0.0000000000000E+00
  0.0000000000000E+00
  0.0000000000000E+00
  0.2806697267895E-05
  0.1617389209173E-05
  0.0000000000000E+00
  0.0000000000000E+00
  0.0000000000000E+00
  0.1522473957818E-05
  0.0000000000000E+00
  0.0000000000000E+00
  0.0000000000000E+00
  0.3145324928599E-05
  0.0000000000000E+00
  0.0000000000000E+00
  0.0000000000000E+00
  0.0000000000000E+00
  0.0000000000000E+00
  0.0000000000000E+00
  0.0000000000000E+00
  0.0000000000000E+00
  0.0000000000000E+00
  0.0000000000000E+00
  0.0000000000000E+00
  0.0000000000000E+00
  0.0000000000000E+00
  0.0000000000000E+00
  0.0000000000000E+00
  0.0000000000000E+00
  0.0000000000000E+00
  0.0000000000000E+00
  0.0000000000000E+00
  0.0000000000000E+00
  0.0000000000000E+00
  0.0000000000000E+00
  0.0000000000000E+00
  0.0000000000000E+00
  0.0000000000000E+00
  0.0000000000000E+00
  0.0000000000000E+00
  0.0000000000000E+00
  0.0000000000000E+00
  0.9235349511864E-06
  0.0000000000000E+00
  0.0000000000000E+00
  0.0000000000000E+00
  0.0000000000000E+00
  0.0000000000000E+00
  0.0000000000000E+00
  0.0000000000000E+00
  0.0000000000000E+00
  0.7644229878331E-05
  0.0000000000000E+00
  0.0000000000000E+00
  0.0000000000000E+00
  0.0000000000000E+00
  0.0000000000000E+00
  0.0000000000000E+00
  0.0000000000000E+00
  0.0000000000000E+00
  0.0000000000000E+00
  0.0000000000000E+00
  0.0000000000000E+00
  0.0000000000000E+00
  0.0000000000000E+00
  0.0000000000000E+00
  0.0000000000000E+00
  0.0000000000000E+00
  0.0000000000000E+00
  0.0000000000000E+00
  0.0000000000000E+00
  0.0000000000000E+00
  0.0000000000000E+00
  0.0000000000000E+00
  0.0000000000000E+00
  0.0000000000000E+00
  0.0000000000000E+00
  0.0000000000000E+00
  0.0000000000000E+00
  0.0000000000000E+00
  0.0000000000000E+00
  0.0000000000000E+00
  0.0000000000000E+00
  0.0000000000000E+00
  0.0000000000000E+00
  0.0000000000000E+00
  0.0000000000000E+00
  0.2900881577296E-05
  0.0000000000000E+00
  0.0000000000000E+00
  0.0000000000000E+00
  0.0000000000000E+00
  0.0000000000000E+00
  0.0000000000000E+00
  0.0000000000000E+00
  0.0000000000000E+00
  0.0000000000000E+00
  0.0000000000000E+00
  0.0000000000000E+00
  0.0000000000000E+00
  0.0000000000000E+00
  0.0000000000000E+00
  0.0000000000000E+00
  0.0000000000000E+00
  0.0000000000000E+00
  0.0000000000000E+00
  0.0000000000000E+00
  0.0000000000000E+00
  0.0000000000000E+00
  0.0000000000000E+00
  0.0000000000000E+00
  0.0000000000000E+00
  0.0000000000000E+00
  0.0000000000000E+00
  0.0000000000000E+00
  0.0000000000000E+00
  0.0000000000000E+00
  0.0000000000000E+00
  0.0000000000000E+00
  0.0000000000000E+00
  0.0000000000000E+00
  0.0000000000000E+00
  0.0000000000000E+00
  0.3254852250397E-05
  0.0000000000000E+00
  0.0000000000000E+00
  0.0000000000000E+00
  0.0000000000000E+00
  0.0000000000000E+00
  0.0000000000000E+00
  0.0000000000000E+00
  0.0000000000000E+00
  0.0000000000000E+00
  0.0000000000000E+00
  0.0000000000000E+00
  0.0000000000000E+00
  0.0000000000000E+00
  0.0000000000000E+00
  0.0000000000000E+00
  0.0000000000000E+00
  0.0000000000000E+00
  0.0000000000000E+00
  0.0000000000000E+00
  0.0000000000000E+00
  0.0000000000000E+00
  0.0000000000000E+00
  0.0000000000000E+00
  0.0000000000000E+00
  0.0000000000000E+00
  0.0000000000000E+00
  0.0000000000000E+00
  0.0000000000000E+00
  0.0000000000000E+00
  0.0000000000000E+00
  0.0000000000000E+00
  0.0000000000000E+00
  0.0000000000000E+00
  0.0000000000000E+00
  0.0000000000000E+00
  0.0000000000000E+00
  0.0000000000000E+00
  0.0000000000000E+00
  0.0000000000000E+00
  0.0000000000000E+00
  0.0000000000000E+00
  0.0000000000000E+00
  0.0000000000000E+00
  0.0000000000000E+00
  0.0000000000000E+00
  0.0000000000000E+00
  0.0000000000000E+00
  0.0000000000000E+00
  0.0000000000000E+00
  0.0000000000000E+00
  0.0000000000000E+00
  0.0000000000000E+00
  0.0000000000000E+00
  0.0000000000000E+00
  0.0000000000000E+00
  0.0000000000000E+00
  0.0000000000000E+00
  0.0000000000000E+00
  0.0000000000000E+00
  0.0000000000000E+00
  0.0000000000000E+00
  0.0000000000000E+00
  0.0000000000000E+00
  0.0000000000000E+00
  0.0000000000000E+00
  0.0000000000000E+00
  0.0000000000000E+00
  0.0000000000000E+00
  0.0000000000000E+00
  0.0000000000000E+00
  0.0000000000000E+00
  0.0000000000000E+00
  0.0000000000000E+00
  0.0000000000000E+00
  0.0000000000000E+00
  0.0000000000000E+00
  0.0000000000000E+00
  0.0000000000000E+00
  0.0000000000000E+00
  0.0000000000000E+00
  0.0000000000000E+00
  0.0000000000000E+00
  0.0000000000000E+00
  0.0000000000000E+00
  0.0000000000000E+00
  0.0000000000000E+00
  0.0000000000000E+00
  0.0000000000000E+00
  0.0000000000000E+00
  0.0000000000000E+00
  0.0000000000000E+00
  0.0000000000000E+00
  0.0000000000000E+00
  0.0000000000000E+00
  0.0000000000000E+00
  0.0000000000000E+00
  0.0000000000000E+00
  0.0000000000000E+00
  0.0000000000000E+00
  0.0000000000000E+00
  0.0000000000000E+00
  0.0000000000000E+00
  0.0000000000000E+00
  0.0000000000000E+00
  0.0000000000000E+00
  0.0000000000000E+00
  0.0000000000000E+00
  0.0000000000000E+00
  0.0000000000000E+00
  0.0000000000000E+00
  0.0000000000000E+00
  0.0000000000000E+00
  0.0000000000000E+00
  0.0000000000000E+00
  0.0000000000000E+00
  0.0000000000000E+00
  0.0000000000000E+00
  0.0000000000000E+00
  0.0000000000000E+00
  0.0000000000000E+00
  0.0000000000000E+00
  0.0000000000000E+00
  0.0000000000000E+00
  0.0000000000000E+00
  0.0000000000000E+00
  0.0000000000000E+00
  0.0000000000000E+00
  0.0000000000000E+00
  0.0000000000000E+00
  0.0000000000000E+00
  0.0000000000000E+00
  0.0000000000000E+00
  0.0000000000000E+00
  0.0000000000000E+00
  0.0000000000000E+00
  0.0000000000000E+00
  0.0000000000000E+00
  0.0000000000000E+00
  0.0000000000000E+00
  0.0000000000000E+00
  0.0000000000000E+00
  0.0000000000000E+00
  0.0000000000000E+00
  0.0000000000000E+00
  0.0000000000000E+00
  0.0000000000000E+00
  0.0000000000000E+00
  0.0000000000000E+00
  0.0000000000000E+00
  0.0000000000000E+00
  0.0000000000000E+00
  0.0000000000000E+00
  0.0000000000000E+00
  0.0000000000000E+00
  0.0000000000000E+00
  0.0000000000000E+00
  0.0000000000000E+00
  0.0000000000000E+00
  0.0000000000000E+00
  0.0000000000000E+00
  0.0000000000000E+00
  0.0000000000000E+00
  0.0000000000000E+00
  0.0000000000000E+00
  0.0000000000000E+00
  0.0000000000000E+00
  0.0000000000000E+00
  0.0000000000000E+00
  0.0000000000000E+00
  0.0000000000000E+00
  0.0000000000000E+00
  0.0000000000000E+00
  0.0000000000000E+00
  0.0000000000000E+00
  0.0000000000000E+00
  0.0000000000000E+00
  0.0000000000000E+00
  0.0000000000000E+00
  0.0000000000000E+00
  0.0000000000000E+00
  0.0000000000000E+00
  0.0000000000000E+00
  0.0000000000000E+00
  0.0000000000000E+00
  0.0000000000000E+00
  0.0000000000000E+00
  0.8692301803644E-05
  0.0000000000000E+00
  0.0000000000000E+00
  0.0000000000000E+00
  0.0000000000000E+00
  0.0000000000000E+00
  0.0000000000000E+00
  0.0000000000000E+00
  0.0000000000000E+00
  0.0000000000000E+00
  0.0000000000000E+00
  0.0000000000000E+00
  0.0000000000000E+00
  0.0000000000000E+00
  0.0000000000000E+00
  0.0000000000000E+00
  0.0000000000000E+00
  0.0000000000000E+00
  0.0000000000000E+00
  0.0000000000000E+00
  0.0000000000000E+00
  0.0000000000000E+00
  0.0000000000000E+00
  0.0000000000000E+00
  0.0000000000000E+00
  0.0000000000000E+00
  0.0000000000000E+00
  0.0000000000000E+00
  0.0000000000000E+00
  0.0000000000000E+00
  0.1256042415202E-04
  0.0000000000000E+00
  0.0000000000000E+00
  0.0000000000000E+00
  0.0000000000000E+00
  0.0000000000000E+00
  0.5046364957416E-05
  0.0000000000000E+00
  0.0000000000000E+00
  0.0000000000000E+00
  0.0000000000000E+00
  0.0000000000000E+00
  0.0000000000000E+00
  0.0000000000000E+00
  0.0000000000000E+00
  0.0000000000000E+00
  0.0000000000000E+00
  0.0000000000000E+00
  0.0000000000000E+00
  0.0000000000000E+00
  0.0000000000000E+00
  0.0000000000000E+00
  0.0000000000000E+00
  0.0000000000000E+00
  0.0000000000000E+00
  0.0000000000000E+00
  0.0000000000000E+00
  0.0000000000000E+00
  0.0000000000000E+00
  0.0000000000000E+00
  0.0000000000000E+00
  0.0000000000000E+00
  0.0000000000000E+00
  0.0000000000000E+00
  0.0000000000000E+00
  0.0000000000000E+00
  0.0000000000000E+00
  0.0000000000000E+00
  0.0000000000000E+00
  0.0000000000000E+00
  0.0000000000000E+00
  0.0000000000000E+00
  0.2038311641272E-05
  0.0000000000000E+00
  0.0000000000000E+00
  0.0000000000000E+00
  0.0000000000000E+00
  0.9337203420259E-05
  0.0000000000000E+00
  0.1548046230272E-04
  0.0000000000000E+00
  0.0000000000000E+00
  0.0000000000000E+00
  0.0000000000000E+00
  0.0000000000000E+00
  0.0000000000000E+00
  0.1657635528498E-05
  0.0000000000000E+00
  0.0000000000000E+00
  0.0000000000000E+00
  0.0000000000000E+00
  0.0000000000000E+00
  0.0000000000000E+00
  0.0000000000000E+00
  0.0000000000000E+00
  0.0000000000000E+00
  0.0000000000000E+00
  0.0000000000000E+00
  0.0000000000000E+00
  0.0000000000000E+00
  0.0000000000000E+00
  0.0000000000000E+00
  0.0000000000000E+00
  0.0000000000000E+00
  0.0000000000000E+00
  0.2899227388080E-05
  0.0000000000000E+00
  0.0000000000000E+00
  0.2806774278886E-05
  0.0000000000000E+00
  0.0000000000000E+00
  0.0000000000000E+00
  0.0000000000000E+00
  0.1176349115233E-04
  0.0000000000000E+00
  0.0000000000000E+00
  0.0000000000000E+00
  0.1286448603779E-04
  0.0000000000000E+00
  0.0000000000000E+00
  0.0000000000000E+00
  0.0000000000000E+00
  0.8361537538214E-05
  0.0000000000000E+00
  0.0000000000000E+00
  0.0000000000000E+00
  0.0000000000000E+00
  0.0000000000000E+00
  0.0000000000000E+00
  0.0000000000000E+00
  0.0000000000000E+00
  0.0000000000000E+00
  0.0000000000000E+00
  0.0000000000000E+00
  0.0000000000000E+00
  0.0000000000000E+00
  0.0000000000000E+00
  0.0000000000000E+00
  0.0000000000000E+00
  0.0000000000000E+00
  0.0000000000000E+00
  0.1260130313997E-04
  0.0000000000000E+00
  0.0000000000000E+00
  0.0000000000000E+00
  0.1177042934557E-04
  0.0000000000000E+00
  0.0000000000000E+00
  0.0000000000000E+00
  0.0000000000000E+00
  0.1766879904301E-04
  0.0000000000000E+00
  0.0000000000000E+00
  0.0000000000000E+00
  0.3188749857301E-04
  0.3761310428272E-05
  0.0000000000000E+00
  0.0000000000000E+00
  0.1729385902240E-04
  0.0000000000000E+00
  0.0000000000000E+00
  0.0000000000000E+00
  0.0000000000000E+00
  0.0000000000000E+00
  0.0000000000000E+00
  0.0000000000000E+00
  0.0000000000000E+00
  0.0000000000000E+00
  0.0000000000000E+00
  0.0000000000000E+00
  0.0000000000000E+00
  0.0000000000000E+00
  0.0000000000000E+00
  0.0000000000000E+00
  0.0000000000000E+00
  0.0000000000000E+00
  0.0000000000000E+00
  0.1099397956565E-04
  0.0000000000000E+00
  0.0000000000000E+00
  0.0000000000000E+00
  0.1116166259206E-04
  0.0000000000000E+00
  0.0000000000000E+00
  0.0000000000000E+00
  0.0000000000000E+00
  0.0000000000000E+00
  0.1641076276644E-04
  0.0000000000000E+00
  0.0000000000000E+00
  0.1744719184777E-04
  0.0000000000000E+00
  0.0000000000000E+00
  0.1443286586711E-04
  0.0000000000000E+00
  0.0000000000000E+00
  0.0000000000000E+00
  0.0000000000000E+00
  0.0000000000000E+00
  0.0000000000000E+00
  0.0000000000000E+00
  0.0000000000000E+00
  0.0000000000000E+00
  0.0000000000000E+00
  0.0000000000000E+00
  0.0000000000000E+00
  0.0000000000000E+00
  0.0000000000000E+00
  0.0000000000000E+00
  0.0000000000000E+00
  0.0000000000000E+00
  0.0000000000000E+00
  0.0000000000000E+00
  0.1304868814577E-04
  0.0000000000000E+00
  0.0000000000000E+00
  0.0000000000000E+00
  0.7312016951444E-05
  0.0000000000000E+00
  0.0000000000000E+00
  0.0000000000000E+00
  0.0000000000000E+00
  0.0000000000000E+00
  0.0000000000000E+00
  0.0000000000000E+00
  0.0000000000000E+00
  0.1954717253704E-04
  0.0000000000000E+00
  0.0000000000000E+00
  0.0000000000000E+00
  0.0000000000000E+00
  0.0000000000000E+00
  0.0000000000000E+00
  0.0000000000000E+00
  0.0000000000000E+00
  0.0000000000000E+00
  0.0000000000000E+00
  0.0000000000000E+00
  0.0000000000000E+00
  0.0000000000000E+00
  0.0000000000000E+00
  0.0000000000000E+00
  0.0000000000000E+00
  0.0000000000000E+00
  0.0000000000000E+00
  0.0000000000000E+00
  0.0000000000000E+00
  0.0000000000000E+00
  0.0000000000000E+00
  0.1525444395213E-04
  0.0000000000000E+00
  0.0000000000000E+00
  0.0000000000000E+00
  0.7536902136614E-05
  0.0000000000000E+00
  0.0000000000000E+00
  0.0000000000000E+00
  0.0000000000000E+00
  0.0000000000000E+00
  0.0000000000000E+00
  0.2485948482667E-04
  0.0000000000000E+00
  0.0000000000000E+00
  0.3206640993455E-04
  0.0000000000000E+00
  0.0000000000000E+00
  0.0000000000000E+00
  0.0000000000000E+00
  0.0000000000000E+00
  0.0000000000000E+00
  0.0000000000000E+00
  0.0000000000000E+00
  0.0000000000000E+00
  0.0000000000000E+00
  0.0000000000000E+00
  0.0000000000000E+00
  0.0000000000000E+00
  0.0000000000000E+00
  0.0000000000000E+00
  0.0000000000000E+00
  0.0000000000000E+00
  0.0000000000000E+00
  0.0000000000000E+00
  0.0000000000000E+00
  0.0000000000000E+00
  0.1260781294793E-04
  0.0000000000000E+00
  0.0000000000000E+00
  0.0000000000000E+00
  0.1742007407900E-04
  0.0000000000000E+00
  0.0000000000000E+00
  0.0000000000000E+00
  0.0000000000000E+00
  0.0000000000000E+00
  0.0000000000000E+00
  0.0000000000000E+00
  0.3022972001207E-04
  0.0000000000000E+00
  0.0000000000000E+00
  0.0000000000000E+00
  0.0000000000000E+00
  0.0000000000000E+00
  0.0000000000000E+00
  0.0000000000000E+00
  0.0000000000000E+00
  0.0000000000000E+00
  0.0000000000000E+00
  0.0000000000000E+00
  0.0000000000000E+00
  0.0000000000000E+00
  0.0000000000000E+00
  0.0000000000000E+00
  0.0000000000000E+00
  0.0000000000000E+00
  0.0000000000000E+00
  0.0000000000000E+00
  0.0000000000000E+00
  0.0000000000000E+00
  0.0000000000000E+00
  0.0000000000000E+00
  0.2829340646937E-04
  0.0000000000000E+00
  0.0000000000000E+00
  0.0000000000000E+00
  0.1289695380744E-04
  0.0000000000000E+00
  0.0000000000000E+00
  0.0000000000000E+00
  0.0000000000000E+00
  0.0000000000000E+00
  0.0000000000000E+00
  0.0000000000000E+00
  0.0000000000000E+00
  0.0000000000000E+00
  0.3394700970638E-04
  0.0000000000000E+00
  0.0000000000000E+00
  0.0000000000000E+00
  0.0000000000000E+00
  0.0000000000000E+00
  0.0000000000000E+00
  0.0000000000000E+00
  0.0000000000000E+00
  0.0000000000000E+00
  0.0000000000000E+00
  0.0000000000000E+00
  0.0000000000000E+00
  0.0000000000000E+00
  0.0000000000000E+00
  0.0000000000000E+00
  0.0000000000000E+00
  0.0000000000000E+00
  0.0000000000000E+00
  0.0000000000000E+00
  0.0000000000000E+00
  0.0000000000000E+00
  0.3539456853599E-04
  0.0000000000000E+00
  0.0000000000000E+00
  0.0000000000000E+00
  0.2037226398411E-04
  0.0000000000000E+00
  0.0000000000000E+00
  0.0000000000000E+00
  0.0000000000000E+00
  0.0000000000000E+00
  0.0000000000000E+00
  0.0000000000000E+00
  0.0000000000000E+00
  0.0000000000000E+00
  0.0000000000000E+00
  0.0000000000000E+00
  0.0000000000000E+00
  0.0000000000000E+00
  0.0000000000000E+00
  0.0000000000000E+00
  0.0000000000000E+00
  0.0000000000000E+00
  0.0000000000000E+00
  0.0000000000000E+00
  0.0000000000000E+00
  0.0000000000000E+00
  0.0000000000000E+00
  0.0000000000000E+00
  0.0000000000000E+00
  0.0000000000000E+00
  0.0000000000000E+00
  0.0000000000000E+00
  0.0000000000000E+00
  0.0000000000000E+00
  0.0000000000000E+00
  0.0000000000000E+00
  0.2265647643835E-04
  0.0000000000000E+00
  0.0000000000000E+00
  0.0000000000000E+00
  0.3208067814826E-04
  0.0000000000000E+00
  0.3380513232441E-04
  0.0000000000000E+00
  0.0000000000000E+00
  0.0000000000000E+00
  0.0000000000000E+00
  0.0000000000000E+00
  0.0000000000000E+00
  0.0000000000000E+00
  0.0000000000000E+00
  0.0000000000000E+00
  0.0000000000000E+00
  0.0000000000000E+00
  0.0000000000000E+00
  0.0000000000000E+00
  0.0000000000000E+00
  0.0000000000000E+00
  0.0000000000000E+00
  0.0000000000000E+00
  0.0000000000000E+00
  0.0000000000000E+00
  0.0000000000000E+00
  0.0000000000000E+00
  0.0000000000000E+00
  0.0000000000000E+00
  0.0000000000000E+00
  0.0000000000000E+00
  0.0000000000000E+00
  0.0000000000000E+00
  0.0000000000000E+00
  0.0000000000000E+00
  0.0000000000000E+00
  0.0000000000000E+00
  0.2313343412508E-04
  0.0000000000000E+00
  0.0000000000000E+00
  0.0000000000000E+00
  0.3741456941522E-04
  0.0000000000000E+00
  0.0000000000000E+00
  0.0000000000000E+00
  0.0000000000000E+00
  0.0000000000000E+00
  0.0000000000000E+00
  0.0000000000000E+00
  0.0000000000000E+00
  0.0000000000000E+00
  0.0000000000000E+00
  0.0000000000000E+00
  0.0000000000000E+00
  0.0000000000000E+00
  0.0000000000000E+00
  0.0000000000000E+00
  0.0000000000000E+00
  0.0000000000000E+00
  0.0000000000000E+00
  0.0000000000000E+00
  0.0000000000000E+00
  0.0000000000000E+00
  0.0000000000000E+00
  0.0000000000000E+00
  0.0000000000000E+00
  0.0000000000000E+00
  0.0000000000000E+00
  0.0000000000000E+00
  0.0000000000000E+00
  0.0000000000000E+00
  0.0000000000000E+00
  0.0000000000000E+00
  0.0000000000000E+00
  0.0000000000000E+00
  0.0000000000000E+00
  0.2715959591671E-04
  0.0000000000000E+00
  0.0000000000000E+00
  0.0000000000000E+00
  0.0000000000000E+00
  0.0000000000000E+00
  0.0000000000000E+00
  0.0000000000000E+00
  0.0000000000000E+00
  0.0000000000000E+00
  0.0000000000000E+00
  0.0000000000000E+00
  0.0000000000000E+00
  0.0000000000000E+00
  0.0000000000000E+00
  0.0000000000000E+00
  0.0000000000000E+00
  0.0000000000000E+00
  0.0000000000000E+00
  0.0000000000000E+00
  0.0000000000000E+00
  0.0000000000000E+00
  0.0000000000000E+00
  0.0000000000000E+00
  0.0000000000000E+00
  0.0000000000000E+00
  0.0000000000000E+00
  0.0000000000000E+00
  0.0000000000000E+00
  0.0000000000000E+00
  0.0000000000000E+00
  0.0000000000000E+00
  0.0000000000000E+00
  0.0000000000000E+00
  0.0000000000000E+00
  0.0000000000000E+00
  0.2769452794342E-04
  0.0000000000000E+00
  0.0000000000000E+00
  0.0000000000000E+00
  0.0000000000000E+00
  0.0000000000000E+00
  0.0000000000000E+00
  0.0000000000000E+00
  0.0000000000000E+00
  0.0000000000000E+00
  0.0000000000000E+00
  0.0000000000000E+00
  0.0000000000000E+00
  0.0000000000000E+00
  0.0000000000000E+00
  0.0000000000000E+00
  0.0000000000000E+00
  0.0000000000000E+00
  0.0000000000000E+00
  0.0000000000000E+00
  0.0000000000000E+00
  0.0000000000000E+00
  0.0000000000000E+00
  0.0000000000000E+00
  0.0000000000000E+00
  0.0000000000000E+00
  0.0000000000000E+00
  0.0000000000000E+00
  0.0000000000000E+00
  0.0000000000000E+00
  0.0000000000000E+00
  0.0000000000000E+00
  0.0000000000000E+00
  0.0000000000000E+00
  0.0000000000000E+00
  0.0000000000000E+00
  0.0000000000000E+00
  0.0000000000000E+00
  0.0000000000000E+00
  0.0000000000000E+00
  0.0000000000000E+00
  0.0000000000000E+00
  0.0000000000000E+00
  0.0000000000000E+00
  0.0000000000000E+00
  0.0000000000000E+00
  0.0000000000000E+00
  0.0000000000000E+00
  0.0000000000000E+00
  0.0000000000000E+00
  0.0000000000000E+00
  0.0000000000000E+00
  0.0000000000000E+00
  0.0000000000000E+00
  0.0000000000000E+00
  0.0000000000000E+00
  0.0000000000000E+00
  0.0000000000000E+00
  0.0000000000000E+00
  0.0000000000000E+00
  0.0000000000000E+00
  0.0000000000000E+00
  0.0000000000000E+00
  0.0000000000000E+00
  0.0000000000000E+00
  0.0000000000000E+00
  0.0000000000000E+00
  0.0000000000000E+00
  0.0000000000000E+00
  0.0000000000000E+00
  0.0000000000000E+00
  0.0000000000000E+00
  0.0000000000000E+00
  0.0000000000000E+00
  0.0000000000000E+00
  0.0000000000000E+00
  0.0000000000000E+00
  0.0000000000000E+00
  0.0000000000000E+00
  0.0000000000000E+00
  0.0000000000000E+00
  0.0000000000000E+00
  0.0000000000000E+00
  0.0000000000000E+00
  0.0000000000000E+00
  0.0000000000000E+00
  0.0000000000000E+00
  0.0000000000000E+00
  0.0000000000000E+00
  0.0000000000000E+00
  0.0000000000000E+00
  0.0000000000000E+00
  0.0000000000000E+00
  0.0000000000000E+00
  0.0000000000000E+00
  0.0000000000000E+00
  0.0000000000000E+00
  0.0000000000000E+00
  0.0000000000000E+00
  0.0000000000000E+00
  0.0000000000000E+00
  0.0000000000000E+00
  0.0000000000000E+00
  0.0000000000000E+00
  0.0000000000000E+00
  0.0000000000000E+00
  0.0000000000000E+00
  0.0000000000000E+00
  0.0000000000000E+00
  0.0000000000000E+00
  0.0000000000000E+00
  0.0000000000000E+00
  0.0000000000000E+00
  0.0000000000000E+00
  0.0000000000000E+00
  0.0000000000000E+00
  0.0000000000000E+00
  0.0000000000000E+00
  0.0000000000000E+00
  0.0000000000000E+00
  0.0000000000000E+00
  0.0000000000000E+00
  0.0000000000000E+00
  0.0000000000000E+00
  0.0000000000000E+00
  0.0000000000000E+00
  0.0000000000000E+00
  0.0000000000000E+00
  0.0000000000000E+00
  0.0000000000000E+00
  0.0000000000000E+00
  0.0000000000000E+00
  0.0000000000000E+00
  0.0000000000000E+00
  0.0000000000000E+00
  0.0000000000000E+00
  0.0000000000000E+00
  0.0000000000000E+00
  0.0000000000000E+00
  0.0000000000000E+00
  0.0000000000000E+00
  0.0000000000000E+00
  0.0000000000000E+00
  0.1119988098854E-04
  0.0000000000000E+00
  0.0000000000000E+00
  0.0000000000000E+00
  0.0000000000000E+00
  0.0000000000000E+00
  0.0000000000000E+00
  0.0000000000000E+00
  0.0000000000000E+00
  0.0000000000000E+00
  0.0000000000000E+00
  0.0000000000000E+00
  0.0000000000000E+00
  0.0000000000000E+00
  0.0000000000000E+00
  0.0000000000000E+00
  0.0000000000000E+00
  0.0000000000000E+00
  0.0000000000000E+00
  0.0000000000000E+00
  0.0000000000000E+00
  0.0000000000000E+00
  0.0000000000000E+00
  0.0000000000000E+00
  0.0000000000000E+00
  0.0000000000000E+00
  0.0000000000000E+00
  0.0000000000000E+00
  0.0000000000000E+00
  0.0000000000000E+00
  0.0000000000000E+00
  0.0000000000000E+00
  0.0000000000000E+00
  0.0000000000000E+00
  0.1539192383439E-04
  0.0000000000000E+00
  0.0000000000000E+00
  0.0000000000000E+00
  0.1824571100774E-04
  0.0000000000000E+00
  0.0000000000000E+00
  0.0000000000000E+00
  0.0000000000000E+00
  0.0000000000000E+00
  0.0000000000000E+00
  0.0000000000000E+00
  0.0000000000000E+00
  0.0000000000000E+00
  0.0000000000000E+00
  0.0000000000000E+00
  0.0000000000000E+00
  0.0000000000000E+00
  0.0000000000000E+00
  0.0000000000000E+00
  0.0000000000000E+00
  0.0000000000000E+00
  0.0000000000000E+00
  0.0000000000000E+00
  0.0000000000000E+00
  0.0000000000000E+00
  0.0000000000000E+00
  0.0000000000000E+00
  0.0000000000000E+00
  0.0000000000000E+00
  0.0000000000000E+00
  0.0000000000000E+00
  0.0000000000000E+00
  0.0000000000000E+00
  0.0000000000000E+00
  0.0000000000000E+00
  0.1495822795785E-04
  0.0000000000000E+00
  0.0000000000000E+00
  0.0000000000000E+00
  0.2260765506139E-04
  0.0000000000000E+00
  0.0000000000000E+00
  0.0000000000000E+00
  0.0000000000000E+00
  0.0000000000000E+00
  0.0000000000000E+00
  0.0000000000000E+00
  0.0000000000000E+00
  0.0000000000000E+00
  0.0000000000000E+00
  0.0000000000000E+00
  0.0000000000000E+00
  0.0000000000000E+00
  0.0000000000000E+00
  0.0000000000000E+00
  0.0000000000000E+00
  0.0000000000000E+00
  0.0000000000000E+00
  0.0000000000000E+00
  0.0000000000000E+00
  0.0000000000000E+00
  0.0000000000000E+00
  0.0000000000000E+00
  0.0000000000000E+00
  0.0000000000000E+00
  0.0000000000000E+00
  0.0000000000000E+00
  0.0000000000000E+00
  0.0000000000000E+00
  0.0000000000000E+00
  0.0000000000000E+00
  0.1873311604062E-04
  0.0000000000000E+00
  0.0000000000000E+00
  0.0000000000000E+00
  0.1636096907525E-04
  0.0000000000000E+00
  0.0000000000000E+00
  0.0000000000000E+00
  0.0000000000000E+00
  0.0000000000000E+00
  0.0000000000000E+00
  0.0000000000000E+00
  0.0000000000000E+00
  0.0000000000000E+00
  0.0000000000000E+00
  0.0000000000000E+00
  0.0000000000000E+00
  0.0000000000000E+00
  0.0000000000000E+00
  0.0000000000000E+00
  0.0000000000000E+00
  0.0000000000000E+00
  0.0000000000000E+00
  0.0000000000000E+00
  0.0000000000000E+00
  0.0000000000000E+00
  0.0000000000000E+00
  0.0000000000000E+00
  0.0000000000000E+00
  0.0000000000000E+00
  0.0000000000000E+00
  0.0000000000000E+00
  0.0000000000000E+00
  0.0000000000000E+00
  0.0000000000000E+00
  0.0000000000000E+00
  0.0000000000000E+00
  0.0000000000000E+00
  0.1354020806051E-04
  0.0000000000000E+00
  0.0000000000000E+00
  0.0000000000000E+00
  0.0000000000000E+00
  0.0000000000000E+00
  0.0000000000000E+00
  0.0000000000000E+00
  0.0000000000000E+00
  0.0000000000000E+00
  0.0000000000000E+00
  0.0000000000000E+00
  0.0000000000000E+00
  0.0000000000000E+00
  0.0000000000000E+00
  0.0000000000000E+00
  0.0000000000000E+00
  0.0000000000000E+00
  0.0000000000000E+00
  0.0000000000000E+00
  0.0000000000000E+00
  0.0000000000000E+00
  0.0000000000000E+00
  0.0000000000000E+00
  0.0000000000000E+00
  0.0000000000000E+00
  0.0000000000000E+00
  0.0000000000000E+00
  0.0000000000000E+00
  0.0000000000000E+00
  0.0000000000000E+00
  0.0000000000000E+00
  0.0000000000000E+00
  0.0000000000000E+00
  0.0000000000000E+00
  0.0000000000000E+00
  0.0000000000000E+00
  0.0000000000000E+00
  0.0000000000000E+00
  0.0000000000000E+00
  0.0000000000000E+00
  0.0000000000000E+00
  0.0000000000000E+00
  0.0000000000000E+00
  0.0000000000000E+00
  0.0000000000000E+00
  0.0000000000000E+00
  0.0000000000000E+00
  0.0000000000000E+00
  0.0000000000000E+00
  0.0000000000000E+00
  0.0000000000000E+00
  0.0000000000000E+00
  0.0000000000000E+00
  0.0000000000000E+00
  0.0000000000000E+00
  0.0000000000000E+00
  0.0000000000000E+00
  0.0000000000000E+00
  0.0000000000000E+00
  0.0000000000000E+00
  0.0000000000000E+00
  0.0000000000000E+00
  0.0000000000000E+00
  0.0000000000000E+00
  0.0000000000000E+00
  0.0000000000000E+00
  0.0000000000000E+00
  0.0000000000000E+00
  0.0000000000000E+00
  0.0000000000000E+00
  0.0000000000000E+00
  0.0000000000000E+00
  0.0000000000000E+00
  0.0000000000000E+00
  0.0000000000000E+00
  0.0000000000000E+00
  0.0000000000000E+00
  0.0000000000000E+00
  0.0000000000000E+00
  0.0000000000000E+00
  0.0000000000000E+00
  0.0000000000000E+00
  0.0000000000000E+00
  0.0000000000000E+00
  0.0000000000000E+00
  0.0000000000000E+00
  0.0000000000000E+00
  0.0000000000000E+00
  0.0000000000000E+00
  0.0000000000000E+00
  0.0000000000000E+00
  0.0000000000000E+00
  0.0000000000000E+00
  0.0000000000000E+00
  0.0000000000000E+00
  0.0000000000000E+00
  0.0000000000000E+00
  0.0000000000000E+00
  0.0000000000000E+00
  0.0000000000000E+00
  0.0000000000000E+00
  0.0000000000000E+00
  0.0000000000000E+00
  0.0000000000000E+00
  0.0000000000000E+00
  0.0000000000000E+00
  0.0000000000000E+00
  0.0000000000000E+00
  0.0000000000000E+00
  0.0000000000000E+00
  0.0000000000000E+00
  0.0000000000000E+00
  0.0000000000000E+00
  0.0000000000000E+00
  0.0000000000000E+00
  0.0000000000000E+00
  0.0000000000000E+00
  0.0000000000000E+00
  0.0000000000000E+00
  0.0000000000000E+00
  0.0000000000000E+00
  0.0000000000000E+00
  0.0000000000000E+00
  0.0000000000000E+00
  0.0000000000000E+00
  0.0000000000000E+00
  0.0000000000000E+00
  0.0000000000000E+00
  0.0000000000000E+00
  0.0000000000000E+00
  0.0000000000000E+00
  0.0000000000000E+00
  0.0000000000000E+00
  0.0000000000000E+00
  0.0000000000000E+00
  0.0000000000000E+00
  0.0000000000000E+00
  0.0000000000000E+00
  0.0000000000000E+00
  0.0000000000000E+00
  0.0000000000000E+00
  0.0000000000000E+00
  0.0000000000000E+00
  0.0000000000000E+00
  0.0000000000000E+00
  0.0000000000000E+00
  0.0000000000000E+00
  0.0000000000000E+00
  0.0000000000000E+00
  0.0000000000000E+00
  0.0000000000000E+00
  0.0000000000000E+00
  0.0000000000000E+00
  0.0000000000000E+00
  0.0000000000000E+00
  0.0000000000000E+00
  0.0000000000000E+00
  0.0000000000000E+00
  0.0000000000000E+00
  0.0000000000000E+00
  0.3976591000000E+00
  0.3890331898913E+00
  0.3985060363463E+00
  0.4064060408074E+00
  0.4074564693291E+00
  0.3976591000000E+00
  0.4122448767110E+00
  0.4102322899961E+00
  0.3992315339038E+00
  0.3855960450060E+00
  0.3976591000000E+00
  0.3976591000000E+00
  0.3976591000000E+00
  0.3976591000000E+00
  0.3976591000000E+00
  0.3976591000000E+00
  0.3976591000000E+00
  0.3976591000000E+00
  0.3976591000000E+00
  0.3976591000000E+00
  0.3976591000000E+00
  0.3976591000000E+00
  0.3976591000000E+00
  0.3976591000000E+00
  0.3976591000000E+00
  0.3976591000000E+00
  0.3976591000000E+00
  0.3976591000000E+00
  0.3976591000000E+00
  0.3976591000000E+00
  0.3976591000000E+00
  0.3976591000000E+00
  0.3976591000000E+00
  0.3976591000000E+00
  0.3976591000000E+00
  0.3976591000000E+00
  0.3805722000000E+00
  0.3805722000000E+00
  0.3805722000000E+00
  0.3805722000000E+00
  0.3805722000000E+00
  0.3805722000000E+00
  0.3805722000000E+00
  0.3805722000000E+00
  0.3805722000000E+00
  0.3805722000000E+00
  0.3805722000000E+00
  0.3805722000000E+00
  0.3805722000000E+00
  0.3805722000000E+00
  0.3805722000000E+00
  0.3805722000000E+00
  0.3805722000000E+00
  0.3805722000000E+00
  0.3805722000000E+00
  0.3805722000000E+00
  0.3805722000000E+00
  0.3805722000000E+00
  0.3805722000000E+00
  0.3805722000000E+00
  0.3805722000000E+00
  0.3805722000000E+00
  0.3805722000000E+00
  0.3805722000000E+00
  0.3805722000000E+00
  0.3805722000000E+00
  0.3805722000000E+00
  0.3805722000000E+00
  0.3805722000000E+00
  0.3805722000000E+00
  0.3805722000000E+00
  0.3805722000000E+00
  0.3742637000000E+00
  0.3742637000000E+00
  0.3742637000000E+00
  0.3742637000000E+00
  0.3742637000000E+00
  0.3742637000000E+00
  0.3742637000000E+00
  0.3742637000000E+00
  0.3742637000000E+00
  0.3742637000000E+00
  0.3742637000000E+00
  0.3742637000000E+00
  0.3742637000000E+00
  0.3742637000000E+00
  0.3742637000000E+00
  0.3742637000000E+00
  0.3742637000000E+00
  0.3742637000000E+00
  0.3742637000000E+00
  0.3742637000000E+00
  0.3742637000000E+00
  0.3742637000000E+00
  0.3742637000000E+00
  0.3742637000000E+00
  0.3742637000000E+00
  0.3742637000000E+00
  0.3742637000000E+00
  0.3742637000000E+00
  0.3742637000000E+00
  0.3742637000000E+00
  0.3742637000000E+00
  0.3742637000000E+00
  0.3742637000000E+00
  0.3742637000000E+00
  0.3742637000000E+00
  0.3742637000000E+00
  0.3586371000000E+00
  0.3586371000000E+00
  0.3586371000000E+00
  0.3586371000000E+00
  0.3586371000000E+00
  0.3586371000000E+00
  0.3586371000000E+00
  0.3586371000000E+00
  0.3586371000000E+00
  0.3586371000000E+00
  0.3586371000000E+00
  0.3586371000000E+00
  0.3586371000000E+00
  0.3586371000000E+00
  0.3586371000000E+00
  0.3586371000000E+00
  0.3586371000000E+00
  0.3586371000000E+00
  0.3586371000000E+00
  0.3586371000000E+00
  0.3586371000000E+00
  0.3586371000000E+00
  0.3586371000000E+00
  0.3586371000000E+00
  0.3586371000000E+00
  0.3586371000000E+00
  0.3586371000000E+00
  0.3586371000000E+00
  0.3586371000000E+00
  0.3586371000000E+00
  0.3586371000000E+00
  0.3586371000000E+00
  0.3586371000000E+00
  0.3586371000000E+00
  0.3586371000000E+00
  0.3586371000000E+00
  0.3404603000000E+00
  0.3404603000000E+00
  0.3404603000000E+00
  0.3404603000000E+00
  0.3404603000000E+00
  0.3404603000000E+00
  0.3404603000000E+00
  0.3404603000000E+00
  0.3404603000000E+00
  0.3404603000000E+00
  0.3404603000000E+00
  0.3404603000000E+00
  0.3404603000000E+00
  0.3404603000000E+00
  0.3404603000000E+00
  0.3404603000000E+00
  0.3404603000000E+00
  0.3404603000000E+00
  0.3404603000000E+00
  0.3404603000000E+00
  0.3404603000000E+00
  0.3404603000000E+00
  0.3404603000000E+00
  0.3404603000000E+00
  0.3404603000000E+00
  0.3404603000000E+00
  0.3404603000000E+00
  0.3404603000000E+00
  0.3404603000000E+00
  0.3404603000000E+00
  0.3404603000000E+00
  0.3404603000000E+00
  0.3404603000000E+00
  0.3404603000000E+00
  0.3404603000000E+00
  0.3404603000000E+00
  0.3138626000000E+00
  0.3138626000000E+00
  0.3138626000000E+00
  0.3138626000000E+00
  0.3138626000000E+00
  0.3138626000000E+00
  0.3138626000000E+00
  0.3138626000000E+00
  0.3138626000000E+00
  0.3138626000000E+00
  0.3138626000000E+00
  0.3138626000000E+00
  0.3138626000000E+00
  0.3138626000000E+00
  0.3138626000000E+00
  0.3138626000000E+00
  0.3138626000000E+00
  0.3138626000000E+00
  0.3138626000000E+00
  0.3138626000000E+00
  0.3138626000000E+00
  0.3138626000000E+00
  0.3138626000000E+00
  0.3138626000000E+00
  0.3138626000000E+00
  0.3138626000000E+00
  0.3138626000000E+00
  0.3138626000000E+00
  0.3138626000000E+00
  0.3138626000000E+00
  0.3138626000000E+00
  0.3138626000000E+00
  0.3138626000000E+00
  0.3138626000000E+00
  0.3138626000000E+00
  0.3138626000000E+00
  0.2854003000000E+00
  0.2854003000000E+00
  0.2854003000000E+00
  0.2854003000000E+00
  0.2854003000000E+00
  0.2854003000000E+00
  0.2854003000000E+00
  0.2854003000000E+00
  0.2854003000000E+00
  0.2854003000000E+00
  0.2854003000000E+00
  0.2854003000000E+00
  0.2854003000000E+00
  0.2854003000000E+00
  0.2854003000000E+00
  0.2854003000000E+00
  0.2854003000000E+00
  0.2854003000000E+00
  0.2854003000000E+00
  0.2854003000000E+00
  0.2854003000000E+00
  0.2854003000000E+00
  0.2854003000000E+00
  0.2854003000000E+00
  0.2854003000000E+00
  0.2854003000000E+00
  0.2854003000000E+00
  0.2854003000000E+00
  0.2854003000000E+00
  0.2854003000000E+00
  0.2854003000000E+00
  0.2854003000000E+00
  0.2854003000000E+00
  0.2854003000000E+00
  0.2854003000000E+00
  0.2854003000000E+00
  0.2582140000000E+00
  0.2582140000000E+00
  0.2582140000000E+00
  0.2582140000000E+00
  0.2582140000000E+00
  0.2582140000000E+00
  0.2582140000000E+00
  0.2582140000000E+00
  0.2582140000000E+00
  0.2582140000000E+00
  0.2582140000000E+00
  0.2582140000000E+00
  0.2582140000000E+00
  0.2582140000000E+00
  0.2582140000000E+00
  0.2582140000000E+00
  0.2582140000000E+00
  0.2582140000000E+00
  0.2582140000000E+00
  0.2582140000000E+00
  0.2582140000000E+00
  0.2582140000000E+00
  0.2582140000000E+00
  0.2582140000000E+00
  0.2582140000000E+00
  0.2582140000000E+00
  0.2582140000000E+00
  0.2582140000000E+00
  0.2582140000000E+00
  0.2582140000000E+00
  0.2582140000000E+00
  0.2582140000000E+00
  0.2582140000000E+00
  0.2582140000000E+00
  0.2582140000000E+00
  0.2582140000000E+00
  0.2333862000000E+00
  0.2333862000000E+00
  0.2333862000000E+00
  0.2333862000000E+00
  0.2333862000000E+00
  0.2333862000000E+00
  0.2333862000000E+00
  0.2333862000000E+00
  0.2333862000000E+00
  0.2333862000000E+00
  0.2333862000000E+00
  0.2333862000000E+00
  0.2333862000000E+00
  0.2333862000000E+00
  0.2333862000000E+00
  0.2333862000000E+00
  0.2333862000000E+00
  0.2333862000000E+00
  0.2333862000000E+00
  0.2333862000000E+00
  0.2333862000000E+00
  0.2333862000000E+00
  0.2333862000000E+00
  0.2333862000000E+00
  0.2333862000000E+00
  0.2333862000000E+00
  0.2333862000000E+00
  0.2333862000000E+00
  0.2333862000000E+00
  0.2333862000000E+00
  0.2333862000000E+00
  0.2333862000000E+00
  0.2333862000000E+00
  0.2333862000000E+00
  0.2333862000000E+00
  0.2333862000000E+00
  0.2195889000000E+00
  0.2195889000000E+00
  0.2195889000000E+00
  0.2195889000000E+00
  0.2195889000000E+00
  0.2195889000000E+00
  0.2195889000000E+00
  0.2195889000000E+00
  0.2195889000000E+00
  0.2195889000000E+00
  0.2195889000000E+00
  0.2195889000000E+00
  0.2195889000000E+00
  0.2195889000000E+00
  0.2195889000000E+00
  0.2195889000000E+00
  0.2195889000000E+00
  0.2195889000000E+00
  0.2195889000000E+00
  0.2195889000000E+00
  0.2195889000000E+00
  0.2195889000000E+00
  0.2195889000000E+00
  0.2195889000000E+00
  0.2195889000000E+00
  0.2195889000000E+00
  0.2195889000000E+00
  0.2195889000000E+00
  0.2195889000000E+00
  0.2195889000000E+00
  0.2195889000000E+00
  0.2195889000000E+00
  0.2195889000000E+00
  0.2195889000000E+00
  0.2195889000000E+00
  0.2195889000000E+00
  0.2069707000000E+00
  0.2069707000000E+00
  0.2069707000000E+00
  0.2069707000000E+00
  0.2069707000000E+00
  0.2069707000000E+00
  0.2069707000000E+00
  0.2069707000000E+00
  0.2069707000000E+00
  0.2069707000000E+00
  0.2069707000000E+00
  0.2069707000000E+00
  0.2069707000000E+00
  0.2069707000000E+00
  0.2069707000000E+00
  0.2069707000000E+00
  0.2069707000000E+00
  0.2069707000000E+00
  0.2069707000000E+00
  0.2069707000000E+00
  0.2069707000000E+00
  0.2069707000000E+00
  0.2069707000000E+00
  0.2069707000000E+00
  0.2069707000000E+00
  0.2069707000000E+00
  0.2069707000000E+00
  0.2069707000000E+00
  0.2069707000000E+00
  0.2069707000000E+00
  0.2069707000000E+00
  0.2069707000000E+00
  0.2069707000000E+00
  0.2069707000000E+00
  0.2069707000000E+00
  0.2069707000000E+00
  0.2035514000000E+00
  0.2035514000000E+00
  0.2035514000000E+00
  0.2035514000000E+00
  0.2035514000000E+00
  0.2035514000000E+00
  0.2035514000000E+00
  0.2035514000000E+00
  0.2035514000000E+00
  0.2035514000000E+00
  0.2035514000000E+00
  0.2035514000000E+00
  0.2035514000000E+00
  0.2035514000000E+00
  0.2035514000000E+00
  0.2035514000000E+00
  0.2035514000000E+00
  0.2035514000000E+00
  0.2035514000000E+00
  0.2035514000000E+00
  0.2035514000000E+00
  0.2035514000000E+00
  0.2035514000000E+00
  0.2035514000000E+00
  0.2035514000000E+00
  0.2035514000000E+00
  0.2035514000000E+00
  0.2035514000000E+00
  0.2035514000000E+00
  0.2035514000000E+00
  0.2035514000000E+00
  0.2035514000000E+00
  0.2035514000000E+00
  0.2035514000000E+00
  0.2035514000000E+00
  0.2035514000000E+00
  0.2097688000000E+00
  0.2097688000000E+00
  0.2097688000000E+00
  0.2097688000000E+00
  0.2097688000000E+00
  0.2097688000000E+00
  0.2097688000000E+00
  0.2097688000000E+00
  0.2097688000000E+00
  0.2097688000000E+00
  0.2097688000000E+00
  0.2097688000000E+00
  0.2097688000000E+00
  0.2097688000000E+00
  0.2097688000000E+00
  0.2097688000000E+00
  0.2097688000000E+00
  0.2097688000000E+00
  0.2097688000000E+00
  0.2097688000000E+00
  0.2097688000000E+00
  0.2097688000000E+00
  0.2097688000000E+00
  0.2097688000000E+00
  0.2097688000000E+00
  0.2097688000000E+00
  0.2097688000000E+00
  0.2097688000000E+00
  0.2097688000000E+00
  0.2097688000000E+00
  0.2097688000000E+00
  0.2097688000000E+00
  0.2097688000000E+00
  0.2097688000000E+00
  0.2097688000000E+00
  0.2097688000000E+00
  0.2242856000000E+00
  0.2242856000000E+00
  0.2242856000000E+00
  0.2242856000000E+00
  0.2242856000000E+00
  0.2242856000000E+00
  0.2242856000000E+00
  0.2242856000000E+00
  0.2242856000000E+00
  0.2242856000000E+00
  0.2242856000000E+00
  0.2242856000000E+00
  0.2242856000000E+00
  0.2242856000000E+00
  0.2242856000000E+00
  0.2242856000000E+00
  0.2242856000000E+00
  0.2242856000000E+00
  0.2242856000000E+00
  0.2242856000000E+00
  0.2242856000000E+00
  0.2242856000000E+00
  0.2242856000000E+00
  0.2242856000000E+00
  0.2242856000000E+00
  0.2242856000000E+00
  0.2242856000000E+00
  0.2242856000000E+00
  0.2242856000000E+00
  0.2242856000000E+00
  0.2242856000000E+00
  0.2242856000000E+00
  0.2242856000000E+00
  0.2242856000000E+00
  0.2242856000000E+00
  0.2242856000000E+00
  0.2356887000000E+00
  0.2356887000000E+00
  0.2356887000000E+00
  0.2356887000000E+00
  0.2356887000000E+00
  0.2356887000000E+00
  0.2356887000000E+00
  0.2356887000000E+00
  0.2356887000000E+00
  0.2356887000000E+00
  0.2356887000000E+00
  0.2356887000000E+00
  0.2356887000000E+00
  0.2356887000000E+00
  0.2356887000000E+00
  0.2356887000000E+00
  0.2356887000000E+00
  0.2356887000000E+00
  0.2356887000000E+00
  0.2356887000000E+00
  0.2356887000000E+00
  0.2356887000000E+00
  0.2356887000000E+00
  0.2356887000000E+00
  0.2356887000000E+00
  0.2356887000000E+00
  0.2356887000000E+00
  0.2356887000000E+00
  0.2356887000000E+00
  0.2356887000000E+00
  0.2356887000000E+00
  0.2356887000000E+00
  0.2356887000000E+00
  0.2356887000000E+00
  0.2356887000000E+00
  0.2356887000000E+00
  0.2349774000000E+00
  0.2349774000000E+00
  0.2349774000000E+00
  0.2349774000000E+00
  0.2349774000000E+00
  0.2349774000000E+00
  0.2349774000000E+00
  0.2349774000000E+00
  0.2349774000000E+00
  0.2349774000000E+00
  0.2349774000000E+00
  0.2349774000000E+00
  0.2349774000000E+00
  0.2349774000000E+00
  0.2349774000000E+00
  0.2349774000000E+00
  0.2349774000000E+00
  0.2349774000000E+00
  0.2349774000000E+00
  0.2349774000000E+00
  0.2349774000000E+00
  0.2349774000000E+00
  0.2349774000000E+00
  0.2349774000000E+00
  0.2349774000000E+00
  0.2349774000000E+00
  0.2349774000000E+00
  0.2349774000000E+00
  0.2349774000000E+00
  0.2349774000000E+00
  0.2349774000000E+00
  0.2349774000000E+00
  0.2349774000000E+00
  0.2349774000000E+00
  0.2349774000000E+00
  0.2349774000000E+00
  0.2177657000000E+00
  0.2177657000000E+00
  0.2177657000000E+00
  0.2177657000000E+00
  0.2177657000000E+00
  0.2177657000000E+00
  0.2177657000000E+00
  0.2177657000000E+00
  0.2177657000000E+00
  0.2177657000000E+00
  0.2177657000000E+00
  0.2177657000000E+00
  0.2177657000000E+00
  0.2177657000000E+00
  0.2177657000000E+00
  0.2177657000000E+00
  0.2177657000000E+00
  0.2177657000000E+00
  0.2177657000000E+00
  0.2177657000000E+00
  0.2177657000000E+00
  0.2177657000000E+00
  0.2177657000000E+00
  0.2177657000000E+00
  0.2177657000000E+00
  0.2177657000000E+00
  0.2177657000000E+00
  0.2177657000000E+00
  0.2177657000000E+00
  0.2177657000000E+00
  0.2177657000000E+00
  0.2177657000000E+00
  0.2177657000000E+00
  0.2177657000000E+00
  0.2177657000000E+00
  0.2177657000000E+00
  0.2056356000000E+00
  0.2056356000000E+00
  0.2056356000000E+00
  0.2056356000000E+00
  0.2056356000000E+00
  0.2056356000000E+00
  0.2056356000000E+00
  0.2056356000000E+00
  0.2056356000000E+00
  0.2056356000000E+00
  0.2056356000000E+00
  0.2056356000000E+00
  0.2056356000000E+00
  0.2056356000000E+00
  0.2056356000000E+00
  0.2056356000000E+00
  0.2056356000000E+00
  0.2056356000000E+00
  0.2056356000000E+00
  0.2056356000000E+00
  0.2056356000000E+00
  0.2056356000000E+00
  0.2056356000000E+00
  0.2056356000000E+00
  0.2056356000000E+00
  0.2056356000000E+00
  0.2056356000000E+00
  0.2056356000000E+00
  0.2056356000000E+00
  0.2056356000000E+00
  0.2056356000000E+00
  0.2056356000000E+00
  0.2056356000000E+00
  0.2056356000000E+00
  0.2056356000000E+00
  0.2056356000000E+00
  0.2025057000000E+00
  0.2025057000000E+00
  0.2025057000000E+00
  0.2025057000000E+00
  0.2025057000000E+00
  0.2025057000000E+00
  0.2025057000000E+00
  0.2025057000000E+00
  0.2025057000000E+00
  0.2025057000000E+00
  0.2025057000000E+00
  0.2025057000000E+00
  0.2025057000000E+00
  0.2025057000000E+00
  0.2025057000000E+00
  0.2025057000000E+00
  0.2025057000000E+00
  0.2025057000000E+00
  0.2025057000000E+00
  0.2025057000000E+00
  0.2025057000000E+00
  0.2025057000000E+00
  0.2025057000000E+00
  0.2025057000000E+00
  0.2025057000000E+00
  0.2025057000000E+00
  0.2025057000000E+00
  0.2025057000000E+00
  0.2025057000000E+00
  0.2025057000000E+00
  0.2025057000000E+00
  0.2025057000000E+00
  0.2025057000000E+00
  0.2025057000000E+00
  0.2025057000000E+00
  0.2025057000000E+00
  0.2079440000000E+00
  0.2079440000000E+00
  0.2079440000000E+00
  0.2079440000000E+00
  0.2079440000000E+00
  0.2079440000000E+00
  0.2079440000000E+00
  0.2079440000000E+00
  0.2079440000000E+00
  0.2079440000000E+00
  0.2079440000000E+00
  0.2079440000000E+00
  0.2079440000000E+00
  0.2079440000000E+00
  0.2079440000000E+00
  0.2079440000000E+00
  0.2079440000000E+00
  0.2079440000000E+00
  0.2079440000000E+00
  0.2079440000000E+00
  0.2079440000000E+00
  0.2079440000000E+00
  0.2079440000000E+00
  0.2079440000000E+00
  0.2079440000000E+00
  0.2079440000000E+00
  0.2079440000000E+00
  0.2079440000000E+00
  0.2079440000000E+00
  0.2079440000000E+00
  0.2079440000000E+00
  0.2079440000000E+00
  0.2079440000000E+00
  0.2079440000000E+00
  0.2079440000000E+00
  0.2079440000000E+00
  0.2245041000000E+00
  0.2245041000000E+00
  0.2245041000000E+00
  0.2245041000000E+00
  0.2245041000000E+00
  0.2245041000000E+00
  0.2245041000000E+00
  0.2245041000000E+00
  0.2245041000000E+00
  0.2245041000000E+00
  0.2245041000000E+00
  0.2245041000000E+00
  0.2245041000000E+00
  0.2245041000000E+00
  0.2245041000000E+00
  0.2245041000000E+00
  0.2245041000000E+00
  0.2245041000000E+00
  0.2245041000000E+00
  0.2245041000000E+00
  0.2245041000000E+00
  0.2245041000000E+00
  0.2245041000000E+00
  0.2245041000000E+00
  0.2245041000000E+00
  0.2245041000000E+00
  0.2245041000000E+00
  0.2245041000000E+00
  0.2245041000000E+00
  0.2245041000000E+00
  0.2245041000000E+00
  0.2245041000000E+00
  0.2245041000000E+00
  0.2245041000000E+00
  0.2245041000000E+00
  0.2245041000000E+00
  0.2194242000000E+00
  0.2194242000000E+00
  0.2194242000000E+00
  0.2194242000000E+00
  0.2194242000000E+00
  0.2194242000000E+00
  0.2194242000000E+00
  0.2194242000000E+00
  0.2194242000000E+00
  0.2194242000000E+00
  0.2194242000000E+00
  0.2194242000000E+00
  0.2194242000000E+00
  0.2194242000000E+00
  0.2194242000000E+00
  0.2194242000000E+00
  0.2194242000000E+00
  0.2194242000000E+00
  0.2194242000000E+00
  0.2194242000000E+00
  0.2194242000000E+00
  0.2194242000000E+00
  0.2194242000000E+00
  0.2194242000000E+00
  0.2194242000000E+00
  0.2194242000000E+00
  0.2194242000000E+00
  0.2194242000000E+00
  0.2194242000000E+00
  0.2194242000000E+00
  0.2194242000000E+00
  0.2194242000000E+00
  0.2194242000000E+00
  0.2194242000000E+00
  0.2194242000000E+00
  0.2194242000000E+00
  0.2130846000000E+00
  0.2130846000000E+00
  0.2130846000000E+00
  0.2130846000000E+00
  0.2130846000000E+00
  0.2130846000000E+00
  0.2130846000000E+00
  0.2130846000000E+00
  0.2130846000000E+00
  0.2130846000000E+00
  0.2130846000000E+00
  0.2130846000000E+00
  0.2130846000000E+00
  0.2130846000000E+00
  0.2130846000000E+00
  0.2130846000000E+00
  0.2130846000000E+00
  0.2130846000000E+00
  0.2130846000000E+00
  0.2130846000000E+00
  0.2130846000000E+00
  0.2130846000000E+00
  0.2130846000000E+00
  0.2130846000000E+00
  0.2130846000000E+00
  0.2130846000000E+00
  0.2130846000000E+00
  0.2130846000000E+00
  0.2130846000000E+00
  0.2130846000000E+00
  0.2130846000000E+00
  0.2130846000000E+00
  0.2130846000000E+00
  0.2130846000000E+00
  0.2130846000000E+00
  0.2130846000000E+00
  0.2099861000000E+00
  0.2099861000000E+00
  0.2099861000000E+00
  0.2099861000000E+00
  0.2099861000000E+00
  0.2099861000000E+00
  0.2099861000000E+00
  0.2099861000000E+00
  0.2099861000000E+00
  0.2099861000000E+00
  0.2099861000000E+00
  0.2099861000000E+00
  0.2099861000000E+00
  0.2099861000000E+00
  0.2099861000000E+00
  0.2099861000000E+00
  0.2099861000000E+00
  0.2099861000000E+00
  0.2099861000000E+00
  0.2099861000000E+00
  0.2099861000000E+00
  0.2099861000000E+00
  0.2099861000000E+00
  0.2099861000000E+00
  0.2099861000000E+00
  0.2099861000000E+00
  0.2099861000000E+00
  0.2099861000000E+00
  0.2099861000000E+00
  0.2099861000000E+00
  0.2099861000000E+00
  0.2099861000000E+00
  0.2099861000000E+00
  0.2099861000000E+00
  0.2099861000000E+00
  0.2099861000000E+00
  0.2158065000000E+00
  0.2158065000000E+00
  0.2158065000000E+00
  0.2158065000000E+00
  0.2158065000000E+00
  0.2158065000000E+00
  0.2158065000000E+00
  0.2158065000000E+00
  0.2158065000000E+00
  0.2158065000000E+00
  0.2158065000000E+00
  0.2158065000000E+00
  0.2158065000000E+00
  0.2158065000000E+00
  0.2158065000000E+00
  0.2158065000000E+00
  0.2158065000000E+00
  0.2158065000000E+00
  0.2158065000000E+00
  0.2158065000000E+00
  0.2158065000000E+00
  0.2158065000000E+00
  0.2158065000000E+00
  0.2158065000000E+00
  0.2158065000000E+00
  0.2158065000000E+00
  0.2158065000000E+00
  0.2158065000000E+00
  0.2158065000000E+00
  0.2158065000000E+00
  0.2158065000000E+00
  0.2158065000000E+00
  0.2158065000000E+00
  0.2158065000000E+00
  0.2158065000000E+00
  0.2158065000000E+00
  0.2247923000000E+00
  0.2247923000000E+00
  0.2247923000000E+00
  0.2247923000000E+00
  0.2247923000000E+00
  0.2247923000000E+00
  0.2247923000000E+00
  0.2247923000000E+00
  0.2247923000000E+00
  0.2247923000000E+00
  0.2247923000000E+00
  0.2247923000000E+00
  0.2247923000000E+00
  0.2247923000000E+00
  0.2247923000000E+00
  0.2247923000000E+00
  0.2247923000000E+00
  0.2247923000000E+00
  0.2247923000000E+00
  0.2247923000000E+00
  0.2247923000000E+00
  0.2247923000000E+00
  0.2247923000000E+00
  0.2247923000000E+00
  0.2247923000000E+00
  0.2247923000000E+00
  0.2247923000000E+00
  0.2247923000000E+00
  0.2247923000000E+00
  0.2247923000000E+00
  0.2247923000000E+00
  0.2247923000000E+00
  0.2247923000000E+00
  0.2247923000000E+00
  0.2247923000000E+00
  0.2247923000000E+00
  0.2364990000000E+00
  0.2364990000000E+00
  0.2364990000000E+00
  0.2364990000000E+00
  0.2364990000000E+00
  0.2364990000000E+00
  0.2364990000000E+00
  0.2364990000000E+00
  0.2364990000000E+00
  0.2364990000000E+00
  0.2364990000000E+00
  0.2364990000000E+00
  0.2364990000000E+00
  0.2364990000000E+00
  0.2364990000000E+00
  0.2364990000000E+00
  0.2364990000000E+00
  0.2364990000000E+00
  0.2364990000000E+00
  0.2364990000000E+00
  0.2364990000000E+00
  0.2364990000000E+00
  0.2364990000000E+00
  0.2364990000000E+00
  0.2364990000000E+00
  0.2364990000000E+00
  0.2364990000000E+00
  0.2364990000000E+00
  0.2364990000000E+00
  0.2364990000000E+00
  0.2364990000000E+00
  0.2364990000000E+00
  0.2364990000000E+00
  0.2364990000000E+00
  0.2364990000000E+00
  0.2364990000000E+00
  0.2514769000000E+00
  0.2514769000000E+00
  0.2514769000000E+00
  0.2514769000000E+00
  0.2514769000000E+00
  0.2514769000000E+00
  0.2514769000000E+00
  0.2514769000000E+00
  0.2514769000000E+00
  0.2514769000000E+00
  0.2514769000000E+00
  0.2514769000000E+00
  0.2514769000000E+00
  0.2514769000000E+00
  0.2514769000000E+00
  0.2514769000000E+00
  0.2514769000000E+00
  0.2514769000000E+00
  0.2514769000000E+00
  0.2514769000000E+00
  0.2514769000000E+00
  0.2514769000000E+00
  0.2514769000000E+00
  0.2514769000000E+00
  0.2514769000000E+00
  0.2514769000000E+00
  0.2514769000000E+00
  0.2514769000000E+00
  0.2514769000000E+00
  0.2514769000000E+00
  0.2514769000000E+00
  0.2514769000000E+00
  0.2514769000000E+00
  0.2514769000000E+00
  0.2514769000000E+00
  0.2514769000000E+00
  0.2847244000000E+00
  0.2847244000000E+00
  0.2847244000000E+00
  0.2847244000000E+00
  0.2847244000000E+00
  0.2847244000000E+00
  0.2847244000000E+00
  0.2847244000000E+00
  0.2847244000000E+00
  0.2847244000000E+00
  0.2847244000000E+00
  0.2847244000000E+00
  0.2847244000000E+00
  0.2847244000000E+00
  0.2847244000000E+00
  0.2847244000000E+00
  0.2847244000000E+00
  0.2847244000000E+00
  0.2847244000000E+00
  0.2847244000000E+00
  0.2847244000000E+00
  0.2847244000000E+00
  0.2847244000000E+00
  0.2847244000000E+00
  0.2847244000000E+00
  0.2847244000000E+00
  0.2847244000000E+00
  0.2847244000000E+00
  0.2847244000000E+00
  0.2847244000000E+00
  0.2847244000000E+00
  0.2847244000000E+00
  0.2847244000000E+00
  0.2847244000000E+00
  0.2847244000000E+00
  0.2847244000000E+00
  0.3245715000000E+00
  0.3245715000000E+00
  0.3245715000000E+00
  0.3245715000000E+00
  0.3245715000000E+00
  0.3245715000000E+00
  0.3245715000000E+00
  0.3245715000000E+00
  0.3245715000000E+00
  0.3245715000000E+00
  0.3245715000000E+00
  0.3245715000000E+00
  0.3245715000000E+00
  0.3245715000000E+00
  0.3245715000000E+00
  0.3245715000000E+00
  0.3245715000000E+00
  0.3245715000000E+00
  0.3245715000000E+00
  0.3245715000000E+00
  0.3245715000000E+00
  0.3245715000000E+00
  0.3245715000000E+00
  0.3245715000000E+00
  0.3245715000000E+00
  0.3245715000000E+00
  0.3245715000000E+00
  0.3245715000000E+00
  0.3245715000000E+00
  0.3245715000000E+00
  0.3245715000000E+00
  0.3245715000000E+00
  0.3245715000000E+00
  0.3245715000000E+00
  0.3245715000000E+00
  0.3245715000000E+00
  0.3664701000000E+00
  0.3664701000000E+00
  0.3664701000000E+00
  0.3664701000000E+00
  0.3664701000000E+00
  0.3664701000000E+00
  0.3664701000000E+00
  0.3664701000000E+00
  0.3664701000000E+00
  0.3664701000000E+00
  0.3664701000000E+00
  0.3664701000000E+00
  0.3664701000000E+00
  0.3664701000000E+00
  0.3664701000000E+00
  0.3664701000000E+00
  0.3664701000000E+00
  0.3664701000000E+00
  0.3664701000000E+00
  0.3664701000000E+00
  0.3664701000000E+00
  0.3664701000000E+00
  0.3664701000000E+00
  0.3664701000000E+00
  0.3664701000000E+00
  0.3664701000000E+00
  0.3664701000000E+00
  0.3664701000000E+00
  0.3664701000000E+00
  0.3664701000000E+00
  0.3664701000000E+00
  0.3664701000000E+00
  0.3664701000000E+00
  0.3664701000000E+00
  0.3664701000000E+00
  0.3664701000000E+00
  0.3898200000000E+00
  0.3898200000000E+00
  0.3898200000000E+00
  0.3898200000000E+00
  0.3898200000000E+00
  0.3898200000000E+00
  0.3898200000000E+00
  0.3898200000000E+00
  0.3898200000000E+00
  0.3898200000000E+00
  0.3898200000000E+00
  0.3898200000000E+00
  0.3898200000000E+00
  0.3898200000000E+00
  0.3898200000000E+00
  0.3898200000000E+00
  0.3898200000000E+00
  0.3898200000000E+00
  0.3898200000000E+00
  0.3898200000000E+00
  0.3898200000000E+00
  0.3898200000000E+00
  0.3898200000000E+00
  0.3898200000000E+00
  0.3898200000000E+00
  0.3898200000000E+00
  0.3898200000000E+00
  0.3898200000000E+00
  0.3898200000000E+00
  0.3898200000000E+00
  0.3898200000000E+00
  0.3898200000000E+00
  0.3898200000000E+00
  0.3898200000000E+00
  0.3898200000000E+00
  0.3898200000000E+00
  0.4108438000000E+00
  0.4108438000000E+00
  0.4108438000000E+00
  0.4108438000000E+00
  0.4108438000000E+00
  0.4108438000000E+00
  0.4108438000000E+00
  0.4108438000000E+00
  0.4108438000000E+00
  0.4108438000000E+00
  0.4108438000000E+00
  0.4108438000000E+00
  0.4108438000000E+00
  0.4108438000000E+00
  0.4108438000000E+00
  0.4108438000000E+00
  0.4108438000000E+00
  0.4108438000000E+00
  0.4108438000000E+00
  0.4108438000000E+00
  0.4108438000000E+00
  0.4108438000000E+00
  0.4108438000000E+00
  0.4108438000000E+00
  0.4108438000000E+00
  0.4108438000000E+00
  0.4108438000000E+00
  0.4108438000000E+00
  0.4108438000000E+00
  0.4108438000000E+00
  0.4108438000000E+00
  0.4108438000000E+00
  0.4108438000000E+00
  0.4108438000000E+00
  0.4108438000000E+00
  0.4108438000000E+00
  0.4173363000000E+00
  0.4173363000000E+00
  0.4173363000000E+00
  0.4173363000000E+00
  0.4173363000000E+00
  0.4173363000000E+00
  0.4173363000000E+00
  0.4173363000000E+00
  0.4173363000000E+00
  0.4173363000000E+00
  0.4173363000000E+00
  0.4173363000000E+00
  0.4173363000000E+00
  0.4173363000000E+00
  0.4173363000000E+00
  0.4173363000000E+00
  0.4173363000000E+00
  0.4173363000000E+00
  0.4173363000000E+00
  0.4173363000000E+00
  0.4173363000000E+00
  0.4173363000000E+00
  0.4173363000000E+00
  0.4173363000000E+00
  0.4173363000000E+00
  0.4173363000000E+00
  0.4173363000000E+00
  0.4173363000000E+00
  0.4173363000000E+00
  0.4173363000000E+00
  0.4173363000000E+00
  0.4173363000000E+00
  0.4173363000000E+00
  0.4173363000000E+00
  0.4173363000000E+00
  0.4173363000000E+00
  0.4320535000000E+00
  0.4320535000000E+00
  0.4320535000000E+00
  0.4320535000000E+00
  0.4320535000000E+00
  0.4320535000000E+00
  0.4320535000000E+00
  0.4320535000000E+00
  0.4320535000000E+00
  0.4320535000000E+00
  0.4320535000000E+00
  0.4320535000000E+00
  0.4320535000000E+00
  0.4320535000000E+00
  0.4320535000000E+00
  0.4320535000000E+00
  0.4320535000000E+00
  0.4320535000000E+00
  0.4320535000000E+00
  0.4320535000000E+00
  0.4320535000000E+00
  0.4320535000000E+00
  0.4320535000000E+00
  0.4320535000000E+00
  0.4320535000000E+00
  0.4320535000000E+00
  0.4320535000000E+00
  0.4320535000000E+00
  0.4320535000000E+00
  0.4320535000000E+00
  0.4320535000000E+00
  0.4320535000000E+00
  0.4320535000000E+00
  0.4320535000000E+00
  0.4320535000000E+00
  0.4320535000000E+00
  0.6723908520167E+00
  0.6727050157727E+00
  0.6718094719091E+00
  0.7000000000000E+00
  0.7000000000000E+00
  0.7000000000000E+00
  0.7000000000000E+00
  0.6924963235224E+00
  0.6872224285666E+00
  0.6702265942561E+00
  0.6978039126345E+00
  0.7000000000000E+00
  0.4698463000000E+00
  0.4698463000000E+00
  0.4698463000000E+00
  0.4698463000000E+00
  0.4698463000000E+00
  0.7000000000000E+00
  0.7000000000000E+00
  0.7000000000000E+00
  0.6736434406695E+00
  0.6781939632070E+00
  0.6997523764986E+00
  0.6997990628730E+00
  0.6998415639401E+00
  0.6998818092675E+00
  0.6999122744427E+00
  0.6999248467437E+00
  0.7000000000000E+00
  0.7000000000000E+00
  0.7000000000000E+00
  0.6998376918377E+00
  0.6998209623538E+00
  0.6998128955371E+00
  0.6998088515424E+00
  0.6725801611673E+00
  0.9247607875975E+00
  0.9247607875975E+00
  0.9247607875975E+00
  0.9247607875975E+00
  0.9247607875975E+00
  0.9247607875975E+00
  0.9247607875975E+00
  0.9247607875975E+00
  0.9247607875975E+00
  0.9247607875975E+00
  0.9247607875975E+00
  0.9247607875975E+00
  0.9247607875975E+00
  0.9247607875975E+00
  0.9247607875975E+00
  0.9247607875975E+00
  0.9247607875975E+00
  0.9247607875975E+00
  0.9247607875975E+00
  0.9247607875975E+00
  0.9247607875975E+00
  0.9247607875975E+00
  0.9247607875975E+00
  0.9247607875975E+00
  0.9247607875975E+00
  0.9247607875975E+00
  0.9247607875975E+00
  0.9247607875975E+00
  0.9247607875975E+00
  0.9247607875975E+00
  0.9247607875975E+00
  0.9247607875975E+00
  0.9247607875975E+00
  0.9247607875975E+00
  0.9247607875975E+00
  0.9247607875975E+00
  0.2072560339872E+01
  0.2072560339872E+01
  0.2072560339872E+01
  0.2072560339872E+01
  0.2072560339872E+01
  0.2072560339872E+01
  0.2072560339872E+01
  0.2072560339872E+01
  0.2072560339872E+01
  0.2072560339872E+01
  0.2072560339872E+01
  0.2072560339872E+01
  0.2072560339872E+01
  0.2072560339872E+01
  0.2072560339872E+01
  0.2072560339872E+01
  0.2072560339872E+01
  0.2072560339872E+01
  0.2072560339872E+01
  0.2072560339872E+01
  0.2072560339872E+01
  0.2072560339872E+01
  0.2072560339872E+01
  0.2072560339872E+01
  0.2072560339872E+01
  0.2072560339872E+01
  0.2072560339872E+01
  0.2072560339872E+01
  0.2072560339872E+01
  0.2072560339872E+01
  0.2072560339872E+01
  0.2072560339872E+01
  0.2072560339872E+01
  0.2072560339872E+01
  0.2072560339872E+01
  0.2072560339872E+01
  0.5522752096428E+01
  0.6026013690132E+01
  0.6192425123123E+01
  0.6262486869166E+01
  0.6529258131467E+01
  0.6538330636184E+01
  0.6635047954075E+01
  0.6682145676308E+01
  0.6664525657115E+01
  0.6547523652946E+01
  0.4558518247849E+01
  0.3757156323287E+01
  0.5424174187403E+01
  0.5714133331390E+01
  0.5766010935109E+01
  0.4042540899370E+01
  0.0000000000000E+00
  0.0000000000000E+00
  0.0000000000000E+00
  0.0000000000000E+00
  0.0000000000000E+00
  0.0000000000000E+00
  0.0000000000000E+00
  0.0000000000000E+00
  0.0000000000000E+00
  0.0000000000000E+00
  0.0000000000000E+00
  0.0000000000000E+00
  0.0000000000000E+00
  0.0000000000000E+00
  0.0000000000000E+00
  0.0000000000000E+00
  0.3733571160913E+01
  0.5189060502595E+01
  0.5263961700832E+01
  0.5203756776790E+01
  0.5765003632204E+01
  0.6301389071225E+01
  0.6726850249681E+01
  0.6973838414789E+01
  0.7229612391021E+01
  0.7462462924281E+01
  0.7609418228545E+01
  0.7694027088197E+01
  0.7752186266084E+01
  0.7749978870262E+01
  0.7052609593004E+01
  0.6270229455184E+01
  0.4421905532851E+01
  0.1810524360935E+01
  0.1585922163188E+01
  0.0000000000000E+00
  0.0000000000000E+00
  0.0000000000000E+00
  0.0000000000000E+00
  0.0000000000000E+00
  0.0000000000000E+00
  0.0000000000000E+00
  0.0000000000000E+00
  0.0000000000000E+00
  0.0000000000000E+00
  0.0000000000000E+00
  0.0000000000000E+00
  0.0000000000000E+00
  0.0000000000000E+00
  0.0000000000000E+00
  0.0000000000000E+00
  0.0000000000000E+00
  0.4072634669710E+01
  0.5573641623649E+01
  0.5468437423243E+01
  0.5467702690683E+01
  0.5793218416143E+01
  0.6005033983028E+01
  0.6216250218970E+01
  0.6421181548141E+01
  0.6696068516633E+01
  0.7015930929716E+01
  0.7274260988248E+01
  0.7457143050129E+01
  0.7583315531465E+01
  0.7665278155377E+01
  0.7675347004153E+01
  0.7379340526835E+01
  0.5023613164921E+01
  0.0000000000000E+00
  0.0000000000000E+00
  0.0000000000000E+00
  0.0000000000000E+00
  0.0000000000000E+00
  0.0000000000000E+00
  0.0000000000000E+00
  0.0000000000000E+00
  0.4704298369960E+01
  0.6585347586263E+01
  0.4601967539083E+01
  0.0000000000000E+00
  0.0000000000000E+00
  0.0000000000000E+00
  0.0000000000000E+00
  0.0000000000000E+00
  0.0000000000000E+00
  0.0000000000000E+00
  0.0000000000000E+00
  0.3997466517929E+01
  0.5738914436028E+01
  0.5797946059833E+01
  0.5635938516888E+01
  0.5378896459423E+01
  0.5206445239977E+01
  0.5091099828911E+01
  0.5170198103706E+01
  0.5400057283291E+01
  0.5699396308451E+01
  0.5983062065250E+01
  0.6194993657745E+01
  0.6355016483270E+01
  0.6514959800861E+01
  0.6675114218040E+01
  0.6617389952899E+01
  0.6025453379376E+01
  0.4003268895060E+01
  0.0000000000000E+00
  0.0000000000000E+00
  0.0000000000000E+00
  0.0000000000000E+00
  0.0000000000000E+00
  0.0000000000000E+00
  0.4553200934354E+01
  0.6593956175541E+01
  0.6588640783632E+01
  0.4466329623717E+01
  0.0000000000000E+00
  0.0000000000000E+00
  0.0000000000000E+00
  0.4456674337872E+01
  0.6213901887112E+01
  0.4289539512671E+01
  0.0000000000000E+00
  0.0000000000000E+00
  0.3893871457868E+01
  0.5563866259153E+01
  0.5480709129350E+01
  0.5358890891652E+01
  0.4434747092816E+01
  0.3849042246170E+01
  0.3383672428183E+01
  0.3249640301726E+01
  0.3389484331476E+01
  0.3617143396475E+01
  0.3899395645044E+01
  0.4161644405245E+01
  0.4395881216548E+01
  0.4651343927065E+01
  0.4992619869010E+01
  0.5254515851363E+01
  0.5318285961893E+01
  0.3776676275816E+01
  0.0000000000000E+00
  0.0000000000000E+00
  0.0000000000000E+00
  0.0000000000000E+00
  0.0000000000000E+00
  0.4344218711890E+01
  0.6102814687328E+01
  0.6040675842013E+01
  0.5781747079880E+01
  0.3841578842091E+01
  0.0000000000000E+00
  0.0000000000000E+00
  0.4473132295219E+01
  0.6096677523671E+01
  0.5704223782437E+01
  0.3656403950079E+01
  0.0000000000000E+00
  0.0000000000000E+00
  0.3644980256243E+01
  0.5221210383992E+01
  0.4857070238205E+01
  0.4730516175920E+01
  0.2968975862944E+01
  0.2531790362625E+01
  0.2445485693332E+01
  0.2509116726604E+01
  0.2512104827828E+01
  0.2442035077513E+01
  0.2299816691768E+01
  0.2047761467967E+01
  0.1743318848752E+01
  0.1869204336144E+01
  0.2594187910294E+01
  0.3186346518161E+01
  0.4272207273973E+01
  0.5060070169003E+01
  0.4759457012816E+01
  0.2949501704982E+01
  0.0000000000000E+00
  0.2025862551340E+01
  0.4179482006918E+01
  0.5413173131224E+01
  0.5221194392388E+01
  0.4675740451493E+01
  0.4219203588600E+01
  0.4322629298560E+01
  0.4777321439028E+01
  0.5067296028064E+01
  0.5334644369343E+01
  0.4888478898136E+01
  0.3848337755572E+01
  0.2180111359188E+01
  0.0000000000000E+00
  0.0000000000000E+00
  0.3427681690864E+01
  0.4079810835137E+01
  0.3382914645436E+01
  0.3403813763360E+01
  0.3288357808523E+01
  0.3653277897512E+01
  0.3893070425896E+01
  0.4046668136084E+01
  0.4165235496020E+01
  0.4229490663347E+01
  0.4185875252685E+01
  0.4028045812077E+01
  0.3730338277654E+01
  0.3270551192981E+01
  0.2667140541604E+01
  0.1681887235918E+01
  0.3100381696607E+01
  0.4174273842117E+01
  0.4353698669489E+01
  0.2834423289598E+01
  0.0000000000000E+00
  0.1349842842345E+01
  0.3082617937372E+01
  0.3785672629180E+01
  0.3126475746926E+01
  0.2789675740101E+01
  0.1215409438786E+01
  0.2021356733515E+01
  0.1670537831956E+01
  0.2359486824748E+01
  0.2817472775668E+01
  0.2493641791234E+01
  0.1366568618756E+01
  0.1356845912685E+01
  0.0000000000000E+00
  0.0000000000000E+00
  0.3313843708872E+01
  0.2224079721127E+01
  0.2273219875504E+01
  0.2855065401147E+01
  0.4484235152194E+01
  0.4706700924263E+01
  0.4892697286263E+01
  0.5060713104634E+01
  0.5232109939140E+01
  0.5337197725774E+01
  0.5328009264451E+01
  0.5178037684764E+01
  0.4899776632102E+01
  0.4557453847387E+01
  0.4241799995889E+01
  0.4027417731633E+01
  0.4214908090910E+01
  0.4026423556756E+01
  0.4233284089825E+01
  0.4062367417396E+01
  0.0000000000000E+00
  0.2864904031200E+01
  0.3146056817735E+01
  0.1832288752305E+01
  0.2438143438233E+01
  0.3568820272607E+01
  0.4209571069902E+01
  0.4766022102505E+01
  0.4635723252459E+01
  0.4078551909648E+01
  0.3581849748962E+01
  0.3675158568984E+01
  0.4293247165771E+01
  0.2979651709125E+01
  0.0000000000000E+00
  0.0000000000000E+00
  0.3308896673045E+01
  0.3624613177592E+01
  0.3811816830944E+01
  0.4181761814473E+01
  0.4977875388658E+01
  0.5133875924855E+01
  0.5304607648449E+01
  0.5481589380442E+01
  0.5651097746863E+01
  0.5725527763417E+01
  0.5685065857122E+01
  0.5503022093928E+01
  0.5238689356514E+01
  0.5018265079259E+01
  0.4941938525254E+01
  0.5020158823875E+01
  0.5172147092297E+01
  0.3671579387922E+01
  0.4897295964803E+01
  0.5749810811932E+01
  0.0000000000000E+00
  0.1980780498848E+01
  0.3371517616825E+01
  0.4123317587885E+01
  0.4277293779218E+01
  0.4689921076245E+01
  0.5246919674537E+01
  0.5695085530291E+01
  0.5552325938354E+01
  0.5259497494061E+01
  0.5031113523594E+01
  0.5098652200415E+01
  0.5427399935104E+01
  0.4482207647025E+01
  0.0000000000000E+00
  0.0000000000000E+00
  0.3585760411310E+01
  0.4558488113791E+01
  0.4564085997105E+01
  0.4805743671328E+01
  0.5167467409323E+01
  0.5259087668913E+01
  0.5374846213910E+01
  0.5481419620835E+01
  0.5543067122910E+01
  0.5524792759426E+01
  0.5431409013216E+01
  0.5287386453593E+01
  0.5216177957846E+01
  0.5297887363130E+01
  0.5510021438068E+01
  0.5687496327019E+01
  0.5629018465472E+01
  0.4640565582299E+01
  0.5779157834691E+01
  0.6041364607718E+01
  0.0000000000000E+00
  0.0000000000000E+00
  0.4054780849065E+01
  0.5060457086763E+01
  0.5021884476071E+01
  0.5272502898757E+01
  0.5503256695952E+01
  0.5552060926621E+01
  0.3426262342790E+01
  0.3977503454633E+01
  0.5605374136491E+01
  0.5859150354821E+01
  0.5971222530486E+01
  0.5940190433955E+01
  0.2157371834147E+01
  0.0000000000000E+00
  0.3661793157034E+01
  0.4930663846983E+01
  0.4990596939125E+01
  0.5098374137052E+01
  0.5044999459937E+01
  0.5067123170775E+01
  0.5067869120324E+01
  0.5000813623537E+01
  0.4853223705560E+01
  0.4698331968284E+01
  0.4605881004267E+01
  0.4703343243365E+01
  0.5049351610132E+01
  0.5501508283628E+01
  0.5860657781169E+01
  0.5958654295265E+01
  0.5841880693803E+01
  0.5138806767585E+01
  0.5819852403326E+01
  0.6270900041979E+01
  0.0000000000000E+00
  0.0000000000000E+00
  0.4116411196886E+01
  0.5280009160999E+01
  0.5167994483698E+01
  0.5210042338528E+01
  0.5195714091240E+01
  0.5213610835135E+01
  0.2298858579650E+01
  0.1659818803827E+01
  0.1171918269663E+01
  0.4548650808616E+01
  0.6119732079849E+01
  0.5589775937350E+01
  0.1817485922070E+01
  0.0000000000000E+00
  0.3657825973565E+01
  0.5114883438930E+01
  0.5117641352998E+01
  0.5062457896973E+01
  0.4554727956078E+01
  0.4510615605354E+01
  0.4374969982725E+01
  0.4087418867234E+01
  0.3698914970706E+01
  0.3462434399390E+01
  0.3597310729786E+01
  0.4141589614208E+01
  0.4823443686951E+01
  0.5434608960902E+01
  0.5812453485058E+01
  0.5833715190494E+01
  0.5524706928594E+01
  0.4976398768501E+01
  0.5370843941769E+01
  0.6117673081065E+01
  0.0000000000000E+00
  0.0000000000000E+00
  0.1734566724885E+01
  0.3229056134708E+01
  0.4775859685612E+01
  0.4808544242086E+01
  0.4684955321815E+01
  0.4609930551578E+01
  0.1887393469451E+01
  0.1643565636049E+01
  0.0000000000000E+00
  0.2665127735429E+01
  0.5160215871044E+01
  0.5165303404287E+01
  0.1688248313854E+01
  0.0000000000000E+00
  0.3522279322024E+01
  0.4939280391692E+01
  0.4813286733318E+01
  0.4630488051109E+01
  0.3588759026281E+01
  0.3455320524984E+01
  0.3178059615327E+01
  0.2723155227165E+01
  0.2357401259178E+01
  0.2539700758396E+01
  0.3156753340726E+01
  0.3882436535097E+01
  0.4554314167872E+01
  0.5065692699172E+01
  0.5336242841689E+01
  0.5259527752915E+01
  0.4791345836442E+01
  0.4271300508039E+01
  0.4733165084518E+01
  0.5322059406800E+01
  0.0000000000000E+00
  0.0000000000000E+00
  0.0000000000000E+00
  0.2944011507660E+01
  0.4353202786409E+01
  0.4439886430751E+01
  0.4215649757946E+01
  0.3974468012354E+01
  0.1936397542884E+01
  0.1494683007646E+01
  0.7203061315003E+00
  0.0000000000000E+00
  0.4874528724294E+01
  0.4621840109445E+01
  0.1202382391498E+01
  0.2878652183124E+01
  0.4180293765616E+01
  0.4281181641735E+01
  0.3970932776747E+01
  0.3706009095520E+01
  0.3340509411195E+01
  0.3330341323918E+01
  0.3344712331708E+01
  0.3485116712264E+01
  0.3732620611580E+01
  0.4036801486438E+01
  0.4381748430852E+01
  0.4705438651702E+01
  0.4962680846386E+01
  0.5124437362501E+01
  0.5108997897083E+01
  0.4752281071821E+01
  0.3989914344969E+01
  0.3313966809402E+01
  0.4096528128845E+01
  0.4145100111803E+01
  0.0000000000000E+00
  0.0000000000000E+00
  0.0000000000000E+00
  0.2593807750764E+01
  0.3692196172105E+01
  0.3968170870598E+01
  0.3741998608262E+01
  0.3340950370664E+01
  0.1730611562474E+01
  0.1253236921852E+01
  0.1620341384882E+01
  0.9064714175137E+00
  0.4449555715037E+01
  0.3877224348774E+01
  0.2676155780746E+01
  0.3555198410677E+01
  0.3643598706527E+01
  0.3552128459764E+01
  0.3350934528038E+01
  0.3325019157235E+01
  0.4546476784369E+01
  0.4708848006785E+01
  0.4900054302431E+01
  0.5124671931433E+01
  0.5379309903958E+01
  0.5671316367389E+01
  0.5958212347246E+01
  0.6122833529531E+01
  0.6086358966640E+01
  0.5869276203294E+01
  0.5457385048930E+01
  0.4720958637959E+01
  0.3482148982034E+01
  0.2321230297068E+01
  0.3821523603812E+01
  0.3293887961804E+01
  0.0000000000000E+00
  0.0000000000000E+00
  0.0000000000000E+00
  0.2395300741382E+01
  0.2997764374555E+01
  0.3235809208913E+01
  0.3090997417153E+01
  0.2841789999776E+01
  0.1870977980390E+01
  0.1809485256922E+01
  0.2219931056634E+01
  0.1064485646830E+01
  0.2901068768575E+01
  0.2756110772005E+01
  0.3157748865618E+01
  0.3510830269052E+01
  0.3690927813807E+01
  0.3917379482200E+01
  0.4161346701937E+01
  0.4378613747011E+01
  0.5059337362350E+01
  0.5216818041310E+01
  0.5384081081820E+01
  0.5572918616111E+01
  0.5822464759833E+01
  0.6133900171795E+01
  0.6439715563657E+01
  0.6616551044178E+01
  0.6574238701951E+01
  0.6290976729436E+01
  0.5754345774541E+01
  0.4940161060702E+01
  0.3692824644847E+01
  0.1094993983551E+01
  0.3779423394942E+01
  0.4247691829772E+01
  0.2908917535918E+01
  0.0000000000000E+00
  0.0000000000000E+00
  0.1801965395249E+01
  0.2408100944689E+01
  0.2064499956723E+01
  0.1948353981668E+01
  0.2069364544876E+01
  0.1829902692629E+01
  0.1857117304957E+01
  0.1791557402845E+01
  0.1599327369861E+01
  0.0000000000000E+00
  0.2186338292645E+01
  0.3304369027780E+01
  0.3622295066332E+01
  0.4035273736074E+01
  0.4412975314593E+01
  0.4692684739220E+01
  0.4895893152467E+01
  0.4909876019311E+01
  0.5076588125513E+01
  0.5251240986386E+01
  0.5451542972079E+01
  0.5715610414646E+01
  0.6032640230501E+01
  0.6343964021328E+01
  0.6552858804989E+01
  0.6572199811428E+01
  0.6375360078079E+01
  0.5949979175605E+01
  0.5313056182517E+01
  0.4429505933408E+01
  0.2806059706126E+01
  0.3112354201123E+01
  0.3927706913581E+01
  0.2672204678941E+01
  0.0000000000000E+00
  0.0000000000000E+00
  0.2569075079178E+01
  0.2643082342251E+01
  0.1513665094170E+01
  0.2184863938477E+01
  0.1364794294379E+01
  0.9135639961102E+00
  0.1270252715651E+01
  0.1714582434569E+01
  0.2960012875656E+01
  0.2381138383211E+01
  0.2006573099241E+01
  0.2968273809879E+01
  0.3314212652842E+01
  0.3780429553696E+01
  0.4210285531319E+01
  0.4522964937254E+01
  0.4739208551220E+01
  0.4293730268319E+01
  0.4492572203186E+01
  0.4711023829993E+01
  0.4963036665622E+01
  0.5285733017106E+01
  0.5663533942105E+01
  0.6041683031412E+01
  0.6347638322484E+01
  0.6492992849369E+01
  0.6469601862240E+01
  0.6291472144393E+01
  0.5956002770718E+01
  0.5501840999006E+01
  0.4742206397707E+01
  0.2752715743029E+01
  0.2966694976278E+01
  0.2460141772025E+01
  0.0000000000000E+00
  0.0000000000000E+00
  0.3249553760402E+01
  0.2930877213349E+01
  0.2524141696840E+01
  0.2645802189566E+01
  0.2978939304804E+01
  0.2424539813974E+01
  0.2732543700969E+01
  0.3380204741535E+01
  0.4125114133492E+01
  0.3815140133318E+01
  0.3133202411491E+01
  0.2850283419018E+01
  0.2872205324717E+01
  0.3145004326629E+01
  0.3535882535483E+01
  0.3858751844942E+01
  0.4098203195765E+01
  0.3625352254635E+01
  0.3705145944101E+01
  0.3829480572286E+01
  0.4019027373217E+01
  0.4319904720432E+01
  0.4733889979327E+01
  0.5205069215870E+01
  0.5660596670981E+01
  0.6006480563906E+01
  0.6247562215095E+01
  0.6431684033926E+01
  0.6537481002342E+01
  0.6593164025332E+01
  0.6725356997968E+01
  0.6222005007581E+01
  0.3583317952077E+01
  0.0000000000000E+00
  0.0000000000000E+00
  0.0000000000000E+00
  0.4006002357877E+01
  0.2763037057056E+01
  0.3144077971499E+01
  0.2326074879230E+01
  0.3710897219659E+01
  0.3966715622422E+01
  0.4220203783686E+01
  0.4671885917968E+01
  0.5109410967632E+01
  0.4928455238265E+01
  0.4550341809955E+01
  0.4118924125369E+01
  0.3725465821355E+01
  0.3471002785811E+01
  0.3454145730226E+01
  0.3507093618810E+01
  0.3571316258591E+01
  0.4223908279463E+01
  0.4074774856094E+01
  0.3933986693639E+01
  0.3878739037489E+01
  0.3955366961122E+01
  0.4209974407668E+01
  0.4623802313702E+01
  0.5115338439869E+01
  0.5570587044313E+01
  0.5974298879729E+01
  0.6356059876514E+01
  0.6684818244852E+01
  0.7010047821827E+01
  0.7739523542245E+01
  0.8829115658936E+01
  0.8374207975416E+01
  0.7144571049460E+01
  0.5636735997575E+01
  0.5229248131141E+01
  0.5307265860027E+01
  0.3083366848516E+01
  0.2801605731287E+01
  0.1975191285771E+01
  0.4564517139824E+01
  0.5390605769970E+01
  0.5566503951200E+01
  0.5829738563773E+01
  0.6114833045585E+01
  0.6254196617770E+01
  0.6230180734400E+01
  0.6042783473036E+01
  0.5738710689563E+01
  0.5299446477549E+01
  0.4877388426930E+01
  0.4562875085932E+01
  0.4369097255610E+01
  0.6074736843043E+01
  0.5916159554844E+01
  0.5617504244860E+01
  0.5212444275542E+01
  0.4836279066348E+01
  0.4641001577431E+01
  0.4684117018427E+01
  0.4949274784959E+01
  0.5358443211131E+01
  0.5807717579506E+01
  0.6243655630965E+01
  0.6640793757783E+01
  0.7061904938046E+01
  0.7743108741926E+01
  0.9063732657177E+01
  0.8631968168375E+01
  0.7528459708913E+01
  0.6497836601287E+01
  0.6494696893923E+01
  0.6288870525034E+01
  0.4543831264917E+01
  0.1791858077585E+01
  0.4305248496357E+01
  0.6502506675183E+01
  0.6480227122637E+01
  0.6555860046430E+01
  0.6633264900956E+01
  0.6791951032510E+01
  0.7014086870893E+01
  0.7220631037905E+01
  0.7284167118168E+01
  0.7204197569127E+01
  0.6973965508906E+01
  0.6673960949013E+01
  0.6387244677957E+01
  0.6191074226166E+01
  0.7176352772391E+01
  0.7160571996468E+01
  0.7053611240990E+01
  0.6787450097781E+01
  0.6387619653766E+01
  0.5929298001410E+01
  0.5530284224019E+01
  0.5330634256104E+01
  0.5414906644728E+01
  0.5718159732882E+01
  0.6126865889078E+01
  0.6567180401854E+01
  0.7057705133974E+01
  0.7701932024347E+01
  0.8519176414979E+01
  0.8401884989822E+01
  0.7617836888618E+01
  0.6967613125631E+01
  0.6915675617286E+01
  0.6882042913601E+01
  0.6023144332009E+01
  0.3341849372843E+01
  0.4439758904300E+01
  0.6706643268830E+01
  0.7013261616709E+01
  0.7085644500972E+01
  0.7051233121385E+01
  0.7075771108399E+01
  0.7268417717618E+01
  0.7553557970777E+01
  0.7761777982813E+01
  0.7834168577897E+01
  0.7761655269845E+01
  0.7593100497333E+01
  0.7382771440143E+01
  0.7225502057337E+01
  0.7524273768244E+01
  0.7578935755945E+01
  0.7643386196603E+01
  0.7615142300714E+01
  0.7440835119583E+01
  0.7115524022431E+01
  0.6663218837990E+01
  0.6204657490229E+01
  0.5897056505617E+01
  0.5823817367684E+01
  0.5978932904688E+01
  0.6285527934297E+01
  0.6670169664726E+01
  0.7148344180661E+01
  0.7633030648787E+01
  0.7649429977587E+01
  0.7248546651193E+01
  0.6879037065111E+01
  0.6748737054176E+01
  0.6859058073451E+01
  0.6779971782868E+01
  0.5727831284344E+01
  0.5910910562968E+01
  0.6479370967850E+01
  0.6998333904623E+01
  0.7163892150126E+01
  0.7138327427315E+01
  0.7082934154819E+01
  0.7189000121143E+01
  0.7452880336273E+01
  0.7727159143893E+01
  0.7902856048815E+01
  0.7935981733539E+01
  0.7854139103748E+01
  0.7696789990195E+01
  0.7559476871117E+01
  0.7181334091895E+01
  0.7242164381987E+01
  0.7386623969090E+01
  0.7519556429911E+01
  0.7534403924508E+01
  0.7411632128687E+01
  0.7139830025428E+01
  0.6758558813019E+01
  0.6345807337583E+01
  0.5998240957329E+01
  0.5808849615132E+01
  0.5818726272789E+01
  0.5966551649345E+01
  0.6179202055341E+01
  0.6378462639958E+01
  0.6382868897671E+01
  0.6255055909213E+01
  0.6061731391611E+01
  0.5862460390290E+01
  0.6067410140896E+01
  0.6183134184833E+01
  0.4682570740846E+01
  0.4882463088564E+01
  0.5562007090772E+01
  0.6211804876863E+01
  0.6538344876654E+01
  0.6624671968619E+01
  0.6598713784745E+01
  0.6659490054301E+01
  0.6864035071066E+01
  0.7134616120776E+01
  0.7358300360488E+01
  0.7464488967559E+01
  0.7447621613471E+01
  0.7339311803332E+01
  0.7222163090055E+01
  0.6318522470746E+01
  0.6361979415556E+01
  0.6505911074498E+01
  0.6698664814596E+01
  0.6804837535609E+01
  0.6815007249514E+01
  0.6713252918892E+01
  0.6477833223101E+01
  0.6134238623745E+01
  0.5737690982101E+01
  0.5354327235659E+01
  0.5073054658054E+01
  0.4929476799436E+01
  0.4869543690449E+01
  0.4808553044168E+01
  0.4714132851248E+01
  0.4795859361518E+01
  0.5048896053623E+01
  0.4841366775839E+01
  0.5154955589243E+01
  0.5043218539549E+01
  0.1554528881133E+01
  0.2676671444838E+01
  0.3737055596321E+01
  0.4600824710816E+01
  0.5100021238051E+01
  0.5342343735840E+01
  0.5440396746826E+01
  0.5589326362010E+01
  0.5804198156070E+01
  0.6051380607885E+01
  0.6287154097670E+01
  0.6436381176296E+01
  0.6479762911856E+01
  0.6434964976660E+01
  0.6354218362238E+01
  0.4376445428504E+01
  0.4416415688529E+01
  0.4543441363752E+01
  0.4776912684941E+01
  0.4958085241863E+01
  0.5054626378388E+01
  0.5044966539360E+01
  0.4896713078572E+01
  0.4614308666004E+01
  0.4212505315501E+01
  0.3641809502514E+01
  0.2962345435250E+01
  0.2375543659113E+01
  0.2288440402832E+01
  0.2621443125266E+01
  0.2958036537693E+01
  0.3548938098869E+01
  0.4397460981359E+01
  0.4737154875784E+01
  0.5348289059641E+01
  0.5364191587828E+01
  0.4788194698359E+01
  0.4639710956483E+01
  0.4149106194530E+01
  0.3940731761743E+01
  0.3806252845421E+01
  0.3593498761633E+01
  0.3304395060435E+01
  0.3252116998125E+01
  0.3469770032383E+01
  0.3780032430786E+01
  0.4097632322448E+01
  0.4324300653441E+01
  0.4465032806829E+01
  0.4489611234968E+01
  0.4420681523248E+01
  0.3535154460408E+01
  0.3293259576270E+01
  0.3128835124535E+01
  0.3181690642622E+01
  0.3258576478820E+01
  0.3295701922755E+01
  0.3280911066935E+01
  0.3183675955306E+01
  0.2985007089615E+01
  0.2938065240724E+01
  0.3219412830268E+01
  0.3756616525020E+01
  0.4336045220727E+01
  0.4853218480708E+01
  0.5349028192025E+01
  0.5670348534085E+01
  0.5676059268234E+01
  0.6519516941010E+01
  0.5170260661931E+01
  0.2853717413642E+01
  0.2763613632130E+01
  0.4325958174112E+01
  0.6264474666808E+01
  0.6479865319008E+01
  0.6670233195845E+01
  0.6694827324091E+01
  0.6463309149906E+01
  0.6034961150884E+01
  0.5488229457638E+01
  0.4932053017665E+01
  0.4515340476472E+01
  0.4296922314731E+01
  0.4215305949169E+01
  0.4179091415338E+01
  0.4065233057061E+01
  0.3830769236450E+01
  0.6481772887850E+01
  0.6315355637758E+01
  0.6187037780394E+01
  0.6087126798283E+01
  0.6011407034086E+01
  0.5990400526846E+01
  0.6025550002876E+01
  0.6081912546339E+01
  0.6184274232178E+01
  0.6369975539973E+01
  0.6637620994204E+01
  0.6991406723272E+01
  0.7394050273642E+01
  0.7792645349744E+01
  0.8163650416160E+01
  0.8422055155776E+01
  0.8161253165164E+01
  0.7639402233544E+01
  0.5263736198674E+01
  0.0000000000000E+00
  0.0000000000000E+00
  0.3784708171849E+01
  0.6135630893162E+01
  0.7365347913730E+01
  0.8162577685819E+01
  0.8604220742936E+01
  0.8684222210424E+01
  0.8520146414287E+01
  0.8195396908452E+01
  0.7798421272862E+01
  0.7460013921087E+01
  0.7222394376635E+01
  0.7067460783322E+01
  0.6952651662919E+01
  0.6824999197017E+01
  0.6662176354096E+01
  0.8362333095694E+01
  0.8248854890829E+01
  0.8166688264501E+01
  0.8097801067835E+01
  0.8055373540707E+01
  0.8071523565265E+01
  0.8133284749713E+01
  0.8234993610385E+01
  0.8389366982662E+01
  0.8593950369951E+01
  0.8858129350733E+01
  0.9179611298528E+01
  0.9515330006608E+01
  0.9825246247168E+01
  0.1004030099480E+02
  0.1010766588545E+02
  0.9713905690149E+01
  0.8599820438922E+01
  0.5548179188499E+01
  0.0000000000000E+00
  0.0000000000000E+00
  0.3765109451297E+01
  0.5634822143576E+01
  0.6821033898100E+01
  0.7868592996734E+01
  0.8627798452291E+01
  0.9074249998365E+01
  0.9294021865666E+01
  0.9345597637285E+01
  0.9267593974267E+01
  0.9137243974852E+01
  0.9000235708593E+01
  0.8878290986693E+01
  0.8763362579209E+01
  0.8629356876347E+01
  0.8489926284755E+01
  0.9110000973907E+01
  0.9093535594209E+01
  0.9094207220397E+01
  0.9107908179242E+01
  0.9132406733398E+01
  0.9177323694407E+01
  0.9242625846832E+01
  0.9354623115101E+01
  0.9514299923908E+01
  0.9711031572996E+01
  0.9947704005406E+01
  0.1019307908017E+02
  0.1041012588471E+02
  0.1057489069336E+02
  0.1064144714066E+02
  0.1056793735623E+02
  0.1030682707897E+02
  0.9813353538971E+01
  0.9062513510142E+01
  0.8049032719759E+01
  0.6853513963578E+01
  0.6412702818098E+01
  0.6753286635802E+01
  0.7034937205389E+01
  0.7560125917714E+01
  0.8138212525023E+01
  0.8636440546921E+01
  0.9011768734043E+01
  0.9251479588579E+01
  0.9366532324189E+01
  0.9391657276739E+01
  0.9370563122068E+01
  0.9327693539075E+01
  0.9273204598805E+01
  0.9205178397709E+01
  0.9145251885349E+01
  0.8556105664521E+01
  0.8613736659844E+01
  0.8676862841701E+01
  0.8749713400733E+01
  0.8809428048652E+01
  0.8850169260263E+01
  0.8896079802536E+01
  0.8970559107743E+01
  0.9076109410581E+01
  0.9199357167488E+01
  0.9319628176624E+01
  0.9419142046658E+01
  0.9472815457834E+01
  0.9457971554223E+01
  0.9377207719626E+01
  0.9259702096888E+01
  0.9189475114390E+01
  0.9212786142251E+01
  0.8811188035557E+01
  0.8079882285815E+01
  0.7466714679336E+01
  0.7197590662414E+01
  0.7108309944541E+01
  0.6899682905158E+01
  0.6766942936582E+01
  0.6812877857148E+01
  0.7022003968890E+01
  0.7355432156317E+01
  0.7728545740344E+01
  0.8034731950606E+01
  0.8235008524818E+01
  0.8366314265142E+01
  0.8435194284616E+01
  0.8457203771055E+01
  0.8470488884437E+01
  0.8504928800560E+01
  0.6471116740889E+01
  0.6630062913890E+01
  0.6751760089383E+01
  0.6844959143750E+01
  0.6891875568737E+01
  0.6912025462578E+01
  0.6944558551426E+01
  0.6982287616914E+01
  0.7015033076801E+01
  0.7021329504818E+01
  0.6986461886358E+01
  0.6912510888541E+01
  0.6778570234797E+01
  0.6576963921997E+01
  0.6359277569306E+01
  0.6232229691073E+01
  0.6360862852700E+01
  0.6834225348249E+01
  0.6755428032723E+01
  0.6688953010425E+01
  0.6562271807967E+01
  0.6330860958501E+01
  0.5944553907978E+01
  0.5468719566975E+01
  0.4999001711832E+01
  0.4543176163511E+01
  0.4260968893316E+01
  0.4424514868451E+01
  0.4918655453309E+01
  0.5416338362414E+01
  0.5751013555651E+01
  0.5960103093485E+01
  0.6098829561959E+01
  0.6183950776081E+01
  0.6246935866362E+01
  0.6333448424772E+01
  0.3075977686149E+01
  0.3075977686149E+01
  0.3075977686149E+01
  0.3075977686149E+01
  0.3075977686149E+01
  0.3075977686149E+01
  0.3075977686149E+01
  0.3075977686149E+01
  0.3075977686149E+01
  0.3075977686149E+01
  0.3075977686149E+01
  0.3075977686149E+01
  0.3075977686149E+01
  0.3075977686149E+01
  0.3075977686149E+01
  0.3075977686149E+01
  0.3075977686149E+01
  0.3075977686149E+01
  0.3075977686149E+01
  0.3075977686149E+01
  0.3075977686149E+01
  0.3075977686149E+01
  0.3075977686149E+01
  0.3075977686149E+01
  0.3075977686149E+01
  0.3075977686149E+01
  0.3075977686149E+01
  0.3075977686149E+01
  0.3075977686149E+01
  0.3075977686149E+01
  0.3075977686149E+01
  0.3075977686149E+01
  0.3075977686149E+01
  0.3075977686149E+01
  0.3075977686149E+01
  0.3075977686149E+01
  0.2866745135691E+01
  0.2866745135691E+01
  0.2866745135691E+01
  0.2866745135691E+01
  0.2866745135691E+01
  0.2866745135691E+01
  0.2866745135691E+01
  0.2866745135691E+01
  0.2866745135691E+01
  0.2866745135691E+01
  0.2866745135691E+01
  0.2866745135691E+01
  0.2866745135691E+01
  0.2866745135691E+01
  0.2866745135691E+01
  0.2866745135691E+01
  0.2866745135691E+01
  0.2866745135691E+01
  0.2866745135691E+01
  0.2866745135691E+01
  0.2866745135691E+01
  0.2866745135691E+01
  0.2866745135691E+01
  0.2866745135691E+01
  0.2866745135691E+01
  0.2866745135691E+01
  0.2866745135691E+01
  0.2866745135691E+01
  0.2866745135691E+01
  0.2866745135691E+01
  0.2866745135691E+01
  0.2866745135691E+01
  0.2866745135691E+01
  0.2866745135691E+01
  0.2866745135691E+01
  0.2866745135691E+01
  0.7019549867006E+01
  0.8728437349253E+01
  0.9343156288886E+01
  0.9273410285972E+01
  0.8529806341480E+01
  0.6688407313785E+01
  0.9354644416085E+01
  0.1077593295117E+02
  0.1104869316195E+02
  0.9997059141030E+01
  0.7176649244380E+01
  0.7136205249900E+00
  0.0000000000000E+00
  0.0000000000000E+00
  0.0000000000000E+00
  0.0000000000000E+00
  0.0000000000000E+00
  0.0000000000000E+00
  0.0000000000000E+00
  0.0000000000000E+00
  0.0000000000000E+00
  0.0000000000000E+00
  0.0000000000000E+00
  0.0000000000000E+00
  0.0000000000000E+00
  0.0000000000000E+00
  0.0000000000000E+00
  0.0000000000000E+00
  0.0000000000000E+00
  0.0000000000000E+00
  0.0000000000000E+00
  0.0000000000000E+00
  0.4322331780204E+01
  0.9811930485732E+01
  0.1125918763563E+02
  0.1012176153263E+02
  0.1061307425439E+02
  0.4045090412143E+01
  0.2309760912917E+01
  0.3807707368502E+01
  0.9578969540844E+01
  0.1194804701942E+02
  0.1308315854545E+02
  0.1332261439271E+02
  0.1211072435866E+02
  0.7866457646426E+01
  0.1069919826596E+02
  0.1090633624789E+02
  0.9161514106673E+01
  0.3486838818102E+01
  0.0000000000000E+00
  0.0000000000000E+00
  0.0000000000000E+00
  0.0000000000000E+00
  0.0000000000000E+00
  0.0000000000000E+00
  0.0000000000000E+00
  0.0000000000000E+00
  0.0000000000000E+00
  0.0000000000000E+00
  0.0000000000000E+00
  0.0000000000000E+00
  0.0000000000000E+00
  0.0000000000000E+00
  0.0000000000000E+00
  0.0000000000000E+00
  0.0000000000000E+00
  0.0000000000000E+00
  0.2908770137240E+01
  0.1133113957853E+02
  0.1363022637975E+02
  0.1336147596843E+02
  0.2441199704446E+02
  0.2348532033586E+02
  0.2296049703847E+02
  0.2083937295182E+02
  0.1930109215599E+02
  0.2035195173737E+02
  0.2209898304384E+02
  0.2390994153635E+02
  0.2482691888068E+02
  0.2416619624848E+02
  0.1911821892571E+02
  0.1351990809111E+02
  0.1210679783062E+02
  0.6667960402711E+01
  0.0000000000000E+00
  0.0000000000000E+00
  0.0000000000000E+00
  0.0000000000000E+00
  0.0000000000000E+00
  0.0000000000000E+00
  0.0000000000000E+00
  0.0000000000000E+00
  0.0000000000000E+00
  0.0000000000000E+00
  0.0000000000000E+00
  0.0000000000000E+00
  0.0000000000000E+00
  0.0000000000000E+00
  0.0000000000000E+00
  0.0000000000000E+00
  0.0000000000000E+00
  0.0000000000000E+00
  0.4043594616027E+01
  0.1420972998706E+02
  0.1991440355024E+02
  0.2411202563046E+02
  0.4104877877669E+02
  0.3955520014473E+02
  0.3779693912556E+02
  0.3607789897571E+02
  0.3337136275679E+02
  0.3284012562063E+02
  0.3445801171502E+02
  0.3609448927893E+02
  0.3626281010701E+02
  0.3304199689813E+02
  0.2857587719680E+02
  0.1644847730788E+02
  0.7255104824818E+01
  0.0000000000000E+00
  0.0000000000000E+00
  0.0000000000000E+00
  0.0000000000000E+00
  0.0000000000000E+00
  0.0000000000000E+00
  0.0000000000000E+00
  0.0000000000000E+00
  0.0000000000000E+00
  0.0000000000000E+00
  0.0000000000000E+00
  0.0000000000000E+00
  0.0000000000000E+00
  0.0000000000000E+00
  0.0000000000000E+00
  0.0000000000000E+00
  0.0000000000000E+00
  0.0000000000000E+00
  0.0000000000000E+00
  0.8743751833486E+01
  0.2408991661098E+02
  0.3364833461816E+02
  0.3887655432768E+02
  0.5772905880120E+02
  0.5438665642305E+02
  0.5026000309174E+02
  0.4756319797323E+02
  0.4512267985983E+02
  0.4378090174261E+02
  0.4381398670895E+02
  0.4397862529514E+02
  0.4277520416722E+02
  0.3923954310342E+02
  0.3132853106418E+02
  0.2009208608345E+02
  0.8140385478242E+01
  0.0000000000000E+00
  0.0000000000000E+00
  0.0000000000000E+00
  0.0000000000000E+00
  0.0000000000000E+00
  0.0000000000000E+00
  0.0000000000000E+00
  0.0000000000000E+00
  0.0000000000000E+00
  0.0000000000000E+00
  0.0000000000000E+00
  0.0000000000000E+00
  0.0000000000000E+00
  0.0000000000000E+00
  0.0000000000000E+00
  0.0000000000000E+00
  0.0000000000000E+00
  0.0000000000000E+00
  0.0000000000000E+00
  0.1231245467948E+02
  0.3146925343127E+02
  0.4744694079876E+02
  0.5659204570773E+02
  0.6882024161295E+02
  0.6268423433770E+02
  0.5699508819355E+02
  0.5385637261389E+02
  0.5209456832149E+02
  0.5074150521331E+02
  0.4962247405610E+02
  0.4841068858587E+02
  0.4630109793483E+02
  0.4353524096187E+02
  0.3836934639617E+02
  0.2651708075386E+02
  0.1163771589439E+02
  0.0000000000000E+00
  0.0000000000000E+00
  0.0000000000000E+00
  0.0000000000000E+00
  0.0000000000000E+00
  0.0000000000000E+00
  0.0000000000000E+00
  0.0000000000000E+00
  0.2345359586903E+01
  0.1873370523837E+01
  0.0000000000000E+00
  0.0000000000000E+00
  0.0000000000000E+00
  0.0000000000000E+00
  0.0000000000000E+00
  0.0000000000000E+00
  0.0000000000000E+00
  0.0000000000000E+00
  0.0000000000000E+00
  0.1702044472708E+02
  0.4219234092660E+02
  0.6323340552822E+02
  0.7065861998775E+02
  0.7190111027191E+02
  0.6427070397440E+02
  0.5882298399802E+02
  0.5646383563643E+02
  0.5557751703583E+02
  0.5463430558872E+02
  0.5308516541965E+02
  0.5114242186574E+02
  0.4916704442276E+02
  0.4803154413560E+02
  0.4563790667755E+02
  0.3487842168879E+02
  0.1436928421746E+02
  0.0000000000000E+00
  0.0000000000000E+00
  0.0000000000000E+00
  0.0000000000000E+00
  0.0000000000000E+00
  0.0000000000000E+00
  0.0000000000000E+00
  0.1198160426497E+02
  0.2135184560290E+02
  0.1362434202264E+02
  0.0000000000000E+00
  0.0000000000000E+00
  0.0000000000000E+00
  0.2638507503615E+01
  0.3465108142000E+01
  0.0000000000000E+00
  0.0000000000000E+00
  0.0000000000000E+00
  0.0000000000000E+00
  0.2295425725997E+02
  0.5729414714203E+02
  0.7588442611130E+02
  0.7744414265238E+02
  0.7086678592321E+02
  0.6555639826907E+02
  0.6287760133702E+02
  0.6258378079718E+02
  0.6212632587919E+02
  0.6105586923246E+02
  0.5893781334096E+02
  0.5633577555110E+02
  0.5407635845087E+02
  0.5363071423247E+02
  0.5285461829897E+02
  0.4260131835718E+02
  0.2209191959760E+02
  0.0000000000000E+00
  0.0000000000000E+00
  0.0000000000000E+00
  0.0000000000000E+00
  0.0000000000000E+00
  0.0000000000000E+00
  0.8895322097467E+01
  0.3380184048454E+02
  0.3939082060182E+02
  0.2630308049079E+02
  0.7624522571419E+01
  0.1776810597584E+01
  0.6387575318334E+01
  0.1548844556500E+02
  0.1782522438303E+02
  0.0000000000000E+00
  0.0000000000000E+00
  0.0000000000000E+00
  0.0000000000000E+00
  0.3426749221981E+02
  0.6846048931882E+02
  0.7589251135500E+02
  0.7585377690979E+02
  0.7569395335974E+02
  0.7486323486552E+02
  0.7454128115822E+02
  0.7534666164411E+02
  0.7560271285621E+02
  0.7537532619428E+02
  0.7430961765630E+02
  0.7279495978303E+02
  0.7114429101170E+02
  0.6874840509566E+02
  0.6403940317905E+02
  0.5114321313331E+02
  0.3280025100713E+02
  0.9790811056791E+01
  0.0000000000000E+00
  0.0000000000000E+00
  0.0000000000000E+00
  0.1342753239453E+02
  0.1700956869278E+02
  0.1878407571186E+02
  0.4569556395075E+02
  0.4852356381519E+02
  0.3644025272821E+02
  0.2496231832431E+02
  0.1710147037113E+02
  0.2243147366599E+02
  0.2820265198391E+02
  0.2866239245495E+02
  0.2373033276985E+01
  0.0000000000000E+00
  0.0000000000000E+00
  0.0000000000000E+00
  0.4662827869589E+02
  0.7008424420712E+02
  0.7178603647137E+02
  0.7577630453279E+02
  0.8404498918706E+02
  0.8503767114320E+02
  0.8565801036454E+02
  0.8674691596375E+02
  0.8789345112968E+02
  0.8885544196175E+02
  0.8913936530582E+02
  0.8847714883466E+02
  0.8724289269629E+02
  0.8411923974388E+02
  0.7810713251060E+02
  0.6590942071037E+02
  0.4276354451825E+02
  0.2166729957307E+02
  0.7511880029338E+01
  0.0000000000000E+00
  0.0000000000000E+00
  0.2248367411111E+02
  0.3992832109964E+02
  0.2173944681091E+02
  0.5657125335324E+02
  0.5723978504116E+02
  0.5063482520244E+02
  0.4033874812204E+02
  0.3278985401667E+02
  0.3889756124764E+02
  0.4094397651536E+02
  0.3786633935384E+02
  0.1155376112358E+02
  0.0000000000000E+00
  0.0000000000000E+00
  0.0000000000000E+00
  0.5937050854855E+02
  0.7763152564291E+02
  0.7638896178323E+02
  0.8172149037251E+02
  0.9391955745967E+02
  0.9507215288548E+02
  0.9603718450929E+02
  0.9742185000620E+02
  0.9977462341570E+02
  0.1020277470667E+03
  0.1036609757255E+03
  0.1035699653775E+03
  0.1018919657574E+03
  0.9732077557912E+02
  0.8954276016477E+02
  0.7662003293237E+02
  0.5527037341597E+02
  0.3141362080420E+02
  0.3473951118809E+02
  0.0000000000000E+00
  0.0000000000000E+00
  0.1262095875850E+02
  0.5841709330714E+02
  0.4714459536318E+02
  0.6919926724998E+02
  0.7007264757001E+02
  0.6304217482988E+02
  0.4969759212203E+02
  0.3518805883586E+02
  0.5144649197014E+02
  0.4980199178159E+02
  0.4746277197821E+02
  0.2614494252518E+02
  0.0000000000000E+00
  0.0000000000000E+00
  0.0000000000000E+00
  0.7446576365640E+02
  0.8764198192496E+02
  0.8569126013250E+02
  0.9123482475349E+02
  0.1031755534560E+03
  0.1040063853667E+03
  0.1051789198781E+03
  0.1071979619591E+03
  0.1106458084219E+03
  0.1140677193013E+03
  0.1168176997489E+03
  0.1169728902761E+03
  0.1142070875223E+03
  0.1078412029694E+03
  0.9807888369006E+02
  0.8540165237799E+02
  0.7166465728240E+02
  0.5603740702834E+02
  0.5969230983435E+02
  0.1539801132071E+02
  0.0000000000000E+00
  0.5097817414822E+01
  0.6181111794445E+02
  0.6516603092715E+02
  0.7490755668023E+02
  0.8152186909120E+02
  0.7463535299735E+02
  0.5871202919793E+02
  0.2335234575407E+02
  0.4668035811766E+02
  0.4752213402659E+02
  0.5784660083106E+02
  0.4474714388604E+02
  0.1532187812098E+02
  0.0000000000000E+00
  0.4145746456774E+01
  0.8976306640295E+02
  0.9765423391242E+02
  0.9570299535622E+02
  0.1007451917422E+03
  0.1126110418544E+03
  0.1131943542790E+03
  0.1143823634925E+03
  0.1166117054956E+03
  0.1199308700088E+03
  0.1235267710762E+03
  0.1265518125180E+03
  0.1264356036067E+03
  0.1226211949747E+03
  0.1154388617867E+03
  0.1059145867428E+03
  0.9718602174729E+02
  0.8966787462240E+02
  0.7101803159421E+02
  0.7080909267839E+02
  0.4555460426035E+02
  0.7250967697587E+01
  0.7019742471493E+01
  0.5086958700796E+02
  0.8159973971321E+02
  0.8652279286903E+02
  0.9327595843439E+02
  0.8726996860024E+02
  0.7217480689836E+02
  0.2942049137197E+02
  0.3871663621911E+02
  0.3217407958052E+02
  0.6011343791447E+02
  0.6514766138058E+02
  0.3835620990260E+02
  0.0000000000000E+00
  0.2091220538307E+02
  0.9570266791694E+02
  0.1049321412455E+03
  0.1064038567787E+03
  0.1105970057156E+03
  0.1220899966837E+03
  0.1226764137475E+03
  0.1237049102462E+03
  0.1250156788220E+03
  0.1266357918061E+03
  0.1291665602608E+03
  0.1320851724623E+03
  0.1322319344915E+03
  0.1284404327136E+03
  0.1227054985435E+03
  0.1164532819194E+03
  0.1114007580403E+03
  0.1032319214029E+03
  0.8587248577987E+02
  0.8369749031910E+02
  0.7597228692257E+02
  0.2435049388951E+02
  0.7165365263558E+01
  0.2943784379327E+02
  0.8729230201598E+02
  0.1001968060179E+03
  0.1041133089453E+03
  0.9905559187972E+02
  0.9136611165525E+02
  0.5360881187917E+02
  0.4418966640657E+02
  0.3243262085298E+02
  0.4731801307813E+02
  0.8599068432896E+02
  0.6368252841382E+02
  0.9407037381108E+01
  0.4325194141502E+02
  0.1031538983369E+03
  0.1142224900350E+03
  0.1178593368903E+03
  0.1206386378230E+03
  0.1295594622786E+03
  0.1305538721442E+03
  0.1315377224723E+03
  0.1316522473920E+03
  0.1315037473935E+03
  0.1335220754075E+03
  0.1367756380962E+03
  0.1370702670844E+03
  0.1334868292525E+03
  0.1293270218128E+03
  0.1260312929228E+03
  0.1222086886631E+03
  0.1110431634180E+03
  0.9520494461406E+02
  0.9594169412814E+02
  0.9542309662003E+02
  0.2749594289370E+02
  0.7480195870219E+01
  0.2043512227252E+02
  0.8840438385252E+02
  0.1088092914392E+03
  0.1128169675538E+03
  0.1089790743559E+03
  0.1039136911649E+03
  0.6798126275582E+02
  0.5765272154878E+02
  0.4104331767886E+02
  0.4363542681126E+02
  0.1012404577341E+03
  0.9115866431963E+02
  0.3609659753364E+02
  0.7776240346097E+02
  0.1123310913082E+03
  0.1233615772816E+03
  0.1268722808138E+03
  0.1283692554188E+03
  0.1280530236055E+03
  0.1290688768285E+03
  0.1297653373770E+03
  0.1296744130087E+03
  0.1297999161247E+03
  0.1316822068612E+03
  0.1342565930705E+03
  0.1342472634076E+03
  0.1315536591383E+03
  0.1287903506914E+03
  0.1265182081225E+03
  0.1231894825192E+03
  0.1122747733164E+03
  0.9710838201998E+02
  0.1015759195460E+03
  0.1004716870960E+03
  0.2430124282171E+02
  0.8333526230849E+01
  0.1828735439556E+02
  0.8753629877434E+02
  0.1149096768609E+03
  0.1223885751880E+03
  0.1174765668675E+03
  0.1096183671696E+03
  0.8187931849474E+02
  0.6925026456688E+02
  0.6332055763489E+02
  0.4888747851514E+02
  0.1006783182156E+03
  0.1089275161932E+03
  0.7139272690960E+02
  0.9719257485764E+02
  0.1168546480137E+03
  0.1257823587783E+03
  0.1265275990234E+03
  0.1269568593801E+03
  0.1117009436212E+03
  0.1110585522157E+03
  0.1098915338552E+03
  0.1086138052669E+03
  0.1086741688825E+03
  0.1107341977508E+03
  0.1137703735125E+03
  0.1152012639935E+03
  0.1154379300642E+03
  0.1161239434376E+03
  0.1163401204429E+03
  0.1149921961768E+03
  0.1086831277048E+03
  0.9406751479528E+02
  0.1035060567914E+03
  0.9830099805511E+02
  0.2536541095975E+02
  0.1278595336453E+02
  0.1884979224367E+02
  0.9734759200232E+02
  0.1197078329251E+03
  0.1276678922618E+03
  0.1246014418291E+03
  0.1137281801003E+03
  0.9420984359800E+02
  0.8920557782949E+02
  0.8288498952869E+02
  0.6217357155150E+02
  0.8019809124631E+02
  0.1115321591606E+03
  0.8915918377105E+02
  0.1024175785160E+03
  0.1116536477230E+03
  0.1148670091284E+03
  0.1131129649174E+03
  0.1120758868057E+03
  0.9069035491755E+02
  0.8908214880265E+02
  0.8753874000352E+02
  0.8673097852449E+02
  0.8702717873677E+02
  0.8831409873796E+02
  0.9016442301634E+02
  0.9163560693966E+02
  0.9368544218236E+02
  0.9661037105971E+02
  0.9956631700222E+02
  0.1024404825814E+03
  0.1029985563940E+03
  0.9114782105518E+02
  0.1071977945616E+03
  0.9611611478038E+02
  0.3153214018276E+02
  0.2115264216578E+02
  0.2241496310578E+02
  0.1037874327062E+03
  0.1166442550763E+03
  0.1208534335385E+03
  0.1236562355907E+03
  0.1165920691340E+03
  0.1035015226218E+03
  0.1043363718016E+03
  0.9931421953478E+02
  0.8970871053909E+02
  0.7560452975019E+02
  0.1068114973558E+03
  0.9694869194664E+02
  0.9946744831792E+02
  0.9805686864872E+02
  0.9711709799731E+02
  0.9427231348418E+02
  0.9227639275469E+02
  0.8083080125680E+02
  0.7884550540755E+02
  0.7722286061401E+02
  0.7670403911996E+02
  0.7702546375315E+02
  0.7793915995965E+02
  0.7912314168977E+02
  0.8006294889199E+02
  0.8165299183463E+02
  0.8415753464323E+02
  0.8757745377562E+02
  0.9255568980651E+02
  0.9955130946876E+02
  0.1028023497468E+03
  0.1136749457552E+03
  0.9051186828905E+02
  0.3950420975749E+02
  0.3125759982241E+02
  0.3225528147242E+02
  0.1160227785513E+03
  0.1166649562079E+03
  0.1081986493983E+03
  0.1162288478778E+03
  0.1193549639284E+03
  0.1089874229090E+03
  0.1141373654363E+03
  0.1157886723746E+03
  0.1174404925630E+03
  0.8490147127565E+02
  0.1065410368100E+03
  0.1019143079499E+03
  0.9637276637886E+02
  0.9014600134646E+02
  0.8797259929937E+02
  0.8523390770908E+02
  0.8288577678394E+02
  0.9218160423548E+02
  0.8901665815918E+02
  0.8642427810156E+02
  0.8492593727615E+02
  0.8450577796881E+02
  0.8496141338740E+02
  0.8619062511854E+02
  0.8754745875257E+02
  0.8958908785564E+02
  0.9255711267239E+02
  0.9626901002695E+02
  0.1014156576953E+03
  0.1096676417291E+03
  0.1185432021570E+03
  0.1243104015147E+03
  0.9182113824270E+02
  0.4858668887817E+02
  0.3993512703034E+02
  0.5095103222427E+02
  0.1266262434823E+03
  0.1209580691192E+03
  0.1047743842259E+03
  0.1026109194870E+03
  0.1297368693223E+03
  0.1261533379833E+03
  0.1302496369527E+03
  0.1311455150505E+03
  0.1307625369606E+03
  0.1151491816805E+03
  0.1249370275963E+03
  0.1215607821420E+03
  0.1132792558957E+03
  0.1061939061616E+03
  0.1031514487965E+03
  0.9949343756401E+02
  0.9561978780609E+02
  0.1252146808114E+03
  0.1209102177017E+03
  0.1165935413248E+03
  0.1129705591696E+03
  0.1107492913622E+03
  0.1099105076269E+03
  0.1104600350509E+03
  0.1113108275724E+03
  0.1124393179734E+03
  0.1140348017824E+03
  0.1151850834184E+03
  0.1160180372977E+03
  0.1180726679938E+03
  0.1213768390294E+03
  0.1346048001360E+03
  0.1158300379822E+03
  0.5666384757231E+02
  0.5785671874682E+02
  0.8023377604881E+02
  0.1356202948689E+03
  0.1226974396403E+03
  0.1012042860638E+03
  0.8454663594334E+02
  0.1350893195890E+03
  0.1415504721051E+03
  0.1420856533548E+03
  0.1405472480929E+03
  0.1351653411741E+03
  0.1317409624189E+03
  0.1435252858747E+03
  0.1469799500745E+03
  0.1429511059365E+03
  0.1396635374396E+03
  0.1374888758631E+03
  0.1339376066569E+03
  0.1296503912339E+03
  0.1611562210894E+03
  0.1590422414296E+03
  0.1551044167507E+03
  0.1498011973625E+03
  0.1449145348513E+03
  0.1407548232654E+03
  0.1374639989682E+03
  0.1346765609503E+03
  0.1324351072439E+03
  0.1309408350127E+03
  0.1290549162519E+03
  0.1261827451969E+03
  0.1219300946547E+03
  0.1162752113405E+03
  0.1228957196807E+03
  0.1370338970785E+03
  0.8210987833436E+02
  0.8443035325832E+02
  0.1060875725370E+03
  0.1382539126108E+03
  0.1234229507255E+03
  0.8863250370317E+02
  0.9357383810747E+02
  0.1381406425655E+03
  0.1516081913485E+03
  0.1467798890455E+03
  0.1441786971526E+03
  0.1381667655172E+03
  0.1369637427529E+03
  0.1482223658969E+03
  0.1568488936711E+03
  0.1594539876905E+03
  0.1623835982001E+03
  0.1650057109303E+03
  0.1643919231978E+03
  0.1630364160124E+03
  0.1691434650899E+03
  0.1708122039181E+03
  0.1711829082773E+03
  0.1687702830304E+03
  0.1647040015697E+03
  0.1590038032591E+03
  0.1517522598650E+03
  0.1449294303278E+03
  0.1397307549047E+03
  0.1361948527152E+03
  0.1333283794263E+03
  0.1304734993227E+03
  0.1259713166142E+03
  0.1177030728970E+03
  0.1084380870735E+03
  0.1158772732018E+03
  0.1081509128861E+03
  0.1058872806815E+03
  0.1058257630466E+03
  0.1290654463061E+03
  0.1263744287847E+03
  0.6792614938770E+02
  0.1175737947469E+03
  0.1455394153175E+03
  0.1497958502006E+03
  0.1458198283854E+03
  0.1430753084498E+03
  0.1369723786977E+03
  0.1333790580837E+03
  0.1392075603562E+03
  0.1476749709980E+03
  0.1531689187840E+03
  0.1594283538083E+03
  0.1653688499847E+03
  0.1671505989074E+03
  0.1682260090981E+03
  0.1554257361921E+03
  0.1577863432635E+03
  0.1610634253886E+03
  0.1638724681908E+03
  0.1647457462345E+03
  0.1625598095313E+03
  0.1564598352786E+03
  0.1486790018560E+03
  0.1416041397290E+03
  0.1361919476939E+03
  0.1323386196159E+03
  0.1294140378529E+03
  0.1261088189412E+03
  0.1211373351227E+03
  0.1163976658876E+03
  0.1218281982832E+03
  0.1168462764658E+03
  0.1114963226458E+03
  0.1091836199275E+03
  0.1197193620680E+03
  0.1232647949397E+03
  0.6926401438649E+02
  0.1208852204088E+03
  0.1363775545230E+03
  0.1392236442132E+03
  0.1400376108994E+03
  0.1387299634983E+03
  0.1334453369520E+03
  0.1287024804325E+03
  0.1308279927549E+03
  0.1363621700109E+03
  0.1406124047186E+03
  0.1458775957582E+03
  0.1510823275896E+03
  0.1532314589109E+03
  0.1544513896981E+03
  0.1397960807767E+03
  0.1408158839203E+03
  0.1434817549227E+03
  0.1478404365005E+03
  0.1521124897226E+03
  0.1546548032962E+03
  0.1536227535094E+03
  0.1489524170253E+03
  0.1422784792011E+03
  0.1351904139544E+03
  0.1295285653540E+03
  0.1252822817287E+03
  0.1212992362190E+03
  0.1165639682257E+03
  0.1136065144807E+03
  0.1178042160469E+03
  0.1151248316225E+03
  0.1089106765997E+03
  0.1030907535424E+03
  0.1087715988478E+03
  0.1138143148834E+03
  0.9467161968634E+02
  0.1180005346921E+03
  0.1248016313939E+03
  0.1274451871167E+03
  0.1303438773254E+03
  0.1309893716093E+03
  0.1280055965991E+03
  0.1240575682117E+03
  0.1241906155761E+03
  0.1273996626112E+03
  0.1301638779397E+03
  0.1336896517332E+03
  0.1367164353661E+03
  0.1384123930005E+03
  0.1394109190650E+03
  0.1259867907621E+03
  0.1259174144071E+03
  0.1269745651889E+03
  0.1299417484505E+03
  0.1337702367076E+03
  0.1374041930714E+03
  0.1399796898876E+03
  0.1399405729049E+03
  0.1368028412699E+03
  0.1311149767126E+03
  0.1248723248419E+03
  0.1193172407177E+03
  0.1145763682836E+03
  0.1105767560243E+03
  0.1083008250956E+03
  0.1093208464189E+03
  0.1069516450045E+03
  0.1024077836682E+03
  0.9278145616076E+02
  0.9523376957611E+02
  0.9930297707306E+02
  0.1037627578461E+03
  0.1138172521513E+03
  0.1135501490042E+03
  0.1152912344692E+03
  0.1178781726666E+03
  0.1197475074583E+03
  0.1193215668313E+03
  0.1171937658880E+03
  0.1166842387538E+03
  0.1180846640068E+03
  0.1194386307244E+03
  0.1215855845898E+03
  0.1233552771828E+03
  0.1247824544685E+03
  0.1257666470808E+03
  0.1134765149251E+03
  0.1131329295026E+03
  0.1131122855374E+03
  0.1142493289965E+03
  0.1163133739470E+03
  0.1187056773534E+03
  0.1212653386162E+03
  0.1229947270009E+03
  0.1227560146689E+03
  0.1200586839967E+03
  0.1157313927076E+03
  0.1100996719455E+03
  0.1046905899568E+03
  0.1012484183090E+03
  0.1003100749074E+03
  0.1004618357416E+03
  0.9855360974013E+02
  0.9438604204411E+02
  0.8099233972846E+02
  0.7944644006065E+02
  0.8635233792458E+02
  0.9834137670345E+02
  0.1120762109963E+03
  0.1076836207457E+03
  0.1061302543184E+03
  0.1064940177679E+03
  0.1078074233497E+03
  0.1083976001694E+03
  0.1080638762957E+03
  0.1081293553484E+03
  0.1084551114988E+03
  0.1086935015744E+03
  0.1096578905212E+03
  0.1106251896266E+03
  0.1118851965473E+03
  0.1131277073107E+03
  0.1004380407729E+03
  0.1001613463663E+03
  0.9968239520805E+02
  0.9969873889417E+02
  0.1005328368541E+03
  0.1017312239839E+03
  0.1029525770281E+03
  0.1044843142784E+03
  0.1050536451304E+03
  0.1041615052214E+03
  0.1018807040486E+03
  0.9735421530287E+02
  0.9177114261090E+02
  0.8927866707226E+02
  0.9109062673073E+02
  0.9367652991189E+02
  0.9386817226640E+02
  0.8901010810967E+02
  0.6744769869937E+02
  0.5834352326987E+02
  0.7159451956464E+02
  0.1069864851122E+03
  0.1251660956822E+03
  0.1143943352483E+03
  0.1052107517698E+03
  0.1007684135994E+03
  0.9928755826045E+02
  0.9850792075574E+02
  0.9787674577229E+02
  0.9816531183783E+02
  0.9802799299220E+02
  0.9748547262799E+02
  0.9752418197583E+02
  0.9797224301635E+02
  0.9887543048232E+02
  0.9998311059200E+02
  0.9287774262423E+02
  0.9222320809807E+02
  0.9129395973876E+02
  0.9079318020144E+02
  0.9071614628513E+02
  0.9095098950477E+02
  0.9104919019441E+02
  0.9148214014565E+02
  0.9179321304520E+02
  0.9181521533727E+02
  0.9224799935588E+02
  0.9182310424912E+02
  0.8956872488252E+02
  0.8825960186844E+02
  0.9072331365624E+02
  0.9569200627895E+02
  0.9795466652738E+02
  0.9246476421604E+02
  0.3849520150981E+02
  0.2801090235234E+02
  0.4563252323035E+02
  0.1100427118665E+03
  0.1402983531325E+03
  0.1343511172802E+03
  0.1213714674013E+03
  0.1128632463035E+03
  0.1076685746858E+03
  0.1038052861365E+03
  0.1004679447997E+03
  0.9815454221116E+02
  0.9621259094580E+02
  0.9415131287594E+02
  0.9286501787531E+02
  0.9236751827220E+02
  0.9252475416872E+02
  0.9292681429517E+02
  0.9244333664706E+02
  0.9198463034364E+02
  0.9129739416871E+02
  0.9057639140799E+02
  0.8998624392868E+02
  0.8968256807545E+02
  0.8951280342316E+02
  0.8955274321548E+02
  0.9005159885346E+02
  0.9032052093158E+02
  0.9048875135815E+02
  0.9017383445840E+02
  0.8843399121243E+02
  0.8689913948101E+02
  0.8846535305494E+02
  0.9481296945851E+02
  0.1014179919632E+03
  0.9779493423204E+02
  0.3741052812259E+02
  0.2283509370486E+02
  0.3370665160367E+02
  0.1091833396814E+03
  0.1390826289017E+03
  0.1416943104006E+03
  0.1334926493450E+03
  0.1265198137380E+03
  0.1199629503191E+03
  0.1133480911191E+03
  0.1073857633989E+03
  0.1029838205358E+03
  0.9983614811733E+02
  0.9683767304416E+02
  0.9441465922280E+02
  0.9290429107605E+02
  0.9226992887633E+02
  0.9234771773445E+02
  0.9207993602368E+02
  0.9098711515696E+02
  0.8982755144164E+02
  0.8961439987394E+02
  0.8906122423656E+02
  0.8863140100006E+02
  0.8842619816837E+02
  0.8845032859762E+02
  0.8868461176827E+02
  0.8892247395399E+02
  0.8912752208123E+02
  0.8897591626710E+02
  0.8807441562091E+02
  0.8721943118730E+02
  0.8817802076166E+02
  0.9367147870655E+02
  0.1030254621305E+03
  0.1080889682048E+03
  0.4685152321758E+02
  0.3386406035934E+02
  0.4091878365719E+02
  0.9172154792891E+02
  0.1134994929510E+03
  0.1226161571448E+03
  0.1229071132428E+03
  0.1227122941097E+03
  0.1212833910571E+03
  0.1176775963087E+03
  0.1133741920501E+03
  0.1088630605757E+03
  0.1046256582567E+03
  0.1009417021362E+03
  0.9784218580006E+02
  0.9548077376655E+02
  0.9382298663134E+02
  0.9285070761171E+02
  0.9126020262779E+02
  0.8997405141780E+02
  0.8872878386416E+02
  0.8768131880987E+02
  0.8658874692194E+02
  0.8592705681703E+02
  0.8568901974624E+02
  0.8590204653161E+02
  0.8621091953027E+02
  0.8658228204821E+02
  0.8701781221540E+02
  0.8733139708889E+02
  0.8744292393674E+02
  0.8725454757866E+02
  0.8801661079841E+02
  0.9161160597405E+02
  0.9951577726255E+02
  0.1114787073150E+03
  0.7921724912245E+02
  0.7130736967925E+02
  0.6424727206601E+02
  0.7366715606930E+02
  0.7931413747148E+02
  0.8684194250945E+02
  0.9249603745966E+02
  0.9745640243802E+02
  0.1023785887263E+03
  0.1052453808103E+03
  0.1057472203864E+03
  0.1047986703922E+03
  0.1024866073816E+03
  0.9983305623311E+02
  0.9720495929541E+02
  0.9513248589478E+02
  0.9328954762374E+02
  0.9218177306008E+02
  0.8378761565699E+02
  0.8290550082055E+02
  0.8224315741578E+02
  0.8159540339782E+02
  0.8083344379259E+02
  0.8028006556064E+02
  0.8010057419644E+02
  0.8029545853741E+02
  0.8059352652605E+02
  0.8048536272073E+02
  0.8086456317155E+02
  0.8130970446089E+02
  0.8176822158331E+02
  0.8220300716569E+02
  0.8284281089438E+02
  0.8488067900222E+02
  0.8949216457919E+02
  0.9575294510291E+02
  0.8444157200510E+02
  0.7547574559612E+02
  0.6686082889979E+02
  0.6385494720947E+02
  0.6309079431574E+02
  0.6570613013695E+02
  0.6885433681426E+02
  0.7245081979267E+02
  0.7724696903835E+02
  0.8205374334723E+02
  0.8528341872809E+02
  0.8684395416277E+02
  0.8682894266672E+02
  0.8587426206994E+02
  0.8477216107192E+02
  0.8441575400461E+02
  0.8422217938675E+02
  0.8400517954999E+02
  0.6585492069128E+02
  0.6623521518370E+02
  0.6629370251921E+02
  0.6614382042960E+02
  0.6574092118720E+02
  0.6527312347329E+02
  0.6495509681878E+02
  0.6476503948120E+02
  0.6457743525827E+02
  0.6448479227252E+02
  0.6473449668047E+02
  0.6503402115382E+02
  0.6536344103265E+02
  0.6570753622775E+02
  0.6619664018238E+02
  0.6737406205711E+02
  0.7048933130953E+02
  0.7401698952120E+02
  0.6981969330718E+02
  0.6355809089597E+02
  0.5830129794467E+02
  0.5475373245692E+02
  0.5242173274655E+02
  0.5149455872229E+02
  0.5136237751407E+02
  0.5200102288082E+02
  0.5397600387704E+02
  0.5706040187818E+02
  0.6023416844852E+02
  0.6250403890534E+02
  0.6368880592100E+02
  0.6421020839081E+02
  0.6441107963191E+02
  0.6489635241319E+02
  0.6538870740127E+02
  0.6555953535015E+02
  0.4174189775132E+02
  0.4214754556901E+02
  0.4227263348360E+02
  0.4212549485961E+02
  0.4168465219791E+02
  0.4110389251615E+02
  0.4055260903860E+02
  0.4017073302054E+02
  0.3997539078329E+02
  0.3995747137106E+02
  0.3998790916063E+02
  0.4003532343070E+02
  0.4017269261376E+02
  0.4054551027694E+02
  0.4123603510215E+02
  0.4248493641055E+02
  0.4444636813575E+02
  0.4645677921909E+02
  0.4675561173608E+02
  0.4517754164144E+02
  0.4253187499096E+02
  0.3955628892799E+02
  0.3685096990117E+02
  0.3484452460192E+02
  0.3378751477065E+02
  0.3381726469148E+02
  0.3480729962636E+02
  0.3637931294972E+02
  0.3809602665946E+02
  0.3947816526253E+02
  0.4023452772411E+02
  0.4049001977632E+02
  0.4054775331813E+02
  0.4069682262352E+02
  0.4094581461177E+02
  0.4127655651250E+02
  0.1942334485402E+02
  0.1992358351495E+02
  0.2068492369525E+02
  0.2182644683778E+02
  0.2254438101268E+02
  0.2303445447827E+02
  0.2341815312700E+02
  0.2374179854791E+02
  0.2442295749664E+02
  0.2547464705048E+02
  0.2702704869895E+02
  0.2863554620882E+02
  0.2965171419356E+02
  0.3027214130030E+02
  0.3061423954055E+02
  0.3071511302312E+02
  0.3050931073830E+02
  0.2979649550403E+02
  0.2829633796730E+02
  0.2566080375932E+02
  0.2267362709027E+02
  0.2048455170793E+02
  0.1899107591910E+02
  0.1809419144994E+02
  0.1768875370315E+02
  0.1765852305005E+02
  0.1786798435688E+02
  0.1816912880783E+02
  0.1843968415018E+02
  0.1862505035696E+02
  0.1871215714117E+02
  0.1874545307579E+02
  0.1875716454753E+02
  0.1879832641684E+02
  0.1890324121025E+02
  0.1910094337580E+02
  0.0000000000000E+00
 -0.1554406564003E+01
 -0.8325441121498E+00
 -0.3500663432480E+00
 -0.2866439972179E+00
  0.0000000000000E+00
 -0.4050755076090E-01
 -0.1412028186732E+00
 -0.8454988681554E+00
 -0.1736524342923E+01
 -0.2897225621450E+01
 -0.3465262501029E+01
  0.0000000000000E+00
  0.0000000000000E+00
  0.0000000000000E+00
  0.0000000000000E+00
  0.0000000000000E+00
  0.0000000000000E+00
  0.0000000000000E+00
  0.0000000000000E+00
  0.0000000000000E+00
  0.0000000000000E+00
  0.0000000000000E+00
  0.0000000000000E+00
  0.0000000000000E+00
  0.0000000000000E+00
  0.0000000000000E+00
  0.0000000000000E+00
  0.0000000000000E+00
  0.0000000000000E+00
  0.0000000000000E+00
 -0.2625575029741E+01
 -0.3480238957298E+01
 -0.3320177763464E+01
 -0.2864451578975E+01
 -0.2500203894554E+01
 -0.4036288359136E+01
  0.0000000000000E+00
  0.0000000000000E+00
  0.0000000000000E+00
 -0.2983170038806E+01
 -0.1301098767756E+01
 -0.1127435903112E+01
 -0.1317678944885E+01
 -0.2049666879346E+01
  0.0000000000000E+00
 -0.6907716885643E+01
 -0.7685174486224E+01
 -0.8297092617352E+01
 -0.7667082063259E+01
 -0.4259178927245E+01
  0.0000000000000E+00
  0.0000000000000E+00
  0.0000000000000E+00
  0.0000000000000E+00
  0.0000000000000E+00
  0.0000000000000E+00
  0.0000000000000E+00
  0.0000000000000E+00
  0.0000000000000E+00
  0.0000000000000E+00
  0.0000000000000E+00
  0.0000000000000E+00
  0.0000000000000E+00
  0.0000000000000E+00
  0.0000000000000E+00
  0.0000000000000E+00
  0.0000000000000E+00
 -0.7911135212225E+01
 -0.7746831633518E+01
 -0.5679531212304E+01
 -0.4237468968439E+01
 -0.5174260956006E+01
 -0.4826195966856E+01
 -0.5007625124041E+01
 -0.8338829985249E+01
 -0.1158702046308E+02
 -0.8028764224410E+01
 -0.6773803607183E+01
 -0.4180487641679E+01
 -0.3307334932334E+01
 -0.4764669540277E+01
  0.0000000000000E+00
 -0.1307251075088E+02
 -0.2548887246434E+02
 -0.2486337686726E+02
 -0.1486587063889E+02
  0.0000000000000E+00
  0.0000000000000E+00
  0.0000000000000E+00
  0.0000000000000E+00
  0.0000000000000E+00
  0.0000000000000E+00
  0.0000000000000E+00
  0.0000000000000E+00
  0.0000000000000E+00
  0.0000000000000E+00
  0.0000000000000E+00
  0.0000000000000E+00
  0.0000000000000E+00
  0.0000000000000E+00
  0.0000000000000E+00
  0.0000000000000E+00
  0.0000000000000E+00
 -0.1544537940579E+02
 -0.1749169064064E+02
 -0.9234066545025E+01
 -0.4625770965264E+01
  0.4305326655945E+01
  0.3486643227787E+01
  0.2340647782688E+01
  0.9960383391068E+00
 -0.4086430547589E+01
 -0.4583512996810E+01
 -0.2398506208297E+01
 -0.4426070155637E+00
  0.1072814645064E+00
 -0.2056072022408E+01
 -0.1277528081529E+02
 -0.2056693063518E+02
  0.0000000000000E+00
  0.0000000000000E+00
  0.0000000000000E+00
  0.0000000000000E+00
  0.0000000000000E+00
  0.0000000000000E+00
  0.0000000000000E+00
  0.0000000000000E+00
  0.0000000000000E+00
  0.0000000000000E+00
  0.0000000000000E+00
  0.0000000000000E+00
  0.0000000000000E+00
  0.0000000000000E+00
  0.0000000000000E+00
  0.0000000000000E+00
  0.0000000000000E+00
  0.0000000000000E+00
  0.0000000000000E+00
  0.0000000000000E+00
 -0.8296951407353E+01
 -0.6245594914583E+01
  0.9441197745807E+00
  0.3639681125496E+01
  0.1058228955871E+02
  0.1019894453325E+02
  0.8959160998167E+01
  0.8291456962702E+01
  0.6565013099330E+01
  0.5161459790712E+01
  0.4566507866752E+01
  0.4264508746303E+01
  0.3161157045582E+01
  0.1283552122517E+01
 -0.5019748691393E+01
 -0.1679906938001E+02
  0.0000000000000E+00
  0.0000000000000E+00
  0.0000000000000E+00
  0.0000000000000E+00
  0.0000000000000E+00
  0.0000000000000E+00
  0.0000000000000E+00
  0.0000000000000E+00
  0.0000000000000E+00
 -0.2109239530203E+02
 -0.3078074648279E+02
  0.0000000000000E+00
  0.0000000000000E+00
  0.0000000000000E+00
  0.0000000000000E+00
  0.0000000000000E+00
  0.0000000000000E+00
  0.0000000000000E+00
  0.0000000000000E+00
  0.0000000000000E+00
 -0.1582903063479E+01
  0.2061728382408E+01
  0.6268823446366E+01
  0.8997230888397E+01
  0.1582844790911E+02
  0.1532624082386E+02
  0.1432492859074E+02
  0.1409714100856E+02
  0.1381177122539E+02
  0.1313918138853E+02
  0.1223899672881E+02
  0.1109959409879E+02
  0.9384012822993E+01
  0.7583776380057E+01
  0.4156704450650E+01
 -0.4716990849149E+01
 -0.1151992218867E+02
  0.0000000000000E+00
  0.0000000000000E+00
  0.0000000000000E+00
  0.0000000000000E+00
  0.0000000000000E+00
  0.0000000000000E+00
  0.0000000000000E+00
 -0.1742836183090E+02
 -0.2838472678231E+02
 -0.3135115726510E+02
  0.0000000000000E+00
  0.0000000000000E+00
  0.0000000000000E+00
  0.0000000000000E+00
 -0.1934450004065E+02
 -0.3005476101878E+02
  0.0000000000000E+00
  0.0000000000000E+00
  0.0000000000000E+00
  0.2349533749951E+01
  0.6502688361580E+01
  0.1147069132148E+02
  0.1449226685033E+02
  0.1957695481765E+02
  0.1796712080531E+02
  0.1681814110555E+02
  0.1690207336768E+02
  0.1753342082293E+02
  0.1778133795898E+02
  0.1759679205307E+02
  0.1688056976703E+02
  0.1569353114582E+02
  0.1475338586975E+02
  0.1288593482587E+02
  0.7597332166319E+01
 -0.2142668739795E+01
  0.0000000000000E+00
  0.0000000000000E+00
  0.0000000000000E+00
  0.0000000000000E+00
  0.0000000000000E+00
  0.0000000000000E+00
 -0.1347136830207E+02
 -0.1435640045511E+02
 -0.1383576898492E+02
 -0.1814729029555E+02
  0.0000000000000E+00
  0.0000000000000E+00
  0.0000000000000E+00
 -0.1283274943799E+02
 -0.1997997545354E+02
 -0.2092803482537E+02
  0.0000000000000E+00
  0.0000000000000E+00
  0.0000000000000E+00
  0.3563314864554E+01
  0.1154085362415E+02
  0.1736812312412E+02
  0.1999427689961E+02
  0.1980523738823E+02
  0.1782186569577E+02
  0.1808407699327E+02
  0.1898208102556E+02
  0.1920407275251E+02
  0.1876287562806E+02
  0.1770530410412E+02
  0.1601170143768E+02
  0.1406319829998E+02
  0.1474828913588E+02
  0.1735518358894E+02
  0.1526714052193E+02
  0.6202585772553E+01
 -0.8539112727097E+00
 -0.7245089774083E+01
  0.0000000000000E+00
  0.0000000000000E+00
 -0.1676698169029E+01
 -0.5958998969771E+01
 -0.7467984525469E+01
 -0.6513505347994E-01
  0.2239380364493E+01
 -0.8423195070162E+00
 -0.4149776272196E+01
 -0.6772809562498E+01
 -0.7568459394017E+01
 -0.5470893588309E+01
 -0.4228723386093E+01
 -0.3239588531760E+01
  0.0000000000000E+00
  0.0000000000000E+00
  0.0000000000000E+00
  0.8848075239069E+01
  0.1798172195932E+02
  0.2082797423807E+02
  0.2204252645955E+02
  0.2084725367860E+02
  0.2143145146678E+02
  0.2242722752805E+02
  0.2308812982546E+02
  0.2350533892907E+02
  0.2370224403247E+02
  0.2363921671200E+02
  0.2351208243800E+02
  0.2317863561324E+02
  0.2213855610192E+02
  0.2005134996986E+02
  0.1505591286954E+02
  0.1245310646541E+02
  0.7752692810419E+01
  0.8559897159344E+00
  0.0000000000000E+00
  0.0000000000000E+00
  0.3078529724650E+01
  0.3043992544744E+01
  0.3022759709659E+01
  0.1054455946946E+02
  0.1103913093483E+02
  0.8009384604838E+01
  0.6919418468652E+01
  0.5765164112195E+01
  0.6181226356427E+01
  0.7218181714018E+01
  0.7498958161737E+01
  0.5363310735771E+01
  0.0000000000000E+00
  0.0000000000000E+00
  0.0000000000000E+00
  0.1077533206151E+02
  0.1422215459650E+02
  0.1757496178474E+02
  0.2080798042584E+02
  0.2129063567872E+02
  0.2217659002502E+02
  0.2297475592870E+02
  0.2358460963181E+02
  0.2400200648851E+02
  0.2430893157038E+02
  0.2444970458290E+02
  0.2443029505818E+02
  0.2424833485931E+02
  0.2393272575926E+02
  0.2336420787113E+02
  0.2268473658704E+02
  0.1684505858873E+02
  0.1204893153902E+02
  0.6800671327844E+01
 -0.7995948303720E+00
  0.0000000000000E+00
  0.1885878744585E+01
  0.6521212649596E+01
  0.0000000000000E+00
  0.1251831231122E+02
  0.1331663149861E+02
  0.1337208455308E+02
  0.9245425012230E+01
  0.7820029432035E+01
  0.8104106399216E+01
  0.8959101921390E+01
  0.8967493339612E+01
  0.6498112607449E+01
  0.0000000000000E+00
  0.0000000000000E+00
  0.0000000000000E+00
  0.1231386636877E+02
  0.1639202240911E+02
  0.1948813267836E+02
  0.2063457065712E+02
  0.2193518905495E+02
  0.2290941008813E+02
  0.2362157786679E+02
  0.2428143321719E+02
  0.2493565500608E+02
  0.2551087947229E+02
  0.2592357285802E+02
  0.2604812496623E+02
  0.2575470556862E+02
  0.2502327086225E+02
  0.2392851300627E+02
  0.2209953365064E+02
  0.1792789223026E+02
  0.0000000000000E+00
  0.1106891752759E+02
  0.1759035914342E+01
  0.0000000000000E+00
  0.0000000000000E+00
  0.9005351791717E+01
  0.1108584343962E+02
  0.1416426663714E+02
  0.1474626820080E+02
  0.1346645280671E+02
  0.1035822617413E+02
  0.6657416041138E+01
  0.9700775207326E+01
  0.8712928439347E+01
  0.9104649957598E+01
  0.5481872721597E+01
  0.2285501334502E+01
  0.0000000000000E+00
  0.0000000000000E+00
  0.1395844470466E+02
  0.1727494681317E+02
  0.1992536627859E+02
  0.2103652189246E+02
  0.2268018643897E+02
  0.2353542302454E+02
  0.2429873055638E+02
  0.2516525889678E+02
  0.2606927121547E+02
  0.2681165878391E+02
  0.2718908549071E+02
  0.2709613250829E+02
  0.2659864966109E+02
  0.2577396172195E+02
  0.2451581921607E+02
  0.2263678701924E+02
  0.1948502053163E+02
  0.1775777103867E+02
  0.1375287856941E+02
  0.6452919787514E+01
  0.0000000000000E+00
  0.0000000000000E+00
  0.1008924541194E+02
  0.1249593203167E+02
  0.1532275448025E+02
  0.1650336531124E+02
  0.1605249586639E+02
  0.1329411649922E+02
  0.0000000000000E+00
  0.9386741858035E+01
  0.6986185331146E+01
  0.1013480583336E+02
  0.7602808831711E+01
  0.4388046638568E+01
  0.0000000000000E+00
  0.0000000000000E+00
  0.1505148324460E+02
  0.1773153635887E+02
  0.2024664852557E+02
  0.2165907269386E+02
  0.2309814346271E+02
  0.2386818347858E+02
  0.2459814436009E+02
  0.2529137457906E+02
  0.2586704942811E+02
  0.2623053840523E+02
  0.2630369726529E+02
  0.2641968260604E+02
  0.2639570261494E+02
  0.2595780220222E+02
  0.2506361552012E+02
  0.2357116745854E+02
  0.2134219004380E+02
  0.1992064309328E+02
  0.1590077839286E+02
  0.9163292818439E+01
  0.0000000000000E+00
  0.0000000000000E+00
  0.8547398793913E+01
  0.1539770890504E+02
  0.1689535870873E+02
  0.1820918389717E+02
  0.1835210461017E+02
  0.1607171094207E+02
  0.0000000000000E+00
  0.0000000000000E+00
  0.0000000000000E+00
  0.8808906046297E+01
  0.9338995335203E+01
  0.8106260819505E+01
  0.0000000000000E+00
  0.0000000000000E+00
  0.1549556628298E+02
  0.1831823276523E+02
  0.2053336010350E+02
  0.2201731367314E+02
  0.2258270479393E+02
  0.2306904073387E+02
  0.2327931304143E+02
  0.2299471100745E+02
  0.2257537252251E+02
  0.2211465870889E+02
  0.2276058494899E+02
  0.2445024176174E+02
  0.2539925598436E+02
  0.2568330989956E+02
  0.2546346397293E+02
  0.2467320889969E+02
  0.2292754175656E+02
  0.2156254539441E+02
  0.1777417149901E+02
  0.1191423276477E+02
  0.0000000000000E+00
  0.0000000000000E+00
  0.0000000000000E+00
  0.1487723995675E+02
  0.1814960123774E+02
  0.1939332035583E+02
  0.1955799439634E+02
  0.2027456722637E+02
  0.1774009399726E+02
  0.0000000000000E+00
  0.0000000000000E+00
  0.0000000000000E+00
  0.1067200094475E+02
  0.1107732497040E+02
  0.0000000000000E+00
  0.0000000000000E+00
  0.1506337171220E+02
  0.1873898321058E+02
  0.2073843464940E+02
  0.2166356910413E+02
  0.1918686878841E+02
  0.1908478669652E+02
  0.1853827161634E+02
  0.1746581420814E+02
  0.1666700648249E+02
  0.1796162731792E+02
  0.2058017932574E+02
  0.2265277963178E+02
  0.2361161899742E+02
  0.2403595824317E+02
  0.2441938899006E+02
  0.2428526681324E+02
  0.2272705771341E+02
  0.2245429592544E+02
  0.1968883433621E+02
  0.1580607931179E+02
  0.0000000000000E+00
  0.0000000000000E+00
  0.0000000000000E+00
  0.1685331531002E+02
  0.1877621852669E+02
  0.1921941325517E+02
  0.2088918661853E+02
  0.2085671669625E+02
  0.1914063660723E+02
  0.1642485944879E+02
  0.0000000000000E+00
  0.0000000000000E+00
  0.1259642282998E+02
  0.1420919287556E+02
  0.0000000000000E+00
  0.1381207946728E+02
  0.1673065617704E+02
  0.1780195439993E+02
  0.1843158145806E+02
  0.1881216013015E+02
  0.1621443820403E+02
  0.1657915030786E+02
  0.1768471699056E+02
  0.1996131459103E+02
  0.2218705332401E+02
  0.2326249969339E+02
  0.2328810041839E+02
  0.2263046825564E+02
  0.2153526690376E+02
  0.2026580908937E+02
  0.1938157131524E+02
  0.2052844258305E+02
  0.2156742618315E+02
  0.2253006680771E+02
  0.2120981849717E+02
  0.1868100455368E+02
  0.0000000000000E+00
  0.0000000000000E+00
  0.0000000000000E+00
  0.1796077161520E+02
  0.2092197643328E+02
  0.2181479259144E+02
  0.2191119036380E+02
  0.2198609202018E+02
  0.1858188767525E+02
  0.1440905053090E+02
  0.1615414384332E+02
  0.0000000000000E+00
  0.1400961869995E+02
  0.1721673498698E+02
  0.1601814093774E+02
  0.1669876520556E+02
  0.1643772711309E+02
  0.1568018100907E+02
  0.1531086296849E+02
  0.1589573366151E+02
  0.2349868225928E+02
  0.2471306659315E+02
  0.2552540355006E+02
  0.2595496531222E+02
  0.2605266651052E+02
  0.2587024237470E+02
  0.2539956619164E+02
  0.2422419321065E+02
  0.2193333725685E+02
  0.1999970357396E+02
  0.1895530615183E+02
  0.1899687444132E+02
  0.2082665350013E+02
  0.2008088840996E+02
  0.2343832934512E+02
  0.1918848883045E+02
  0.0000000000000E+00
  0.0000000000000E+00
  0.0000000000000E+00
  0.1979204224535E+02
  0.2254333391723E+02
  0.2369239835917E+02
  0.2249830473964E+02
  0.2263911178205E+02
  0.2038363201493E+02
  0.2023931433391E+02
  0.1997161197406E+02
  0.0000000000000E+00
  0.0000000000000E+00
  0.1652373108241E+02
  0.1916830581259E+02
  0.1814782850698E+02
  0.1858346875403E+02
  0.1887452830351E+02
  0.2069350548783E+02
  0.2227760277599E+02
  0.2618391397175E+02
  0.2662425641868E+02
  0.2679001361971E+02
  0.2675438123027E+02
  0.2660338733786E+02
  0.2635117485916E+02
  0.2604951544988E+02
  0.2587483303804E+02
  0.2586432913443E+02
  0.2588273916962E+02
  0.2561724587949E+02
  0.2511013600650E+02
  0.2423016971035E+02
  0.1048155823273E+02
  0.2671190186174E+02
  0.2442015798152E+02
  0.0000000000000E+00
  0.0000000000000E+00
  0.0000000000000E+00
  0.1746551192497E+02
  0.2232293958367E+02
  0.2121882233535E+02
  0.1916835394781E+02
  0.2059226720868E+02
  0.2106840458758E+02
  0.2088495986584E+02
  0.1825781285287E+02
  0.1349131647075E+02
  0.0000000000000E+00
  0.1789128091777E+02
  0.2109077331963E+02
  0.2055347695752E+02
  0.2175765075776E+02
  0.2309914109173E+02
  0.2452147398597E+02
  0.2550577083565E+02
  0.2606138015081E+02
  0.2572888428232E+02
  0.2526800699977E+02
  0.2492068230882E+02
  0.2455914831761E+02
  0.2399382860494E+02
  0.2330822318575E+02
  0.2294919261126E+02
  0.2321054016345E+02
  0.2385770448732E+02
  0.2445919152117E+02
  0.2498296681725E+02
  0.2574565507492E+02
  0.2288926435519E+02
  0.2392033244836E+02
  0.2574299398841E+02
  0.0000000000000E+00
  0.0000000000000E+00
  0.0000000000000E+00
  0.2367988210554E+02
  0.2527245529472E+02
  0.1793272093867E+02
  0.2288601318203E+02
  0.1442212499061E+02
  0.1085080683616E+02
  0.1409369919610E+02
  0.1665294425580E+02
  0.2152599162757E+02
  0.0000000000000E+00
  0.1566549722421E+02
  0.2065687732752E+02
  0.2069438601287E+02
  0.2201109370717E+02
  0.2393446388670E+02
  0.2536996463600E+02
  0.2598868141150E+02
  0.2050731037009E+02
  0.2019170550499E+02
  0.1990210374028E+02
  0.1952084878697E+02
  0.1897576382520E+02
  0.1815101456129E+02
  0.1716801668245E+02
  0.1651256460458E+02
  0.1641713494555E+02
  0.1690108457936E+02
  0.1779491317497E+02
  0.1922065823407E+02
  0.2232461584763E+02
  0.2750033031313E+02
  0.1944271249412E+02
  0.1984350626609E+02
  0.0000000000000E+00
  0.0000000000000E+00
  0.0000000000000E+00
  0.2612200159430E+02
  0.2717662183220E+02
  0.2680881916806E+02
  0.2617448912424E+02
  0.2491128275608E+02
  0.2255560509815E+02
  0.2357654572779E+02
  0.2429169505751E+02
  0.2344423341762E+02
  0.1872741697411E+02
  0.2152361685675E+02
  0.1981064121953E+02
  0.1844929186599E+02
  0.1873182876156E+02
  0.2059442365175E+02
  0.2132945058726E+02
  0.2093721128723E+02
  0.2490289856886E+02
  0.2475082700653E+02
  0.2468343091934E+02
  0.2460897253818E+02
  0.2456724687851E+02
  0.2443180155115E+02
  0.2412769955384E+02
  0.2382961397818E+02
  0.2351655216143E+02
  0.2308505787825E+02
  0.2238742320001E+02
  0.2172216559864E+02
  0.2373285823868E+02
  0.2645402927806E+02
  0.2833523961887E+02
  0.1997131211973E+02
  0.0000000000000E+00
  0.0000000000000E+00
  0.0000000000000E+00
  0.2696420596311E+02
  0.2546562682901E+02
  0.2775463994743E+02
  0.0000000000000E+00
  0.2519345550261E+02
  0.2618247225808E+02
  0.2653623156850E+02
  0.2500652852302E+02
  0.2294506011456E+02
  0.2181591396099E+02
  0.2453747685547E+02
  0.2400553919783E+02
  0.2243709159244E+02
  0.2284862994241E+02
  0.2425890521373E+02
  0.2490698048091E+02
  0.2503997440878E+02
  0.2934663026724E+02
  0.2933011956504E+02
  0.2912619833742E+02
  0.2881473996277E+02
  0.2842663376887E+02
  0.2813370849084E+02
  0.2806770857796E+02
  0.2831204069091E+02
  0.2869897953044E+02
  0.2908281024987E+02
  0.2937830055394E+02
  0.2929295280324E+02
  0.2798538642541E+02
  0.2159070835253E+02
  0.2318677400055E+02
  0.2762455746196E+02
  0.1315862805107E+02
  0.1503373023443E+02
  0.2230047838266E+02
  0.2974028386161E+02
  0.2634846039179E+02
  0.2663056108510E+02
  0.0000000000000E+00
  0.2532662499150E+02
  0.2402854973387E+02
  0.2460817015364E+02
  0.2479159772958E+02
  0.2209604909734E+02
  0.2149378795760E+02
  0.2442566363074E+02
  0.2516931363411E+02
  0.2544808678435E+02
  0.2574628070377E+02
  0.2744808281861E+02
  0.2851659241726E+02
  0.2911972883044E+02
  0.2871804318376E+02
  0.2991644122515E+02
  0.3126674705991E+02
  0.3229712107757E+02
  0.3262060453538E+02
  0.3246664643793E+02
  0.3204202880257E+02
  0.3188376718351E+02
  0.3208681187845E+02
  0.3242946218604E+02
  0.3272700860037E+02
  0.3266590047905E+02
  0.3133324712918E+02
  0.2728279319153E+02
  0.1928513000707E+02
  0.1295708959628E+02
  0.2137151309611E+02
  0.2547036600463E+02
  0.2822644813321E+02
  0.3078290269255E+02
  0.3045314694889E+02
  0.0000000000000E+00
  0.2712288085036E+02
  0.2592612051599E+02
  0.2421334095731E+02
  0.2484349497400E+02
  0.2471329694459E+02
  0.2356294602106E+02
  0.2120631373960E+02
  0.2016963626981E+02
  0.2054443708486E+02
  0.2229727135445E+02
  0.2365617772983E+02
  0.2490528228058E+02
  0.2631799322968E+02
  0.2766193548108E+02
  0.2753561609535E+02
  0.2818334015913E+02
  0.2927170275701E+02
  0.3091370097579E+02
  0.3281825149951E+02
  0.3437439066754E+02
  0.3515665135083E+02
  0.3507164999025E+02
  0.3478956519636E+02
  0.3478930397326E+02
  0.3491354091441E+02
  0.3480704702709E+02
  0.3416524567905E+02
  0.3256994440951E+02
  0.3009709809844E+02
  0.2959611408181E+02
  0.3193709743280E+02
  0.3136523618146E+02
  0.3126965423366E+02
  0.3164369046670E+02
  0.3078514662991E+02
  0.0000000000000E+00
  0.2538972643695E+02
  0.2773235754506E+02
  0.2662628198233E+02
  0.2710292871195E+02
  0.2672970632068E+02
  0.2590328290742E+02
  0.2426116931488E+02
  0.2386800746305E+02
  0.2364533209500E+02
  0.2393571563213E+02
  0.2483303719969E+02
  0.2601772926377E+02
  0.2632268026271E+02
  0.2702066220579E+02
  0.3118843543970E+02
  0.3150255802314E+02
  0.3177282172699E+02
  0.3216465928663E+02
  0.3313286248308E+02
  0.3456019057794E+02
  0.3600981807305E+02
  0.3689181929120E+02
  0.3708711677484E+02
  0.3687707031869E+02
  0.3674755174671E+02
  0.3668759532316E+02
  0.3655053317273E+02
  0.3644456327776E+02
  0.3636471594685E+02
  0.3576985497008E+02
  0.3506211633966E+02
  0.3415720636639E+02
  0.3499530965969E+02
  0.3603444564151E+02
  0.3468933322835E+02
  0.2385759394734E+02
  0.3355635083892E+02
  0.3120836134443E+02
  0.3041785780482E+02
  0.2979602504857E+02
  0.2929504726072E+02
  0.2892166749888E+02
  0.2877472878810E+02
  0.2888880663918E+02
  0.2905746348934E+02
  0.2946294102019E+02
  0.3001420831470E+02
  0.3034743586498E+02
  0.3050125144773E+02
  0.3086856851179E+02
  0.3422576710112E+02
  0.3444278875076E+02
  0.3473403836966E+02
  0.3516092463590E+02
  0.3575113339751E+02
  0.3644304342836E+02
  0.3714975563511E+02
  0.3790593739615E+02
  0.3853057276590E+02
  0.3867642053750E+02
  0.3853447188399E+02
  0.3845141131550E+02
  0.3847638577881E+02
  0.3839361260995E+02
  0.3798608531912E+02
  0.3750519302546E+02
  0.3694483794948E+02
  0.3701688813144E+02
  0.3800838699999E+02
  0.3867589351656E+02
  0.3916331105183E+02
  0.3385672890997E+02
  0.3413768794531E+02
  0.3286980195723E+02
  0.3209787691259E+02
  0.3160155562733E+02
  0.3148639644503E+02
  0.3142993487470E+02
  0.3155256580120E+02
  0.3175951502847E+02
  0.3206510501586E+02
  0.3252603531891E+02
  0.3304226023274E+02
  0.3339668661557E+02
  0.3372895302913E+02
  0.3401641027903E+02
  0.3629814981309E+02
  0.3645990579934E+02
  0.3668888378078E+02
  0.3706982427069E+02
  0.3750352458216E+02
  0.3795959277024E+02
  0.3845207113028E+02
  0.3900251121733E+02
  0.3949411908457E+02
  0.3972334710149E+02
  0.3969123515005E+02
  0.3957483052063E+02
  0.3957027979974E+02
  0.3931845902034E+02
  0.3856024226724E+02
  0.3779361230012E+02
  0.3762965374426E+02
  0.3881782197226E+02
  0.3999183325229E+02
  0.4098981566348E+02
  0.4116596712410E+02
  0.2108759873066E+02
  0.2795247807160E+02
  0.3100675637792E+02
  0.3202513481988E+02
  0.3232442061743E+02
  0.3264603880877E+02
  0.3290646022365E+02
  0.3328661551705E+02
  0.3364621984766E+02
  0.3401672563509E+02
  0.3448906902621E+02
  0.3499931979777E+02
  0.3542148660955E+02
  0.3582018794872E+02
  0.3610469945156E+02
  0.3577755736839E+02
  0.3603491211562E+02
  0.3637119794228E+02
  0.3688337646465E+02
  0.3735035126918E+02
  0.3774376779927E+02
  0.3807058563583E+02
  0.3829115730499E+02
  0.3831820127620E+02
  0.3795789489211E+02
  0.3671562735129E+02
  0.3428519470059E+02
  0.3136219565325E+02
  0.3134024360224E+02
  0.3381000391357E+02
  0.3520575421880E+02
  0.3744003783797E+02
  0.4011968457874E+02
  0.4361131963190E+02
  0.4553507439853E+02
  0.4544900103798E+02
  0.5245851901957E+02
  0.4677499819574E+02
  0.3787633107273E+02
  0.3310118165925E+02
  0.3223324370383E+02
  0.3170234697083E+02
  0.3114704888590E+02
  0.3121895018228E+02
  0.3199473958970E+02
  0.3289459085145E+02
  0.3375287299957E+02
  0.3445092611531E+02
  0.3503497240427E+02
  0.3544257657983E+02
  0.3562201366010E+02
  0.3539987852742E+02
  0.3481390865475E+02
  0.3434803307171E+02
  0.3483730742628E+02
  0.3520011192056E+02
  0.3532979186316E+02
  0.3531576896093E+02
  0.3502218437204E+02
  0.3431364600220E+02
  0.3451039360665E+02
  0.3632595527413E+02
  0.3863505055987E+02
  0.4001822947509E+02
  0.4064239097939E+02
  0.4278468513508E+02
  0.4508712036267E+02
  0.4579007334534E+02
  0.4621587240292E+02
  0.0000000000000E+00
  0.0000000000000E+00
  0.0000000000000E+00
  0.4817419410956E+02
  0.6161898137795E+02
  0.5405639324983E+02
  0.4501748720709E+02
  0.3998416155460E+02
  0.3797077730004E+02
  0.3680079905953E+02
  0.3626847004419E+02
  0.3563889800395E+02
  0.3508879707213E+02
  0.3488068168714E+02
  0.3517004698953E+02
  0.3571967949023E+02
  0.3609685348466E+02
  0.3597428358886E+02
  0.3977264654181E+02
  0.4050853873181E+02
  0.4092741335902E+02
  0.4092113307899E+02
  0.4096862961102E+02
  0.4123728499036E+02
  0.4161744491112E+02
  0.4190937082989E+02
  0.4215990094978E+02
  0.4198227604779E+02
  0.4114277598014E+02
  0.3967434245329E+02
  0.3764931056092E+02
  0.3579021585530E+02
  0.3753879483192E+02
  0.4276441818547E+02
  0.4799319030412E+02
  0.4853497923887E+02
  0.0000000000000E+00
  0.0000000000000E+00
  0.0000000000000E+00
  0.4428075711812E+02
  0.6026687285305E+02
  0.5906134366077E+02
  0.5430002350460E+02
  0.4926485614434E+02
  0.4453448359916E+02
  0.4035270226346E+02
  0.3715361183772E+02
  0.3620410848130E+02
  0.3587761049412E+02
  0.3706213959710E+02
  0.3693340546925E+02
  0.3718574443979E+02
  0.3786076453612E+02
  0.3878965132818E+02
  0.3476721642533E+02
  0.3465395829308E+02
  0.3435384747934E+02
  0.3653856416083E+02
  0.3733395101605E+02
  0.3777593521989E+02
  0.3814743642689E+02
  0.3852839044096E+02
  0.3880002808122E+02
  0.3874824868369E+02
  0.3822543212612E+02
  0.3715490366977E+02
  0.3528515550167E+02
  0.3283998076770E+02
  0.3282996596003E+02
  0.3987966296195E+02
  0.4734081833208E+02
  0.5718388464763E+02
  0.0000000000000E+00
  0.0000000000000E+00
  0.0000000000000E+00
  0.3993889637670E+02
  0.4999174941516E+02
  0.4981032924264E+02
  0.5037300422430E+02
  0.5022710270701E+02
  0.4855918055503E+02
  0.4699297402922E+02
  0.4509921906836E+02
  0.4291409345859E+02
  0.4083414460242E+02
  0.3907457337674E+02
  0.3765250930729E+02
  0.3645710825363E+02
  0.3549345137797E+02
  0.3496675670737E+02
  0.3993314641371E+02
  0.3954215024007E+02
  0.3905403864340E+02
  0.3838271878106E+02
  0.3776016426091E+02
  0.3733506169237E+02
  0.3720712756067E+02
  0.3745230870785E+02
  0.3799359980443E+02
  0.3832039161429E+02
  0.3843417501865E+02
  0.3803206644097E+02
  0.3715288790051E+02
  0.3564016964677E+02
  0.3399133215875E+02
  0.3783887943137E+02
  0.4504796181355E+02
  0.6433979773647E+02
  0.5618921846092E+02
  0.4842958297960E+02
  0.3860058659862E+02
  0.3500409221545E+02
  0.3183075853426E+02
  0.3271532355642E+02
  0.3601385852412E+02
  0.3782036057639E+02
  0.4122860704762E+02
  0.4358256063807E+02
  0.4376487163231E+02
  0.4427013811890E+02
  0.4411871072630E+02
  0.4350800998287E+02
  0.4279939130513E+02
  0.4212533547463E+02
  0.4031509226251E+02
  0.4001388596309E+02
  0.4392834989204E+02
  0.4243248863043E+02
  0.4267153327279E+02
  0.4286703718774E+02
  0.4284827001696E+02
  0.4275812922595E+02
  0.4288480469270E+02
  0.4319328308269E+02
  0.4379161817305E+02
  0.4237817770293E+02
  0.4281823107203E+02
  0.4326897644156E+02
  0.4347970294547E+02
  0.4336928488109E+02
  0.4226916582917E+02
  0.4147831847905E+02
  0.4441008745549E+02
  0.4965593147920E+02
  0.4880927944952E+02
  0.4475329492662E+02
  0.3886463608415E+02
  0.3296407747936E+02
  0.2954584582449E+02
  0.2890099039467E+02
  0.2835207070769E+02
  0.2887011690731E+02
  0.3150720249156E+02
  0.3428159033478E+02
  0.3701831122205E+02
  0.3888504408662E+02
  0.4006955750634E+02
  0.4052069243465E+02
  0.4067482899917E+02
  0.4214064171210E+02
  0.4299847432201E+02
  0.4344256313643E+02
  0.4001392804182E+02
  0.4117109508436E+02
  0.4183006930041E+02
  0.4224347912484E+02
  0.4224206039949E+02
  0.4221531464229E+02
  0.4250934073908E+02
  0.4254938954100E+02
  0.4190956866286E+02
  0.4173875743613E+02
  0.4265262935665E+02
  0.4343134809576E+02
  0.4394005958078E+02
  0.4406056443922E+02
  0.4360484989723E+02
  0.4187227881073E+02
  0.4258673032726E+02
  0.4652331360849E+02
  0.4615628621873E+02
  0.4449973483851E+02
  0.3921363321522E+02
  0.3744639296368E+02
  0.3480037403807E+02
  0.3259382891979E+02
  0.3048266438898E+02
  0.2873325311806E+02
  0.2791589775524E+02
  0.2888992078490E+02
  0.3104678701973E+02
  0.3312682397973E+02
  0.3500432120874E+02
  0.3664580291461E+02
  0.3757074474016E+02
  0.3859498471685E+02
  0.3965971889307E+02
  0.3925824349772E+02
  0.3113221515938E+02
  0.3113414111559E+02
  0.3104192448959E+02
  0.3092218975773E+02
  0.3031065048375E+02
  0.3015417652079E+02
  0.3009433981197E+02
  0.3011482597560E+02
  0.3018512347456E+02
  0.3035974082324E+02
  0.3065025024865E+02
  0.3075051582070E+02
  0.3048005491216E+02
  0.3061309072930E+02
  0.3068550134301E+02
  0.3061591809583E+02
  0.3062500492371E+02
  0.3069565939955E+02
  0.3088488601354E+02
  0.3115708671657E+02
  0.3143152539357E+02
  0.3151758858790E+02
  0.3140752224046E+02
  0.3130052053023E+02
  0.3119594539241E+02
  0.3119239890842E+02
  0.3145805314418E+02
  0.3148821311469E+02
  0.3134621667968E+02
  0.3112867169347E+02
  0.3087176384323E+02
  0.3066297848791E+02
  0.3061518073788E+02
  0.3069760207135E+02
  0.3088001421523E+02
  0.3103951973699E+02
  0.2562771220620E+02
  0.2536707362836E+02
  0.2519148902790E+02
  0.2292602519215E+02
  0.2262448909642E+02
  0.2270922603593E+02
  0.2318655351806E+02
  0.2811490423221E+02
  0.3026753447640E+02
  0.3267334735335E+02
  0.3505113409878E+02
  0.3364392609657E+02
  0.4105238420793E+02
  0.4077839962792E+02
  0.4071593661780E+02
  0.4086296860217E+02
  0.4127205816338E+02
  0.2960148069884E+02
  0.2781477138280E+02
  0.2581757556344E+02
  0.2521142996544E+02
  0.2282143250478E+02
  0.1361922502629E+02
  0.1316981824505E+02
  0.1331888715998E+02
  0.1398296612756E+02
  0.1495017681681E+02
  0.1575611528441E+02
  0.1598120926363E+02
  0.1594981461533E+02
  0.1557959096715E+02
  0.1551594190451E+02
  0.1533594886318E+02
  0.1533556771498E+02
  0.1549808064135E+02
  0.2557901033383E+02
  0.3100559951415E+03
  0.9434885907964E+02
  0.9288600996823E+02
  0.9166604777831E+02
  0.9150383482185E+02
  0.3100559951415E+03
  0.9076438258678E+02
  0.9107517730951E+02
  0.9277397464048E+02
  0.9487964191932E+02
  0.9301679854245E+02
  0.9301679854245E+02
  0.3100559951415E+03
  0.3100559951415E+03
  0.3100559951415E+03
  0.3100559951415E+03
  0.3100559951415E+03
  0.3100559951415E+03
  0.3100559951415E+03
  0.3100559951415E+03
  0.3100559951415E+03
  0.3100559951415E+03
  0.3100559951415E+03
  0.3100559951415E+03
  0.3100559951415E+03
  0.3100559951415E+03
  0.3100559951415E+03
  0.3100559951415E+03
  0.3100559951415E+03
  0.3100559951415E+03
  0.3100559951415E+03
  0.9301679854245E+02
  0.9301679854245E+02
  0.9301679854245E+02
  0.9301679854245E+02
  0.9301679854245E+02
  0.9041207423993E+02
  0.3013735807998E+03
  0.3013735807998E+03
  0.3013735807998E+03
  0.9041207423993E+02
  0.9041207423993E+02
  0.9041207423993E+02
  0.9041207423993E+02
  0.9041207423993E+02
  0.3013735807998E+03
  0.9041207423993E+02
  0.9041207423993E+02
  0.9041207423993E+02
  0.9041207423993E+02
  0.9041207423993E+02
  0.3013735807998E+03
  0.3013735807998E+03
  0.3013735807998E+03
  0.3013735807998E+03
  0.3013735807998E+03
  0.3013735807998E+03
  0.3013735807998E+03
  0.3013735807998E+03
  0.3013735807998E+03
  0.3013735807998E+03
  0.3013735807998E+03
  0.3013735807998E+03
  0.3013735807998E+03
  0.3013735807998E+03
  0.3013735807998E+03
  0.3013735807998E+03
  0.3013735807998E+03
  0.9041207423993E+02
  0.9041207423993E+02
  0.9041207423993E+02
  0.9041207423993E+02
  0.9135312412029E+02
  0.9135312412029E+02
  0.9135312412029E+02
  0.9135312412029E+02
  0.9135312412029E+02
  0.9135312412029E+02
  0.9135312412029E+02
  0.9135312412029E+02
  0.9135312412029E+02
  0.9135312412029E+02
  0.3045104137343E+03
  0.9135312412029E+02
  0.9135312412029E+02
  0.9135312412029E+02
  0.9135312412029E+02
  0.3045104137343E+03
  0.3045104137343E+03
  0.3045104137343E+03
  0.3045104137343E+03
  0.3045104137343E+03
  0.3045104137343E+03
  0.3045104137343E+03
  0.3045104137343E+03
  0.3045104137343E+03
  0.3045104137343E+03
  0.3045104137343E+03
  0.3045104137343E+03
  0.3045104137343E+03
  0.3045104137343E+03
  0.3045104137343E+03
  0.3045104137343E+03
  0.3045104137343E+03
  0.9135312412029E+02
  0.9135312412029E+02
  0.9135312412029E+02
  0.9135312412029E+02
  0.9457819405734E+02
  0.9457819405734E+02
  0.9457819405734E+02
  0.9457819405734E+02
  0.9457819405734E+02
  0.9457819405734E+02
  0.9457819405734E+02
  0.9457819405734E+02
  0.9457819405734E+02
  0.9457819405734E+02
  0.9457819405734E+02
  0.9457819405734E+02
  0.3152606468578E+03
  0.3152606468578E+03
  0.3152606468578E+03
  0.3152606468578E+03
  0.3152606468578E+03
  0.3152606468578E+03
  0.3152606468578E+03
  0.3152606468578E+03
  0.3152606468578E+03
  0.3152606468578E+03
  0.3152606468578E+03
  0.3152606468578E+03
  0.3152606468578E+03
  0.3152606468578E+03
  0.3152606468578E+03
  0.3152606468578E+03
  0.3152606468578E+03
  0.3152606468578E+03
  0.3152606468578E+03
  0.3152606468578E+03
  0.9457819405734E+02
  0.9457819405734E+02
  0.9457819405734E+02
  0.9457819405734E+02
  0.9801825759687E+02
  0.9801825759687E+02
  0.9801825759687E+02
  0.9801825759687E+02
  0.9801825759687E+02
  0.9801825759687E+02
  0.9801825759687E+02
  0.9801825759687E+02
  0.9801825759687E+02
  0.9801825759687E+02
  0.9801825759687E+02
  0.9801825759687E+02
  0.3267275253229E+03
  0.3267275253229E+03
  0.3267275253229E+03
  0.3267275253229E+03
  0.3267275253229E+03
  0.3267275253229E+03
  0.3267275253229E+03
  0.3267275253229E+03
  0.3267275253229E+03
  0.9801825759687E+02
  0.9801825759687E+02
  0.3267275253229E+03
  0.3267275253229E+03
  0.3267275253229E+03
  0.3267275253229E+03
  0.3267275253229E+03
  0.3267275253229E+03
  0.3267275253229E+03
  0.3267275253229E+03
  0.3267275253229E+03
  0.9801825759687E+02
  0.9801825759687E+02
  0.9801825759687E+02
  0.9801825759687E+02
  0.1023943205395E+03
  0.1023943205395E+03
  0.1023943205395E+03
  0.1023943205395E+03
  0.1023943205395E+03
  0.1023943205395E+03
  0.1023943205395E+03
  0.1023943205395E+03
  0.1023943205395E+03
  0.1023943205395E+03
  0.1023943205395E+03
  0.1023943205395E+03
  0.1023943205395E+03
  0.3413144017984E+03
  0.3413144017984E+03
  0.3413144017984E+03
  0.3413144017984E+03
  0.3413144017984E+03
  0.3413144017984E+03
  0.3413144017984E+03
  0.1023943205395E+03
  0.1023943205395E+03
  0.1023943205395E+03
  0.3413144017984E+03
  0.3413144017984E+03
  0.3413144017984E+03
  0.3413144017984E+03
  0.1023943205395E+03
  0.1023943205395E+03
  0.3413144017984E+03
  0.3413144017984E+03
  0.3413144017984E+03
  0.1023943205395E+03
  0.1023943205395E+03
  0.1023943205395E+03
  0.1023943205395E+03
  0.1066951251672E+03
  0.1066951251672E+03
  0.1066951251672E+03
  0.1066951251672E+03
  0.1066951251672E+03
  0.1066951251672E+03
  0.1066951251672E+03
  0.1066951251672E+03
  0.1066951251672E+03
  0.1066951251672E+03
  0.1066951251672E+03
  0.1066951251672E+03
  0.1066951251672E+03
  0.3556504172239E+03
  0.3556504172239E+03
  0.3556504172239E+03
  0.3556504172239E+03
  0.3556504172239E+03
  0.3556504172239E+03
  0.1066951251672E+03
  0.1066951251672E+03
  0.1066951251672E+03
  0.1066951251672E+03
  0.3556504172239E+03
  0.3556504172239E+03
  0.3556504172239E+03
  0.1066951251672E+03
  0.1066951251672E+03
  0.1066951251672E+03
  0.3556504172239E+03
  0.3556504172239E+03
  0.3556504172239E+03
  0.1066951251672E+03
  0.1066951251672E+03
  0.1066951251672E+03
  0.1066951251672E+03
  0.1104322634548E+03
  0.1104322634548E+03
  0.1104322634548E+03
  0.1104322634548E+03
  0.1104322634548E+03
  0.1104322634548E+03
  0.1104322634548E+03
  0.1104322634548E+03
  0.1104322634548E+03
  0.1104322634548E+03
  0.1104322634548E+03
  0.1104322634548E+03
  0.1104322634548E+03
  0.1104322634548E+03
  0.1104322634548E+03
  0.3681075448494E+03
  0.3681075448494E+03
  0.1104322634548E+03
  0.1104322634548E+03
  0.1104322634548E+03
  0.1104322634548E+03
  0.1104322634548E+03
  0.1104322634548E+03
  0.1104322634548E+03
  0.1104322634548E+03
  0.1104322634548E+03
  0.1104322634548E+03
  0.1104322634548E+03
  0.1104322634548E+03
  0.3681075448494E+03
  0.3681075448494E+03
  0.3681075448494E+03
  0.1104322634548E+03
  0.1104322634548E+03
  0.1104322634548E+03
  0.1104322634548E+03
  0.1134355007604E+03
  0.1134355007604E+03
  0.1134355007604E+03
  0.1134355007604E+03
  0.1134355007604E+03
  0.1134355007604E+03
  0.1134355007604E+03
  0.1134355007604E+03
  0.1134355007604E+03
  0.1134355007604E+03
  0.1134355007604E+03
  0.1134355007604E+03
  0.1134355007604E+03
  0.1134355007604E+03
  0.1134355007604E+03
  0.3781183358681E+03
  0.3781183358681E+03
  0.1134355007604E+03
  0.1134355007604E+03
  0.1134355007604E+03
  0.1134355007604E+03
  0.1134355007604E+03
  0.1134355007604E+03
  0.1134355007604E+03
  0.1134355007604E+03
  0.1134355007604E+03
  0.1134355007604E+03
  0.1134355007604E+03
  0.1134355007604E+03
  0.3781183358681E+03
  0.3781183358681E+03
  0.3781183358681E+03
  0.1134355007604E+03
  0.1134355007604E+03
  0.1134355007604E+03
  0.1134355007604E+03
  0.1144324565225E+03
  0.1144324565225E+03
  0.1144324565225E+03
  0.1144324565225E+03
  0.1144324565225E+03
  0.1144324565225E+03
  0.1144324565225E+03
  0.1144324565225E+03
  0.1144324565225E+03
  0.1144324565225E+03
  0.1144324565225E+03
  0.1144324565225E+03
  0.1144324565225E+03
  0.1144324565225E+03
  0.1144324565225E+03
  0.1144324565225E+03
  0.3814415217416E+03
  0.1144324565225E+03
  0.1144324565225E+03
  0.3814415217416E+03
  0.1144324565225E+03
  0.1144324565225E+03
  0.1144324565225E+03
  0.1144324565225E+03
  0.1144324565225E+03
  0.1144324565225E+03
  0.1144324565225E+03
  0.1144324565225E+03
  0.1144324565225E+03
  0.3814415217416E+03
  0.3814415217416E+03
  0.3814415217416E+03
  0.1144324565225E+03
  0.1144324565225E+03
  0.1144324565225E+03
  0.1144324565225E+03
  0.1149002077831E+03
  0.1149002077831E+03
  0.1149002077831E+03
  0.1149002077831E+03
  0.1149002077831E+03
  0.1149002077831E+03
  0.1149002077831E+03
  0.1149002077831E+03
  0.1149002077831E+03
  0.1149002077831E+03
  0.1149002077831E+03
  0.1149002077831E+03
  0.1149002077831E+03
  0.3830006926104E+03
  0.1149002077831E+03
  0.1149002077831E+03
  0.3830006926104E+03
  0.3830006926104E+03
  0.1149002077831E+03
  0.1149002077831E+03
  0.1149002077831E+03
  0.1149002077831E+03
  0.1149002077831E+03
  0.1149002077831E+03
  0.1149002077831E+03
  0.1149002077831E+03
  0.1149002077831E+03
  0.1149002077831E+03
  0.1149002077831E+03
  0.1149002077831E+03
  0.3830006926104E+03
  0.3830006926104E+03
  0.1149002077831E+03
  0.1149002077831E+03
  0.1149002077831E+03
  0.1149002077831E+03
  0.1137045302193E+03
  0.1137045302193E+03
  0.1137045302193E+03
  0.1137045302193E+03
  0.1137045302193E+03
  0.1137045302193E+03
  0.1137045302193E+03
  0.1137045302193E+03
  0.1137045302193E+03
  0.1137045302193E+03
  0.1137045302193E+03
  0.1137045302193E+03
  0.1137045302193E+03
  0.1137045302193E+03
  0.1137045302193E+03
  0.1137045302193E+03
  0.3790151007312E+03
  0.3790151007312E+03
  0.1137045302193E+03
  0.1137045302193E+03
  0.1137045302193E+03
  0.1137045302193E+03
  0.1137045302193E+03
  0.1137045302193E+03
  0.3790151007312E+03
  0.1137045302193E+03
  0.1137045302193E+03
  0.1137045302193E+03
  0.1137045302193E+03
  0.1137045302193E+03
  0.3790151007312E+03
  0.3790151007312E+03
  0.1137045302193E+03
  0.1137045302193E+03
  0.1137045302193E+03
  0.1137045302193E+03
  0.1108545862659E+03
  0.1108545862659E+03
  0.1108545862659E+03
  0.1108545862659E+03
  0.1108545862659E+03
  0.1108545862659E+03
  0.1108545862659E+03
  0.1108545862659E+03
  0.1108545862659E+03
  0.1108545862659E+03
  0.1108545862659E+03
  0.1108545862659E+03
  0.1108545862659E+03
  0.1108545862659E+03
  0.1108545862659E+03
  0.1108545862659E+03
  0.3695152875531E+03
  0.3695152875531E+03
  0.1108545862659E+03
  0.1108545862659E+03
  0.1108545862659E+03
  0.1108545862659E+03
  0.1108545862659E+03
  0.1108545862659E+03
  0.3695152875531E+03
  0.3695152875531E+03
  0.3695152875531E+03
  0.1108545862659E+03
  0.1108545862659E+03
  0.1108545862659E+03
  0.3695152875531E+03
  0.3695152875531E+03
  0.1108545862659E+03
  0.1108545862659E+03
  0.1108545862659E+03
  0.1108545862659E+03
  0.1066251626843E+03
  0.1066251626843E+03
  0.1066251626843E+03
  0.1066251626843E+03
  0.1066251626843E+03
  0.1066251626843E+03
  0.1066251626843E+03
  0.1066251626843E+03
  0.1066251626843E+03
  0.1066251626843E+03
  0.1066251626843E+03
  0.1066251626843E+03
  0.1066251626843E+03
  0.1066251626843E+03
  0.1066251626843E+03
  0.1066251626843E+03
  0.3554172089476E+03
  0.3554172089476E+03
  0.3554172089476E+03
  0.1066251626843E+03
  0.1066251626843E+03
  0.1066251626843E+03
  0.1066251626843E+03
  0.1066251626843E+03
  0.1066251626843E+03
  0.3554172089476E+03
  0.3554172089476E+03
  0.3554172089476E+03
  0.1066251626843E+03
  0.1066251626843E+03
  0.3554172089476E+03
  0.3554172089476E+03
  0.1066251626843E+03
  0.1066251626843E+03
  0.1066251626843E+03
  0.1066251626843E+03
  0.1026438841580E+03
  0.1026438841580E+03
  0.1026438841580E+03
  0.1026438841580E+03
  0.1026438841580E+03
  0.1026438841580E+03
  0.1026438841580E+03
  0.1026438841580E+03
  0.1026438841580E+03
  0.1026438841580E+03
  0.1026438841580E+03
  0.1026438841580E+03
  0.1026438841580E+03
  0.1026438841580E+03
  0.1026438841580E+03
  0.1026438841580E+03
  0.3421462805266E+03
  0.3421462805266E+03
  0.3421462805266E+03
  0.1026438841580E+03
  0.1026438841580E+03
  0.1026438841580E+03
  0.1026438841580E+03
  0.1026438841580E+03
  0.1026438841580E+03
  0.1026438841580E+03
  0.3421462805266E+03
  0.3421462805266E+03
  0.1026438841580E+03
  0.1026438841580E+03
  0.3421462805266E+03
  0.1026438841580E+03
  0.1026438841580E+03
  0.1026438841580E+03
  0.1026438841580E+03
  0.1026438841580E+03
  0.1000773113500E+03
  0.1000773113500E+03
  0.1000773113500E+03
  0.1000773113500E+03
  0.1000773113500E+03
  0.1000773113500E+03
  0.1000773113500E+03
  0.1000773113500E+03
  0.1000773113500E+03
  0.1000773113500E+03
  0.1000773113500E+03
  0.1000773113500E+03
  0.1000773113500E+03
  0.1000773113500E+03
  0.1000773113500E+03
  0.1000773113500E+03
  0.3335910378334E+03
  0.3335910378334E+03
  0.3335910378334E+03
  0.1000773113500E+03
  0.1000773113500E+03
  0.1000773113500E+03
  0.1000773113500E+03
  0.1000773113500E+03
  0.1000773113500E+03
  0.1000773113500E+03
  0.1000773113500E+03
  0.3335910378334E+03
  0.1000773113500E+03
  0.1000773113500E+03
  0.1000773113500E+03
  0.1000773113500E+03
  0.1000773113500E+03
  0.1000773113500E+03
  0.1000773113500E+03
  0.1000773113500E+03
  0.9936083270009E+02
  0.9936083270009E+02
  0.9936083270009E+02
  0.9936083270009E+02
  0.9936083270009E+02
  0.9936083270009E+02
  0.9936083270009E+02
  0.9936083270009E+02
  0.9936083270009E+02
  0.9936083270009E+02
  0.9936083270009E+02
  0.9936083270009E+02
  0.9936083270009E+02
  0.9936083270009E+02
  0.9936083270009E+02
  0.9936083270009E+02
  0.3312027756670E+03
  0.3312027756670E+03
  0.3312027756670E+03
  0.9936083270009E+02
  0.9936083270009E+02
  0.9936083270009E+02
  0.9936083270009E+02
  0.9936083270009E+02
  0.9936083270009E+02
  0.9936083270009E+02
  0.9936083270009E+02
  0.3312027756670E+03
  0.3312027756670E+03
  0.9936083270009E+02
  0.9936083270009E+02
  0.9936083270009E+02
  0.9936083270009E+02
  0.9936083270009E+02
  0.9936083270009E+02
  0.9936083270009E+02
  0.9764126942111E+02
  0.9764126942111E+02
  0.9764126942111E+02
  0.9764126942111E+02
  0.9764126942111E+02
  0.9764126942111E+02
  0.9764126942111E+02
  0.9764126942111E+02
  0.9764126942111E+02
  0.9764126942111E+02
  0.9764126942111E+02
  0.9764126942111E+02
  0.9764126942111E+02
  0.9764126942111E+02
  0.9764126942111E+02
  0.9764126942111E+02
  0.3254708980704E+03
  0.3254708980704E+03
  0.3254708980704E+03
  0.9764126942111E+02
  0.9764126942111E+02
  0.9764126942111E+02
  0.9764126942111E+02
  0.9764126942111E+02
  0.9764126942111E+02
  0.9764126942111E+02
  0.9764126942111E+02
  0.9764126942111E+02
  0.3254708980704E+03
  0.9764126942111E+02
  0.9764126942111E+02
  0.9764126942111E+02
  0.9764126942111E+02
  0.9764126942111E+02
  0.9764126942111E+02
  0.9764126942111E+02
  0.9450731851923E+02
  0.9450731851923E+02
  0.9450731851923E+02
  0.9450731851923E+02
  0.9450731851923E+02
  0.9450731851923E+02
  0.9450731851923E+02
  0.9450731851923E+02
  0.9450731851923E+02
  0.9450731851923E+02
  0.9450731851923E+02
  0.9450731851923E+02
  0.9450731851923E+02
  0.9450731851923E+02
  0.9450731851923E+02
  0.9450731851923E+02
  0.3150243950641E+03
  0.3150243950641E+03
  0.3150243950641E+03
  0.9450731851923E+02
  0.9450731851923E+02
  0.9450731851923E+02
  0.9450731851923E+02
  0.9450731851923E+02
  0.9450731851923E+02
  0.9450731851923E+02
  0.9450731851923E+02
  0.9450731851923E+02
  0.3150243950641E+03
  0.9450731851923E+02
  0.9450731851923E+02
  0.9450731851923E+02
  0.9450731851923E+02
  0.9450731851923E+02
  0.9450731851923E+02
  0.9450731851923E+02
  0.9012437596092E+02
  0.9012437596092E+02
  0.9012437596092E+02
  0.9012437596092E+02
  0.9012437596092E+02
  0.9012437596092E+02
  0.9012437596092E+02
  0.9012437596092E+02
  0.9012437596092E+02
  0.9012437596092E+02
  0.9012437596092E+02
  0.9012437596092E+02
  0.9012437596092E+02
  0.9012437596092E+02
  0.9012437596092E+02
  0.9012437596092E+02
  0.3004145865364E+03
  0.3004145865364E+03
  0.3004145865364E+03
  0.9012437596092E+02
  0.9012437596092E+02
  0.9012437596092E+02
  0.9012437596092E+02
  0.9012437596092E+02
  0.9012437596092E+02
  0.9012437596092E+02
  0.9012437596092E+02
  0.9012437596092E+02
  0.9012437596092E+02
  0.9012437596092E+02
  0.9012437596092E+02
  0.9012437596092E+02
  0.9012437596092E+02
  0.9012437596092E+02
  0.9012437596092E+02
  0.9012437596092E+02
  0.8433933854835E+02
  0.8433933854835E+02
  0.8433933854835E+02
  0.8433933854835E+02
  0.8433933854835E+02
  0.8433933854835E+02
  0.8433933854835E+02
  0.8433933854835E+02
  0.8433933854835E+02
  0.8433933854835E+02
  0.8433933854835E+02
  0.8433933854835E+02
  0.8433933854835E+02
  0.8433933854835E+02
  0.8433933854835E+02
  0.8433933854835E+02
  0.2811311284945E+03
  0.2811311284945E+03
  0.2811311284945E+03
  0.8433933854835E+02
  0.8433933854835E+02
  0.8433933854835E+02
  0.2811311284945E+03
  0.8433933854835E+02
  0.8433933854835E+02
  0.8433933854835E+02
  0.8433933854835E+02
  0.8433933854835E+02
  0.8433933854835E+02
  0.8433933854835E+02
  0.8433933854835E+02
  0.8433933854835E+02
  0.8433933854835E+02
  0.8433933854835E+02
  0.8433933854835E+02
  0.8433933854835E+02
  0.8071997739288E+02
  0.8071997739288E+02
  0.8071997739288E+02
  0.8071997739288E+02
  0.8071997739288E+02
  0.8071997739288E+02
  0.8071997739288E+02
  0.8071997739288E+02
  0.8071997739288E+02
  0.8071997739288E+02
  0.8071997739288E+02
  0.8071997739288E+02
  0.8071997739288E+02
  0.8071997739288E+02
  0.8071997739288E+02
  0.8071997739288E+02
  0.8071997739288E+02
  0.8071997739288E+02
  0.8071997739288E+02
  0.8071997739288E+02
  0.8071997739288E+02
  0.8071997739288E+02
  0.2690665913096E+03
  0.8071997739288E+02
  0.8071997739288E+02
  0.8071997739288E+02
  0.8071997739288E+02
  0.8071997739288E+02
  0.8071997739288E+02
  0.8071997739288E+02
  0.8071997739288E+02
  0.8071997739288E+02
  0.8071997739288E+02
  0.8071997739288E+02
  0.8071997739288E+02
  0.8071997739288E+02
  0.7691683567368E+02
  0.7691683567368E+02
  0.7691683567368E+02
  0.7691683567368E+02
  0.7691683567368E+02
  0.7691683567368E+02
  0.7691683567368E+02
  0.7691683567368E+02
  0.7691683567368E+02
  0.7691683567368E+02
  0.7691683567368E+02
  0.7691683567368E+02
  0.7691683567368E+02
  0.7691683567368E+02
  0.7691683567368E+02
  0.7691683567368E+02
  0.7691683567368E+02
  0.7691683567368E+02
  0.7691683567368E+02
  0.7691683567368E+02
  0.7691683567368E+02
  0.2563894522456E+03
  0.7691683567368E+02
  0.7691683567368E+02
  0.7691683567368E+02
  0.7691683567368E+02
  0.7691683567368E+02
  0.7691683567368E+02
  0.7691683567368E+02
  0.7691683567368E+02
  0.7691683567368E+02
  0.7691683567368E+02
  0.7691683567368E+02
  0.7691683567368E+02
  0.7691683567368E+02
  0.7691683567368E+02
  0.7248178136617E+02
  0.7248178136617E+02
  0.7248178136617E+02
  0.7248178136617E+02
  0.7248178136617E+02
  0.7248178136617E+02
  0.7248178136617E+02
  0.7248178136617E+02
  0.7248178136617E+02
  0.7248178136617E+02
  0.7248178136617E+02
  0.7248178136617E+02
  0.7248178136617E+02
  0.7248178136617E+02
  0.7248178136617E+02
  0.7248178136617E+02
  0.7248178136617E+02
  0.7248178136617E+02
  0.7248178136617E+02
  0.7248178136617E+02
  0.7248178136617E+02
  0.2416059378872E+03
  0.7248178136617E+02
  0.7248178136617E+02
  0.7248178136617E+02
  0.7248178136617E+02
  0.7248178136617E+02
  0.7248178136617E+02
  0.7248178136617E+02
  0.7248178136617E+02
  0.7248178136617E+02
  0.7248178136617E+02
  0.7248178136617E+02
  0.7248178136617E+02
  0.7248178136617E+02
  0.7248178136617E+02
  0.6697513159396E+02
  0.6697513159396E+02
  0.6697513159396E+02
  0.6697513159396E+02
  0.6697513159396E+02
  0.6697513159396E+02
  0.6697513159396E+02
  0.6697513159396E+02
  0.6697513159396E+02
  0.6697513159396E+02
  0.6697513159396E+02
  0.6697513159396E+02
  0.6697513159396E+02
  0.6697513159396E+02
  0.6697513159396E+02
  0.6697513159396E+02
  0.6697513159396E+02
  0.6697513159396E+02
  0.6697513159396E+02
  0.6697513159396E+02
  0.6697513159396E+02
  0.6697513159396E+02
  0.6697513159396E+02
  0.6697513159396E+02
  0.6697513159396E+02
  0.6697513159396E+02
  0.6697513159396E+02
  0.6697513159396E+02
  0.6697513159396E+02
  0.6697513159396E+02
  0.6697513159396E+02
  0.6697513159396E+02
  0.6697513159396E+02
  0.6697513159396E+02
  0.6697513159396E+02
  0.6697513159396E+02
  0.6101300177199E+02
  0.6101300177199E+02
  0.6101300177199E+02
  0.6101300177199E+02
  0.6101300177199E+02
  0.6101300177199E+02
  0.6101300177199E+02
  0.6101300177199E+02
  0.6101300177199E+02
  0.6101300177199E+02
  0.6101300177199E+02
  0.6101300177199E+02
  0.6101300177199E+02
  0.6101300177199E+02
  0.6101300177199E+02
  0.6101300177199E+02
  0.6101300177199E+02
  0.6101300177199E+02
  0.6101300177199E+02
  0.6101300177199E+02
  0.6101300177199E+02
  0.6101300177199E+02
  0.6101300177199E+02
  0.6101300177199E+02
  0.6101300177199E+02
  0.6101300177199E+02
  0.6101300177199E+02
  0.6101300177199E+02
  0.6101300177199E+02
  0.6101300177199E+02
  0.6101300177199E+02
  0.6101300177199E+02
  0.6101300177199E+02
  0.6101300177199E+02
  0.6101300177199E+02
  0.6101300177199E+02
  0.5468524068779E+02
  0.5468524068779E+02
  0.5468524068779E+02
  0.5468524068779E+02
  0.5468524068779E+02
  0.5468524068779E+02
  0.5468524068779E+02
  0.5468524068779E+02
  0.5468524068779E+02
  0.5468524068779E+02
  0.5468524068779E+02
  0.5468524068779E+02
  0.5468524068779E+02
  0.5468524068779E+02
  0.5468524068779E+02
  0.5468524068779E+02
  0.5468524068779E+02
  0.5468524068779E+02
  0.5468524068779E+02
  0.5468524068779E+02
  0.5468524068779E+02
  0.5468524068779E+02
  0.5468524068779E+02
  0.5468524068779E+02
  0.5468524068779E+02
  0.5468524068779E+02
  0.5468524068779E+02
  0.5468524068779E+02
  0.5468524068779E+02
  0.5468524068779E+02
  0.5468524068779E+02
  0.5468524068779E+02
  0.5468524068779E+02
  0.5468524068779E+02
  0.5468524068779E+02
  0.5468524068779E+02
  0.4800919605416E+02
  0.4800919605416E+02
  0.4800919605416E+02
  0.4800919605416E+02
  0.4800919605416E+02
  0.4800919605416E+02
  0.4800919605416E+02
  0.4800919605416E+02
  0.4800919605416E+02
  0.4800919605416E+02
  0.4800919605416E+02
  0.4800919605416E+02
  0.4800919605416E+02
  0.4800919605416E+02
  0.4800919605416E+02
  0.4800919605416E+02
  0.4800919605416E+02
  0.4800919605416E+02
  0.4800919605416E+02
  0.4800919605416E+02
  0.4800919605416E+02
  0.4800919605416E+02
  0.4800919605416E+02
  0.4800919605416E+02
  0.4800919605416E+02
  0.4800919605416E+02
  0.4800919605416E+02
  0.4800919605416E+02
  0.4800919605416E+02
  0.4800919605416E+02
  0.4800919605416E+02
  0.4800919605416E+02
  0.4800919605416E+02
  0.4800919605416E+02
  0.4800919605416E+02
  0.4800919605416E+02
  0.4021148987084E+02
  0.4021148987084E+02
  0.4021148987084E+02
  0.4021148987084E+02
  0.4021148987084E+02
  0.4021148987084E+02
  0.4021148987084E+02
  0.4021148987084E+02
  0.4021148987084E+02
  0.4021148987084E+02
  0.4021148987084E+02
  0.4021148987084E+02
  0.4021148987084E+02
  0.4021148987084E+02
  0.4021148987084E+02
  0.4021148987084E+02
  0.4021148987084E+02
  0.4021148987084E+02
  0.1340382995695E+03
  0.1340382995695E+03
  0.1340382995695E+03
  0.4021148987084E+02
  0.4021148987084E+02
  0.4021148987084E+02
  0.4021148987084E+02
  0.4021148987084E+02
  0.4021148987084E+02
  0.4021148987084E+02
  0.4021148987084E+02
  0.4021148987084E+02
  0.4021148987084E+02
  0.4021148987084E+02
  0.4021148987084E+02
  0.4021148987084E+02
  0.4021148987084E+02
  0.4021148987084E+02
  0.3230434302986E+02
  0.3230434302986E+02
  0.3230434302986E+02
  0.3230434302986E+02
  0.3230434302986E+02
  0.3230434302986E+02
  0.3230434302986E+02
  0.3230434302986E+02
  0.3230434302986E+02
  0.3230434302986E+02
  0.3230434302986E+02
  0.3230434302986E+02
  0.3230434302986E+02
  0.3230434302986E+02
  0.3230434302986E+02
  0.3230434302986E+02
  0.3230434302986E+02
  0.3230434302986E+02
  0.1076811434329E+03
  0.1076811434329E+03
  0.1076811434329E+03
  0.3230434302986E+02
  0.3230434302986E+02
  0.3230434302986E+02
  0.3230434302986E+02
  0.3230434302986E+02
  0.3230434302986E+02
  0.3230434302986E+02
  0.3230434302986E+02
  0.3230434302986E+02
  0.3230434302986E+02
  0.3230434302986E+02
  0.3230434302986E+02
  0.3230434302986E+02
  0.3230434302986E+02
  0.3230434302986E+02
  0.2466270742501E+02
  0.2466270742501E+02
  0.2466270742501E+02
  0.2466270742501E+02
  0.2466270742501E+02
  0.2466270742501E+02
  0.2466270742501E+02
  0.2466270742501E+02
  0.2466270742501E+02
  0.2466270742501E+02
  0.2466270742501E+02
  0.2466270742501E+02
  0.2466270742501E+02
  0.2466270742501E+02
  0.2466270742501E+02
  0.2466270742501E+02
  0.2466270742501E+02
  0.2466270742501E+02
  0.8220902475003E+02
  0.8220902475003E+02
  0.8220902475003E+02
  0.2466270742501E+02
  0.2466270742501E+02
  0.2466270742501E+02
  0.2466270742501E+02
  0.2466270742501E+02
  0.2466270742501E+02
  0.2466270742501E+02
  0.2466270742501E+02
  0.2466270742501E+02
  0.2466270742501E+02
  0.2466270742501E+02
  0.2466270742501E+02
  0.2466270742501E+02
  0.2466270742501E+02
  0.2466270742501E+02
  0.1799293425688E+02
  0.1799293425688E+02
  0.1799293425688E+02
  0.1799293425688E+02
  0.1799293425688E+02
  0.1799293425688E+02
  0.1799293425688E+02
  0.1799293425688E+02
  0.1799293425688E+02
  0.1799293425688E+02
  0.1799293425688E+02
  0.1799293425688E+02
  0.1799293425688E+02
  0.1799293425688E+02
  0.1799293425688E+02
  0.1799293425688E+02
  0.1799293425688E+02
  0.1799293425688E+02
  0.1799293425688E+02
  0.1799293425688E+02
  0.1799293425688E+02
  0.1799293425688E+02
  0.1799293425688E+02
  0.1799293425688E+02
  0.1799293425688E+02
  0.1799293425688E+02
  0.1799293425688E+02
  0.1799293425688E+02
  0.1799293425688E+02
  0.1799293425688E+02
  0.1799293425688E+02
  0.1799293425688E+02
  0.1799293425688E+02
  0.1799293425688E+02
  0.1799293425688E+02
  0.1799293425688E+02
  0.1149551896262E+02
  0.1149551896262E+02
  0.1149551896262E+02
  0.1149551896262E+02
  0.1149551896262E+02
  0.1149551896262E+02
  0.1149551896262E+02
  0.1149551896262E+02
  0.1149551896262E+02
  0.1149551896262E+02
  0.1149551896262E+02
  0.1149551896262E+02
  0.1149551896262E+02
  0.1149551896262E+02
  0.1149551896262E+02
  0.1149551896262E+02
  0.1149551896262E+02
  0.1149551896262E+02
  0.1149551896262E+02
  0.1149551896262E+02
  0.1149551896262E+02
  0.1149551896262E+02
  0.1149551896262E+02
  0.1149551896262E+02
  0.1149551896262E+02
  0.1149551896262E+02
  0.1149551896262E+02
  0.1149551896262E+02
  0.1149551896262E+02
  0.1149551896262E+02
  0.1149551896262E+02
  0.1149551896262E+02
  0.1149551896262E+02
  0.1149551896262E+02
  0.1149551896262E+02
  0.1149551896262E+02
  0.5369904407050E+01
  0.5369904407050E+01
  0.5369904407050E+01
  0.5369904407050E+01
  0.5369904407050E+01
  0.5369904407050E+01
  0.5369904407050E+01
  0.5369904407050E+01
  0.5369904407050E+01
  0.5369904407050E+01
  0.5369904407050E+01
  0.5369904407050E+01
  0.5369904407050E+01
  0.5369904407050E+01
  0.5369904407050E+01
  0.5369904407050E+01
  0.5369904407050E+01
  0.5369904407050E+01
  0.5369904407050E+01
  0.5369904407050E+01
  0.5369904407050E+01
  0.5369904407050E+01
  0.5369904407050E+01
  0.5369904407050E+01
  0.5369904407050E+01
  0.5369904407050E+01
  0.5369904407050E+01
  0.5369904407050E+01
  0.5369904407050E+01
  0.5369904407050E+01
  0.5369904407050E+01
  0.5369904407050E+01
  0.5369904407050E+01
  0.5369904407050E+01
  0.5369904407050E+01
  0.5369904407050E+01
  0.2041437864029E+00
  0.2041437864029E+00
  0.2041437864029E+00
  0.2041437864029E+00
  0.2041437864029E+00
  0.2041437864029E+00
  0.2041437864029E+00
  0.2041437864029E+00
  0.2041437864029E+00
  0.2041437864029E+00
  0.2041437864029E+00
  0.2041437864029E+00
  0.2041437864029E+00
  0.2041437864029E+00
  0.2041437864029E+00
  0.2041437864029E+00
  0.2041437864029E+00
  0.2041437864029E+00
  0.2041437864029E+00
  0.2041437864029E+00
  0.2041437864029E+00
  0.2041437864029E+00
  0.2041437864029E+00
  0.2041437864029E+00
  0.2041437864029E+00
  0.2041437864029E+00
  0.2041437864029E+00
  0.2041437864029E+00
  0.2041437864029E+00
  0.2041437864029E+00
  0.2041437864029E+00
  0.2041437864029E+00
  0.2041437864029E+00
  0.2041437864029E+00
  0.2041437864029E+00
  0.2041437864029E+00
  0.0000000000000E+00
  0.0000000000000E+00
  0.0000000000000E+00
  0.0000000000000E+00
  0.0000000000000E+00
  0.0000000000000E+00
  0.0000000000000E+00
  0.0000000000000E+00
  0.0000000000000E+00
  0.0000000000000E+00
  0.0000000000000E+00
  0.0000000000000E+00
  0.0000000000000E+00
  0.0000000000000E+00
  0.0000000000000E+00
  0.0000000000000E+00
  0.0000000000000E+00
  0.0000000000000E+00
  0.0000000000000E+00
  0.0000000000000E+00
  0.0000000000000E+00
  0.0000000000000E+00
  0.0000000000000E+00
  0.0000000000000E+00
  0.0000000000000E+00
  0.0000000000000E+00
  0.0000000000000E+00
  0.0000000000000E+00
  0.0000000000000E+00
  0.0000000000000E+00
  0.0000000000000E+00
  0.0000000000000E+00
  0.0000000000000E+00
  0.0000000000000E+00
  0.0000000000000E+00
  0.0000000000000E+00
 -0.2243908333454E+03
 -0.2009493114300E+03
 -0.1965848889336E+03
 -0.1940133278014E+03
 -0.1936366263394E+03
 -0.2211690295872E+03
 -0.1925199118192E+03
 -0.1929396972500E+03
 -0.1965111169265E+03
 -0.2022409334772E+03
 -0.2120585984404E+03
 -0.2237451330706E+03
 -0.2370577459269E+03
 -0.2442139829318E+03
 -0.2507569453987E+03
 -0.2567479686939E+03
 -0.2618749713186E+03
 -0.2660361663294E+03
 -0.2692551873639E+03
 -0.2716150144621E+03
 -0.2732137008649E+03
 -0.2741448621398E+03
 -0.2744713450894E+03
 -0.2742038305295E+03
 -0.2733001711748E+03
 -0.2716736504780E+03
 -0.2691963419941E+03
 -0.2657081384096E+03
 -0.2610162918424E+03
 -0.2548947379261E+03
 -0.2471054082522E+03
 -0.2477850830967E+03
 -0.2304541613029E+03
 -0.2194584626753E+03
 -0.2121276340655E+03
 -0.2081522348280E+03
 -0.2070637380863E+03
 -0.2302628451206E+03
 -0.2299388782305E+03
 -0.2286108725398E+03
 -0.2021200966875E+03
 -0.1978449746161E+03
 -0.1972196447947E+03
 -0.1978477312516E+03
 -0.2001748337944E+03
 -0.2282987847246E+03
 -0.2153023835500E+03
 -0.2203101827521E+03
 -0.2289975097160E+03
 -0.2412474868601E+03
 -0.2593146788654E+03
 -0.2526397292389E+03
 -0.2598438296469E+03
 -0.2645036612093E+03
 -0.2674154827090E+03
 -0.2691842123577E+03
 -0.2700725181988E+03
 -0.2704592017661E+03
 -0.2706555096369E+03
 -0.2706854658062E+03
 -0.2704537575745E+03
 -0.2698648663101E+03
 -0.2686525764897E+03
 -0.2666721701655E+03
 -0.2638161656791E+03
 -0.2598224873941E+03
 -0.2542511870345E+03
 -0.2466439878814E+03
 -0.2409670212203E+03
 -0.2235957997050E+03
 -0.2128311076720E+03
 -0.2077958213430E+03
 -0.2051013810456E+03
 -0.2041262559035E+03
 -0.2035808000113E+03
 -0.2047656873297E+03
 -0.2055989868740E+03
 -0.2029357460557E+03
 -0.2019995105902E+03
 -0.2008011669578E+03
 -0.2009359790049E+03
 -0.2027800732860E+03
 -0.2334387971847E+03
 -0.2193087308213E+03
 -0.2343248779029E+03
 -0.2488802842642E+03
 -0.2664977733302E+03
 -0.2551381823231E+03
 -0.2610088112138E+03
 -0.2639323217626E+03
 -0.2653401700647E+03
 -0.2664226368993E+03
 -0.2661961790486E+03
 -0.2656302581560E+03
 -0.2657085577425E+03
 -0.2660102821755E+03
 -0.2661816807740E+03
 -0.2665982470081E+03
 -0.2661098071015E+03
 -0.2647847946909E+03
 -0.2630742416890E+03
 -0.2607869930316E+03
 -0.2569945566185E+03
 -0.2503413374009E+03
 -0.2325158096250E+03
 -0.2204304313151E+03
 -0.2101392908087E+03
 -0.2055792900125E+03
 -0.2021817854842E+03
 -0.2022756466534E+03
 -0.2023712165236E+03
 -0.2024188388633E+03
 -0.2042129468489E+03
 -0.2039440228093E+03
 -0.2027327165607E+03
 -0.2019335329092E+03
 -0.2019845714665E+03
 -0.2034471280912E+03
 -0.2101596591011E+03
 -0.2189334827525E+03
 -0.2415402928990E+03
 -0.2465334128904E+03
 -0.2530874870578E+03
 -0.2594390243389E+03
 -0.2634616173897E+03
 -0.2651033384561E+03
 -0.2652076739817E+03
 -0.2642431708718E+03
 -0.2621376298020E+03
 -0.2602568723102E+03
 -0.2605674919241E+03
 -0.2616819952399E+03
 -0.2630330331598E+03
 -0.2641366282096E+03
 -0.2630585229063E+03
 -0.2623430072358E+03
 -0.2618388298280E+03
 -0.2612426227324E+03
 -0.2587539440000E+03
 -0.2530786858870E+03
 -0.2187092860599E+03
 -0.2118873292548E+03
 -0.2056161449335E+03
 -0.2030719901674E+03
 -0.2011989009447E+03
 -0.2010633251012E+03
 -0.2013344247294E+03
 -0.2012906757686E+03
 -0.2018107210364E+03
 -0.2022487296412E+03
 -0.2023983420313E+03
 -0.2025292912809E+03
 -0.2031296915444E+03
 -0.2042275210099E+03
 -0.2076277575212E+03
 -0.2153983233424E+03
 -0.2439602790578E+03
 -0.2498991451728E+03
 -0.2564471055404E+03
 -0.2617409660463E+03
 -0.2645522018288E+03
 -0.2648834704351E+03
 -0.2639621855406E+03
 -0.2617931893466E+03
 -0.2575933807011E+03
 -0.2560865626968E+03
 -0.2617958318539E+03
 -0.2577957280768E+03
 -0.2611728748278E+03
 -0.2614617634517E+03
 -0.2598864075566E+03
 -0.2587915952300E+03
 -0.2597127490762E+03
 -0.2614873713575E+03
 -0.2606938130404E+03
 -0.2557379705419E+03
 -0.2131116038845E+03
 -0.2084000194371E+03
 -0.2048755252182E+03
 -0.2024888535109E+03
 -0.1996334017996E+03
 -0.1990885140725E+03
 -0.1989725115360E+03
 -0.1988115522664E+03
 -0.1989749303959E+03
 -0.1994757431454E+03
 -0.2000885023073E+03
 -0.2007721773406E+03
 -0.2017520641750E+03
 -0.2028805193572E+03
 -0.2050018657036E+03
 -0.2105729300651E+03
 -0.2175542402283E+03
 -0.2507021785001E+03
 -0.2571918533286E+03
 -0.2621634266340E+03
 -0.2642372560967E+03
 -0.2634225802435E+03
 -0.2621352251409E+03
 -0.2582608775326E+03
 -0.2369724722363E+03
 -0.2369941987022E+03
 -0.2431858277244E+03
 -0.2559582746744E+03
 -0.2589294307714E+03
 -0.2585945276105E+03
 -0.2566621409619E+03
 -0.2451697698878E+03
 -0.2514034158007E+03
 -0.2618996358589E+03
 -0.2624713621058E+03
 -0.2580845112486E+03
 -0.2106004967513E+03
 -0.2072492126083E+03
 -0.2033714356163E+03
 -0.2008699601185E+03
 -0.1965418273130E+03
 -0.1952366356240E+03
 -0.1938721541966E+03
 -0.1928633143812E+03
 -0.1926963711026E+03
 -0.1932256247875E+03
 -0.1942241652775E+03
 -0.1954316175874E+03
 -0.1968046842009E+03
 -0.1980496792237E+03
 -0.2000660120385E+03
 -0.2041705585140E+03
 -0.2119595107537E+03
 -0.2509225116169E+03
 -0.2561589894395E+03
 -0.2618150353530E+03
 -0.2628761664981E+03
 -0.2606636965578E+03
 -0.2590141733997E+03
 -0.2320872890454E+03
 -0.2246269397485E+03
 -0.2238346679441E+03
 -0.2291697865984E+03
 -0.2543244327738E+03
 -0.2562791776711E+03
 -0.2562657132130E+03
 -0.2297947528640E+03
 -0.2310436335918E+03
 -0.2361866539424E+03
 -0.2632985934063E+03
 -0.2643564263469E+03
 -0.2600225069352E+03
 -0.2103034318300E+03
 -0.2050304047297E+03
 -0.2000323771791E+03
 -0.1976041446867E+03
 -0.1909073595705E+03
 -0.1894452911376E+03
 -0.1881970667546E+03
 -0.1875378160577E+03
 -0.1871261328261E+03
 -0.1868195053265E+03
 -0.1865693937067E+03
 -0.1860397997386E+03
 -0.1852108828740E+03
 -0.1856662217103E+03
 -0.1890458080098E+03
 -0.1945978978382E+03
 -0.2058116404387E+03
 -0.2135899487187E+03
 -0.2223005231507E+03
 -0.2603722518596E+03
 -0.2611162685705E+03
 -0.2211908317025E+03
 -0.2225916429751E+03
 -0.2209804994641E+03
 -0.2144394019649E+03
 -0.2122007487615E+03
 -0.2150499191160E+03
 -0.2191361345060E+03
 -0.2217243697300E+03
 -0.2221493433045E+03
 -0.2195781337293E+03
 -0.2187473826934E+03
 -0.2196821336153E+03
 -0.2647668434770E+03
 -0.2657267946262E+03
 -0.2613194480731E+03
 -0.2054317524752E+03
 -0.1988998997330E+03
 -0.1931786637178E+03
 -0.1919351571554E+03
 -0.1926786181062E+03
 -0.1938059747633E+03
 -0.1939147504689E+03
 -0.1938965997753E+03
 -0.1939157997696E+03
 -0.1938761533714E+03
 -0.1935914183994E+03
 -0.1928864756033E+03
 -0.1916620315316E+03
 -0.1899642830124E+03
 -0.1878017411339E+03
 -0.1839232295270E+03
 -0.1980270714755E+03
 -0.2060104991802E+03
 -0.2140829315281E+03
 -0.2597643137454E+03
 -0.2603512717096E+03
 -0.2073428161604E+03
 -0.2118802453190E+03
 -0.2121792104853E+03
 -0.2025350699395E+03
 -0.2003876247854E+03
 -0.1921677012792E+03
 -0.2022904986015E+03
 -0.2024281517200E+03
 -0.2055029283843E+03
 -0.2056960241852E+03
 -0.2040853667861E+03
 -0.2011264057260E+03
 -0.2651163518347E+03
 -0.2660379861000E+03
 -0.2617817214229E+03
 -0.2038169257682E+03
 -0.1932544025861E+03
 -0.1892089293096E+03
 -0.1902804048020E+03
 -0.1981672121325E+03
 -0.1980745222448E+03
 -0.1979440178846E+03
 -0.1979000516578E+03
 -0.1979929116740E+03
 -0.1979699210909E+03
 -0.1977294176908E+03
 -0.1971784747753E+03
 -0.1963097402073E+03
 -0.1952451470423E+03
 -0.1943664910167E+03
 -0.1939761079649E+03
 -0.1989315514507E+03
 -0.2026851349538E+03
 -0.2080898469173E+03
 -0.2197052986140E+03
 -0.2600401024274E+03
 -0.2141238750151E+03
 -0.2081457747489E+03
 -0.2548687833207E+03
 -0.1972752454614E+03
 -0.2017003569247E+03
 -0.2036244624522E+03
 -0.2080881203507E+03
 -0.2093031427916E+03
 -0.2082930334216E+03
 -0.2064045853846E+03
 -0.2066196273745E+03
 -0.2102618827181E+03
 -0.2632362861219E+03
 -0.2651388485673E+03
 -0.2614167063925E+03
 -0.2027639439302E+03
 -0.1996535428679E+03
 -0.1975061372379E+03
 -0.1978193997911E+03
 -0.1998286726289E+03
 -0.1994780136535E+03
 -0.1993524903082E+03
 -0.1993015606208E+03
 -0.1992576554767E+03
 -0.1990288390064E+03
 -0.1985930942873E+03
 -0.1979078640602E+03
 -0.1971628678050E+03
 -0.1967526034670E+03
 -0.1970237678056E+03
 -0.1982734897818E+03
 -0.2012533242417E+03
 -0.2516193016654E+03
 -0.2061841450285E+03
 -0.2155120766755E+03
 -0.2601975681806E+03
 -0.2574093111106E+03
 -0.2064042306788E+03
 -0.2061123021020E+03
 -0.2037316951849E+03
 -0.2042069739959E+03
 -0.2061970723706E+03
 -0.2089724590790E+03
 -0.2115839835007E+03
 -0.2093573190665E+03
 -0.2097509436764E+03
 -0.2095351417302E+03
 -0.2125261768542E+03
 -0.2164318082001E+03
 -0.2631575885624E+03
 -0.2602053741511E+03
 -0.2026314402831E+03
 -0.2025698196351E+03
 -0.2003784952480E+03
 -0.2001192074542E+03
 -0.2003362040857E+03
 -0.1999035212751E+03
 -0.1996248189816E+03
 -0.1993024550508E+03
 -0.1988748253477E+03
 -0.1983319176542E+03
 -0.1977578240596E+03
 -0.1972444640729E+03
 -0.1971354425903E+03
 -0.1976554584971E+03
 -0.1987638624300E+03
 -0.2001181042203E+03
 -0.2017737178936E+03
 -0.2008999687815E+03
 -0.2061687777720E+03
 -0.2116699038579E+03
 -0.2593414727984E+03
 -0.2579601645279E+03
 -0.2074476494071E+03
 -0.2072499801253E+03
 -0.2050265646503E+03
 -0.2047124939226E+03
 -0.2054420954640E+03
 -0.2073246068768E+03
 -0.2562344128625E+03
 -0.2077798642371E+03
 -0.2120581159493E+03
 -0.2102649492337E+03
 -0.2119151421173E+03
 -0.2144226348347E+03
 -0.2614329923089E+03
 -0.2590288918949E+03
 -0.2021959504697E+03
 -0.2035828957015E+03
 -0.2017792569757E+03
 -0.2009627002157E+03
 -0.2000351055094E+03
 -0.1994690513024E+03
 -0.1988912466068E+03
 -0.1981499361608E+03
 -0.1972182486445E+03
 -0.1963587418060E+03
 -0.1958689819638E+03
 -0.1960310332858E+03
 -0.1970696235701E+03
 -0.1984752396911E+03
 -0.1996996536897E+03
 -0.2005985919996E+03
 -0.2015589090924E+03
 -0.2010491888503E+03
 -0.2052295978171E+03
 -0.2104367195543E+03
 -0.2577442073752E+03
 -0.2582668893422E+03
 -0.2091733409494E+03
 -0.2060163087114E+03
 -0.2046041591188E+03
 -0.2038165086041E+03
 -0.2036996763805E+03
 -0.2052746135884E+03
 -0.2567549995068E+03
 -0.2572109482112E+03
 -0.2574514413823E+03
 -0.2097812379390E+03
 -0.2113259082364E+03
 -0.2118350923635E+03
 -0.2600528835447E+03
 -0.2590475146851E+03
 -0.2019354849719E+03
 -0.2038934128089E+03
 -0.2022084557586E+03
 -0.2009278690150E+03
 -0.1989679841664E+03
 -0.1983301221581E+03
 -0.1975439519783E+03
 -0.1964576578144E+03
 -0.1948794477677E+03
 -0.1939187357753E+03
 -0.1940341665350E+03
 -0.1952648980386E+03
 -0.1971113564867E+03
 -0.1986594720899E+03
 -0.1996187136032E+03
 -0.2000056311994E+03
 -0.2002263681028E+03
 -0.1997947815670E+03
 -0.2034597656751E+03
 -0.2088602627765E+03
 -0.2577812167660E+03
 -0.2583858956769E+03
 -0.2576370755649E+03
 -0.2002874980650E+03
 -0.2030216501253E+03
 -0.2022520412823E+03
 -0.2017994568067E+03
 -0.2012000046835E+03
 -0.1864763745288E+03
 -0.2575831672622E+03
 -0.2580016179507E+03
 -0.2579936681133E+03
 -0.2095469905491E+03
 -0.2094077534861E+03
 -0.2590433601008E+03
 -0.2588436901328E+03
 -0.2018319370525E+03
 -0.2033175235287E+03
 -0.2013925501320E+03
 -0.2000052955335E+03
 -0.1976413156943E+03
 -0.1969270825612E+03
 -0.1958049526569E+03
 -0.1938847406502E+03
 -0.1918340531421E+03
 -0.1918068782370E+03
 -0.1934512399289E+03
 -0.1954781028827E+03
 -0.1973726836352E+03
 -0.1986224704132E+03
 -0.1990585296753E+03
 -0.1988685748570E+03
 -0.1984300875848E+03
 -0.1970010580084E+03
 -0.2007851318328E+03
 -0.2053836561250E+03
 -0.2576845592533E+03
 -0.2583371513719E+03
 -0.2578651988961E+03
 -0.1969222149596E+03
 -0.2014481975073E+03
 -0.2013981915890E+03
 -0.1994626463547E+03
 -0.1986072198090E+03
 -0.1852895843216E+03
 -0.1824817109594E+03
 -0.2581743903458E+03
 -0.2584422577682E+03
 -0.2079213366394E+03
 -0.2062129638444E+03
 -0.2587594396945E+03
 -0.2004314557736E+03
 -0.2028734003902E+03
 -0.2020720241700E+03
 -0.2002368004774E+03
 -0.1986487327399E+03
 -0.1990622349285E+03
 -0.1985287028666E+03
 -0.1974744291957E+03
 -0.1961146923798E+03
 -0.1954685727441E+03
 -0.1959805669153E+03
 -0.1972583178504E+03
 -0.1986805259438E+03
 -0.1999720629053E+03
 -0.2010076432638E+03
 -0.2013773532493E+03
 -0.1996675509627E+03
 -0.1963456688126E+03
 -0.1924226267588E+03
 -0.1976233763306E+03
 -0.2002687448825E+03
 -0.2574613292841E+03
 -0.2581468521076E+03
 -0.2578585674128E+03
 -0.1933832268967E+03
 -0.1972574136512E+03
 -0.1978385822684E+03
 -0.1967670684109E+03
 -0.1946269191062E+03
 -0.1830784590461E+03
 -0.1811029769837E+03
 -0.1852546809112E+03
 -0.2585956138991E+03
 -0.2060818554487E+03
 -0.2016497105790E+03
 -0.1967220270729E+03
 -0.2007883002762E+03
 -0.2010771966674E+03
 -0.2010739403761E+03
 -0.2003011924744E+03
 -0.1994507010557E+03
 -0.1984388230316E+03
 -0.1980973902802E+03
 -0.1981221330457E+03
 -0.1984744114689E+03
 -0.1990706213760E+03
 -0.1998588091994E+03
 -0.2006901011182E+03
 -0.2014951069036E+03
 -0.2023867693121E+03
 -0.2027896572710E+03
 -0.2023956993862E+03
 -0.2005217397097E+03
 -0.1945469396106E+03
 -0.1871433473391E+03
 -0.1947879537641E+03
 -0.1960395110395E+03
 -0.2571219817270E+03
 -0.2578262650921E+03
 -0.2576721912733E+03
 -0.1896236731128E+03
 -0.1917887532408E+03
 -0.1924346147094E+03
 -0.1925608474610E+03
 -0.1906524851205E+03
 -0.1827619616109E+03
 -0.1821244697223E+03
 -0.1880062523069E+03
 -0.2584994401515E+03
 -0.2584503862079E+03
 -0.1965621002878E+03
 -0.1964934940906E+03
 -0.1991775762868E+03
 -0.1993921418307E+03
 -0.1998747587279E+03
 -0.1992625765934E+03
 -0.1987961272981E+03
 -0.1984821555020E+03
 -0.1985763646234E+03
 -0.1988446520678E+03
 -0.1992676125778E+03
 -0.1998830525522E+03
 -0.2006403774338E+03
 -0.2013227933075E+03
 -0.2016098117147E+03
 -0.2013686863708E+03
 -0.2006312020443E+03
 -0.1994224919063E+03
 -0.1973736145344E+03
 -0.1929431995422E+03
 -0.1842360595273E+03
 -0.1921311955452E+03
 -0.1964285219437E+03
 -0.2566475983698E+03
 -0.2573564591421E+03
 -0.2573136596975E+03
 -0.1855700480314E+03
 -0.1868604049440E+03
 -0.1841721511183E+03
 -0.1853058275129E+03
 -0.1851288311021E+03
 -0.1812052941102E+03
 -0.1819643220693E+03
 -0.1846645490316E+03
 -0.1893161996571E+03
 -0.2583551182530E+03
 -0.1901021815167E+03
 -0.1954975752966E+03
 -0.1975486485301E+03
 -0.1983023372602E+03
 -0.1986708237871E+03
 -0.1985802243800E+03
 -0.1985039568705E+03
 -0.1979465565249E+03
 -0.1985301459343E+03
 -0.1991742525200E+03
 -0.1997913071510E+03
 -0.2005351338364E+03
 -0.2014295106046E+03
 -0.2022676510390E+03
 -0.2026717792187E+03
 -0.2024231666530E+03
 -0.2016097309336E+03
 -0.2003313280572E+03
 -0.1984375264454E+03
 -0.1951249682844E+03
 -0.1884445926380E+03
 -0.1901090405252E+03
 -0.1938654321945E+03
 -0.2560124298187E+03
 -0.2567122832944E+03
 -0.2567799907940E+03
 -0.1870025826905E+03
 -0.1861082217812E+03
 -0.1799845622076E+03
 -0.1837485059692E+03
 -0.1832018656482E+03
 -0.1798253884480E+03
 -0.1819916504098E+03
 -0.1857648185532E+03
 -0.1929064091461E+03
 -0.2579569163843E+03
 -0.1909380147580E+03
 -0.1935876242354E+03
 -0.1956224731864E+03
 -0.1968138085728E+03
 -0.1971662805256E+03
 -0.1973009263962E+03
 -0.1975545577579E+03
 -0.1992187168789E+03
 -0.1999545988224E+03
 -0.2006703371777E+03
 -0.2014710233721E+03
 -0.2024576000742E+03
 -0.2035899703207E+03
 -0.2046497079708E+03
 -0.2052945584211E+03
 -0.2053781719786E+03
 -0.2049597038279E+03
 -0.2041508509862E+03
 -0.2028290200520E+03
 -0.2002972951975E+03
 -0.1952698916040E+03
 -0.1914483112620E+03
 -0.1929107870638E+03
 -0.2551935618158E+03
 -0.2558690263825E+03
 -0.2560547522969E+03
 -0.1901636498536E+03
 -0.1867998003571E+03
 -0.1832928038392E+03
 -0.1853041723114E+03
 -0.1894585685594E+03
 -0.1868469997756E+03
 -0.1888197637675E+03
 -0.1930365340815E+03
 -0.1976369639110E+03
 -0.1998937603827E+03
 -0.1937983750329E+03
 -0.1933944730239E+03
 -0.1947789406304E+03
 -0.1960596860743E+03
 -0.1964110901687E+03
 -0.1972100658045E+03
 -0.1983417367381E+03
 -0.1929152671575E+03
 -0.1933228398584E+03
 -0.1938761244279E+03
 -0.1947016234246E+03
 -0.1958881590592E+03
 -0.1973682548902E+03
 -0.1988634193190E+03
 -0.2000578934048E+03
 -0.2008419028345E+03
 -0.2014042320968E+03
 -0.2019818922486E+03
 -0.2024444237379E+03
 -0.2016752936538E+03
 -0.2008687850058E+03
 -0.1992410309526E+03
 -0.1959336178815E+03
 -0.2541661476675E+03
 -0.2548084461507E+03
 -0.2550990439417E+03
 -0.1936789422806E+03
 -0.1866360360706E+03
 -0.1878563934759E+03
 -0.2557161020916E+03
 -0.1938107398765E+03
 -0.1945143303263E+03
 -0.1955627034127E+03
 -0.1984593539642E+03
 -0.2011922295897E+03
 -0.2013448854570E+03
 -0.1982557514824E+03
 -0.1967892972800E+03
 -0.1960004230371E+03
 -0.1942016765896E+03
 -0.1928500278476E+03
 -0.1925190146419E+03
 -0.1926485353759E+03
 -0.1927369607006E+03
 -0.1918889700058E+03
 -0.1911720099749E+03
 -0.1909684376512E+03
 -0.1915180049652E+03
 -0.1928249811311E+03
 -0.1944755387087E+03
 -0.1959370090852E+03
 -0.1969649136921E+03
 -0.1977178297166E+03
 -0.1983925796398E+03
 -0.1990939502783E+03
 -0.2003056434908E+03
 -0.2041449092196E+03
 -0.2050908788954E+03
 -0.2033594663167E+03
 -0.2082141861466E+03
 -0.2055753605547E+03
 -0.2006656648460E+03
 -0.1968222079473E+03
 -0.1881693107684E+03
 -0.1857208283063E+03
 -0.2550247712966E+03
 -0.1973196737040E+03
 -0.2008726086920E+03
 -0.2011064267757E+03
 -0.2017264031585E+03
 -0.2037622064568E+03
 -0.2043243042264E+03
 -0.2027537173461E+03
 -0.2019095435147E+03
 -0.2009349541501E+03
 -0.1994527697156E+03
 -0.1969929162941E+03
 -0.1950204049769E+03
 -0.1936835762891E+03
 -0.1991980276542E+03
 -0.1980881708352E+03
 -0.1964524344158E+03
 -0.1944804768709E+03
 -0.1927653209427E+03
 -0.1919072827721E+03
 -0.1921829624989E+03
 -0.1931612467743E+03
 -0.1943336191379E+03
 -0.1953994039126E+03
 -0.1963237939525E+03
 -0.1972340318982E+03
 -0.1986658087388E+03
 -0.2015001039884E+03
 -0.2061362855072E+03
 -0.2084421250125E+03
 -0.2044117683812E+03
 -0.2011841955702E+03
 -0.2000836296222E+03
 -0.1985586854072E+03
 -0.1931367544769E+03
 -0.2534747267228E+03
 -0.1946056597649E+03
 -0.2020454792402E+03
 -0.2029151169550E+03
 -0.2028403707296E+03
 -0.2030821934958E+03
 -0.2038848647675E+03
 -0.2052753026227E+03
 -0.2059829585832E+03
 -0.2058597924617E+03
 -0.2049076637230E+03
 -0.2038538637310E+03
 -0.2026587823865E+03
 -0.2013105666063E+03
 -0.2001110144903E+03
 -0.2015798383444E+03
 -0.2011695460016E+03
 -0.2004131388116E+03
 -0.1990825949246E+03
 -0.1972290274287E+03
 -0.1951625586215E+03
 -0.1933877720420E+03
 -0.1925649234085E+03
 -0.1928178188405E+03
 -0.1936395689658E+03
 -0.1946402950259E+03
 -0.1957307327323E+03
 -0.1970648118887E+03
 -0.1989477735853E+03
 -0.2012519141490E+03
 -0.2015426237063E+03
 -0.1997395328916E+03
 -0.1989006914111E+03
 -0.1989531911944E+03
 -0.1988693294674E+03
 -0.1973832523235E+03
 -0.2523216899175E+03
 -0.1957642936640E+03
 -0.2011301128210E+03
 -0.2023235560051E+03
 -0.2023186967393E+03
 -0.2024310485175E+03
 -0.2027926903807E+03
 -0.2037523537413E+03
 -0.2042931359373E+03
 -0.2046332065664E+03
 -0.2045558877368E+03
 -0.2040291415336E+03
 -0.2032279705972E+03
 -0.2026662079478E+03
 -0.2019991402276E+03
 -0.2001076978947E+03
 -0.1999793223889E+03
 -0.1998946037164E+03
 -0.1996084413169E+03
 -0.1988296261946E+03
 -0.1975141754298E+03
 -0.1957580389333E+03
 -0.1940077826247E+03
 -0.1928267049924E+03
 -0.1925091187779E+03
 -0.1928800574998E+03
 -0.1936589005795E+03
 -0.1946440872442E+03
 -0.1957995629572E+03
 -0.1969465053284E+03
 -0.1974235429693E+03
 -0.1971080370330E+03
 -0.1967975621779E+03
 -0.1962343686979E+03
 -0.1962233795669E+03
 -0.1968233506918E+03
 -0.1995923234573E+03
 -0.1957137649516E+03
 -0.1984775309450E+03
 -0.2000651432812E+03
 -0.2007030257286E+03
 -0.2008655534552E+03
 -0.2008698269178E+03
 -0.2010596984116E+03
 -0.2014228927264E+03
 -0.2017683339512E+03
 -0.2018387948229E+03
 -0.2016226887626E+03
 -0.2012942367615E+03
 -0.2008830343572E+03
 -0.2004025683429E+03
 -0.1974783878674E+03
 -0.1974191710482E+03
 -0.1975084936405E+03
 -0.1975302584701E+03
 -0.1972628010168E+03
 -0.1966686158877E+03
 -0.1957044777593E+03
 -0.1943689273464E+03
 -0.1928607864664E+03
 -0.1916023513760E+03
 -0.1909005030748E+03
 -0.1908326776660E+03
 -0.1912009104570E+03
 -0.1918617721365E+03
 -0.1926864020970E+03
 -0.1930838544142E+03
 -0.1931385735184E+03
 -0.1926375050647E+03
 -0.1916111277108E+03
 -0.1920845706399E+03
 -0.1925175792404E+03
 -0.1901192484216E+03
 -0.1911907599691E+03
 -0.1944844693261E+03
 -0.1968037478192E+03
 -0.1978635208492E+03
 -0.1981078620234E+03
 -0.1980243438035E+03
 -0.1980358744436E+03
 -0.1983273482738E+03
 -0.1987045719320E+03
 -0.1989002739063E+03
 -0.1988408298342E+03
 -0.1986035425186E+03
 -0.1981834079891E+03
 -0.1977444886467E+03
 -0.1936632317037E+03
 -0.1936150620040E+03
 -0.1938052883206E+03
 -0.1940547167913E+03
 -0.1940649556332E+03
 -0.1938260704474E+03
 -0.1932779191207E+03
 -0.1923186682260E+03
 -0.1909932834975E+03
 -0.1894804786683E+03
 -0.1879804393344E+03
 -0.1867997272628E+03
 -0.1861119667971E+03
 -0.1859643585928E+03
 -0.1861615965187E+03
 -0.1862881809554E+03
 -0.1868596356941E+03
 -0.1873568337985E+03
 -0.1858287440927E+03
 -0.1867805402382E+03
 -0.1865680285803E+03
 -0.1732737345518E+03
 -0.1811401364583E+03
 -0.1869217705757E+03
 -0.1906927891188E+03
 -0.1925012846126E+03
 -0.1931599032596E+03
 -0.1933010345281E+03
 -0.1935167414657E+03
 -0.1939246748718E+03
 -0.1943919273798E+03
 -0.1947466514248E+03
 -0.1948431124518E+03
 -0.1947040512479E+03
 -0.1943463064077E+03
 -0.1939323690878E+03
 -0.1858425379365E+03
 -0.1858068685700E+03
 -0.1861387475568E+03
 -0.1868310252163E+03
 -0.1872757418029E+03
 -0.1873880602708E+03
 -0.1870956568754E+03
 -0.1862681309699E+03
 -0.1848772846875E+03
 -0.1829269581913E+03
 -0.1801155142288E+03
 -0.1764155002685E+03
 -0.1726138363191E+03
 -0.1715393414319E+03
 -0.1734216349758E+03
 -0.1758155552381E+03
 -0.1791237929879E+03
 -0.1826640243556E+03
 -0.1824228436674E+03
 -0.1842947333958E+03
 -0.1848017270823E+03
 -0.1795860434786E+03
 -0.1819929785751E+03
 -0.1842317039202E+03
 -0.1859593260384E+03
 -0.1857323831607E+03
 -0.1847572319246E+03
 -0.1831397124941E+03
 -0.1826319393214E+03
 -0.1835342903510E+03
 -0.1848147545109E+03
 -0.1859761836119E+03
 -0.1866389246258E+03
 -0.1869078866975E+03
 -0.1867248887802E+03
 -0.1862250081410E+03
 -0.1800659689131E+03
 -0.1786377108110E+03
 -0.1775913544562E+03
 -0.1776006125236E+03
 -0.1778819312562E+03
 -0.1780017510077E+03
 -0.1778131792495E+03
 -0.1771588360467E+03
 -0.1758958306347E+03
 -0.1752205845612E+03
 -0.1762080808857E+03
 -0.1784818129548E+03
 -0.1809652031276E+03
 -0.1830857679688E+03
 -0.1842183063518E+03
 -0.1845978083138E+03
 -0.1844415404623E+03
 -0.1869400647619E+03
 -0.2404765235374E+03
 -0.2404623725140E+03
 -0.2413579474295E+03
 -0.1779280891425E+03
 -0.1821639267602E+03
 -0.1859257319484E+03
 -0.1898834139472E+03
 -0.1918173439914E+03
 -0.1919382599034E+03
 -0.1911533722567E+03
 -0.1895888150622E+03
 -0.1877673122736E+03
 -0.1861914612430E+03
 -0.1851771916567E+03
 -0.1845128326102E+03
 -0.1839294953777E+03
 -0.1830280210630E+03
 -0.1816785940455E+03
 -0.1887336658925E+03
 -0.1879061178964E+03
 -0.1872842759587E+03
 -0.1869038233226E+03
 -0.1865684937001E+03
 -0.1863054200904E+03
 -0.1861627331482E+03
 -0.1861102210634E+03
 -0.1861971082835E+03
 -0.1866620749422E+03
 -0.1875473877217E+03
 -0.1887917759468E+03
 -0.1902401951425E+03
 -0.1915723056813E+03
 -0.1917450748068E+03
 -0.1907993066331E+03
 -0.1889157319227E+03
 -0.1875425364385E+03
 -0.2375487521663E+03
 -0.2374044798097E+03
 -0.2382660958282E+03
 -0.1751575080651E+03
 -0.1807921509837E+03
 -0.1856051008517E+03
 -0.1891562520409E+03
 -0.1915229963390E+03
 -0.1929745750944E+03
 -0.1938360265279E+03
 -0.1941622743129E+03
 -0.1936565578137E+03
 -0.1930133838048E+03
 -0.1919892662921E+03
 -0.1915808994151E+03
 -0.1911232739585E+03
 -0.1904829871624E+03
 -0.1896553963000E+03
 -0.1922290671922E+03
 -0.1919808305164E+03
 -0.1918398030596E+03
 -0.1909488950576E+03
 -0.1905306846702E+03
 -0.1903183056723E+03
 -0.1902021599515E+03
 -0.1901447101535E+03
 -0.1901956591804E+03
 -0.1904031579155E+03
 -0.1908143169211E+03
 -0.1914323552844E+03
 -0.1922656084554E+03
 -0.1932397688340E+03
 -0.1935684517278E+03
 -0.1920806726327E+03
 -0.1899046196338E+03
 -0.1854013619141E+03
 -0.2344884367008E+03
 -0.2342420286971E+03
 -0.2349337909735E+03
 -0.1757326188481E+03
 -0.1808529936769E+03
 -0.1851828565161E+03
 -0.1877654989944E+03
 -0.1894022320256E+03
 -0.1906353320123E+03
 -0.1913413040748E+03
 -0.1918149747506E+03
 -0.1921550586441E+03
 -0.1923900940665E+03
 -0.1925315569536E+03
 -0.1926118655538E+03
 -0.1926559206874E+03
 -0.1926227230494E+03
 -0.1924659983686E+03
 -0.1894463890031E+03
 -0.1894096837992E+03
 -0.1894273873454E+03
 -0.1895180247511E+03
 -0.1896095816412E+03
 -0.1896757253290E+03
 -0.1896899362846E+03
 -0.1896639371324E+03
 -0.1896157373802E+03
 -0.1896603964700E+03
 -0.1898045279316E+03
 -0.1900866608528E+03
 -0.1904666825183E+03
 -0.1909855480487E+03
 -0.1915336419475E+03
 -0.1907608634778E+03
 -0.1889919757410E+03
 -0.1838806087603E+03
 -0.1840608791927E+03
 -0.1840483910658E+03
 -0.1848604302905E+03
 -0.1858083562963E+03
 -0.1883058829047E+03
 -0.1889437146287E+03
 -0.1890240777587E+03
 -0.1895726595195E+03
 -0.1894385552333E+03
 -0.1893777899829E+03
 -0.1896377627252E+03
 -0.1895829195313E+03
 -0.1895360586019E+03
 -0.1895216951735E+03
 -0.1894984064075E+03
 -0.1894592512520E+03
 -0.1897114182321E+03
 -0.1895893128327E+03
 -0.1846338793092E+03
 -0.1850178625502E+03
 -0.1849457965090E+03
 -0.1849033150856E+03
 -0.1848969877206E+03
 -0.1848836857736E+03
 -0.1848273295307E+03
 -0.1847707378265E+03
 -0.1846860625597E+03
 -0.1851321211948E+03
 -0.1851185101420E+03
 -0.1850940457721E+03
 -0.1850951460207E+03
 -0.1851268112100E+03
 -0.1853759625722E+03
 -0.1855646849893E+03
 -0.1848826116183E+03
 -0.1836478377619E+03
 -0.1829742959309E+03
 -0.1826319779087E+03
 -0.1833070222853E+03
 -0.1850320688810E+03
 -0.1864153218122E+03
 -0.1866253190485E+03
 -0.1868404591914E+03
 -0.1869071525491E+03
 -0.1864710939868E+03
 -0.1862106455487E+03
 -0.1860100591962E+03
 -0.1859336495895E+03
 -0.1858438100082E+03
 -0.1858209555853E+03
 -0.1857693582629E+03
 -0.1852859989691E+03
 -0.1849622194317E+03
 -0.1847891673356E+03
 -0.1780415664452E+03
 -0.1779494527739E+03
 -0.1779362340911E+03
 -0.1779357696280E+03
 -0.1779611102945E+03
 -0.1779381250942E+03
 -0.1778482990065E+03
 -0.1778545471620E+03
 -0.1780643627599E+03
 -0.1780829978100E+03
 -0.1777037268362E+03
 -0.1772982219152E+03
 -0.1768536911731E+03
 -0.1763796561341E+03
 -0.1760549919975E+03
 -0.1764043668054E+03
 -0.1765779076405E+03
 -0.1764823055458E+03
 -0.1762791835057E+03
 -0.1764897845637E+03
 -0.1778766237666E+03
 -0.1780420290244E+03
 -0.1782417370509E+03
 -0.1780666873242E+03
 -0.1778035887557E+03
 -0.1773235289356E+03
 -0.1768748845343E+03
 -0.1770803462685E+03
 -0.1777714674939E+03
 -0.1783671930330E+03
 -0.1785024876829E+03
 -0.1783696040091E+03
 -0.1783123679585E+03
 -0.1780860980740E+03
 -0.1777910157801E+03
 -0.1780556243408E+03
 -0.1642380371913E+03
 -0.1641989779262E+03
 -0.1642202795095E+03
 -0.1642603416509E+03
 -0.1646005168311E+03
 -0.1646665227160E+03
 -0.1646812523004E+03
 -0.1646566452951E+03
 -0.1646133777074E+03
 -0.1645196033805E+03
 -0.1643686682569E+03
 -0.1643419644212E+03
 -0.1645468164881E+03
 -0.1645098138543E+03
 -0.1645128795617E+03
 -0.1645989052053E+03
 -0.1646185596044E+03
 -0.1645574817916E+03
 -0.1643642295643E+03
 -0.1640900463499E+03
 -0.1638318352208E+03
 -0.1637346384805E+03
 -0.1638034028507E+03
 -0.1639080317365E+03
 -0.1640376580903E+03
 -0.1641239650443E+03
 -0.1640555028594E+03
 -0.1641251361453E+03
 -0.1642802035377E+03
 -0.1644526253271E+03
 -0.1646182620424E+03
 -0.1647292190591E+03
 -0.1647254765092E+03
 -0.1646344731251E+03
 -0.1644789981342E+03
 -0.1643365938623E+03
 -0.1595402065540E+03
 -0.1597585823573E+03
 -0.1599640149082E+03
 -0.1613400368229E+03
 -0.1616605056108E+03
 -0.1617214274992E+03
 -0.1615260489651E+03
 -0.1585141849433E+03
 -0.1573316687309E+03
 -0.1560487074582E+03
 -0.1547758734496E+03
 -0.1557619530700E+03
 -0.1516050869548E+03
 -0.1518120375901E+03
 -0.1518582905510E+03
 -0.1517435186932E+03
 -0.1514343766073E+03
 -0.1581168016812E+03
 -0.1590123244555E+03
 -0.1599765925471E+03
 -0.1602159886110E+03
 -0.1615462848626E+03
 -0.1676161904379E+03
 -0.1678312519698E+03
 -0.1676581881272E+03
 -0.1671491510136E+03
 -0.1664546749533E+03
 -0.1659015911410E+03
 -0.1657704201962E+03
 -0.1658161406612E+03
 -0.1660953972618E+03
 -0.1661458980519E+03
 -0.1662728676951E+03
 -0.1662686813574E+03
 -0.1661515156278E+03
 -0.1595433640995E+03
  0.0000000000000E+00
  0.1711534827321E-06
  0.3989082638145E-06
  0.5443018102079E-06
  0.5615276853332E-06
  0.0000000000000E+00
  0.6369039194507E-06
  0.6050517750009E-06
  0.3920376348432E-06
  0.1239423737613E-06
  0.0000000000000E+00
  0.0000000000000E+00
  0.0000000000000E+00
  0.0000000000000E+00
  0.0000000000000E+00
  0.0000000000000E+00
  0.0000000000000E+00
  0.0000000000000E+00
  0.0000000000000E+00
  0.0000000000000E+00
  0.0000000000000E+00
  0.0000000000000E+00
  0.0000000000000E+00
  0.0000000000000E+00
  0.0000000000000E+00
  0.0000000000000E+00
  0.0000000000000E+00
  0.0000000000000E+00
  0.0000000000000E+00
  0.0000000000000E+00
  0.0000000000000E+00
  0.0000000000000E+00
  0.0000000000000E+00
  0.0000000000000E+00
  0.0000000000000E+00
  0.0000000000000E+00
  0.3771972695256E-06
  0.0000000000000E+00
  0.0000000000000E+00
  0.0000000000000E+00
  0.7173288913995E-06
  0.1309768657082E-05
  0.1351668153666E-05
  0.1301288315910E-05
  0.1083082099352E-05
  0.0000000000000E+00
  0.0000000000000E+00
  0.0000000000000E+00
  0.0000000000000E+00
  0.0000000000000E+00
  0.0000000000000E+00
  0.0000000000000E+00
  0.0000000000000E+00
  0.0000000000000E+00
  0.0000000000000E+00
  0.0000000000000E+00
  0.0000000000000E+00
  0.0000000000000E+00
  0.0000000000000E+00
  0.0000000000000E+00
  0.0000000000000E+00
  0.0000000000000E+00
  0.0000000000000E+00
  0.0000000000000E+00
  0.0000000000000E+00
  0.0000000000000E+00
  0.0000000000000E+00
  0.0000000000000E+00
  0.0000000000000E+00
  0.0000000000000E+00
  0.0000000000000E+00
  0.2946447802739E-06
  0.4833238152888E-05
  0.5652644816535E-05
  0.5619747522462E-05
  0.3889581655653E-05
  0.2603284615516E-05
  0.4064315053921E-05
  0.4696765425311E-05
  0.5968640989156E-05
  0.6558314390492E-05
  0.6094600429082E-05
  0.0000000000000E+00
  0.0000000000000E+00
  0.0000000000000E+00
  0.0000000000000E+00
  0.0000000000000E+00
  0.0000000000000E+00
  0.0000000000000E+00
  0.0000000000000E+00
  0.0000000000000E+00
  0.0000000000000E+00
  0.0000000000000E+00
  0.0000000000000E+00
  0.0000000000000E+00
  0.0000000000000E+00
  0.0000000000000E+00
  0.0000000000000E+00
  0.0000000000000E+00
  0.0000000000000E+00
  0.0000000000000E+00
  0.0000000000000E+00
  0.0000000000000E+00
  0.0000000000000E+00
  0.0000000000000E+00
  0.0000000000000E+00
  0.2625987910254E-05
  0.4815557000800E-05
  0.1232597642486E-04
  0.1236239340741E-04
  0.1199116383266E-04
  0.1119135910185E-04
  0.8434798470714E-05
  0.8343570132027E-05
  0.9645153727106E-05
  0.1086199044567E-04
  0.1145074969826E-04
  0.1062301530700E-04
  0.3808872270659E-05
  0.0000000000000E+00
  0.0000000000000E+00
  0.0000000000000E+00
  0.0000000000000E+00
  0.0000000000000E+00
  0.0000000000000E+00
  0.0000000000000E+00
  0.0000000000000E+00
  0.0000000000000E+00
  0.0000000000000E+00
  0.0000000000000E+00
  0.0000000000000E+00
  0.0000000000000E+00
  0.0000000000000E+00
  0.0000000000000E+00
  0.0000000000000E+00
  0.0000000000000E+00
  0.0000000000000E+00
  0.0000000000000E+00
  0.0000000000000E+00
  0.0000000000000E+00
  0.2082563807519E-05
  0.6451204530005E-05
  0.1057858110248E-04
  0.1181061907529E-04
  0.1931149522513E-04
  0.1877017175141E-04
  0.1765152879866E-04
  0.1700528834485E-04
  0.1588228109795E-04
  0.1523907420296E-04
  0.1516481713427E-04
  0.1527836596638E-04
  0.1492273307379E-04
  0.1415225701758E-04
  0.1058730390157E-04
  0.2845777471856E-05
  0.0000000000000E+00
  0.0000000000000E+00
  0.0000000000000E+00
  0.0000000000000E+00
  0.0000000000000E+00
  0.0000000000000E+00
  0.0000000000000E+00
  0.0000000000000E+00
  0.0000000000000E+00
  0.0000000000000E+00
  0.0000000000000E+00
  0.0000000000000E+00
  0.0000000000000E+00
  0.0000000000000E+00
  0.0000000000000E+00
  0.0000000000000E+00
  0.0000000000000E+00
  0.0000000000000E+00
  0.0000000000000E+00
  0.0000000000000E+00
  0.8474197104682E-05
  0.1493501895870E-04
  0.1747161642432E-04
  0.1845980938013E-04
  0.2563433264220E-04
  0.2389957034317E-04
  0.2201978134679E-04
  0.2135459901349E-04
  0.2106661556534E-04
  0.2074794759275E-04
  0.2036921642056E-04
  0.1980746370180E-04
  0.1886171122530E-04
  0.1803465390182E-04
  0.1624852271447E-04
  0.1021699510659E-04
  0.4380153116063E-05
  0.0000000000000E+00
  0.0000000000000E+00
  0.0000000000000E+00
  0.0000000000000E+00
  0.0000000000000E+00
  0.0000000000000E+00
  0.0000000000000E+00
  0.0000000000000E+00
  0.0000000000000E+00
  0.0000000000000E+00
  0.0000000000000E+00
  0.0000000000000E+00
  0.0000000000000E+00
  0.0000000000000E+00
  0.0000000000000E+00
  0.0000000000000E+00
  0.0000000000000E+00
  0.0000000000000E+00
  0.0000000000000E+00
  0.1322589700924E-04
  0.2060184512215E-04
  0.2383715874907E-04
  0.2532176681565E-04
  0.2979759907906E-04
  0.2587083227236E-04
  0.2298967397754E-04
  0.2221447754408E-04
  0.2260445907312E-04
  0.2288057113532E-04
  0.2295960983052E-04
  0.2263441705489E-04
  0.2197908416118E-04
  0.2176312722532E-04
  0.2119913648388E-04
  0.1793642234798E-04
  0.1079025263135E-04
  0.0000000000000E+00
  0.0000000000000E+00
  0.0000000000000E+00
  0.0000000000000E+00
  0.0000000000000E+00
  0.0000000000000E+00
  0.7435927176415E-06
  0.3625088967335E-05
  0.3787330770672E-05
  0.0000000000000E+00
  0.0000000000000E+00
  0.0000000000000E+00
  0.0000000000000E+00
  0.0000000000000E+00
  0.0000000000000E+00
  0.0000000000000E+00
  0.0000000000000E+00
  0.0000000000000E+00
  0.0000000000000E+00
  0.1498918778496E-04
  0.2705791799835E-04
  0.3080454946608E-04
  0.3205288330878E-04
  0.2900019941812E-04
  0.2500798731261E-04
  0.2449238101232E-04
  0.2506740358162E-04
  0.2485710608449E-04
  0.2388044232903E-04
  0.2221098269136E-04
  0.1978897710073E-04
  0.1713409750417E-04
  0.1799049607190E-04
  0.2200448966563E-04
  0.2152829567435E-04
  0.1629847653104E-04
  0.1427518466689E-04
  0.1112222918754E-04
  0.0000000000000E+00
  0.0000000000000E+00
  0.5978268159488E-05
  0.7872467257560E-05
  0.9285096808272E-05
  0.1646466463314E-04
  0.1681302409758E-04
  0.1194071645431E-04
  0.9112458614555E-05
  0.8010984956741E-05
  0.8236298856474E-05
  0.1150585637360E-04
  0.1115944555187E-04
  0.1006493706016E-04
  0.0000000000000E+00
  0.0000000000000E+00
  0.0000000000000E+00
  0.2192601199846E-04
  0.3326420193113E-04
  0.3324285522994E-04
  0.3360236909055E-04
  0.3311657990079E-04
  0.3389580277850E-04
  0.3490627328099E-04
  0.3539938644285E-04
  0.3560549375686E-04
  0.3549160919923E-04
  0.3487187504063E-04
  0.3395563377340E-04
  0.3257995847656E-04
  0.3024850658263E-04
  0.2672422027199E-04
  0.1959505430309E-04
  0.2041263199733E-04
  0.1970588154875E-04
  0.1662667609726E-04
  0.0000000000000E+00
  0.0000000000000E+00
  0.8827287532109E-05
  0.1436114577432E-04
  0.1626087778281E-04
  0.2267032105616E-04
  0.2184301973450E-04
  0.1357879845338E-04
  0.1487142647794E-04
  0.1265549547980E-04
  0.1556663818456E-04
  0.1831493833655E-04
  0.1755558506988E-04
  0.1151596356320E-04
  0.0000000000000E+00
  0.0000000000000E+00
  0.0000000000000E+00
  0.2535803357760E-04
  0.2482567450102E-04
  0.2826899749313E-04
  0.3290267145675E-04
  0.3906979633443E-04
  0.3995423223207E-04
  0.4069501191520E-04
  0.4125779120393E-04
  0.4169105241650E-04
  0.4185358375111E-04
  0.4150728454894E-04
  0.4057437286662E-04
  0.3913769325104E-04
  0.3748478722742E-04
  0.3580946069239E-04
  0.3456213439064E-04
  0.2918357714409E-04
  0.2478470587706E-04
  0.2068356791183E-04
  0.2149664295719E-04
  0.0000000000000E+00
  0.1306590896189E-04
  0.1963989497566E-04
  0.0000000000000E+00
  0.2387857703058E-04
  0.2808679781443E-04
  0.3033536002283E-04
  0.2761977591340E-04
  0.2606708811372E-04
  0.2462837307589E-04
  0.2390856690299E-04
  0.2423120065542E-04
  0.2380422741212E-04
  0.0000000000000E+00
  0.0000000000000E+00
  0.0000000000000E+00
  0.2862908206036E-04
  0.3338742038420E-04
  0.3668946371934E-04
  0.3826568979529E-04
  0.4336611603445E-04
  0.4425766208863E-04
  0.4494467559680E-04
  0.4569065274732E-04
  0.4649618563357E-04
  0.4694328316656E-04
  0.4681798041136E-04
  0.4585602129944E-04
  0.4413488974825E-04
  0.4209169118203E-04
  0.4020538199347E-04
  0.3823423955898E-04
  0.3444405380379E-04
  0.0000000000000E+00
  0.2843821880908E-04
  0.2719957038256E-04
  0.0000000000000E+00
  0.0000000000000E+00
  0.2451849041889E-04
  0.2932336436965E-04
  0.3305382479720E-04
  0.3486316717570E-04
  0.3523167631082E-04
  0.3342732650067E-04
  0.2910841175353E-04
  0.3229234090914E-04
  0.3010324601887E-04
  0.3081745336290E-04
  0.2762577223511E-04
  0.2520892105946E-04
  0.0000000000000E+00
  0.0000000000000E+00
  0.3302811800898E-04
  0.3925003648557E-04
  0.4134203423242E-04
  0.4256395507103E-04
  0.4662269220262E-04
  0.4722678148992E-04
  0.4787823653253E-04
  0.4873437984367E-04
  0.4958001574213E-04
  0.4999680147408E-04
  0.4968356977460E-04
  0.4852789153427E-04
  0.4702138103808E-04
  0.4559561908160E-04
  0.4420721480732E-04
  0.4233552647341E-04
  0.3885866744868E-04
  0.3505094460400E-04
  0.3539781786584E-04
  0.2978050480456E-04
  0.0000000000000E+00
  0.0000000000000E+00
  0.2939919474996E-04
  0.3552910643592E-04
  0.3831132762119E-04
  0.4048815339352E-04
  0.4075294885096E-04
  0.3774685922990E-04
  0.0000000000000E+00
  0.2783577456132E-04
  0.3141539790751E-04
  0.3665553018963E-04
  0.3363914227153E-04
  0.3040821054139E-04
  0.0000000000000E+00
  0.0000000000000E+00
  0.3572909641426E-04
  0.4248001043106E-04
  0.4469183858457E-04
  0.4593398777328E-04
  0.4803349117939E-04
  0.4835514194029E-04
  0.4863879844575E-04
  0.4875228632916E-04
  0.4855117238940E-04
  0.4811037871301E-04
  0.4746788596081E-04
  0.4734980181731E-04
  0.4769262885136E-04
  0.4784110268868E-04
  0.4730059193130E-04
  0.4556042643890E-04
  0.4281341089655E-04
  0.3989050778797E-04
  0.3880807005868E-04
  0.3460172577156E-04
  0.0000000000000E+00
  0.0000000000000E+00
  0.2812310494557E-04
  0.4120114423058E-04
  0.4194681059965E-04
  0.4364431438343E-04
  0.4380313195926E-04
  0.4119543196015E-04
  0.0000000000000E+00
  0.0000000000000E+00
  0.0000000000000E+00
  0.3042909525863E-04
  0.3767486771156E-04
  0.3444500732527E-04
  0.0000000000000E+00
  0.0000000000000E+00
  0.3688354579200E-04
  0.4494016424649E-04
  0.4666698901758E-04
  0.4749328872760E-04
  0.4643987621276E-04
  0.4623288319566E-04
  0.4543165063926E-04
  0.4358028493378E-04
  0.4137317309703E-04
  0.3968012419117E-04
  0.4057798631630E-04
  0.4395045460303E-04
  0.4662401049297E-04
  0.4821959500778E-04
  0.4859228329051E-04
  0.4743732050004E-04
  0.4451910381116E-04
  0.4194475366579E-04
  0.4006585556882E-04
  0.3797878084182E-04
  0.0000000000000E+00
  0.0000000000000E+00
  0.0000000000000E+00
  0.3305182395082E-04
  0.4294805688979E-04
  0.4465142143857E-04
  0.4448569192950E-04
  0.4569972540785E-04
  0.3370972778653E-04
  0.0000000000000E+00
  0.0000000000000E+00
  0.0000000000000E+00
  0.3622319317547E-04
  0.3727673127587E-04
  0.0000000000000E+00
  0.0000000000000E+00
  0.3591515222199E-04
  0.4543292219051E-04
  0.4655028571827E-04
  0.4622737214113E-04
  0.3872144450321E-04
  0.3755195975338E-04
  0.3540180915499E-04
  0.3211692697593E-04
  0.2964047738433E-04
  0.3167925838846E-04
  0.3670798583524E-04
  0.4118181778771E-04
  0.4389588781168E-04
  0.4542160767407E-04
  0.4627251140854E-04
  0.4565758447259E-04
  0.4241478036518E-04
  0.4119853466342E-04
  0.4065251893811E-04
  0.4024432979363E-04
  0.0000000000000E+00
  0.0000000000000E+00
  0.0000000000000E+00
  0.3532735637516E-04
  0.4276755776743E-04
  0.4364285704988E-04
  0.4538639954143E-04
  0.4485283059030E-04
  0.3630664267893E-04
  0.3149554668368E-04
  0.0000000000000E+00
  0.0000000000000E+00
  0.3857638817240E-04
  0.3992660447986E-04
  0.0000000000000E+00
  0.3294176374640E-04
  0.4107299412834E-04
  0.4171577934971E-04
  0.4042882803102E-04
  0.3924410265009E-04
  0.3373984372932E-04
  0.3371260852092E-04
  0.3484242692823E-04
  0.3802385309076E-04
  0.4146514514040E-04
  0.4348744275791E-04
  0.4417771056908E-04
  0.4380612484302E-04
  0.4260367195113E-04
  0.4095670251730E-04
  0.3940580093737E-04
  0.3953561190820E-04
  0.3866983069177E-04
  0.3861547940330E-04
  0.4067654877503E-04
  0.3977409481691E-04
  0.0000000000000E+00
  0.0000000000000E+00
  0.0000000000000E+00
  0.3598624008312E-04
  0.4380344553763E-04
  0.4613339300727E-04
  0.4568236535577E-04
  0.4475189821397E-04
  0.3501649156819E-04
  0.2745603582229E-04
  0.3200054121564E-04
  0.0000000000000E+00
  0.3946469415782E-04
  0.4159771283924E-04
  0.3561972165162E-04
  0.3961483795033E-04
  0.3829547164323E-04
  0.3576604479069E-04
  0.3367491342648E-04
  0.3378952810817E-04
  0.4812450721471E-04
  0.4966835873275E-04
  0.5077121382411E-04
  0.5150794575475E-04
  0.5195506038956E-04
  0.5219735908218E-04
  0.5202510864113E-04
  0.5043136196112E-04
  0.4671290279743E-04
  0.4297263667994E-04
  0.3991283214453E-04
  0.3744697719039E-04
  0.3618603077859E-04
  0.3269761323685E-04
  0.4273057338772E-04
  0.3731961089765E-04
  0.0000000000000E+00
  0.0000000000000E+00
  0.0000000000000E+00
  0.3818820110202E-04
  0.4397316211189E-04
  0.4659005182695E-04
  0.4458044187511E-04
  0.4433429170501E-04
  0.3841063933342E-04
  0.3864075500210E-04
  0.3996906662947E-04
  0.0000000000000E+00
  0.0000000000000E+00
  0.3608852045388E-04
  0.4188204095047E-04
  0.4108466384402E-04
  0.4138158594608E-04
  0.4165471913161E-04
  0.4431234712901E-04
  0.4655902403911E-04
  0.5332439389868E-04
  0.5368488218414E-04
  0.5374775081103E-04
  0.5367926077668E-04
  0.5373553808739E-04
  0.5391366675316E-04
  0.5398848394381E-04
  0.5368753528034E-04
  0.5278827152834E-04
  0.5120752567676E-04
  0.4869700833323E-04
  0.4541645080663E-04
  0.4092714470550E-04
  0.1665712982814E-04
  0.4673203792154E-04
  0.4727803760586E-04
  0.0000000000000E+00
  0.0000000000000E+00
  0.0000000000000E+00
  0.3254772440308E-04
  0.4162771731366E-04
  0.3909582776375E-04
  0.3586476876639E-04
  0.3877048012101E-04
  0.3935661933814E-04
  0.3965565388759E-04
  0.3555440658536E-04
  0.2750378718835E-04
  0.0000000000000E+00
  0.3607981096923E-04
  0.4480975749642E-04
  0.4455356761968E-04
  0.4692791629390E-04
  0.4930237156266E-04
  0.5141566965421E-04
  0.5264234452471E-04
  0.5207738460836E-04
  0.5141452540485E-04
  0.5067461103414E-04
  0.5025319606282E-04
  0.5009720271586E-04
  0.4989491860512E-04
  0.4951396524738E-04
  0.4913942883676E-04
  0.4885903076996E-04
  0.4840306877881E-04
  0.4735375273220E-04
  0.4590234784338E-04
  0.4450502980298E-04
  0.3706613081245E-04
  0.4048484120446E-04
  0.4716729688393E-04
  0.0000000000000E+00
  0.0000000000000E+00
  0.0000000000000E+00
  0.4387655327801E-04
  0.4632612540237E-04
  0.3211872469435E-04
  0.4215781732365E-04
  0.2670784097865E-04
  0.2001692583106E-04
  0.2650701449407E-04
  0.3222235959018E-04
  0.4455724109227E-04
  0.0000000000000E+00
  0.3138613032860E-04
  0.4219092794251E-04
  0.4287760031164E-04
  0.4567411062298E-04
  0.4917240417273E-04
  0.5145975809827E-04
  0.5221802512007E-04
  0.4175248587690E-04
  0.4138904986758E-04
  0.4117578806744E-04
  0.4100876577234E-04
  0.4092157350369E-04
  0.4070100717211E-04
  0.4029361867176E-04
  0.4002134328453E-04
  0.3986697715423E-04
  0.3988549237456E-04
  0.4000936511697E-04
  0.4048949278908E-04
  0.4297875755870E-04
  0.4769955044240E-04
  0.3278377040445E-04
  0.3513260598674E-04
  0.0000000000000E+00
  0.0000000000000E+00
  0.0000000000000E+00
  0.4850578667643E-04
  0.4906450862873E-04
  0.4774009960457E-04
  0.4794999899501E-04
  0.4728718669812E-04
  0.4238763220409E-04
  0.4535939882444E-04
  0.4895839364323E-04
  0.5068888947248E-04
  0.4242887540110E-04
  0.4361820138857E-04
  0.3965848659603E-04
  0.3715433989445E-04
  0.3787262721035E-04
  0.4129755143267E-04
  0.4276335313494E-04
  0.4233467282681E-04
  0.4515842688779E-04
  0.4456254032516E-04
  0.4425281164057E-04
  0.4416247402457E-04
  0.4447911605845E-04
  0.4502720941178E-04
  0.4552985733808E-04
  0.4597805210554E-04
  0.4607959283334E-04
  0.4580099543892E-04
  0.4520415952835E-04
  0.4464877947077E-04
  0.4738018073712E-04
  0.5167291655786E-04
  0.5359751615264E-04
  0.3604601913102E-04
  0.0000000000000E+00
  0.0000000000000E+00
  0.0000000000000E+00
  0.5049708388617E-04
  0.4472191211167E-04
  0.4951750259208E-04
  0.0000000000000E+00
  0.4901860794304E-04
  0.5183934898849E-04
  0.5371955842384E-04
  0.5341162310177E-04
  0.5223730693416E-04
  0.4988187910450E-04
  0.5199059446872E-04
  0.4928677827185E-04
  0.4508773055401E-04
  0.4425679955206E-04
  0.4568247986153E-04
  0.4613640349396E-04
  0.4584868129355E-04
  0.5229490352383E-04
  0.5118863453532E-04
  0.4990159334139E-04
  0.4874703476797E-04
  0.4786969266891E-04
  0.4759441574710E-04
  0.4802922678670E-04
  0.4905390117695E-04
  0.5015674429290E-04
  0.5118268517921E-04
  0.5219933517965E-04
  0.5286354613010E-04
  0.5246379137476E-04
  0.4809331858521E-04
  0.5497346568069E-04
  0.6021272787017E-04
  0.3998601778979E-04
  0.3758248594137E-04
  0.4609075370612E-04
  0.5644101060451E-04
  0.4522912665511E-04
  0.4548428924498E-04
  0.0000000000000E+00
  0.5068887314606E-04
  0.5240486000398E-04
  0.5429024824118E-04
  0.5581533743688E-04
  0.5318649228064E-04
  0.5281064699447E-04
  0.5647696575392E-04
  0.5648266263445E-04
  0.5523314757862E-04
  0.5345555958462E-04
  0.5376821946064E-04
  0.5356252525038E-04
  0.5310499066055E-04
  0.5596048120630E-04
  0.5634585192145E-04
  0.5650433602958E-04
  0.5597940222813E-04
  0.5469395028472E-04
  0.5330010273078E-04
  0.5214210777261E-04
  0.5186712326180E-04
  0.5244070712710E-04
  0.5337752276390E-04
  0.5438178684909E-04
  0.5510339554591E-04
  0.5478849948715E-04
  0.5271031102622E-04
  0.4934852465971E-04
  0.4201951014897E-04
  0.4883623830914E-04
  0.5111034238655E-04
  0.5519911718534E-04
  0.5825057480043E-04
  0.5282169574032E-04
  0.0000000000000E+00
  0.4982912062107E-04
  0.5666721481211E-04
  0.5486430180993E-04
  0.5635551087397E-04
  0.5663592162841E-04
  0.5562434261994E-04
  0.5316553702460E-04
  0.5237568438387E-04
  0.5290885365526E-04
  0.5453791023818E-04
  0.5498377244003E-04
  0.5500415642003E-04
  0.5521631848560E-04
  0.5563984946919E-04
  0.5601383908715E-04
  0.5620022719597E-04
  0.5663257716133E-04
  0.5721713607009E-04
  0.5769544740774E-04
  0.5755321281790E-04
  0.5659205236129E-04
  0.5508563558147E-04
  0.5410142614954E-04
  0.5409848453261E-04
  0.5467061887086E-04
  0.5530068117684E-04
  0.5579496167549E-04
  0.5613301754761E-04
  0.5676176180670E-04
  0.5708943422191E-04
  0.5842049344271E-04
  0.5654359531385E-04
  0.5683927600409E-04
  0.5785581664396E-04
  0.5493326713971E-04
  0.0000000000000E+00
  0.4562527746361E-04
  0.5716624208520E-04
  0.5746823309652E-04
  0.5868122555562E-04
  0.5815605646865E-04
  0.5701177460944E-04
  0.5535752870225E-04
  0.5568079058928E-04
  0.5599049514357E-04
  0.5633950855115E-04
  0.5683296819258E-04
  0.5727680585810E-04
  0.5638330670590E-04
  0.5612714526660E-04
  0.5846156968574E-04
  0.5849201265556E-04
  0.5854674344145E-04
  0.5847456064820E-04
  0.5857657846544E-04
  0.5865348044026E-04
  0.5826865118793E-04
  0.5715447136958E-04
  0.5566896917716E-04
  0.5439127401428E-04
  0.5390896282244E-04
  0.5408282169406E-04
  0.5464645118369E-04
  0.5587085765072E-04
  0.5770779198689E-04
  0.5819385231061E-04
  0.5727508737825E-04
  0.5580614268786E-04
  0.5669615330575E-04
  0.5888913483853E-04
  0.5831517592306E-04
  0.4391770604511E-04
  0.5765758061871E-04
  0.5762823670481E-04
  0.5898532925261E-04
  0.5908417638907E-04
  0.5841208274005E-04
  0.5754313582885E-04
  0.5739725865035E-04
  0.5815452961763E-04
  0.5908032567449E-04
  0.5989650005981E-04
  0.6034731966591E-04
  0.6009000323436E-04
  0.5927629403145E-04
  0.5873827439844E-04
  0.5703713338628E-04
  0.5698812623457E-04
  0.5730782729554E-04
  0.5778651957505E-04
  0.5809184139325E-04
  0.5803633063743E-04
  0.5745615906776E-04
  0.5652083037965E-04
  0.5531551139760E-04
  0.5379655202274E-04
  0.5246347112662E-04
  0.5181802709683E-04
  0.5183037622380E-04
  0.5221797685635E-04
  0.5270052237176E-04
  0.5301896268831E-04
  0.5284535300660E-04
  0.5277579623094E-04
  0.5338472973919E-04
  0.5518966625939E-04
  0.5739303598637E-04
  0.4949652754478E-04
  0.5208352162390E-04
  0.5338900547951E-04
  0.5485986209942E-04
  0.5547926084624E-04
  0.5559899432968E-04
  0.5522570309967E-04
  0.5521625927017E-04
  0.5576689391553E-04
  0.5668548535178E-04
  0.5761525219091E-04
  0.5822423527744E-04
  0.5823098948643E-04
  0.5787329960187E-04
  0.5739943446311E-04
  0.5267446133514E-04
  0.5254384109124E-04
  0.5276257714956E-04
  0.5330352276998E-04
  0.5368794382772E-04
  0.5380747359817E-04
  0.5359557488910E-04
  0.5301653135354E-04
  0.5205525276502E-04
  0.5071283167616E-04
  0.4922750394750E-04
  0.4801143291710E-04
  0.4737981765343E-04
  0.4696864247855E-04
  0.4643459267960E-04
  0.4608734301465E-04
  0.4657032975276E-04
  0.4836423218820E-04
  0.4887956682453E-04
  0.5089749669221E-04
  0.5233834364243E-04
  0.2635326709303E-04
  0.3708677628811E-04
  0.4336474752328E-04
  0.4679025062925E-04
  0.4844397749500E-04
  0.4935493970075E-04
  0.4967602166631E-04
  0.5016676837693E-04
  0.5080125891941E-04
  0.5155389197609E-04
  0.5237941984572E-04
  0.5301777827515E-04
  0.5326805853699E-04
  0.5323530579786E-04
  0.5296129481329E-04
  0.4363660091007E-04
  0.4364731548582E-04
  0.4390230703299E-04
  0.4455455627745E-04
  0.4507760145143E-04
  0.4534528311121E-04
  0.4529206543538E-04
  0.4481736776445E-04
  0.4387255631656E-04
  0.4236826989044E-04
  0.3987726896204E-04
  0.3633050606200E-04
  0.3271002067523E-04
  0.3259969807574E-04
  0.3550769413078E-04
  0.3760671989794E-04
  0.4079784838575E-04
  0.4446619464563E-04
  0.4762093086395E-04
  0.5060047210372E-04
  0.5224496552350E-04
  0.6168056078750E-04
  0.5807539524832E-04
  0.4848394552006E-04
  0.4307548097987E-04
  0.4183768835639E-04
  0.4072715201063E-04
  0.3939269196502E-04
  0.3911019670527E-04
  0.4003138840285E-04
  0.4125116084593E-04
  0.4244174377309E-04
  0.4331001929573E-04
  0.4390513413416E-04
  0.4409503085159E-04
  0.4386570999294E-04
  0.3794219928504E-04
  0.3682351002038E-04
  0.3594110954274E-04
  0.3622727854704E-04
  0.3642305085183E-04
  0.3634628726682E-04
  0.3605255775480E-04
  0.3538377617192E-04
  0.3421230494100E-04
  0.3400201353211E-04
  0.3554232946921E-04
  0.3779205679161E-04
  0.3941215079303E-04
  0.4059735156316E-04
  0.4343601757487E-04
  0.4644640643432E-04
  0.4746099252021E-04
  0.4895866535914E-04
  0.0000000000000E+00
  0.0000000000000E+00
  0.0000000000000E+00
  0.5131212691675E-04
  0.7046219726358E-04
  0.6479622042482E-04
  0.5656947770634E-04
  0.5166210416179E-04
  0.4897214148296E-04
  0.4657752204963E-04
  0.4453885291318E-04
  0.4247767610508E-04
  0.4084525198055E-04
  0.3993357037007E-04
  0.3976139235134E-04
  0.3993959950958E-04
  0.3985666884689E-04
  0.3914466341069E-04
  0.4194801246808E-04
  0.4193703388014E-04
  0.4175230584262E-04
  0.4130289325693E-04
  0.4094494623038E-04
  0.4084683563136E-04
  0.4090673643991E-04
  0.4090357346396E-04
  0.4090803975772E-04
  0.4068975470154E-04
  0.4011662586353E-04
  0.3928375021678E-04
  0.3827076275589E-04
  0.3762669587591E-04
  0.3982464998685E-04
  0.4461880398781E-04
  0.4843334487509E-04
  0.4757089420044E-04
  0.0000000000000E+00
  0.0000000000000E+00
  0.0000000000000E+00
  0.4181981283238E-04
  0.6153498736022E-04
  0.6406776652477E-04
  0.6185803743331E-04
  0.5839352347499E-04
  0.5429636549902E-04
  0.5005145258884E-04
  0.4625286786886E-04
  0.4418009156889E-04
  0.4278707286169E-04
  0.4283718226081E-04
  0.4203154769702E-04
  0.4165866422623E-04
  0.4163888100310E-04
  0.4178440661158E-04
  0.3654772673330E-04
  0.3599210913912E-04
  0.3538539191901E-04
  0.3647180446697E-04
  0.3667899727930E-04
  0.3674928987679E-04
  0.3684356274402E-04
  0.3699877510240E-04
  0.3715239136382E-04
  0.3716288169206E-04
  0.3698077015020E-04
  0.3659274440097E-04
  0.3583226516051E-04
  0.3486953185438E-04
  0.3549607788653E-04
  0.4048949717642E-04
  0.4502900231756E-04
  0.4944675468149E-04
  0.0000000000000E+00
  0.0000000000000E+00
  0.0000000000000E+00
  0.3308274627146E-04
  0.4469755531309E-04
  0.4755245139097E-04
  0.5030825531836E-04
  0.5175394098774E-04
  0.5130043935440E-04
  0.5033365514841E-04
  0.4868458777410E-04
  0.4653008825274E-04
  0.4434678334195E-04
  0.4239266319296E-04
  0.4074693787625E-04
  0.3933170716243E-04
  0.3809333910955E-04
  0.3718932182449E-04
  0.3550713079609E-04
  0.3498626041922E-04
  0.3445295818474E-04
  0.3385534244581E-04
  0.3331005680826E-04
  0.3291841526709E-04
  0.3273464006246E-04
  0.3283414446572E-04
  0.3316322421856E-04
  0.3341998364444E-04
  0.3363586949754E-04
  0.3362131972362E-04
  0.3337704655061E-04
  0.3283896277626E-04
  0.3227338997643E-04
  0.3462146077296E-04
  0.3860575131075E-04
  0.4891473218206E-04
  0.4196311499506E-04
  0.3585267938740E-04
  0.2929703452274E-04
  0.2786611796919E-04
  0.2753248843949E-04
  0.2924897650508E-04
  0.3257391262439E-04
  0.3490630725254E-04
  0.3801172913471E-04
  0.4013310078010E-04
  0.4052094523881E-04
  0.4079141307009E-04
  0.4041763275753E-04
  0.3963886721107E-04
  0.3876590994993E-04
  0.3792851475145E-04
  0.3642754329986E-04
  0.3587526616253E-04
  0.3080787624178E-04
  0.2992713315901E-04
  0.2992673239314E-04
  0.2992292159762E-04
  0.2979955137334E-04
  0.2962645478954E-04
  0.2957656591092E-04
  0.2965726183797E-04
  0.2991345251112E-04
  0.2924332635846E-04
  0.2947508412838E-04
  0.2972180474188E-04
  0.2985110103505E-04
  0.2982615915153E-04
  0.2936905945088E-04
  0.2911667586303E-04
  0.3070038570747E-04
  0.3331479053137E-04
  0.3194132206513E-04
  0.2886085755105E-04
  0.2548770865582E-04
  0.2285342126886E-04
  0.2162549757776E-04
  0.2150168840423E-04
  0.2139323693853E-04
  0.2194500359938E-04
  0.2373168102643E-04
  0.2571033305560E-04
  0.2764139894367E-04
  0.2895269529453E-04
  0.2968828307647E-04
  0.2989300352294E-04
  0.2984167254267E-04
  0.3040399071354E-04
  0.3064601998841E-04
  0.3070608101497E-04
  0.2102181422070E-04
  0.2152595478985E-04
  0.2179298838163E-04
  0.2193422050557E-04
  0.2186690714234E-04
  0.2177221432990E-04
  0.2182536159462E-04
  0.2178852955905E-04
  0.2148446852132E-04
  0.2136029249726E-04
  0.2166389734513E-04
  0.2191013653651E-04
  0.2203210308204E-04
  0.2198469988157E-04
  0.2173267583833E-04
  0.2105512053851E-04
  0.2155801315778E-04
  0.2354550427802E-04
  0.2315083702609E-04
  0.2221951017904E-04
  0.1996935836624E-04
  0.1919690754032E-04
  0.1802561891983E-04
  0.1696162028545E-04
  0.1590956845002E-04
  0.1498664385584E-04
  0.1456081308096E-04
  0.1519353907002E-04
  0.1654937550867E-04
  0.1784671818052E-04
  0.1888738108997E-04
  0.1968800987529E-04
  0.2010635321281E-04
  0.2051505846780E-04
  0.2091205152462E-04
  0.2070513016026E-04
  0.1120033573867E-04
  0.1117430149935E-04
  0.1111878253584E-04
  0.1105561287776E-04
  0.1082788688050E-04
  0.1075550781235E-04
  0.1072083751889E-04
  0.1071957259519E-04
  0.1074282015151E-04
  0.1080979438445E-04
  0.1092483153169E-04
  0.1098208199854E-04
  0.1091865241804E-04
  0.1099383506315E-04
  0.1105100341387E-04
  0.1105767999519E-04
  0.1107829336618E-04
  0.1108978819352E-04
  0.1109956355036E-04
  0.1111541728608E-04
  0.1114315291475E-04
  0.1114026984398E-04
  0.1110505705609E-04
  0.1109712744140E-04
  0.1110833739952E-04
  0.1116611980997E-04
  0.1132177702193E-04
  0.1139508002174E-04
  0.1139599434324E-04
  0.1135008002872E-04
  0.1126827571820E-04
  0.1118495564355E-04
  0.1114544435699E-04
  0.1114509945968E-04
  0.1117624201847E-04
  0.1119862044475E-04
  0.5507022955128E-05
  0.5469850648271E-05
  0.5470472813166E-05
  0.4893212181910E-05
  0.4873124035819E-05
  0.4938290094371E-05
  0.5095427519093E-05
  0.6334148148232E-05
  0.6948462900505E-05
  0.7679641160660E-05
  0.8362652438937E-05
  0.8089365314479E-05
  0.1048925054616E-04
  0.1045319689765E-04
  0.1044427743845E-04
  0.1046126452399E-04
  0.1051451992443E-04
  0.6978224257696E-05
  0.6412118341868E-05
  0.5779776756503E-05
  0.5590805603442E-05
  0.4944384701378E-05
  0.2849926977989E-05
  0.2732461406080E-05
  0.2747698332108E-05
  0.2875258993418E-05
  0.3071992842006E-05
  0.3242642506182E-05
  0.3296507716039E-05
  0.3296348775985E-05
  0.3224219590254E-05
  0.3212780685699E-05
  0.3175362396798E-05
  0.3174139051045E-05
  0.3207286110605E-05
  0.5483736454215E-05
  0.2806697267895E-05
  0.3489978948122E-05
  0.3735768208271E-05
  0.3707880962004E-05
  0.3410558313267E-05
  0.2674293208231E-05
  0.3740361621785E-05
  0.4308649720581E-05
  0.4417710180707E-05
  0.3997224766505E-05
  0.2869511892995E-05
  0.2853340763655E-06
  0.0000000000000E+00
  0.0000000000000E+00
  0.0000000000000E+00
  0.0000000000000E+00
  0.0000000000000E+00
  0.0000000000000E+00
  0.0000000000000E+00
  0.0000000000000E+00
  0.0000000000000E+00
  0.0000000000000E+00
  0.0000000000000E+00
  0.0000000000000E+00
  0.0000000000000E+00
  0.0000000000000E+00
  0.0000000000000E+00
  0.0000000000000E+00
  0.0000000000000E+00
  0.0000000000000E+00
  0.0000000000000E+00
  0.0000000000000E+00
  0.1728241415516E-05
  0.3923202913128E-05
  0.4501874304529E-05
  0.4047085778739E-05
  0.4243532288841E-05
  0.1617389209173E-05
  0.9235349511864E-06
  0.1522473957818E-05
  0.3830055794020E-05
  0.4777307884612E-05
  0.5231170949800E-05
  0.5326914991086E-05
  0.4842352802343E-05
  0.3145324928599E-05
  0.4277968119135E-05
  0.4360790183082E-05
  0.3663140386515E-05
  0.1394177856098E-05
  0.0000000000000E+00
  0.0000000000000E+00
  0.0000000000000E+00
  0.0000000000000E+00
  0.0000000000000E+00
  0.0000000000000E+00
  0.0000000000000E+00
  0.0000000000000E+00
  0.0000000000000E+00
  0.0000000000000E+00
  0.0000000000000E+00
  0.0000000000000E+00
  0.0000000000000E+00
  0.0000000000000E+00
  0.0000000000000E+00
  0.0000000000000E+00
  0.0000000000000E+00
  0.0000000000000E+00
  0.1163042837761E-05
  0.4530643573980E-05
  0.5449910587663E-05
  0.5342453406010E-05
  0.9760894460001E-05
  0.9390371985548E-05
  0.9180526604746E-05
  0.8332416214242E-05
  0.7717349922425E-05
  0.8137525684676E-05
  0.8836058794019E-05
  0.9560152553518E-05
  0.9926796833540E-05
  0.9662613454010E-05
  0.7644229878331E-05
  0.5405800916076E-05
  0.4840782819119E-05
  0.2666117713999E-05
  0.0000000000000E+00
  0.0000000000000E+00
  0.0000000000000E+00
  0.0000000000000E+00
  0.0000000000000E+00
  0.0000000000000E+00
  0.0000000000000E+00
  0.0000000000000E+00
  0.0000000000000E+00
  0.0000000000000E+00
  0.0000000000000E+00
  0.0000000000000E+00
  0.0000000000000E+00
  0.0000000000000E+00
  0.0000000000000E+00
  0.0000000000000E+00
  0.0000000000000E+00
  0.0000000000000E+00
  0.1616791129959E-05
  0.5681619347086E-05
  0.7962576389541E-05
  0.9640953870635E-05
  0.1641294633214E-04
  0.1581575375639E-04
  0.1511273055800E-04
  0.1442538943451E-04
  0.1334320781959E-04
  0.1313079792908E-04
  0.1377769360857E-04
  0.1443202290241E-04
  0.1449932431308E-04
  0.1321151415359E-04
  0.1142578056649E-04
  0.6576760219066E-05
  0.2900881577296E-05
  0.0000000000000E+00
  0.0000000000000E+00
  0.0000000000000E+00
  0.0000000000000E+00
  0.0000000000000E+00
  0.0000000000000E+00
  0.0000000000000E+00
  0.0000000000000E+00
  0.0000000000000E+00
  0.0000000000000E+00
  0.0000000000000E+00
  0.0000000000000E+00
  0.0000000000000E+00
  0.0000000000000E+00
  0.0000000000000E+00
  0.0000000000000E+00
  0.0000000000000E+00
  0.0000000000000E+00
  0.0000000000000E+00
  0.3496102292477E-05
  0.9632113798874E-05
  0.1345395226636E-04
  0.1554440396949E-04
  0.2308239056426E-04
  0.2174596418355E-04
  0.2009596285155E-04
  0.1901767212045E-04
  0.1804185520185E-04
  0.1750535855362E-04
  0.1751858724868E-04
  0.1758441635152E-04
  0.1710324037074E-04
  0.1568954142480E-04
  0.1252640186493E-04
  0.8033620984984E-05
  0.3254852250397E-05
  0.0000000000000E+00
  0.0000000000000E+00
  0.0000000000000E+00
  0.0000000000000E+00
  0.0000000000000E+00
  0.0000000000000E+00
  0.0000000000000E+00
  0.0000000000000E+00
  0.0000000000000E+00
  0.0000000000000E+00
  0.0000000000000E+00
  0.0000000000000E+00
  0.0000000000000E+00
  0.0000000000000E+00
  0.0000000000000E+00
  0.0000000000000E+00
  0.0000000000000E+00
  0.0000000000000E+00
  0.0000000000000E+00
  0.4923012666723E-05
  0.1258266830519E-04
  0.1897118784437E-04
  0.2262776717622E-04
  0.2751708980926E-04
  0.2506366826777E-04
  0.2278891970954E-04
  0.2153393547137E-04
  0.2082949553039E-04
  0.2028848669065E-04
  0.1984105320116E-04
  0.1935653282122E-04
  0.1851303396035E-04
  0.1740713353133E-04
  0.1534160191770E-04
  0.1060259126504E-04
  0.4653225067730E-05
  0.0000000000000E+00
  0.0000000000000E+00
  0.0000000000000E+00
  0.0000000000000E+00
  0.0000000000000E+00
  0.0000000000000E+00
  0.0000000000000E+00
  0.0000000000000E+00
  0.9377687272703E-06
  0.7490485900988E-06
  0.0000000000000E+00
  0.0000000000000E+00
  0.0000000000000E+00
  0.0000000000000E+00
  0.0000000000000E+00
  0.0000000000000E+00
  0.0000000000000E+00
  0.0000000000000E+00
  0.0000000000000E+00
  0.6805455708548E-05
  0.1687018829532E-04
  0.2528324891172E-04
  0.2825214713624E-04
  0.2874894453095E-04
  0.2569800238880E-04
  0.2351978568493E-04
  0.2257650365311E-04
  0.2222211796715E-04
  0.2184498424179E-04
  0.2122557593748E-04
  0.2044878923060E-04
  0.1965895418743E-04
  0.1920493567997E-04
  0.1824786352561E-04
  0.1394579035937E-04
  0.5745415520775E-05
  0.0000000000000E+00
  0.0000000000000E+00
  0.0000000000000E+00
  0.0000000000000E+00
  0.0000000000000E+00
  0.0000000000000E+00
  0.0000000000000E+00
  0.4790725415822E-05
  0.8537323311833E-05
  0.5447557785942E-05
  0.0000000000000E+00
  0.0000000000000E+00
  0.0000000000000E+00
  0.1054981009042E-05
  0.1385489061175E-05
  0.0000000000000E+00
  0.0000000000000E+00
  0.0000000000000E+00
  0.0000000000000E+00
  0.9178031691311E-05
  0.2290849545863E-04
  0.3034163379100E-04
  0.3096527095257E-04
  0.2833538021720E-04
  0.2621207447784E-04
  0.2514098414115E-04
  0.2502350291771E-04
  0.2484059411403E-04
  0.2441258265992E-04
  0.2356569905676E-04
  0.2252530010040E-04
  0.2162189462250E-04
  0.2144370820971E-04
  0.2113339396200E-04
  0.1703371385733E-04
  0.8833234545220E-05
  0.0000000000000E+00
  0.0000000000000E+00
  0.0000000000000E+00
  0.0000000000000E+00
  0.0000000000000E+00
  0.0000000000000E+00
  0.3556706156524E-05
  0.1351533006179E-04
  0.1575002822944E-04
  0.1051702538616E-04
  0.3048589592731E-05
  0.7104400630084E-06
  0.2554008523924E-05
  0.6192901065574E-05
  0.7127238857667E-05
  0.0000000000000E+00
  0.0000000000000E+00
  0.0000000000000E+00
  0.0000000000000E+00
  0.1370151628141E-04
  0.2737324642896E-04
  0.3034486659536E-04
  0.3032937901231E-04
  0.3026547515383E-04
  0.2993332061796E-04
  0.2980459062704E-04
  0.3012661401204E-04
  0.3022899354507E-04
  0.3013807524761E-04
  0.2971196227761E-04
  0.2910634137666E-04
  0.2844633786953E-04
  0.2748836669159E-04
  0.2560551906400E-04
  0.2044910561108E-04
  0.1311485446107E-04
  0.3914758519309E-05
  0.0000000000000E+00
  0.0000000000000E+00
  0.0000000000000E+00
  0.5368865411645E-05
  0.6801107034300E-05
  0.7510626034329E-05
  0.1827091721342E-04
  0.1940166486013E-04
  0.1457027298209E-04
  0.9980934955740E-05
  0.6837853007251E-05
  0.8969001865651E-05
  0.1127655017349E-04
  0.1146037283285E-04
  0.9488337772831E-06
  0.0000000000000E+00
  0.0000000000000E+00
  0.0000000000000E+00
  0.1864385393678E-04
  0.2802248868737E-04
  0.2870293341518E-04
  0.3029840245213E-04
  0.3360455385328E-04
  0.3400146787013E-04
  0.3424950434408E-04
  0.3468489242853E-04
  0.3514332312262E-04
  0.3552796559846E-04
  0.3564148952652E-04
  0.3537670885032E-04
  0.3488320379700E-04
  0.3363424220067E-04
  0.3123036085989E-04
  0.2635322699335E-04
  0.1709857837595E-04
  0.8663454447450E-05
  0.3003550591498E-05
  0.0000000000000E+00
  0.0000000000000E+00
  0.8989873694967E-05
  0.1596494246287E-04
  0.8692301803644E-05
  0.2261945355987E-04
  0.2288675931274E-04
  0.2024583174828E-04
  0.1612904762977E-04
  0.1311069732774E-04
  0.1555280337770E-04
  0.1637104218927E-04
  0.1514047954971E-04
  0.4619656586796E-05
  0.0000000000000E+00
  0.0000000000000E+00
  0.0000000000000E+00
  0.2373870793624E-04
  0.3104019417949E-04
  0.3054336736634E-04
  0.3267552593863E-04
  0.3755280186312E-04
  0.3801365569192E-04
  0.3839951399812E-04
  0.3895315873899E-04
  0.3989389180956E-04
  0.4079478091432E-04
  0.4144781116575E-04
  0.4141142158237E-04
  0.4074049010690E-04
  0.3891274513360E-04
  0.3580278295273E-04
  0.3063575886940E-04
  0.2209930964253E-04
  0.1256042415202E-04
  0.1389024837589E-04
  0.0000000000000E+00
  0.0000000000000E+00
  0.5046364957416E-05
  0.2335749432512E-04
  0.1885029802606E-04
  0.2766863944422E-04
  0.2801785188725E-04
  0.2520678721707E-04
  0.1987108841345E-04
  0.1406959569607E-04
  0.2057036864060E-04
  0.1991283158000E-04
  0.1897751778417E-04
  0.1045379549187E-04
  0.0000000000000E+00
  0.0000000000000E+00
  0.0000000000000E+00
  0.2977439570428E-04
  0.3504277565972E-04
  0.3426279893342E-04
  0.3647933816613E-04
  0.4125371989442E-04
  0.4158591977878E-04
  0.4205474605284E-04
  0.4286203996766E-04
  0.4424062711792E-04
  0.4560884418286E-04
  0.4670839654095E-04
  0.4677044793127E-04
  0.4566456918124E-04
  0.4311923349435E-04
  0.3921586712917E-04
  0.3414700215034E-04
  0.2865440115250E-04
  0.2240600041117E-04
  0.2386737698295E-04
  0.6156741831553E-05
  0.0000000000000E+00
  0.2038311641272E-05
  0.2471456135324E-04
  0.2605598997487E-04
  0.2995104225519E-04
  0.3259570935274E-04
  0.2984220431721E-04
  0.2347542151057E-04
  0.9337203420259E-05
  0.1866467737611E-04
  0.1900125310939E-04
  0.2312938857699E-04
  0.1789170087407E-04
  0.6126300728103E-05
  0.0000000000000E+00
  0.1657635528498E-05
  0.3589087021309E-04
  0.3904607513492E-04
  0.3826589178577E-04
  0.4028196391133E-04
  0.4502640617930E-04
  0.4525963785646E-04
  0.4573465153637E-04
  0.4662603178551E-04
  0.4795316673681E-04
  0.4939095204966E-04
  0.5060048481328E-04
  0.5055401983473E-04
  0.4902886644332E-04
  0.4615708188194E-04
  0.4234889513906E-04
  0.3885886515286E-04
  0.3585280872547E-04
  0.2839585429596E-04
  0.2831231214650E-04
  0.1821455588179E-04
  0.2899227388080E-05
  0.2806774278886E-05
  0.2033969892361E-04
  0.3262684514722E-04
  0.3459527903600E-04
  0.3729546518768E-04
  0.3489402982816E-04
  0.2885837940758E-04
  0.1176349115233E-04
  0.1548046230272E-04
  0.1286448603779E-04
  0.2403576086144E-04
  0.2604864509420E-04
  0.1533634942127E-04
  0.0000000000000E+00
  0.8361537538214E-05
  0.3826576086243E-04
  0.4195607406857E-04
  0.4254452490153E-04
  0.4422111384069E-04
  0.4881647208464E-04
  0.4905094512095E-04
  0.4946217922677E-04
  0.4998627701797E-04
  0.5063406309718E-04
  0.5164596571805E-04
  0.5281294380740E-04
  0.5287162514653E-04
  0.5135563083309E-04
  0.4906257438766E-04
  0.4656268769267E-04
  0.4454248622164E-04
  0.4127625805794E-04
  0.3433526020786E-04
  0.3346560988369E-04
  0.3037676406340E-04
  0.9736303034589E-05
  0.2865000105381E-05
  0.1177042934557E-04
  0.3490295962254E-04
  0.4006269732824E-04
  0.4162867210930E-04
  0.3960639419421E-04
  0.3653183192933E-04
  0.2143495077136E-04
  0.1766879904301E-04
  0.1296786119671E-04
  0.1891963737630E-04
  0.3438252072329E-04
  0.2546282623503E-04
  0.3761310428272E-05
  0.1729385902240E-04
  0.4124506131024E-04
  0.4567072772290E-04
  0.4712488480220E-04
  0.4823616066493E-04
  0.5180306368598E-04
  0.5220066859023E-04
  0.5259405136836E-04
  0.5263984301957E-04
  0.5258046677070E-04
  0.5338747517293E-04
  0.5468837988653E-04
  0.5480618436000E-04
  0.5337338234806E-04
  0.5171012467524E-04
  0.5039236022503E-04
  0.4886392989329E-04
  0.4439950556496E-04
  0.3806675114516E-04
  0.3836133311801E-04
  0.3815397705719E-04
  0.1099397956565E-04
  0.2990881995290E-05
  0.8170780596769E-05
  0.3534761449521E-04
  0.4350631405005E-04
  0.4510874352409E-04
  0.4357420006232E-04
  0.4154885692321E-04
  0.2718163244935E-04
  0.2305186787236E-04
  0.1641076276644E-04
  0.1744719184777E-04
  0.4047999109719E-04
  0.3644888617338E-04
  0.1443286586711E-04
  0.3109252437464E-04
  0.4491447073500E-04
  0.4932490095225E-04
  0.5072862087716E-04
  0.5132717129900E-04
  0.5120072915054E-04
  0.5160690796823E-04
  0.5188538079848E-04
  0.5184902559324E-04
  0.5189920676719E-04
  0.5265182201566E-04
  0.5368116476228E-04
  0.5367743438927E-04
  0.5260042348593E-04
  0.5149554205972E-04
  0.5058704842962E-04
  0.4925609057147E-04
  0.4489195254553E-04
  0.3882782167932E-04
  0.4061412216953E-04
  0.4017260579608E-04
  0.9716610484490E-05
  0.3332077661275E-05
  0.7312016951444E-05
  0.3500051930201E-04
  0.4594549254734E-04
  0.4893585573292E-04
  0.4697183801179E-04
  0.4382981494185E-04
  0.3273863194512E-04
  0.2768903021467E-04
  0.2531809581563E-04
  0.1954717253704E-04
  0.4025522519616E-04
  0.4355358504325E-04
  0.2854567249484E-04
  0.3886148534892E-04
  0.4672316993751E-04
  0.5029282638077E-04
  0.5059080328805E-04
  0.5076243877654E-04
  0.4466251244351E-04
  0.4440565862283E-04
  0.4393903792692E-04
  0.4342815084643E-04
  0.4345228663833E-04
  0.4427596871285E-04
  0.4548995342364E-04
  0.4606208076508E-04
  0.4615670934195E-04
  0.4643100497304E-04
  0.4651744120067E-04
  0.4597848707590E-04
  0.4345586873443E-04
  0.3761196113366E-04
  0.4138586836923E-04
  0.3930467735110E-04
  0.1014210754089E-04
  0.5112336411248E-05
  0.7536902136614E-05
  0.3892346741396E-04
  0.4786398757499E-04
  0.5104673820945E-04
  0.4982064847227E-04
  0.4547308280700E-04
  0.3766886989124E-04
  0.3566796394622E-04
  0.3314073951567E-04
  0.2485948482667E-04
  0.3206640993455E-04
  0.4459502565399E-04
  0.3564941374292E-04
  0.4095065114596E-04
  0.4464360164853E-04
  0.4592843227845E-04
  0.4522709512893E-04
  0.4481242975038E-04
  0.3626163731209E-04
  0.3561861207623E-04
  0.3500149540325E-04
  0.3467852000180E-04
  0.3479695271362E-04
  0.3531151488923E-04
  0.3605134866707E-04
  0.3663958694109E-04
  0.3745919319567E-04
  0.3862869694511E-04
  0.3981060255986E-04
  0.4095980910893E-04
  0.4118294937787E-04
  0.3644455060183E-04
  0.4286197303544E-04
  0.3843107348276E-04
  0.1260781294793E-04
  0.8457673796795E-05
  0.8962400282201E-05
  0.4149837373297E-04
  0.4663904641197E-04
  0.4832204459754E-04
  0.4944271714942E-04
  0.4661818038146E-04
  0.4138405542656E-04
  0.4171786157602E-04
  0.3970980389235E-04
  0.3586913656101E-04
  0.3022972001207E-04
  0.4270751593593E-04
  0.3876397119018E-04
  0.3977107089881E-04
  0.3920706463364E-04
  0.3883130667626E-04
  0.3769384785453E-04
  0.3689579878236E-04
  0.3231939274562E-04
  0.3152559192625E-04
  0.3087679352819E-04
  0.3066934790882E-04
  0.3079786635472E-04
  0.3116319870438E-04
  0.3163660203509E-04
  0.3201237460695E-04
  0.3264813747886E-04
  0.3364955403568E-04
  0.3501697472036E-04
  0.3700747293343E-04
  0.3980460194673E-04
  0.4110449809950E-04
  0.4545179758303E-04
  0.3619027120714E-04
  0.1579536575669E-04
  0.1249804071268E-04
  0.1289695380744E-04
  0.4639055519843E-04
  0.4664732355374E-04
  0.4326215489737E-04
  0.4647294997114E-04
  0.4772289641280E-04
  0.4357753814834E-04
  0.4563669149791E-04
  0.4629695016977E-04
  0.4695741405959E-04
  0.3394700970638E-04
  0.4259937497402E-04
  0.4074942341061E-04
  0.3853369307431E-04
  0.3604398294541E-04
  0.3517496973185E-04
  0.3407993111119E-04
  0.3314105429186E-04
  0.3685789853478E-04
  0.3559242629315E-04
  0.3455588888507E-04
  0.3395679219358E-04
  0.3378879566926E-04
  0.3397097696417E-04
  0.3446246506139E-04
  0.3500498150842E-04
  0.3582130661961E-04
  0.3700804185222E-04
  0.3849220712793E-04
  0.4055004306092E-04
  0.4384951688489E-04
  0.4739832153420E-04
  0.4970427889432E-04
  0.3671376978917E-04
  0.1942690478935E-04
  0.1596766374664E-04
  0.2037226398411E-04
  0.5063024529480E-04
  0.4836388209486E-04
  0.4189299649176E-04
  0.4102795661216E-04
  0.5187399812967E-04
  0.5044115872982E-04
  0.5207902317181E-04
  0.5243723112776E-04
  0.5228410114376E-04
  0.4604125616972E-04
  0.4995482910689E-04
  0.4860487090845E-04
  0.4529358492430E-04
  0.4246057823335E-04
  0.4124408188587E-04
  0.3978146244063E-04
  0.3823262207361E-04
  0.5006584598617E-04
  0.4834474918101E-04
  0.4661876902232E-04
  0.4517015560561E-04
  0.4428200374338E-04
  0.4394662440101E-04
  0.4416634748138E-04
  0.4450652841760E-04
  0.4495774409171E-04
  0.4559568243999E-04
  0.4605561112291E-04
  0.4638865945530E-04
  0.4721018312425E-04
  0.4853132308251E-04
  0.5382039189763E-04
  0.4631348979697E-04
  0.2265647643835E-04
  0.2313343412508E-04
  0.3208067814826E-04
  0.5422642737662E-04
  0.4905935211527E-04
  0.4046552821425E-04
  0.3380513232441E-04
  0.5401412218672E-04
  0.5659754982210E-04
  0.5681153672722E-04
  0.5619642066889E-04
  0.5404451866218E-04
  0.5267531484163E-04
  0.5738715948610E-04
  0.5876847264073E-04
  0.5715757934288E-04
  0.5584307774475E-04
  0.5497356092086E-04
  0.5355362121427E-04
  0.5183942072528E-04
  0.6443671375026E-04
  0.6359145998786E-04
  0.6201695991631E-04
  0.5989652033688E-04
  0.5794263688576E-04
  0.5627941753915E-04
  0.5496361414164E-04
  0.5384908474622E-04
  0.5295286175286E-04
  0.5235539184835E-04
  0.5160132597038E-04
  0.5045291691199E-04
  0.4875253684715E-04
  0.4649148794102E-04
  0.4913863241930E-04
  0.5479164217451E-04
  0.3283081900614E-04
  0.3375863784819E-04
  0.4241806179007E-04
  0.5527945326303E-04
  0.4934944051400E-04
  0.3543882595089E-04
  0.3741456941522E-04
  0.5523416336086E-04
  0.6061902892784E-04
  0.5868848022612E-04
  0.5764841949326E-04
  0.5524460836353E-04
  0.5476359166448E-04
  0.5926524026264E-04
  0.6271447167977E-04
  0.6375609263916E-04
  0.6492746829274E-04
  0.6597589401453E-04
  0.6573047708827E-04
  0.6518849100858E-04
  0.6763033390239E-04
  0.6829756254224E-04
  0.6844578499691E-04
  0.6748112076386E-04
  0.6585525852448E-04
  0.6357609086731E-04
  0.6067663329269E-04
  0.5794859269403E-04
  0.5586995398031E-04
  0.5445615862265E-04
  0.5331002775942E-04
  0.5216853231617E-04
  0.5036837929396E-04
  0.4706240419712E-04
  0.4335789167273E-04
  0.4633237633018E-04
  0.4324306792726E-04
  0.4233797708177E-04
  0.4231337986670E-04
  0.5160553630793E-04
  0.5052955969001E-04
  0.2715959591671E-04
  0.4701071361333E-04
  0.5819248913136E-04
  0.5989438232731E-04
  0.5830460951037E-04
  0.5720724048372E-04
  0.5476704466121E-04
  0.5333029111704E-04
  0.5566075983854E-04
  0.5904636985126E-04
  0.6124307028547E-04
  0.6374584318603E-04
  0.6612109155724E-04
  0.6683350616051E-04
  0.6726349823995E-04
  0.6214543630231E-04
  0.6308930158475E-04
  0.6439961031133E-04
  0.6552277816505E-04
  0.6587194971390E-04
  0.6499792464266E-04
  0.6255891054720E-04
  0.5944782161374E-04
  0.5661900828827E-04
  0.5445499707871E-04
  0.5291428213350E-04
  0.5174491717430E-04
  0.5042335823320E-04
  0.4843555982516E-04
  0.4654045017498E-04
  0.4871179459544E-04
  0.4671982265724E-04
  0.4458069677962E-04
  0.4365598557677E-04
  0.4786859738824E-04
  0.4928620349448E-04
  0.2769452794342E-04
  0.4833475426181E-04
  0.5452921012514E-04
  0.5566719080896E-04
  0.5599264730083E-04
  0.5546979748031E-04
  0.5335679206399E-04
  0.5146040800980E-04
  0.5231027299277E-04
  0.5452305878084E-04
  0.5622247289828E-04
  0.5832770722037E-04
  0.6040876752884E-04
  0.6126807633384E-04
  0.6175585353784E-04
  0.5589607388113E-04
  0.5630383203529E-04
  0.5736975406744E-04
  0.5911252958837E-04
  0.6082066762200E-04
  0.6183718644389E-04
  0.6142453159111E-04
  0.5955714395254E-04
  0.5688863622597E-04
  0.5405454376425E-04
  0.5179070985764E-04
  0.5009287554125E-04
  0.4850029436987E-04
  0.4660694451248E-04
  0.4542443601787E-04
  0.4710284528066E-04
  0.4603152004097E-04
  0.4354685189912E-04
  0.4121981349155E-04
  0.4349124304190E-04
  0.4550752294418E-04
  0.3785350647195E-04
  0.4718134134032E-04
  0.4990069228066E-04
  0.5095769176997E-04
  0.5211670424845E-04
  0.5237479872422E-04
  0.5118176593327E-04
  0.4960318601029E-04
  0.4965638367697E-04
  0.5093948924879E-04
  0.5204473328258E-04
  0.5345447890170E-04
  0.5466470826312E-04
  0.5534282007217E-04
  0.5574207079766E-04
  0.5037456647826E-04
  0.5034682703201E-04
  0.5076951826825E-04
  0.5195591701338E-04
  0.5348670000304E-04
  0.5493970134802E-04
  0.5596948815979E-04
  0.5595384762291E-04
  0.5469925680526E-04
  0.5242502067679E-04
  0.4992895835342E-04
  0.4770781316181E-04
  0.4581222242446E-04
  0.4421301720285E-04
  0.4330300883470E-04
  0.4371085422586E-04
  0.4276355258076E-04
  0.4094673477337E-04
  0.3709774336696E-04
  0.3807827651984E-04
  0.3970530870574E-04
  0.4148850773533E-04
  0.4550869738155E-04
  0.4540189884214E-04
  0.4609805456587E-04
  0.4713241610020E-04
  0.4787985104291E-04
  0.4770954291535E-04
  0.4685876285008E-04
  0.4665503348814E-04
  0.4721497961087E-04
  0.4775634974985E-04
  0.4861478792073E-04
  0.4932238192034E-04
  0.4989302457755E-04
  0.5028654421464E-04
  0.4537245698723E-04
  0.4523507776994E-04
  0.4522682348556E-04
  0.4568145901501E-04
  0.4650674688007E-04
  0.4746328562711E-04
  0.4848674075018E-04
  0.4917821951256E-04
  0.4908277275845E-04
  0.4800427188992E-04
  0.4627404746407E-04
  0.4402225987426E-04
  0.4185949218583E-04
  0.4048317405399E-04
  0.4010798676826E-04
  0.4016866682989E-04
  0.3940568162340E-04
  0.3773932108921E-04
  0.3238398229846E-04
  0.3176586967639E-04
  0.3452712432011E-04
  0.3932082235244E-04
  0.4481255937478E-04
  0.4305622580797E-04
  0.4243512767630E-04
  0.4258057487720E-04
  0.4310572704905E-04
  0.4334170338641E-04
  0.4320826721140E-04
  0.4323444836002E-04
  0.4336469872004E-04
  0.4346001662313E-04
  0.4384561796131E-04
  0.4423238289748E-04
  0.4473618414527E-04
  0.4523298972837E-04
  0.4015915264811E-04
  0.4004851913888E-04
  0.3985701527711E-04
  0.3986355013761E-04
  0.4019705591925E-04
  0.4067621910591E-04
  0.4116456498527E-04
  0.4177701490540E-04
  0.4200465618968E-04
  0.4164794291139E-04
  0.4073598722456E-04
  0.3892611567488E-04
  0.3669377953255E-04
  0.3569718795372E-04
  0.3642168201949E-04
  0.3745562971287E-04
  0.3753225600416E-04
  0.3558980732094E-04
  0.2696829216288E-04
  0.2332807807672E-04
  0.2862635728294E-04
  0.4277748305164E-04
  0.5004641970501E-04
  0.4573943832400E-04
  0.4206747371845E-04
  0.4029124894017E-04
  0.3969914364672E-04
  0.3938741333696E-04
  0.3913504429120E-04
  0.3925042456531E-04
  0.3919551898928E-04
  0.3897859761215E-04
  0.3899407516027E-04
  0.3917322791537E-04
  0.3953435844955E-04
  0.3997725333546E-04
  0.3713624255267E-04
  0.3687453342586E-04
  0.3650298270242E-04
  0.3630275098018E-04
  0.3627194973416E-04
  0.3636584946212E-04
  0.3640511403215E-04
  0.3657822476835E-04
  0.3670260417641E-04
  0.3671140157428E-04
  0.3688444596397E-04
  0.3671455587730E-04
  0.3581316468714E-04
  0.3528972485743E-04
  0.3627481553628E-04
  0.3826149791242E-04
  0.3916620013090E-04
  0.3697111723952E-04
  0.1539192383439E-04
  0.1119988098854E-04
  0.1824571100774E-04
  0.4399948495260E-04
  0.5609690249202E-04
  0.5371895932835E-04
  0.4852917529042E-04
  0.4512724762234E-04
  0.4305020979042E-04
  0.4150551224971E-04
  0.4017110947608E-04
  0.3924611843709E-04
  0.3846964851891E-04
  0.3764546696359E-04
  0.3713115468825E-04
  0.3693223441511E-04
  0.3699510362604E-04
  0.3715586337272E-04
  0.3696254963897E-04
  0.3677914048126E-04
  0.3650435592511E-04
  0.3621607013514E-04
  0.3598010552926E-04
  0.3585868375668E-04
  0.3579080504725E-04
  0.3580677457636E-04
  0.3600623704657E-04
  0.3611376286748E-04
  0.3618102813201E-04
  0.3605511173867E-04
  0.3535945270389E-04
  0.3474575748941E-04
  0.3537199242501E-04
  0.3791002377389E-04
  0.4055097639473E-04
  0.3910233275971E-04
  0.1495822795785E-04
  0.9130385327813E-05
  0.1347726973358E-04
  0.4365587352316E-04
  0.5561080723778E-04
  0.5665506213539E-04
  0.5337570945423E-04
  0.5058769041902E-04
  0.4796599373015E-04
  0.4532110800445E-04
  0.4293713050738E-04
  0.4117705739135E-04
  0.3991849185019E-04
  0.3871958138511E-04
  0.3775076338377E-04
  0.3714685768735E-04
  0.3689321426483E-04
  0.3692431736683E-04
  0.3681724751047E-04
  0.3638029394521E-04
  0.3591665391509E-04
  0.3583142737863E-04
  0.3561024559639E-04
  0.3543838504600E-04
  0.3535633673265E-04
  0.3536598504503E-04
  0.3545966084297E-04
  0.3555476767453E-04
  0.3563675413084E-04
  0.3557613605242E-04
  0.3521567997638E-04
  0.3487382294574E-04
  0.3525710546248E-04
  0.3745361003860E-04
  0.4119370736924E-04
  0.4321829996195E-04
  0.1873311604062E-04
  0.1354020806051E-04
  0.1636096907525E-04
  0.3667394959173E-04
  0.4538164452259E-04
  0.4902685211708E-04
  0.4914318802192E-04
  0.4906529152726E-04
  0.4849395883929E-04
  0.4705221763641E-04
  0.4533154420235E-04
  0.4352781310503E-04
  0.4183352989072E-04
  0.4036053663982E-04
  0.3912122582969E-04
  0.3817703869114E-04
  0.3751418897694E-04
  0.3712543287153E-04
  0.3648948525701E-04
  0.3597523047493E-04
  0.3547732261662E-04
  0.3505850412230E-04
  0.3462165010873E-04
  0.3435707989485E-04
  0.3426190313724E-04
  0.3434707978073E-04
  0.3447057958027E-04
  0.3461906519321E-04
  0.3479320760312E-04
  0.3491859139900E-04
  0.3496318430098E-04
  0.3488786388591E-04
  0.3519256729245E-04
  0.3662999039346E-04
  0.3979039474712E-04
  0.4457365346460E-04
  0.3167422995700E-04
  0.2851154325440E-04
  0.2568863337306E-04
  0.2945508039556E-04
  0.3171296980067E-04
  0.3472288784864E-04
  0.3698362153525E-04
  0.3896697418553E-04
  0.4093506146595E-04
  0.4208131979621E-04
  0.4228197536440E-04
  0.4190270707404E-04
  0.4097825165198E-04
  0.3991725559101E-04
  0.3886643714331E-04
  0.3803777924621E-04
  0.3730089869002E-04
  0.3685796603762E-04
  0.3350164560455E-04
  0.3314894075192E-04
  0.3288410932258E-04
  0.3262511131460E-04
  0.3232044933730E-04
  0.3209918654964E-04
  0.3202741871109E-04
  0.3210534127845E-04
  0.3222452080210E-04
  0.3218127257926E-04
  0.3233289211177E-04
  0.3251087743338E-04
  0.3269421094895E-04
  0.3286805564402E-04
  0.3312387480783E-04
  0.3393869612244E-04
  0.3578255281055E-04
  0.3828586369569E-04
  0.3376312355262E-04
  0.3017822694767E-04
  0.2673363810467E-04
  0.2553176617732E-04
  0.2522622723540E-04
  0.2627194327747E-04
  0.2753072243673E-04
  0.2896874042090E-04
  0.3088643304212E-04
  0.3280837398930E-04
  0.3409972760019E-04
  0.3472369218823E-04
  0.3471768999069E-04
  0.3433597043980E-04
  0.3389530630625E-04
  0.3375280048165E-04
  0.3367540159406E-04
  0.3358863636545E-04
  0.2633143570223E-04
  0.2648349267641E-04
  0.2650687825638E-04
  0.2644694939208E-04
  0.2628585413323E-04
  0.2609880986537E-04
  0.2597165006749E-04
  0.2589565752947E-04
  0.2582064584497E-04
  0.2578360346762E-04
  0.2588344529407E-04
  0.2600320717866E-04
  0.2613492244408E-04
  0.2627250548891E-04
  0.2646806884541E-04
  0.2693884928313E-04
  0.2818445874032E-04
  0.2959495782535E-04
  0.2791671063862E-04
  0.2541307112993E-04
  0.2331119469999E-04
  0.2189273588841E-04
  0.2096030897503E-04
  0.2058958765386E-04
  0.2053673631111E-04
  0.2079209231540E-04
  0.2158176884328E-04
  0.2281503473738E-04
  0.2408403376590E-04
  0.2499161891457E-04
  0.2546533623391E-04
  0.2567381383079E-04
  0.2575413020068E-04
  0.2594816170060E-04
  0.2614502495053E-04
  0.2621332880854E-04
  0.1669008306730E-04
  0.1685227731668E-04
  0.1690229247645E-04
  0.1684346055962E-04
  0.1666719400156E-04
  0.1643498301325E-04
  0.1621455779232E-04
  0.1606186846083E-04
  0.1598376280819E-04
  0.1597659790926E-04
  0.1598876815699E-04
  0.1600772628177E-04
  0.1606265198471E-04
  0.1621171942301E-04
  0.1648781891330E-04
  0.1698717969234E-04
  0.1777143867883E-04
  0.1857528157501E-04
  0.1869476678772E-04
  0.1806379114012E-04
  0.1700594761734E-04
  0.1581618909556E-04
  0.1473449416280E-04
  0.1393223694599E-04
  0.1350960206743E-04
  0.1352149727768E-04
  0.1391735290938E-04
  0.1454590681716E-04
  0.1523231773669E-04
  0.1578495212416E-04
  0.1608737613919E-04
  0.1618953209769E-04
  0.1621261628074E-04
  0.1627222016134E-04
  0.1637177713386E-04
  0.1650402099660E-04
  0.7766231449029E-05
  0.7966246907216E-05
  0.8270661213616E-05
  0.8727087899954E-05
  0.9014146746372E-05
  0.9210097752208E-05
  0.9363515844461E-05
  0.9492922250264E-05
  0.9765276887902E-05
  0.1018578450639E-04
  0.1080649688083E-04
  0.1144963862808E-04
  0.1185594330010E-04
  0.1210401491416E-04
  0.1224079949642E-04
  0.1228113275615E-04
  0.1219884475742E-04
  0.1191383266855E-04
  0.1131400958309E-04
  0.1026021741676E-04
  0.9065824506306E-05
  0.8190544465387E-05
  0.7593393010434E-05
  0.7234782666909E-05
  0.7072672412295E-05
  0.7060584986025E-05
  0.7144336008351E-05
  0.7264745624884E-05
  0.7372924490276E-05
  0.7447041326255E-05
  0.7481870108426E-05
  0.7495183157052E-05
  0.7499865872663E-05
  0.7516324037120E-05
  0.7558273174830E-05
  0.7637322421350E-05
  0.2729723390943E-03
  0.2729723390943E-03
  0.2729723390943E-03
  0.2729723390943E-03
  0.2729723390943E-03
  0.2729723390943E-03
  0.2729723390943E-03
  0.2729723390943E-03
  0.2729723390943E-03
  0.2729723390943E-03
  0.2729723390943E-03
  0.2729723390943E-03
  0.2729723390943E-03
  0.2729723390943E-03
  0.2729723390943E-03
  0.2729723390943E-03
  0.2729723390943E-03
  0.2729723390943E-03
  0.2729723390943E-03
  0.2729723390943E-03
  0.2729723390943E-03
  0.2729723390943E-03
  0.2729723390943E-03
  0.2729723390943E-03
  0.2729723390943E-03
  0.2729723390943E-03
  0.2729723390943E-03
  0.2729723390943E-03
  0.2729723390943E-03
  0.2729723390943E-03
  0.2729723390943E-03
  0.2729723390943E-03
  0.2729723390943E-03
  0.2729723390943E-03
  0.2729723390943E-03
  0.2729723390943E-03
  0.2729723390943E-03
  0.2729723390943E-03
  0.2729723390943E-03
  0.2729723390943E-03
  0.2729723390943E-03
  0.2729723390943E-03
  0.2729723390943E-03
  0.2729723390943E-03
  0.2729723390943E-03
  0.2729723390943E-03
  0.2729723390943E-03
  0.2729723390943E-03
  0.2729723390943E-03
  0.2729723390943E-03
  0.2729723390943E-03
  0.2729723390943E-03
  0.2729723390943E-03
  0.2729723390943E-03
  0.2729723390943E-03
  0.2729723390943E-03
  0.2729723390943E-03
  0.2729723390943E-03
  0.2729723390943E-03
  0.2729723390943E-03
  0.2729723390943E-03
  0.2729723390943E-03
  0.2729723390943E-03
  0.2729723390943E-03
  0.2729723390943E-03
  0.2729723390943E-03
  0.2729723390943E-03
  0.2729723390943E-03
  0.2729723390943E-03
  0.2729723390943E-03
  0.2729723390943E-03
  0.2729723390943E-03
  0.2729723390943E-03
  0.2729723390943E-03
  0.2729723390943E-03
  0.2729723390943E-03
  0.2729723390943E-03
  0.2729723390943E-03
  0.2729723390943E-03
  0.2729723390943E-03
  0.2729723390943E-03
  0.2729723390943E-03
  0.2729723390943E-03
  0.2729723390943E-03
  0.2729723390943E-03
  0.2729723390943E-03
  0.2729723390943E-03
  0.2729723390943E-03
  0.2729723390943E-03
  0.2729723390943E-03
  0.2729723390943E-03
  0.2729723390943E-03
  0.2729723390943E-03
  0.2729723390943E-03
  0.2729723390943E-03
  0.2729723390943E-03
  0.2729723390943E-03
  0.2729723390943E-03
  0.2729723390943E-03
  0.2729723390943E-03
  0.2729723390943E-03
  0.2729723390943E-03
  0.2729723390943E-03
  0.2729723390943E-03
  0.2729723390943E-03
  0.2729723390943E-03
  0.2729723390943E-03
  0.2729723390943E-03
  0.2729723390943E-03
  0.2729723390943E-03
  0.2729723390943E-03
  0.2729723390943E-03
  0.2729723390943E-03
  0.2729723390943E-03
  0.2729723390943E-03
  0.2729723390943E-03
  0.2729723390943E-03
  0.2729723390943E-03
  0.2729723390943E-03
  0.2729723390943E-03
  0.2729723390943E-03
  0.2729723390943E-03
  0.2729723390943E-03
  0.2729723390943E-03
  0.2729723390943E-03
  0.2729723390943E-03
  0.2729723390943E-03
  0.2729723390943E-03
  0.2729723390943E-03
  0.2729723390943E-03
  0.2729723390943E-03
  0.2729723390943E-03
  0.2729723390943E-03
  0.2729723390943E-03
  0.2729723390943E-03
  0.2729723390943E-03
  0.2729723390943E-03
  0.2729723390943E-03
  0.2729723390943E-03
  0.2729723390943E-03
  0.2729723390943E-03
  0.2729723390943E-03
  0.2729723390943E-03
  0.2729723390943E-03
  0.2729723390943E-03
  0.2729723390943E-03
  0.2729723390943E-03
  0.2729723390943E-03
  0.2729723390943E-03
  0.2729723390943E-03
  0.2729723390943E-03
  0.2729723390943E-03
  0.2729723390943E-03
  0.2729723390943E-03
  0.2729723390943E-03
  0.2729723390943E-03
  0.2729723390943E-03
  0.2729723390943E-03
  0.2729723390943E-03
  0.2729723390943E-03
  0.2729723390943E-03
  0.2729723390943E-03
  0.2729723390943E-03
  0.2729723390943E-03
  0.2729723390943E-03
  0.2729723390943E-03
  0.2729723390943E-03
  0.2729723390943E-03
  0.2729723390943E-03
  0.2729723390943E-03
  0.2729723390943E-03
  0.2729723390943E-03
  0.2729723390943E-03
  0.2729723390943E-03
  0.2729723390943E-03
  0.2729723390943E-03
  0.2729723390943E-03
  0.2729723390943E-03
  0.2729723390943E-03
  0.2729723390943E-03
  0.2729723390943E-03
  0.2729723390943E-03
  0.2729723390943E-03
  0.2729723390943E-03
  0.2729723390943E-03
  0.2729723390943E-03
  0.2729723390943E-03
  0.2729723390943E-03
  0.2729723390943E-03
  0.2729723390943E-03
  0.2729723390943E-03
  0.2729723390943E-03
  0.2729723390943E-03
  0.2729723390943E-03
  0.2729723390943E-03
  0.2729723390943E-03
  0.2729723390943E-03
  0.2729723390943E-03
  0.2729723390943E-03
  0.2729723390943E-03
  0.2729723390943E-03
  0.2729723390943E-03
  0.2729723390943E-03
  0.2729723390943E-03
  0.2729723390943E-03
  0.2729723390943E-03
  0.2729723390943E-03
  0.2729723390943E-03
  0.2729723390943E-03
  0.2729723390943E-03
  0.2729723390943E-03
  0.2729723390943E-03
  0.2729723390943E-03
  0.2729723390943E-03
  0.2729723390943E-03
  0.2729723390943E-03
  0.2729723390943E-03
  0.2729723390943E-03
  0.2729723390943E-03
  0.2729723390943E-03
  0.2729723390943E-03
  0.2729723390943E-03
  0.2729723390943E-03
  0.2729723390943E-03
  0.2729723390943E-03
  0.2729723390943E-03
  0.2729723390943E-03
  0.2729723390943E-03
  0.2729723390943E-03
  0.2729723390943E-03
  0.2729723390943E-03
  0.2729723390943E-03
  0.2729723390943E-03
  0.2729723390943E-03
  0.2729723390943E-03
  0.2729723390943E-03
  0.2729723390943E-03
  0.2729723390943E-03
  0.2729723390943E-03
  0.2729723390943E-03
  0.2729723390943E-03
  0.2729723390943E-03
  0.2729723390943E-03
  0.2729723390943E-03
  0.2729723390943E-03
  0.2729723390943E-03
  0.2729723390943E-03
  0.2729723390943E-03
  0.2729723390943E-03
  0.2729723390943E-03
  0.2729723390943E-03
  0.2729723390943E-03
  0.2729723390943E-03
  0.2729723390943E-03
  0.2729723390943E-03
  0.2729723390943E-03
  0.2729723390943E-03
  0.2729723390943E-03
  0.2729723390943E-03
  0.2729723390943E-03
  0.2729723390943E-03
  0.2729723390943E-03
  0.2729723390943E-03
  0.2729723390943E-03
  0.2729723390943E-03
  0.2729723390943E-03
  0.2729723390943E-03
  0.2729723390943E-03
  0.2729723390943E-03
  0.2729723390943E-03
  0.2729723390943E-03
  0.2729723390943E-03
  0.2729723390943E-03
  0.2729723390943E-03
  0.2729723390943E-03
  0.2729723390943E-03
  0.2729723390943E-03
  0.2729723390943E-03
  0.2729723390943E-03
  0.2729723390943E-03
  0.2729723390943E-03
  0.2729723390943E-03
  0.2729723390943E-03
  0.2729723390943E-03
  0.2729723390943E-03
  0.2729723390943E-03
  0.2729723390943E-03
  0.2729723390943E-03
  0.2729723390943E-03
  0.2729723390943E-03
  0.2729723390943E-03
  0.2729723390943E-03
  0.2729723390943E-03
  0.2729723390943E-03
  0.2729723390943E-03
  0.2729723390943E-03
  0.2729723390943E-03
  0.2729723390943E-03
  0.2729723390943E-03
  0.2729723390943E-03
  0.2729723390943E-03
  0.2729723390943E-03
  0.2729723390943E-03
  0.2729723390943E-03
  0.2729723390943E-03
  0.2729723390943E-03
  0.2729723390943E-03
  0.2729723390943E-03
  0.2729723390943E-03
  0.2729723390943E-03
  0.2729723390943E-03
  0.2729723390943E-03
  0.2729723390943E-03
  0.2729723390943E-03
  0.2729723390943E-03
  0.2729723390943E-03
  0.2729723390943E-03
  0.2729723390943E-03
  0.2729723390943E-03
  0.2729723390943E-03
  0.2729723390943E-03
  0.2729723390943E-03
  0.2729723390943E-03
  0.2729723390943E-03
  0.2729723390943E-03
  0.2729723390943E-03
  0.2729723390943E-03
  0.2729723390943E-03
  0.2729723390943E-03
  0.2729723390943E-03
  0.2729723390943E-03
  0.2729723390943E-03
  0.2729723390943E-03
  0.2729723390943E-03
  0.2729723390943E-03
  0.2729723390943E-03
  0.2729723390943E-03
  0.2729723390943E-03
  0.2729723390943E-03
  0.2729723390943E-03
  0.2729723390943E-03
  0.2729723390943E-03
  0.2729723390943E-03
  0.2729723390943E-03
  0.2729723390943E-03
  0.2729723390943E-03
  0.2729723390943E-03
  0.2729723390943E-03
  0.2729723390943E-03
  0.2729723390943E-03
  0.2729723390943E-03
  0.2729723390943E-03
  0.2729723390943E-03
  0.2729723390943E-03
  0.2729723390943E-03
  0.2729723390943E-03
  0.2729723390943E-03
  0.2729723390943E-03
  0.2729723390943E-03
  0.2729723390943E-03
  0.2729723390943E-03
  0.2729723390943E-03
  0.2729723390943E-03
  0.2729723390943E-03
  0.2729723390943E-03
  0.2729723390943E-03
  0.2729723390943E-03
  0.2729723390943E-03
  0.2729723390943E-03
  0.2729723390943E-03
  0.2729723390943E-03
  0.2729723390943E-03
  0.2729723390943E-03
  0.2729723390943E-03
  0.2729723390943E-03
  0.2729723390943E-03
  0.2729723390943E-03
  0.2729723390943E-03
  0.2729723390943E-03
  0.2729723390943E-03
  0.2729723390943E-03
  0.2729723390943E-03
  0.2729723390943E-03
  0.2729723390943E-03
  0.2729723390943E-03
  0.2729723390943E-03
  0.2729723390943E-03
  0.2729723390943E-03
  0.2729723390943E-03
  0.2729723390943E-03
  0.2729723390943E-03
  0.2729723390943E-03
  0.2729723390943E-03
  0.2729723390943E-03
  0.2729723390943E-03
  0.2729723390943E-03
  0.2729723390943E-03
  0.2729723390943E-03
  0.2729723390943E-03
  0.2729723390943E-03
  0.2729723390943E-03
  0.2729723390943E-03
  0.2729723390943E-03
  0.2729723390943E-03
  0.2729723390943E-03
  0.2729723390943E-03
  0.2729723390943E-03
  0.2729723390943E-03
  0.2729723390943E-03
  0.2729723390943E-03
  0.2729723390943E-03
  0.2729723390943E-03
  0.2729723390943E-03
  0.2729723390943E-03
  0.2729723390943E-03
  0.2729723390943E-03
  0.2729723390943E-03
  0.2729723390943E-03
  0.2729723390943E-03
  0.2729723390943E-03
  0.2729723390943E-03
  0.2729723390943E-03
  0.2729723390943E-03
  0.2729723390943E-03
  0.2729723390943E-03
  0.2729723390943E-03
  0.2729723390943E-03
  0.2729723390943E-03
  0.2729723390943E-03
  0.2729723390943E-03
  0.2729723390943E-03
  0.2729723390943E-03
  0.2729723390943E-03
  0.2729723390943E-03
  0.2729723390943E-03
  0.2729723390943E-03
  0.2729723390943E-03
  0.2729723390943E-03
  0.2729723390943E-03
  0.2729723390943E-03
  0.2729723390943E-03
  0.2729723390943E-03
  0.2729723390943E-03
  0.2729723390943E-03
  0.2729723390943E-03
  0.2729723390943E-03
  0.2729723390943E-03
  0.2729723390943E-03
  0.2729723390943E-03
  0.2729723390943E-03
  0.2729723390943E-03
  0.2729723390943E-03
  0.2729723390943E-03
  0.2729723390943E-03
  0.2729723390943E-03
  0.2729723390943E-03
  0.2729723390943E-03
  0.2729723390943E-03
  0.2729723390943E-03
  0.2729723390943E-03
  0.2729723390943E-03
  0.2729723390943E-03
  0.2729723390943E-03
  0.2729723390943E-03
  0.2729723390943E-03
  0.2729723390943E-03
  0.2729723390943E-03
  0.2729723390943E-03
  0.2729723390943E-03
  0.2729723390943E-03
  0.2729723390943E-03
  0.2729723390943E-03
  0.2729723390943E-03
  0.2729723390943E-03
  0.2729723390943E-03
  0.2729723390943E-03
  0.2729723390943E-03
  0.2729723390943E-03
  0.2729723390943E-03
  0.2729723390943E-03
  0.2729723390943E-03
  0.2729723390943E-03
  0.2729723390943E-03
  0.2729723390943E-03
  0.2729723390943E-03
  0.2729723390943E-03
  0.2729723390943E-03
  0.2729723390943E-03
  0.2729723390943E-03
  0.2729723390943E-03
  0.2729723390943E-03
  0.2729723390943E-03
  0.2729723390943E-03
  0.2729723390943E-03
  0.2729723390943E-03
  0.2729723390943E-03
  0.2729723390943E-03
  0.2729723390943E-03
  0.2729723390943E-03
  0.2729723390943E-03
  0.2729723390943E-03
  0.2729723390943E-03
  0.2729723390943E-03
  0.2729723390943E-03
  0.2729723390943E-03
  0.2729723390943E-03
  0.2729723390943E-03
  0.2729723390943E-03
  0.2729723390943E-03
  0.2729723390943E-03
  0.2729723390943E-03
  0.2729723390943E-03
  0.2729723390943E-03
  0.2729723390943E-03
  0.2729723390943E-03
  0.2729723390943E-03
  0.2729723390943E-03
  0.2729723390943E-03
  0.2729723390943E-03
  0.2729723390943E-03
  0.2729723390943E-03
  0.2729723390943E-03
  0.2729723390943E-03
  0.2729723390943E-03
  0.2729723390943E-03
  0.2729723390943E-03
  0.2729723390943E-03
  0.2729723390943E-03
  0.2729723390943E-03
  0.2729723390943E-03
  0.2729723390943E-03
  0.2729723390943E-03
  0.2729723390943E-03
  0.2729723390943E-03
  0.2729723390943E-03
  0.2729723390943E-03
  0.2729723390943E-03
  0.2729723390943E-03
  0.2729723390943E-03
  0.2729723390943E-03
  0.2729723390943E-03
  0.2729723390943E-03
  0.2729723390943E-03
  0.2729723390943E-03
  0.2729723390943E-03
  0.2729723390943E-03
  0.2729723390943E-03
  0.2729723390943E-03
  0.2729723390943E-03
  0.2729723390943E-03
  0.2729723390943E-03
  0.2729723390943E-03
  0.2729723390943E-03
  0.2729723390943E-03
  0.2729723390943E-03
  0.2729723390943E-03
  0.2729723390943E-03
  0.2729723390943E-03
  0.2729723390943E-03
  0.2729723390943E-03
  0.2729723390943E-03
  0.2729723390943E-03
  0.2729723390943E-03
  0.2729723390943E-03
  0.2729723390943E-03
  0.2729723390943E-03
  0.2729723390943E-03
  0.2729723390943E-03
  0.2729723390943E-03
  0.2729723390943E-03
  0.2729723390943E-03
  0.2729723390943E-03
  0.2729723390943E-03
  0.2729723390943E-03
  0.2729723390943E-03
  0.2729723390943E-03
  0.2729723390943E-03
  0.2729723390943E-03
  0.2729723390943E-03
  0.2729723390943E-03
  0.2729723390943E-03
  0.2729723390943E-03
  0.2729723390943E-03
  0.2729723390943E-03
  0.2729723390943E-03
  0.2729723390943E-03
  0.2729723390943E-03
  0.2729723390943E-03
  0.2729723390943E-03
  0.2729723390943E-03
  0.2729723390943E-03
  0.2729723390943E-03
  0.2729723390943E-03
  0.2729723390943E-03
  0.2729723390943E-03
  0.2729723390943E-03
  0.2729723390943E-03
  0.2729723390943E-03
  0.2729723390943E-03
  0.2729723390943E-03
  0.2729723390943E-03
  0.2729723390943E-03
  0.2729723390943E-03
  0.2729723390943E-03
  0.2729723390943E-03
  0.2729723390943E-03
  0.2729723390943E-03
  0.2729723390943E-03
  0.2729723390943E-03
  0.2729723390943E-03
  0.2729723390943E-03
  0.2729723390943E-03
  0.2729723390943E-03
  0.2729723390943E-03
  0.2729723390943E-03
  0.2729723390943E-03
  0.2729723390943E-03
  0.2729723390943E-03
  0.2729723390943E-03
  0.2729723390943E-03
  0.2729723390943E-03
  0.2729723390943E-03
  0.2729723390943E-03
  0.2729723390943E-03
  0.2729723390943E-03
  0.2729723390943E-03
  0.2729723390943E-03
  0.2729723390943E-03
  0.2729723390943E-03
  0.2729723390943E-03
  0.2729723390943E-03
  0.2729723390943E-03
  0.2729723390943E-03
  0.2729723390943E-03
  0.2729723390943E-03
  0.2729723390943E-03
  0.2729723390943E-03
  0.2729723390943E-03
  0.2729723390943E-03
  0.2729723390943E-03
  0.2729723390943E-03
  0.2729723390943E-03
  0.2729723390943E-03
  0.2729723390943E-03
  0.2729723390943E-03
  0.2729723390943E-03
  0.2729723390943E-03
  0.2729723390943E-03
  0.2729723390943E-03
  0.2729723390943E-03
  0.2729723390943E-03
  0.2729723390943E-03
  0.2729723390943E-03
  0.2729723390943E-03
  0.2729723390943E-03
  0.2729723390943E-03
  0.2729723390943E-03
  0.2729723390943E-03
  0.2729723390943E-03
  0.2729723390943E-03
  0.2729723390943E-03
  0.2729723390943E-03
  0.2729723390943E-03
  0.2729723390943E-03
  0.2729723390943E-03
  0.2729723390943E-03
  0.2729723390943E-03
  0.2729723390943E-03
  0.2729723390943E-03
  0.2729723390943E-03
  0.2729723390943E-03
  0.2729723390943E-03
  0.2729723390943E-03
  0.2729723390943E-03
  0.2729723390943E-03
  0.2729723390943E-03
  0.2729723390943E-03
  0.2729723390943E-03
  0.2729723390943E-03
  0.2729723390943E-03
  0.2729723390943E-03
  0.2729723390943E-03
  0.2729723390943E-03
  0.2729723390943E-03
  0.2729723390943E-03
  0.2729723390943E-03
  0.2729723390943E-03
  0.2729723390943E-03
  0.2729723390943E-03
  0.2729723390943E-03
  0.2729723390943E-03
  0.2729723390943E-03
  0.2729723390943E-03
  0.2729723390943E-03
  0.2729723390943E-03
  0.2729723390943E-03
  0.2729723390943E-03
  0.2729723390943E-03
  0.2729723390943E-03
  0.2729723390943E-03
  0.2729723390943E-03
  0.2729723390943E-03
  0.2729723390943E-03
  0.2729723390943E-03
  0.2729723390943E-03
  0.2729723390943E-03
  0.2729723390943E-03
  0.2729723390943E-03
  0.2729723390943E-03
  0.2729723390943E-03
  0.2729723390943E-03
  0.2729723390943E-03
  0.2729723390943E-03
  0.2729723390943E-03
  0.2729723390943E-03
  0.2729723390943E-03
  0.2729723390943E-03
  0.2729723390943E-03
  0.2729723390943E-03
  0.2729723390943E-03
  0.2729723390943E-03
  0.2729723390943E-03
  0.2729723390943E-03
  0.2729723390943E-03
  0.2729723390943E-03
  0.2729723390943E-03
  0.2729723390943E-03
  0.2729723390943E-03
  0.2729723390943E-03
  0.2729723390943E-03
  0.2729723390943E-03
  0.2729723390943E-03
  0.2729723390943E-03
  0.2729723390943E-03
  0.2729723390943E-03
  0.2729723390943E-03
  0.2729723390943E-03
  0.2729723390943E-03
  0.2729723390943E-03
  0.2729723390943E-03
  0.2729723390943E-03
  0.2729723390943E-03
  0.2729723390943E-03
  0.2729723390943E-03
  0.2729723390943E-03
  0.2729723390943E-03
  0.2729723390943E-03
  0.2729723390943E-03
  0.2729723390943E-03
  0.2729723390943E-03
  0.2729723390943E-03
  0.2729723390943E-03
  0.2729723390943E-03
  0.2729723390943E-03
  0.2729723390943E-03
  0.2729723390943E-03
  0.2729723390943E-03
  0.2729723390943E-03
  0.2729723390943E-03
  0.2729723390943E-03
  0.2729723390943E-03
  0.2729723390943E-03
  0.2729723390943E-03
  0.2729723390943E-03
  0.2729723390943E-03
  0.2729723390943E-03
  0.2729723390943E-03
  0.2729723390943E-03
  0.2729723390943E-03
  0.2729723390943E-03
  0.2729723390943E-03
  0.2729723390943E-03
  0.2729723390943E-03
  0.2729723390943E-03
  0.2729723390943E-03
  0.2729723390943E-03
  0.2729723390943E-03
  0.2729723390943E-03
  0.2729723390943E-03
  0.2729723390943E-03
  0.2729723390943E-03
  0.2729723390943E-03
  0.2729723390943E-03
  0.2729723390943E-03
  0.2729723390943E-03
  0.2729723390943E-03
  0.2729723390943E-03
  0.2729723390943E-03
  0.2729723390943E-03
  0.2729723390943E-03
  0.2729723390943E-03
  0.2729723390943E-03
  0.2729723390943E-03
  0.2729723390943E-03
  0.2729723390943E-03
  0.2729723390943E-03
  0.2729723390943E-03
  0.2729723390943E-03
  0.2729723390943E-03
  0.2729723390943E-03
  0.2729723390943E-03
  0.2729723390943E-03
  0.2729723390943E-03
  0.2729723390943E-03
  0.2729723390943E-03
  0.2729723390943E-03
  0.2729723390943E-03
  0.2729723390943E-03
  0.2729723390943E-03
  0.2729723390943E-03
  0.2729723390943E-03
  0.2729723390943E-03
  0.2729723390943E-03
  0.2729723390943E-03
  0.2729723390943E-03
  0.2729723390943E-03
  0.2729723390943E-03
  0.2729723390943E-03
  0.2729723390943E-03
  0.2729723390943E-03
  0.2729723390943E-03
  0.2729723390943E-03
  0.2729723390943E-03
  0.2729723390943E-03
  0.2729723390943E-03
  0.2729723390943E-03
  0.2729723390943E-03
  0.2729723390943E-03
  0.2729723390943E-03
  0.2729723390943E-03
  0.2729723390943E-03
  0.2729723390943E-03
  0.2729723390943E-03
  0.2729723390943E-03
  0.2729723390943E-03
  0.2729723390943E-03
  0.2729723390943E-03
  0.2729723390943E-03
  0.2729723390943E-03
  0.2729723390943E-03
  0.2729723390943E-03
  0.2729723390943E-03
  0.2729723390943E-03
  0.2729723390943E-03
  0.2729723390943E-03
  0.2729723390943E-03
  0.2729723390943E-03
  0.2729723390943E-03
  0.2729723390943E-03
  0.2729723390943E-03
  0.2729723390943E-03
  0.2729723390943E-03
  0.2729723390943E-03
  0.2729723390943E-03
  0.2729723390943E-03
  0.2729723390943E-03
  0.2729723390943E-03
  0.2729723390943E-03
  0.2729723390943E-03
  0.2729723390943E-03
  0.2729723390943E-03
  0.2729723390943E-03
  0.2729723390943E-03
  0.2729723390943E-03
  0.2729723390943E-03
  0.2729723390943E-03
  0.2729723390943E-03
  0.2729723390943E-03
  0.2729723390943E-03
  0.2729723390943E-03
  0.2729723390943E-03
  0.2729723390943E-03
  0.2729723390943E-03
  0.2729723390943E-03
  0.2729723390943E-03
  0.2729723390943E-03
  0.2729723390943E-03
  0.2729723390943E-03
  0.2729723390943E-03
  0.2729723390943E-03
  0.2729723390943E-03
  0.2729723390943E-03
  0.2729723390943E-03
  0.2729723390943E-03
  0.2729723390943E-03
  0.2729723390943E-03
  0.2729723390943E-03
  0.2729723390943E-03
  0.2729723390943E-03
  0.2729723390943E-03
  0.2729723390943E-03
  0.2729723390943E-03
  0.2729723390943E-03
  0.2729723390943E-03
  0.2729723390943E-03
  0.2729723390943E-03
  0.2729723390943E-03
  0.2729723390943E-03
  0.2729723390943E-03
  0.2729723390943E-03
  0.2729723390943E-03
  0.2729723390943E-03
  0.2729723390943E-03
  0.2729723390943E-03
  0.2729723390943E-03
  0.2729723390943E-03
  0.2729723390943E-03
  0.2729723390943E-03
  0.2729723390943E-03
  0.2729723390943E-03
  0.2729723390943E-03
  0.2729723390943E-03
  0.2729723390943E-03
  0.2729723390943E-03
  0.2729723390943E-03
  0.2729723390943E-03
  0.2729723390943E-03
  0.2729723390943E-03
  0.2729723390943E-03
  0.2729723390943E-03
  0.2729723390943E-03
  0.2729723390943E-03
  0.2729723390943E-03
  0.2729723390943E-03
  0.2729723390943E-03
  0.2729723390943E-03
  0.2729723390943E-03
  0.2729723390943E-03
  0.2729723390943E-03
  0.2729723390943E-03
  0.2729723390943E-03
  0.2729723390943E-03
  0.2729723390943E-03
  0.2729723390943E-03
  0.2729723390943E-03
  0.2729723390943E-03
  0.2729723390943E-03
  0.2729723390943E-03
  0.2729723390943E-03
  0.2729723390943E-03
  0.2729723390943E-03
  0.2729723390943E-03
  0.2729723390943E-03
  0.2729723390943E-03
  0.2729723390943E-03
  0.2729723390943E-03
  0.2729723390943E-03
  0.2729723390943E-03
  0.2729723390943E-03
  0.2729723390943E-03
  0.2729723390943E-03
  0.2729723390943E-03
  0.2729723390943E-03
  0.2729723390943E-03
  0.2729723390943E-03
  0.2729723390943E-03
  0.2729723390943E-03
  0.2729723390943E-03
  0.2729723390943E-03
  0.2729723390943E-03
  0.2729723390943E-03
  0.2729723390943E-03
  0.2729723390943E-03
  0.2729723390943E-03
  0.2729723390943E-03
  0.2729723390943E-03
  0.2729723390943E-03
  0.2729723390943E-03
  0.2729723390943E-03
  0.2729723390943E-03
  0.2729723390943E-03
  0.2729723390943E-03
  0.2729723390943E-03
  0.2729723390943E-03
  0.2729723390943E-03
  0.2729723390943E-03
  0.2729723390943E-03
  0.2729723390943E-03
  0.2729723390943E-03
  0.2729723390943E-03
  0.2729723390943E-03
  0.2729723390943E-03
  0.2729723390943E-03
  0.2729723390943E-03
  0.2729723390943E-03
  0.2729723390943E-03
  0.2729723390943E-03
  0.2729723390943E-03
  0.2729723390943E-03
  0.2729723390943E-03
  0.2729723390943E-03
  0.2729723390943E-03
  0.2729723390943E-03
  0.2729723390943E-03
  0.2729723390943E-03
  0.2729723390943E-03
  0.2729723390943E-03
  0.2729723390943E-03
  0.2729723390943E-03
  0.2729723390943E-03
  0.2729723390943E-03
  0.2729723390943E-03
  0.2729723390943E-03
  0.2729723390943E-03
  0.2729723390943E-03
  0.2729723390943E-03
  0.2729723390943E-03
  0.2729723390943E-03
  0.2729723390943E-03
  0.2729723390943E-03
  0.2729723390943E-03
  0.2729723390943E-03
  0.2729723390943E-03
  0.2729723390943E-03
  0.2729723390943E-03
  0.2729723390943E-03
  0.2729723390943E-03
  0.2729723390943E-03
  0.2729723390943E-03
  0.2729723390943E-03
  0.2729723390943E-03
  0.2729723390943E-03
  0.2729723390943E-03
  0.2729723390943E-03
  0.2729723390943E-03
  0.2729723390943E-03
  0.2729723390943E-03
  0.2729723390943E-03
  0.2729723390943E-03
  0.2729723390943E-03
  0.2729723390943E-03
  0.2729723390943E-03
  0.2729723390943E-03
  0.2729723390943E-03
  0.2729723390943E-03
  0.2729723390943E-03
  0.2729723390943E-03
  0.2729723390943E-03
  0.2729723390943E-03
  0.2729723390943E-03
  0.2729723390943E-03
  0.2729723390943E-03
  0.2729723390943E-03
  0.2729723390943E-03
  0.2729723390943E-03
  0.2729723390943E-03
  0.2729723390943E-03
  0.2729723390943E-03
  0.2729723390943E-03
  0.2729723390943E-03
  0.2729723390943E-03
  0.2729723390943E-03
  0.2729723390943E-03
  0.2729723390943E-03
  0.2729723390943E-03
  0.2729723390943E-03
  0.2729723390943E-03
  0.2729723390943E-03
  0.2729723390943E-03
  0.2729723390943E-03
  0.2729723390943E-03
  0.2729723390943E-03
  0.2729723390943E-03
  0.2729723390943E-03
  0.2729723390943E-03
  0.2729723390943E-03
  0.2729723390943E-03
  0.2729723390943E-03
  0.2729723390943E-03
  0.2729723390943E-03
  0.2729723390943E-03
  0.2729723390943E-03
  0.2729723390943E-03
  0.2729723390943E-03
  0.2729723390943E-03
  0.2729723390943E-03
  0.2729723390943E-03
  0.2729723390943E-03
  0.2729723390943E-03
  0.2729723390943E-03
  0.2729723390943E-03
  0.2729723390943E-03
  0.2729723390943E-03
  0.2729723390943E-03
  0.2729723390943E-03
  0.2729723390943E-03
  0.2729723390943E-03
  0.2729723390943E-03
  0.2729723390943E-03
  0.2729723390943E-03
  0.2729723390943E-03
  0.2729723390943E-03
  0.2729723390943E-03
  0.2729723390943E-03
  0.2729723390943E-03
  0.2729723390943E-03
  0.2729723390943E-03
  0.2729723390943E-03
  0.2729723390943E-03
  0.2729723390943E-03
  0.2729723390943E-03
  0.2729723390943E-03
  0.2729723390943E-03
  0.2729723390943E-03
  0.2729723390943E-03
  0.2729723390943E-03
  0.2729723390943E-03
  0.2729723390943E-03
  0.2729723390943E-03
  0.2729723390943E-03
  0.2729723390943E-03
  0.2729723390943E-03
  0.2729723390943E-03
  0.2729723390943E-03
  0.2729723390943E-03
  0.2729723390943E-03
  0.2729723390943E-03
  0.2729723390943E-03
  0.2729723390943E-03
  0.2729723390943E-03
  0.2729723390943E-03
  0.2729723390943E-03
  0.2729723390943E-03
  0.2729723390943E-03
  0.2729723390943E-03
  0.2729723390943E-03
  0.2729723390943E-03
  0.2729723390943E-03
  0.2729723390943E-03
  0.2729723390943E-03
  0.2729723390943E-03
  0.2729723390943E-03
  0.2729723390943E-03
  0.2729723390943E-03
  0.2729723390943E-03
  0.2729723390943E-03
  0.2729723390943E-03
  0.2729723390943E-03
  0.2729723390943E-03
  0.2729723390943E-03
  0.2729723390943E-03
  0.2729723390943E-03
  0.2729723390943E-03
  0.2729723390943E-03
  0.2729723390943E-03
  0.2729723390943E-03
  0.2729723390943E-03
  0.2729723390943E-03
  0.2729723390943E-03
  0.2729723390943E-03
  0.2729723390943E-03
  0.2729723390943E-03
  0.2729723390943E-03
  0.2729723390943E-03
  0.2729723390943E-03
  0.2729723390943E-03
  0.2729723390943E-03
  0.2729723390943E-03
  0.2729723390943E-03
  0.2729723390943E-03
  0.2729723390943E-03
  0.2729723390943E-03
  0.2729723390943E-03
  0.2729723390943E-03
  0.2729723390943E-03
  0.2729723390943E-03
  0.2729723390943E-03
  0.2729723390943E-03
  0.2729723390943E-03
  0.2729723390943E-03
  0.2729723390943E-03
  0.2729723390943E-03
  0.2729723390943E-03
  0.2729723390943E-03
  0.2729723390943E-03
  0.2729723390943E-03
  0.2729723390943E-03
  0.2729723390943E-03
  0.2729723390943E-03
  0.2729723390943E-03
  0.2729723390943E-03
  0.2729723390943E-03
  0.2729723390943E-03
  0.2729723390943E-03
  0.2729723390943E-03
  0.2729723390943E-03
  0.2729723390943E-03
  0.2729723390943E-03
  0.2729723390943E-03
  0.2729723390943E-03
  0.2729723390943E-03
  0.2729723390943E-03
  0.2729723390943E-03
  0.2729723390943E-03
  0.2729723390943E-03
  0.2729723390943E-03
  0.2729723390943E-03
  0.2729723390943E-03
  0.2729723390943E-03
  0.2729723390943E-03
  0.2729723390943E-03
  0.2729723390943E-03
  0.2729723390943E-03
  0.2729723390943E-03
  0.2729723390943E-03
  0.2729723390943E-03
  0.2729723390943E-03
  0.2729723390943E-03
  0.2729723390943E-03
  0.2729723390943E-03
  0.2729723390943E-03
  0.2729723390943E-03
  0.2729723390943E-03
  0.2729723390943E-03
  0.2729723390943E-03
  0.2729723390943E-03
  0.2729723390943E-03
  0.2729723390943E-03
  0.2729723390943E-03
  0.2729723390943E-03
  0.2729723390943E-03
  0.2729723390943E-03
  0.2729723390943E-03
  0.2729723390943E-03
  0.2729723390943E-03
  0.2729723390943E-03
  0.2729723390943E-03
  0.2729723390943E-03
  0.2729723390943E-03
  0.2729723390943E-03
  0.2729723390943E-03
  0.2729723390943E-03
  0.2729723390943E-03
  0.2729723390943E-03
  0.2729723390943E-03
  0.2729723390943E-03
  0.2729723390943E-03
  0.2729723390943E-03
  0.2729723390943E-03
  0.2729723390943E-03
  0.2729723390943E-03
  0.2729723390943E-03
  0.2729723390943E-03
  0.2729723390943E-03
  0.2729723390943E-03
  0.2729723390943E-03
  0.2729723390943E-03
  0.2729723390943E-03
  0.2729723390943E-03
  0.2729723390943E-03
  0.2729723390943E-03
  0.2729723390943E-03
  0.2729723390943E-03
  0.2729723390943E-03
  0.2729723390943E-03
  0.2729723390943E-03
  0.2729723390943E-03
  0.2729723390943E-03
  0.2729723390943E-03
  0.2729723390943E-03
  0.2729723390943E-03
  0.2729723390943E-03
  0.2729723390943E-03
  0.2729723390943E-03
  0.2729723390943E-03
  0.2729723390943E-03
  0.2729723390943E-03
  0.2729723390943E-03
  0.2729723390943E-03
  0.2729723390943E-03
  0.2729723390943E-03
  0.2729723390943E-03
  0.2729723390943E-03
  0.2729723390943E-03
  0.2729723390943E-03
  0.2729723390943E-03
  0.2729723390943E-03
  0.2729723390943E-03
  0.2729723390943E-03
  0.2729723390943E-03
  0.2729723390943E-03
  0.2729723390943E-03
  0.2729723390943E-03
  0.2729723390943E-03
  0.2729723390943E-03
  0.2729723390943E-03
  0.2729723390943E-03
  0.2729723390943E-03
  0.2729723390943E-03
  0.2729723390943E-03
  0.2729723390943E-03
  0.2729723390943E-03
  0.2729723390943E-03
  0.2729723390943E-03
  0.2729723390943E-03
  0.2729723390943E-03
  0.0000000000000E+00
 -0.2981331183713E-06
 -0.3408600930732E-06
 -0.3627077468853E-06
 -0.3475626303947E-06
  0.0000000000000E+00
 -0.3863826467912E-06
 -0.3626870961359E-06
 -0.2833512476887E-06
 -0.3120389568315E-06
  0.0000000000000E+00
  0.0000000000000E+00
  0.0000000000000E+00
  0.0000000000000E+00
  0.0000000000000E+00
  0.0000000000000E+00
  0.0000000000000E+00
  0.0000000000000E+00
  0.0000000000000E+00
  0.0000000000000E+00
  0.0000000000000E+00
  0.0000000000000E+00
  0.0000000000000E+00
  0.0000000000000E+00
  0.0000000000000E+00
  0.0000000000000E+00
  0.0000000000000E+00
  0.0000000000000E+00
  0.0000000000000E+00
  0.0000000000000E+00
  0.0000000000000E+00
  0.0000000000000E+00
  0.0000000000000E+00
  0.0000000000000E+00
  0.0000000000000E+00
  0.0000000000000E+00
  0.0000000000000E+00
  0.0000000000000E+00
  0.0000000000000E+00
  0.0000000000000E+00
  0.0000000000000E+00
  0.0000000000000E+00
  0.0000000000000E+00
  0.0000000000000E+00
  0.0000000000000E+00
  0.0000000000000E+00
  0.0000000000000E+00
  0.0000000000000E+00
  0.0000000000000E+00
  0.0000000000000E+00
  0.0000000000000E+00
  0.0000000000000E+00
  0.0000000000000E+00
  0.0000000000000E+00
  0.0000000000000E+00
  0.0000000000000E+00
  0.0000000000000E+00
  0.0000000000000E+00
  0.0000000000000E+00
  0.0000000000000E+00
  0.0000000000000E+00
  0.0000000000000E+00
  0.0000000000000E+00
  0.0000000000000E+00
  0.0000000000000E+00
  0.0000000000000E+00
  0.0000000000000E+00
  0.0000000000000E+00
  0.0000000000000E+00
  0.0000000000000E+00
  0.0000000000000E+00
  0.0000000000000E+00
  0.0000000000000E+00
  0.0000000000000E+00
  0.0000000000000E+00
  0.0000000000000E+00
  0.0000000000000E+00
  0.0000000000000E+00
  0.0000000000000E+00
  0.0000000000000E+00
  0.0000000000000E+00
  0.0000000000000E+00
  0.0000000000000E+00
  0.0000000000000E+00
  0.0000000000000E+00
  0.0000000000000E+00
  0.0000000000000E+00
  0.0000000000000E+00
  0.0000000000000E+00
  0.0000000000000E+00
  0.0000000000000E+00
  0.0000000000000E+00
  0.0000000000000E+00
  0.0000000000000E+00
  0.0000000000000E+00
  0.0000000000000E+00
  0.0000000000000E+00
  0.0000000000000E+00
  0.0000000000000E+00
  0.0000000000000E+00
  0.0000000000000E+00
  0.0000000000000E+00
  0.0000000000000E+00
  0.0000000000000E+00
  0.0000000000000E+00
  0.0000000000000E+00
  0.0000000000000E+00
  0.0000000000000E+00
  0.0000000000000E+00
  0.0000000000000E+00
  0.0000000000000E+00
  0.0000000000000E+00
  0.0000000000000E+00
  0.0000000000000E+00
  0.0000000000000E+00
  0.0000000000000E+00
  0.0000000000000E+00
  0.0000000000000E+00
  0.0000000000000E+00
  0.0000000000000E+00
  0.0000000000000E+00
  0.0000000000000E+00
  0.0000000000000E+00
  0.0000000000000E+00
  0.0000000000000E+00
  0.0000000000000E+00
  0.0000000000000E+00
  0.0000000000000E+00
  0.0000000000000E+00
  0.0000000000000E+00
  0.0000000000000E+00
  0.0000000000000E+00
  0.0000000000000E+00
  0.0000000000000E+00
  0.0000000000000E+00
  0.0000000000000E+00
  0.0000000000000E+00
  0.0000000000000E+00
  0.0000000000000E+00
  0.0000000000000E+00
  0.0000000000000E+00
  0.0000000000000E+00
  0.0000000000000E+00
  0.0000000000000E+00
  0.0000000000000E+00
  0.0000000000000E+00
  0.0000000000000E+00
  0.0000000000000E+00
  0.0000000000000E+00
  0.0000000000000E+00
  0.0000000000000E+00
  0.0000000000000E+00
  0.0000000000000E+00
  0.0000000000000E+00
  0.0000000000000E+00
  0.0000000000000E+00
  0.0000000000000E+00
  0.0000000000000E+00
  0.0000000000000E+00
  0.0000000000000E+00
  0.0000000000000E+00
  0.0000000000000E+00
  0.0000000000000E+00
  0.0000000000000E+00
  0.0000000000000E+00
  0.0000000000000E+00
  0.0000000000000E+00
  0.0000000000000E+00
  0.0000000000000E+00
  0.0000000000000E+00
  0.0000000000000E+00
  0.0000000000000E+00
  0.0000000000000E+00
  0.0000000000000E+00
  0.0000000000000E+00
  0.0000000000000E+00
  0.0000000000000E+00
  0.0000000000000E+00
  0.0000000000000E+00
  0.0000000000000E+00
  0.0000000000000E+00
  0.0000000000000E+00
  0.0000000000000E+00
  0.0000000000000E+00
  0.0000000000000E+00
  0.0000000000000E+00
  0.0000000000000E+00
  0.0000000000000E+00
  0.0000000000000E+00
  0.0000000000000E+00
  0.0000000000000E+00
  0.0000000000000E+00
  0.0000000000000E+00
  0.0000000000000E+00
  0.0000000000000E+00
  0.0000000000000E+00
  0.0000000000000E+00
  0.0000000000000E+00
  0.0000000000000E+00
  0.0000000000000E+00
  0.0000000000000E+00
  0.0000000000000E+00
  0.0000000000000E+00
  0.0000000000000E+00
  0.0000000000000E+00
  0.0000000000000E+00
  0.0000000000000E+00
  0.0000000000000E+00
  0.0000000000000E+00
  0.0000000000000E+00
  0.0000000000000E+00
  0.0000000000000E+00
  0.0000000000000E+00
  0.0000000000000E+00
  0.0000000000000E+00
  0.0000000000000E+00
  0.0000000000000E+00
  0.0000000000000E+00
  0.0000000000000E+00
  0.0000000000000E+00
  0.0000000000000E+00
  0.0000000000000E+00
  0.0000000000000E+00
  0.0000000000000E+00
  0.0000000000000E+00
  0.0000000000000E+00
  0.0000000000000E+00
  0.0000000000000E+00
  0.0000000000000E+00
  0.0000000000000E+00
  0.0000000000000E+00
  0.0000000000000E+00
  0.0000000000000E+00
  0.0000000000000E+00
  0.0000000000000E+00
  0.0000000000000E+00
  0.0000000000000E+00
  0.0000000000000E+00
  0.0000000000000E+00
  0.0000000000000E+00
  0.0000000000000E+00
  0.0000000000000E+00
  0.0000000000000E+00
  0.0000000000000E+00
  0.0000000000000E+00
  0.0000000000000E+00
  0.0000000000000E+00
  0.0000000000000E+00
  0.0000000000000E+00
  0.0000000000000E+00
  0.0000000000000E+00
  0.0000000000000E+00
  0.0000000000000E+00
  0.0000000000000E+00
  0.0000000000000E+00
  0.0000000000000E+00
  0.0000000000000E+00
  0.0000000000000E+00
  0.0000000000000E+00
  0.0000000000000E+00
  0.0000000000000E+00
  0.0000000000000E+00
  0.0000000000000E+00
  0.0000000000000E+00
  0.0000000000000E+00
  0.0000000000000E+00
  0.0000000000000E+00
  0.0000000000000E+00
  0.0000000000000E+00
  0.0000000000000E+00
  0.0000000000000E+00
  0.0000000000000E+00
  0.0000000000000E+00
  0.0000000000000E+00
  0.0000000000000E+00
  0.0000000000000E+00
  0.0000000000000E+00
  0.0000000000000E+00
  0.0000000000000E+00
  0.0000000000000E+00
  0.0000000000000E+00
  0.0000000000000E+00
  0.0000000000000E+00
  0.0000000000000E+00
  0.0000000000000E+00
  0.0000000000000E+00
  0.0000000000000E+00
  0.0000000000000E+00
  0.0000000000000E+00
  0.0000000000000E+00
  0.0000000000000E+00
  0.0000000000000E+00
  0.0000000000000E+00
  0.0000000000000E+00
  0.0000000000000E+00
  0.0000000000000E+00
  0.0000000000000E+00
  0.0000000000000E+00
  0.0000000000000E+00
  0.0000000000000E+00
  0.0000000000000E+00
  0.0000000000000E+00
  0.0000000000000E+00
  0.0000000000000E+00
  0.0000000000000E+00
  0.0000000000000E+00
  0.0000000000000E+00
  0.0000000000000E+00
  0.0000000000000E+00
  0.0000000000000E+00
  0.0000000000000E+00
  0.0000000000000E+00
  0.0000000000000E+00
  0.0000000000000E+00
  0.0000000000000E+00
  0.0000000000000E+00
  0.0000000000000E+00
  0.0000000000000E+00
  0.0000000000000E+00
  0.0000000000000E+00
  0.0000000000000E+00
  0.0000000000000E+00
  0.0000000000000E+00
  0.0000000000000E+00
  0.0000000000000E+00
  0.0000000000000E+00
  0.0000000000000E+00
  0.0000000000000E+00
  0.0000000000000E+00
  0.0000000000000E+00
  0.0000000000000E+00
  0.0000000000000E+00
  0.0000000000000E+00
  0.0000000000000E+00
  0.0000000000000E+00
  0.0000000000000E+00
  0.0000000000000E+00
  0.0000000000000E+00
  0.0000000000000E+00
  0.0000000000000E+00
  0.0000000000000E+00
  0.0000000000000E+00
  0.0000000000000E+00
  0.0000000000000E+00
  0.0000000000000E+00
  0.0000000000000E+00
  0.0000000000000E+00
  0.0000000000000E+00
  0.0000000000000E+00
  0.0000000000000E+00
  0.0000000000000E+00
  0.0000000000000E+00
  0.0000000000000E+00
  0.0000000000000E+00
  0.0000000000000E+00
  0.0000000000000E+00
  0.0000000000000E+00
  0.0000000000000E+00
  0.0000000000000E+00
  0.0000000000000E+00
  0.0000000000000E+00
  0.0000000000000E+00
  0.0000000000000E+00
  0.0000000000000E+00
  0.0000000000000E+00
  0.0000000000000E+00
  0.0000000000000E+00
  0.0000000000000E+00
  0.0000000000000E+00
  0.0000000000000E+00
  0.0000000000000E+00
  0.0000000000000E+00
  0.0000000000000E+00
  0.0000000000000E+00
  0.0000000000000E+00
  0.0000000000000E+00
  0.0000000000000E+00
  0.0000000000000E+00
  0.0000000000000E+00
  0.0000000000000E+00
  0.0000000000000E+00
  0.0000000000000E+00
  0.0000000000000E+00
  0.0000000000000E+00
  0.0000000000000E+00
  0.0000000000000E+00
  0.0000000000000E+00
  0.0000000000000E+00
  0.0000000000000E+00
  0.0000000000000E+00
  0.0000000000000E+00
  0.0000000000000E+00
  0.0000000000000E+00
  0.0000000000000E+00
  0.0000000000000E+00
  0.0000000000000E+00
  0.0000000000000E+00
  0.0000000000000E+00
  0.0000000000000E+00
  0.0000000000000E+00
  0.0000000000000E+00
  0.0000000000000E+00
  0.0000000000000E+00
  0.0000000000000E+00
  0.0000000000000E+00
  0.0000000000000E+00
  0.0000000000000E+00
  0.0000000000000E+00
  0.0000000000000E+00
  0.0000000000000E+00
  0.0000000000000E+00
  0.0000000000000E+00
  0.0000000000000E+00
  0.0000000000000E+00
  0.0000000000000E+00
  0.0000000000000E+00
  0.0000000000000E+00
  0.0000000000000E+00
  0.0000000000000E+00
  0.0000000000000E+00
  0.0000000000000E+00
  0.0000000000000E+00
  0.0000000000000E+00
  0.0000000000000E+00
  0.0000000000000E+00
  0.0000000000000E+00
  0.0000000000000E+00
  0.0000000000000E+00
  0.0000000000000E+00
  0.0000000000000E+00
  0.0000000000000E+00
  0.0000000000000E+00
  0.0000000000000E+00
  0.0000000000000E+00
  0.0000000000000E+00
  0.0000000000000E+00
  0.0000000000000E+00
  0.0000000000000E+00
  0.0000000000000E+00
  0.0000000000000E+00
  0.0000000000000E+00
  0.0000000000000E+00
  0.0000000000000E+00
  0.0000000000000E+00
  0.0000000000000E+00
  0.0000000000000E+00
  0.0000000000000E+00
  0.0000000000000E+00
  0.0000000000000E+00
  0.0000000000000E+00
  0.0000000000000E+00
  0.0000000000000E+00
  0.0000000000000E+00
  0.0000000000000E+00
  0.0000000000000E+00
  0.0000000000000E+00
  0.0000000000000E+00
  0.0000000000000E+00
  0.0000000000000E+00
  0.0000000000000E+00
  0.0000000000000E+00
  0.0000000000000E+00
  0.0000000000000E+00
  0.0000000000000E+00
  0.0000000000000E+00
  0.0000000000000E+00
  0.0000000000000E+00
  0.0000000000000E+00
  0.0000000000000E+00
  0.0000000000000E+00
  0.0000000000000E+00
  0.0000000000000E+00
  0.0000000000000E+00
  0.0000000000000E+00
  0.0000000000000E+00
  0.0000000000000E+00
  0.0000000000000E+00
  0.0000000000000E+00
  0.0000000000000E+00
  0.0000000000000E+00
  0.0000000000000E+00
  0.0000000000000E+00
  0.0000000000000E+00
  0.0000000000000E+00
  0.0000000000000E+00
  0.0000000000000E+00
  0.0000000000000E+00
  0.0000000000000E+00
  0.0000000000000E+00
  0.0000000000000E+00
  0.0000000000000E+00
  0.0000000000000E+00
  0.0000000000000E+00
  0.0000000000000E+00
  0.0000000000000E+00
  0.0000000000000E+00
  0.0000000000000E+00
  0.0000000000000E+00
  0.0000000000000E+00
  0.0000000000000E+00
  0.0000000000000E+00
  0.0000000000000E+00
  0.0000000000000E+00
  0.0000000000000E+00
  0.0000000000000E+00
  0.0000000000000E+00
  0.0000000000000E+00
  0.0000000000000E+00
  0.0000000000000E+00
  0.0000000000000E+00
  0.0000000000000E+00
  0.0000000000000E+00
  0.0000000000000E+00
  0.0000000000000E+00
  0.0000000000000E+00
  0.0000000000000E+00
  0.0000000000000E+00
  0.0000000000000E+00
  0.0000000000000E+00
  0.0000000000000E+00
  0.0000000000000E+00
  0.0000000000000E+00
  0.0000000000000E+00
  0.0000000000000E+00
  0.0000000000000E+00
  0.0000000000000E+00
  0.0000000000000E+00
  0.0000000000000E+00
  0.0000000000000E+00
  0.0000000000000E+00
  0.0000000000000E+00
  0.0000000000000E+00
  0.0000000000000E+00
  0.0000000000000E+00
  0.0000000000000E+00
  0.0000000000000E+00
  0.0000000000000E+00
  0.0000000000000E+00
  0.0000000000000E+00
  0.0000000000000E+00
  0.0000000000000E+00
  0.0000000000000E+00
  0.0000000000000E+00
  0.0000000000000E+00
  0.0000000000000E+00
  0.0000000000000E+00
  0.0000000000000E+00
  0.0000000000000E+00
  0.0000000000000E+00
  0.0000000000000E+00
  0.0000000000000E+00
  0.0000000000000E+00
  0.0000000000000E+00
  0.0000000000000E+00
  0.0000000000000E+00
  0.0000000000000E+00
  0.0000000000000E+00
  0.0000000000000E+00
  0.0000000000000E+00
  0.0000000000000E+00
  0.0000000000000E+00
  0.0000000000000E+00
  0.0000000000000E+00
  0.0000000000000E+00
  0.0000000000000E+00
  0.0000000000000E+00
  0.0000000000000E+00
  0.0000000000000E+00
  0.0000000000000E+00
  0.0000000000000E+00
  0.0000000000000E+00
  0.0000000000000E+00
  0.0000000000000E+00
  0.0000000000000E+00
  0.0000000000000E+00
  0.0000000000000E+00
  0.0000000000000E+00
  0.0000000000000E+00
  0.0000000000000E+00
  0.0000000000000E+00
  0.0000000000000E+00
  0.0000000000000E+00
  0.0000000000000E+00
  0.0000000000000E+00
  0.0000000000000E+00
  0.0000000000000E+00
  0.0000000000000E+00
  0.0000000000000E+00
  0.0000000000000E+00
  0.0000000000000E+00
  0.0000000000000E+00
  0.0000000000000E+00
  0.0000000000000E+00
  0.0000000000000E+00
  0.0000000000000E+00
  0.0000000000000E+00
  0.0000000000000E+00
  0.0000000000000E+00
  0.0000000000000E+00
  0.0000000000000E+00
  0.0000000000000E+00
  0.0000000000000E+00
  0.0000000000000E+00
  0.0000000000000E+00
  0.0000000000000E+00
  0.0000000000000E+00
  0.0000000000000E+00
  0.0000000000000E+00
  0.0000000000000E+00
  0.0000000000000E+00
  0.0000000000000E+00
  0.0000000000000E+00
  0.0000000000000E+00
  0.0000000000000E+00
  0.0000000000000E+00
  0.0000000000000E+00
  0.0000000000000E+00
  0.0000000000000E+00
  0.0000000000000E+00
  0.0000000000000E+00
  0.0000000000000E+00
  0.0000000000000E+00
  0.0000000000000E+00
  0.0000000000000E+00
  0.0000000000000E+00
  0.0000000000000E+00
  0.0000000000000E+00
  0.0000000000000E+00
  0.0000000000000E+00
  0.0000000000000E+00
  0.0000000000000E+00
  0.0000000000000E+00
  0.0000000000000E+00
  0.0000000000000E+00
  0.0000000000000E+00
  0.0000000000000E+00
  0.0000000000000E+00
  0.0000000000000E+00
  0.0000000000000E+00
  0.0000000000000E+00
  0.0000000000000E+00
  0.0000000000000E+00
  0.0000000000000E+00
  0.0000000000000E+00
  0.0000000000000E+00
  0.0000000000000E+00
  0.0000000000000E+00
  0.0000000000000E+00
  0.0000000000000E+00
  0.0000000000000E+00
  0.0000000000000E+00
  0.0000000000000E+00
  0.0000000000000E+00
  0.0000000000000E+00
  0.0000000000000E+00
  0.0000000000000E+00
  0.0000000000000E+00
  0.0000000000000E+00
  0.0000000000000E+00
  0.0000000000000E+00
  0.0000000000000E+00
  0.0000000000000E+00
  0.0000000000000E+00
  0.0000000000000E+00
  0.0000000000000E+00
  0.0000000000000E+00
  0.0000000000000E+00
  0.0000000000000E+00
  0.0000000000000E+00
  0.0000000000000E+00
  0.0000000000000E+00
  0.0000000000000E+00
  0.0000000000000E+00
  0.0000000000000E+00
  0.0000000000000E+00
  0.0000000000000E+00
  0.0000000000000E+00
  0.0000000000000E+00
  0.0000000000000E+00
  0.0000000000000E+00
  0.0000000000000E+00
  0.0000000000000E+00
  0.0000000000000E+00
  0.0000000000000E+00
  0.0000000000000E+00
  0.0000000000000E+00
  0.0000000000000E+00
  0.0000000000000E+00
  0.0000000000000E+00
  0.0000000000000E+00
  0.0000000000000E+00
  0.0000000000000E+00
  0.0000000000000E+00
  0.0000000000000E+00
  0.0000000000000E+00
  0.0000000000000E+00
  0.0000000000000E+00
  0.0000000000000E+00
  0.0000000000000E+00
  0.0000000000000E+00
  0.0000000000000E+00
  0.0000000000000E+00
  0.0000000000000E+00
  0.0000000000000E+00
  0.0000000000000E+00
  0.0000000000000E+00
  0.0000000000000E+00
  0.0000000000000E+00
  0.0000000000000E+00
  0.0000000000000E+00
  0.0000000000000E+00
  0.0000000000000E+00
  0.0000000000000E+00
  0.0000000000000E+00
  0.0000000000000E+00
  0.0000000000000E+00
  0.0000000000000E+00
  0.0000000000000E+00
  0.0000000000000E+00
  0.0000000000000E+00
  0.0000000000000E+00
  0.0000000000000E+00
  0.0000000000000E+00
  0.0000000000000E+00
  0.0000000000000E+00
  0.0000000000000E+00
  0.0000000000000E+00
  0.0000000000000E+00
  0.0000000000000E+00
  0.0000000000000E+00
  0.0000000000000E+00
  0.0000000000000E+00
  0.0000000000000E+00
  0.0000000000000E+00
  0.0000000000000E+00
  0.0000000000000E+00
  0.0000000000000E+00
  0.0000000000000E+00
  0.0000000000000E+00
  0.0000000000000E+00
  0.0000000000000E+00
  0.0000000000000E+00
  0.0000000000000E+00
  0.0000000000000E+00
  0.0000000000000E+00
  0.0000000000000E+00
  0.0000000000000E+00
  0.0000000000000E+00
  0.0000000000000E+00
  0.0000000000000E+00
  0.0000000000000E+00
  0.0000000000000E+00
  0.0000000000000E+00
  0.0000000000000E+00
  0.0000000000000E+00
  0.0000000000000E+00
  0.0000000000000E+00
  0.0000000000000E+00
  0.0000000000000E+00
  0.0000000000000E+00
  0.0000000000000E+00
  0.0000000000000E+00
  0.0000000000000E+00
  0.0000000000000E+00
  0.0000000000000E+00
  0.0000000000000E+00
  0.0000000000000E+00
  0.0000000000000E+00
  0.0000000000000E+00
  0.0000000000000E+00
  0.0000000000000E+00
  0.0000000000000E+00
  0.0000000000000E+00
  0.0000000000000E+00
  0.0000000000000E+00
  0.0000000000000E+00
  0.0000000000000E+00
  0.0000000000000E+00
  0.0000000000000E+00
  0.0000000000000E+00
  0.0000000000000E+00
  0.0000000000000E+00
  0.0000000000000E+00
  0.0000000000000E+00
  0.0000000000000E+00
  0.0000000000000E+00
  0.0000000000000E+00
  0.0000000000000E+00
  0.0000000000000E+00
  0.0000000000000E+00
  0.0000000000000E+00
  0.0000000000000E+00
  0.0000000000000E+00
  0.0000000000000E+00
  0.0000000000000E+00
  0.0000000000000E+00
  0.0000000000000E+00
  0.0000000000000E+00
  0.0000000000000E+00
  0.0000000000000E+00
  0.0000000000000E+00
  0.0000000000000E+00
  0.0000000000000E+00
  0.0000000000000E+00
  0.0000000000000E+00
  0.0000000000000E+00
  0.0000000000000E+00
  0.0000000000000E+00
  0.0000000000000E+00
  0.0000000000000E+00
  0.0000000000000E+00
  0.0000000000000E+00
  0.0000000000000E+00
  0.0000000000000E+00
  0.0000000000000E+00
  0.0000000000000E+00
  0.0000000000000E+00
  0.0000000000000E+00
  0.0000000000000E+00
  0.0000000000000E+00
  0.0000000000000E+00
  0.0000000000000E+00
  0.0000000000000E+00
  0.0000000000000E+00
  0.0000000000000E+00
  0.0000000000000E+00
  0.0000000000000E+00
  0.0000000000000E+00
  0.0000000000000E+00
  0.0000000000000E+00
  0.0000000000000E+00
  0.0000000000000E+00
  0.0000000000000E+00
  0.0000000000000E+00
  0.0000000000000E+00
  0.0000000000000E+00
  0.0000000000000E+00
  0.0000000000000E+00
  0.0000000000000E+00
  0.0000000000000E+00
  0.0000000000000E+00
  0.0000000000000E+00
  0.0000000000000E+00
  0.0000000000000E+00
  0.0000000000000E+00
  0.0000000000000E+00
  0.0000000000000E+00
  0.0000000000000E+00
  0.0000000000000E+00
  0.0000000000000E+00
  0.0000000000000E+00
  0.0000000000000E+00
  0.0000000000000E+00
  0.0000000000000E+00
  0.0000000000000E+00
  0.0000000000000E+00
  0.0000000000000E+00
  0.0000000000000E+00
  0.0000000000000E+00
  0.0000000000000E+00
  0.0000000000000E+00
  0.0000000000000E+00
  0.0000000000000E+00
  0.0000000000000E+00
  0.0000000000000E+00
  0.0000000000000E+00
  0.0000000000000E+00
  0.0000000000000E+00
  0.0000000000000E+00
  0.0000000000000E+00
  0.0000000000000E+00
  0.0000000000000E+00
  0.0000000000000E+00
  0.0000000000000E+00
  0.0000000000000E+00
  0.0000000000000E+00
  0.0000000000000E+00
  0.0000000000000E+00
  0.0000000000000E+00
  0.0000000000000E+00
  0.0000000000000E+00
  0.0000000000000E+00
  0.0000000000000E+00
  0.0000000000000E+00
  0.0000000000000E+00
  0.0000000000000E+00
  0.0000000000000E+00
  0.0000000000000E+00
  0.0000000000000E+00
  0.0000000000000E+00
  0.0000000000000E+00
  0.0000000000000E+00
  0.0000000000000E+00
  0.0000000000000E+00
  0.0000000000000E+00
  0.0000000000000E+00
  0.0000000000000E+00
  0.0000000000000E+00
  0.0000000000000E+00
  0.0000000000000E+00
  0.0000000000000E+00
  0.0000000000000E+00
  0.0000000000000E+00
  0.0000000000000E+00
  0.0000000000000E+00
  0.0000000000000E+00
  0.0000000000000E+00
  0.0000000000000E+00
  0.0000000000000E+00
  0.0000000000000E+00
  0.0000000000000E+00
  0.0000000000000E+00
  0.0000000000000E+00
  0.0000000000000E+00
  0.0000000000000E+00
  0.0000000000000E+00
  0.0000000000000E+00
  0.0000000000000E+00
  0.0000000000000E+00
  0.0000000000000E+00
  0.0000000000000E+00
  0.0000000000000E+00
  0.0000000000000E+00
  0.0000000000000E+00
  0.0000000000000E+00
  0.0000000000000E+00
  0.0000000000000E+00
  0.0000000000000E+00
  0.0000000000000E+00
  0.0000000000000E+00
  0.0000000000000E+00
  0.0000000000000E+00
  0.0000000000000E+00
  0.0000000000000E+00
  0.0000000000000E+00
  0.0000000000000E+00
  0.0000000000000E+00
  0.0000000000000E+00
  0.0000000000000E+00
  0.0000000000000E+00
  0.0000000000000E+00
  0.0000000000000E+00
  0.0000000000000E+00
  0.0000000000000E+00
  0.0000000000000E+00
  0.0000000000000E+00
  0.0000000000000E+00
  0.0000000000000E+00
  0.0000000000000E+00
  0.0000000000000E+00
  0.0000000000000E+00
  0.0000000000000E+00
  0.0000000000000E+00
  0.0000000000000E+00
  0.0000000000000E+00
  0.0000000000000E+00
  0.0000000000000E+00
  0.0000000000000E+00
  0.0000000000000E+00
  0.0000000000000E+00
  0.0000000000000E+00
  0.0000000000000E+00
  0.0000000000000E+00
  0.0000000000000E+00
  0.0000000000000E+00
  0.0000000000000E+00
  0.0000000000000E+00
  0.0000000000000E+00
  0.0000000000000E+00
  0.0000000000000E+00
  0.0000000000000E+00
  0.0000000000000E+00
  0.0000000000000E+00
  0.0000000000000E+00
  0.0000000000000E+00
  0.0000000000000E+00
  0.0000000000000E+00
  0.0000000000000E+00
  0.0000000000000E+00
  0.0000000000000E+00
  0.0000000000000E+00
  0.0000000000000E+00
  0.0000000000000E+00
  0.0000000000000E+00
  0.0000000000000E+00
  0.0000000000000E+00
  0.0000000000000E+00
  0.0000000000000E+00
  0.0000000000000E+00
  0.0000000000000E+00
  0.0000000000000E+00
  0.0000000000000E+00
  0.0000000000000E+00
  0.0000000000000E+00
  0.0000000000000E+00
  0.0000000000000E+00
  0.0000000000000E+00
  0.0000000000000E+00
  0.0000000000000E+00
  0.0000000000000E+00
  0.0000000000000E+00
  0.0000000000000E+00
  0.0000000000000E+00
  0.0000000000000E+00
  0.0000000000000E+00
  0.0000000000000E+00
  0.0000000000000E+00
  0.0000000000000E+00
  0.0000000000000E+00
  0.0000000000000E+00
  0.0000000000000E+00
  0.0000000000000E+00
  0.0000000000000E+00
  0.0000000000000E+00
  0.0000000000000E+00
  0.0000000000000E+00
  0.0000000000000E+00
  0.0000000000000E+00
  0.0000000000000E+00
  0.0000000000000E+00
  0.0000000000000E+00
  0.0000000000000E+00
  0.0000000000000E+00
  0.0000000000000E+00
  0.0000000000000E+00
  0.0000000000000E+00
  0.0000000000000E+00
  0.0000000000000E+00
  0.0000000000000E+00
  0.0000000000000E+00
  0.0000000000000E+00
  0.0000000000000E+00
  0.0000000000000E+00
  0.0000000000000E+00
  0.0000000000000E+00
  0.0000000000000E+00
  0.0000000000000E+00
  0.0000000000000E+00
  0.0000000000000E+00
  0.0000000000000E+00
  0.0000000000000E+00
  0.0000000000000E+00
  0.0000000000000E+00
  0.0000000000000E+00
  0.0000000000000E+00
  0.0000000000000E+00
  0.0000000000000E+00
  0.0000000000000E+00
  0.0000000000000E+00
  0.0000000000000E+00
  0.0000000000000E+00
  0.0000000000000E+00
  0.0000000000000E+00
  0.0000000000000E+00
  0.0000000000000E+00
  0.0000000000000E+00
  0.0000000000000E+00
  0.0000000000000E+00
  0.0000000000000E+00
  0.0000000000000E+00
  0.0000000000000E+00
  0.0000000000000E+00
  0.0000000000000E+00
  0.0000000000000E+00
  0.0000000000000E+00
  0.0000000000000E+00
  0.0000000000000E+00
  0.0000000000000E+00
  0.0000000000000E+00
  0.0000000000000E+00
  0.0000000000000E+00
  0.0000000000000E+00
  0.0000000000000E+00
  0.0000000000000E+00
  0.0000000000000E+00
  0.0000000000000E+00
  0.0000000000000E+00
  0.0000000000000E+00
  0.0000000000000E+00
  0.0000000000000E+00
  0.0000000000000E+00
  0.0000000000000E+00
  0.0000000000000E+00
  0.0000000000000E+00
  0.0000000000000E+00
  0.0000000000000E+00
  0.0000000000000E+00
  0.0000000000000E+00
  0.0000000000000E+00
  0.0000000000000E+00
  0.0000000000000E+00
  0.0000000000000E+00
  0.0000000000000E+00
  0.0000000000000E+00
  0.0000000000000E+00
  0.0000000000000E+00
  0.0000000000000E+00
  0.0000000000000E+00
  0.0000000000000E+00
  0.0000000000000E+00
  0.0000000000000E+00
  0.0000000000000E+00
  0.0000000000000E+00
  0.0000000000000E+00
  0.0000000000000E+00
  0.0000000000000E+00
  0.0000000000000E+00
  0.0000000000000E+00
  0.0000000000000E+00
  0.0000000000000E+00
  0.0000000000000E+00
  0.0000000000000E+00
  0.0000000000000E+00
  0.0000000000000E+00
  0.0000000000000E+00
  0.0000000000000E+00
  0.0000000000000E+00
  0.0000000000000E+00
  0.0000000000000E+00
  0.0000000000000E+00
  0.0000000000000E+00
  0.0000000000000E+00
  0.0000000000000E+00
  0.0000000000000E+00
  0.0000000000000E+00
  0.0000000000000E+00
  0.0000000000000E+00
  0.0000000000000E+00
  0.0000000000000E+00
  0.0000000000000E+00
  0.0000000000000E+00
  0.0000000000000E+00
  0.0000000000000E+00
  0.0000000000000E+00
  0.0000000000000E+00
  0.0000000000000E+00
  0.0000000000000E+00
  0.0000000000000E+00
  0.0000000000000E+00
  0.0000000000000E+00
  0.0000000000000E+00
  0.0000000000000E+00
  0.0000000000000E+00
  0.0000000000000E+00
  0.0000000000000E+00
  0.0000000000000E+00
  0.0000000000000E+00
  0.0000000000000E+00
  0.0000000000000E+00
  0.0000000000000E+00
  0.0000000000000E+00
  0.0000000000000E+00
  0.0000000000000E+00
  0.0000000000000E+00
  0.0000000000000E+00
  0.0000000000000E+00
  0.0000000000000E+00
  0.0000000000000E+00
  0.0000000000000E+00
  0.0000000000000E+00
  0.0000000000000E+00
  0.0000000000000E+00
  0.0000000000000E+00
  0.0000000000000E+00
  0.0000000000000E+00
  0.0000000000000E+00
  0.0000000000000E+00
  0.0000000000000E+00
  0.0000000000000E+00
  0.0000000000000E+00
  0.0000000000000E+00
  0.0000000000000E+00
  0.0000000000000E+00
  0.0000000000000E+00
  0.0000000000000E+00
  0.0000000000000E+00
  0.0000000000000E+00
  0.0000000000000E+00
  0.0000000000000E+00
  0.0000000000000E+00
  0.0000000000000E+00
  0.0000000000000E+00
  0.0000000000000E+00
  0.0000000000000E+00
  0.0000000000000E+00
  0.0000000000000E+00
  0.0000000000000E+00
  0.0000000000000E+00
  0.0000000000000E+00
  0.0000000000000E+00
  0.0000000000000E+00
  0.0000000000000E+00
  0.0000000000000E+00
  0.0000000000000E+00
  0.0000000000000E+00
  0.0000000000000E+00
  0.0000000000000E+00
  0.0000000000000E+00
  0.0000000000000E+00
  0.0000000000000E+00
  0.0000000000000E+00
  0.0000000000000E+00
  0.0000000000000E+00
  0.0000000000000E+00
  0.0000000000000E+00
  0.0000000000000E+00
  0.0000000000000E+00
  0.0000000000000E+00
  0.0000000000000E+00
  0.0000000000000E+00
  0.0000000000000E+00
  0.0000000000000E+00
  0.0000000000000E+00
  0.0000000000000E+00
  0.0000000000000E+00
  0.0000000000000E+00
  0.0000000000000E+00
  0.0000000000000E+00
  0.0000000000000E+00
  0.0000000000000E+00
  0.0000000000000E+00
  0.0000000000000E+00
  0.0000000000000E+00
  0.0000000000000E+00
  0.0000000000000E+00
  0.0000000000000E+00
  0.0000000000000E+00
  0.0000000000000E+00
  0.0000000000000E+00
  0.0000000000000E+00
  0.0000000000000E+00
  0.0000000000000E+00
  0.0000000000000E+00
  0.0000000000000E+00
  0.0000000000000E+00
  0.0000000000000E+00
  0.0000000000000E+00
  0.0000000000000E+00
  0.0000000000000E+00
  0.0000000000000E+00
  0.0000000000000E+00
  0.0000000000000E+00
  0.0000000000000E+00
  0.0000000000000E+00
  0.0000000000000E+00
  0.0000000000000E+00
  0.0000000000000E+00
  0.0000000000000E+00
  0.0000000000000E+00
  0.0000000000000E+00
  0.0000000000000E+00
  0.0000000000000E+00
  0.0000000000000E+00
  0.0000000000000E+00
  0.0000000000000E+00
  0.0000000000000E+00
  0.0000000000000E+00
  0.0000000000000E+00
  0.0000000000000E+00
  0.0000000000000E+00
  0.3508917855601E-07
  0.3425979145289E-07
  0.3506310901511E-07
 -0.1026789518429E-07
 -0.9932700984584E-08
 -0.1115369968241E-07
 -0.1307327517247E-07
  0.2655802786453E-07
  0.2643084162753E-07
  0.4025396789621E-07
  0.2007222146532E-07
 -0.3344881559727E-07
  0.3561722467507E-07
  0.2360734717046E-07
  0.2151688339396E-07
  0.3027300059119E-07
  0.4855560861554E-07
 -0.3262549665444E-07
 -0.2003127425129E-07
 -0.8416607451086E-08
  0.4016539176448E-07
  0.3461488223096E-07
 -0.7929956005636E-07
 -0.7871108636040E-07
 -0.8006657903978E-07
 -0.8423981983642E-07
 -0.9465598523670E-07
 -0.1000233808885E-06
 -0.1025826003667E-06
 -0.1020945131113E-06
 -0.1002257220151E-06
 -0.9712986065140E-07
 -0.9581789924690E-07
 -0.9551859239214E-07
 -0.9549458358343E-07
  0.3728752260946E-07
  0.0000000000000E+00
 -0.4082281424768E-06
 -0.3219248069040E-06
 -0.2847161228872E-06
 -0.2918851570312E-06
  0.0000000000000E+00
 -0.2678114327906E-06
 -0.2817662750805E-06
 -0.3988979385933E-06
 -0.4069238780765E-06
  0.0000000000000E+00
  0.0000000000000E+00
  0.0000000000000E+00
  0.0000000000000E+00
  0.0000000000000E+00
  0.0000000000000E+00
  0.0000000000000E+00
  0.0000000000000E+00
  0.0000000000000E+00
  0.0000000000000E+00
  0.0000000000000E+00
  0.0000000000000E+00
  0.0000000000000E+00
  0.0000000000000E+00
  0.0000000000000E+00
  0.0000000000000E+00
  0.0000000000000E+00
  0.0000000000000E+00
  0.0000000000000E+00
  0.0000000000000E+00
  0.0000000000000E+00
  0.0000000000000E+00
  0.0000000000000E+00
  0.0000000000000E+00
  0.0000000000000E+00
  0.0000000000000E+00
  0.0000000000000E+00
  0.0000000000000E+00
  0.0000000000000E+00
  0.0000000000000E+00
  0.0000000000000E+00
  0.0000000000000E+00
  0.0000000000000E+00
  0.0000000000000E+00
  0.0000000000000E+00
  0.0000000000000E+00
  0.0000000000000E+00
  0.0000000000000E+00
  0.0000000000000E+00
  0.0000000000000E+00
  0.0000000000000E+00
  0.0000000000000E+00
  0.0000000000000E+00
  0.0000000000000E+00
  0.0000000000000E+00
  0.0000000000000E+00
  0.0000000000000E+00
  0.0000000000000E+00
  0.0000000000000E+00
  0.0000000000000E+00
  0.0000000000000E+00
  0.0000000000000E+00
  0.0000000000000E+00
  0.0000000000000E+00
  0.0000000000000E+00
  0.0000000000000E+00
  0.0000000000000E+00
  0.0000000000000E+00
  0.0000000000000E+00
  0.0000000000000E+00
  0.0000000000000E+00
  0.0000000000000E+00
  0.0000000000000E+00
  0.0000000000000E+00
  0.0000000000000E+00
  0.0000000000000E+00
  0.0000000000000E+00
  0.0000000000000E+00
  0.0000000000000E+00
  0.0000000000000E+00
  0.0000000000000E+00
  0.0000000000000E+00
  0.0000000000000E+00
  0.0000000000000E+00
  0.0000000000000E+00
  0.0000000000000E+00
  0.0000000000000E+00
  0.0000000000000E+00
  0.0000000000000E+00
  0.0000000000000E+00
  0.0000000000000E+00
  0.0000000000000E+00
  0.0000000000000E+00
  0.0000000000000E+00
  0.0000000000000E+00
  0.0000000000000E+00
  0.0000000000000E+00
  0.0000000000000E+00
  0.0000000000000E+00
  0.0000000000000E+00
  0.0000000000000E+00
  0.0000000000000E+00
  0.0000000000000E+00
  0.0000000000000E+00
  0.0000000000000E+00
  0.0000000000000E+00
  0.0000000000000E+00
  0.0000000000000E+00
  0.0000000000000E+00
  0.0000000000000E+00
  0.0000000000000E+00
  0.0000000000000E+00
  0.0000000000000E+00
  0.0000000000000E+00
  0.0000000000000E+00
  0.0000000000000E+00
  0.0000000000000E+00
  0.0000000000000E+00
  0.0000000000000E+00
  0.0000000000000E+00
  0.0000000000000E+00
  0.0000000000000E+00
  0.0000000000000E+00
  0.0000000000000E+00
  0.0000000000000E+00
  0.0000000000000E+00
  0.0000000000000E+00
  0.0000000000000E+00
  0.0000000000000E+00
  0.0000000000000E+00
  0.0000000000000E+00
  0.0000000000000E+00
  0.0000000000000E+00
  0.0000000000000E+00
  0.0000000000000E+00
  0.0000000000000E+00
  0.0000000000000E+00
  0.0000000000000E+00
  0.0000000000000E+00
  0.0000000000000E+00
  0.0000000000000E+00
  0.0000000000000E+00
  0.0000000000000E+00
  0.0000000000000E+00
  0.0000000000000E+00
  0.0000000000000E+00
  0.0000000000000E+00
  0.0000000000000E+00
  0.0000000000000E+00
  0.0000000000000E+00
  0.0000000000000E+00
  0.0000000000000E+00
  0.0000000000000E+00
  0.0000000000000E+00
  0.0000000000000E+00
  0.0000000000000E+00
  0.0000000000000E+00
  0.0000000000000E+00
  0.0000000000000E+00
  0.0000000000000E+00
  0.0000000000000E+00
  0.0000000000000E+00
  0.0000000000000E+00
  0.0000000000000E+00
  0.0000000000000E+00
  0.0000000000000E+00
  0.0000000000000E+00
  0.0000000000000E+00
  0.0000000000000E+00
  0.0000000000000E+00
  0.0000000000000E+00
  0.0000000000000E+00
  0.0000000000000E+00
  0.0000000000000E+00
  0.0000000000000E+00
  0.0000000000000E+00
  0.0000000000000E+00
  0.0000000000000E+00
  0.0000000000000E+00
  0.0000000000000E+00
  0.0000000000000E+00
  0.0000000000000E+00
  0.0000000000000E+00
  0.0000000000000E+00
  0.0000000000000E+00
  0.0000000000000E+00
  0.0000000000000E+00
  0.0000000000000E+00
  0.0000000000000E+00
  0.0000000000000E+00
  0.0000000000000E+00
  0.0000000000000E+00
  0.0000000000000E+00
  0.0000000000000E+00
  0.0000000000000E+00
  0.0000000000000E+00
  0.0000000000000E+00
  0.0000000000000E+00
  0.0000000000000E+00
  0.0000000000000E+00
  0.0000000000000E+00
  0.0000000000000E+00
  0.0000000000000E+00
  0.0000000000000E+00
  0.0000000000000E+00
  0.0000000000000E+00
  0.0000000000000E+00
  0.0000000000000E+00
  0.0000000000000E+00
  0.0000000000000E+00
  0.0000000000000E+00
  0.0000000000000E+00
  0.0000000000000E+00
  0.0000000000000E+00
  0.0000000000000E+00
  0.0000000000000E+00
  0.0000000000000E+00
  0.0000000000000E+00
  0.0000000000000E+00
  0.0000000000000E+00
  0.0000000000000E+00
  0.0000000000000E+00
  0.0000000000000E+00
  0.0000000000000E+00
  0.0000000000000E+00
  0.0000000000000E+00
  0.0000000000000E+00
  0.0000000000000E+00
  0.0000000000000E+00
  0.0000000000000E+00
  0.0000000000000E+00
  0.0000000000000E+00
  0.0000000000000E+00
  0.0000000000000E+00
  0.0000000000000E+00
  0.0000000000000E+00
  0.0000000000000E+00
  0.0000000000000E+00
  0.0000000000000E+00
  0.0000000000000E+00
  0.0000000000000E+00
  0.0000000000000E+00
  0.0000000000000E+00
  0.0000000000000E+00
  0.0000000000000E+00
  0.0000000000000E+00
  0.0000000000000E+00
  0.0000000000000E+00
  0.0000000000000E+00
  0.0000000000000E+00
  0.0000000000000E+00
  0.0000000000000E+00
  0.0000000000000E+00
  0.0000000000000E+00
  0.0000000000000E+00
  0.0000000000000E+00
  0.0000000000000E+00
  0.0000000000000E+00
  0.0000000000000E+00
  0.0000000000000E+00
  0.0000000000000E+00
  0.0000000000000E+00
  0.0000000000000E+00
  0.0000000000000E+00
  0.0000000000000E+00
  0.0000000000000E+00
  0.0000000000000E+00
  0.0000000000000E+00
  0.0000000000000E+00
  0.0000000000000E+00
  0.0000000000000E+00
  0.0000000000000E+00
  0.0000000000000E+00
  0.0000000000000E+00
  0.0000000000000E+00
  0.0000000000000E+00
  0.0000000000000E+00
  0.0000000000000E+00
  0.0000000000000E+00
  0.0000000000000E+00
  0.0000000000000E+00
  0.0000000000000E+00
  0.0000000000000E+00
  0.0000000000000E+00
  0.0000000000000E+00
  0.0000000000000E+00
  0.0000000000000E+00
  0.0000000000000E+00
  0.0000000000000E+00
  0.0000000000000E+00
  0.0000000000000E+00
  0.0000000000000E+00
  0.0000000000000E+00
  0.0000000000000E+00
  0.0000000000000E+00
  0.0000000000000E+00
  0.0000000000000E+00
  0.0000000000000E+00
  0.0000000000000E+00
  0.0000000000000E+00
  0.0000000000000E+00
  0.0000000000000E+00
  0.0000000000000E+00
  0.0000000000000E+00
  0.0000000000000E+00
  0.0000000000000E+00
  0.0000000000000E+00
  0.0000000000000E+00
  0.0000000000000E+00
  0.0000000000000E+00
  0.0000000000000E+00
  0.0000000000000E+00
  0.0000000000000E+00
  0.0000000000000E+00
  0.0000000000000E+00
  0.0000000000000E+00
  0.0000000000000E+00
  0.0000000000000E+00
  0.0000000000000E+00
  0.0000000000000E+00
  0.0000000000000E+00
  0.0000000000000E+00
  0.0000000000000E+00
  0.0000000000000E+00
  0.0000000000000E+00
  0.0000000000000E+00
  0.0000000000000E+00
  0.0000000000000E+00
  0.0000000000000E+00
  0.0000000000000E+00
  0.0000000000000E+00
  0.0000000000000E+00
  0.0000000000000E+00
  0.0000000000000E+00
  0.0000000000000E+00
  0.0000000000000E+00
  0.0000000000000E+00
  0.0000000000000E+00
  0.0000000000000E+00
  0.0000000000000E+00
  0.0000000000000E+00
  0.0000000000000E+00
  0.0000000000000E+00
  0.0000000000000E+00
  0.0000000000000E+00
  0.0000000000000E+00
  0.0000000000000E+00
  0.0000000000000E+00
  0.0000000000000E+00
  0.0000000000000E+00
  0.0000000000000E+00
  0.0000000000000E+00
  0.0000000000000E+00
  0.0000000000000E+00
  0.0000000000000E+00
  0.0000000000000E+00
  0.0000000000000E+00
  0.0000000000000E+00
  0.0000000000000E+00
  0.0000000000000E+00
  0.0000000000000E+00
  0.0000000000000E+00
  0.0000000000000E+00
  0.0000000000000E+00
  0.0000000000000E+00
  0.0000000000000E+00
  0.0000000000000E+00
  0.0000000000000E+00
  0.0000000000000E+00
  0.0000000000000E+00
  0.0000000000000E+00
  0.0000000000000E+00
  0.0000000000000E+00
  0.0000000000000E+00
  0.0000000000000E+00
  0.0000000000000E+00
  0.0000000000000E+00
  0.0000000000000E+00
  0.0000000000000E+00
  0.0000000000000E+00
  0.0000000000000E+00
  0.0000000000000E+00
  0.0000000000000E+00
  0.0000000000000E+00
  0.0000000000000E+00
  0.0000000000000E+00
  0.0000000000000E+00
  0.0000000000000E+00
  0.0000000000000E+00
  0.0000000000000E+00
  0.0000000000000E+00
  0.0000000000000E+00
  0.0000000000000E+00
  0.0000000000000E+00
  0.0000000000000E+00
  0.0000000000000E+00
  0.0000000000000E+00
  0.0000000000000E+00
  0.0000000000000E+00
  0.0000000000000E+00
  0.0000000000000E+00
  0.0000000000000E+00
  0.0000000000000E+00
  0.0000000000000E+00
  0.0000000000000E+00
  0.0000000000000E+00
  0.0000000000000E+00
  0.0000000000000E+00
  0.0000000000000E+00
  0.0000000000000E+00
  0.0000000000000E+00
  0.0000000000000E+00
  0.0000000000000E+00
  0.0000000000000E+00
  0.0000000000000E+00
  0.0000000000000E+00
  0.0000000000000E+00
  0.0000000000000E+00
  0.0000000000000E+00
  0.0000000000000E+00
  0.0000000000000E+00
  0.0000000000000E+00
  0.0000000000000E+00
  0.0000000000000E+00
  0.0000000000000E+00
  0.0000000000000E+00
  0.0000000000000E+00
  0.0000000000000E+00
  0.0000000000000E+00
  0.0000000000000E+00
  0.0000000000000E+00
  0.0000000000000E+00
  0.0000000000000E+00
  0.0000000000000E+00
  0.0000000000000E+00
  0.0000000000000E+00
  0.0000000000000E+00
  0.0000000000000E+00
  0.0000000000000E+00
  0.0000000000000E+00
  0.0000000000000E+00
  0.0000000000000E+00
  0.0000000000000E+00
  0.0000000000000E+00
  0.0000000000000E+00
  0.0000000000000E+00
  0.0000000000000E+00
  0.0000000000000E+00
  0.0000000000000E+00
  0.0000000000000E+00
  0.0000000000000E+00
  0.0000000000000E+00
  0.0000000000000E+00
  0.0000000000000E+00
  0.0000000000000E+00
  0.0000000000000E+00
  0.0000000000000E+00
  0.0000000000000E+00
  0.0000000000000E+00
  0.0000000000000E+00
  0.0000000000000E+00
  0.0000000000000E+00
  0.0000000000000E+00
  0.0000000000000E+00
  0.0000000000000E+00
  0.0000000000000E+00
  0.0000000000000E+00
  0.0000000000000E+00
  0.0000000000000E+00
  0.0000000000000E+00
  0.0000000000000E+00
  0.0000000000000E+00
  0.0000000000000E+00
  0.0000000000000E+00
  0.0000000000000E+00
  0.0000000000000E+00
  0.0000000000000E+00
  0.0000000000000E+00
  0.0000000000000E+00
  0.0000000000000E+00
  0.0000000000000E+00
  0.0000000000000E+00
  0.0000000000000E+00
  0.0000000000000E+00
  0.0000000000000E+00
  0.0000000000000E+00
  0.0000000000000E+00
  0.0000000000000E+00
  0.0000000000000E+00
  0.0000000000000E+00
  0.0000000000000E+00
  0.0000000000000E+00
  0.0000000000000E+00
  0.0000000000000E+00
  0.0000000000000E+00
  0.0000000000000E+00
  0.0000000000000E+00
  0.0000000000000E+00
  0.0000000000000E+00
  0.0000000000000E+00
  0.0000000000000E+00
  0.0000000000000E+00
  0.0000000000000E+00
  0.0000000000000E+00
  0.0000000000000E+00
  0.0000000000000E+00
  0.0000000000000E+00
  0.0000000000000E+00
  0.0000000000000E+00
  0.0000000000000E+00
  0.0000000000000E+00
  0.0000000000000E+00
  0.0000000000000E+00
  0.0000000000000E+00
  0.0000000000000E+00
  0.0000000000000E+00
  0.0000000000000E+00
  0.0000000000000E+00
  0.0000000000000E+00
  0.0000000000000E+00
  0.0000000000000E+00
  0.0000000000000E+00
  0.0000000000000E+00
  0.0000000000000E+00
  0.0000000000000E+00
  0.0000000000000E+00
  0.0000000000000E+00
  0.0000000000000E+00
  0.0000000000000E+00
  0.0000000000000E+00
  0.0000000000000E+00
  0.0000000000000E+00
  0.0000000000000E+00
  0.0000000000000E+00
  0.0000000000000E+00
  0.0000000000000E+00
  0.0000000000000E+00
  0.0000000000000E+00
  0.0000000000000E+00
  0.0000000000000E+00
  0.0000000000000E+00
  0.0000000000000E+00
  0.0000000000000E+00
  0.0000000000000E+00
  0.0000000000000E+00
  0.0000000000000E+00
  0.0000000000000E+00
  0.0000000000000E+00
  0.0000000000000E+00
  0.0000000000000E+00
  0.0000000000000E+00
  0.0000000000000E+00
  0.0000000000000E+00
  0.0000000000000E+00
  0.0000000000000E+00
  0.0000000000000E+00
  0.0000000000000E+00
  0.0000000000000E+00
  0.0000000000000E+00
  0.0000000000000E+00
  0.0000000000000E+00
  0.0000000000000E+00
  0.0000000000000E+00
  0.0000000000000E+00
  0.0000000000000E+00
  0.0000000000000E+00
  0.0000000000000E+00
  0.0000000000000E+00
  0.0000000000000E+00
  0.0000000000000E+00
  0.0000000000000E+00
  0.0000000000000E+00
  0.0000000000000E+00
  0.0000000000000E+00
  0.0000000000000E+00
  0.0000000000000E+00
  0.0000000000000E+00
  0.0000000000000E+00
  0.0000000000000E+00
  0.0000000000000E+00
  0.0000000000000E+00
  0.0000000000000E+00
  0.0000000000000E+00
  0.0000000000000E+00
  0.0000000000000E+00
  0.0000000000000E+00
  0.0000000000000E+00
  0.0000000000000E+00
  0.0000000000000E+00
  0.0000000000000E+00
  0.0000000000000E+00
  0.0000000000000E+00
  0.0000000000000E+00
  0.0000000000000E+00
  0.0000000000000E+00
  0.0000000000000E+00
  0.0000000000000E+00
  0.0000000000000E+00
  0.0000000000000E+00
  0.0000000000000E+00
  0.0000000000000E+00
  0.0000000000000E+00
  0.0000000000000E+00
  0.0000000000000E+00
  0.0000000000000E+00
  0.0000000000000E+00
  0.0000000000000E+00
  0.0000000000000E+00
  0.0000000000000E+00
  0.0000000000000E+00
  0.0000000000000E+00
  0.0000000000000E+00
  0.0000000000000E+00
  0.0000000000000E+00
  0.0000000000000E+00
  0.0000000000000E+00
  0.0000000000000E+00
  0.0000000000000E+00
  0.0000000000000E+00
  0.0000000000000E+00
  0.0000000000000E+00
  0.0000000000000E+00
  0.0000000000000E+00
  0.0000000000000E+00
  0.0000000000000E+00
  0.0000000000000E+00
  0.0000000000000E+00
  0.0000000000000E+00
  0.0000000000000E+00
  0.0000000000000E+00
  0.0000000000000E+00
  0.0000000000000E+00
  0.0000000000000E+00
  0.0000000000000E+00
  0.0000000000000E+00
  0.0000000000000E+00
  0.0000000000000E+00
  0.0000000000000E+00
  0.0000000000000E+00
  0.0000000000000E+00
  0.0000000000000E+00
  0.0000000000000E+00
  0.0000000000000E+00
  0.0000000000000E+00
  0.0000000000000E+00
  0.0000000000000E+00
  0.0000000000000E+00
  0.0000000000000E+00
  0.0000000000000E+00
  0.0000000000000E+00
  0.0000000000000E+00
  0.0000000000000E+00
  0.0000000000000E+00
  0.0000000000000E+00
  0.0000000000000E+00
  0.0000000000000E+00
  0.0000000000000E+00
  0.0000000000000E+00
  0.0000000000000E+00
  0.0000000000000E+00
  0.0000000000000E+00
  0.0000000000000E+00
  0.0000000000000E+00
  0.0000000000000E+00
  0.0000000000000E+00
  0.0000000000000E+00
  0.0000000000000E+00
  0.0000000000000E+00
  0.0000000000000E+00
  0.0000000000000E+00
  0.0000000000000E+00
  0.0000000000000E+00
  0.0000000000000E+00
  0.0000000000000E+00
  0.0000000000000E+00
  0.0000000000000E+00
  0.0000000000000E+00
  0.0000000000000E+00
  0.0000000000000E+00
  0.0000000000000E+00
  0.0000000000000E+00
  0.0000000000000E+00
  0.0000000000000E+00
  0.0000000000000E+00
  0.0000000000000E+00
  0.0000000000000E+00
  0.0000000000000E+00
  0.0000000000000E+00
  0.0000000000000E+00
  0.0000000000000E+00
  0.0000000000000E+00
  0.0000000000000E+00
  0.0000000000000E+00
  0.0000000000000E+00
  0.0000000000000E+00
  0.0000000000000E+00
  0.0000000000000E+00
  0.0000000000000E+00
  0.0000000000000E+00
  0.0000000000000E+00
  0.0000000000000E+00
  0.0000000000000E+00
  0.0000000000000E+00
  0.0000000000000E+00
  0.0000000000000E+00
  0.0000000000000E+00
  0.0000000000000E+00
  0.0000000000000E+00
  0.0000000000000E+00
  0.0000000000000E+00
  0.0000000000000E+00
  0.0000000000000E+00
  0.0000000000000E+00
  0.0000000000000E+00
  0.0000000000000E+00
  0.0000000000000E+00
  0.0000000000000E+00
  0.0000000000000E+00
  0.0000000000000E+00
  0.0000000000000E+00
  0.0000000000000E+00
  0.0000000000000E+00
  0.0000000000000E+00
  0.0000000000000E+00
  0.0000000000000E+00
  0.0000000000000E+00
  0.0000000000000E+00
  0.0000000000000E+00
  0.0000000000000E+00
  0.0000000000000E+00
  0.0000000000000E+00
  0.0000000000000E+00
  0.0000000000000E+00
  0.0000000000000E+00
  0.0000000000000E+00
  0.0000000000000E+00
  0.0000000000000E+00
  0.0000000000000E+00
  0.0000000000000E+00
  0.0000000000000E+00
  0.0000000000000E+00
  0.0000000000000E+00
  0.0000000000000E+00
  0.0000000000000E+00
  0.0000000000000E+00
  0.0000000000000E+00
  0.0000000000000E+00
  0.0000000000000E+00
  0.0000000000000E+00
  0.0000000000000E+00
  0.0000000000000E+00
  0.0000000000000E+00
  0.0000000000000E+00
  0.0000000000000E+00
  0.0000000000000E+00
  0.0000000000000E+00
  0.0000000000000E+00
  0.0000000000000E+00
  0.0000000000000E+00
  0.0000000000000E+00
  0.0000000000000E+00
  0.0000000000000E+00
  0.0000000000000E+00
  0.0000000000000E+00
  0.0000000000000E+00
  0.0000000000000E+00
  0.0000000000000E+00
  0.0000000000000E+00
  0.0000000000000E+00
  0.0000000000000E+00
  0.0000000000000E+00
  0.0000000000000E+00
  0.0000000000000E+00
  0.0000000000000E+00
  0.0000000000000E+00
  0.0000000000000E+00
  0.0000000000000E+00
  0.0000000000000E+00
  0.0000000000000E+00
  0.0000000000000E+00
  0.0000000000000E+00
  0.0000000000000E+00
  0.0000000000000E+00
  0.0000000000000E+00
  0.0000000000000E+00
  0.0000000000000E+00
  0.0000000000000E+00
  0.0000000000000E+00
  0.0000000000000E+00
  0.0000000000000E+00
  0.0000000000000E+00
  0.0000000000000E+00
  0.0000000000000E+00
  0.0000000000000E+00
  0.0000000000000E+00
  0.0000000000000E+00
  0.0000000000000E+00
  0.0000000000000E+00
  0.0000000000000E+00
  0.0000000000000E+00
  0.0000000000000E+00
  0.0000000000000E+00
  0.0000000000000E+00
  0.0000000000000E+00
  0.0000000000000E+00
  0.0000000000000E+00
  0.0000000000000E+00
  0.0000000000000E+00
  0.0000000000000E+00
  0.0000000000000E+00
  0.0000000000000E+00
  0.0000000000000E+00
  0.0000000000000E+00
  0.0000000000000E+00
  0.0000000000000E+00
  0.0000000000000E+00
  0.0000000000000E+00
  0.0000000000000E+00
  0.0000000000000E+00
  0.0000000000000E+00
  0.0000000000000E+00
  0.0000000000000E+00
  0.0000000000000E+00
  0.0000000000000E+00
  0.0000000000000E+00
  0.0000000000000E+00
  0.0000000000000E+00
  0.0000000000000E+00
  0.0000000000000E+00
  0.0000000000000E+00
  0.0000000000000E+00
  0.0000000000000E+00
  0.0000000000000E+00
  0.0000000000000E+00
  0.0000000000000E+00
  0.0000000000000E+00
  0.0000000000000E+00
  0.0000000000000E+00
  0.0000000000000E+00
  0.0000000000000E+00
  0.0000000000000E+00
  0.0000000000000E+00
  0.0000000000000E+00
  0.0000000000000E+00
  0.0000000000000E+00
  0.0000000000000E+00
  0.0000000000000E+00
  0.0000000000000E+00
  0.0000000000000E+00
  0.0000000000000E+00
  0.0000000000000E+00
  0.0000000000000E+00
  0.0000000000000E+00
  0.0000000000000E+00
  0.0000000000000E+00
  0.0000000000000E+00
  0.0000000000000E+00
  0.0000000000000E+00
  0.0000000000000E+00
  0.0000000000000E+00
  0.0000000000000E+00
  0.0000000000000E+00
  0.0000000000000E+00
  0.0000000000000E+00
  0.0000000000000E+00
  0.0000000000000E+00
  0.0000000000000E+00
  0.0000000000000E+00
  0.0000000000000E+00
  0.0000000000000E+00
  0.0000000000000E+00
  0.0000000000000E+00
  0.0000000000000E+00
  0.0000000000000E+00
  0.0000000000000E+00
  0.0000000000000E+00
  0.0000000000000E+00
  0.0000000000000E+00
  0.0000000000000E+00
  0.0000000000000E+00
  0.0000000000000E+00
  0.0000000000000E+00
  0.0000000000000E+00
  0.0000000000000E+00
  0.0000000000000E+00
  0.0000000000000E+00
  0.0000000000000E+00
  0.0000000000000E+00
  0.0000000000000E+00
  0.0000000000000E+00
  0.0000000000000E+00
  0.0000000000000E+00
  0.0000000000000E+00
  0.0000000000000E+00
  0.0000000000000E+00
  0.0000000000000E+00
  0.0000000000000E+00
  0.0000000000000E+00
  0.0000000000000E+00
  0.0000000000000E+00
  0.0000000000000E+00
  0.0000000000000E+00
  0.0000000000000E+00
  0.0000000000000E+00
  0.0000000000000E+00
  0.0000000000000E+00
  0.0000000000000E+00
  0.0000000000000E+00
  0.0000000000000E+00
  0.0000000000000E+00
  0.0000000000000E+00
  0.0000000000000E+00
  0.0000000000000E+00
  0.0000000000000E+00
  0.0000000000000E+00
  0.0000000000000E+00
  0.0000000000000E+00
  0.0000000000000E+00
  0.0000000000000E+00
  0.0000000000000E+00
  0.0000000000000E+00
  0.0000000000000E+00
  0.0000000000000E+00
  0.0000000000000E+00
  0.0000000000000E+00
  0.0000000000000E+00
  0.0000000000000E+00
  0.0000000000000E+00
  0.0000000000000E+00
  0.0000000000000E+00
  0.0000000000000E+00
  0.0000000000000E+00
  0.0000000000000E+00
  0.0000000000000E+00
  0.0000000000000E+00
  0.0000000000000E+00
  0.0000000000000E+00
  0.0000000000000E+00
  0.0000000000000E+00
  0.0000000000000E+00
  0.0000000000000E+00
  0.0000000000000E+00
  0.0000000000000E+00
  0.0000000000000E+00
  0.0000000000000E+00
  0.0000000000000E+00
  0.0000000000000E+00
  0.0000000000000E+00
  0.0000000000000E+00
  0.0000000000000E+00
  0.0000000000000E+00
  0.0000000000000E+00
  0.0000000000000E+00
  0.0000000000000E+00
  0.0000000000000E+00
  0.0000000000000E+00
  0.0000000000000E+00
  0.0000000000000E+00
  0.0000000000000E+00
  0.0000000000000E+00
  0.0000000000000E+00
  0.0000000000000E+00
  0.0000000000000E+00
  0.0000000000000E+00
  0.0000000000000E+00
  0.0000000000000E+00
  0.0000000000000E+00
  0.0000000000000E+00
  0.0000000000000E+00
  0.0000000000000E+00
  0.0000000000000E+00
  0.0000000000000E+00
  0.0000000000000E+00
  0.0000000000000E+00
  0.0000000000000E+00
  0.0000000000000E+00
  0.0000000000000E+00
  0.0000000000000E+00
  0.0000000000000E+00
  0.0000000000000E+00
  0.0000000000000E+00
  0.0000000000000E+00
  0.0000000000000E+00
  0.0000000000000E+00
  0.0000000000000E+00
  0.0000000000000E+00
  0.0000000000000E+00
  0.0000000000000E+00
  0.0000000000000E+00
  0.0000000000000E+00
  0.0000000000000E+00
  0.0000000000000E+00
  0.0000000000000E+00
  0.0000000000000E+00
  0.0000000000000E+00
  0.0000000000000E+00
  0.0000000000000E+00
  0.0000000000000E+00
  0.0000000000000E+00
  0.0000000000000E+00
  0.0000000000000E+00
  0.0000000000000E+00
  0.0000000000000E+00
  0.0000000000000E+00
  0.0000000000000E+00
  0.0000000000000E+00
  0.0000000000000E+00
  0.0000000000000E+00
  0.0000000000000E+00
  0.0000000000000E+00
  0.0000000000000E+00
  0.0000000000000E+00
  0.0000000000000E+00
  0.0000000000000E+00
  0.0000000000000E+00
  0.0000000000000E+00
  0.0000000000000E+00
  0.0000000000000E+00
  0.0000000000000E+00
  0.0000000000000E+00
  0.0000000000000E+00
  0.0000000000000E+00
  0.0000000000000E+00
  0.0000000000000E+00
  0.0000000000000E+00
  0.0000000000000E+00
  0.0000000000000E+00
  0.0000000000000E+00
  0.0000000000000E+00
  0.0000000000000E+00
  0.0000000000000E+00
  0.0000000000000E+00
  0.0000000000000E+00
  0.0000000000000E+00
  0.0000000000000E+00
  0.0000000000000E+00
  0.0000000000000E+00
  0.0000000000000E+00
  0.0000000000000E+00
  0.0000000000000E+00
  0.0000000000000E+00
  0.0000000000000E+00
  0.0000000000000E+00
  0.0000000000000E+00
  0.0000000000000E+00
  0.0000000000000E+00
  0.0000000000000E+00
  0.0000000000000E+00
  0.0000000000000E+00
  0.0000000000000E+00
  0.0000000000000E+00
  0.0000000000000E+00
  0.0000000000000E+00
  0.0000000000000E+00
  0.0000000000000E+00
  0.0000000000000E+00
  0.0000000000000E+00
  0.0000000000000E+00
  0.0000000000000E+00
  0.0000000000000E+00
  0.0000000000000E+00
  0.0000000000000E+00
  0.0000000000000E+00
  0.0000000000000E+00
  0.0000000000000E+00
  0.0000000000000E+00
  0.0000000000000E+00
  0.0000000000000E+00
  0.0000000000000E+00
  0.0000000000000E+00
  0.0000000000000E+00
  0.0000000000000E+00
  0.0000000000000E+00
  0.0000000000000E+00
  0.0000000000000E+00
  0.0000000000000E+00
  0.0000000000000E+00
  0.0000000000000E+00
  0.0000000000000E+00
  0.0000000000000E+00
  0.0000000000000E+00
  0.0000000000000E+00
  0.0000000000000E+00
  0.0000000000000E+00
  0.0000000000000E+00
  0.0000000000000E+00
  0.0000000000000E+00
  0.0000000000000E+00
  0.0000000000000E+00
  0.0000000000000E+00
  0.0000000000000E+00
  0.0000000000000E+00
  0.0000000000000E+00
  0.0000000000000E+00
  0.0000000000000E+00
  0.0000000000000E+00
  0.0000000000000E+00
  0.0000000000000E+00
  0.0000000000000E+00
  0.0000000000000E+00
  0.0000000000000E+00
  0.0000000000000E+00
  0.0000000000000E+00
  0.0000000000000E+00
  0.0000000000000E+00
  0.0000000000000E+00
  0.0000000000000E+00
  0.0000000000000E+00
  0.0000000000000E+00
  0.0000000000000E+00
  0.0000000000000E+00
  0.0000000000000E+00
  0.0000000000000E+00
  0.0000000000000E+00
  0.0000000000000E+00
  0.0000000000000E+00
  0.0000000000000E+00
  0.0000000000000E+00
  0.0000000000000E+00
  0.0000000000000E+00
  0.0000000000000E+00
  0.0000000000000E+00
  0.0000000000000E+00
  0.0000000000000E+00
  0.0000000000000E+00
  0.0000000000000E+00
  0.0000000000000E+00
  0.0000000000000E+00
  0.0000000000000E+00
  0.0000000000000E+00
  0.0000000000000E+00
  0.0000000000000E+00
  0.0000000000000E+00
  0.0000000000000E+00
  0.0000000000000E+00
  0.0000000000000E+00
  0.0000000000000E+00
  0.0000000000000E+00
  0.0000000000000E+00
  0.0000000000000E+00
  0.0000000000000E+00
  0.0000000000000E+00
  0.0000000000000E+00
  0.0000000000000E+00
  0.0000000000000E+00
  0.0000000000000E+00
  0.0000000000000E+00
  0.0000000000000E+00
  0.0000000000000E+00
  0.0000000000000E+00
  0.0000000000000E+00
  0.0000000000000E+00
  0.0000000000000E+00
  0.0000000000000E+00
  0.0000000000000E+00
  0.0000000000000E+00
  0.0000000000000E+00
  0.0000000000000E+00
  0.0000000000000E+00
  0.0000000000000E+00
  0.0000000000000E+00
  0.0000000000000E+00
  0.0000000000000E+00
  0.0000000000000E+00
  0.0000000000000E+00
  0.0000000000000E+00
  0.0000000000000E+00
  0.0000000000000E+00
  0.0000000000000E+00
  0.0000000000000E+00
  0.0000000000000E+00
  0.0000000000000E+00
  0.0000000000000E+00
  0.0000000000000E+00
  0.0000000000000E+00
  0.0000000000000E+00
  0.0000000000000E+00
  0.0000000000000E+00
  0.0000000000000E+00
  0.0000000000000E+00
  0.0000000000000E+00
  0.0000000000000E+00
  0.0000000000000E+00
  0.0000000000000E+00
  0.0000000000000E+00
  0.0000000000000E+00
  0.0000000000000E+00
  0.0000000000000E+00
  0.0000000000000E+00
  0.0000000000000E+00
  0.0000000000000E+00
  0.0000000000000E+00
  0.0000000000000E+00
  0.0000000000000E+00
  0.0000000000000E+00
  0.0000000000000E+00
  0.0000000000000E+00
  0.0000000000000E+00
  0.0000000000000E+00
  0.0000000000000E+00
  0.0000000000000E+00
  0.0000000000000E+00
  0.0000000000000E+00
  0.0000000000000E+00
  0.0000000000000E+00
  0.0000000000000E+00
  0.0000000000000E+00
  0.0000000000000E+00
  0.0000000000000E+00
  0.0000000000000E+00
  0.0000000000000E+00
  0.0000000000000E+00
  0.0000000000000E+00
  0.0000000000000E+00
  0.0000000000000E+00
  0.0000000000000E+00
  0.0000000000000E+00
  0.0000000000000E+00
  0.0000000000000E+00
  0.0000000000000E+00
  0.0000000000000E+00
  0.0000000000000E+00
  0.0000000000000E+00
  0.0000000000000E+00
  0.0000000000000E+00
  0.0000000000000E+00
  0.0000000000000E+00
  0.0000000000000E+00
  0.0000000000000E+00
  0.0000000000000E+00
  0.0000000000000E+00
  0.0000000000000E+00
  0.0000000000000E+00
  0.0000000000000E+00
  0.0000000000000E+00
  0.0000000000000E+00
  0.0000000000000E+00
  0.0000000000000E+00
  0.0000000000000E+00
  0.0000000000000E+00
  0.0000000000000E+00
  0.0000000000000E+00
  0.0000000000000E+00
  0.0000000000000E+00
  0.0000000000000E+00
  0.0000000000000E+00
  0.0000000000000E+00
  0.0000000000000E+00
  0.0000000000000E+00
  0.0000000000000E+00
  0.0000000000000E+00
  0.0000000000000E+00
  0.0000000000000E+00
  0.0000000000000E+00
  0.0000000000000E+00
  0.0000000000000E+00
  0.0000000000000E+00
  0.0000000000000E+00
  0.0000000000000E+00
  0.0000000000000E+00
  0.2550438043543E-05
  0.2502626629519E-05
  0.2556832414005E-05
 -0.6032706408211E-07
 -0.5896032663331E-07
 -0.6899362147821E-07
 -0.8735256743528E-07
  0.4998599819037E-06
  0.7323652539888E-06
  0.1560031856759E-05
  0.7396105432283E-07
 -0.1426330507624E-05
  0.3561722467507E-05
  0.2360734717046E-05
  0.2151688339396E-05
  0.3027300059119E-05
  0.4855560861554E-05
 -0.5908154754118E-06
 -0.2531010579505E-06
 -0.7537944154233E-07
  0.2274998036762E-05
  0.2098251480721E-05
 -0.1937696089189E-06
 -0.1836911059688E-06
 -0.1911160758953E-06
 -0.2165544191041E-06
 -0.2681703768808E-06
 -0.3053139621927E-06
 -0.3261636089989E-06
 -0.3252589741961E-06
 -0.3110970389986E-06
 -0.2883351257440E-06
 -0.2786100429745E-06
 -0.2768174727991E-06
 -0.2802249266144E-06
  0.2577580605937E-05
