   0.000000000000000E+00
   0.000000000000000E+00
   0.214248957910335E-01
   0.191881984056130E+00
   0.106407991887843E+00
   0.306751272444040E+00
   0.180835443444685E+00
   0.377958277979070E+00
   0.150727674209920E+00
   0.348972451945553E+00
   0.000000000000000E+00
   0.000000000000000E+00
   0.263578441563919E+00
   0.453806465776397E+00
   0.190930148023346E+00
   0.390245626701142E+00
   0.201863378100949E-01
   0.187043367190207E+00
   0.248831535354547E-01
   0.198748563534254E+00
   0.000000000000000E+00
   0.000000000000000E+00
   0.000000000000000E+00
   0.000000000000000E+00
   0.000000000000000E+00
   0.000000000000000E+00
   0.000000000000000E+00
   0.000000000000000E+00
   0.000000000000000E+00
   0.000000000000000E+00
   0.000000000000000E+00
   0.000000000000000E+00
   0.000000000000000E+00
   0.000000000000000E+00
   0.000000000000000E+00
   0.000000000000000E+00
   0.000000000000000E+00
   0.000000000000000E+00
   0.000000000000000E+00
   0.000000000000000E+00
   0.000000000000000E+00
   0.000000000000000E+00
   0.000000000000000E+00
   0.000000000000000E+00
   0.000000000000000E+00
   0.000000000000000E+00
   0.000000000000000E+00
   0.000000000000000E+00
   0.000000000000000E+00
   0.000000000000000E+00
   0.000000000000000E+00
   0.000000000000000E+00
   0.000000000000000E+00
   0.000000000000000E+00
   0.000000000000000E+00
   0.000000000000000E+00
   0.000000000000000E+00
   0.000000000000000E+00
   0.000000000000000E+00
   0.000000000000000E+00
   0.000000000000000E+00
   0.000000000000000E+00
   0.000000000000000E+00
   0.000000000000000E+00
   0.000000000000000E+00
   0.000000000000000E+00
   0.000000000000000E+00
   0.000000000000000E+00
   0.000000000000000E+00
   0.000000000000000E+00
   0.000000000000000E+00
   0.000000000000000E+00
   0.000000000000000E+00
   0.000000000000000E+00
   0.000000000000000E+00
   0.000000000000000E+00
   0.000000000000000E+00
   0.000000000000000E+00
   0.000000000000000E+00
   0.000000000000000E+00
   0.000000000000000E+00
   0.000000000000000E+00
   0.000000000000000E+00
   0.000000000000000E+00
   0.000000000000000E+00
   0.000000000000000E+00
   0.000000000000000E+00
   0.000000000000000E+00
   0.000000000000000E+00
   0.000000000000000E+00
   0.000000000000000E+00
   0.000000000000000E+00
   0.000000000000000E+00
   0.000000000000000E+00
   0.000000000000000E+00
   0.000000000000000E+00
   0.000000000000000E+00
   0.000000000000000E+00
   0.000000000000000E+00
   0.000000000000000E+00
   0.000000000000000E+00
   0.000000000000000E+00
   0.000000000000000E+00
   0.000000000000000E+00
   0.000000000000000E+00
   0.000000000000000E+00
   0.000000000000000E+00
   0.000000000000000E+00
   0.000000000000000E+00
   0.000000000000000E+00
   0.000000000000000E+00
   0.000000000000000E+00
   0.000000000000000E+00
   0.000000000000000E+00
   0.000000000000000E+00
   0.000000000000000E+00
   0.000000000000000E+00
   0.000000000000000E+00
   0.000000000000000E+00
   0.000000000000000E+00
   0.000000000000000E+00
   0.000000000000000E+00
   0.000000000000000E+00
   0.000000000000000E+00
   0.000000000000000E+00
   0.000000000000000E+00
   0.000000000000000E+00
   0.000000000000000E+00
   0.000000000000000E+00
   0.000000000000000E+00
   0.000000000000000E+00
   0.000000000000000E+00
   0.000000000000000E+00
   0.000000000000000E+00
   0.000000000000000E+00
   0.000000000000000E+00
   0.000000000000000E+00
   0.000000000000000E+00
   0.000000000000000E+00
   0.000000000000000E+00
   0.000000000000000E+00
   0.000000000000000E+00
   0.000000000000000E+00
   0.000000000000000E+00
   0.000000000000000E+00
   0.000000000000000E+00
   0.000000000000000E+00
   0.000000000000000E+00
   0.000000000000000E+00
   0.000000000000000E+00
   0.000000000000000E+00
   0.000000000000000E+00
   0.000000000000000E+00
   0.000000000000000E+00
   0.000000000000000E+00
   0.000000000000000E+00
   0.000000000000000E+00
   0.000000000000000E+00
   0.000000000000000E+00
   0.000000000000000E+00
   0.000000000000000E+00
   0.000000000000000E+00
   0.000000000000000E+00
   0.000000000000000E+00
   0.000000000000000E+00
   0.000000000000000E+00
   0.000000000000000E+00
   0.000000000000000E+00
   0.000000000000000E+00
   0.000000000000000E+00
   0.000000000000000E+00
   0.000000000000000E+00
   0.000000000000000E+00
   0.000000000000000E+00
   0.000000000000000E+00
   0.000000000000000E+00
   0.000000000000000E+00
   0.000000000000000E+00
   0.000000000000000E+00
   0.000000000000000E+00
   0.000000000000000E+00
   0.000000000000000E+00
   0.000000000000000E+00
   0.000000000000000E+00
   0.000000000000000E+00
   0.000000000000000E+00
   0.000000000000000E+00
   0.000000000000000E+00
   0.000000000000000E+00
   0.000000000000000E+00
   0.000000000000000E+00
   0.000000000000000E+00
   0.000000000000000E+00
   0.000000000000000E+00
   0.000000000000000E+00
   0.000000000000000E+00
   0.000000000000000E+00
   0.000000000000000E+00
   0.000000000000000E+00
   0.000000000000000E+00
   0.000000000000000E+00
   0.000000000000000E+00
   0.000000000000000E+00
   0.000000000000000E+00
   0.000000000000000E+00
   0.000000000000000E+00
   0.000000000000000E+00
   0.000000000000000E+00
   0.000000000000000E+00
   0.000000000000000E+00
   0.000000000000000E+00
   0.000000000000000E+00
   0.000000000000000E+00
   0.000000000000000E+00
   0.000000000000000E+00
   0.000000000000000E+00
   0.000000000000000E+00
   0.000000000000000E+00
   0.000000000000000E+00
   0.000000000000000E+00
   0.000000000000000E+00
   0.000000000000000E+00
   0.000000000000000E+00
   0.000000000000000E+00
   0.000000000000000E+00
   0.000000000000000E+00
   0.000000000000000E+00
   0.000000000000000E+00
   0.000000000000000E+00
   0.000000000000000E+00
   0.000000000000000E+00
   0.000000000000000E+00
   0.000000000000000E+00
   0.000000000000000E+00
   0.000000000000000E+00
   0.000000000000000E+00
   0.000000000000000E+00
   0.000000000000000E+00
   0.000000000000000E+00
   0.000000000000000E+00
   0.000000000000000E+00
   0.000000000000000E+00
   0.000000000000000E+00
   0.000000000000000E+00
   0.000000000000000E+00
   0.000000000000000E+00
   0.000000000000000E+00
   0.000000000000000E+00
   0.000000000000000E+00
   0.000000000000000E+00
   0.000000000000000E+00
   0.000000000000000E+00
   0.000000000000000E+00
   0.000000000000000E+00
   0.000000000000000E+00
   0.000000000000000E+00
   0.000000000000000E+00
   0.000000000000000E+00
   0.000000000000000E+00
   0.000000000000000E+00
   0.000000000000000E+00
   0.000000000000000E+00
   0.000000000000000E+00
   0.000000000000000E+00
   0.000000000000000E+00
   0.000000000000000E+00
   0.000000000000000E+00
   0.000000000000000E+00
   0.000000000000000E+00
   0.000000000000000E+00
   0.000000000000000E+00
   0.000000000000000E+00
   0.000000000000000E+00
   0.000000000000000E+00
   0.000000000000000E+00
   0.000000000000000E+00
   0.000000000000000E+00
   0.000000000000000E+00
   0.000000000000000E+00
   0.000000000000000E+00
   0.000000000000000E+00
   0.000000000000000E+00
   0.000000000000000E+00
   0.000000000000000E+00
   0.000000000000000E+00
   0.000000000000000E+00
   0.000000000000000E+00
   0.000000000000000E+00
   0.000000000000000E+00
   0.000000000000000E+00
   0.000000000000000E+00
   0.000000000000000E+00
   0.000000000000000E+00
   0.000000000000000E+00
   0.000000000000000E+00
   0.000000000000000E+00
   0.000000000000000E+00
   0.000000000000000E+00
   0.000000000000000E+00
   0.000000000000000E+00
   0.000000000000000E+00
   0.000000000000000E+00
   0.000000000000000E+00
   0.000000000000000E+00
   0.000000000000000E+00
   0.000000000000000E+00
   0.000000000000000E+00
   0.000000000000000E+00
   0.000000000000000E+00
   0.000000000000000E+00
   0.000000000000000E+00
   0.000000000000000E+00
   0.000000000000000E+00
   0.000000000000000E+00
   0.000000000000000E+00
   0.000000000000000E+00
   0.000000000000000E+00
   0.000000000000000E+00
   0.000000000000000E+00
   0.000000000000000E+00
   0.000000000000000E+00
   0.000000000000000E+00
   0.000000000000000E+00
   0.000000000000000E+00
   0.000000000000000E+00
   0.000000000000000E+00
   0.000000000000000E+00
   0.000000000000000E+00
   0.000000000000000E+00
   0.000000000000000E+00
   0.000000000000000E+00
   0.000000000000000E+00
   0.000000000000000E+00
   0.000000000000000E+00
   0.000000000000000E+00
   0.000000000000000E+00
   0.000000000000000E+00
   0.000000000000000E+00
   0.000000000000000E+00
   0.000000000000000E+00
   0.000000000000000E+00
   0.000000000000000E+00
   0.000000000000000E+00
   0.000000000000000E+00
   0.000000000000000E+00
   0.000000000000000E+00
   0.000000000000000E+00
   0.000000000000000E+00
   0.000000000000000E+00
   0.000000000000000E+00
   0.000000000000000E+00
   0.000000000000000E+00
   0.000000000000000E+00
   0.000000000000000E+00
   0.000000000000000E+00
   0.000000000000000E+00
   0.000000000000000E+00
   0.000000000000000E+00
   0.000000000000000E+00
   0.000000000000000E+00
   0.000000000000000E+00
   0.000000000000000E+00
   0.000000000000000E+00
   0.000000000000000E+00
   0.000000000000000E+00
   0.000000000000000E+00
   0.000000000000000E+00
   0.000000000000000E+00
   0.000000000000000E+00
   0.000000000000000E+00
   0.000000000000000E+00
   0.000000000000000E+00
   0.000000000000000E+00
   0.000000000000000E+00
   0.000000000000000E+00
   0.000000000000000E+00
   0.000000000000000E+00
   0.000000000000000E+00
   0.000000000000000E+00
   0.000000000000000E+00
   0.000000000000000E+00
   0.000000000000000E+00
   0.000000000000000E+00
   0.000000000000000E+00
   0.000000000000000E+00
   0.000000000000000E+00
   0.000000000000000E+00
   0.000000000000000E+00
   0.000000000000000E+00
   0.000000000000000E+00
   0.000000000000000E+00
   0.000000000000000E+00
   0.000000000000000E+00
   0.000000000000000E+00
   0.000000000000000E+00
   0.000000000000000E+00
   0.000000000000000E+00
   0.000000000000000E+00
   0.000000000000000E+00
   0.000000000000000E+00
   0.000000000000000E+00
   0.000000000000000E+00
   0.000000000000000E+00
   0.000000000000000E+00
   0.000000000000000E+00
   0.000000000000000E+00
   0.000000000000000E+00
   0.000000000000000E+00
   0.000000000000000E+00
   0.000000000000000E+00
   0.000000000000000E+00
   0.000000000000000E+00
   0.000000000000000E+00
   0.000000000000000E+00
   0.000000000000000E+00
   0.000000000000000E+00
   0.000000000000000E+00
   0.000000000000000E+00
   0.000000000000000E+00
   0.000000000000000E+00
   0.000000000000000E+00
   0.000000000000000E+00
   0.000000000000000E+00
   0.000000000000000E+00
   0.000000000000000E+00
   0.000000000000000E+00
   0.000000000000000E+00
   0.000000000000000E+00
   0.000000000000000E+00
   0.000000000000000E+00
   0.000000000000000E+00
   0.000000000000000E+00
   0.000000000000000E+00
   0.000000000000000E+00
   0.000000000000000E+00
   0.000000000000000E+00
   0.000000000000000E+00
   0.000000000000000E+00
   0.000000000000000E+00
   0.000000000000000E+00
   0.000000000000000E+00
   0.000000000000000E+00
   0.000000000000000E+00
   0.000000000000000E+00
   0.000000000000000E+00
   0.000000000000000E+00
   0.000000000000000E+00
   0.000000000000000E+00
   0.000000000000000E+00
   0.000000000000000E+00
   0.000000000000000E+00
   0.000000000000000E+00
   0.000000000000000E+00
   0.000000000000000E+00
   0.000000000000000E+00
   0.000000000000000E+00
   0.000000000000000E+00
   0.000000000000000E+00
   0.000000000000000E+00
   0.000000000000000E+00
   0.000000000000000E+00
   0.000000000000000E+00
   0.000000000000000E+00
   0.000000000000000E+00
   0.000000000000000E+00
   0.000000000000000E+00
   0.000000000000000E+00
   0.000000000000000E+00
   0.000000000000000E+00
   0.000000000000000E+00
   0.000000000000000E+00
   0.000000000000000E+00
   0.000000000000000E+00
   0.000000000000000E+00
   0.000000000000000E+00
   0.000000000000000E+00
   0.000000000000000E+00
   0.000000000000000E+00
   0.000000000000000E+00
   0.000000000000000E+00
   0.000000000000000E+00
   0.000000000000000E+00
   0.000000000000000E+00
   0.000000000000000E+00
   0.000000000000000E+00
   0.000000000000000E+00
   0.000000000000000E+00
   0.000000000000000E+00
   0.000000000000000E+00
   0.000000000000000E+00
   0.000000000000000E+00
   0.000000000000000E+00
   0.000000000000000E+00
   0.000000000000000E+00
   0.000000000000000E+00
   0.000000000000000E+00
   0.000000000000000E+00
   0.000000000000000E+00
   0.000000000000000E+00
   0.000000000000000E+00
   0.000000000000000E+00
   0.000000000000000E+00
   0.000000000000000E+00
   0.000000000000000E+00
   0.000000000000000E+00
   0.000000000000000E+00
   0.000000000000000E+00
   0.000000000000000E+00
   0.000000000000000E+00
   0.000000000000000E+00
   0.000000000000000E+00
   0.000000000000000E+00
   0.000000000000000E+00
   0.000000000000000E+00
   0.000000000000000E+00
   0.000000000000000E+00
   0.000000000000000E+00
   0.000000000000000E+00
   0.000000000000000E+00
   0.000000000000000E+00
   0.000000000000000E+00
   0.000000000000000E+00
   0.000000000000000E+00
   0.000000000000000E+00
   0.000000000000000E+00
   0.000000000000000E+00
   0.000000000000000E+00
   0.000000000000000E+00
   0.000000000000000E+00
   0.000000000000000E+00
   0.000000000000000E+00
   0.000000000000000E+00
   0.000000000000000E+00
   0.000000000000000E+00
   0.000000000000000E+00
   0.000000000000000E+00
   0.000000000000000E+00
   0.000000000000000E+00
   0.000000000000000E+00
   0.000000000000000E+00
   0.000000000000000E+00
   0.000000000000000E+00
   0.000000000000000E+00
   0.000000000000000E+00
   0.000000000000000E+00
   0.000000000000000E+00
   0.000000000000000E+00
   0.000000000000000E+00
   0.000000000000000E+00
   0.000000000000000E+00
   0.000000000000000E+00
   0.000000000000000E+00
   0.000000000000000E+00
   0.000000000000000E+00
   0.000000000000000E+00
   0.000000000000000E+00
   0.000000000000000E+00
   0.000000000000000E+00
   0.000000000000000E+00
   0.000000000000000E+00
   0.000000000000000E+00
   0.000000000000000E+00
   0.000000000000000E+00
   0.000000000000000E+00
   0.000000000000000E+00
   0.000000000000000E+00
   0.000000000000000E+00
   0.000000000000000E+00
   0.000000000000000E+00
   0.000000000000000E+00
   0.000000000000000E+00
   0.000000000000000E+00
   0.000000000000000E+00
   0.000000000000000E+00
   0.000000000000000E+00
   0.000000000000000E+00
   0.000000000000000E+00
   0.000000000000000E+00
   0.000000000000000E+00
   0.000000000000000E+00
   0.000000000000000E+00
   0.000000000000000E+00
   0.000000000000000E+00
   0.000000000000000E+00
   0.000000000000000E+00
   0.000000000000000E+00
   0.000000000000000E+00
   0.000000000000000E+00
   0.000000000000000E+00
   0.000000000000000E+00
   0.000000000000000E+00
   0.000000000000000E+00
   0.000000000000000E+00
   0.000000000000000E+00
   0.000000000000000E+00
   0.000000000000000E+00
   0.000000000000000E+00
   0.000000000000000E+00
   0.000000000000000E+00
   0.000000000000000E+00
   0.000000000000000E+00
   0.000000000000000E+00
   0.000000000000000E+00
   0.000000000000000E+00
   0.000000000000000E+00
   0.000000000000000E+00
   0.000000000000000E+00
   0.000000000000000E+00
   0.000000000000000E+00
   0.000000000000000E+00
   0.000000000000000E+00
   0.000000000000000E+00
   0.000000000000000E+00
   0.000000000000000E+00
   0.000000000000000E+00
   0.000000000000000E+00
   0.000000000000000E+00
   0.000000000000000E+00
   0.000000000000000E+00
   0.000000000000000E+00
   0.000000000000000E+00
   0.000000000000000E+00
   0.000000000000000E+00
   0.000000000000000E+00
   0.000000000000000E+00
   0.000000000000000E+00
   0.000000000000000E+00
   0.000000000000000E+00
   0.000000000000000E+00
   0.000000000000000E+00
   0.000000000000000E+00
   0.000000000000000E+00
   0.000000000000000E+00
   0.000000000000000E+00
   0.000000000000000E+00
   0.000000000000000E+00
   0.000000000000000E+00
   0.000000000000000E+00
   0.000000000000000E+00
   0.000000000000000E+00
   0.000000000000000E+00
   0.000000000000000E+00
   0.000000000000000E+00
   0.000000000000000E+00
   0.000000000000000E+00
   0.000000000000000E+00
   0.000000000000000E+00
   0.000000000000000E+00
   0.000000000000000E+00
   0.000000000000000E+00
   0.000000000000000E+00
   0.000000000000000E+00
   0.000000000000000E+00
   0.000000000000000E+00
   0.000000000000000E+00
   0.000000000000000E+00
   0.000000000000000E+00
   0.000000000000000E+00
   0.000000000000000E+00
   0.000000000000000E+00
   0.000000000000000E+00
   0.000000000000000E+00
   0.000000000000000E+00
   0.000000000000000E+00
   0.000000000000000E+00
   0.000000000000000E+00
   0.000000000000000E+00
   0.000000000000000E+00
   0.000000000000000E+00
   0.000000000000000E+00
   0.000000000000000E+00
   0.000000000000000E+00
   0.000000000000000E+00
   0.000000000000000E+00
   0.000000000000000E+00
   0.000000000000000E+00
   0.000000000000000E+00
   0.000000000000000E+00
   0.000000000000000E+00
   0.000000000000000E+00
   0.000000000000000E+00
   0.000000000000000E+00
   0.000000000000000E+00
   0.000000000000000E+00
   0.000000000000000E+00
   0.000000000000000E+00
   0.000000000000000E+00
   0.000000000000000E+00
   0.000000000000000E+00
   0.000000000000000E+00
   0.000000000000000E+00
   0.000000000000000E+00
   0.000000000000000E+00
   0.000000000000000E+00
   0.000000000000000E+00
   0.000000000000000E+00
   0.000000000000000E+00
   0.000000000000000E+00
   0.000000000000000E+00
   0.000000000000000E+00
   0.000000000000000E+00
   0.000000000000000E+00
   0.000000000000000E+00
   0.000000000000000E+00
   0.000000000000000E+00
   0.000000000000000E+00
   0.000000000000000E+00
   0.000000000000000E+00
   0.000000000000000E+00
   0.000000000000000E+00
   0.000000000000000E+00
   0.000000000000000E+00
   0.000000000000000E+00
   0.000000000000000E+00
   0.000000000000000E+00
   0.000000000000000E+00
   0.000000000000000E+00
   0.000000000000000E+00
   0.000000000000000E+00
   0.000000000000000E+00
   0.000000000000000E+00
   0.000000000000000E+00
   0.000000000000000E+00
   0.000000000000000E+00
   0.000000000000000E+00
   0.000000000000000E+00
   0.000000000000000E+00
   0.000000000000000E+00
   0.000000000000000E+00
   0.000000000000000E+00
   0.000000000000000E+00
   0.000000000000000E+00
   0.000000000000000E+00
   0.000000000000000E+00
   0.000000000000000E+00
   0.000000000000000E+00
   0.000000000000000E+00
   0.000000000000000E+00
   0.000000000000000E+00
   0.000000000000000E+00
   0.000000000000000E+00
   0.000000000000000E+00
   0.000000000000000E+00
   0.000000000000000E+00
   0.000000000000000E+00
   0.000000000000000E+00
   0.000000000000000E+00
   0.000000000000000E+00
   0.000000000000000E+00
   0.000000000000000E+00
   0.000000000000000E+00
   0.000000000000000E+00
   0.000000000000000E+00
   0.000000000000000E+00
   0.000000000000000E+00
   0.000000000000000E+00
   0.000000000000000E+00
   0.000000000000000E+00
   0.000000000000000E+00
   0.000000000000000E+00
   0.000000000000000E+00
   0.000000000000000E+00
   0.000000000000000E+00
   0.000000000000000E+00
   0.000000000000000E+00
   0.000000000000000E+00
   0.000000000000000E+00
   0.000000000000000E+00
   0.000000000000000E+00
   0.000000000000000E+00
   0.000000000000000E+00
   0.000000000000000E+00
   0.000000000000000E+00
   0.000000000000000E+00
   0.000000000000000E+00
   0.000000000000000E+00
   0.000000000000000E+00
   0.000000000000000E+00
   0.000000000000000E+00
   0.000000000000000E+00
   0.000000000000000E+00
   0.000000000000000E+00
   0.000000000000000E+00
   0.000000000000000E+00
   0.000000000000000E+00
   0.000000000000000E+00
   0.000000000000000E+00
   0.000000000000000E+00
   0.000000000000000E+00
   0.000000000000000E+00
   0.000000000000000E+00
   0.000000000000000E+00
   0.000000000000000E+00
   0.000000000000000E+00
   0.000000000000000E+00
   0.000000000000000E+00
   0.000000000000000E+00
   0.000000000000000E+00
   0.000000000000000E+00
   0.000000000000000E+00
   0.000000000000000E+00
   0.000000000000000E+00
   0.000000000000000E+00
   0.000000000000000E+00
   0.000000000000000E+00
   0.000000000000000E+00
   0.000000000000000E+00
   0.000000000000000E+00
   0.000000000000000E+00
   0.000000000000000E+00
   0.000000000000000E+00
   0.000000000000000E+00
   0.000000000000000E+00
   0.000000000000000E+00
   0.000000000000000E+00
   0.000000000000000E+00
   0.000000000000000E+00
   0.000000000000000E+00
   0.000000000000000E+00
   0.000000000000000E+00
   0.000000000000000E+00
   0.000000000000000E+00
   0.000000000000000E+00
   0.000000000000000E+00
   0.000000000000000E+00
   0.000000000000000E+00
   0.000000000000000E+00
   0.000000000000000E+00
   0.000000000000000E+00
   0.000000000000000E+00
   0.000000000000000E+00
   0.000000000000000E+00
   0.000000000000000E+00
   0.000000000000000E+00
   0.000000000000000E+00
   0.000000000000000E+00
   0.000000000000000E+00
   0.000000000000000E+00
   0.000000000000000E+00
   0.000000000000000E+00
   0.000000000000000E+00
   0.000000000000000E+00
   0.000000000000000E+00
   0.000000000000000E+00
   0.000000000000000E+00
   0.000000000000000E+00
   0.000000000000000E+00
   0.000000000000000E+00
   0.000000000000000E+00
   0.000000000000000E+00
   0.000000000000000E+00
   0.000000000000000E+00
   0.000000000000000E+00
   0.000000000000000E+00
   0.000000000000000E+00
   0.000000000000000E+00
   0.000000000000000E+00
   0.000000000000000E+00
   0.000000000000000E+00
   0.000000000000000E+00
   0.000000000000000E+00
   0.000000000000000E+00
   0.000000000000000E+00
   0.000000000000000E+00
   0.000000000000000E+00
   0.000000000000000E+00
   0.000000000000000E+00
   0.000000000000000E+00
   0.000000000000000E+00
   0.000000000000000E+00
   0.000000000000000E+00
   0.000000000000000E+00
   0.000000000000000E+00
   0.000000000000000E+00
   0.000000000000000E+00
   0.000000000000000E+00
   0.000000000000000E+00
   0.000000000000000E+00
   0.000000000000000E+00
   0.000000000000000E+00
   0.000000000000000E+00
   0.000000000000000E+00
   0.000000000000000E+00
   0.000000000000000E+00
   0.000000000000000E+00
   0.000000000000000E+00
   0.000000000000000E+00
   0.000000000000000E+00
   0.000000000000000E+00
   0.000000000000000E+00
   0.000000000000000E+00
   0.000000000000000E+00
   0.000000000000000E+00
   0.000000000000000E+00
   0.000000000000000E+00
   0.000000000000000E+00
   0.000000000000000E+00
   0.000000000000000E+00
   0.000000000000000E+00
   0.000000000000000E+00
   0.000000000000000E+00
   0.000000000000000E+00
   0.000000000000000E+00
   0.000000000000000E+00
   0.000000000000000E+00
   0.000000000000000E+00
   0.000000000000000E+00
   0.000000000000000E+00
   0.000000000000000E+00
   0.000000000000000E+00
   0.000000000000000E+00
   0.000000000000000E+00
   0.000000000000000E+00
   0.000000000000000E+00
   0.000000000000000E+00
   0.000000000000000E+00
   0.000000000000000E+00
   0.000000000000000E+00
   0.000000000000000E+00
   0.000000000000000E+00
   0.000000000000000E+00
   0.000000000000000E+00
   0.000000000000000E+00
   0.000000000000000E+00
   0.000000000000000E+00
   0.000000000000000E+00
   0.000000000000000E+00
   0.000000000000000E+00
   0.000000000000000E+00
   0.000000000000000E+00
   0.000000000000000E+00
   0.000000000000000E+00
   0.000000000000000E+00
   0.000000000000000E+00
   0.000000000000000E+00
   0.000000000000000E+00
   0.000000000000000E+00
   0.000000000000000E+00
   0.000000000000000E+00
   0.000000000000000E+00
   0.000000000000000E+00
   0.000000000000000E+00
   0.000000000000000E+00
   0.000000000000000E+00
   0.000000000000000E+00
   0.000000000000000E+00
   0.000000000000000E+00
   0.000000000000000E+00
   0.000000000000000E+00
   0.000000000000000E+00
   0.000000000000000E+00
   0.000000000000000E+00
   0.000000000000000E+00
   0.000000000000000E+00
   0.000000000000000E+00
   0.000000000000000E+00
   0.000000000000000E+00
   0.000000000000000E+00
   0.000000000000000E+00
   0.000000000000000E+00
   0.000000000000000E+00
   0.000000000000000E+00
   0.000000000000000E+00
   0.000000000000000E+00
   0.000000000000000E+00
   0.000000000000000E+00
   0.000000000000000E+00
   0.000000000000000E+00
   0.000000000000000E+00
   0.000000000000000E+00
   0.000000000000000E+00
   0.000000000000000E+00
   0.000000000000000E+00
   0.000000000000000E+00
   0.000000000000000E+00
   0.000000000000000E+00
   0.000000000000000E+00
   0.000000000000000E+00
   0.000000000000000E+00
   0.000000000000000E+00
   0.000000000000000E+00
   0.000000000000000E+00
   0.000000000000000E+00
   0.000000000000000E+00
   0.000000000000000E+00
   0.000000000000000E+00
   0.000000000000000E+00
   0.000000000000000E+00
   0.000000000000000E+00
   0.000000000000000E+00
   0.000000000000000E+00
   0.000000000000000E+00
   0.000000000000000E+00
   0.000000000000000E+00
   0.000000000000000E+00
   0.000000000000000E+00
   0.000000000000000E+00
   0.000000000000000E+00
   0.000000000000000E+00
   0.000000000000000E+00
   0.000000000000000E+00
   0.000000000000000E+00
   0.000000000000000E+00
   0.000000000000000E+00
   0.000000000000000E+00
   0.000000000000000E+00
   0.000000000000000E+00
   0.000000000000000E+00
   0.000000000000000E+00
   0.000000000000000E+00
   0.000000000000000E+00
   0.000000000000000E+00
   0.000000000000000E+00
   0.000000000000000E+00
   0.000000000000000E+00
   0.000000000000000E+00
   0.000000000000000E+00
   0.000000000000000E+00
   0.000000000000000E+00
   0.000000000000000E+00
   0.000000000000000E+00
   0.000000000000000E+00
   0.000000000000000E+00
   0.000000000000000E+00
   0.000000000000000E+00
   0.000000000000000E+00
   0.000000000000000E+00
   0.000000000000000E+00
   0.000000000000000E+00
   0.000000000000000E+00
   0.000000000000000E+00
   0.000000000000000E+00
   0.000000000000000E+00
   0.000000000000000E+00
   0.000000000000000E+00
   0.000000000000000E+00
   0.000000000000000E+00
   0.000000000000000E+00
   0.000000000000000E+00
   0.000000000000000E+00
   0.000000000000000E+00
   0.000000000000000E+00
   0.000000000000000E+00
   0.000000000000000E+00
   0.000000000000000E+00
   0.000000000000000E+00
   0.000000000000000E+00
   0.000000000000000E+00
   0.000000000000000E+00
   0.000000000000000E+00
   0.000000000000000E+00
   0.000000000000000E+00
   0.000000000000000E+00
   0.000000000000000E+00
   0.000000000000000E+00
   0.000000000000000E+00
   0.000000000000000E+00
   0.000000000000000E+00
   0.000000000000000E+00
   0.000000000000000E+00
   0.000000000000000E+00
   0.000000000000000E+00
   0.000000000000000E+00
   0.000000000000000E+00
   0.000000000000000E+00
   0.000000000000000E+00
   0.000000000000000E+00
   0.000000000000000E+00
   0.000000000000000E+00
   0.000000000000000E+00
   0.000000000000000E+00
   0.000000000000000E+00
   0.000000000000000E+00
   0.000000000000000E+00
   0.000000000000000E+00
   0.000000000000000E+00
   0.000000000000000E+00
   0.000000000000000E+00
   0.000000000000000E+00
   0.000000000000000E+00
   0.000000000000000E+00
   0.000000000000000E+00
   0.000000000000000E+00
   0.000000000000000E+00
   0.000000000000000E+00
   0.000000000000000E+00
   0.000000000000000E+00
   0.000000000000000E+00
   0.000000000000000E+00
   0.000000000000000E+00
   0.000000000000000E+00
   0.000000000000000E+00
   0.000000000000000E+00
   0.000000000000000E+00
   0.000000000000000E+00
   0.000000000000000E+00
   0.000000000000000E+00
   0.000000000000000E+00
   0.000000000000000E+00
   0.000000000000000E+00
   0.000000000000000E+00
   0.000000000000000E+00
   0.000000000000000E+00
   0.000000000000000E+00
   0.000000000000000E+00
   0.000000000000000E+00
   0.000000000000000E+00
   0.000000000000000E+00
   0.000000000000000E+00
   0.000000000000000E+00
   0.000000000000000E+00
   0.000000000000000E+00
   0.000000000000000E+00
   0.000000000000000E+00
   0.000000000000000E+00
   0.000000000000000E+00
   0.000000000000000E+00
   0.000000000000000E+00
   0.000000000000000E+00
   0.000000000000000E+00
   0.000000000000000E+00
   0.000000000000000E+00
   0.000000000000000E+00
   0.000000000000000E+00
   0.000000000000000E+00
   0.000000000000000E+00
   0.000000000000000E+00
   0.000000000000000E+00
   0.000000000000000E+00
   0.000000000000000E+00
   0.000000000000000E+00
   0.000000000000000E+00
   0.000000000000000E+00
   0.000000000000000E+00
   0.000000000000000E+00
   0.000000000000000E+00
   0.000000000000000E+00
   0.000000000000000E+00
   0.000000000000000E+00
   0.000000000000000E+00
   0.000000000000000E+00
   0.000000000000000E+00
   0.000000000000000E+00
   0.000000000000000E+00
   0.000000000000000E+00
   0.000000000000000E+00
   0.000000000000000E+00
   0.000000000000000E+00
   0.000000000000000E+00
   0.000000000000000E+00
   0.000000000000000E+00
   0.000000000000000E+00
   0.000000000000000E+00
   0.000000000000000E+00
   0.000000000000000E+00
   0.000000000000000E+00
   0.000000000000000E+00
   0.000000000000000E+00
   0.000000000000000E+00
   0.000000000000000E+00
   0.000000000000000E+00
   0.000000000000000E+00
   0.000000000000000E+00
   0.000000000000000E+00
   0.000000000000000E+00
   0.000000000000000E+00
   0.000000000000000E+00
   0.000000000000000E+00
   0.000000000000000E+00
   0.000000000000000E+00
   0.000000000000000E+00
   0.000000000000000E+00
   0.000000000000000E+00
   0.000000000000000E+00
   0.000000000000000E+00
   0.000000000000000E+00
   0.000000000000000E+00
   0.000000000000000E+00
   0.000000000000000E+00
   0.000000000000000E+00
   0.000000000000000E+00
   0.000000000000000E+00
   0.000000000000000E+00
   0.000000000000000E+00
   0.000000000000000E+00
   0.000000000000000E+00
   0.000000000000000E+00
   0.000000000000000E+00
   0.000000000000000E+00
   0.000000000000000E+00
   0.000000000000000E+00
   0.000000000000000E+00
   0.000000000000000E+00
   0.000000000000000E+00
   0.000000000000000E+00
   0.000000000000000E+00
   0.000000000000000E+00
   0.000000000000000E+00
   0.000000000000000E+00
   0.000000000000000E+00
   0.000000000000000E+00
   0.000000000000000E+00
   0.000000000000000E+00
   0.000000000000000E+00
   0.000000000000000E+00
   0.000000000000000E+00
   0.000000000000000E+00
   0.000000000000000E+00
   0.000000000000000E+00
   0.000000000000000E+00
   0.000000000000000E+00
   0.000000000000000E+00
   0.000000000000000E+00
   0.000000000000000E+00
   0.000000000000000E+00
   0.000000000000000E+00
   0.000000000000000E+00
   0.000000000000000E+00
   0.000000000000000E+00
   0.000000000000000E+00
   0.000000000000000E+00
   0.000000000000000E+00
   0.000000000000000E+00
   0.000000000000000E+00
   0.000000000000000E+00
   0.000000000000000E+00
   0.000000000000000E+00
   0.000000000000000E+00
   0.000000000000000E+00
   0.000000000000000E+00
   0.000000000000000E+00
   0.000000000000000E+00
   0.000000000000000E+00
   0.000000000000000E+00
   0.000000000000000E+00
   0.000000000000000E+00
   0.000000000000000E+00
   0.000000000000000E+00
   0.000000000000000E+00
   0.000000000000000E+00
   0.000000000000000E+00
   0.000000000000000E+00
   0.000000000000000E+00
   0.000000000000000E+00
   0.000000000000000E+00
   0.000000000000000E+00
   0.000000000000000E+00
   0.000000000000000E+00
   0.000000000000000E+00
   0.000000000000000E+00
   0.000000000000000E+00
   0.000000000000000E+00
   0.000000000000000E+00
   0.000000000000000E+00
   0.000000000000000E+00
   0.000000000000000E+00
   0.000000000000000E+00
   0.000000000000000E+00
   0.000000000000000E+00
   0.000000000000000E+00
   0.000000000000000E+00
   0.000000000000000E+00
   0.000000000000000E+00
   0.000000000000000E+00
   0.000000000000000E+00
   0.000000000000000E+00
   0.000000000000000E+00
   0.000000000000000E+00
   0.000000000000000E+00
   0.000000000000000E+00
   0.000000000000000E+00
   0.000000000000000E+00
   0.000000000000000E+00
   0.000000000000000E+00
   0.000000000000000E+00
   0.000000000000000E+00
   0.000000000000000E+00
   0.000000000000000E+00
   0.000000000000000E+00
   0.000000000000000E+00
   0.000000000000000E+00
   0.000000000000000E+00
   0.000000000000000E+00
   0.000000000000000E+00
   0.000000000000000E+00
   0.000000000000000E+00
   0.000000000000000E+00
   0.000000000000000E+00
   0.000000000000000E+00
   0.000000000000000E+00
   0.000000000000000E+00
   0.000000000000000E+00
   0.000000000000000E+00
   0.000000000000000E+00
   0.000000000000000E+00
   0.000000000000000E+00
   0.000000000000000E+00
   0.000000000000000E+00
   0.000000000000000E+00
   0.000000000000000E+00
   0.000000000000000E+00
   0.000000000000000E+00
   0.000000000000000E+00
   0.000000000000000E+00
   0.000000000000000E+00
   0.000000000000000E+00
   0.000000000000000E+00
   0.000000000000000E+00
   0.000000000000000E+00
   0.000000000000000E+00
   0.000000000000000E+00
   0.000000000000000E+00
   0.000000000000000E+00
   0.000000000000000E+00
   0.000000000000000E+00
   0.000000000000000E+00
   0.000000000000000E+00
   0.000000000000000E+00
   0.000000000000000E+00
   0.000000000000000E+00
   0.000000000000000E+00
   0.000000000000000E+00
   0.000000000000000E+00
   0.000000000000000E+00
   0.000000000000000E+00
   0.000000000000000E+00
   0.000000000000000E+00
   0.000000000000000E+00
   0.000000000000000E+00
   0.000000000000000E+00
   0.000000000000000E+00
   0.000000000000000E+00
   0.000000000000000E+00
   0.000000000000000E+00
   0.000000000000000E+00
   0.000000000000000E+00
   0.000000000000000E+00
   0.000000000000000E+00
   0.000000000000000E+00
   0.000000000000000E+00
   0.000000000000000E+00
   0.000000000000000E+00
   0.000000000000000E+00
   0.000000000000000E+00
   0.000000000000000E+00
   0.000000000000000E+00
   0.000000000000000E+00
   0.000000000000000E+00
   0.000000000000000E+00
   0.000000000000000E+00
   0.000000000000000E+00
   0.000000000000000E+00
   0.000000000000000E+00
   0.000000000000000E+00
   0.000000000000000E+00
   0.000000000000000E+00
   0.000000000000000E+00
   0.000000000000000E+00
   0.000000000000000E+00
   0.000000000000000E+00
   0.000000000000000E+00
   0.000000000000000E+00
   0.000000000000000E+00
   0.000000000000000E+00
   0.000000000000000E+00
   0.000000000000000E+00
   0.000000000000000E+00
   0.000000000000000E+00
   0.000000000000000E+00
   0.000000000000000E+00
   0.000000000000000E+00
   0.000000000000000E+00
   0.000000000000000E+00
   0.000000000000000E+00
   0.000000000000000E+00
   0.000000000000000E+00
   0.000000000000000E+00
   0.000000000000000E+00
   0.000000000000000E+00
   0.000000000000000E+00
   0.000000000000000E+00
   0.000000000000000E+00
   0.000000000000000E+00
   0.000000000000000E+00
   0.000000000000000E+00
   0.000000000000000E+00
   0.000000000000000E+00
   0.000000000000000E+00
   0.000000000000000E+00
   0.000000000000000E+00
   0.000000000000000E+00
   0.000000000000000E+00
   0.000000000000000E+00
   0.000000000000000E+00
   0.000000000000000E+00
   0.000000000000000E+00
   0.000000000000000E+00
   0.000000000000000E+00
   0.000000000000000E+00
   0.000000000000000E+00
   0.000000000000000E+00
   0.000000000000000E+00
   0.000000000000000E+00
   0.000000000000000E+00
   0.000000000000000E+00
   0.000000000000000E+00
   0.000000000000000E+00
   0.000000000000000E+00
   0.000000000000000E+00
   0.000000000000000E+00
   0.000000000000000E+00
   0.000000000000000E+00
   0.000000000000000E+00
   0.000000000000000E+00
   0.000000000000000E+00
   0.000000000000000E+00
   0.000000000000000E+00
   0.000000000000000E+00
   0.000000000000000E+00
   0.000000000000000E+00
   0.000000000000000E+00
   0.000000000000000E+00
   0.000000000000000E+00
   0.000000000000000E+00
   0.000000000000000E+00
   0.000000000000000E+00
   0.000000000000000E+00
   0.000000000000000E+00
   0.000000000000000E+00
   0.000000000000000E+00
   0.000000000000000E+00
   0.000000000000000E+00
   0.000000000000000E+00
   0.000000000000000E+00
   0.000000000000000E+00
   0.000000000000000E+00
   0.000000000000000E+00
   0.000000000000000E+00
   0.000000000000000E+00
   0.000000000000000E+00
   0.000000000000000E+00
   0.000000000000000E+00
   0.000000000000000E+00
   0.000000000000000E+00
   0.000000000000000E+00
   0.000000000000000E+00
   0.000000000000000E+00
   0.000000000000000E+00
   0.000000000000000E+00
   0.000000000000000E+00
   0.000000000000000E+00
   0.000000000000000E+00
   0.000000000000000E+00
   0.000000000000000E+00
   0.000000000000000E+00
   0.000000000000000E+00
   0.000000000000000E+00
   0.000000000000000E+00
   0.000000000000000E+00
   0.000000000000000E+00
   0.000000000000000E+00
   0.000000000000000E+00
   0.000000000000000E+00
   0.000000000000000E+00
   0.000000000000000E+00
   0.000000000000000E+00
   0.000000000000000E+00
   0.000000000000000E+00
   0.000000000000000E+00
   0.000000000000000E+00
   0.000000000000000E+00
   0.000000000000000E+00
   0.000000000000000E+00
   0.000000000000000E+00
   0.000000000000000E+00
   0.000000000000000E+00
   0.000000000000000E+00
   0.000000000000000E+00
   0.000000000000000E+00
   0.000000000000000E+00
   0.000000000000000E+00
   0.000000000000000E+00
   0.000000000000000E+00
   0.000000000000000E+00
   0.000000000000000E+00
   0.000000000000000E+00
   0.000000000000000E+00
   0.000000000000000E+00
   0.000000000000000E+00
   0.000000000000000E+00
   0.000000000000000E+00
   0.000000000000000E+00
   0.000000000000000E+00
   0.000000000000000E+00
   0.000000000000000E+00
   0.000000000000000E+00
   0.000000000000000E+00
   0.000000000000000E+00
   0.000000000000000E+00
   0.000000000000000E+00
   0.000000000000000E+00
   0.000000000000000E+00
   0.000000000000000E+00
   0.000000000000000E+00
   0.000000000000000E+00
   0.000000000000000E+00
   0.000000000000000E+00
   0.000000000000000E+00
   0.000000000000000E+00
   0.000000000000000E+00
   0.000000000000000E+00
   0.000000000000000E+00
   0.000000000000000E+00
   0.000000000000000E+00
   0.000000000000000E+00
   0.000000000000000E+00
   0.000000000000000E+00
   0.000000000000000E+00
   0.000000000000000E+00
   0.000000000000000E+00
   0.000000000000000E+00
   0.000000000000000E+00
   0.000000000000000E+00
   0.000000000000000E+00
   0.000000000000000E+00
   0.000000000000000E+00
   0.000000000000000E+00
   0.000000000000000E+00
   0.000000000000000E+00
   0.000000000000000E+00
   0.000000000000000E+00
   0.000000000000000E+00
   0.000000000000000E+00
   0.000000000000000E+00
   0.000000000000000E+00
   0.000000000000000E+00
   0.000000000000000E+00
   0.000000000000000E+00
   0.000000000000000E+00
   0.000000000000000E+00
   0.000000000000000E+00
   0.000000000000000E+00
   0.000000000000000E+00
   0.000000000000000E+00
   0.000000000000000E+00
   0.000000000000000E+00
   0.000000000000000E+00
   0.000000000000000E+00
   0.000000000000000E+00
   0.000000000000000E+00
   0.000000000000000E+00
   0.000000000000000E+00
   0.000000000000000E+00
   0.000000000000000E+00
   0.000000000000000E+00
   0.000000000000000E+00
   0.000000000000000E+00
   0.000000000000000E+00
   0.000000000000000E+00
   0.000000000000000E+00
   0.000000000000000E+00
   0.000000000000000E+00
   0.000000000000000E+00
   0.000000000000000E+00
   0.000000000000000E+00
   0.000000000000000E+00
   0.000000000000000E+00
   0.000000000000000E+00
   0.000000000000000E+00
   0.000000000000000E+00
   0.000000000000000E+00
   0.000000000000000E+00
   0.000000000000000E+00
   0.000000000000000E+00
   0.000000000000000E+00
   0.000000000000000E+00
   0.000000000000000E+00
   0.000000000000000E+00
   0.000000000000000E+00
   0.000000000000000E+00
   0.000000000000000E+00
   0.000000000000000E+00
   0.000000000000000E+00
   0.000000000000000E+00
   0.000000000000000E+00
   0.000000000000000E+00
   0.000000000000000E+00
   0.000000000000000E+00
   0.000000000000000E+00
   0.000000000000000E+00
   0.000000000000000E+00
   0.000000000000000E+00
   0.000000000000000E+00
   0.000000000000000E+00
   0.000000000000000E+00
   0.000000000000000E+00
   0.000000000000000E+00
   0.000000000000000E+00
   0.000000000000000E+00
   0.000000000000000E+00
   0.000000000000000E+00
   0.000000000000000E+00
   0.000000000000000E+00
   0.000000000000000E+00
   0.000000000000000E+00
   0.000000000000000E+00
   0.000000000000000E+00
   0.000000000000000E+00
   0.000000000000000E+00
   0.000000000000000E+00
   0.000000000000000E+00
   0.000000000000000E+00
   0.000000000000000E+00
   0.000000000000000E+00
   0.000000000000000E+00
   0.000000000000000E+00
   0.000000000000000E+00
   0.000000000000000E+00
   0.000000000000000E+00
   0.000000000000000E+00
   0.000000000000000E+00
   0.000000000000000E+00
   0.000000000000000E+00
   0.000000000000000E+00
   0.000000000000000E+00
   0.000000000000000E+00
   0.000000000000000E+00
   0.000000000000000E+00
   0.000000000000000E+00
   0.000000000000000E+00
   0.000000000000000E+00
   0.000000000000000E+00
   0.000000000000000E+00
   0.000000000000000E+00
   0.000000000000000E+00
   0.000000000000000E+00
   0.000000000000000E+00
   0.000000000000000E+00
   0.000000000000000E+00
   0.000000000000000E+00
   0.000000000000000E+00
   0.000000000000000E+00
   0.000000000000000E+00
   0.000000000000000E+00
   0.000000000000000E+00
   0.000000000000000E+00
   0.000000000000000E+00
   0.000000000000000E+00
   0.000000000000000E+00
   0.000000000000000E+00
   0.000000000000000E+00
   0.000000000000000E+00
   0.000000000000000E+00
   0.000000000000000E+00
   0.000000000000000E+00
   0.000000000000000E+00
   0.000000000000000E+00
   0.000000000000000E+00
   0.000000000000000E+00
   0.000000000000000E+00
   0.000000000000000E+00
   0.000000000000000E+00
   0.000000000000000E+00
   0.000000000000000E+00
   0.000000000000000E+00
   0.000000000000000E+00
   0.000000000000000E+00
   0.000000000000000E+00
   0.000000000000000E+00
   0.000000000000000E+00
   0.000000000000000E+00
   0.000000000000000E+00
   0.000000000000000E+00
   0.000000000000000E+00
   0.000000000000000E+00
   0.000000000000000E+00
   0.000000000000000E+00
   0.000000000000000E+00
   0.000000000000000E+00
   0.000000000000000E+00
   0.000000000000000E+00
   0.000000000000000E+00
   0.000000000000000E+00
   0.000000000000000E+00
   0.000000000000000E+00
   0.000000000000000E+00
   0.000000000000000E+00
   0.000000000000000E+00
   0.000000000000000E+00
   0.000000000000000E+00
   0.000000000000000E+00
   0.000000000000000E+00
   0.000000000000000E+00
   0.000000000000000E+00
   0.000000000000000E+00
   0.000000000000000E+00
   0.000000000000000E+00
   0.000000000000000E+00
   0.000000000000000E+00
   0.000000000000000E+00
   0.000000000000000E+00
   0.000000000000000E+00
   0.000000000000000E+00
   0.000000000000000E+00
   0.000000000000000E+00
   0.000000000000000E+00
   0.000000000000000E+00
   0.000000000000000E+00
   0.000000000000000E+00
   0.000000000000000E+00
   0.000000000000000E+00
   0.000000000000000E+00
   0.000000000000000E+00
   0.000000000000000E+00
   0.000000000000000E+00
   0.000000000000000E+00
   0.000000000000000E+00
   0.000000000000000E+00
   0.000000000000000E+00
   0.000000000000000E+00
   0.000000000000000E+00
   0.000000000000000E+00
   0.000000000000000E+00
   0.000000000000000E+00
   0.000000000000000E+00
   0.000000000000000E+00
   0.000000000000000E+00
   0.000000000000000E+00
   0.000000000000000E+00
   0.000000000000000E+00
   0.000000000000000E+00
   0.000000000000000E+00
   0.000000000000000E+00
   0.000000000000000E+00
   0.000000000000000E+00
   0.000000000000000E+00
   0.000000000000000E+00
   0.000000000000000E+00
   0.000000000000000E+00
   0.000000000000000E+00
   0.000000000000000E+00
   0.000000000000000E+00
   0.000000000000000E+00
   0.000000000000000E+00
   0.000000000000000E+00
   0.000000000000000E+00
   0.000000000000000E+00
   0.000000000000000E+00
   0.000000000000000E+00
   0.000000000000000E+00
   0.000000000000000E+00
   0.000000000000000E+00
   0.000000000000000E+00
   0.000000000000000E+00
   0.000000000000000E+00
   0.000000000000000E+00
   0.000000000000000E+00
   0.000000000000000E+00
   0.000000000000000E+00
   0.000000000000000E+00
   0.000000000000000E+00
   0.000000000000000E+00
   0.000000000000000E+00
   0.000000000000000E+00
   0.000000000000000E+00
   0.000000000000000E+00
   0.000000000000000E+00
   0.000000000000000E+00
   0.000000000000000E+00
   0.000000000000000E+00
   0.000000000000000E+00
   0.000000000000000E+00
   0.000000000000000E+00
   0.000000000000000E+00
   0.000000000000000E+00
   0.000000000000000E+00
   0.000000000000000E+00
   0.000000000000000E+00
   0.000000000000000E+00
   0.000000000000000E+00
   0.000000000000000E+00
   0.000000000000000E+00
   0.000000000000000E+00
   0.000000000000000E+00
   0.000000000000000E+00
   0.000000000000000E+00
   0.000000000000000E+00
   0.000000000000000E+00
   0.000000000000000E+00
   0.000000000000000E+00
   0.000000000000000E+00
   0.000000000000000E+00
   0.000000000000000E+00
   0.000000000000000E+00
   0.000000000000000E+00
   0.000000000000000E+00
   0.000000000000000E+00
   0.000000000000000E+00
   0.000000000000000E+00
   0.000000000000000E+00
   0.000000000000000E+00
   0.000000000000000E+00
   0.000000000000000E+00
   0.000000000000000E+00
   0.000000000000000E+00
   0.000000000000000E+00
   0.000000000000000E+00
   0.000000000000000E+00
   0.000000000000000E+00
   0.000000000000000E+00
   0.000000000000000E+00
   0.000000000000000E+00
   0.000000000000000E+00
   0.000000000000000E+00
   0.000000000000000E+00
   0.000000000000000E+00
   0.000000000000000E+00
   0.000000000000000E+00
   0.000000000000000E+00
   0.000000000000000E+00
   0.000000000000000E+00
   0.000000000000000E+00
   0.000000000000000E+00
   0.000000000000000E+00
   0.000000000000000E+00
   0.000000000000000E+00
   0.000000000000000E+00
   0.000000000000000E+00
   0.000000000000000E+00
   0.000000000000000E+00
   0.000000000000000E+00
   0.000000000000000E+00
   0.000000000000000E+00
   0.000000000000000E+00
   0.000000000000000E+00
   0.000000000000000E+00
   0.000000000000000E+00
   0.000000000000000E+00
   0.000000000000000E+00
   0.000000000000000E+00
   0.000000000000000E+00
   0.000000000000000E+00
   0.000000000000000E+00
   0.000000000000000E+00
   0.000000000000000E+00
   0.000000000000000E+00
   0.000000000000000E+00
   0.000000000000000E+00
   0.000000000000000E+00
   0.000000000000000E+00
   0.000000000000000E+00
   0.000000000000000E+00
   0.000000000000000E+00
   0.000000000000000E+00
   0.000000000000000E+00
   0.000000000000000E+00
   0.000000000000000E+00
   0.000000000000000E+00
   0.000000000000000E+00
   0.000000000000000E+00
   0.000000000000000E+00
   0.000000000000000E+00
   0.000000000000000E+00
   0.000000000000000E+00
   0.000000000000000E+00
   0.000000000000000E+00
   0.000000000000000E+00
   0.000000000000000E+00
   0.000000000000000E+00
   0.000000000000000E+00
   0.000000000000000E+00
   0.000000000000000E+00
   0.000000000000000E+00
   0.000000000000000E+00
   0.000000000000000E+00
   0.000000000000000E+00
   0.000000000000000E+00
   0.000000000000000E+00
   0.000000000000000E+00
   0.000000000000000E+00
   0.000000000000000E+00
   0.000000000000000E+00
   0.000000000000000E+00
   0.000000000000000E+00
   0.000000000000000E+00
   0.000000000000000E+00
   0.000000000000000E+00
   0.000000000000000E+00
   0.000000000000000E+00
   0.000000000000000E+00
   0.000000000000000E+00
   0.000000000000000E+00
   0.000000000000000E+00
   0.000000000000000E+00
   0.000000000000000E+00
   0.000000000000000E+00
   0.000000000000000E+00
   0.000000000000000E+00
   0.000000000000000E+00
   0.000000000000000E+00
   0.000000000000000E+00
   0.000000000000000E+00
   0.000000000000000E+00
   0.000000000000000E+00
   0.000000000000000E+00
   0.000000000000000E+00
   0.000000000000000E+00
   0.000000000000000E+00
   0.000000000000000E+00
   0.000000000000000E+00
   0.000000000000000E+00
   0.000000000000000E+00
   0.000000000000000E+00
   0.000000000000000E+00
   0.000000000000000E+00
   0.000000000000000E+00
   0.000000000000000E+00
   0.000000000000000E+00
   0.000000000000000E+00
   0.000000000000000E+00
   0.000000000000000E+00
   0.000000000000000E+00
   0.000000000000000E+00
   0.000000000000000E+00
   0.000000000000000E+00
   0.000000000000000E+00
   0.000000000000000E+00
   0.000000000000000E+00
   0.000000000000000E+00
   0.000000000000000E+00
   0.000000000000000E+00
   0.000000000000000E+00
   0.000000000000000E+00
   0.000000000000000E+00
   0.000000000000000E+00
   0.000000000000000E+00
   0.000000000000000E+00
   0.000000000000000E+00
   0.000000000000000E+00
   0.000000000000000E+00
   0.000000000000000E+00
   0.000000000000000E+00
   0.000000000000000E+00
   0.000000000000000E+00
   0.000000000000000E+00
   0.000000000000000E+00
   0.000000000000000E+00
   0.000000000000000E+00
   0.000000000000000E+00
   0.000000000000000E+00
   0.000000000000000E+00
   0.000000000000000E+00
   0.000000000000000E+00
   0.000000000000000E+00
   0.000000000000000E+00
   0.000000000000000E+00
   0.000000000000000E+00
   0.000000000000000E+00
   0.000000000000000E+00
   0.000000000000000E+00
   0.000000000000000E+00
   0.000000000000000E+00
   0.000000000000000E+00
   0.000000000000000E+00
   0.000000000000000E+00
   0.000000000000000E+00
   0.000000000000000E+00
   0.000000000000000E+00
   0.000000000000000E+00
   0.000000000000000E+00
   0.000000000000000E+00
   0.000000000000000E+00
   0.000000000000000E+00
   0.000000000000000E+00
   0.000000000000000E+00
   0.000000000000000E+00
   0.000000000000000E+00
   0.000000000000000E+00
   0.000000000000000E+00
   0.000000000000000E+00
   0.000000000000000E+00
   0.000000000000000E+00
   0.000000000000000E+00
   0.000000000000000E+00
   0.000000000000000E+00
   0.000000000000000E+00
   0.000000000000000E+00
   0.000000000000000E+00
   0.000000000000000E+00
   0.000000000000000E+00
   0.000000000000000E+00
   0.000000000000000E+00
   0.000000000000000E+00
   0.000000000000000E+00
   0.000000000000000E+00
   0.000000000000000E+00
   0.000000000000000E+00
   0.000000000000000E+00
   0.000000000000000E+00
   0.000000000000000E+00
   0.000000000000000E+00
   0.000000000000000E+00
   0.000000000000000E+00
   0.000000000000000E+00
   0.000000000000000E+00
   0.000000000000000E+00
   0.000000000000000E+00
   0.000000000000000E+00
   0.000000000000000E+00
   0.000000000000000E+00
   0.000000000000000E+00
   0.000000000000000E+00
   0.000000000000000E+00
   0.000000000000000E+00
   0.000000000000000E+00
   0.000000000000000E+00
   0.000000000000000E+00
   0.000000000000000E+00
   0.000000000000000E+00
   0.000000000000000E+00
   0.000000000000000E+00
   0.000000000000000E+00
   0.000000000000000E+00
   0.000000000000000E+00
   0.000000000000000E+00
   0.000000000000000E+00
   0.000000000000000E+00
   0.000000000000000E+00
   0.000000000000000E+00
   0.000000000000000E+00
   0.000000000000000E+00
   0.000000000000000E+00
   0.000000000000000E+00
   0.000000000000000E+00
   0.000000000000000E+00
   0.000000000000000E+00
   0.000000000000000E+00
   0.000000000000000E+00
   0.000000000000000E+00
   0.000000000000000E+00
   0.000000000000000E+00
   0.000000000000000E+00
   0.000000000000000E+00
   0.000000000000000E+00
   0.000000000000000E+00
   0.000000000000000E+00
   0.000000000000000E+00
   0.000000000000000E+00
   0.000000000000000E+00
   0.000000000000000E+00
   0.000000000000000E+00
   0.000000000000000E+00
   0.000000000000000E+00
   0.000000000000000E+00
   0.000000000000000E+00
   0.000000000000000E+00
   0.000000000000000E+00
   0.000000000000000E+00
   0.000000000000000E+00
   0.000000000000000E+00
   0.000000000000000E+00
   0.000000000000000E+00
   0.000000000000000E+00
   0.000000000000000E+00
   0.000000000000000E+00
   0.000000000000000E+00
   0.000000000000000E+00
   0.000000000000000E+00
   0.000000000000000E+00
   0.000000000000000E+00
   0.000000000000000E+00
   0.000000000000000E+00
   0.000000000000000E+00
   0.000000000000000E+00
   0.000000000000000E+00
   0.000000000000000E+00
   0.000000000000000E+00
   0.000000000000000E+00
   0.000000000000000E+00
   0.000000000000000E+00
   0.000000000000000E+00
   0.000000000000000E+00
   0.000000000000000E+00
   0.000000000000000E+00
   0.000000000000000E+00
   0.000000000000000E+00
   0.000000000000000E+00
   0.000000000000000E+00
   0.000000000000000E+00
   0.000000000000000E+00
   0.000000000000000E+00
   0.000000000000000E+00
   0.000000000000000E+00
   0.000000000000000E+00
   0.000000000000000E+00
   0.000000000000000E+00
   0.000000000000000E+00
   0.000000000000000E+00
   0.000000000000000E+00
   0.000000000000000E+00
   0.000000000000000E+00
   0.000000000000000E+00
   0.000000000000000E+00
   0.000000000000000E+00
   0.000000000000000E+00
   0.000000000000000E+00
   0.000000000000000E+00
   0.000000000000000E+00
   0.000000000000000E+00
   0.000000000000000E+00
   0.000000000000000E+00
   0.000000000000000E+00
   0.000000000000000E+00
   0.000000000000000E+00
   0.000000000000000E+00
   0.000000000000000E+00
   0.000000000000000E+00
   0.000000000000000E+00
   0.000000000000000E+00
   0.000000000000000E+00
   0.000000000000000E+00
   0.000000000000000E+00
   0.000000000000000E+00
   0.000000000000000E+00
   0.000000000000000E+00
   0.000000000000000E+00
   0.000000000000000E+00
   0.000000000000000E+00
   0.000000000000000E+00
   0.000000000000000E+00
   0.000000000000000E+00
   0.000000000000000E+00
   0.000000000000000E+00
   0.000000000000000E+00
   0.000000000000000E+00
   0.000000000000000E+00
   0.000000000000000E+00
   0.000000000000000E+00
   0.000000000000000E+00
   0.000000000000000E+00
   0.000000000000000E+00
   0.000000000000000E+00
   0.000000000000000E+00
   0.000000000000000E+00
   0.000000000000000E+00
   0.000000000000000E+00
   0.000000000000000E+00
   0.000000000000000E+00
   0.000000000000000E+00
   0.000000000000000E+00
   0.000000000000000E+00
   0.000000000000000E+00
   0.000000000000000E+00
   0.000000000000000E+00
   0.000000000000000E+00
   0.000000000000000E+00
   0.000000000000000E+00
   0.000000000000000E+00
   0.000000000000000E+00
   0.000000000000000E+00
   0.000000000000000E+00
   0.000000000000000E+00
   0.000000000000000E+00
   0.000000000000000E+00
   0.000000000000000E+00
   0.000000000000000E+00
   0.000000000000000E+00
   0.000000000000000E+00
   0.000000000000000E+00
   0.000000000000000E+00
   0.000000000000000E+00
   0.000000000000000E+00
   0.000000000000000E+00
   0.000000000000000E+00
   0.000000000000000E+00
   0.000000000000000E+00
   0.000000000000000E+00
   0.000000000000000E+00
   0.000000000000000E+00
   0.000000000000000E+00
   0.000000000000000E+00
   0.000000000000000E+00
   0.000000000000000E+00
   0.000000000000000E+00
   0.000000000000000E+00
   0.000000000000000E+00
   0.000000000000000E+00
   0.000000000000000E+00
   0.000000000000000E+00
   0.000000000000000E+00
   0.000000000000000E+00
   0.000000000000000E+00
   0.000000000000000E+00
   0.000000000000000E+00
   0.000000000000000E+00
   0.000000000000000E+00
   0.000000000000000E+00
   0.000000000000000E+00
   0.000000000000000E+00
   0.000000000000000E+00
   0.000000000000000E+00
   0.000000000000000E+00
   0.000000000000000E+00
   0.000000000000000E+00
   0.000000000000000E+00
   0.000000000000000E+00
   0.000000000000000E+00
   0.000000000000000E+00
   0.000000000000000E+00
   0.000000000000000E+00
   0.000000000000000E+00
   0.000000000000000E+00
   0.000000000000000E+00
   0.000000000000000E+00
   0.000000000000000E+00
   0.000000000000000E+00
   0.000000000000000E+00
   0.000000000000000E+00
   0.000000000000000E+00
   0.000000000000000E+00
   0.000000000000000E+00
   0.000000000000000E+00
   0.000000000000000E+00
   0.000000000000000E+00
   0.000000000000000E+00
   0.000000000000000E+00
   0.000000000000000E+00
   0.000000000000000E+00
   0.000000000000000E+00
   0.000000000000000E+00
   0.000000000000000E+00
   0.000000000000000E+00
   0.000000000000000E+00
   0.000000000000000E+00
   0.000000000000000E+00
   0.000000000000000E+00
   0.000000000000000E+00
   0.000000000000000E+00
   0.000000000000000E+00
   0.000000000000000E+00
   0.000000000000000E+00
   0.000000000000000E+00
   0.000000000000000E+00
   0.000000000000000E+00
   0.000000000000000E+00
   0.000000000000000E+00
   0.000000000000000E+00
   0.000000000000000E+00
   0.000000000000000E+00
   0.000000000000000E+00
   0.000000000000000E+00
   0.000000000000000E+00
   0.000000000000000E+00
   0.000000000000000E+00
   0.000000000000000E+00
   0.000000000000000E+00
   0.000000000000000E+00
   0.000000000000000E+00
   0.000000000000000E+00
   0.000000000000000E+00
   0.000000000000000E+00
   0.000000000000000E+00
   0.000000000000000E+00
   0.000000000000000E+00
   0.000000000000000E+00
   0.000000000000000E+00
   0.000000000000000E+00
   0.000000000000000E+00
   0.000000000000000E+00
   0.000000000000000E+00
   0.000000000000000E+00
   0.000000000000000E+00
   0.000000000000000E+00
   0.000000000000000E+00
   0.000000000000000E+00
   0.000000000000000E+00
   0.000000000000000E+00
   0.000000000000000E+00
   0.000000000000000E+00
   0.000000000000000E+00
   0.000000000000000E+00
   0.000000000000000E+00
   0.000000000000000E+00
   0.000000000000000E+00
   0.000000000000000E+00
   0.000000000000000E+00
   0.000000000000000E+00
   0.000000000000000E+00
   0.000000000000000E+00
   0.000000000000000E+00
   0.000000000000000E+00
   0.000000000000000E+00
   0.000000000000000E+00
   0.000000000000000E+00
   0.000000000000000E+00
   0.000000000000000E+00
   0.000000000000000E+00
   0.000000000000000E+00
   0.000000000000000E+00
   0.000000000000000E+00
   0.000000000000000E+00
   0.000000000000000E+00
   0.000000000000000E+00
   0.000000000000000E+00
   0.000000000000000E+00
   0.000000000000000E+00
   0.000000000000000E+00
   0.000000000000000E+00
   0.000000000000000E+00
   0.000000000000000E+00
   0.000000000000000E+00
   0.000000000000000E+00
   0.000000000000000E+00
   0.000000000000000E+00
   0.000000000000000E+00
   0.000000000000000E+00
   0.000000000000000E+00
   0.000000000000000E+00
   0.000000000000000E+00
   0.000000000000000E+00
   0.000000000000000E+00
   0.000000000000000E+00
   0.000000000000000E+00
   0.000000000000000E+00
   0.000000000000000E+00
   0.000000000000000E+00
   0.000000000000000E+00
   0.000000000000000E+00
   0.000000000000000E+00
   0.000000000000000E+00
   0.000000000000000E+00
   0.000000000000000E+00
   0.000000000000000E+00
   0.000000000000000E+00
   0.000000000000000E+00
   0.000000000000000E+00
   0.000000000000000E+00
   0.000000000000000E+00
   0.000000000000000E+00
   0.000000000000000E+00
   0.000000000000000E+00
   0.000000000000000E+00
   0.000000000000000E+00
   0.000000000000000E+00
   0.000000000000000E+00
   0.000000000000000E+00
   0.000000000000000E+00
   0.000000000000000E+00
   0.000000000000000E+00
   0.000000000000000E+00
   0.000000000000000E+00
   0.000000000000000E+00
   0.000000000000000E+00
   0.000000000000000E+00
   0.000000000000000E+00
   0.000000000000000E+00
   0.000000000000000E+00
   0.000000000000000E+00
   0.000000000000000E+00
   0.000000000000000E+00
   0.000000000000000E+00
   0.000000000000000E+00
   0.000000000000000E+00
   0.000000000000000E+00
   0.000000000000000E+00
   0.000000000000000E+00
   0.000000000000000E+00
   0.000000000000000E+00
   0.000000000000000E+00
   0.000000000000000E+00
   0.000000000000000E+00
   0.000000000000000E+00
   0.000000000000000E+00
   0.000000000000000E+00
   0.000000000000000E+00
   0.000000000000000E+00
   0.000000000000000E+00
   0.000000000000000E+00
   0.000000000000000E+00
   0.000000000000000E+00
   0.000000000000000E+00
   0.000000000000000E+00
   0.000000000000000E+00
   0.000000000000000E+00
   0.000000000000000E+00
   0.000000000000000E+00
   0.000000000000000E+00
   0.000000000000000E+00
   0.000000000000000E+00
   0.000000000000000E+00
   0.000000000000000E+00
   0.000000000000000E+00
   0.000000000000000E+00
   0.000000000000000E+00
   0.000000000000000E+00
   0.000000000000000E+00
   0.000000000000000E+00
   0.000000000000000E+00
   0.000000000000000E+00
   0.000000000000000E+00
   0.000000000000000E+00
   0.000000000000000E+00
   0.000000000000000E+00
   0.000000000000000E+00
   0.000000000000000E+00
   0.000000000000000E+00
   0.000000000000000E+00
   0.000000000000000E+00
   0.000000000000000E+00
   0.000000000000000E+00
   0.000000000000000E+00
   0.000000000000000E+00
   0.000000000000000E+00
   0.000000000000000E+00
   0.000000000000000E+00
   0.000000000000000E+00
   0.000000000000000E+00
   0.000000000000000E+00
   0.000000000000000E+00
   0.000000000000000E+00
   0.000000000000000E+00
   0.000000000000000E+00
   0.000000000000000E+00
   0.000000000000000E+00
   0.000000000000000E+00
   0.000000000000000E+00
   0.000000000000000E+00
   0.000000000000000E+00
   0.000000000000000E+00
   0.000000000000000E+00
   0.000000000000000E+00
   0.000000000000000E+00
   0.000000000000000E+00
   0.000000000000000E+00
   0.000000000000000E+00
   0.000000000000000E+00
   0.000000000000000E+00
   0.000000000000000E+00
   0.000000000000000E+00
   0.000000000000000E+00
   0.000000000000000E+00
   0.000000000000000E+00
   0.000000000000000E+00
   0.000000000000000E+00
   0.000000000000000E+00
   0.000000000000000E+00
   0.000000000000000E+00
   0.000000000000000E+00
   0.000000000000000E+00
   0.000000000000000E+00
   0.000000000000000E+00
   0.000000000000000E+00
   0.000000000000000E+00
   0.000000000000000E+00
   0.000000000000000E+00
   0.000000000000000E+00
   0.000000000000000E+00
   0.000000000000000E+00
   0.000000000000000E+00
   0.000000000000000E+00
   0.000000000000000E+00
   0.000000000000000E+00
   0.000000000000000E+00
   0.000000000000000E+00
   0.000000000000000E+00
   0.000000000000000E+00
   0.000000000000000E+00
   0.000000000000000E+00
   0.000000000000000E+00
   0.000000000000000E+00
   0.000000000000000E+00
   0.000000000000000E+00
   0.000000000000000E+00
   0.000000000000000E+00
   0.000000000000000E+00
   0.000000000000000E+00
   0.000000000000000E+00
   0.000000000000000E+00
   0.000000000000000E+00
   0.000000000000000E+00
   0.000000000000000E+00
   0.000000000000000E+00
   0.000000000000000E+00
   0.000000000000000E+00
   0.000000000000000E+00
   0.000000000000000E+00
   0.000000000000000E+00
   0.000000000000000E+00
   0.000000000000000E+00
   0.000000000000000E+00
   0.000000000000000E+00
   0.000000000000000E+00
   0.000000000000000E+00
   0.000000000000000E+00
   0.000000000000000E+00
   0.000000000000000E+00
   0.000000000000000E+00
   0.000000000000000E+00
   0.000000000000000E+00
   0.000000000000000E+00
   0.000000000000000E+00
   0.000000000000000E+00
   0.000000000000000E+00
   0.000000000000000E+00
   0.000000000000000E+00
   0.000000000000000E+00
   0.000000000000000E+00
   0.000000000000000E+00
   0.000000000000000E+00
   0.000000000000000E+00
   0.000000000000000E+00
   0.000000000000000E+00
   0.000000000000000E+00
   0.000000000000000E+00
   0.000000000000000E+00
   0.000000000000000E+00
   0.000000000000000E+00
   0.000000000000000E+00
   0.000000000000000E+00
   0.000000000000000E+00
   0.107164009209207E+00
   0.100000000000000E+01
   0.107136192528247E+00
   0.100000000000000E+01
   0.107401914982252E+00
   0.100000000000000E+01
   0.813565449919520E-01
   0.978590286854576E+00
   0.805876243969398E-01
   0.979634781512905E+00
   0.768128255362674E-01
   0.976214483772954E+00
   0.697404117069474E-01
   0.963607930350451E+00
   0.568273710317297E-01
   0.100000000000000E+01
   0.455445172522698E-01
   0.100000000000000E+01
   0.398081783942257E-01
   0.100000000000000E+01
   0.173927181462277E-01
   0.100000000000000E+01
   0.000000000000000E+00
   0.000000000000000E+00
   0.121270644393519E-01
   0.100000000000000E+01
   0.000000000000000E+00
   0.000000000000000E+00
   0.000000000000000E+00
   0.000000000000000E+00
   0.000000000000000E+00
   0.000000000000000E+00
   0.160521526275165E-01
   0.100000000000000E+01
   0.167120657840192E-01
   0.799723599576341E+00
   0.328503115819395E-01
   0.915581148487228E+00
   0.521764068233047E-01
   0.964664421730018E+00
   0.965133615887484E-01
   0.100000000000000E+01
   0.119838721991863E+00
   0.100000000000000E+01
   0.158580548215472E+00
   0.933499513862665E+00
   0.169609674798015E+00
   0.937662360395449E+00
   0.168664025070148E+00
   0.935570046732351E+00
   0.157564254866584E+00
   0.927463557678029E+00
   0.139961930986084E+00
   0.910502184623515E+00
   0.129672420483052E+00
   0.897834210719762E+00
   0.122551506091394E+00
   0.891790037433288E+00
   0.122170389455274E+00
   0.891788278068768E+00
   0.125789839105270E+00
   0.895860233577450E+00
   0.126449094213231E+00
   0.902112292604660E+00
   0.128517367519816E+00
   0.905104359849253E+00
   0.129460064593178E+00
   0.906017537164287E+00
   0.128062795419264E+00
   0.900405768417009E+00
   0.109127452758179E+00
   0.100000000000000E+01
   0.000000000000000E+00
   0.000000000000000E+00
   0.000000000000000E+00
   0.000000000000000E+00
   0.000000000000000E+00
   0.000000000000000E+00
   0.000000000000000E+00
   0.000000000000000E+00
   0.000000000000000E+00
   0.000000000000000E+00
   0.000000000000000E+00
   0.000000000000000E+00
   0.000000000000000E+00
   0.000000000000000E+00
   0.000000000000000E+00
   0.000000000000000E+00
   0.000000000000000E+00
   0.000000000000000E+00
   0.000000000000000E+00
   0.000000000000000E+00
   0.000000000000000E+00
   0.000000000000000E+00
   0.000000000000000E+00
   0.000000000000000E+00
   0.000000000000000E+00
   0.000000000000000E+00
   0.000000000000000E+00
   0.000000000000000E+00
   0.000000000000000E+00
   0.000000000000000E+00
   0.000000000000000E+00
   0.000000000000000E+00
   0.000000000000000E+00
   0.000000000000000E+00
   0.000000000000000E+00
   0.000000000000000E+00
   0.000000000000000E+00
   0.000000000000000E+00
   0.000000000000000E+00
   0.000000000000000E+00
   0.000000000000000E+00
   0.000000000000000E+00
   0.000000000000000E+00
   0.000000000000000E+00
   0.000000000000000E+00
   0.000000000000000E+00
   0.000000000000000E+00
   0.000000000000000E+00
   0.000000000000000E+00
   0.000000000000000E+00
   0.000000000000000E+00
   0.000000000000000E+00
   0.000000000000000E+00
   0.000000000000000E+00
   0.000000000000000E+00
   0.000000000000000E+00
   0.000000000000000E+00
   0.000000000000000E+00
   0.000000000000000E+00
   0.000000000000000E+00
   0.000000000000000E+00
   0.000000000000000E+00
   0.000000000000000E+00
   0.000000000000000E+00
   0.000000000000000E+00
   0.000000000000000E+00
   0.000000000000000E+00
   0.000000000000000E+00
   0.000000000000000E+00
   0.000000000000000E+00
   0.000000000000000E+00
   0.000000000000000E+00
   0.000000000000000E+00
   0.000000000000000E+00
   0.000000000000000E+00
   0.000000000000000E+00
   0.000000000000000E+00
   0.000000000000000E+00
   0.000000000000000E+00
   0.000000000000000E+00
   0.000000000000000E+00
   0.000000000000000E+00
   0.000000000000000E+00
   0.000000000000000E+00
   0.000000000000000E+00
   0.000000000000000E+00
   0.000000000000000E+00
   0.000000000000000E+00
   0.000000000000000E+00
   0.000000000000000E+00
   0.000000000000000E+00
   0.000000000000000E+00
   0.000000000000000E+00
   0.000000000000000E+00
   0.000000000000000E+00
   0.000000000000000E+00
   0.000000000000000E+00
   0.000000000000000E+00
   0.000000000000000E+00
   0.000000000000000E+00
   0.000000000000000E+00
   0.000000000000000E+00
   0.000000000000000E+00
   0.000000000000000E+00
   0.000000000000000E+00
   0.000000000000000E+00
   0.000000000000000E+00
   0.000000000000000E+00
   0.000000000000000E+00
   0.000000000000000E+00
   0.000000000000000E+00
   0.000000000000000E+00
   0.000000000000000E+00
   0.000000000000000E+00
   0.000000000000000E+00
   0.000000000000000E+00
   0.000000000000000E+00
   0.000000000000000E+00
   0.000000000000000E+00
   0.000000000000000E+00
   0.000000000000000E+00
   0.000000000000000E+00
   0.000000000000000E+00
   0.000000000000000E+00
   0.000000000000000E+00
   0.000000000000000E+00
   0.000000000000000E+00
   0.000000000000000E+00
   0.000000000000000E+00
   0.000000000000000E+00
   0.000000000000000E+00
   0.000000000000000E+00
   0.000000000000000E+00
   0.000000000000000E+00
   0.000000000000000E+00
   0.000000000000000E+00
   0.000000000000000E+00
   0.000000000000000E+00
   0.000000000000000E+00
   0.000000000000000E+00
   0.000000000000000E+00
   0.000000000000000E+00
   0.000000000000000E+00
   0.000000000000000E+00
   0.000000000000000E+00
   0.000000000000000E+00
   0.000000000000000E+00
   0.000000000000000E+00
   0.000000000000000E+00
   0.000000000000000E+00
   0.000000000000000E+00
   0.000000000000000E+00
   0.000000000000000E+00
   0.000000000000000E+00
   0.000000000000000E+00
   0.000000000000000E+00
   0.000000000000000E+00
   0.000000000000000E+00
   0.000000000000000E+00
   0.000000000000000E+00
   0.000000000000000E+00
   0.000000000000000E+00
   0.000000000000000E+00
   0.000000000000000E+00
   0.000000000000000E+00
   0.000000000000000E+00
   0.000000000000000E+00
   0.000000000000000E+00
   0.000000000000000E+00
   0.000000000000000E+00
   0.000000000000000E+00
   0.000000000000000E+00
   0.000000000000000E+00
   0.000000000000000E+00
   0.000000000000000E+00
   0.000000000000000E+00
   0.000000000000000E+00
   0.000000000000000E+00
   0.000000000000000E+00
   0.000000000000000E+00
   0.000000000000000E+00
   0.000000000000000E+00
   0.000000000000000E+00
   0.000000000000000E+00
   0.000000000000000E+00
   0.000000000000000E+00
   0.000000000000000E+00
   0.000000000000000E+00
   0.000000000000000E+00
   0.000000000000000E+00
   0.000000000000000E+00
   0.000000000000000E+00
   0.000000000000000E+00
   0.000000000000000E+00
   0.000000000000000E+00
   0.000000000000000E+00
   0.000000000000000E+00
   0.000000000000000E+00
   0.000000000000000E+00
   0.000000000000000E+00
   0.000000000000000E+00
   0.000000000000000E+00
   0.000000000000000E+00
   0.000000000000000E+00
   0.000000000000000E+00
   0.000000000000000E+00
   0.000000000000000E+00
   0.000000000000000E+00
   0.000000000000000E+00
   0.000000000000000E+00
   0.000000000000000E+00
   0.000000000000000E+00
   0.000000000000000E+00
   0.000000000000000E+00
   0.000000000000000E+00
   0.000000000000000E+00
   0.000000000000000E+00
   0.000000000000000E+00
   0.000000000000000E+00
   0.000000000000000E+00
   0.000000000000000E+00
   0.000000000000000E+00
   0.000000000000000E+00
   0.000000000000000E+00
   0.000000000000000E+00
   0.000000000000000E+00
   0.000000000000000E+00
   0.000000000000000E+00
   0.000000000000000E+00
   0.000000000000000E+00
   0.000000000000000E+00
   0.000000000000000E+00
   0.000000000000000E+00
   0.000000000000000E+00
   0.000000000000000E+00
   0.000000000000000E+00
   0.000000000000000E+00
   0.000000000000000E+00
   0.000000000000000E+00
   0.000000000000000E+00
   0.000000000000000E+00
   0.000000000000000E+00
   0.000000000000000E+00
   0.000000000000000E+00
   0.000000000000000E+00
   0.000000000000000E+00
   0.000000000000000E+00
   0.000000000000000E+00
   0.000000000000000E+00
   0.000000000000000E+00
   0.000000000000000E+00
   0.000000000000000E+00
   0.000000000000000E+00
   0.000000000000000E+00
   0.000000000000000E+00
   0.000000000000000E+00
   0.000000000000000E+00
   0.000000000000000E+00
   0.000000000000000E+00
   0.000000000000000E+00
   0.000000000000000E+00
   0.000000000000000E+00
   0.000000000000000E+00
   0.000000000000000E+00
   0.000000000000000E+00
   0.000000000000000E+00
   0.000000000000000E+00
   0.000000000000000E+00
   0.000000000000000E+00
   0.000000000000000E+00
   0.000000000000000E+00
   0.000000000000000E+00
   0.000000000000000E+00
   0.000000000000000E+00
   0.000000000000000E+00
   0.000000000000000E+00
   0.000000000000000E+00
   0.000000000000000E+00
   0.000000000000000E+00
   0.000000000000000E+00
   0.000000000000000E+00
   0.000000000000000E+00
   0.000000000000000E+00
   0.000000000000000E+00
   0.000000000000000E+00
   0.000000000000000E+00
   0.000000000000000E+00
   0.000000000000000E+00
   0.000000000000000E+00
   0.000000000000000E+00
   0.000000000000000E+00
   0.000000000000000E+00
   0.000000000000000E+00
   0.000000000000000E+00
   0.000000000000000E+00
   0.000000000000000E+00
   0.000000000000000E+00
   0.000000000000000E+00
   0.000000000000000E+00
   0.000000000000000E+00
   0.000000000000000E+00
   0.000000000000000E+00
   0.000000000000000E+00
   0.000000000000000E+00
   0.000000000000000E+00
   0.000000000000000E+00
   0.000000000000000E+00
   0.000000000000000E+00
   0.000000000000000E+00
   0.000000000000000E+00
   0.000000000000000E+00
   0.000000000000000E+00
   0.000000000000000E+00
   0.000000000000000E+00
   0.000000000000000E+00
   0.000000000000000E+00
   0.000000000000000E+00
   0.000000000000000E+00
   0.000000000000000E+00
   0.000000000000000E+00
   0.000000000000000E+00
   0.000000000000000E+00
   0.000000000000000E+00
   0.000000000000000E+00
   0.000000000000000E+00
   0.000000000000000E+00
   0.000000000000000E+00
   0.000000000000000E+00
   0.000000000000000E+00
   0.000000000000000E+00
   0.000000000000000E+00
   0.000000000000000E+00
   0.000000000000000E+00
   0.000000000000000E+00
   0.000000000000000E+00
   0.000000000000000E+00
   0.000000000000000E+00
   0.000000000000000E+00
   0.000000000000000E+00
   0.000000000000000E+00
   0.000000000000000E+00
   0.000000000000000E+00
   0.000000000000000E+00
   0.000000000000000E+00
   0.000000000000000E+00
   0.000000000000000E+00
   0.000000000000000E+00
   0.000000000000000E+00
   0.000000000000000E+00
   0.000000000000000E+00
   0.000000000000000E+00
   0.000000000000000E+00
   0.000000000000000E+00
   0.000000000000000E+00
   0.000000000000000E+00
   0.000000000000000E+00
   0.000000000000000E+00
   0.000000000000000E+00
   0.000000000000000E+00
   0.000000000000000E+00
   0.000000000000000E+00
   0.000000000000000E+00
   0.000000000000000E+00
   0.000000000000000E+00
   0.000000000000000E+00
   0.000000000000000E+00
   0.000000000000000E+00
   0.000000000000000E+00
   0.000000000000000E+00
   0.000000000000000E+00
   0.000000000000000E+00
   0.000000000000000E+00
   0.000000000000000E+00
   0.000000000000000E+00
   0.000000000000000E+00
   0.000000000000000E+00
   0.000000000000000E+00
   0.000000000000000E+00
   0.000000000000000E+00
   0.000000000000000E+00
   0.000000000000000E+00
   0.000000000000000E+00
   0.000000000000000E+00
   0.000000000000000E+00
   0.000000000000000E+00
   0.000000000000000E+00
   0.000000000000000E+00
   0.000000000000000E+00
   0.000000000000000E+00
   0.000000000000000E+00
   0.000000000000000E+00
   0.000000000000000E+00
   0.000000000000000E+00
   0.000000000000000E+00
   0.000000000000000E+00
   0.000000000000000E+00
   0.000000000000000E+00
   0.000000000000000E+00
   0.000000000000000E+00
   0.000000000000000E+00
   0.000000000000000E+00
   0.000000000000000E+00
   0.000000000000000E+00
   0.000000000000000E+00
   0.000000000000000E+00
   0.000000000000000E+00
   0.000000000000000E+00
   0.000000000000000E+00
   0.000000000000000E+00
   0.000000000000000E+00
   0.000000000000000E+00
   0.000000000000000E+00
   0.000000000000000E+00
   0.000000000000000E+00
   0.000000000000000E+00
   0.000000000000000E+00
   0.000000000000000E+00
   0.000000000000000E+00
   0.000000000000000E+00
   0.000000000000000E+00
   0.000000000000000E+00
   0.000000000000000E+00
   0.000000000000000E+00
   0.000000000000000E+00
   0.000000000000000E+00
   0.000000000000000E+00
   0.000000000000000E+00
   0.000000000000000E+00
   0.000000000000000E+00
   0.000000000000000E+00
   0.000000000000000E+00
   0.000000000000000E+00
   0.000000000000000E+00
   0.000000000000000E+00
   0.000000000000000E+00
   0.000000000000000E+00
   0.000000000000000E+00
   0.000000000000000E+00
   0.000000000000000E+00
   0.000000000000000E+00
   0.000000000000000E+00
   0.000000000000000E+00
   0.000000000000000E+00
   0.000000000000000E+00
   0.000000000000000E+00
   0.000000000000000E+00
   0.000000000000000E+00
   0.000000000000000E+00
   0.000000000000000E+00
   0.000000000000000E+00
   0.000000000000000E+00
   0.000000000000000E+00
   0.000000000000000E+00
   0.000000000000000E+00
   0.000000000000000E+00
   0.000000000000000E+00
   0.000000000000000E+00
   0.000000000000000E+00
   0.000000000000000E+00
   0.000000000000000E+00
   0.000000000000000E+00
   0.000000000000000E+00
   0.000000000000000E+00
   0.000000000000000E+00
   0.000000000000000E+00
   0.000000000000000E+00
   0.000000000000000E+00
   0.000000000000000E+00
   0.000000000000000E+00
   0.000000000000000E+00
   0.000000000000000E+00
   0.000000000000000E+00
   0.000000000000000E+00
   0.000000000000000E+00
   0.000000000000000E+00
   0.000000000000000E+00
   0.000000000000000E+00
   0.000000000000000E+00
   0.000000000000000E+00
   0.000000000000000E+00
   0.000000000000000E+00
   0.000000000000000E+00
   0.000000000000000E+00
   0.000000000000000E+00
   0.000000000000000E+00
   0.000000000000000E+00
   0.000000000000000E+00
   0.000000000000000E+00
   0.000000000000000E+00
   0.000000000000000E+00
   0.000000000000000E+00
   0.000000000000000E+00
   0.000000000000000E+00
   0.000000000000000E+00
   0.000000000000000E+00
   0.000000000000000E+00
   0.000000000000000E+00
   0.000000000000000E+00
   0.000000000000000E+00
   0.000000000000000E+00
   0.000000000000000E+00
   0.000000000000000E+00
   0.000000000000000E+00
   0.000000000000000E+00
   0.000000000000000E+00
   0.000000000000000E+00
   0.000000000000000E+00
   0.000000000000000E+00
   0.000000000000000E+00
   0.000000000000000E+00
   0.000000000000000E+00
   0.000000000000000E+00
   0.000000000000000E+00
   0.000000000000000E+00
   0.000000000000000E+00
   0.000000000000000E+00
   0.000000000000000E+00
   0.000000000000000E+00
   0.000000000000000E+00
   0.000000000000000E+00
   0.000000000000000E+00
   0.000000000000000E+00
   0.000000000000000E+00
   0.000000000000000E+00
   0.000000000000000E+00
   0.000000000000000E+00
   0.000000000000000E+00
   0.000000000000000E+00
   0.000000000000000E+00
   0.000000000000000E+00
   0.000000000000000E+00
   0.000000000000000E+00
   0.000000000000000E+00
   0.000000000000000E+00
   0.000000000000000E+00
   0.000000000000000E+00
   0.000000000000000E+00
   0.000000000000000E+00
   0.000000000000000E+00
   0.000000000000000E+00
   0.000000000000000E+00
   0.000000000000000E+00
   0.000000000000000E+00
   0.000000000000000E+00
   0.000000000000000E+00
   0.000000000000000E+00
   0.000000000000000E+00
   0.000000000000000E+00
   0.000000000000000E+00
   0.000000000000000E+00
   0.000000000000000E+00
   0.000000000000000E+00
   0.000000000000000E+00
   0.000000000000000E+00
   0.000000000000000E+00
   0.000000000000000E+00
   0.000000000000000E+00
   0.000000000000000E+00
   0.000000000000000E+00
   0.000000000000000E+00
   0.000000000000000E+00
   0.000000000000000E+00
   0.000000000000000E+00
   0.000000000000000E+00
   0.000000000000000E+00
   0.000000000000000E+00
   0.000000000000000E+00
   0.000000000000000E+00
   0.000000000000000E+00
   0.000000000000000E+00
   0.000000000000000E+00
   0.000000000000000E+00
   0.000000000000000E+00
   0.000000000000000E+00
   0.000000000000000E+00
   0.000000000000000E+00
   0.000000000000000E+00
   0.000000000000000E+00
   0.000000000000000E+00
   0.000000000000000E+00
   0.000000000000000E+00
   0.000000000000000E+00
   0.000000000000000E+00
   0.000000000000000E+00
   0.000000000000000E+00
   0.000000000000000E+00
   0.000000000000000E+00
   0.000000000000000E+00
   0.000000000000000E+00
   0.000000000000000E+00
   0.000000000000000E+00
   0.000000000000000E+00
   0.000000000000000E+00
   0.000000000000000E+00
   0.000000000000000E+00
   0.000000000000000E+00
   0.000000000000000E+00
   0.000000000000000E+00
   0.000000000000000E+00
   0.000000000000000E+00
   0.000000000000000E+00
   0.000000000000000E+00
   0.000000000000000E+00
   0.000000000000000E+00
   0.000000000000000E+00
   0.000000000000000E+00
   0.000000000000000E+00
   0.000000000000000E+00
   0.000000000000000E+00
   0.000000000000000E+00
   0.000000000000000E+00
   0.000000000000000E+00
   0.000000000000000E+00
   0.000000000000000E+00
   0.000000000000000E+00
   0.000000000000000E+00
   0.000000000000000E+00
   0.000000000000000E+00
   0.000000000000000E+00
   0.000000000000000E+00
   0.000000000000000E+00
   0.000000000000000E+00
   0.000000000000000E+00
   0.000000000000000E+00
   0.000000000000000E+00
   0.000000000000000E+00
   0.000000000000000E+00
   0.000000000000000E+00
   0.000000000000000E+00
   0.000000000000000E+00
   0.000000000000000E+00
   0.000000000000000E+00
   0.000000000000000E+00
   0.000000000000000E+00
   0.000000000000000E+00
   0.000000000000000E+00
   0.000000000000000E+00
   0.000000000000000E+00
   0.000000000000000E+00
   0.000000000000000E+00
   0.000000000000000E+00
   0.000000000000000E+00
   0.000000000000000E+00
   0.000000000000000E+00
   0.000000000000000E+00
   0.000000000000000E+00
   0.000000000000000E+00
   0.000000000000000E+00
   0.000000000000000E+00
   0.000000000000000E+00
   0.000000000000000E+00
   0.000000000000000E+00
   0.000000000000000E+00
   0.000000000000000E+00
   0.000000000000000E+00
   0.000000000000000E+00
   0.000000000000000E+00
   0.000000000000000E+00
   0.000000000000000E+00
   0.000000000000000E+00
   0.000000000000000E+00
   0.000000000000000E+00
   0.000000000000000E+00
   0.000000000000000E+00
   0.000000000000000E+00
   0.000000000000000E+00
   0.000000000000000E+00
   0.000000000000000E+00
   0.000000000000000E+00
   0.000000000000000E+00
   0.000000000000000E+00
   0.000000000000000E+00
   0.000000000000000E+00
   0.000000000000000E+00
   0.000000000000000E+00
   0.000000000000000E+00
   0.000000000000000E+00
   0.000000000000000E+00
   0.000000000000000E+00
   0.000000000000000E+00
   0.000000000000000E+00
   0.000000000000000E+00
   0.000000000000000E+00
   0.000000000000000E+00
   0.000000000000000E+00
   0.000000000000000E+00
   0.000000000000000E+00
   0.000000000000000E+00
   0.000000000000000E+00
   0.000000000000000E+00
   0.000000000000000E+00
   0.000000000000000E+00
   0.000000000000000E+00
   0.000000000000000E+00
   0.000000000000000E+00
   0.000000000000000E+00
   0.000000000000000E+00
   0.000000000000000E+00
   0.000000000000000E+00
   0.000000000000000E+00
   0.000000000000000E+00
   0.000000000000000E+00
   0.000000000000000E+00
   0.000000000000000E+00
   0.000000000000000E+00
   0.000000000000000E+00
   0.000000000000000E+00
   0.000000000000000E+00
   0.000000000000000E+00
   0.000000000000000E+00
   0.000000000000000E+00
   0.000000000000000E+00
   0.000000000000000E+00
   0.000000000000000E+00
   0.000000000000000E+00
   0.000000000000000E+00
   0.000000000000000E+00
   0.000000000000000E+00
   0.000000000000000E+00
   0.000000000000000E+00
   0.000000000000000E+00
   0.000000000000000E+00
   0.000000000000000E+00
   0.000000000000000E+00
   0.000000000000000E+00
   0.000000000000000E+00
   0.000000000000000E+00
   0.000000000000000E+00
   0.000000000000000E+00
   0.000000000000000E+00
   0.000000000000000E+00
   0.000000000000000E+00
   0.000000000000000E+00
   0.000000000000000E+00
   0.000000000000000E+00
   0.000000000000000E+00
   0.000000000000000E+00
   0.000000000000000E+00
   0.000000000000000E+00
   0.000000000000000E+00
   0.000000000000000E+00
   0.000000000000000E+00
   0.000000000000000E+00
   0.000000000000000E+00
   0.000000000000000E+00
   0.000000000000000E+00
   0.000000000000000E+00
   0.000000000000000E+00
   0.000000000000000E+00
   0.000000000000000E+00
   0.000000000000000E+00
   0.000000000000000E+00
   0.000000000000000E+00
   0.000000000000000E+00
   0.000000000000000E+00
   0.000000000000000E+00
   0.000000000000000E+00
   0.000000000000000E+00
   0.000000000000000E+00
   0.000000000000000E+00
   0.000000000000000E+00
   0.000000000000000E+00
   0.000000000000000E+00
   0.000000000000000E+00
   0.000000000000000E+00
   0.000000000000000E+00
   0.000000000000000E+00
   0.000000000000000E+00
   0.000000000000000E+00
   0.000000000000000E+00
   0.000000000000000E+00
   0.000000000000000E+00
   0.000000000000000E+00
   0.000000000000000E+00
   0.000000000000000E+00
   0.000000000000000E+00
   0.000000000000000E+00
   0.000000000000000E+00
   0.000000000000000E+00
   0.000000000000000E+00
   0.000000000000000E+00
   0.000000000000000E+00
   0.000000000000000E+00
   0.000000000000000E+00
   0.000000000000000E+00
   0.000000000000000E+00
   0.000000000000000E+00
   0.000000000000000E+00
   0.000000000000000E+00
   0.000000000000000E+00
   0.000000000000000E+00
   0.000000000000000E+00
   0.000000000000000E+00
   0.000000000000000E+00
   0.000000000000000E+00
   0.000000000000000E+00
   0.000000000000000E+00
   0.000000000000000E+00
   0.000000000000000E+00
   0.000000000000000E+00
   0.000000000000000E+00
   0.000000000000000E+00
   0.000000000000000E+00
   0.000000000000000E+00
   0.000000000000000E+00
   0.000000000000000E+00
   0.000000000000000E+00
   0.000000000000000E+00
   0.000000000000000E+00
   0.000000000000000E+00
   0.000000000000000E+00
   0.000000000000000E+00
   0.000000000000000E+00
   0.000000000000000E+00
   0.000000000000000E+00
   0.000000000000000E+00
   0.000000000000000E+00
   0.000000000000000E+00
   0.000000000000000E+00
   0.000000000000000E+00
   0.000000000000000E+00
   0.000000000000000E+00
   0.000000000000000E+00
   0.000000000000000E+00
   0.000000000000000E+00
   0.000000000000000E+00
   0.000000000000000E+00
   0.000000000000000E+00
   0.000000000000000E+00
   0.000000000000000E+00
   0.000000000000000E+00
   0.000000000000000E+00
   0.000000000000000E+00
   0.000000000000000E+00
   0.000000000000000E+00
   0.000000000000000E+00
   0.000000000000000E+00
   0.000000000000000E+00
   0.000000000000000E+00
   0.000000000000000E+00
   0.000000000000000E+00
   0.000000000000000E+00
   0.000000000000000E+00
   0.000000000000000E+00
   0.000000000000000E+00
   0.000000000000000E+00
   0.000000000000000E+00
   0.000000000000000E+00
   0.000000000000000E+00
   0.000000000000000E+00
   0.000000000000000E+00
   0.000000000000000E+00
   0.000000000000000E+00
   0.000000000000000E+00
   0.000000000000000E+00
   0.000000000000000E+00
   0.000000000000000E+00
   0.000000000000000E+00
   0.000000000000000E+00
   0.000000000000000E+00
   0.000000000000000E+00
   0.000000000000000E+00
   0.000000000000000E+00
   0.000000000000000E+00
   0.000000000000000E+00
   0.000000000000000E+00
   0.000000000000000E+00
   0.000000000000000E+00
   0.000000000000000E+00
   0.000000000000000E+00
   0.000000000000000E+00
   0.000000000000000E+00
   0.000000000000000E+00
   0.000000000000000E+00
   0.000000000000000E+00
   0.000000000000000E+00
   0.000000000000000E+00
   0.000000000000000E+00
   0.000000000000000E+00
   0.000000000000000E+00
   0.000000000000000E+00
   0.000000000000000E+00
   0.000000000000000E+00
   0.000000000000000E+00
   0.000000000000000E+00
   0.000000000000000E+00
   0.000000000000000E+00
   0.000000000000000E+00
   0.000000000000000E+00
   0.000000000000000E+00
   0.000000000000000E+00
   0.000000000000000E+00
   0.000000000000000E+00
   0.000000000000000E+00
   0.000000000000000E+00
   0.000000000000000E+00
   0.000000000000000E+00
   0.000000000000000E+00
   0.000000000000000E+00
   0.000000000000000E+00
   0.000000000000000E+00
   0.000000000000000E+00
   0.000000000000000E+00
   0.000000000000000E+00
   0.000000000000000E+00
   0.000000000000000E+00
   0.000000000000000E+00
   0.000000000000000E+00
   0.000000000000000E+00
   0.000000000000000E+00
   0.000000000000000E+00
   0.000000000000000E+00
   0.000000000000000E+00
   0.000000000000000E+00
   0.000000000000000E+00
   0.000000000000000E+00
   0.000000000000000E+00
   0.000000000000000E+00
   0.000000000000000E+00
   0.000000000000000E+00
   0.000000000000000E+00
   0.000000000000000E+00
   0.000000000000000E+00
   0.000000000000000E+00
   0.000000000000000E+00
   0.000000000000000E+00
   0.000000000000000E+00
   0.000000000000000E+00
   0.000000000000000E+00
   0.000000000000000E+00
   0.000000000000000E+00
   0.000000000000000E+00
   0.000000000000000E+00
   0.000000000000000E+00
   0.000000000000000E+00
   0.000000000000000E+00
   0.000000000000000E+00
   0.000000000000000E+00
   0.000000000000000E+00
   0.000000000000000E+00
   0.000000000000000E+00
   0.000000000000000E+00
   0.000000000000000E+00
   0.000000000000000E+00
   0.000000000000000E+00
   0.000000000000000E+00
   0.000000000000000E+00
   0.000000000000000E+00
   0.000000000000000E+00
   0.000000000000000E+00
   0.000000000000000E+00
   0.000000000000000E+00
   0.000000000000000E+00
   0.000000000000000E+00
   0.000000000000000E+00
   0.000000000000000E+00
   0.000000000000000E+00
   0.000000000000000E+00
   0.000000000000000E+00
   0.000000000000000E+00
   0.000000000000000E+00
   0.000000000000000E+00
   0.000000000000000E+00
   0.000000000000000E+00
   0.000000000000000E+00
   0.000000000000000E+00
   0.000000000000000E+00
   0.000000000000000E+00
   0.000000000000000E+00
   0.000000000000000E+00
   0.000000000000000E+00
   0.000000000000000E+00
   0.000000000000000E+00
   0.000000000000000E+00
   0.000000000000000E+00
   0.000000000000000E+00
   0.000000000000000E+00
   0.000000000000000E+00
   0.000000000000000E+00
   0.000000000000000E+00
   0.000000000000000E+00
   0.000000000000000E+00
   0.000000000000000E+00
   0.000000000000000E+00
   0.000000000000000E+00
   0.000000000000000E+00
   0.000000000000000E+00
   0.000000000000000E+00
   0.000000000000000E+00
   0.000000000000000E+00
   0.000000000000000E+00
   0.000000000000000E+00
   0.000000000000000E+00
   0.000000000000000E+00
   0.000000000000000E+00
   0.000000000000000E+00
   0.000000000000000E+00
   0.000000000000000E+00
   0.000000000000000E+00
   0.000000000000000E+00
   0.000000000000000E+00
   0.000000000000000E+00
   0.000000000000000E+00
   0.000000000000000E+00
   0.000000000000000E+00
   0.000000000000000E+00
   0.000000000000000E+00
   0.000000000000000E+00
   0.000000000000000E+00
   0.000000000000000E+00
   0.000000000000000E+00
   0.000000000000000E+00
   0.000000000000000E+00
   0.000000000000000E+00
   0.000000000000000E+00
   0.000000000000000E+00
   0.000000000000000E+00
   0.000000000000000E+00
   0.000000000000000E+00
   0.000000000000000E+00
   0.000000000000000E+00
   0.000000000000000E+00
   0.000000000000000E+00
   0.000000000000000E+00
   0.000000000000000E+00
   0.000000000000000E+00
   0.000000000000000E+00
   0.000000000000000E+00
   0.000000000000000E+00
   0.000000000000000E+00
   0.000000000000000E+00
   0.000000000000000E+00
   0.000000000000000E+00
   0.000000000000000E+00
   0.000000000000000E+00
   0.000000000000000E+00
   0.000000000000000E+00
   0.000000000000000E+00
   0.000000000000000E+00
   0.000000000000000E+00
   0.000000000000000E+00
   0.000000000000000E+00
   0.000000000000000E+00
   0.000000000000000E+00
   0.000000000000000E+00
   0.000000000000000E+00
   0.000000000000000E+00
   0.000000000000000E+00
   0.000000000000000E+00
   0.000000000000000E+00
   0.000000000000000E+00
   0.000000000000000E+00
   0.000000000000000E+00
   0.000000000000000E+00
   0.000000000000000E+00
   0.000000000000000E+00
   0.000000000000000E+00
   0.000000000000000E+00
   0.000000000000000E+00
   0.000000000000000E+00
   0.000000000000000E+00
   0.000000000000000E+00
   0.000000000000000E+00
   0.000000000000000E+00
   0.000000000000000E+00
   0.000000000000000E+00
   0.000000000000000E+00
   0.000000000000000E+00
   0.000000000000000E+00
   0.000000000000000E+00
   0.000000000000000E+00
   0.000000000000000E+00
   0.000000000000000E+00
   0.000000000000000E+00
   0.000000000000000E+00
   0.000000000000000E+00
   0.000000000000000E+00
   0.000000000000000E+00
   0.000000000000000E+00
   0.000000000000000E+00
   0.000000000000000E+00
   0.000000000000000E+00
   0.000000000000000E+00
   0.000000000000000E+00
   0.000000000000000E+00
   0.000000000000000E+00
   0.000000000000000E+00
   0.000000000000000E+00
   0.000000000000000E+00
   0.000000000000000E+00
   0.000000000000000E+00
   0.000000000000000E+00
   0.000000000000000E+00
   0.000000000000000E+00
   0.000000000000000E+00
   0.000000000000000E+00
   0.000000000000000E+00
   0.000000000000000E+00
   0.000000000000000E+00
   0.000000000000000E+00
   0.000000000000000E+00
   0.000000000000000E+00
   0.000000000000000E+00
   0.000000000000000E+00
   0.000000000000000E+00
   0.000000000000000E+00
   0.000000000000000E+00
   0.000000000000000E+00
   0.000000000000000E+00
   0.000000000000000E+00
   0.000000000000000E+00
   0.000000000000000E+00
   0.000000000000000E+00
   0.000000000000000E+00
   0.000000000000000E+00
   0.000000000000000E+00
   0.000000000000000E+00
   0.000000000000000E+00
   0.000000000000000E+00
   0.000000000000000E+00
   0.000000000000000E+00
   0.000000000000000E+00
   0.000000000000000E+00
   0.000000000000000E+00
   0.000000000000000E+00
   0.000000000000000E+00
   0.000000000000000E+00
   0.000000000000000E+00
   0.000000000000000E+00
   0.000000000000000E+00
   0.000000000000000E+00
   0.000000000000000E+00
   0.000000000000000E+00
   0.000000000000000E+00
   0.000000000000000E+00
   0.000000000000000E+00
   0.000000000000000E+00
   0.000000000000000E+00
   0.000000000000000E+00
   0.000000000000000E+00
   0.000000000000000E+00
   0.000000000000000E+00
   0.000000000000000E+00
   0.000000000000000E+00
   0.000000000000000E+00
   0.000000000000000E+00
   0.000000000000000E+00
   0.000000000000000E+00
   0.000000000000000E+00
   0.000000000000000E+00
   0.000000000000000E+00
   0.000000000000000E+00
   0.000000000000000E+00
   0.000000000000000E+00
   0.000000000000000E+00
   0.000000000000000E+00
   0.000000000000000E+00
   0.000000000000000E+00
   0.000000000000000E+00
   0.000000000000000E+00
   0.000000000000000E+00
   0.000000000000000E+00
   0.000000000000000E+00
   0.000000000000000E+00
   0.000000000000000E+00
   0.000000000000000E+00
   0.000000000000000E+00
   0.000000000000000E+00
   0.000000000000000E+00
   0.000000000000000E+00
   0.000000000000000E+00
   0.000000000000000E+00
   0.000000000000000E+00
   0.000000000000000E+00
   0.000000000000000E+00
   0.000000000000000E+00
   0.000000000000000E+00
   0.000000000000000E+00
   0.000000000000000E+00
   0.000000000000000E+00
   0.000000000000000E+00
   0.000000000000000E+00
   0.000000000000000E+00
   0.000000000000000E+00
   0.000000000000000E+00
   0.000000000000000E+00
   0.000000000000000E+00
   0.000000000000000E+00
   0.000000000000000E+00
   0.000000000000000E+00
   0.000000000000000E+00
   0.000000000000000E+00
   0.000000000000000E+00
   0.000000000000000E+00
   0.000000000000000E+00
   0.000000000000000E+00
   0.000000000000000E+00
   0.000000000000000E+00
   0.000000000000000E+00
   0.000000000000000E+00
   0.000000000000000E+00
   0.000000000000000E+00
   0.000000000000000E+00
   0.000000000000000E+00
   0.000000000000000E+00
   0.000000000000000E+00
   0.000000000000000E+00
   0.000000000000000E+00
   0.000000000000000E+00
   0.000000000000000E+00
   0.000000000000000E+00
   0.000000000000000E+00
   0.000000000000000E+00
   0.000000000000000E+00
   0.000000000000000E+00
   0.000000000000000E+00
   0.000000000000000E+00
   0.000000000000000E+00
   0.000000000000000E+00
   0.000000000000000E+00
   0.000000000000000E+00
   0.000000000000000E+00
   0.000000000000000E+00
   0.000000000000000E+00
   0.000000000000000E+00
   0.000000000000000E+00
   0.000000000000000E+00
   0.000000000000000E+00
   0.000000000000000E+00
   0.000000000000000E+00
   0.000000000000000E+00
   0.000000000000000E+00
   0.000000000000000E+00
   0.000000000000000E+00
   0.000000000000000E+00
   0.000000000000000E+00
   0.000000000000000E+00
   0.000000000000000E+00
   0.000000000000000E+00
   0.000000000000000E+00
   0.000000000000000E+00
   0.000000000000000E+00
   0.000000000000000E+00
   0.000000000000000E+00
   0.000000000000000E+00
   0.000000000000000E+00
   0.000000000000000E+00
   0.000000000000000E+00
   0.000000000000000E+00
   0.000000000000000E+00
   0.000000000000000E+00
   0.000000000000000E+00
   0.000000000000000E+00
   0.000000000000000E+00
   0.000000000000000E+00
   0.000000000000000E+00
   0.000000000000000E+00
   0.000000000000000E+00
   0.000000000000000E+00
   0.000000000000000E+00
  -0.535075325812337E+01
  -0.534276384213190E+01
  -0.530848207018183E+01
  -0.502631926981438E+01
  -0.497665496803059E+01
  -0.486766556505476E+01
  -0.469386835218225E+01
  -0.391136647949119E+01
  -0.351084848535165E+01
  -0.313751869478237E+01
  -0.243365416922434E+01
  -0.248317841668373E+01
   0.000000000000000E+00
   0.000000000000000E+00
   0.000000000000000E+00
   0.000000000000000E+00
   0.000000000000000E+00
  -0.313408832077515E+01
  -0.358604920867694E+01
  -0.414368653432152E+01
  -0.495068646808527E+01
  -0.554576614511373E+01
  -0.686694323133930E+01
  -0.704563069864000E+01
  -0.705935650894395E+01
  -0.693515284117915E+01
  -0.673094736868516E+01
  -0.659940921006532E+01
  -0.648763595402358E+01
  -0.647124995774115E+01
  -0.651180179425731E+01
  -0.650216176095784E+01
  -0.652653055266408E+01
  -0.654151312314675E+01
  -0.653757139255626E+01
  -0.537391068467166E+01
   0.000000000000000E+00
   0.371143478579862E+00
   0.399711627198361E+00
   0.416195852352802E+00
   0.419649446980855E+00
   0.000000000000000E+00
   0.424679039176371E+00
   0.423634633386501E+00
   0.402588138769163E+00
   0.361613378831181E+00
   0.000000000000000E+00
   0.000000000000000E+00
   0.000000000000000E+00
   0.000000000000000E+00
   0.000000000000000E+00
   0.000000000000000E+00
   0.000000000000000E+00
   0.000000000000000E+00
   0.000000000000000E+00
   0.000000000000000E+00
   0.000000000000000E+00
   0.000000000000000E+00
   0.000000000000000E+00
   0.000000000000000E+00
   0.000000000000000E+00
   0.000000000000000E+00
   0.000000000000000E+00
   0.000000000000000E+00
   0.000000000000000E+00
   0.000000000000000E+00
   0.000000000000000E+00
   0.000000000000000E+00
   0.000000000000000E+00
   0.000000000000000E+00
   0.000000000000000E+00
   0.000000000000000E+00
   0.000000000000000E+00
   0.000000000000000E+00
   0.000000000000000E+00
   0.000000000000000E+00
   0.000000000000000E+00
   0.000000000000000E+00
   0.000000000000000E+00
   0.000000000000000E+00
   0.000000000000000E+00
   0.000000000000000E+00
   0.000000000000000E+00
   0.000000000000000E+00
   0.000000000000000E+00
   0.000000000000000E+00
   0.000000000000000E+00
   0.000000000000000E+00
   0.000000000000000E+00
   0.000000000000000E+00
   0.000000000000000E+00
   0.000000000000000E+00
   0.000000000000000E+00
   0.000000000000000E+00
   0.000000000000000E+00
   0.000000000000000E+00
   0.000000000000000E+00
   0.000000000000000E+00
   0.000000000000000E+00
   0.000000000000000E+00
   0.000000000000000E+00
   0.000000000000000E+00
   0.000000000000000E+00
   0.000000000000000E+00
   0.000000000000000E+00
   0.000000000000000E+00
   0.000000000000000E+00
   0.000000000000000E+00
   0.000000000000000E+00
   0.000000000000000E+00
   0.000000000000000E+00
   0.000000000000000E+00
   0.000000000000000E+00
   0.000000000000000E+00
   0.000000000000000E+00
   0.000000000000000E+00
   0.000000000000000E+00
   0.000000000000000E+00
   0.000000000000000E+00
   0.000000000000000E+00
   0.000000000000000E+00
   0.000000000000000E+00
   0.000000000000000E+00
   0.000000000000000E+00
   0.000000000000000E+00
   0.000000000000000E+00
   0.000000000000000E+00
   0.000000000000000E+00
   0.000000000000000E+00
   0.000000000000000E+00
   0.000000000000000E+00
   0.000000000000000E+00
   0.000000000000000E+00
   0.000000000000000E+00
   0.000000000000000E+00
   0.000000000000000E+00
   0.000000000000000E+00
   0.000000000000000E+00
   0.000000000000000E+00
   0.000000000000000E+00
   0.000000000000000E+00
   0.000000000000000E+00
   0.000000000000000E+00
   0.000000000000000E+00
   0.000000000000000E+00
   0.000000000000000E+00
   0.000000000000000E+00
   0.000000000000000E+00
   0.000000000000000E+00
   0.000000000000000E+00
   0.000000000000000E+00
   0.000000000000000E+00
   0.000000000000000E+00
   0.000000000000000E+00
   0.000000000000000E+00
   0.000000000000000E+00
   0.000000000000000E+00
   0.000000000000000E+00
   0.000000000000000E+00
   0.000000000000000E+00
   0.000000000000000E+00
   0.000000000000000E+00
   0.000000000000000E+00
   0.000000000000000E+00
   0.000000000000000E+00
   0.000000000000000E+00
   0.000000000000000E+00
   0.000000000000000E+00
   0.000000000000000E+00
   0.000000000000000E+00
   0.000000000000000E+00
   0.000000000000000E+00
   0.000000000000000E+00
   0.000000000000000E+00
   0.000000000000000E+00
   0.000000000000000E+00
   0.000000000000000E+00
   0.000000000000000E+00
   0.000000000000000E+00
   0.000000000000000E+00
   0.000000000000000E+00
   0.000000000000000E+00
   0.000000000000000E+00
   0.000000000000000E+00
   0.000000000000000E+00
   0.000000000000000E+00
   0.000000000000000E+00
   0.000000000000000E+00
   0.000000000000000E+00
   0.000000000000000E+00
   0.000000000000000E+00
   0.000000000000000E+00
   0.000000000000000E+00
   0.000000000000000E+00
   0.000000000000000E+00
   0.000000000000000E+00
   0.000000000000000E+00
   0.000000000000000E+00
   0.000000000000000E+00
   0.000000000000000E+00
   0.000000000000000E+00
   0.000000000000000E+00
   0.000000000000000E+00
   0.000000000000000E+00
   0.000000000000000E+00
   0.000000000000000E+00
   0.000000000000000E+00
   0.000000000000000E+00
   0.000000000000000E+00
   0.000000000000000E+00
   0.000000000000000E+00
   0.000000000000000E+00
   0.000000000000000E+00
   0.000000000000000E+00
   0.000000000000000E+00
   0.000000000000000E+00
   0.000000000000000E+00
   0.000000000000000E+00
   0.000000000000000E+00
   0.000000000000000E+00
   0.000000000000000E+00
   0.000000000000000E+00
   0.000000000000000E+00
   0.000000000000000E+00
   0.000000000000000E+00
   0.000000000000000E+00
   0.000000000000000E+00
   0.000000000000000E+00
   0.000000000000000E+00
   0.000000000000000E+00
   0.000000000000000E+00
   0.000000000000000E+00
   0.000000000000000E+00
   0.000000000000000E+00
   0.000000000000000E+00
   0.000000000000000E+00
   0.000000000000000E+00
   0.000000000000000E+00
   0.000000000000000E+00
   0.000000000000000E+00
   0.000000000000000E+00
   0.000000000000000E+00
   0.000000000000000E+00
   0.000000000000000E+00
   0.000000000000000E+00
   0.000000000000000E+00
   0.000000000000000E+00
   0.000000000000000E+00
   0.000000000000000E+00
   0.000000000000000E+00
   0.000000000000000E+00
   0.000000000000000E+00
   0.000000000000000E+00
   0.000000000000000E+00
   0.000000000000000E+00
   0.000000000000000E+00
   0.000000000000000E+00
   0.000000000000000E+00
   0.000000000000000E+00
   0.000000000000000E+00
   0.000000000000000E+00
   0.000000000000000E+00
   0.000000000000000E+00
   0.000000000000000E+00
   0.000000000000000E+00
   0.000000000000000E+00
   0.000000000000000E+00
   0.000000000000000E+00
   0.000000000000000E+00
   0.000000000000000E+00
   0.000000000000000E+00
   0.000000000000000E+00
   0.000000000000000E+00
   0.000000000000000E+00
   0.000000000000000E+00
   0.000000000000000E+00
   0.000000000000000E+00
   0.000000000000000E+00
   0.000000000000000E+00
   0.000000000000000E+00
   0.000000000000000E+00
   0.000000000000000E+00
   0.000000000000000E+00
   0.000000000000000E+00
   0.000000000000000E+00
   0.000000000000000E+00
   0.000000000000000E+00
   0.000000000000000E+00
   0.000000000000000E+00
   0.000000000000000E+00
   0.000000000000000E+00
   0.000000000000000E+00
   0.000000000000000E+00
   0.000000000000000E+00
   0.000000000000000E+00
   0.000000000000000E+00
   0.000000000000000E+00
   0.000000000000000E+00
   0.000000000000000E+00
   0.000000000000000E+00
   0.000000000000000E+00
   0.000000000000000E+00
   0.000000000000000E+00
   0.000000000000000E+00
   0.000000000000000E+00
   0.000000000000000E+00
   0.000000000000000E+00
   0.000000000000000E+00
   0.000000000000000E+00
   0.000000000000000E+00
   0.000000000000000E+00
   0.000000000000000E+00
   0.000000000000000E+00
   0.000000000000000E+00
   0.000000000000000E+00
   0.000000000000000E+00
   0.000000000000000E+00
   0.000000000000000E+00
   0.000000000000000E+00
   0.000000000000000E+00
   0.000000000000000E+00
   0.000000000000000E+00
   0.000000000000000E+00
   0.000000000000000E+00
   0.000000000000000E+00
   0.000000000000000E+00
   0.000000000000000E+00
   0.000000000000000E+00
   0.000000000000000E+00
   0.000000000000000E+00
   0.000000000000000E+00
   0.000000000000000E+00
   0.000000000000000E+00
   0.000000000000000E+00
   0.000000000000000E+00
   0.000000000000000E+00
   0.000000000000000E+00
   0.000000000000000E+00
   0.000000000000000E+00
   0.000000000000000E+00
   0.000000000000000E+00
   0.000000000000000E+00
   0.000000000000000E+00
   0.000000000000000E+00
   0.000000000000000E+00
   0.000000000000000E+00
   0.000000000000000E+00
   0.000000000000000E+00
   0.000000000000000E+00
   0.000000000000000E+00
   0.000000000000000E+00
   0.000000000000000E+00
   0.000000000000000E+00
   0.000000000000000E+00
   0.000000000000000E+00
   0.000000000000000E+00
   0.000000000000000E+00
   0.000000000000000E+00
   0.000000000000000E+00
   0.000000000000000E+00
   0.000000000000000E+00
   0.000000000000000E+00
   0.000000000000000E+00
   0.000000000000000E+00
   0.000000000000000E+00
   0.000000000000000E+00
   0.000000000000000E+00
   0.000000000000000E+00
   0.000000000000000E+00
   0.000000000000000E+00
   0.000000000000000E+00
   0.000000000000000E+00
   0.000000000000000E+00
   0.000000000000000E+00
   0.000000000000000E+00
   0.000000000000000E+00
   0.000000000000000E+00
   0.000000000000000E+00
   0.000000000000000E+00
   0.000000000000000E+00
   0.000000000000000E+00
   0.000000000000000E+00
   0.000000000000000E+00
   0.000000000000000E+00
   0.000000000000000E+00
   0.000000000000000E+00
   0.000000000000000E+00
   0.000000000000000E+00
   0.000000000000000E+00
   0.000000000000000E+00
   0.000000000000000E+00
   0.000000000000000E+00
   0.000000000000000E+00
   0.000000000000000E+00
   0.000000000000000E+00
   0.000000000000000E+00
   0.000000000000000E+00
   0.000000000000000E+00
   0.000000000000000E+00
   0.000000000000000E+00
   0.000000000000000E+00
   0.000000000000000E+00
   0.000000000000000E+00
   0.000000000000000E+00
   0.000000000000000E+00
   0.000000000000000E+00
   0.000000000000000E+00
   0.000000000000000E+00
   0.000000000000000E+00
   0.000000000000000E+00
   0.000000000000000E+00
   0.000000000000000E+00
   0.000000000000000E+00
   0.000000000000000E+00
   0.000000000000000E+00
   0.000000000000000E+00
   0.000000000000000E+00
   0.000000000000000E+00
   0.000000000000000E+00
   0.000000000000000E+00
   0.000000000000000E+00
   0.000000000000000E+00
   0.000000000000000E+00
   0.000000000000000E+00
   0.000000000000000E+00
   0.000000000000000E+00
   0.000000000000000E+00
   0.000000000000000E+00
   0.000000000000000E+00
   0.000000000000000E+00
   0.000000000000000E+00
   0.000000000000000E+00
   0.000000000000000E+00
   0.000000000000000E+00
   0.000000000000000E+00
   0.000000000000000E+00
   0.000000000000000E+00
   0.000000000000000E+00
   0.000000000000000E+00
   0.000000000000000E+00
   0.000000000000000E+00
   0.000000000000000E+00
   0.000000000000000E+00
   0.000000000000000E+00
   0.000000000000000E+00
   0.000000000000000E+00
   0.000000000000000E+00
   0.000000000000000E+00
   0.000000000000000E+00
   0.000000000000000E+00
   0.000000000000000E+00
   0.000000000000000E+00
   0.000000000000000E+00
   0.000000000000000E+00
   0.000000000000000E+00
   0.000000000000000E+00
   0.000000000000000E+00
   0.000000000000000E+00
   0.000000000000000E+00
   0.000000000000000E+00
   0.000000000000000E+00
   0.000000000000000E+00
   0.000000000000000E+00
   0.000000000000000E+00
   0.000000000000000E+00
   0.000000000000000E+00
   0.000000000000000E+00
   0.000000000000000E+00
   0.000000000000000E+00
   0.000000000000000E+00
   0.000000000000000E+00
   0.000000000000000E+00
   0.000000000000000E+00
   0.000000000000000E+00
   0.000000000000000E+00
   0.000000000000000E+00
   0.000000000000000E+00
   0.000000000000000E+00
   0.000000000000000E+00
   0.000000000000000E+00
   0.000000000000000E+00
   0.000000000000000E+00
   0.000000000000000E+00
   0.000000000000000E+00
   0.000000000000000E+00
   0.000000000000000E+00
   0.000000000000000E+00
   0.000000000000000E+00
   0.000000000000000E+00
   0.000000000000000E+00
   0.000000000000000E+00
   0.000000000000000E+00
   0.000000000000000E+00
   0.000000000000000E+00
   0.000000000000000E+00
   0.000000000000000E+00
   0.000000000000000E+00
   0.000000000000000E+00
   0.000000000000000E+00
   0.000000000000000E+00
   0.000000000000000E+00
   0.000000000000000E+00
   0.000000000000000E+00
   0.000000000000000E+00
   0.000000000000000E+00
   0.000000000000000E+00
   0.000000000000000E+00
   0.000000000000000E+00
   0.000000000000000E+00
   0.000000000000000E+00
   0.000000000000000E+00
   0.000000000000000E+00
   0.000000000000000E+00
   0.000000000000000E+00
   0.000000000000000E+00
   0.000000000000000E+00
   0.000000000000000E+00
   0.000000000000000E+00
   0.000000000000000E+00
   0.000000000000000E+00
   0.000000000000000E+00
   0.000000000000000E+00
   0.000000000000000E+00
   0.000000000000000E+00
   0.000000000000000E+00
   0.000000000000000E+00
   0.000000000000000E+00
   0.000000000000000E+00
   0.000000000000000E+00
   0.000000000000000E+00
   0.000000000000000E+00
   0.000000000000000E+00
   0.000000000000000E+00
   0.000000000000000E+00
   0.000000000000000E+00
   0.000000000000000E+00
   0.000000000000000E+00
   0.000000000000000E+00
   0.000000000000000E+00
   0.000000000000000E+00
   0.000000000000000E+00
   0.000000000000000E+00
   0.000000000000000E+00
   0.000000000000000E+00
   0.000000000000000E+00
   0.000000000000000E+00
   0.000000000000000E+00
   0.000000000000000E+00
   0.000000000000000E+00
   0.000000000000000E+00
   0.000000000000000E+00
   0.000000000000000E+00
   0.000000000000000E+00
   0.000000000000000E+00
   0.000000000000000E+00
   0.000000000000000E+00
   0.000000000000000E+00
   0.000000000000000E+00
   0.000000000000000E+00
   0.000000000000000E+00
   0.000000000000000E+00
   0.000000000000000E+00
   0.000000000000000E+00
   0.000000000000000E+00
   0.000000000000000E+00
   0.000000000000000E+00
   0.000000000000000E+00
   0.000000000000000E+00
   0.000000000000000E+00
   0.000000000000000E+00
   0.000000000000000E+00
   0.000000000000000E+00
   0.000000000000000E+00
   0.000000000000000E+00
   0.000000000000000E+00
   0.000000000000000E+00
   0.000000000000000E+00
   0.000000000000000E+00
   0.000000000000000E+00
   0.000000000000000E+00
   0.000000000000000E+00
   0.000000000000000E+00
   0.000000000000000E+00
   0.000000000000000E+00
   0.000000000000000E+00
   0.000000000000000E+00
   0.000000000000000E+00
   0.000000000000000E+00
   0.000000000000000E+00
   0.000000000000000E+00
   0.000000000000000E+00
   0.000000000000000E+00
   0.000000000000000E+00
   0.000000000000000E+00
   0.000000000000000E+00
   0.000000000000000E+00
   0.000000000000000E+00
   0.000000000000000E+00
   0.000000000000000E+00
   0.000000000000000E+00
   0.000000000000000E+00
   0.000000000000000E+00
   0.000000000000000E+00
   0.000000000000000E+00
   0.000000000000000E+00
   0.000000000000000E+00
   0.000000000000000E+00
   0.000000000000000E+00
   0.000000000000000E+00
   0.000000000000000E+00
   0.000000000000000E+00
   0.000000000000000E+00
   0.000000000000000E+00
   0.000000000000000E+00
   0.000000000000000E+00
   0.000000000000000E+00
   0.000000000000000E+00
   0.000000000000000E+00
   0.000000000000000E+00
   0.000000000000000E+00
   0.000000000000000E+00
   0.000000000000000E+00
   0.000000000000000E+00
   0.000000000000000E+00
   0.000000000000000E+00
   0.000000000000000E+00
   0.000000000000000E+00
   0.000000000000000E+00
   0.000000000000000E+00
   0.000000000000000E+00
   0.000000000000000E+00
   0.000000000000000E+00
   0.000000000000000E+00
   0.000000000000000E+00
   0.000000000000000E+00
   0.000000000000000E+00
   0.000000000000000E+00
   0.000000000000000E+00
   0.000000000000000E+00
   0.000000000000000E+00
   0.000000000000000E+00
   0.000000000000000E+00
   0.000000000000000E+00
   0.000000000000000E+00
   0.000000000000000E+00
   0.000000000000000E+00
   0.000000000000000E+00
   0.000000000000000E+00
   0.000000000000000E+00
   0.000000000000000E+00
   0.000000000000000E+00
   0.000000000000000E+00
   0.000000000000000E+00
   0.000000000000000E+00
   0.000000000000000E+00
   0.000000000000000E+00
   0.000000000000000E+00
   0.000000000000000E+00
   0.000000000000000E+00
   0.000000000000000E+00
   0.000000000000000E+00
   0.000000000000000E+00
   0.000000000000000E+00
   0.000000000000000E+00
   0.000000000000000E+00
   0.000000000000000E+00
   0.000000000000000E+00
   0.000000000000000E+00
   0.000000000000000E+00
   0.000000000000000E+00
   0.000000000000000E+00
   0.000000000000000E+00
   0.000000000000000E+00
   0.000000000000000E+00
   0.000000000000000E+00
   0.000000000000000E+00
   0.000000000000000E+00
   0.000000000000000E+00
   0.000000000000000E+00
   0.000000000000000E+00
   0.000000000000000E+00
   0.000000000000000E+00
   0.000000000000000E+00
   0.000000000000000E+00
   0.000000000000000E+00
   0.000000000000000E+00
   0.000000000000000E+00
   0.000000000000000E+00
   0.000000000000000E+00
   0.000000000000000E+00
   0.000000000000000E+00
   0.000000000000000E+00
   0.000000000000000E+00
   0.000000000000000E+00
   0.000000000000000E+00
   0.000000000000000E+00
   0.000000000000000E+00
   0.000000000000000E+00
   0.000000000000000E+00
   0.000000000000000E+00
   0.000000000000000E+00
   0.000000000000000E+00
   0.000000000000000E+00
   0.000000000000000E+00
   0.000000000000000E+00
   0.000000000000000E+00
   0.000000000000000E+00
   0.000000000000000E+00
   0.000000000000000E+00
   0.000000000000000E+00
   0.000000000000000E+00
   0.000000000000000E+00
   0.000000000000000E+00
   0.000000000000000E+00
   0.000000000000000E+00
   0.000000000000000E+00
   0.000000000000000E+00
   0.000000000000000E+00
   0.000000000000000E+00
   0.000000000000000E+00
   0.000000000000000E+00
   0.000000000000000E+00
   0.000000000000000E+00
   0.000000000000000E+00
   0.000000000000000E+00
   0.000000000000000E+00
   0.000000000000000E+00
   0.000000000000000E+00
   0.000000000000000E+00
   0.000000000000000E+00
   0.000000000000000E+00
   0.000000000000000E+00
   0.000000000000000E+00
   0.000000000000000E+00
   0.000000000000000E+00
   0.000000000000000E+00
   0.000000000000000E+00
   0.000000000000000E+00
   0.000000000000000E+00
   0.000000000000000E+00
   0.000000000000000E+00
   0.000000000000000E+00
   0.000000000000000E+00
   0.000000000000000E+00
   0.000000000000000E+00
   0.000000000000000E+00
   0.000000000000000E+00
   0.000000000000000E+00
   0.000000000000000E+00
   0.000000000000000E+00
   0.000000000000000E+00
   0.000000000000000E+00
   0.000000000000000E+00
   0.000000000000000E+00
   0.000000000000000E+00
   0.000000000000000E+00
   0.000000000000000E+00
   0.000000000000000E+00
   0.000000000000000E+00
   0.000000000000000E+00
   0.000000000000000E+00
   0.000000000000000E+00
   0.000000000000000E+00
   0.000000000000000E+00
   0.000000000000000E+00
   0.000000000000000E+00
   0.000000000000000E+00
   0.000000000000000E+00
   0.000000000000000E+00
   0.000000000000000E+00
   0.000000000000000E+00
   0.000000000000000E+00
   0.000000000000000E+00
   0.000000000000000E+00
   0.000000000000000E+00
   0.000000000000000E+00
   0.000000000000000E+00
   0.000000000000000E+00
   0.000000000000000E+00
   0.000000000000000E+00
   0.000000000000000E+00
   0.000000000000000E+00
   0.000000000000000E+00
   0.000000000000000E+00
   0.000000000000000E+00
   0.000000000000000E+00
   0.000000000000000E+00
   0.000000000000000E+00
   0.000000000000000E+00
   0.000000000000000E+00
   0.000000000000000E+00
   0.000000000000000E+00
   0.000000000000000E+00
   0.000000000000000E+00
   0.000000000000000E+00
   0.000000000000000E+00
   0.000000000000000E+00
   0.000000000000000E+00
   0.000000000000000E+00
   0.000000000000000E+00
   0.000000000000000E+00
   0.000000000000000E+00
   0.000000000000000E+00
   0.000000000000000E+00
   0.000000000000000E+00
   0.000000000000000E+00
   0.000000000000000E+00
   0.000000000000000E+00
   0.000000000000000E+00
   0.000000000000000E+00
   0.000000000000000E+00
   0.000000000000000E+00
   0.000000000000000E+00
   0.000000000000000E+00
   0.000000000000000E+00
   0.000000000000000E+00
   0.000000000000000E+00
   0.000000000000000E+00
   0.000000000000000E+00
   0.000000000000000E+00
   0.000000000000000E+00
   0.000000000000000E+00
   0.000000000000000E+00
   0.000000000000000E+00
   0.000000000000000E+00
   0.000000000000000E+00
   0.000000000000000E+00
   0.000000000000000E+00
   0.000000000000000E+00
   0.000000000000000E+00
   0.000000000000000E+00
   0.000000000000000E+00
   0.000000000000000E+00
   0.000000000000000E+00
   0.000000000000000E+00
   0.000000000000000E+00
   0.000000000000000E+00
   0.000000000000000E+00
   0.000000000000000E+00
   0.000000000000000E+00
   0.000000000000000E+00
   0.000000000000000E+00
   0.000000000000000E+00
   0.000000000000000E+00
   0.000000000000000E+00
   0.000000000000000E+00
   0.000000000000000E+00
   0.000000000000000E+00
   0.000000000000000E+00
   0.000000000000000E+00
   0.000000000000000E+00
   0.000000000000000E+00
   0.000000000000000E+00
   0.000000000000000E+00
   0.000000000000000E+00
   0.000000000000000E+00
   0.000000000000000E+00
   0.000000000000000E+00
   0.000000000000000E+00
   0.000000000000000E+00
   0.000000000000000E+00
   0.000000000000000E+00
   0.000000000000000E+00
   0.000000000000000E+00
   0.000000000000000E+00
   0.000000000000000E+00
   0.000000000000000E+00
   0.000000000000000E+00
   0.000000000000000E+00
   0.000000000000000E+00
   0.000000000000000E+00
   0.000000000000000E+00
   0.000000000000000E+00
   0.000000000000000E+00
   0.000000000000000E+00
   0.000000000000000E+00
   0.000000000000000E+00
   0.000000000000000E+00
   0.000000000000000E+00
   0.000000000000000E+00
   0.000000000000000E+00
   0.000000000000000E+00
   0.000000000000000E+00
   0.000000000000000E+00
   0.000000000000000E+00
   0.000000000000000E+00
   0.000000000000000E+00
   0.000000000000000E+00
   0.000000000000000E+00
   0.000000000000000E+00
   0.000000000000000E+00
   0.000000000000000E+00
   0.000000000000000E+00
   0.000000000000000E+00
   0.000000000000000E+00
   0.000000000000000E+00
   0.000000000000000E+00
   0.000000000000000E+00
   0.000000000000000E+00
   0.000000000000000E+00
   0.000000000000000E+00
   0.000000000000000E+00
   0.000000000000000E+00
   0.000000000000000E+00
   0.000000000000000E+00
   0.000000000000000E+00
   0.000000000000000E+00
   0.000000000000000E+00
   0.000000000000000E+00
   0.000000000000000E+00
   0.000000000000000E+00
   0.000000000000000E+00
   0.000000000000000E+00
   0.000000000000000E+00
   0.000000000000000E+00
   0.000000000000000E+00
   0.000000000000000E+00
   0.000000000000000E+00
   0.000000000000000E+00
   0.000000000000000E+00
   0.000000000000000E+00
   0.000000000000000E+00
   0.000000000000000E+00
   0.000000000000000E+00
   0.000000000000000E+00
   0.000000000000000E+00
   0.000000000000000E+00
   0.000000000000000E+00
   0.000000000000000E+00
   0.000000000000000E+00
   0.000000000000000E+00
   0.000000000000000E+00
   0.000000000000000E+00
   0.000000000000000E+00
   0.000000000000000E+00
   0.000000000000000E+00
   0.000000000000000E+00
   0.000000000000000E+00
   0.000000000000000E+00
   0.000000000000000E+00
   0.000000000000000E+00
   0.000000000000000E+00
   0.000000000000000E+00
   0.000000000000000E+00
   0.000000000000000E+00
   0.000000000000000E+00
   0.000000000000000E+00
   0.000000000000000E+00
   0.000000000000000E+00
   0.000000000000000E+00
   0.000000000000000E+00
   0.000000000000000E+00
   0.000000000000000E+00
   0.000000000000000E+00
   0.000000000000000E+00
   0.000000000000000E+00
   0.000000000000000E+00
   0.000000000000000E+00
   0.000000000000000E+00
   0.000000000000000E+00
   0.000000000000000E+00
   0.000000000000000E+00
   0.000000000000000E+00
   0.000000000000000E+00
   0.000000000000000E+00
   0.000000000000000E+00
   0.000000000000000E+00
   0.000000000000000E+00
   0.000000000000000E+00
   0.000000000000000E+00
   0.000000000000000E+00
   0.000000000000000E+00
   0.000000000000000E+00
   0.000000000000000E+00
   0.000000000000000E+00
   0.000000000000000E+00
   0.000000000000000E+00
   0.000000000000000E+00
   0.000000000000000E+00
   0.000000000000000E+00
   0.000000000000000E+00
   0.000000000000000E+00
   0.000000000000000E+00
   0.000000000000000E+00
   0.000000000000000E+00
   0.000000000000000E+00
   0.000000000000000E+00
   0.000000000000000E+00
   0.000000000000000E+00
   0.000000000000000E+00
   0.000000000000000E+00
   0.000000000000000E+00
   0.000000000000000E+00
   0.000000000000000E+00
   0.000000000000000E+00
   0.000000000000000E+00
   0.000000000000000E+00
   0.000000000000000E+00
   0.000000000000000E+00
   0.000000000000000E+00
   0.000000000000000E+00
   0.000000000000000E+00
   0.000000000000000E+00
   0.000000000000000E+00
   0.000000000000000E+00
   0.000000000000000E+00
   0.000000000000000E+00
   0.000000000000000E+00
   0.000000000000000E+00
   0.000000000000000E+00
   0.000000000000000E+00
   0.000000000000000E+00
   0.000000000000000E+00
   0.000000000000000E+00
   0.000000000000000E+00
   0.000000000000000E+00
   0.000000000000000E+00
   0.000000000000000E+00
   0.000000000000000E+00
   0.000000000000000E+00
   0.000000000000000E+00
   0.000000000000000E+00
   0.000000000000000E+00
   0.000000000000000E+00
   0.000000000000000E+00
   0.000000000000000E+00
   0.000000000000000E+00
   0.000000000000000E+00
   0.000000000000000E+00
   0.000000000000000E+00
   0.000000000000000E+00
   0.000000000000000E+00
   0.000000000000000E+00
   0.000000000000000E+00
   0.000000000000000E+00
   0.000000000000000E+00
   0.000000000000000E+00
   0.000000000000000E+00
   0.000000000000000E+00
   0.000000000000000E+00
   0.000000000000000E+00
   0.000000000000000E+00
   0.000000000000000E+00
   0.000000000000000E+00
   0.000000000000000E+00
   0.000000000000000E+00
   0.000000000000000E+00
   0.000000000000000E+00
   0.000000000000000E+00
   0.000000000000000E+00
   0.000000000000000E+00
   0.000000000000000E+00
   0.000000000000000E+00
   0.000000000000000E+00
   0.000000000000000E+00
   0.000000000000000E+00
   0.000000000000000E+00
   0.000000000000000E+00
   0.000000000000000E+00
   0.000000000000000E+00
   0.000000000000000E+00
   0.000000000000000E+00
   0.000000000000000E+00
   0.000000000000000E+00
   0.000000000000000E+00
   0.000000000000000E+00
   0.000000000000000E+00
   0.000000000000000E+00
   0.000000000000000E+00
   0.000000000000000E+00
   0.000000000000000E+00
   0.000000000000000E+00
   0.000000000000000E+00
   0.000000000000000E+00
   0.000000000000000E+00
   0.000000000000000E+00
   0.000000000000000E+00
   0.000000000000000E+00
   0.000000000000000E+00
   0.000000000000000E+00
   0.000000000000000E+00
   0.000000000000000E+00
   0.000000000000000E+00
   0.000000000000000E+00
   0.000000000000000E+00
   0.000000000000000E+00
   0.000000000000000E+00
   0.000000000000000E+00
   0.000000000000000E+00
   0.000000000000000E+00
   0.000000000000000E+00
   0.000000000000000E+00
   0.000000000000000E+00
   0.000000000000000E+00
   0.000000000000000E+00
   0.000000000000000E+00
   0.000000000000000E+00
   0.000000000000000E+00
   0.000000000000000E+00
   0.000000000000000E+00
   0.000000000000000E+00
   0.000000000000000E+00
   0.000000000000000E+00
   0.000000000000000E+00
   0.000000000000000E+00
   0.000000000000000E+00
   0.000000000000000E+00
   0.000000000000000E+00
   0.000000000000000E+00
   0.000000000000000E+00
   0.000000000000000E+00
   0.000000000000000E+00
   0.000000000000000E+00
   0.000000000000000E+00
   0.000000000000000E+00
   0.000000000000000E+00
   0.000000000000000E+00
   0.000000000000000E+00
   0.000000000000000E+00
   0.000000000000000E+00
   0.000000000000000E+00
   0.000000000000000E+00
   0.000000000000000E+00
   0.000000000000000E+00
   0.000000000000000E+00
   0.000000000000000E+00
   0.000000000000000E+00
   0.000000000000000E+00
   0.000000000000000E+00
   0.000000000000000E+00
   0.000000000000000E+00
   0.000000000000000E+00
   0.000000000000000E+00
   0.000000000000000E+00
   0.000000000000000E+00
   0.000000000000000E+00
   0.000000000000000E+00
   0.000000000000000E+00
   0.000000000000000E+00
   0.000000000000000E+00
   0.000000000000000E+00
   0.000000000000000E+00
   0.000000000000000E+00
   0.000000000000000E+00
   0.000000000000000E+00
   0.000000000000000E+00
   0.000000000000000E+00
   0.000000000000000E+00
   0.000000000000000E+00
   0.000000000000000E+00
   0.000000000000000E+00
   0.000000000000000E+00
   0.000000000000000E+00
   0.000000000000000E+00
   0.000000000000000E+00
   0.000000000000000E+00
   0.000000000000000E+00
   0.000000000000000E+00
   0.000000000000000E+00
   0.000000000000000E+00
   0.000000000000000E+00
   0.000000000000000E+00
   0.000000000000000E+00
   0.000000000000000E+00
   0.000000000000000E+00
   0.000000000000000E+00
   0.000000000000000E+00
   0.000000000000000E+00
   0.000000000000000E+00
   0.000000000000000E+00
   0.000000000000000E+00
   0.000000000000000E+00
   0.000000000000000E+00
   0.000000000000000E+00
   0.000000000000000E+00
   0.000000000000000E+00
   0.000000000000000E+00
   0.000000000000000E+00
   0.000000000000000E+00
   0.000000000000000E+00
   0.000000000000000E+00
   0.000000000000000E+00
   0.000000000000000E+00
   0.000000000000000E+00
   0.000000000000000E+00
   0.000000000000000E+00
   0.000000000000000E+00
   0.000000000000000E+00
   0.000000000000000E+00
   0.000000000000000E+00
   0.000000000000000E+00
   0.000000000000000E+00
   0.000000000000000E+00
   0.000000000000000E+00
   0.000000000000000E+00
   0.000000000000000E+00
   0.000000000000000E+00
   0.000000000000000E+00
   0.000000000000000E+00
   0.000000000000000E+00
   0.000000000000000E+00
   0.000000000000000E+00
   0.000000000000000E+00
   0.000000000000000E+00
   0.000000000000000E+00
   0.000000000000000E+00
   0.000000000000000E+00
   0.000000000000000E+00
   0.000000000000000E+00
   0.000000000000000E+00
   0.000000000000000E+00
   0.000000000000000E+00
   0.000000000000000E+00
   0.000000000000000E+00
   0.000000000000000E+00
   0.000000000000000E+00
   0.000000000000000E+00
   0.000000000000000E+00
   0.000000000000000E+00
   0.000000000000000E+00
   0.000000000000000E+00
   0.000000000000000E+00
   0.000000000000000E+00
   0.000000000000000E+00
   0.000000000000000E+00
   0.000000000000000E+00
   0.000000000000000E+00
   0.000000000000000E+00
   0.000000000000000E+00
   0.000000000000000E+00
   0.000000000000000E+00
   0.000000000000000E+00
   0.000000000000000E+00
   0.000000000000000E+00
   0.000000000000000E+00
   0.000000000000000E+00
   0.000000000000000E+00
   0.000000000000000E+00
   0.000000000000000E+00
   0.000000000000000E+00
   0.000000000000000E+00
   0.000000000000000E+00
   0.000000000000000E+00
   0.000000000000000E+00
   0.000000000000000E+00
   0.000000000000000E+00
   0.000000000000000E+00
   0.000000000000000E+00
   0.000000000000000E+00
   0.000000000000000E+00
   0.000000000000000E+00
   0.000000000000000E+00
   0.000000000000000E+00
   0.000000000000000E+00
   0.000000000000000E+00
   0.000000000000000E+00
   0.000000000000000E+00
   0.000000000000000E+00
   0.000000000000000E+00
   0.000000000000000E+00
   0.000000000000000E+00
   0.000000000000000E+00
   0.000000000000000E+00
   0.000000000000000E+00
   0.000000000000000E+00
   0.000000000000000E+00
   0.000000000000000E+00
   0.000000000000000E+00
   0.000000000000000E+00
   0.000000000000000E+00
   0.000000000000000E+00
   0.000000000000000E+00
   0.000000000000000E+00
   0.000000000000000E+00
   0.000000000000000E+00
   0.000000000000000E+00
   0.000000000000000E+00
   0.000000000000000E+00
   0.000000000000000E+00
   0.000000000000000E+00
   0.000000000000000E+00
   0.000000000000000E+00
   0.000000000000000E+00
   0.000000000000000E+00
   0.000000000000000E+00
   0.000000000000000E+00
   0.000000000000000E+00
   0.000000000000000E+00
   0.000000000000000E+00
   0.000000000000000E+00
   0.000000000000000E+00
   0.000000000000000E+00
   0.000000000000000E+00
   0.000000000000000E+00
   0.000000000000000E+00
   0.000000000000000E+00
   0.700000000000000E+00
   0.700000000000000E+00
   0.700000000000000E+00
   0.700000000000000E+00
   0.700000000000000E+00
   0.700000000000000E+00
   0.700000000000000E+00
   0.700000000000000E+00
   0.700000000000000E+00
   0.700000000000000E+00
   0.700000000000000E+00
   0.700000000000000E+00
   0.000000000000000E+00
   0.000000000000000E+00
   0.000000000000000E+00
   0.000000000000000E+00
   0.000000000000000E+00
   0.700000000000000E+00
   0.700000000000000E+00
   0.700000000000000E+00
   0.700000000000000E+00
   0.700000000000000E+00
   0.700000000000000E+00
   0.700000000000000E+00
   0.700000000000000E+00
   0.700000000000000E+00
   0.700000000000000E+00
   0.700000000000000E+00
   0.700000000000000E+00
   0.700000000000000E+00
   0.700000000000000E+00
   0.700000000000000E+00
   0.700000000000000E+00
   0.700000000000000E+00
   0.700000000000000E+00
   0.700000000000000E+00
