   0.000000000000000E+00
   0.000000000000000E+00
   0.193790070064024E-01
   0.188134171026613E+00
   0.103770031270468E+00
   0.303981972097190E+00
   0.177650031627904E+00
   0.375375651754786E+00
   0.147259877020823E+00
   0.345907072081700E+00
   0.000000000000000E+00
   0.000000000000000E+00
   0.259954314822684E+00
   0.451346843468599E+00
   0.187490725170744E+00
   0.387522135596347E+00
   0.175123027219916E-01
   0.182006390471459E+00
   0.223928115983772E-01
   0.194483911664269E+00
   0.000000000000000E+00
   0.000000000000000E+00
   0.000000000000000E+00
   0.000000000000000E+00
   0.000000000000000E+00
   0.000000000000000E+00
   0.000000000000000E+00
   0.000000000000000E+00
   0.000000000000000E+00
   0.000000000000000E+00
   0.000000000000000E+00
   0.000000000000000E+00
   0.000000000000000E+00
   0.000000000000000E+00
   0.000000000000000E+00
   0.000000000000000E+00
   0.000000000000000E+00
   0.000000000000000E+00
   0.000000000000000E+00
   0.000000000000000E+00
   0.000000000000000E+00
   0.000000000000000E+00
   0.000000000000000E+00
   0.000000000000000E+00
   0.000000000000000E+00
   0.000000000000000E+00
   0.000000000000000E+00
   0.000000000000000E+00
   0.000000000000000E+00
   0.000000000000000E+00
   0.000000000000000E+00
   0.000000000000000E+00
   0.000000000000000E+00
   0.000000000000000E+00
   0.000000000000000E+00
   0.000000000000000E+00
   0.000000000000000E+00
   0.000000000000000E+00
   0.000000000000000E+00
   0.000000000000000E+00
   0.000000000000000E+00
   0.000000000000000E+00
   0.000000000000000E+00
   0.000000000000000E+00
   0.000000000000000E+00
   0.000000000000000E+00
   0.000000000000000E+00
   0.000000000000000E+00
   0.000000000000000E+00
   0.000000000000000E+00
   0.000000000000000E+00
   0.000000000000000E+00
   0.000000000000000E+00
   0.000000000000000E+00
   0.000000000000000E+00
   0.000000000000000E+00
   0.000000000000000E+00
   0.000000000000000E+00
   0.000000000000000E+00
   0.000000000000000E+00
   0.000000000000000E+00
   0.000000000000000E+00
   0.000000000000000E+00
   0.000000000000000E+00
   0.000000000000000E+00
   0.000000000000000E+00
   0.000000000000000E+00
   0.000000000000000E+00
   0.000000000000000E+00
   0.000000000000000E+00
   0.000000000000000E+00
   0.000000000000000E+00
   0.000000000000000E+00
   0.000000000000000E+00
   0.000000000000000E+00
   0.000000000000000E+00
   0.000000000000000E+00
   0.000000000000000E+00
   0.000000000000000E+00
   0.000000000000000E+00
   0.000000000000000E+00
   0.000000000000000E+00
   0.000000000000000E+00
   0.000000000000000E+00
   0.000000000000000E+00
   0.000000000000000E+00
   0.000000000000000E+00
   0.000000000000000E+00
   0.000000000000000E+00
   0.000000000000000E+00
   0.000000000000000E+00
   0.000000000000000E+00
   0.000000000000000E+00
   0.000000000000000E+00
   0.000000000000000E+00
   0.000000000000000E+00
   0.000000000000000E+00
   0.000000000000000E+00
   0.000000000000000E+00
   0.000000000000000E+00
   0.000000000000000E+00
   0.000000000000000E+00
   0.000000000000000E+00
   0.000000000000000E+00
   0.000000000000000E+00
   0.000000000000000E+00
   0.000000000000000E+00
   0.000000000000000E+00
   0.000000000000000E+00
   0.000000000000000E+00
   0.000000000000000E+00
   0.000000000000000E+00
   0.000000000000000E+00
   0.000000000000000E+00
   0.000000000000000E+00
   0.000000000000000E+00
   0.000000000000000E+00
   0.000000000000000E+00
   0.000000000000000E+00
   0.000000000000000E+00
   0.000000000000000E+00
   0.000000000000000E+00
   0.000000000000000E+00
   0.000000000000000E+00
   0.000000000000000E+00
   0.000000000000000E+00
   0.000000000000000E+00
   0.000000000000000E+00
   0.000000000000000E+00
   0.000000000000000E+00
   0.000000000000000E+00
   0.000000000000000E+00
   0.000000000000000E+00
   0.000000000000000E+00
   0.000000000000000E+00
   0.000000000000000E+00
   0.000000000000000E+00
   0.000000000000000E+00
   0.000000000000000E+00
   0.000000000000000E+00
   0.000000000000000E+00
   0.000000000000000E+00
   0.000000000000000E+00
   0.000000000000000E+00
   0.000000000000000E+00
   0.000000000000000E+00
   0.000000000000000E+00
   0.000000000000000E+00
   0.000000000000000E+00
   0.000000000000000E+00
   0.000000000000000E+00
   0.000000000000000E+00
   0.000000000000000E+00
   0.000000000000000E+00
   0.000000000000000E+00
   0.000000000000000E+00
   0.000000000000000E+00
   0.000000000000000E+00
   0.000000000000000E+00
   0.000000000000000E+00
   0.000000000000000E+00
   0.000000000000000E+00
   0.000000000000000E+00
   0.000000000000000E+00
   0.000000000000000E+00
   0.000000000000000E+00
   0.000000000000000E+00
   0.000000000000000E+00
   0.000000000000000E+00
   0.000000000000000E+00
   0.000000000000000E+00
   0.000000000000000E+00
   0.000000000000000E+00
   0.000000000000000E+00
   0.000000000000000E+00
   0.000000000000000E+00
   0.000000000000000E+00
   0.000000000000000E+00
   0.000000000000000E+00
   0.000000000000000E+00
   0.000000000000000E+00
   0.000000000000000E+00
   0.000000000000000E+00
   0.000000000000000E+00
   0.000000000000000E+00
   0.000000000000000E+00
   0.000000000000000E+00
   0.000000000000000E+00
   0.000000000000000E+00
   0.000000000000000E+00
   0.000000000000000E+00
   0.000000000000000E+00
   0.000000000000000E+00
   0.000000000000000E+00
   0.000000000000000E+00
   0.000000000000000E+00
   0.000000000000000E+00
   0.000000000000000E+00
   0.000000000000000E+00
   0.000000000000000E+00
   0.000000000000000E+00
   0.000000000000000E+00
   0.000000000000000E+00
   0.000000000000000E+00
   0.000000000000000E+00
   0.000000000000000E+00
   0.000000000000000E+00
   0.000000000000000E+00
   0.000000000000000E+00
   0.000000000000000E+00
   0.000000000000000E+00
   0.000000000000000E+00
   0.000000000000000E+00
   0.000000000000000E+00
   0.000000000000000E+00
   0.000000000000000E+00
   0.000000000000000E+00
   0.000000000000000E+00
   0.000000000000000E+00
   0.000000000000000E+00
   0.000000000000000E+00
   0.000000000000000E+00
   0.000000000000000E+00
   0.000000000000000E+00
   0.000000000000000E+00
   0.000000000000000E+00
   0.000000000000000E+00
   0.000000000000000E+00
   0.000000000000000E+00
   0.000000000000000E+00
   0.000000000000000E+00
   0.000000000000000E+00
   0.000000000000000E+00
   0.000000000000000E+00
   0.000000000000000E+00
   0.000000000000000E+00
   0.000000000000000E+00
   0.000000000000000E+00
   0.000000000000000E+00
   0.000000000000000E+00
   0.000000000000000E+00
   0.000000000000000E+00
   0.000000000000000E+00
   0.000000000000000E+00
   0.000000000000000E+00
   0.000000000000000E+00
   0.000000000000000E+00
   0.000000000000000E+00
   0.000000000000000E+00
   0.000000000000000E+00
   0.000000000000000E+00
   0.000000000000000E+00
   0.000000000000000E+00
   0.000000000000000E+00
   0.000000000000000E+00
   0.000000000000000E+00
   0.000000000000000E+00
   0.000000000000000E+00
   0.000000000000000E+00
   0.000000000000000E+00
   0.000000000000000E+00
   0.000000000000000E+00
   0.000000000000000E+00
   0.000000000000000E+00
   0.000000000000000E+00
   0.000000000000000E+00
   0.000000000000000E+00
   0.000000000000000E+00
   0.000000000000000E+00
   0.000000000000000E+00
   0.000000000000000E+00
   0.000000000000000E+00
   0.000000000000000E+00
   0.000000000000000E+00
   0.000000000000000E+00
   0.000000000000000E+00
   0.000000000000000E+00
   0.000000000000000E+00
   0.000000000000000E+00
   0.000000000000000E+00
   0.000000000000000E+00
   0.000000000000000E+00
   0.000000000000000E+00
   0.000000000000000E+00
   0.000000000000000E+00
   0.000000000000000E+00
   0.000000000000000E+00
   0.000000000000000E+00
   0.000000000000000E+00
   0.000000000000000E+00
   0.000000000000000E+00
   0.000000000000000E+00
   0.000000000000000E+00
   0.000000000000000E+00
   0.000000000000000E+00
   0.000000000000000E+00
   0.000000000000000E+00
   0.000000000000000E+00
   0.000000000000000E+00
   0.000000000000000E+00
   0.000000000000000E+00
   0.000000000000000E+00
   0.000000000000000E+00
   0.000000000000000E+00
   0.000000000000000E+00
   0.000000000000000E+00
   0.000000000000000E+00
   0.000000000000000E+00
   0.000000000000000E+00
   0.000000000000000E+00
   0.000000000000000E+00
   0.000000000000000E+00
   0.000000000000000E+00
   0.000000000000000E+00
   0.000000000000000E+00
   0.000000000000000E+00
   0.000000000000000E+00
   0.000000000000000E+00
   0.000000000000000E+00
   0.000000000000000E+00
   0.000000000000000E+00
   0.000000000000000E+00
   0.000000000000000E+00
   0.000000000000000E+00
   0.000000000000000E+00
   0.000000000000000E+00
   0.000000000000000E+00
   0.000000000000000E+00
   0.000000000000000E+00
   0.000000000000000E+00
   0.000000000000000E+00
   0.000000000000000E+00
   0.000000000000000E+00
   0.000000000000000E+00
   0.000000000000000E+00
   0.000000000000000E+00
   0.000000000000000E+00
   0.000000000000000E+00
   0.000000000000000E+00
   0.000000000000000E+00
   0.000000000000000E+00
   0.000000000000000E+00
   0.000000000000000E+00
   0.000000000000000E+00
   0.000000000000000E+00
   0.000000000000000E+00
   0.000000000000000E+00
   0.000000000000000E+00
   0.000000000000000E+00
   0.000000000000000E+00
   0.000000000000000E+00
   0.000000000000000E+00
   0.000000000000000E+00
   0.000000000000000E+00
   0.000000000000000E+00
   0.000000000000000E+00
   0.000000000000000E+00
   0.000000000000000E+00
   0.000000000000000E+00
   0.000000000000000E+00
   0.000000000000000E+00
   0.000000000000000E+00
   0.000000000000000E+00
   0.000000000000000E+00
   0.000000000000000E+00
   0.000000000000000E+00
   0.000000000000000E+00
   0.000000000000000E+00
   0.000000000000000E+00
   0.000000000000000E+00
   0.000000000000000E+00
   0.000000000000000E+00
   0.000000000000000E+00
   0.000000000000000E+00
   0.000000000000000E+00
   0.000000000000000E+00
   0.000000000000000E+00
   0.000000000000000E+00
   0.000000000000000E+00
   0.000000000000000E+00
   0.000000000000000E+00
   0.000000000000000E+00
   0.000000000000000E+00
   0.000000000000000E+00
   0.000000000000000E+00
   0.000000000000000E+00
   0.000000000000000E+00
   0.000000000000000E+00
   0.000000000000000E+00
   0.000000000000000E+00
   0.000000000000000E+00
   0.000000000000000E+00
   0.000000000000000E+00
   0.000000000000000E+00
   0.000000000000000E+00
   0.000000000000000E+00
   0.000000000000000E+00
   0.000000000000000E+00
   0.000000000000000E+00
   0.000000000000000E+00
   0.000000000000000E+00
   0.000000000000000E+00
   0.000000000000000E+00
   0.000000000000000E+00
   0.000000000000000E+00
   0.000000000000000E+00
   0.000000000000000E+00
   0.000000000000000E+00
   0.000000000000000E+00
   0.000000000000000E+00
   0.000000000000000E+00
   0.000000000000000E+00
   0.000000000000000E+00
   0.000000000000000E+00
   0.000000000000000E+00
   0.000000000000000E+00
   0.000000000000000E+00
   0.000000000000000E+00
   0.000000000000000E+00
   0.000000000000000E+00
   0.000000000000000E+00
   0.000000000000000E+00
   0.000000000000000E+00
   0.000000000000000E+00
   0.000000000000000E+00
   0.000000000000000E+00
   0.000000000000000E+00
   0.000000000000000E+00
   0.000000000000000E+00
   0.000000000000000E+00
   0.000000000000000E+00
   0.000000000000000E+00
   0.000000000000000E+00
   0.000000000000000E+00
   0.000000000000000E+00
   0.000000000000000E+00
   0.000000000000000E+00
   0.000000000000000E+00
   0.000000000000000E+00
   0.000000000000000E+00
   0.000000000000000E+00
   0.000000000000000E+00
   0.000000000000000E+00
   0.000000000000000E+00
   0.000000000000000E+00
   0.000000000000000E+00
   0.000000000000000E+00
   0.000000000000000E+00
   0.000000000000000E+00
   0.000000000000000E+00
   0.000000000000000E+00
   0.000000000000000E+00
   0.000000000000000E+00
   0.000000000000000E+00
   0.000000000000000E+00
   0.000000000000000E+00
   0.000000000000000E+00
   0.000000000000000E+00
   0.000000000000000E+00
   0.000000000000000E+00
   0.000000000000000E+00
   0.000000000000000E+00
   0.000000000000000E+00
   0.000000000000000E+00
   0.000000000000000E+00
   0.000000000000000E+00
   0.000000000000000E+00
   0.000000000000000E+00
   0.000000000000000E+00
   0.000000000000000E+00
   0.000000000000000E+00
   0.000000000000000E+00
   0.000000000000000E+00
   0.000000000000000E+00
   0.000000000000000E+00
   0.000000000000000E+00
   0.000000000000000E+00
   0.000000000000000E+00
   0.000000000000000E+00
   0.000000000000000E+00
   0.000000000000000E+00
   0.000000000000000E+00
   0.000000000000000E+00
   0.000000000000000E+00
   0.000000000000000E+00
   0.000000000000000E+00
   0.000000000000000E+00
   0.000000000000000E+00
   0.000000000000000E+00
   0.000000000000000E+00
   0.000000000000000E+00
   0.000000000000000E+00
   0.000000000000000E+00
   0.000000000000000E+00
   0.000000000000000E+00
   0.000000000000000E+00
   0.000000000000000E+00
   0.000000000000000E+00
   0.000000000000000E+00
   0.000000000000000E+00
   0.000000000000000E+00
   0.000000000000000E+00
   0.000000000000000E+00
   0.000000000000000E+00
   0.000000000000000E+00
   0.000000000000000E+00
   0.000000000000000E+00
   0.000000000000000E+00
   0.000000000000000E+00
   0.000000000000000E+00
   0.000000000000000E+00
   0.000000000000000E+00
   0.000000000000000E+00
   0.000000000000000E+00
   0.000000000000000E+00
   0.000000000000000E+00
   0.000000000000000E+00
   0.000000000000000E+00
   0.000000000000000E+00
   0.000000000000000E+00
   0.000000000000000E+00
   0.000000000000000E+00
   0.000000000000000E+00
   0.000000000000000E+00
   0.000000000000000E+00
   0.000000000000000E+00
   0.000000000000000E+00
   0.000000000000000E+00
   0.000000000000000E+00
   0.000000000000000E+00
   0.000000000000000E+00
   0.000000000000000E+00
   0.000000000000000E+00
   0.000000000000000E+00
   0.000000000000000E+00
   0.000000000000000E+00
   0.000000000000000E+00
   0.000000000000000E+00
   0.000000000000000E+00
   0.000000000000000E+00
   0.000000000000000E+00
   0.000000000000000E+00
   0.000000000000000E+00
   0.000000000000000E+00
   0.000000000000000E+00
   0.000000000000000E+00
   0.000000000000000E+00
   0.000000000000000E+00
   0.000000000000000E+00
   0.000000000000000E+00
   0.000000000000000E+00
   0.000000000000000E+00
   0.000000000000000E+00
   0.000000000000000E+00
   0.000000000000000E+00
   0.000000000000000E+00
   0.000000000000000E+00
   0.000000000000000E+00
   0.000000000000000E+00
   0.000000000000000E+00
   0.000000000000000E+00
   0.000000000000000E+00
   0.000000000000000E+00
   0.000000000000000E+00
   0.000000000000000E+00
   0.000000000000000E+00
   0.000000000000000E+00
   0.000000000000000E+00
   0.000000000000000E+00
   0.000000000000000E+00
   0.000000000000000E+00
   0.000000000000000E+00
   0.000000000000000E+00
   0.000000000000000E+00
   0.000000000000000E+00
   0.000000000000000E+00
   0.000000000000000E+00
   0.000000000000000E+00
   0.000000000000000E+00
   0.000000000000000E+00
   0.000000000000000E+00
   0.000000000000000E+00
   0.000000000000000E+00
   0.000000000000000E+00
   0.000000000000000E+00
   0.000000000000000E+00
   0.000000000000000E+00
   0.000000000000000E+00
   0.000000000000000E+00
   0.000000000000000E+00
   0.000000000000000E+00
   0.000000000000000E+00
   0.000000000000000E+00
   0.000000000000000E+00
   0.000000000000000E+00
   0.000000000000000E+00
   0.000000000000000E+00
   0.000000000000000E+00
   0.000000000000000E+00
   0.000000000000000E+00
   0.000000000000000E+00
   0.000000000000000E+00
   0.000000000000000E+00
   0.000000000000000E+00
   0.000000000000000E+00
   0.000000000000000E+00
   0.000000000000000E+00
   0.000000000000000E+00
   0.000000000000000E+00
   0.000000000000000E+00
   0.000000000000000E+00
   0.000000000000000E+00
   0.000000000000000E+00
   0.000000000000000E+00
   0.000000000000000E+00
   0.000000000000000E+00
   0.000000000000000E+00
   0.000000000000000E+00
   0.000000000000000E+00
   0.000000000000000E+00
   0.000000000000000E+00
   0.000000000000000E+00
   0.000000000000000E+00
   0.000000000000000E+00
   0.000000000000000E+00
   0.000000000000000E+00
   0.000000000000000E+00
   0.000000000000000E+00
   0.000000000000000E+00
   0.000000000000000E+00
   0.000000000000000E+00
   0.000000000000000E+00
   0.000000000000000E+00
   0.000000000000000E+00
   0.000000000000000E+00
   0.000000000000000E+00
   0.000000000000000E+00
   0.000000000000000E+00
   0.000000000000000E+00
   0.000000000000000E+00
   0.000000000000000E+00
   0.000000000000000E+00
   0.000000000000000E+00
   0.000000000000000E+00
   0.000000000000000E+00
   0.000000000000000E+00
   0.000000000000000E+00
   0.000000000000000E+00
   0.000000000000000E+00
   0.000000000000000E+00
   0.000000000000000E+00
   0.000000000000000E+00
   0.000000000000000E+00
   0.000000000000000E+00
   0.000000000000000E+00
   0.000000000000000E+00
   0.000000000000000E+00
   0.000000000000000E+00
   0.000000000000000E+00
   0.000000000000000E+00
   0.000000000000000E+00
   0.000000000000000E+00
   0.000000000000000E+00
   0.000000000000000E+00
   0.000000000000000E+00
   0.000000000000000E+00
   0.000000000000000E+00
   0.000000000000000E+00
   0.000000000000000E+00
   0.000000000000000E+00
   0.000000000000000E+00
   0.000000000000000E+00
   0.000000000000000E+00
   0.000000000000000E+00
   0.000000000000000E+00
   0.000000000000000E+00
   0.000000000000000E+00
   0.000000000000000E+00
   0.000000000000000E+00
   0.000000000000000E+00
   0.000000000000000E+00
   0.000000000000000E+00
   0.000000000000000E+00
   0.000000000000000E+00
   0.000000000000000E+00
   0.000000000000000E+00
   0.000000000000000E+00
   0.000000000000000E+00
   0.000000000000000E+00
   0.000000000000000E+00
   0.000000000000000E+00
   0.000000000000000E+00
   0.000000000000000E+00
   0.000000000000000E+00
   0.000000000000000E+00
   0.000000000000000E+00
   0.000000000000000E+00
   0.000000000000000E+00
   0.000000000000000E+00
   0.000000000000000E+00
   0.000000000000000E+00
   0.000000000000000E+00
   0.000000000000000E+00
   0.000000000000000E+00
   0.000000000000000E+00
   0.000000000000000E+00
   0.000000000000000E+00
   0.000000000000000E+00
   0.000000000000000E+00
   0.000000000000000E+00
   0.000000000000000E+00
   0.000000000000000E+00
   0.000000000000000E+00
   0.000000000000000E+00
   0.000000000000000E+00
   0.000000000000000E+00
   0.000000000000000E+00
   0.000000000000000E+00
   0.000000000000000E+00
   0.000000000000000E+00
   0.000000000000000E+00
   0.000000000000000E+00
   0.000000000000000E+00
   0.000000000000000E+00
   0.000000000000000E+00
   0.000000000000000E+00
   0.000000000000000E+00
   0.000000000000000E+00
   0.000000000000000E+00
   0.000000000000000E+00
   0.000000000000000E+00
   0.000000000000000E+00
   0.000000000000000E+00
   0.000000000000000E+00
   0.000000000000000E+00
   0.000000000000000E+00
   0.000000000000000E+00
   0.000000000000000E+00
   0.000000000000000E+00
   0.000000000000000E+00
   0.000000000000000E+00
   0.000000000000000E+00
   0.000000000000000E+00
   0.000000000000000E+00
   0.000000000000000E+00
   0.000000000000000E+00
   0.000000000000000E+00
   0.000000000000000E+00
   0.000000000000000E+00
   0.000000000000000E+00
   0.000000000000000E+00
   0.000000000000000E+00
   0.000000000000000E+00
   0.000000000000000E+00
   0.000000000000000E+00
   0.000000000000000E+00
   0.000000000000000E+00
   0.000000000000000E+00
   0.000000000000000E+00
   0.000000000000000E+00
   0.000000000000000E+00
   0.000000000000000E+00
   0.000000000000000E+00
   0.000000000000000E+00
   0.000000000000000E+00
   0.000000000000000E+00
   0.000000000000000E+00
   0.000000000000000E+00
   0.000000000000000E+00
   0.000000000000000E+00
   0.000000000000000E+00
   0.000000000000000E+00
   0.000000000000000E+00
   0.000000000000000E+00
   0.000000000000000E+00
   0.000000000000000E+00
   0.000000000000000E+00
   0.000000000000000E+00
   0.000000000000000E+00
   0.000000000000000E+00
   0.000000000000000E+00
   0.000000000000000E+00
   0.000000000000000E+00
   0.000000000000000E+00
   0.000000000000000E+00
   0.000000000000000E+00
   0.000000000000000E+00
   0.000000000000000E+00
   0.000000000000000E+00
   0.000000000000000E+00
   0.000000000000000E+00
   0.000000000000000E+00
   0.000000000000000E+00
   0.000000000000000E+00
   0.000000000000000E+00
   0.000000000000000E+00
   0.000000000000000E+00
   0.000000000000000E+00
   0.000000000000000E+00
   0.000000000000000E+00
   0.000000000000000E+00
   0.000000000000000E+00
   0.000000000000000E+00
   0.000000000000000E+00
   0.000000000000000E+00
   0.000000000000000E+00
   0.000000000000000E+00
   0.000000000000000E+00
   0.000000000000000E+00
   0.000000000000000E+00
   0.000000000000000E+00
   0.000000000000000E+00
   0.000000000000000E+00
   0.000000000000000E+00
   0.000000000000000E+00
   0.000000000000000E+00
   0.000000000000000E+00
   0.000000000000000E+00
   0.000000000000000E+00
   0.000000000000000E+00
   0.000000000000000E+00
   0.000000000000000E+00
   0.000000000000000E+00
   0.000000000000000E+00
   0.000000000000000E+00
   0.000000000000000E+00
   0.000000000000000E+00
   0.000000000000000E+00
   0.000000000000000E+00
   0.000000000000000E+00
   0.000000000000000E+00
   0.000000000000000E+00
   0.000000000000000E+00
   0.000000000000000E+00
   0.000000000000000E+00
   0.000000000000000E+00
   0.000000000000000E+00
   0.000000000000000E+00
   0.000000000000000E+00
   0.000000000000000E+00
   0.000000000000000E+00
   0.000000000000000E+00
   0.000000000000000E+00
   0.000000000000000E+00
   0.000000000000000E+00
   0.000000000000000E+00
   0.000000000000000E+00
   0.000000000000000E+00
   0.000000000000000E+00
   0.000000000000000E+00
   0.000000000000000E+00
   0.000000000000000E+00
   0.000000000000000E+00
   0.000000000000000E+00
   0.000000000000000E+00
   0.000000000000000E+00
   0.000000000000000E+00
   0.000000000000000E+00
   0.000000000000000E+00
   0.000000000000000E+00
   0.000000000000000E+00
   0.000000000000000E+00
   0.000000000000000E+00
   0.000000000000000E+00
   0.000000000000000E+00
   0.000000000000000E+00
   0.000000000000000E+00
   0.000000000000000E+00
   0.000000000000000E+00
   0.000000000000000E+00
   0.000000000000000E+00
   0.000000000000000E+00
   0.000000000000000E+00
   0.000000000000000E+00
   0.000000000000000E+00
   0.000000000000000E+00
   0.000000000000000E+00
   0.000000000000000E+00
   0.000000000000000E+00
   0.000000000000000E+00
   0.000000000000000E+00
   0.000000000000000E+00
   0.000000000000000E+00
   0.000000000000000E+00
   0.000000000000000E+00
   0.000000000000000E+00
   0.000000000000000E+00
   0.000000000000000E+00
   0.000000000000000E+00
   0.000000000000000E+00
   0.000000000000000E+00
   0.000000000000000E+00
   0.000000000000000E+00
   0.000000000000000E+00
   0.000000000000000E+00
   0.000000000000000E+00
   0.000000000000000E+00
   0.000000000000000E+00
   0.000000000000000E+00
   0.000000000000000E+00
   0.000000000000000E+00
   0.000000000000000E+00
   0.000000000000000E+00
   0.000000000000000E+00
   0.000000000000000E+00
   0.000000000000000E+00
   0.000000000000000E+00
   0.000000000000000E+00
   0.000000000000000E+00
   0.000000000000000E+00
   0.000000000000000E+00
   0.000000000000000E+00
   0.000000000000000E+00
   0.000000000000000E+00
   0.000000000000000E+00
   0.000000000000000E+00
   0.000000000000000E+00
   0.000000000000000E+00
   0.000000000000000E+00
   0.000000000000000E+00
   0.000000000000000E+00
   0.000000000000000E+00
   0.000000000000000E+00
   0.000000000000000E+00
   0.000000000000000E+00
   0.000000000000000E+00
   0.000000000000000E+00
   0.000000000000000E+00
   0.000000000000000E+00
   0.000000000000000E+00
   0.000000000000000E+00
   0.000000000000000E+00
   0.000000000000000E+00
   0.000000000000000E+00
   0.000000000000000E+00
   0.000000000000000E+00
   0.000000000000000E+00
   0.000000000000000E+00
   0.000000000000000E+00
   0.000000000000000E+00
   0.000000000000000E+00
   0.000000000000000E+00
   0.000000000000000E+00
   0.000000000000000E+00
   0.000000000000000E+00
   0.000000000000000E+00
   0.000000000000000E+00
   0.000000000000000E+00
   0.000000000000000E+00
   0.000000000000000E+00
   0.000000000000000E+00
   0.000000000000000E+00
   0.000000000000000E+00
   0.000000000000000E+00
   0.000000000000000E+00
   0.000000000000000E+00
   0.000000000000000E+00
   0.000000000000000E+00
   0.000000000000000E+00
   0.000000000000000E+00
   0.000000000000000E+00
   0.000000000000000E+00
   0.000000000000000E+00
   0.000000000000000E+00
   0.000000000000000E+00
   0.000000000000000E+00
   0.000000000000000E+00
   0.000000000000000E+00
   0.000000000000000E+00
   0.000000000000000E+00
   0.000000000000000E+00
   0.000000000000000E+00
   0.000000000000000E+00
   0.000000000000000E+00
   0.000000000000000E+00
   0.000000000000000E+00
   0.000000000000000E+00
   0.000000000000000E+00
   0.000000000000000E+00
   0.000000000000000E+00
   0.000000000000000E+00
   0.000000000000000E+00
   0.000000000000000E+00
   0.000000000000000E+00
   0.000000000000000E+00
   0.000000000000000E+00
   0.000000000000000E+00
   0.000000000000000E+00
   0.000000000000000E+00
   0.000000000000000E+00
   0.000000000000000E+00
   0.000000000000000E+00
   0.000000000000000E+00
   0.000000000000000E+00
   0.000000000000000E+00
   0.000000000000000E+00
   0.000000000000000E+00
   0.000000000000000E+00
   0.000000000000000E+00
   0.000000000000000E+00
   0.000000000000000E+00
   0.000000000000000E+00
   0.000000000000000E+00
   0.000000000000000E+00
   0.000000000000000E+00
   0.000000000000000E+00
   0.000000000000000E+00
   0.000000000000000E+00
   0.000000000000000E+00
   0.000000000000000E+00
   0.000000000000000E+00
   0.000000000000000E+00
   0.000000000000000E+00
   0.000000000000000E+00
   0.000000000000000E+00
   0.000000000000000E+00
   0.000000000000000E+00
   0.000000000000000E+00
   0.000000000000000E+00
   0.000000000000000E+00
   0.000000000000000E+00
   0.000000000000000E+00
   0.000000000000000E+00
   0.000000000000000E+00
   0.000000000000000E+00
   0.000000000000000E+00
   0.000000000000000E+00
   0.000000000000000E+00
   0.000000000000000E+00
   0.000000000000000E+00
   0.000000000000000E+00
   0.000000000000000E+00
   0.000000000000000E+00
   0.000000000000000E+00
   0.000000000000000E+00
   0.000000000000000E+00
   0.000000000000000E+00
   0.000000000000000E+00
   0.000000000000000E+00
   0.000000000000000E+00
   0.000000000000000E+00
   0.000000000000000E+00
   0.000000000000000E+00
   0.000000000000000E+00
   0.000000000000000E+00
   0.000000000000000E+00
   0.000000000000000E+00
   0.000000000000000E+00
   0.000000000000000E+00
   0.000000000000000E+00
   0.000000000000000E+00
   0.000000000000000E+00
   0.000000000000000E+00
   0.000000000000000E+00
   0.000000000000000E+00
   0.000000000000000E+00
   0.000000000000000E+00
   0.000000000000000E+00
   0.000000000000000E+00
   0.000000000000000E+00
   0.000000000000000E+00
   0.000000000000000E+00
   0.000000000000000E+00
   0.000000000000000E+00
   0.000000000000000E+00
   0.000000000000000E+00
   0.000000000000000E+00
   0.000000000000000E+00
   0.000000000000000E+00
   0.000000000000000E+00
   0.000000000000000E+00
   0.000000000000000E+00
   0.000000000000000E+00
   0.000000000000000E+00
   0.000000000000000E+00
   0.000000000000000E+00
   0.000000000000000E+00
   0.000000000000000E+00
   0.000000000000000E+00
   0.000000000000000E+00
   0.000000000000000E+00
   0.000000000000000E+00
   0.000000000000000E+00
   0.000000000000000E+00
   0.000000000000000E+00
   0.000000000000000E+00
   0.000000000000000E+00
   0.000000000000000E+00
   0.000000000000000E+00
   0.000000000000000E+00
   0.000000000000000E+00
   0.000000000000000E+00
   0.000000000000000E+00
   0.000000000000000E+00
   0.000000000000000E+00
   0.000000000000000E+00
   0.000000000000000E+00
   0.000000000000000E+00
   0.000000000000000E+00
   0.000000000000000E+00
   0.000000000000000E+00
   0.000000000000000E+00
   0.000000000000000E+00
   0.000000000000000E+00
   0.000000000000000E+00
   0.000000000000000E+00
   0.000000000000000E+00
   0.000000000000000E+00
   0.000000000000000E+00
   0.000000000000000E+00
   0.000000000000000E+00
   0.000000000000000E+00
   0.000000000000000E+00
   0.000000000000000E+00
   0.000000000000000E+00
   0.000000000000000E+00
   0.000000000000000E+00
   0.000000000000000E+00
   0.000000000000000E+00
   0.000000000000000E+00
   0.000000000000000E+00
   0.000000000000000E+00
   0.000000000000000E+00
   0.000000000000000E+00
   0.000000000000000E+00
   0.000000000000000E+00
   0.000000000000000E+00
   0.000000000000000E+00
   0.000000000000000E+00
   0.000000000000000E+00
   0.000000000000000E+00
   0.000000000000000E+00
   0.000000000000000E+00
   0.000000000000000E+00
   0.000000000000000E+00
   0.000000000000000E+00
   0.000000000000000E+00
   0.000000000000000E+00
   0.000000000000000E+00
   0.000000000000000E+00
   0.000000000000000E+00
   0.000000000000000E+00
   0.000000000000000E+00
   0.000000000000000E+00
   0.000000000000000E+00
   0.000000000000000E+00
   0.000000000000000E+00
   0.000000000000000E+00
   0.000000000000000E+00
   0.000000000000000E+00
   0.000000000000000E+00
   0.000000000000000E+00
   0.000000000000000E+00
   0.000000000000000E+00
   0.000000000000000E+00
   0.000000000000000E+00
   0.000000000000000E+00
   0.000000000000000E+00
   0.000000000000000E+00
   0.000000000000000E+00
   0.000000000000000E+00
   0.000000000000000E+00
   0.000000000000000E+00
   0.000000000000000E+00
   0.000000000000000E+00
   0.000000000000000E+00
   0.000000000000000E+00
   0.000000000000000E+00
   0.000000000000000E+00
   0.000000000000000E+00
   0.000000000000000E+00
   0.000000000000000E+00
   0.000000000000000E+00
   0.000000000000000E+00
   0.000000000000000E+00
   0.000000000000000E+00
   0.000000000000000E+00
   0.000000000000000E+00
   0.000000000000000E+00
   0.000000000000000E+00
   0.000000000000000E+00
   0.000000000000000E+00
   0.000000000000000E+00
   0.000000000000000E+00
   0.000000000000000E+00
   0.000000000000000E+00
   0.000000000000000E+00
   0.000000000000000E+00
   0.000000000000000E+00
   0.000000000000000E+00
   0.000000000000000E+00
   0.000000000000000E+00
   0.000000000000000E+00
   0.000000000000000E+00
   0.000000000000000E+00
   0.000000000000000E+00
   0.000000000000000E+00
   0.000000000000000E+00
   0.000000000000000E+00
   0.000000000000000E+00
   0.000000000000000E+00
   0.000000000000000E+00
   0.000000000000000E+00
   0.000000000000000E+00
   0.000000000000000E+00
   0.000000000000000E+00
   0.000000000000000E+00
   0.000000000000000E+00
   0.000000000000000E+00
   0.000000000000000E+00
   0.000000000000000E+00
   0.000000000000000E+00
   0.000000000000000E+00
   0.000000000000000E+00
   0.000000000000000E+00
   0.000000000000000E+00
   0.000000000000000E+00
   0.000000000000000E+00
   0.000000000000000E+00
   0.000000000000000E+00
   0.000000000000000E+00
   0.000000000000000E+00
   0.000000000000000E+00
   0.000000000000000E+00
   0.000000000000000E+00
   0.000000000000000E+00
   0.000000000000000E+00
   0.000000000000000E+00
   0.000000000000000E+00
   0.000000000000000E+00
   0.000000000000000E+00
   0.000000000000000E+00
   0.000000000000000E+00
   0.000000000000000E+00
   0.000000000000000E+00
   0.000000000000000E+00
   0.000000000000000E+00
   0.000000000000000E+00
   0.000000000000000E+00
   0.000000000000000E+00
   0.000000000000000E+00
   0.000000000000000E+00
   0.000000000000000E+00
   0.000000000000000E+00
   0.000000000000000E+00
   0.000000000000000E+00
   0.000000000000000E+00
   0.000000000000000E+00
   0.000000000000000E+00
   0.000000000000000E+00
   0.000000000000000E+00
   0.000000000000000E+00
   0.000000000000000E+00
   0.000000000000000E+00
   0.000000000000000E+00
   0.000000000000000E+00
   0.000000000000000E+00
   0.000000000000000E+00
   0.000000000000000E+00
   0.000000000000000E+00
   0.000000000000000E+00
   0.000000000000000E+00
   0.000000000000000E+00
   0.000000000000000E+00
   0.000000000000000E+00
   0.000000000000000E+00
   0.000000000000000E+00
   0.000000000000000E+00
   0.000000000000000E+00
   0.000000000000000E+00
   0.000000000000000E+00
   0.000000000000000E+00
   0.000000000000000E+00
   0.000000000000000E+00
   0.000000000000000E+00
   0.000000000000000E+00
   0.000000000000000E+00
   0.000000000000000E+00
   0.000000000000000E+00
   0.000000000000000E+00
   0.000000000000000E+00
   0.000000000000000E+00
   0.000000000000000E+00
   0.000000000000000E+00
   0.000000000000000E+00
   0.000000000000000E+00
   0.000000000000000E+00
   0.000000000000000E+00
   0.000000000000000E+00
   0.000000000000000E+00
   0.000000000000000E+00
   0.000000000000000E+00
   0.000000000000000E+00
   0.000000000000000E+00
   0.000000000000000E+00
   0.000000000000000E+00
   0.000000000000000E+00
   0.000000000000000E+00
   0.000000000000000E+00
   0.000000000000000E+00
   0.000000000000000E+00
   0.000000000000000E+00
   0.000000000000000E+00
   0.000000000000000E+00
   0.000000000000000E+00
   0.000000000000000E+00
   0.000000000000000E+00
   0.000000000000000E+00
   0.000000000000000E+00
   0.000000000000000E+00
   0.000000000000000E+00
   0.000000000000000E+00
   0.000000000000000E+00
   0.000000000000000E+00
   0.000000000000000E+00
   0.000000000000000E+00
   0.000000000000000E+00
   0.000000000000000E+00
   0.000000000000000E+00
   0.000000000000000E+00
   0.000000000000000E+00
   0.000000000000000E+00
   0.000000000000000E+00
   0.000000000000000E+00
   0.000000000000000E+00
   0.000000000000000E+00
   0.000000000000000E+00
   0.000000000000000E+00
   0.000000000000000E+00
   0.000000000000000E+00
   0.000000000000000E+00
   0.000000000000000E+00
   0.000000000000000E+00
   0.000000000000000E+00
   0.000000000000000E+00
   0.000000000000000E+00
   0.000000000000000E+00
   0.000000000000000E+00
   0.000000000000000E+00
   0.000000000000000E+00
   0.000000000000000E+00
   0.000000000000000E+00
   0.000000000000000E+00
   0.000000000000000E+00
   0.000000000000000E+00
   0.000000000000000E+00
   0.000000000000000E+00
   0.000000000000000E+00
   0.000000000000000E+00
   0.000000000000000E+00
   0.000000000000000E+00
   0.000000000000000E+00
   0.000000000000000E+00
   0.000000000000000E+00
   0.000000000000000E+00
   0.000000000000000E+00
   0.000000000000000E+00
   0.000000000000000E+00
   0.000000000000000E+00
   0.000000000000000E+00
   0.000000000000000E+00
   0.000000000000000E+00
   0.000000000000000E+00
   0.000000000000000E+00
   0.000000000000000E+00
   0.000000000000000E+00
   0.000000000000000E+00
   0.000000000000000E+00
   0.000000000000000E+00
   0.000000000000000E+00
   0.000000000000000E+00
   0.000000000000000E+00
   0.000000000000000E+00
   0.000000000000000E+00
   0.000000000000000E+00
   0.000000000000000E+00
   0.000000000000000E+00
   0.000000000000000E+00
   0.000000000000000E+00
   0.000000000000000E+00
   0.000000000000000E+00
   0.000000000000000E+00
   0.000000000000000E+00
   0.000000000000000E+00
   0.000000000000000E+00
   0.000000000000000E+00
   0.000000000000000E+00
   0.000000000000000E+00
   0.000000000000000E+00
   0.000000000000000E+00
   0.000000000000000E+00
   0.000000000000000E+00
   0.000000000000000E+00
   0.000000000000000E+00
   0.000000000000000E+00
   0.000000000000000E+00
   0.000000000000000E+00
   0.000000000000000E+00
   0.000000000000000E+00
   0.000000000000000E+00
   0.000000000000000E+00
   0.000000000000000E+00
   0.000000000000000E+00
   0.000000000000000E+00
   0.000000000000000E+00
   0.000000000000000E+00
   0.000000000000000E+00
   0.000000000000000E+00
   0.000000000000000E+00
   0.000000000000000E+00
   0.000000000000000E+00
   0.000000000000000E+00
   0.000000000000000E+00
   0.000000000000000E+00
   0.000000000000000E+00
   0.000000000000000E+00
   0.000000000000000E+00
   0.000000000000000E+00
   0.000000000000000E+00
   0.000000000000000E+00
   0.000000000000000E+00
   0.000000000000000E+00
   0.000000000000000E+00
   0.000000000000000E+00
   0.000000000000000E+00
   0.000000000000000E+00
   0.000000000000000E+00
   0.000000000000000E+00
   0.000000000000000E+00
   0.000000000000000E+00
   0.000000000000000E+00
   0.000000000000000E+00
   0.000000000000000E+00
   0.000000000000000E+00
   0.000000000000000E+00
   0.000000000000000E+00
   0.000000000000000E+00
   0.000000000000000E+00
   0.000000000000000E+00
   0.000000000000000E+00
   0.000000000000000E+00
   0.000000000000000E+00
   0.000000000000000E+00
   0.000000000000000E+00
   0.000000000000000E+00
   0.000000000000000E+00
   0.000000000000000E+00
   0.000000000000000E+00
   0.000000000000000E+00
   0.000000000000000E+00
   0.000000000000000E+00
   0.000000000000000E+00
   0.000000000000000E+00
   0.000000000000000E+00
   0.000000000000000E+00
   0.000000000000000E+00
   0.000000000000000E+00
   0.000000000000000E+00
   0.000000000000000E+00
   0.000000000000000E+00
   0.000000000000000E+00
   0.000000000000000E+00
   0.000000000000000E+00
   0.000000000000000E+00
   0.000000000000000E+00
   0.000000000000000E+00
   0.000000000000000E+00
   0.000000000000000E+00
   0.000000000000000E+00
   0.000000000000000E+00
   0.000000000000000E+00
   0.000000000000000E+00
   0.000000000000000E+00
   0.000000000000000E+00
   0.000000000000000E+00
   0.000000000000000E+00
   0.000000000000000E+00
   0.000000000000000E+00
   0.000000000000000E+00
   0.000000000000000E+00
   0.000000000000000E+00
   0.000000000000000E+00
   0.000000000000000E+00
   0.000000000000000E+00
   0.000000000000000E+00
   0.000000000000000E+00
   0.000000000000000E+00
   0.000000000000000E+00
   0.000000000000000E+00
   0.000000000000000E+00
   0.000000000000000E+00
   0.000000000000000E+00
   0.000000000000000E+00
   0.000000000000000E+00
   0.000000000000000E+00
   0.000000000000000E+00
   0.000000000000000E+00
   0.000000000000000E+00
   0.000000000000000E+00
   0.000000000000000E+00
   0.000000000000000E+00
   0.000000000000000E+00
   0.000000000000000E+00
   0.000000000000000E+00
   0.000000000000000E+00
   0.000000000000000E+00
   0.000000000000000E+00
   0.000000000000000E+00
   0.000000000000000E+00
   0.000000000000000E+00
   0.000000000000000E+00
   0.000000000000000E+00
   0.000000000000000E+00
   0.000000000000000E+00
   0.000000000000000E+00
   0.000000000000000E+00
   0.000000000000000E+00
   0.000000000000000E+00
   0.000000000000000E+00
   0.000000000000000E+00
   0.000000000000000E+00
   0.000000000000000E+00
   0.000000000000000E+00
   0.000000000000000E+00
   0.000000000000000E+00
   0.000000000000000E+00
   0.000000000000000E+00
   0.000000000000000E+00
   0.000000000000000E+00
   0.000000000000000E+00
   0.000000000000000E+00
   0.000000000000000E+00
   0.000000000000000E+00
   0.000000000000000E+00
   0.000000000000000E+00
   0.000000000000000E+00
   0.000000000000000E+00
   0.000000000000000E+00
   0.000000000000000E+00
   0.000000000000000E+00
   0.000000000000000E+00
   0.000000000000000E+00
   0.000000000000000E+00
   0.000000000000000E+00
   0.000000000000000E+00
   0.000000000000000E+00
   0.000000000000000E+00
   0.000000000000000E+00
   0.000000000000000E+00
   0.000000000000000E+00
   0.000000000000000E+00
   0.000000000000000E+00
   0.000000000000000E+00
   0.000000000000000E+00
   0.000000000000000E+00
   0.000000000000000E+00
   0.000000000000000E+00
   0.000000000000000E+00
   0.000000000000000E+00
   0.000000000000000E+00
   0.000000000000000E+00
   0.000000000000000E+00
   0.000000000000000E+00
   0.000000000000000E+00
   0.000000000000000E+00
   0.000000000000000E+00
   0.000000000000000E+00
   0.000000000000000E+00
   0.000000000000000E+00
   0.000000000000000E+00
   0.000000000000000E+00
   0.000000000000000E+00
   0.000000000000000E+00
   0.000000000000000E+00
   0.000000000000000E+00
   0.000000000000000E+00
   0.000000000000000E+00
   0.000000000000000E+00
   0.000000000000000E+00
   0.000000000000000E+00
   0.000000000000000E+00
   0.000000000000000E+00
   0.000000000000000E+00
   0.000000000000000E+00
   0.000000000000000E+00
   0.000000000000000E+00
   0.000000000000000E+00
   0.000000000000000E+00
   0.000000000000000E+00
   0.000000000000000E+00
   0.000000000000000E+00
   0.000000000000000E+00
   0.000000000000000E+00
   0.000000000000000E+00
   0.000000000000000E+00
   0.000000000000000E+00
   0.000000000000000E+00
   0.000000000000000E+00
   0.000000000000000E+00
   0.000000000000000E+00
   0.000000000000000E+00
   0.000000000000000E+00
   0.000000000000000E+00
   0.000000000000000E+00
   0.000000000000000E+00
   0.000000000000000E+00
   0.000000000000000E+00
   0.000000000000000E+00
   0.000000000000000E+00
   0.000000000000000E+00
   0.000000000000000E+00
   0.000000000000000E+00
   0.000000000000000E+00
   0.000000000000000E+00
   0.000000000000000E+00
   0.000000000000000E+00
   0.000000000000000E+00
   0.000000000000000E+00
   0.000000000000000E+00
   0.000000000000000E+00
   0.000000000000000E+00
   0.000000000000000E+00
   0.000000000000000E+00
   0.000000000000000E+00
   0.000000000000000E+00
   0.000000000000000E+00
   0.000000000000000E+00
   0.000000000000000E+00
   0.000000000000000E+00
   0.000000000000000E+00
   0.000000000000000E+00
   0.000000000000000E+00
   0.000000000000000E+00
   0.000000000000000E+00
   0.000000000000000E+00
   0.000000000000000E+00
   0.000000000000000E+00
   0.000000000000000E+00
   0.000000000000000E+00
   0.000000000000000E+00
   0.000000000000000E+00
   0.000000000000000E+00
   0.000000000000000E+00
   0.000000000000000E+00
   0.000000000000000E+00
   0.000000000000000E+00
   0.000000000000000E+00
   0.000000000000000E+00
   0.000000000000000E+00
   0.000000000000000E+00
   0.000000000000000E+00
   0.000000000000000E+00
   0.000000000000000E+00
   0.000000000000000E+00
   0.000000000000000E+00
   0.000000000000000E+00
   0.000000000000000E+00
   0.000000000000000E+00
   0.000000000000000E+00
   0.000000000000000E+00
   0.000000000000000E+00
   0.000000000000000E+00
   0.000000000000000E+00
   0.000000000000000E+00
   0.000000000000000E+00
   0.000000000000000E+00
   0.000000000000000E+00
   0.000000000000000E+00
   0.000000000000000E+00
   0.000000000000000E+00
   0.000000000000000E+00
   0.000000000000000E+00
   0.000000000000000E+00
   0.000000000000000E+00
   0.000000000000000E+00
   0.000000000000000E+00
   0.000000000000000E+00
   0.000000000000000E+00
   0.000000000000000E+00
   0.000000000000000E+00
   0.000000000000000E+00
   0.000000000000000E+00
   0.000000000000000E+00
   0.000000000000000E+00
   0.000000000000000E+00
   0.000000000000000E+00
   0.000000000000000E+00
   0.000000000000000E+00
   0.000000000000000E+00
   0.000000000000000E+00
   0.000000000000000E+00
   0.000000000000000E+00
   0.000000000000000E+00
   0.000000000000000E+00
   0.000000000000000E+00
   0.000000000000000E+00
   0.000000000000000E+00
   0.000000000000000E+00
   0.000000000000000E+00
   0.000000000000000E+00
   0.000000000000000E+00
   0.000000000000000E+00
   0.000000000000000E+00
   0.000000000000000E+00
   0.000000000000000E+00
   0.000000000000000E+00
   0.000000000000000E+00
   0.000000000000000E+00
   0.000000000000000E+00
   0.000000000000000E+00
   0.000000000000000E+00
   0.000000000000000E+00
   0.000000000000000E+00
   0.000000000000000E+00
   0.000000000000000E+00
   0.000000000000000E+00
   0.000000000000000E+00
   0.000000000000000E+00
   0.000000000000000E+00
   0.000000000000000E+00
   0.000000000000000E+00
   0.000000000000000E+00
   0.000000000000000E+00
   0.000000000000000E+00
   0.000000000000000E+00
   0.000000000000000E+00
   0.000000000000000E+00
   0.000000000000000E+00
   0.000000000000000E+00
   0.000000000000000E+00
   0.000000000000000E+00
   0.000000000000000E+00
   0.000000000000000E+00
   0.000000000000000E+00
   0.000000000000000E+00
   0.000000000000000E+00
   0.000000000000000E+00
   0.000000000000000E+00
   0.000000000000000E+00
   0.000000000000000E+00
   0.000000000000000E+00
   0.000000000000000E+00
   0.000000000000000E+00
   0.000000000000000E+00
   0.000000000000000E+00
   0.000000000000000E+00
   0.000000000000000E+00
   0.000000000000000E+00
   0.000000000000000E+00
   0.000000000000000E+00
   0.000000000000000E+00
   0.000000000000000E+00
   0.000000000000000E+00
   0.000000000000000E+00
   0.000000000000000E+00
   0.000000000000000E+00
   0.000000000000000E+00
   0.000000000000000E+00
   0.000000000000000E+00
   0.000000000000000E+00
   0.000000000000000E+00
   0.000000000000000E+00
   0.000000000000000E+00
   0.000000000000000E+00
   0.000000000000000E+00
   0.000000000000000E+00
   0.000000000000000E+00
   0.000000000000000E+00
   0.000000000000000E+00
   0.000000000000000E+00
   0.000000000000000E+00
   0.000000000000000E+00
   0.000000000000000E+00
   0.000000000000000E+00
   0.000000000000000E+00
   0.000000000000000E+00
   0.000000000000000E+00
   0.000000000000000E+00
   0.000000000000000E+00
   0.000000000000000E+00
   0.000000000000000E+00
   0.000000000000000E+00
   0.000000000000000E+00
   0.000000000000000E+00
   0.000000000000000E+00
   0.000000000000000E+00
   0.000000000000000E+00
   0.000000000000000E+00
   0.000000000000000E+00
   0.000000000000000E+00
   0.000000000000000E+00
   0.000000000000000E+00
   0.000000000000000E+00
   0.000000000000000E+00
   0.000000000000000E+00
   0.000000000000000E+00
   0.000000000000000E+00
   0.000000000000000E+00
   0.000000000000000E+00
   0.000000000000000E+00
   0.000000000000000E+00
   0.000000000000000E+00
   0.000000000000000E+00
   0.000000000000000E+00
   0.000000000000000E+00
   0.000000000000000E+00
   0.000000000000000E+00
   0.000000000000000E+00
   0.000000000000000E+00
   0.000000000000000E+00
   0.000000000000000E+00
   0.000000000000000E+00
   0.000000000000000E+00
   0.000000000000000E+00
   0.000000000000000E+00
   0.000000000000000E+00
   0.000000000000000E+00
   0.000000000000000E+00
   0.000000000000000E+00
   0.000000000000000E+00
   0.000000000000000E+00
   0.000000000000000E+00
   0.000000000000000E+00
   0.000000000000000E+00
   0.000000000000000E+00
   0.000000000000000E+00
   0.000000000000000E+00
   0.000000000000000E+00
   0.000000000000000E+00
   0.000000000000000E+00
   0.000000000000000E+00
   0.000000000000000E+00
   0.000000000000000E+00
   0.000000000000000E+00
   0.000000000000000E+00
   0.000000000000000E+00
   0.000000000000000E+00
   0.000000000000000E+00
   0.000000000000000E+00
   0.000000000000000E+00
   0.000000000000000E+00
   0.000000000000000E+00
   0.000000000000000E+00
   0.000000000000000E+00
   0.000000000000000E+00
   0.000000000000000E+00
   0.000000000000000E+00
   0.000000000000000E+00
   0.000000000000000E+00
   0.000000000000000E+00
   0.000000000000000E+00
   0.000000000000000E+00
   0.000000000000000E+00
   0.000000000000000E+00
   0.000000000000000E+00
   0.000000000000000E+00
   0.000000000000000E+00
   0.000000000000000E+00
   0.000000000000000E+00
   0.000000000000000E+00
   0.000000000000000E+00
   0.000000000000000E+00
   0.000000000000000E+00
   0.000000000000000E+00
   0.000000000000000E+00
   0.000000000000000E+00
   0.000000000000000E+00
   0.000000000000000E+00
   0.000000000000000E+00
   0.000000000000000E+00
   0.000000000000000E+00
   0.000000000000000E+00
   0.000000000000000E+00
   0.000000000000000E+00
   0.000000000000000E+00
   0.000000000000000E+00
   0.000000000000000E+00
   0.000000000000000E+00
   0.000000000000000E+00
   0.000000000000000E+00
   0.000000000000000E+00
   0.000000000000000E+00
   0.000000000000000E+00
   0.000000000000000E+00
   0.000000000000000E+00
   0.000000000000000E+00
   0.000000000000000E+00
   0.000000000000000E+00
   0.000000000000000E+00
   0.000000000000000E+00
   0.000000000000000E+00
   0.000000000000000E+00
   0.000000000000000E+00
   0.000000000000000E+00
   0.000000000000000E+00
   0.000000000000000E+00
   0.000000000000000E+00
   0.000000000000000E+00
   0.000000000000000E+00
   0.000000000000000E+00
   0.000000000000000E+00
   0.000000000000000E+00
   0.000000000000000E+00
   0.000000000000000E+00
   0.000000000000000E+00
   0.000000000000000E+00
   0.000000000000000E+00
   0.000000000000000E+00
   0.000000000000000E+00
   0.000000000000000E+00
   0.000000000000000E+00
   0.000000000000000E+00
   0.000000000000000E+00
   0.000000000000000E+00
   0.000000000000000E+00
   0.000000000000000E+00
   0.000000000000000E+00
   0.000000000000000E+00
   0.000000000000000E+00
   0.000000000000000E+00
   0.000000000000000E+00
   0.000000000000000E+00
   0.000000000000000E+00
   0.000000000000000E+00
   0.000000000000000E+00
   0.000000000000000E+00
   0.000000000000000E+00
   0.000000000000000E+00
   0.000000000000000E+00
   0.000000000000000E+00
   0.000000000000000E+00
   0.000000000000000E+00
   0.000000000000000E+00
   0.000000000000000E+00
   0.000000000000000E+00
   0.000000000000000E+00
   0.000000000000000E+00
   0.000000000000000E+00
   0.000000000000000E+00
   0.000000000000000E+00
   0.000000000000000E+00
   0.000000000000000E+00
   0.000000000000000E+00
   0.000000000000000E+00
   0.000000000000000E+00
   0.000000000000000E+00
   0.000000000000000E+00
   0.000000000000000E+00
   0.000000000000000E+00
   0.000000000000000E+00
   0.000000000000000E+00
   0.000000000000000E+00
   0.000000000000000E+00
   0.000000000000000E+00
   0.000000000000000E+00
   0.000000000000000E+00
   0.000000000000000E+00
   0.000000000000000E+00
   0.000000000000000E+00
   0.000000000000000E+00
   0.000000000000000E+00
   0.000000000000000E+00
   0.000000000000000E+00
   0.000000000000000E+00
   0.000000000000000E+00
   0.000000000000000E+00
   0.000000000000000E+00
   0.000000000000000E+00
   0.000000000000000E+00
   0.000000000000000E+00
   0.000000000000000E+00
   0.000000000000000E+00
   0.000000000000000E+00
   0.000000000000000E+00
   0.000000000000000E+00
   0.000000000000000E+00
   0.000000000000000E+00
   0.000000000000000E+00
   0.000000000000000E+00
   0.000000000000000E+00
   0.000000000000000E+00
   0.000000000000000E+00
   0.000000000000000E+00
   0.000000000000000E+00
   0.000000000000000E+00
   0.000000000000000E+00
   0.000000000000000E+00
   0.000000000000000E+00
   0.000000000000000E+00
   0.000000000000000E+00
   0.000000000000000E+00
   0.000000000000000E+00
   0.000000000000000E+00
   0.000000000000000E+00
   0.000000000000000E+00
   0.000000000000000E+00
   0.000000000000000E+00
   0.000000000000000E+00
   0.000000000000000E+00
   0.000000000000000E+00
   0.000000000000000E+00
   0.000000000000000E+00
   0.000000000000000E+00
   0.000000000000000E+00
   0.000000000000000E+00
   0.000000000000000E+00
   0.000000000000000E+00
   0.000000000000000E+00
   0.000000000000000E+00
   0.000000000000000E+00
   0.000000000000000E+00
   0.000000000000000E+00
   0.000000000000000E+00
   0.000000000000000E+00
   0.000000000000000E+00
   0.000000000000000E+00
   0.000000000000000E+00
   0.000000000000000E+00
   0.000000000000000E+00
   0.000000000000000E+00
   0.000000000000000E+00
   0.000000000000000E+00
   0.000000000000000E+00
   0.000000000000000E+00
   0.000000000000000E+00
   0.000000000000000E+00
   0.000000000000000E+00
   0.000000000000000E+00
   0.000000000000000E+00
   0.000000000000000E+00
   0.000000000000000E+00
   0.000000000000000E+00
   0.000000000000000E+00
   0.000000000000000E+00
   0.000000000000000E+00
   0.000000000000000E+00
   0.000000000000000E+00
   0.000000000000000E+00
   0.000000000000000E+00
   0.000000000000000E+00
   0.000000000000000E+00
   0.000000000000000E+00
   0.000000000000000E+00
   0.000000000000000E+00
   0.000000000000000E+00
   0.000000000000000E+00
   0.000000000000000E+00
   0.000000000000000E+00
   0.000000000000000E+00
   0.000000000000000E+00
   0.000000000000000E+00
   0.000000000000000E+00
   0.000000000000000E+00
   0.000000000000000E+00
   0.000000000000000E+00
   0.000000000000000E+00
   0.000000000000000E+00
   0.000000000000000E+00
   0.000000000000000E+00
   0.000000000000000E+00
   0.000000000000000E+00
   0.000000000000000E+00
   0.000000000000000E+00
   0.000000000000000E+00
   0.000000000000000E+00
   0.000000000000000E+00
   0.000000000000000E+00
   0.000000000000000E+00
   0.000000000000000E+00
   0.000000000000000E+00
   0.000000000000000E+00
   0.000000000000000E+00
   0.000000000000000E+00
   0.000000000000000E+00
   0.000000000000000E+00
   0.000000000000000E+00
   0.000000000000000E+00
   0.000000000000000E+00
   0.000000000000000E+00
   0.000000000000000E+00
   0.000000000000000E+00
   0.000000000000000E+00
   0.000000000000000E+00
   0.000000000000000E+00
   0.000000000000000E+00
   0.000000000000000E+00
   0.000000000000000E+00
   0.000000000000000E+00
   0.000000000000000E+00
   0.000000000000000E+00
   0.000000000000000E+00
   0.000000000000000E+00
   0.000000000000000E+00
   0.000000000000000E+00
   0.000000000000000E+00
   0.000000000000000E+00
   0.000000000000000E+00
   0.000000000000000E+00
   0.000000000000000E+00
   0.000000000000000E+00
   0.000000000000000E+00
   0.000000000000000E+00
   0.000000000000000E+00
   0.000000000000000E+00
   0.000000000000000E+00
   0.000000000000000E+00
   0.000000000000000E+00
   0.000000000000000E+00
   0.000000000000000E+00
   0.000000000000000E+00
   0.000000000000000E+00
   0.000000000000000E+00
   0.000000000000000E+00
   0.000000000000000E+00
   0.000000000000000E+00
   0.000000000000000E+00
   0.000000000000000E+00
   0.000000000000000E+00
   0.000000000000000E+00
   0.000000000000000E+00
   0.000000000000000E+00
   0.000000000000000E+00
   0.000000000000000E+00
   0.000000000000000E+00
   0.000000000000000E+00
   0.000000000000000E+00
   0.000000000000000E+00
   0.000000000000000E+00
   0.000000000000000E+00
   0.000000000000000E+00
   0.000000000000000E+00
   0.000000000000000E+00
   0.000000000000000E+00
   0.000000000000000E+00
   0.000000000000000E+00
   0.000000000000000E+00
   0.000000000000000E+00
   0.000000000000000E+00
   0.000000000000000E+00
   0.000000000000000E+00
   0.000000000000000E+00
   0.000000000000000E+00
   0.000000000000000E+00
   0.000000000000000E+00
   0.000000000000000E+00
   0.000000000000000E+00
   0.000000000000000E+00
   0.000000000000000E+00
   0.000000000000000E+00
   0.000000000000000E+00
   0.000000000000000E+00
   0.000000000000000E+00
   0.000000000000000E+00
   0.000000000000000E+00
   0.000000000000000E+00
   0.000000000000000E+00
   0.000000000000000E+00
   0.000000000000000E+00
   0.000000000000000E+00
   0.000000000000000E+00
   0.000000000000000E+00
   0.000000000000000E+00
   0.000000000000000E+00
   0.000000000000000E+00
   0.000000000000000E+00
   0.000000000000000E+00
   0.000000000000000E+00
   0.000000000000000E+00
   0.000000000000000E+00
   0.000000000000000E+00
   0.000000000000000E+00
   0.000000000000000E+00
   0.000000000000000E+00
   0.000000000000000E+00
   0.000000000000000E+00
   0.000000000000000E+00
   0.000000000000000E+00
   0.000000000000000E+00
   0.000000000000000E+00
   0.000000000000000E+00
   0.000000000000000E+00
   0.000000000000000E+00
   0.000000000000000E+00
   0.000000000000000E+00
   0.000000000000000E+00
   0.000000000000000E+00
   0.000000000000000E+00
   0.000000000000000E+00
   0.000000000000000E+00
   0.000000000000000E+00
   0.000000000000000E+00
   0.000000000000000E+00
   0.000000000000000E+00
   0.000000000000000E+00
   0.000000000000000E+00
   0.000000000000000E+00
   0.000000000000000E+00
   0.000000000000000E+00
   0.000000000000000E+00
   0.000000000000000E+00
   0.000000000000000E+00
   0.000000000000000E+00
   0.000000000000000E+00
   0.000000000000000E+00
   0.000000000000000E+00
   0.000000000000000E+00
   0.000000000000000E+00
   0.000000000000000E+00
   0.000000000000000E+00
   0.000000000000000E+00
   0.000000000000000E+00
   0.000000000000000E+00
   0.000000000000000E+00
   0.000000000000000E+00
   0.000000000000000E+00
   0.000000000000000E+00
   0.000000000000000E+00
   0.000000000000000E+00
   0.000000000000000E+00
   0.000000000000000E+00
   0.000000000000000E+00
   0.000000000000000E+00
   0.000000000000000E+00
   0.000000000000000E+00
   0.000000000000000E+00
   0.000000000000000E+00
   0.000000000000000E+00
   0.000000000000000E+00
   0.000000000000000E+00
   0.000000000000000E+00
   0.000000000000000E+00
   0.000000000000000E+00
   0.000000000000000E+00
   0.000000000000000E+00
   0.000000000000000E+00
   0.000000000000000E+00
   0.000000000000000E+00
   0.000000000000000E+00
   0.000000000000000E+00
   0.000000000000000E+00
   0.000000000000000E+00
   0.000000000000000E+00
   0.000000000000000E+00
   0.000000000000000E+00
   0.000000000000000E+00
   0.000000000000000E+00
   0.000000000000000E+00
   0.000000000000000E+00
   0.000000000000000E+00
   0.000000000000000E+00
   0.000000000000000E+00
   0.000000000000000E+00
   0.000000000000000E+00
   0.000000000000000E+00
   0.000000000000000E+00
   0.000000000000000E+00
   0.000000000000000E+00
   0.000000000000000E+00
   0.000000000000000E+00
   0.000000000000000E+00
   0.000000000000000E+00
   0.000000000000000E+00
   0.000000000000000E+00
   0.000000000000000E+00
   0.000000000000000E+00
   0.000000000000000E+00
   0.000000000000000E+00
   0.000000000000000E+00
   0.000000000000000E+00
   0.000000000000000E+00
   0.000000000000000E+00
   0.000000000000000E+00
   0.000000000000000E+00
   0.000000000000000E+00
   0.000000000000000E+00
   0.000000000000000E+00
   0.000000000000000E+00
   0.000000000000000E+00
   0.000000000000000E+00
   0.000000000000000E+00
   0.000000000000000E+00
   0.000000000000000E+00
   0.000000000000000E+00
   0.000000000000000E+00
   0.000000000000000E+00
   0.000000000000000E+00
   0.000000000000000E+00
   0.000000000000000E+00
   0.000000000000000E+00
   0.000000000000000E+00
   0.000000000000000E+00
   0.000000000000000E+00
   0.000000000000000E+00
   0.000000000000000E+00
   0.000000000000000E+00
   0.000000000000000E+00
   0.000000000000000E+00
   0.000000000000000E+00
   0.000000000000000E+00
   0.000000000000000E+00
   0.000000000000000E+00
   0.000000000000000E+00
   0.000000000000000E+00
   0.000000000000000E+00
   0.000000000000000E+00
   0.000000000000000E+00
   0.000000000000000E+00
   0.000000000000000E+00
   0.000000000000000E+00
   0.000000000000000E+00
   0.000000000000000E+00
   0.000000000000000E+00
   0.000000000000000E+00
   0.000000000000000E+00
   0.000000000000000E+00
   0.000000000000000E+00
   0.000000000000000E+00
   0.000000000000000E+00
   0.000000000000000E+00
   0.000000000000000E+00
   0.000000000000000E+00
   0.000000000000000E+00
   0.000000000000000E+00
   0.000000000000000E+00
   0.000000000000000E+00
   0.000000000000000E+00
   0.000000000000000E+00
   0.000000000000000E+00
   0.000000000000000E+00
   0.000000000000000E+00
   0.000000000000000E+00
   0.000000000000000E+00
   0.000000000000000E+00
   0.000000000000000E+00
   0.000000000000000E+00
   0.000000000000000E+00
   0.000000000000000E+00
   0.000000000000000E+00
   0.000000000000000E+00
   0.000000000000000E+00
   0.000000000000000E+00
   0.000000000000000E+00
   0.000000000000000E+00
   0.000000000000000E+00
   0.000000000000000E+00
   0.000000000000000E+00
   0.000000000000000E+00
   0.000000000000000E+00
   0.000000000000000E+00
   0.000000000000000E+00
   0.000000000000000E+00
   0.000000000000000E+00
   0.000000000000000E+00
   0.000000000000000E+00
   0.000000000000000E+00
   0.000000000000000E+00
   0.000000000000000E+00
   0.000000000000000E+00
   0.000000000000000E+00
   0.000000000000000E+00
   0.000000000000000E+00
   0.000000000000000E+00
   0.000000000000000E+00
   0.000000000000000E+00
   0.000000000000000E+00
   0.000000000000000E+00
   0.000000000000000E+00
   0.000000000000000E+00
   0.000000000000000E+00
   0.000000000000000E+00
   0.000000000000000E+00
   0.000000000000000E+00
   0.000000000000000E+00
   0.000000000000000E+00
   0.000000000000000E+00
   0.000000000000000E+00
   0.000000000000000E+00
   0.000000000000000E+00
   0.000000000000000E+00
   0.000000000000000E+00
   0.000000000000000E+00
   0.000000000000000E+00
   0.000000000000000E+00
   0.000000000000000E+00
   0.000000000000000E+00
   0.000000000000000E+00
   0.000000000000000E+00
   0.000000000000000E+00
   0.000000000000000E+00
   0.000000000000000E+00
   0.000000000000000E+00
   0.000000000000000E+00
   0.000000000000000E+00
   0.000000000000000E+00
   0.000000000000000E+00
   0.000000000000000E+00
   0.000000000000000E+00
   0.000000000000000E+00
   0.000000000000000E+00
   0.000000000000000E+00
   0.000000000000000E+00
   0.000000000000000E+00
   0.000000000000000E+00
   0.000000000000000E+00
   0.000000000000000E+00
   0.000000000000000E+00
   0.000000000000000E+00
   0.000000000000000E+00
   0.000000000000000E+00
   0.000000000000000E+00
   0.000000000000000E+00
   0.000000000000000E+00
   0.000000000000000E+00
   0.000000000000000E+00
   0.000000000000000E+00
   0.000000000000000E+00
   0.000000000000000E+00
   0.000000000000000E+00
   0.000000000000000E+00
   0.000000000000000E+00
   0.000000000000000E+00
   0.000000000000000E+00
   0.000000000000000E+00
   0.000000000000000E+00
   0.000000000000000E+00
   0.000000000000000E+00
   0.000000000000000E+00
   0.000000000000000E+00
   0.000000000000000E+00
   0.000000000000000E+00
   0.000000000000000E+00
   0.000000000000000E+00
   0.000000000000000E+00
   0.000000000000000E+00
   0.000000000000000E+00
   0.000000000000000E+00
   0.000000000000000E+00
   0.000000000000000E+00
   0.000000000000000E+00
   0.000000000000000E+00
   0.000000000000000E+00
   0.000000000000000E+00
   0.000000000000000E+00
   0.000000000000000E+00
   0.000000000000000E+00
   0.000000000000000E+00
   0.000000000000000E+00
   0.000000000000000E+00
   0.000000000000000E+00
   0.000000000000000E+00
   0.000000000000000E+00
   0.000000000000000E+00
   0.000000000000000E+00
   0.000000000000000E+00
   0.000000000000000E+00
   0.000000000000000E+00
   0.000000000000000E+00
   0.000000000000000E+00
   0.000000000000000E+00
   0.000000000000000E+00
   0.000000000000000E+00
   0.000000000000000E+00
   0.000000000000000E+00
   0.000000000000000E+00
   0.000000000000000E+00
   0.000000000000000E+00
   0.000000000000000E+00
   0.000000000000000E+00
   0.000000000000000E+00
   0.000000000000000E+00
   0.000000000000000E+00
   0.000000000000000E+00
   0.000000000000000E+00
   0.000000000000000E+00
   0.000000000000000E+00
   0.000000000000000E+00
   0.000000000000000E+00
   0.000000000000000E+00
   0.000000000000000E+00
   0.000000000000000E+00
   0.000000000000000E+00
   0.000000000000000E+00
   0.000000000000000E+00
   0.000000000000000E+00
   0.000000000000000E+00
   0.000000000000000E+00
   0.000000000000000E+00
   0.000000000000000E+00
   0.000000000000000E+00
   0.000000000000000E+00
   0.000000000000000E+00
   0.000000000000000E+00
   0.000000000000000E+00
   0.000000000000000E+00
   0.000000000000000E+00
   0.000000000000000E+00
   0.000000000000000E+00
   0.000000000000000E+00
   0.000000000000000E+00
   0.000000000000000E+00
   0.889650849623349E-01
   0.100000000000000E+01
   0.878469890095776E-01
   0.100000000000000E+01
   0.873391335200434E-01
   0.100000000000000E+01
   0.857887610146405E-01
   0.100000000000000E+01
   0.634467913179288E-01
   0.976344964174833E+00
   0.588870042978018E-01
   0.974473206554575E+00
   0.524353364983914E-01
   0.964732325845950E+00
   0.435411084921016E-01
   0.943046142672513E+00
   0.310086336024543E-01
   0.100000000000000E+01
   0.217537570453816E-01
   0.998398245126881E+00
   0.000000000000000E+00
   0.000000000000000E+00
   0.000000000000000E+00
   0.000000000000000E+00
   0.000000000000000E+00
   0.000000000000000E+00
   0.000000000000000E+00
   0.000000000000000E+00
   0.000000000000000E+00
   0.000000000000000E+00
   0.000000000000000E+00
   0.000000000000000E+00
   0.000000000000000E+00
   0.000000000000000E+00
   0.161572836126846E-01
   0.100000000000000E+01
   0.215182279656589E-01
   0.848634409032868E+00
   0.572553216064262E-01
   0.100000000000000E+01
   0.793194623123000E-01
   0.100000000000000E+01
   0.102010957079200E+00
   0.100000000000000E+01
   0.134469273078921E+00
   0.922124522269666E+00
   0.143386609106527E+00
   0.926127804099495E+00
   0.142014664463571E+00
   0.923027006476438E+00
   0.132118689590324E+00
   0.913550666003161E+00
   0.117325046859718E+00
   0.892879635981406E+00
   0.103838382762957E+00
   0.878101574043116E+00
   0.971691177989639E-01
   0.870668814311571E+00
   0.968852512661371E-01
   0.870923213122439E+00
   0.100933420158775E+00
   0.876449952493109E+00
   0.105480229840592E+00
   0.882158301514713E+00
   0.108375020195316E+00
   0.885595265896661E+00
   0.108572912291228E+00
   0.886122599496334E+00
   0.106789989274012E+00
   0.885007008901494E+00
   0.102370301038956E+00
   0.877481994427571E+00
   0.000000000000000E+00
   0.000000000000000E+00
   0.000000000000000E+00
   0.000000000000000E+00
   0.000000000000000E+00
   0.000000000000000E+00
   0.000000000000000E+00
   0.000000000000000E+00
   0.000000000000000E+00
   0.000000000000000E+00
   0.000000000000000E+00
   0.000000000000000E+00
   0.000000000000000E+00
   0.000000000000000E+00
   0.000000000000000E+00
   0.000000000000000E+00
   0.000000000000000E+00
   0.000000000000000E+00
   0.000000000000000E+00
   0.000000000000000E+00
   0.000000000000000E+00
   0.000000000000000E+00
   0.000000000000000E+00
   0.000000000000000E+00
   0.000000000000000E+00
   0.000000000000000E+00
   0.000000000000000E+00
   0.000000000000000E+00
   0.000000000000000E+00
   0.000000000000000E+00
   0.000000000000000E+00
   0.000000000000000E+00
   0.000000000000000E+00
   0.000000000000000E+00
   0.000000000000000E+00
   0.000000000000000E+00
   0.000000000000000E+00
   0.000000000000000E+00
   0.000000000000000E+00
   0.000000000000000E+00
   0.000000000000000E+00
   0.000000000000000E+00
   0.000000000000000E+00
   0.000000000000000E+00
   0.000000000000000E+00
   0.000000000000000E+00
   0.000000000000000E+00
   0.000000000000000E+00
   0.000000000000000E+00
   0.000000000000000E+00
   0.000000000000000E+00
   0.000000000000000E+00
   0.000000000000000E+00
   0.000000000000000E+00
   0.000000000000000E+00
   0.000000000000000E+00
   0.000000000000000E+00
   0.000000000000000E+00
   0.000000000000000E+00
   0.000000000000000E+00
   0.000000000000000E+00
   0.000000000000000E+00
   0.000000000000000E+00
   0.000000000000000E+00
   0.000000000000000E+00
   0.000000000000000E+00
   0.000000000000000E+00
   0.000000000000000E+00
   0.000000000000000E+00
   0.000000000000000E+00
   0.000000000000000E+00
   0.000000000000000E+00
   0.000000000000000E+00
   0.000000000000000E+00
   0.000000000000000E+00
   0.000000000000000E+00
   0.000000000000000E+00
   0.000000000000000E+00
   0.000000000000000E+00
   0.000000000000000E+00
   0.000000000000000E+00
   0.000000000000000E+00
   0.000000000000000E+00
   0.000000000000000E+00
   0.000000000000000E+00
   0.000000000000000E+00
   0.000000000000000E+00
   0.000000000000000E+00
   0.000000000000000E+00
   0.000000000000000E+00
   0.000000000000000E+00
   0.000000000000000E+00
   0.000000000000000E+00
   0.000000000000000E+00
   0.000000000000000E+00
   0.000000000000000E+00
   0.000000000000000E+00
   0.000000000000000E+00
   0.000000000000000E+00
   0.000000000000000E+00
   0.000000000000000E+00
   0.000000000000000E+00
   0.000000000000000E+00
   0.000000000000000E+00
   0.000000000000000E+00
   0.000000000000000E+00
   0.000000000000000E+00
   0.000000000000000E+00
   0.000000000000000E+00
   0.000000000000000E+00
   0.000000000000000E+00
   0.000000000000000E+00
   0.000000000000000E+00
   0.000000000000000E+00
   0.000000000000000E+00
   0.000000000000000E+00
   0.000000000000000E+00
   0.000000000000000E+00
   0.000000000000000E+00
   0.000000000000000E+00
   0.000000000000000E+00
   0.000000000000000E+00
   0.000000000000000E+00
   0.000000000000000E+00
   0.000000000000000E+00
   0.000000000000000E+00
   0.000000000000000E+00
   0.000000000000000E+00
   0.000000000000000E+00
   0.000000000000000E+00
   0.000000000000000E+00
   0.000000000000000E+00
   0.000000000000000E+00
   0.000000000000000E+00
   0.000000000000000E+00
   0.000000000000000E+00
   0.000000000000000E+00
   0.000000000000000E+00
   0.000000000000000E+00
   0.000000000000000E+00
   0.000000000000000E+00
   0.000000000000000E+00
   0.000000000000000E+00
   0.000000000000000E+00
   0.000000000000000E+00
   0.000000000000000E+00
   0.000000000000000E+00
   0.000000000000000E+00
   0.000000000000000E+00
   0.000000000000000E+00
   0.000000000000000E+00
   0.000000000000000E+00
   0.000000000000000E+00
   0.000000000000000E+00
   0.000000000000000E+00
   0.000000000000000E+00
   0.000000000000000E+00
   0.000000000000000E+00
   0.000000000000000E+00
   0.000000000000000E+00
   0.000000000000000E+00
   0.000000000000000E+00
   0.000000000000000E+00
   0.000000000000000E+00
   0.000000000000000E+00
   0.000000000000000E+00
   0.000000000000000E+00
   0.000000000000000E+00
   0.000000000000000E+00
   0.000000000000000E+00
   0.000000000000000E+00
   0.000000000000000E+00
   0.000000000000000E+00
   0.000000000000000E+00
   0.000000000000000E+00
   0.000000000000000E+00
   0.000000000000000E+00
   0.000000000000000E+00
   0.000000000000000E+00
   0.000000000000000E+00
   0.000000000000000E+00
   0.000000000000000E+00
   0.000000000000000E+00
   0.000000000000000E+00
   0.000000000000000E+00
   0.000000000000000E+00
   0.000000000000000E+00
   0.000000000000000E+00
   0.000000000000000E+00
   0.000000000000000E+00
   0.000000000000000E+00
   0.000000000000000E+00
   0.000000000000000E+00
   0.000000000000000E+00
   0.000000000000000E+00
   0.000000000000000E+00
   0.000000000000000E+00
   0.000000000000000E+00
   0.000000000000000E+00
   0.000000000000000E+00
   0.000000000000000E+00
   0.000000000000000E+00
   0.000000000000000E+00
   0.000000000000000E+00
   0.000000000000000E+00
   0.000000000000000E+00
   0.000000000000000E+00
   0.000000000000000E+00
   0.000000000000000E+00
   0.000000000000000E+00
   0.000000000000000E+00
   0.000000000000000E+00
   0.000000000000000E+00
   0.000000000000000E+00
   0.000000000000000E+00
   0.000000000000000E+00
   0.000000000000000E+00
   0.000000000000000E+00
   0.000000000000000E+00
   0.000000000000000E+00
   0.000000000000000E+00
   0.000000000000000E+00
   0.000000000000000E+00
   0.000000000000000E+00
   0.000000000000000E+00
   0.000000000000000E+00
   0.000000000000000E+00
   0.000000000000000E+00
   0.000000000000000E+00
   0.000000000000000E+00
   0.000000000000000E+00
   0.000000000000000E+00
   0.000000000000000E+00
   0.000000000000000E+00
   0.000000000000000E+00
   0.000000000000000E+00
   0.000000000000000E+00
   0.000000000000000E+00
   0.000000000000000E+00
   0.000000000000000E+00
   0.000000000000000E+00
   0.000000000000000E+00
   0.000000000000000E+00
   0.000000000000000E+00
   0.000000000000000E+00
   0.000000000000000E+00
   0.000000000000000E+00
   0.000000000000000E+00
   0.000000000000000E+00
   0.000000000000000E+00
   0.000000000000000E+00
   0.000000000000000E+00
   0.000000000000000E+00
   0.000000000000000E+00
   0.000000000000000E+00
   0.000000000000000E+00
   0.000000000000000E+00
   0.000000000000000E+00
   0.000000000000000E+00
   0.000000000000000E+00
   0.000000000000000E+00
   0.000000000000000E+00
   0.000000000000000E+00
   0.000000000000000E+00
   0.000000000000000E+00
   0.000000000000000E+00
   0.000000000000000E+00
   0.000000000000000E+00
   0.000000000000000E+00
   0.000000000000000E+00
   0.000000000000000E+00
   0.000000000000000E+00
   0.000000000000000E+00
   0.000000000000000E+00
   0.000000000000000E+00
   0.000000000000000E+00
   0.000000000000000E+00
   0.000000000000000E+00
   0.000000000000000E+00
   0.000000000000000E+00
   0.000000000000000E+00
   0.000000000000000E+00
   0.000000000000000E+00
   0.000000000000000E+00
   0.000000000000000E+00
   0.000000000000000E+00
   0.000000000000000E+00
   0.000000000000000E+00
   0.000000000000000E+00
   0.000000000000000E+00
   0.000000000000000E+00
   0.000000000000000E+00
   0.000000000000000E+00
   0.000000000000000E+00
   0.000000000000000E+00
   0.000000000000000E+00
   0.000000000000000E+00
   0.000000000000000E+00
   0.000000000000000E+00
   0.000000000000000E+00
   0.000000000000000E+00
   0.000000000000000E+00
   0.000000000000000E+00
   0.000000000000000E+00
   0.000000000000000E+00
   0.000000000000000E+00
   0.000000000000000E+00
   0.000000000000000E+00
   0.000000000000000E+00
   0.000000000000000E+00
   0.000000000000000E+00
   0.000000000000000E+00
   0.000000000000000E+00
   0.000000000000000E+00
   0.000000000000000E+00
   0.000000000000000E+00
   0.000000000000000E+00
   0.000000000000000E+00
   0.000000000000000E+00
   0.000000000000000E+00
   0.000000000000000E+00
   0.000000000000000E+00
   0.000000000000000E+00
   0.000000000000000E+00
   0.000000000000000E+00
   0.000000000000000E+00
   0.000000000000000E+00
   0.000000000000000E+00
   0.000000000000000E+00
   0.000000000000000E+00
   0.000000000000000E+00
   0.000000000000000E+00
   0.000000000000000E+00
   0.000000000000000E+00
   0.000000000000000E+00
   0.000000000000000E+00
   0.000000000000000E+00
   0.000000000000000E+00
   0.000000000000000E+00
   0.000000000000000E+00
   0.000000000000000E+00
   0.000000000000000E+00
   0.000000000000000E+00
   0.000000000000000E+00
   0.000000000000000E+00
   0.000000000000000E+00
   0.000000000000000E+00
   0.000000000000000E+00
   0.000000000000000E+00
   0.000000000000000E+00
   0.000000000000000E+00
   0.000000000000000E+00
   0.000000000000000E+00
   0.000000000000000E+00
   0.000000000000000E+00
   0.000000000000000E+00
   0.000000000000000E+00
   0.000000000000000E+00
   0.000000000000000E+00
   0.000000000000000E+00
   0.000000000000000E+00
   0.000000000000000E+00
   0.000000000000000E+00
   0.000000000000000E+00
   0.000000000000000E+00
   0.000000000000000E+00
   0.000000000000000E+00
   0.000000000000000E+00
   0.000000000000000E+00
   0.000000000000000E+00
   0.000000000000000E+00
   0.000000000000000E+00
   0.000000000000000E+00
   0.000000000000000E+00
   0.000000000000000E+00
   0.000000000000000E+00
   0.000000000000000E+00
   0.000000000000000E+00
   0.000000000000000E+00
   0.000000000000000E+00
   0.000000000000000E+00
   0.000000000000000E+00
   0.000000000000000E+00
   0.000000000000000E+00
   0.000000000000000E+00
   0.000000000000000E+00
   0.000000000000000E+00
   0.000000000000000E+00
   0.000000000000000E+00
   0.000000000000000E+00
   0.000000000000000E+00
   0.000000000000000E+00
   0.000000000000000E+00
   0.000000000000000E+00
   0.000000000000000E+00
   0.000000000000000E+00
   0.000000000000000E+00
   0.000000000000000E+00
   0.000000000000000E+00
   0.000000000000000E+00
   0.000000000000000E+00
   0.000000000000000E+00
   0.000000000000000E+00
   0.000000000000000E+00
   0.000000000000000E+00
   0.000000000000000E+00
   0.000000000000000E+00
   0.000000000000000E+00
   0.000000000000000E+00
   0.000000000000000E+00
   0.000000000000000E+00
   0.000000000000000E+00
   0.000000000000000E+00
   0.000000000000000E+00
   0.000000000000000E+00
   0.000000000000000E+00
   0.000000000000000E+00
   0.000000000000000E+00
   0.000000000000000E+00
   0.000000000000000E+00
   0.000000000000000E+00
   0.000000000000000E+00
   0.000000000000000E+00
   0.000000000000000E+00
   0.000000000000000E+00
   0.000000000000000E+00
   0.000000000000000E+00
   0.000000000000000E+00
   0.000000000000000E+00
   0.000000000000000E+00
   0.000000000000000E+00
   0.000000000000000E+00
   0.000000000000000E+00
   0.000000000000000E+00
   0.000000000000000E+00
   0.000000000000000E+00
   0.000000000000000E+00
   0.000000000000000E+00
   0.000000000000000E+00
   0.000000000000000E+00
   0.000000000000000E+00
   0.000000000000000E+00
   0.000000000000000E+00
   0.000000000000000E+00
   0.000000000000000E+00
   0.000000000000000E+00
   0.000000000000000E+00
   0.000000000000000E+00
   0.000000000000000E+00
   0.000000000000000E+00
   0.000000000000000E+00
   0.000000000000000E+00
   0.000000000000000E+00
   0.000000000000000E+00
   0.000000000000000E+00
   0.000000000000000E+00
   0.000000000000000E+00
   0.000000000000000E+00
   0.000000000000000E+00
   0.000000000000000E+00
   0.000000000000000E+00
   0.000000000000000E+00
   0.000000000000000E+00
   0.000000000000000E+00
   0.000000000000000E+00
   0.000000000000000E+00
   0.000000000000000E+00
   0.000000000000000E+00
   0.000000000000000E+00
   0.000000000000000E+00
   0.000000000000000E+00
   0.000000000000000E+00
   0.000000000000000E+00
   0.000000000000000E+00
   0.000000000000000E+00
   0.000000000000000E+00
   0.000000000000000E+00
   0.000000000000000E+00
   0.000000000000000E+00
   0.000000000000000E+00
   0.000000000000000E+00
   0.000000000000000E+00
   0.000000000000000E+00
   0.000000000000000E+00
   0.000000000000000E+00
   0.000000000000000E+00
   0.000000000000000E+00
   0.000000000000000E+00
   0.000000000000000E+00
   0.000000000000000E+00
   0.000000000000000E+00
   0.000000000000000E+00
   0.000000000000000E+00
   0.000000000000000E+00
   0.000000000000000E+00
   0.000000000000000E+00
   0.000000000000000E+00
   0.000000000000000E+00
   0.000000000000000E+00
   0.000000000000000E+00
   0.000000000000000E+00
   0.000000000000000E+00
   0.000000000000000E+00
   0.000000000000000E+00
   0.000000000000000E+00
   0.000000000000000E+00
   0.000000000000000E+00
   0.000000000000000E+00
   0.000000000000000E+00
   0.000000000000000E+00
   0.000000000000000E+00
   0.000000000000000E+00
   0.000000000000000E+00
   0.000000000000000E+00
   0.000000000000000E+00
   0.000000000000000E+00
   0.000000000000000E+00
   0.000000000000000E+00
   0.000000000000000E+00
   0.000000000000000E+00
   0.000000000000000E+00
   0.000000000000000E+00
   0.000000000000000E+00
   0.000000000000000E+00
   0.000000000000000E+00
   0.000000000000000E+00
   0.000000000000000E+00
   0.000000000000000E+00
   0.000000000000000E+00
   0.000000000000000E+00
   0.000000000000000E+00
   0.000000000000000E+00
   0.000000000000000E+00
   0.000000000000000E+00
   0.000000000000000E+00
   0.000000000000000E+00
   0.000000000000000E+00
   0.000000000000000E+00
   0.000000000000000E+00
   0.000000000000000E+00
   0.000000000000000E+00
   0.000000000000000E+00
   0.000000000000000E+00
   0.000000000000000E+00
   0.000000000000000E+00
   0.000000000000000E+00
   0.000000000000000E+00
   0.000000000000000E+00
   0.000000000000000E+00
   0.000000000000000E+00
   0.000000000000000E+00
   0.000000000000000E+00
   0.000000000000000E+00
   0.000000000000000E+00
   0.000000000000000E+00
   0.000000000000000E+00
   0.000000000000000E+00
   0.000000000000000E+00
   0.000000000000000E+00
   0.000000000000000E+00
   0.000000000000000E+00
   0.000000000000000E+00
   0.000000000000000E+00
   0.000000000000000E+00
   0.000000000000000E+00
   0.000000000000000E+00
   0.000000000000000E+00
   0.000000000000000E+00
   0.000000000000000E+00
   0.000000000000000E+00
   0.000000000000000E+00
   0.000000000000000E+00
   0.000000000000000E+00
   0.000000000000000E+00
   0.000000000000000E+00
   0.000000000000000E+00
   0.000000000000000E+00
   0.000000000000000E+00
   0.000000000000000E+00
   0.000000000000000E+00
   0.000000000000000E+00
   0.000000000000000E+00
   0.000000000000000E+00
   0.000000000000000E+00
   0.000000000000000E+00
   0.000000000000000E+00
   0.000000000000000E+00
   0.000000000000000E+00
   0.000000000000000E+00
   0.000000000000000E+00
   0.000000000000000E+00
   0.000000000000000E+00
   0.000000000000000E+00
   0.000000000000000E+00
   0.000000000000000E+00
   0.000000000000000E+00
   0.000000000000000E+00
   0.000000000000000E+00
   0.000000000000000E+00
   0.000000000000000E+00
   0.000000000000000E+00
   0.000000000000000E+00
   0.000000000000000E+00
   0.000000000000000E+00
   0.000000000000000E+00
   0.000000000000000E+00
   0.000000000000000E+00
   0.000000000000000E+00
   0.000000000000000E+00
   0.000000000000000E+00
   0.000000000000000E+00
   0.000000000000000E+00
   0.000000000000000E+00
   0.000000000000000E+00
   0.000000000000000E+00
   0.000000000000000E+00
   0.000000000000000E+00
   0.000000000000000E+00
   0.000000000000000E+00
   0.000000000000000E+00
   0.000000000000000E+00
   0.000000000000000E+00
   0.000000000000000E+00
   0.000000000000000E+00
   0.000000000000000E+00
   0.000000000000000E+00
   0.000000000000000E+00
   0.000000000000000E+00
   0.000000000000000E+00
   0.000000000000000E+00
   0.000000000000000E+00
   0.000000000000000E+00
   0.000000000000000E+00
   0.000000000000000E+00
   0.000000000000000E+00
   0.000000000000000E+00
   0.000000000000000E+00
   0.000000000000000E+00
   0.000000000000000E+00
   0.000000000000000E+00
   0.000000000000000E+00
   0.000000000000000E+00
   0.000000000000000E+00
   0.000000000000000E+00
   0.000000000000000E+00
   0.000000000000000E+00
   0.000000000000000E+00
   0.000000000000000E+00
   0.000000000000000E+00
   0.000000000000000E+00
   0.000000000000000E+00
   0.000000000000000E+00
   0.000000000000000E+00
   0.000000000000000E+00
   0.000000000000000E+00
   0.000000000000000E+00
   0.000000000000000E+00
   0.000000000000000E+00
   0.000000000000000E+00
   0.000000000000000E+00
   0.000000000000000E+00
   0.000000000000000E+00
   0.000000000000000E+00
   0.000000000000000E+00
   0.000000000000000E+00
   0.000000000000000E+00
   0.000000000000000E+00
   0.000000000000000E+00
   0.000000000000000E+00
   0.000000000000000E+00
   0.000000000000000E+00
   0.000000000000000E+00
   0.000000000000000E+00
   0.000000000000000E+00
   0.000000000000000E+00
   0.000000000000000E+00
   0.000000000000000E+00
   0.000000000000000E+00
   0.000000000000000E+00
   0.000000000000000E+00
   0.000000000000000E+00
   0.000000000000000E+00
   0.000000000000000E+00
   0.000000000000000E+00
   0.000000000000000E+00
   0.000000000000000E+00
   0.000000000000000E+00
   0.000000000000000E+00
   0.000000000000000E+00
   0.000000000000000E+00
   0.000000000000000E+00
   0.000000000000000E+00
   0.000000000000000E+00
   0.000000000000000E+00
   0.000000000000000E+00
   0.000000000000000E+00
   0.000000000000000E+00
   0.000000000000000E+00
   0.000000000000000E+00
   0.000000000000000E+00
   0.000000000000000E+00
   0.000000000000000E+00
   0.000000000000000E+00
   0.000000000000000E+00
   0.000000000000000E+00
   0.000000000000000E+00
   0.000000000000000E+00
   0.000000000000000E+00
   0.000000000000000E+00
   0.000000000000000E+00
   0.000000000000000E+00
   0.000000000000000E+00
   0.000000000000000E+00
   0.000000000000000E+00
   0.000000000000000E+00
   0.000000000000000E+00
   0.000000000000000E+00
   0.000000000000000E+00
   0.000000000000000E+00
   0.000000000000000E+00
   0.000000000000000E+00
   0.000000000000000E+00
   0.000000000000000E+00
   0.000000000000000E+00
   0.000000000000000E+00
   0.000000000000000E+00
   0.000000000000000E+00
   0.000000000000000E+00
   0.000000000000000E+00
   0.000000000000000E+00
   0.000000000000000E+00
   0.000000000000000E+00
   0.000000000000000E+00
   0.000000000000000E+00
   0.000000000000000E+00
   0.000000000000000E+00
   0.000000000000000E+00
   0.000000000000000E+00
   0.000000000000000E+00
   0.000000000000000E+00
   0.000000000000000E+00
   0.000000000000000E+00
   0.000000000000000E+00
   0.000000000000000E+00
   0.000000000000000E+00
   0.000000000000000E+00
   0.000000000000000E+00
   0.000000000000000E+00
   0.000000000000000E+00
   0.000000000000000E+00
   0.000000000000000E+00
   0.000000000000000E+00
   0.000000000000000E+00
   0.000000000000000E+00
   0.000000000000000E+00
   0.000000000000000E+00
   0.000000000000000E+00
   0.000000000000000E+00
   0.000000000000000E+00
   0.000000000000000E+00
   0.000000000000000E+00
   0.000000000000000E+00
   0.000000000000000E+00
   0.000000000000000E+00
   0.000000000000000E+00
   0.000000000000000E+00
   0.000000000000000E+00
   0.000000000000000E+00
   0.000000000000000E+00
   0.000000000000000E+00
   0.000000000000000E+00
   0.000000000000000E+00
   0.000000000000000E+00
   0.000000000000000E+00
   0.000000000000000E+00
   0.000000000000000E+00
   0.000000000000000E+00
   0.000000000000000E+00
   0.000000000000000E+00
   0.000000000000000E+00
   0.000000000000000E+00
   0.000000000000000E+00
   0.000000000000000E+00
   0.000000000000000E+00
   0.000000000000000E+00
   0.000000000000000E+00
   0.000000000000000E+00
   0.000000000000000E+00
   0.000000000000000E+00
   0.000000000000000E+00
   0.000000000000000E+00
   0.000000000000000E+00
   0.000000000000000E+00
   0.000000000000000E+00
   0.000000000000000E+00
   0.000000000000000E+00
   0.000000000000000E+00
   0.000000000000000E+00
   0.000000000000000E+00
   0.000000000000000E+00
   0.000000000000000E+00
   0.000000000000000E+00
   0.000000000000000E+00
   0.000000000000000E+00
   0.000000000000000E+00
   0.000000000000000E+00
   0.000000000000000E+00
   0.000000000000000E+00
   0.000000000000000E+00
   0.000000000000000E+00
   0.000000000000000E+00
   0.000000000000000E+00
   0.000000000000000E+00
   0.000000000000000E+00
   0.000000000000000E+00
   0.000000000000000E+00
   0.000000000000000E+00
   0.000000000000000E+00
   0.000000000000000E+00
   0.000000000000000E+00
   0.000000000000000E+00
   0.000000000000000E+00
   0.000000000000000E+00
   0.000000000000000E+00
   0.000000000000000E+00
   0.000000000000000E+00
   0.000000000000000E+00
   0.000000000000000E+00
   0.000000000000000E+00
   0.000000000000000E+00
   0.000000000000000E+00
   0.000000000000000E+00
   0.000000000000000E+00
   0.000000000000000E+00
   0.000000000000000E+00
   0.000000000000000E+00
   0.000000000000000E+00
   0.000000000000000E+00
   0.000000000000000E+00
   0.000000000000000E+00
   0.000000000000000E+00
   0.000000000000000E+00
   0.000000000000000E+00
   0.000000000000000E+00
   0.000000000000000E+00
   0.000000000000000E+00
   0.000000000000000E+00
   0.000000000000000E+00
   0.000000000000000E+00
   0.000000000000000E+00
   0.000000000000000E+00
   0.000000000000000E+00
   0.000000000000000E+00
   0.000000000000000E+00
   0.000000000000000E+00
   0.000000000000000E+00
   0.000000000000000E+00
   0.000000000000000E+00
   0.000000000000000E+00
   0.000000000000000E+00
   0.000000000000000E+00
   0.000000000000000E+00
   0.000000000000000E+00
   0.000000000000000E+00
   0.000000000000000E+00
   0.000000000000000E+00
   0.000000000000000E+00
   0.000000000000000E+00
   0.000000000000000E+00
   0.000000000000000E+00
   0.000000000000000E+00
   0.000000000000000E+00
   0.000000000000000E+00
   0.000000000000000E+00
   0.000000000000000E+00
   0.000000000000000E+00
   0.000000000000000E+00
   0.000000000000000E+00
   0.000000000000000E+00
   0.000000000000000E+00
   0.000000000000000E+00
   0.000000000000000E+00
   0.000000000000000E+00
   0.000000000000000E+00
   0.000000000000000E+00
   0.000000000000000E+00
   0.000000000000000E+00
   0.000000000000000E+00
   0.000000000000000E+00
   0.000000000000000E+00
   0.000000000000000E+00
   0.000000000000000E+00
   0.000000000000000E+00
   0.000000000000000E+00
   0.000000000000000E+00
   0.000000000000000E+00
   0.000000000000000E+00
   0.000000000000000E+00
   0.000000000000000E+00
   0.000000000000000E+00
   0.000000000000000E+00
   0.000000000000000E+00
   0.000000000000000E+00
   0.000000000000000E+00
   0.000000000000000E+00
   0.000000000000000E+00
   0.000000000000000E+00
   0.000000000000000E+00
   0.000000000000000E+00
   0.000000000000000E+00
   0.000000000000000E+00
   0.000000000000000E+00
   0.000000000000000E+00
   0.000000000000000E+00
   0.000000000000000E+00
   0.000000000000000E+00
   0.000000000000000E+00
   0.000000000000000E+00
   0.000000000000000E+00
   0.000000000000000E+00
   0.000000000000000E+00
   0.000000000000000E+00
   0.000000000000000E+00
   0.000000000000000E+00
   0.000000000000000E+00
   0.000000000000000E+00
   0.000000000000000E+00
   0.000000000000000E+00
   0.000000000000000E+00
   0.000000000000000E+00
   0.000000000000000E+00
   0.000000000000000E+00
   0.000000000000000E+00
   0.000000000000000E+00
   0.000000000000000E+00
   0.000000000000000E+00
   0.000000000000000E+00
   0.000000000000000E+00
   0.000000000000000E+00
   0.000000000000000E+00
   0.000000000000000E+00
   0.000000000000000E+00
   0.000000000000000E+00
   0.000000000000000E+00
   0.000000000000000E+00
   0.000000000000000E+00
   0.000000000000000E+00
   0.000000000000000E+00
   0.000000000000000E+00
   0.000000000000000E+00
   0.000000000000000E+00
   0.000000000000000E+00
   0.000000000000000E+00
   0.000000000000000E+00
   0.000000000000000E+00
   0.000000000000000E+00
   0.000000000000000E+00
   0.000000000000000E+00
   0.000000000000000E+00
   0.000000000000000E+00
   0.000000000000000E+00
   0.000000000000000E+00
   0.000000000000000E+00
   0.000000000000000E+00
   0.000000000000000E+00
   0.000000000000000E+00
   0.000000000000000E+00
   0.000000000000000E+00
   0.000000000000000E+00
   0.000000000000000E+00
   0.000000000000000E+00
   0.000000000000000E+00
   0.000000000000000E+00
   0.000000000000000E+00
   0.000000000000000E+00
   0.000000000000000E+00
   0.000000000000000E+00
   0.000000000000000E+00
   0.000000000000000E+00
   0.000000000000000E+00
   0.000000000000000E+00
   0.000000000000000E+00
   0.000000000000000E+00
   0.000000000000000E+00
   0.000000000000000E+00
   0.000000000000000E+00
   0.000000000000000E+00
   0.000000000000000E+00
   0.000000000000000E+00
   0.000000000000000E+00
   0.000000000000000E+00
   0.000000000000000E+00
   0.000000000000000E+00
   0.000000000000000E+00
   0.000000000000000E+00
   0.000000000000000E+00
   0.000000000000000E+00
   0.000000000000000E+00
   0.000000000000000E+00
   0.000000000000000E+00
   0.000000000000000E+00
   0.000000000000000E+00
   0.000000000000000E+00
   0.000000000000000E+00
   0.000000000000000E+00
   0.000000000000000E+00
   0.000000000000000E+00
   0.000000000000000E+00
   0.000000000000000E+00
   0.000000000000000E+00
   0.000000000000000E+00
   0.000000000000000E+00
   0.000000000000000E+00
   0.000000000000000E+00
   0.000000000000000E+00
   0.000000000000000E+00
   0.000000000000000E+00
   0.000000000000000E+00
   0.000000000000000E+00
   0.000000000000000E+00
   0.000000000000000E+00
   0.000000000000000E+00
   0.000000000000000E+00
   0.000000000000000E+00
   0.000000000000000E+00
   0.000000000000000E+00
   0.000000000000000E+00
   0.000000000000000E+00
   0.000000000000000E+00
   0.000000000000000E+00
   0.000000000000000E+00
   0.000000000000000E+00
   0.000000000000000E+00
   0.000000000000000E+00
   0.000000000000000E+00
   0.000000000000000E+00
   0.000000000000000E+00
   0.000000000000000E+00
   0.000000000000000E+00
   0.000000000000000E+00
   0.000000000000000E+00
   0.000000000000000E+00
   0.000000000000000E+00
   0.000000000000000E+00
   0.000000000000000E+00
   0.000000000000000E+00
   0.000000000000000E+00
   0.000000000000000E+00
   0.000000000000000E+00
   0.000000000000000E+00
   0.000000000000000E+00
   0.000000000000000E+00
   0.000000000000000E+00
   0.000000000000000E+00
   0.000000000000000E+00
   0.000000000000000E+00
   0.000000000000000E+00
   0.000000000000000E+00
   0.000000000000000E+00
   0.000000000000000E+00
   0.000000000000000E+00
   0.000000000000000E+00
   0.000000000000000E+00
   0.000000000000000E+00
   0.000000000000000E+00
   0.000000000000000E+00
   0.000000000000000E+00
   0.000000000000000E+00
   0.000000000000000E+00
   0.000000000000000E+00
   0.000000000000000E+00
   0.000000000000000E+00
   0.000000000000000E+00
   0.000000000000000E+00
   0.000000000000000E+00
   0.000000000000000E+00
   0.000000000000000E+00
   0.000000000000000E+00
   0.000000000000000E+00
   0.000000000000000E+00
   0.000000000000000E+00
   0.000000000000000E+00
   0.000000000000000E+00
   0.000000000000000E+00
   0.000000000000000E+00
   0.000000000000000E+00
   0.000000000000000E+00
   0.000000000000000E+00
   0.000000000000000E+00
   0.000000000000000E+00
   0.000000000000000E+00
   0.000000000000000E+00
   0.000000000000000E+00
   0.000000000000000E+00
   0.000000000000000E+00
   0.000000000000000E+00
   0.000000000000000E+00
   0.000000000000000E+00
   0.000000000000000E+00
   0.000000000000000E+00
   0.000000000000000E+00
   0.000000000000000E+00
   0.000000000000000E+00
   0.000000000000000E+00
   0.000000000000000E+00
   0.000000000000000E+00
   0.000000000000000E+00
   0.000000000000000E+00
   0.000000000000000E+00
   0.000000000000000E+00
   0.000000000000000E+00
   0.000000000000000E+00
   0.000000000000000E+00
   0.000000000000000E+00
   0.000000000000000E+00
   0.000000000000000E+00
   0.000000000000000E+00
   0.000000000000000E+00
   0.000000000000000E+00
   0.000000000000000E+00
   0.000000000000000E+00
   0.000000000000000E+00
   0.000000000000000E+00
   0.000000000000000E+00
   0.000000000000000E+00
   0.000000000000000E+00
   0.000000000000000E+00
   0.000000000000000E+00
   0.000000000000000E+00
   0.000000000000000E+00
   0.000000000000000E+00
   0.000000000000000E+00
   0.000000000000000E+00
   0.000000000000000E+00
   0.000000000000000E+00
   0.000000000000000E+00
   0.000000000000000E+00
   0.000000000000000E+00
   0.000000000000000E+00
   0.000000000000000E+00
   0.000000000000000E+00
   0.000000000000000E+00
   0.000000000000000E+00
   0.000000000000000E+00
   0.000000000000000E+00
   0.000000000000000E+00
   0.000000000000000E+00
   0.000000000000000E+00
   0.000000000000000E+00
   0.000000000000000E+00
   0.000000000000000E+00
   0.000000000000000E+00
   0.000000000000000E+00
   0.000000000000000E+00
   0.000000000000000E+00
   0.000000000000000E+00
   0.000000000000000E+00
   0.000000000000000E+00
   0.000000000000000E+00
   0.000000000000000E+00
   0.000000000000000E+00
   0.000000000000000E+00
   0.000000000000000E+00
   0.000000000000000E+00
   0.000000000000000E+00
   0.000000000000000E+00
   0.000000000000000E+00
   0.000000000000000E+00
   0.000000000000000E+00
   0.000000000000000E+00
   0.000000000000000E+00
   0.000000000000000E+00
   0.000000000000000E+00
   0.000000000000000E+00
   0.000000000000000E+00
   0.000000000000000E+00
   0.000000000000000E+00
   0.000000000000000E+00
   0.000000000000000E+00
   0.000000000000000E+00
   0.000000000000000E+00
   0.000000000000000E+00
   0.000000000000000E+00
   0.000000000000000E+00
   0.000000000000000E+00
   0.000000000000000E+00
   0.000000000000000E+00
   0.000000000000000E+00
   0.000000000000000E+00
   0.000000000000000E+00
   0.000000000000000E+00
   0.000000000000000E+00
   0.000000000000000E+00
   0.000000000000000E+00
   0.000000000000000E+00
   0.000000000000000E+00
   0.000000000000000E+00
   0.000000000000000E+00
   0.000000000000000E+00
   0.000000000000000E+00
   0.000000000000000E+00
   0.000000000000000E+00
   0.000000000000000E+00
   0.000000000000000E+00
   0.000000000000000E+00
   0.000000000000000E+00
   0.000000000000000E+00
   0.000000000000000E+00
   0.000000000000000E+00
   0.000000000000000E+00
   0.000000000000000E+00
   0.000000000000000E+00
   0.000000000000000E+00
   0.000000000000000E+00
   0.000000000000000E+00
   0.000000000000000E+00
   0.000000000000000E+00
   0.000000000000000E+00
   0.000000000000000E+00
   0.000000000000000E+00
   0.000000000000000E+00
   0.000000000000000E+00
   0.000000000000000E+00
   0.000000000000000E+00
   0.000000000000000E+00
   0.000000000000000E+00
   0.000000000000000E+00
   0.000000000000000E+00
   0.000000000000000E+00
   0.000000000000000E+00
   0.000000000000000E+00
   0.000000000000000E+00
   0.000000000000000E+00
   0.000000000000000E+00
   0.000000000000000E+00
   0.000000000000000E+00
   0.000000000000000E+00
   0.000000000000000E+00
   0.000000000000000E+00
   0.000000000000000E+00
   0.000000000000000E+00
   0.000000000000000E+00
   0.000000000000000E+00
   0.000000000000000E+00
   0.000000000000000E+00
   0.000000000000000E+00
   0.000000000000000E+00
   0.000000000000000E+00
   0.000000000000000E+00
   0.000000000000000E+00
   0.000000000000000E+00
   0.000000000000000E+00
   0.000000000000000E+00
   0.000000000000000E+00
   0.000000000000000E+00
   0.000000000000000E+00
   0.000000000000000E+00
   0.000000000000000E+00
   0.000000000000000E+00
   0.000000000000000E+00
  -0.473198550971848E+01
  -0.473165502437555E+01
  -0.470923745224126E+01
  -0.461781474602133E+01
  -0.446141088764055E+01
  -0.430863454219916E+01
  -0.412118745917334E+01
  -0.386900223332796E+01
  -0.300646295297015E+01
  -0.279350873684520E+01
  -0.240087510102380E+01
   0.000000000000000E+00
   0.000000000000000E+00
   0.000000000000000E+00
   0.000000000000000E+00
   0.000000000000000E+00
   0.000000000000000E+00
   0.000000000000000E+00
  -0.324122907342409E+01
  -0.345099813481682E+01
  -0.437620394838996E+01
  -0.505014468191038E+01
  -0.643313438211215E+01
  -0.658948400110001E+01
  -0.659304792146802E+01
  -0.646879659871829E+01
  -0.628670139293515E+01
  -0.607767729219096E+01
  -0.595848019464883E+01
  -0.594158746618317E+01
  -0.599706632075303E+01
  -0.606319056273884E+01
  -0.610686457897060E+01
  -0.611037989032373E+01
  -0.608031942219686E+01
  -0.601297604440056E+01
   0.000000000000000E+00
   0.370771715060339E+00
   0.399325220773328E+00
   0.415793239931559E+00
   0.419232109483498E+00
   0.000000000000000E+00
   0.424245803117602E+00
   0.423204090334126E+00
   0.402166920921023E+00
   0.361204925617291E+00
   0.000000000000000E+00
   0.000000000000000E+00
   0.000000000000000E+00
   0.000000000000000E+00
   0.000000000000000E+00
   0.000000000000000E+00
   0.000000000000000E+00
   0.000000000000000E+00
   0.000000000000000E+00
   0.000000000000000E+00
   0.000000000000000E+00
   0.000000000000000E+00
   0.000000000000000E+00
   0.000000000000000E+00
   0.000000000000000E+00
   0.000000000000000E+00
   0.000000000000000E+00
   0.000000000000000E+00
   0.000000000000000E+00
   0.000000000000000E+00
   0.000000000000000E+00
   0.000000000000000E+00
   0.000000000000000E+00
   0.000000000000000E+00
   0.000000000000000E+00
   0.000000000000000E+00
   0.000000000000000E+00
   0.000000000000000E+00
   0.000000000000000E+00
   0.000000000000000E+00
   0.000000000000000E+00
   0.000000000000000E+00
   0.000000000000000E+00
   0.000000000000000E+00
   0.000000000000000E+00
   0.000000000000000E+00
   0.000000000000000E+00
   0.000000000000000E+00
   0.000000000000000E+00
   0.000000000000000E+00
   0.000000000000000E+00
   0.000000000000000E+00
   0.000000000000000E+00
   0.000000000000000E+00
   0.000000000000000E+00
   0.000000000000000E+00
   0.000000000000000E+00
   0.000000000000000E+00
   0.000000000000000E+00
   0.000000000000000E+00
   0.000000000000000E+00
   0.000000000000000E+00
   0.000000000000000E+00
   0.000000000000000E+00
   0.000000000000000E+00
   0.000000000000000E+00
   0.000000000000000E+00
   0.000000000000000E+00
   0.000000000000000E+00
   0.000000000000000E+00
   0.000000000000000E+00
   0.000000000000000E+00
   0.000000000000000E+00
   0.000000000000000E+00
   0.000000000000000E+00
   0.000000000000000E+00
   0.000000000000000E+00
   0.000000000000000E+00
   0.000000000000000E+00
   0.000000000000000E+00
   0.000000000000000E+00
   0.000000000000000E+00
   0.000000000000000E+00
   0.000000000000000E+00
   0.000000000000000E+00
   0.000000000000000E+00
   0.000000000000000E+00
   0.000000000000000E+00
   0.000000000000000E+00
   0.000000000000000E+00
   0.000000000000000E+00
   0.000000000000000E+00
   0.000000000000000E+00
   0.000000000000000E+00
   0.000000000000000E+00
   0.000000000000000E+00
   0.000000000000000E+00
   0.000000000000000E+00
   0.000000000000000E+00
   0.000000000000000E+00
   0.000000000000000E+00
   0.000000000000000E+00
   0.000000000000000E+00
   0.000000000000000E+00
   0.000000000000000E+00
   0.000000000000000E+00
   0.000000000000000E+00
   0.000000000000000E+00
   0.000000000000000E+00
   0.000000000000000E+00
   0.000000000000000E+00
   0.000000000000000E+00
   0.000000000000000E+00
   0.000000000000000E+00
   0.000000000000000E+00
   0.000000000000000E+00
   0.000000000000000E+00
   0.000000000000000E+00
   0.000000000000000E+00
   0.000000000000000E+00
   0.000000000000000E+00
   0.000000000000000E+00
   0.000000000000000E+00
   0.000000000000000E+00
   0.000000000000000E+00
   0.000000000000000E+00
   0.000000000000000E+00
   0.000000000000000E+00
   0.000000000000000E+00
   0.000000000000000E+00
   0.000000000000000E+00
   0.000000000000000E+00
   0.000000000000000E+00
   0.000000000000000E+00
   0.000000000000000E+00
   0.000000000000000E+00
   0.000000000000000E+00
   0.000000000000000E+00
   0.000000000000000E+00
   0.000000000000000E+00
   0.000000000000000E+00
   0.000000000000000E+00
   0.000000000000000E+00
   0.000000000000000E+00
   0.000000000000000E+00
   0.000000000000000E+00
   0.000000000000000E+00
   0.000000000000000E+00
   0.000000000000000E+00
   0.000000000000000E+00
   0.000000000000000E+00
   0.000000000000000E+00
   0.000000000000000E+00
   0.000000000000000E+00
   0.000000000000000E+00
   0.000000000000000E+00
   0.000000000000000E+00
   0.000000000000000E+00
   0.000000000000000E+00
   0.000000000000000E+00
   0.000000000000000E+00
   0.000000000000000E+00
   0.000000000000000E+00
   0.000000000000000E+00
   0.000000000000000E+00
   0.000000000000000E+00
   0.000000000000000E+00
   0.000000000000000E+00
   0.000000000000000E+00
   0.000000000000000E+00
   0.000000000000000E+00
   0.000000000000000E+00
   0.000000000000000E+00
   0.000000000000000E+00
   0.000000000000000E+00
   0.000000000000000E+00
   0.000000000000000E+00
   0.000000000000000E+00
   0.000000000000000E+00
   0.000000000000000E+00
   0.000000000000000E+00
   0.000000000000000E+00
   0.000000000000000E+00
   0.000000000000000E+00
   0.000000000000000E+00
   0.000000000000000E+00
   0.000000000000000E+00
   0.000000000000000E+00
   0.000000000000000E+00
   0.000000000000000E+00
   0.000000000000000E+00
   0.000000000000000E+00
   0.000000000000000E+00
   0.000000000000000E+00
   0.000000000000000E+00
   0.000000000000000E+00
   0.000000000000000E+00
   0.000000000000000E+00
   0.000000000000000E+00
   0.000000000000000E+00
   0.000000000000000E+00
   0.000000000000000E+00
   0.000000000000000E+00
   0.000000000000000E+00
   0.000000000000000E+00
   0.000000000000000E+00
   0.000000000000000E+00
   0.000000000000000E+00
   0.000000000000000E+00
   0.000000000000000E+00
   0.000000000000000E+00
   0.000000000000000E+00
   0.000000000000000E+00
   0.000000000000000E+00
   0.000000000000000E+00
   0.000000000000000E+00
   0.000000000000000E+00
   0.000000000000000E+00
   0.000000000000000E+00
   0.000000000000000E+00
   0.000000000000000E+00
   0.000000000000000E+00
   0.000000000000000E+00
   0.000000000000000E+00
   0.000000000000000E+00
   0.000000000000000E+00
   0.000000000000000E+00
   0.000000000000000E+00
   0.000000000000000E+00
   0.000000000000000E+00
   0.000000000000000E+00
   0.000000000000000E+00
   0.000000000000000E+00
   0.000000000000000E+00
   0.000000000000000E+00
   0.000000000000000E+00
   0.000000000000000E+00
   0.000000000000000E+00
   0.000000000000000E+00
   0.000000000000000E+00
   0.000000000000000E+00
   0.000000000000000E+00
   0.000000000000000E+00
   0.000000000000000E+00
   0.000000000000000E+00
   0.000000000000000E+00
   0.000000000000000E+00
   0.000000000000000E+00
   0.000000000000000E+00
   0.000000000000000E+00
   0.000000000000000E+00
   0.000000000000000E+00
   0.000000000000000E+00
   0.000000000000000E+00
   0.000000000000000E+00
   0.000000000000000E+00
   0.000000000000000E+00
   0.000000000000000E+00
   0.000000000000000E+00
   0.000000000000000E+00
   0.000000000000000E+00
   0.000000000000000E+00
   0.000000000000000E+00
   0.000000000000000E+00
   0.000000000000000E+00
   0.000000000000000E+00
   0.000000000000000E+00
   0.000000000000000E+00
   0.000000000000000E+00
   0.000000000000000E+00
   0.000000000000000E+00
   0.000000000000000E+00
   0.000000000000000E+00
   0.000000000000000E+00
   0.000000000000000E+00
   0.000000000000000E+00
   0.000000000000000E+00
   0.000000000000000E+00
   0.000000000000000E+00
   0.000000000000000E+00
   0.000000000000000E+00
   0.000000000000000E+00
   0.000000000000000E+00
   0.000000000000000E+00
   0.000000000000000E+00
   0.000000000000000E+00
   0.000000000000000E+00
   0.000000000000000E+00
   0.000000000000000E+00
   0.000000000000000E+00
   0.000000000000000E+00
   0.000000000000000E+00
   0.000000000000000E+00
   0.000000000000000E+00
   0.000000000000000E+00
   0.000000000000000E+00
   0.000000000000000E+00
   0.000000000000000E+00
   0.000000000000000E+00
   0.000000000000000E+00
   0.000000000000000E+00
   0.000000000000000E+00
   0.000000000000000E+00
   0.000000000000000E+00
   0.000000000000000E+00
   0.000000000000000E+00
   0.000000000000000E+00
   0.000000000000000E+00
   0.000000000000000E+00
   0.000000000000000E+00
   0.000000000000000E+00
   0.000000000000000E+00
   0.000000000000000E+00
   0.000000000000000E+00
   0.000000000000000E+00
   0.000000000000000E+00
   0.000000000000000E+00
   0.000000000000000E+00
   0.000000000000000E+00
   0.000000000000000E+00
   0.000000000000000E+00
   0.000000000000000E+00
   0.000000000000000E+00
   0.000000000000000E+00
   0.000000000000000E+00
   0.000000000000000E+00
   0.000000000000000E+00
   0.000000000000000E+00
   0.000000000000000E+00
   0.000000000000000E+00
   0.000000000000000E+00
   0.000000000000000E+00
   0.000000000000000E+00
   0.000000000000000E+00
   0.000000000000000E+00
   0.000000000000000E+00
   0.000000000000000E+00
   0.000000000000000E+00
   0.000000000000000E+00
   0.000000000000000E+00
   0.000000000000000E+00
   0.000000000000000E+00
   0.000000000000000E+00
   0.000000000000000E+00
   0.000000000000000E+00
   0.000000000000000E+00
   0.000000000000000E+00
   0.000000000000000E+00
   0.000000000000000E+00
   0.000000000000000E+00
   0.000000000000000E+00
   0.000000000000000E+00
   0.000000000000000E+00
   0.000000000000000E+00
   0.000000000000000E+00
   0.000000000000000E+00
   0.000000000000000E+00
   0.000000000000000E+00
   0.000000000000000E+00
   0.000000000000000E+00
   0.000000000000000E+00
   0.000000000000000E+00
   0.000000000000000E+00
   0.000000000000000E+00
   0.000000000000000E+00
   0.000000000000000E+00
   0.000000000000000E+00
   0.000000000000000E+00
   0.000000000000000E+00
   0.000000000000000E+00
   0.000000000000000E+00
   0.000000000000000E+00
   0.000000000000000E+00
   0.000000000000000E+00
   0.000000000000000E+00
   0.000000000000000E+00
   0.000000000000000E+00
   0.000000000000000E+00
   0.000000000000000E+00
   0.000000000000000E+00
   0.000000000000000E+00
   0.000000000000000E+00
   0.000000000000000E+00
   0.000000000000000E+00
   0.000000000000000E+00
   0.000000000000000E+00
   0.000000000000000E+00
   0.000000000000000E+00
   0.000000000000000E+00
   0.000000000000000E+00
   0.000000000000000E+00
   0.000000000000000E+00
   0.000000000000000E+00
   0.000000000000000E+00
   0.000000000000000E+00
   0.000000000000000E+00
   0.000000000000000E+00
   0.000000000000000E+00
   0.000000000000000E+00
   0.000000000000000E+00
   0.000000000000000E+00
   0.000000000000000E+00
   0.000000000000000E+00
   0.000000000000000E+00
   0.000000000000000E+00
   0.000000000000000E+00
   0.000000000000000E+00
   0.000000000000000E+00
   0.000000000000000E+00
   0.000000000000000E+00
   0.000000000000000E+00
   0.000000000000000E+00
   0.000000000000000E+00
   0.000000000000000E+00
   0.000000000000000E+00
   0.000000000000000E+00
   0.000000000000000E+00
   0.000000000000000E+00
   0.000000000000000E+00
   0.000000000000000E+00
   0.000000000000000E+00
   0.000000000000000E+00
   0.000000000000000E+00
   0.000000000000000E+00
   0.000000000000000E+00
   0.000000000000000E+00
   0.000000000000000E+00
   0.000000000000000E+00
   0.000000000000000E+00
   0.000000000000000E+00
   0.000000000000000E+00
   0.000000000000000E+00
   0.000000000000000E+00
   0.000000000000000E+00
   0.000000000000000E+00
   0.000000000000000E+00
   0.000000000000000E+00
   0.000000000000000E+00
   0.000000000000000E+00
   0.000000000000000E+00
   0.000000000000000E+00
   0.000000000000000E+00
   0.000000000000000E+00
   0.000000000000000E+00
   0.000000000000000E+00
   0.000000000000000E+00
   0.000000000000000E+00
   0.000000000000000E+00
   0.000000000000000E+00
   0.000000000000000E+00
   0.000000000000000E+00
   0.000000000000000E+00
   0.000000000000000E+00
   0.000000000000000E+00
   0.000000000000000E+00
   0.000000000000000E+00
   0.000000000000000E+00
   0.000000000000000E+00
   0.000000000000000E+00
   0.000000000000000E+00
   0.000000000000000E+00
   0.000000000000000E+00
   0.000000000000000E+00
   0.000000000000000E+00
   0.000000000000000E+00
   0.000000000000000E+00
   0.000000000000000E+00
   0.000000000000000E+00
   0.000000000000000E+00
   0.000000000000000E+00
   0.000000000000000E+00
   0.000000000000000E+00
   0.000000000000000E+00
   0.000000000000000E+00
   0.000000000000000E+00
   0.000000000000000E+00
   0.000000000000000E+00
   0.000000000000000E+00
   0.000000000000000E+00
   0.000000000000000E+00
   0.000000000000000E+00
   0.000000000000000E+00
   0.000000000000000E+00
   0.000000000000000E+00
   0.000000000000000E+00
   0.000000000000000E+00
   0.000000000000000E+00
   0.000000000000000E+00
   0.000000000000000E+00
   0.000000000000000E+00
   0.000000000000000E+00
   0.000000000000000E+00
   0.000000000000000E+00
   0.000000000000000E+00
   0.000000000000000E+00
   0.000000000000000E+00
   0.000000000000000E+00
   0.000000000000000E+00
   0.000000000000000E+00
   0.000000000000000E+00
   0.000000000000000E+00
   0.000000000000000E+00
   0.000000000000000E+00
   0.000000000000000E+00
   0.000000000000000E+00
   0.000000000000000E+00
   0.000000000000000E+00
   0.000000000000000E+00
   0.000000000000000E+00
   0.000000000000000E+00
   0.000000000000000E+00
   0.000000000000000E+00
   0.000000000000000E+00
   0.000000000000000E+00
   0.000000000000000E+00
   0.000000000000000E+00
   0.000000000000000E+00
   0.000000000000000E+00
   0.000000000000000E+00
   0.000000000000000E+00
   0.000000000000000E+00
   0.000000000000000E+00
   0.000000000000000E+00
   0.000000000000000E+00
   0.000000000000000E+00
   0.000000000000000E+00
   0.000000000000000E+00
   0.000000000000000E+00
   0.000000000000000E+00
   0.000000000000000E+00
   0.000000000000000E+00
   0.000000000000000E+00
   0.000000000000000E+00
   0.000000000000000E+00
   0.000000000000000E+00
   0.000000000000000E+00
   0.000000000000000E+00
   0.000000000000000E+00
   0.000000000000000E+00
   0.000000000000000E+00
   0.000000000000000E+00
   0.000000000000000E+00
   0.000000000000000E+00
   0.000000000000000E+00
   0.000000000000000E+00
   0.000000000000000E+00
   0.000000000000000E+00
   0.000000000000000E+00
   0.000000000000000E+00
   0.000000000000000E+00
   0.000000000000000E+00
   0.000000000000000E+00
   0.000000000000000E+00
   0.000000000000000E+00
   0.000000000000000E+00
   0.000000000000000E+00
   0.000000000000000E+00
   0.000000000000000E+00
   0.000000000000000E+00
   0.000000000000000E+00
   0.000000000000000E+00
   0.000000000000000E+00
   0.000000000000000E+00
   0.000000000000000E+00
   0.000000000000000E+00
   0.000000000000000E+00
   0.000000000000000E+00
   0.000000000000000E+00
   0.000000000000000E+00
   0.000000000000000E+00
   0.000000000000000E+00
   0.000000000000000E+00
   0.000000000000000E+00
   0.000000000000000E+00
   0.000000000000000E+00
   0.000000000000000E+00
   0.000000000000000E+00
   0.000000000000000E+00
   0.000000000000000E+00
   0.000000000000000E+00
   0.000000000000000E+00
   0.000000000000000E+00
   0.000000000000000E+00
   0.000000000000000E+00
   0.000000000000000E+00
   0.000000000000000E+00
   0.000000000000000E+00
   0.000000000000000E+00
   0.000000000000000E+00
   0.000000000000000E+00
   0.000000000000000E+00
   0.000000000000000E+00
   0.000000000000000E+00
   0.000000000000000E+00
   0.000000000000000E+00
   0.000000000000000E+00
   0.000000000000000E+00
   0.000000000000000E+00
   0.000000000000000E+00
   0.000000000000000E+00
   0.000000000000000E+00
   0.000000000000000E+00
   0.000000000000000E+00
   0.000000000000000E+00
   0.000000000000000E+00
   0.000000000000000E+00
   0.000000000000000E+00
   0.000000000000000E+00
   0.000000000000000E+00
   0.000000000000000E+00
   0.000000000000000E+00
   0.000000000000000E+00
   0.000000000000000E+00
   0.000000000000000E+00
   0.000000000000000E+00
   0.000000000000000E+00
   0.000000000000000E+00
   0.000000000000000E+00
   0.000000000000000E+00
   0.000000000000000E+00
   0.000000000000000E+00
   0.000000000000000E+00
   0.000000000000000E+00
   0.000000000000000E+00
   0.000000000000000E+00
   0.000000000000000E+00
   0.000000000000000E+00
   0.000000000000000E+00
   0.000000000000000E+00
   0.000000000000000E+00
   0.000000000000000E+00
   0.000000000000000E+00
   0.000000000000000E+00
   0.000000000000000E+00
   0.000000000000000E+00
   0.000000000000000E+00
   0.000000000000000E+00
   0.000000000000000E+00
   0.000000000000000E+00
   0.000000000000000E+00
   0.000000000000000E+00
   0.000000000000000E+00
   0.000000000000000E+00
   0.000000000000000E+00
   0.000000000000000E+00
   0.000000000000000E+00
   0.000000000000000E+00
   0.000000000000000E+00
   0.000000000000000E+00
   0.000000000000000E+00
   0.000000000000000E+00
   0.000000000000000E+00
   0.000000000000000E+00
   0.000000000000000E+00
   0.000000000000000E+00
   0.000000000000000E+00
   0.000000000000000E+00
   0.000000000000000E+00
   0.000000000000000E+00
   0.000000000000000E+00
   0.000000000000000E+00
   0.000000000000000E+00
   0.000000000000000E+00
   0.000000000000000E+00
   0.000000000000000E+00
   0.000000000000000E+00
   0.000000000000000E+00
   0.000000000000000E+00
   0.000000000000000E+00
   0.000000000000000E+00
   0.000000000000000E+00
   0.000000000000000E+00
   0.000000000000000E+00
   0.000000000000000E+00
   0.000000000000000E+00
   0.000000000000000E+00
   0.000000000000000E+00
   0.000000000000000E+00
   0.000000000000000E+00
   0.000000000000000E+00
   0.000000000000000E+00
   0.000000000000000E+00
   0.000000000000000E+00
   0.000000000000000E+00
   0.000000000000000E+00
   0.000000000000000E+00
   0.000000000000000E+00
   0.000000000000000E+00
   0.000000000000000E+00
   0.000000000000000E+00
   0.000000000000000E+00
   0.000000000000000E+00
   0.000000000000000E+00
   0.000000000000000E+00
   0.000000000000000E+00
   0.000000000000000E+00
   0.000000000000000E+00
   0.000000000000000E+00
   0.000000000000000E+00
   0.000000000000000E+00
   0.000000000000000E+00
   0.000000000000000E+00
   0.000000000000000E+00
   0.000000000000000E+00
   0.000000000000000E+00
   0.000000000000000E+00
   0.000000000000000E+00
   0.000000000000000E+00
   0.000000000000000E+00
   0.000000000000000E+00
   0.000000000000000E+00
   0.000000000000000E+00
   0.000000000000000E+00
   0.000000000000000E+00
   0.000000000000000E+00
   0.000000000000000E+00
   0.000000000000000E+00
   0.000000000000000E+00
   0.000000000000000E+00
   0.000000000000000E+00
   0.000000000000000E+00
   0.000000000000000E+00
   0.000000000000000E+00
   0.000000000000000E+00
   0.000000000000000E+00
   0.000000000000000E+00
   0.000000000000000E+00
   0.000000000000000E+00
   0.000000000000000E+00
   0.000000000000000E+00
   0.000000000000000E+00
   0.000000000000000E+00
   0.000000000000000E+00
   0.000000000000000E+00
   0.000000000000000E+00
   0.000000000000000E+00
   0.000000000000000E+00
   0.000000000000000E+00
   0.000000000000000E+00
   0.000000000000000E+00
   0.000000000000000E+00
   0.000000000000000E+00
   0.000000000000000E+00
   0.000000000000000E+00
   0.000000000000000E+00
   0.000000000000000E+00
   0.000000000000000E+00
   0.000000000000000E+00
   0.000000000000000E+00
   0.000000000000000E+00
   0.000000000000000E+00
   0.000000000000000E+00
   0.000000000000000E+00
   0.000000000000000E+00
   0.000000000000000E+00
   0.000000000000000E+00
   0.000000000000000E+00
   0.000000000000000E+00
   0.000000000000000E+00
   0.000000000000000E+00
   0.000000000000000E+00
   0.000000000000000E+00
   0.000000000000000E+00
   0.000000000000000E+00
   0.000000000000000E+00
   0.000000000000000E+00
   0.000000000000000E+00
   0.000000000000000E+00
   0.000000000000000E+00
   0.000000000000000E+00
   0.000000000000000E+00
   0.000000000000000E+00
   0.000000000000000E+00
   0.000000000000000E+00
   0.000000000000000E+00
   0.000000000000000E+00
   0.000000000000000E+00
   0.000000000000000E+00
   0.000000000000000E+00
   0.000000000000000E+00
   0.000000000000000E+00
   0.000000000000000E+00
   0.000000000000000E+00
   0.000000000000000E+00
   0.000000000000000E+00
   0.000000000000000E+00
   0.000000000000000E+00
   0.000000000000000E+00
   0.000000000000000E+00
   0.000000000000000E+00
   0.000000000000000E+00
   0.000000000000000E+00
   0.000000000000000E+00
   0.000000000000000E+00
   0.000000000000000E+00
   0.000000000000000E+00
   0.000000000000000E+00
   0.000000000000000E+00
   0.000000000000000E+00
   0.000000000000000E+00
   0.000000000000000E+00
   0.000000000000000E+00
   0.000000000000000E+00
   0.000000000000000E+00
   0.000000000000000E+00
   0.000000000000000E+00
   0.000000000000000E+00
   0.000000000000000E+00
   0.000000000000000E+00
   0.000000000000000E+00
   0.000000000000000E+00
   0.000000000000000E+00
   0.000000000000000E+00
   0.000000000000000E+00
   0.000000000000000E+00
   0.000000000000000E+00
   0.000000000000000E+00
   0.000000000000000E+00
   0.000000000000000E+00
   0.000000000000000E+00
   0.000000000000000E+00
   0.000000000000000E+00
   0.000000000000000E+00
   0.000000000000000E+00
   0.000000000000000E+00
   0.000000000000000E+00
   0.000000000000000E+00
   0.000000000000000E+00
   0.000000000000000E+00
   0.000000000000000E+00
   0.000000000000000E+00
   0.000000000000000E+00
   0.000000000000000E+00
   0.000000000000000E+00
   0.000000000000000E+00
   0.000000000000000E+00
   0.000000000000000E+00
   0.000000000000000E+00
   0.000000000000000E+00
   0.000000000000000E+00
   0.000000000000000E+00
   0.000000000000000E+00
   0.000000000000000E+00
   0.000000000000000E+00
   0.000000000000000E+00
   0.000000000000000E+00
   0.000000000000000E+00
   0.000000000000000E+00
   0.000000000000000E+00
   0.000000000000000E+00
   0.000000000000000E+00
   0.000000000000000E+00
   0.000000000000000E+00
   0.000000000000000E+00
   0.000000000000000E+00
   0.000000000000000E+00
   0.000000000000000E+00
   0.000000000000000E+00
   0.000000000000000E+00
   0.000000000000000E+00
   0.000000000000000E+00
   0.000000000000000E+00
   0.000000000000000E+00
   0.000000000000000E+00
   0.000000000000000E+00
   0.000000000000000E+00
   0.000000000000000E+00
   0.000000000000000E+00
   0.000000000000000E+00
   0.000000000000000E+00
   0.000000000000000E+00
   0.000000000000000E+00
   0.000000000000000E+00
   0.000000000000000E+00
   0.000000000000000E+00
   0.000000000000000E+00
   0.000000000000000E+00
   0.000000000000000E+00
   0.000000000000000E+00
   0.000000000000000E+00
   0.000000000000000E+00
   0.000000000000000E+00
   0.000000000000000E+00
   0.000000000000000E+00
   0.000000000000000E+00
   0.000000000000000E+00
   0.000000000000000E+00
   0.000000000000000E+00
   0.000000000000000E+00
   0.000000000000000E+00
   0.000000000000000E+00
   0.000000000000000E+00
   0.000000000000000E+00
   0.000000000000000E+00
   0.000000000000000E+00
   0.000000000000000E+00
   0.000000000000000E+00
   0.000000000000000E+00
   0.000000000000000E+00
   0.000000000000000E+00
   0.000000000000000E+00
   0.000000000000000E+00
   0.000000000000000E+00
   0.000000000000000E+00
   0.000000000000000E+00
   0.000000000000000E+00
   0.000000000000000E+00
   0.000000000000000E+00
   0.000000000000000E+00
   0.000000000000000E+00
   0.000000000000000E+00
   0.000000000000000E+00
   0.000000000000000E+00
   0.000000000000000E+00
   0.000000000000000E+00
   0.000000000000000E+00
   0.000000000000000E+00
   0.000000000000000E+00
   0.000000000000000E+00
   0.000000000000000E+00
   0.000000000000000E+00
   0.000000000000000E+00
   0.000000000000000E+00
   0.000000000000000E+00
   0.000000000000000E+00
   0.000000000000000E+00
   0.000000000000000E+00
   0.000000000000000E+00
   0.000000000000000E+00
   0.000000000000000E+00
   0.000000000000000E+00
   0.000000000000000E+00
   0.000000000000000E+00
   0.000000000000000E+00
   0.000000000000000E+00
   0.000000000000000E+00
   0.000000000000000E+00
   0.000000000000000E+00
   0.000000000000000E+00
   0.000000000000000E+00
   0.000000000000000E+00
   0.000000000000000E+00
   0.000000000000000E+00
   0.000000000000000E+00
   0.000000000000000E+00
   0.000000000000000E+00
   0.000000000000000E+00
   0.000000000000000E+00
   0.000000000000000E+00
   0.000000000000000E+00
   0.000000000000000E+00
   0.000000000000000E+00
   0.000000000000000E+00
   0.000000000000000E+00
   0.000000000000000E+00
   0.000000000000000E+00
   0.000000000000000E+00
   0.000000000000000E+00
   0.000000000000000E+00
   0.000000000000000E+00
   0.000000000000000E+00
   0.000000000000000E+00
   0.000000000000000E+00
   0.000000000000000E+00
   0.000000000000000E+00
   0.000000000000000E+00
   0.000000000000000E+00
   0.000000000000000E+00
   0.000000000000000E+00
   0.000000000000000E+00
   0.000000000000000E+00
   0.000000000000000E+00
   0.000000000000000E+00
   0.000000000000000E+00
   0.000000000000000E+00
   0.000000000000000E+00
   0.000000000000000E+00
   0.000000000000000E+00
   0.000000000000000E+00
   0.000000000000000E+00
   0.000000000000000E+00
   0.000000000000000E+00
   0.000000000000000E+00
   0.000000000000000E+00
   0.000000000000000E+00
   0.000000000000000E+00
   0.000000000000000E+00
   0.000000000000000E+00
   0.000000000000000E+00
   0.000000000000000E+00
   0.000000000000000E+00
   0.000000000000000E+00
   0.000000000000000E+00
   0.000000000000000E+00
   0.000000000000000E+00
   0.000000000000000E+00
   0.000000000000000E+00
   0.000000000000000E+00
   0.000000000000000E+00
   0.000000000000000E+00
   0.000000000000000E+00
   0.000000000000000E+00
   0.000000000000000E+00
   0.000000000000000E+00
   0.000000000000000E+00
   0.000000000000000E+00
   0.000000000000000E+00
   0.000000000000000E+00
   0.000000000000000E+00
   0.000000000000000E+00
   0.000000000000000E+00
   0.000000000000000E+00
   0.000000000000000E+00
   0.000000000000000E+00
   0.000000000000000E+00
   0.000000000000000E+00
   0.000000000000000E+00
   0.000000000000000E+00
   0.000000000000000E+00
   0.000000000000000E+00
   0.000000000000000E+00
   0.000000000000000E+00
   0.000000000000000E+00
   0.000000000000000E+00
   0.000000000000000E+00
   0.000000000000000E+00
   0.000000000000000E+00
   0.000000000000000E+00
   0.000000000000000E+00
   0.000000000000000E+00
   0.000000000000000E+00
   0.000000000000000E+00
   0.000000000000000E+00
   0.000000000000000E+00
   0.000000000000000E+00
   0.000000000000000E+00
   0.000000000000000E+00
   0.000000000000000E+00
   0.000000000000000E+00
   0.000000000000000E+00
   0.000000000000000E+00
   0.000000000000000E+00
   0.000000000000000E+00
   0.000000000000000E+00
   0.000000000000000E+00
   0.000000000000000E+00
   0.000000000000000E+00
   0.000000000000000E+00
   0.000000000000000E+00
   0.000000000000000E+00
   0.000000000000000E+00
   0.000000000000000E+00
   0.000000000000000E+00
   0.000000000000000E+00
   0.000000000000000E+00
   0.000000000000000E+00
   0.000000000000000E+00
   0.000000000000000E+00
   0.000000000000000E+00
   0.000000000000000E+00
   0.000000000000000E+00
   0.000000000000000E+00
   0.000000000000000E+00
   0.000000000000000E+00
   0.000000000000000E+00
   0.000000000000000E+00
   0.000000000000000E+00
   0.000000000000000E+00
   0.000000000000000E+00
   0.000000000000000E+00
   0.000000000000000E+00
   0.000000000000000E+00
   0.000000000000000E+00
   0.000000000000000E+00
   0.000000000000000E+00
   0.000000000000000E+00
   0.000000000000000E+00
   0.000000000000000E+00
   0.000000000000000E+00
   0.000000000000000E+00
   0.000000000000000E+00
   0.000000000000000E+00
   0.000000000000000E+00
   0.000000000000000E+00
   0.000000000000000E+00
   0.000000000000000E+00
   0.000000000000000E+00
   0.000000000000000E+00
   0.000000000000000E+00
   0.000000000000000E+00
   0.000000000000000E+00
   0.000000000000000E+00
   0.000000000000000E+00
   0.000000000000000E+00
   0.000000000000000E+00
   0.000000000000000E+00
   0.000000000000000E+00
   0.000000000000000E+00
   0.000000000000000E+00
   0.000000000000000E+00
   0.000000000000000E+00
   0.000000000000000E+00
   0.000000000000000E+00
   0.000000000000000E+00
   0.000000000000000E+00
   0.000000000000000E+00
   0.000000000000000E+00
   0.000000000000000E+00
   0.000000000000000E+00
   0.000000000000000E+00
   0.000000000000000E+00
   0.000000000000000E+00
   0.000000000000000E+00
   0.000000000000000E+00
   0.000000000000000E+00
   0.000000000000000E+00
   0.000000000000000E+00
   0.000000000000000E+00
   0.000000000000000E+00
   0.000000000000000E+00
   0.000000000000000E+00
   0.000000000000000E+00
   0.000000000000000E+00
   0.000000000000000E+00
   0.000000000000000E+00
   0.000000000000000E+00
   0.000000000000000E+00
   0.000000000000000E+00
   0.000000000000000E+00
   0.000000000000000E+00
   0.000000000000000E+00
   0.000000000000000E+00
   0.000000000000000E+00
   0.000000000000000E+00
   0.000000000000000E+00
   0.000000000000000E+00
   0.000000000000000E+00
   0.000000000000000E+00
   0.000000000000000E+00
   0.000000000000000E+00
   0.000000000000000E+00
   0.000000000000000E+00
   0.000000000000000E+00
   0.000000000000000E+00
   0.000000000000000E+00
   0.000000000000000E+00
   0.000000000000000E+00
   0.000000000000000E+00
   0.000000000000000E+00
   0.000000000000000E+00
   0.000000000000000E+00
   0.000000000000000E+00
   0.000000000000000E+00
   0.000000000000000E+00
   0.000000000000000E+00
   0.000000000000000E+00
   0.000000000000000E+00
   0.000000000000000E+00
   0.000000000000000E+00
   0.000000000000000E+00
   0.000000000000000E+00
   0.000000000000000E+00
   0.000000000000000E+00
   0.000000000000000E+00
   0.000000000000000E+00
   0.000000000000000E+00
   0.000000000000000E+00
   0.000000000000000E+00
   0.000000000000000E+00
   0.000000000000000E+00
   0.000000000000000E+00
   0.000000000000000E+00
   0.000000000000000E+00
   0.000000000000000E+00
   0.000000000000000E+00
   0.000000000000000E+00
   0.000000000000000E+00
   0.000000000000000E+00
   0.000000000000000E+00
   0.000000000000000E+00
   0.000000000000000E+00
   0.000000000000000E+00
   0.000000000000000E+00
   0.000000000000000E+00
   0.000000000000000E+00
   0.000000000000000E+00
   0.000000000000000E+00
   0.000000000000000E+00
   0.000000000000000E+00
   0.000000000000000E+00
   0.000000000000000E+00
   0.000000000000000E+00
   0.000000000000000E+00
   0.000000000000000E+00
   0.000000000000000E+00
   0.000000000000000E+00
   0.000000000000000E+00
   0.000000000000000E+00
   0.000000000000000E+00
   0.000000000000000E+00
   0.000000000000000E+00
   0.000000000000000E+00
   0.000000000000000E+00
   0.000000000000000E+00
   0.000000000000000E+00
   0.000000000000000E+00
   0.000000000000000E+00
   0.000000000000000E+00
   0.000000000000000E+00
   0.000000000000000E+00
   0.000000000000000E+00
   0.000000000000000E+00
   0.000000000000000E+00
   0.000000000000000E+00
   0.000000000000000E+00
   0.000000000000000E+00
   0.000000000000000E+00
   0.000000000000000E+00
   0.000000000000000E+00
   0.000000000000000E+00
   0.000000000000000E+00
   0.000000000000000E+00
   0.000000000000000E+00
   0.000000000000000E+00
   0.000000000000000E+00
   0.000000000000000E+00
   0.000000000000000E+00
   0.000000000000000E+00
   0.000000000000000E+00
   0.000000000000000E+00
   0.000000000000000E+00
   0.000000000000000E+00
   0.000000000000000E+00
   0.000000000000000E+00
   0.000000000000000E+00
   0.000000000000000E+00
   0.000000000000000E+00
   0.000000000000000E+00
   0.000000000000000E+00
   0.000000000000000E+00
   0.000000000000000E+00
   0.000000000000000E+00
   0.000000000000000E+00
   0.000000000000000E+00
   0.000000000000000E+00
   0.000000000000000E+00
   0.000000000000000E+00
   0.000000000000000E+00
   0.000000000000000E+00
   0.000000000000000E+00
   0.000000000000000E+00
   0.000000000000000E+00
   0.000000000000000E+00
   0.000000000000000E+00
   0.000000000000000E+00
   0.000000000000000E+00
   0.000000000000000E+00
   0.000000000000000E+00
   0.000000000000000E+00
   0.000000000000000E+00
   0.700000000000000E+00
   0.700000000000000E+00
   0.700000000000000E+00
   0.700000000000000E+00
   0.700000000000000E+00
   0.700000000000000E+00
   0.700000000000000E+00
   0.700000000000000E+00
   0.700000000000000E+00
   0.700000000000000E+00
   0.700000000000000E+00
   0.000000000000000E+00
   0.000000000000000E+00
   0.000000000000000E+00
   0.000000000000000E+00
   0.000000000000000E+00
   0.000000000000000E+00
   0.000000000000000E+00
   0.700000000000000E+00
   0.700000000000000E+00
   0.700000000000000E+00
   0.700000000000000E+00
   0.700000000000000E+00
   0.700000000000000E+00
   0.700000000000000E+00
   0.700000000000000E+00
   0.700000000000000E+00
   0.700000000000000E+00
   0.700000000000000E+00
   0.700000000000000E+00
   0.700000000000000E+00
   0.700000000000000E+00
   0.700000000000000E+00
   0.700000000000000E+00
   0.700000000000000E+00
   0.700000000000000E+00
