  0.0000000000000E+00
 -0.2572805270295E+02
 -0.2740788616540E+02
 -0.2707029183511E+02
 -0.2799136022377E+02
  0.0000000000000E+00
 -0.2452856707976E+02
 -0.2678733636005E+02
 -0.2789958055477E+02
 -0.2640103862888E+02
  0.0000000000000E+00
  0.0000000000000E+00
  0.0000000000000E+00
  0.0000000000000E+00
  0.0000000000000E+00
  0.0000000000000E+00
  0.0000000000000E+00
  0.0000000000000E+00
  0.0000000000000E+00
  0.0000000000000E+00
  0.0000000000000E+00
  0.0000000000000E+00
  0.0000000000000E+00
  0.0000000000000E+00
  0.0000000000000E+00
  0.0000000000000E+00
  0.0000000000000E+00
  0.0000000000000E+00
  0.0000000000000E+00
  0.0000000000000E+00
  0.0000000000000E+00
  0.0000000000000E+00
  0.0000000000000E+00
  0.0000000000000E+00
  0.0000000000000E+00
  0.0000000000000E+00
 -0.9414935876632E+00
  0.0000000000000E+00
  0.0000000000000E+00
  0.0000000000000E+00
 -0.1794130295000E+01
 -0.3275754363102E+01
 -0.3380901610556E+01
 -0.3255050987677E+01
 -0.2709458304812E+01
  0.0000000000000E+00
  0.0000000000000E+00
  0.0000000000000E+00
  0.0000000000000E+00
  0.0000000000000E+00
  0.0000000000000E+00
  0.0000000000000E+00
  0.0000000000000E+00
  0.0000000000000E+00
  0.0000000000000E+00
  0.0000000000000E+00
  0.0000000000000E+00
  0.0000000000000E+00
  0.0000000000000E+00
  0.0000000000000E+00
  0.0000000000000E+00
  0.0000000000000E+00
  0.0000000000000E+00
  0.0000000000000E+00
  0.0000000000000E+00
  0.0000000000000E+00
  0.0000000000000E+00
  0.0000000000000E+00
  0.0000000000000E+00
  0.0000000000000E+00
  0.0000000000000E+00
 -0.7290064191886E+00
 -0.1209585547505E+02
 -0.1415660140882E+02
 -0.1406567541901E+02
 -0.9739563229175E+01
 -0.6510232524637E+01
 -0.1016546329994E+02
 -0.1174892581732E+02
 -0.1493175303483E+02
 -0.1640588535611E+02
 -0.1524544117741E+02
  0.0000000000000E+00
  0.0000000000000E+00
  0.0000000000000E+00
  0.0000000000000E+00
  0.0000000000000E+00
  0.0000000000000E+00
  0.0000000000000E+00
  0.0000000000000E+00
  0.0000000000000E+00
  0.0000000000000E+00
  0.0000000000000E+00
  0.0000000000000E+00
  0.0000000000000E+00
  0.0000000000000E+00
  0.0000000000000E+00
  0.0000000000000E+00
  0.0000000000000E+00
  0.0000000000000E+00
  0.0000000000000E+00
  0.0000000000000E+00
  0.0000000000000E+00
  0.0000000000000E+00
  0.0000000000000E+00
  0.0000000000000E+00
 -0.6368631927313E+01
 -0.1196353215144E+02
 -0.3084661095467E+02
 -0.3095467686949E+02
 -0.3001540332580E+02
 -0.2800425604883E+02
 -0.2109842592794E+02
 -0.2086771991839E+02
 -0.2412669751253E+02
 -0.2716716135662E+02
 -0.2864010299378E+02
 -0.2657099975480E+02
 -0.9527000485314E+01
  0.0000000000000E+00
  0.0000000000000E+00
  0.0000000000000E+00
  0.0000000000000E+00
  0.0000000000000E+00
  0.0000000000000E+00
  0.0000000000000E+00
  0.0000000000000E+00
  0.0000000000000E+00
  0.0000000000000E+00
  0.0000000000000E+00
  0.0000000000000E+00
  0.0000000000000E+00
  0.0000000000000E+00
  0.0000000000000E+00
  0.0000000000000E+00
  0.0000000000000E+00
  0.0000000000000E+00
  0.0000000000000E+00
  0.0000000000000E+00
  0.0000000000000E+00
 -0.4899081029103E+01
 -0.1592432200269E+02
 -0.2636455255305E+02
 -0.2950322616837E+02
 -0.4831257347812E+02
 -0.4696652710387E+02
 -0.4416591345857E+02
 -0.4254098631227E+02
 -0.3972809006494E+02
 -0.3811421987129E+02
 -0.3792759130146E+02
 -0.3821054741651E+02
 -0.3732154775951E+02
 -0.3539567556903E+02
 -0.2648060171905E+02
 -0.7118007986503E+01
  0.0000000000000E+00
  0.0000000000000E+00
  0.0000000000000E+00
  0.0000000000000E+00
  0.0000000000000E+00
  0.0000000000000E+00
  0.0000000000000E+00
  0.0000000000000E+00
  0.0000000000000E+00
  0.0000000000000E+00
  0.0000000000000E+00
  0.0000000000000E+00
  0.0000000000000E+00
  0.0000000000000E+00
  0.0000000000000E+00
  0.0000000000000E+00
  0.0000000000000E+00
  0.0000000000000E+00
  0.0000000000000E+00
  0.0000000000000E+00
 -0.2119453349473E+02
 -0.3733768947463E+02
 -0.4366982161096E+02
 -0.4616300212784E+02
 -0.6411020824709E+02
 -0.5977552364102E+02
 -0.5507756784753E+02
 -0.5341255943474E+02
 -0.5269080488338E+02
 -0.5189160805469E+02
 -0.5094289284294E+02
 -0.4953706687923E+02
 -0.4717175387290E+02
 -0.4510414993792E+02
 -0.4063845325498E+02
 -0.2555454527348E+02
 -0.1095593550935E+02
  0.0000000000000E+00
  0.0000000000000E+00
  0.0000000000000E+00
  0.0000000000000E+00
  0.0000000000000E+00
  0.0000000000000E+00
  0.0000000000000E+00
  0.0000000000000E+00
  0.0000000000000E+00
  0.0000000000000E+00
  0.0000000000000E+00
  0.0000000000000E+00
  0.0000000000000E+00
  0.0000000000000E+00
  0.0000000000000E+00
  0.0000000000000E+00
  0.0000000000000E+00
  0.0000000000000E+00
  0.0000000000000E+00
 -0.3308096280875E+02
 -0.5151744626274E+02
 -0.5960931874277E+02
 -0.6332579815348E+02
 -0.7452762623908E+02
 -0.6470542401273E+02
 -0.5749895924576E+02
 -0.5555979430321E+02
 -0.5653488352162E+02
 -0.5722479706857E+02
 -0.5742150607048E+02
 -0.5660732631146E+02
 -0.5496807385013E+02
 -0.5442863723888E+02
 -0.5301931232001E+02
 -0.4486019021292E+02
 -0.2698765503967E+02
  0.0000000000000E+00
  0.0000000000000E+00
  0.0000000000000E+00
  0.0000000000000E+00
  0.0000000000000E+00
  0.0000000000000E+00
 -0.1861240796498E+01
 -0.9069649452852E+01
 -0.9476267803798E+01
  0.0000000000000E+00
  0.0000000000000E+00
  0.0000000000000E+00
  0.0000000000000E+00
  0.0000000000000E+00
  0.0000000000000E+00
  0.0000000000000E+00
  0.0000000000000E+00
  0.0000000000000E+00
  0.0000000000000E+00
 -0.3748958056155E+02
 -0.6766319450770E+02
 -0.7703820199750E+02
 -0.8016757484560E+02
 -0.7253393253526E+02
 -0.6254747121151E+02
 -0.6125653034515E+02
 -0.6269440959796E+02
 -0.6216830540395E+02
 -0.5972527068558E+02
 -0.5554934677576E+02
 -0.4949140914231E+02
 -0.4285146491099E+02
 -0.4499359684352E+02
 -0.5503336407719E+02
 -0.5384310668639E+02
 -0.4076348156422E+02
 -0.3570254411608E+02
 -0.2781712676975E+02
  0.0000000000000E+00
  0.0000000000000E+00
 -0.1495200563532E+02
 -0.1968997729095E+02
 -0.2322468624469E+02
 -0.4118076143384E+02
 -0.4205214690265E+02
 -0.2986621383942E+02
 -0.2279412522270E+02
 -0.2003987868210E+02
 -0.2060381121058E+02
 -0.2877815537326E+02
 -0.2791417915429E+02
 -0.2517272982756E+02
  0.0000000000000E+00
  0.0000000000000E+00
  0.0000000000000E+00
 -0.5483489998262E+02
 -0.8319505104162E+02
 -0.8314446255240E+02
 -0.8404300785677E+02
 -0.8282841812730E+02
 -0.8477581581198E+02
 -0.8730298626203E+02
 -0.8853546689023E+02
 -0.8905069813560E+02
 -0.8876538625508E+02
 -0.8721515993813E+02
 -0.8492315469269E+02
 -0.8148239649003E+02
 -0.7565156906346E+02
 -0.6683762804992E+02
 -0.4900774315032E+02
 -0.5105265935639E+02
 -0.4928538347755E+02
 -0.4158327142147E+02
  0.0000000000000E+00
  0.0000000000000E+00
 -0.2207753332323E+02
 -0.3591837734483E+02
 -0.4067020625965E+02
 -0.5670033761522E+02
 -0.5463111110054E+02
 -0.3396111684394E+02
 -0.3719396240816E+02
 -0.3165217089606E+02
 -0.3893393912269E+02
 -0.4580781591140E+02
 -0.4390667965604E+02
 -0.2880112464977E+02
  0.0000000000000E+00
  0.0000000000000E+00
  0.0000000000000E+00
 -0.6341435031849E+02
 -0.6208382265627E+02
 -0.7069846164135E+02
 -0.8229130305732E+02
 -0.9771712405546E+02
 -0.9992877052861E+02
 -0.1017813452829E+03
 -0.1031883510374E+03
 -0.1042713809799E+03
 -0.1046774245064E+03
 -0.1038109905033E+03
 -0.1014774441916E+03
 -0.9788399703064E+02
 -0.9374990935526E+02
 -0.8955989160221E+02
 -0.8644031411702E+02
 -0.7298856372177E+02
 -0.6198724219650E+02
 -0.5173027504428E+02
 -0.5376361305929E+02
  0.0000000000000E+00
 -0.3267857147367E+02
 -0.4912009984941E+02
  0.0000000000000E+00
 -0.5972111448078E+02
 -0.7024645722796E+02
 -0.7587009414127E+02
 -0.6907810785680E+02
 -0.6519505103364E+02
 -0.6159734865647E+02
 -0.5979801198272E+02
 -0.6059759019754E+02
 -0.5952741671274E+02
  0.0000000000000E+00
  0.0000000000000E+00
  0.0000000000000E+00
 -0.7159522161383E+02
 -0.8349680109368E+02
 -0.9176239546655E+02
 -0.9570536526253E+02
 -0.1084602925122E+03
 -0.1106904750535E+03
 -0.1124087466685E+03
 -0.1142742619615E+03
 -0.1162886056934E+03
 -0.1174065041697E+03
 -0.1170928853813E+03
 -0.1146868428886E+03
 -0.1103821311298E+03
 -0.1052719239266E+03
 -0.1005541058215E+03
 -0.9562421533489E+02
 -0.8614499947104E+02
  0.0000000000000E+00
 -0.7112472707812E+02
 -0.6802629275388E+02
  0.0000000000000E+00
  0.0000000000000E+00
 -0.6132132264403E+02
 -0.7333930488614E+02
 -0.8266853877677E+02
 -0.8719439841940E+02
 -0.8811557799858E+02
 -0.8360302980788E+02
 -0.7280169393637E+02
 -0.8076372034891E+02
 -0.7528945348848E+02
 -0.7707361170456E+02
 -0.6908624206868E+02
 -0.6304086565988E+02
  0.0000000000000E+00
  0.0000000000000E+00
 -0.8259820392829E+02
 -0.9816087148364E+02
 -0.1033963801472E+03
 -0.1064533793153E+03
 -0.1166055976321E+03
 -0.1181166942353E+03
 -0.1197458789989E+03
 -0.1218868187686E+03
 -0.1240014116464E+03
 -0.1250434686010E+03
 -0.1242598082751E+03
 -0.1213692289780E+03
 -0.1176012445263E+03
 -0.1140352558266E+03
 -0.1105626671351E+03
 -0.1058815272190E+03
 -0.9718585712022E+02
 -0.8766255673735E+02
 -0.8853065761108E+02
 -0.7448189822048E+02
  0.0000000000000E+00
  0.0000000000000E+00
 -0.7352805007706E+02
 -0.8885937379478E+02
 -0.9581724952135E+02
 -0.1012614835688E+03
 -0.1019237560036E+03
 -0.9440616433659E+02
  0.0000000000000E+00
 -0.6961674439388E+02
 -0.7856776577052E+02
 -0.9167215764159E+02
 -0.8412518066991E+02
 -0.7604662743638E+02
  0.0000000000000E+00
  0.0000000000000E+00
 -0.8935433670718E+02
 -0.1062405871988E+03
 -0.1117752395067E+03
 -0.1148827044356E+03
 -0.1201348141079E+03
 -0.1209392223293E+03
 -0.1216483664501E+03
 -0.1219318526820E+03
 -0.1214284870765E+03
 -0.1203256788546E+03
 -0.1187184622480E+03
 -0.1184228354749E+03
 -0.1192800305301E+03
 -0.1196512188820E+03
 -0.1182992865654E+03
 -0.1139470416231E+03
 -0.1070766755892E+03
 -0.9976646250965E+02
 -0.9705947461793E+02
 -0.8653958463736E+02
  0.0000000000000E+00
  0.0000000000000E+00
 -0.7033663503626E+02
 -0.1030449403607E+03
 -0.1049095389140E+03
 -0.1091549418627E+03
 -0.1095521992450E+03
 -0.1030308547981E+03
  0.0000000000000E+00
  0.0000000000000E+00
  0.0000000000000E+00
 -0.7610304822878E+02
 -0.9422141998213E+02
 -0.8614133619818E+02
  0.0000000000000E+00
  0.0000000000000E+00
 -0.9224254458253E+02
 -0.1123951863847E+03
 -0.1167161151144E+03
 -0.1187835246483E+03
 -0.1161496310847E+03
 -0.1156316802027E+03
 -0.1136273933209E+03
 -0.1089966958143E+03
 -0.1034762003267E+03
 -0.9924144440809E+02
 -0.1014866490451E+03
 -0.1099209470789E+03
 -0.1166073689546E+03
 -0.1205978284006E+03
 -0.1215298212278E+03
 -0.1186411807140E+03
 -0.1113426676811E+03
 -0.1049042157042E+03
 -0.1002051124653E+03
 -0.9498545207323E+02
  0.0000000000000E+00
  0.0000000000000E+00
  0.0000000000000E+00
 -0.8266329466046E+02
 -0.1074136121046E+03
 -0.1116737757694E+03
 -0.1112594158334E+03
 -0.1142954159888E+03
 -0.8430904999673E+02
  0.0000000000000E+00
  0.0000000000000E+00
  0.0000000000000E+00
 -0.9059315848815E+02
 -0.9322481416863E+02
  0.0000000000000E+00
  0.0000000000000E+00
 -0.8982083911709E+02
 -0.1136293153389E+03
 -0.1164252792952E+03
 -0.1156182711883E+03
 -0.9684555713801E+02
 -0.9392020213231E+02
 -0.8854208726301E+02
 -0.8032599711885E+02
 -0.7413195065035E+02
 -0.7923074522716E+02
 -0.9180742994716E+02
 -0.1029963746146E+03
 -0.1097842301713E+03
 -0.1136000230393E+03
 -0.1157280709996E+03
 -0.1141900742916E+03
 -0.1060798344098E+03
 -0.1030379903018E+03
 -0.1016723859812E+03
 -0.1006515043357E+03
  0.0000000000000E+00
  0.0000000000000E+00
  0.0000000000000E+00
 -0.8835432248540E+02
 -0.1069623006454E+03
 -0.1091517198583E+03
 -0.1135122629596E+03
 -0.1121776636982E+03
 -0.9080372632130E+02
 -0.7877203427088E+02
  0.0000000000000E+00
  0.0000000000000E+00
 -0.9647800343359E+02
 -0.9985352365255E+02
  0.0000000000000E+00
 -0.8238515333494E+02
 -0.1027212146909E+03
 -0.1043339190403E+03
 -0.1011167928808E+03
 -0.9815317382137E+02
 -0.8438556328774E+02
 -0.8431702247461E+02
 -0.8714218416736E+02
 -0.9509845252625E+02
 -0.1037049131194E+03
 -0.1087626948092E+03
 -0.1104890315332E+03
 -0.1095596594833E+03
 -0.1065523079997E+03
 -0.1024332573728E+03
 -0.9855446052454E+02
 -0.9887907129086E+02
 -0.9671368189392E+02
 -0.9657776670952E+02
 -0.1017324944916E+03
 -0.9947544855387E+02
  0.0000000000000E+00
  0.0000000000000E+00
  0.0000000000000E+00
 -0.9000211789470E+02
 -0.1095530717481E+03
 -0.1153805057069E+03
 -0.1142529655366E+03
 -0.1119257185883E+03
 -0.8757742004766E+02
 -0.6866885547524E+02
 -0.8003562787224E+02
  0.0000000000000E+00
 -0.9869929718646E+02
 -0.1040339620166E+03
 -0.8908342046828E+02
 -0.9907317409077E+02
 -0.9577604371728E+02
 -0.8945291516552E+02
 -0.8422377030039E+02
 -0.8451007416417E+02
 -0.1203594040288E+03
 -0.1242210995111E+03
 -0.1269796433771E+03
 -0.1288222383885E+03
 -0.1299404425994E+03
 -0.1305463626866E+03
 -0.1301154473374E+03
 -0.1261292592957E+03
 -0.1168293989509E+03
 -0.1074750219817E+03
 -0.9982246228166E+02
 -0.9365534432424E+02
 -0.9050165279691E+02
 -0.8177713472103E+02
 -0.1068696815952E+03
 -0.9333683187025E+02
  0.0000000000000E+00
  0.0000000000000E+00
  0.0000000000000E+00
 -0.9550917630704E+02
 -0.1099775472400E+03
 -0.1165227219670E+03
 -0.1114972266234E+03
 -0.1108816425322E+03
 -0.9606642138155E+02
 -0.9664194281463E+02
 -0.9996463082427E+02
  0.0000000000000E+00
  0.0000000000000E+00
 -0.9025784814343E+02
 -0.1047443731067E+03
 -0.1027503228241E+03
 -0.1034942056573E+03
 -0.1041776913399E+03
 -0.1108244301240E+03
 -0.1164436788944E+03
 -0.1333646450251E+03
 -0.1342665620937E+03
 -0.1344239493791E+03
 -0.1342526598599E+03
 -0.1343933508243E+03
 -0.1348387693224E+03
 -0.1350257973623E+03
 -0.1342730608541E+03
 -0.1320239609790E+03
 -0.1280704831778E+03
 -0.1217916636598E+03
 -0.1135869858939E+03
 -0.1023592018716E+03
 -0.4165971324392E+02
 -0.1168772335886E+03
 -0.1182427419415E+03
  0.0000000000000E+00
  0.0000000000000E+00
  0.0000000000000E+00
 -0.8140222397365E+02
 -0.1041115290006E+03
 -0.9777949664752E+02
 -0.8969884780450E+02
 -0.9696637376258E+02
 -0.9843235545088E+02
 -0.9918023400566E+02
 -0.8892329923186E+02
 -0.6879024605480E+02
  0.0000000000000E+00
 -0.9023604564560E+02
 -0.1120670146177E+03
 -0.1114264666127E+03
 -0.1173656293948E+03
 -0.1233041651688E+03
 -0.1285897814777E+03
 -0.1316583261494E+03
 -0.1302453740881E+03
 -0.1285878282444E+03
 -0.1267374630929E+03
 -0.1256836233264E+03
 -0.1252935594825E+03
 -0.1247876961377E+03
 -0.1238349666091E+03
 -0.1228982656609E+03
 -0.1221969757359E+03
 -0.1210565966972E+03
 -0.1184322420956E+03
 -0.1148022577770E+03
 -0.1113075351777E+03
 -0.9270281815240E+02
 -0.1012530384987E+03
 -0.1179657360255E+03
  0.0000000000000E+00
  0.0000000000000E+00
  0.0000000000000E+00
 -0.1097357198585E+03
 -0.1158622093569E+03
 -0.8032956080315E+02
 -0.1054375771950E+03
 -0.6679723617185E+02
 -0.5006329176426E+02
 -0.6629529254437E+02
 -0.8058971945466E+02
 -0.1114401215264E+03
  0.0000000000000E+00
 -0.7849732311403E+02
 -0.1055180576616E+03
 -0.1072354956489E+03
 -0.1142298257666E+03
 -0.1229784537143E+03
 -0.1286995536004E+03
 -0.1305966835038E+03
 -0.1044225786154E+03
 -0.1035142378950E+03
 -0.1029812492504E+03
 -0.1025637262843E+03
 -0.1023457299299E+03
 -0.1017940855699E+03
 -0.1007751581455E+03
 -0.1000941321833E+03
 -0.9970800309841E+02
 -0.9975426620393E+02
 -0.1000640375589E+03
 -0.1012647877445E+03
 -0.1074903698954E+03
 -0.1192970195542E+03
 -0.8199259984059E+02
 -0.8786704291651E+02
  0.0000000000000E+00
  0.0000000000000E+00
  0.0000000000000E+00
 -0.1213134185665E+03
 -0.1227108624968E+03
 -0.1193986142223E+03
 -0.1199234949981E+03
 -0.1182661388800E+03
 -0.1060130783951E+03
 -0.1134456131585E+03
 -0.1224465148940E+03
 -0.1267740474238E+03
 -0.1061175645761E+03
 -0.1090894529373E+03
 -0.9918499978725E+02
 -0.9292250976271E+02
 -0.9471833106326E+02
 -0.1032827259205E+03
 -0.1069486812843E+03
 -0.1058776787795E+03
 -0.1129408207142E+03
 -0.1114509055324E+03
 -0.1106765686240E+03
 -0.1104508093274E+03
 -0.1112428073673E+03
 -0.1126136032752E+03
 -0.1138707102429E+03
 -0.1149916272011E+03
 -0.1152455723222E+03
 -0.1145488078205E+03
 -0.1130561408050E+03
 -0.1116671343363E+03
 -0.1184983087611E+03
 -0.1292343844192E+03
 -0.1340478245598E+03
 -0.9015151597383E+02
  0.0000000000000E+00
  0.0000000000000E+00
  0.0000000000000E+00
 -0.1262936329306E+03
 -0.1118500019745E+03
 -0.1238438580813E+03
  0.0000000000000E+00
 -0.1225962103133E+03
 -0.1296511325093E+03
 -0.1343533686521E+03
 -0.1335827992226E+03
 -0.1306458032878E+03
 -0.1247554970639E+03
 -0.1300278792478E+03
 -0.1232649408166E+03
 -0.1127632364268E+03
 -0.1106838583904E+03
 -0.1142492824120E+03
 -0.1153854356496E+03
 -0.1146666213748E+03
 -0.1307894956429E+03
 -0.1280229037586E+03
 -0.1248041825040E+03
 -0.1219167445387E+03
 -0.1197225620893E+03
 -0.1190341125706E+03
 -0.1201215670434E+03
 -0.1226842544493E+03
 -0.1254424367931E+03
 -0.1280082906956E+03
 -0.1305509139771E+03
 -0.1322120980389E+03
 -0.1312123270143E+03
 -0.1202818357889E+03
 -0.1374890228695E+03
 -0.1505925461217E+03
 -0.1000057868375E+03
 -0.9399454396516E+02
 -0.1152736224335E+03
 -0.1411594204584E+03
 -0.1131185183105E+03
 -0.1137566841642E+03
  0.0000000000000E+00
 -0.1267735287904E+03
 -0.1310652280257E+03
 -0.1357802741128E+03
 -0.1395939389543E+03
 -0.1330195476588E+03
 -0.1320798404578E+03
 -0.1412480046629E+03
 -0.1412616868071E+03
 -0.1381364052530E+03
 -0.1336894748215E+03
 -0.1344722935474E+03
 -0.1339588036495E+03
 -0.1328152061882E+03
 -0.1399582129286E+03
 -0.1409219059552E+03
 -0.1413180949300E+03
 -0.1400050607928E+03
 -0.1367900222008E+03
 -0.1333039766721E+03
 -0.1304078477998E+03
 -0.1297200934729E+03
 -0.1311545979545E+03
 -0.1334975386466E+03
 -0.1360091670523E+03
 -0.1378138872887E+03
 -0.1370263396747E+03
 -0.1318288337800E+03
 -0.1234211092018E+03
 -0.1050913648654E+03
 -0.1221399298152E+03
 -0.1278273962702E+03
 -0.1380533918598E+03
 -0.1456850818325E+03
 -0.1321075515068E+03
  0.0000000000000E+00
 -0.1246234516589E+03
 -0.1417252627002E+03
 -0.1372161297528E+03
 -0.1409452117738E+03
 -0.1416460914707E+03
 -0.1391161952257E+03
 -0.1329672774039E+03
 -0.1309920526256E+03
 -0.1323252571998E+03
 -0.1363990188871E+03
 -0.1375140335159E+03
 -0.1375658896371E+03
 -0.1380968384061E+03
 -0.1391562655489E+03
 -0.1400923036997E+03
 -0.1405582520668E+03
 -0.1416392730936E+03
 -0.1431009596969E+03
 -0.1442969818364E+03
 -0.1439411114281E+03
 -0.1415371434636E+03
 -0.1377695836223E+03
 -0.1353080427557E+03
 -0.1353006449913E+03
 -0.1367315124177E+03
 -0.1383072634581E+03
 -0.1395434295731E+03
 -0.1403888883538E+03
 -0.1419614036802E+03
 -0.1427809097442E+03
 -0.1461098435782E+03
 -0.1414157353268E+03
 -0.1421552765149E+03
 -0.1446977214665E+03
 -0.1373885850508E+03
  0.0000000000000E+00
 -0.1141096120098E+03
 -0.1429729364665E+03
 -0.1437282055602E+03
 -0.1467614792772E+03
 -0.1454477217075E+03
 -0.1425857310009E+03
 -0.1384488483329E+03
 -0.1392574810480E+03
 -0.1400323590308E+03
 -0.1409056171608E+03
 -0.1421402175217E+03
 -0.1432507644953E+03
 -0.1410164417499E+03
 -0.1403757787455E+03
 -0.1462135464305E+03
 -0.1462895881362E+03
 -0.1464263476401E+03
 -0.1462456700081E+03
 -0.1465006520876E+03
 -0.1466928507292E+03
 -0.1457302939119E+03
 -0.1429436875958E+03
 -0.1392284140498E+03
 -0.1360328700648E+03
 -0.1348265769333E+03
 -0.1352613619781E+03
 -0.1366709589394E+03
 -0.1397331606288E+03
 -0.1443273350784E+03
 -0.1455429439659E+03
 -0.1432451143251E+03
 -0.1395713110848E+03
 -0.1417972280476E+03
 -0.1472818887717E+03
 -0.1458465714219E+03
 -0.1098394093396E+03
 -0.1442019607981E+03
 -0.1441279865656E+03
 -0.1475219878288E+03
 -0.1477690748412E+03
 -0.1460879569974E+03
 -0.1439145198282E+03
 -0.1435496051617E+03
 -0.1454435817265E+03
 -0.1477592615327E+03
 -0.1498009143286E+03
 -0.1509288816368E+03
 -0.1502858645390E+03
 -0.1482511213407E+03
 -0.1469056172290E+03
 -0.1426504917973E+03
 -0.1425279031351E+03
 -0.1433274202320E+03
 -0.1445245484984E+03
 -0.1452880716357E+03
 -0.1451491730285E+03
 -0.1436981178817E+03
 -0.1413588352488E+03
 -0.1383443208327E+03
 -0.1345453932456E+03
 -0.1312113457324E+03
 -0.1295970693101E+03
 -0.1296279273830E+03
 -0.1305972881587E+03
 -0.1318041185654E+03
 -0.1326005253340E+03
 -0.1321663288447E+03
 -0.1319923706665E+03
 -0.1335153004887E+03
 -0.1380294759595E+03
 -0.1435401931858E+03
 -0.1237910592381E+03
 -0.1302607638857E+03
 -0.1335256485592E+03
 -0.1372043265979E+03
 -0.1387533955157E+03
 -0.1390526408786E+03
 -0.1381188395285E+03
 -0.1380950773369E+03
 -0.1394722044501E+03
 -0.1417697474934E+03
 -0.1440953413755E+03
 -0.1456187152711E+03
 -0.1456359556971E+03
 -0.1447416038495E+03
 -0.1435565760750E+03
 -0.1317390244672E+03
 -0.1314123646795E+03
 -0.1319594185757E+03
 -0.1333122971609E+03
 -0.1342736985648E+03
 -0.1345726135459E+03
 -0.1340426372484E+03
 -0.1325944450470E+03
 -0.1301902936274E+03
 -0.1268329075001E+03
 -0.1231181089465E+03
 -0.1200767104998E+03
 -0.1184970289399E+03
 -0.1174686696679E+03
 -0.1161330060566E+03
 -0.1152645317334E+03
 -0.1164724814736E+03
 -0.1209590154823E+03
 -0.1222478427316E+03
 -0.1272947240392E+03
 -0.1308984056302E+03
 -0.6590953602005E+02
 -0.9275389287652E+02
 -0.1084551997270E+03
 -0.1170226155103E+03
 -0.1211585498840E+03
 -0.1234366537841E+03
 -0.1242394963929E+03
 -0.1254667253384E+03
 -0.1270535135073E+03
 -0.1289358580528E+03
 -0.1310005675379E+03
 -0.1325972195538E+03
 -0.1332233412379E+03
 -0.1331415574821E+03
 -0.1324563428125E+03
 -0.1091350781114E+03
 -0.1091619096960E+03
 -0.1097996582218E+03
 -0.1114309347829E+03
 -0.1127390656117E+03
 -0.1134085337164E+03
 -0.1132754393939E+03
 -0.1120882314940E+03
 -0.1097252734038E+03
 -0.1059630635080E+03
 -0.9973307233997E+02
 -0.9086261007229E+02
 -0.8180777617053E+02
 -0.8153189986085E+02
 -0.8880482410824E+02
 -0.9405449409024E+02
 -0.1020355042829E+03
 -0.1112100336972E+03
 -0.1190999335592E+03
 -0.1265518014413E+03
 -0.1306649955114E+03
 -0.1542633570739E+03
 -0.1452470082250E+03
 -0.1212595911047E+03
 -0.1077327314135E+03
 -0.1046369759593E+03
 -0.1018593041827E+03
 -0.9852159952338E+02
 -0.9781491047544E+02
 -0.1001186420636E+03
 -0.1031691604890E+03
 -0.1061466851220E+03
 -0.1083181836383E+03
 -0.1098065750627E+03
 -0.1102815388569E+03
 -0.1097080455383E+03
 -0.9489323333172E+02
 -0.9209541446398E+02
 -0.8988854888747E+02
 -0.9060426214406E+02
 -0.9109389612459E+02
 -0.9090192530122E+02
 -0.9016732524198E+02
 -0.8849472047928E+02
 -0.8556488604406E+02
 -0.8503894374546E+02
 -0.8889125866233E+02
 -0.9451783615464E+02
 -0.9856978030928E+02
 -0.1015341348135E+03
 -0.1086337058052E+03
 -0.1161626875193E+03
 -0.1187000535104E+03
 -0.1224457916567E+03
  0.0000000000000E+00
  0.0000000000000E+00
  0.0000000000000E+00
 -0.1283318153898E+03
 -0.1762280872248E+03
 -0.1620578068858E+03
 -0.1414831663911E+03
 -0.1292102422203E+03
 -0.1224823234760E+03
 -0.1164929691861E+03
 -0.1113934717106E+03
 -0.1062377985475E+03
 -0.1021546599184E+03
 -0.9987415730749E+02
 -0.9944329297152E+02
 -0.9988884784572E+02
 -0.9968135499884E+02
 -0.9790059606230E+02
 -0.1049114227765E+03
 -0.1048839083435E+03
 -0.1044218475826E+03
 -0.1032978153843E+03
 -0.1024025652662E+03
 -0.1021572138370E+03
 -0.1023070812854E+03
 -0.1022992459763E+03
 -0.1023104816944E+03
 -0.1017645972562E+03
 -0.1003312319255E+03
 -0.9824822834530E+02
 -0.9571482191145E+02
 -0.9410415736646E+02
 -0.9960138290183E+02
 -0.1115917090736E+03
 -0.1211317851848E+03
 -0.1189748639998E+03
  0.0000000000000E+00
  0.0000000000000E+00
  0.0000000000000E+00
 -0.1045914647046E+03
 -0.1539000101375E+03
 -0.1602349211168E+03
 -0.1547085616325E+03
 -0.1460444005642E+03
 -0.1357975414649E+03
 -0.1251811464444E+03
 -0.1156809924801E+03
 -0.1104965106246E+03
 -0.1070063575994E+03
 -0.1071367637470E+03
 -0.1051214708113E+03
 -0.1041884893006E+03
 -0.1041386708501E+03
 -0.1045023856743E+03
 -0.9140322679938E+02
 -0.9001390770309E+02
 -0.8849677581540E+02
 -0.9121424825011E+02
 -0.9173260307212E+02
 -0.9190848475532E+02
 -0.9214438629572E+02
 -0.9253272068865E+02
 -0.9291710330797E+02
 -0.9294348922964E+02
 -0.9248811193601E+02
 -0.9151772960877E+02
 -0.8961581615481E+02
 -0.8720809995879E+02
 -0.8877524589599E+02
 -0.1012639692380E+03
 -0.1126172995910E+03
 -0.1236661111652E+03
  0.0000000000000E+00
  0.0000000000000E+00
  0.0000000000000E+00
 -0.8273973093908E+02
 -0.1117884117841E+03
 -0.1189283988503E+03
 -0.1258205590618E+03
 -0.1294360219557E+03
 -0.1283014577493E+03
 -0.1258832568686E+03
 -0.1217587374091E+03
 -0.1163701735924E+03
 -0.1109095491882E+03
 -0.1060218947300E+03
 -0.1019055748670E+03
 -0.9836589176628E+02
 -0.9526867112471E+02
 -0.9300769854575E+02
 -0.8879586314159E+02
 -0.8749440523440E+02
 -0.8616168012278E+02
 -0.8466783835524E+02
 -0.8330465219292E+02
 -0.8232568016977E+02
 -0.8186647371442E+02
 -0.8211571731760E+02
 -0.8293907576984E+02
 -0.8358154716341E+02
 -0.8412170456614E+02
 -0.8408533253671E+02
 -0.8347585322862E+02
 -0.8212910437363E+02
 -0.8071481649300E+02
 -0.8658747340609E+02
 -0.9655209997328E+02
 -0.1223348605063E+03
 -0.1049485932908E+03
 -0.8966631547922E+02
 -0.7327052772831E+02
 -0.6969199460884E+02
 -0.6885732864323E+02
 -0.7314968363091E+02
 -0.8146463468572E+02
 -0.8729715201068E+02
 -0.9506293379092E+02
 -0.1003672614444E+03
 -0.1013360908819E+03
 -0.1020117794748E+03
 -0.1010763387553E+03
 -0.9912821833556E+02
 -0.9694461990066E+02
 -0.9485019070868E+02
 -0.9109642161216E+02
 -0.8971594988582E+02
 -0.7703669440224E+02
 -0.7483564804897E+02
 -0.7483687615227E+02
 -0.7482913848744E+02
 -0.7452197213807E+02
 -0.7409016247938E+02
 -0.7396629316954E+02
 -0.7416887510023E+02
 -0.7481022773063E+02
 -0.7313468254395E+02
 -0.7371472556480E+02
 -0.7433207042633E+02
 -0.7465569174514E+02
 -0.7459346683791E+02
 -0.7345038884351E+02
 -0.7281913668456E+02
 -0.7677984237947E+02
 -0.8331820411183E+02
 -0.7988283903634E+02
 -0.7217872586782E+02
 -0.6374226512848E+02
 -0.5715403947198E+02
 -0.5408272957117E+02
 -0.5377249523614E+02
 -0.5350052221686E+02
 -0.5487940626087E+02
 -0.5934499030619E+02
 -0.6429216374238E+02
 -0.6912011501966E+02
 -0.7239803681202E+02
 -0.7423609900276E+02
 -0.7474637713409E+02
 -0.7461642277926E+02
 -0.7602319162489E+02
 -0.7662896338947E+02
 -0.7678034785105E+02
 -0.5255431043206E+02
 -0.5381916778926E+02
 -0.5448996453849E+02
 -0.5484540543608E+02
 -0.5467906854241E+02
 -0.5444398462066E+02
 -0.5457835460556E+02
 -0.5448743278369E+02
 -0.5372791290565E+02
 -0.5341795745983E+02
 -0.5417797502552E+02
 -0.5479440222431E+02
 -0.5509989727592E+02
 -0.5498162018992E+02
 -0.5435139234628E+02
 -0.5265673066735E+02
 -0.5391414370134E+02
 -0.5888421635876E+02
 -0.5789659965812E+02
 -0.5556668629640E+02
 -0.4993964772834E+02
 -0.4800743242145E+02
 -0.4507761797855E+02
 -0.4241589101199E+02
 -0.3978397164256E+02
 -0.3747502095133E+02
 -0.3640914068415E+02
 -0.3798994725616E+02
 -0.4137814828798E+02
 -0.4461872023546E+02
 -0.4721422915226E+02
 -0.4923584010557E+02
 -0.5026190594705E+02
 -0.5128473572485E+02
 -0.5227902191763E+02
 -0.5176114846713E+02
 -0.2799507422268E+02
 -0.2793239719131E+02
 -0.2779579452364E+02
 -0.2763978247757E+02
 -0.2707218547346E+02
 -0.2689263817979E+02
 -0.2680715905758E+02
 -0.2680500961556E+02
 -0.2686396015340E+02
 -0.2703209387642E+02
 -0.2732028038125E+02
 -0.2746388177094E+02
 -0.2730576925005E+02
 -0.2749402550888E+02
 -0.2763702687303E+02
 -0.2765359488203E+02
 -0.2770487243484E+02
 -0.2773322682700E+02
 -0.2775719551390E+02
 -0.2779631405973E+02
 -0.2786510759652E+02
 -0.2785724521610E+02
 -0.2776834675182E+02
 -0.2774740184953E+02
 -0.2777417195472E+02
 -0.2791734373596E+02
 -0.2830499745254E+02
 -0.2848649146563E+02
 -0.2848590926222E+02
 -0.2836827924200E+02
 -0.2816181837370E+02
 -0.2795309082487E+02
 -0.2785407606236E+02
 -0.2785311933273E+02
 -0.2793115132040E+02
 -0.2798858718019E+02
 -0.6022879790509E+02
 -0.6020552568156E+02
 -0.5941060569676E+02
 -0.8149282010271E+02
 -0.8089566868174E+02
 -0.8162542607510E+02
 -0.8345262340288E+02
 -0.7925839779629E+02
 -0.8211025728752E+02
 -0.7643919051735E+02
 -0.1000938395283E+03
 -0.1145484308077E+03
 -0.1539614738186E+02
 -0.1897017364751E+02
 -0.1957993664254E+02
 -0.1695264371214E+02
 -0.1151458277682E+02
 -0.1049725134703E+03
 -0.9669616913382E+02
 -0.8814740423609E+02
 -0.5961608211826E+02
 -0.5742179529455E+02
 -0.8133457603466E+02
 -0.8005249886571E+02
 -0.8077564417660E+02
 -0.8358311748132E+02
 -0.8901656938939E+02
 -0.9225498554589E+02
 -0.9381249710394E+02
 -0.9365811513588E+02
 -0.9238860698372E+02
 -0.9133742434518E+02
 -0.9055020535193E+02
 -0.9034033588556E+02
 -0.9060288421946E+02
 -0.5947134319248E+02
  0.0000000000000E+00
  0.1302618653213E+01
  0.8254903551652E+00
  0.5681150731962E+00
  0.5389736286596E+00
  0.0000000000000E+00
  0.4305299283548E+00
  0.4753972936386E+00
  0.8672382358938E+00
  0.1402951234872E+01
  0.2896853906909E+01
  0.3465174367315E+01
  0.0000000000000E+00
  0.0000000000000E+00
  0.0000000000000E+00
  0.0000000000000E+00
  0.0000000000000E+00
  0.0000000000000E+00
  0.0000000000000E+00
  0.0000000000000E+00
  0.0000000000000E+00
  0.0000000000000E+00
  0.0000000000000E+00
  0.0000000000000E+00
  0.0000000000000E+00
  0.0000000000000E+00
  0.0000000000000E+00
  0.0000000000000E+00
  0.0000000000000E+00
  0.0000000000000E+00
  0.0000000000000E+00
  0.2628648114603E+01
  0.3480676521119E+01
  0.3318673854964E+01
  0.2861674938279E+01
  0.2496908055650E+01
  0.4037186260926E+01
  0.0000000000000E+00
  0.0000000000000E+00
  0.0000000000000E+00
  0.2982630123353E+01
  0.1300485655900E+01
  0.1126554006245E+01
  0.1316762579876E+01
  0.2048749326074E+01
  0.0000000000000E+00
  0.6907256370674E+01
  0.7684895378325E+01
  0.8297038028677E+01
  0.7667472475634E+01
  0.4260285486732E+01
  0.0000000000000E+00
  0.0000000000000E+00
  0.0000000000000E+00
  0.0000000000000E+00
  0.0000000000000E+00
  0.0000000000000E+00
  0.0000000000000E+00
  0.0000000000000E+00
  0.0000000000000E+00
  0.0000000000000E+00
  0.0000000000000E+00
  0.0000000000000E+00
  0.0000000000000E+00
  0.0000000000000E+00
  0.0000000000000E+00
  0.0000000000000E+00
  0.0000000000000E+00
  0.7912190060561E+01
  0.7755431122670E+01
  0.5693734659714E+01
  0.4243659533856E+01
  0.5162374846151E+01
  0.4806431550128E+01
  0.4995713980861E+01
  0.8327010307108E+01
  0.1158647479704E+02
  0.8027013932445E+01
  0.6770650038731E+01
  0.4175782929480E+01
  0.3303473871808E+01
  0.4761726053626E+01
  0.0000000000000E+00
  0.1307229809807E+02
  0.2548884773506E+02
  0.2486416042308E+02
  0.1486821186750E+02
  0.0000000000000E+00
  0.0000000000000E+00
  0.0000000000000E+00
  0.0000000000000E+00
  0.0000000000000E+00
  0.0000000000000E+00
  0.0000000000000E+00
  0.0000000000000E+00
  0.0000000000000E+00
  0.0000000000000E+00
  0.0000000000000E+00
  0.0000000000000E+00
  0.0000000000000E+00
  0.0000000000000E+00
  0.0000000000000E+00
  0.0000000000000E+00
  0.0000000000000E+00
  0.1593535353937E+02
  0.1736105193146E+02
  0.9370391208164E+01
  0.4677061017226E+01
 -0.4326190382005E+01
 -0.3516221579425E+01
 -0.2361975525477E+01
 -0.1009229133976E+01
  0.4082395968819E+01
  0.4581737235543E+01
  0.2394093689201E+01
  0.4405445670137E+00
 -0.1094614792406E+00
  0.2053374355902E+01
  0.1277431759511E+02
  0.2056670440579E+02
  0.0000000000000E+00
  0.0000000000000E+00
  0.0000000000000E+00
  0.0000000000000E+00
  0.0000000000000E+00
  0.0000000000000E+00
  0.0000000000000E+00
  0.0000000000000E+00
  0.0000000000000E+00
  0.0000000000000E+00
  0.0000000000000E+00
  0.0000000000000E+00
  0.0000000000000E+00
  0.0000000000000E+00
  0.0000000000000E+00
  0.0000000000000E+00
  0.0000000000000E+00
  0.0000000000000E+00
  0.0000000000000E+00
  0.0000000000000E+00
  0.8444749656241E+01
  0.6351088689699E+01
 -0.9046326079637E+00
 -0.3630567030034E+01
 -0.1059895014921E+02
 -0.1021721859594E+02
 -0.8974220913567E+01
 -0.8300636454373E+01
 -0.6571062386156E+01
 -0.5163882006304E+01
 -0.4568020367721E+01
 -0.4265112290467E+01
 -0.3161808632697E+01
 -0.1284697287728E+01
  0.5018270857932E+01
  0.1679850754048E+02
  0.0000000000000E+00
  0.0000000000000E+00
  0.0000000000000E+00
  0.0000000000000E+00
  0.0000000000000E+00
  0.0000000000000E+00
  0.0000000000000E+00
  0.0000000000000E+00
  0.0000000000000E+00
  0.2109262552639E+02
  0.3078126748749E+02
  0.0000000000000E+00
  0.0000000000000E+00
  0.0000000000000E+00
  0.0000000000000E+00
  0.0000000000000E+00
  0.0000000000000E+00
  0.0000000000000E+00
  0.0000000000000E+00
  0.0000000000000E+00
  0.1574641231223E+01
 -0.2069026480338E+01
 -0.6270194160883E+01
 -0.9006699843112E+01
 -0.1583616972971E+02
 -0.1533301744776E+02
 -0.1433146507397E+02
 -0.1410200712599E+02
 -0.1381529291806E+02
 -0.1314116525576E+02
 -0.1223986968406E+02
 -0.1109973915138E+02
 -0.9383945746185E+01
 -0.7584013715514E+01
 -0.4157574470669E+01
  0.4715781086544E+01
  0.1151923682151E+02
  0.0000000000000E+00
  0.0000000000000E+00
  0.0000000000000E+00
  0.0000000000000E+00
  0.0000000000000E+00
  0.0000000000000E+00
  0.0000000000000E+00
  0.1742748129798E+02
  0.2838274140803E+02
  0.3135075866724E+02
  0.0000000000000E+00
  0.0000000000000E+00
  0.0000000000000E+00
  0.0000000000000E+00
  0.1934449773313E+02
  0.3005247241055E+02
  0.0000000000000E+00
  0.0000000000000E+00
  0.0000000000000E+00
 -0.2358545367206E+01
 -0.6512205238322E+01
 -0.1148047632260E+02
 -0.1450152628546E+02
 -0.1958529721356E+02
 -0.1797242287202E+02
 -0.1682158613825E+02
 -0.1690452986729E+02
 -0.1753531961310E+02
 -0.1778265695788E+02
 -0.1759745818090E+02
 -0.1688065412744E+02
 -0.1569332946354E+02
 -0.1475337285244E+02
 -0.1288639639768E+02
 -0.7598141261120E+01
  0.2141951592482E+01
  0.0000000000000E+00
  0.0000000000000E+00
  0.0000000000000E+00
  0.0000000000000E+00
  0.0000000000000E+00
  0.0000000000000E+00
  0.1347046377544E+02
  0.1435493160176E+02
  0.1383386368584E+02
  0.1814637792765E+02
  0.0000000000000E+00
  0.0000000000000E+00
  0.0000000000000E+00
  0.1283108569846E+02
  0.1997916897342E+02
  0.2092622117880E+02
  0.0000000000000E+00
  0.0000000000000E+00
  0.0000000000000E+00
 -0.3570208181792E+01
 -0.1154913618123E+02
 -0.1737805242047E+02
 -0.2000517934582E+02
 -0.1981158310492E+02
 -0.1782579710142E+02
 -0.1808660393912E+02
 -0.1898395421939E+02
 -0.1920546300181E+02
 -0.1876380479969E+02
 -0.1770577300009E+02
 -0.1601179934839E+02
 -0.1406312692388E+02
 -0.1474827298825E+02
 -0.1735546375237E+02
 -0.1526767570823E+02
 -0.6203157096609E+01
  0.8533330389043E+00
  0.7244600752917E+01
  0.0000000000000E+00
  0.0000000000000E+00
  0.1676403917745E+01
  0.5958158602243E+01
  0.7466778452690E+01
  0.6361991209533E-01
 -0.2241125625522E+01
  0.8407196935048E+00
  0.4147755135291E+01
  0.6770549888570E+01
  0.7565839160341E+01
  0.5468509417494E+01
  0.4225194182222E+01
  0.3236046457967E+01
  0.0000000000000E+00
  0.0000000000000E+00
  0.0000000000000E+00
 -0.8854084025042E+01
 -0.1799205286112E+02
 -0.2083795623163E+02
 -0.2205090492303E+02
 -0.2085288716470E+02
 -0.2143565853249E+02
 -0.2243060222921E+02
 -0.2309055301729E+02
 -0.2350718421825E+02
 -0.2370356725698E+02
 -0.2364019126024E+02
 -0.2351269449243E+02
 -0.2317902933273E+02
 -0.2213887494757E+02
 -0.2005167956009E+02
 -0.1505621327395E+02
 -0.1245349410054E+02
 -0.7753207417954E+01
 -0.8563433824658E+00
  0.0000000000000E+00
  0.0000000000000E+00
 -0.3078787002262E+01
 -0.3044598904072E+01
 -0.3023682800445E+01
 -0.1054574758047E+02
 -0.1104041629825E+02
 -0.8010101705974E+01
 -0.6920397144382E+01
 -0.5766250562735E+01
 -0.6183102875396E+01
 -0.7220822501946E+01
 -0.7501319913268E+01
 -0.5364952061512E+01
  0.0000000000000E+00
  0.0000000000000E+00
  0.0000000000000E+00
 -0.1077952712405E+02
 -0.1422610599619E+02
 -0.1757978411759E+02
 -0.2081394019099E+02
 -0.2129613521789E+02
 -0.2218100814028E+02
 -0.2297829157825E+02
 -0.2358731453731E+02
 -0.2400403912869E+02
 -0.2431046623972E+02
 -0.2445087391803E+02
 -0.2443116546330E+02
 -0.2424895467558E+02
 -0.2393317638874E+02
 -0.2336457236634E+02
 -0.2268505512073E+02
 -0.1684536462855E+02
 -0.1204931779159E+02
 -0.6801049942083E+01
  0.7991135567036E+00
  0.0000000000000E+00
 -0.1886246531848E+01
 -0.6521706702635E+01
  0.0000000000000E+00
 -0.1251905962527E+02
 -0.1331787676006E+02
 -0.1337368088157E+02
 -0.9247155974953E+01
 -0.7822068752455E+01
 -0.8106564316527E+01
 -0.8962185447282E+01
 -0.8968952675956E+01
 -0.6499438670868E+01
  0.0000000000000E+00
  0.0000000000000E+00
  0.0000000000000E+00
 -0.1231762876467E+02
 -0.1639680203319E+02
 -0.1949491727915E+02
 -0.2064086430936E+02
 -0.2193973701206E+02
 -0.2291316919217E+02
 -0.2362456036890E+02
 -0.2428374409848E+02
 -0.2493741721496E+02
 -0.2551221572209E+02
 -0.2592459297314E+02
 -0.2604891024030E+02
 -0.2575530673266E+02
 -0.2502372029878E+02
 -0.2392884555796E+02
 -0.2209981241091E+02
 -0.1792817497558E+02
  0.0000000000000E+00
 -0.1106932372188E+02
 -0.1759555877138E+01
  0.0000000000000E+00
  0.0000000000000E+00
 -0.9005811408996E+01
 -0.1108675141328E+02
 -0.1416519037183E+02
 -0.1474765920088E+02
 -0.1346801638024E+02
 -0.1036012020256E+02
 -0.6659538302015E+01
 -0.9703184487197E+01
 -0.8715897486124E+01
 -0.9107685273778E+01
 -0.5483732412445E+01
 -0.2287962662903E+01
  0.0000000000000E+00
  0.0000000000000E+00
 -0.1396235159353E+02
 -0.1728022317893E+02
 -0.1993120210786E+02
 -0.2104183477085E+02
 -0.2268452932696E+02
 -0.2353899458809E+02
 -0.2430155133728E+02
 -0.2516743405106E+02
 -0.2607091905391E+02
 -0.2681289636713E+02
 -0.2719001644941E+02
 -0.2709683300289E+02
 -0.2659917527928E+02
 -0.2577436050963E+02
 -0.2451610658590E+02
 -0.2263703395220E+02
 -0.1948524638776E+02
 -0.1775793687935E+02
 -0.1375327030416E+02
 -0.6453364661144E+01
  0.0000000000000E+00
  0.0000000000000E+00
 -0.1008973961656E+02
 -0.1249672275775E+02
 -0.1532359960450E+02
 -0.1650446280275E+02
 -0.1605389651822E+02
 -0.1329595487282E+02
  0.0000000000000E+00
 -0.9388262318922E+01
 -0.6988013404406E+01
 -0.1013731529007E+02
 -0.7604826755527E+01
 -0.4390741969196E+01
  0.0000000000000E+00
  0.0000000000000E+00
 -0.1505528011261E+02
 -0.1773678320022E+02
 -0.2025229832247E+02
 -0.2166419463374E+02
 -0.2310226184141E+02
 -0.2387152862220E+02
 -0.2460076047062E+02
 -0.2529337309933E+02
 -0.2586854613560E+02
 -0.2623164391749E+02
 -0.2630451111360E+02
 -0.2642028437401E+02
 -0.2639615801788E+02
 -0.2595815526347E+02
 -0.2506389314689E+02
 -0.2357139548632E+02
 -0.2134239093161E+02
 -0.1992084394599E+02
 -0.1590107170955E+02
 -0.9163666152471E+01
  0.0000000000000E+00
  0.0000000000000E+00
 -0.8547866067035E+01
 -0.1539843903567E+02
 -0.1689615752118E+02
 -0.1821019404432E+02
 -0.1835339821467E+02
 -0.1607340515890E+02
  0.0000000000000E+00
  0.0000000000000E+00
  0.0000000000000E+00
 -0.8811387293914E+01
 -0.9341833868677E+01
 -0.8108574750923E+01
  0.0000000000000E+00
  0.0000000000000E+00
 -0.1549912396699E+02
 -0.1832346555671E+02
 -0.2053873569927E+02
 -0.2202217684388E+02
 -0.2258639315331E+02
 -0.2307200089995E+02
 -0.2328158820270E+02
 -0.2299639702248E+02
 -0.2257657087749E+02
 -0.2211550829309E+02
 -0.2276120930222E+02
 -0.2445072301164E+02
 -0.2539963892708E+02
 -0.2568361777130E+02
 -0.2546370842368E+02
 -0.2467341295010E+02
 -0.2292772999511E+02
 -0.2156274654434E+02
 -0.1777440746826E+02
 -0.1191453988482E+02
  0.0000000000000E+00
  0.0000000000000E+00
  0.0000000000000E+00
 -0.1487774904369E+02
 -0.1815031630721E+02
 -0.1939425250334E+02
 -0.1955919259855E+02
 -0.2027600072586E+02
 -0.1774143704638E+02
  0.0000000000000E+00
  0.0000000000000E+00
  0.0000000000000E+00
 -0.1067491516842E+02
 -0.1107984210903E+02
  0.0000000000000E+00
  0.0000000000000E+00
 -0.1506638379537E+02
 -0.1874404801053E+02
 -0.2074341654507E+02
 -0.2166798813780E+02
 -0.1918973076499E+02
 -0.1908700353374E+02
 -0.1853987342742E+02
 -0.1746688622544E+02
 -0.1666771910295E+02
 -0.1796217820600E+02
 -0.2058062590154E+02
 -0.2265314198722E+02
 -0.2361192271847E+02
 -0.2403621270663E+02
 -0.2441959767666E+02
 -0.2428544358845E+02
 -0.2272724118691E+02
 -0.2245448860483E+02
 -0.1968905011157E+02
 -0.1580633399208E+02
  0.0000000000000E+00
  0.0000000000000E+00
  0.0000000000000E+00
 -0.1685377511262E+02
 -0.1877689172040E+02
 -0.1922033884471E+02
 -0.2089032171677E+02
 -0.2085805430551E+02
 -0.1914189388033E+02
 -0.1642637504541E+02
  0.0000000000000E+00
  0.0000000000000E+00
 -0.1259902654510E+02
 -0.1421187826398E+02
  0.0000000000000E+00
 -0.1381451528249E+02
 -0.1673394357287E+02
 -0.1780641987066E+02
 -0.1843589897740E+02
 -0.1881569407905E+02
 -0.1621660462620E+02
 -0.1658082959747E+02
 -0.1768596176799E+02
 -0.1996221726262E+02
 -0.2218772615910E+02
 -0.2326303048021E+02
 -0.2328850933190E+02
 -0.2263078149332E+02
 -0.2153551461563E+02
 -0.2026602330544E+02
 -0.1938176560502E+02
 -0.2052861246952E+02
 -0.2156757513173E+02
 -0.2253023144394E+02
 -0.2121001139291E+02
 -0.1868122727793E+02
  0.0000000000000E+00
  0.0000000000000E+00
  0.0000000000000E+00
 -0.1796117519317E+02
 -0.2092259218950E+02
 -0.2181564731785E+02
 -0.2191234775202E+02
 -0.2198740565376E+02
 -0.1858308451480E+02
 -0.1441024375555E+02
 -0.1615598287504E+02
  0.0000000000000E+00
 -0.1401186005074E+02
 -0.1721938468459E+02
 -0.1602050840559E+02
 -0.1670117139913E+02
 -0.1644071131332E+02
 -0.1568355711625E+02
 -0.1531396812183E+02
 -0.1589836455220E+02
 -0.2350065919225E+02
 -0.2471476697591E+02
 -0.2552680527157E+02
 -0.2595605343007E+02
 -0.2605349266484E+02
 -0.2587085791256E+02
 -0.2540000790222E+02
 -0.2422446386616E+02
 -0.2193353947196E+02
 -0.1999987243648E+02
 -0.1895545683006E+02
 -0.1899701274313E+02
 -0.2082677181872E+02
 -0.2008101686785E+02
 -0.2343852440757E+02
 -0.1918869630387E+02
  0.0000000000000E+00
  0.0000000000000E+00
  0.0000000000000E+00
 -0.1979241185429E+02
 -0.2254388888230E+02
 -0.2369319801418E+02
 -0.2249938258687E+02
 -0.2264038272733E+02
 -0.2038488568305E+02
 -0.2024080164501E+02
 -0.1997362212894E+02
  0.0000000000000E+00
  0.0000000000000E+00
 -0.1652622870749E+02
 -0.1917061917819E+02
 -0.1815030834640E+02
 -0.1858628725266E+02
 -0.1887726869019E+02
 -0.2069604808919E+02
 -0.2227988515686E+02
 -0.2618598970210E+02
 -0.2662596961289E+02
 -0.2679136954501E+02
 -0.2675541281779E+02
 -0.2660415305994E+02
 -0.2635173248024E+02
 -0.2604991253520E+02
 -0.2587511539328E+02
 -0.2586453204623E+02
 -0.2588288871369E+02
 -0.2561736776849E+02
 -0.2511025095652E+02
 -0.2423028062598E+02
 -0.1048162483788E+02
 -0.2671204888053E+02
 -0.2442033466043E+02
  0.0000000000000E+00
  0.0000000000000E+00
  0.0000000000000E+00
 -0.1746578647868E+02
 -0.2232340867070E+02
 -0.2121941728618E+02
 -0.1916909207015E+02
 -0.2059328324366E+02
 -0.2106960334006E+02
 -0.2088639138967E+02
 -0.1825945051993E+02
 -0.1349327406266E+02
  0.0000000000000E+00
 -0.1789346760877E+02
 -0.2109312071434E+02
 -0.2055600186019E+02
 -0.2176055347146E+02
 -0.2310198721852E+02
 -0.2452412584141E+02
 -0.2550817740075E+02
 -0.2606307858246E+02
 -0.2573022993742E+02
 -0.2526903445296E+02
 -0.2492145775639E+02
 -0.2455972921232E+02
 -0.2399426357640E+02
 -0.2330855320365E+02
 -0.2294944649657E+02
 -0.2321073388722E+02
 -0.2385785633412E+02
 -0.2445931930501E+02
 -0.2498308307309E+02
 -0.2574576722415E+02
 -0.2288937986984E+02
 -0.2392047494577E+02
 -0.2574313958940E+02
  0.0000000000000E+00
  0.0000000000000E+00
  0.0000000000000E+00
 -0.2368022413748E+02
 -0.2527291757288E+02
 -0.1793315970149E+02
 -0.2288674016088E+02
 -0.1442277344038E+02
 -0.1085143316422E+02
 -0.1409467225540E+02
 -0.1665436994473E+02
 -0.2152842408430E+02
  0.0000000000000E+00
 -0.1566732415053E+02
 -0.2065898694257E+02
 -0.2069667343696E+02
 -0.2201359703704E+02
 -0.2393680811368E+02
 -0.2537219379769E+02
 -0.2599070802390E+02
 -0.2050847838866E+02
 -0.2019274110701E+02
 -0.1990298933172E+02
 -0.1952158381396E+02
 -0.1897635960040E+02
 -0.1815148780165E+02
 -0.1716838802490E+02
 -0.1651285486741E+02
 -0.1641736468995E+02
 -0.1690127338186E+02
 -0.1779507589896E+02
 -0.1922079970137E+02
 -0.2232473611514E+02
 -0.2750044169342E+02
 -0.1944282863155E+02
 -0.1984364806265E+02
  0.0000000000000E+00
  0.0000000000000E+00
  0.0000000000000E+00
 -0.2612234852183E+02
 -0.2717706650192E+02
 -0.2680937714607E+02
 -0.2617517267985E+02
 -0.2491223879723E+02
 -0.2255683432761E+02
 -0.2357811949850E+02
 -0.2429365475035E+02
 -0.2344653829222E+02
 -0.1873017622426E+02
 -0.2152590190683E+02
 -0.1981256047690E+02
 -0.1845125392990E+02
 -0.1873364395316E+02
 -0.2059589553380E+02
 -0.2133071802422E+02
 -0.2093845474072E+02
 -0.2490397138746E+02
 -0.2475171234995E+02
 -0.2468415234780E+02
 -0.2460954811815E+02
 -0.2456769609151E+02
 -0.2443214372954E+02
 -0.2412795450372E+02
 -0.2382980381581E+02
 -0.2351669831523E+02
 -0.2308518123418E+02
 -0.2238754149315E+02
 -0.2172228298218E+02
 -0.2373295881952E+02
 -0.2645412305668E+02
 -0.2833536350503E+02
 -0.1997145703885E+02
  0.0000000000000E+00
  0.0000000000000E+00
  0.0000000000000E+00
 -0.2696454397725E+02
 -0.2546601540987E+02
 -0.2775519200236E+02
  0.0000000000000E+00
 -0.2519436682330E+02
 -0.2618372220492E+02
 -0.2653775967267E+02
 -0.2500828543286E+02
 -0.2294714242346E+02
 -0.2181838109535E+02
 -0.2453983772830E+02
 -0.2400772287561E+02
 -0.2243913197078E+02
 -0.2285020998751E+02
 -0.2426029769569E+02
 -0.2490835553909E+02
 -0.2504123642854E+02
 -0.2934784831870E+02
 -0.2933105790563E+02
 -0.2912690862326E+02
 -0.2881527103109E+02
 -0.2842702454800E+02
 -0.2813399506394E+02
 -0.2806791529630E+02
 -0.2831218456700E+02
 -0.2869907485953E+02
 -0.2908287181248E+02
 -0.2937834230146E+02
 -0.2929299025254E+02
 -0.2798543975439E+02
 -0.2159080795301E+02
 -0.2318687297627E+02
 -0.2762473612766E+02
 -0.1315892173756E+02
 -0.1503404221660E+02
 -0.2230080839725E+02
 -0.2974064151084E+02
 -0.2634882929418E+02
 -0.2663102113285E+02
  0.0000000000000E+00
 -0.2532754024321E+02
 -0.2402974934057E+02
 -0.2460959847745E+02
 -0.2479322563994E+02
 -0.2209804664566E+02
 -0.2149616612665E+02
 -0.2442806187174E+02
 -0.2517170531088E+02
 -0.2545037599991E+02
 -0.2574803102898E+02
 -0.2744983348999E+02
 -0.2851826879544E+02
 -0.2912122642230E+02
 -0.2871961919893E+02
 -0.2991765974015E+02
 -0.3126762861240E+02
 -0.3229771718502E+02
 -0.3262098721506E+02
 -0.3246689648019E+02
 -0.3204220213809E+02
 -0.3188388053554E+02
 -0.3208687950464E+02
 -0.3242949478967E+02
 -0.3272701696055E+02
 -0.3266589991421E+02
 -0.3133325978232E+02
 -0.2728284293789E+02
 -0.1928524788899E+02
 -0.1295728579367E+02
 -0.2137171411307E+02
 -0.2547058245541E+02
 -0.2822670954020E+02
 -0.3078323224196E+02
 -0.3045355388559E+02
  0.0000000000000E+00
 -0.2712361238030E+02
 -0.2592708882845E+02
 -0.2421450884505E+02
 -0.2484483952574E+02
 -0.2471483202084E+02
 -0.2356479299783E+02
 -0.2120854777211E+02
 -0.2017214307648E+02
 -0.2054703481890E+02
 -0.2229980390899E+02
 -0.2365858819794E+02
 -0.2490771379693E+02
 -0.2632020125410E+02
 -0.2766384557486E+02
 -0.2753731330695E+02
 -0.2818467243337E+02
 -0.2927268532464E+02
 -0.3091437623029E+02
 -0.3281868541955E+02
 -0.3437465627945E+02
 -0.3515679823433E+02
 -0.3507173966661E+02
 -0.3478961166288E+02
 -0.3478931761003E+02
 -0.3491353139605E+02
 -0.3480702540290E+02
 -0.3416522246536E+02
 -0.3256993132452E+02
 -0.3009711962056E+02
 -0.2959616861223E+02
 -0.3193717669821E+02
 -0.3136536282037E+02
 -0.3126984585873E+02
 -0.3164397342470E+02
 -0.3078555263174E+02
  0.0000000000000E+00
 -0.2539039155526E+02
 -0.2773315922806E+02
 -0.2662732544291E+02
 -0.2710413574202E+02
 -0.2673110051967E+02
 -0.2590489793916E+02
 -0.2426313020261E+02
 -0.2387025412709E+02
 -0.2364782745203E+02
 -0.2393836514239E+02
 -0.2483574090992E+02
 -0.2602037433062E+02
 -0.2632508811761E+02
 -0.2702272224820E+02
 -0.3118987066156E+02
 -0.3150367975359E+02
 -0.3177366171037E+02
 -0.3216525201654E+02
 -0.3313324675932E+02
 -0.3456041663903E+02
 -0.3600993173342E+02
 -0.3689186846998E+02
 -0.3708712677152E+02
 -0.3687705718084E+02
 -0.3674752254294E+02
 -0.3668755533443E+02
 -0.3655048682094E+02
 -0.3644451637870E+02
 -0.3636469058505E+02
 -0.3576985015976E+02
 -0.3506214990658E+02
 -0.3415728861399E+02
 -0.3499543710289E+02
 -0.3603464188210E+02
 -0.3468966747697E+02
 -0.2385828039301E+02
 -0.3355695004609E+02
 -0.3120896650569E+02
 -0.3041868247623E+02
 -0.2979706934636E+02
 -0.2929627999312E+02
 -0.2892307808712E+02
 -0.2877635358880E+02
 -0.2889066963805E+02
 -0.2905956774432E+02
 -0.2946521759027E+02
 -0.3001654262743E+02
 -0.3034971254624E+02
 -0.3050332276410E+02
 -0.3087033192087E+02
 -0.3422683819083E+02
 -0.3444360758151E+02
 -0.3473463257802E+02
 -0.3516132314664E+02
 -0.3575137012575E+02
 -0.3644315979656E+02
 -0.3714978925387E+02
 -0.3790592062533E+02
 -0.3853053007148E+02
 -0.3867636666190E+02
 -0.3853441479055E+02
 -0.3845135233765E+02
 -0.3847632616944E+02
 -0.3839355573826E+02
 -0.3798604112770E+02
 -0.3750516888369E+02
 -0.3694484380533E+02
 -0.3701692594242E+02
 -0.3800845511741E+02
 -0.3867602504438E+02
 -0.3916355569499E+02
 -0.3385704604322E+02
 -0.3413801629601E+02
 -0.3287026017228E+02
 -0.3209856982472E+02
 -0.3160246436069E+02
 -0.3148746615873E+02
 -0.3143115195901E+02
 -0.3155393686962E+02
 -0.3176106269904E+02
 -0.3206682847492E+02
 -0.3252787449994E+02
 -0.3304412040335E+02
 -0.3339846876329E+02
 -0.3373054587593E+02
 -0.3401774888974E+02
 -0.3629883377095E+02
 -0.3646040210144E+02
 -0.3668921577926E+02
 -0.3707001610928E+02
 -0.3750360170544E+02
 -0.3795958525666E+02
 -0.3845200768179E+02
 -0.3900241717460E+02
 -0.3949401465905E+02
 -0.3972324523632E+02
 -0.3969114214307E+02
 -0.3957474555372E+02
 -0.3957020167988E+02
 -0.3931839030603E+02
 -0.3856018818852E+02
 -0.3779357638720E+02
 -0.3762963784481E+02
 -0.3881781914637E+02
 -0.3999184368185E+02
 -0.4098987977659E+02
 -0.4116614058461E+02
 -0.2108768619831E+02
 -0.2795262999742E+02
 -0.3100709178977E+02
 -0.3202572727009E+02
 -0.3232519126133E+02
 -0.3264692236321E+02
 -0.3290745701457E+02
 -0.3328773653799E+02
 -0.3364745834110E+02
 -0.3401806005359E+02
 -0.3449044256641E+02
 -0.3500066361294E+02
 -0.3542273656983E+02
 -0.3582127511725E+02
 -0.3610558659731E+02
 -0.3577785587444E+02
 -0.3603509599947E+02
 -0.3637128171333E+02
 -0.3688337651807E+02
 -0.3735028460617E+02
 -0.3774365417365E+02
 -0.3807044528505E+02
 -0.3829100839904E+02
 -0.3831805751637E+02
 -0.3795776315017E+02
 -0.3671551151390E+02
 -0.3428509518025E+02
 -0.3136211566295E+02
 -0.3134018787038E+02
 -0.3380996018107E+02
 -0.3520571944768E+02
 -0.3744000881871E+02
 -0.4011965868430E+02
 -0.4361125842736E+02
 -0.4553505064499E+02
 -0.4544916204059E+02
 -0.5245874134472E+02
 -0.4677537554475E+02
 -0.3787706428223E+02
 -0.3310188702729E+02
 -0.3223403954267E+02
 -0.3170315238173E+02
 -0.3114785164226E+02
 -0.3121978013750E+02
 -0.3199560743098E+02
 -0.3289548480621E+02
 -0.3375373963872E+02
 -0.3445172565822E+02
 -0.3503567586486E+02
 -0.3544315267764E+02
 -0.3562244754573E+02
 -0.3539988171573E+02
 -0.3481384177404E+02
 -0.3434791436102E+02
 -0.3483714529442E+02
 -0.3519992062690E+02
 -0.3532958792472E+02
 -0.3531556508268E+02
 -0.3502199070777E+02
 -0.3431346914730E+02
 -0.3451022319932E+02
 -0.3632577809187E+02
 -0.3863487343484E+02
 -0.4001809345957E+02
 -0.4064233769864E+02
 -0.4278466519876E+02
 -0.4508710341614E+02
 -0.4579001260103E+02
 -0.4621583669596E+02
  0.0000000000000E+00
  0.0000000000000E+00
  0.0000000000000E+00
 -0.4817426781447E+02
 -0.6161993410840E+02
 -0.5405758139285E+02
 -0.4501897171850E+02
 -0.3998593760607E+02
 -0.3797250177156E+02
 -0.3680242220711E+02
 -0.3626981500592E+02
 -0.3563998571230E+02
 -0.3508969499306E+02
 -0.3488137364022E+02
 -0.3517056938089E+02
 -0.3572005450668E+02
 -0.3609708631958E+02
 -0.3597438895617E+02
 -0.3977213664881E+02
 -0.4050795693395E+02
 -0.4092677602071E+02
 -0.4092045630739E+02
 -0.4096793717664E+02
 -0.4123660926717E+02
 -0.4161680911590E+02
 -0.4190879112589E+02
 -0.4215937476567E+02
 -0.4198179343391E+02
 -0.4114232560736E+02
 -0.3967391352245E+02
 -0.3764893651230E+02
 -0.3578993610885E+02
 -0.3753859746095E+02
 -0.4276429617735E+02
 -0.4799301456166E+02
 -0.4853483208960E+02
  0.0000000000000E+00
  0.0000000000000E+00
  0.0000000000000E+00
 -0.4428068317188E+02
 -0.6026719800850E+02
 -0.5906192336680E+02
 -0.5430076076659E+02
 -0.4926595268864E+02
 -0.4453570331627E+02
 -0.4035404030573E+02
 -0.3715504910018E+02
 -0.3620534545264E+02
 -0.3587577534946E+02
 -0.3706277206388E+02
 -0.3693376659727E+02
 -0.3718582549975E+02
 -0.3786059257957E+02
 -0.3878927818653E+02
 -0.3476486855861E+02
 -0.3465182532965E+02
 -0.3435192940670E+02
 -0.3653689805422E+02
 -0.3733243124222E+02
 -0.3777451176606E+02
 -0.3814613789132E+02
 -0.3852723077654E+02
 -0.3879902967602E+02
 -0.3874738298542E+02
 -0.3822464883291E+02
 -0.3715418204373E+02
 -0.3528448572376E+02
 -0.3283938277856E+02
 -0.3282947743829E+02
 -0.3987928089778E+02
 -0.4734043841061E+02
 -0.5718347459508E+02
  0.0000000000000E+00
  0.0000000000000E+00
  0.0000000000000E+00
 -0.3993851470905E+02
 -0.4999129907896E+02
 -0.4980978670490E+02
 -0.5037235858460E+02
 -0.5022630540377E+02
 -0.4855814142920E+02
 -0.4699173698929E+02
 -0.4509783464508E+02
 -0.4291258479695E+02
 -0.4083249289629E+02
 -0.3907261757141E+02
 -0.3765027295747E+02
 -0.3645471610278E+02
 -0.3549100652206E+02
 -0.3496429790888E+02
 -0.3992611843991E+02
 -0.3953618425692E+02
 -0.3904901194569E+02
 -0.3837842071313E+02
 -0.3775641738608E+02
 -0.3733181631822E+02
 -0.3720429669180E+02
 -0.3744985785177E+02
 -0.3799147858269E+02
 -0.3831857675051E+02
 -0.3843258142838E+02
 -0.3803050707642E+02
 -0.3715246616742E+02
 -0.3563902302363E+02
 -0.3399036100027E+02
 -0.3783800369606E+02
 -0.4504700248320E+02
 -0.6433875071181E+02
 -0.5618790822814E+02
 -0.4842816641442E+02
 -0.3859909988858E+02
 -0.3500273457927E+02
 -0.3182917874487E+02
 -0.3271327037197E+02
 -0.3601118290931E+02
 -0.3781698140437E+02
 -0.4122442666311E+02
 -0.4357734607443E+02
 -0.4375868805848E+02
 -0.4426324093039E+02
 -0.4411120252861E+02
 -0.4350003385092E+02
 -0.4279106320302E+02
 -0.4211691800834E+02
 -0.4030686885414E+02
 -0.4000629835358E+02
 -0.4391319202765E+02
 -0.4241926416967E+02
 -0.4266059814404E+02
 -0.4285795745206E+02
 -0.4284066173210E+02
 -0.4275173285769E+02
 -0.4287942349790E+02
 -0.4318877026771E+02
 -0.4378782489432E+02
 -0.4237492917656E+02
 -0.4281546339110E+02
 -0.4326655081127E+02
 -0.4347756415260E+02
 -0.4336732789168E+02
 -0.4226734351987E+02
 -0.4147646507004E+02
 -0.4440807395134E+02
 -0.4965360397768E+02
 -0.4880654354449E+02
 -0.4475053152360E+02
 -0.3886157897931E+02
 -0.3296102575094E+02
 -0.2954244792498E+02
 -0.2889696606474E+02
 -0.2834727797003E+02
 -0.2886420829873E+02
 -0.3149864577607E+02
 -0.3427143421647E+02
 -0.3700634913427E+02
 -0.3887124715558E+02
 -0.4005395499171E+02
 -0.4050330488426E+02
 -0.4065590085364E+02
 -0.4212199730711E+02
 -0.4298037470496E+02
 -0.4342568437406E+02
 -0.3998555466367E+02
 -0.4114779308559E+02
 -0.4181061134284E+02
 -0.4222699381474E+02
 -0.4222826174656E+02
 -0.4220385835299E+02
 -0.4249985319427E+02
 -0.4254155666493E+02
 -0.4190307609765E+02
 -0.4173320869701E+02
 -0.4264805027903E+02
 -0.4342755537579E+02
 -0.4393686899074E+02
 -0.4405774491278E+02
 -0.4360215790720E+02
 -0.4186948610730E+02
 -0.4258353516885E+02
 -0.4651927237946E+02
 -0.4615145316758E+02
 -0.4449390676629E+02
 -0.3920805954444E+02
 -0.3744015751709E+02
 -0.3479344354448E+02
 -0.3258600550388E+02
 -0.3047391056481E+02
 -0.2872361589292E+02
 -0.2790513331980E+02
 -0.2887691818783E+02
 -0.3103005873941E+02
 -0.3310493409784E+02
 -0.3497439435330E+02
 -0.3663327681988E+02
 -0.3753812776464E+02
 -0.3856305118819E+02
 -0.3962954505149E+02
 -0.3922836794290E+02
 -0.3110063300014E+02
 -0.3110715211768E+02
 -0.3101916751814E+02
 -0.3090313136024E+02
 -0.3029509567868E+02
 -0.3014136617884E+02
 -0.3008384051197E+02
 -0.3010624993649E+02
 -0.3017810890518E+02
 -0.3035396768971E+02
 -0.3064543447804E+02
 -0.3074649137674E+02
 -0.3047685523345E+02
 -0.3061026284050E+02
 -0.3068272545571E+02
 -0.3061293587023E+02
 -0.3062156112918E+02
 -0.3069152001443E+02
 -0.3087983427680E+02
 -0.3115093540240E+02
 -0.3142411509923E+02
 -0.3150873487035E+02
 -0.3139693217370E+02
 -0.3128777796295E+02
 -0.3118079205472E+02
 -0.3117466532247E+02
 -0.3143727694155E+02
 -0.3146403756123E+02
 -0.3131706436881E+02
 -0.3109449969696E+02
 -0.3083373814394E+02
 -0.3062325836398E+02
 -0.3057463392985E+02
 -0.3065725803774E+02
 -0.3084091155725E+02
 -0.3100366489877E+02
 -0.6017097965431E+01
 -0.5895461413197E+01
 -0.6004166773887E+01
 -0.0000000000000E+00
 -0.0000000000000E+00
 -0.0000000000000E+00
 -0.0000000000000E+00
 -0.1475590463389E+01
 -0.2467034625445E+01
 -0.5612717000899E+01
 -0.4053733242286E+00
 -0.0000000000000E+00
 -0.4104292869013E+02
 -0.4077022208417E+02
 -0.4070787555405E+02
 -0.4085439023643E+02
 -0.4126221532454E+02
 -0.0000000000000E+00
 -0.0000000000000E+00
 -0.0000000000000E+00
 -0.5350916459592E+01
 -0.4580063991248E+01
 -0.5386357463880E-01
 -0.4436039696206E-01
 -0.3525226174361E-01
 -0.2637235305352E-01
 -0.1967826694222E-01
 -0.0000000000000E+00
 -0.0000000000000E+00
 -0.0000000000000E+00
 -0.0000000000000E+00
 -0.3573992605966E-01
 -0.3943744618199E-01
 -0.4124603786272E-01
 -0.4214782598967E-01
 -0.6007775166654E+01
  0.0000000000000E+00
  0.1463245726627E+03
  0.1272764557415E+03
  0.1144144071715E+03
  0.1201589963685E+03
  0.0000000000000E+00
  0.9976606258944E+02
  0.1118882997646E+03
  0.1476981536387E+03
  0.1443162981215E+03
  0.2170391965990E+03
  0.2170391965990E+03
  0.0000000000000E+00
  0.0000000000000E+00
  0.0000000000000E+00
  0.0000000000000E+00
  0.0000000000000E+00
  0.0000000000000E+00
  0.0000000000000E+00
  0.0000000000000E+00
  0.0000000000000E+00
  0.0000000000000E+00
  0.0000000000000E+00
  0.0000000000000E+00
  0.0000000000000E+00
  0.0000000000000E+00
  0.0000000000000E+00
  0.0000000000000E+00
  0.0000000000000E+00
  0.0000000000000E+00
  0.0000000000000E+00
  0.2170391965990E+03
  0.2170391965990E+03
  0.2170391965990E+03
  0.2170391965990E+03
  0.2170391965990E+03
  0.2109615065598E+03
  0.0000000000000E+00
  0.0000000000000E+00
  0.0000000000000E+00
  0.2109615065598E+03
  0.2109615065598E+03
  0.2109615065598E+03
  0.2109615065598E+03
  0.2109615065598E+03
  0.0000000000000E+00
  0.2109615065598E+03
  0.2109615065598E+03
  0.2109615065598E+03
  0.2109615065598E+03
  0.2109615065598E+03
  0.0000000000000E+00
  0.0000000000000E+00
  0.0000000000000E+00
  0.0000000000000E+00
  0.0000000000000E+00
  0.0000000000000E+00
  0.0000000000000E+00
  0.0000000000000E+00
  0.0000000000000E+00
  0.0000000000000E+00
  0.0000000000000E+00
  0.0000000000000E+00
  0.0000000000000E+00
  0.0000000000000E+00
  0.0000000000000E+00
  0.0000000000000E+00
  0.0000000000000E+00
  0.2109615065598E+03
  0.2109615065598E+03
  0.2109615065598E+03
  0.2109615065598E+03
  0.2131572896140E+03
  0.2131572896140E+03
  0.2131572896140E+03
  0.2131572896140E+03
  0.2131572896140E+03
  0.2131572896140E+03
  0.2131572896140E+03
  0.2131572896140E+03
  0.2131572896140E+03
  0.2131572896140E+03
  0.0000000000000E+00
  0.2131572896140E+03
  0.2131572896140E+03
  0.2131572896140E+03
  0.2131572896140E+03
  0.0000000000000E+00
  0.0000000000000E+00
  0.0000000000000E+00
  0.0000000000000E+00
  0.0000000000000E+00
  0.0000000000000E+00
  0.0000000000000E+00
  0.0000000000000E+00
  0.0000000000000E+00
  0.0000000000000E+00
  0.0000000000000E+00
  0.0000000000000E+00
  0.0000000000000E+00
  0.0000000000000E+00
  0.0000000000000E+00
  0.0000000000000E+00
  0.0000000000000E+00
  0.2131572896140E+03
  0.2131572896140E+03
  0.2131572896140E+03
  0.2131572896140E+03
  0.2206824528005E+03
  0.2206824528005E+03
  0.2206824528005E+03
  0.2206824528005E+03
  0.2206824528005E+03
  0.2206824528005E+03
  0.2206824528005E+03
  0.2206824528005E+03
  0.2206824528005E+03
  0.2206824528005E+03
  0.2206824528005E+03
  0.2206824528005E+03
  0.0000000000000E+00
  0.0000000000000E+00
  0.0000000000000E+00
  0.0000000000000E+00
  0.0000000000000E+00
  0.0000000000000E+00
  0.0000000000000E+00
  0.0000000000000E+00
  0.0000000000000E+00
  0.0000000000000E+00
  0.0000000000000E+00
  0.0000000000000E+00
  0.0000000000000E+00
  0.0000000000000E+00
  0.0000000000000E+00
  0.0000000000000E+00
  0.0000000000000E+00
  0.0000000000000E+00
  0.0000000000000E+00
  0.0000000000000E+00
  0.2206824528005E+03
  0.2206824528005E+03
  0.2206824528005E+03
  0.2206824528005E+03
  0.2287092677260E+03
  0.2287092677260E+03
  0.2287092677260E+03
  0.2287092677260E+03
  0.2287092677260E+03
  0.2287092677260E+03
  0.2287092677260E+03
  0.2287092677260E+03
  0.2287092677260E+03
  0.2287092677260E+03
  0.2287092677260E+03
  0.2287092677260E+03
  0.0000000000000E+00
  0.0000000000000E+00
  0.0000000000000E+00
  0.0000000000000E+00
  0.0000000000000E+00
  0.0000000000000E+00
  0.0000000000000E+00
  0.0000000000000E+00
  0.0000000000000E+00
  0.2287092677260E+03
  0.2287092677260E+03
  0.0000000000000E+00
  0.0000000000000E+00
  0.0000000000000E+00
  0.0000000000000E+00
  0.0000000000000E+00
  0.0000000000000E+00
  0.0000000000000E+00
  0.0000000000000E+00
  0.0000000000000E+00
  0.2287092677260E+03
  0.2287092677260E+03
  0.2287092677260E+03
  0.2287092677260E+03
  0.2389200812589E+03
  0.2389200812589E+03
  0.2389200812589E+03
  0.2389200812589E+03
  0.2389200812589E+03
  0.2389200812589E+03
  0.2389200812589E+03
  0.2389200812589E+03
  0.2389200812589E+03
  0.2389200812589E+03
  0.2389200812589E+03
  0.2389200812589E+03
  0.2389200812589E+03
  0.0000000000000E+00
  0.0000000000000E+00
  0.0000000000000E+00
  0.0000000000000E+00
  0.0000000000000E+00
  0.0000000000000E+00
  0.0000000000000E+00
  0.2389200812589E+03
  0.2389200812589E+03
  0.2389200812589E+03
  0.0000000000000E+00
  0.0000000000000E+00
  0.0000000000000E+00
  0.0000000000000E+00
  0.2389200812589E+03
  0.2389200812589E+03
  0.0000000000000E+00
  0.0000000000000E+00
  0.0000000000000E+00
  0.2389200812589E+03
  0.2389200812589E+03
  0.2389200812589E+03
  0.2389200812589E+03
  0.2489552920568E+03
  0.2489552920568E+03
  0.2489552920568E+03
  0.2489552920568E+03
  0.2489552920568E+03
  0.2489552920568E+03
  0.2489552920568E+03
  0.2489552920568E+03
  0.2489552920568E+03
  0.2489552920568E+03
  0.2489552920568E+03
  0.2489552920568E+03
  0.2489552920568E+03
  0.0000000000000E+00
  0.0000000000000E+00
  0.0000000000000E+00
  0.0000000000000E+00
  0.0000000000000E+00
  0.0000000000000E+00
  0.2489552920568E+03
  0.2489552920568E+03
  0.2489552920568E+03
  0.2489552920568E+03
  0.0000000000000E+00
  0.0000000000000E+00
  0.0000000000000E+00
  0.2489552920568E+03
  0.2489552920568E+03
  0.2489552920568E+03
  0.0000000000000E+00
  0.0000000000000E+00
  0.0000000000000E+00
  0.2489552920568E+03
  0.2489552920568E+03
  0.2489552920568E+03
  0.2489552920568E+03
  0.2576752813946E+03
  0.2576752813946E+03
  0.2576752813946E+03
  0.2576752813946E+03
  0.2576752813946E+03
  0.2576752813946E+03
  0.2576752813946E+03
  0.2576752813946E+03
  0.2576752813946E+03
  0.2576752813946E+03
  0.2576752813946E+03
  0.2576752813946E+03
  0.2576752813946E+03
  0.2576752813946E+03
  0.2576752813946E+03
  0.0000000000000E+00
  0.0000000000000E+00
  0.2576752813946E+03
  0.2576752813946E+03
  0.2576752813946E+03
  0.2576752813946E+03
  0.2576752813946E+03
  0.2576752813946E+03
  0.2576752813946E+03
  0.2576752813946E+03
  0.2576752813946E+03
  0.2576752813946E+03
  0.2576752813946E+03
  0.2576752813946E+03
  0.0000000000000E+00
  0.0000000000000E+00
  0.0000000000000E+00
  0.2576752813946E+03
  0.2576752813946E+03
  0.2576752813946E+03
  0.2576752813946E+03
  0.2646828351077E+03
  0.2646828351077E+03
  0.2646828351077E+03
  0.2646828351077E+03
  0.2646828351077E+03
  0.2646828351077E+03
  0.2646828351077E+03
  0.2646828351077E+03
  0.2646828351077E+03
  0.2646828351077E+03
  0.2646828351077E+03
  0.2646828351077E+03
  0.2646828351077E+03
  0.2646828351077E+03
  0.2646828351077E+03
  0.0000000000000E+00
  0.0000000000000E+00
  0.2646828351077E+03
  0.2646828351077E+03
  0.2646828351077E+03
  0.2646828351077E+03
  0.2646828351077E+03
  0.2646828351077E+03
  0.2646828351077E+03
  0.2646828351077E+03
  0.2646828351077E+03
  0.2646828351077E+03
  0.2646828351077E+03
  0.2646828351077E+03
  0.0000000000000E+00
  0.0000000000000E+00
  0.0000000000000E+00
  0.2646828351077E+03
  0.2646828351077E+03
  0.2646828351077E+03
  0.2646828351077E+03
  0.2670090652191E+03
  0.2670090652191E+03
  0.2670090652191E+03
  0.2670090652191E+03
  0.2670090652191E+03
  0.2670090652191E+03
  0.2670090652191E+03
  0.2670090652191E+03
  0.2670090652191E+03
  0.2670090652191E+03
  0.2670090652191E+03
  0.2670090652191E+03
  0.2670090652191E+03
  0.2670090652191E+03
  0.2670090652191E+03
  0.2670090652191E+03
  0.0000000000000E+00
  0.2670090652191E+03
  0.2670090652191E+03
  0.0000000000000E+00
  0.2670090652191E+03
  0.2670090652191E+03
  0.2670090652191E+03
  0.2670090652191E+03
  0.2670090652191E+03
  0.2670090652191E+03
  0.2670090652191E+03
  0.2670090652191E+03
  0.2670090652191E+03
  0.0000000000000E+00
  0.0000000000000E+00
  0.0000000000000E+00
  0.2670090652191E+03
  0.2670090652191E+03
  0.2670090652191E+03
  0.2670090652191E+03
  0.2681004848273E+03
  0.2681004848273E+03
  0.2681004848273E+03
  0.2681004848273E+03
  0.2681004848273E+03
  0.2681004848273E+03
  0.2681004848273E+03
  0.2681004848273E+03
  0.2681004848273E+03
  0.2681004848273E+03
  0.2681004848273E+03
  0.2681004848273E+03
  0.2681004848273E+03
  0.0000000000000E+00
  0.2681004848273E+03
  0.2681004848273E+03
  0.0000000000000E+00
  0.0000000000000E+00
  0.2681004848273E+03
  0.2681004848273E+03
  0.2681004848273E+03
  0.2681004848273E+03
  0.2681004848273E+03
  0.2681004848273E+03
  0.2681004848273E+03
  0.2681004848273E+03
  0.2681004848273E+03
  0.2681004848273E+03
  0.2681004848273E+03
  0.2681004848273E+03
  0.0000000000000E+00
  0.0000000000000E+00
  0.2681004848273E+03
  0.2681004848273E+03
  0.2681004848273E+03
  0.2681004848273E+03
  0.2653105705118E+03
  0.2653105705118E+03
  0.2653105705118E+03
  0.2653105705118E+03
  0.2653105705118E+03
  0.2653105705118E+03
  0.2653105705118E+03
  0.2653105705118E+03
  0.2653105705118E+03
  0.2653105705118E+03
  0.2653105705118E+03
  0.2653105705118E+03
  0.2653105705118E+03
  0.2653105705118E+03
  0.2653105705118E+03
  0.2653105705118E+03
  0.0000000000000E+00
  0.0000000000000E+00
  0.2653105705118E+03
  0.2653105705118E+03
  0.2653105705118E+03
  0.2653105705118E+03
  0.2653105705118E+03
  0.2653105705118E+03
  0.0000000000000E+00
  0.2653105705118E+03
  0.2653105705118E+03
  0.2653105705118E+03
  0.2653105705118E+03
  0.2653105705118E+03
  0.0000000000000E+00
  0.0000000000000E+00
  0.2653105705118E+03
  0.2653105705118E+03
  0.2653105705118E+03
  0.2653105705118E+03
  0.2586607012871E+03
  0.2586607012871E+03
  0.2586607012871E+03
  0.2586607012871E+03
  0.2586607012871E+03
  0.2586607012871E+03
  0.2586607012871E+03
  0.2586607012871E+03
  0.2586607012871E+03
  0.2586607012871E+03
  0.2586607012871E+03
  0.2586607012871E+03
  0.2586607012871E+03
  0.2586607012871E+03
  0.2586607012871E+03
  0.2586607012871E+03
  0.0000000000000E+00
  0.0000000000000E+00
  0.2586607012871E+03
  0.2586607012871E+03
  0.2586607012871E+03
  0.2586607012871E+03
  0.2586607012871E+03
  0.2586607012871E+03
  0.0000000000000E+00
  0.0000000000000E+00
  0.0000000000000E+00
  0.2586607012871E+03
  0.2586607012871E+03
  0.2586607012871E+03
  0.0000000000000E+00
  0.0000000000000E+00
  0.2586607012871E+03
  0.2586607012871E+03
  0.2586607012871E+03
  0.2586607012871E+03
  0.2487920462633E+03
  0.2487920462633E+03
  0.2487920462633E+03
  0.2487920462633E+03
  0.2487920462633E+03
  0.2487920462633E+03
  0.2487920462633E+03
  0.2487920462633E+03
  0.2487920462633E+03
  0.2487920462633E+03
  0.2487920462633E+03
  0.2487920462633E+03
  0.2487920462633E+03
  0.2487920462633E+03
  0.2487920462633E+03
  0.2487920462633E+03
  0.0000000000000E+00
  0.0000000000000E+00
  0.0000000000000E+00
  0.2487920462633E+03
  0.2487920462633E+03
  0.2487920462633E+03
  0.2487920462633E+03
  0.2487920462633E+03
  0.2487920462633E+03
  0.0000000000000E+00
  0.0000000000000E+00
  0.0000000000000E+00
  0.2487920462633E+03
  0.2487920462633E+03
  0.0000000000000E+00
  0.0000000000000E+00
  0.2487920462633E+03
  0.2487920462633E+03
  0.2487920462633E+03
  0.2487920462633E+03
  0.2395023963687E+03
  0.2395023963687E+03
  0.2395023963687E+03
  0.2395023963687E+03
  0.2395023963687E+03
  0.2395023963687E+03
  0.2395023963687E+03
  0.2395023963687E+03
  0.2395023963687E+03
  0.2395023963687E+03
  0.2395023963687E+03
  0.2395023963687E+03
  0.2395023963687E+03
  0.2395023963687E+03
  0.2395023963687E+03
  0.2395023963687E+03
  0.0000000000000E+00
  0.0000000000000E+00
  0.0000000000000E+00
  0.2395023963687E+03
  0.2395023963687E+03
  0.2395023963687E+03
  0.2395023963687E+03
  0.2395023963687E+03
  0.2395023963687E+03
  0.2395023963687E+03
  0.0000000000000E+00
  0.0000000000000E+00
  0.2395023963687E+03
  0.2395023963687E+03
  0.0000000000000E+00
  0.2395023963687E+03
  0.2395023963687E+03
  0.2395023963687E+03
  0.2395023963687E+03
  0.2395023963687E+03
  0.2335137264834E+03
  0.2335137264834E+03
  0.2335137264834E+03
  0.2335137264834E+03
  0.2335137264834E+03
  0.2335137264834E+03
  0.2335137264834E+03
  0.2335137264834E+03
  0.2335137264834E+03
  0.2335137264834E+03
  0.2335137264834E+03
  0.2335137264834E+03
  0.2335137264834E+03
  0.2335137264834E+03
  0.2335137264834E+03
  0.2335137264834E+03
  0.0000000000000E+00
  0.0000000000000E+00
  0.0000000000000E+00
  0.2335137264834E+03
  0.2335137264834E+03
  0.2335137264834E+03
  0.2335137264834E+03
  0.2335137264834E+03
  0.2335137264834E+03
  0.2335137264834E+03
  0.2335137264834E+03
  0.0000000000000E+00
  0.2335137264834E+03
  0.2335137264834E+03
  0.2335137264834E+03
  0.2335137264834E+03
  0.2335137264834E+03
  0.2335137264834E+03
  0.2335137264834E+03
  0.2335137264834E+03
  0.2318419429669E+03
  0.2318419429669E+03
  0.2318419429669E+03
  0.2318419429669E+03
  0.2318419429669E+03
  0.2318419429669E+03
  0.2318419429669E+03
  0.2318419429669E+03
  0.2318419429669E+03
  0.2318419429669E+03
  0.2318419429669E+03
  0.2318419429669E+03
  0.2318419429669E+03
  0.2318419429669E+03
  0.2318419429669E+03
  0.2318419429669E+03
  0.0000000000000E+00
  0.0000000000000E+00
  0.0000000000000E+00
  0.2318419429669E+03
  0.2318419429669E+03
  0.2318419429669E+03
  0.2318419429669E+03
  0.2318419429669E+03
  0.2318419429669E+03
  0.2318419429669E+03
  0.2318419429669E+03
  0.0000000000000E+00
  0.0000000000000E+00
  0.2318419429669E+03
  0.2318419429669E+03
  0.2318419429669E+03
  0.2318419429669E+03
  0.2318419429669E+03
  0.2318419429669E+03
  0.2318419429669E+03
  0.2278296286493E+03
  0.2278296286493E+03
  0.2278296286493E+03
  0.2278296286493E+03
  0.2278296286493E+03
  0.2278296286493E+03
  0.2278296286493E+03
  0.2278296286493E+03
  0.2278296286493E+03
  0.2278296286493E+03
  0.2278296286493E+03
  0.2278296286493E+03
  0.2278296286493E+03
  0.2278296286493E+03
  0.2278296286493E+03
  0.2278296286493E+03
  0.0000000000000E+00
  0.0000000000000E+00
  0.0000000000000E+00
  0.2278296286493E+03
  0.2278296286493E+03
  0.2278296286493E+03
  0.2278296286493E+03
  0.2278296286493E+03
  0.2278296286493E+03
  0.2278296286493E+03
  0.2278296286493E+03
  0.2278296286493E+03
  0.0000000000000E+00
  0.2278296286493E+03
  0.2278296286493E+03
  0.2278296286493E+03
  0.2278296286493E+03
  0.2278296286493E+03
  0.2278296286493E+03
  0.2278296286493E+03
  0.2205170765449E+03
  0.2205170765449E+03
  0.2205170765449E+03
  0.2205170765449E+03
  0.2205170765449E+03
  0.2205170765449E+03
  0.2205170765449E+03
  0.2205170765449E+03
  0.2205170765449E+03
  0.2205170765449E+03
  0.2205170765449E+03
  0.2205170765449E+03
  0.2205170765449E+03
  0.2205170765449E+03
  0.2205170765449E+03
  0.2205170765449E+03
  0.0000000000000E+00
  0.0000000000000E+00
  0.0000000000000E+00
  0.2205170765449E+03
  0.2205170765449E+03
  0.2205170765449E+03
  0.2205170765449E+03
  0.2205170765449E+03
  0.2205170765449E+03
  0.2205170765449E+03
  0.2205170765449E+03
  0.2205170765449E+03
  0.0000000000000E+00
  0.2205170765449E+03
  0.2205170765449E+03
  0.2205170765449E+03
  0.2205170765449E+03
  0.2205170765449E+03
  0.2205170765449E+03
  0.2205170765449E+03
  0.2102902105755E+03
  0.2102902105755E+03
  0.2102902105755E+03
  0.2102902105755E+03
  0.2102902105755E+03
  0.2102902105755E+03
  0.2102902105755E+03
  0.2102902105755E+03
  0.2102902105755E+03
  0.2102902105755E+03
  0.2102902105755E+03
  0.2102902105755E+03
  0.2102902105755E+03
  0.2102902105755E+03
  0.2102902105755E+03
  0.2102902105755E+03
  0.0000000000000E+00
  0.0000000000000E+00
  0.0000000000000E+00
  0.2102902105755E+03
  0.2102902105755E+03
  0.2102902105755E+03
  0.2102902105755E+03
  0.2102902105755E+03
  0.2102902105755E+03
  0.2102902105755E+03
  0.2102902105755E+03
  0.2102902105755E+03
  0.2102902105755E+03
  0.2102902105755E+03
  0.2102902105755E+03
  0.2102902105755E+03
  0.2102902105755E+03
  0.2102902105755E+03
  0.2102902105755E+03
  0.2102902105755E+03
  0.1967917899461E+03
  0.1967917899461E+03
  0.1967917899461E+03
  0.1967917899461E+03
  0.1967917899461E+03
  0.1967917899461E+03
  0.1967917899461E+03
  0.1967917899461E+03
  0.1967917899461E+03
  0.1967917899461E+03
  0.1967917899461E+03
  0.1967917899461E+03
  0.1967917899461E+03
  0.1967917899461E+03
  0.1967917899461E+03
  0.1967917899461E+03
  0.0000000000000E+00
  0.0000000000000E+00
  0.0000000000000E+00
  0.1967917899461E+03
  0.1967917899461E+03
  0.1967917899461E+03
  0.0000000000000E+00
  0.1967917899461E+03
  0.1967917899461E+03
  0.1967917899461E+03
  0.1967917899461E+03
  0.1967917899461E+03
  0.1967917899461E+03
  0.1967917899461E+03
  0.1967917899461E+03
  0.1967917899461E+03
  0.1967917899461E+03
  0.1967917899461E+03
  0.1967917899461E+03
  0.1967917899461E+03
  0.1883466139167E+03
  0.1883466139167E+03
  0.1883466139167E+03
  0.1883466139167E+03
  0.1883466139167E+03
  0.1883466139167E+03
  0.1883466139167E+03
  0.1883466139167E+03
  0.1883466139167E+03
  0.1883466139167E+03
  0.1883466139167E+03
  0.1883466139167E+03
  0.1883466139167E+03
  0.1883466139167E+03
  0.1883466139167E+03
  0.1883466139167E+03
  0.1883466139167E+03
  0.1883466139167E+03
  0.1883466139167E+03
  0.1883466139167E+03
  0.1883466139167E+03
  0.1883466139167E+03
  0.0000000000000E+00
  0.1883466139167E+03
  0.1883466139167E+03
  0.1883466139167E+03
  0.1883466139167E+03
  0.1883466139167E+03
  0.1883466139167E+03
  0.1883466139167E+03
  0.1883466139167E+03
  0.1883466139167E+03
  0.1883466139167E+03
  0.1883466139167E+03
  0.1883466139167E+03
  0.1883466139167E+03
  0.1794726165719E+03
  0.1794726165719E+03
  0.1794726165719E+03
  0.1794726165719E+03
  0.1794726165719E+03
  0.1794726165719E+03
  0.1794726165719E+03
  0.1794726165719E+03
  0.1794726165719E+03
  0.1794726165719E+03
  0.1794726165719E+03
  0.1794726165719E+03
  0.1794726165719E+03
  0.1794726165719E+03
  0.1794726165719E+03
  0.1794726165719E+03
  0.1794726165719E+03
  0.1794726165719E+03
  0.1794726165719E+03
  0.1794726165719E+03
  0.1794726165719E+03
  0.0000000000000E+00
  0.1794726165719E+03
  0.1794726165719E+03
  0.1794726165719E+03
  0.1794726165719E+03
  0.1794726165719E+03
  0.1794726165719E+03
  0.1794726165719E+03
  0.1794726165719E+03
  0.1794726165719E+03
  0.1794726165719E+03
  0.1794726165719E+03
  0.1794726165719E+03
  0.1794726165719E+03
  0.1794726165719E+03
  0.1691241565211E+03
  0.1691241565211E+03
  0.1691241565211E+03
  0.1691241565211E+03
  0.1691241565211E+03
  0.1691241565211E+03
  0.1691241565211E+03
  0.1691241565211E+03
  0.1691241565211E+03
  0.1691241565211E+03
  0.1691241565211E+03
  0.1691241565211E+03
  0.1691241565211E+03
  0.1691241565211E+03
  0.1691241565211E+03
  0.1691241565211E+03
  0.1691241565211E+03
  0.1691241565211E+03
  0.1691241565211E+03
  0.1691241565211E+03
  0.1691241565211E+03
  0.0000000000000E+00
  0.1691241565211E+03
  0.1691241565211E+03
  0.1691241565211E+03
  0.1691241565211E+03
  0.1691241565211E+03
  0.1691241565211E+03
  0.1691241565211E+03
  0.1691241565211E+03
  0.1691241565211E+03
  0.1691241565211E+03
  0.1691241565211E+03
  0.1691241565211E+03
  0.1691241565211E+03
  0.1691241565211E+03
  0.1562753070526E+03
  0.1562753070526E+03
  0.1562753070526E+03
  0.1562753070526E+03
  0.1562753070526E+03
  0.1562753070526E+03
  0.1562753070526E+03
  0.1562753070526E+03
  0.1562753070526E+03
  0.1562753070526E+03
  0.1562753070526E+03
  0.1562753070526E+03
  0.1562753070526E+03
  0.1562753070526E+03
  0.1562753070526E+03
  0.1562753070526E+03
  0.1562753070526E+03
  0.1562753070526E+03
  0.1562753070526E+03
  0.1562753070526E+03
  0.1562753070526E+03
  0.1562753070526E+03
  0.1562753070526E+03
  0.1562753070526E+03
  0.1562753070526E+03
  0.1562753070526E+03
  0.1562753070526E+03
  0.1562753070526E+03
  0.1562753070526E+03
  0.1562753070526E+03
  0.1562753070526E+03
  0.1562753070526E+03
  0.1562753070526E+03
  0.1562753070526E+03
  0.1562753070526E+03
  0.1562753070526E+03
  0.1423636708013E+03
  0.1423636708013E+03
  0.1423636708013E+03
  0.1423636708013E+03
  0.1423636708013E+03
  0.1423636708013E+03
  0.1423636708013E+03
  0.1423636708013E+03
  0.1423636708013E+03
  0.1423636708013E+03
  0.1423636708013E+03
  0.1423636708013E+03
  0.1423636708013E+03
  0.1423636708013E+03
  0.1423636708013E+03
  0.1423636708013E+03
  0.1423636708013E+03
  0.1423636708013E+03
  0.1423636708013E+03
  0.1423636708013E+03
  0.1423636708013E+03
  0.1423636708013E+03
  0.1423636708013E+03
  0.1423636708013E+03
  0.1423636708013E+03
  0.1423636708013E+03
  0.1423636708013E+03
  0.1423636708013E+03
  0.1423636708013E+03
  0.1423636708013E+03
  0.1423636708013E+03
  0.1423636708013E+03
  0.1423636708013E+03
  0.1423636708013E+03
  0.1423636708013E+03
  0.1423636708013E+03
  0.1275988949382E+03
  0.1275988949382E+03
  0.1275988949382E+03
  0.1275988949382E+03
  0.1275988949382E+03
  0.1275988949382E+03
  0.1275988949382E+03
  0.1275988949382E+03
  0.1275988949382E+03
  0.1275988949382E+03
  0.1275988949382E+03
  0.1275988949382E+03
  0.1275988949382E+03
  0.1275988949382E+03
  0.1275988949382E+03
  0.1275988949382E+03
  0.1275988949382E+03
  0.1275988949382E+03
  0.1275988949382E+03
  0.1275988949382E+03
  0.1275988949382E+03
  0.1275988949382E+03
  0.1275988949382E+03
  0.1275988949382E+03
  0.1275988949382E+03
  0.1275988949382E+03
  0.1275988949382E+03
  0.1275988949382E+03
  0.1275988949382E+03
  0.1275988949382E+03
  0.1275988949382E+03
  0.1275988949382E+03
  0.1275988949382E+03
  0.1275988949382E+03
  0.1275988949382E+03
  0.1275988949382E+03
  0.1120214574597E+03
  0.1120214574597E+03
  0.1120214574597E+03
  0.1120214574597E+03
  0.1120214574597E+03
  0.1120214574597E+03
  0.1120214574597E+03
  0.1120214574597E+03
  0.1120214574597E+03
  0.1120214574597E+03
  0.1120214574597E+03
  0.1120214574597E+03
  0.1120214574597E+03
  0.1120214574597E+03
  0.1120214574597E+03
  0.1120214574597E+03
  0.1120214574597E+03
  0.1120214574597E+03
  0.1120214574597E+03
  0.1120214574597E+03
  0.1120214574597E+03
  0.1120214574597E+03
  0.1120214574597E+03
  0.1120214574597E+03
  0.1120214574597E+03
  0.1120214574597E+03
  0.1120214574597E+03
  0.1120214574597E+03
  0.1120214574597E+03
  0.1120214574597E+03
  0.1120214574597E+03
  0.1120214574597E+03
  0.1120214574597E+03
  0.1120214574597E+03
  0.1120214574597E+03
  0.1120214574597E+03
  0.9382680969862E+02
  0.9382680969862E+02
  0.9382680969862E+02
  0.9382680969862E+02
  0.9382680969862E+02
  0.9382680969862E+02
  0.9382680969862E+02
  0.9382680969862E+02
  0.9382680969862E+02
  0.9382680969862E+02
  0.9382680969862E+02
  0.9382680969862E+02
  0.9382680969862E+02
  0.9382680969862E+02
  0.9382680969862E+02
  0.9382680969862E+02
  0.9382680969862E+02
  0.9382680969862E+02
  0.0000000000000E+00
  0.0000000000000E+00
  0.0000000000000E+00
  0.9382680969862E+02
  0.9382680969862E+02
  0.9382680969862E+02
  0.9382680969862E+02
  0.9382680969862E+02
  0.9382680969862E+02
  0.9382680969862E+02
  0.9382680969862E+02
  0.9382680969862E+02
  0.9382680969862E+02
  0.9382680969862E+02
  0.9382680969862E+02
  0.9382680969862E+02
  0.9382680969862E+02
  0.9382680969862E+02
  0.7537680040300E+02
  0.7537680040300E+02
  0.7537680040300E+02
  0.7537680040300E+02
  0.7537680040300E+02
  0.7537680040300E+02
  0.7537680040300E+02
  0.7537680040300E+02
  0.7537680040300E+02
  0.7537680040300E+02
  0.7537680040300E+02
  0.7537680040300E+02
  0.7537680040300E+02
  0.7537680040300E+02
  0.7537680040300E+02
  0.7537680040300E+02
  0.7537680040300E+02
  0.7537680040300E+02
  0.0000000000000E+00
  0.0000000000000E+00
  0.0000000000000E+00
  0.7537680040300E+02
  0.7537680040300E+02
  0.7537680040300E+02
  0.7537680040300E+02
  0.7537680040300E+02
  0.7537680040300E+02
  0.7537680040300E+02
  0.7537680040300E+02
  0.7537680040300E+02
  0.7537680040300E+02
  0.7537680040300E+02
  0.7537680040300E+02
  0.7537680040300E+02
  0.7537680040300E+02
  0.7537680040300E+02
  0.5754631732502E+02
  0.5754631732502E+02
  0.5754631732502E+02
  0.5754631732502E+02
  0.5754631732502E+02
  0.5754631732502E+02
  0.5754631732502E+02
  0.5754631732502E+02
  0.5754631732502E+02
  0.5754631732502E+02
  0.5754631732502E+02
  0.5754631732502E+02
  0.5754631732502E+02
  0.5754631732502E+02
  0.5754631732502E+02
  0.5754631732502E+02
  0.5754631732502E+02
  0.5754631732502E+02
  0.0000000000000E+00
  0.0000000000000E+00
  0.0000000000000E+00
  0.5754631732502E+02
  0.5754631732502E+02
  0.5754631732502E+02
  0.5754631732502E+02
  0.5754631732502E+02
  0.5754631732502E+02
  0.5754631732502E+02
  0.5754631732502E+02
  0.5754631732502E+02
  0.5754631732502E+02
  0.5754631732502E+02
  0.5754631732502E+02
  0.5754631732502E+02
  0.5754631732502E+02
  0.5754631732502E+02
  0.4198351326606E+02
  0.4198351326606E+02
  0.4198351326606E+02
  0.4198351326606E+02
  0.4198351326606E+02
  0.4198351326606E+02
  0.4198351326606E+02
  0.4198351326606E+02
  0.4198351326606E+02
  0.4198351326606E+02
  0.4198351326606E+02
  0.4198351326606E+02
  0.4198351326606E+02
  0.4198351326606E+02
  0.4198351326606E+02
  0.4198351326606E+02
  0.4198351326606E+02
  0.4198351326606E+02
  0.4198351326606E+02
  0.4198351326606E+02
  0.4198351326606E+02
  0.4198351326606E+02
  0.4198351326606E+02
  0.4198351326606E+02
  0.4198351326606E+02
  0.4198351326606E+02
  0.4198351326606E+02
  0.4198351326606E+02
  0.4198351326606E+02
  0.4198351326606E+02
  0.4198351326606E+02
  0.4198351326606E+02
  0.4198351326606E+02
  0.4198351326606E+02
  0.4198351326606E+02
  0.4198351326606E+02
  0.2682287757944E+02
  0.2682287757944E+02
  0.2682287757944E+02
  0.2682287757944E+02
  0.2682287757944E+02
  0.2682287757944E+02
  0.2682287757944E+02
  0.2682287757944E+02
  0.2682287757944E+02
  0.2682287757944E+02
  0.2682287757944E+02
  0.2682287757944E+02
  0.2682287757944E+02
  0.2682287757944E+02
  0.2682287757944E+02
  0.2682287757944E+02
  0.2682287757944E+02
  0.2682287757944E+02
  0.2682287757944E+02
  0.2682287757944E+02
  0.2682287757944E+02
  0.2682287757944E+02
  0.2682287757944E+02
  0.2682287757944E+02
  0.2682287757944E+02
  0.2682287757944E+02
  0.2682287757944E+02
  0.2682287757944E+02
  0.2682287757944E+02
  0.2682287757944E+02
  0.2682287757944E+02
  0.2682287757944E+02
  0.2682287757944E+02
  0.2682287757944E+02
  0.2682287757944E+02
  0.2682287757944E+02
  0.1252977694978E+02
  0.1252977694978E+02
  0.1252977694978E+02
  0.1252977694978E+02
  0.1252977694978E+02
  0.1252977694978E+02
  0.1252977694978E+02
  0.1252977694978E+02
  0.1252977694978E+02
  0.1252977694978E+02
  0.1252977694978E+02
  0.1252977694978E+02
  0.1252977694978E+02
  0.1252977694978E+02
  0.1252977694978E+02
  0.1252977694978E+02
  0.1252977694978E+02
  0.1252977694978E+02
  0.1252977694978E+02
  0.1252977694978E+02
  0.1252977694978E+02
  0.1252977694978E+02
  0.1252977694978E+02
  0.1252977694978E+02
  0.1252977694978E+02
  0.1252977694978E+02
  0.1252977694978E+02
  0.1252977694978E+02
  0.1252977694978E+02
  0.1252977694978E+02
  0.1252977694978E+02
  0.1252977694978E+02
  0.1252977694978E+02
  0.1252977694978E+02
  0.1252977694978E+02
  0.1252977694978E+02
  0.4763355016067E+00
  0.4763355016067E+00
  0.4763355016067E+00
  0.4763355016067E+00
  0.4763355016067E+00
  0.4763355016067E+00
  0.4763355016067E+00
  0.4763355016067E+00
  0.4763355016067E+00
  0.4763355016067E+00
  0.4763355016067E+00
  0.4763355016067E+00
  0.4763355016067E+00
  0.4763355016067E+00
  0.4763355016067E+00
  0.4763355016067E+00
  0.4763355016067E+00
  0.4763355016067E+00
  0.4763355016067E+00
  0.4763355016067E+00
  0.4763355016067E+00
  0.4763355016067E+00
  0.4763355016067E+00
  0.4763355016067E+00
  0.4763355016067E+00
  0.4763355016067E+00
  0.4763355016067E+00
  0.4763355016067E+00
  0.4763355016067E+00
  0.4763355016067E+00
  0.4763355016067E+00
  0.4763355016067E+00
  0.4763355016067E+00
  0.4763355016067E+00
  0.4763355016067E+00
  0.4763355016067E+00
  0.0000000000000E+00
  0.0000000000000E+00
  0.0000000000000E+00
  0.0000000000000E+00
  0.0000000000000E+00
  0.0000000000000E+00
  0.0000000000000E+00
  0.0000000000000E+00
  0.0000000000000E+00
  0.0000000000000E+00
  0.0000000000000E+00
  0.0000000000000E+00
  0.0000000000000E+00
  0.0000000000000E+00
  0.0000000000000E+00
  0.0000000000000E+00
  0.0000000000000E+00
  0.0000000000000E+00
  0.0000000000000E+00
  0.0000000000000E+00
  0.0000000000000E+00
  0.0000000000000E+00
  0.0000000000000E+00
  0.0000000000000E+00
  0.0000000000000E+00
  0.0000000000000E+00
  0.0000000000000E+00
  0.0000000000000E+00
  0.0000000000000E+00
  0.0000000000000E+00
  0.0000000000000E+00
  0.0000000000000E+00
  0.0000000000000E+00
  0.0000000000000E+00
  0.0000000000000E+00
  0.0000000000000E+00
  0.0000000000000E+00
 -0.1331997784476E+02
 -0.1307538323688E+02
 -0.1250438087614E+02
 -0.1337667492415E+02
  0.0000000000000E+00
 -0.1116120633745E+02
 -0.1255558827416E+02
 -0.1559829012579E+02
 -0.1249267415953E+02
 -0.1345406358595E+02
 -0.5402207393630E+01
  0.0000000000000E+00
  0.0000000000000E+00
  0.0000000000000E+00
  0.0000000000000E+00
  0.0000000000000E+00
  0.0000000000000E+00
  0.0000000000000E+00
  0.0000000000000E+00
  0.0000000000000E+00
  0.0000000000000E+00
  0.0000000000000E+00
  0.0000000000000E+00
  0.0000000000000E+00
  0.0000000000000E+00
  0.0000000000000E+00
  0.0000000000000E+00
  0.0000000000000E+00
  0.0000000000000E+00
  0.0000000000000E+00
  0.1029804521765E+02
 -0.1093868692308E+01
 -0.8775227215206E+01
 -0.1384021576845E+02
 -0.1654618693615E+02
 -0.2220826366531E+02
  0.0000000000000E+00
  0.0000000000000E+00
  0.0000000000000E+00
 -0.2388409607686E+02
 -0.2694596808702E+02
 -0.2717010004829E+02
 -0.2690706069468E+02
 -0.2579260926891E+02
  0.0000000000000E+00
 -0.1337960168497E+02
 -0.9741653319141E+01
 -0.3524359244717E+01
  0.5353082890468E+01
  0.1721738414647E+02
  0.0000000000000E+00
  0.0000000000000E+00
  0.0000000000000E+00
  0.0000000000000E+00
  0.0000000000000E+00
  0.0000000000000E+00
  0.0000000000000E+00
  0.0000000000000E+00
  0.0000000000000E+00
  0.0000000000000E+00
  0.0000000000000E+00
  0.0000000000000E+00
  0.0000000000000E+00
  0.0000000000000E+00
  0.0000000000000E+00
  0.0000000000000E+00
  0.0000000000000E+00
  0.3619542691065E+01
 -0.9736181916349E+01
 -0.1804147887397E+02
 -0.2176653683544E+02
 -0.2815335169858E+02
 -0.2856118159849E+02
 -0.2833911122394E+02
 -0.2610334140992E+02
 -0.2410063080762E+02
 -0.2607562954388E+02
 -0.2680115243670E+02
 -0.2828910521873E+02
 -0.2894313495958E+02
 -0.2848211759956E+02
  0.0000000000000E+00
 -0.1465959468810E+02
 -0.2062329262875E+01
  0.9243360310841E+01
  0.2134009879627E+02
  0.0000000000000E+00
  0.0000000000000E+00
  0.0000000000000E+00
  0.0000000000000E+00
  0.0000000000000E+00
  0.0000000000000E+00
  0.0000000000000E+00
  0.0000000000000E+00
  0.0000000000000E+00
  0.0000000000000E+00
  0.0000000000000E+00
  0.0000000000000E+00
  0.0000000000000E+00
  0.0000000000000E+00
  0.0000000000000E+00
  0.0000000000000E+00
  0.0000000000000E+00
 -0.6201434924673E+01
 -0.1738556132239E+02
 -0.2519636399419E+02
 -0.2849170053892E+02
 -0.3541580068343E+02
 -0.3448496828511E+02
 -0.3351474591479E+02
 -0.3254552907378E+02
 -0.2985124106269E+02
 -0.2952558159287E+02
 -0.3050315012446E+02
 -0.3139671549757E+02
 -0.3174889469794E+02
 -0.3102364457771E+02
 -0.2546026956195E+02
 -0.1839323006436E+02
  0.0000000000000E+00
  0.0000000000000E+00
  0.0000000000000E+00
  0.0000000000000E+00
  0.0000000000000E+00
  0.0000000000000E+00
  0.0000000000000E+00
  0.0000000000000E+00
  0.0000000000000E+00
  0.0000000000000E+00
  0.0000000000000E+00
  0.0000000000000E+00
  0.0000000000000E+00
  0.0000000000000E+00
  0.0000000000000E+00
  0.0000000000000E+00
  0.0000000000000E+00
  0.0000000000000E+00
  0.0000000000000E+00
  0.0000000000000E+00
 -0.2590419190485E+02
 -0.2964624191703E+02
 -0.3409673525475E+02
 -0.3544170831517E+02
 -0.4020249692297E+02
 -0.3945796416693E+02
 -0.3831814739228E+02
 -0.3754008278722E+02
 -0.3627702805048E+02
 -0.3528746766095E+02
 -0.3482491965943E+02
 -0.3460841512493E+02
 -0.3413862593860E+02
 -0.3342935488846E+02
 -0.3078675913592E+02
 -0.2459295906478E+02
  0.0000000000000E+00
  0.0000000000000E+00
  0.0000000000000E+00
  0.0000000000000E+00
  0.0000000000000E+00
  0.0000000000000E+00
  0.0000000000000E+00
  0.0000000000000E+00
  0.0000000000000E+00
  0.2316515103272E+01
  0.8073462252033E+01
  0.0000000000000E+00
  0.0000000000000E+00
  0.0000000000000E+00
  0.0000000000000E+00
  0.0000000000000E+00
  0.0000000000000E+00
  0.0000000000000E+00
  0.0000000000000E+00
  0.0000000000000E+00
 -0.3453208561394E+02
 -0.3651450598329E+02
 -0.3847588630398E+02
 -0.3981277235372E+02
 -0.4490867804858E+02
 -0.4459476788963E+02
 -0.4390152744418E+02
 -0.4334272648369E+02
 -0.4255433326356E+02
 -0.4155533067116E+02
 -0.4059203944709E+02
 -0.3970809378204E+02
 -0.3868677420326E+02
 -0.3773150824679E+02
 -0.3609697983864E+02
 -0.3163645015382E+02
 -0.2721838763635E+02
  0.0000000000000E+00
  0.0000000000000E+00
  0.0000000000000E+00
  0.0000000000000E+00
  0.0000000000000E+00
  0.0000000000000E+00
  0.0000000000000E+00
 -0.1587949145831E+02
 -0.1367222902217E+02
 -0.8009237161925E+01
  0.0000000000000E+00
  0.0000000000000E+00
  0.0000000000000E+00
  0.0000000000000E+00
 -0.9169292468959E+01
 -0.4889753488847E+01
  0.0000000000000E+00
  0.0000000000000E+00
  0.0000000000000E+00
 -0.3936089183735E+02
 -0.4039724300243E+02
 -0.4297982229949E+02
 -0.4454171895703E+02
 -0.5053545118341E+02
 -0.5104027519276E+02
 -0.5168475195276E+02
 -0.5207903031751E+02
 -0.5172083112219E+02
 -0.5075165516915E+02
 -0.4940036967666E+02
 -0.4793417801718E+02
 -0.4641896780916E+02
 -0.4520695335783E+02
 -0.4346954689322E+02
 -0.4007792322526E+02
 -0.3397604138332E+02
  0.0000000000000E+00
  0.0000000000000E+00
  0.0000000000000E+00
  0.0000000000000E+00
  0.0000000000000E+00
  0.0000000000000E+00
 -0.2204149050904E+02
 -0.2704802544791E+02
 -0.2714697462968E+02
 -0.2223224169225E+02
  0.0000000000000E+00
  0.0000000000000E+00
  0.0000000000000E+00
 -0.2386803095283E+02
 -0.2192947770147E+02
 -0.1895167010588E+02
  0.0000000000000E+00
  0.0000000000000E+00
  0.0000000000000E+00
 -0.4156154166143E+02
 -0.4487489937240E+02
 -0.4874427483899E+02
 -0.5030258182257E+02
 -0.5820191490850E+02
 -0.5895400328144E+02
 -0.5958512028480E+02
 -0.5972696733106E+02
 -0.5969460269669E+02
 -0.5961633584652E+02
 -0.5953150240489E+02
 -0.5978055574807E+02
 -0.6040813359126E+02
 -0.5988332369726E+02
 -0.5661749888051E+02
 -0.5146927197260E+02
 -0.4129653010786E+02
 -0.3606462539257E+02
 -0.3088345746757E+02
  0.0000000000000E+00
  0.0000000000000E+00
 -0.3531288454407E+02
 -0.3226784200593E+02
 -0.3224978594527E+02
 -0.3779379981166E+02
 -0.3954567471764E+02
 -0.3691530901453E+02
 -0.3403661306138E+02
 -0.3220231486728E+02
 -0.3194287506160E+02
 -0.3399749458711E+02
 -0.3458530066369E+02
 -0.3487978206244E+02
  0.0000000000000E+00
  0.0000000000000E+00
  0.0000000000000E+00
 -0.4801275144708E+02
 -0.5283089443094E+02
 -0.5749946337529E+02
 -0.5793412634722E+02
 -0.5806574359979E+02
 -0.5632853803171E+02
 -0.5569382398724E+02
 -0.5527231816622E+02
 -0.5487755177859E+02
 -0.5458675740249E+02
 -0.5456857135706E+02
 -0.5499382772952E+02
 -0.5597933351118E+02
 -0.5751576875907E+02
 -0.5964502937180E+02
 -0.6370972273181E+02
 -0.5025085327118E+02
 -0.4380330784753E+02
 -0.3839293912187E+02
  0.0000000000000E+00
  0.0000000000000E+00
 -0.4849622787823E+02
 -0.4288101794952E+02
 -0.4171544510896E+02
 -0.5049416536066E+02
 -0.5222990976914E+02
 -0.6054716212123E+02
 -0.5108880717617E+02
 -0.5157862100934E+02
 -0.4872231060235E+02
 -0.4834534991332E+02
 -0.4989778309565E+02
 -0.5355083878464E+02
  0.0000000000000E+00
  0.0000000000000E+00
  0.0000000000000E+00
 -0.5088375947161E+02
 -0.5988155745562E+02
 -0.6293302817253E+02
 -0.6113206814912E+02
 -0.5389495383643E+02
 -0.5346539635223E+02
 -0.5314313482099E+02
 -0.5280959862090E+02
 -0.5239877560430E+02
 -0.5214035952068E+02
 -0.5211009279826E+02
 -0.5238414383322E+02
 -0.5298015457047E+02
 -0.5380698665424E+02
 -0.5453711722449E+02
 -0.5496016660267E+02
 -0.5041766348048E+02
 -0.4794659691667E+02
 -0.4381033862666E+02
 -0.3783286882133E+02
  0.0000000000000E+00
 -0.4233301463795E+02
 -0.4718126514892E+02
  0.0000000000000E+00
 -0.5654545575630E+02
 -0.5173662310924E+02
 -0.4982880671941E+02
 -0.4578365833338E+02
 -0.4519698047290E+02
 -0.4645683697017E+02
 -0.4832024258094E+02
 -0.4807908596532E+02
 -0.4492842594525E+02
  0.0000000000000E+00
  0.0000000000000E+00
  0.0000000000000E+00
 -0.5291534820082E+02
 -0.5458031376424E+02
 -0.5579389830335E+02
 -0.5482101098984E+02
 -0.5329901084234E+02
 -0.5319202126855E+02
 -0.5292011277646E+02
 -0.5264169273263E+02
 -0.5241430465134E+02
 -0.5240224774961E+02
 -0.5259464766264E+02
 -0.5300452743038E+02
 -0.5344554895404E+02
 -0.5355477088734E+02
 -0.5304760310771E+02
 -0.5172428891290E+02
 -0.4903408917454E+02
  0.0000000000000E+00
 -0.4616865853478E+02
 -0.3986023406565E+02
  0.0000000000000E+00
  0.0000000000000E+00
 -0.4954137115818E+02
 -0.4908576617168E+02
 -0.5076104333499E+02
 -0.4998282352450E+02
 -0.4797491698899E+02
 -0.4551486018810E+02
 -0.4366874514214E+02
 -0.4612453706615E+02
 -0.4578002614033E+02
 -0.4593275949165E+02
 -0.4318465067517E+02
 -0.4196422246525E+02
  0.0000000000000E+00
  0.0000000000000E+00
 -0.5378805803280E+02
 -0.5252448285681E+02
 -0.5385236556616E+02
 -0.5351656395450E+02
 -0.5362796517936E+02
 -0.5364829232387E+02
 -0.5356979375820E+02
 -0.5359793766908E+02
 -0.5378675062314E+02
 -0.5411659222099E+02
 -0.5446537623135E+02
 -0.5470109383644E+02
 -0.5447881673876E+02
 -0.5361303905625E+02
 -0.5221535797252E+02
 -0.5073183394253E+02
 -0.4927876848949E+02
 -0.5103814650835E+02
 -0.4662344158086E+02
 -0.4279959018572E+02
  0.0000000000000E+00
  0.0000000000000E+00
 -0.4906171340926E+02
 -0.4838649112171E+02
 -0.5005100912084E+02
 -0.5014723986710E+02
 -0.4940428250976E+02
 -0.4780403494592E+02
  0.0000000000000E+00
 -0.4853185179739E+02
 -0.4437160614666E+02
 -0.4601546348488E+02
 -0.4436405433806E+02
 -0.4280030567118E+02
  0.0000000000000E+00
  0.0000000000000E+00
 -0.5474275745686E+02
 -0.5216290876181E+02
 -0.5318208722265E+02
 -0.5345824567255E+02
 -0.5455319328760E+02
 -0.5473805404563E+02
 -0.5498538062280E+02
 -0.5545289257808E+02
 -0.5616083161048E+02
 -0.5681935676087E+02
 -0.5709100965151E+02
 -0.5664668692702E+02
 -0.5525822980476E+02
 -0.5348586526754E+02
 -0.5195662228017E+02
 -0.5091691953694E+02
 -0.5010690586853E+02
 -0.5124940072077E+02
 -0.4794265613659E+02
 -0.4431059240469E+02
  0.0000000000000E+00
  0.0000000000000E+00
 -0.4786579770353E+02
 -0.5005358350063E+02
 -0.5098229413595E+02
 -0.5161749754051E+02
 -0.5174301106874E+02
 -0.5042654274955E+02
  0.0000000000000E+00
  0.0000000000000E+00
  0.0000000000000E+00
 -0.4733804246633E+02
 -0.4553133459697E+02
 -0.4558500751640E+02
  0.0000000000000E+00
  0.0000000000000E+00
 -0.5531222981688E+02
 -0.5231346616289E+02
 -0.5329808044424E+02
 -0.5408130525265E+02
 -0.5604407288764E+02
 -0.5632090112328E+02
 -0.5679137985574E+02
 -0.5761037506160E+02
 -0.5896476653269E+02
 -0.5972312375128E+02
 -0.5938868107340E+02
 -0.5787155281919E+02
 -0.5566819820771E+02
 -0.5375565864397E+02
 -0.5250623688160E+02
 -0.5199304553962E+02
 -0.5189096192995E+02
 -0.5281897424734E+02
 -0.5001960331913E+02
 -0.4613595575845E+02
  0.0000000000000E+00
  0.0000000000000E+00
  0.0000000000000E+00
 -0.5613151958892E+02
 -0.5297692582989E+02
 -0.5364438140296E+02
 -0.5413526662388E+02
 -0.5496991439626E+02
 -0.7037342063144E+02
  0.0000000000000E+00
  0.0000000000000E+00
  0.0000000000000E+00
 -0.4784783123934E+02
 -0.4824289058837E+02
  0.0000000000000E+00
  0.0000000000000E+00
 -0.5555170811653E+02
 -0.5318399660962E+02
 -0.5448444522622E+02
 -0.5540462350939E+02
 -0.5760322002715E+02
 -0.5796808407645E+02
 -0.5878085621486E+02
 -0.6043296810212E+02
 -0.6225254576508E+02
 -0.6206974178076E+02
 -0.6019905085637E+02
 -0.5787940768838E+02
 -0.5562890807703E+02
 -0.5403035570175E+02
 -0.5333275387118E+02
 -0.5342264424720E+02
 -0.5397033691406E+02
 -0.5582988537424E+02
 -0.5290397325058E+02
 -0.4975745254837E+02
  0.0000000000000E+00
  0.0000000000000E+00
  0.0000000000000E+00
 -0.5971621899213E+02
 -0.5484167173941E+02
 -0.5483779907726E+02
 -0.5684765206394E+02
 -0.5790999875488E+02
 -0.7167783221643E+02
 -0.7505459512013E+02
  0.0000000000000E+00
  0.0000000000000E+00
 -0.4991190861908E+02
 -0.5162529154829E+02
  0.0000000000000E+00
 -0.5793559804638E+02
 -0.5450630281542E+02
 -0.5457000542236E+02
 -0.5583869212265E+02
 -0.5698042203713E+02
 -0.5623851336053E+02
 -0.5642761304534E+02
 -0.5717298892910E+02
 -0.5826075886347E+02
 -0.5866642911143E+02
 -0.5793003854592E+02
 -0.5641024889588E+02
 -0.5468691067777E+02
 -0.5304644592461E+02
 -0.5168390846462E+02
 -0.5108284981492E+02
 -0.5272516049802E+02
 -0.5617546935934E+02
 -0.6050234124811E+02
 -0.5615385598688E+02
 -0.5487205702308E+02
  0.0000000000000E+00
  0.0000000000000E+00
  0.0000000000000E+00
 -0.6334273914606E+02
 -0.5919749381055E+02
 -0.5861280321747E+02
 -0.5979387206570E+02
 -0.6211588221919E+02
 -0.7398219301076E+02
 -0.7640202246072E+02
 -0.7276179940588E+02
  0.0000000000000E+00
 -0.5208521376905E+02
 -0.5627250767611E+02
 -0.6155952088139E+02
 -0.5720373550195E+02
 -0.5618962352977E+02
 -0.5556185366440E+02
 -0.5580937987096E+02
 -0.5622803670702E+02
 -0.5677913033524E+02
 -0.5677452053821E+02
 -0.5643214628817E+02
 -0.5579349753180E+02
 -0.5493965770633E+02
 -0.5390839851517E+02
 -0.5281930359869E+02
 -0.5170957453630E+02
 -0.5048363609365E+02
 -0.4978272828850E+02
 -0.4997860340939E+02
 -0.5181535106975E+02
 -0.5795023512927E+02
 -0.6574651887372E+02
 -0.5894918577530E+02
 -0.5894642854726E+02
  0.0000000000000E+00
  0.0000000000000E+00
  0.0000000000000E+00
 -0.6706570646321E+02
 -0.6468872862171E+02
 -0.6408050522861E+02
 -0.6411405740149E+02
 -0.6619081899535E+02
 -0.7432936509139E+02
 -0.7533988721858E+02
 -0.6986844850382E+02
  0.0000000000000E+00
  0.0000000000000E+00
 -0.6131409321184E+02
 -0.6141957235816E+02
 -0.5845989553884E+02
 -0.5766394969608E+02
 -0.5662717168156E+02
 -0.5675091721554E+02
 -0.5679733501909E+02
 -0.5654673718804E+02
 -0.5610155678330E+02
 -0.5550721449369E+02
 -0.5478699716414E+02
 -0.5389934316242E+02
 -0.5287988815726E+02
 -0.5192178118694E+02
 -0.5132610549120E+02
 -0.5124940050514E+02
 -0.5171585511244E+02
 -0.5275450299568E+02
 -0.5479101703827E+02
 -0.5940538591799E+02
 -0.6849681373685E+02
 -0.6143461010895E+02
 -0.5825293349525E+02
  0.0000000000000E+00
  0.0000000000000E+00
  0.0000000000000E+00
 -0.7093031602715E+02
 -0.6947217188287E+02
 -0.7222625649031E+02
 -0.7132722232902E+02
 -0.7167856250198E+02
 -0.7581696972068E+02
 -0.7538344252342E+02
 -0.7301239381727E+02
 -0.6878303898168E+02
  0.0000000000000E+00
 -0.6758167304405E+02
 -0.6205594593749E+02
 -0.5971397640720E+02
 -0.5845900838283E+02
 -0.5759880203993E+02
 -0.5723428235678E+02
 -0.5690075765092E+02
 -0.5684516975407E+02
 -0.5590922961127E+02
 -0.5493500453697E+02
 -0.5401385966602E+02
 -0.5298607747741E+02
 -0.5181198832398E+02
 -0.5067953504775E+02
 -0.4995732033238E+02
 -0.4989198362713E+02
 -0.5044478346561E+02
 -0.5156367362223E+02
 -0.5345292565026E+02
 -0.5696117830159E+02
 -0.6404476058829E+02
 -0.6314305259612E+02
 -0.6036176416923E+02
  0.0000000000000E+00
  0.0000000000000E+00
  0.0000000000000E+00
 -0.6915080402334E+02
 -0.6991476414396E+02
 -0.7612132065057E+02
 -0.7269224359937E+02
 -0.7342587251297E+02
 -0.7700215367782E+02
 -0.7512584081899E+02
 -0.7162208219168E+02
 -0.6477715943857E+02
  0.0000000000000E+00
 -0.6640988014047E+02
 -0.6356867842381E+02
 -0.6123235533866E+02
 -0.5959924085010E+02
 -0.5881379199031E+02
 -0.5825978346823E+02
 -0.5761007289280E+02
 -0.5532214866754E+02
 -0.5424104102646E+02
 -0.5319890751061E+02
 -0.5209231494346E+02
 -0.5081392349828E+02
 -0.4938766707347E+02
 -0.4801681092047E+02
 -0.4704113633506E+02
 -0.4663630638786E+02
 -0.4678789283234E+02
 -0.4742641897685E+02
 -0.4872459232920E+02
 -0.5142976867142E+02
 -0.5684341436532E+02
 -0.6134233403962E+02
 -0.6072503691278E+02
  0.0000000000000E+00
  0.0000000000000E+00
  0.0000000000000E+00
 -0.6545358053767E+02
 -0.6874455418832E+02
 -0.7237472946245E+02
 -0.7081425360163E+02
 -0.6685848682528E+02
 -0.6967729453059E+02
 -0.6795245671438E+02
 -0.6393904999978E+02
 -0.5951587755374E+02
 -0.5735284939239E+02
 -0.6309552470355E+02
 -0.6330661094213E+02
 -0.6163428217100E+02
 -0.5997356374364E+02
 -0.5924928455926E+02
 -0.5806989388185E+02
 -0.5656176278865E+02
 -0.6135732513242E+02
 -0.6062419258453E+02
 -0.5975898458623E+02
 -0.5863455757711E+02
 -0.5715589669663E+02
 -0.5537373567911E+02
 -0.5355321912774E+02
 -0.5201198623299E+02
 -0.5088925840487E+02
 -0.5003757510652E+02
 -0.4925672798264E+02
 -0.4872138426900E+02
 -0.4959654982774E+02
 -0.5070512544203E+02
 -0.5293295133698E+02
 -0.5699814565896E+02
  0.0000000000000E+00
  0.0000000000000E+00
  0.0000000000000E+00
 -0.6119675083620E+02
 -0.6824777865475E+02
 -0.6721594662815E+02
  0.0000000000000E+00
 -0.6202656453295E+02
 -0.6154494139320E+02
 -0.6070166323519E+02
 -0.5794682671741E+02
 -0.5529200942854E+02
 -0.5514999217417E+02
 -0.5803451743091E+02
 -0.5934652115253E+02
 -0.5989274565086E+02
 -0.6138777007709E+02
 -0.6243388556736E+02
 -0.6243396981526E+02
 -0.6196267425408E+02
 -0.6112864115091E+02
 -0.6168585135845E+02
 -0.6212076494121E+02
 -0.6204694678745E+02
 -0.6121716270163E+02
 -0.5960849216964E+02
 -0.5762134175696E+02
 -0.5579539245532E+02
 -0.5440611547704E+02
 -0.5333475232225E+02
 -0.5241856655517E+02
 -0.5158947468032E+02
 -0.5039692727313E+02
 -0.4673997528347E+02
 -0.4627669057676E+02
 -0.4871804966614E+02
 -0.4469197806852E+02
 -0.4791278609289E+02
 -0.5317354570111E+02
 -0.5709737939163E+02
 -0.6587204274018E+02
 -0.6860949513419E+02
  0.0000000000000E+00
 -0.5785605496367E+02
 -0.5453441465194E+02
 -0.5446736601947E+02
 -0.5394349577977E+02
 -0.5191343851963E+02
 -0.5130577406736E+02
 -0.5274456207268E+02
 -0.5347514352350E+02
 -0.5426511243945E+02
 -0.5551906089297E+02
 -0.5774284672852E+02
 -0.5944072286745E+02
 -0.6048252517192E+02
 -0.5398773180899E+02
 -0.5484664684544E+02
 -0.5624237258197E+02
 -0.5797704411223E+02
 -0.5944459222548E+02
 -0.6002074162880E+02
 -0.5941147216993E+02
 -0.5805922002829E+02
 -0.5650633758070E+02
 -0.5509362618551E+02
 -0.5389099313778E+02
 -0.5280406586126E+02
 -0.5132141291614E+02
 -0.4858155836612E+02
 -0.4428833105634E+02
 -0.4258775387578E+02
 -0.4730325264164E+02
 -0.5102247531386E+02
 -0.5243251227058E+02
 -0.5418560064737E+02
 -0.5986759707532E+02
  0.0000000000000E+00
 -0.5941618369585E+02
 -0.5227801918694E+02
 -0.5163954887332E+02
 -0.5185703958699E+02
 -0.5167512231818E+02
 -0.5083125056599E+02
 -0.4934723123705E+02
 -0.4852328466556E+02
 -0.4855344193854E+02
 -0.4936647526302E+02
 -0.5025219314890E+02
 -0.5126503432061E+02
 -0.5238679277180E+02
 -0.5333565973700E+02
 -0.5062549814923E+02
 -0.5081294841749E+02
 -0.5136307743295E+02
 -0.5249799433201E+02
 -0.5414761676233E+02
 -0.5597151650839E+02
 -0.5744086929305E+02
 -0.5790214964587E+02
 -0.5726421109219E+02
 -0.5607535514797E+02
 -0.5476531804993E+02
 -0.5345662855809E+02
 -0.5202057817139E+02
 -0.5017994856115E+02
 -0.4814514986144E+02
 -0.4837359433014E+02
 -0.5072487025493E+02
 -0.5193888089646E+02
 -0.5212490125305E+02
 -0.5248848816881E+02
 -0.5435485366186E+02
  0.0000000000000E+00
 -0.5712612612553E+02
 -0.5213879037119E+02
 -0.5117398920509E+02
 -0.5130748186280E+02
 -0.5122903020461E+02
 -0.5079695386037E+02
 -0.4971316978722E+02
 -0.4905332870720E+02
 -0.4862037103447E+02
 -0.4857767615560E+02
 -0.4896922043157E+02
 -0.4962040379276E+02
 -0.4998887942721E+02
 -0.5043788651498E+02
 -0.5084240736393E+02
 -0.5076452254389E+02
 -0.5066122344180E+02
 -0.5077785727075E+02
 -0.5138646158641E+02
 -0.5249908225252E+02
 -0.5399162660103E+02
 -0.5541454676167E+02
 -0.5622764172812E+02
 -0.5617370723283E+02
 -0.5547289209390E+02
 -0.5444292886224E+02
 -0.5331684691117E+02
 -0.5216887697625E+02
 -0.5124485514001E+02
 -0.5120488059994E+02
 -0.5194958272436E+02
 -0.5252222860513E+02
 -0.5323186616442E+02
 -0.5353018224283E+02
 -0.5341329095483E+02
 -0.5127964867591E+02
 -0.5589357824859E+02
 -0.5354398283402E+02
 -0.5217494790364E+02
 -0.5164531692659E+02
 -0.5149619469148E+02
 -0.5140646342493E+02
 -0.5107804294516E+02
 -0.5058565118353E+02
 -0.5013615815355E+02
 -0.4994802396194E+02
 -0.5004009615096E+02
 -0.5023089565697E+02
 -0.5047120129208E+02
 -0.5075778818547E+02
 -0.5194450352772E+02
 -0.5180771823506E+02
 -0.5153823883660E+02
 -0.5135817617870E+02
 -0.5147287101185E+02
 -0.5189052446943E+02
 -0.5262846181397E+02
 -0.5367865112820E+02
 -0.5485297854386E+02
 -0.5575634970943E+02
 -0.5612505898002E+02
 -0.5592166477929E+02
 -0.5538526165133E+02
 -0.5470909723179E+02
 -0.5407403913871E+02
 -0.5404159847731E+02
 -0.5431987760291E+02
 -0.5497836337676E+02
 -0.5602995575247E+02
 -0.5581592821883E+02
 -0.5597283330301E+02
 -0.5920355776782E+02
 -0.5896407343939E+02
 -0.5610045316954E+02
 -0.5397590878143E+02
 -0.5299339774836E+02
 -0.5274053792860E+02
 -0.5272877092921E+02
 -0.5257074202511E+02
 -0.5213691364705E+02
 -0.5163658297079E+02
 -0.5131244758536E+02
 -0.5124410478518E+02
 -0.5134534740250E+02
 -0.5160877445221E+02
 -0.5187204934907E+02
 -0.5395126278615E+02
 -0.5381116994626E+02
 -0.5344298904933E+02
 -0.5303544307698E+02
 -0.5287582124606E+02
 -0.5294988076187E+02
 -0.5329633300824E+02
 -0.5400630760695E+02
 -0.5503612563953E+02
 -0.5622449380898E+02
 -0.5740681875949E+02
 -0.5831231195452E+02
 -0.5881653255363E+02
 -0.5893682481371E+02
 -0.5891250943275E+02
 -0.5910202283851E+02
 -0.5879144289110E+02
 -0.5834447762032E+02
 -0.5973686218607E+02
 -0.5898357515415E+02
 -0.5990076249852E+02
 -0.7428144755450E+02
 -0.6738016569209E+02
 -0.6204155655429E+02
 -0.5842569743365E+02
 -0.5665022423488E+02
 -0.5595201753163E+02
 -0.5570072499213E+02
 -0.5532966259964E+02
 -0.5476460923625E+02
 -0.5415062026049E+02
 -0.5364725295910E+02
 -0.5340812922072E+02
 -0.5340447097482E+02
 -0.5361159578384E+02
 -0.5386267496507E+02
 -0.5966197064039E+02
 -0.5951585690426E+02
 -0.5900674072552E+02
 -0.5815223807290E+02
 -0.5755397208984E+02
 -0.5727868608646E+02
 -0.5738136810792E+02
 -0.5798457647780E+02
 -0.5911271541371E+02
 -0.6077233595481E+02
 -0.6329205509234E+02
 -0.6672699576308E+02
 -0.7034039730815E+02
 -0.7138430300492E+02
 -0.6967588084002E+02
 -0.6758137796564E+02
 -0.6449230904759E+02
 -0.6089201973720E+02
 -0.6077246157069E+02
 -0.5900275644682E+02
 -0.5931584986602E+02
 -0.6597498324969E+02
 -0.6469541195077E+02
 -0.6290883792869E+02
 -0.6128201946058E+02
 -0.6148800474382E+02
 -0.6238264067485E+02
 -0.6386484249493E+02
 -0.6420008798965E+02
 -0.6312125805175E+02
 -0.6166783324296E+02
 -0.6033133241783E+02
 -0.5950302380790E+02
 -0.5907750741894E+02
 -0.5910765997752E+02
 -0.5945072661476E+02
 -0.6299553283765E+02
 -0.6424669846014E+02
 -0.6511729483655E+02
 -0.6494349232030E+02
 -0.6450278864540E+02
 -0.6421748961275E+02
 -0.6422165274566E+02
 -0.6466711170528E+02
 -0.6569264837876E+02
 -0.6610761665589E+02
 -0.6485802056072E+02
 -0.6234066107720E+02
 -0.5967508484973E+02
 -0.5751892574944E+02
 -0.5656353482498E+02
 -0.5649759951685E+02
 -0.5687040033328E+02
 -0.5421930633454E+02
  0.0000000000000E+00
  0.0000000000000E+00
  0.0000000000000E+00
 -0.6521509233294E+02
 -0.6231896506603E+02
 -0.5908054161006E+02
 -0.5520066674174E+02
 -0.5319846653674E+02
 -0.5295372261747E+02
 -0.5356830075792E+02
 -0.5493328149045E+02
 -0.5655285647596E+02
 -0.5792895859208E+02
 -0.5873965099283E+02
 -0.5921125212565E+02
 -0.5961856347090E+02
 -0.6035769022458E+02
 -0.6154945200237E+02
 -0.5149205069811E+02
 -0.5214444394286E+02
 -0.5259220661380E+02
 -0.5280762182190E+02
 -0.5297983731136E+02
 -0.5307646914424E+02
 -0.5304130780894E+02
 -0.5289970809927E+02
 -0.5259903463678E+02
 -0.5189966033925E+02
 -0.5077452145666E+02
 -0.4930461022158E+02
 -0.4768365677390E+02
 -0.4631283076161E+02
 -0.4631637159666E+02
 -0.4760482360607E+02
 -0.4974988291757E+02
 -0.5094976921602E+02
  0.0000000000000E+00
  0.0000000000000E+00
  0.0000000000000E+00
 -0.6506194777865E+02
 -0.6085974646763E+02
 -0.5668229850015E+02
 -0.5328194409149E+02
 -0.5087184104441E+02
 -0.4929090317975E+02
 -0.4824025112160E+02
 -0.4768927765514E+02
 -0.4796794561873E+02
 -0.4838526672260E+02
 -0.4917778617350E+02
 -0.4936169110647E+02
 -0.4961642350717E+02
 -0.5007551100197E+02
 -0.5073700436523E+02
 -0.4470639892746E+02
 -0.4477006261206E+02
 -0.4473224105109E+02
 -0.4546414861128E+02
 -0.4571880103985E+02
 -0.4576486743562E+02
 -0.4571080337459E+02
 -0.4559115691052E+02
 -0.4535139006252E+02
 -0.4494102771184E+02
 -0.4432582175862E+02
 -0.4351922744546E+02
 -0.4254481708337E+02
 -0.4154235472390E+02
 -0.4137910102496E+02
 -0.4322005670045E+02
 -0.4570848980996E+02
 -0.5013255543289E+02
  0.0000000000000E+00
  0.0000000000000E+00
  0.0000000000000E+00
 -0.6093847296600E+02
 -0.5713168802926E+02
 -0.5350947078789E+02
 -0.5121522866537E+02
 -0.4965502999545E+02
 -0.4838350454672E+02
 -0.4755432565444E+02
 -0.4689316976300E+02
 -0.4633149625865E+02
 -0.4585433473072E+02
 -0.4545794024658E+02
 -0.4512821852660E+02
 -0.4485496083403E+02
 -0.4468005872766E+02
 -0.4464996691340E+02
 -0.4370322963393E+02
 -0.4355101740914E+02
 -0.4335171113224E+02
 -0.4308884410802E+02
 -0.4282586514982E+02
 -0.4259268263651E+02
 -0.4241759217984E+02
 -0.4228681427667E+02
 -0.4217584042605E+02
 -0.4196532813714E+02
 -0.4166582176074E+02
 -0.4125062177899E+02
 -0.4078328913617E+02
 -0.4026191366597E+02
 -0.3986002657026E+02
 -0.4094321160650E+02
 -0.4303208837448E+02
 -0.4821370732429E+02
 -0.4732279036960E+02
 -0.4703874646016E+02
 -0.4656587601526E+02
 -0.4665920010734E+02
 -0.4511635437397E+02
 -0.4515179740851E+02
 -0.4547224818060E+02
 -0.4514078457103E+02
 -0.4539190750411E+02
 -0.4547174294143E+02
 -0.4513283174667E+02
 -0.4504381306850E+02
 -0.4489353985286E+02
 -0.4467761937193E+02
 -0.4446375563771E+02
 -0.4427933917274E+02
 -0.4381311937843E+02
 -0.4374400640132E+02
 -0.4394877950520E+02
 -0.4338854341898E+02
 -0.4329876657564E+02
 -0.4318505748454E+02
 -0.4303525193000E+02
 -0.4289799874961E+02
 -0.4281480128381E+02
 -0.4274090948832E+02
 -0.4269808059374E+02
 -0.4211855526153E+02
 -0.4203202187915E+02
 -0.4198731941930E+02
 -0.4195867382476E+02
 -0.4196382855829E+02
 -0.4184097173122E+02
 -0.4187334627891E+02
 -0.4279694756362E+02
 -0.4409303712036E+02
 -0.4438145706313E+02
 -0.4444324878631E+02
 -0.4383823280087E+02
 -0.4258434517515E+02
 -0.4176836418342E+02
 -0.4206399599232E+02
 -0.4222341530810E+02
 -0.4242784716181E+02
 -0.4307449390576E+02
 -0.4348027009089E+02
 -0.4373038318110E+02
 -0.4377172126622E+02
 -0.4375164487397E+02
 -0.4361188955356E+02
 -0.4348146444098E+02
 -0.4379533501894E+02
 -0.4395098492741E+02
 -0.4395764504788E+02
 -0.4471230017046E+02
 -0.4469203733442E+02
 -0.4459136936121E+02
 -0.4447603498709E+02
 -0.4433079548645E+02
 -0.4423833531253E+02
 -0.4422434070186E+02
 -0.4412251629280E+02
 -0.4382220252843E+02
 -0.4373053895509E+02
 -0.4407793296092E+02
 -0.4448082154562E+02
 -0.4495283890555E+02
 -0.4549173768498E+02
 -0.4592220589925E+02
 -0.4570889571475E+02
 -0.4567579032076E+02
 -0.4580665966464E+02
 -0.4580665983108E+02
 -0.4535318971623E+02
 -0.4389163722225E+02
 -0.4385947215291E+02
 -0.4390140328021E+02
 -0.4434833330911E+02
 -0.4486139899519E+02
 -0.4556415398146E+02
 -0.4621777366248E+02
 -0.4618911824147E+02
 -0.4561854131549E+02
 -0.4507014314801E+02
 -0.4491009700175E+02
 -0.4497619491240E+02
 -0.4492419567048E+02
 -0.4504321740713E+02
 -0.4522218764982E+02
 -0.4482354753486E+02
 -0.5083754588699E+02
 -0.5081744772658E+02
 -0.5074138473654E+02
 -0.5064940928427E+02
 -0.5025411009571E+02
 -0.5014054909079E+02
 -0.5009132662108E+02
 -0.5009763829450E+02
 -0.5014177374174E+02
 -0.5025823687853E+02
 -0.5045399930648E+02
 -0.5053729851228E+02
 -0.5039559928186E+02
 -0.5050511468685E+02
 -0.5057896910868E+02
 -0.5056283620307E+02
 -0.5058378684560E+02
 -0.5061594177292E+02
 -0.5068382521113E+02
 -0.5078299076965E+02
 -0.5089310288134E+02
 -0.5091681396808E+02
 -0.5085022728286E+02
 -0.5080856482635E+02
 -0.5078450518034E+02
 -0.5083334275822E+02
 -0.5105235046340E+02
 -0.5112424042202E+02
 -0.5107786788211E+02
 -0.5096674731769E+02
 -0.5081217518792E+02
 -0.5067220844033E+02
 -0.5062185203627E+02
 -0.5064762147163E+02
 -0.5073317354002E+02
 -0.5080474079520E+02
 -0.7071671550659E+01
 -0.6961963055911E+01
 -0.7148295838586E+01
 -0.0000000000000E+00
 -0.0000000000000E+00
 -0.0000000000000E+00
 -0.0000000000000E+00
 -0.1850162981465E+01
 -0.3129272619864E+01
 -0.7228702992316E+01
 -0.5287407744287E+00
 -0.0000000000000E+00
 -0.5478268610707E+02
 -0.5466615548710E+02
 -0.5463876330272E+02
 -0.5469911946312E+02
 -0.5487267458273E+02
 -0.0000000000000E+00
 -0.0000000000000E+00
 -0.0000000000000E+00
 -0.6557880305999E+01
 -0.5490849485249E+01
 -0.6313333110350E-01
 -0.5150197948791E-01
 -0.4072517216637E-01
 -0.3041540279614E-01
 -0.2269162452721E-01
 -0.0000000000000E+00
 -0.0000000000000E+00
 -0.0000000000000E+00
 -0.0000000000000E+00
 -0.4158388108978E-01
 -0.4588733620784E-01
 -0.4797342906439E-01
 -0.4901181602583E-01
 -0.7046163522227E+01
  0.0000000000000E+00
  0.1730231522912E-06
  0.4008049495547E-06
  0.5460551999884E-06
  0.5630019807278E-06
  0.0000000000000E+00
  0.6379581068415E-06
  0.6059131233088E-06
  0.3927120290697E-06
  0.1242520731912E-06
  0.0000000000000E+00
  0.0000000000000E+00
  0.0000000000000E+00
  0.0000000000000E+00
  0.0000000000000E+00
  0.0000000000000E+00
  0.0000000000000E+00
  0.0000000000000E+00
  0.0000000000000E+00
  0.0000000000000E+00
  0.0000000000000E+00
  0.0000000000000E+00
  0.0000000000000E+00
  0.0000000000000E+00
  0.0000000000000E+00
  0.0000000000000E+00
  0.0000000000000E+00
  0.0000000000000E+00
  0.0000000000000E+00
  0.0000000000000E+00
  0.0000000000000E+00
  0.0000000000000E+00
  0.0000000000000E+00
  0.0000000000000E+00
  0.0000000000000E+00
  0.0000000000000E+00
  0.3764468563228E-06
  0.0000000000000E+00
  0.0000000000000E+00
  0.0000000000000E+00
  0.7173651719313E-06
  0.1309777834107E-05
  0.1351819916256E-05
  0.1301499795153E-05
  0.1083349981932E-05
  0.0000000000000E+00
  0.0000000000000E+00
  0.0000000000000E+00
  0.0000000000000E+00
  0.0000000000000E+00
  0.0000000000000E+00
  0.0000000000000E+00
  0.0000000000000E+00
  0.0000000000000E+00
  0.0000000000000E+00
  0.0000000000000E+00
  0.0000000000000E+00
  0.0000000000000E+00
  0.0000000000000E+00
  0.0000000000000E+00
  0.0000000000000E+00
  0.0000000000000E+00
  0.0000000000000E+00
  0.0000000000000E+00
  0.0000000000000E+00
  0.0000000000000E+00
  0.0000000000000E+00
  0.0000000000000E+00
  0.0000000000000E+00
  0.0000000000000E+00
  0.0000000000000E+00
  0.2914859732861E-06
  0.4836407626967E-05
  0.5660376412964E-05
  0.5624020559379E-05
  0.3894267584636E-05
  0.2603051789139E-05
  0.4064559496177E-05
  0.4697691250428E-05
  0.5970313088695E-05
  0.6559730250345E-05
  0.6095738175692E-05
  0.0000000000000E+00
  0.0000000000000E+00
  0.0000000000000E+00
  0.0000000000000E+00
  0.0000000000000E+00
  0.0000000000000E+00
  0.0000000000000E+00
  0.0000000000000E+00
  0.0000000000000E+00
  0.0000000000000E+00
  0.0000000000000E+00
  0.0000000000000E+00
  0.0000000000000E+00
  0.0000000000000E+00
  0.0000000000000E+00
  0.0000000000000E+00
  0.0000000000000E+00
  0.0000000000000E+00
  0.0000000000000E+00
  0.0000000000000E+00
  0.0000000000000E+00
  0.0000000000000E+00
  0.0000000000000E+00
  0.0000000000000E+00
  0.2546434197246E-05
  0.4783499460791E-05
  0.1233371089751E-04
  0.1237691997981E-04
  0.1200136078600E-04
  0.1119722353012E-04
  0.8435995972786E-05
  0.8343750467168E-05
  0.9646820276902E-05
  0.1086251953483E-04
  0.1145146061327E-04
  0.1062415024182E-04
  0.3809276483532E-05
  0.0000000000000E+00
  0.0000000000000E+00
  0.0000000000000E+00
  0.0000000000000E+00
  0.0000000000000E+00
  0.0000000000000E+00
  0.0000000000000E+00
  0.0000000000000E+00
  0.0000000000000E+00
  0.0000000000000E+00
  0.0000000000000E+00
  0.0000000000000E+00
  0.0000000000000E+00
  0.0000000000000E+00
  0.0000000000000E+00
  0.0000000000000E+00
  0.0000000000000E+00
  0.0000000000000E+00
  0.0000000000000E+00
  0.0000000000000E+00
  0.0000000000000E+00
  0.1958848872092E-05
  0.6367181928304E-05
  0.1054160437947E-04
  0.1179657183861E-04
  0.1931730247026E-04
  0.1877909920187E-04
  0.1765930166276E-04
  0.1700959068863E-04
  0.1588488207315E-04
  0.1523959211167E-04
  0.1516497053237E-04
  0.1527810772351E-04
  0.1492265004379E-04
  0.1415260918394E-04
  0.1058800548543E-04
  0.2846064768694E-05
  0.0000000000000E+00
  0.0000000000000E+00
  0.0000000000000E+00
  0.0000000000000E+00
  0.0000000000000E+00
  0.0000000000000E+00
  0.0000000000000E+00
  0.0000000000000E+00
  0.0000000000000E+00
  0.0000000000000E+00
  0.0000000000000E+00
  0.0000000000000E+00
  0.0000000000000E+00
  0.0000000000000E+00
  0.0000000000000E+00
  0.0000000000000E+00
  0.0000000000000E+00
  0.0000000000000E+00
  0.0000000000000E+00
  0.0000000000000E+00
  0.8474423628440E-05
  0.1492910414819E-04
  0.1746094426668E-04
  0.1845781772405E-04
  0.2563382976693E-04
  0.2390064919673E-04
  0.2202221825171E-04
  0.2135648118142E-04
  0.2106789479544E-04
  0.2074834388432E-04
  0.2036900953336E-04
  0.1980690399010E-04
  0.1886115708633E-04
  0.1803444619669E-04
  0.1624888174929E-04
  0.1021773101699E-04
  0.4380621954959E-05
  0.0000000000000E+00
  0.0000000000000E+00
  0.0000000000000E+00
  0.0000000000000E+00
  0.0000000000000E+00
  0.0000000000000E+00
  0.0000000000000E+00
  0.0000000000000E+00
  0.0000000000000E+00
  0.0000000000000E+00
  0.0000000000000E+00
  0.0000000000000E+00
  0.0000000000000E+00
  0.0000000000000E+00
  0.0000000000000E+00
  0.0000000000000E+00
  0.0000000000000E+00
  0.0000000000000E+00
  0.0000000000000E+00
  0.1322709428579E-04
  0.2059873900949E-04
  0.2383419381958E-04
  0.2532019118492E-04
  0.2979913084330E-04
  0.2587182087674E-04
  0.2299038754329E-04
  0.2221503170860E-04
  0.2260491144407E-04
  0.2288076652082E-04
  0.2295941866073E-04
  0.2263387697380E-04
  0.2197843816478E-04
  0.2176274979563E-04
  0.2119924522991E-04
  0.1793690132464E-04
  0.1079074571758E-04
  0.0000000000000E+00
  0.0000000000000E+00
  0.0000000000000E+00
  0.0000000000000E+00
  0.0000000000000E+00
  0.0000000000000E+00
  0.7441986391437E-06
  0.3626409217454E-05
  0.3788991524909E-05
  0.0000000000000E+00
  0.0000000000000E+00
  0.0000000000000E+00
  0.0000000000000E+00
  0.0000000000000E+00
  0.0000000000000E+00
  0.0000000000000E+00
  0.0000000000000E+00
  0.0000000000000E+00
  0.0000000000000E+00
  0.1498983629010E-04
  0.2705445602067E-04
  0.3080295961516E-04
  0.3205420825494E-04
  0.2900197222522E-04
  0.2500898489065E-04
  0.2449281501205E-04
  0.2506773674448E-04
  0.2485737920990E-04
  0.2388055605181E-04
  0.2221085436856E-04
  0.1978864819765E-04
  0.1713373247141E-04
  0.1799024264035E-04
  0.2200454381335E-04
  0.2152863122207E-04
  0.1629887307646E-04
  0.1427530752342E-04
  0.1112240174720E-04
  0.0000000000000E+00
  0.0000000000000E+00
  0.5978410889771E-05
  0.7872841779667E-05
  0.9286160033864E-05
  0.1646571828622E-04
  0.1681413310782E-04
  0.1194170885223E-04
  0.9114004487283E-05
  0.8012746374289E-05
  0.8238229192554E-05
  0.1150665948551E-04
  0.1116120717884E-04
  0.1006506590466E-04
  0.0000000000000E+00
  0.0000000000000E+00
  0.0000000000000E+00
  0.2192518991708E-04
  0.3326471453084E-04
  0.3324448722607E-04
  0.3360376163805E-04
  0.3311812000292E-04
  0.3389676761775E-04
  0.3490723161217E-04
  0.3540002674539E-04
  0.3560603683950E-04
  0.3549195771894E-04
  0.3487211512920E-04
  0.3395567960524E-04
  0.3257992662536E-04
  0.3024852821410E-04
  0.2672436147538E-04
  0.1959525915646E-04
  0.2041289858312E-04
  0.1970627088267E-04
  0.1662665790543E-04
  0.0000000000000E+00
  0.0000000000000E+00
  0.8827482336357E-05
  0.1436160629542E-04
  0.1626157787271E-04
  0.2267106661944E-04
  0.2184370695743E-04
  0.1357901513153E-04
  0.1487163630874E-04
  0.1265580603601E-04
  0.1556734870959E-04
  0.1831580004454E-04
  0.1755564960258E-04
  0.1151584352250E-04
  0.0000000000000E+00
  0.0000000000000E+00
  0.0000000000000E+00
  0.2535559788824E-04
  0.2482359962266E-04
  0.2826807742557E-04
  0.3290335987898E-04
  0.3907122113373E-04
  0.3995552600105E-04
  0.4069625960931E-04
  0.4125883688022E-04
  0.4169187564171E-04
  0.4185422811130E-04
  0.4150779308410E-04
  0.4057474777752E-04
  0.3913794363480E-04
  0.3748496975420E-04
  0.3580963278777E-04
  0.3456230072652E-04
  0.2918375198791E-04
  0.2478498288545E-04
  0.2068383648312E-04
  0.2149684648512E-04
  0.0000000000000E+00
  0.1306620210863E-04
  0.1964018386622E-04
  0.0000000000000E+00
  0.2387889423462E-04
  0.2808734795200E-04
  0.3033590329519E-04
  0.2762019506469E-04
  0.2606759337611E-04
  0.2462908782746E-04
  0.2390964093671E-04
  0.2422934434128E-04
  0.2380144610665E-04
  0.0000000000000E+00
  0.0000000000000E+00
  0.0000000000000E+00
  0.2862663799033E-04
  0.3338536629095E-04
  0.3669028207379E-04
  0.3826683936926E-04
  0.4336677029676E-04
  0.4425848662674E-04
  0.4494552045921E-04
  0.4569142821332E-04
  0.4649684353995E-04
  0.4694382413822E-04
  0.4681842678179E-04
  0.4585639459760E-04
  0.4413519837258E-04
  0.4209193279754E-04
  0.4020556010454E-04
  0.3823439237700E-04
  0.3444422209958E-04
  0.0000000000000E+00
  0.2843851542508E-04
  0.2719963724665E-04
  0.0000000000000E+00
  0.0000000000000E+00
  0.2451872156898E-04
  0.2932399235751E-04
  0.3305419383317E-04
  0.3486381384222E-04
  0.3523213834410E-04
  0.3342784078684E-04
  0.2910903396096E-04
  0.3229257111112E-04
  0.3010373989943E-04
  0.3081711783469E-04
  0.2762344744849E-04
  0.2520626375845E-04
  0.0000000000000E+00
  0.0000000000000E+00
  0.3302607114286E-04
  0.3924864913380E-04
  0.4134201525279E-04
  0.4256432599573E-04
  0.4662358961698E-04
  0.4722778657949E-04
  0.4787919991958E-04
  0.4873523341407E-04
  0.4958073236562E-04
  0.4999738848500E-04
  0.4968404969015E-04
  0.4852828027911E-04
  0.4702168913486E-04
  0.4559586398506E-04
  0.4420738390046E-04
  0.4233567661694E-04
  0.3885879932836E-04
  0.3505100229402E-04
  0.3539810380291E-04
  0.2978084694941E-04
  0.0000000000000E+00
  0.0000000000000E+00
  0.2939946024673E-04
  0.3552953770283E-04
  0.3831157517847E-04
  0.4048839806830E-04
  0.4075320112098E-04
  0.3774736678792E-04
  0.0000000000000E+00
  0.2783556353214E-04
  0.3141454049201E-04
  0.3665420137608E-04
  0.3363661762092E-04
  0.3040648837920E-04
  0.0000000000000E+00
  0.0000000000000E+00
  0.3572744370539E-04
  0.4247924318226E-04
  0.4469221891512E-04
  0.4593470789107E-04
  0.4803471175846E-04
  0.4835634639315E-04
  0.4863989062381E-04
  0.4875323977690E-04
  0.4855197404100E-04
  0.4811102713099E-04
  0.4746839754019E-04
  0.4735019411233E-04
  0.4769293503804E-04
  0.4784135101241E-04
  0.4730079430845E-04
  0.4556059241228E-04
  0.4281354481775E-04
  0.3989062875236E-04
  0.3880826654056E-04
  0.3460199305772E-04
  0.0000000000000E+00
  0.0000000000000E+00
  0.2812340465264E-04
  0.4120149554608E-04
  0.4194703675089E-04
  0.4364451893752E-04
  0.4380335835468E-04
  0.4119586357383E-04
  0.0000000000000E+00
  0.0000000000000E+00
  0.0000000000000E+00
  0.3042904767244E-04
  0.3767349859342E-04
  0.3444275737632E-04
  0.0000000000000E+00
  0.0000000000000E+00
  0.3688226492704E-04
  0.4494009851446E-04
  0.4666777893420E-04
  0.4749441209448E-04
  0.4644127592351E-04
  0.4623417840971E-04
  0.4543278421465E-04
  0.4358124582739E-04
  0.4137393055846E-04
  0.3968070548104E-04
  0.4057842824672E-04
  0.4395079851216E-04
  0.4662429786270E-04
  0.4821984342289E-04
  0.4859249149454E-04
  0.4743749728667E-04
  0.4451925936869E-04
  0.4194490831836E-04
  0.4006601857868E-04
  0.3797898923360E-04
  0.0000000000000E+00
  0.0000000000000E+00
  0.0000000000000E+00
  0.3305209702537E-04
  0.4294826553562E-04
  0.4465164964792E-04
  0.4448597194457E-04
  0.4569988644094E-04
  0.3371013594432E-04
  0.0000000000000E+00
  0.0000000000000E+00
  0.0000000000000E+00
  0.3622277428555E-04
  0.3727501566119E-04
  0.0000000000000E+00
  0.0000000000000E+00
  0.3591397005881E-04
  0.4543355271447E-04
  0.4655149112163E-04
  0.4622881694853E-04
  0.3872273376170E-04
  0.3755305962907E-04
  0.3540267383567E-04
  0.3211755182681E-04
  0.2964092389058E-04
  0.3167962624037E-04
  0.3670828866340E-04
  0.4118207701505E-04
  0.4389613361506E-04
  0.4542184047953E-04
  0.4627271931213E-04
  0.4565776661001E-04
  0.4241496777682E-04
  0.4119871663405E-04
  0.4065269331515E-04
  0.4024450393272E-04
  0.0000000000000E+00
  0.0000000000000E+00
  0.0000000000000E+00
  0.3532759795498E-04
  0.4276781313290E-04
  0.4364323065106E-04
  0.4538675048365E-04
  0.4485312422958E-04
  0.3630696774142E-04
  0.3149621522226E-04
  0.0000000000000E+00
  0.0000000000000E+00
  0.3857577106501E-04
  0.3992543928530E-04
  0.0000000000000E+00
  0.3294088497998E-04
  0.4107205705353E-04
  0.4171688086376E-04
  0.4043054493434E-04
  0.3924557130003E-04
  0.3374072902349E-04
  0.3371332366038E-04
  0.3484293649235E-04
  0.3802417134196E-04
  0.4146537909613E-04
  0.4348768285052E-04
  0.4417794143669E-04
  0.4380634125684E-04
  0.4260388164720E-04
  0.4095692018106E-04
  0.3940602180110E-04
  0.3953581419067E-04
  0.3867000475567E-04
  0.3861566041964E-04
  0.4067672710579E-04
  0.3977426971366E-04
  0.0000000000000E+00
  0.0000000000000E+00
  0.0000000000000E+00
  0.3598645257685E-04
  0.4380370721637E-04
  0.4613374878324E-04
  0.4568291304942E-04
  0.4475238648075E-04
  0.3501696123457E-04
  0.2745655956627E-04
  0.3200145056867E-04
  0.0000000000000E+00
  0.3946393330126E-04
  0.4159694602825E-04
  0.3561912053909E-04
  0.3961342426660E-04
  0.3829509944713E-04
  0.3576685932248E-04
  0.3367603770507E-04
  0.3379051346028E-04
  0.4812451180680E-04
  0.4966857237548E-04
  0.5077154873133E-04
  0.5150829203857E-04
  0.5195539488181E-04
  0.5219766600822E-04
  0.5202536878746E-04
  0.5043153110584E-04
  0.4671307435061E-04
  0.4297281966483E-04
  0.3991301970478E-04
  0.3744715886615E-04
  0.3618618664411E-04
  0.3269777477850E-04
  0.4273078032593E-04
  0.3731980482617E-04
  0.0000000000000E+00
  0.0000000000000E+00
  0.0000000000000E+00
  0.3818839516475E-04
  0.4397342952419E-04
  0.4659045260574E-04
  0.4458105822606E-04
  0.4433492304367E-04
  0.3841120407099E-04
  0.3864132059761E-04
  0.3996986438396E-04
  0.0000000000000E+00
  0.0000000000000E+00
  0.3608870377586E-04
  0.4188099684393E-04
  0.4108369565139E-04
  0.4138112981099E-04
  0.4165441477003E-04
  0.4431204723073E-04
  0.4655884801857E-04
  0.5332452819877E-04
  0.5368515077719E-04
  0.5374808051945E-04
  0.5367959210713E-04
  0.5373584599131E-04
  0.5391394215210E-04
  0.5398872345553E-04
  0.5368774924195E-04
  0.5278846900400E-04
  0.5120771018706E-04
  0.4869718658930E-04
  0.4541662770647E-04
  0.4092730982469E-04
  0.1665722240861E-04
  0.4673220055520E-04
  0.4727818550238E-04
  0.0000000000000E+00
  0.0000000000000E+00
  0.0000000000000E+00
  0.3254787044128E-04
  0.4162796041606E-04
  0.3909616019493E-04
  0.3586519304458E-04
  0.3877104108860E-04
  0.3935719930063E-04
  0.3965623110982E-04
  0.3555509765368E-04
  0.2750509638337E-04
  0.0000000000000E+00
  0.3607998626373E-04
  0.4480888229418E-04
  0.4455276553884E-04
  0.4692748076561E-04
  0.4930194528941E-04
  0.5141534645250E-04
  0.5264227355034E-04
  0.5207731870776E-04
  0.5141456547156E-04
  0.5067471535102E-04
  0.5025334799135E-04
  0.5009738483908E-04
  0.4989512040693E-04
  0.4951418097125E-04
  0.4913965040419E-04
  0.4885924659574E-04
  0.4840327736792E-04
  0.4735395525615E-04
  0.4590254209396E-04
  0.4450521198628E-04
  0.3706630074066E-04
  0.4048502139093E-04
  0.4716742743921E-04
  0.0000000000000E+00
  0.0000000000000E+00
  0.0000000000000E+00
  0.4387673724848E-04
  0.4632635320147E-04
  0.3211897673057E-04
  0.4215816761097E-04
  0.2670821118427E-04
  0.2001730978179E-04
  0.2650751401214E-04
  0.3222299858243E-04
  0.4455822532043E-04
  0.0000000000000E+00
  0.3138637469573E-04
  0.4219034692588E-04
  0.4287704744059E-04
  0.4567366084230E-04
  0.4917171280059E-04
  0.5145923774508E-04
  0.5221778628700E-04
  0.4175233051394E-04
  0.4138913950219E-04
  0.4117602928846E-04
  0.4100908687895E-04
  0.4092192320270E-04
  0.4070135368648E-04
  0.4029394567994E-04
  0.4002164421564E-04
  0.3986725433763E-04
  0.3988575218070E-04
  0.4000961117909E-04
  0.4048971921012E-04
  0.4297895637562E-04
  0.4769972793053E-04
  0.3278392636569E-04
  0.3513276406098E-04
  0.0000000000000E+00
  0.0000000000000E+00
  0.0000000000000E+00
  0.4850596504056E-04
  0.4906471911108E-04
  0.4774034954908E-04
  0.4795021791206E-04
  0.4728754053580E-04
  0.4238827604761E-04
  0.4536010122291E-04
  0.4895902234865E-04
  0.5068934323222E-04
  0.4243005380890E-04
  0.4361833384140E-04
  0.3965813666024E-04
  0.3715414224818E-04
  0.3787218355188E-04
  0.4129657173950E-04
  0.4276236756668E-04
  0.4233413785664E-04
  0.4515826497969E-04
  0.4456253719809E-04
  0.4425292627909E-04
  0.4416265866749E-04
  0.4447933121445E-04
  0.4502743033793E-04
  0.4553007206835E-04
  0.4597825957660E-04
  0.4607979701009E-04
  0.4580120264715E-04
  0.4520437457218E-04
  0.4464899413686E-04
  0.4738037135591E-04
  0.5167308453386E-04
  0.5359769074761E-04
  0.3604618791437E-04
  0.0000000000000E+00
  0.0000000000000E+00
  0.0000000000000E+00
  0.5049725427053E-04
  0.4472211194500E-04
  0.4951773613808E-04
  0.0000000000000E+00
  0.4901887657468E-04
  0.5183971711686E-04
  0.5371985951704E-04
  0.5341175498703E-04
  0.5223742634457E-04
  0.4988224592719E-04
  0.5199035555690E-04
  0.4928626182191E-04
  0.4508725966685E-04
  0.4425584101975E-04
  0.4568144038863E-04
  0.4613571997186E-04
  0.4584830922622E-04
  0.5229488030506E-04
  0.5118868602903E-04
  0.4990171231667E-04
  0.4874719893590E-04
  0.4786987688496E-04
  0.4759460718535E-04
  0.4802941505134E-04
  0.4905408014766E-04
  0.5015691195245E-04
  0.5118284314098E-04
  0.5219948579652E-04
  0.5286369373805E-04
  0.5246394522762E-04
  0.4809349691680E-04
  0.5497361969990E-04
  0.6021293327537E-04
  0.3998632020692E-04
  0.3758278447228E-04
  0.4609101256835E-04
  0.5644119170666E-04
  0.4522931559794E-04
  0.4548447987373E-04
  0.0000000000000E+00
  0.5068913586180E-04
  0.5240512915862E-04
  0.5429039348771E-04
  0.5581524948192E-04
  0.5318654444573E-04
  0.5281081185839E-04
  0.5647661122069E-04
  0.5648208189010E-04
  0.5523246911356E-04
  0.5345440816535E-04
  0.5376741045480E-04
  0.5356209662115E-04
  0.5310484053906E-04
  0.5596090081110E-04
  0.5634622389252E-04
  0.5650463611756E-04
  0.5597963246414E-04
  0.5469413122784E-04
  0.5330027056061E-04
  0.5214228220704E-04
  0.5186729047298E-04
  0.5244086283665E-04
  0.5337766439290E-04
  0.5438191405528E-04
  0.5510351351008E-04
  0.5478862042169E-04
  0.5271044933227E-04
  0.4934870419902E-04
  0.4201973805095E-04
  0.4883643735116E-04
  0.5111051430236E-04
  0.5519927703310E-04
  0.5825073244001E-04
  0.5282189184598E-04
  0.0000000000000E+00
  0.4982944888402E-04
  0.5666743810484E-04
  0.5486450609870E-04
  0.5635554249252E-04
  0.5663578227536E-04
  0.5562422839891E-04
  0.5316564470368E-04
  0.5237587070196E-04
  0.5290893930421E-04
  0.5453779243785E-04
  0.5498361995839E-04
  0.5500435411319E-04
  0.5521664870296E-04
  0.5564025011953E-04
  0.5601451567362E-04
  0.5620082049850E-04
  0.5663305601503E-04
  0.5721749688002E-04
  0.5769571444876E-04
  0.5755342320195E-04
  0.5659222049725E-04
  0.5508579912929E-04
  0.5410157647170E-04
  0.5409861854909E-04
  0.5467073667241E-04
  0.5530078506921E-04
  0.5579505380773E-04
  0.5613310210068E-04
  0.5676185672938E-04
  0.5708952808646E-04
  0.5842056920360E-04
  0.5654367666006E-04
  0.5683937485604E-04
  0.5785594620812E-04
  0.5493346063607E-04
  0.0000000000000E+00
  0.4562559456611E-04
  0.5716630806336E-04
  0.5746829490611E-04
  0.5868111926317E-04
  0.5815582635247E-04
  0.5701148780525E-04
  0.5535739637460E-04
  0.5568072013115E-04
  0.5599054739336E-04
  0.5633971097992E-04
  0.5683335366721E-04
  0.5727739484019E-04
  0.5638402309072E-04
  0.5612786035406E-04
  0.5846203375870E-04
  0.5849243827917E-04
  0.5854712020796E-04
  0.5847487805200E-04
  0.5857683010299E-04
  0.5865367882014E-04
  0.5826881004076E-04
  0.5715461319304E-04
  0.5566909798072E-04
  0.5439139146934E-04
  0.5390906714646E-04
  0.5408291162658E-04
  0.5464652496579E-04
  0.5587091588518E-04
  0.5770785089099E-04
  0.5819390002637E-04
  0.5727513567577E-04
  0.5580620195313E-04
  0.5669621273396E-04
  0.5888919982873E-04
  0.5831530244779E-04
  0.4391819645727E-04
  0.5765772123075E-04
  0.5762814336891E-04
  0.5898520105108E-04
  0.5908399633794E-04
  0.5841181807173E-04
  0.5754279081495E-04
  0.5739688331137E-04
  0.5815417102221E-04
  0.5908007258403E-04
  0.5989640716857E-04
  0.6034741368926E-04
  0.6009030969172E-04
  0.5927673784112E-04
  0.5873875139103E-04
  0.5703738176623E-04
  0.5698836590767E-04
  0.5730804487484E-04
  0.5778670471746E-04
  0.5809199185755E-04
  0.5803645462953E-04
  0.5745626464683E-04
  0.5652092572921E-04
  0.5531560209224E-04
  0.5379663864280E-04
  0.5246355287180E-04
  0.5181810048384E-04
  0.5183043877769E-04
  0.5221802805226E-04
  0.5270056719928E-04
  0.5301900253258E-04
  0.5284539338054E-04
  0.5277583793144E-04
  0.5338476628895E-04
  0.5518971449799E-04
  0.5739312002632E-04
  0.4949662504520E-04
  0.5208347216542E-04
  0.5338890386213E-04
  0.5485978672446E-04
  0.5547916653967E-04
  0.5559881682473E-04
  0.5522544563317E-04
  0.5521594455694E-04
  0.5576657514997E-04
  0.5668522490739E-04
  0.5761509051400E-04
  0.5822419642985E-04
  0.5823108984290E-04
  0.5787349214293E-04
  0.5739967056176E-04
  0.5267453997091E-04
  0.5254392830047E-04
  0.5276266236532E-04
  0.5330359742538E-04
  0.5368800422422E-04
  0.5380752240940E-04
  0.5359561665269E-04
  0.5301657139026E-04
  0.5205529533283E-04
  0.5071287784892E-04
  0.4922755255759E-04
  0.4801147960810E-04
  0.4737985963211E-04
  0.4696868039500E-04
  0.4643462857122E-04
  0.4608737774225E-04
  0.4657036444367E-04
  0.4836426048874E-04
  0.4887958525852E-04
  0.5089753060343E-04
  0.5233842688133E-04
  0.2635327309878E-04
  0.3708672246162E-04
  0.4336473399718E-04
  0.4679033007211E-04
  0.4844404233668E-04
  0.4935491954584E-04
  0.4967592818589E-04
  0.5016662348595E-04
  0.5080108496893E-04
  0.5155372173242E-04
  0.5237927530504E-04
  0.5301768074920E-04
  0.5326802928346E-04
  0.5323532886129E-04
  0.5296135258397E-04
  0.4363657661393E-04
  0.4364730495641E-04
  0.4390230236779E-04
  0.4455455209234E-04
  0.4507759520661E-04
  0.4534527537640E-04
  0.4529205893399E-04
  0.4481736565135E-04
  0.4387256033740E-04
  0.4236827809194E-04
  0.3987727802478E-04
  0.3633051182419E-04
  0.3271002645763E-04
  0.3259972005632E-04
  0.3550772655267E-04
  0.3760675493412E-04
  0.4079788256012E-04
  0.4446622698810E-04
  0.4762092505365E-04
  0.5060048038439E-04
  0.5224510016448E-04
  0.6168067056135E-04
  0.5807557306078E-04
  0.4848444266481E-04
  0.4307586222051E-04
  0.4183805516167E-04
  0.4072743070082E-04
  0.3939288265629E-04
  0.3911032006215E-04
  0.4003144424775E-04
  0.4125116373009E-04
  0.4244169736986E-04
  0.4330994947555E-04
  0.4390506799787E-04
  0.4409497755174E-04
  0.4386567194655E-04
  0.3794211648609E-04
  0.3682343641103E-04
  0.3594104313773E-04
  0.3622721397204E-04
  0.3642298925413E-04
  0.3634623162784E-04
  0.3605250909316E-04
  0.3538373469783E-04
  0.3421226950982E-04
  0.3400197670750E-04
  0.3554228655031E-04
  0.3779201765480E-04
  0.3941214726481E-04
  0.4059741495942E-04
  0.4343610787894E-04
  0.4644649640916E-04
  0.4746103698935E-04
  0.4895873316941E-04
  0.0000000000000E+00
  0.0000000000000E+00
  0.0000000000000E+00
  0.5131220127543E-04
  0.7046304967005E-04
  0.6479720387276E-04
  0.5657063830111E-04
  0.5166343151551E-04
  0.4897334005438E-04
  0.4657855625195E-04
  0.4453957285511E-04
  0.4247812816773E-04
  0.4084552575707E-04
  0.3993368944722E-04
  0.3976141262356E-04
  0.3993956331296E-04
  0.3985659935979E-04
  0.3914458059268E-04
  0.4194778999462E-04
  0.4193678862197E-04
  0.4175203821775E-04
  0.4130260511167E-04
  0.4094464824718E-04
  0.4084654691603E-04
  0.4090646992617E-04
  0.4090333705568E-04
  0.4090782954593E-04
  0.4068956307725E-04
  0.4011644619172E-04
  0.3928357790696E-04
  0.3827062051637E-04
  0.3762661230166E-04
  0.3982462331141E-04
  0.4461883609502E-04
  0.4843334073763E-04
  0.4757091723301E-04
  0.0000000000000E+00
  0.0000000000000E+00
  0.0000000000000E+00
  0.4181985793868E-04
  0.6153538989904E-04
  0.6406834111026E-04
  0.6185868118052E-04
  0.5839440246469E-04
  0.5429729766690E-04
  0.5005243760272E-04
  0.4625389543386E-04
  0.4418093187708E-04
  0.4278542886821E-04
  0.4283757047062E-04
  0.4203177561427E-04
  0.4165873222736E-04
  0.4163881281492E-04
  0.4178424057349E-04
  0.3654667205093E-04
  0.3599116661459E-04
  0.3538455650356E-04
  0.3647111085570E-04
  0.3667836988089E-04
  0.3674869442436E-04
  0.3684301731137E-04
  0.3699828895987E-04
  0.3715198053097E-04
  0.3716253067959E-04
  0.3698045259337E-04
  0.3659245486156E-04
  0.3583199366446E-04
  0.3486929226661E-04
  0.3549589999840E-04
  0.4048939193844E-04
  0.4502890827310E-04
  0.4944666579975E-04
  0.0000000000000E+00
  0.0000000000000E+00
  0.0000000000000E+00
  0.3308265931191E-04
  0.4469748571934E-04
  0.4755233860467E-04
  0.5030810038455E-04
  0.5175370729937E-04
  0.5130006307448E-04
  0.5033316947967E-04
  0.4868402135509E-04
  0.4652945765391E-04
  0.4434608124280E-04
  0.4239180117154E-04
  0.4074593157415E-04
  0.3933062445673E-04
  0.3809223155726E-04
  0.3718820413665E-04
  0.3550414359920E-04
  0.3498376858633E-04
  0.3445089169244E-04
  0.3385359390453E-04
  0.3330853746218E-04
  0.3291710522582E-04
  0.3273349608733E-04
  0.3283315366558E-04
  0.3316236536179E-04
  0.3341925116490E-04
  0.3363522773536E-04
  0.3362068474079E-04
  0.3337699049525E-04
  0.3283850634691E-04
  0.3227301739024E-04
  0.3462114090607E-04
  0.3860539783018E-04
  0.4891437845112E-04
  0.4196265225541E-04
  0.3585218531756E-04
  0.2929649249433E-04
  0.2786565158290E-04
  0.2753191868982E-04
  0.2924817418269E-04
  0.3257282474439E-04
  0.3490489884474E-04
  0.3800996952856E-04
  0.4013085223685E-04
  0.4051822906115E-04
  0.4078839643134E-04
  0.4041436975423E-04
  0.3963543316096E-04
  0.3876234302305E-04
  0.3792490632094E-04
  0.3642399904525E-04
  0.3587203114187E-04
  0.3080235681817E-04
  0.2992229030347E-04
  0.2992278134837E-04
  0.2991968751997E-04
  0.2979687010718E-04
  0.2962421530563E-04
  0.2957468739286E-04
  0.2965568776499E-04
  0.2991212624175E-04
  0.2924217614712E-04
  0.2947410058569E-04
  0.2972093979462E-04
  0.2985033656343E-04
  0.2982545655254E-04
  0.2936840817414E-04
  0.2911600827051E-04
  0.3069965708895E-04
  0.3331395606231E-04
  0.3194035947075E-04
  0.2885994636858E-04
  0.2548671136685E-04
  0.2285247479887E-04
  0.2162444205165E-04
  0.2150039793528E-04
  0.2139165222585E-04
  0.2194298531023E-04
  0.2372850472059E-04
  0.2570658286381E-04
  0.2763699121138E-04
  0.2894763567054E-04
  0.2968256657447E-04
  0.2988659621515E-04
  0.2983463525760E-04
  0.3039711780284E-04
  0.3063932962394E-04
  0.3069985919674E-04
  0.2101331884528E-04
  0.2151905949191E-04
  0.2178727090703E-04
  0.2192939041827E-04
  0.2186288226406E-04
  0.2176888629375E-04
  0.2182261279711E-04
  0.2178625861003E-04
  0.2148257213341E-04
  0.2135863952812E-04
  0.2166252500021E-04
  0.2190899729081E-04
  0.2203114645179E-04
  0.2198385453415E-04
  0.2173186419283E-04
  0.2105427055872E-04
  0.2155703466667E-04
  0.2354426883597E-04
  0.2314938011120E-04
  0.2221778740360E-04
  0.1996787194256E-04
  0.1919529485064E-04
  0.1802383765636E-04
  0.1695957257577E-04
  0.1590722576672E-04
  0.1498401477462E-04
  0.1455783314040E-04
  0.1518990294129E-04
  0.1654464145861E-04
  0.1784035195340E-04
  0.1887814040474E-04
  0.1968646145765E-04
  0.2009672368934E-04
  0.2050569201314E-04
  0.2090324746806E-04
  0.2069618091449E-04
  0.1119355226817E-04
  0.1116849147993E-04
  0.1111387226055E-04
  0.1105149239407E-04
  0.1082454437163E-04
  0.1075275417025E-04
  0.1071857619255E-04
  0.1071771675952E-04
  0.1074128754634E-04
  0.1080851414491E-04
  0.1092374265544E-04
  0.1098116024428E-04
  0.1091794052381E-04
  0.1099321291838E-04
  0.1105039059297E-04
  0.1105701514675E-04
  0.1107751796675E-04
  0.1108885518872E-04
  0.1109843883003E-04
  0.1111407999189E-04
  0.1114158640405E-04
  0.1113844270936E-04
  0.1110289754171E-04
  0.1109452293064E-04
  0.1110522669121E-04
  0.1116247250538E-04
  0.1131747199222E-04
  0.1139004057002E-04
  0.1138980778178E-04
  0.1134277458696E-04
  0.1126022326018E-04
  0.1117676562370E-04
  0.1113717555472E-04
  0.1113679301588E-04
  0.1116799333083E-04
  0.1119095848868E-04
  0.5525272901357E-05
  0.5481806423576E-05
  0.5478404339262E-05
  0.4898615505231E-05
  0.4877421246172E-05
  0.4941672408725E-05
  0.5098122263624E-05
  0.6337725432257E-05
  0.6951485161334E-05
  0.7682730814901E-05
  0.8364812206321E-05
  0.8091043992885E-05
  0.1048767712021E-04
  0.1045184884094E-04
  0.1044293096790E-04
  0.1045983115540E-04
  0.1051288583110E-04
  0.6979591949662E-05
  0.6413303600715E-05
  0.5781094672513E-05
  0.5592960884532E-05
  0.4947397122682E-05
  0.2851541258399E-05
  0.2735481155149E-05
  0.2752741031768E-05
  0.2884729979275E-05
  0.3087407589568E-05
  0.3205623673514E-05
  0.3307890159152E-05
  0.3309925442098E-05
  0.3255877849059E-05
  0.3270545234416E-05
  0.3246233009684E-05
  0.3233342466265E-05
  0.3238632679403E-05
  0.5514417616203E-05
  0.0000000000000E+00
  0.3487866888917E-05
  0.3734253507440E-05
  0.3706886038323E-05
  0.3409939038198E-05
  0.0000000000000E+00
  0.3739998431777E-05
  0.4308236432903E-05
  0.4417177242786E-05
  0.3996509628063E-05
  0.2868572294173E-05
  0.2843146400796E-06
  0.0000000000000E+00
  0.0000000000000E+00
  0.0000000000000E+00
  0.0000000000000E+00
  0.0000000000000E+00
  0.0000000000000E+00
  0.0000000000000E+00
  0.0000000000000E+00
  0.0000000000000E+00
  0.0000000000000E+00
  0.0000000000000E+00
  0.0000000000000E+00
  0.0000000000000E+00
  0.0000000000000E+00
  0.0000000000000E+00
  0.0000000000000E+00
  0.0000000000000E+00
  0.0000000000000E+00
  0.0000000000000E+00
  0.0000000000000E+00
  0.1726005365185E-05
  0.3919226964507E-05
  0.4497420314480E-05
  0.4043205029271E-05
  0.4239183653782E-05
  0.0000000000000E+00
  0.0000000000000E+00
  0.0000000000000E+00
  0.3829484872376E-05
  0.4776769940028E-05
  0.5230829711126E-05
  0.5326748018637E-05
  0.4842264895535E-05
  0.0000000000000E+00
  0.4277606044062E-05
  0.4360249982269E-05
  0.3662445392311E-05
  0.1393349740083E-05
  0.0000000000000E+00
  0.0000000000000E+00
  0.0000000000000E+00
  0.0000000000000E+00
  0.0000000000000E+00
  0.0000000000000E+00
  0.0000000000000E+00
  0.0000000000000E+00
  0.0000000000000E+00
  0.0000000000000E+00
  0.0000000000000E+00
  0.0000000000000E+00
  0.0000000000000E+00
  0.0000000000000E+00
  0.0000000000000E+00
  0.0000000000000E+00
  0.0000000000000E+00
  0.0000000000000E+00
  0.1170029693019E-05
  0.4527609467697E-05
  0.5441629190282E-05
  0.5334443125089E-05
  0.9754099148967E-05
  0.9390657318288E-05
  0.9182114046841E-05
  0.8333953372396E-05
  0.7717538935027E-05
  0.8137426109290E-05
  0.8836223511401E-05
  0.9560591381727E-05
  0.9927278191081E-05
  0.9662980667477E-05
  0.0000000000000E+00
  0.5405625857677E-05
  0.4840490025092E-05
  0.2665727584182E-05
  0.0000000000000E+00
  0.0000000000000E+00
  0.0000000000000E+00
  0.0000000000000E+00
  0.0000000000000E+00
  0.0000000000000E+00
  0.0000000000000E+00
  0.0000000000000E+00
  0.0000000000000E+00
  0.0000000000000E+00
  0.0000000000000E+00
  0.0000000000000E+00
  0.0000000000000E+00
  0.0000000000000E+00
  0.0000000000000E+00
  0.0000000000000E+00
  0.0000000000000E+00
  0.0000000000000E+00
  0.1660742074920E-05
  0.5671658438246E-05
  0.7931134635550E-05
  0.9619058512364E-05
  0.1641031007397E-04
  0.1581963899223E-04
  0.1511708578592E-04
  0.1442831049476E-04
  0.1334421113355E-04
  0.1313098346192E-04
  0.1377804973866E-04
  0.1443221202330E-04
  0.1449957939182E-04
  0.1321190986294E-04
  0.1142596153295E-04
  0.6576780119876E-05
  0.0000000000000E+00
  0.0000000000000E+00
  0.0000000000000E+00
  0.0000000000000E+00
  0.0000000000000E+00
  0.0000000000000E+00
  0.0000000000000E+00
  0.0000000000000E+00
  0.0000000000000E+00
  0.0000000000000E+00
  0.0000000000000E+00
  0.0000000000000E+00
  0.0000000000000E+00
  0.0000000000000E+00
  0.0000000000000E+00
  0.0000000000000E+00
  0.0000000000000E+00
  0.0000000000000E+00
  0.0000000000000E+00
  0.0000000000000E+00
  0.3475760601481E-05
  0.9599152845854E-05
  0.1342628022415E-04
  0.1552882653514E-04
  0.2308145283308E-04
  0.2174901139899E-04
  0.2009962348419E-04
  0.1902016909368E-04
  0.1804316467695E-04
  0.1750569837139E-04
  0.1751863849136E-04
  0.1758424664764E-04
  0.1710312649749E-04
  0.1568966238324E-04
  0.1252668324338E-04
  0.8033837823293E-05
  0.0000000000000E+00
  0.0000000000000E+00
  0.0000000000000E+00
  0.0000000000000E+00
  0.0000000000000E+00
  0.0000000000000E+00
  0.0000000000000E+00
  0.0000000000000E+00
  0.0000000000000E+00
  0.0000000000000E+00
  0.0000000000000E+00
  0.0000000000000E+00
  0.0000000000000E+00
  0.0000000000000E+00
  0.0000000000000E+00
  0.0000000000000E+00
  0.0000000000000E+00
  0.0000000000000E+00
  0.0000000000000E+00
  0.0000000000000E+00
  0.4918645071946E-05
  0.1257045701159E-04
  0.1895728638159E-04
  0.2261962815162E-04
  0.2751608631142E-04
  0.2506472092140E-04
  0.2279074855693E-04
  0.2153539378773E-04
  0.2083039684794E-04
  0.2028878605500E-04
  0.1984098906766E-04
  0.1935622971140E-04
  0.1851272759308E-04
  0.1740704285693E-04
  0.1534180303569E-04
  0.1060295255337E-04
  0.4653522641710E-05
  0.0000000000000E+00
  0.0000000000000E+00
  0.0000000000000E+00
  0.0000000000000E+00
  0.0000000000000E+00
  0.0000000000000E+00
  0.0000000000000E+00
  0.0000000000000E+00
  0.9379144373187E-06
  0.7489713841411E-06
  0.0000000000000E+00
  0.0000000000000E+00
  0.0000000000000E+00
  0.0000000000000E+00
  0.0000000000000E+00
  0.0000000000000E+00
  0.0000000000000E+00
  0.0000000000000E+00
  0.0000000000000E+00
  0.6806406502694E-05
  0.1686564381199E-04
  0.2527651390132E-04
  0.2824797710414E-04
  0.2874926635510E-04
  0.2569890060415E-04
  0.2352083845838E-04
  0.2257736837933E-04
  0.2222272455099E-04
  0.2184525994049E-04
  0.2122555805920E-04
  0.2044854392049E-04
  0.1965865606479E-04
  0.1920479182340E-04
  0.1824799080477E-04
  0.1394612005982E-04
  0.5745768022159E-05
  0.0000000000000E+00
  0.0000000000000E+00
  0.0000000000000E+00
  0.0000000000000E+00
  0.0000000000000E+00
  0.0000000000000E+00
  0.0000000000000E+00
  0.4791485037073E-05
  0.8537964113746E-05
  0.5447714628444E-05
  0.0000000000000E+00
  0.0000000000000E+00
  0.0000000000000E+00
  0.1055753620261E-05
  0.1386795609479E-05
  0.0000000000000E+00
  0.0000000000000E+00
  0.0000000000000E+00
  0.0000000000000E+00
  0.9179945865161E-05
  0.2290588009449E-04
  0.3033827051443E-04
  0.3096411390762E-04
  0.2833665883889E-04
  0.2621323232050E-04
  0.2514195253233E-04
  0.2502425656667E-04
  0.2484115870301E-04
  0.2441291307674E-04
  0.2356580197779E-04
  0.2252521398622E-04
  0.2162174440475E-04
  0.2144363677881E-04
  0.2113350685187E-04
  0.1703398397114E-04
  0.8833554652572E-05
  0.0000000000000E+00
  0.0000000000000E+00
  0.0000000000000E+00
  0.0000000000000E+00
  0.0000000000000E+00
  0.0000000000000E+00
  0.3557500881416E-05
  0.1351608599447E-04
  0.1575071096408E-04
  0.1051750992159E-04
  0.3049543131981E-05
  0.7117791268224E-06
  0.2555511993534E-05
  0.6194122232902E-05
  0.7128623653393E-05
  0.0000000000000E+00
  0.0000000000000E+00
  0.0000000000000E+00
  0.0000000000000E+00
  0.1370253976496E-04
  0.2737180634540E-04
  0.3034421658972E-04
  0.3033000248176E-04
  0.3026708308013E-04
  0.2993464950825E-04
  0.2980571758798E-04
  0.3012747571834E-04
  0.3022966023997E-04
  0.3013853016424E-04
  0.2971223718357E-04
  0.2910644903072E-04
  0.2844636513518E-04
  0.2748841517103E-04
  0.2560565495990E-04
  0.2044931582389E-04
  0.1311510878886E-04
  0.3915068259855E-05
  0.0000000000000E+00
  0.0000000000000E+00
  0.0000000000000E+00
  0.5369122148363E-05
  0.6801604720601E-05
  0.7511286178202E-05
  0.1827153060087E-04
  0.1940225718837E-04
  0.1457069324587E-04
  0.9981544528627E-05
  0.6838745402454E-05
  0.8970087707688E-05
  0.1127762736357E-04
  0.1146110922661E-04
  0.9507019019669E-06
  0.0000000000000E+00
  0.0000000000000E+00
  0.0000000000000E+00
  0.1864357204330E-04
  0.2802123132681E-04
  0.2870325158959E-04
  0.3029966026723E-04
  0.3360618757718E-04
  0.3400289556580E-04
  0.3425074266577E-04
  0.3468588283470E-04
  0.3514409339229E-04
  0.3552853421313E-04
  0.3564189515908E-04
  0.3537697380520E-04
  0.3488337687718E-04
  0.3363438462474E-04
  0.3123051385436E-04
  0.2635339599070E-04
  0.1709876982904E-04
  0.8663693282011E-05
  0.3003847215276E-05
  0.0000000000000E+00
  0.0000000000000E+00
  0.8990049563143E-05
  0.1596525807557E-04
  0.0000000000000E+00
  0.2261986198239E-04
  0.2288725326977E-04
  0.2024624467823E-04
  0.1612951257783E-04
  0.1311123861603E-04
  0.1555338702751E-04
  0.1637166794489E-04
  0.1514049829811E-04
  0.4620548800239E-05
  0.0000000000000E+00
  0.0000000000000E+00
  0.0000000000000E+00
  0.2373763335679E-04
  0.3103919976793E-04
  0.3054435158073E-04
  0.3267701179382E-04
  0.3755419270111E-04
  0.3801496757214E-04
  0.3840067614317E-04
  0.3895411646228E-04
  0.3989464481464E-04
  0.4079535466804E-04
  0.4144824376265E-04
  0.4141174237933E-04
  0.4074073115025E-04
  0.3891293682081E-04
  0.3580294221388E-04
  0.3063590242098E-04
  0.2209945180071E-04
  0.0000000000000E+00
  0.1389049421029E-04
  0.0000000000000E+00
  0.0000000000000E+00
  0.0000000000000E+00
  0.2335767621849E-04
  0.1885071502610E-04
  0.2766894032652E-04
  0.2801822769997E-04
  0.2520711733668E-04
  0.1987149703897E-04
  0.1406995030940E-04
  0.2057037086590E-04
  0.1991286848071E-04
  0.1897722101761E-04
  0.1045379962586E-04
  0.0000000000000E+00
  0.0000000000000E+00
  0.0000000000000E+00
  0.2977271109775E-04
  0.3504199467084E-04
  0.3426371107459E-04
  0.3648060483987E-04
  0.4125496093310E-04
  0.4158713351978E-04
  0.4205582528996E-04
  0.4286293318227E-04
  0.4424132997260E-04
  0.4560938740558E-04
  0.4670881696078E-04
  0.4677077550235E-04
  0.4566482884456E-04
  0.4311944255184E-04
  0.3921602792802E-04
  0.3414713190609E-04
  0.2865450763908E-04
  0.2240609365246E-04
  0.2386757081728E-04
  0.6157019205622E-05
  0.0000000000000E+00
  0.0000000000000E+00
  0.2471469522917E-04
  0.2605630777756E-04
  0.2995128240608E-04
  0.3259592968980E-04
  0.2984242678774E-04
  0.2347575942733E-04
  0.0000000000000E+00
  0.1866445575877E-04
  0.1900082178830E-04
  0.2312847507887E-04
  0.1789089461338E-04
  0.6127030190976E-05
  0.0000000000000E+00
  0.0000000000000E+00
  0.3588869363562E-04
  0.3904544192209E-04
  0.3826671407837E-04
  0.4028309189685E-04
  0.4502746618192E-04
  0.4526069103597E-04
  0.4573558766976E-04
  0.4662680489325E-04
  0.4795377761851E-04
  0.4939143220679E-04
  0.5060086605875E-04
  0.5055432806384E-04
  0.4902912241821E-04
  0.4615729419807E-04
  0.4234906065598E-04
  0.3885899065661E-04
  0.3585290155768E-04
  0.2839594110738E-04
  0.2831246096767E-04
  0.1821475834462E-04
  0.0000000000000E+00
  0.0000000000000E+00
  0.2033981358736E-04
  0.3262705388476E-04
  0.3459544201490E-04
  0.3729558663980E-04
  0.3489416477138E-04
  0.2885860905658E-04
  0.0000000000000E+00
  0.0000000000000E+00
  0.0000000000000E+00
  0.2403454619333E-04
  0.2604728698883E-04
  0.1533605256419E-04
  0.0000000000000E+00
  0.0000000000000E+00
  0.3826379330994E-04
  0.4195567467325E-04
  0.4254518140449E-04
  0.4422205949102E-04
  0.4881723930732E-04
  0.4905173282632E-04
  0.4946288584666E-04
  0.4998686249948E-04
  0.5063453125772E-04
  0.5164634856496E-04
  0.5281326252383E-04
  0.5287189668134E-04
  0.5135587019518E-04
  0.4906278198347E-04
  0.4656285521473E-04
  0.4454261498712E-04
  0.4127635677112E-04
  0.3433535156883E-04
  0.3346572669157E-04
  0.3037689991455E-04
  0.0000000000000E+00
  0.0000000000000E+00
  0.0000000000000E+00
  0.3490309683397E-04
  0.4006279311310E-04
  0.4162875128763E-04
  0.3960648840343E-04
  0.3653190775442E-04
  0.2143515622834E-04
  0.0000000000000E+00
  0.0000000000000E+00
  0.0000000000000E+00
  0.3438061387366E-04
  0.2546169241086E-04
  0.0000000000000E+00
  0.0000000000000E+00
  0.4124317291281E-04
  0.4567030194156E-04
  0.4712524025807E-04
  0.4823679858296E-04
  0.5180346567208E-04
  0.5220112857237E-04
  0.5259448097202E-04
  0.5264020794322E-04
  0.5258077800139E-04
  0.5338775989209E-04
  0.5468863737576E-04
  0.5480641654282E-04
  0.5337360003865E-04
  0.5171032430390E-04
  0.5039253135005E-04
  0.4886406853431E-04
  0.4439961950032E-04
  0.3806685459716E-04
  0.3836144065651E-04
  0.3815408146475E-04
  0.0000000000000E+00
  0.0000000000000E+00
  0.0000000000000E+00
  0.3534772727998E-04
  0.4350639362725E-04
  0.4510882939303E-04
  0.4357430280378E-04
  0.4154891403767E-04
  0.2718191003201E-04
  0.2305194341657E-04
  0.0000000000000E+00
  0.0000000000000E+00
  0.4047766531687E-04
  0.3644704115848E-04
  0.0000000000000E+00
  0.3109090462872E-04
  0.4491267803363E-04
  0.4932424672734E-04
  0.5072860969054E-04
  0.5132741766075E-04
  0.5120096093356E-04
  0.5160722713028E-04
  0.5188571134254E-04
  0.5184932979538E-04
  0.5189948660952E-04
  0.5265208919160E-04
  0.5368140822112E-04
  0.5367765021593E-04
  0.5260062676938E-04
  0.5149573485843E-04
  0.5058722398944E-04
  0.4925624090189E-04
  0.4489207717763E-04
  0.3882793536612E-04
  0.4061423669299E-04
  0.4017271070364E-04
  0.0000000000000E+00
  0.0000000000000E+00
  0.0000000000000E+00
  0.3500062897791E-04
  0.4594557445374E-04
  0.4893593548887E-04
  0.4697197085452E-04
  0.4382994219276E-04
  0.3273890103677E-04
  0.2768924825755E-04
  0.2531809241679E-04
  0.0000000000000E+00
  0.4025294157861E-04
  0.4355156122766E-04
  0.2854480486101E-04
  0.3885974669289E-04
  0.4672161023607E-04
  0.5029202653047E-04
  0.5059057343695E-04
  0.5076249384091E-04
  0.4466293426913E-04
  0.4440615741812E-04
  0.4393953644847E-04
  0.4342859723950E-04
  0.4345267103557E-04
  0.4427629714375E-04
  0.4549022587199E-04
  0.4606229973219E-04
  0.4615690529796E-04
  0.4643118758113E-04
  0.4651761058224E-04
  0.4597863891059E-04
  0.4345599883279E-04
  0.3761207883051E-04
  0.4138599529731E-04
  0.3930479215540E-04
  0.0000000000000E+00
  0.0000000000000E+00
  0.0000000000000E+00
  0.3892354972342E-04
  0.4786407577041E-04
  0.5104681663615E-04
  0.4982076805275E-04
  0.4547324908762E-04
  0.3766910608227E-04
  0.3566813067881E-04
  0.3314084710021E-04
  0.0000000000000E+00
  0.0000000000000E+00
  0.4459338839143E-04
  0.3564847674384E-04
  0.4094929301772E-04
  0.4464258919057E-04
  0.4592795174474E-04
  0.4522708369886E-04
  0.4481269469317E-04
  0.3626233746745E-04
  0.3561930993306E-04
  0.3500212915358E-04
  0.3467905632966E-04
  0.3479739269309E-04
  0.3531187215072E-04
  0.3605163458075E-04
  0.3663981494759E-04
  0.3745938676581E-04
  0.3862886915199E-04
  0.3981076086313E-04
  0.4095995591713E-04
  0.4118308233378E-04
  0.3644466718633E-04
  0.4286210275127E-04
  0.3843118811073E-04
  0.0000000000000E+00
  0.0000000000000E+00
  0.0000000000000E+00
  0.4149844784795E-04
  0.4663916211809E-04
  0.4832214077712E-04
  0.4944279693035E-04
  0.4661831109746E-04
  0.4138422482400E-04
  0.4171794300852E-04
  0.3970986348159E-04
  0.3586874219304E-04
  0.0000000000000E+00
  0.4270643120106E-04
  0.3876318117961E-04
  0.3977024632507E-04
  0.3920676031732E-04
  0.3883137567250E-04
  0.3769425472605E-04
  0.3689641554699E-04
  0.3232007528373E-04
  0.3152625385665E-04
  0.3087738624187E-04
  0.3066984994951E-04
  0.3079828063760E-04
  0.3116353739762E-04
  0.3163687784273E-04
  0.3201260017936E-04
  0.3264832816263E-04
  0.3364972165660E-04
  0.3501712806334E-04
  0.3700761606451E-04
  0.3980473567035E-04
  0.4110462547923E-04
  0.4545193154754E-04
  0.3619038344073E-04
  0.0000000000000E+00
  0.0000000000000E+00
  0.0000000000000E+00
  0.4639063405605E-04
  0.4664745663769E-04
  0.4326228788387E-04
  0.4647302614795E-04
  0.4772296087342E-04
  0.4357762324422E-04
  0.4563669255908E-04
  0.4629688598776E-04
  0.4695705275229E-04
  0.0000000000000E+00
  0.4259865226947E-04
  0.4074876830820E-04
  0.3853322928760E-04
  0.3604395275185E-04
  0.3517514953895E-04
  0.3408036493670E-04
  0.3314167501887E-04
  0.3685825831025E-04
  0.3559285518011E-04
  0.3455632372799E-04
  0.3395719463109E-04
  0.3378915015759E-04
  0.3397128174304E-04
  0.3446272437953E-04
  0.3500520265820E-04
  0.3582149954557E-04
  0.3700821580871E-04
  0.3849236857926E-04
  0.4055019314237E-04
  0.4384965432847E-04
  0.4739845144968E-04
  0.4970440934790E-04
  0.3671388085232E-04
  0.0000000000000E+00
  0.0000000000000E+00
  0.0000000000000E+00
  0.5063032770935E-04
  0.4836401039891E-04
  0.4189314434118E-04
  0.4102802395200E-04
  0.5187401988919E-04
  0.5044119847234E-04
  0.5207897170961E-04
  0.5243707945212E-04
  0.5228375707700E-04
  0.4604062314256E-04
  0.4995403562008E-04
  0.4860392215797E-04
  0.4529282163692E-04
  0.4246004149043E-04
  0.4124369756137E-04
  0.3978136443754E-04
  0.3823281480833E-04
  0.5006579570072E-04
  0.4834485684349E-04
  0.4661896769315E-04
  0.4517039243807E-04
  0.4428224519996E-04
  0.4394685491922E-04
  0.4416656081370E-04
  0.4450672381362E-04
  0.4495792376050E-04
  0.4559585006111E-04
  0.4605576852422E-04
  0.4638880413875E-04
  0.4721031109906E-04
  0.4853144097091E-04
  0.5382051156154E-04
  0.4631359861920E-04
  0.0000000000000E+00
  0.0000000000000E+00
  0.0000000000000E+00
  0.5422650647485E-04
  0.4905946849755E-04
  0.4046565321964E-04
  0.0000000000000E+00
  0.5401409629028E-04
  0.5659747001293E-04
  0.5681135354917E-04
  0.5619610887312E-04
  0.5404415946293E-04
  0.5267476558573E-04
  0.5738622239032E-04
  0.5876720128784E-04
  0.5715631960795E-04
  0.5584180509432E-04
  0.5497249254517E-04
  0.5355294069070E-04
  0.5183911452569E-04
  0.6443644972112E-04
  0.6359136754146E-04
  0.6201699143836E-04
  0.5989662900734E-04
  0.5794278542682E-04
  0.5627958605957E-04
  0.5496378900021E-04
  0.5384925630693E-04
  0.5295302357229E-04
  0.5235554144655E-04
  0.5160146166374E-04
  0.5045303723339E-04
  0.4875264256852E-04
  0.4649158699426E-04
  0.4913872793399E-04
  0.5479174651338E-04
  0.3283090421825E-04
  0.3375871809388E-04
  0.4241812895938E-04
  0.5527952669844E-04
  0.4934953939737E-04
  0.3543891911142E-04
  0.0000000000000E+00
  0.5523409097641E-04
  0.6061882015902E-04
  0.5868818071747E-04
  0.5764798750736E-04
  0.5524418774044E-04
  0.5476311146835E-04
  0.5926440881492E-04
  0.6271329667417E-04
  0.6375480382273E-04
  0.6492603518904E-04
  0.6597467071462E-04
  0.6572961855371E-04
  0.6518797636391E-04
  0.6763023907166E-04
  0.6829756067432E-04
  0.6844584393930E-04
  0.6748121767586E-04
  0.6585537768265E-04
  0.6357622818504E-04
  0.6067678122726E-04
  0.5794874157579E-04
  0.5587009455685E-04
  0.5445628584012E-04
  0.5331013902844E-04
  0.5216862782118E-04
  0.5036846172632E-04
  0.4706247887107E-04
  0.4335796288226E-04
  0.4633245711364E-04
  0.4324313563917E-04
  0.4233803954783E-04
  0.4231344277953E-04
  0.5160559576020E-04
  0.5052962927876E-04
  0.0000000000000E+00
  0.4701065326032E-04
  0.5819232285332E-04
  0.5989412055279E-04
  0.5830424660575E-04
  0.5720676156997E-04
  0.5476659333201E-04
  0.5332990445700E-04
  0.5566024104301E-04
  0.5904565039840E-04
  0.6124226008318E-04
  0.6374496323550E-04
  0.6612038300524E-04
  0.6683304102373E-04
  0.6726324816946E-04
  0.6214557178046E-04
  0.6308945865256E-04
  0.6439976335045E-04
  0.6552291680408E-04
  0.6587207687862E-04
  0.6499805024774E-04
  0.6255903570160E-04
  0.5944794783340E-04
  0.5661912704132E-04
  0.5445510278725E-04
  0.5291437204653E-04
  0.5174499120364E-04
  0.5042341782040E-04
  0.4843560805292E-04
  0.4654049237687E-04
  0.4871183457682E-04
  0.4671985103322E-04
  0.4458072413249E-04
  0.4365601417379E-04
  0.4786862715112E-04
  0.4928624234691E-04
  0.0000000000000E+00
  0.4833468498447E-04
  0.5452901269180E-04
  0.5566693315146E-04
  0.5599228312276E-04
  0.5546933012614E-04
  0.5335633316967E-04
  0.5146004495156E-04
  0.5230990360056E-04
  0.5452265201165E-04
  0.5622209519064E-04
  0.5832737481510E-04
  0.6040857878018E-04
  0.6126803772753E-04
  0.6175592189168E-04
  0.5589624718033E-04
  0.5630400550929E-04
  0.5736990928402E-04
  0.5911265834640E-04
  0.6082077441542E-04
  0.6183728346560E-04
  0.6142462580410E-04
  0.5955724046582E-04
  0.5688872929723E-04
  0.5405462732294E-04
  0.5179078015800E-04
  0.5009293100857E-04
  0.4850033459752E-04
  0.4660697058622E-04
  0.4542445302529E-04
  0.4710285456524E-04
  0.4603152062276E-04
  0.4354685097463E-04
  0.4121981007270E-04
  0.4349123777271E-04
  0.4550753079992E-04
  0.3785353760905E-04
  0.4718124405778E-04
  0.4990049492367E-04
  0.5095746701220E-04
  0.5211640999185E-04
  0.5237441154376E-04
  0.5118134930382E-04
  0.4960281882726E-04
  0.4965604393980E-04
  0.5093917867275E-04
  0.5204450279994E-04
  0.5345433950946E-04
  0.5466469795639E-04
  0.5534291010060E-04
  0.5574221613781E-04
  0.5037463985133E-04
  0.5034690601649E-04
  0.5076958971776E-04
  0.5195597323452E-04
  0.5348674346651E-04
  0.5493974111942E-04
  0.5596953170897E-04
  0.5595389986785E-04
  0.5469931422514E-04
  0.5242507628140E-04
  0.4992900653433E-04
  0.4770785042862E-04
  0.4581224763643E-04
  0.4421303118978E-04
  0.4330301332393E-04
  0.4371084893090E-04
  0.4276353736580E-04
  0.4094671323632E-04
  0.3709771676082E-04
  0.3807824689030E-04
  0.3970529249021E-04
  0.4148847624782E-04
  0.4550857794171E-04
  0.4540175968918E-04
  0.4609793290350E-04
  0.4713227169823E-04
  0.4787962251663E-04
  0.4770924931067E-04
  0.4685845711204E-04
  0.4665473054871E-04
  0.4721469883149E-04
  0.4775613748129E-04
  0.4861465127642E-04
  0.4932233677086E-04
  0.4989304339298E-04
  0.5028659771511E-04
  0.4537237465540E-04
  0.4523501570462E-04
  0.4522677339389E-04
  0.4568141381880E-04
  0.4650670596903E-04
  0.4746325305729E-04
  0.4848672123977E-04
  0.4917821650952E-04
  0.4908278381982E-04
  0.4800428996310E-04
  0.4627406580202E-04
  0.4402227347798E-04
  0.4185950000281E-04
  0.4048317816875E-04
  0.4010798541967E-04
  0.4016865568636E-04
  0.3940565601748E-04
  0.3773928303282E-04
  0.3238394035664E-04
  0.3176582362344E-04
  0.3452709294897E-04
  0.3932077542259E-04
  0.4481247644786E-04
  0.4305619994164E-04
  0.4243516631415E-04
  0.4258063729619E-04
  0.4310571532634E-04
  0.4334160440327E-04
  0.4320809740112E-04
  0.4323422022299E-04
  0.4336443532192E-04
  0.4345977675023E-04
  0.4384540880262E-04
  0.4423221796833E-04
  0.4473605294983E-04
  0.4523288312954E-04
  0.4015890140926E-04
  0.4004830368062E-04
  0.3985683125807E-04
  0.3986339085269E-04
  0.4019691864640E-04
  0.4067610422647E-04
  0.4116447417753E-04
  0.4177694953305E-04
  0.4200461292035E-04
  0.4164791337912E-04
  0.4073596383736E-04
  0.3892609457186E-04
  0.3669376142462E-04
  0.3569717810958E-04
  0.3642167348673E-04
  0.3745561178928E-04
  0.3753221523909E-04
  0.3558974967268E-04
  0.2696824254952E-04
  0.2332802412209E-04
  0.2862631429186E-04
  0.4277741361858E-04
  0.5004640897542E-04
  0.4573957179348E-04
  0.4206770814864E-04
  0.4029156422796E-04
  0.3969939769133E-04
  0.3938756549591E-04
  0.3913507312805E-04
  0.3925031801912E-04
  0.3919527939515E-04
  0.3897832969178E-04
  0.3899378177991E-04
  0.3917292543438E-04
  0.3953405960841E-04
  0.3997697147834E-04
  0.3713574669044E-04
  0.3687409891711E-04
  0.3650260779589E-04
  0.3630242773671E-04
  0.3627167233206E-04
  0.3636561468380E-04
  0.3640492045476E-04
  0.3657807078145E-04
  0.3670248398347E-04
  0.3671130325614E-04
  0.3688436010846E-04
  0.3671448256554E-04
  0.3581310554100E-04
  0.3528968575933E-04
  0.3627478316897E-04
  0.3826145490288E-04
  0.3916611990064E-04
  0.3697102011638E-04
  0.0000000000000E+00
  0.0000000000000E+00
  0.0000000000000E+00
  0.4399939283143E-04
  0.5609699185524E-04
  0.5371920226362E-04
  0.4852957269151E-04
  0.4512779799188E-04
  0.4305070703115E-04
  0.4150588662323E-04
  0.4017128734624E-04
  0.3924606044450E-04
  0.3846930251722E-04
  0.3764506615149E-04
  0.3713067589696E-04
  0.3693169605414E-04
  0.3699454261888E-04
  0.3715531918535E-04
  0.3696158610218E-04
  0.3677828333448E-04
  0.3650360737154E-04
  0.3621542581014E-04
  0.3597955302230E-04
  0.3585821307724E-04
  0.3579041090475E-04
  0.3580645187842E-04
  0.3600597533896E-04
  0.3611354481624E-04
  0.3618084000235E-04
  0.3605495563442E-04
  0.3535931336932E-04
  0.3474563261908E-04
  0.3537187714268E-04
  0.3790990396414E-04
  0.4055081451689E-04
  0.3910215568743E-04
  0.0000000000000E+00
  0.0000000000000E+00
  0.0000000000000E+00
  0.4365572252180E-04
  0.5561076431193E-04
  0.5665513762193E-04
  0.5337592606261E-04
  0.5058805160195E-04
  0.4796634063099E-04
  0.4532136188626E-04
  0.4293719679673E-04
  0.4117681557853E-04
  0.3991770022301E-04
  0.3871880327588E-04
  0.3774985264234E-04
  0.3714583045355E-04
  0.3689213955046E-04
  0.3692326893040E-04
  0.3681542915452E-04
  0.3637869357998E-04
  0.3591527163620E-04
  0.3583025772472E-04
  0.3560925516678E-04
  0.3543754517273E-04
  0.3535563223154E-04
  0.3536540278116E-04
  0.3545918517062E-04
  0.3555437301009E-04
  0.3563642118521E-04
  0.3557588420666E-04
  0.3521544160541E-04
  0.3487357432359E-04
  0.3525685892862E-04
  0.3745335629219E-04
  0.4119340862974E-04
  0.4321796841720E-04
  0.0000000000000E+00
  0.0000000000000E+00
  0.0000000000000E+00
  0.3667362446624E-04
  0.4538131370561E-04
  0.4902653593460E-04
  0.4914291375860E-04
  0.4906504792308E-04
  0.4849363554400E-04
  0.4705173978052E-04
  0.4533078350736E-04
  0.4352668860901E-04
  0.4183195361984E-04
  0.4035872700111E-04
  0.3911921900830E-04
  0.3817489734138E-04
  0.3751203944397E-04
  0.3712340102340E-04
  0.3648631664531E-04
  0.3597244805632E-04
  0.3547492599361E-04
  0.3505647212522E-04
  0.3461994075139E-04
  0.3435565311179E-04
  0.3426071772152E-04
  0.3434610124690E-04
  0.3446977182027E-04
  0.3461839200448E-04
  0.3479265099979E-04
  0.3491825228570E-04
  0.3496283971242E-04
  0.3488745825746E-04
  0.3519214687479E-04
  0.3662954497756E-04
  0.3978988067093E-04
  0.4457305435501E-04
  0.3167360912977E-04
  0.2851089536272E-04
  0.2568796338912E-04
  0.2945439076156E-04
  0.3171222926391E-04
  0.3472206869243E-04
  0.3698270479021E-04
  0.3896590678275E-04
  0.4093376667099E-04
  0.4207972302668E-04
  0.4227984041155E-04
  0.4190002160328E-04
  0.4097501885322E-04
  0.3991362055135E-04
  0.3886256676223E-04
  0.3803374713371E-04
  0.3729692612537E-04
  0.3685431114269E-04
  0.3349719107552E-04
  0.3314481795931E-04
  0.3288045673918E-04
  0.3262198338922E-04
  0.3231783128040E-04
  0.3209702472365E-04
  0.3202564522915E-04
  0.3210388973002E-04
  0.3222332547869E-04
  0.3218026972912E-04
  0.3233204999040E-04
  0.3251018726424E-04
  0.3269358373988E-04
  0.3286743331650E-04
  0.3312324229055E-04
  0.3393801138023E-04
  0.3578176435913E-04
  0.3828493363457E-04
  0.3376207432499E-04
  0.3017712177519E-04
  0.2673248008347E-04
  0.2553063114594E-04
  0.2522502272132E-04
  0.2627060485701E-04
  0.2752919872423E-04
  0.2896694206061E-04
  0.3088420448888E-04
  0.3280580028451E-04
  0.3409618504695E-04
  0.3471929859166E-04
  0.3471249933070E-04
  0.3433016854777E-04
  0.3388933708104E-04
  0.3374656316419E-04
  0.3366927716730E-04
  0.3358309771957E-04
  0.2632821277778E-04
  0.2647902029233E-04
  0.2650248897054E-04
  0.2644303716170E-04
  0.2628254807653E-04
  0.2609608854154E-04
  0.2596943236214E-04
  0.2589385095132E-04
  0.2581916085138E-04
  0.2578235516825E-04
  0.2588239375044E-04
  0.2600231244066E-04
  0.2613412991924E-04
  0.2627175790329E-04
  0.2646731252038E-04
  0.2693802335413E-04
  0.2818349202470E-04
  0.2959378592002E-04
  0.2791534869824E-04
  0.2541153854149E-04
  0.2330970319345E-04
  0.2189119850419E-04
  0.2095866015833E-04
  0.2058776542299E-04
  0.2053468398038E-04
  0.2078973114921E-04
  0.2157896095308E-04
  0.2281160572097E-04
  0.2407971221296E-04
  0.2498628764076E-04
  0.2545898275901E-04
  0.2566676546170E-04
  0.2574821121056E-04
  0.2594113692988E-04
  0.2613800835650E-04
  0.2620718131256E-04
  0.1668696713278E-04
  0.1684906398444E-04
  0.1689925884466E-04
  0.1684082481853E-04
  0.1666501244217E-04
  0.1643320457662E-04
  0.1621310656102E-04
  0.1606067165066E-04
  0.1598276182363E-04
  0.1597574056565E-04
  0.1598800785408E-04
  0.1600702299686E-04
  0.1606199211602E-04
  0.1621107343398E-04
  0.1648714704491E-04
  0.1698644037433E-04
  0.1777059599870E-04
  0.1857431909222E-04
  0.1869370383655E-04
  0.1806266655979E-04
  0.1700477360742E-04
  0.1581493803276E-04
  0.1473311649387E-04
  0.1393066782237E-04
  0.1350776976955E-04
  0.1351929961499E-04
  0.1391464074516E-04
  0.1454264064900E-04
  0.1522900517835E-04
  0.1578186582396E-04
  0.1608479777189E-04
  0.1618759063272E-04
  0.1621105643508E-04
  0.1627020259725E-04
  0.1636903751294E-04
  0.1650084938470E-04
  0.7782004567237E-05
  0.7977129312464E-05
  0.8278533349017E-05
  0.8733501312095E-05
  0.9019394609589E-05
  0.9214356345114E-05
  0.9366888173975E-05
  0.9495478425402E-05
  0.9767151540712E-05
  0.1018705262930E-04
  0.1080716925056E-04
  0.1144958873488E-04
  0.1185547901104E-04
  0.1210331211816E-04
  0.1223995680428E-04
  0.1228022778453E-04
  0.1219797219364E-04
  0.1191315058330E-04
  0.1131379229074E-04
  0.1026091845208E-04
  0.9067200672712E-05
  0.8192731452059E-05
  0.7596509318238E-05
  0.7238923140971E-05
  0.7077885356555E-05
  0.7066777189999E-05
  0.7150840543577E-05
  0.7270026767085E-05
  0.7386254659230E-05
  0.7468847560412E-05
  0.7513349691277E-05
  0.7535190898474E-05
  0.7543284950364E-05
  0.7556171749580E-05
  0.7589833556724E-05
  0.7660117108255E-05
  0.0000000000000E+00
  0.0000000000000E+00
  0.0000000000000E+00
  0.0000000000000E+00
  0.2673955436705E-05
  0.0000000000000E+00
  0.0000000000000E+00
  0.0000000000000E+00
  0.0000000000000E+00
  0.0000000000000E+00
  0.0000000000000E+00
  0.0000000000000E+00
  0.0000000000000E+00
  0.0000000000000E+00
  0.0000000000000E+00
  0.0000000000000E+00
  0.0000000000000E+00
  0.0000000000000E+00
  0.0000000000000E+00
  0.0000000000000E+00
  0.0000000000000E+00
  0.0000000000000E+00
  0.0000000000000E+00
  0.0000000000000E+00
  0.0000000000000E+00
  0.0000000000000E+00
  0.0000000000000E+00
  0.0000000000000E+00
  0.0000000000000E+00
  0.0000000000000E+00
  0.0000000000000E+00
  0.0000000000000E+00
  0.0000000000000E+00
  0.0000000000000E+00
  0.0000000000000E+00
  0.2804126213827E-05
  0.1616296641645E-05
  0.0000000000000E+00
  0.0000000000000E+00
  0.0000000000000E+00
  0.1522327332403E-05
  0.0000000000000E+00
  0.0000000000000E+00
  0.0000000000000E+00
  0.3145220131720E-05
  0.0000000000000E+00
  0.0000000000000E+00
  0.0000000000000E+00
  0.0000000000000E+00
  0.0000000000000E+00
  0.0000000000000E+00
  0.0000000000000E+00
  0.0000000000000E+00
  0.0000000000000E+00
  0.0000000000000E+00
  0.0000000000000E+00
  0.0000000000000E+00
  0.0000000000000E+00
  0.0000000000000E+00
  0.0000000000000E+00
  0.0000000000000E+00
  0.0000000000000E+00
  0.0000000000000E+00
  0.0000000000000E+00
  0.0000000000000E+00
  0.0000000000000E+00
  0.0000000000000E+00
  0.0000000000000E+00
  0.0000000000000E+00
  0.0000000000000E+00
  0.0000000000000E+00
  0.0000000000000E+00
  0.0000000000000E+00
  0.0000000000000E+00
  0.9233772944520E-06
  0.0000000000000E+00
  0.0000000000000E+00
  0.0000000000000E+00
  0.0000000000000E+00
  0.0000000000000E+00
  0.0000000000000E+00
  0.0000000000000E+00
  0.0000000000000E+00
  0.7644221979478E-05
  0.0000000000000E+00
  0.0000000000000E+00
  0.0000000000000E+00
  0.0000000000000E+00
  0.0000000000000E+00
  0.0000000000000E+00
  0.0000000000000E+00
  0.0000000000000E+00
  0.0000000000000E+00
  0.0000000000000E+00
  0.0000000000000E+00
  0.0000000000000E+00
  0.0000000000000E+00
  0.0000000000000E+00
  0.0000000000000E+00
  0.0000000000000E+00
  0.0000000000000E+00
  0.0000000000000E+00
  0.0000000000000E+00
  0.0000000000000E+00
  0.0000000000000E+00
  0.0000000000000E+00
  0.0000000000000E+00
  0.0000000000000E+00
  0.0000000000000E+00
  0.0000000000000E+00
  0.0000000000000E+00
  0.0000000000000E+00
  0.0000000000000E+00
  0.0000000000000E+00
  0.0000000000000E+00
  0.0000000000000E+00
  0.0000000000000E+00
  0.0000000000000E+00
  0.0000000000000E+00
  0.2900853772099E-05
  0.0000000000000E+00
  0.0000000000000E+00
  0.0000000000000E+00
  0.0000000000000E+00
  0.0000000000000E+00
  0.0000000000000E+00
  0.0000000000000E+00
  0.0000000000000E+00
  0.0000000000000E+00
  0.0000000000000E+00
  0.0000000000000E+00
  0.0000000000000E+00
  0.0000000000000E+00
  0.0000000000000E+00
  0.0000000000000E+00
  0.0000000000000E+00
  0.0000000000000E+00
  0.0000000000000E+00
  0.0000000000000E+00
  0.0000000000000E+00
  0.0000000000000E+00
  0.0000000000000E+00
  0.0000000000000E+00
  0.0000000000000E+00
  0.0000000000000E+00
  0.0000000000000E+00
  0.0000000000000E+00
  0.0000000000000E+00
  0.0000000000000E+00
  0.0000000000000E+00
  0.0000000000000E+00
  0.0000000000000E+00
  0.0000000000000E+00
  0.0000000000000E+00
  0.0000000000000E+00
  0.3254975500870E-05
  0.0000000000000E+00
  0.0000000000000E+00
  0.0000000000000E+00
  0.0000000000000E+00
  0.0000000000000E+00
  0.0000000000000E+00
  0.0000000000000E+00
  0.0000000000000E+00
  0.0000000000000E+00
  0.0000000000000E+00
  0.0000000000000E+00
  0.0000000000000E+00
  0.0000000000000E+00
  0.0000000000000E+00
  0.0000000000000E+00
  0.0000000000000E+00
  0.0000000000000E+00
  0.0000000000000E+00
  0.0000000000000E+00
  0.0000000000000E+00
  0.0000000000000E+00
  0.0000000000000E+00
  0.0000000000000E+00
  0.0000000000000E+00
  0.0000000000000E+00
  0.0000000000000E+00
  0.0000000000000E+00
  0.0000000000000E+00
  0.0000000000000E+00
  0.0000000000000E+00
  0.0000000000000E+00
  0.0000000000000E+00
  0.0000000000000E+00
  0.0000000000000E+00
  0.0000000000000E+00
  0.0000000000000E+00
  0.0000000000000E+00
  0.0000000000000E+00
  0.0000000000000E+00
  0.0000000000000E+00
  0.0000000000000E+00
  0.0000000000000E+00
  0.0000000000000E+00
  0.0000000000000E+00
  0.0000000000000E+00
  0.0000000000000E+00
  0.0000000000000E+00
  0.0000000000000E+00
  0.0000000000000E+00
  0.0000000000000E+00
  0.0000000000000E+00
  0.0000000000000E+00
  0.0000000000000E+00
  0.0000000000000E+00
  0.0000000000000E+00
  0.0000000000000E+00
  0.0000000000000E+00
  0.0000000000000E+00
  0.0000000000000E+00
  0.0000000000000E+00
  0.0000000000000E+00
  0.0000000000000E+00
  0.0000000000000E+00
  0.0000000000000E+00
  0.0000000000000E+00
  0.0000000000000E+00
  0.0000000000000E+00
  0.0000000000000E+00
  0.0000000000000E+00
  0.0000000000000E+00
  0.0000000000000E+00
  0.0000000000000E+00
  0.0000000000000E+00
  0.0000000000000E+00
  0.0000000000000E+00
  0.0000000000000E+00
  0.0000000000000E+00
  0.0000000000000E+00
  0.0000000000000E+00
  0.0000000000000E+00
  0.0000000000000E+00
  0.0000000000000E+00
  0.0000000000000E+00
  0.0000000000000E+00
  0.0000000000000E+00
  0.0000000000000E+00
  0.0000000000000E+00
  0.0000000000000E+00
  0.0000000000000E+00
  0.0000000000000E+00
  0.0000000000000E+00
  0.0000000000000E+00
  0.0000000000000E+00
  0.0000000000000E+00
  0.0000000000000E+00
  0.0000000000000E+00
  0.0000000000000E+00
  0.0000000000000E+00
  0.0000000000000E+00
  0.0000000000000E+00
  0.0000000000000E+00
  0.0000000000000E+00
  0.0000000000000E+00
  0.0000000000000E+00
  0.0000000000000E+00
  0.0000000000000E+00
  0.0000000000000E+00
  0.0000000000000E+00
  0.0000000000000E+00
  0.0000000000000E+00
  0.0000000000000E+00
  0.0000000000000E+00
  0.0000000000000E+00
  0.0000000000000E+00
  0.0000000000000E+00
  0.0000000000000E+00
  0.0000000000000E+00
  0.0000000000000E+00
  0.0000000000000E+00
  0.0000000000000E+00
  0.0000000000000E+00
  0.0000000000000E+00
  0.0000000000000E+00
  0.0000000000000E+00
  0.0000000000000E+00
  0.0000000000000E+00
  0.0000000000000E+00
  0.0000000000000E+00
  0.0000000000000E+00
  0.0000000000000E+00
  0.0000000000000E+00
  0.0000000000000E+00
  0.0000000000000E+00
  0.0000000000000E+00
  0.0000000000000E+00
  0.0000000000000E+00
  0.0000000000000E+00
  0.0000000000000E+00
  0.0000000000000E+00
  0.0000000000000E+00
  0.0000000000000E+00
  0.0000000000000E+00
  0.0000000000000E+00
  0.0000000000000E+00
  0.0000000000000E+00
  0.0000000000000E+00
  0.0000000000000E+00
  0.0000000000000E+00
  0.0000000000000E+00
  0.0000000000000E+00
  0.0000000000000E+00
  0.0000000000000E+00
  0.0000000000000E+00
  0.0000000000000E+00
  0.0000000000000E+00
  0.0000000000000E+00
  0.0000000000000E+00
  0.0000000000000E+00
  0.0000000000000E+00
  0.0000000000000E+00
  0.0000000000000E+00
  0.0000000000000E+00
  0.0000000000000E+00
  0.0000000000000E+00
  0.0000000000000E+00
  0.0000000000000E+00
  0.0000000000000E+00
  0.0000000000000E+00
  0.0000000000000E+00
  0.0000000000000E+00
  0.0000000000000E+00
  0.0000000000000E+00
  0.0000000000000E+00
  0.0000000000000E+00
  0.0000000000000E+00
  0.0000000000000E+00
  0.0000000000000E+00
  0.0000000000000E+00
  0.0000000000000E+00
  0.0000000000000E+00
  0.0000000000000E+00
  0.0000000000000E+00
  0.0000000000000E+00
  0.0000000000000E+00
  0.0000000000000E+00
  0.0000000000000E+00
  0.8692779926467E-05
  0.0000000000000E+00
  0.0000000000000E+00
  0.0000000000000E+00
  0.0000000000000E+00
  0.0000000000000E+00
  0.0000000000000E+00
  0.0000000000000E+00
  0.0000000000000E+00
  0.0000000000000E+00
  0.0000000000000E+00
  0.0000000000000E+00
  0.0000000000000E+00
  0.0000000000000E+00
  0.0000000000000E+00
  0.0000000000000E+00
  0.0000000000000E+00
  0.0000000000000E+00
  0.0000000000000E+00
  0.0000000000000E+00
  0.0000000000000E+00
  0.0000000000000E+00
  0.0000000000000E+00
  0.0000000000000E+00
  0.0000000000000E+00
  0.0000000000000E+00
  0.0000000000000E+00
  0.0000000000000E+00
  0.0000000000000E+00
  0.0000000000000E+00
  0.1256056324889E-04
  0.0000000000000E+00
  0.0000000000000E+00
  0.0000000000000E+00
  0.0000000000000E+00
  0.0000000000000E+00
  0.5046477971432E-05
  0.0000000000000E+00
  0.0000000000000E+00
  0.0000000000000E+00
  0.0000000000000E+00
  0.0000000000000E+00
  0.0000000000000E+00
  0.0000000000000E+00
  0.0000000000000E+00
  0.0000000000000E+00
  0.0000000000000E+00
  0.0000000000000E+00
  0.0000000000000E+00
  0.0000000000000E+00
  0.0000000000000E+00
  0.0000000000000E+00
  0.0000000000000E+00
  0.0000000000000E+00
  0.0000000000000E+00
  0.0000000000000E+00
  0.0000000000000E+00
  0.0000000000000E+00
  0.0000000000000E+00
  0.0000000000000E+00
  0.0000000000000E+00
  0.0000000000000E+00
  0.0000000000000E+00
  0.0000000000000E+00
  0.0000000000000E+00
  0.0000000000000E+00
  0.0000000000000E+00
  0.0000000000000E+00
  0.0000000000000E+00
  0.0000000000000E+00
  0.0000000000000E+00
  0.0000000000000E+00
  0.2038397748289E-05
  0.0000000000000E+00
  0.0000000000000E+00
  0.0000000000000E+00
  0.0000000000000E+00
  0.9337445510802E-05
  0.0000000000000E+00
  0.1548012331114E-04
  0.0000000000000E+00
  0.0000000000000E+00
  0.0000000000000E+00
  0.0000000000000E+00
  0.0000000000000E+00
  0.0000000000000E+00
  0.1658365197087E-05
  0.0000000000000E+00
  0.0000000000000E+00
  0.0000000000000E+00
  0.0000000000000E+00
  0.0000000000000E+00
  0.0000000000000E+00
  0.0000000000000E+00
  0.0000000000000E+00
  0.0000000000000E+00
  0.0000000000000E+00
  0.0000000000000E+00
  0.0000000000000E+00
  0.0000000000000E+00
  0.0000000000000E+00
  0.0000000000000E+00
  0.0000000000000E+00
  0.0000000000000E+00
  0.0000000000000E+00
  0.2899285998540E-05
  0.0000000000000E+00
  0.0000000000000E+00
  0.2806814037670E-05
  0.0000000000000E+00
  0.0000000000000E+00
  0.0000000000000E+00
  0.0000000000000E+00
  0.1176366853763E-04
  0.0000000000000E+00
  0.0000000000000E+00
  0.0000000000000E+00
  0.1286404649943E-04
  0.0000000000000E+00
  0.0000000000000E+00
  0.0000000000000E+00
  0.0000000000000E+00
  0.8361305504798E-05
  0.0000000000000E+00
  0.0000000000000E+00
  0.0000000000000E+00
  0.0000000000000E+00
  0.0000000000000E+00
  0.0000000000000E+00
  0.0000000000000E+00
  0.0000000000000E+00
  0.0000000000000E+00
  0.0000000000000E+00
  0.0000000000000E+00
  0.0000000000000E+00
  0.0000000000000E+00
  0.0000000000000E+00
  0.0000000000000E+00
  0.0000000000000E+00
  0.0000000000000E+00
  0.0000000000000E+00
  0.1260132208366E-04
  0.0000000000000E+00
  0.0000000000000E+00
  0.0000000000000E+00
  0.1177049633560E-04
  0.0000000000000E+00
  0.0000000000000E+00
  0.0000000000000E+00
  0.0000000000000E+00
  0.1766852803103E-04
  0.0000000000000E+00
  0.0000000000000E+00
  0.0000000000000E+00
  0.3188579545520E-04
  0.3761618603288E-05
  0.0000000000000E+00
  0.0000000000000E+00
  0.1729291987561E-04
  0.0000000000000E+00
  0.0000000000000E+00
  0.0000000000000E+00
  0.0000000000000E+00
  0.0000000000000E+00
  0.0000000000000E+00
  0.0000000000000E+00
  0.0000000000000E+00
  0.0000000000000E+00
  0.0000000000000E+00
  0.0000000000000E+00
  0.0000000000000E+00
  0.0000000000000E+00
  0.0000000000000E+00
  0.0000000000000E+00
  0.0000000000000E+00
  0.0000000000000E+00
  0.0000000000000E+00
  0.1099397939501E-04
  0.0000000000000E+00
  0.0000000000000E+00
  0.0000000000000E+00
  0.1116170218505E-04
  0.0000000000000E+00
  0.0000000000000E+00
  0.0000000000000E+00
  0.0000000000000E+00
  0.0000000000000E+00
  0.1641045609985E-04
  0.0000000000000E+00
  0.0000000000000E+00
  0.1744608851109E-04
  0.0000000000000E+00
  0.0000000000000E+00
  0.1443250967904E-04
  0.0000000000000E+00
  0.0000000000000E+00
  0.0000000000000E+00
  0.0000000000000E+00
  0.0000000000000E+00
  0.0000000000000E+00
  0.0000000000000E+00
  0.0000000000000E+00
  0.0000000000000E+00
  0.0000000000000E+00
  0.0000000000000E+00
  0.0000000000000E+00
  0.0000000000000E+00
  0.0000000000000E+00
  0.0000000000000E+00
  0.0000000000000E+00
  0.0000000000000E+00
  0.0000000000000E+00
  0.0000000000000E+00
  0.1304869983118E-04
  0.0000000000000E+00
  0.0000000000000E+00
  0.0000000000000E+00
  0.7312032690957E-05
  0.0000000000000E+00
  0.0000000000000E+00
  0.0000000000000E+00
  0.0000000000000E+00
  0.0000000000000E+00
  0.0000000000000E+00
  0.0000000000000E+00
  0.0000000000000E+00
  0.1954621796514E-04
  0.0000000000000E+00
  0.0000000000000E+00
  0.0000000000000E+00
  0.0000000000000E+00
  0.0000000000000E+00
  0.0000000000000E+00
  0.0000000000000E+00
  0.0000000000000E+00
  0.0000000000000E+00
  0.0000000000000E+00
  0.0000000000000E+00
  0.0000000000000E+00
  0.0000000000000E+00
  0.0000000000000E+00
  0.0000000000000E+00
  0.0000000000000E+00
  0.0000000000000E+00
  0.0000000000000E+00
  0.0000000000000E+00
  0.0000000000000E+00
  0.0000000000000E+00
  0.0000000000000E+00
  0.1525445154778E-04
  0.0000000000000E+00
  0.0000000000000E+00
  0.0000000000000E+00
  0.7536910627167E-05
  0.0000000000000E+00
  0.0000000000000E+00
  0.0000000000000E+00
  0.0000000000000E+00
  0.0000000000000E+00
  0.0000000000000E+00
  0.2485877612212E-04
  0.0000000000000E+00
  0.0000000000000E+00
  0.3206464851544E-04
  0.0000000000000E+00
  0.0000000000000E+00
  0.0000000000000E+00
  0.0000000000000E+00
  0.0000000000000E+00
  0.0000000000000E+00
  0.0000000000000E+00
  0.0000000000000E+00
  0.0000000000000E+00
  0.0000000000000E+00
  0.0000000000000E+00
  0.0000000000000E+00
  0.0000000000000E+00
  0.0000000000000E+00
  0.0000000000000E+00
  0.0000000000000E+00
  0.0000000000000E+00
  0.0000000000000E+00
  0.0000000000000E+00
  0.0000000000000E+00
  0.0000000000000E+00
  0.1260782814926E-04
  0.0000000000000E+00
  0.0000000000000E+00
  0.0000000000000E+00
  0.1742006401383E-04
  0.0000000000000E+00
  0.0000000000000E+00
  0.0000000000000E+00
  0.0000000000000E+00
  0.0000000000000E+00
  0.0000000000000E+00
  0.0000000000000E+00
  0.3022840127184E-04
  0.0000000000000E+00
  0.0000000000000E+00
  0.0000000000000E+00
  0.0000000000000E+00
  0.0000000000000E+00
  0.0000000000000E+00
  0.0000000000000E+00
  0.0000000000000E+00
  0.0000000000000E+00
  0.0000000000000E+00
  0.0000000000000E+00
  0.0000000000000E+00
  0.0000000000000E+00
  0.0000000000000E+00
  0.0000000000000E+00
  0.0000000000000E+00
  0.0000000000000E+00
  0.0000000000000E+00
  0.0000000000000E+00
  0.0000000000000E+00
  0.0000000000000E+00
  0.0000000000000E+00
  0.0000000000000E+00
  0.2829340311731E-04
  0.0000000000000E+00
  0.0000000000000E+00
  0.0000000000000E+00
  0.1289696255642E-04
  0.0000000000000E+00
  0.0000000000000E+00
  0.0000000000000E+00
  0.0000000000000E+00
  0.0000000000000E+00
  0.0000000000000E+00
  0.0000000000000E+00
  0.0000000000000E+00
  0.0000000000000E+00
  0.3394609723054E-04
  0.0000000000000E+00
  0.0000000000000E+00
  0.0000000000000E+00
  0.0000000000000E+00
  0.0000000000000E+00
  0.0000000000000E+00
  0.0000000000000E+00
  0.0000000000000E+00
  0.0000000000000E+00
  0.0000000000000E+00
  0.0000000000000E+00
  0.0000000000000E+00
  0.0000000000000E+00
  0.0000000000000E+00
  0.0000000000000E+00
  0.0000000000000E+00
  0.0000000000000E+00
  0.0000000000000E+00
  0.0000000000000E+00
  0.0000000000000E+00
  0.0000000000000E+00
  0.3539459294667E-04
  0.0000000000000E+00
  0.0000000000000E+00
  0.0000000000000E+00
  0.2037227611607E-04
  0.0000000000000E+00
  0.0000000000000E+00
  0.0000000000000E+00
  0.0000000000000E+00
  0.0000000000000E+00
  0.0000000000000E+00
  0.0000000000000E+00
  0.0000000000000E+00
  0.0000000000000E+00
  0.0000000000000E+00
  0.0000000000000E+00
  0.0000000000000E+00
  0.0000000000000E+00
  0.0000000000000E+00
  0.0000000000000E+00
  0.0000000000000E+00
  0.0000000000000E+00
  0.0000000000000E+00
  0.0000000000000E+00
  0.0000000000000E+00
  0.0000000000000E+00
  0.0000000000000E+00
  0.0000000000000E+00
  0.0000000000000E+00
  0.0000000000000E+00
  0.0000000000000E+00
  0.0000000000000E+00
  0.0000000000000E+00
  0.0000000000000E+00
  0.0000000000000E+00
  0.0000000000000E+00
  0.2265652235244E-04
  0.0000000000000E+00
  0.0000000000000E+00
  0.0000000000000E+00
  0.3208070255400E-04
  0.0000000000000E+00
  0.3380514554358E-04
  0.0000000000000E+00
  0.0000000000000E+00
  0.0000000000000E+00
  0.0000000000000E+00
  0.0000000000000E+00
  0.0000000000000E+00
  0.0000000000000E+00
  0.0000000000000E+00
  0.0000000000000E+00
  0.0000000000000E+00
  0.0000000000000E+00
  0.0000000000000E+00
  0.0000000000000E+00
  0.0000000000000E+00
  0.0000000000000E+00
  0.0000000000000E+00
  0.0000000000000E+00
  0.0000000000000E+00
  0.0000000000000E+00
  0.0000000000000E+00
  0.0000000000000E+00
  0.0000000000000E+00
  0.0000000000000E+00
  0.0000000000000E+00
  0.0000000000000E+00
  0.0000000000000E+00
  0.0000000000000E+00
  0.0000000000000E+00
  0.0000000000000E+00
  0.0000000000000E+00
  0.0000000000000E+00
  0.2313346791962E-04
  0.0000000000000E+00
  0.0000000000000E+00
  0.0000000000000E+00
  0.3741451942478E-04
  0.0000000000000E+00
  0.0000000000000E+00
  0.0000000000000E+00
  0.0000000000000E+00
  0.0000000000000E+00
  0.0000000000000E+00
  0.0000000000000E+00
  0.0000000000000E+00
  0.0000000000000E+00
  0.0000000000000E+00
  0.0000000000000E+00
  0.0000000000000E+00
  0.0000000000000E+00
  0.0000000000000E+00
  0.0000000000000E+00
  0.0000000000000E+00
  0.0000000000000E+00
  0.0000000000000E+00
  0.0000000000000E+00
  0.0000000000000E+00
  0.0000000000000E+00
  0.0000000000000E+00
  0.0000000000000E+00
  0.0000000000000E+00
  0.0000000000000E+00
  0.0000000000000E+00
  0.0000000000000E+00
  0.0000000000000E+00
  0.0000000000000E+00
  0.0000000000000E+00
  0.0000000000000E+00
  0.0000000000000E+00
  0.0000000000000E+00
  0.0000000000000E+00
  0.2715964973277E-04
  0.0000000000000E+00
  0.0000000000000E+00
  0.0000000000000E+00
  0.0000000000000E+00
  0.0000000000000E+00
  0.0000000000000E+00
  0.0000000000000E+00
  0.0000000000000E+00
  0.0000000000000E+00
  0.0000000000000E+00
  0.0000000000000E+00
  0.0000000000000E+00
  0.0000000000000E+00
  0.0000000000000E+00
  0.0000000000000E+00
  0.0000000000000E+00
  0.0000000000000E+00
  0.0000000000000E+00
  0.0000000000000E+00
  0.0000000000000E+00
  0.0000000000000E+00
  0.0000000000000E+00
  0.0000000000000E+00
  0.0000000000000E+00
  0.0000000000000E+00
  0.0000000000000E+00
  0.0000000000000E+00
  0.0000000000000E+00
  0.0000000000000E+00
  0.0000000000000E+00
  0.0000000000000E+00
  0.0000000000000E+00
  0.0000000000000E+00
  0.0000000000000E+00
  0.0000000000000E+00
  0.2769456286962E-04
  0.0000000000000E+00
  0.0000000000000E+00
  0.0000000000000E+00
  0.0000000000000E+00
  0.0000000000000E+00
  0.0000000000000E+00
  0.0000000000000E+00
  0.0000000000000E+00
  0.0000000000000E+00
  0.0000000000000E+00
  0.0000000000000E+00
  0.0000000000000E+00
  0.0000000000000E+00
  0.0000000000000E+00
  0.0000000000000E+00
  0.0000000000000E+00
  0.0000000000000E+00
  0.0000000000000E+00
  0.0000000000000E+00
  0.0000000000000E+00
  0.0000000000000E+00
  0.0000000000000E+00
  0.0000000000000E+00
  0.0000000000000E+00
  0.0000000000000E+00
  0.0000000000000E+00
  0.0000000000000E+00
  0.0000000000000E+00
  0.0000000000000E+00
  0.0000000000000E+00
  0.0000000000000E+00
  0.0000000000000E+00
  0.0000000000000E+00
  0.0000000000000E+00
  0.0000000000000E+00
  0.0000000000000E+00
  0.0000000000000E+00
  0.0000000000000E+00
  0.0000000000000E+00
  0.0000000000000E+00
  0.0000000000000E+00
  0.0000000000000E+00
  0.0000000000000E+00
  0.0000000000000E+00
  0.0000000000000E+00
  0.0000000000000E+00
  0.0000000000000E+00
  0.0000000000000E+00
  0.0000000000000E+00
  0.0000000000000E+00
  0.0000000000000E+00
  0.0000000000000E+00
  0.0000000000000E+00
  0.0000000000000E+00
  0.0000000000000E+00
  0.0000000000000E+00
  0.0000000000000E+00
  0.0000000000000E+00
  0.0000000000000E+00
  0.0000000000000E+00
  0.0000000000000E+00
  0.0000000000000E+00
  0.0000000000000E+00
  0.0000000000000E+00
  0.0000000000000E+00
  0.0000000000000E+00
  0.0000000000000E+00
  0.0000000000000E+00
  0.0000000000000E+00
  0.0000000000000E+00
  0.0000000000000E+00
  0.0000000000000E+00
  0.0000000000000E+00
  0.0000000000000E+00
  0.0000000000000E+00
  0.0000000000000E+00
  0.0000000000000E+00
  0.0000000000000E+00
  0.0000000000000E+00
  0.0000000000000E+00
  0.0000000000000E+00
  0.0000000000000E+00
  0.0000000000000E+00
  0.0000000000000E+00
  0.0000000000000E+00
  0.0000000000000E+00
  0.0000000000000E+00
  0.0000000000000E+00
  0.0000000000000E+00
  0.0000000000000E+00
  0.0000000000000E+00
  0.0000000000000E+00
  0.0000000000000E+00
  0.0000000000000E+00
  0.0000000000000E+00
  0.0000000000000E+00
  0.0000000000000E+00
  0.0000000000000E+00
  0.0000000000000E+00
  0.0000000000000E+00
  0.0000000000000E+00
  0.0000000000000E+00
  0.0000000000000E+00
  0.0000000000000E+00
  0.0000000000000E+00
  0.0000000000000E+00
  0.0000000000000E+00
  0.0000000000000E+00
  0.0000000000000E+00
  0.0000000000000E+00
  0.0000000000000E+00
  0.0000000000000E+00
  0.0000000000000E+00
  0.0000000000000E+00
  0.0000000000000E+00
  0.0000000000000E+00
  0.0000000000000E+00
  0.0000000000000E+00
  0.0000000000000E+00
  0.0000000000000E+00
  0.0000000000000E+00
  0.0000000000000E+00
  0.0000000000000E+00
  0.0000000000000E+00
  0.0000000000000E+00
  0.0000000000000E+00
  0.0000000000000E+00
  0.0000000000000E+00
  0.0000000000000E+00
  0.0000000000000E+00
  0.0000000000000E+00
  0.0000000000000E+00
  0.0000000000000E+00
  0.0000000000000E+00
  0.0000000000000E+00
  0.0000000000000E+00
  0.0000000000000E+00
  0.0000000000000E+00
  0.0000000000000E+00
  0.0000000000000E+00
  0.0000000000000E+00
  0.0000000000000E+00
  0.1119985777316E-04
  0.0000000000000E+00
  0.0000000000000E+00
  0.0000000000000E+00
  0.0000000000000E+00
  0.0000000000000E+00
  0.0000000000000E+00
  0.0000000000000E+00
  0.0000000000000E+00
  0.0000000000000E+00
  0.0000000000000E+00
  0.0000000000000E+00
  0.0000000000000E+00
  0.0000000000000E+00
  0.0000000000000E+00
  0.0000000000000E+00
  0.0000000000000E+00
  0.0000000000000E+00
  0.0000000000000E+00
  0.0000000000000E+00
  0.0000000000000E+00
  0.0000000000000E+00
  0.0000000000000E+00
  0.0000000000000E+00
  0.0000000000000E+00
  0.0000000000000E+00
  0.0000000000000E+00
  0.0000000000000E+00
  0.0000000000000E+00
  0.0000000000000E+00
  0.0000000000000E+00
  0.0000000000000E+00
  0.0000000000000E+00
  0.0000000000000E+00
  0.1539188648603E-04
  0.0000000000000E+00
  0.0000000000000E+00
  0.0000000000000E+00
  0.1824569201534E-04
  0.0000000000000E+00
  0.0000000000000E+00
  0.0000000000000E+00
  0.0000000000000E+00
  0.0000000000000E+00
  0.0000000000000E+00
  0.0000000000000E+00
  0.0000000000000E+00
  0.0000000000000E+00
  0.0000000000000E+00
  0.0000000000000E+00
  0.0000000000000E+00
  0.0000000000000E+00
  0.0000000000000E+00
  0.0000000000000E+00
  0.0000000000000E+00
  0.0000000000000E+00
  0.0000000000000E+00
  0.0000000000000E+00
  0.0000000000000E+00
  0.0000000000000E+00
  0.0000000000000E+00
  0.0000000000000E+00
  0.0000000000000E+00
  0.0000000000000E+00
  0.0000000000000E+00
  0.0000000000000E+00
  0.0000000000000E+00
  0.0000000000000E+00
  0.0000000000000E+00
  0.0000000000000E+00
  0.1495815196087E-04
  0.0000000000000E+00
  0.0000000000000E+00
  0.0000000000000E+00
  0.2260755208993E-04
  0.0000000000000E+00
  0.0000000000000E+00
  0.0000000000000E+00
  0.0000000000000E+00
  0.0000000000000E+00
  0.0000000000000E+00
  0.0000000000000E+00
  0.0000000000000E+00
  0.0000000000000E+00
  0.0000000000000E+00
  0.0000000000000E+00
  0.0000000000000E+00
  0.0000000000000E+00
  0.0000000000000E+00
  0.0000000000000E+00
  0.0000000000000E+00
  0.0000000000000E+00
  0.0000000000000E+00
  0.0000000000000E+00
  0.0000000000000E+00
  0.0000000000000E+00
  0.0000000000000E+00
  0.0000000000000E+00
  0.0000000000000E+00
  0.0000000000000E+00
  0.0000000000000E+00
  0.0000000000000E+00
  0.0000000000000E+00
  0.0000000000000E+00
  0.0000000000000E+00
  0.0000000000000E+00
  0.1873289964642E-04
  0.0000000000000E+00
  0.0000000000000E+00
  0.0000000000000E+00
  0.1636076288218E-04
  0.0000000000000E+00
  0.0000000000000E+00
  0.0000000000000E+00
  0.0000000000000E+00
  0.0000000000000E+00
  0.0000000000000E+00
  0.0000000000000E+00
  0.0000000000000E+00
  0.0000000000000E+00
  0.0000000000000E+00
  0.0000000000000E+00
  0.0000000000000E+00
  0.0000000000000E+00
  0.0000000000000E+00
  0.0000000000000E+00
  0.0000000000000E+00
  0.0000000000000E+00
  0.0000000000000E+00
  0.0000000000000E+00
  0.0000000000000E+00
  0.0000000000000E+00
  0.0000000000000E+00
  0.0000000000000E+00
  0.0000000000000E+00
  0.0000000000000E+00
  0.0000000000000E+00
  0.0000000000000E+00
  0.0000000000000E+00
  0.0000000000000E+00
  0.0000000000000E+00
  0.0000000000000E+00
  0.0000000000000E+00
  0.0000000000000E+00
  0.1354001531148E-04
  0.0000000000000E+00
  0.0000000000000E+00
  0.0000000000000E+00
  0.0000000000000E+00
  0.0000000000000E+00
  0.0000000000000E+00
  0.0000000000000E+00
  0.0000000000000E+00
  0.0000000000000E+00
  0.0000000000000E+00
  0.0000000000000E+00
  0.0000000000000E+00
  0.0000000000000E+00
  0.0000000000000E+00
  0.0000000000000E+00
  0.0000000000000E+00
  0.0000000000000E+00
  0.0000000000000E+00
  0.0000000000000E+00
  0.0000000000000E+00
  0.0000000000000E+00
  0.0000000000000E+00
  0.0000000000000E+00
  0.0000000000000E+00
  0.0000000000000E+00
  0.0000000000000E+00
  0.0000000000000E+00
  0.0000000000000E+00
  0.0000000000000E+00
  0.0000000000000E+00
  0.0000000000000E+00
  0.0000000000000E+00
  0.0000000000000E+00
  0.0000000000000E+00
  0.0000000000000E+00
  0.0000000000000E+00
  0.0000000000000E+00
  0.0000000000000E+00
  0.0000000000000E+00
  0.0000000000000E+00
  0.0000000000000E+00
  0.0000000000000E+00
  0.0000000000000E+00
  0.0000000000000E+00
  0.0000000000000E+00
  0.0000000000000E+00
  0.0000000000000E+00
  0.0000000000000E+00
  0.0000000000000E+00
  0.0000000000000E+00
  0.0000000000000E+00
  0.0000000000000E+00
  0.0000000000000E+00
  0.0000000000000E+00
  0.0000000000000E+00
  0.0000000000000E+00
  0.0000000000000E+00
  0.0000000000000E+00
  0.0000000000000E+00
  0.0000000000000E+00
  0.0000000000000E+00
  0.0000000000000E+00
  0.0000000000000E+00
  0.0000000000000E+00
  0.0000000000000E+00
  0.0000000000000E+00
  0.0000000000000E+00
  0.0000000000000E+00
  0.0000000000000E+00
  0.0000000000000E+00
  0.0000000000000E+00
  0.0000000000000E+00
  0.0000000000000E+00
  0.0000000000000E+00
  0.0000000000000E+00
  0.0000000000000E+00
  0.0000000000000E+00
  0.0000000000000E+00
  0.0000000000000E+00
  0.0000000000000E+00
  0.0000000000000E+00
  0.0000000000000E+00
  0.0000000000000E+00
  0.0000000000000E+00
  0.0000000000000E+00
  0.0000000000000E+00
  0.0000000000000E+00
  0.0000000000000E+00
  0.0000000000000E+00
  0.0000000000000E+00
  0.0000000000000E+00
  0.0000000000000E+00
  0.0000000000000E+00
  0.0000000000000E+00
  0.0000000000000E+00
  0.0000000000000E+00
  0.0000000000000E+00
  0.0000000000000E+00
  0.0000000000000E+00
  0.0000000000000E+00
  0.0000000000000E+00
  0.0000000000000E+00
  0.0000000000000E+00
  0.0000000000000E+00
  0.0000000000000E+00
  0.0000000000000E+00
  0.0000000000000E+00
  0.0000000000000E+00
  0.0000000000000E+00
  0.0000000000000E+00
  0.0000000000000E+00
  0.0000000000000E+00
  0.0000000000000E+00
  0.0000000000000E+00
  0.0000000000000E+00
  0.0000000000000E+00
  0.0000000000000E+00
  0.0000000000000E+00
  0.0000000000000E+00
  0.0000000000000E+00
  0.0000000000000E+00
  0.0000000000000E+00
  0.0000000000000E+00
  0.0000000000000E+00
  0.0000000000000E+00
  0.0000000000000E+00
  0.0000000000000E+00
  0.0000000000000E+00
  0.0000000000000E+00
  0.0000000000000E+00
  0.0000000000000E+00
  0.0000000000000E+00
  0.0000000000000E+00
  0.0000000000000E+00
  0.0000000000000E+00
  0.0000000000000E+00
  0.0000000000000E+00
  0.0000000000000E+00
  0.0000000000000E+00
  0.0000000000000E+00
  0.0000000000000E+00
  0.0000000000000E+00
  0.0000000000000E+00
  0.0000000000000E+00
  0.0000000000000E+00
  0.0000000000000E+00
  0.0000000000000E+00
  0.0000000000000E+00
  0.0000000000000E+00
  0.0000000000000E+00
  0.0000000000000E+00
  0.0000000000000E+00
  0.0000000000000E+00
  0.0000000000000E+00
  0.0000000000000E+00
  0.0000000000000E+00
  0.0000000000000E+00
  0.0000000000000E+00
  0.0000000000000E+00
  0.0000000000000E+00
  0.3976591000000E+00
  0.3891021539758E+00
  0.3985955999974E+00
  0.4065079349644E+00
  0.4075413181322E+00
  0.3976591000000E+00
  0.4123150033916E+00
  0.4102856583116E+00
  0.3992570467776E+00
  0.3856021176718E+00
  0.3976591000000E+00
  0.3976591000000E+00
  0.3976591000000E+00
  0.3976591000000E+00
  0.3976591000000E+00
  0.3976591000000E+00
  0.3976591000000E+00
  0.3976591000000E+00
  0.3976591000000E+00
  0.3976591000000E+00
  0.3976591000000E+00
  0.3976591000000E+00
  0.3976591000000E+00
  0.3976591000000E+00
  0.3976591000000E+00
  0.3976591000000E+00
  0.3976591000000E+00
  0.3976591000000E+00
  0.3976591000000E+00
  0.3976591000000E+00
  0.3976591000000E+00
  0.3976591000000E+00
  0.3976591000000E+00
  0.3976591000000E+00
  0.3976591000000E+00
  0.3976591000000E+00
  0.3805722000000E+00
  0.3805722000000E+00
  0.3805722000000E+00
  0.3805722000000E+00
  0.3805722000000E+00
  0.3805722000000E+00
  0.3805722000000E+00
  0.3805722000000E+00
  0.3805722000000E+00
  0.3805722000000E+00
  0.3805722000000E+00
  0.3805722000000E+00
  0.3805722000000E+00
  0.3805722000000E+00
  0.3805722000000E+00
  0.3805722000000E+00
  0.3805722000000E+00
  0.3805722000000E+00
  0.3805722000000E+00
  0.3805722000000E+00
  0.3805722000000E+00
  0.3805722000000E+00
  0.3805722000000E+00
  0.3805722000000E+00
  0.3805722000000E+00
  0.3805722000000E+00
  0.3805722000000E+00
  0.3805722000000E+00
  0.3805722000000E+00
  0.3805722000000E+00
  0.3805722000000E+00
  0.3805722000000E+00
  0.3805722000000E+00
  0.3805722000000E+00
  0.3805722000000E+00
  0.3805722000000E+00
  0.3742637000000E+00
  0.3742637000000E+00
  0.3742637000000E+00
  0.3742637000000E+00
  0.3742637000000E+00
  0.3742637000000E+00
  0.3742637000000E+00
  0.3742637000000E+00
  0.3742637000000E+00
  0.3742637000000E+00
  0.3742637000000E+00
  0.3742637000000E+00
  0.3742637000000E+00
  0.3742637000000E+00
  0.3742637000000E+00
  0.3742637000000E+00
  0.3742637000000E+00
  0.3742637000000E+00
  0.3742637000000E+00
  0.3742637000000E+00
  0.3742637000000E+00
  0.3742637000000E+00
  0.3742637000000E+00
  0.3742637000000E+00
  0.3742637000000E+00
  0.3742637000000E+00
  0.3742637000000E+00
  0.3742637000000E+00
  0.3742637000000E+00
  0.3742637000000E+00
  0.3742637000000E+00
  0.3742637000000E+00
  0.3742637000000E+00
  0.3742637000000E+00
  0.3742637000000E+00
  0.3742637000000E+00
  0.3586371000000E+00
  0.3586371000000E+00
  0.3586371000000E+00
  0.3586371000000E+00
  0.3586371000000E+00
  0.3586371000000E+00
  0.3586371000000E+00
  0.3586371000000E+00
  0.3586371000000E+00
  0.3586371000000E+00
  0.3586371000000E+00
  0.3586371000000E+00
  0.3586371000000E+00
  0.3586371000000E+00
  0.3586371000000E+00
  0.3586371000000E+00
  0.3586371000000E+00
  0.3586371000000E+00
  0.3586371000000E+00
  0.3586371000000E+00
  0.3586371000000E+00
  0.3586371000000E+00
  0.3586371000000E+00
  0.3586371000000E+00
  0.3586371000000E+00
  0.3586371000000E+00
  0.3586371000000E+00
  0.3586371000000E+00
  0.3586371000000E+00
  0.3586371000000E+00
  0.3586371000000E+00
  0.3586371000000E+00
  0.3586371000000E+00
  0.3586371000000E+00
  0.3586371000000E+00
  0.3586371000000E+00
  0.3404603000000E+00
  0.3404603000000E+00
  0.3404603000000E+00
  0.3404603000000E+00
  0.3404603000000E+00
  0.3404603000000E+00
  0.3404603000000E+00
  0.3404603000000E+00
  0.3404603000000E+00
  0.3404603000000E+00
  0.3404603000000E+00
  0.3404603000000E+00
  0.3404603000000E+00
  0.3404603000000E+00
  0.3404603000000E+00
  0.3404603000000E+00
  0.3404603000000E+00
  0.3404603000000E+00
  0.3404603000000E+00
  0.3404603000000E+00
  0.3404603000000E+00
  0.3404603000000E+00
  0.3404603000000E+00
  0.3404603000000E+00
  0.3404603000000E+00
  0.3404603000000E+00
  0.3404603000000E+00
  0.3404603000000E+00
  0.3404603000000E+00
  0.3404603000000E+00
  0.3404603000000E+00
  0.3404603000000E+00
  0.3404603000000E+00
  0.3404603000000E+00
  0.3404603000000E+00
  0.3404603000000E+00
  0.3138626000000E+00
  0.3138626000000E+00
  0.3138626000000E+00
  0.3138626000000E+00
  0.3138626000000E+00
  0.3138626000000E+00
  0.3138626000000E+00
  0.3138626000000E+00
  0.3138626000000E+00
  0.3138626000000E+00
  0.3138626000000E+00
  0.3138626000000E+00
  0.3138626000000E+00
  0.3138626000000E+00
  0.3138626000000E+00
  0.3138626000000E+00
  0.3138626000000E+00
  0.3138626000000E+00
  0.3138626000000E+00
  0.3138626000000E+00
  0.3138626000000E+00
  0.3138626000000E+00
  0.3138626000000E+00
  0.3138626000000E+00
  0.3138626000000E+00
  0.3138626000000E+00
  0.3138626000000E+00
  0.3138626000000E+00
  0.3138626000000E+00
  0.3138626000000E+00
  0.3138626000000E+00
  0.3138626000000E+00
  0.3138626000000E+00
  0.3138626000000E+00
  0.3138626000000E+00
  0.3138626000000E+00
  0.2854003000000E+00
  0.2854003000000E+00
  0.2854003000000E+00
  0.2854003000000E+00
  0.2854003000000E+00
  0.2854003000000E+00
  0.2854003000000E+00
  0.2854003000000E+00
  0.2854003000000E+00
  0.2854003000000E+00
  0.2854003000000E+00
  0.2854003000000E+00
  0.2854003000000E+00
  0.2854003000000E+00
  0.2854003000000E+00
  0.2854003000000E+00
  0.2854003000000E+00
  0.2854003000000E+00
  0.2854003000000E+00
  0.2854003000000E+00
  0.2854003000000E+00
  0.2854003000000E+00
  0.2854003000000E+00
  0.2854003000000E+00
  0.2854003000000E+00
  0.2854003000000E+00
  0.2854003000000E+00
  0.2854003000000E+00
  0.2854003000000E+00
  0.2854003000000E+00
  0.2854003000000E+00
  0.2854003000000E+00
  0.2854003000000E+00
  0.2854003000000E+00
  0.2854003000000E+00
  0.2854003000000E+00
  0.2582140000000E+00
  0.2582140000000E+00
  0.2582140000000E+00
  0.2582140000000E+00
  0.2582140000000E+00
  0.2582140000000E+00
  0.2582140000000E+00
  0.2582140000000E+00
  0.2582140000000E+00
  0.2582140000000E+00
  0.2582140000000E+00
  0.2582140000000E+00
  0.2582140000000E+00
  0.2582140000000E+00
  0.2582140000000E+00
  0.2582140000000E+00
  0.2582140000000E+00
  0.2582140000000E+00
  0.2582140000000E+00
  0.2582140000000E+00
  0.2582140000000E+00
  0.2582140000000E+00
  0.2582140000000E+00
  0.2582140000000E+00
  0.2582140000000E+00
  0.2582140000000E+00
  0.2582140000000E+00
  0.2582140000000E+00
  0.2582140000000E+00
  0.2582140000000E+00
  0.2582140000000E+00
  0.2582140000000E+00
  0.2582140000000E+00
  0.2582140000000E+00
  0.2582140000000E+00
  0.2582140000000E+00
  0.2333862000000E+00
  0.2333862000000E+00
  0.2333862000000E+00
  0.2333862000000E+00
  0.2333862000000E+00
  0.2333862000000E+00
  0.2333862000000E+00
  0.2333862000000E+00
  0.2333862000000E+00
  0.2333862000000E+00
  0.2333862000000E+00
  0.2333862000000E+00
  0.2333862000000E+00
  0.2333862000000E+00
  0.2333862000000E+00
  0.2333862000000E+00
  0.2333862000000E+00
  0.2333862000000E+00
  0.2333862000000E+00
  0.2333862000000E+00
  0.2333862000000E+00
  0.2333862000000E+00
  0.2333862000000E+00
  0.2333862000000E+00
  0.2333862000000E+00
  0.2333862000000E+00
  0.2333862000000E+00
  0.2333862000000E+00
  0.2333862000000E+00
  0.2333862000000E+00
  0.2333862000000E+00
  0.2333862000000E+00
  0.2333862000000E+00
  0.2333862000000E+00
  0.2333862000000E+00
  0.2333862000000E+00
  0.2195889000000E+00
  0.2195889000000E+00
  0.2195889000000E+00
  0.2195889000000E+00
  0.2195889000000E+00
  0.2195889000000E+00
  0.2195889000000E+00
  0.2195889000000E+00
  0.2195889000000E+00
  0.2195889000000E+00
  0.2195889000000E+00
  0.2195889000000E+00
  0.2195889000000E+00
  0.2195889000000E+00
  0.2195889000000E+00
  0.2195889000000E+00
  0.2195889000000E+00
  0.2195889000000E+00
  0.2195889000000E+00
  0.2195889000000E+00
  0.2195889000000E+00
  0.2195889000000E+00
  0.2195889000000E+00
  0.2195889000000E+00
  0.2195889000000E+00
  0.2195889000000E+00
  0.2195889000000E+00
  0.2195889000000E+00
  0.2195889000000E+00
  0.2195889000000E+00
  0.2195889000000E+00
  0.2195889000000E+00
  0.2195889000000E+00
  0.2195889000000E+00
  0.2195889000000E+00
  0.2195889000000E+00
  0.2069707000000E+00
  0.2069707000000E+00
  0.2069707000000E+00
  0.2069707000000E+00
  0.2069707000000E+00
  0.2069707000000E+00
  0.2069707000000E+00
  0.2069707000000E+00
  0.2069707000000E+00
  0.2069707000000E+00
  0.2069707000000E+00
  0.2069707000000E+00
  0.2069707000000E+00
  0.2069707000000E+00
  0.2069707000000E+00
  0.2069707000000E+00
  0.2069707000000E+00
  0.2069707000000E+00
  0.2069707000000E+00
  0.2069707000000E+00
  0.2069707000000E+00
  0.2069707000000E+00
  0.2069707000000E+00
  0.2069707000000E+00
  0.2069707000000E+00
  0.2069707000000E+00
  0.2069707000000E+00
  0.2069707000000E+00
  0.2069707000000E+00
  0.2069707000000E+00
  0.2069707000000E+00
  0.2069707000000E+00
  0.2069707000000E+00
  0.2069707000000E+00
  0.2069707000000E+00
  0.2069707000000E+00
  0.2035514000000E+00
  0.2035514000000E+00
  0.2035514000000E+00
  0.2035514000000E+00
  0.2035514000000E+00
  0.2035514000000E+00
  0.2035514000000E+00
  0.2035514000000E+00
  0.2035514000000E+00
  0.2035514000000E+00
  0.2035514000000E+00
  0.2035514000000E+00
  0.2035514000000E+00
  0.2035514000000E+00
  0.2035514000000E+00
  0.2035514000000E+00
  0.2035514000000E+00
  0.2035514000000E+00
  0.2035514000000E+00
  0.2035514000000E+00
  0.2035514000000E+00
  0.2035514000000E+00
  0.2035514000000E+00
  0.2035514000000E+00
  0.2035514000000E+00
  0.2035514000000E+00
  0.2035514000000E+00
  0.2035514000000E+00
  0.2035514000000E+00
  0.2035514000000E+00
  0.2035514000000E+00
  0.2035514000000E+00
  0.2035514000000E+00
  0.2035514000000E+00
  0.2035514000000E+00
  0.2035514000000E+00
  0.2097688000000E+00
  0.2097688000000E+00
  0.2097688000000E+00
  0.2097688000000E+00
  0.2097688000000E+00
  0.2097688000000E+00
  0.2097688000000E+00
  0.2097688000000E+00
  0.2097688000000E+00
  0.2097688000000E+00
  0.2097688000000E+00
  0.2097688000000E+00
  0.2097688000000E+00
  0.2097688000000E+00
  0.2097688000000E+00
  0.2097688000000E+00
  0.2097688000000E+00
  0.2097688000000E+00
  0.2097688000000E+00
  0.2097688000000E+00
  0.2097688000000E+00
  0.2097688000000E+00
  0.2097688000000E+00
  0.2097688000000E+00
  0.2097688000000E+00
  0.2097688000000E+00
  0.2097688000000E+00
  0.2097688000000E+00
  0.2097688000000E+00
  0.2097688000000E+00
  0.2097688000000E+00
  0.2097688000000E+00
  0.2097688000000E+00
  0.2097688000000E+00
  0.2097688000000E+00
  0.2097688000000E+00
  0.2242856000000E+00
  0.2242856000000E+00
  0.2242856000000E+00
  0.2242856000000E+00
  0.2242856000000E+00
  0.2242856000000E+00
  0.2242856000000E+00
  0.2242856000000E+00
  0.2242856000000E+00
  0.2242856000000E+00
  0.2242856000000E+00
  0.2242856000000E+00
  0.2242856000000E+00
  0.2242856000000E+00
  0.2242856000000E+00
  0.2242856000000E+00
  0.2242856000000E+00
  0.2242856000000E+00
  0.2242856000000E+00
  0.2242856000000E+00
  0.2242856000000E+00
  0.2242856000000E+00
  0.2242856000000E+00
  0.2242856000000E+00
  0.2242856000000E+00
  0.2242856000000E+00
  0.2242856000000E+00
  0.2242856000000E+00
  0.2242856000000E+00
  0.2242856000000E+00
  0.2242856000000E+00
  0.2242856000000E+00
  0.2242856000000E+00
  0.2242856000000E+00
  0.2242856000000E+00
  0.2242856000000E+00
  0.2356887000000E+00
  0.2356887000000E+00
  0.2356887000000E+00
  0.2356887000000E+00
  0.2356887000000E+00
  0.2356887000000E+00
  0.2356887000000E+00
  0.2356887000000E+00
  0.2356887000000E+00
  0.2356887000000E+00
  0.2356887000000E+00
  0.2356887000000E+00
  0.2356887000000E+00
  0.2356887000000E+00
  0.2356887000000E+00
  0.2356887000000E+00
  0.2356887000000E+00
  0.2356887000000E+00
  0.2356887000000E+00
  0.2356887000000E+00
  0.2356887000000E+00
  0.2356887000000E+00
  0.2356887000000E+00
  0.2356887000000E+00
  0.2356887000000E+00
  0.2356887000000E+00
  0.2356887000000E+00
  0.2356887000000E+00
  0.2356887000000E+00
  0.2356887000000E+00
  0.2356887000000E+00
  0.2356887000000E+00
  0.2356887000000E+00
  0.2356887000000E+00
  0.2356887000000E+00
  0.2356887000000E+00
  0.2349774000000E+00
  0.2349774000000E+00
  0.2349774000000E+00
  0.2349774000000E+00
  0.2349774000000E+00
  0.2349774000000E+00
  0.2349774000000E+00
  0.2349774000000E+00
  0.2349774000000E+00
  0.2349774000000E+00
  0.2349774000000E+00
  0.2349774000000E+00
  0.2349774000000E+00
  0.2349774000000E+00
  0.2349774000000E+00
  0.2349774000000E+00
  0.2349774000000E+00
  0.2349774000000E+00
  0.2349774000000E+00
  0.2349774000000E+00
  0.2349774000000E+00
  0.2349774000000E+00
  0.2349774000000E+00
  0.2349774000000E+00
  0.2349774000000E+00
  0.2349774000000E+00
  0.2349774000000E+00
  0.2349774000000E+00
  0.2349774000000E+00
  0.2349774000000E+00
  0.2349774000000E+00
  0.2349774000000E+00
  0.2349774000000E+00
  0.2349774000000E+00
  0.2349774000000E+00
  0.2349774000000E+00
  0.2177657000000E+00
  0.2177657000000E+00
  0.2177657000000E+00
  0.2177657000000E+00
  0.2177657000000E+00
  0.2177657000000E+00
  0.2177657000000E+00
  0.2177657000000E+00
  0.2177657000000E+00
  0.2177657000000E+00
  0.2177657000000E+00
  0.2177657000000E+00
  0.2177657000000E+00
  0.2177657000000E+00
  0.2177657000000E+00
  0.2177657000000E+00
  0.2177657000000E+00
  0.2177657000000E+00
  0.2177657000000E+00
  0.2177657000000E+00
  0.2177657000000E+00
  0.2177657000000E+00
  0.2177657000000E+00
  0.2177657000000E+00
  0.2177657000000E+00
  0.2177657000000E+00
  0.2177657000000E+00
  0.2177657000000E+00
  0.2177657000000E+00
  0.2177657000000E+00
  0.2177657000000E+00
  0.2177657000000E+00
  0.2177657000000E+00
  0.2177657000000E+00
  0.2177657000000E+00
  0.2177657000000E+00
  0.2056356000000E+00
  0.2056356000000E+00
  0.2056356000000E+00
  0.2056356000000E+00
  0.2056356000000E+00
  0.2056356000000E+00
  0.2056356000000E+00
  0.2056356000000E+00
  0.2056356000000E+00
  0.2056356000000E+00
  0.2056356000000E+00
  0.2056356000000E+00
  0.2056356000000E+00
  0.2056356000000E+00
  0.2056356000000E+00
  0.2056356000000E+00
  0.2056356000000E+00
  0.2056356000000E+00
  0.2056356000000E+00
  0.2056356000000E+00
  0.2056356000000E+00
  0.2056356000000E+00
  0.2056356000000E+00
  0.2056356000000E+00
  0.2056356000000E+00
  0.2056356000000E+00
  0.2056356000000E+00
  0.2056356000000E+00
  0.2056356000000E+00
  0.2056356000000E+00
  0.2056356000000E+00
  0.2056356000000E+00
  0.2056356000000E+00
  0.2056356000000E+00
  0.2056356000000E+00
  0.2056356000000E+00
  0.2025057000000E+00
  0.2025057000000E+00
  0.2025057000000E+00
  0.2025057000000E+00
  0.2025057000000E+00
  0.2025057000000E+00
  0.2025057000000E+00
  0.2025057000000E+00
  0.2025057000000E+00
  0.2025057000000E+00
  0.2025057000000E+00
  0.2025057000000E+00
  0.2025057000000E+00
  0.2025057000000E+00
  0.2025057000000E+00
  0.2025057000000E+00
  0.2025057000000E+00
  0.2025057000000E+00
  0.2025057000000E+00
  0.2025057000000E+00
  0.2025057000000E+00
  0.2025057000000E+00
  0.2025057000000E+00
  0.2025057000000E+00
  0.2025057000000E+00
  0.2025057000000E+00
  0.2025057000000E+00
  0.2025057000000E+00
  0.2025057000000E+00
  0.2025057000000E+00
  0.2025057000000E+00
  0.2025057000000E+00
  0.2025057000000E+00
  0.2025057000000E+00
  0.2025057000000E+00
  0.2025057000000E+00
  0.2079440000000E+00
  0.2079440000000E+00
  0.2079440000000E+00
  0.2079440000000E+00
  0.2079440000000E+00
  0.2079440000000E+00
  0.2079440000000E+00
  0.2079440000000E+00
  0.2079440000000E+00
  0.2079440000000E+00
  0.2079440000000E+00
  0.2079440000000E+00
  0.2079440000000E+00
  0.2079440000000E+00
  0.2079440000000E+00
  0.2079440000000E+00
  0.2079440000000E+00
  0.2079440000000E+00
  0.2079440000000E+00
  0.2079440000000E+00
  0.2079440000000E+00
  0.2079440000000E+00
  0.2079440000000E+00
  0.2079440000000E+00
  0.2079440000000E+00
  0.2079440000000E+00
  0.2079440000000E+00
  0.2079440000000E+00
  0.2079440000000E+00
  0.2079440000000E+00
  0.2079440000000E+00
  0.2079440000000E+00
  0.2079440000000E+00
  0.2079440000000E+00
  0.2079440000000E+00
  0.2079440000000E+00
  0.2245041000000E+00
  0.2245041000000E+00
  0.2245041000000E+00
  0.2245041000000E+00
  0.2245041000000E+00
  0.2245041000000E+00
  0.2245041000000E+00
  0.2245041000000E+00
  0.2245041000000E+00
  0.2245041000000E+00
  0.2245041000000E+00
  0.2245041000000E+00
  0.2245041000000E+00
  0.2245041000000E+00
  0.2245041000000E+00
  0.2245041000000E+00
  0.2245041000000E+00
  0.2245041000000E+00
  0.2245041000000E+00
  0.2245041000000E+00
  0.2245041000000E+00
  0.2245041000000E+00
  0.2245041000000E+00
  0.2245041000000E+00
  0.2245041000000E+00
  0.2245041000000E+00
  0.2245041000000E+00
  0.2245041000000E+00
  0.2245041000000E+00
  0.2245041000000E+00
  0.2245041000000E+00
  0.2245041000000E+00
  0.2245041000000E+00
  0.2245041000000E+00
  0.2245041000000E+00
  0.2245041000000E+00
  0.2194242000000E+00
  0.2194242000000E+00
  0.2194242000000E+00
  0.2194242000000E+00
  0.2194242000000E+00
  0.2194242000000E+00
  0.2194242000000E+00
  0.2194242000000E+00
  0.2194242000000E+00
  0.2194242000000E+00
  0.2194242000000E+00
  0.2194242000000E+00
  0.2194242000000E+00
  0.2194242000000E+00
  0.2194242000000E+00
  0.2194242000000E+00
  0.2194242000000E+00
  0.2194242000000E+00
  0.2194242000000E+00
  0.2194242000000E+00
  0.2194242000000E+00
  0.2194242000000E+00
  0.2194242000000E+00
  0.2194242000000E+00
  0.2194242000000E+00
  0.2194242000000E+00
  0.2194242000000E+00
  0.2194242000000E+00
  0.2194242000000E+00
  0.2194242000000E+00
  0.2194242000000E+00
  0.2194242000000E+00
  0.2194242000000E+00
  0.2194242000000E+00
  0.2194242000000E+00
  0.2194242000000E+00
  0.2130846000000E+00
  0.2130846000000E+00
  0.2130846000000E+00
  0.2130846000000E+00
  0.2130846000000E+00
  0.2130846000000E+00
  0.2130846000000E+00
  0.2130846000000E+00
  0.2130846000000E+00
  0.2130846000000E+00
  0.2130846000000E+00
  0.2130846000000E+00
  0.2130846000000E+00
  0.2130846000000E+00
  0.2130846000000E+00
  0.2130846000000E+00
  0.2130846000000E+00
  0.2130846000000E+00
  0.2130846000000E+00
  0.2130846000000E+00
  0.2130846000000E+00
  0.2130846000000E+00
  0.2130846000000E+00
  0.2130846000000E+00
  0.2130846000000E+00
  0.2130846000000E+00
  0.2130846000000E+00
  0.2130846000000E+00
  0.2130846000000E+00
  0.2130846000000E+00
  0.2130846000000E+00
  0.2130846000000E+00
  0.2130846000000E+00
  0.2130846000000E+00
  0.2130846000000E+00
  0.2130846000000E+00
  0.2099861000000E+00
  0.2099861000000E+00
  0.2099861000000E+00
  0.2099861000000E+00
  0.2099861000000E+00
  0.2099861000000E+00
  0.2099861000000E+00
  0.2099861000000E+00
  0.2099861000000E+00
  0.2099861000000E+00
  0.2099861000000E+00
  0.2099861000000E+00
  0.2099861000000E+00
  0.2099861000000E+00
  0.2099861000000E+00
  0.2099861000000E+00
  0.2099861000000E+00
  0.2099861000000E+00
  0.2099861000000E+00
  0.2099861000000E+00
  0.2099861000000E+00
  0.2099861000000E+00
  0.2099861000000E+00
  0.2099861000000E+00
  0.2099861000000E+00
  0.2099861000000E+00
  0.2099861000000E+00
  0.2099861000000E+00
  0.2099861000000E+00
  0.2099861000000E+00
  0.2099861000000E+00
  0.2099861000000E+00
  0.2099861000000E+00
  0.2099861000000E+00
  0.2099861000000E+00
  0.2099861000000E+00
  0.2158065000000E+00
  0.2158065000000E+00
  0.2158065000000E+00
  0.2158065000000E+00
  0.2158065000000E+00
  0.2158065000000E+00
  0.2158065000000E+00
  0.2158065000000E+00
  0.2158065000000E+00
  0.2158065000000E+00
  0.2158065000000E+00
  0.2158065000000E+00
  0.2158065000000E+00
  0.2158065000000E+00
  0.2158065000000E+00
  0.2158065000000E+00
  0.2158065000000E+00
  0.2158065000000E+00
  0.2158065000000E+00
  0.2158065000000E+00
  0.2158065000000E+00
  0.2158065000000E+00
  0.2158065000000E+00
  0.2158065000000E+00
  0.2158065000000E+00
  0.2158065000000E+00
  0.2158065000000E+00
  0.2158065000000E+00
  0.2158065000000E+00
  0.2158065000000E+00
  0.2158065000000E+00
  0.2158065000000E+00
  0.2158065000000E+00
  0.2158065000000E+00
  0.2158065000000E+00
  0.2158065000000E+00
  0.2247923000000E+00
  0.2247923000000E+00
  0.2247923000000E+00
  0.2247923000000E+00
  0.2247923000000E+00
  0.2247923000000E+00
  0.2247923000000E+00
  0.2247923000000E+00
  0.2247923000000E+00
  0.2247923000000E+00
  0.2247923000000E+00
  0.2247923000000E+00
  0.2247923000000E+00
  0.2247923000000E+00
  0.2247923000000E+00
  0.2247923000000E+00
  0.2247923000000E+00
  0.2247923000000E+00
  0.2247923000000E+00
  0.2247923000000E+00
  0.2247923000000E+00
  0.2247923000000E+00
  0.2247923000000E+00
  0.2247923000000E+00
  0.2247923000000E+00
  0.2247923000000E+00
  0.2247923000000E+00
  0.2247923000000E+00
  0.2247923000000E+00
  0.2247923000000E+00
  0.2247923000000E+00
  0.2247923000000E+00
  0.2247923000000E+00
  0.2247923000000E+00
  0.2247923000000E+00
  0.2247923000000E+00
  0.2364990000000E+00
  0.2364990000000E+00
  0.2364990000000E+00
  0.2364990000000E+00
  0.2364990000000E+00
  0.2364990000000E+00
  0.2364990000000E+00
  0.2364990000000E+00
  0.2364990000000E+00
  0.2364990000000E+00
  0.2364990000000E+00
  0.2364990000000E+00
  0.2364990000000E+00
  0.2364990000000E+00
  0.2364990000000E+00
  0.2364990000000E+00
  0.2364990000000E+00
  0.2364990000000E+00
  0.2364990000000E+00
  0.2364990000000E+00
  0.2364990000000E+00
  0.2364990000000E+00
  0.2364990000000E+00
  0.2364990000000E+00
  0.2364990000000E+00
  0.2364990000000E+00
  0.2364990000000E+00
  0.2364990000000E+00
  0.2364990000000E+00
  0.2364990000000E+00
  0.2364990000000E+00
  0.2364990000000E+00
  0.2364990000000E+00
  0.2364990000000E+00
  0.2364990000000E+00
  0.2364990000000E+00
  0.2514769000000E+00
  0.2514769000000E+00
  0.2514769000000E+00
  0.2514769000000E+00
  0.2514769000000E+00
  0.2514769000000E+00
  0.2514769000000E+00
  0.2514769000000E+00
  0.2514769000000E+00
  0.2514769000000E+00
  0.2514769000000E+00
  0.2514769000000E+00
  0.2514769000000E+00
  0.2514769000000E+00
  0.2514769000000E+00
  0.2514769000000E+00
  0.2514769000000E+00
  0.2514769000000E+00
  0.2514769000000E+00
  0.2514769000000E+00
  0.2514769000000E+00
  0.2514769000000E+00
  0.2514769000000E+00
  0.2514769000000E+00
  0.2514769000000E+00
  0.2514769000000E+00
  0.2514769000000E+00
  0.2514769000000E+00
  0.2514769000000E+00
  0.2514769000000E+00
  0.2514769000000E+00
  0.2514769000000E+00
  0.2514769000000E+00
  0.2514769000000E+00
  0.2514769000000E+00
  0.2514769000000E+00
  0.2847244000000E+00
  0.2847244000000E+00
  0.2847244000000E+00
  0.2847244000000E+00
  0.2847244000000E+00
  0.2847244000000E+00
  0.2847244000000E+00
  0.2847244000000E+00
  0.2847244000000E+00
  0.2847244000000E+00
  0.2847244000000E+00
  0.2847244000000E+00
  0.2847244000000E+00
  0.2847244000000E+00
  0.2847244000000E+00
  0.2847244000000E+00
  0.2847244000000E+00
  0.2847244000000E+00
  0.2847244000000E+00
  0.2847244000000E+00
  0.2847244000000E+00
  0.2847244000000E+00
  0.2847244000000E+00
  0.2847244000000E+00
  0.2847244000000E+00
  0.2847244000000E+00
  0.2847244000000E+00
  0.2847244000000E+00
  0.2847244000000E+00
  0.2847244000000E+00
  0.2847244000000E+00
  0.2847244000000E+00
  0.2847244000000E+00
  0.2847244000000E+00
  0.2847244000000E+00
  0.2847244000000E+00
  0.3245715000000E+00
  0.3245715000000E+00
  0.3245715000000E+00
  0.3245715000000E+00
  0.3245715000000E+00
  0.3245715000000E+00
  0.3245715000000E+00
  0.3245715000000E+00
  0.3245715000000E+00
  0.3245715000000E+00
  0.3245715000000E+00
  0.3245715000000E+00
  0.3245715000000E+00
  0.3245715000000E+00
  0.3245715000000E+00
  0.3245715000000E+00
  0.3245715000000E+00
  0.3245715000000E+00
  0.3245715000000E+00
  0.3245715000000E+00
  0.3245715000000E+00
  0.3245715000000E+00
  0.3245715000000E+00
  0.3245715000000E+00
  0.3245715000000E+00
  0.3245715000000E+00
  0.3245715000000E+00
  0.3245715000000E+00
  0.3245715000000E+00
  0.3245715000000E+00
  0.3245715000000E+00
  0.3245715000000E+00
  0.3245715000000E+00
  0.3245715000000E+00
  0.3245715000000E+00
  0.3245715000000E+00
  0.3664701000000E+00
  0.3664701000000E+00
  0.3664701000000E+00
  0.3664701000000E+00
  0.3664701000000E+00
  0.3664701000000E+00
  0.3664701000000E+00
  0.3664701000000E+00
  0.3664701000000E+00
  0.3664701000000E+00
  0.3664701000000E+00
  0.3664701000000E+00
  0.3664701000000E+00
  0.3664701000000E+00
  0.3664701000000E+00
  0.3664701000000E+00
  0.3664701000000E+00
  0.3664701000000E+00
  0.3664701000000E+00
  0.3664701000000E+00
  0.3664701000000E+00
  0.3664701000000E+00
  0.3664701000000E+00
  0.3664701000000E+00
  0.3664701000000E+00
  0.3664701000000E+00
  0.3664701000000E+00
  0.3664701000000E+00
  0.3664701000000E+00
  0.3664701000000E+00
  0.3664701000000E+00
  0.3664701000000E+00
  0.3664701000000E+00
  0.3664701000000E+00
  0.3664701000000E+00
  0.3664701000000E+00
  0.3898200000000E+00
  0.3898200000000E+00
  0.3898200000000E+00
  0.3898200000000E+00
  0.3898200000000E+00
  0.3898200000000E+00
  0.3898200000000E+00
  0.3898200000000E+00
  0.3898200000000E+00
  0.3898200000000E+00
  0.3898200000000E+00
  0.3898200000000E+00
  0.3898200000000E+00
  0.3898200000000E+00
  0.3898200000000E+00
  0.3898200000000E+00
  0.3898200000000E+00
  0.3898200000000E+00
  0.3898200000000E+00
  0.3898200000000E+00
  0.3898200000000E+00
  0.3898200000000E+00
  0.3898200000000E+00
  0.3898200000000E+00
  0.3898200000000E+00
  0.3898200000000E+00
  0.3898200000000E+00
  0.3898200000000E+00
  0.3898200000000E+00
  0.3898200000000E+00
  0.3898200000000E+00
  0.3898200000000E+00
  0.3898200000000E+00
  0.3898200000000E+00
  0.3898200000000E+00
  0.3898200000000E+00
  0.4108438000000E+00
  0.4108438000000E+00
  0.4108438000000E+00
  0.4108438000000E+00
  0.4108438000000E+00
  0.4108438000000E+00
  0.4108438000000E+00
  0.4108438000000E+00
  0.4108438000000E+00
  0.4108438000000E+00
  0.4108438000000E+00
  0.4108438000000E+00
  0.4108438000000E+00
  0.4108438000000E+00
  0.4108438000000E+00
  0.4108438000000E+00
  0.4108438000000E+00
  0.4108438000000E+00
  0.4108438000000E+00
  0.4108438000000E+00
  0.4108438000000E+00
  0.4108438000000E+00
  0.4108438000000E+00
  0.4108438000000E+00
  0.4108438000000E+00
  0.4108438000000E+00
  0.4108438000000E+00
  0.4108438000000E+00
  0.4108438000000E+00
  0.4108438000000E+00
  0.4108438000000E+00
  0.4108438000000E+00
  0.4108438000000E+00
  0.4108438000000E+00
  0.4108438000000E+00
  0.4108438000000E+00
  0.4173363000000E+00
  0.4173363000000E+00
  0.4173363000000E+00
  0.4173363000000E+00
  0.4173363000000E+00
  0.4173363000000E+00
  0.4173363000000E+00
  0.4173363000000E+00
  0.4173363000000E+00
  0.4173363000000E+00
  0.4173363000000E+00
  0.4173363000000E+00
  0.4173363000000E+00
  0.4173363000000E+00
  0.4173363000000E+00
  0.4173363000000E+00
  0.4173363000000E+00
  0.4173363000000E+00
  0.4173363000000E+00
  0.4173363000000E+00
  0.4173363000000E+00
  0.4173363000000E+00
  0.4173363000000E+00
  0.4173363000000E+00
  0.4173363000000E+00
  0.4173363000000E+00
  0.4173363000000E+00
  0.4173363000000E+00
  0.4173363000000E+00
  0.4173363000000E+00
  0.4173363000000E+00
  0.4173363000000E+00
  0.4173363000000E+00
  0.4173363000000E+00
  0.4173363000000E+00
  0.4173363000000E+00
  0.4320535000000E+00
  0.4320535000000E+00
  0.4320535000000E+00
  0.4320535000000E+00
  0.4320535000000E+00
  0.4320535000000E+00
  0.4320535000000E+00
  0.4320535000000E+00
  0.4320535000000E+00
  0.4320535000000E+00
  0.4320535000000E+00
  0.4320535000000E+00
  0.4320535000000E+00
  0.4320535000000E+00
  0.4320535000000E+00
  0.4320535000000E+00
  0.4320535000000E+00
  0.4320535000000E+00
  0.4320535000000E+00
  0.4320535000000E+00
  0.4320535000000E+00
  0.4320535000000E+00
  0.4320535000000E+00
  0.4320535000000E+00
  0.4320535000000E+00
  0.4320535000000E+00
  0.4320535000000E+00
  0.4320535000000E+00
  0.4320535000000E+00
  0.4320535000000E+00
  0.4320535000000E+00
  0.4320535000000E+00
  0.4320535000000E+00
  0.4320535000000E+00
  0.4320535000000E+00
  0.4320535000000E+00
  0.6722019020277E+00
  0.6725584003198E+00
  0.6716931314986E+00
  0.7000000000000E+00
  0.7000000000000E+00
  0.7000000000000E+00
  0.7000000000000E+00
  0.6924663316571E+00
  0.6871828960099E+00
  0.6701494393267E+00
  0.6978039435668E+00
  0.7000000000000E+00
  0.4698463000000E+00
  0.4698463000000E+00
  0.4698463000000E+00
  0.4698463000000E+00
  0.4698463000000E+00
  0.7000000000000E+00
  0.7000000000000E+00
  0.7000000000000E+00
  0.6736043860072E+00
  0.6781610319748E+00
  0.6997523880461E+00
  0.6997990704276E+00
  0.6998415730615E+00
  0.6998818240513E+00
  0.6999118863480E+00
  0.7000000000000E+00
  0.7000000000000E+00
  0.7000000000000E+00
  0.7000000000000E+00
  0.6998377367960E+00
  0.6998209282862E+00
  0.6998128241744E+00
  0.6998088004637E+00
  0.6723324661972E+00
  0.9247607875975E+00
  0.9247607875975E+00
  0.9247607875975E+00
  0.9247607875975E+00
  0.9247607875975E+00
  0.9247607875975E+00
  0.9247607875975E+00
  0.9247607875975E+00
  0.9247607875975E+00
  0.9247607875975E+00
  0.9247607875975E+00
  0.9247607875975E+00
  0.9247607875975E+00
  0.9247607875975E+00
  0.9247607875975E+00
  0.9247607875975E+00
  0.9247607875975E+00
  0.9247607875975E+00
  0.9247607875975E+00
  0.9247607875975E+00
  0.9247607875975E+00
  0.9247607875975E+00
  0.9247607875975E+00
  0.9247607875975E+00
  0.9247607875975E+00
  0.9247607875975E+00
  0.9247607875975E+00
  0.9247607875975E+00
  0.9247607875975E+00
  0.9247607875975E+00
  0.9247607875975E+00
  0.9247607875975E+00
  0.9247607875975E+00
  0.9247607875975E+00
  0.9247607875975E+00
  0.9247607875975E+00
  0.2072560339872E+01
  0.2072560339872E+01
  0.2072560339872E+01
  0.2072560339872E+01
  0.2072560339872E+01
  0.2072560339872E+01
  0.2072560339872E+01
  0.2072560339872E+01
  0.2072560339872E+01
  0.2072560339872E+01
  0.2072560339872E+01
  0.2072560339872E+01
  0.2072560339872E+01
  0.2072560339872E+01
  0.2072560339872E+01
  0.2072560339872E+01
  0.2072560339872E+01
  0.2072560339872E+01
  0.2072560339872E+01
  0.2072560339872E+01
  0.2072560339872E+01
  0.2072560339872E+01
  0.2072560339872E+01
  0.2072560339872E+01
  0.2072560339872E+01
  0.2072560339872E+01
  0.2072560339872E+01
  0.2072560339872E+01
  0.2072560339872E+01
  0.2072560339872E+01
  0.2072560339872E+01
  0.2072560339872E+01
  0.2072560339872E+01
  0.2072560339872E+01
  0.2072560339872E+01
  0.2072560339872E+01
  0.5522752096428E+01
  0.6026013690132E+01
  0.6192425123123E+01
  0.6262486869166E+01
  0.6529258131467E+01
  0.6538330636184E+01
  0.6635047954075E+01
  0.6682145676308E+01
  0.6664525657115E+01
  0.6547523652946E+01
  0.4558518247849E+01
  0.3757156323287E+01
  0.5424174187403E+01
  0.5714133331390E+01
  0.5766010935109E+01
  0.4042540899370E+01
  0.0000000000000E+00
  0.0000000000000E+00
  0.0000000000000E+00
  0.0000000000000E+00
  0.0000000000000E+00
  0.0000000000000E+00
  0.0000000000000E+00
  0.0000000000000E+00
  0.0000000000000E+00
  0.0000000000000E+00
  0.0000000000000E+00
  0.0000000000000E+00
  0.0000000000000E+00
  0.0000000000000E+00
  0.0000000000000E+00
  0.0000000000000E+00
  0.3733571160913E+01
  0.5189060502595E+01
  0.5263961700832E+01
  0.5203756776790E+01
  0.5765003632204E+01
  0.6301389071225E+01
  0.6726850249681E+01
  0.6973838414789E+01
  0.7229612391021E+01
  0.7462462924281E+01
  0.7609418228545E+01
  0.7694027088197E+01
  0.7752186266084E+01
  0.7749978870262E+01
  0.7052609593004E+01
  0.6270229455184E+01
  0.4421905532851E+01
  0.1810524360935E+01
  0.1585922163188E+01
  0.0000000000000E+00
  0.0000000000000E+00
  0.0000000000000E+00
  0.0000000000000E+00
  0.0000000000000E+00
  0.0000000000000E+00
  0.0000000000000E+00
  0.0000000000000E+00
  0.0000000000000E+00
  0.0000000000000E+00
  0.0000000000000E+00
  0.0000000000000E+00
  0.0000000000000E+00
  0.0000000000000E+00
  0.0000000000000E+00
  0.0000000000000E+00
  0.0000000000000E+00
  0.4072634669710E+01
  0.5573641623649E+01
  0.5468437423243E+01
  0.5467702690683E+01
  0.5793218416143E+01
  0.6005033983028E+01
  0.6216250218970E+01
  0.6421181548141E+01
  0.6696068516633E+01
  0.7015930929716E+01
  0.7274260988248E+01
  0.7457143050129E+01
  0.7583315531465E+01
  0.7665278155377E+01
  0.7675347004153E+01
  0.7379340526835E+01
  0.5023613164921E+01
  0.0000000000000E+00
  0.0000000000000E+00
  0.0000000000000E+00
  0.0000000000000E+00
  0.0000000000000E+00
  0.0000000000000E+00
  0.0000000000000E+00
  0.0000000000000E+00
  0.4704298369960E+01
  0.6585347586263E+01
  0.4601967539083E+01
  0.0000000000000E+00
  0.0000000000000E+00
  0.0000000000000E+00
  0.0000000000000E+00
  0.0000000000000E+00
  0.0000000000000E+00
  0.0000000000000E+00
  0.0000000000000E+00
  0.3997466517929E+01
  0.5738914436028E+01
  0.5797946059833E+01
  0.5635938516888E+01
  0.5378896459423E+01
  0.5206445239977E+01
  0.5091099828911E+01
  0.5170198103706E+01
  0.5400057283291E+01
  0.5699396308451E+01
  0.5983062065250E+01
  0.6194993657745E+01
  0.6355016483270E+01
  0.6514959800861E+01
  0.6675114218040E+01
  0.6617389952899E+01
  0.6025453379376E+01
  0.4003268895060E+01
  0.0000000000000E+00
  0.0000000000000E+00
  0.0000000000000E+00
  0.0000000000000E+00
  0.0000000000000E+00
  0.0000000000000E+00
  0.4553200934354E+01
  0.6593956175541E+01
  0.6588640783632E+01
  0.4466329623717E+01
  0.0000000000000E+00
  0.0000000000000E+00
  0.0000000000000E+00
  0.4456674337872E+01
  0.6213901887112E+01
  0.4289539512671E+01
  0.0000000000000E+00
  0.0000000000000E+00
  0.3893871457868E+01
  0.5563866259153E+01
  0.5480709129350E+01
  0.5358890891652E+01
  0.4434747092816E+01
  0.3849042246170E+01
  0.3383672428183E+01
  0.3249640301726E+01
  0.3389484331476E+01
  0.3617143396475E+01
  0.3899395645044E+01
  0.4161644405245E+01
  0.4395881216548E+01
  0.4651343927065E+01
  0.4992619869010E+01
  0.5254515851363E+01
  0.5318285961893E+01
  0.3776676275816E+01
  0.0000000000000E+00
  0.0000000000000E+00
  0.0000000000000E+00
  0.0000000000000E+00
  0.0000000000000E+00
  0.4344218711890E+01
  0.6102814687328E+01
  0.6040675842013E+01
  0.5781747079880E+01
  0.3841578842091E+01
  0.0000000000000E+00
  0.0000000000000E+00
  0.4473132295219E+01
  0.6096677523671E+01
  0.5704223782437E+01
  0.3656403950079E+01
  0.0000000000000E+00
  0.0000000000000E+00
  0.3644980256243E+01
  0.5221210383992E+01
  0.4857070238205E+01
  0.4730516175920E+01
  0.2968975862944E+01
  0.2531790362625E+01
  0.2445485693332E+01
  0.2509116726604E+01
  0.2512104827828E+01
  0.2442035077513E+01
  0.2299816691768E+01
  0.2047761467967E+01
  0.1743318848752E+01
  0.1869204336144E+01
  0.2594187910294E+01
  0.3186346518161E+01
  0.4272207273973E+01
  0.5060070169003E+01
  0.4759457012816E+01
  0.2949501704982E+01
  0.0000000000000E+00
  0.2025862551340E+01
  0.4179482006918E+01
  0.5413173131224E+01
  0.5221194392388E+01
  0.4675740451493E+01
  0.4219203588600E+01
  0.4322629298560E+01
  0.4777321439028E+01
  0.5067296028064E+01
  0.5334644369343E+01
  0.4888478898136E+01
  0.3848337755572E+01
  0.2180111359188E+01
  0.0000000000000E+00
  0.0000000000000E+00
  0.3427681690864E+01
  0.4079810835137E+01
  0.3382914645436E+01
  0.3403813763360E+01
  0.3288357808523E+01
  0.3653277897512E+01
  0.3893070425896E+01
  0.4046668136084E+01
  0.4165235496020E+01
  0.4229490663347E+01
  0.4185875252685E+01
  0.4028045812077E+01
  0.3730338277654E+01
  0.3270551192981E+01
  0.2667140541604E+01
  0.1681887235918E+01
  0.3100381696607E+01
  0.4174273842117E+01
  0.4353698669489E+01
  0.2834423289598E+01
  0.0000000000000E+00
  0.1349842842345E+01
  0.3082617937372E+01
  0.3785672629180E+01
  0.3126475746926E+01
  0.2789675740101E+01
  0.1215409438786E+01
  0.2021356733515E+01
  0.1670537831956E+01
  0.2359486824748E+01
  0.2817472775668E+01
  0.2493641791234E+01
  0.1366568618756E+01
  0.1356845912685E+01
  0.0000000000000E+00
  0.0000000000000E+00
  0.3313843708872E+01
  0.2224079721127E+01
  0.2273219875504E+01
  0.2855065401147E+01
  0.4484235152194E+01
  0.4706700924263E+01
  0.4892697286263E+01
  0.5060713104634E+01
  0.5232109939140E+01
  0.5337197725774E+01
  0.5328009264451E+01
  0.5178037684764E+01
  0.4899776632102E+01
  0.4557453847387E+01
  0.4241799995889E+01
  0.4027417731633E+01
  0.4214908090910E+01
  0.4026423556756E+01
  0.4233284089825E+01
  0.4062367417396E+01
  0.0000000000000E+00
  0.2864904031200E+01
  0.3146056817735E+01
  0.1832288752305E+01
  0.2438143438233E+01
  0.3568820272607E+01
  0.4209571069902E+01
  0.4766022102505E+01
  0.4635723252459E+01
  0.4078551909648E+01
  0.3581849748962E+01
  0.3675158568984E+01
  0.4293247165771E+01
  0.2979651709125E+01
  0.0000000000000E+00
  0.0000000000000E+00
  0.3308896673045E+01
  0.3624613177592E+01
  0.3811816830944E+01
  0.4181761814473E+01
  0.4977875388658E+01
  0.5133875924855E+01
  0.5304607648449E+01
  0.5481589380442E+01
  0.5651097746863E+01
  0.5725527763417E+01
  0.5685065857122E+01
  0.5503022093928E+01
  0.5238689356514E+01
  0.5018265079259E+01
  0.4941938525254E+01
  0.5020158823875E+01
  0.5172147092297E+01
  0.3671579387922E+01
  0.4897295964803E+01
  0.5749810811932E+01
  0.0000000000000E+00
  0.1980780498848E+01
  0.3371517616825E+01
  0.4123317587885E+01
  0.4277293779218E+01
  0.4689921076245E+01
  0.5246919674537E+01
  0.5695085530291E+01
  0.5552325938354E+01
  0.5259497494061E+01
  0.5031113523594E+01
  0.5098652200415E+01
  0.5427399935104E+01
  0.4482207647025E+01
  0.0000000000000E+00
  0.0000000000000E+00
  0.3585760411310E+01
  0.4558488113791E+01
  0.4564085997105E+01
  0.4805743671328E+01
  0.5167467409323E+01
  0.5259087668913E+01
  0.5374846213910E+01
  0.5481419620835E+01
  0.5543067122910E+01
  0.5524792759426E+01
  0.5431409013216E+01
  0.5287386453593E+01
  0.5216177957846E+01
  0.5297887363130E+01
  0.5510021438068E+01
  0.5687496327019E+01
  0.5629018465472E+01
  0.4640565582299E+01
  0.5779157834691E+01
  0.6041364607718E+01
  0.0000000000000E+00
  0.0000000000000E+00
  0.4054780849065E+01
  0.5060457086763E+01
  0.5021884476071E+01
  0.5272502898757E+01
  0.5503256695952E+01
  0.5552060926621E+01
  0.3426262342790E+01
  0.3977503454633E+01
  0.5605374136491E+01
  0.5859150354821E+01
  0.5971222530486E+01
  0.5940190433955E+01
  0.2157371834147E+01
  0.0000000000000E+00
  0.3661793157034E+01
  0.4930663846983E+01
  0.4990596939125E+01
  0.5098374137052E+01
  0.5044999459937E+01
  0.5067123170775E+01
  0.5067869120324E+01
  0.5000813623537E+01
  0.4853223705560E+01
  0.4698331968284E+01
  0.4605881004267E+01
  0.4703343243365E+01
  0.5049351610132E+01
  0.5501508283628E+01
  0.5860657781169E+01
  0.5958654295265E+01
  0.5841880693803E+01
  0.5138806767585E+01
  0.5819852403326E+01
  0.6270900041979E+01
  0.0000000000000E+00
  0.0000000000000E+00
  0.4116411196886E+01
  0.5280009160999E+01
  0.5167994483698E+01
  0.5210042338528E+01
  0.5195714091240E+01
  0.5213610835135E+01
  0.2298858579650E+01
  0.1659818803827E+01
  0.1171918269663E+01
  0.4548650808616E+01
  0.6119732079849E+01
  0.5589775937350E+01
  0.1817485922070E+01
  0.0000000000000E+00
  0.3657825973565E+01
  0.5114883438930E+01
  0.5117641352998E+01
  0.5062457896973E+01
  0.4554727956078E+01
  0.4510615605354E+01
  0.4374969982725E+01
  0.4087418867234E+01
  0.3698914970706E+01
  0.3462434399390E+01
  0.3597310729786E+01
  0.4141589614208E+01
  0.4823443686951E+01
  0.5434608960902E+01
  0.5812453485058E+01
  0.5833715190494E+01
  0.5524706928594E+01
  0.4976398768501E+01
  0.5370843941769E+01
  0.6117673081065E+01
  0.0000000000000E+00
  0.0000000000000E+00
  0.1734566724885E+01
  0.3229056134708E+01
  0.4775859685612E+01
  0.4808544242086E+01
  0.4684955321815E+01
  0.4609930551578E+01
  0.1887393469451E+01
  0.1643565636049E+01
  0.0000000000000E+00
  0.2665127735429E+01
  0.5160215871044E+01
  0.5165303404287E+01
  0.1688248313854E+01
  0.0000000000000E+00
  0.3522279322024E+01
  0.4939280391692E+01
  0.4813286733318E+01
  0.4630488051109E+01
  0.3588759026281E+01
  0.3455320524984E+01
  0.3178059615327E+01
  0.2723155227165E+01
  0.2357401259178E+01
  0.2539700758396E+01
  0.3156753340726E+01
  0.3882436535097E+01
  0.4554314167872E+01
  0.5065692699172E+01
  0.5336242841689E+01
  0.5259527752915E+01
  0.4791345836442E+01
  0.4271300508039E+01
  0.4733165084518E+01
  0.5322059406800E+01
  0.0000000000000E+00
  0.0000000000000E+00
  0.0000000000000E+00
  0.2944011507660E+01
  0.4353202786409E+01
  0.4439886430751E+01
  0.4215649757946E+01
  0.3974468012354E+01
  0.1936397542884E+01
  0.1494683007646E+01
  0.7203061315003E+00
  0.0000000000000E+00
  0.4874528724294E+01
  0.4621840109445E+01
  0.1202382391498E+01
  0.2878652183124E+01
  0.4180293765616E+01
  0.4281181641735E+01
  0.3970932776747E+01
  0.3706009095520E+01
  0.3340509411195E+01
  0.3330341323918E+01
  0.3344712331708E+01
  0.3485116712264E+01
  0.3732620611580E+01
  0.4036801486438E+01
  0.4381748430852E+01
  0.4705438651702E+01
  0.4962680846386E+01
  0.5124437362501E+01
  0.5108997897083E+01
  0.4752281071821E+01
  0.3989914344969E+01
  0.3313966809402E+01
  0.4096528128845E+01
  0.4145100111803E+01
  0.0000000000000E+00
  0.0000000000000E+00
  0.0000000000000E+00
  0.2593807750764E+01
  0.3692196172105E+01
  0.3968170870598E+01
  0.3741998608262E+01
  0.3340950370664E+01
  0.1730611562474E+01
  0.1253236921852E+01
  0.1620341384882E+01
  0.9064714175137E+00
  0.4449555715037E+01
  0.3877224348774E+01
  0.2676155780746E+01
  0.3555198410677E+01
  0.3643598706527E+01
  0.3552128459764E+01
  0.3350934528038E+01
  0.3325019157235E+01
  0.4546476784369E+01
  0.4708848006785E+01
  0.4900054302431E+01
  0.5124671931433E+01
  0.5379309903958E+01
  0.5671316367389E+01
  0.5958212347246E+01
  0.6122833529531E+01
  0.6086358966640E+01
  0.5869276203294E+01
  0.5457385048930E+01
  0.4720958637959E+01
  0.3482148982034E+01
  0.2321230297068E+01
  0.3821523603812E+01
  0.3293887961804E+01
  0.0000000000000E+00
  0.0000000000000E+00
  0.0000000000000E+00
  0.2395300741382E+01
  0.2997764374555E+01
  0.3235809208913E+01
  0.3090997417153E+01
  0.2841789999776E+01
  0.1870977980390E+01
  0.1809485256922E+01
  0.2219931056634E+01
  0.1064485646830E+01
  0.2901068768575E+01
  0.2756110772005E+01
  0.3157748865618E+01
  0.3510830269052E+01
  0.3690927813807E+01
  0.3917379482200E+01
  0.4161346701937E+01
  0.4378613747011E+01
  0.5059337362350E+01
  0.5216818041310E+01
  0.5384081081820E+01
  0.5572918616111E+01
  0.5822464759833E+01
  0.6133900171795E+01
  0.6439715563657E+01
  0.6616551044178E+01
  0.6574238701951E+01
  0.6290976729436E+01
  0.5754345774541E+01
  0.4940161060702E+01
  0.3692824644847E+01
  0.1094993983551E+01
  0.3779423394942E+01
  0.4247691829772E+01
  0.2908917535918E+01
  0.0000000000000E+00
  0.0000000000000E+00
  0.1801965395249E+01
  0.2408100944689E+01
  0.2064499956723E+01
  0.1948353981668E+01
  0.2069364544876E+01
  0.1829902692629E+01
  0.1857117304957E+01
  0.1791557402845E+01
  0.1599327369861E+01
  0.0000000000000E+00
  0.2186338292645E+01
  0.3304369027780E+01
  0.3622295066332E+01
  0.4035273736074E+01
  0.4412975314593E+01
  0.4692684739220E+01
  0.4895893152467E+01
  0.4909876019311E+01
  0.5076588125513E+01
  0.5251240986386E+01
  0.5451542972079E+01
  0.5715610414646E+01
  0.6032640230501E+01
  0.6343964021328E+01
  0.6552858804989E+01
  0.6572199811428E+01
  0.6375360078079E+01
  0.5949979175605E+01
  0.5313056182517E+01
  0.4429505933408E+01
  0.2806059706126E+01
  0.3112354201123E+01
  0.3927706913581E+01
  0.2672204678941E+01
  0.0000000000000E+00
  0.0000000000000E+00
  0.2569075079178E+01
  0.2643082342251E+01
  0.1513665094170E+01
  0.2184863938477E+01
  0.1364794294379E+01
  0.9135639961102E+00
  0.1270252715651E+01
  0.1714582434569E+01
  0.2960012875656E+01
  0.2381138383211E+01
  0.2006573099241E+01
  0.2968273809879E+01
  0.3314212652842E+01
  0.3780429553696E+01
  0.4210285531319E+01
  0.4522964937254E+01
  0.4739208551220E+01
  0.4293730268319E+01
  0.4492572203186E+01
  0.4711023829993E+01
  0.4963036665622E+01
  0.5285733017106E+01
  0.5663533942105E+01
  0.6041683031412E+01
  0.6347638322484E+01
  0.6492992849369E+01
  0.6469601862240E+01
  0.6291472144393E+01
  0.5956002770718E+01
  0.5501840999006E+01
  0.4742206397707E+01
  0.2752715743029E+01
  0.2966694976278E+01
  0.2460141772025E+01
  0.0000000000000E+00
  0.0000000000000E+00
  0.3249553760402E+01
  0.2930877213349E+01
  0.2524141696840E+01
  0.2645802189566E+01
  0.2978939304804E+01
  0.2424539813974E+01
  0.2732543700969E+01
  0.3380204741535E+01
  0.4125114133492E+01
  0.3815140133318E+01
  0.3133202411491E+01
  0.2850283419018E+01
  0.2872205324717E+01
  0.3145004326629E+01
  0.3535882535483E+01
  0.3858751844942E+01
  0.4098203195765E+01
  0.3625352254635E+01
  0.3705145944101E+01
  0.3829480572286E+01
  0.4019027373217E+01
  0.4319904720432E+01
  0.4733889979327E+01
  0.5205069215870E+01
  0.5660596670981E+01
  0.6006480563906E+01
  0.6247562215095E+01
  0.6431684033926E+01
  0.6537481002342E+01
  0.6593164025332E+01
  0.6725356997968E+01
  0.6222005007581E+01
  0.3583317952077E+01
  0.0000000000000E+00
  0.0000000000000E+00
  0.0000000000000E+00
  0.4006002357877E+01
  0.2763037057056E+01
  0.3144077971499E+01
  0.2326074879230E+01
  0.3710897219659E+01
  0.3966715622422E+01
  0.4220203783686E+01
  0.4671885917968E+01
  0.5109410967632E+01
  0.4928455238265E+01
  0.4550341809955E+01
  0.4118924125369E+01
  0.3725465821355E+01
  0.3471002785811E+01
  0.3454145730226E+01
  0.3507093618810E+01
  0.3571316258591E+01
  0.4223908279463E+01
  0.4074774856094E+01
  0.3933986693639E+01
  0.3878739037489E+01
  0.3955366961122E+01
  0.4209974407668E+01
  0.4623802313702E+01
  0.5115338439869E+01
  0.5570587044313E+01
  0.5974298879729E+01
  0.6356059876514E+01
  0.6684818244852E+01
  0.7010047821827E+01
  0.7739523542245E+01
  0.8829115658936E+01
  0.8374207975416E+01
  0.7144571049460E+01
  0.5636735997575E+01
  0.5229248131141E+01
  0.5307265860027E+01
  0.3083366848516E+01
  0.2801605731287E+01
  0.1975191285771E+01
  0.4564517139824E+01
  0.5390605769970E+01
  0.5566503951200E+01
  0.5829738563773E+01
  0.6114833045585E+01
  0.6254196617770E+01
  0.6230180734400E+01
  0.6042783473036E+01
  0.5738710689563E+01
  0.5299446477549E+01
  0.4877388426930E+01
  0.4562875085932E+01
  0.4369097255610E+01
  0.6074736843043E+01
  0.5916159554844E+01
  0.5617504244860E+01
  0.5212444275542E+01
  0.4836279066348E+01
  0.4641001577431E+01
  0.4684117018427E+01
  0.4949274784959E+01
  0.5358443211131E+01
  0.5807717579506E+01
  0.6243655630965E+01
  0.6640793757783E+01
  0.7061904938046E+01
  0.7743108741926E+01
  0.9063732657177E+01
  0.8631968168375E+01
  0.7528459708913E+01
  0.6497836601287E+01
  0.6494696893923E+01
  0.6288870525034E+01
  0.4543831264917E+01
  0.1791858077585E+01
  0.4305248496357E+01
  0.6502506675183E+01
  0.6480227122637E+01
  0.6555860046430E+01
  0.6633264900956E+01
  0.6791951032510E+01
  0.7014086870893E+01
  0.7220631037905E+01
  0.7284167118168E+01
  0.7204197569127E+01
  0.6973965508906E+01
  0.6673960949013E+01
  0.6387244677957E+01
  0.6191074226166E+01
  0.7176352772391E+01
  0.7160571996468E+01
  0.7053611240990E+01
  0.6787450097781E+01
  0.6387619653766E+01
  0.5929298001410E+01
  0.5530284224019E+01
  0.5330634256104E+01
  0.5414906644728E+01
  0.5718159732882E+01
  0.6126865889078E+01
  0.6567180401854E+01
  0.7057705133974E+01
  0.7701932024347E+01
  0.8519176414979E+01
  0.8401884989822E+01
  0.7617836888618E+01
  0.6967613125631E+01
  0.6915675617286E+01
  0.6882042913601E+01
  0.6023144332009E+01
  0.3341849372843E+01
  0.4439758904300E+01
  0.6706643268830E+01
  0.7013261616709E+01
  0.7085644500972E+01
  0.7051233121385E+01
  0.7075771108399E+01
  0.7268417717618E+01
  0.7553557970777E+01
  0.7761777982813E+01
  0.7834168577897E+01
  0.7761655269845E+01
  0.7593100497333E+01
  0.7382771440143E+01
  0.7225502057337E+01
  0.7524273768244E+01
  0.7578935755945E+01
  0.7643386196603E+01
  0.7615142300714E+01
  0.7440835119583E+01
  0.7115524022431E+01
  0.6663218837990E+01
  0.6204657490229E+01
  0.5897056505617E+01
  0.5823817367684E+01
  0.5978932904688E+01
  0.6285527934297E+01
  0.6670169664726E+01
  0.7148344180661E+01
  0.7633030648787E+01
  0.7649429977587E+01
  0.7248546651193E+01
  0.6879037065111E+01
  0.6748737054176E+01
  0.6859058073451E+01
  0.6779971782868E+01
  0.5727831284344E+01
  0.5910910562968E+01
  0.6479370967850E+01
  0.6998333904623E+01
  0.7163892150126E+01
  0.7138327427315E+01
  0.7082934154819E+01
  0.7189000121143E+01
  0.7452880336273E+01
  0.7727159143893E+01
  0.7902856048815E+01
  0.7935981733539E+01
  0.7854139103748E+01
  0.7696789990195E+01
  0.7559476871117E+01
  0.7181334091895E+01
  0.7242164381987E+01
  0.7386623969090E+01
  0.7519556429911E+01
  0.7534403924508E+01
  0.7411632128687E+01
  0.7139830025428E+01
  0.6758558813019E+01
  0.6345807337583E+01
  0.5998240957329E+01
  0.5808849615132E+01
  0.5818726272789E+01
  0.5966551649345E+01
  0.6179202055341E+01
  0.6378462639958E+01
  0.6382868897671E+01
  0.6255055909213E+01
  0.6061731391611E+01
  0.5862460390290E+01
  0.6067410140896E+01
  0.6183134184833E+01
  0.4682570740846E+01
  0.4882463088564E+01
  0.5562007090772E+01
  0.6211804876863E+01
  0.6538344876654E+01
  0.6624671968619E+01
  0.6598713784745E+01
  0.6659490054301E+01
  0.6864035071066E+01
  0.7134616120776E+01
  0.7358300360488E+01
  0.7464488967559E+01
  0.7447621613471E+01
  0.7339311803332E+01
  0.7222163090055E+01
  0.6318522470746E+01
  0.6361979415556E+01
  0.6505911074498E+01
  0.6698664814596E+01
  0.6804837535609E+01
  0.6815007249514E+01
  0.6713252918892E+01
  0.6477833223101E+01
  0.6134238623745E+01
  0.5737690982101E+01
  0.5354327235659E+01
  0.5073054658054E+01
  0.4929476799436E+01
  0.4869543690449E+01
  0.4808553044168E+01
  0.4714132851248E+01
  0.4795859361518E+01
  0.5048896053623E+01
  0.4841366775839E+01
  0.5154955589243E+01
  0.5043218539549E+01
  0.1554528881133E+01
  0.2676671444838E+01
  0.3737055596321E+01
  0.4600824710816E+01
  0.5100021238051E+01
  0.5342343735840E+01
  0.5440396746826E+01
  0.5589326362010E+01
  0.5804198156070E+01
  0.6051380607885E+01
  0.6287154097670E+01
  0.6436381176296E+01
  0.6479762911856E+01
  0.6434964976660E+01
  0.6354218362238E+01
  0.4376445428504E+01
  0.4416415688529E+01
  0.4543441363752E+01
  0.4776912684941E+01
  0.4958085241863E+01
  0.5054626378388E+01
  0.5044966539360E+01
  0.4896713078572E+01
  0.4614308666004E+01
  0.4212505315501E+01
  0.3641809502514E+01
  0.2962345435250E+01
  0.2375543659113E+01
  0.2288440402832E+01
  0.2621443125266E+01
  0.2958036537693E+01
  0.3548938098869E+01
  0.4397460981359E+01
  0.4737154875784E+01
  0.5348289059641E+01
  0.5364191587828E+01
  0.4788194698359E+01
  0.4639710956483E+01
  0.4149106194530E+01
  0.3940731761743E+01
  0.3806252845421E+01
  0.3593498761633E+01
  0.3304395060435E+01
  0.3252116998125E+01
  0.3469770032383E+01
  0.3780032430786E+01
  0.4097632322448E+01
  0.4324300653441E+01
  0.4465032806829E+01
  0.4489611234968E+01
  0.4420681523248E+01
  0.3535154460408E+01
  0.3293259576270E+01
  0.3128835124535E+01
  0.3181690642622E+01
  0.3258576478820E+01
  0.3295701922755E+01
  0.3280911066935E+01
  0.3183675955306E+01
  0.2985007089615E+01
  0.2938065240724E+01
  0.3219412830268E+01
  0.3756616525020E+01
  0.4336045220727E+01
  0.4853218480708E+01
  0.5349028192025E+01
  0.5670348534085E+01
  0.5676059268234E+01
  0.6519516941010E+01
  0.5170260661931E+01
  0.2853717413642E+01
  0.2763613632130E+01
  0.4325958174112E+01
  0.6264474666808E+01
  0.6479865319008E+01
  0.6670233195845E+01
  0.6694827324091E+01
  0.6463309149906E+01
  0.6034961150884E+01
  0.5488229457638E+01
  0.4932053017665E+01
  0.4515340476472E+01
  0.4296922314731E+01
  0.4215305949169E+01
  0.4179091415338E+01
  0.4065233057061E+01
  0.3830769236450E+01
  0.6481772887850E+01
  0.6315355637758E+01
  0.6187037780394E+01
  0.6087126798283E+01
  0.6011407034086E+01
  0.5990400526846E+01
  0.6025550002876E+01
  0.6081912546339E+01
  0.6184274232178E+01
  0.6369975539973E+01
  0.6637620994204E+01
  0.6991406723272E+01
  0.7394050273642E+01
  0.7792645349744E+01
  0.8163650416160E+01
  0.8422055155776E+01
  0.8161253165164E+01
  0.7639402233544E+01
  0.5263736198674E+01
  0.0000000000000E+00
  0.0000000000000E+00
  0.3784708171849E+01
  0.6135630893162E+01
  0.7365347913730E+01
  0.8162577685819E+01
  0.8604220742936E+01
  0.8684222210424E+01
  0.8520146414287E+01
  0.8195396908452E+01
  0.7798421272862E+01
  0.7460013921087E+01
  0.7222394376635E+01
  0.7067460783322E+01
  0.6952651662919E+01
  0.6824999197017E+01
  0.6662176354096E+01
  0.8362333095694E+01
  0.8248854890829E+01
  0.8166688264501E+01
  0.8097801067835E+01
  0.8055373540707E+01
  0.8071523565265E+01
  0.8133284749713E+01
  0.8234993610385E+01
  0.8389366982662E+01
  0.8593950369951E+01
  0.8858129350733E+01
  0.9179611298528E+01
  0.9515330006608E+01
  0.9825246247168E+01
  0.1004030099480E+02
  0.1010766588545E+02
  0.9713905690149E+01
  0.8599820438922E+01
  0.5548179188499E+01
  0.0000000000000E+00
  0.0000000000000E+00
  0.3765109451297E+01
  0.5634822143576E+01
  0.6821033898100E+01
  0.7868592996734E+01
  0.8627798452291E+01
  0.9074249998365E+01
  0.9294021865666E+01
  0.9345597637285E+01
  0.9267593974267E+01
  0.9137243974852E+01
  0.9000235708593E+01
  0.8878290986693E+01
  0.8763362579209E+01
  0.8629356876347E+01
  0.8489926284755E+01
  0.9110000973907E+01
  0.9093535594209E+01
  0.9094207220397E+01
  0.9107908179242E+01
  0.9132406733398E+01
  0.9177323694407E+01
  0.9242625846832E+01
  0.9354623115101E+01
  0.9514299923908E+01
  0.9711031572996E+01
  0.9947704005406E+01
  0.1019307908017E+02
  0.1041012588471E+02
  0.1057489069336E+02
  0.1064144714066E+02
  0.1056793735623E+02
  0.1030682707897E+02
  0.9813353538971E+01
  0.9062513510142E+01
  0.8049032719759E+01
  0.6853513963578E+01
  0.6412702818098E+01
  0.6753286635802E+01
  0.7034937205389E+01
  0.7560125917714E+01
  0.8138212525023E+01
  0.8636440546921E+01
  0.9011768734043E+01
  0.9251479588579E+01
  0.9366532324189E+01
  0.9391657276739E+01
  0.9370563122068E+01
  0.9327693539075E+01
  0.9273204598805E+01
  0.9205178397709E+01
  0.9145251885349E+01
  0.8556105664521E+01
  0.8613736659844E+01
  0.8676862841701E+01
  0.8749713400733E+01
  0.8809428048652E+01
  0.8850169260263E+01
  0.8896079802536E+01
  0.8970559107743E+01
  0.9076109410581E+01
  0.9199357167488E+01
  0.9319628176624E+01
  0.9419142046658E+01
  0.9472815457834E+01
  0.9457971554223E+01
  0.9377207719626E+01
  0.9259702096888E+01
  0.9189475114390E+01
  0.9212786142251E+01
  0.8811188035557E+01
  0.8079882285815E+01
  0.7466714679336E+01
  0.7197590662414E+01
  0.7108309944541E+01
  0.6899682905158E+01
  0.6766942936582E+01
  0.6812877857148E+01
  0.7022003968890E+01
  0.7355432156317E+01
  0.7728545740344E+01
  0.8034731950606E+01
  0.8235008524818E+01
  0.8366314265142E+01
  0.8435194284616E+01
  0.8457203771055E+01
  0.8470488884437E+01
  0.8504928800560E+01
  0.6471116740889E+01
  0.6630062913890E+01
  0.6751760089383E+01
  0.6844959143750E+01
  0.6891875568737E+01
  0.6912025462578E+01
  0.6944558551426E+01
  0.6982287616914E+01
  0.7015033076801E+01
  0.7021329504818E+01
  0.6986461886358E+01
  0.6912510888541E+01
  0.6778570234797E+01
  0.6576963921997E+01
  0.6359277569306E+01
  0.6232229691073E+01
  0.6360862852700E+01
  0.6834225348249E+01
  0.6755428032723E+01
  0.6688953010425E+01
  0.6562271807967E+01
  0.6330860958501E+01
  0.5944553907978E+01
  0.5468719566975E+01
  0.4999001711832E+01
  0.4543176163511E+01
  0.4260968893316E+01
  0.4424514868451E+01
  0.4918655453309E+01
  0.5416338362414E+01
  0.5751013555651E+01
  0.5960103093485E+01
  0.6098829561959E+01
  0.6183950776081E+01
  0.6246935866362E+01
  0.6333448424772E+01
  0.3075977686149E+01
  0.3075977686149E+01
  0.3075977686149E+01
  0.3075977686149E+01
  0.3075977686149E+01
  0.3075977686149E+01
  0.3075977686149E+01
  0.3075977686149E+01
  0.3075977686149E+01
  0.3075977686149E+01
  0.3075977686149E+01
  0.3075977686149E+01
  0.3075977686149E+01
  0.3075977686149E+01
  0.3075977686149E+01
  0.3075977686149E+01
  0.3075977686149E+01
  0.3075977686149E+01
  0.3075977686149E+01
  0.3075977686149E+01
  0.3075977686149E+01
  0.3075977686149E+01
  0.3075977686149E+01
  0.3075977686149E+01
  0.3075977686149E+01
  0.3075977686149E+01
  0.3075977686149E+01
  0.3075977686149E+01
  0.3075977686149E+01
  0.3075977686149E+01
  0.3075977686149E+01
  0.3075977686149E+01
  0.3075977686149E+01
  0.3075977686149E+01
  0.3075977686149E+01
  0.3075977686149E+01
  0.2866745135691E+01
  0.2866745135691E+01
  0.2866745135691E+01
  0.2866745135691E+01
  0.2866745135691E+01
  0.2866745135691E+01
  0.2866745135691E+01
  0.2866745135691E+01
  0.2866745135691E+01
  0.2866745135691E+01
  0.2866745135691E+01
  0.2866745135691E+01
  0.2866745135691E+01
  0.2866745135691E+01
  0.2866745135691E+01
  0.2866745135691E+01
  0.2866745135691E+01
  0.2866745135691E+01
  0.2866745135691E+01
  0.2866745135691E+01
  0.2866745135691E+01
  0.2866745135691E+01
  0.2866745135691E+01
  0.2866745135691E+01
  0.2866745135691E+01
  0.2866745135691E+01
  0.2866745135691E+01
  0.2866745135691E+01
  0.2866745135691E+01
  0.2866745135691E+01
  0.2866745135691E+01
  0.2866745135691E+01
  0.2866745135691E+01
  0.2866745135691E+01
  0.2866745135691E+01
  0.2866745135691E+01
  0.7013119660781E+01
  0.8723155089183E+01
  0.9339368022107E+01
  0.9270921981845E+01
  0.8528257534534E+01
  0.6687562547199E+01
  0.9353736077874E+01
  0.1077489931869E+02
  0.1104736028421E+02
  0.9995270579785E+01
  0.7174299307727E+01
  0.7110709148390E+00
  0.0000000000000E+00
  0.0000000000000E+00
  0.0000000000000E+00
  0.0000000000000E+00
  0.0000000000000E+00
  0.0000000000000E+00
  0.0000000000000E+00
  0.0000000000000E+00
  0.0000000000000E+00
  0.0000000000000E+00
  0.0000000000000E+00
  0.0000000000000E+00
  0.0000000000000E+00
  0.0000000000000E+00
  0.0000000000000E+00
  0.0000000000000E+00
  0.0000000000000E+00
  0.0000000000000E+00
  0.0000000000000E+00
  0.0000000000000E+00
  0.4316739418327E+01
  0.9801986638232E+01
  0.1124804820651E+02
  0.1011205577821E+02
  0.1060219831811E+02
  0.4042357900754E+01
  0.2309366613425E+01
  0.3807340658341E+01
  0.9577541665813E+01
  0.1194670162001E+02
  0.1308230510753E+02
  0.1332219679461E+02
  0.1211050450373E+02
  0.7866195549433E+01
  0.1069829271620E+02
  0.1090498520565E+02
  0.9159775926169E+01
  0.3484767699948E+01
  0.0000000000000E+00
  0.0000000000000E+00
  0.0000000000000E+00
  0.0000000000000E+00
  0.0000000000000E+00
  0.0000000000000E+00
  0.0000000000000E+00
  0.0000000000000E+00
  0.0000000000000E+00
  0.0000000000000E+00
  0.0000000000000E+00
  0.0000000000000E+00
  0.0000000000000E+00
  0.0000000000000E+00
  0.0000000000000E+00
  0.0000000000000E+00
  0.0000000000000E+00
  0.0000000000000E+00
  0.2926244262241E+01
  0.1132355127871E+02
  0.1360951460490E+02
  0.1334144225585E+02
  0.2439500197157E+02
  0.2348603395304E+02
  0.2296446723115E+02
  0.2084321738436E+02
  0.1930156487650E+02
  0.2035170269933E+02
  0.2209939500201E+02
  0.2391103904570E+02
  0.2482812275589E+02
  0.2416711464936E+02
  0.1911819917068E+02
  0.1351947027005E+02
  0.1210606555276E+02
  0.6666984688039E+01
  0.0000000000000E+00
  0.0000000000000E+00
  0.0000000000000E+00
  0.0000000000000E+00
  0.0000000000000E+00
  0.0000000000000E+00
  0.0000000000000E+00
  0.0000000000000E+00
  0.0000000000000E+00
  0.0000000000000E+00
  0.0000000000000E+00
  0.0000000000000E+00
  0.0000000000000E+00
  0.0000000000000E+00
  0.0000000000000E+00
  0.0000000000000E+00
  0.0000000000000E+00
  0.0000000000000E+00
  0.4153515929376E+01
  0.1418481775405E+02
  0.1983576772351E+02
  0.2405726533942E+02
  0.4104218549501E+02
  0.3956491711956E+02
  0.3780783155059E+02
  0.3608520454739E+02
  0.3337387204502E+02
  0.3284058963827E+02
  0.3445890239639E+02
  0.3609496227028E+02
  0.3626344805894E+02
  0.3304298656721E+02
  0.2857632979392E+02
  0.1644852707981E+02
  0.7255035284020E+01
  0.0000000000000E+00
  0.0000000000000E+00
  0.0000000000000E+00
  0.0000000000000E+00
  0.0000000000000E+00
  0.0000000000000E+00
  0.0000000000000E+00
  0.0000000000000E+00
  0.0000000000000E+00
  0.0000000000000E+00
  0.0000000000000E+00
  0.0000000000000E+00
  0.0000000000000E+00
  0.0000000000000E+00
  0.0000000000000E+00
  0.0000000000000E+00
  0.0000000000000E+00
  0.0000000000000E+00
  0.0000000000000E+00
  0.8692877264304E+01
  0.2400748126748E+02
  0.3357912684059E+02
  0.3883759516439E+02
  0.5772671353554E+02
  0.5439427750887E+02
  0.5026915833396E+02
  0.4756944290330E+02
  0.4512595485705E+02
  0.4378175162684E+02
  0.4381411486690E+02
  0.4397820086576E+02
  0.4277491937022E+02
  0.3923984562050E+02
  0.3132923479169E+02
  0.2009262839606E+02
  0.8140693727676E+01
  0.0000000000000E+00
  0.0000000000000E+00
  0.0000000000000E+00
  0.0000000000000E+00
  0.0000000000000E+00
  0.0000000000000E+00
  0.0000000000000E+00
  0.0000000000000E+00
  0.0000000000000E+00
  0.0000000000000E+00
  0.0000000000000E+00
  0.0000000000000E+00
  0.0000000000000E+00
  0.0000000000000E+00
  0.0000000000000E+00
  0.0000000000000E+00
  0.0000000000000E+00
  0.0000000000000E+00
  0.0000000000000E+00
  0.1230153132494E+02
  0.3143871298599E+02
  0.4741217324035E+02
  0.5657169000719E+02
  0.6881773186486E+02
  0.6268686702441E+02
  0.5699966214089E+02
  0.5386001986312E+02
  0.5209682251670E+02
  0.5074225392356E+02
  0.4962231365821E+02
  0.4840993050821E+02
  0.4630033171031E+02
  0.4353501418517E+02
  0.3836984939227E+02
  0.2651798433597E+02
  0.1163846012692E+02
  0.0000000000000E+00
  0.0000000000000E+00
  0.0000000000000E+00
  0.0000000000000E+00
  0.0000000000000E+00
  0.0000000000000E+00
  0.0000000000000E+00
  0.0000000000000E+00
  0.2345724007734E+01
  0.1873177431737E+01
  0.0000000000000E+00
  0.0000000000000E+00
  0.0000000000000E+00
  0.0000000000000E+00
  0.0000000000000E+00
  0.0000000000000E+00
  0.0000000000000E+00
  0.0000000000000E+00
  0.0000000000000E+00
  0.1702282266324E+02
  0.4218097517379E+02
  0.6321656126719E+02
  0.7064819073745E+02
  0.7190191515410E+02
  0.6427295041098E+02
  0.5882561698440E+02
  0.5646599831670E+02
  0.5557903410203E+02
  0.5463499511116E+02
  0.5308512070606E+02
  0.5114180834515E+02
  0.4916629881804E+02
  0.4803118435033E+02
  0.4563822500273E+02
  0.3487924626961E+02
  0.1437016582342E+02
  0.0000000000000E+00
  0.0000000000000E+00
  0.0000000000000E+00
  0.0000000000000E+00
  0.0000000000000E+00
  0.0000000000000E+00
  0.0000000000000E+00
  0.1198350407772E+02
  0.2135344824848E+02
  0.1362473428574E+02
  0.0000000000000E+00
  0.0000000000000E+00
  0.0000000000000E+00
  0.2640439804273E+01
  0.3468375819307E+01
  0.0000000000000E+00
  0.0000000000000E+00
  0.0000000000000E+00
  0.0000000000000E+00
  0.2295904460877E+02
  0.5728760611631E+02
  0.7587601455658E+02
  0.7744124888295E+02
  0.7086998375606E+02
  0.6555929403356E+02
  0.6288002328335E+02
  0.6258566567324E+02
  0.6212773791624E+02
  0.6105669560492E+02
  0.5893807074645E+02
  0.5633556017955E+02
  0.5407598275627E+02
  0.5363053558381E+02
  0.5285490063653E+02
  0.4260199391181E+02
  0.2209272018608E+02
  0.0000000000000E+00
  0.0000000000000E+00
  0.0000000000000E+00
  0.0000000000000E+00
  0.0000000000000E+00
  0.0000000000000E+00
  0.8897309704421E+01
  0.3380373107218E+02
  0.3939252812116E+02
  0.2630429231391E+02
  0.7626907373086E+01
  0.1780159596183E+01
  0.6391335495829E+01
  0.1549149970449E+02
  0.1782868775714E+02
  0.0000000000000E+00
  0.0000000000000E+00
  0.0000000000000E+00
  0.0000000000000E+00
  0.3427005195217E+02
  0.6845688766984E+02
  0.7589088569089E+02
  0.7585533620688E+02
  0.7569797478342E+02
  0.7486655842014E+02
  0.7454409968753E+02
  0.7534881677157E+02
  0.7560438026017E+02
  0.7537646394075E+02
  0.7431030519610E+02
  0.7279522902584E+02
  0.7114435920309E+02
  0.6874852634274E+02
  0.6403974305470E+02
  0.5114373887555E+02
  0.3280088708093E+02
  0.9791585717896E+01
  0.0000000000000E+00
  0.0000000000000E+00
  0.0000000000000E+00
  0.1342817449306E+02
  0.1701081340622E+02
  0.1878572673168E+02
  0.4569709803277E+02
  0.4852504522810E+02
  0.3644130380793E+02
  0.2496384286610E+02
  0.1710370225154E+02
  0.2243418935693E+02
  0.2820534603629E+02
  0.2866423417575E+02
  0.2377705456819E+01
  0.0000000000000E+00
  0.0000000000000E+00
  0.0000000000000E+00
  0.4662757368030E+02
  0.7008109954834E+02
  0.7178683222556E+02
  0.7577945032834E+02
  0.8404907513053E+02
  0.8504124181005E+02
  0.8566110740710E+02
  0.8674939296959E+02
  0.8789537757411E+02
  0.8885686406705E+02
  0.8914037979287E+02
  0.8847781148679E+02
  0.8724332556983E+02
  0.8411959594647E+02
  0.7810751514975E+02
  0.6590984337275E+02
  0.4276402334244E+02
  0.2166789689831E+02
  0.7512621885406E+01
  0.0000000000000E+00
  0.0000000000000E+00
  0.2248411395742E+02
  0.3992911044699E+02
  0.2174064259609E+02
  0.5657227481795E+02
  0.5724102042770E+02
  0.5063585794026E+02
  0.4033991095715E+02
  0.3279120777870E+02
  0.3889902095579E+02
  0.4094554153016E+02
  0.3786638624359E+02
  0.1155599254940E+02
  0.0000000000000E+00
  0.0000000000000E+00
  0.0000000000000E+00
  0.5936782102532E+02
  0.7762903861959E+02
  0.7639142330341E+02
  0.8172520649636E+02
  0.9392303594546E+02
  0.9507543389791E+02
  0.9604009103408E+02
  0.9742424527215E+02
  0.9977650668141E+02
  0.1020291820248E+03
  0.1036620576504E+03
  0.1035707676907E+03
  0.1018925686068E+03
  0.9732125498884E+02
  0.8954315847692E+02
  0.7662039195487E+02
  0.5527072895359E+02
  0.3141396868546E+02
  0.3474012601994E+02
  0.0000000000000E+00
  0.0000000000000E+00
  0.1262124140655E+02
  0.5841754822245E+02
  0.4714563828027E+02
  0.6920001975662E+02
  0.7007358747763E+02
  0.6304300045903E+02
  0.4969861409446E+02
  0.3518894572382E+02
  0.5144649753561E+02
  0.4980208407026E+02
  0.4746202976503E+02
  0.2614495286427E+02
  0.0000000000000E+00
  0.0000000000000E+00
  0.0000000000000E+00
  0.7446155045547E+02
  0.8764002867177E+02
  0.8569354139756E+02
  0.9123799270452E+02
  0.1031786572937E+03
  0.1040094209330E+03
  0.1051816190502E+03
  0.1072001958889E+03
  0.1106475662615E+03
  0.1140690779014E+03
  0.1168187512189E+03
  0.1169737095314E+03
  0.1142077369402E+03
  0.1078417258222E+03
  0.9807928584798E+02
  0.8540197689712E+02
  0.7166492360533E+02
  0.5603764022480E+02
  0.5969279461402E+02
  0.1539870503326E+02
  0.0000000000000E+00
  0.5098032768470E+01
  0.6181145276816E+02
  0.6516682575169E+02
  0.7490815729761E+02
  0.8152242015418E+02
  0.7463590939614E+02
  0.5871287432776E+02
  0.2335295122252E+02
  0.4667980385269E+02
  0.4752105529255E+02
  0.5784431617226E+02
  0.4474512742805E+02
  0.1532370250763E+02
  0.0000000000000E+00
  0.4147571357914E+01
  0.8975762278269E+02
  0.9765265024714E+02
  0.9570505191002E+02
  0.1007480128340E+03
  0.1126136929210E+03
  0.1131969882810E+03
  0.1143847047621E+03
  0.1166136390380E+03
  0.1199323978239E+03
  0.1235279719492E+03
  0.1265527660129E+03
  0.1264363744877E+03
  0.1226218351680E+03
  0.1154393927894E+03
  0.1059150007006E+03
  0.9718633563218E+02
  0.8966810679575E+02
  0.7101824870956E+02
  0.7080946488014E+02
  0.4555511061989E+02
  0.7251114282348E+01
  0.7019841908212E+01
  0.5086987378199E+02
  0.8160026176578E+02
  0.8652320047927E+02
  0.9327626218613E+02
  0.8727030609323E+02
  0.7217538125051E+02
  0.2942093501261E+02
  0.3871578840116E+02
  0.3217298029507E+02
  0.6011040002951E+02
  0.6514426475907E+02
  0.3835546746303E+02
  0.0000000000000E+00
  0.2091162506750E+02
  0.9569774706816E+02
  0.1049311423578E+03
  0.1064054986926E+03
  0.1105993707870E+03
  0.1220919155076E+03
  0.1226783837986E+03
  0.1237066775025E+03
  0.1250171431112E+03
  0.1266369626756E+03
  0.1291675177610E+03
  0.1320859695721E+03
  0.1322326136000E+03
  0.1284410313581E+03
  0.1227060177407E+03
  0.1164537008921E+03
  0.1114010800828E+03
  0.1032321682846E+03
  0.8587271427363E+02
  0.8369778245561E+02
  0.7597262668630E+02
  0.2435050114044E+02
  0.7165405390798E+01
  0.2943801133533E+02
  0.8729264518177E+02
  0.1001970455759E+03
  0.1041135069704E+03
  0.9905582749697E+02
  0.9136630129381E+02
  0.5360932572707E+02
  0.4418898860561E+02
  0.3243138981718E+02
  0.4731498461628E+02
  0.8598591529802E+02
  0.6367969271956E+02
  0.9407808126822E+01
  0.4324959260890E+02
  0.1031491754549E+03
  0.1142214251558E+03
  0.1178602258854E+03
  0.1206402332560E+03
  0.1295604676459E+03
  0.1305550225595E+03
  0.1315387969110E+03
  0.1316531600660E+03
  0.1315045257815E+03
  0.1335227874901E+03
  0.1367762820768E+03
  0.1370708477736E+03
  0.1334873736967E+03
  0.1293275210841E+03
  0.1260317209065E+03
  0.1222090354043E+03
  0.1110434483703E+03
  0.9520520334749E+02
  0.9594196308194E+02
  0.9542335774335E+02
  0.2749594246692E+02
  0.7480205731287E+01
  0.2043521143351E+02
  0.8840466592724E+02
  0.1088094904618E+03
  0.1128171823120E+03
  0.1089793313123E+03
  0.1039138340082E+03
  0.6798195699007E+02
  0.5765291048484E+02
  0.4104255070572E+02
  0.4363266736624E+02
  0.1012346409575E+03
  0.9115404993735E+02
  0.3609570670728E+02
  0.7775835247643E+02
  0.1123266077621E+03
  0.1233599410651E+03
  0.1268722528360E+03
  0.1283698715695E+03
  0.1280536032948E+03
  0.1290696750528E+03
  0.1297661640677E+03
  0.1296751738182E+03
  0.1298006160104E+03
  0.1316828750682E+03
  0.1342572019610E+03
  0.1342478031901E+03
  0.1315541675502E+03
  0.1287908328809E+03
  0.1265186471976E+03
  0.1231898584956E+03
  0.1122750850213E+03
  0.9710866635066E+02
  0.1015762059692E+03
  0.1004719494698E+03
  0.2430127565778E+02
  0.8333522620006E+01
  0.1828739376008E+02
  0.8753657307376E+02
  0.1149098817088E+03
  0.1223887746577E+03
  0.1174768991072E+03
  0.1096186854241E+03
  0.8187999149297E+02
  0.6925080989213E+02
  0.6332054913439E+02
  0.4888509113083E+02
  0.1006726068881E+03
  0.1089224546304E+03
  0.7139055695739E+02
  0.9718822647893E+02
  0.1168507472004E+03
  0.1257803583527E+03
  0.1265270241658E+03
  0.1269569970961E+03
  0.1117019986071E+03
  0.1110597997027E+03
  0.1098927806576E+03
  0.1086149216960E+03
  0.1086751302600E+03
  0.1107350191565E+03
  0.1137710549058E+03
  0.1152018116302E+03
  0.1154384201502E+03
  0.1161244001404E+03
  0.1163405440662E+03
  0.1149925759154E+03
  0.1086834530808E+03
  0.9406780915510E+02
  0.1035063742386E+03
  0.9830128518067E+02
  0.2536545394419E+02
  0.1278592937680E+02
  0.1884981347854E+02
  0.9734779785827E+02
  0.1197080535018E+03
  0.1276680884070E+03
  0.1246017408999E+03
  0.1137285959681E+03
  0.9421043431176E+02
  0.8920599482771E+02
  0.8288525859763E+02
  0.6217179908143E+02
  0.8019368593711E+02
  0.1115280643670E+03
  0.8915684033634E+02
  0.1024141818373E+03
  0.1116511155656E+03
  0.1148658073136E+03
  0.1131129363308E+03
  0.1120765494276E+03
  0.9069210600609E+02
  0.8908389414258E+02
  0.8754032501311E+02
  0.8673231988049E+02
  0.8702827912542E+02
  0.8831499224896E+02
  0.9016513808647E+02
  0.9163617718392E+02
  0.9368592630130E+02
  0.9661080174912E+02
  0.9956671291869E+02
  0.1024408497487E+03
  0.1029988889168E+03
  0.9114811263301E+02
  0.1071981189809E+03
  0.9611640146492E+02
  0.3153217820130E+02
  0.2115259677767E+02
  0.2241498332092E+02
  0.1037876180677E+03
  0.1166445444573E+03
  0.1208536740836E+03
  0.1236564351228E+03
  0.1165923960548E+03
  0.1035019462848E+03
  0.1043365754643E+03
  0.9931436856745E+02
  0.8970772422479E+02
  0.7560123158087E+02
  0.1068087844338E+03
  0.9694671613020E+02
  0.9946538605901E+02
  0.9805610755361E+02
  0.9711727055693E+02
  0.9427333106986E+02
  0.9227793528301E+02
  0.8083250828460E+02
  0.7884716089548E+02
  0.7722434299093E+02
  0.7670529472373E+02
  0.7702649987464E+02
  0.7794000703145E+02
  0.7912383148467E+02
  0.8006351304857E+02
  0.8165346873475E+02
  0.8415795386317E+02
  0.8757783728642E+02
  0.9255604777734E+02
  0.9955164391154E+02
  0.1028026683236E+03
  0.1136752808004E+03
  0.9051214898527E+02
  0.3950424581123E+02
  0.3125755538516E+02
  0.3225530335360E+02
  0.1160229757742E+03
  0.1166652890509E+03
  0.1081989819976E+03
  0.1162290383960E+03
  0.1193551251444E+03
  0.1089876357338E+03
  0.1141373680903E+03
  0.1157885118554E+03
  0.1174395889335E+03
  0.8489918917359E+02
  0.1065392293260E+03
  0.1019126695388E+03
  0.9637160644830E+02
  0.9014592583239E+02
  0.8797304899693E+02
  0.8523499270670E+02
  0.8288732922220E+02
  0.9218250403393E+02
  0.8901773080545E+02
  0.8642536564372E+02
  0.8492694377235E+02
  0.8450666454414E+02
  0.8496217563935E+02
  0.8619127367321E+02
  0.8754801184816E+02
  0.8958957036346E+02
  0.9255754773758E+02
  0.9626941381674E+02
  0.1014160330491E+03
  0.1096679854755E+03
  0.1185435270756E+03
  0.1243107277791E+03
  0.9182141601165E+02
  0.4858674221010E+02
  0.3993513474952E+02
  0.5095106256630E+02
  0.1266264496011E+03
  0.1209583900077E+03
  0.1047747539973E+03
  0.1026110879039E+03
  0.1297369237429E+03
  0.1261534373793E+03
  0.1302495082457E+03
  0.1311451357098E+03
  0.1307616764496E+03
  0.1151475984795E+03
  0.1249350430858E+03
  0.1215584093171E+03
  0.1132773469139E+03
  0.1061925637676E+03
  0.1031504876010E+03
  0.9949319245828E+02
  0.9562026983564E+02
  0.1252145550475E+03
  0.1209104869656E+03
  0.1165940382006E+03
  0.1129711514876E+03
  0.1107498952451E+03
  0.1099110841530E+03
  0.1104605685951E+03
  0.1113113162579E+03
  0.1124397673250E+03
  0.1140352210028E+03
  0.1151854770791E+03
  0.1160183991510E+03
  0.1180729880588E+03
  0.1213771338682E+03
  0.1346050994154E+03
  0.1158303101466E+03
  0.5666396240346E+02
  0.5785680326697E+02
  0.8023383708756E+02
  0.1356204926936E+03
  0.1226977307124E+03
  0.1012045987023E+03
  0.8454666900449E+02
  0.1350892548220E+03
  0.1415502725023E+03
  0.1420851952265E+03
  0.1405464682917E+03
  0.1351644428168E+03
  0.1317395887299E+03
  0.1435229421982E+03
  0.1469767704209E+03
  0.1429479553395E+03
  0.1396603545409E+03
  0.1374862038555E+03
  0.1339359046674E+03
  0.1296496254288E+03
  0.1611555607525E+03
  0.1590420102212E+03
  0.1551044955873E+03
  0.1498014691474E+03
  0.1449149063525E+03
  0.1407552447350E+03
  0.1374644362895E+03
  0.1346769900236E+03
  0.1324355119543E+03
  0.1309412091578E+03
  0.1290552556210E+03
  0.1261830461207E+03
  0.1219303590639E+03
  0.1162754590726E+03
  0.1228959585629E+03
  0.1370341580300E+03
  0.8211009144984E+02
  0.8443055395279E+02
  0.1060877405274E+03
  0.1382540962728E+03
  0.1234231980328E+03
  0.8863273669766E+02
  0.9357371308138E+02
  0.1381404615320E+03
  0.1516076692177E+03
  0.1467791399744E+03
  0.1441776167559E+03
  0.1381657135388E+03
  0.1369625417824E+03
  0.1482202864461E+03
  0.1568459549821E+03
  0.1594507643606E+03
  0.1623800140078E+03
  0.1650026514573E+03
  0.1643897760028E+03
  0.1630351288861E+03
  0.1691432279182E+03
  0.1708121992465E+03
  0.1711830556922E+03
  0.1687705254073E+03
  0.1647042995843E+03
  0.1590041466908E+03
  0.1517526298494E+03
  0.1449298026811E+03
  0.1397311064867E+03
  0.1361951708861E+03
  0.1333286577101E+03
  0.1304737381808E+03
  0.1259715227775E+03
  0.1177032596566E+03
  0.1084382651685E+03
  0.1158774752412E+03
  0.1081510822336E+03
  0.1058874369091E+03
  0.1058259203916E+03
  0.1290655949963E+03
  0.1263746028262E+03
  0.6792628398167E+02
  0.1175736438041E+03
  0.1455389994561E+03
  0.1497951955025E+03
  0.1458189207610E+03
  0.1430741106865E+03
  0.1369712499233E+03
  0.1333780910470E+03
  0.1392062628486E+03
  0.1476731716464E+03
  0.1531668924680E+03
  0.1594261530520E+03
  0.1653670778961E+03
  0.1671494356003E+03
  0.1682253836718E+03
  0.1554260750229E+03
  0.1577867360901E+03
  0.1610638081395E+03
  0.1638728149270E+03
  0.1647460642734E+03
  0.1625601236696E+03
  0.1564601482897E+03
  0.1486793175313E+03
  0.1416044367303E+03
  0.1361922120709E+03
  0.1323388444884E+03
  0.1294142230003E+03
  0.1261089679688E+03
  0.1211374557404E+03
  0.1163977714346E+03
  0.1218282982766E+03
  0.1168463474341E+03
  0.1114963910554E+03
  0.1091836914486E+03
  0.1197194365049E+03
  0.1232648921096E+03
  0.6926410173693E+02
  0.1208850471462E+03
  0.1363770607422E+03
  0.1392229998118E+03
  0.1400367000900E+03
  0.1387287946455E+03
  0.1334441892573E+03
  0.1287015724238E+03
  0.1308270689050E+03
  0.1363611526811E+03
  0.1406114600718E+03
  0.1458767644126E+03
  0.1510818555292E+03
  0.1532313623566E+03
  0.1544515606511E+03
  0.1397965141980E+03
  0.1408163177787E+03
  0.1434821431193E+03
  0.1478407585244E+03
  0.1521127568130E+03
  0.1546550459475E+03
  0.1536229891361E+03
  0.1489526584050E+03
  0.1422787119724E+03
  0.1351906229347E+03
  0.1295287411752E+03
  0.1252824204524E+03
  0.1212993368284E+03
  0.1165640334361E+03
  0.1136065570163E+03
  0.1178042392677E+03
  0.1151248330775E+03
  0.1089106742875E+03
  0.1030907449918E+03
  0.1087715856696E+03
  0.1138143345306E+03
  0.9467169756023E+02
  0.1180002913885E+03
  0.1248011378041E+03
  0.1274446249975E+03
  0.1303431413896E+03
  0.1309884032710E+03
  0.1280045546088E+03
  0.1240566498870E+03
  0.1241897658934E+03
  0.1273988858606E+03
  0.1301633015026E+03
  0.1336893031132E+03
  0.1367164095889E+03
  0.1384126181616E+03
  0.1394112825607E+03
  0.1259869742682E+03
  0.1259176119472E+03
  0.1269747438841E+03
  0.1299418890595E+03
  0.1337703454097E+03
  0.1374042925397E+03
  0.1399797988041E+03
  0.1399407035695E+03
  0.1368029848771E+03
  0.1311151157798E+03
  0.1248724453424E+03
  0.1193173339220E+03
  0.1145764313387E+03
  0.1105767910057E+03
  0.1083008363232E+03
  0.1093208331762E+03
  0.1069516069519E+03
  0.1024077298040E+03
  0.9278138961881E+02
  0.9523369547265E+02
  0.9930293651802E+02
  0.1037626790958E+03
  0.1138169534322E+03
  0.1135498009826E+03
  0.1152909301917E+03
  0.1178778115173E+03
  0.1197469359141E+03
  0.1193208325260E+03
  0.1171930012372E+03
  0.1166834811023E+03
  0.1180839617776E+03
  0.1194380998407E+03
  0.1215852428423E+03
  0.1233551642639E+03
  0.1247825015258E+03
  0.1257667808855E+03
  0.1134763090132E+03
  0.1131327742772E+03
  0.1131121602581E+03
  0.1142492159608E+03
  0.1163132716285E+03
  0.1187055958963E+03
  0.1212652898207E+03
  0.1229947194903E+03
  0.1227560423334E+03
  0.1200587291977E+03
  0.1157314385709E+03
  0.1100997059684E+03
  0.1046906095070E+03
  0.1012484286000E+03
  0.1003100715346E+03
  0.1004618078716E+03
  0.9855354569971E+02
  0.9438594686509E+02
  0.8099223483196E+02
  0.7944632488223E+02
  0.8635225946538E+02
  0.9834125933191E+02
  0.1120760035961E+03
  0.1076835560540E+03
  0.1061303509517E+03
  0.1064941738778E+03
  0.1078073940312E+03
  0.1083973526126E+03
  0.1080634516002E+03
  0.1081287847777E+03
  0.1084544527401E+03
  0.1086929016523E+03
  0.1096573674154E+03
  0.1106247771388E+03
  0.1118848684275E+03
  0.1131274407070E+03
  0.1004374124246E+03
  0.1001608075052E+03
  0.9968193497643E+02
  0.9969834052258E+02
  0.1005324935346E+03
  0.1017309366704E+03
  0.1029523499180E+03
  0.1044841507822E+03
  0.1050535369138E+03
  0.1041614313612E+03
  0.1018806455572E+03
  0.9735416252422E+02
  0.9177109732298E+02
  0.8927864245207E+02
  0.9109060539032E+02
  0.9367648508498E+02
  0.9386807031295E+02
  0.8900996393137E+02
  0.6744757461634E+02
  0.5834338832934E+02
  0.7159441204394E+02
  0.1069863114601E+03
  0.1251660688475E+03
  0.1143946690555E+03
  0.1052113380797E+03
  0.1007692021341E+03
  0.9928819362601E+02
  0.9850830130528E+02
  0.9787681789325E+02
  0.9816504536582E+02
  0.9802739376726E+02
  0.9748480255913E+02
  0.9752344823155E+02
  0.9797148651138E+02
  0.9887468308063E+02
  0.9998240566732E+02
  0.9287650247280E+02
  0.9222212139169E+02
  0.9129302209753E+02
  0.9079237176951E+02
  0.9071545250249E+02
  0.9095040232417E+02
  0.9104870605736E+02
  0.9148175502442E+02
  0.9179291244266E+02
  0.9181496944361E+02
  0.9224778463127E+02
  0.9182292089641E+02
  0.8956857695805E+02
  0.8825950408409E+02
  0.9072323270559E+02
  0.9569189871210E+02
  0.9795446587151E+02
  0.9246452131106E+02
  0.3849510810157E+02
  0.2801084429066E+02
  0.4563247573036E+02
  0.1100424814714E+03
  0.1402985766300E+03
  0.1343517248613E+03
  0.1213724613015E+03
  0.1128646227777E+03
  0.1076698182849E+03
  0.1038062224447E+03
  0.1004683896530E+03
  0.9815439717170E+02
  0.9621172559557E+02
  0.9415031044489E+02
  0.9286382041830E+02
  0.9236617183141E+02
  0.9252335108982E+02
  0.9292545328257E+02
  0.9244092684154E+02
  0.9198248661952E+02
  0.9129552203623E+02
  0.9057477995117E+02
  0.8998486210877E+02
  0.8968139090617E+02
  0.8951181767278E+02
  0.8955193614792E+02
  0.9005094432273E+02
  0.9031997558540E+02
  0.9048828084587E+02
  0.9017344404167E+02
  0.8843364273666E+02
  0.8689882718032E+02
  0.8846506473385E+02
  0.9481266981431E+02
  0.1014175871067E+03
  0.9779449137427E+02
  0.3741033805415E+02
  0.2283497301132E+02
  0.3370651476560E+02
  0.1091829620270E+03
  0.1390825215441E+03
  0.1416944991924E+03
  0.1334931910826E+03
  0.1265207170565E+03
  0.1199638179181E+03
  0.1133487260775E+03
  0.1073859291886E+03
  0.1029832157619E+03
  0.9983416825774E+02
  0.9683572699297E+02
  0.9441238145848E+02
  0.9290172196434E+02
  0.9226724101571E+02
  0.9234509559494E+02
  0.9207538831545E+02
  0.9098311264352E+02
  0.8982409436213E+02
  0.8961147456953E+02
  0.8905874717213E+02
  0.8862930047699E+02
  0.8842443621107E+02
  0.8844887235569E+02
  0.8868342211172E+02
  0.8892148689824E+02
  0.8912668938422E+02
  0.8897528640086E+02
  0.8807381945512E+02
  0.8721880938329E+02
  0.8817740418047E+02
  0.9367084408675E+02
  0.1030247149830E+03
  0.1080881390114E+03
  0.4685098201569E+02
  0.3386357829400E+02
  0.4091826796833E+02
  0.9172073479007E+02
  0.1134986655777E+03
  0.1226153663724E+03
  0.1229064273103E+03
  0.1227116848556E+03
  0.1212825824955E+03
  0.1176764011911E+03
  0.1133722895519E+03
  0.1088602482111E+03
  0.1046217160032E+03
  0.1009371762298E+03
  0.9783716673976E+02
  0.9547541825078E+02
  0.9381761064937E+02
  0.9284562595953E+02
  0.9125227792992E+02
  0.8996709258886E+02
  0.8872278991003E+02
  0.8767623678517E+02
  0.8658447181923E+02
  0.8592348843259E+02
  0.8568605502152E+02
  0.8589959921850E+02
  0.8620889932249E+02
  0.8658059840320E+02
  0.8701642015048E+02
  0.8733054896655E+02
  0.8744206212076E+02
  0.8725353310190E+02
  0.8801555933385E+02
  0.9161049198889E+02
  0.9951449155801E+02
  0.1114772089419E+03
  0.7921569643354E+02
  0.7130574930216E+02
  0.6424559643619E+02
  0.7366543129467E+02
  0.7931228538903E+02
  0.8683989379977E+02
  0.9249374468031E+02
  0.9745373286365E+02
  0.1023753504441E+03
  0.1052413872897E+03
  0.1057418808693E+03
  0.1047919540298E+03
  0.1024785221519E+03
  0.9982396499893E+02
  0.9719527947233E+02
  0.9512240158141E+02
  0.9327961223956E+02
  0.9217263216786E+02
  0.8377647487987E+02
  0.8289518971624E+02
  0.8223402230468E+02
  0.8158758045643E+02
  0.8082689603228E+02
  0.8027465883384E+02
  0.8009613871809E+02
  0.8029182821477E+02
  0.8059053702222E+02
  0.8048285459252E+02
  0.8086245702598E+02
  0.8130797834788E+02
  0.8176665293344E+02
  0.8220145072456E+02
  0.8284122896868E+02
  0.8487896646195E+02
  0.8949019266219E+02
  0.9575061902007E+02
  0.8443894788679E+02
  0.7547298155975E+02
  0.6685793268875E+02
  0.6385210849599E+02
  0.6308778182601E+02
  0.6570278274738E+02
  0.6885052600931E+02
  0.7244632209359E+02
  0.7724139542670E+02
  0.8204730651156E+02
  0.8527455880242E+02
  0.8683296577775E+02
  0.8681596082607E+02
  0.8585975153797E+02
  0.8475723203968E+02
  0.8440015447363E+02
  0.8420686219541E+02
  0.8399132739664E+02
  0.6584686015723E+02
  0.6622402975111E+02
  0.6628272491533E+02
  0.6613403594141E+02
  0.6573265273939E+02
  0.6526631744240E+02
  0.6494955033772E+02
  0.6476052122926E+02
  0.6457372128930E+02
  0.6448167027578E+02
  0.6473186676986E+02
  0.6503178341410E+02
  0.6536145892801E+02
  0.6570566651612E+02
  0.6619474861347E+02
  0.6737199640867E+02
  0.7048691355377E+02
  0.7401405858598E+02
  0.6981628709429E+02
  0.6355425789227E+02
  0.5829756768682E+02
  0.5474988745898E+02
  0.5241760905600E+02
  0.5149000132290E+02
  0.5135724463494E+02
  0.5199511760418E+02
  0.5396898134364E+02
  0.5705182590815E+02
  0.6022336024461E+02
  0.6249070538953E+02
  0.6367291588029E+02
  0.6419258041972E+02
  0.6439627623760E+02
  0.6487878346163E+02
  0.6537115889961E+02
  0.6554416046271E+02
  0.4173410479908E+02
  0.4213950902509E+02
  0.4226504637049E+02
  0.4211890287115E+02
  0.4167919611786E+02
  0.4109944464612E+02
  0.4054897950911E+02
  0.4016773979831E+02
  0.3997288732089E+02
  0.3995532715470E+02
  0.3998600764305E+02
  0.4003356451514E+02
  0.4017104228215E+02
  0.4054389465839E+02
  0.4123435475933E+02
  0.4248308737621E+02
  0.4444426059275E+02
  0.4645437204965E+02
  0.4675295329522E+02
  0.4517472906603E+02
  0.4252893879215E+02
  0.3955316001992E+02
  0.3684752435117E+02
  0.3484060022375E+02
  0.3378293219364E+02
  0.3381176833710E+02
  0.3480051650364E+02
  0.3637114426316E+02
  0.3808774195105E+02
  0.3947044642573E+02
  0.4022807922750E+02
  0.4048516417242E+02
  0.4054385214412E+02
  0.4069177669573E+02
  0.4093896281987E+02
  0.4126862431114E+02
  0.1946279342266E+02
  0.1995080041047E+02
  0.2070461190589E+02
  0.2184248678155E+02
  0.2255750591858E+02
  0.2304510521913E+02
  0.2342658732311E+02
  0.2374819154193E+02
  0.2442764600332E+02
  0.2547781862588E+02
  0.2702873029566E+02
  0.2863542142593E+02
  0.2965055300661E+02
  0.3027038360752E+02
  0.3061213196749E+02
  0.3071284968911E+02
  0.3050712845628E+02
  0.2979478960883E+02
  0.2829579451915E+02
  0.2566255704865E+02
  0.2267706888245E+02
  0.2049002136160E+02
  0.1899886980491E+02
  0.1810454677557E+02
  0.1770179127674E+02
  0.1767400975219E+02
  0.1788425219949E+02
  0.1818233694448E+02
  0.1847302290273E+02
  0.1867958774859E+02
  0.1879088757788E+02
  0.1884551243708E+02
  0.1886575566086E+02
  0.1889798554570E+02
  0.1898217372537E+02
  0.1915795288775E+02
  0.0000000000000E+00
 -0.1548668727523E+01
 -0.8263764429118E+00
 -0.3442013891602E+00
 -0.2816840821136E+00
  0.0000000000000E+00
 -0.3692149856444E-01
 -0.1382790809458E+00
 -0.8433060113584E+00
 -0.1734982398214E+01
 -0.2896853906909E+01
 -0.3465174367315E+01
  0.0000000000000E+00
  0.0000000000000E+00
  0.0000000000000E+00
  0.0000000000000E+00
  0.0000000000000E+00
  0.0000000000000E+00
  0.0000000000000E+00
  0.0000000000000E+00
  0.0000000000000E+00
  0.0000000000000E+00
  0.0000000000000E+00
  0.0000000000000E+00
  0.0000000000000E+00
  0.0000000000000E+00
  0.0000000000000E+00
  0.0000000000000E+00
  0.0000000000000E+00
  0.0000000000000E+00
  0.0000000000000E+00
 -0.2628648114603E+01
 -0.3480676521119E+01
 -0.3318673854964E+01
 -0.2861674938279E+01
 -0.2496908055650E+01
 -0.4037186260926E+01
  0.0000000000000E+00
  0.0000000000000E+00
  0.0000000000000E+00
 -0.2982630123353E+01
 -0.1300485655900E+01
 -0.1126554006245E+01
 -0.1316762579876E+01
 -0.2048749326074E+01
  0.0000000000000E+00
 -0.6907256370674E+01
 -0.7684895378325E+01
 -0.8297038028677E+01
 -0.7667472475634E+01
 -0.4260285486732E+01
  0.0000000000000E+00
  0.0000000000000E+00
  0.0000000000000E+00
  0.0000000000000E+00
  0.0000000000000E+00
  0.0000000000000E+00
  0.0000000000000E+00
  0.0000000000000E+00
  0.0000000000000E+00
  0.0000000000000E+00
  0.0000000000000E+00
  0.0000000000000E+00
  0.0000000000000E+00
  0.0000000000000E+00
  0.0000000000000E+00
  0.0000000000000E+00
  0.0000000000000E+00
 -0.7912190060561E+01
 -0.7755431122670E+01
 -0.5693734659714E+01
 -0.4243659533856E+01
 -0.5162374846151E+01
 -0.4806431550128E+01
 -0.4995713980861E+01
 -0.8327010307108E+01
 -0.1158647479704E+02
 -0.8027013932445E+01
 -0.6770650038731E+01
 -0.4175782929480E+01
 -0.3303473871808E+01
 -0.4761726053626E+01
  0.0000000000000E+00
 -0.1307229809807E+02
 -0.2548884773506E+02
 -0.2486416042308E+02
 -0.1486821186750E+02
  0.0000000000000E+00
  0.0000000000000E+00
  0.0000000000000E+00
  0.0000000000000E+00
  0.0000000000000E+00
  0.0000000000000E+00
  0.0000000000000E+00
  0.0000000000000E+00
  0.0000000000000E+00
  0.0000000000000E+00
  0.0000000000000E+00
  0.0000000000000E+00
  0.0000000000000E+00
  0.0000000000000E+00
  0.0000000000000E+00
  0.0000000000000E+00
  0.0000000000000E+00
 -0.1593535353937E+02
 -0.1736105193146E+02
 -0.9370391208164E+01
 -0.4677061017226E+01
  0.4326190382005E+01
  0.3516221579425E+01
  0.2361975525477E+01
  0.1009229133976E+01
 -0.4082395968819E+01
 -0.4581737235543E+01
 -0.2394093689201E+01
 -0.4405445670137E+00
  0.1094614792406E+00
 -0.2053374355902E+01
 -0.1277431759511E+02
 -0.2056670440579E+02
  0.0000000000000E+00
  0.0000000000000E+00
  0.0000000000000E+00
  0.0000000000000E+00
  0.0000000000000E+00
  0.0000000000000E+00
  0.0000000000000E+00
  0.0000000000000E+00
  0.0000000000000E+00
  0.0000000000000E+00
  0.0000000000000E+00
  0.0000000000000E+00
  0.0000000000000E+00
  0.0000000000000E+00
  0.0000000000000E+00
  0.0000000000000E+00
  0.0000000000000E+00
  0.0000000000000E+00
  0.0000000000000E+00
  0.0000000000000E+00
 -0.8444749656241E+01
 -0.6351088689699E+01
  0.9046326079637E+00
  0.3630567030034E+01
  0.1059895014921E+02
  0.1021721859594E+02
  0.8974220913567E+01
  0.8300636454373E+01
  0.6571062386156E+01
  0.5163882006304E+01
  0.4568020367721E+01
  0.4265112290467E+01
  0.3161808632697E+01
  0.1284697287728E+01
 -0.5018270857932E+01
 -0.1679850754048E+02
  0.0000000000000E+00
  0.0000000000000E+00
  0.0000000000000E+00
  0.0000000000000E+00
  0.0000000000000E+00
  0.0000000000000E+00
  0.0000000000000E+00
  0.0000000000000E+00
  0.0000000000000E+00
 -0.2109262552639E+02
 -0.3078126748749E+02
  0.0000000000000E+00
  0.0000000000000E+00
  0.0000000000000E+00
  0.0000000000000E+00
  0.0000000000000E+00
  0.0000000000000E+00
  0.0000000000000E+00
  0.0000000000000E+00
  0.0000000000000E+00
 -0.1574641231223E+01
  0.2069026480338E+01
  0.6270194160883E+01
  0.9006699843112E+01
  0.1583616972971E+02
  0.1533301744776E+02
  0.1433146507397E+02
  0.1410200712599E+02
  0.1381529291806E+02
  0.1314116525576E+02
  0.1223986968406E+02
  0.1109973915138E+02
  0.9383945746185E+01
  0.7584013715514E+01
  0.4157574470669E+01
 -0.4715781086544E+01
 -0.1151923682151E+02
  0.0000000000000E+00
  0.0000000000000E+00
  0.0000000000000E+00
  0.0000000000000E+00
  0.0000000000000E+00
  0.0000000000000E+00
  0.0000000000000E+00
 -0.1742748129798E+02
 -0.2838274140803E+02
 -0.3135075866724E+02
  0.0000000000000E+00
  0.0000000000000E+00
  0.0000000000000E+00
  0.0000000000000E+00
 -0.1934449773313E+02
 -0.3005247241055E+02
  0.0000000000000E+00
  0.0000000000000E+00
  0.0000000000000E+00
  0.2358545367206E+01
  0.6512205238322E+01
  0.1148047632260E+02
  0.1450152628546E+02
  0.1958529721356E+02
  0.1797242287202E+02
  0.1682158613825E+02
  0.1690452986729E+02
  0.1753531961310E+02
  0.1778265695788E+02
  0.1759745818090E+02
  0.1688065412744E+02
  0.1569332946354E+02
  0.1475337285244E+02
  0.1288639639768E+02
  0.7598141261120E+01
 -0.2141951592482E+01
  0.0000000000000E+00
  0.0000000000000E+00
  0.0000000000000E+00
  0.0000000000000E+00
  0.0000000000000E+00
  0.0000000000000E+00
 -0.1347046377544E+02
 -0.1435493160176E+02
 -0.1383386368584E+02
 -0.1814637792765E+02
  0.0000000000000E+00
  0.0000000000000E+00
  0.0000000000000E+00
 -0.1283108569846E+02
 -0.1997916897342E+02
 -0.2092622117880E+02
  0.0000000000000E+00
  0.0000000000000E+00
  0.0000000000000E+00
  0.3570208181792E+01
  0.1154913618123E+02
  0.1737805242047E+02
  0.2000517934582E+02
  0.1981158310492E+02
  0.1782579710142E+02
  0.1808660393912E+02
  0.1898395421939E+02
  0.1920546300181E+02
  0.1876380479969E+02
  0.1770577300009E+02
  0.1601179934839E+02
  0.1406312692388E+02
  0.1474827298825E+02
  0.1735546375237E+02
  0.1526767570823E+02
  0.6203157096609E+01
 -0.8533330389043E+00
 -0.7244600752917E+01
  0.0000000000000E+00
  0.0000000000000E+00
 -0.1676403917745E+01
 -0.5958158602243E+01
 -0.7466778452690E+01
 -0.6361991209533E-01
  0.2241125625522E+01
 -0.8407196935048E+00
 -0.4147755135291E+01
 -0.6770549888570E+01
 -0.7565839160341E+01
 -0.5468509417494E+01
 -0.4225194182222E+01
 -0.3236046457967E+01
  0.0000000000000E+00
  0.0000000000000E+00
  0.0000000000000E+00
  0.8854084025042E+01
  0.1799205286112E+02
  0.2083795623163E+02
  0.2205090492303E+02
  0.2085288716470E+02
  0.2143565853249E+02
  0.2243060222921E+02
  0.2309055301729E+02
  0.2350718421825E+02
  0.2370356725698E+02
  0.2364019126024E+02
  0.2351269449243E+02
  0.2317902933273E+02
  0.2213887494757E+02
  0.2005167956009E+02
  0.1505621327395E+02
  0.1245349410054E+02
  0.7753207417954E+01
  0.8563433824658E+00
  0.0000000000000E+00
  0.0000000000000E+00
  0.3078787002262E+01
  0.3044598904072E+01
  0.3023682800445E+01
  0.1054574758047E+02
  0.1104041629825E+02
  0.8010101705974E+01
  0.6920397144382E+01
  0.5766250562735E+01
  0.6183102875396E+01
  0.7220822501946E+01
  0.7501319913268E+01
  0.5364952061512E+01
  0.0000000000000E+00
  0.0000000000000E+00
  0.0000000000000E+00
  0.1077952712405E+02
  0.1422610599619E+02
  0.1757978411759E+02
  0.2081394019099E+02
  0.2129613521789E+02
  0.2218100814028E+02
  0.2297829157825E+02
  0.2358731453731E+02
  0.2400403912869E+02
  0.2431046623972E+02
  0.2445087391803E+02
  0.2443116546330E+02
  0.2424895467558E+02
  0.2393317638874E+02
  0.2336457236634E+02
  0.2268505512073E+02
  0.1684536462855E+02
  0.1204931779159E+02
  0.6801049942083E+01
 -0.7991135567036E+00
  0.0000000000000E+00
  0.1886246531848E+01
  0.6521706702635E+01
  0.0000000000000E+00
  0.1251905962527E+02
  0.1331787676006E+02
  0.1337368088157E+02
  0.9247155974953E+01
  0.7822068752455E+01
  0.8106564316527E+01
  0.8962185447282E+01
  0.8968952675956E+01
  0.6499438670868E+01
  0.0000000000000E+00
  0.0000000000000E+00
  0.0000000000000E+00
  0.1231762876467E+02
  0.1639680203319E+02
  0.1949491727915E+02
  0.2064086430936E+02
  0.2193973701206E+02
  0.2291316919217E+02
  0.2362456036890E+02
  0.2428374409848E+02
  0.2493741721496E+02
  0.2551221572209E+02
  0.2592459297314E+02
  0.2604891024030E+02
  0.2575530673266E+02
  0.2502372029878E+02
  0.2392884555796E+02
  0.2209981241091E+02
  0.1792817497558E+02
  0.0000000000000E+00
  0.1106932372188E+02
  0.1759555877138E+01
  0.0000000000000E+00
  0.0000000000000E+00
  0.9005811408996E+01
  0.1108675141328E+02
  0.1416519037183E+02
  0.1474765920088E+02
  0.1346801638024E+02
  0.1036012020256E+02
  0.6659538302015E+01
  0.9703184487197E+01
  0.8715897486124E+01
  0.9107685273778E+01
  0.5483732412445E+01
  0.2287962662903E+01
  0.0000000000000E+00
  0.0000000000000E+00
  0.1396235159353E+02
  0.1728022317893E+02
  0.1993120210786E+02
  0.2104183477085E+02
  0.2268452932696E+02
  0.2353899458809E+02
  0.2430155133728E+02
  0.2516743405106E+02
  0.2607091905391E+02
  0.2681289636713E+02
  0.2719001644941E+02
  0.2709683300289E+02
  0.2659917527928E+02
  0.2577436050963E+02
  0.2451610658590E+02
  0.2263703395220E+02
  0.1948524638776E+02
  0.1775793687935E+02
  0.1375327030416E+02
  0.6453364661144E+01
  0.0000000000000E+00
  0.0000000000000E+00
  0.1008973961656E+02
  0.1249672275775E+02
  0.1532359960450E+02
  0.1650446280275E+02
  0.1605389651822E+02
  0.1329595487282E+02
  0.0000000000000E+00
  0.9388262318922E+01
  0.6988013404406E+01
  0.1013731529007E+02
  0.7604826755527E+01
  0.4390741969196E+01
  0.0000000000000E+00
  0.0000000000000E+00
  0.1505528011261E+02
  0.1773678320022E+02
  0.2025229832247E+02
  0.2166419463374E+02
  0.2310226184141E+02
  0.2387152862220E+02
  0.2460076047062E+02
  0.2529337309933E+02
  0.2586854613560E+02
  0.2623164391749E+02
  0.2630451111360E+02
  0.2642028437401E+02
  0.2639615801788E+02
  0.2595815526347E+02
  0.2506389314689E+02
  0.2357139548632E+02
  0.2134239093161E+02
  0.1992084394599E+02
  0.1590107170955E+02
  0.9163666152471E+01
  0.0000000000000E+00
  0.0000000000000E+00
  0.8547866067035E+01
  0.1539843903567E+02
  0.1689615752118E+02
  0.1821019404432E+02
  0.1835339821467E+02
  0.1607340515890E+02
  0.0000000000000E+00
  0.0000000000000E+00
  0.0000000000000E+00
  0.8811387293914E+01
  0.9341833868677E+01
  0.8108574750923E+01
  0.0000000000000E+00
  0.0000000000000E+00
  0.1549912396699E+02
  0.1832346555671E+02
  0.2053873569927E+02
  0.2202217684388E+02
  0.2258639315331E+02
  0.2307200089995E+02
  0.2328158820270E+02
  0.2299639702248E+02
  0.2257657087749E+02
  0.2211550829309E+02
  0.2276120930222E+02
  0.2445072301164E+02
  0.2539963892708E+02
  0.2568361777130E+02
  0.2546370842368E+02
  0.2467341295010E+02
  0.2292772999511E+02
  0.2156274654434E+02
  0.1777440746826E+02
  0.1191453988482E+02
  0.0000000000000E+00
  0.0000000000000E+00
  0.0000000000000E+00
  0.1487774904369E+02
  0.1815031630721E+02
  0.1939425250334E+02
  0.1955919259855E+02
  0.2027600072586E+02
  0.1774143704638E+02
  0.0000000000000E+00
  0.0000000000000E+00
  0.0000000000000E+00
  0.1067491516842E+02
  0.1107984210903E+02
  0.0000000000000E+00
  0.0000000000000E+00
  0.1506638379537E+02
  0.1874404801053E+02
  0.2074341654507E+02
  0.2166798813780E+02
  0.1918973076499E+02
  0.1908700353374E+02
  0.1853987342742E+02
  0.1746688622544E+02
  0.1666771910295E+02
  0.1796217820600E+02
  0.2058062590154E+02
  0.2265314198722E+02
  0.2361192271847E+02
  0.2403621270663E+02
  0.2441959767666E+02
  0.2428544358845E+02
  0.2272724118691E+02
  0.2245448860483E+02
  0.1968905011157E+02
  0.1580633399208E+02
  0.0000000000000E+00
  0.0000000000000E+00
  0.0000000000000E+00
  0.1685377511262E+02
  0.1877689172040E+02
  0.1922033884471E+02
  0.2089032171677E+02
  0.2085805430551E+02
  0.1914189388033E+02
  0.1642637504541E+02
  0.0000000000000E+00
  0.0000000000000E+00
  0.1259902654510E+02
  0.1421187826398E+02
  0.0000000000000E+00
  0.1381451528249E+02
  0.1673394357287E+02
  0.1780641987066E+02
  0.1843589897740E+02
  0.1881569407905E+02
  0.1621660462620E+02
  0.1658082959747E+02
  0.1768596176799E+02
  0.1996221726262E+02
  0.2218772615910E+02
  0.2326303048021E+02
  0.2328850933190E+02
  0.2263078149332E+02
  0.2153551461563E+02
  0.2026602330544E+02
  0.1938176560502E+02
  0.2052861246952E+02
  0.2156757513173E+02
  0.2253023144394E+02
  0.2121001139291E+02
  0.1868122727793E+02
  0.0000000000000E+00
  0.0000000000000E+00
  0.0000000000000E+00
  0.1796117519317E+02
  0.2092259218950E+02
  0.2181564731785E+02
  0.2191234775202E+02
  0.2198740565376E+02
  0.1858308451480E+02
  0.1441024375555E+02
  0.1615598287504E+02
  0.0000000000000E+00
  0.1401186005074E+02
  0.1721938468459E+02
  0.1602050840559E+02
  0.1670117139913E+02
  0.1644071131332E+02
  0.1568355711625E+02
  0.1531396812183E+02
  0.1589836455220E+02
  0.2350065919225E+02
  0.2471476697591E+02
  0.2552680527157E+02
  0.2595605343007E+02
  0.2605349266484E+02
  0.2587085791256E+02
  0.2540000790222E+02
  0.2422446386616E+02
  0.2193353947196E+02
  0.1999987243648E+02
  0.1895545683006E+02
  0.1899701274313E+02
  0.2082677181872E+02
  0.2008101686785E+02
  0.2343852440757E+02
  0.1918869630387E+02
  0.0000000000000E+00
  0.0000000000000E+00
  0.0000000000000E+00
  0.1979241185429E+02
  0.2254388888230E+02
  0.2369319801418E+02
  0.2249938258687E+02
  0.2264038272733E+02
  0.2038488568305E+02
  0.2024080164501E+02
  0.1997362212894E+02
  0.0000000000000E+00
  0.0000000000000E+00
  0.1652622870749E+02
  0.1917061917819E+02
  0.1815030834640E+02
  0.1858628725266E+02
  0.1887726869019E+02
  0.2069604808919E+02
  0.2227988515686E+02
  0.2618598970210E+02
  0.2662596961289E+02
  0.2679136954501E+02
  0.2675541281779E+02
  0.2660415305994E+02
  0.2635173248024E+02
  0.2604991253520E+02
  0.2587511539328E+02
  0.2586453204623E+02
  0.2588288871369E+02
  0.2561736776849E+02
  0.2511025095652E+02
  0.2423028062598E+02
  0.1048162483788E+02
  0.2671204888053E+02
  0.2442033466043E+02
  0.0000000000000E+00
  0.0000000000000E+00
  0.0000000000000E+00
  0.1746578647868E+02
  0.2232340867070E+02
  0.2121941728618E+02
  0.1916909207015E+02
  0.2059328324366E+02
  0.2106960334006E+02
  0.2088639138967E+02
  0.1825945051993E+02
  0.1349327406266E+02
  0.0000000000000E+00
  0.1789346760877E+02
  0.2109312071434E+02
  0.2055600186019E+02
  0.2176055347146E+02
  0.2310198721852E+02
  0.2452412584141E+02
  0.2550817740075E+02
  0.2606307858246E+02
  0.2573022993742E+02
  0.2526903445296E+02
  0.2492145775639E+02
  0.2455972921232E+02
  0.2399426357640E+02
  0.2330855320365E+02
  0.2294944649657E+02
  0.2321073388722E+02
  0.2385785633412E+02
  0.2445931930501E+02
  0.2498308307309E+02
  0.2574576722415E+02
  0.2288937986984E+02
  0.2392047494577E+02
  0.2574313958940E+02
  0.0000000000000E+00
  0.0000000000000E+00
  0.0000000000000E+00
  0.2368022413748E+02
  0.2527291757288E+02
  0.1793315970149E+02
  0.2288674016088E+02
  0.1442277344038E+02
  0.1085143316422E+02
  0.1409467225540E+02
  0.1665436994473E+02
  0.2152842408430E+02
  0.0000000000000E+00
  0.1566732415053E+02
  0.2065898694257E+02
  0.2069667343696E+02
  0.2201359703704E+02
  0.2393680811368E+02
  0.2537219379769E+02
  0.2599070802390E+02
  0.2050847838866E+02
  0.2019274110701E+02
  0.1990298933172E+02
  0.1952158381396E+02
  0.1897635960040E+02
  0.1815148780165E+02
  0.1716838802490E+02
  0.1651285486741E+02
  0.1641736468995E+02
  0.1690127338186E+02
  0.1779507589896E+02
  0.1922079970137E+02
  0.2232473611514E+02
  0.2750044169342E+02
  0.1944282863155E+02
  0.1984364806265E+02
  0.0000000000000E+00
  0.0000000000000E+00
  0.0000000000000E+00
  0.2612234852183E+02
  0.2717706650192E+02
  0.2680937714607E+02
  0.2617517267985E+02
  0.2491223879723E+02
  0.2255683432761E+02
  0.2357811949850E+02
  0.2429365475035E+02
  0.2344653829222E+02
  0.1873017622426E+02
  0.2152590190683E+02
  0.1981256047690E+02
  0.1845125392990E+02
  0.1873364395316E+02
  0.2059589553380E+02
  0.2133071802422E+02
  0.2093845474072E+02
  0.2490397138746E+02
  0.2475171234995E+02
  0.2468415234780E+02
  0.2460954811815E+02
  0.2456769609151E+02
  0.2443214372954E+02
  0.2412795450372E+02
  0.2382980381581E+02
  0.2351669831523E+02
  0.2308518123418E+02
  0.2238754149315E+02
  0.2172228298218E+02
  0.2373295881952E+02
  0.2645412305668E+02
  0.2833536350503E+02
  0.1997145703885E+02
  0.0000000000000E+00
  0.0000000000000E+00
  0.0000000000000E+00
  0.2696454397725E+02
  0.2546601540987E+02
  0.2775519200236E+02
  0.0000000000000E+00
  0.2519436682330E+02
  0.2618372220492E+02
  0.2653775967267E+02
  0.2500828543286E+02
  0.2294714242346E+02
  0.2181838109535E+02
  0.2453983772830E+02
  0.2400772287561E+02
  0.2243913197078E+02
  0.2285020998751E+02
  0.2426029769569E+02
  0.2490835553909E+02
  0.2504123642854E+02
  0.2934784831870E+02
  0.2933105790563E+02
  0.2912690862326E+02
  0.2881527103109E+02
  0.2842702454800E+02
  0.2813399506394E+02
  0.2806791529630E+02
  0.2831218456700E+02
  0.2869907485953E+02
  0.2908287181248E+02
  0.2937834230146E+02
  0.2929299025254E+02
  0.2798543975439E+02
  0.2159080795301E+02
  0.2318687297627E+02
  0.2762473612766E+02
  0.1315892173756E+02
  0.1503404221660E+02
  0.2230080839725E+02
  0.2974064151084E+02
  0.2634882929418E+02
  0.2663102113285E+02
  0.0000000000000E+00
  0.2532754024321E+02
  0.2402974934057E+02
  0.2460959847745E+02
  0.2479322563994E+02
  0.2209804664566E+02
  0.2149616612665E+02
  0.2442806187174E+02
  0.2517170531088E+02
  0.2545037599991E+02
  0.2574803102898E+02
  0.2744983348999E+02
  0.2851826879544E+02
  0.2912122642230E+02
  0.2871961919893E+02
  0.2991765974015E+02
  0.3126762861240E+02
  0.3229771718502E+02
  0.3262098721506E+02
  0.3246689648019E+02
  0.3204220213809E+02
  0.3188388053554E+02
  0.3208687950464E+02
  0.3242949478967E+02
  0.3272701696055E+02
  0.3266589991421E+02
  0.3133325978232E+02
  0.2728284293789E+02
  0.1928524788899E+02
  0.1295728579367E+02
  0.2137171411307E+02
  0.2547058245541E+02
  0.2822670954020E+02
  0.3078323224196E+02
  0.3045355388559E+02
  0.0000000000000E+00
  0.2712361238030E+02
  0.2592708882845E+02
  0.2421450884505E+02
  0.2484483952574E+02
  0.2471483202084E+02
  0.2356479299783E+02
  0.2120854777211E+02
  0.2017214307648E+02
  0.2054703481890E+02
  0.2229980390899E+02
  0.2365858819794E+02
  0.2490771379693E+02
  0.2632020125410E+02
  0.2766384557486E+02
  0.2753731330695E+02
  0.2818467243337E+02
  0.2927268532464E+02
  0.3091437623029E+02
  0.3281868541955E+02
  0.3437465627945E+02
  0.3515679823433E+02
  0.3507173966661E+02
  0.3478961166288E+02
  0.3478931761003E+02
  0.3491353139605E+02
  0.3480702540290E+02
  0.3416522246536E+02
  0.3256993132452E+02
  0.3009711962056E+02
  0.2959616861223E+02
  0.3193717669821E+02
  0.3136536282037E+02
  0.3126984585873E+02
  0.3164397342470E+02
  0.3078555263174E+02
  0.0000000000000E+00
  0.2539039155526E+02
  0.2773315922806E+02
  0.2662732544291E+02
  0.2710413574202E+02
  0.2673110051967E+02
  0.2590489793916E+02
  0.2426313020261E+02
  0.2387025412709E+02
  0.2364782745203E+02
  0.2393836514239E+02
  0.2483574090992E+02
  0.2602037433062E+02
  0.2632508811761E+02
  0.2702272224820E+02
  0.3118987066156E+02
  0.3150367975359E+02
  0.3177366171037E+02
  0.3216525201654E+02
  0.3313324675932E+02
  0.3456041663903E+02
  0.3600993173342E+02
  0.3689186846998E+02
  0.3708712677152E+02
  0.3687705718084E+02
  0.3674752254294E+02
  0.3668755533443E+02
  0.3655048682094E+02
  0.3644451637870E+02
  0.3636469058505E+02
  0.3576985015976E+02
  0.3506214990658E+02
  0.3415728861399E+02
  0.3499543710289E+02
  0.3603464188210E+02
  0.3468966747697E+02
  0.2385828039301E+02
  0.3355695004609E+02
  0.3120896650569E+02
  0.3041868247623E+02
  0.2979706934636E+02
  0.2929627999312E+02
  0.2892307808712E+02
  0.2877635358880E+02
  0.2889066963805E+02
  0.2905956774432E+02
  0.2946521759027E+02
  0.3001654262743E+02
  0.3034971254624E+02
  0.3050332276410E+02
  0.3087033192087E+02
  0.3422683819083E+02
  0.3444360758151E+02
  0.3473463257802E+02
  0.3516132314664E+02
  0.3575137012575E+02
  0.3644315979656E+02
  0.3714978925387E+02
  0.3790592062533E+02
  0.3853053007148E+02
  0.3867636666190E+02
  0.3853441479055E+02
  0.3845135233765E+02
  0.3847632616944E+02
  0.3839355573826E+02
  0.3798604112770E+02
  0.3750516888369E+02
  0.3694484380533E+02
  0.3701692594242E+02
  0.3800845511741E+02
  0.3867602504438E+02
  0.3916355569499E+02
  0.3385704604322E+02
  0.3413801629601E+02
  0.3287026017228E+02
  0.3209856982472E+02
  0.3160246436069E+02
  0.3148746615873E+02
  0.3143115195901E+02
  0.3155393686962E+02
  0.3176106269904E+02
  0.3206682847492E+02
  0.3252787449994E+02
  0.3304412040335E+02
  0.3339846876329E+02
  0.3373054587593E+02
  0.3401774888974E+02
  0.3629883377095E+02
  0.3646040210144E+02
  0.3668921577926E+02
  0.3707001610928E+02
  0.3750360170544E+02
  0.3795958525666E+02
  0.3845200768179E+02
  0.3900241717460E+02
  0.3949401465905E+02
  0.3972324523632E+02
  0.3969114214307E+02
  0.3957474555372E+02
  0.3957020167988E+02
  0.3931839030603E+02
  0.3856018818852E+02
  0.3779357638720E+02
  0.3762963784481E+02
  0.3881781914637E+02
  0.3999184368185E+02
  0.4098987977659E+02
  0.4116614058461E+02
  0.2108768619831E+02
  0.2795262999742E+02
  0.3100709178977E+02
  0.3202572727009E+02
  0.3232519126133E+02
  0.3264692236321E+02
  0.3290745701457E+02
  0.3328773653799E+02
  0.3364745834110E+02
  0.3401806005359E+02
  0.3449044256641E+02
  0.3500066361294E+02
  0.3542273656983E+02
  0.3582127511725E+02
  0.3610558659731E+02
  0.3577785587444E+02
  0.3603509599947E+02
  0.3637128171333E+02
  0.3688337651807E+02
  0.3735028460617E+02
  0.3774365417365E+02
  0.3807044528505E+02
  0.3829100839904E+02
  0.3831805751637E+02
  0.3795776315017E+02
  0.3671551151390E+02
  0.3428509518025E+02
  0.3136211566295E+02
  0.3134018787038E+02
  0.3380996018107E+02
  0.3520571944768E+02
  0.3744000881871E+02
  0.4011965868430E+02
  0.4361125842736E+02
  0.4553505064499E+02
  0.4544916204059E+02
  0.5245874134472E+02
  0.4677537554475E+02
  0.3787706428223E+02
  0.3310188702729E+02
  0.3223403954267E+02
  0.3170315238173E+02
  0.3114785164226E+02
  0.3121978013750E+02
  0.3199560743098E+02
  0.3289548480621E+02
  0.3375373963872E+02
  0.3445172565822E+02
  0.3503567586486E+02
  0.3544315267764E+02
  0.3562244754573E+02
  0.3539988171573E+02
  0.3481384177404E+02
  0.3434791436102E+02
  0.3483714529442E+02
  0.3519992062690E+02
  0.3532958792472E+02
  0.3531556508268E+02
  0.3502199070777E+02
  0.3431346914730E+02
  0.3451022319932E+02
  0.3632577809187E+02
  0.3863487343484E+02
  0.4001809345957E+02
  0.4064233769864E+02
  0.4278466519876E+02
  0.4508710341614E+02
  0.4579001260103E+02
  0.4621583669596E+02
  0.0000000000000E+00
  0.0000000000000E+00
  0.0000000000000E+00
  0.4817426781447E+02
  0.6161993410840E+02
  0.5405758139285E+02
  0.4501897171850E+02
  0.3998593760607E+02
  0.3797250177156E+02
  0.3680242220711E+02
  0.3626981500592E+02
  0.3563998571230E+02
  0.3508969499306E+02
  0.3488137364022E+02
  0.3517056938089E+02
  0.3572005450668E+02
  0.3609708631958E+02
  0.3597438895617E+02
  0.3977213664881E+02
  0.4050795693395E+02
  0.4092677602071E+02
  0.4092045630739E+02
  0.4096793717664E+02
  0.4123660926717E+02
  0.4161680911590E+02
  0.4190879112589E+02
  0.4215937476567E+02
  0.4198179343391E+02
  0.4114232560736E+02
  0.3967391352245E+02
  0.3764893651230E+02
  0.3578993610885E+02
  0.3753859746095E+02
  0.4276429617735E+02
  0.4799301456166E+02
  0.4853483208960E+02
  0.0000000000000E+00
  0.0000000000000E+00
  0.0000000000000E+00
  0.4428068317188E+02
  0.6026719800850E+02
  0.5906192336680E+02
  0.5430076076659E+02
  0.4926595268864E+02
  0.4453570331627E+02
  0.4035404030573E+02
  0.3715504910018E+02
  0.3620534545264E+02
  0.3587577534946E+02
  0.3706277206388E+02
  0.3693376659727E+02
  0.3718582549975E+02
  0.3786059257957E+02
  0.3878927818653E+02
  0.3476486855861E+02
  0.3465182532965E+02
  0.3435192940670E+02
  0.3653689805422E+02
  0.3733243124222E+02
  0.3777451176606E+02
  0.3814613789132E+02
  0.3852723077654E+02
  0.3879902967602E+02
  0.3874738298542E+02
  0.3822464883291E+02
  0.3715418204373E+02
  0.3528448572376E+02
  0.3283938277856E+02
  0.3282947743829E+02
  0.3987928089778E+02
  0.4734043841061E+02
  0.5718347459508E+02
  0.0000000000000E+00
  0.0000000000000E+00
  0.0000000000000E+00
  0.3993851470905E+02
  0.4999129907896E+02
  0.4980978670490E+02
  0.5037235858460E+02
  0.5022630540377E+02
  0.4855814142920E+02
  0.4699173698929E+02
  0.4509783464508E+02
  0.4291258479695E+02
  0.4083249289629E+02
  0.3907261757141E+02
  0.3765027295747E+02
  0.3645471610278E+02
  0.3549100652206E+02
  0.3496429790888E+02
  0.3992611843991E+02
  0.3953618425692E+02
  0.3904901194569E+02
  0.3837842071313E+02
  0.3775641738608E+02
  0.3733181631822E+02
  0.3720429669180E+02
  0.3744985785177E+02
  0.3799147858269E+02
  0.3831857675051E+02
  0.3843258142838E+02
  0.3803050707642E+02
  0.3715246616742E+02
  0.3563902302363E+02
  0.3399036100027E+02
  0.3783800369606E+02
  0.4504700248320E+02
  0.6433875071181E+02
  0.5618790822814E+02
  0.4842816641442E+02
  0.3859909988858E+02
  0.3500273457927E+02
  0.3182917874487E+02
  0.3271327037197E+02
  0.3601118290931E+02
  0.3781698140437E+02
  0.4122442666311E+02
  0.4357734607443E+02
  0.4375868805848E+02
  0.4426324093039E+02
  0.4411120252861E+02
  0.4350003385092E+02
  0.4279106320302E+02
  0.4211691800834E+02
  0.4030686885414E+02
  0.4000629835358E+02
  0.4391319202765E+02
  0.4241926416967E+02
  0.4266059814404E+02
  0.4285795745206E+02
  0.4284066173210E+02
  0.4275173285769E+02
  0.4287942349790E+02
  0.4318877026771E+02
  0.4378782489432E+02
  0.4237492917656E+02
  0.4281546339110E+02
  0.4326655081127E+02
  0.4347756415260E+02
  0.4336732789168E+02
  0.4226734351987E+02
  0.4147646507004E+02
  0.4440807395134E+02
  0.4965360397768E+02
  0.4880654354449E+02
  0.4475053152360E+02
  0.3886157897931E+02
  0.3296102575094E+02
  0.2954244792498E+02
  0.2889696606474E+02
  0.2834727797003E+02
  0.2886420829873E+02
  0.3149864577607E+02
  0.3427143421647E+02
  0.3700634913427E+02
  0.3887124715558E+02
  0.4005395499171E+02
  0.4050330488426E+02
  0.4065590085364E+02
  0.4212199730711E+02
  0.4298037470496E+02
  0.4342568437406E+02
  0.3998555466367E+02
  0.4114779308559E+02
  0.4181061134284E+02
  0.4222699381474E+02
  0.4222826174656E+02
  0.4220385835299E+02
  0.4249985319427E+02
  0.4254155666493E+02
  0.4190307609765E+02
  0.4173320869701E+02
  0.4264805027903E+02
  0.4342755537579E+02
  0.4393686899074E+02
  0.4405774491278E+02
  0.4360215790720E+02
  0.4186948610730E+02
  0.4258353516885E+02
  0.4651927237946E+02
  0.4615145316758E+02
  0.4449390676629E+02
  0.3920805954444E+02
  0.3744015751709E+02
  0.3479344354448E+02
  0.3258600550388E+02
  0.3047391056481E+02
  0.2872361589292E+02
  0.2790513331980E+02
  0.2887691818783E+02
  0.3103005873941E+02
  0.3310493409784E+02
  0.3497439435330E+02
  0.3663327681988E+02
  0.3753812776464E+02
  0.3856305118819E+02
  0.3962954505149E+02
  0.3922836794290E+02
  0.3110063300014E+02
  0.3110715211768E+02
  0.3101916751814E+02
  0.3090313136024E+02
  0.3029509567868E+02
  0.3014136617884E+02
  0.3008384051197E+02
  0.3010624993649E+02
  0.3017810890518E+02
  0.3035396768971E+02
  0.3064543447804E+02
  0.3074649137674E+02
  0.3047685523345E+02
  0.3061026284050E+02
  0.3068272545571E+02
  0.3061293587023E+02
  0.3062156112918E+02
  0.3069152001443E+02
  0.3087983427680E+02
  0.3115093540240E+02
  0.3142411509923E+02
  0.3150873487035E+02
  0.3139693217370E+02
  0.3128777796295E+02
  0.3118079205472E+02
  0.3117466532247E+02
  0.3143727694155E+02
  0.3146403756123E+02
  0.3131706436881E+02
  0.3109449969696E+02
  0.3083373814394E+02
  0.3062325836398E+02
  0.3057463392985E+02
  0.3065725803774E+02
  0.3084091155725E+02
  0.3100366489877E+02
  0.2567528713206E+02
  0.2539208473051E+02
  0.2520324674325E+02
  0.2293162450201E+02
  0.2262837396590E+02
  0.2271160630786E+02
  0.2318794225574E+02
  0.2811999832334E+02
  0.3027147357886E+02
  0.3267834871507E+02
  0.3505366841865E+02
  0.3364595664772E+02
  0.4104292869013E+02
  0.4077022208417E+02
  0.4070787555405E+02
  0.4085439023643E+02
  0.4126221532454E+02
  0.2960275620674E+02
  0.2781462308211E+02
  0.2581704956627E+02
  0.2521326085843E+02
  0.2282646763221E+02
  0.1361960407420E+02
  0.1317604307664E+02
  0.1333364007339E+02
  0.1401772783613E+02
  0.1501155593608E+02
  0.1555635744218E+02
  0.1601378433201E+02
  0.1598790236344E+02
  0.1570247400869E+02
  0.1576383282562E+02
  0.1564786085061E+02
  0.1559124988159E+02
  0.1561900865379E+02
  0.2567668190708E+02
  0.3100559951415E+03
  0.9433820926597E+02
  0.9287217905606E+02
  0.9165031272151E+02
  0.9149073200246E+02
  0.3100559951415E+03
  0.9075355323862E+02
  0.9106693588037E+02
  0.9277003480203E+02
  0.9487870414483E+02
  0.9301679854245E+02
  0.9301679854245E+02
  0.3100559951415E+03
  0.3100559951415E+03
  0.3100559951415E+03
  0.3100559951415E+03
  0.3100559951415E+03
  0.3100559951415E+03
  0.3100559951415E+03
  0.3100559951415E+03
  0.3100559951415E+03
  0.3100559951415E+03
  0.3100559951415E+03
  0.3100559951415E+03
  0.3100559951415E+03
  0.3100559951415E+03
  0.3100559951415E+03
  0.3100559951415E+03
  0.3100559951415E+03
  0.3100559951415E+03
  0.3100559951415E+03
  0.9301679854245E+02
  0.9301679854245E+02
  0.9301679854245E+02
  0.9301679854245E+02
  0.9301679854245E+02
  0.9041207423993E+02
  0.3013735807998E+03
  0.3013735807998E+03
  0.3013735807998E+03
  0.9041207423993E+02
  0.9041207423993E+02
  0.9041207423993E+02
  0.9041207423993E+02
  0.9041207423993E+02
  0.3013735807998E+03
  0.9041207423993E+02
  0.9041207423993E+02
  0.9041207423993E+02
  0.9041207423993E+02
  0.9041207423993E+02
  0.3013735807998E+03
  0.3013735807998E+03
  0.3013735807998E+03
  0.3013735807998E+03
  0.3013735807998E+03
  0.3013735807998E+03
  0.3013735807998E+03
  0.3013735807998E+03
  0.3013735807998E+03
  0.3013735807998E+03
  0.3013735807998E+03
  0.3013735807998E+03
  0.3013735807998E+03
  0.3013735807998E+03
  0.3013735807998E+03
  0.3013735807998E+03
  0.3013735807998E+03
  0.9041207423993E+02
  0.9041207423993E+02
  0.9041207423993E+02
  0.9041207423993E+02
  0.9135312412029E+02
  0.9135312412029E+02
  0.9135312412029E+02
  0.9135312412029E+02
  0.9135312412029E+02
  0.9135312412029E+02
  0.9135312412029E+02
  0.9135312412029E+02
  0.9135312412029E+02
  0.9135312412029E+02
  0.3045104137343E+03
  0.9135312412029E+02
  0.9135312412029E+02
  0.9135312412029E+02
  0.9135312412029E+02
  0.3045104137343E+03
  0.3045104137343E+03
  0.3045104137343E+03
  0.3045104137343E+03
  0.3045104137343E+03
  0.3045104137343E+03
  0.3045104137343E+03
  0.3045104137343E+03
  0.3045104137343E+03
  0.3045104137343E+03
  0.3045104137343E+03
  0.3045104137343E+03
  0.3045104137343E+03
  0.3045104137343E+03
  0.3045104137343E+03
  0.3045104137343E+03
  0.3045104137343E+03
  0.9135312412029E+02
  0.9135312412029E+02
  0.9135312412029E+02
  0.9135312412029E+02
  0.9457819405734E+02
  0.9457819405734E+02
  0.9457819405734E+02
  0.9457819405734E+02
  0.9457819405734E+02
  0.9457819405734E+02
  0.9457819405734E+02
  0.9457819405734E+02
  0.9457819405734E+02
  0.9457819405734E+02
  0.9457819405734E+02
  0.9457819405734E+02
  0.3152606468578E+03
  0.3152606468578E+03
  0.3152606468578E+03
  0.3152606468578E+03
  0.3152606468578E+03
  0.3152606468578E+03
  0.3152606468578E+03
  0.3152606468578E+03
  0.3152606468578E+03
  0.3152606468578E+03
  0.3152606468578E+03
  0.3152606468578E+03
  0.3152606468578E+03
  0.3152606468578E+03
  0.3152606468578E+03
  0.3152606468578E+03
  0.3152606468578E+03
  0.3152606468578E+03
  0.3152606468578E+03
  0.3152606468578E+03
  0.9457819405734E+02
  0.9457819405734E+02
  0.9457819405734E+02
  0.9457819405734E+02
  0.9801825759687E+02
  0.9801825759687E+02
  0.9801825759687E+02
  0.9801825759687E+02
  0.9801825759687E+02
  0.9801825759687E+02
  0.9801825759687E+02
  0.9801825759687E+02
  0.9801825759687E+02
  0.9801825759687E+02
  0.9801825759687E+02
  0.9801825759687E+02
  0.3267275253229E+03
  0.3267275253229E+03
  0.3267275253229E+03
  0.3267275253229E+03
  0.3267275253229E+03
  0.3267275253229E+03
  0.3267275253229E+03
  0.3267275253229E+03
  0.3267275253229E+03
  0.9801825759687E+02
  0.9801825759687E+02
  0.3267275253229E+03
  0.3267275253229E+03
  0.3267275253229E+03
  0.3267275253229E+03
  0.3267275253229E+03
  0.3267275253229E+03
  0.3267275253229E+03
  0.3267275253229E+03
  0.3267275253229E+03
  0.9801825759687E+02
  0.9801825759687E+02
  0.9801825759687E+02
  0.9801825759687E+02
  0.1023943205395E+03
  0.1023943205395E+03
  0.1023943205395E+03
  0.1023943205395E+03
  0.1023943205395E+03
  0.1023943205395E+03
  0.1023943205395E+03
  0.1023943205395E+03
  0.1023943205395E+03
  0.1023943205395E+03
  0.1023943205395E+03
  0.1023943205395E+03
  0.1023943205395E+03
  0.3413144017984E+03
  0.3413144017984E+03
  0.3413144017984E+03
  0.3413144017984E+03
  0.3413144017984E+03
  0.3413144017984E+03
  0.3413144017984E+03
  0.1023943205395E+03
  0.1023943205395E+03
  0.1023943205395E+03
  0.3413144017984E+03
  0.3413144017984E+03
  0.3413144017984E+03
  0.3413144017984E+03
  0.1023943205395E+03
  0.1023943205395E+03
  0.3413144017984E+03
  0.3413144017984E+03
  0.3413144017984E+03
  0.1023943205395E+03
  0.1023943205395E+03
  0.1023943205395E+03
  0.1023943205395E+03
  0.1066951251672E+03
  0.1066951251672E+03
  0.1066951251672E+03
  0.1066951251672E+03
  0.1066951251672E+03
  0.1066951251672E+03
  0.1066951251672E+03
  0.1066951251672E+03
  0.1066951251672E+03
  0.1066951251672E+03
  0.1066951251672E+03
  0.1066951251672E+03
  0.1066951251672E+03
  0.3556504172239E+03
  0.3556504172239E+03
  0.3556504172239E+03
  0.3556504172239E+03
  0.3556504172239E+03
  0.3556504172239E+03
  0.1066951251672E+03
  0.1066951251672E+03
  0.1066951251672E+03
  0.1066951251672E+03
  0.3556504172239E+03
  0.3556504172239E+03
  0.3556504172239E+03
  0.1066951251672E+03
  0.1066951251672E+03
  0.1066951251672E+03
  0.3556504172239E+03
  0.3556504172239E+03
  0.3556504172239E+03
  0.1066951251672E+03
  0.1066951251672E+03
  0.1066951251672E+03
  0.1066951251672E+03
  0.1104322634548E+03
  0.1104322634548E+03
  0.1104322634548E+03
  0.1104322634548E+03
  0.1104322634548E+03
  0.1104322634548E+03
  0.1104322634548E+03
  0.1104322634548E+03
  0.1104322634548E+03
  0.1104322634548E+03
  0.1104322634548E+03
  0.1104322634548E+03
  0.1104322634548E+03
  0.1104322634548E+03
  0.1104322634548E+03
  0.3681075448494E+03
  0.3681075448494E+03
  0.1104322634548E+03
  0.1104322634548E+03
  0.1104322634548E+03
  0.1104322634548E+03
  0.1104322634548E+03
  0.1104322634548E+03
  0.1104322634548E+03
  0.1104322634548E+03
  0.1104322634548E+03
  0.1104322634548E+03
  0.1104322634548E+03
  0.1104322634548E+03
  0.3681075448494E+03
  0.3681075448494E+03
  0.3681075448494E+03
  0.1104322634548E+03
  0.1104322634548E+03
  0.1104322634548E+03
  0.1104322634548E+03
  0.1134355007604E+03
  0.1134355007604E+03
  0.1134355007604E+03
  0.1134355007604E+03
  0.1134355007604E+03
  0.1134355007604E+03
  0.1134355007604E+03
  0.1134355007604E+03
  0.1134355007604E+03
  0.1134355007604E+03
  0.1134355007604E+03
  0.1134355007604E+03
  0.1134355007604E+03
  0.1134355007604E+03
  0.1134355007604E+03
  0.3781183358681E+03
  0.3781183358681E+03
  0.1134355007604E+03
  0.1134355007604E+03
  0.1134355007604E+03
  0.1134355007604E+03
  0.1134355007604E+03
  0.1134355007604E+03
  0.1134355007604E+03
  0.1134355007604E+03
  0.1134355007604E+03
  0.1134355007604E+03
  0.1134355007604E+03
  0.1134355007604E+03
  0.3781183358681E+03
  0.3781183358681E+03
  0.3781183358681E+03
  0.1134355007604E+03
  0.1134355007604E+03
  0.1134355007604E+03
  0.1134355007604E+03
  0.1144324565225E+03
  0.1144324565225E+03
  0.1144324565225E+03
  0.1144324565225E+03
  0.1144324565225E+03
  0.1144324565225E+03
  0.1144324565225E+03
  0.1144324565225E+03
  0.1144324565225E+03
  0.1144324565225E+03
  0.1144324565225E+03
  0.1144324565225E+03
  0.1144324565225E+03
  0.1144324565225E+03
  0.1144324565225E+03
  0.1144324565225E+03
  0.3814415217416E+03
  0.1144324565225E+03
  0.1144324565225E+03
  0.3814415217416E+03
  0.1144324565225E+03
  0.1144324565225E+03
  0.1144324565225E+03
  0.1144324565225E+03
  0.1144324565225E+03
  0.1144324565225E+03
  0.1144324565225E+03
  0.1144324565225E+03
  0.1144324565225E+03
  0.3814415217416E+03
  0.3814415217416E+03
  0.3814415217416E+03
  0.1144324565225E+03
  0.1144324565225E+03
  0.1144324565225E+03
  0.1144324565225E+03
  0.1149002077831E+03
  0.1149002077831E+03
  0.1149002077831E+03
  0.1149002077831E+03
  0.1149002077831E+03
  0.1149002077831E+03
  0.1149002077831E+03
  0.1149002077831E+03
  0.1149002077831E+03
  0.1149002077831E+03
  0.1149002077831E+03
  0.1149002077831E+03
  0.1149002077831E+03
  0.3830006926104E+03
  0.1149002077831E+03
  0.1149002077831E+03
  0.3830006926104E+03
  0.3830006926104E+03
  0.1149002077831E+03
  0.1149002077831E+03
  0.1149002077831E+03
  0.1149002077831E+03
  0.1149002077831E+03
  0.1149002077831E+03
  0.1149002077831E+03
  0.1149002077831E+03
  0.1149002077831E+03
  0.1149002077831E+03
  0.1149002077831E+03
  0.1149002077831E+03
  0.3830006926104E+03
  0.3830006926104E+03
  0.1149002077831E+03
  0.1149002077831E+03
  0.1149002077831E+03
  0.1149002077831E+03
  0.1137045302193E+03
  0.1137045302193E+03
  0.1137045302193E+03
  0.1137045302193E+03
  0.1137045302193E+03
  0.1137045302193E+03
  0.1137045302193E+03
  0.1137045302193E+03
  0.1137045302193E+03
  0.1137045302193E+03
  0.1137045302193E+03
  0.1137045302193E+03
  0.1137045302193E+03
  0.1137045302193E+03
  0.1137045302193E+03
  0.1137045302193E+03
  0.3790151007312E+03
  0.3790151007312E+03
  0.1137045302193E+03
  0.1137045302193E+03
  0.1137045302193E+03
  0.1137045302193E+03
  0.1137045302193E+03
  0.1137045302193E+03
  0.3790151007312E+03
  0.1137045302193E+03
  0.1137045302193E+03
  0.1137045302193E+03
  0.1137045302193E+03
  0.1137045302193E+03
  0.3790151007312E+03
  0.3790151007312E+03
  0.1137045302193E+03
  0.1137045302193E+03
  0.1137045302193E+03
  0.1137045302193E+03
  0.1108545862659E+03
  0.1108545862659E+03
  0.1108545862659E+03
  0.1108545862659E+03
  0.1108545862659E+03
  0.1108545862659E+03
  0.1108545862659E+03
  0.1108545862659E+03
  0.1108545862659E+03
  0.1108545862659E+03
  0.1108545862659E+03
  0.1108545862659E+03
  0.1108545862659E+03
  0.1108545862659E+03
  0.1108545862659E+03
  0.1108545862659E+03
  0.3695152875531E+03
  0.3695152875531E+03
  0.1108545862659E+03
  0.1108545862659E+03
  0.1108545862659E+03
  0.1108545862659E+03
  0.1108545862659E+03
  0.1108545862659E+03
  0.3695152875531E+03
  0.3695152875531E+03
  0.3695152875531E+03
  0.1108545862659E+03
  0.1108545862659E+03
  0.1108545862659E+03
  0.3695152875531E+03
  0.3695152875531E+03
  0.1108545862659E+03
  0.1108545862659E+03
  0.1108545862659E+03
  0.1108545862659E+03
  0.1066251626843E+03
  0.1066251626843E+03
  0.1066251626843E+03
  0.1066251626843E+03
  0.1066251626843E+03
  0.1066251626843E+03
  0.1066251626843E+03
  0.1066251626843E+03
  0.1066251626843E+03
  0.1066251626843E+03
  0.1066251626843E+03
  0.1066251626843E+03
  0.1066251626843E+03
  0.1066251626843E+03
  0.1066251626843E+03
  0.1066251626843E+03
  0.3554172089476E+03
  0.3554172089476E+03
  0.3554172089476E+03
  0.1066251626843E+03
  0.1066251626843E+03
  0.1066251626843E+03
  0.1066251626843E+03
  0.1066251626843E+03
  0.1066251626843E+03
  0.3554172089476E+03
  0.3554172089476E+03
  0.3554172089476E+03
  0.1066251626843E+03
  0.1066251626843E+03
  0.3554172089476E+03
  0.3554172089476E+03
  0.1066251626843E+03
  0.1066251626843E+03
  0.1066251626843E+03
  0.1066251626843E+03
  0.1026438841580E+03
  0.1026438841580E+03
  0.1026438841580E+03
  0.1026438841580E+03
  0.1026438841580E+03
  0.1026438841580E+03
  0.1026438841580E+03
  0.1026438841580E+03
  0.1026438841580E+03
  0.1026438841580E+03
  0.1026438841580E+03
  0.1026438841580E+03
  0.1026438841580E+03
  0.1026438841580E+03
  0.1026438841580E+03
  0.1026438841580E+03
  0.3421462805266E+03
  0.3421462805266E+03
  0.3421462805266E+03
  0.1026438841580E+03
  0.1026438841580E+03
  0.1026438841580E+03
  0.1026438841580E+03
  0.1026438841580E+03
  0.1026438841580E+03
  0.1026438841580E+03
  0.3421462805266E+03
  0.3421462805266E+03
  0.1026438841580E+03
  0.1026438841580E+03
  0.3421462805266E+03
  0.1026438841580E+03
  0.1026438841580E+03
  0.1026438841580E+03
  0.1026438841580E+03
  0.1026438841580E+03
  0.1000773113500E+03
  0.1000773113500E+03
  0.1000773113500E+03
  0.1000773113500E+03
  0.1000773113500E+03
  0.1000773113500E+03
  0.1000773113500E+03
  0.1000773113500E+03
  0.1000773113500E+03
  0.1000773113500E+03
  0.1000773113500E+03
  0.1000773113500E+03
  0.1000773113500E+03
  0.1000773113500E+03
  0.1000773113500E+03
  0.1000773113500E+03
  0.3335910378334E+03
  0.3335910378334E+03
  0.3335910378334E+03
  0.1000773113500E+03
  0.1000773113500E+03
  0.1000773113500E+03
  0.1000773113500E+03
  0.1000773113500E+03
  0.1000773113500E+03
  0.1000773113500E+03
  0.1000773113500E+03
  0.3335910378334E+03
  0.1000773113500E+03
  0.1000773113500E+03
  0.1000773113500E+03
  0.1000773113500E+03
  0.1000773113500E+03
  0.1000773113500E+03
  0.1000773113500E+03
  0.1000773113500E+03
  0.9936083270009E+02
  0.9936083270009E+02
  0.9936083270009E+02
  0.9936083270009E+02
  0.9936083270009E+02
  0.9936083270009E+02
  0.9936083270009E+02
  0.9936083270009E+02
  0.9936083270009E+02
  0.9936083270009E+02
  0.9936083270009E+02
  0.9936083270009E+02
  0.9936083270009E+02
  0.9936083270009E+02
  0.9936083270009E+02
  0.9936083270009E+02
  0.3312027756670E+03
  0.3312027756670E+03
  0.3312027756670E+03
  0.9936083270009E+02
  0.9936083270009E+02
  0.9936083270009E+02
  0.9936083270009E+02
  0.9936083270009E+02
  0.9936083270009E+02
  0.9936083270009E+02
  0.9936083270009E+02
  0.3312027756670E+03
  0.3312027756670E+03
  0.9936083270009E+02
  0.9936083270009E+02
  0.9936083270009E+02
  0.9936083270009E+02
  0.9936083270009E+02
  0.9936083270009E+02
  0.9936083270009E+02
  0.9764126942111E+02
  0.9764126942111E+02
  0.9764126942111E+02
  0.9764126942111E+02
  0.9764126942111E+02
  0.9764126942111E+02
  0.9764126942111E+02
  0.9764126942111E+02
  0.9764126942111E+02
  0.9764126942111E+02
  0.9764126942111E+02
  0.9764126942111E+02
  0.9764126942111E+02
  0.9764126942111E+02
  0.9764126942111E+02
  0.9764126942111E+02
  0.3254708980704E+03
  0.3254708980704E+03
  0.3254708980704E+03
  0.9764126942111E+02
  0.9764126942111E+02
  0.9764126942111E+02
  0.9764126942111E+02
  0.9764126942111E+02
  0.9764126942111E+02
  0.9764126942111E+02
  0.9764126942111E+02
  0.9764126942111E+02
  0.3254708980704E+03
  0.9764126942111E+02
  0.9764126942111E+02
  0.9764126942111E+02
  0.9764126942111E+02
  0.9764126942111E+02
  0.9764126942111E+02
  0.9764126942111E+02
  0.9450731851923E+02
  0.9450731851923E+02
  0.9450731851923E+02
  0.9450731851923E+02
  0.9450731851923E+02
  0.9450731851923E+02
  0.9450731851923E+02
  0.9450731851923E+02
  0.9450731851923E+02
  0.9450731851923E+02
  0.9450731851923E+02
  0.9450731851923E+02
  0.9450731851923E+02
  0.9450731851923E+02
  0.9450731851923E+02
  0.9450731851923E+02
  0.3150243950641E+03
  0.3150243950641E+03
  0.3150243950641E+03
  0.9450731851923E+02
  0.9450731851923E+02
  0.9450731851923E+02
  0.9450731851923E+02
  0.9450731851923E+02
  0.9450731851923E+02
  0.9450731851923E+02
  0.9450731851923E+02
  0.9450731851923E+02
  0.3150243950641E+03
  0.9450731851923E+02
  0.9450731851923E+02
  0.9450731851923E+02
  0.9450731851923E+02
  0.9450731851923E+02
  0.9450731851923E+02
  0.9450731851923E+02
  0.9012437596092E+02
  0.9012437596092E+02
  0.9012437596092E+02
  0.9012437596092E+02
  0.9012437596092E+02
  0.9012437596092E+02
  0.9012437596092E+02
  0.9012437596092E+02
  0.9012437596092E+02
  0.9012437596092E+02
  0.9012437596092E+02
  0.9012437596092E+02
  0.9012437596092E+02
  0.9012437596092E+02
  0.9012437596092E+02
  0.9012437596092E+02
  0.3004145865364E+03
  0.3004145865364E+03
  0.3004145865364E+03
  0.9012437596092E+02
  0.9012437596092E+02
  0.9012437596092E+02
  0.9012437596092E+02
  0.9012437596092E+02
  0.9012437596092E+02
  0.9012437596092E+02
  0.9012437596092E+02
  0.9012437596092E+02
  0.9012437596092E+02
  0.9012437596092E+02
  0.9012437596092E+02
  0.9012437596092E+02
  0.9012437596092E+02
  0.9012437596092E+02
  0.9012437596092E+02
  0.9012437596092E+02
  0.8433933854835E+02
  0.8433933854835E+02
  0.8433933854835E+02
  0.8433933854835E+02
  0.8433933854835E+02
  0.8433933854835E+02
  0.8433933854835E+02
  0.8433933854835E+02
  0.8433933854835E+02
  0.8433933854835E+02
  0.8433933854835E+02
  0.8433933854835E+02
  0.8433933854835E+02
  0.8433933854835E+02
  0.8433933854835E+02
  0.8433933854835E+02
  0.2811311284945E+03
  0.2811311284945E+03
  0.2811311284945E+03
  0.8433933854835E+02
  0.8433933854835E+02
  0.8433933854835E+02
  0.2811311284945E+03
  0.8433933854835E+02
  0.8433933854835E+02
  0.8433933854835E+02
  0.8433933854835E+02
  0.8433933854835E+02
  0.8433933854835E+02
  0.8433933854835E+02
  0.8433933854835E+02
  0.8433933854835E+02
  0.8433933854835E+02
  0.8433933854835E+02
  0.8433933854835E+02
  0.8433933854835E+02
  0.8071997739288E+02
  0.8071997739288E+02
  0.8071997739288E+02
  0.8071997739288E+02
  0.8071997739288E+02
  0.8071997739288E+02
  0.8071997739288E+02
  0.8071997739288E+02
  0.8071997739288E+02
  0.8071997739288E+02
  0.8071997739288E+02
  0.8071997739288E+02
  0.8071997739288E+02
  0.8071997739288E+02
  0.8071997739288E+02
  0.8071997739288E+02
  0.8071997739288E+02
  0.8071997739288E+02
  0.8071997739288E+02
  0.8071997739288E+02
  0.8071997739288E+02
  0.8071997739288E+02
  0.2690665913096E+03
  0.8071997739288E+02
  0.8071997739288E+02
  0.8071997739288E+02
  0.8071997739288E+02
  0.8071997739288E+02
  0.8071997739288E+02
  0.8071997739288E+02
  0.8071997739288E+02
  0.8071997739288E+02
  0.8071997739288E+02
  0.8071997739288E+02
  0.8071997739288E+02
  0.8071997739288E+02
  0.7691683567368E+02
  0.7691683567368E+02
  0.7691683567368E+02
  0.7691683567368E+02
  0.7691683567368E+02
  0.7691683567368E+02
  0.7691683567368E+02
  0.7691683567368E+02
  0.7691683567368E+02
  0.7691683567368E+02
  0.7691683567368E+02
  0.7691683567368E+02
  0.7691683567368E+02
  0.7691683567368E+02
  0.7691683567368E+02
  0.7691683567368E+02
  0.7691683567368E+02
  0.7691683567368E+02
  0.7691683567368E+02
  0.7691683567368E+02
  0.7691683567368E+02
  0.2563894522456E+03
  0.7691683567368E+02
  0.7691683567368E+02
  0.7691683567368E+02
  0.7691683567368E+02
  0.7691683567368E+02
  0.7691683567368E+02
  0.7691683567368E+02
  0.7691683567368E+02
  0.7691683567368E+02
  0.7691683567368E+02
  0.7691683567368E+02
  0.7691683567368E+02
  0.7691683567368E+02
  0.7691683567368E+02
  0.7248178136617E+02
  0.7248178136617E+02
  0.7248178136617E+02
  0.7248178136617E+02
  0.7248178136617E+02
  0.7248178136617E+02
  0.7248178136617E+02
  0.7248178136617E+02
  0.7248178136617E+02
  0.7248178136617E+02
  0.7248178136617E+02
  0.7248178136617E+02
  0.7248178136617E+02
  0.7248178136617E+02
  0.7248178136617E+02
  0.7248178136617E+02
  0.7248178136617E+02
  0.7248178136617E+02
  0.7248178136617E+02
  0.7248178136617E+02
  0.7248178136617E+02
  0.2416059378872E+03
  0.7248178136617E+02
  0.7248178136617E+02
  0.7248178136617E+02
  0.7248178136617E+02
  0.7248178136617E+02
  0.7248178136617E+02
  0.7248178136617E+02
  0.7248178136617E+02
  0.7248178136617E+02
  0.7248178136617E+02
  0.7248178136617E+02
  0.7248178136617E+02
  0.7248178136617E+02
  0.7248178136617E+02
  0.6697513159396E+02
  0.6697513159396E+02
  0.6697513159396E+02
  0.6697513159396E+02
  0.6697513159396E+02
  0.6697513159396E+02
  0.6697513159396E+02
  0.6697513159396E+02
  0.6697513159396E+02
  0.6697513159396E+02
  0.6697513159396E+02
  0.6697513159396E+02
  0.6697513159396E+02
  0.6697513159396E+02
  0.6697513159396E+02
  0.6697513159396E+02
  0.6697513159396E+02
  0.6697513159396E+02
  0.6697513159396E+02
  0.6697513159396E+02
  0.6697513159396E+02
  0.6697513159396E+02
  0.6697513159396E+02
  0.6697513159396E+02
  0.6697513159396E+02
  0.6697513159396E+02
  0.6697513159396E+02
  0.6697513159396E+02
  0.6697513159396E+02
  0.6697513159396E+02
  0.6697513159396E+02
  0.6697513159396E+02
  0.6697513159396E+02
  0.6697513159396E+02
  0.6697513159396E+02
  0.6697513159396E+02
  0.6101300177199E+02
  0.6101300177199E+02
  0.6101300177199E+02
  0.6101300177199E+02
  0.6101300177199E+02
  0.6101300177199E+02
  0.6101300177199E+02
  0.6101300177199E+02
  0.6101300177199E+02
  0.6101300177199E+02
  0.6101300177199E+02
  0.6101300177199E+02
  0.6101300177199E+02
  0.6101300177199E+02
  0.6101300177199E+02
  0.6101300177199E+02
  0.6101300177199E+02
  0.6101300177199E+02
  0.6101300177199E+02
  0.6101300177199E+02
  0.6101300177199E+02
  0.6101300177199E+02
  0.6101300177199E+02
  0.6101300177199E+02
  0.6101300177199E+02
  0.6101300177199E+02
  0.6101300177199E+02
  0.6101300177199E+02
  0.6101300177199E+02
  0.6101300177199E+02
  0.6101300177199E+02
  0.6101300177199E+02
  0.6101300177199E+02
  0.6101300177199E+02
  0.6101300177199E+02
  0.6101300177199E+02
  0.5468524068779E+02
  0.5468524068779E+02
  0.5468524068779E+02
  0.5468524068779E+02
  0.5468524068779E+02
  0.5468524068779E+02
  0.5468524068779E+02
  0.5468524068779E+02
  0.5468524068779E+02
  0.5468524068779E+02
  0.5468524068779E+02
  0.5468524068779E+02
  0.5468524068779E+02
  0.5468524068779E+02
  0.5468524068779E+02
  0.5468524068779E+02
  0.5468524068779E+02
  0.5468524068779E+02
  0.5468524068779E+02
  0.5468524068779E+02
  0.5468524068779E+02
  0.5468524068779E+02
  0.5468524068779E+02
  0.5468524068779E+02
  0.5468524068779E+02
  0.5468524068779E+02
  0.5468524068779E+02
  0.5468524068779E+02
  0.5468524068779E+02
  0.5468524068779E+02
  0.5468524068779E+02
  0.5468524068779E+02
  0.5468524068779E+02
  0.5468524068779E+02
  0.5468524068779E+02
  0.5468524068779E+02
  0.4800919605416E+02
  0.4800919605416E+02
  0.4800919605416E+02
  0.4800919605416E+02
  0.4800919605416E+02
  0.4800919605416E+02
  0.4800919605416E+02
  0.4800919605416E+02
  0.4800919605416E+02
  0.4800919605416E+02
  0.4800919605416E+02
  0.4800919605416E+02
  0.4800919605416E+02
  0.4800919605416E+02
  0.4800919605416E+02
  0.4800919605416E+02
  0.4800919605416E+02
  0.4800919605416E+02
  0.4800919605416E+02
  0.4800919605416E+02
  0.4800919605416E+02
  0.4800919605416E+02
  0.4800919605416E+02
  0.4800919605416E+02
  0.4800919605416E+02
  0.4800919605416E+02
  0.4800919605416E+02
  0.4800919605416E+02
  0.4800919605416E+02
  0.4800919605416E+02
  0.4800919605416E+02
  0.4800919605416E+02
  0.4800919605416E+02
  0.4800919605416E+02
  0.4800919605416E+02
  0.4800919605416E+02
  0.4021148987084E+02
  0.4021148987084E+02
  0.4021148987084E+02
  0.4021148987084E+02
  0.4021148987084E+02
  0.4021148987084E+02
  0.4021148987084E+02
  0.4021148987084E+02
  0.4021148987084E+02
  0.4021148987084E+02
  0.4021148987084E+02
  0.4021148987084E+02
  0.4021148987084E+02
  0.4021148987084E+02
  0.4021148987084E+02
  0.4021148987084E+02
  0.4021148987084E+02
  0.4021148987084E+02
  0.1340382995695E+03
  0.1340382995695E+03
  0.1340382995695E+03
  0.4021148987084E+02
  0.4021148987084E+02
  0.4021148987084E+02
  0.4021148987084E+02
  0.4021148987084E+02
  0.4021148987084E+02
  0.4021148987084E+02
  0.4021148987084E+02
  0.4021148987084E+02
  0.4021148987084E+02
  0.4021148987084E+02
  0.4021148987084E+02
  0.4021148987084E+02
  0.4021148987084E+02
  0.4021148987084E+02
  0.3230434302986E+02
  0.3230434302986E+02
  0.3230434302986E+02
  0.3230434302986E+02
  0.3230434302986E+02
  0.3230434302986E+02
  0.3230434302986E+02
  0.3230434302986E+02
  0.3230434302986E+02
  0.3230434302986E+02
  0.3230434302986E+02
  0.3230434302986E+02
  0.3230434302986E+02
  0.3230434302986E+02
  0.3230434302986E+02
  0.3230434302986E+02
  0.3230434302986E+02
  0.3230434302986E+02
  0.1076811434329E+03
  0.1076811434329E+03
  0.1076811434329E+03
  0.3230434302986E+02
  0.3230434302986E+02
  0.3230434302986E+02
  0.3230434302986E+02
  0.3230434302986E+02
  0.3230434302986E+02
  0.3230434302986E+02
  0.3230434302986E+02
  0.3230434302986E+02
  0.3230434302986E+02
  0.3230434302986E+02
  0.3230434302986E+02
  0.3230434302986E+02
  0.3230434302986E+02
  0.3230434302986E+02
  0.2466270742501E+02
  0.2466270742501E+02
  0.2466270742501E+02
  0.2466270742501E+02
  0.2466270742501E+02
  0.2466270742501E+02
  0.2466270742501E+02
  0.2466270742501E+02
  0.2466270742501E+02
  0.2466270742501E+02
  0.2466270742501E+02
  0.2466270742501E+02
  0.2466270742501E+02
  0.2466270742501E+02
  0.2466270742501E+02
  0.2466270742501E+02
  0.2466270742501E+02
  0.2466270742501E+02
  0.8220902475003E+02
  0.8220902475003E+02
  0.8220902475003E+02
  0.2466270742501E+02
  0.2466270742501E+02
  0.2466270742501E+02
  0.2466270742501E+02
  0.2466270742501E+02
  0.2466270742501E+02
  0.2466270742501E+02
  0.2466270742501E+02
  0.2466270742501E+02
  0.2466270742501E+02
  0.2466270742501E+02
  0.2466270742501E+02
  0.2466270742501E+02
  0.2466270742501E+02
  0.2466270742501E+02
  0.1799293425688E+02
  0.1799293425688E+02
  0.1799293425688E+02
  0.1799293425688E+02
  0.1799293425688E+02
  0.1799293425688E+02
  0.1799293425688E+02
  0.1799293425688E+02
  0.1799293425688E+02
  0.1799293425688E+02
  0.1799293425688E+02
  0.1799293425688E+02
  0.1799293425688E+02
  0.1799293425688E+02
  0.1799293425688E+02
  0.1799293425688E+02
  0.1799293425688E+02
  0.1799293425688E+02
  0.1799293425688E+02
  0.1799293425688E+02
  0.1799293425688E+02
  0.1799293425688E+02
  0.1799293425688E+02
  0.1799293425688E+02
  0.1799293425688E+02
  0.1799293425688E+02
  0.1799293425688E+02
  0.1799293425688E+02
  0.1799293425688E+02
  0.1799293425688E+02
  0.1799293425688E+02
  0.1799293425688E+02
  0.1799293425688E+02
  0.1799293425688E+02
  0.1799293425688E+02
  0.1799293425688E+02
  0.1149551896262E+02
  0.1149551896262E+02
  0.1149551896262E+02
  0.1149551896262E+02
  0.1149551896262E+02
  0.1149551896262E+02
  0.1149551896262E+02
  0.1149551896262E+02
  0.1149551896262E+02
  0.1149551896262E+02
  0.1149551896262E+02
  0.1149551896262E+02
  0.1149551896262E+02
  0.1149551896262E+02
  0.1149551896262E+02
  0.1149551896262E+02
  0.1149551896262E+02
  0.1149551896262E+02
  0.1149551896262E+02
  0.1149551896262E+02
  0.1149551896262E+02
  0.1149551896262E+02
  0.1149551896262E+02
  0.1149551896262E+02
  0.1149551896262E+02
  0.1149551896262E+02
  0.1149551896262E+02
  0.1149551896262E+02
  0.1149551896262E+02
  0.1149551896262E+02
  0.1149551896262E+02
  0.1149551896262E+02
  0.1149551896262E+02
  0.1149551896262E+02
  0.1149551896262E+02
  0.1149551896262E+02
  0.5369904407050E+01
  0.5369904407050E+01
  0.5369904407050E+01
  0.5369904407050E+01
  0.5369904407050E+01
  0.5369904407050E+01
  0.5369904407050E+01
  0.5369904407050E+01
  0.5369904407050E+01
  0.5369904407050E+01
  0.5369904407050E+01
  0.5369904407050E+01
  0.5369904407050E+01
  0.5369904407050E+01
  0.5369904407050E+01
  0.5369904407050E+01
  0.5369904407050E+01
  0.5369904407050E+01
  0.5369904407050E+01
  0.5369904407050E+01
  0.5369904407050E+01
  0.5369904407050E+01
  0.5369904407050E+01
  0.5369904407050E+01
  0.5369904407050E+01
  0.5369904407050E+01
  0.5369904407050E+01
  0.5369904407050E+01
  0.5369904407050E+01
  0.5369904407050E+01
  0.5369904407050E+01
  0.5369904407050E+01
  0.5369904407050E+01
  0.5369904407050E+01
  0.5369904407050E+01
  0.5369904407050E+01
  0.2041437864029E+00
  0.2041437864029E+00
  0.2041437864029E+00
  0.2041437864029E+00
  0.2041437864029E+00
  0.2041437864029E+00
  0.2041437864029E+00
  0.2041437864029E+00
  0.2041437864029E+00
  0.2041437864029E+00
  0.2041437864029E+00
  0.2041437864029E+00
  0.2041437864029E+00
  0.2041437864029E+00
  0.2041437864029E+00
  0.2041437864029E+00
  0.2041437864029E+00
  0.2041437864029E+00
  0.2041437864029E+00
  0.2041437864029E+00
  0.2041437864029E+00
  0.2041437864029E+00
  0.2041437864029E+00
  0.2041437864029E+00
  0.2041437864029E+00
  0.2041437864029E+00
  0.2041437864029E+00
  0.2041437864029E+00
  0.2041437864029E+00
  0.2041437864029E+00
  0.2041437864029E+00
  0.2041437864029E+00
  0.2041437864029E+00
  0.2041437864029E+00
  0.2041437864029E+00
  0.2041437864029E+00
  0.0000000000000E+00
  0.0000000000000E+00
  0.0000000000000E+00
  0.0000000000000E+00
  0.0000000000000E+00
  0.0000000000000E+00
  0.0000000000000E+00
  0.0000000000000E+00
  0.0000000000000E+00
  0.0000000000000E+00
  0.0000000000000E+00
  0.0000000000000E+00
  0.0000000000000E+00
  0.0000000000000E+00
  0.0000000000000E+00
  0.0000000000000E+00
  0.0000000000000E+00
  0.0000000000000E+00
  0.0000000000000E+00
  0.0000000000000E+00
  0.0000000000000E+00
  0.0000000000000E+00
  0.0000000000000E+00
  0.0000000000000E+00
  0.0000000000000E+00
  0.0000000000000E+00
  0.0000000000000E+00
  0.0000000000000E+00
  0.0000000000000E+00
  0.0000000000000E+00
  0.0000000000000E+00
  0.0000000000000E+00
  0.0000000000000E+00
  0.0000000000000E+00
  0.0000000000000E+00
  0.0000000000000E+00
 -0.2243783413040E+03
 -0.2009111481663E+03
 -0.1965507522566E+03
 -0.1939837214459E+03
 -0.1936118665281E+03
 -0.2211636379332E+03
 -0.1925025159538E+03
 -0.1929253022291E+03
 -0.1964990659719E+03
 -0.2022304909555E+03
 -0.2120531169947E+03
 -0.2237396276612E+03
 -0.2370562354266E+03
 -0.2442125784945E+03
 -0.2507555706371E+03
 -0.2567465381968E+03
 -0.2618733967361E+03
 -0.2660343566562E+03
 -0.2692530473004E+03
 -0.2716124415762E+03
 -0.2732105820286E+03
 -0.2741410704476E+03
 -0.2744667383300E+03
 -0.2741982523247E+03
 -0.2732934554959E+03
 -0.2716656304535E+03
 -0.2691868658963E+03
 -0.2656970965533E+03
 -0.2610036590267E+03
 -0.2548806343756E+03
 -0.2470901679499E+03
 -0.2477454693685E+03
 -0.2304149004791E+03
 -0.2194182808911E+03
 -0.2120893206530E+03
 -0.2081167672633E+03
 -0.2070539013587E+03
 -0.2302515371879E+03
 -0.2299304326397E+03
 -0.2286044359913E+03
 -0.2021149990468E+03
 -0.1978407947934E+03
 -0.1972156268830E+03
 -0.1978441039860E+03
 -0.2001714370523E+03
 -0.2282970607953E+03
 -0.2152991712160E+03
 -0.2203071982516E+03
 -0.2289941216591E+03
 -0.2412437306683E+03
 -0.2593108988513E+03
 -0.2526386814586E+03
 -0.2598426911118E+03
 -0.2645023668051E+03
 -0.2674139641404E+03
 -0.2691823959195E+03
 -0.2700703184276E+03
 -0.2704565068494E+03
 -0.2706521685883E+03
 -0.2706812832486E+03
 -0.2704484853461E+03
 -0.2698581851298E+03
 -0.2686440778484E+03
 -0.2666613103451E+03
 -0.2638022235660E+03
 -0.2598045664968E+03
 -0.2542283107329E+03
 -0.2466155211970E+03
 -0.2409308900283E+03
 -0.2236289430323E+03
 -0.2128550417818E+03
 -0.2077954303751E+03
 -0.2050829450439E+03
 -0.2041072169128E+03
 -0.2035689005826E+03
 -0.2047547698850E+03
 -0.2055957882898E+03
 -0.2029325437918E+03
 -0.2019960891550E+03
 -0.2007974093424E+03
 -0.2009329268775E+03
 -0.2027775623126E+03
 -0.2334377258174E+03
 -0.2193074148930E+03
 -0.2343236793011E+03
 -0.2488777453789E+03
 -0.2664948311223E+03
 -0.2551372484416E+03
 -0.2610078087064E+03
 -0.2639312083313E+03
 -0.2653388833581E+03
 -0.2664210955588E+03
 -0.2661943355358E+03
 -0.2656280327767E+03
 -0.2657058098185E+03
 -0.2660068473886E+03
 -0.2661773454340E+03
 -0.2665926668269E+03
 -0.2661026071103E+03
 -0.2647754259331E+03
 -0.2630617834024E+03
 -0.2607699101609E+03
 -0.2569700422396E+03
 -0.2503033916842E+03
 -0.2350841493086E+03
 -0.2202391885537E+03
 -0.2102334860253E+03
 -0.2056027556665E+03
 -0.2021623545585E+03
 -0.2022551014294E+03
 -0.2023572321198E+03
 -0.2024099876138E+03
 -0.2042089542131E+03
 -0.2039415808228E+03
 -0.2027295050961E+03
 -0.2019316560340E+03
 -0.2019828431594E+03
 -0.2034452689595E+03
 -0.2101584490759E+03
 -0.2189326245516E+03
 -0.2415395229031E+03
 -0.2465326344768E+03
 -0.2530866869785E+03
 -0.2594381802517E+03
 -0.2634606962635E+03
 -0.2651022999851E+03
 -0.2652064662688E+03
 -0.2642417627270E+03
 -0.2621359690145E+03
 -0.2602548730209E+03
 -0.2605650112016E+03
 -0.2616789443960E+03
 -0.2630292030109E+03
 -0.2641317547169E+03
 -0.2630523888499E+03
 -0.2623350178425E+03
 -0.2618283110284E+03
 -0.2612285960374E+03
 -0.2587352538652E+03
 -0.2530549562122E+03
 -0.2188768651191E+03
 -0.2119477093078E+03
 -0.2056274316823E+03
 -0.2030668554346E+03
 -0.2011843617871E+03
 -0.2010499967169E+03
 -0.2013241283736E+03
 -0.2012842253145E+03
 -0.2018063271445E+03
 -0.2022464059558E+03
 -0.2023966959513E+03
 -0.2025282311267E+03
 -0.2031287511659E+03
 -0.2042264688967E+03
 -0.2076265646970E+03
 -0.2153974895231E+03
 -0.2439596739106E+03
 -0.2498984710316E+03
 -0.2564463935979E+03
 -0.2617402012332E+03
 -0.2645513557398E+03
 -0.2648825046882E+03
 -0.2639610535628E+03
 -0.2617918692327E+03
 -0.2575918387643E+03
 -0.2560834268715E+03
 -0.2617924869822E+03
 -0.2577929721665E+03
 -0.2611693910200E+03
 -0.2614574670095E+03
 -0.2598810591289E+03
 -0.2587847051075E+03
 -0.2597038140296E+03
 -0.2614758178181E+03
 -0.2606791092251E+03
 -0.2557203446002E+03
 -0.2130902021779E+03
 -0.2083833334523E+03
 -0.2048645630234E+03
 -0.2024756678151E+03
 -0.1996249223679E+03
 -0.1990816650910E+03
 -0.1989665658531E+03
 -0.1988072041699E+03
 -0.1989718005467E+03
 -0.1994737500210E+03
 -0.2000872851130E+03
 -0.2007714592127E+03
 -0.2017515539821E+03
 -0.2028799439911E+03
 -0.2050010283147E+03
 -0.2105718467029E+03
 -0.2175533175480E+03
 -0.2507015866155E+03
 -0.2571912181586E+03
 -0.2621627401026E+03
 -0.2642364890106E+03
 -0.2634216928578E+03
 -0.2621341689678E+03
 -0.2582596423154E+03
 -0.2369693766109E+03
 -0.2369898198180E+03
 -0.2431829759101E+03
 -0.2559557424141E+03
 -0.2589262688431E+03
 -0.2585906669423E+03
 -0.2566573537363E+03
 -0.2451646090674E+03
 -0.2513836636938E+03
 -0.2618899140662E+03
 -0.2624594957660E+03
 -0.2580706743971E+03
 -0.2105829686910E+03
 -0.2072348063976E+03
 -0.2033584668198E+03
 -0.2008589917153E+03
 -0.1965333200824E+03
 -0.1952304773112E+03
 -0.1938677026222E+03
 -0.1928600601048E+03
 -0.1926939397700E+03
 -0.1932239001307E+03
 -0.1942230893378E+03
 -0.1954310495831E+03
 -0.1968043799533E+03
 -0.1980493137920E+03
 -0.2000654028534E+03
 -0.2041697432058E+03
 -0.2119586612492E+03
 -0.2509219855239E+03
 -0.2561584200972E+03
 -0.2618144181503E+03
 -0.2628754815950E+03
 -0.2606628934757E+03
 -0.2590132035940E+03
 -0.2320848496852E+03
 -0.2246248007914E+03
 -0.2238319597878E+03
 -0.2291673884360E+03
 -0.2543220733883E+03
 -0.2562762570247E+03
 -0.2562621149525E+03
 -0.2297892848895E+03
 -0.2310389607426E+03
 -0.2361787448880E+03
 -0.2632902179809E+03
 -0.2643466048860E+03
 -0.2600113201286E+03
 -0.2102898438244E+03
 -0.2050190422947E+03
 -0.2000210192235E+03
 -0.1975933393462E+03
 -0.1908993655729E+03
 -0.1894395211631E+03
 -0.1881931686608E+03
 -0.1875349981081E+03
 -0.1871240313699E+03
 -0.1868179877454E+03
 -0.1865684194410E+03
 -0.1860392893235E+03
 -0.1852106506698E+03
 -0.1856659532943E+03
 -0.1890452658249E+03
 -0.1945971741268E+03
 -0.2058109165195E+03
 -0.2135891055309E+03
 -0.2222996031531E+03
 -0.2603716984703E+03
 -0.2611156632880E+03
 -0.2211895841062E+03
 -0.2225899642784E+03
 -0.2209788541510E+03
 -0.2144375653670E+03
 -0.2121984982756E+03
 -0.2150472981691E+03
 -0.2191326818435E+03
 -0.2217204539473E+03
 -0.2221448380230E+03
 -0.2195737213464E+03
 -0.2187412366409E+03
 -0.2196737191464E+03
 -0.2647595258174E+03
 -0.2657185126047E+03
 -0.2613102048397E+03
 -0.2054210810112E+03
 -0.1988879860766E+03
 -0.1931669224973E+03
 -0.1919255573373E+03
 -0.1926720355367E+03
 -0.1938013150363E+03
 -0.1939112534197E+03
 -0.1938941224477E+03
 -0.1939139458267E+03
 -0.1938747890558E+03
 -0.1935903660377E+03
 -0.1928857122158E+03
 -0.1916614485784E+03
 -0.1899637682930E+03
 -0.1878011976104E+03
 -0.1839225839356E+03
 -0.1980264733448E+03
 -0.2060098333706E+03
 -0.2140822414599E+03
 -0.2597638071359E+03
 -0.2603507334128E+03
 -0.2073417752651E+03
 -0.2118790661729E+03
 -0.2121777832878E+03
 -0.2025333192419E+03
 -0.2003855599694E+03
 -0.1921653590579E+03
 -0.2022879619717E+03
 -0.2024248594802E+03
 -0.2054987297964E+03
 -0.2056910128334E+03
 -0.2040800579820E+03
 -0.2011201324505E+03
 -0.2651099456127E+03
 -0.2660309359487E+03
 -0.2617739730379E+03
 -0.2038090299129E+03
 -0.1932462273649E+03
 -0.1892006227458E+03
 -0.1902725503915E+03
 -0.1981619139554E+03
 -0.1980704768501E+03
 -0.1979409378178E+03
 -0.1978977650916E+03
 -0.1979912198427E+03
 -0.1979686405440E+03
 -0.1977284171327E+03
 -0.1971776823080E+03
 -0.1963091131397E+03
 -0.1952446352322E+03
 -0.1943660419619E+03
 -0.1939756911878E+03
 -0.1989311316752E+03
 -0.2026846120264E+03
 -0.2080892897775E+03
 -0.2197044150769E+03
 -0.2600396212934E+03
 -0.2141230184228E+03
 -0.2081448529512E+03
 -0.2548681239458E+03
 -0.1972738904685E+03
 -0.2016986920552E+03
 -0.2036225277728E+03
 -0.2080859434664E+03
 -0.2093004513768E+03
 -0.2082895568842E+03
 -0.2064000228378E+03
 -0.2066162997691E+03
 -0.2102583413635E+03
 -0.2632306966063E+03
 -0.2651328198124E+03
 -0.2614101336869E+03
 -0.2027572272668E+03
 -0.1996466326601E+03
 -0.1974983978646E+03
 -0.1978128635749E+03
 -0.1998244652616E+03
 -0.1994747057592E+03
 -0.1993499697390E+03
 -0.1992996683270E+03
 -0.1992562389907E+03
 -0.1990277605115E+03
 -0.1985922487628E+03
 -0.1979071788249E+03
 -0.1971623019723E+03
 -0.1967521370550E+03
 -0.1970233815720E+03
 -0.1982731423803E+03
 -0.2012529687671E+03
 -0.2516190479790E+03
 -0.2061836498398E+03
 -0.2155113853720E+03
 -0.2601971374874E+03
 -0.2574088685481E+03
 -0.2064034389729E+03
 -0.2061111888489E+03
 -0.2037305682828E+03
 -0.2042054923996E+03
 -0.2061954260057E+03
 -0.2089704749799E+03
 -0.2115815471860E+03
 -0.2093544775995E+03
 -0.2097473364295E+03
 -0.2095312124296E+03
 -0.2125226696325E+03
 -0.2164266548520E+03
 -0.2631524199630E+03
 -0.2601997667531E+03
 -0.2026253688737E+03
 -0.2025636322432E+03
 -0.2003724058036E+03
 -0.2001140268639E+03
 -0.2003323990427E+03
 -0.1999005064853E+03
 -0.1996225096925E+03
 -0.1993007137123E+03
 -0.1988735151497E+03
 -0.1983309187995E+03
 -0.1977570443069E+03
 -0.1972438415340E+03
 -0.1971349409358E+03
 -0.1976550493739E+03
 -0.1987635312914E+03
 -0.2001178023004E+03
 -0.2017734201140E+03
 -0.2008996768610E+03
 -0.2061683540991E+03
 -0.2116694087111E+03
 -0.2593410887262E+03
 -0.2579597603360E+03
 -0.2074469271131E+03
 -0.2072491065496E+03
 -0.2050256173084E+03
 -0.2047113435920E+03
 -0.2054406774456E+03
 -0.2073227570753E+03
 -0.2562328010411E+03
 -0.2077774447785E+03
 -0.2120555195308E+03
 -0.2102617871732E+03
 -0.2119119281176E+03
 -0.2144186379499E+03
 -0.2614284640938E+03
 -0.2590242745056E+03
 -0.2021904400881E+03
 -0.2035772985474E+03
 -0.2017738397446E+03
 -0.2009580436286E+03
 -0.2000315458981E+03
 -0.1994662245389E+03
 -0.1988890647551E+03
 -0.1981482671461E+03
 -0.1972169713792E+03
 -0.1963577622289E+03
 -0.1958682261735E+03
 -0.1960304510589E+03
 -0.1970691701245E+03
 -0.1984748754449E+03
 -0.1996993477989E+03
 -0.2005983164299E+03
 -0.2015586411616E+03
 -0.2010488989217E+03
 -0.2052292486409E+03
 -0.2104362995129E+03
 -0.2577438852957E+03
 -0.2582665171743E+03
 -0.2091726519676E+03
 -0.2060155370042E+03
 -0.2046032941328E+03
 -0.2038154574904E+03
 -0.2036983599025E+03
 -0.2052729018774E+03
 -0.2567535220336E+03
 -0.2572091070689E+03
 -0.2574491785035E+03
 -0.2097778126282E+03
 -0.2113224743481E+03
 -0.2118316077252E+03
 -0.2600488120771E+03
 -0.2590433814811E+03
 -0.2019304662752E+03
 -0.2038882184643E+03
 -0.2022035183229E+03
 -0.2009235561327E+03
 -0.1989646067217E+03
 -0.1983274292127E+03
 -0.1975418508875E+03
 -0.1964560218378E+03
 -0.1948781849501E+03
 -0.1939177717558E+03
 -0.1940334488829E+03
 -0.1952643675160E+03
 -0.1971109471714E+03
 -0.1986591412971E+03
 -0.1996184342523E+03
 -0.2000053761972E+03
 -0.2002261129484E+03
 -0.1997945002874E+03
 -0.2034594529131E+03
 -0.2088598949924E+03
 -0.2577809196187E+03
 -0.2583855509891E+03
 -0.2576366786114E+03
 -0.2002867296144E+03
 -0.2030208418882E+03
 -0.2022510423510E+03
 -0.2017981914095E+03
 -0.2011984819909E+03
 -0.1864739954945E+03
 -0.2575814749399E+03
 -0.2579995393231E+03
 -0.2579911519981E+03
 -0.2095434388873E+03
 -0.2094043138067E+03
 -0.2590398040303E+03
 -0.2588399596714E+03
 -0.2018275000826E+03
 -0.2033125864919E+03
 -0.2013879064431E+03
 -0.2000012047161E+03
 -0.1976381014764E+03
 -0.1969245275727E+03
 -0.1958029732128E+03
 -0.1938832275289E+03
 -0.1918329082526E+03
 -0.1918060279522E+03
 -0.1934506287782E+03
 -0.1954776476586E+03
 -0.1973723204239E+03
 -0.1986221676190E+03
 -0.1990582682164E+03
 -0.1988683331693E+03
 -0.1984298302412E+03
 -0.1970007763903E+03
 -0.2007848293620E+03
 -0.2053833178011E+03
 -0.2576842840026E+03
 -0.2583368309071E+03
 -0.2578648295795E+03
 -0.1969214977967E+03
 -0.2014474094441E+03
 -0.2013971832382E+03
 -0.1994614114515E+03
 -0.1986057113769E+03
 -0.1852874398709E+03
 -0.1824786512776E+03
 -0.2581724774834E+03
 -0.2584399465008E+03
 -0.2079181165734E+03
 -0.2062095203477E+03
 -0.2587561980207E+03
 -0.2004273233906E+03
 -0.2028693089505E+03
 -0.2020672717140E+03
 -0.2002321921697E+03
 -0.1986448119724E+03
 -0.1990594678353E+03
 -0.1985265508401E+03
 -0.1974728346540E+03
 -0.1961135613074E+03
 -0.1954677560764E+03
 -0.1959799434391E+03
 -0.1972578381302E+03
 -0.1986801478209E+03
 -0.1999717513232E+03
 -0.2010073681557E+03
 -0.2013770973308E+03
 -0.1996673075651E+03
 -0.1963454233485E+03
 -0.1924223473158E+03
 -0.1976230839045E+03
 -0.2002684108807E+03
 -0.2574610736785E+03
 -0.2581465535020E+03
 -0.2578582230145E+03
 -0.1933825528568E+03
 -0.1972566457183E+03
 -0.1978376203889E+03
 -0.1967657860741E+03
 -0.1946253596538E+03
 -0.1830762986759E+03
 -0.1811001503183E+03
 -0.1852511428797E+03
 -0.2585934878138E+03
 -0.2060789401342E+03
 -0.2016462919100E+03
 -0.1967181781135E+03
 -0.2007848123457E+03
 -0.2010732421535E+03
 -0.2010696534148E+03
 -0.2002971633743E+03
 -0.1994473068759E+03
 -0.1984368145365E+03
 -0.1980957529218E+03
 -0.1981208381096E+03
 -0.1984734255159E+03
 -0.1990698771772E+03
 -0.1998582484068E+03
 -0.2006896788462E+03
 -0.2014947998995E+03
 -0.2023865133716E+03
 -0.2027894274650E+03
 -0.2023954809668E+03
 -0.2005215202707E+03
 -0.1945467112485E+03
 -0.1871430671730E+03
 -0.1947876626918E+03
 -0.1960391680995E+03
 -0.2571217439987E+03
 -0.2578259865870E+03
 -0.2576718698550E+03
 -0.1896230411763E+03
 -0.1917879958114E+03
 -0.1924336435621E+03
 -0.1925595425904E+03
 -0.1906508830518E+03
 -0.1827598925103E+03
 -0.1821219724757E+03
 -0.1880032475685E+03
 -0.2584974842716E+03
 -0.2584481043097E+03
 -0.1965583523862E+03
 -0.1964902083694E+03
 -0.1991741906046E+03
 -0.1993885811295E+03
 -0.1998714489086E+03
 -0.1992596981380E+03
 -0.1987936927242E+03
 -0.1984802855965E+03
 -0.1985748637756E+03
 -0.1988434831128E+03
 -0.1992667247194E+03
 -0.1998823873176E+03
 -0.2006398804287E+03
 -0.2013224186404E+03
 -0.2016095196699E+03
 -0.2013684483361E+03
 -0.2006309977700E+03
 -0.1994223025936E+03
 -0.1973734221334E+03
 -0.1929429891648E+03
 -0.1842357730186E+03
 -0.1921309483933E+03
 -0.1964282475639E+03
 -0.2566473771306E+03
 -0.2573561994311E+03
 -0.2573133598090E+03
 -0.1855694545023E+03
 -0.1868596730402E+03
 -0.1841711753470E+03
 -0.1853045662236E+03
 -0.1851272396973E+03
 -0.1812033233714E+03
 -0.1819619834530E+03
 -0.1846616808704E+03
 -0.1893121999136E+03
 -0.2583530252958E+03
 -0.1900985844642E+03
 -0.1954944877761E+03
 -0.1975454720114E+03
 -0.1982990813300E+03
 -0.1986678513939E+03
 -0.1985776128775E+03
 -0.1985017053039E+03
 -0.1979449356596E+03
 -0.1985288678826E+03
 -0.1991732713436E+03
 -0.1997905611082E+03
 -0.2005345684899E+03
 -0.2014290783754E+03
 -0.2022673122918E+03
 -0.2026715050375E+03
 -0.2024229382831E+03
 -0.2016095315233E+03
 -0.2003311423880E+03
 -0.1984373420380E+03
 -0.1951247737233E+03
 -0.1884443560361E+03
 -0.1901087819089E+03
 -0.1938651804458E+03
 -0.2560122240403E+03
 -0.2567120414806E+03
 -0.2567797113792E+03
 -0.1870020407875E+03
 -0.1861075573599E+03
 -0.1799836340121E+03
 -0.1837473991856E+03
 -0.1832003568674E+03
 -0.1798233776556E+03
 -0.1819893313795E+03
 -0.1857621479827E+03
 -0.1929034289297E+03
 -0.2579549969692E+03
 -0.1909346721332E+03
 -0.1935846851305E+03
 -0.1956194806188E+03
 -0.1968108701711E+03
 -0.1971637081537E+03
 -0.1972986434553E+03
 -0.1975525819564E+03
 -0.1992173220031E+03
 -0.1999534272910E+03
 -0.2006693814865E+03
 -0.2014702603893E+03
 -0.2024570007096E+03
 -0.2035895025138E+03
 -0.2046493400309E+03
 -0.2052942631816E+03
 -0.2053779262701E+03
 -0.2049594889877E+03
 -0.2041506529415E+03
 -0.2028288307799E+03
 -0.2002971109578E+03
 -0.1952697007935E+03
 -0.1914480634352E+03
 -0.1929105108034E+03
 -0.2551933707803E+03
 -0.2558688019140E+03
 -0.2560544926326E+03
 -0.1901631695616E+03
 -0.1867991996883E+03
 -0.1832920264846E+03
 -0.1853032475205E+03
 -0.1894573832078E+03
 -0.1868453132083E+03
 -0.1888177881737E+03
 -0.1930343589905E+03
 -0.1976346194595E+03
 -0.1998907248396E+03
 -0.1937954949615E+03
 -0.1933917062934E+03
 -0.1947760641888E+03
 -0.1960570835065E+03
 -0.1964090088057E+03
 -0.1972083151816E+03
 -0.1983401478933E+03
 -0.1929139609684E+03
 -0.1933217739367E+03
 -0.1938752699094E+03
 -0.1947009516904E+03
 -0.1958876409703E+03
 -0.1973678596235E+03
 -0.1988631159916E+03
 -0.2000576538231E+03
 -0.2008417037250E+03
 -0.2014040551520E+03
 -0.2019817236013E+03
 -0.2024442568837E+03
 -0.2016751327373E+03
 -0.2008686229544E+03
 -0.1992408440158E+03
 -0.1959333620759E+03
 -0.2541659708744E+03
 -0.2548082386779E+03
 -0.2550988035945E+03
 -0.1936785155658E+03
 -0.1866354713605E+03
 -0.1878557039314E+03
 -0.2557155809823E+03
 -0.1938097164752E+03
 -0.1945130438953E+03
 -0.1955611947286E+03
 -0.1984576595210E+03
 -0.2011902800824E+03
 -0.2013425508494E+03
 -0.1982533890342E+03
 -0.1967868956969E+03
 -0.1959979727651E+03
 -0.1941995628473E+03
 -0.1928481533027E+03
 -0.1925172612559E+03
 -0.1926469803235E+03
 -0.1927357230399E+03
 -0.1918879806646E+03
 -0.1911712287399E+03
 -0.1909678285496E+03
 -0.1915175368840E+03
 -0.1928246232945E+03
 -0.1944752649686E+03
 -0.1959367967684E+03
 -0.1969647434732E+03
 -0.1977176859572E+03
 -0.1983924501504E+03
 -0.1990938239814E+03
 -0.2003055088918E+03
 -0.2041447529502E+03
 -0.2050907198237E+03
 -0.2033592668267E+03
 -0.2082138986040E+03
 -0.2055750159370E+03
 -0.2006652984153E+03
 -0.1968218270440E+03
 -0.1881687997297E+03
 -0.1857201903483E+03
 -0.2550242852060E+03
 -0.1973187535418E+03
 -0.2008715179807E+03
 -0.2011051546520E+03
 -0.2017249678462E+03
 -0.2037604903479E+03
 -0.2043223193846E+03
 -0.2027516944209E+03
 -0.2019074643061E+03
 -0.2009328768804E+03
 -0.1994509543522E+03
 -0.1969911360559E+03
 -0.1950187275618E+03
 -0.1936820851852E+03
 -0.1991968198422E+03
 -0.1980872139541E+03
 -0.1964517006957E+03
 -0.1944799278922E+03
 -0.1927649151473E+03
 -0.1919069760912E+03
 -0.1921827212588E+03
 -0.1931610571994E+03
 -0.1943334669387E+03
 -0.1953992769501E+03
 -0.1963236817901E+03
 -0.1972339239667E+03
 -0.1986656934591E+03
 -0.2014999709378E+03
 -0.2061361243497E+03
 -0.2084419197687E+03
 -0.2044115424916E+03
 -0.2011839410827E+03
 -0.2000833433640E+03
 -0.1985583512475E+03
 -0.1931363110573E+03
 -0.2534743685973E+03
 -0.1946049158585E+03
 -0.2020446862421E+03
 -0.2029141539804E+03
 -0.2028392589515E+03
 -0.2030809160853E+03
 -0.2038833642638E+03
 -0.2052735461400E+03
 -0.2059810289682E+03
 -0.2058577964010E+03
 -0.2049057024079E+03
 -0.2038519738317E+03
 -0.2026569254651E+03
 -0.2013088806633E+03
 -0.2001095563614E+03
 -0.2015787098717E+03
 -0.2011686496786E+03
 -0.2004124521861E+03
 -0.1990820837821E+03
 -0.1972286523118E+03
 -0.1951622807263E+03
 -0.1933875653367E+03
 -0.1925647563687E+03
 -0.1928176821893E+03
 -0.1936394539614E+03
 -0.1946401930602E+03
 -0.1957306356123E+03
 -0.1970647128565E+03
 -0.1989476664024E+03
 -0.2012517889389E+03
 -0.2015424782762E+03
 -0.1997393660467E+03
 -0.1989004915837E+03
 -0.1989529516197E+03
 -0.1988690360061E+03
 -0.1973828651465E+03
 -0.2523213610988E+03
 -0.1957636081884E+03
 -0.2011294332161E+03
 -0.2023227194497E+03
 -0.2023177268956E+03
 -0.2024299197196E+03
 -0.2027913880715E+03
 -0.2037508378156E+03
 -0.2042914702152E+03
 -0.2046314275146E+03
 -0.2045540564641E+03
 -0.2040273205054E+03
 -0.2032262270660E+03
 -0.2026646205064E+03
 -0.2019977748223E+03
 -0.2001067661422E+03
 -0.1999785837382E+03
 -0.1998940335397E+03
 -0.1996080109497E+03
 -0.1988293081492E+03
 -0.1975139412626E+03
 -0.1957578646263E+03
 -0.1940076452014E+03
 -0.1928265912425E+03
 -0.1925090192754E+03
 -0.1928799665013E+03
 -0.1936588132329E+03
 -0.1946439995197E+03
 -0.1957994706869E+03
 -0.1969463990102E+03
 -0.1974234219828E+03
 -0.1971078926988E+03
 -0.1967973881990E+03
 -0.1962341652566E+03
 -0.1962231354153E+03
 -0.1968230279168E+03
 -0.1995917526882E+03
 -0.1957132358763E+03
 -0.1984769636660E+03
 -0.2000644421939E+03
 -0.2007021758887E+03
 -0.2008645562374E+03
 -0.2008686854058E+03
 -0.2010584159634E+03
 -0.2014214888449E+03
 -0.2017668338680E+03
 -0.2018372490176E+03
 -0.2016211582189E+03
 -0.2012927783462E+03
 -0.2008817128481E+03
 -0.2004014345218E+03
 -0.1974776388760E+03
 -0.1974185816038E+03
 -0.1975080443258E+03
 -0.1975299252111E+03
 -0.1972625582671E+03
 -0.1966684388503E+03
 -0.1957043460053E+03
 -0.1943688244807E+03
 -0.1928606999109E+03
 -0.1916022727276E+03
 -0.1909004267755E+03
 -0.1908326010763E+03
 -0.1912008312944E+03
 -0.1918616877024E+03
 -0.1926863073134E+03
 -0.1930837453855E+03
 -0.1931384449331E+03
 -0.1926373550476E+03
 -0.1916109554830E+03
 -0.1920843600912E+03
 -0.1925173038799E+03
 -0.1901188791251E+03
 -0.1911903568291E+03
 -0.1944839735704E+03
 -0.1968031128011E+03
 -0.1978627474822E+03
 -0.1981069662358E+03
 -0.1980233276295E+03
 -0.1980347474344E+03
 -0.1983261240642E+03
 -0.1987032773971E+03
 -0.1988989569134E+03
 -0.1988395435968E+03
 -0.1986023358815E+03
 -0.1981823307156E+03
 -0.1977435713732E+03
 -0.1936626613343E+03
 -0.1936146203344E+03
 -0.1938049583101E+03
 -0.1940544781552E+03
 -0.1940647873194E+03
 -0.1938259524929E+03
 -0.1932778346158E+03
 -0.1923186035067E+03
 -0.1909932279512E+03
 -0.1894804249880E+03
 -0.1879803830421E+03
 -0.1867996669457E+03
 -0.1861119013095E+03
 -0.1859642856700E+03
 -0.1861615128585E+03
 -0.1862880837261E+03
 -0.1868595227434E+03
 -0.1873567088118E+03
 -0.1858286066961E+03
 -0.1867803685898E+03
 -0.1865677890407E+03
 -0.1732734452370E+03
 -0.1811398060650E+03
 -0.1869213119492E+03
 -0.1906921753724E+03
 -0.1925005565415E+03
 -0.1931590870508E+03
 -0.1933001245862E+03
 -0.1935157427148E+03
 -0.1939236065638E+03
 -0.1943908190040E+03
 -0.1947455494124E+03
 -0.1948420602614E+03
 -0.1947030848118E+03
 -0.1943454596437E+03
 -0.1939316596722E+03
 -0.1858421497290E+03
 -0.1858065803214E+03
 -0.1861385445589E+03
 -0.1868308899114E+03
 -0.1872756566900E+03
 -0.1873880091743E+03
 -0.1870956258527E+03
 -0.1862681090826E+03
 -0.1848772641140E+03
 -0.1829269349744E+03
 -0.1801154872793E+03
 -0.1764154708056E+03
 -0.1726138002471E+03
 -0.1715392825327E+03
 -0.1734215588373E+03
 -0.1758154667935E+03
 -0.1791236946814E+03
 -0.1826639192689E+03
 -0.1824227523456E+03
 -0.1842946170733E+03
 -0.1848015176477E+03
 -0.1795857843621E+03
 -0.1819926141338E+03
 -0.1842310793788E+03
 -0.1859586529910E+03
 -0.1857316038656E+03
 -0.1847563917911E+03
 -0.1831388102150E+03
 -0.1826309845454E+03
 -0.1835333165191E+03
 -0.1848137891102E+03
 -0.1859752726862E+03
 -0.1866380928908E+03
 -0.1869071523091E+03
 -0.1867242672571E+03
 -0.1862245052895E+03
 -0.1800658061482E+03
 -0.1786376187672E+03
 -0.1775913187057E+03
 -0.1776006186933E+03
 -0.1778819641230E+03
 -0.1780017965718E+03
 -0.1778132273736E+03
 -0.1771588800199E+03
 -0.1758958671676E+03
 -0.1752206147424E+03
 -0.1762081038924E+03
 -0.1784818201918E+03
 -0.1809651760586E+03
 -0.1830856937635E+03
 -0.1842182131389E+03
 -0.1845977104602E+03
 -0.1844414576315E+03
 -0.1869399703730E+03
 -0.2404764443114E+03
 -0.2404622904482E+03
 -0.2413578496061E+03
 -0.1779279186294E+03
 -0.1821634359156E+03
 -0.1859251304053E+03
 -0.1898826654168E+03
 -0.1918164402300E+03
 -0.1919373244620E+03
 -0.1911524114837E+03
 -0.1895879051358E+03
 -0.1877664612546E+03
 -0.1861906677732E+03
 -0.1851765049698E+03
 -0.1845122571420E+03
 -0.1839290298645E+03
 -0.1830276651246E+03
 -0.1816783408515E+03
 -0.1887337857751E+03
 -0.1879062794089E+03
 -0.1872844689124E+03
 -0.1869040385284E+03
 -0.1865687182263E+03
 -0.1863056359921E+03
 -0.1861629269646E+03
 -0.1861103847925E+03
 -0.1861972416116E+03
 -0.1866621811766E+03
 -0.1875474720067E+03
 -0.1887918435118E+03
 -0.1902402351304E+03
 -0.1915723075343E+03
 -0.1917450439980E+03
 -0.1907992478532E+03
 -0.1889156870453E+03
 -0.1875424876352E+03
 -0.2375487039656E+03
 -0.2374044403669E+03
 -0.2382660527226E+03
 -0.1751574462907E+03
 -0.1807919226436E+03
 -0.1856047969280E+03
 -0.1891559010732E+03
 -0.1915225329230E+03
 -0.1929740612789E+03
 -0.1938354527749E+03
 -0.1941616371165E+03
 -0.1936559572443E+03
 -0.1930138355127E+03
 -0.1919888677614E+03
 -0.1915806142831E+03
 -0.1911231113700E+03
 -0.1904829395481E+03
 -0.1896554452317E+03
 -0.1922298679786E+03
 -0.1919815597306E+03
 -0.1918404560714E+03
 -0.1909494494984E+03
 -0.1905311778787E+03
 -0.1903187512661E+03
 -0.1902025473839E+03
 -0.1901450346658E+03
 -0.1901959149044E+03
 -0.1904033561099E+03
 -0.1908144758818E+03
 -0.1914324852873E+03
 -0.1922657130947E+03
 -0.1932398464679E+03
 -0.1935684957338E+03
 -0.1920806840563E+03
 -0.1899046309191E+03
 -0.1854013912676E+03
 -0.2344884236933E+03
 -0.2342420387158E+03
 -0.2349338155666E+03
 -0.1757327783131E+03
 -0.1808531191910E+03
 -0.1851829946573E+03
 -0.1877656536609E+03
 -0.1894024216008E+03
 -0.1906355892505E+03
 -0.1913416206861E+03
 -0.1918153410723E+03
 -0.1921554756605E+03
 -0.1923905728895E+03
 -0.1925321529446E+03
 -0.1926125729262E+03
 -0.1926566979529E+03
 -0.1926235349477E+03
 -0.1924668275074E+03
 -0.1894486292659E+03
 -0.1894115835230E+03
 -0.1894289793064E+03
 -0.1895193730691E+03
 -0.1896107387613E+03
 -0.1896767059859E+03
 -0.1896907647216E+03
 -0.1896646227112E+03
 -0.1896162962230E+03
 -0.1896608417829E+03
 -0.1898048897652E+03
 -0.1900869971513E+03
 -0.1904667293219E+03
 -0.1909857565122E+03
 -0.1915338071396E+03
 -0.1907610046373E+03
 -0.1889921380707E+03
 -0.1838807901902E+03
 -0.1840611714303E+03
 -0.1840487863318E+03
 -0.1848609625794E+03
 -0.1858089105277E+03
 -0.1883065393767E+03
 -0.1889445463644E+03
 -0.1890250881766E+03
 -0.1895738584448E+03
 -0.1894399511376E+03
 -0.1893794505524E+03
 -0.1896396851280E+03
 -0.1895850460672E+03
 -0.1895383789891E+03
 -0.1895241817443E+03
 -0.1895010234347E+03
 -0.1894619072878E+03
 -0.1897140346415E+03
 -0.1895917392404E+03
 -0.1846388970871E+03
 -0.1850222013474E+03
 -0.1849493461255E+03
 -0.1849062272516E+03
 -0.1848993970466E+03
 -0.1848856824665E+03
 -0.1848289754720E+03
 -0.1847720789549E+03
 -0.1846871460862E+03
 -0.1851330138336E+03
 -0.1851192343199E+03
 -0.1850946519258E+03
 -0.1850956591040E+03
 -0.1851272693620E+03
 -0.1853763910547E+03
 -0.1855651327193E+03
 -0.1848831065074E+03
 -0.1836484149784E+03
 -0.1829750352016E+03
 -0.1826328416163E+03
 -0.1833081207756E+03
 -0.1850333097541E+03
 -0.1864167997360E+03
 -0.1866271432742E+03
 -0.1868426897092E+03
 -0.1869098727530E+03
 -0.1864747455688E+03
 -0.1862147692053E+03
 -0.1860146531455E+03
 -0.1859387360827E+03
 -0.1858494019841E+03
 -0.1858270559735E+03
 -0.1857758942750E+03
 -0.1852923669137E+03
 -0.1849683218859E+03
 -0.1847947993705E+03
 -0.1780534670526E+03
 -0.1779589718188E+03
 -0.1779440177886E+03
 -0.1779422442066E+03
 -0.1779664750064E+03
 -0.1779425437995E+03
 -0.1778519099137E+03
 -0.1778574822303E+03
 -0.1780667568845E+03
 -0.1780849962300E+03
 -0.1777053422381E+03
 -0.1772995407210E+03
 -0.1768547973394E+03
 -0.1763806460616E+03
 -0.1760559628640E+03
 -0.1764054083709E+03
 -0.1765790908672E+03
 -0.1764837100327E+03
 -0.1762809158119E+03
 -0.1764919529630E+03
 -0.1778789316662E+03
 -0.1780447941425E+03
 -0.1782450881256E+03
 -0.1780708159924E+03
 -0.1778086351271E+03
 -0.1773296020105E+03
 -0.1768820630807E+03
 -0.1770887047875E+03
 -0.1777811857317E+03
 -0.1783786734843E+03
 -0.1785168048952E+03
 -0.1783771798099E+03
 -0.1783272723357E+03
 -0.1781004294444E+03
 -0.1778043362435E+03
 -0.1780684852534E+03
 -0.1642626695638E+03
 -0.1642199652004E+03
 -0.1642379386242E+03
 -0.1642751024656E+03
 -0.1646126423974E+03
 -0.1646764929565E+03
 -0.1646893931616E+03
 -0.1646632531573E+03
 -0.1646187316553E+03
 -0.1645239509827E+03
 -0.1643722330368E+03
 -0.1643449042480E+03
 -0.1645491672400E+03
 -0.1645118857885E+03
 -0.1645149092019E+03
 -0.1646010912530E+03
 -0.1646210955635E+03
 -0.1645605513714E+03
 -0.1643680076759E+03
 -0.1640946920567E+03
 -0.1638374893839E+03
 -0.1637414679552E+03
 -0.1638116463607E+03
 -0.1639179932438E+03
 -0.1640495472497E+03
 -0.1641379251794E+03
 -0.1640718273022E+03
 -0.1641441516228E+03
 -0.1643030915485E+03
 -0.1644795022216E+03
 -0.1646483918271E+03
 -0.1647610753938E+03
 -0.1647581192486E+03
 -0.1646667710997E+03
 -0.1645099102173E+03
 -0.1643646977329E+03
 -0.1595263513570E+03
 -0.1597566053355E+03
 -0.1599682167795E+03
 -0.1613467948767E+03
 -0.1616665574746E+03
 -0.1617268909088E+03
 -0.1615308110801E+03
 -0.1585154203566E+03
 -0.1573326966784E+03
 -0.1560483372524E+03
 -0.1547764404555E+03
 -0.1557623478333E+03
 -0.1516115930637E+03
 -0.1518176878950E+03
 -0.1518638372036E+03
 -0.1517494157224E+03
 -0.1514411375283E+03
 -0.1581177334394E+03
 -0.1590146554614E+03
 -0.1599799090993E+03
 -0.1602184907149E+03
 -0.1615475746173E+03
 -0.1676222705464E+03
 -0.1678343045986E+03
 -0.1676563508746E+03
 -0.1671341010746E+03
 -0.1664219977848E+03
 -0.1660594037846E+03
 -0.1657644290609E+03
 -0.1658100844259E+03
 -0.1660314527852E+03
 -0.1659940200014E+03
 -0.1660751786154E+03
 -0.1661109329012E+03
 -0.1660894611734E+03
 -0.1594998968304E+03
  0.0000000000000E+00
  0.1730231522912E-06
  0.4008049495547E-06
  0.5460551999884E-06
  0.5630019807278E-06
  0.0000000000000E+00
  0.6379581068415E-06
  0.6059131233088E-06
  0.3927120290697E-06
  0.1242520731912E-06
  0.0000000000000E+00
  0.0000000000000E+00
  0.0000000000000E+00
  0.0000000000000E+00
  0.0000000000000E+00
  0.0000000000000E+00
  0.0000000000000E+00
  0.0000000000000E+00
  0.0000000000000E+00
  0.0000000000000E+00
  0.0000000000000E+00
  0.0000000000000E+00
  0.0000000000000E+00
  0.0000000000000E+00
  0.0000000000000E+00
  0.0000000000000E+00
  0.0000000000000E+00
  0.0000000000000E+00
  0.0000000000000E+00
  0.0000000000000E+00
  0.0000000000000E+00
  0.0000000000000E+00
  0.0000000000000E+00
  0.0000000000000E+00
  0.0000000000000E+00
  0.0000000000000E+00
  0.3764468563228E-06
  0.0000000000000E+00
  0.0000000000000E+00
  0.0000000000000E+00
  0.7173651719313E-06
  0.1309777834107E-05
  0.1351819916256E-05
  0.1301499795153E-05
  0.1083349981932E-05
  0.0000000000000E+00
  0.0000000000000E+00
  0.0000000000000E+00
  0.0000000000000E+00
  0.0000000000000E+00
  0.0000000000000E+00
  0.0000000000000E+00
  0.0000000000000E+00
  0.0000000000000E+00
  0.0000000000000E+00
  0.0000000000000E+00
  0.0000000000000E+00
  0.0000000000000E+00
  0.0000000000000E+00
  0.0000000000000E+00
  0.0000000000000E+00
  0.0000000000000E+00
  0.0000000000000E+00
  0.0000000000000E+00
  0.0000000000000E+00
  0.0000000000000E+00
  0.0000000000000E+00
  0.0000000000000E+00
  0.0000000000000E+00
  0.0000000000000E+00
  0.0000000000000E+00
  0.2914859732861E-06
  0.4836407626967E-05
  0.5660376412964E-05
  0.5624020559379E-05
  0.3894267584636E-05
  0.2603051789139E-05
  0.4064559496177E-05
  0.4697691250428E-05
  0.5970313088695E-05
  0.6559730250345E-05
  0.6095738175692E-05
  0.0000000000000E+00
  0.0000000000000E+00
  0.0000000000000E+00
  0.0000000000000E+00
  0.0000000000000E+00
  0.0000000000000E+00
  0.0000000000000E+00
  0.0000000000000E+00
  0.0000000000000E+00
  0.0000000000000E+00
  0.0000000000000E+00
  0.0000000000000E+00
  0.0000000000000E+00
  0.0000000000000E+00
  0.0000000000000E+00
  0.0000000000000E+00
  0.0000000000000E+00
  0.0000000000000E+00
  0.0000000000000E+00
  0.0000000000000E+00
  0.0000000000000E+00
  0.0000000000000E+00
  0.0000000000000E+00
  0.0000000000000E+00
  0.2546434197246E-05
  0.4783499460791E-05
  0.1233371089751E-04
  0.1237691997981E-04
  0.1200136078600E-04
  0.1119722353012E-04
  0.8435995972786E-05
  0.8343750467168E-05
  0.9646820276902E-05
  0.1086251953483E-04
  0.1145146061327E-04
  0.1062415024182E-04
  0.3809276483532E-05
  0.0000000000000E+00
  0.0000000000000E+00
  0.0000000000000E+00
  0.0000000000000E+00
  0.0000000000000E+00
  0.0000000000000E+00
  0.0000000000000E+00
  0.0000000000000E+00
  0.0000000000000E+00
  0.0000000000000E+00
  0.0000000000000E+00
  0.0000000000000E+00
  0.0000000000000E+00
  0.0000000000000E+00
  0.0000000000000E+00
  0.0000000000000E+00
  0.0000000000000E+00
  0.0000000000000E+00
  0.0000000000000E+00
  0.0000000000000E+00
  0.0000000000000E+00
  0.1958848872092E-05
  0.6367181928304E-05
  0.1054160437947E-04
  0.1179657183861E-04
  0.1931730247026E-04
  0.1877909920187E-04
  0.1765930166276E-04
  0.1700959068863E-04
  0.1588488207315E-04
  0.1523959211167E-04
  0.1516497053237E-04
  0.1527810772351E-04
  0.1492265004379E-04
  0.1415260918394E-04
  0.1058800548543E-04
  0.2846064768694E-05
  0.0000000000000E+00
  0.0000000000000E+00
  0.0000000000000E+00
  0.0000000000000E+00
  0.0000000000000E+00
  0.0000000000000E+00
  0.0000000000000E+00
  0.0000000000000E+00
  0.0000000000000E+00
  0.0000000000000E+00
  0.0000000000000E+00
  0.0000000000000E+00
  0.0000000000000E+00
  0.0000000000000E+00
  0.0000000000000E+00
  0.0000000000000E+00
  0.0000000000000E+00
  0.0000000000000E+00
  0.0000000000000E+00
  0.0000000000000E+00
  0.8474423628440E-05
  0.1492910414819E-04
  0.1746094426668E-04
  0.1845781772405E-04
  0.2563382976693E-04
  0.2390064919673E-04
  0.2202221825171E-04
  0.2135648118142E-04
  0.2106789479544E-04
  0.2074834388432E-04
  0.2036900953336E-04
  0.1980690399010E-04
  0.1886115708633E-04
  0.1803444619669E-04
  0.1624888174929E-04
  0.1021773101699E-04
  0.4380621954959E-05
  0.0000000000000E+00
  0.0000000000000E+00
  0.0000000000000E+00
  0.0000000000000E+00
  0.0000000000000E+00
  0.0000000000000E+00
  0.0000000000000E+00
  0.0000000000000E+00
  0.0000000000000E+00
  0.0000000000000E+00
  0.0000000000000E+00
  0.0000000000000E+00
  0.0000000000000E+00
  0.0000000000000E+00
  0.0000000000000E+00
  0.0000000000000E+00
  0.0000000000000E+00
  0.0000000000000E+00
  0.0000000000000E+00
  0.1322709428579E-04
  0.2059873900949E-04
  0.2383419381958E-04
  0.2532019118492E-04
  0.2979913084330E-04
  0.2587182087674E-04
  0.2299038754329E-04
  0.2221503170860E-04
  0.2260491144407E-04
  0.2288076652082E-04
  0.2295941866073E-04
  0.2263387697380E-04
  0.2197843816478E-04
  0.2176274979563E-04
  0.2119924522991E-04
  0.1793690132464E-04
  0.1079074571758E-04
  0.0000000000000E+00
  0.0000000000000E+00
  0.0000000000000E+00
  0.0000000000000E+00
  0.0000000000000E+00
  0.0000000000000E+00
  0.7441986391437E-06
  0.3626409217454E-05
  0.3788991524909E-05
  0.0000000000000E+00
  0.0000000000000E+00
  0.0000000000000E+00
  0.0000000000000E+00
  0.0000000000000E+00
  0.0000000000000E+00
  0.0000000000000E+00
  0.0000000000000E+00
  0.0000000000000E+00
  0.0000000000000E+00
  0.1498983629010E-04
  0.2705445602067E-04
  0.3080295961516E-04
  0.3205420825494E-04
  0.2900197222522E-04
  0.2500898489065E-04
  0.2449281501205E-04
  0.2506773674448E-04
  0.2485737920990E-04
  0.2388055605181E-04
  0.2221085436856E-04
  0.1978864819765E-04
  0.1713373247141E-04
  0.1799024264035E-04
  0.2200454381335E-04
  0.2152863122207E-04
  0.1629887307646E-04
  0.1427530752342E-04
  0.1112240174720E-04
  0.0000000000000E+00
  0.0000000000000E+00
  0.5978410889771E-05
  0.7872841779667E-05
  0.9286160033864E-05
  0.1646571828622E-04
  0.1681413310782E-04
  0.1194170885223E-04
  0.9114004487283E-05
  0.8012746374289E-05
  0.8238229192554E-05
  0.1150665948551E-04
  0.1116120717884E-04
  0.1006506590466E-04
  0.0000000000000E+00
  0.0000000000000E+00
  0.0000000000000E+00
  0.2192518991708E-04
  0.3326471453084E-04
  0.3324448722607E-04
  0.3360376163805E-04
  0.3311812000292E-04
  0.3389676761775E-04
  0.3490723161217E-04
  0.3540002674539E-04
  0.3560603683950E-04
  0.3549195771894E-04
  0.3487211512920E-04
  0.3395567960524E-04
  0.3257992662536E-04
  0.3024852821410E-04
  0.2672436147538E-04
  0.1959525915646E-04
  0.2041289858312E-04
  0.1970627088267E-04
  0.1662665790543E-04
  0.0000000000000E+00
  0.0000000000000E+00
  0.8827482336357E-05
  0.1436160629542E-04
  0.1626157787271E-04
  0.2267106661944E-04
  0.2184370695743E-04
  0.1357901513153E-04
  0.1487163630874E-04
  0.1265580603601E-04
  0.1556734870959E-04
  0.1831580004454E-04
  0.1755564960258E-04
  0.1151584352250E-04
  0.0000000000000E+00
  0.0000000000000E+00
  0.0000000000000E+00
  0.2535559788824E-04
  0.2482359962266E-04
  0.2826807742557E-04
  0.3290335987898E-04
  0.3907122113373E-04
  0.3995552600105E-04
  0.4069625960931E-04
  0.4125883688022E-04
  0.4169187564171E-04
  0.4185422811130E-04
  0.4150779308410E-04
  0.4057474777752E-04
  0.3913794363480E-04
  0.3748496975420E-04
  0.3580963278777E-04
  0.3456230072652E-04
  0.2918375198791E-04
  0.2478498288545E-04
  0.2068383648312E-04
  0.2149684648512E-04
  0.0000000000000E+00
  0.1306620210863E-04
  0.1964018386622E-04
  0.0000000000000E+00
  0.2387889423462E-04
  0.2808734795200E-04
  0.3033590329519E-04
  0.2762019506469E-04
  0.2606759337611E-04
  0.2462908782746E-04
  0.2390964093671E-04
  0.2422934434128E-04
  0.2380144610665E-04
  0.0000000000000E+00
  0.0000000000000E+00
  0.0000000000000E+00
  0.2862663799033E-04
  0.3338536629095E-04
  0.3669028207379E-04
  0.3826683936926E-04
  0.4336677029676E-04
  0.4425848662674E-04
  0.4494552045921E-04
  0.4569142821332E-04
  0.4649684353995E-04
  0.4694382413822E-04
  0.4681842678179E-04
  0.4585639459760E-04
  0.4413519837258E-04
  0.4209193279754E-04
  0.4020556010454E-04
  0.3823439237700E-04
  0.3444422209958E-04
  0.0000000000000E+00
  0.2843851542508E-04
  0.2719963724665E-04
  0.0000000000000E+00
  0.0000000000000E+00
  0.2451872156898E-04
  0.2932399235751E-04
  0.3305419383317E-04
  0.3486381384222E-04
  0.3523213834410E-04
  0.3342784078684E-04
  0.2910903396096E-04
  0.3229257111112E-04
  0.3010373989943E-04
  0.3081711783469E-04
  0.2762344744849E-04
  0.2520626375845E-04
  0.0000000000000E+00
  0.0000000000000E+00
  0.3302607114286E-04
  0.3924864913380E-04
  0.4134201525279E-04
  0.4256432599573E-04
  0.4662358961698E-04
  0.4722778657949E-04
  0.4787919991958E-04
  0.4873523341407E-04
  0.4958073236562E-04
  0.4999738848500E-04
  0.4968404969015E-04
  0.4852828027911E-04
  0.4702168913486E-04
  0.4559586398506E-04
  0.4420738390046E-04
  0.4233567661694E-04
  0.3885879932836E-04
  0.3505100229402E-04
  0.3539810380291E-04
  0.2978084694941E-04
  0.0000000000000E+00
  0.0000000000000E+00
  0.2939946024673E-04
  0.3552953770283E-04
  0.3831157517847E-04
  0.4048839806830E-04
  0.4075320112098E-04
  0.3774736678792E-04
  0.0000000000000E+00
  0.2783556353214E-04
  0.3141454049201E-04
  0.3665420137608E-04
  0.3363661762092E-04
  0.3040648837920E-04
  0.0000000000000E+00
  0.0000000000000E+00
  0.3572744370539E-04
  0.4247924318226E-04
  0.4469221891512E-04
  0.4593470789107E-04
  0.4803471175846E-04
  0.4835634639315E-04
  0.4863989062381E-04
  0.4875323977690E-04
  0.4855197404100E-04
  0.4811102713099E-04
  0.4746839754019E-04
  0.4735019411233E-04
  0.4769293503804E-04
  0.4784135101241E-04
  0.4730079430845E-04
  0.4556059241228E-04
  0.4281354481775E-04
  0.3989062875236E-04
  0.3880826654056E-04
  0.3460199305772E-04
  0.0000000000000E+00
  0.0000000000000E+00
  0.2812340465264E-04
  0.4120149554608E-04
  0.4194703675089E-04
  0.4364451893752E-04
  0.4380335835468E-04
  0.4119586357383E-04
  0.0000000000000E+00
  0.0000000000000E+00
  0.0000000000000E+00
  0.3042904767244E-04
  0.3767349859342E-04
  0.3444275737632E-04
  0.0000000000000E+00
  0.0000000000000E+00
  0.3688226492704E-04
  0.4494009851446E-04
  0.4666777893420E-04
  0.4749441209448E-04
  0.4644127592351E-04
  0.4623417840971E-04
  0.4543278421465E-04
  0.4358124582739E-04
  0.4137393055846E-04
  0.3968070548104E-04
  0.4057842824672E-04
  0.4395079851216E-04
  0.4662429786270E-04
  0.4821984342289E-04
  0.4859249149454E-04
  0.4743749728667E-04
  0.4451925936869E-04
  0.4194490831836E-04
  0.4006601857868E-04
  0.3797898923360E-04
  0.0000000000000E+00
  0.0000000000000E+00
  0.0000000000000E+00
  0.3305209702537E-04
  0.4294826553562E-04
  0.4465164964792E-04
  0.4448597194457E-04
  0.4569988644094E-04
  0.3371013594432E-04
  0.0000000000000E+00
  0.0000000000000E+00
  0.0000000000000E+00
  0.3622277428555E-04
  0.3727501566119E-04
  0.0000000000000E+00
  0.0000000000000E+00
  0.3591397005881E-04
  0.4543355271447E-04
  0.4655149112163E-04
  0.4622881694853E-04
  0.3872273376170E-04
  0.3755305962907E-04
  0.3540267383567E-04
  0.3211755182681E-04
  0.2964092389058E-04
  0.3167962624037E-04
  0.3670828866340E-04
  0.4118207701505E-04
  0.4389613361506E-04
  0.4542184047953E-04
  0.4627271931213E-04
  0.4565776661001E-04
  0.4241496777682E-04
  0.4119871663405E-04
  0.4065269331515E-04
  0.4024450393272E-04
  0.0000000000000E+00
  0.0000000000000E+00
  0.0000000000000E+00
  0.3532759795498E-04
  0.4276781313290E-04
  0.4364323065106E-04
  0.4538675048365E-04
  0.4485312422958E-04
  0.3630696774142E-04
  0.3149621522226E-04
  0.0000000000000E+00
  0.0000000000000E+00
  0.3857577106501E-04
  0.3992543928530E-04
  0.0000000000000E+00
  0.3294088497998E-04
  0.4107205705353E-04
  0.4171688086376E-04
  0.4043054493434E-04
  0.3924557130003E-04
  0.3374072902349E-04
  0.3371332366038E-04
  0.3484293649235E-04
  0.3802417134196E-04
  0.4146537909613E-04
  0.4348768285052E-04
  0.4417794143669E-04
  0.4380634125684E-04
  0.4260388164720E-04
  0.4095692018106E-04
  0.3940602180110E-04
  0.3953581419067E-04
  0.3867000475567E-04
  0.3861566041964E-04
  0.4067672710579E-04
  0.3977426971366E-04
  0.0000000000000E+00
  0.0000000000000E+00
  0.0000000000000E+00
  0.3598645257685E-04
  0.4380370721637E-04
  0.4613374878324E-04
  0.4568291304942E-04
  0.4475238648075E-04
  0.3501696123457E-04
  0.2745655956627E-04
  0.3200145056867E-04
  0.0000000000000E+00
  0.3946393330126E-04
  0.4159694602825E-04
  0.3561912053909E-04
  0.3961342426660E-04
  0.3829509944713E-04
  0.3576685932248E-04
  0.3367603770507E-04
  0.3379051346028E-04
  0.4812451180680E-04
  0.4966857237548E-04
  0.5077154873133E-04
  0.5150829203857E-04
  0.5195539488181E-04
  0.5219766600822E-04
  0.5202536878746E-04
  0.5043153110584E-04
  0.4671307435061E-04
  0.4297281966483E-04
  0.3991301970478E-04
  0.3744715886615E-04
  0.3618618664411E-04
  0.3269777477850E-04
  0.4273078032593E-04
  0.3731980482617E-04
  0.0000000000000E+00
  0.0000000000000E+00
  0.0000000000000E+00
  0.3818839516475E-04
  0.4397342952419E-04
  0.4659045260574E-04
  0.4458105822606E-04
  0.4433492304367E-04
  0.3841120407099E-04
  0.3864132059761E-04
  0.3996986438396E-04
  0.0000000000000E+00
  0.0000000000000E+00
  0.3608870377586E-04
  0.4188099684393E-04
  0.4108369565139E-04
  0.4138112981099E-04
  0.4165441477003E-04
  0.4431204723073E-04
  0.4655884801857E-04
  0.5332452819877E-04
  0.5368515077719E-04
  0.5374808051945E-04
  0.5367959210713E-04
  0.5373584599131E-04
  0.5391394215210E-04
  0.5398872345553E-04
  0.5368774924195E-04
  0.5278846900400E-04
  0.5120771018706E-04
  0.4869718658930E-04
  0.4541662770647E-04
  0.4092730982469E-04
  0.1665722240861E-04
  0.4673220055520E-04
  0.4727818550238E-04
  0.0000000000000E+00
  0.0000000000000E+00
  0.0000000000000E+00
  0.3254787044128E-04
  0.4162796041606E-04
  0.3909616019493E-04
  0.3586519304458E-04
  0.3877104108860E-04
  0.3935719930063E-04
  0.3965623110982E-04
  0.3555509765368E-04
  0.2750509638337E-04
  0.0000000000000E+00
  0.3607998626373E-04
  0.4480888229418E-04
  0.4455276553884E-04
  0.4692748076561E-04
  0.4930194528941E-04
  0.5141534645250E-04
  0.5264227355034E-04
  0.5207731870776E-04
  0.5141456547156E-04
  0.5067471535102E-04
  0.5025334799135E-04
  0.5009738483908E-04
  0.4989512040693E-04
  0.4951418097125E-04
  0.4913965040419E-04
  0.4885924659574E-04
  0.4840327736792E-04
  0.4735395525615E-04
  0.4590254209396E-04
  0.4450521198628E-04
  0.3706630074066E-04
  0.4048502139093E-04
  0.4716742743921E-04
  0.0000000000000E+00
  0.0000000000000E+00
  0.0000000000000E+00
  0.4387673724848E-04
  0.4632635320147E-04
  0.3211897673057E-04
  0.4215816761097E-04
  0.2670821118427E-04
  0.2001730978179E-04
  0.2650751401214E-04
  0.3222299858243E-04
  0.4455822532043E-04
  0.0000000000000E+00
  0.3138637469573E-04
  0.4219034692588E-04
  0.4287704744059E-04
  0.4567366084230E-04
  0.4917171280059E-04
  0.5145923774508E-04
  0.5221778628700E-04
  0.4175233051394E-04
  0.4138913950219E-04
  0.4117602928846E-04
  0.4100908687895E-04
  0.4092192320270E-04
  0.4070135368648E-04
  0.4029394567994E-04
  0.4002164421564E-04
  0.3986725433763E-04
  0.3988575218070E-04
  0.4000961117909E-04
  0.4048971921012E-04
  0.4297895637562E-04
  0.4769972793053E-04
  0.3278392636569E-04
  0.3513276406098E-04
  0.0000000000000E+00
  0.0000000000000E+00
  0.0000000000000E+00
  0.4850596504056E-04
  0.4906471911108E-04
  0.4774034954908E-04
  0.4795021791206E-04
  0.4728754053580E-04
  0.4238827604761E-04
  0.4536010122291E-04
  0.4895902234865E-04
  0.5068934323222E-04
  0.4243005380890E-04
  0.4361833384140E-04
  0.3965813666024E-04
  0.3715414224818E-04
  0.3787218355188E-04
  0.4129657173950E-04
  0.4276236756668E-04
  0.4233413785664E-04
  0.4515826497969E-04
  0.4456253719809E-04
  0.4425292627909E-04
  0.4416265866749E-04
  0.4447933121445E-04
  0.4502743033793E-04
  0.4553007206835E-04
  0.4597825957660E-04
  0.4607979701009E-04
  0.4580120264715E-04
  0.4520437457218E-04
  0.4464899413686E-04
  0.4738037135591E-04
  0.5167308453386E-04
  0.5359769074761E-04
  0.3604618791437E-04
  0.0000000000000E+00
  0.0000000000000E+00
  0.0000000000000E+00
  0.5049725427053E-04
  0.4472211194500E-04
  0.4951773613808E-04
  0.0000000000000E+00
  0.4901887657468E-04
  0.5183971711686E-04
  0.5371985951704E-04
  0.5341175498703E-04
  0.5223742634457E-04
  0.4988224592719E-04
  0.5199035555690E-04
  0.4928626182191E-04
  0.4508725966685E-04
  0.4425584101975E-04
  0.4568144038863E-04
  0.4613571997186E-04
  0.4584830922622E-04
  0.5229488030506E-04
  0.5118868602903E-04
  0.4990171231667E-04
  0.4874719893590E-04
  0.4786987688496E-04
  0.4759460718535E-04
  0.4802941505134E-04
  0.4905408014766E-04
  0.5015691195245E-04
  0.5118284314098E-04
  0.5219948579652E-04
  0.5286369373805E-04
  0.5246394522762E-04
  0.4809349691680E-04
  0.5497361969990E-04
  0.6021293327537E-04
  0.3998632020692E-04
  0.3758278447228E-04
  0.4609101256835E-04
  0.5644119170666E-04
  0.4522931559794E-04
  0.4548447987373E-04
  0.0000000000000E+00
  0.5068913586180E-04
  0.5240512915862E-04
  0.5429039348771E-04
  0.5581524948192E-04
  0.5318654444573E-04
  0.5281081185839E-04
  0.5647661122069E-04
  0.5648208189010E-04
  0.5523246911356E-04
  0.5345440816535E-04
  0.5376741045480E-04
  0.5356209662115E-04
  0.5310484053906E-04
  0.5596090081110E-04
  0.5634622389252E-04
  0.5650463611756E-04
  0.5597963246414E-04
  0.5469413122784E-04
  0.5330027056061E-04
  0.5214228220704E-04
  0.5186729047298E-04
  0.5244086283665E-04
  0.5337766439290E-04
  0.5438191405528E-04
  0.5510351351008E-04
  0.5478862042169E-04
  0.5271044933227E-04
  0.4934870419902E-04
  0.4201973805095E-04
  0.4883643735116E-04
  0.5111051430236E-04
  0.5519927703310E-04
  0.5825073244001E-04
  0.5282189184598E-04
  0.0000000000000E+00
  0.4982944888402E-04
  0.5666743810484E-04
  0.5486450609870E-04
  0.5635554249252E-04
  0.5663578227536E-04
  0.5562422839891E-04
  0.5316564470368E-04
  0.5237587070196E-04
  0.5290893930421E-04
  0.5453779243785E-04
  0.5498361995839E-04
  0.5500435411319E-04
  0.5521664870296E-04
  0.5564025011953E-04
  0.5601451567362E-04
  0.5620082049850E-04
  0.5663305601503E-04
  0.5721749688002E-04
  0.5769571444876E-04
  0.5755342320195E-04
  0.5659222049725E-04
  0.5508579912929E-04
  0.5410157647170E-04
  0.5409861854909E-04
  0.5467073667241E-04
  0.5530078506921E-04
  0.5579505380773E-04
  0.5613310210068E-04
  0.5676185672938E-04
  0.5708952808646E-04
  0.5842056920360E-04
  0.5654367666006E-04
  0.5683937485604E-04
  0.5785594620812E-04
  0.5493346063607E-04
  0.0000000000000E+00
  0.4562559456611E-04
  0.5716630806336E-04
  0.5746829490611E-04
  0.5868111926317E-04
  0.5815582635247E-04
  0.5701148780525E-04
  0.5535739637460E-04
  0.5568072013115E-04
  0.5599054739336E-04
  0.5633971097992E-04
  0.5683335366721E-04
  0.5727739484019E-04
  0.5638402309072E-04
  0.5612786035406E-04
  0.5846203375870E-04
  0.5849243827917E-04
  0.5854712020796E-04
  0.5847487805200E-04
  0.5857683010299E-04
  0.5865367882014E-04
  0.5826881004076E-04
  0.5715461319304E-04
  0.5566909798072E-04
  0.5439139146934E-04
  0.5390906714646E-04
  0.5408291162658E-04
  0.5464652496579E-04
  0.5587091588518E-04
  0.5770785089099E-04
  0.5819390002637E-04
  0.5727513567577E-04
  0.5580620195313E-04
  0.5669621273396E-04
  0.5888919982873E-04
  0.5831530244779E-04
  0.4391819645727E-04
  0.5765772123075E-04
  0.5762814336891E-04
  0.5898520105108E-04
  0.5908399633794E-04
  0.5841181807173E-04
  0.5754279081495E-04
  0.5739688331137E-04
  0.5815417102221E-04
  0.5908007258403E-04
  0.5989640716857E-04
  0.6034741368926E-04
  0.6009030969172E-04
  0.5927673784112E-04
  0.5873875139103E-04
  0.5703738176623E-04
  0.5698836590767E-04
  0.5730804487484E-04
  0.5778670471746E-04
  0.5809199185755E-04
  0.5803645462953E-04
  0.5745626464683E-04
  0.5652092572921E-04
  0.5531560209224E-04
  0.5379663864280E-04
  0.5246355287180E-04
  0.5181810048384E-04
  0.5183043877769E-04
  0.5221802805226E-04
  0.5270056719928E-04
  0.5301900253258E-04
  0.5284539338054E-04
  0.5277583793144E-04
  0.5338476628895E-04
  0.5518971449799E-04
  0.5739312002632E-04
  0.4949662504520E-04
  0.5208347216542E-04
  0.5338890386213E-04
  0.5485978672446E-04
  0.5547916653967E-04
  0.5559881682473E-04
  0.5522544563317E-04
  0.5521594455694E-04
  0.5576657514997E-04
  0.5668522490739E-04
  0.5761509051400E-04
  0.5822419642985E-04
  0.5823108984290E-04
  0.5787349214293E-04
  0.5739967056176E-04
  0.5267453997091E-04
  0.5254392830047E-04
  0.5276266236532E-04
  0.5330359742538E-04
  0.5368800422422E-04
  0.5380752240940E-04
  0.5359561665269E-04
  0.5301657139026E-04
  0.5205529533283E-04
  0.5071287784892E-04
  0.4922755255759E-04
  0.4801147960810E-04
  0.4737985963211E-04
  0.4696868039500E-04
  0.4643462857122E-04
  0.4608737774225E-04
  0.4657036444367E-04
  0.4836426048874E-04
  0.4887958525852E-04
  0.5089753060343E-04
  0.5233842688133E-04
  0.2635327309878E-04
  0.3708672246162E-04
  0.4336473399718E-04
  0.4679033007211E-04
  0.4844404233668E-04
  0.4935491954584E-04
  0.4967592818589E-04
  0.5016662348595E-04
  0.5080108496893E-04
  0.5155372173242E-04
  0.5237927530504E-04
  0.5301768074920E-04
  0.5326802928346E-04
  0.5323532886129E-04
  0.5296135258397E-04
  0.4363657661393E-04
  0.4364730495641E-04
  0.4390230236779E-04
  0.4455455209234E-04
  0.4507759520661E-04
  0.4534527537640E-04
  0.4529205893399E-04
  0.4481736565135E-04
  0.4387256033740E-04
  0.4236827809194E-04
  0.3987727802478E-04
  0.3633051182419E-04
  0.3271002645763E-04
  0.3259972005632E-04
  0.3550772655267E-04
  0.3760675493412E-04
  0.4079788256012E-04
  0.4446622698810E-04
  0.4762092505365E-04
  0.5060048038439E-04
  0.5224510016448E-04
  0.6168067056135E-04
  0.5807557306078E-04
  0.4848444266481E-04
  0.4307586222051E-04
  0.4183805516167E-04
  0.4072743070082E-04
  0.3939288265629E-04
  0.3911032006215E-04
  0.4003144424775E-04
  0.4125116373009E-04
  0.4244169736986E-04
  0.4330994947555E-04
  0.4390506799787E-04
  0.4409497755174E-04
  0.4386567194655E-04
  0.3794211648609E-04
  0.3682343641103E-04
  0.3594104313773E-04
  0.3622721397204E-04
  0.3642298925413E-04
  0.3634623162784E-04
  0.3605250909316E-04
  0.3538373469783E-04
  0.3421226950982E-04
  0.3400197670750E-04
  0.3554228655031E-04
  0.3779201765480E-04
  0.3941214726481E-04
  0.4059741495942E-04
  0.4343610787894E-04
  0.4644649640916E-04
  0.4746103698935E-04
  0.4895873316941E-04
  0.0000000000000E+00
  0.0000000000000E+00
  0.0000000000000E+00
  0.5131220127543E-04
  0.7046304967005E-04
  0.6479720387276E-04
  0.5657063830111E-04
  0.5166343151551E-04
  0.4897334005438E-04
  0.4657855625195E-04
  0.4453957285511E-04
  0.4247812816773E-04
  0.4084552575707E-04
  0.3993368944722E-04
  0.3976141262356E-04
  0.3993956331296E-04
  0.3985659935979E-04
  0.3914458059268E-04
  0.4194778999462E-04
  0.4193678862197E-04
  0.4175203821775E-04
  0.4130260511167E-04
  0.4094464824718E-04
  0.4084654691603E-04
  0.4090646992617E-04
  0.4090333705568E-04
  0.4090782954593E-04
  0.4068956307725E-04
  0.4011644619172E-04
  0.3928357790696E-04
  0.3827062051637E-04
  0.3762661230166E-04
  0.3982462331141E-04
  0.4461883609502E-04
  0.4843334073763E-04
  0.4757091723301E-04
  0.0000000000000E+00
  0.0000000000000E+00
  0.0000000000000E+00
  0.4181985793868E-04
  0.6153538989904E-04
  0.6406834111026E-04
  0.6185868118052E-04
  0.5839440246469E-04
  0.5429729766690E-04
  0.5005243760272E-04
  0.4625389543386E-04
  0.4418093187708E-04
  0.4278542886821E-04
  0.4283757047062E-04
  0.4203177561427E-04
  0.4165873222736E-04
  0.4163881281492E-04
  0.4178424057349E-04
  0.3654667205093E-04
  0.3599116661459E-04
  0.3538455650356E-04
  0.3647111085570E-04
  0.3667836988089E-04
  0.3674869442436E-04
  0.3684301731137E-04
  0.3699828895987E-04
  0.3715198053097E-04
  0.3716253067959E-04
  0.3698045259337E-04
  0.3659245486156E-04
  0.3583199366446E-04
  0.3486929226661E-04
  0.3549589999840E-04
  0.4048939193844E-04
  0.4502890827310E-04
  0.4944666579975E-04
  0.0000000000000E+00
  0.0000000000000E+00
  0.0000000000000E+00
  0.3308265931191E-04
  0.4469748571934E-04
  0.4755233860467E-04
  0.5030810038455E-04
  0.5175370729937E-04
  0.5130006307448E-04
  0.5033316947967E-04
  0.4868402135509E-04
  0.4652945765391E-04
  0.4434608124280E-04
  0.4239180117154E-04
  0.4074593157415E-04
  0.3933062445673E-04
  0.3809223155726E-04
  0.3718820413665E-04
  0.3550414359920E-04
  0.3498376858633E-04
  0.3445089169244E-04
  0.3385359390453E-04
  0.3330853746218E-04
  0.3291710522582E-04
  0.3273349608733E-04
  0.3283315366558E-04
  0.3316236536179E-04
  0.3341925116490E-04
  0.3363522773536E-04
  0.3362068474079E-04
  0.3337699049525E-04
  0.3283850634691E-04
  0.3227301739024E-04
  0.3462114090607E-04
  0.3860539783018E-04
  0.4891437845112E-04
  0.4196265225541E-04
  0.3585218531756E-04
  0.2929649249433E-04
  0.2786565158290E-04
  0.2753191868982E-04
  0.2924817418269E-04
  0.3257282474439E-04
  0.3490489884474E-04
  0.3800996952856E-04
  0.4013085223685E-04
  0.4051822906115E-04
  0.4078839643134E-04
  0.4041436975423E-04
  0.3963543316096E-04
  0.3876234302305E-04
  0.3792490632094E-04
  0.3642399904525E-04
  0.3587203114187E-04
  0.3080235681817E-04
  0.2992229030347E-04
  0.2992278134837E-04
  0.2991968751997E-04
  0.2979687010718E-04
  0.2962421530563E-04
  0.2957468739286E-04
  0.2965568776499E-04
  0.2991212624175E-04
  0.2924217614712E-04
  0.2947410058569E-04
  0.2972093979462E-04
  0.2985033656343E-04
  0.2982545655254E-04
  0.2936840817414E-04
  0.2911600827051E-04
  0.3069965708895E-04
  0.3331395606231E-04
  0.3194035947075E-04
  0.2885994636858E-04
  0.2548671136685E-04
  0.2285247479887E-04
  0.2162444205165E-04
  0.2150039793528E-04
  0.2139165222585E-04
  0.2194298531023E-04
  0.2372850472059E-04
  0.2570658286381E-04
  0.2763699121138E-04
  0.2894763567054E-04
  0.2968256657447E-04
  0.2988659621515E-04
  0.2983463525760E-04
  0.3039711780284E-04
  0.3063932962394E-04
  0.3069985919674E-04
  0.2101331884528E-04
  0.2151905949191E-04
  0.2178727090703E-04
  0.2192939041827E-04
  0.2186288226406E-04
  0.2176888629375E-04
  0.2182261279711E-04
  0.2178625861003E-04
  0.2148257213341E-04
  0.2135863952812E-04
  0.2166252500021E-04
  0.2190899729081E-04
  0.2203114645179E-04
  0.2198385453415E-04
  0.2173186419283E-04
  0.2105427055872E-04
  0.2155703466667E-04
  0.2354426883597E-04
  0.2314938011120E-04
  0.2221778740360E-04
  0.1996787194256E-04
  0.1919529485064E-04
  0.1802383765636E-04
  0.1695957257577E-04
  0.1590722576672E-04
  0.1498401477462E-04
  0.1455783314040E-04
  0.1518990294129E-04
  0.1654464145861E-04
  0.1784035195340E-04
  0.1887814040474E-04
  0.1968646145765E-04
  0.2009672368934E-04
  0.2050569201314E-04
  0.2090324746806E-04
  0.2069618091449E-04
  0.1119355226817E-04
  0.1116849147993E-04
  0.1111387226055E-04
  0.1105149239407E-04
  0.1082454437163E-04
  0.1075275417025E-04
  0.1071857619255E-04
  0.1071771675952E-04
  0.1074128754634E-04
  0.1080851414491E-04
  0.1092374265544E-04
  0.1098116024428E-04
  0.1091794052381E-04
  0.1099321291838E-04
  0.1105039059297E-04
  0.1105701514675E-04
  0.1107751796675E-04
  0.1108885518872E-04
  0.1109843883003E-04
  0.1111407999189E-04
  0.1114158640405E-04
  0.1113844270936E-04
  0.1110289754171E-04
  0.1109452293064E-04
  0.1110522669121E-04
  0.1116247250538E-04
  0.1131747199222E-04
  0.1139004057002E-04
  0.1138980778178E-04
  0.1134277458696E-04
  0.1126022326018E-04
  0.1117676562370E-04
  0.1113717555472E-04
  0.1113679301588E-04
  0.1116799333083E-04
  0.1119095848868E-04
  0.5525272901357E-05
  0.5481806423576E-05
  0.5478404339262E-05
  0.4898615505231E-05
  0.4877421246172E-05
  0.4941672408725E-05
  0.5098122263624E-05
  0.6337725432257E-05
  0.6951485161334E-05
  0.7682730814901E-05
  0.8364812206321E-05
  0.8091043992885E-05
  0.1048767712021E-04
  0.1045184884094E-04
  0.1044293096790E-04
  0.1045983115540E-04
  0.1051288583110E-04
  0.6979591949662E-05
  0.6413303600715E-05
  0.5781094672513E-05
  0.5592960884532E-05
  0.4947397122682E-05
  0.2851541258399E-05
  0.2735481155149E-05
  0.2752741031768E-05
  0.2884729979275E-05
  0.3087407589568E-05
  0.3205623673514E-05
  0.3307890159152E-05
  0.3309925442098E-05
  0.3255877849059E-05
  0.3270545234416E-05
  0.3246233009684E-05
  0.3233342466265E-05
  0.3238632679403E-05
  0.5514417616203E-05
  0.2804126213827E-05
  0.3487866888917E-05
  0.3734253507440E-05
  0.3706886038323E-05
  0.3409939038198E-05
  0.2673955436705E-05
  0.3739998431777E-05
  0.4308236432903E-05
  0.4417177242786E-05
  0.3996509628063E-05
  0.2868572294173E-05
  0.2843146400796E-06
  0.0000000000000E+00
  0.0000000000000E+00
  0.0000000000000E+00
  0.0000000000000E+00
  0.0000000000000E+00
  0.0000000000000E+00
  0.0000000000000E+00
  0.0000000000000E+00
  0.0000000000000E+00
  0.0000000000000E+00
  0.0000000000000E+00
  0.0000000000000E+00
  0.0000000000000E+00
  0.0000000000000E+00
  0.0000000000000E+00
  0.0000000000000E+00
  0.0000000000000E+00
  0.0000000000000E+00
  0.0000000000000E+00
  0.0000000000000E+00
  0.1726005365185E-05
  0.3919226964507E-05
  0.4497420314480E-05
  0.4043205029271E-05
  0.4239183653782E-05
  0.1616296641645E-05
  0.9233772944520E-06
  0.1522327332403E-05
  0.3829484872376E-05
  0.4776769940028E-05
  0.5230829711126E-05
  0.5326748018637E-05
  0.4842264895535E-05
  0.3145220131720E-05
  0.4277606044062E-05
  0.4360249982269E-05
  0.3662445392311E-05
  0.1393349740083E-05
  0.0000000000000E+00
  0.0000000000000E+00
  0.0000000000000E+00
  0.0000000000000E+00
  0.0000000000000E+00
  0.0000000000000E+00
  0.0000000000000E+00
  0.0000000000000E+00
  0.0000000000000E+00
  0.0000000000000E+00
  0.0000000000000E+00
  0.0000000000000E+00
  0.0000000000000E+00
  0.0000000000000E+00
  0.0000000000000E+00
  0.0000000000000E+00
  0.0000000000000E+00
  0.0000000000000E+00
  0.1170029693019E-05
  0.4527609467697E-05
  0.5441629190282E-05
  0.5334443125089E-05
  0.9754099148967E-05
  0.9390657318288E-05
  0.9182114046841E-05
  0.8333953372396E-05
  0.7717538935027E-05
  0.8137426109290E-05
  0.8836223511401E-05
  0.9560591381727E-05
  0.9927278191081E-05
  0.9662980667477E-05
  0.7644221979478E-05
  0.5405625857677E-05
  0.4840490025092E-05
  0.2665727584182E-05
  0.0000000000000E+00
  0.0000000000000E+00
  0.0000000000000E+00
  0.0000000000000E+00
  0.0000000000000E+00
  0.0000000000000E+00
  0.0000000000000E+00
  0.0000000000000E+00
  0.0000000000000E+00
  0.0000000000000E+00
  0.0000000000000E+00
  0.0000000000000E+00
  0.0000000000000E+00
  0.0000000000000E+00
  0.0000000000000E+00
  0.0000000000000E+00
  0.0000000000000E+00
  0.0000000000000E+00
  0.1660742074920E-05
  0.5671658438246E-05
  0.7931134635550E-05
  0.9619058512364E-05
  0.1641031007397E-04
  0.1581963899223E-04
  0.1511708578592E-04
  0.1442831049476E-04
  0.1334421113355E-04
  0.1313098346192E-04
  0.1377804973866E-04
  0.1443221202330E-04
  0.1449957939182E-04
  0.1321190986294E-04
  0.1142596153295E-04
  0.6576780119876E-05
  0.2900853772099E-05
  0.0000000000000E+00
  0.0000000000000E+00
  0.0000000000000E+00
  0.0000000000000E+00
  0.0000000000000E+00
  0.0000000000000E+00
  0.0000000000000E+00
  0.0000000000000E+00
  0.0000000000000E+00
  0.0000000000000E+00
  0.0000000000000E+00
  0.0000000000000E+00
  0.0000000000000E+00
  0.0000000000000E+00
  0.0000000000000E+00
  0.0000000000000E+00
  0.0000000000000E+00
  0.0000000000000E+00
  0.0000000000000E+00
  0.3475760601481E-05
  0.9599152845854E-05
  0.1342628022415E-04
  0.1552882653514E-04
  0.2308145283308E-04
  0.2174901139899E-04
  0.2009962348419E-04
  0.1902016909368E-04
  0.1804316467695E-04
  0.1750569837139E-04
  0.1751863849136E-04
  0.1758424664764E-04
  0.1710312649749E-04
  0.1568966238324E-04
  0.1252668324338E-04
  0.8033837823293E-05
  0.3254975500870E-05
  0.0000000000000E+00
  0.0000000000000E+00
  0.0000000000000E+00
  0.0000000000000E+00
  0.0000000000000E+00
  0.0000000000000E+00
  0.0000000000000E+00
  0.0000000000000E+00
  0.0000000000000E+00
  0.0000000000000E+00
  0.0000000000000E+00
  0.0000000000000E+00
  0.0000000000000E+00
  0.0000000000000E+00
  0.0000000000000E+00
  0.0000000000000E+00
  0.0000000000000E+00
  0.0000000000000E+00
  0.0000000000000E+00
  0.4918645071946E-05
  0.1257045701159E-04
  0.1895728638159E-04
  0.2261962815162E-04
  0.2751608631142E-04
  0.2506472092140E-04
  0.2279074855693E-04
  0.2153539378773E-04
  0.2083039684794E-04
  0.2028878605500E-04
  0.1984098906766E-04
  0.1935622971140E-04
  0.1851272759308E-04
  0.1740704285693E-04
  0.1534180303569E-04
  0.1060295255337E-04
  0.4653522641710E-05
  0.0000000000000E+00
  0.0000000000000E+00
  0.0000000000000E+00
  0.0000000000000E+00
  0.0000000000000E+00
  0.0000000000000E+00
  0.0000000000000E+00
  0.0000000000000E+00
  0.9379144373187E-06
  0.7489713841411E-06
  0.0000000000000E+00
  0.0000000000000E+00
  0.0000000000000E+00
  0.0000000000000E+00
  0.0000000000000E+00
  0.0000000000000E+00
  0.0000000000000E+00
  0.0000000000000E+00
  0.0000000000000E+00
  0.6806406502694E-05
  0.1686564381199E-04
  0.2527651390132E-04
  0.2824797710414E-04
  0.2874926635510E-04
  0.2569890060415E-04
  0.2352083845838E-04
  0.2257736837933E-04
  0.2222272455099E-04
  0.2184525994049E-04
  0.2122555805920E-04
  0.2044854392049E-04
  0.1965865606479E-04
  0.1920479182340E-04
  0.1824799080477E-04
  0.1394612005982E-04
  0.5745768022159E-05
  0.0000000000000E+00
  0.0000000000000E+00
  0.0000000000000E+00
  0.0000000000000E+00
  0.0000000000000E+00
  0.0000000000000E+00
  0.0000000000000E+00
  0.4791485037073E-05
  0.8537964113746E-05
  0.5447714628444E-05
  0.0000000000000E+00
  0.0000000000000E+00
  0.0000000000000E+00
  0.1055753620261E-05
  0.1386795609479E-05
  0.0000000000000E+00
  0.0000000000000E+00
  0.0000000000000E+00
  0.0000000000000E+00
  0.9179945865161E-05
  0.2290588009449E-04
  0.3033827051443E-04
  0.3096411390762E-04
  0.2833665883889E-04
  0.2621323232050E-04
  0.2514195253233E-04
  0.2502425656667E-04
  0.2484115870301E-04
  0.2441291307674E-04
  0.2356580197779E-04
  0.2252521398622E-04
  0.2162174440475E-04
  0.2144363677881E-04
  0.2113350685187E-04
  0.1703398397114E-04
  0.8833554652572E-05
  0.0000000000000E+00
  0.0000000000000E+00
  0.0000000000000E+00
  0.0000000000000E+00
  0.0000000000000E+00
  0.0000000000000E+00
  0.3557500881416E-05
  0.1351608599447E-04
  0.1575071096408E-04
  0.1051750992159E-04
  0.3049543131981E-05
  0.7117791268224E-06
  0.2555511993534E-05
  0.6194122232902E-05
  0.7128623653393E-05
  0.0000000000000E+00
  0.0000000000000E+00
  0.0000000000000E+00
  0.0000000000000E+00
  0.1370253976496E-04
  0.2737180634540E-04
  0.3034421658972E-04
  0.3033000248176E-04
  0.3026708308013E-04
  0.2993464950825E-04
  0.2980571758798E-04
  0.3012747571834E-04
  0.3022966023997E-04
  0.3013853016424E-04
  0.2971223718357E-04
  0.2910644903072E-04
  0.2844636513518E-04
  0.2748841517103E-04
  0.2560565495990E-04
  0.2044931582389E-04
  0.1311510878886E-04
  0.3915068259855E-05
  0.0000000000000E+00
  0.0000000000000E+00
  0.0000000000000E+00
  0.5369122148363E-05
  0.6801604720601E-05
  0.7511286178202E-05
  0.1827153060087E-04
  0.1940225718837E-04
  0.1457069324587E-04
  0.9981544528627E-05
  0.6838745402454E-05
  0.8970087707688E-05
  0.1127762736357E-04
  0.1146110922661E-04
  0.9507019019669E-06
  0.0000000000000E+00
  0.0000000000000E+00
  0.0000000000000E+00
  0.1864357204330E-04
  0.2802123132681E-04
  0.2870325158959E-04
  0.3029966026723E-04
  0.3360618757718E-04
  0.3400289556580E-04
  0.3425074266577E-04
  0.3468588283470E-04
  0.3514409339229E-04
  0.3552853421313E-04
  0.3564189515908E-04
  0.3537697380520E-04
  0.3488337687718E-04
  0.3363438462474E-04
  0.3123051385436E-04
  0.2635339599070E-04
  0.1709876982904E-04
  0.8663693282011E-05
  0.3003847215276E-05
  0.0000000000000E+00
  0.0000000000000E+00
  0.8990049563143E-05
  0.1596525807557E-04
  0.8692779926467E-05
  0.2261986198239E-04
  0.2288725326977E-04
  0.2024624467823E-04
  0.1612951257783E-04
  0.1311123861603E-04
  0.1555338702751E-04
  0.1637166794489E-04
  0.1514049829811E-04
  0.4620548800239E-05
  0.0000000000000E+00
  0.0000000000000E+00
  0.0000000000000E+00
  0.2373763335679E-04
  0.3103919976793E-04
  0.3054435158073E-04
  0.3267701179382E-04
  0.3755419270111E-04
  0.3801496757214E-04
  0.3840067614317E-04
  0.3895411646228E-04
  0.3989464481464E-04
  0.4079535466804E-04
  0.4144824376265E-04
  0.4141174237933E-04
  0.4074073115025E-04
  0.3891293682081E-04
  0.3580294221388E-04
  0.3063590242098E-04
  0.2209945180071E-04
  0.1256056324889E-04
  0.1389049421029E-04
  0.0000000000000E+00
  0.0000000000000E+00
  0.5046477971432E-05
  0.2335767621849E-04
  0.1885071502610E-04
  0.2766894032652E-04
  0.2801822769997E-04
  0.2520711733668E-04
  0.1987149703897E-04
  0.1406995030940E-04
  0.2057037086590E-04
  0.1991286848071E-04
  0.1897722101761E-04
  0.1045379962586E-04
  0.0000000000000E+00
  0.0000000000000E+00
  0.0000000000000E+00
  0.2977271109775E-04
  0.3504199467084E-04
  0.3426371107459E-04
  0.3648060483987E-04
  0.4125496093310E-04
  0.4158713351978E-04
  0.4205582528996E-04
  0.4286293318227E-04
  0.4424132997260E-04
  0.4560938740558E-04
  0.4670881696078E-04
  0.4677077550235E-04
  0.4566482884456E-04
  0.4311944255184E-04
  0.3921602792802E-04
  0.3414713190609E-04
  0.2865450763908E-04
  0.2240609365246E-04
  0.2386757081728E-04
  0.6157019205622E-05
  0.0000000000000E+00
  0.2038397748289E-05
  0.2471469522917E-04
  0.2605630777756E-04
  0.2995128240608E-04
  0.3259592968980E-04
  0.2984242678774E-04
  0.2347575942733E-04
  0.9337445510802E-05
  0.1866445575877E-04
  0.1900082178830E-04
  0.2312847507887E-04
  0.1789089461338E-04
  0.6127030190976E-05
  0.0000000000000E+00
  0.1658365197087E-05
  0.3588869363562E-04
  0.3904544192209E-04
  0.3826671407837E-04
  0.4028309189685E-04
  0.4502746618192E-04
  0.4526069103597E-04
  0.4573558766976E-04
  0.4662680489325E-04
  0.4795377761851E-04
  0.4939143220679E-04
  0.5060086605875E-04
  0.5055432806384E-04
  0.4902912241821E-04
  0.4615729419807E-04
  0.4234906065598E-04
  0.3885899065661E-04
  0.3585290155768E-04
  0.2839594110738E-04
  0.2831246096767E-04
  0.1821475834462E-04
  0.2899285998540E-05
  0.2806814037670E-05
  0.2033981358736E-04
  0.3262705388476E-04
  0.3459544201490E-04
  0.3729558663980E-04
  0.3489416477138E-04
  0.2885860905658E-04
  0.1176366853763E-04
  0.1548012331114E-04
  0.1286404649943E-04
  0.2403454619333E-04
  0.2604728698883E-04
  0.1533605256419E-04
  0.0000000000000E+00
  0.8361305504798E-05
  0.3826379330994E-04
  0.4195567467325E-04
  0.4254518140449E-04
  0.4422205949102E-04
  0.4881723930732E-04
  0.4905173282632E-04
  0.4946288584666E-04
  0.4998686249948E-04
  0.5063453125772E-04
  0.5164634856496E-04
  0.5281326252383E-04
  0.5287189668134E-04
  0.5135587019518E-04
  0.4906278198347E-04
  0.4656285521473E-04
  0.4454261498712E-04
  0.4127635677112E-04
  0.3433535156883E-04
  0.3346572669157E-04
  0.3037689991455E-04
  0.9736305933804E-05
  0.2865016149859E-05
  0.1177049633560E-04
  0.3490309683397E-04
  0.4006279311310E-04
  0.4162875128763E-04
  0.3960648840343E-04
  0.3653190775442E-04
  0.2143515622834E-04
  0.1766852803103E-04
  0.1296736897928E-04
  0.1891842647592E-04
  0.3438061387366E-04
  0.2546169241086E-04
  0.3761618603288E-05
  0.1729291987561E-04
  0.4124317291281E-04
  0.4567030194156E-04
  0.4712524025807E-04
  0.4823679858296E-04
  0.5180346567208E-04
  0.5220112857237E-04
  0.5259448097202E-04
  0.5264020794322E-04
  0.5258077800139E-04
  0.5338775989209E-04
  0.5468863737576E-04
  0.5480641654282E-04
  0.5337360003865E-04
  0.5171032430390E-04
  0.5039253135005E-04
  0.4886406853431E-04
  0.4439961950032E-04
  0.3806685459716E-04
  0.3836144065651E-04
  0.3815408146475E-04
  0.1099397939501E-04
  0.2990885938139E-05
  0.8170816246907E-05
  0.3534772727998E-04
  0.4350639362725E-04
  0.4510882939303E-04
  0.4357430280378E-04
  0.4154891403767E-04
  0.2718191003201E-04
  0.2305194341657E-04
  0.1641045609985E-04
  0.1744608851109E-04
  0.4047766531687E-04
  0.3644704115848E-04
  0.1443250967904E-04
  0.3109090462872E-04
  0.4491267803363E-04
  0.4932424672734E-04
  0.5072860969054E-04
  0.5132741766075E-04
  0.5120096093356E-04
  0.5160722713028E-04
  0.5188571134254E-04
  0.5184932979538E-04
  0.5189948660952E-04
  0.5265208919160E-04
  0.5368140822112E-04
  0.5367765021593E-04
  0.5260062676938E-04
  0.5149573485843E-04
  0.5058722398944E-04
  0.4925624090189E-04
  0.4489207717763E-04
  0.3882793536612E-04
  0.4061423669299E-04
  0.4017271070364E-04
  0.9716623613666E-05
  0.3332076217515E-05
  0.7312032690957E-05
  0.3500062897791E-04
  0.4594557445374E-04
  0.4893593548887E-04
  0.4697197085452E-04
  0.4382994219276E-04
  0.3273890103677E-04
  0.2768924825755E-04
  0.2531809241679E-04
  0.1954621796514E-04
  0.4025294157861E-04
  0.4355156122766E-04
  0.2854480486101E-04
  0.3885974669289E-04
  0.4672161023607E-04
  0.5029202653047E-04
  0.5059057343695E-04
  0.5076249384091E-04
  0.4466293426913E-04
  0.4440615741812E-04
  0.4393953644847E-04
  0.4342859723950E-04
  0.4345267103557E-04
  0.4427629714375E-04
  0.4549022587199E-04
  0.4606229973219E-04
  0.4615690529796E-04
  0.4643118758113E-04
  0.4651761058224E-04
  0.4597863891059E-04
  0.4345599883279E-04
  0.3761207883051E-04
  0.4138599529731E-04
  0.3930479215540E-04
  0.1014212472779E-04
  0.5112326819993E-05
  0.7536910627167E-05
  0.3892354972342E-04
  0.4786407577041E-04
  0.5104681663615E-04
  0.4982076805275E-04
  0.4547324908762E-04
  0.3766910608227E-04
  0.3566813067881E-04
  0.3314084710021E-04
  0.2485877612212E-04
  0.3206464851544E-04
  0.4459338839143E-04
  0.3564847674384E-04
  0.4094929301772E-04
  0.4464258919057E-04
  0.4592795174474E-04
  0.4522708369886E-04
  0.4481269469317E-04
  0.3626233746745E-04
  0.3561930993306E-04
  0.3500212915358E-04
  0.3467905632966E-04
  0.3479739269309E-04
  0.3531187215072E-04
  0.3605163458075E-04
  0.3663981494759E-04
  0.3745938676581E-04
  0.3862886915199E-04
  0.3981076086313E-04
  0.4095995591713E-04
  0.4118308233378E-04
  0.3644466718633E-04
  0.4286210275127E-04
  0.3843118811073E-04
  0.1260782814926E-04
  0.8457655648807E-05
  0.8962408365024E-05
  0.4149844784795E-04
  0.4663916211809E-04
  0.4832214077712E-04
  0.4944279693035E-04
  0.4661831109746E-04
  0.4138422482400E-04
  0.4171794300852E-04
  0.3970986348159E-04
  0.3586874219304E-04
  0.3022840127184E-04
  0.4270643120106E-04
  0.3876318117961E-04
  0.3977024632507E-04
  0.3920676031732E-04
  0.3883137567250E-04
  0.3769425472605E-04
  0.3689641554699E-04
  0.3232007528373E-04
  0.3152625385665E-04
  0.3087738624187E-04
  0.3066984994951E-04
  0.3079828063760E-04
  0.3116353739762E-04
  0.3163687784273E-04
  0.3201260017936E-04
  0.3264832816263E-04
  0.3364972165660E-04
  0.3501712806334E-04
  0.3700761606451E-04
  0.3980473567035E-04
  0.4110462547923E-04
  0.4545193154754E-04
  0.3619038344073E-04
  0.1579538017242E-04
  0.1249802294489E-04
  0.1289696255642E-04
  0.4639063405605E-04
  0.4664745663769E-04
  0.4326228788387E-04
  0.4647302614795E-04
  0.4772296087342E-04
  0.4357762324422E-04
  0.4563669255908E-04
  0.4629688598776E-04
  0.4695705275229E-04
  0.3394609723054E-04
  0.4259865226947E-04
  0.4074876830820E-04
  0.3853322928760E-04
  0.3604395275185E-04
  0.3517514953895E-04
  0.3408036493670E-04
  0.3314167501887E-04
  0.3685825831025E-04
  0.3559285518011E-04
  0.3455632372799E-04
  0.3395719463109E-04
  0.3378915015759E-04
  0.3397128174304E-04
  0.3446272437953E-04
  0.3500520265820E-04
  0.3582149954557E-04
  0.3700821580871E-04
  0.3849236857926E-04
  0.4055019314237E-04
  0.4384965432847E-04
  0.4739845144968E-04
  0.4970440934790E-04
  0.3671388085232E-04
  0.1942692611359E-04
  0.1596766683308E-04
  0.2037227611607E-04
  0.5063032770935E-04
  0.4836401039891E-04
  0.4189314434118E-04
  0.4102802395200E-04
  0.5187401988919E-04
  0.5044119847234E-04
  0.5207897170961E-04
  0.5243707945212E-04
  0.5228375707700E-04
  0.4604062314256E-04
  0.4995403562008E-04
  0.4860392215797E-04
  0.4529282163692E-04
  0.4246004149043E-04
  0.4124369756137E-04
  0.3978136443754E-04
  0.3823281480833E-04
  0.5006579570072E-04
  0.4834485684349E-04
  0.4661896769315E-04
  0.4517039243807E-04
  0.4428224519996E-04
  0.4394685491922E-04
  0.4416656081370E-04
  0.4450672381362E-04
  0.4495792376050E-04
  0.4559585006111E-04
  0.4605576852422E-04
  0.4638880413875E-04
  0.4721031109906E-04
  0.4853144097091E-04
  0.5382051156154E-04
  0.4631359861920E-04
  0.2265652235244E-04
  0.2313346791962E-04
  0.3208070255400E-04
  0.5422650647485E-04
  0.4905946849755E-04
  0.4046565321964E-04
  0.3380514554358E-04
  0.5401409629028E-04
  0.5659747001293E-04
  0.5681135354917E-04
  0.5619610887312E-04
  0.5404415946293E-04
  0.5267476558573E-04
  0.5738622239032E-04
  0.5876720128784E-04
  0.5715631960795E-04
  0.5584180509432E-04
  0.5497249254517E-04
  0.5355294069070E-04
  0.5183911452569E-04
  0.6443644972112E-04
  0.6359136754146E-04
  0.6201699143836E-04
  0.5989662900734E-04
  0.5794278542682E-04
  0.5627958605957E-04
  0.5496378900021E-04
  0.5384925630693E-04
  0.5295302357229E-04
  0.5235554144655E-04
  0.5160146166374E-04
  0.5045303723339E-04
  0.4875264256852E-04
  0.4649158699426E-04
  0.4913872793399E-04
  0.5479174651338E-04
  0.3283090421825E-04
  0.3375871809388E-04
  0.4241812895938E-04
  0.5527952669844E-04
  0.4934953939737E-04
  0.3543891911142E-04
  0.3741451942478E-04
  0.5523409097641E-04
  0.6061882015902E-04
  0.5868818071747E-04
  0.5764798750736E-04
  0.5524418774044E-04
  0.5476311146835E-04
  0.5926440881492E-04
  0.6271329667417E-04
  0.6375480382273E-04
  0.6492603518904E-04
  0.6597467071462E-04
  0.6572961855371E-04
  0.6518797636391E-04
  0.6763023907166E-04
  0.6829756067432E-04
  0.6844584393930E-04
  0.6748121767586E-04
  0.6585537768265E-04
  0.6357622818504E-04
  0.6067678122726E-04
  0.5794874157579E-04
  0.5587009455685E-04
  0.5445628584012E-04
  0.5331013902844E-04
  0.5216862782118E-04
  0.5036846172632E-04
  0.4706247887107E-04
  0.4335796288226E-04
  0.4633245711364E-04
  0.4324313563917E-04
  0.4233803954783E-04
  0.4231344277953E-04
  0.5160559576020E-04
  0.5052962927876E-04
  0.2715964973277E-04
  0.4701065326032E-04
  0.5819232285332E-04
  0.5989412055279E-04
  0.5830424660575E-04
  0.5720676156997E-04
  0.5476659333201E-04
  0.5332990445700E-04
  0.5566024104301E-04
  0.5904565039840E-04
  0.6124226008318E-04
  0.6374496323550E-04
  0.6612038300524E-04
  0.6683304102373E-04
  0.6726324816946E-04
  0.6214557178046E-04
  0.6308945865256E-04
  0.6439976335045E-04
  0.6552291680408E-04
  0.6587207687862E-04
  0.6499805024774E-04
  0.6255903570160E-04
  0.5944794783340E-04
  0.5661912704132E-04
  0.5445510278725E-04
  0.5291437204653E-04
  0.5174499120364E-04
  0.5042341782040E-04
  0.4843560805292E-04
  0.4654049237687E-04
  0.4871183457682E-04
  0.4671985103322E-04
  0.4458072413249E-04
  0.4365601417379E-04
  0.4786862715112E-04
  0.4928624234691E-04
  0.2769456286962E-04
  0.4833468498447E-04
  0.5452901269180E-04
  0.5566693315146E-04
  0.5599228312276E-04
  0.5546933012614E-04
  0.5335633316967E-04
  0.5146004495156E-04
  0.5230990360056E-04
  0.5452265201165E-04
  0.5622209519064E-04
  0.5832737481510E-04
  0.6040857878018E-04
  0.6126803772753E-04
  0.6175592189168E-04
  0.5589624718033E-04
  0.5630400550929E-04
  0.5736990928402E-04
  0.5911265834640E-04
  0.6082077441542E-04
  0.6183728346560E-04
  0.6142462580410E-04
  0.5955724046582E-04
  0.5688872929723E-04
  0.5405462732294E-04
  0.5179078015800E-04
  0.5009293100857E-04
  0.4850033459752E-04
  0.4660697058622E-04
  0.4542445302529E-04
  0.4710285456524E-04
  0.4603152062276E-04
  0.4354685097463E-04
  0.4121981007270E-04
  0.4349123777271E-04
  0.4550753079992E-04
  0.3785353760905E-04
  0.4718124405778E-04
  0.4990049492367E-04
  0.5095746701220E-04
  0.5211640999185E-04
  0.5237441154376E-04
  0.5118134930382E-04
  0.4960281882726E-04
  0.4965604393980E-04
  0.5093917867275E-04
  0.5204450279994E-04
  0.5345433950946E-04
  0.5466469795639E-04
  0.5534291010060E-04
  0.5574221613781E-04
  0.5037463985133E-04
  0.5034690601649E-04
  0.5076958971776E-04
  0.5195597323452E-04
  0.5348674346651E-04
  0.5493974111942E-04
  0.5596953170897E-04
  0.5595389986785E-04
  0.5469931422514E-04
  0.5242507628140E-04
  0.4992900653433E-04
  0.4770785042862E-04
  0.4581224763643E-04
  0.4421303118978E-04
  0.4330301332393E-04
  0.4371084893090E-04
  0.4276353736580E-04
  0.4094671323632E-04
  0.3709771676082E-04
  0.3807824689030E-04
  0.3970529249021E-04
  0.4148847624782E-04
  0.4550857794171E-04
  0.4540175968918E-04
  0.4609793290350E-04
  0.4713227169823E-04
  0.4787962251663E-04
  0.4770924931067E-04
  0.4685845711204E-04
  0.4665473054871E-04
  0.4721469883149E-04
  0.4775613748129E-04
  0.4861465127642E-04
  0.4932233677086E-04
  0.4989304339298E-04
  0.5028659771511E-04
  0.4537237465540E-04
  0.4523501570462E-04
  0.4522677339389E-04
  0.4568141381880E-04
  0.4650670596903E-04
  0.4746325305729E-04
  0.4848672123977E-04
  0.4917821650952E-04
  0.4908278381982E-04
  0.4800428996310E-04
  0.4627406580202E-04
  0.4402227347798E-04
  0.4185950000281E-04
  0.4048317816875E-04
  0.4010798541967E-04
  0.4016865568636E-04
  0.3940565601748E-04
  0.3773928303282E-04
  0.3238394035664E-04
  0.3176582362344E-04
  0.3452709294897E-04
  0.3932077542259E-04
  0.4481247644786E-04
  0.4305619994164E-04
  0.4243516631415E-04
  0.4258063729619E-04
  0.4310571532634E-04
  0.4334160440327E-04
  0.4320809740112E-04
  0.4323422022299E-04
  0.4336443532192E-04
  0.4345977675023E-04
  0.4384540880262E-04
  0.4423221796833E-04
  0.4473605294983E-04
  0.4523288312954E-04
  0.4015890140926E-04
  0.4004830368062E-04
  0.3985683125807E-04
  0.3986339085269E-04
  0.4019691864640E-04
  0.4067610422647E-04
  0.4116447417753E-04
  0.4177694953305E-04
  0.4200461292035E-04
  0.4164791337912E-04
  0.4073596383736E-04
  0.3892609457186E-04
  0.3669376142462E-04
  0.3569717810958E-04
  0.3642167348673E-04
  0.3745561178928E-04
  0.3753221523909E-04
  0.3558974967268E-04
  0.2696824254952E-04
  0.2332802412209E-04
  0.2862631429186E-04
  0.4277741361858E-04
  0.5004640897542E-04
  0.4573957179348E-04
  0.4206770814864E-04
  0.4029156422796E-04
  0.3969939769133E-04
  0.3938756549591E-04
  0.3913507312805E-04
  0.3925031801912E-04
  0.3919527939515E-04
  0.3897832969178E-04
  0.3899378177991E-04
  0.3917292543438E-04
  0.3953405960841E-04
  0.3997697147834E-04
  0.3713574669044E-04
  0.3687409891711E-04
  0.3650260779589E-04
  0.3630242773671E-04
  0.3627167233206E-04
  0.3636561468380E-04
  0.3640492045476E-04
  0.3657807078145E-04
  0.3670248398347E-04
  0.3671130325614E-04
  0.3688436010846E-04
  0.3671448256554E-04
  0.3581310554100E-04
  0.3528968575933E-04
  0.3627478316897E-04
  0.3826145490288E-04
  0.3916611990064E-04
  0.3697102011638E-04
  0.1539188648603E-04
  0.1119985777316E-04
  0.1824569201534E-04
  0.4399939283143E-04
  0.5609699185524E-04
  0.5371920226362E-04
  0.4852957269151E-04
  0.4512779799188E-04
  0.4305070703115E-04
  0.4150588662323E-04
  0.4017128734624E-04
  0.3924606044450E-04
  0.3846930251722E-04
  0.3764506615149E-04
  0.3713067589696E-04
  0.3693169605414E-04
  0.3699454261888E-04
  0.3715531918535E-04
  0.3696158610218E-04
  0.3677828333448E-04
  0.3650360737154E-04
  0.3621542581014E-04
  0.3597955302230E-04
  0.3585821307724E-04
  0.3579041090475E-04
  0.3580645187842E-04
  0.3600597533896E-04
  0.3611354481624E-04
  0.3618084000235E-04
  0.3605495563442E-04
  0.3535931336932E-04
  0.3474563261908E-04
  0.3537187714268E-04
  0.3790990396414E-04
  0.4055081451689E-04
  0.3910215568743E-04
  0.1495815196087E-04
  0.9130337069699E-05
  0.1347721502023E-04
  0.4365572252180E-04
  0.5561076431193E-04
  0.5665513762193E-04
  0.5337592606261E-04
  0.5058805160195E-04
  0.4796634063099E-04
  0.4532136188626E-04
  0.4293719679673E-04
  0.4117681557853E-04
  0.3991770022301E-04
  0.3871880327588E-04
  0.3774985264234E-04
  0.3714583045355E-04
  0.3689213955046E-04
  0.3692326893040E-04
  0.3681542915452E-04
  0.3637869357998E-04
  0.3591527163620E-04
  0.3583025772472E-04
  0.3560925516678E-04
  0.3543754517273E-04
  0.3535563223154E-04
  0.3536540278116E-04
  0.3545918517062E-04
  0.3555437301009E-04
  0.3563642118521E-04
  0.3557588420666E-04
  0.3521544160541E-04
  0.3487357432359E-04
  0.3525685892862E-04
  0.3745335629219E-04
  0.4119340862974E-04
  0.4321796841720E-04
  0.1873289964642E-04
  0.1354001531148E-04
  0.1636076288218E-04
  0.3667362446624E-04
  0.4538131370561E-04
  0.4902653593460E-04
  0.4914291375860E-04
  0.4906504792308E-04
  0.4849363554400E-04
  0.4705173978052E-04
  0.4533078350736E-04
  0.4352668860901E-04
  0.4183195361984E-04
  0.4035872700111E-04
  0.3911921900830E-04
  0.3817489734138E-04
  0.3751203944397E-04
  0.3712340102340E-04
  0.3648631664531E-04
  0.3597244805632E-04
  0.3547492599361E-04
  0.3505647212522E-04
  0.3461994075139E-04
  0.3435565311179E-04
  0.3426071772152E-04
  0.3434610124690E-04
  0.3446977182027E-04
  0.3461839200448E-04
  0.3479265099979E-04
  0.3491825228570E-04
  0.3496283971242E-04
  0.3488745825746E-04
  0.3519214687479E-04
  0.3662954497756E-04
  0.3978988067093E-04
  0.4457305435501E-04
  0.3167360912977E-04
  0.2851089536272E-04
  0.2568796338912E-04
  0.2945439076156E-04
  0.3171222926391E-04
  0.3472206869243E-04
  0.3698270479021E-04
  0.3896590678275E-04
  0.4093376667099E-04
  0.4207972302668E-04
  0.4227984041155E-04
  0.4190002160328E-04
  0.4097501885322E-04
  0.3991362055135E-04
  0.3886256676223E-04
  0.3803374713371E-04
  0.3729692612537E-04
  0.3685431114269E-04
  0.3349719107552E-04
  0.3314481795931E-04
  0.3288045673918E-04
  0.3262198338922E-04
  0.3231783128040E-04
  0.3209702472365E-04
  0.3202564522915E-04
  0.3210388973002E-04
  0.3222332547869E-04
  0.3218026972912E-04
  0.3233204999040E-04
  0.3251018726424E-04
  0.3269358373988E-04
  0.3286743331650E-04
  0.3312324229055E-04
  0.3393801138023E-04
  0.3578176435913E-04
  0.3828493363457E-04
  0.3376207432499E-04
  0.3017712177519E-04
  0.2673248008347E-04
  0.2553063114594E-04
  0.2522502272132E-04
  0.2627060485701E-04
  0.2752919872423E-04
  0.2896694206061E-04
  0.3088420448888E-04
  0.3280580028451E-04
  0.3409618504695E-04
  0.3471929859166E-04
  0.3471249933070E-04
  0.3433016854777E-04
  0.3388933708104E-04
  0.3374656316419E-04
  0.3366927716730E-04
  0.3358309771957E-04
  0.2632821277778E-04
  0.2647902029233E-04
  0.2650248897054E-04
  0.2644303716170E-04
  0.2628254807653E-04
  0.2609608854154E-04
  0.2596943236214E-04
  0.2589385095132E-04
  0.2581916085138E-04
  0.2578235516825E-04
  0.2588239375044E-04
  0.2600231244066E-04
  0.2613412991924E-04
  0.2627175790329E-04
  0.2646731252038E-04
  0.2693802335413E-04
  0.2818349202470E-04
  0.2959378592002E-04
  0.2791534869824E-04
  0.2541153854149E-04
  0.2330970319345E-04
  0.2189119850419E-04
  0.2095866015833E-04
  0.2058776542299E-04
  0.2053468398038E-04
  0.2078973114921E-04
  0.2157896095308E-04
  0.2281160572097E-04
  0.2407971221296E-04
  0.2498628764076E-04
  0.2545898275901E-04
  0.2566676546170E-04
  0.2574821121056E-04
  0.2594113692988E-04
  0.2613800835650E-04
  0.2620718131256E-04
  0.1668696713278E-04
  0.1684906398444E-04
  0.1689925884466E-04
  0.1684082481853E-04
  0.1666501244217E-04
  0.1643320457662E-04
  0.1621310656102E-04
  0.1606067165066E-04
  0.1598276182363E-04
  0.1597574056565E-04
  0.1598800785408E-04
  0.1600702299686E-04
  0.1606199211602E-04
  0.1621107343398E-04
  0.1648714704491E-04
  0.1698644037433E-04
  0.1777059599870E-04
  0.1857431909222E-04
  0.1869370383655E-04
  0.1806266655979E-04
  0.1700477360742E-04
  0.1581493803276E-04
  0.1473311649387E-04
  0.1393066782237E-04
  0.1350776976955E-04
  0.1351929961499E-04
  0.1391464074516E-04
  0.1454264064900E-04
  0.1522900517835E-04
  0.1578186582396E-04
  0.1608479777189E-04
  0.1618759063272E-04
  0.1621105643508E-04
  0.1627020259725E-04
  0.1636903751294E-04
  0.1650084938470E-04
  0.7782004567237E-05
  0.7977129312464E-05
  0.8278533349017E-05
  0.8733501312095E-05
  0.9019394609589E-05
  0.9214356345114E-05
  0.9366888173975E-05
  0.9495478425402E-05
  0.9767151540712E-05
  0.1018705262930E-04
  0.1080716925056E-04
  0.1144958873488E-04
  0.1185547901104E-04
  0.1210331211816E-04
  0.1223995680428E-04
  0.1228022778453E-04
  0.1219797219364E-04
  0.1191315058330E-04
  0.1131379229074E-04
  0.1026091845208E-04
  0.9067200672712E-05
  0.8192731452059E-05
  0.7596509318238E-05
  0.7238923140971E-05
  0.7077885356555E-05
  0.7066777189999E-05
  0.7150840543577E-05
  0.7270026767085E-05
  0.7386254659230E-05
  0.7468847560412E-05
  0.7513349691277E-05
  0.7535190898474E-05
  0.7543284950364E-05
  0.7556171749580E-05
  0.7589833556724E-05
  0.7660117108255E-05
  0.2729786841309E-03
  0.2729786841309E-03
  0.2729786841309E-03
  0.2729786841309E-03
  0.2729786841309E-03
  0.2729786841309E-03
  0.2729786841309E-03
  0.2729786841309E-03
  0.2729786841309E-03
  0.2729786841309E-03
  0.2729786841309E-03
  0.2729786841309E-03
  0.2729786841309E-03
  0.2729786841309E-03
  0.2729786841309E-03
  0.2729786841309E-03
  0.2729786841309E-03
  0.2729786841309E-03
  0.2729786841309E-03
  0.2729786841309E-03
  0.2729786841309E-03
  0.2729786841309E-03
  0.2729786841309E-03
  0.2729786841309E-03
  0.2729786841309E-03
  0.2729786841309E-03
  0.2729786841309E-03
  0.2729786841309E-03
  0.2729786841309E-03
  0.2729786841309E-03
  0.2729786841309E-03
  0.2729786841309E-03
  0.2729786841309E-03
  0.2729786841309E-03
  0.2729786841309E-03
  0.2729786841309E-03
  0.2729786841309E-03
  0.2729786841309E-03
  0.2729786841309E-03
  0.2729786841309E-03
  0.2729786841309E-03
  0.2729786841309E-03
  0.2729786841309E-03
  0.2729786841309E-03
  0.2729786841309E-03
  0.2729786841309E-03
  0.2729786841309E-03
  0.2729786841309E-03
  0.2729786841309E-03
  0.2729786841309E-03
  0.2729786841309E-03
  0.2729786841309E-03
  0.2729786841309E-03
  0.2729786841309E-03
  0.2729786841309E-03
  0.2729786841309E-03
  0.2729786841309E-03
  0.2729786841309E-03
  0.2729786841309E-03
  0.2729786841309E-03
  0.2729786841309E-03
  0.2729786841309E-03
  0.2729786841309E-03
  0.2729786841309E-03
  0.2729786841309E-03
  0.2729786841309E-03
  0.2729786841309E-03
  0.2729786841309E-03
  0.2729786841309E-03
  0.2729786841309E-03
  0.2729786841309E-03
  0.2729786841309E-03
  0.2729786841309E-03
  0.2729786841309E-03
  0.2729786841309E-03
  0.2729786841309E-03
  0.2729786841309E-03
  0.2729786841309E-03
  0.2729786841309E-03
  0.2729786841309E-03
  0.2729786841309E-03
  0.2729786841309E-03
  0.2729786841309E-03
  0.2729786841309E-03
  0.2729786841309E-03
  0.2729786841309E-03
  0.2729786841309E-03
  0.2729786841309E-03
  0.2729786841309E-03
  0.2729786841309E-03
  0.2729786841309E-03
  0.2729786841309E-03
  0.2729786841309E-03
  0.2729786841309E-03
  0.2729786841309E-03
  0.2729786841309E-03
  0.2729786841309E-03
  0.2729786841309E-03
  0.2729786841309E-03
  0.2729786841309E-03
  0.2729786841309E-03
  0.2729786841309E-03
  0.2729786841309E-03
  0.2729786841309E-03
  0.2729786841309E-03
  0.2729786841309E-03
  0.2729786841309E-03
  0.2729786841309E-03
  0.2729786841309E-03
  0.2729786841309E-03
  0.2729786841309E-03
  0.2729786841309E-03
  0.2729786841309E-03
  0.2729786841309E-03
  0.2729786841309E-03
  0.2729786841309E-03
  0.2729786841309E-03
  0.2729786841309E-03
  0.2729786841309E-03
  0.2729786841309E-03
  0.2729786841309E-03
  0.2729786841309E-03
  0.2729786841309E-03
  0.2729786841309E-03
  0.2729786841309E-03
  0.2729786841309E-03
  0.2729786841309E-03
  0.2729786841309E-03
  0.2729786841309E-03
  0.2729786841309E-03
  0.2729786841309E-03
  0.2729786841309E-03
  0.2729786841309E-03
  0.2729786841309E-03
  0.2729786841309E-03
  0.2729786841309E-03
  0.2729786841309E-03
  0.2729786841309E-03
  0.2729786841309E-03
  0.2729786841309E-03
  0.2729786841309E-03
  0.2729786841309E-03
  0.2729786841309E-03
  0.2729786841309E-03
  0.2729786841309E-03
  0.2729786841309E-03
  0.2729786841309E-03
  0.2729786841309E-03
  0.2729786841309E-03
  0.2729786841309E-03
  0.2729786841309E-03
  0.2729786841309E-03
  0.2729786841309E-03
  0.2729786841309E-03
  0.2729786841309E-03
  0.2729786841309E-03
  0.2729786841309E-03
  0.2729786841309E-03
  0.2729786841309E-03
  0.2729786841309E-03
  0.2729786841309E-03
  0.2729786841309E-03
  0.2729786841309E-03
  0.2729786841309E-03
  0.2729786841309E-03
  0.2729786841309E-03
  0.2729786841309E-03
  0.2729786841309E-03
  0.2729786841309E-03
  0.2729786841309E-03
  0.2729786841309E-03
  0.2729786841309E-03
  0.2729786841309E-03
  0.2729786841309E-03
  0.2729786841309E-03
  0.2729786841309E-03
  0.2729786841309E-03
  0.2729786841309E-03
  0.2729786841309E-03
  0.2729786841309E-03
  0.2729786841309E-03
  0.2729786841309E-03
  0.2729786841309E-03
  0.2729786841309E-03
  0.2729786841309E-03
  0.2729786841309E-03
  0.2729786841309E-03
  0.2729786841309E-03
  0.2729786841309E-03
  0.2729786841309E-03
  0.2729786841309E-03
  0.2729786841309E-03
  0.2729786841309E-03
  0.2729786841309E-03
  0.2729786841309E-03
  0.2729786841309E-03
  0.2729786841309E-03
  0.2729786841309E-03
  0.2729786841309E-03
  0.2729786841309E-03
  0.2729786841309E-03
  0.2729786841309E-03
  0.2729786841309E-03
  0.2729786841309E-03
  0.2729786841309E-03
  0.2729786841309E-03
  0.2729786841309E-03
  0.2729786841309E-03
  0.2729786841309E-03
  0.2729786841309E-03
  0.2729786841309E-03
  0.2729786841309E-03
  0.2729786841309E-03
  0.2729786841309E-03
  0.2729786841309E-03
  0.2729786841309E-03
  0.2729786841309E-03
  0.2729786841309E-03
  0.2729786841309E-03
  0.2729786841309E-03
  0.2729786841309E-03
  0.2729786841309E-03
  0.2729786841309E-03
  0.2729786841309E-03
  0.2729786841309E-03
  0.2729786841309E-03
  0.2729786841309E-03
  0.2729786841309E-03
  0.2729786841309E-03
  0.2729786841309E-03
  0.2729786841309E-03
  0.2729786841309E-03
  0.2729786841309E-03
  0.2729786841309E-03
  0.2729786841309E-03
  0.2729786841309E-03
  0.2729786841309E-03
  0.2729786841309E-03
  0.2729786841309E-03
  0.2729786841309E-03
  0.2729786841309E-03
  0.2729786841309E-03
  0.2729786841309E-03
  0.2729786841309E-03
  0.2729786841309E-03
  0.2729786841309E-03
  0.2729786841309E-03
  0.2729786841309E-03
  0.2729786841309E-03
  0.2729786841309E-03
  0.2729786841309E-03
  0.2729786841309E-03
  0.2729786841309E-03
  0.2729786841309E-03
  0.2729786841309E-03
  0.2729786841309E-03
  0.2729786841309E-03
  0.2729786841309E-03
  0.2729786841309E-03
  0.2729786841309E-03
  0.2729786841309E-03
  0.2729786841309E-03
  0.2729786841309E-03
  0.2729786841309E-03
  0.2729786841309E-03
  0.2729786841309E-03
  0.2729786841309E-03
  0.2729786841309E-03
  0.2729786841309E-03
  0.2729786841309E-03
  0.2729786841309E-03
  0.2729786841309E-03
  0.2729786841309E-03
  0.2729786841309E-03
  0.2729786841309E-03
  0.2729786841309E-03
  0.2729786841309E-03
  0.2729786841309E-03
  0.2729786841309E-03
  0.2729786841309E-03
  0.2729786841309E-03
  0.2729786841309E-03
  0.2729786841309E-03
  0.2729786841309E-03
  0.2729786841309E-03
  0.2729786841309E-03
  0.2729786841309E-03
  0.2729786841309E-03
  0.2729786841309E-03
  0.2729786841309E-03
  0.2729786841309E-03
  0.2729786841309E-03
  0.2729786841309E-03
  0.2729786841309E-03
  0.2729786841309E-03
  0.2729786841309E-03
  0.2729786841309E-03
  0.2729786841309E-03
  0.2729786841309E-03
  0.2729786841309E-03
  0.2729786841309E-03
  0.2729786841309E-03
  0.2729786841309E-03
  0.2729786841309E-03
  0.2729786841309E-03
  0.2729786841309E-03
  0.2729786841309E-03
  0.2729786841309E-03
  0.2729786841309E-03
  0.2729786841309E-03
  0.2729786841309E-03
  0.2729786841309E-03
  0.2729786841309E-03
  0.2729786841309E-03
  0.2729786841309E-03
  0.2729786841309E-03
  0.2729786841309E-03
  0.2729786841309E-03
  0.2729786841309E-03
  0.2729786841309E-03
  0.2729786841309E-03
  0.2729786841309E-03
  0.2729786841309E-03
  0.2729786841309E-03
  0.2729786841309E-03
  0.2729786841309E-03
  0.2729786841309E-03
  0.2729786841309E-03
  0.2729786841309E-03
  0.2729786841309E-03
  0.2729786841309E-03
  0.2729786841309E-03
  0.2729786841309E-03
  0.2729786841309E-03
  0.2729786841309E-03
  0.2729786841309E-03
  0.2729786841309E-03
  0.2729786841309E-03
  0.2729786841309E-03
  0.2729786841309E-03
  0.2729786841309E-03
  0.2729786841309E-03
  0.2729786841309E-03
  0.2729786841309E-03
  0.2729786841309E-03
  0.2729786841309E-03
  0.2729786841309E-03
  0.2729786841309E-03
  0.2729786841309E-03
  0.2729786841309E-03
  0.2729786841309E-03
  0.2729786841309E-03
  0.2729786841309E-03
  0.2729786841309E-03
  0.2729786841309E-03
  0.2729786841309E-03
  0.2729786841309E-03
  0.2729786841309E-03
  0.2729786841309E-03
  0.2729786841309E-03
  0.2729786841309E-03
  0.2729786841309E-03
  0.2729786841309E-03
  0.2729786841309E-03
  0.2729786841309E-03
  0.2729786841309E-03
  0.2729786841309E-03
  0.2729786841309E-03
  0.2729786841309E-03
  0.2729786841309E-03
  0.2729786841309E-03
  0.2729786841309E-03
  0.2729786841309E-03
  0.2729786841309E-03
  0.2729786841309E-03
  0.2729786841309E-03
  0.2729786841309E-03
  0.2729786841309E-03
  0.2729786841309E-03
  0.2729786841309E-03
  0.2729786841309E-03
  0.2729786841309E-03
  0.2729786841309E-03
  0.2729786841309E-03
  0.2729786841309E-03
  0.2729786841309E-03
  0.2729786841309E-03
  0.2729786841309E-03
  0.2729786841309E-03
  0.2729786841309E-03
  0.2729786841309E-03
  0.2729786841309E-03
  0.2729786841309E-03
  0.2729786841309E-03
  0.2729786841309E-03
  0.2729786841309E-03
  0.2729786841309E-03
  0.2729786841309E-03
  0.2729786841309E-03
  0.2729786841309E-03
  0.2729786841309E-03
  0.2729786841309E-03
  0.2729786841309E-03
  0.2729786841309E-03
  0.2729786841309E-03
  0.2729786841309E-03
  0.2729786841309E-03
  0.2729786841309E-03
  0.2729786841309E-03
  0.2729786841309E-03
  0.2729786841309E-03
  0.2729786841309E-03
  0.2729786841309E-03
  0.2729786841309E-03
  0.2729786841309E-03
  0.2729786841309E-03
  0.2729786841309E-03
  0.2729786841309E-03
  0.2729786841309E-03
  0.2729786841309E-03
  0.2729786841309E-03
  0.2729786841309E-03
  0.2729786841309E-03
  0.2729786841309E-03
  0.2729786841309E-03
  0.2729786841309E-03
  0.2729786841309E-03
  0.2729786841309E-03
  0.2729786841309E-03
  0.2729786841309E-03
  0.2729786841309E-03
  0.2729786841309E-03
  0.2729786841309E-03
  0.2729786841309E-03
  0.2729786841309E-03
  0.2729786841309E-03
  0.2729786841309E-03
  0.2729786841309E-03
  0.2729786841309E-03
  0.2729786841309E-03
  0.2729786841309E-03
  0.2729786841309E-03
  0.2729786841309E-03
  0.2729786841309E-03
  0.2729786841309E-03
  0.2729786841309E-03
  0.2729786841309E-03
  0.2729786841309E-03
  0.2729786841309E-03
  0.2729786841309E-03
  0.2729786841309E-03
  0.2729786841309E-03
  0.2729786841309E-03
  0.2729786841309E-03
  0.2729786841309E-03
  0.2729786841309E-03
  0.2729786841309E-03
  0.2729786841309E-03
  0.2729786841309E-03
  0.2729786841309E-03
  0.2729786841309E-03
  0.2729786841309E-03
  0.2729786841309E-03
  0.2729786841309E-03
  0.2729786841309E-03
  0.2729786841309E-03
  0.2729786841309E-03
  0.2729786841309E-03
  0.2729786841309E-03
  0.2729786841309E-03
  0.2729786841309E-03
  0.2729786841309E-03
  0.2729786841309E-03
  0.2729786841309E-03
  0.2729786841309E-03
  0.2729786841309E-03
  0.2729786841309E-03
  0.2729786841309E-03
  0.2729786841309E-03
  0.2729786841309E-03
  0.2729786841309E-03
  0.2729786841309E-03
  0.2729786841309E-03
  0.2729786841309E-03
  0.2729786841309E-03
  0.2729786841309E-03
  0.2729786841309E-03
  0.2729786841309E-03
  0.2729786841309E-03
  0.2729786841309E-03
  0.2729786841309E-03
  0.2729786841309E-03
  0.2729786841309E-03
  0.2729786841309E-03
  0.2729786841309E-03
  0.2729786841309E-03
  0.2729786841309E-03
  0.2729786841309E-03
  0.2729786841309E-03
  0.2729786841309E-03
  0.2729786841309E-03
  0.2729786841309E-03
  0.2729786841309E-03
  0.2729786841309E-03
  0.2729786841309E-03
  0.2729786841309E-03
  0.2729786841309E-03
  0.2729786841309E-03
  0.2729786841309E-03
  0.2729786841309E-03
  0.2729786841309E-03
  0.2729786841309E-03
  0.2729786841309E-03
  0.2729786841309E-03
  0.2729786841309E-03
  0.2729786841309E-03
  0.2729786841309E-03
  0.2729786841309E-03
  0.2729786841309E-03
  0.2729786841309E-03
  0.2729786841309E-03
  0.2729786841309E-03
  0.2729786841309E-03
  0.2729786841309E-03
  0.2729786841309E-03
  0.2729786841309E-03
  0.2729786841309E-03
  0.2729786841309E-03
  0.2729786841309E-03
  0.2729786841309E-03
  0.2729786841309E-03
  0.2729786841309E-03
  0.2729786841309E-03
  0.2729786841309E-03
  0.2729786841309E-03
  0.2729786841309E-03
  0.2729786841309E-03
  0.2729786841309E-03
  0.2729786841309E-03
  0.2729786841309E-03
  0.2729786841309E-03
  0.2729786841309E-03
  0.2729786841309E-03
  0.2729786841309E-03
  0.2729786841309E-03
  0.2729786841309E-03
  0.2729786841309E-03
  0.2729786841309E-03
  0.2729786841309E-03
  0.2729786841309E-03
  0.2729786841309E-03
  0.2729786841309E-03
  0.2729786841309E-03
  0.2729786841309E-03
  0.2729786841309E-03
  0.2729786841309E-03
  0.2729786841309E-03
  0.2729786841309E-03
  0.2729786841309E-03
  0.2729786841309E-03
  0.2729786841309E-03
  0.2729786841309E-03
  0.2729786841309E-03
  0.2729786841309E-03
  0.2729786841309E-03
  0.2729786841309E-03
  0.2729786841309E-03
  0.2729786841309E-03
  0.2729786841309E-03
  0.2729786841309E-03
  0.2729786841309E-03
  0.2729786841309E-03
  0.2729786841309E-03
  0.2729786841309E-03
  0.2729786841309E-03
  0.2729786841309E-03
  0.2729786841309E-03
  0.2729786841309E-03
  0.2729786841309E-03
  0.2729786841309E-03
  0.2729786841309E-03
  0.2729786841309E-03
  0.2729786841309E-03
  0.2729786841309E-03
  0.2729786841309E-03
  0.2729786841309E-03
  0.2729786841309E-03
  0.2729786841309E-03
  0.2729786841309E-03
  0.2729786841309E-03
  0.2729786841309E-03
  0.2729786841309E-03
  0.2729786841309E-03
  0.2729786841309E-03
  0.2729786841309E-03
  0.2729786841309E-03
  0.2729786841309E-03
  0.2729786841309E-03
  0.2729786841309E-03
  0.2729786841309E-03
  0.2729786841309E-03
  0.2729786841309E-03
  0.2729786841309E-03
  0.2729786841309E-03
  0.2729786841309E-03
  0.2729786841309E-03
  0.2729786841309E-03
  0.2729786841309E-03
  0.2729786841309E-03
  0.2729786841309E-03
  0.2729786841309E-03
  0.2729786841309E-03
  0.2729786841309E-03
  0.2729786841309E-03
  0.2729786841309E-03
  0.2729786841309E-03
  0.2729786841309E-03
  0.2729786841309E-03
  0.2729786841309E-03
  0.2729786841309E-03
  0.2729786841309E-03
  0.2729786841309E-03
  0.2729786841309E-03
  0.2729786841309E-03
  0.2729786841309E-03
  0.2729786841309E-03
  0.2729786841309E-03
  0.2729786841309E-03
  0.2729786841309E-03
  0.2729786841309E-03
  0.2729786841309E-03
  0.2729786841309E-03
  0.2729786841309E-03
  0.2729786841309E-03
  0.2729786841309E-03
  0.2729786841309E-03
  0.2729786841309E-03
  0.2729786841309E-03
  0.2729786841309E-03
  0.2729786841309E-03
  0.2729786841309E-03
  0.2729786841309E-03
  0.2729786841309E-03
  0.2729786841309E-03
  0.2729786841309E-03
  0.2729786841309E-03
  0.2729786841309E-03
  0.2729786841309E-03
  0.2729786841309E-03
  0.2729786841309E-03
  0.2729786841309E-03
  0.2729786841309E-03
  0.2729786841309E-03
  0.2729786841309E-03
  0.2729786841309E-03
  0.2729786841309E-03
  0.2729786841309E-03
  0.2729786841309E-03
  0.2729786841309E-03
  0.2729786841309E-03
  0.2729786841309E-03
  0.2729786841309E-03
  0.2729786841309E-03
  0.2729786841309E-03
  0.2729786841309E-03
  0.2729786841309E-03
  0.2729786841309E-03
  0.2729786841309E-03
  0.2729786841309E-03
  0.2729786841309E-03
  0.2729786841309E-03
  0.2729786841309E-03
  0.2729786841309E-03
  0.2729786841309E-03
  0.2729786841309E-03
  0.2729786841309E-03
  0.2729786841309E-03
  0.2729786841309E-03
  0.2729786841309E-03
  0.2729786841309E-03
  0.2729786841309E-03
  0.2729786841309E-03
  0.2729786841309E-03
  0.2729786841309E-03
  0.2729786841309E-03
  0.2729786841309E-03
  0.2729786841309E-03
  0.2729786841309E-03
  0.2729786841309E-03
  0.2729786841309E-03
  0.2729786841309E-03
  0.2729786841309E-03
  0.2729786841309E-03
  0.2729786841309E-03
  0.2729786841309E-03
  0.2729786841309E-03
  0.2729786841309E-03
  0.2729786841309E-03
  0.2729786841309E-03
  0.2729786841309E-03
  0.2729786841309E-03
  0.2729786841309E-03
  0.2729786841309E-03
  0.2729786841309E-03
  0.2729786841309E-03
  0.2729786841309E-03
  0.2729786841309E-03
  0.2729786841309E-03
  0.2729786841309E-03
  0.2729786841309E-03
  0.2729786841309E-03
  0.2729786841309E-03
  0.2729786841309E-03
  0.2729786841309E-03
  0.2729786841309E-03
  0.2729786841309E-03
  0.2729786841309E-03
  0.2729786841309E-03
  0.2729786841309E-03
  0.2729786841309E-03
  0.2729786841309E-03
  0.2729786841309E-03
  0.2729786841309E-03
  0.2729786841309E-03
  0.2729786841309E-03
  0.2729786841309E-03
  0.2729786841309E-03
  0.2729786841309E-03
  0.2729786841309E-03
  0.2729786841309E-03
  0.2729786841309E-03
  0.2729786841309E-03
  0.2729786841309E-03
  0.2729786841309E-03
  0.2729786841309E-03
  0.2729786841309E-03
  0.2729786841309E-03
  0.2729786841309E-03
  0.2729786841309E-03
  0.2729786841309E-03
  0.2729786841309E-03
  0.2729786841309E-03
  0.2729786841309E-03
  0.2729786841309E-03
  0.2729786841309E-03
  0.2729786841309E-03
  0.2729786841309E-03
  0.2729786841309E-03
  0.2729786841309E-03
  0.2729786841309E-03
  0.2729786841309E-03
  0.2729786841309E-03
  0.2729786841309E-03
  0.2729786841309E-03
  0.2729786841309E-03
  0.2729786841309E-03
  0.2729786841309E-03
  0.2729786841309E-03
  0.2729786841309E-03
  0.2729786841309E-03
  0.2729786841309E-03
  0.2729786841309E-03
  0.2729786841309E-03
  0.2729786841309E-03
  0.2729786841309E-03
  0.2729786841309E-03
  0.2729786841309E-03
  0.2729786841309E-03
  0.2729786841309E-03
  0.2729786841309E-03
  0.2729786841309E-03
  0.2729786841309E-03
  0.2729786841309E-03
  0.2729786841309E-03
  0.2729786841309E-03
  0.2729786841309E-03
  0.2729786841309E-03
  0.2729786841309E-03
  0.2729786841309E-03
  0.2729786841309E-03
  0.2729786841309E-03
  0.2729786841309E-03
  0.2729786841309E-03
  0.2729786841309E-03
  0.2729786841309E-03
  0.2729786841309E-03
  0.2729786841309E-03
  0.2729786841309E-03
  0.2729786841309E-03
  0.2729786841309E-03
  0.2729786841309E-03
  0.2729786841309E-03
  0.2729786841309E-03
  0.2729786841309E-03
  0.2729786841309E-03
  0.2729786841309E-03
  0.2729786841309E-03
  0.2729786841309E-03
  0.2729786841309E-03
  0.2729786841309E-03
  0.2729786841309E-03
  0.2729786841309E-03
  0.2729786841309E-03
  0.2729786841309E-03
  0.2729786841309E-03
  0.2729786841309E-03
  0.2729786841309E-03
  0.2729786841309E-03
  0.2729786841309E-03
  0.2729786841309E-03
  0.2729786841309E-03
  0.2729786841309E-03
  0.2729786841309E-03
  0.2729786841309E-03
  0.2729786841309E-03
  0.2729786841309E-03
  0.2729786841309E-03
  0.2729786841309E-03
  0.2729786841309E-03
  0.2729786841309E-03
  0.2729786841309E-03
  0.2729786841309E-03
  0.2729786841309E-03
  0.2729786841309E-03
  0.2729786841309E-03
  0.2729786841309E-03
  0.2729786841309E-03
  0.2729786841309E-03
  0.2729786841309E-03
  0.2729786841309E-03
  0.2729786841309E-03
  0.2729786841309E-03
  0.2729786841309E-03
  0.2729786841309E-03
  0.2729786841309E-03
  0.2729786841309E-03
  0.2729786841309E-03
  0.2729786841309E-03
  0.2729786841309E-03
  0.2729786841309E-03
  0.2729786841309E-03
  0.2729786841309E-03
  0.2729786841309E-03
  0.2729786841309E-03
  0.2729786841309E-03
  0.2729786841309E-03
  0.2729786841309E-03
  0.2729786841309E-03
  0.2729786841309E-03
  0.2729786841309E-03
  0.2729786841309E-03
  0.2729786841309E-03
  0.2729786841309E-03
  0.2729786841309E-03
  0.2729786841309E-03
  0.2729786841309E-03
  0.2729786841309E-03
  0.2729786841309E-03
  0.2729786841309E-03
  0.2729786841309E-03
  0.2729786841309E-03
  0.2729786841309E-03
  0.2729786841309E-03
  0.2729786841309E-03
  0.2729786841309E-03
  0.2729786841309E-03
  0.2729786841309E-03
  0.2729786841309E-03
  0.2729786841309E-03
  0.2729786841309E-03
  0.2729786841309E-03
  0.2729786841309E-03
  0.2729786841309E-03
  0.2729786841309E-03
  0.2729786841309E-03
  0.2729786841309E-03
  0.2729786841309E-03
  0.2729786841309E-03
  0.2729786841309E-03
  0.2729786841309E-03
  0.2729786841309E-03
  0.2729786841309E-03
  0.2729786841309E-03
  0.2729786841309E-03
  0.2729786841309E-03
  0.2729786841309E-03
  0.2729786841309E-03
  0.2729786841309E-03
  0.2729786841309E-03
  0.2729786841309E-03
  0.2729786841309E-03
  0.2729786841309E-03
  0.2729786841309E-03
  0.2729786841309E-03
  0.2729786841309E-03
  0.2729786841309E-03
  0.2729786841309E-03
  0.2729786841309E-03
  0.2729786841309E-03
  0.2729786841309E-03
  0.2729786841309E-03
  0.2729786841309E-03
  0.2729786841309E-03
  0.2729786841309E-03
  0.2729786841309E-03
  0.2729786841309E-03
  0.2729786841309E-03
  0.2729786841309E-03
  0.2729786841309E-03
  0.2729786841309E-03
  0.2729786841309E-03
  0.2729786841309E-03
  0.2729786841309E-03
  0.2729786841309E-03
  0.2729786841309E-03
  0.2729786841309E-03
  0.2729786841309E-03
  0.2729786841309E-03
  0.2729786841309E-03
  0.2729786841309E-03
  0.2729786841309E-03
  0.2729786841309E-03
  0.2729786841309E-03
  0.2729786841309E-03
  0.2729786841309E-03
  0.2729786841309E-03
  0.2729786841309E-03
  0.2729786841309E-03
  0.2729786841309E-03
  0.2729786841309E-03
  0.2729786841309E-03
  0.2729786841309E-03
  0.2729786841309E-03
  0.2729786841309E-03
  0.2729786841309E-03
  0.2729786841309E-03
  0.2729786841309E-03
  0.2729786841309E-03
  0.2729786841309E-03
  0.2729786841309E-03
  0.2729786841309E-03
  0.2729786841309E-03
  0.2729786841309E-03
  0.2729786841309E-03
  0.2729786841309E-03
  0.2729786841309E-03
  0.2729786841309E-03
  0.2729786841309E-03
  0.2729786841309E-03
  0.2729786841309E-03
  0.2729786841309E-03
  0.2729786841309E-03
  0.2729786841309E-03
  0.2729786841309E-03
  0.2729786841309E-03
  0.2729786841309E-03
  0.2729786841309E-03
  0.2729786841309E-03
  0.2729786841309E-03
  0.2729786841309E-03
  0.2729786841309E-03
  0.2729786841309E-03
  0.2729786841309E-03
  0.2729786841309E-03
  0.2729786841309E-03
  0.2729786841309E-03
  0.2729786841309E-03
  0.2729786841309E-03
  0.2729786841309E-03
  0.2729786841309E-03
  0.2729786841309E-03
  0.2729786841309E-03
  0.2729786841309E-03
  0.2729786841309E-03
  0.2729786841309E-03
  0.2729786841309E-03
  0.2729786841309E-03
  0.2729786841309E-03
  0.2729786841309E-03
  0.2729786841309E-03
  0.2729786841309E-03
  0.2729786841309E-03
  0.2729786841309E-03
  0.2729786841309E-03
  0.2729786841309E-03
  0.2729786841309E-03
  0.2729786841309E-03
  0.2729786841309E-03
  0.2729786841309E-03
  0.2729786841309E-03
  0.2729786841309E-03
  0.2729786841309E-03
  0.2729786841309E-03
  0.2729786841309E-03
  0.2729786841309E-03
  0.2729786841309E-03
  0.2729786841309E-03
  0.2729786841309E-03
  0.2729786841309E-03
  0.2729786841309E-03
  0.2729786841309E-03
  0.2729786841309E-03
  0.2729786841309E-03
  0.2729786841309E-03
  0.2729786841309E-03
  0.2729786841309E-03
  0.2729786841309E-03
  0.2729786841309E-03
  0.2729786841309E-03
  0.2729786841309E-03
  0.2729786841309E-03
  0.2729786841309E-03
  0.2729786841309E-03
  0.2729786841309E-03
  0.2729786841309E-03
  0.2729786841309E-03
  0.2729786841309E-03
  0.2729786841309E-03
  0.2729786841309E-03
  0.2729786841309E-03
  0.2729786841309E-03
  0.2729786841309E-03
  0.2729786841309E-03
  0.2729786841309E-03
  0.2729786841309E-03
  0.2729786841309E-03
  0.2729786841309E-03
  0.2729786841309E-03
  0.2729786841309E-03
  0.2729786841309E-03
  0.2729786841309E-03
  0.2729786841309E-03
  0.2729786841309E-03
  0.2729786841309E-03
  0.2729786841309E-03
  0.2729786841309E-03
  0.2729786841309E-03
  0.2729786841309E-03
  0.2729786841309E-03
  0.2729786841309E-03
  0.2729786841309E-03
  0.2729786841309E-03
  0.2729786841309E-03
  0.2729786841309E-03
  0.2729786841309E-03
  0.2729786841309E-03
  0.2729786841309E-03
  0.2729786841309E-03
  0.2729786841309E-03
  0.2729786841309E-03
  0.2729786841309E-03
  0.2729786841309E-03
  0.2729786841309E-03
  0.2729786841309E-03
  0.2729786841309E-03
  0.2729786841309E-03
  0.2729786841309E-03
  0.2729786841309E-03
  0.2729786841309E-03
  0.2729786841309E-03
  0.2729786841309E-03
  0.2729786841309E-03
  0.2729786841309E-03
  0.2729786841309E-03
  0.2729786841309E-03
  0.2729786841309E-03
  0.2729786841309E-03
  0.2729786841309E-03
  0.2729786841309E-03
  0.2729786841309E-03
  0.2729786841309E-03
  0.2729786841309E-03
  0.2729786841309E-03
  0.2729786841309E-03
  0.2729786841309E-03
  0.2729786841309E-03
  0.2729786841309E-03
  0.2729786841309E-03
  0.2729786841309E-03
  0.2729786841309E-03
  0.2729786841309E-03
  0.2729786841309E-03
  0.2729786841309E-03
  0.2729786841309E-03
  0.2729786841309E-03
  0.2729786841309E-03
  0.2729786841309E-03
  0.2729786841309E-03
  0.2729786841309E-03
  0.2729786841309E-03
  0.2729786841309E-03
  0.2729786841309E-03
  0.2729786841309E-03
  0.2729786841309E-03
  0.2729786841309E-03
  0.2729786841309E-03
  0.2729786841309E-03
  0.2729786841309E-03
  0.2729786841309E-03
  0.2729786841309E-03
  0.2729786841309E-03
  0.2729786841309E-03
  0.2729786841309E-03
  0.2729786841309E-03
  0.2729786841309E-03
  0.2729786841309E-03
  0.2729786841309E-03
  0.2729786841309E-03
  0.2729786841309E-03
  0.2729786841309E-03
  0.2729786841309E-03
  0.2729786841309E-03
  0.2729786841309E-03
  0.2729786841309E-03
  0.2729786841309E-03
  0.2729786841309E-03
  0.2729786841309E-03
  0.2729786841309E-03
  0.2729786841309E-03
  0.2729786841309E-03
  0.2729786841309E-03
  0.2729786841309E-03
  0.2729786841309E-03
  0.2729786841309E-03
  0.2729786841309E-03
  0.2729786841309E-03
  0.2729786841309E-03
  0.2729786841309E-03
  0.2729786841309E-03
  0.2729786841309E-03
  0.2729786841309E-03
  0.2729786841309E-03
  0.2729786841309E-03
  0.2729786841309E-03
  0.2729786841309E-03
  0.2729786841309E-03
  0.2729786841309E-03
  0.2729786841309E-03
  0.2729786841309E-03
  0.2729786841309E-03
  0.2729786841309E-03
  0.2729786841309E-03
  0.2729786841309E-03
  0.2729786841309E-03
  0.2729786841309E-03
  0.2729786841309E-03
  0.2729786841309E-03
  0.2729786841309E-03
  0.2729786841309E-03
  0.2729786841309E-03
  0.2729786841309E-03
  0.2729786841309E-03
  0.2729786841309E-03
  0.2729786841309E-03
  0.2729786841309E-03
  0.2729786841309E-03
  0.2729786841309E-03
  0.2729786841309E-03
  0.2729786841309E-03
  0.2729786841309E-03
  0.2729786841309E-03
  0.2729786841309E-03
  0.2729786841309E-03
  0.2729786841309E-03
  0.2729786841309E-03
  0.2729786841309E-03
  0.2729786841309E-03
  0.2729786841309E-03
  0.2729786841309E-03
  0.2729786841309E-03
  0.2729786841309E-03
  0.2729786841309E-03
  0.2729786841309E-03
  0.2729786841309E-03
  0.2729786841309E-03
  0.2729786841309E-03
  0.2729786841309E-03
  0.2729786841309E-03
  0.2729786841309E-03
  0.2729786841309E-03
  0.2729786841309E-03
  0.2729786841309E-03
  0.2729786841309E-03
  0.2729786841309E-03
  0.2729786841309E-03
  0.2729786841309E-03
  0.2729786841309E-03
  0.2729786841309E-03
  0.2729786841309E-03
  0.2729786841309E-03
  0.2729786841309E-03
  0.2729786841309E-03
  0.2729786841309E-03
  0.2729786841309E-03
  0.2729786841309E-03
  0.2729786841309E-03
  0.2729786841309E-03
  0.2729786841309E-03
  0.2729786841309E-03
  0.2729786841309E-03
  0.2729786841309E-03
  0.2729786841309E-03
  0.2729786841309E-03
  0.2729786841309E-03
  0.2729786841309E-03
  0.2729786841309E-03
  0.2729786841309E-03
  0.2729786841309E-03
  0.2729786841309E-03
  0.2729786841309E-03
  0.2729786841309E-03
  0.2729786841309E-03
  0.2729786841309E-03
  0.2729786841309E-03
  0.2729786841309E-03
  0.2729786841309E-03
  0.2729786841309E-03
  0.2729786841309E-03
  0.2729786841309E-03
  0.2729786841309E-03
  0.2729786841309E-03
  0.2729786841309E-03
  0.2729786841309E-03
  0.2729786841309E-03
  0.2729786841309E-03
  0.2729786841309E-03
  0.2729786841309E-03
  0.2729786841309E-03
  0.2729786841309E-03
  0.2729786841309E-03
  0.2729786841309E-03
  0.2729786841309E-03
  0.2729786841309E-03
  0.2729786841309E-03
  0.2729786841309E-03
  0.2729786841309E-03
  0.2729786841309E-03
  0.2729786841309E-03
  0.2729786841309E-03
  0.2729786841309E-03
  0.2729786841309E-03
  0.2729786841309E-03
  0.2729786841309E-03
  0.2729786841309E-03
  0.2729786841309E-03
  0.2729786841309E-03
  0.2729786841309E-03
  0.2729786841309E-03
  0.2729786841309E-03
  0.2729786841309E-03
  0.2729786841309E-03
  0.2729786841309E-03
  0.2729786841309E-03
  0.2729786841309E-03
  0.2729786841309E-03
  0.2729786841309E-03
  0.2729786841309E-03
  0.2729786841309E-03
  0.2729786841309E-03
  0.2729786841309E-03
  0.2729786841309E-03
  0.2729786841309E-03
  0.2729786841309E-03
  0.2729786841309E-03
  0.2729786841309E-03
  0.2729786841309E-03
  0.2729786841309E-03
  0.2729786841309E-03
  0.2729786841309E-03
  0.2729786841309E-03
  0.2729786841309E-03
  0.2729786841309E-03
  0.2729786841309E-03
  0.2729786841309E-03
  0.2729786841309E-03
  0.2729786841309E-03
  0.2729786841309E-03
  0.2729786841309E-03
  0.2729786841309E-03
  0.2729786841309E-03
  0.2729786841309E-03
  0.2729786841309E-03
  0.2729786841309E-03
  0.2729786841309E-03
  0.2729786841309E-03
  0.2729786841309E-03
  0.2729786841309E-03
  0.2729786841309E-03
  0.2729786841309E-03
  0.2729786841309E-03
  0.2729786841309E-03
  0.2729786841309E-03
  0.2729786841309E-03
  0.2729786841309E-03
  0.2729786841309E-03
  0.2729786841309E-03
  0.0000000000000E+00
 -0.2984263982369E-06
 -0.3413308210374E-06
 -0.3631057077520E-06
 -0.3479333534441E-06
  0.0000000000000E+00
 -0.3865373090308E-06
 -0.3628498728055E-06
 -0.2836589304528E-06
 -0.3123191211033E-06
  0.0000000000000E+00
  0.0000000000000E+00
  0.0000000000000E+00
  0.0000000000000E+00
  0.0000000000000E+00
  0.0000000000000E+00
  0.0000000000000E+00
  0.0000000000000E+00
  0.0000000000000E+00
  0.0000000000000E+00
  0.0000000000000E+00
  0.0000000000000E+00
  0.0000000000000E+00
  0.0000000000000E+00
  0.0000000000000E+00
  0.0000000000000E+00
  0.0000000000000E+00
  0.0000000000000E+00
  0.0000000000000E+00
  0.0000000000000E+00
  0.0000000000000E+00
  0.0000000000000E+00
  0.0000000000000E+00
  0.0000000000000E+00
  0.0000000000000E+00
  0.0000000000000E+00
  0.0000000000000E+00
  0.0000000000000E+00
  0.0000000000000E+00
  0.0000000000000E+00
  0.0000000000000E+00
  0.0000000000000E+00
  0.0000000000000E+00
  0.0000000000000E+00
  0.0000000000000E+00
  0.0000000000000E+00
  0.0000000000000E+00
  0.0000000000000E+00
  0.0000000000000E+00
  0.0000000000000E+00
  0.0000000000000E+00
  0.0000000000000E+00
  0.0000000000000E+00
  0.0000000000000E+00
  0.0000000000000E+00
  0.0000000000000E+00
  0.0000000000000E+00
  0.0000000000000E+00
  0.0000000000000E+00
  0.0000000000000E+00
  0.0000000000000E+00
  0.0000000000000E+00
  0.0000000000000E+00
  0.0000000000000E+00
  0.0000000000000E+00
  0.0000000000000E+00
  0.0000000000000E+00
  0.0000000000000E+00
  0.0000000000000E+00
  0.0000000000000E+00
  0.0000000000000E+00
  0.0000000000000E+00
  0.0000000000000E+00
  0.0000000000000E+00
  0.0000000000000E+00
  0.0000000000000E+00
  0.0000000000000E+00
  0.0000000000000E+00
  0.0000000000000E+00
  0.0000000000000E+00
  0.0000000000000E+00
  0.0000000000000E+00
  0.0000000000000E+00
  0.0000000000000E+00
  0.0000000000000E+00
  0.0000000000000E+00
  0.0000000000000E+00
  0.0000000000000E+00
  0.0000000000000E+00
  0.0000000000000E+00
  0.0000000000000E+00
  0.0000000000000E+00
  0.0000000000000E+00
  0.0000000000000E+00
  0.0000000000000E+00
  0.0000000000000E+00
  0.0000000000000E+00
  0.0000000000000E+00
  0.0000000000000E+00
  0.0000000000000E+00
  0.0000000000000E+00
  0.0000000000000E+00
  0.0000000000000E+00
  0.0000000000000E+00
  0.0000000000000E+00
  0.0000000000000E+00
  0.0000000000000E+00
  0.0000000000000E+00
  0.0000000000000E+00
  0.0000000000000E+00
  0.0000000000000E+00
  0.0000000000000E+00
  0.0000000000000E+00
  0.0000000000000E+00
  0.0000000000000E+00
  0.0000000000000E+00
  0.0000000000000E+00
  0.0000000000000E+00
  0.0000000000000E+00
  0.0000000000000E+00
  0.0000000000000E+00
  0.0000000000000E+00
  0.0000000000000E+00
  0.0000000000000E+00
  0.0000000000000E+00
  0.0000000000000E+00
  0.0000000000000E+00
  0.0000000000000E+00
  0.0000000000000E+00
  0.0000000000000E+00
  0.0000000000000E+00
  0.0000000000000E+00
  0.0000000000000E+00
  0.0000000000000E+00
  0.0000000000000E+00
  0.0000000000000E+00
  0.0000000000000E+00
  0.0000000000000E+00
  0.0000000000000E+00
  0.0000000000000E+00
  0.0000000000000E+00
  0.0000000000000E+00
  0.0000000000000E+00
  0.0000000000000E+00
  0.0000000000000E+00
  0.0000000000000E+00
  0.0000000000000E+00
  0.0000000000000E+00
  0.0000000000000E+00
  0.0000000000000E+00
  0.0000000000000E+00
  0.0000000000000E+00
  0.0000000000000E+00
  0.0000000000000E+00
  0.0000000000000E+00
  0.0000000000000E+00
  0.0000000000000E+00
  0.0000000000000E+00
  0.0000000000000E+00
  0.0000000000000E+00
  0.0000000000000E+00
  0.0000000000000E+00
  0.0000000000000E+00
  0.0000000000000E+00
  0.0000000000000E+00
  0.0000000000000E+00
  0.0000000000000E+00
  0.0000000000000E+00
  0.0000000000000E+00
  0.0000000000000E+00
  0.0000000000000E+00
  0.0000000000000E+00
  0.0000000000000E+00
  0.0000000000000E+00
  0.0000000000000E+00
  0.0000000000000E+00
  0.0000000000000E+00
  0.0000000000000E+00
  0.0000000000000E+00
  0.0000000000000E+00
  0.0000000000000E+00
  0.0000000000000E+00
  0.0000000000000E+00
  0.0000000000000E+00
  0.0000000000000E+00
  0.0000000000000E+00
  0.0000000000000E+00
  0.0000000000000E+00
  0.0000000000000E+00
  0.0000000000000E+00
  0.0000000000000E+00
  0.0000000000000E+00
  0.0000000000000E+00
  0.0000000000000E+00
  0.0000000000000E+00
  0.0000000000000E+00
  0.0000000000000E+00
  0.0000000000000E+00
  0.0000000000000E+00
  0.0000000000000E+00
  0.0000000000000E+00
  0.0000000000000E+00
  0.0000000000000E+00
  0.0000000000000E+00
  0.0000000000000E+00
  0.0000000000000E+00
  0.0000000000000E+00
  0.0000000000000E+00
  0.0000000000000E+00
  0.0000000000000E+00
  0.0000000000000E+00
  0.0000000000000E+00
  0.0000000000000E+00
  0.0000000000000E+00
  0.0000000000000E+00
  0.0000000000000E+00
  0.0000000000000E+00
  0.0000000000000E+00
  0.0000000000000E+00
  0.0000000000000E+00
  0.0000000000000E+00
  0.0000000000000E+00
  0.0000000000000E+00
  0.0000000000000E+00
  0.0000000000000E+00
  0.0000000000000E+00
  0.0000000000000E+00
  0.0000000000000E+00
  0.0000000000000E+00
  0.0000000000000E+00
  0.0000000000000E+00
  0.0000000000000E+00
  0.0000000000000E+00
  0.0000000000000E+00
  0.0000000000000E+00
  0.0000000000000E+00
  0.0000000000000E+00
  0.0000000000000E+00
  0.0000000000000E+00
  0.0000000000000E+00
  0.0000000000000E+00
  0.0000000000000E+00
  0.0000000000000E+00
  0.0000000000000E+00
  0.0000000000000E+00
  0.0000000000000E+00
  0.0000000000000E+00
  0.0000000000000E+00
  0.0000000000000E+00
  0.0000000000000E+00
  0.0000000000000E+00
  0.0000000000000E+00
  0.0000000000000E+00
  0.0000000000000E+00
  0.0000000000000E+00
  0.0000000000000E+00
  0.0000000000000E+00
  0.0000000000000E+00
  0.0000000000000E+00
  0.0000000000000E+00
  0.0000000000000E+00
  0.0000000000000E+00
  0.0000000000000E+00
  0.0000000000000E+00
  0.0000000000000E+00
  0.0000000000000E+00
  0.0000000000000E+00
  0.0000000000000E+00
  0.0000000000000E+00
  0.0000000000000E+00
  0.0000000000000E+00
  0.0000000000000E+00
  0.0000000000000E+00
  0.0000000000000E+00
  0.0000000000000E+00
  0.0000000000000E+00
  0.0000000000000E+00
  0.0000000000000E+00
  0.0000000000000E+00
  0.0000000000000E+00
  0.0000000000000E+00
  0.0000000000000E+00
  0.0000000000000E+00
  0.0000000000000E+00
  0.0000000000000E+00
  0.0000000000000E+00
  0.0000000000000E+00
  0.0000000000000E+00
  0.0000000000000E+00
  0.0000000000000E+00
  0.0000000000000E+00
  0.0000000000000E+00
  0.0000000000000E+00
  0.0000000000000E+00
  0.0000000000000E+00
  0.0000000000000E+00
  0.0000000000000E+00
  0.0000000000000E+00
  0.0000000000000E+00
  0.0000000000000E+00
  0.0000000000000E+00
  0.0000000000000E+00
  0.0000000000000E+00
  0.0000000000000E+00
  0.0000000000000E+00
  0.0000000000000E+00
  0.0000000000000E+00
  0.0000000000000E+00
  0.0000000000000E+00
  0.0000000000000E+00
  0.0000000000000E+00
  0.0000000000000E+00
  0.0000000000000E+00
  0.0000000000000E+00
  0.0000000000000E+00
  0.0000000000000E+00
  0.0000000000000E+00
  0.0000000000000E+00
  0.0000000000000E+00
  0.0000000000000E+00
  0.0000000000000E+00
  0.0000000000000E+00
  0.0000000000000E+00
  0.0000000000000E+00
  0.0000000000000E+00
  0.0000000000000E+00
  0.0000000000000E+00
  0.0000000000000E+00
  0.0000000000000E+00
  0.0000000000000E+00
  0.0000000000000E+00
  0.0000000000000E+00
  0.0000000000000E+00
  0.0000000000000E+00
  0.0000000000000E+00
  0.0000000000000E+00
  0.0000000000000E+00
  0.0000000000000E+00
  0.0000000000000E+00
  0.0000000000000E+00
  0.0000000000000E+00
  0.0000000000000E+00
  0.0000000000000E+00
  0.0000000000000E+00
  0.0000000000000E+00
  0.0000000000000E+00
  0.0000000000000E+00
  0.0000000000000E+00
  0.0000000000000E+00
  0.0000000000000E+00
  0.0000000000000E+00
  0.0000000000000E+00
  0.0000000000000E+00
  0.0000000000000E+00
  0.0000000000000E+00
  0.0000000000000E+00
  0.0000000000000E+00
  0.0000000000000E+00
  0.0000000000000E+00
  0.0000000000000E+00
  0.0000000000000E+00
  0.0000000000000E+00
  0.0000000000000E+00
  0.0000000000000E+00
  0.0000000000000E+00
  0.0000000000000E+00
  0.0000000000000E+00
  0.0000000000000E+00
  0.0000000000000E+00
  0.0000000000000E+00
  0.0000000000000E+00
  0.0000000000000E+00
  0.0000000000000E+00
  0.0000000000000E+00
  0.0000000000000E+00
  0.0000000000000E+00
  0.0000000000000E+00
  0.0000000000000E+00
  0.0000000000000E+00
  0.0000000000000E+00
  0.0000000000000E+00
  0.0000000000000E+00
  0.0000000000000E+00
  0.0000000000000E+00
  0.0000000000000E+00
  0.0000000000000E+00
  0.0000000000000E+00
  0.0000000000000E+00
  0.0000000000000E+00
  0.0000000000000E+00
  0.0000000000000E+00
  0.0000000000000E+00
  0.0000000000000E+00
  0.0000000000000E+00
  0.0000000000000E+00
  0.0000000000000E+00
  0.0000000000000E+00
  0.0000000000000E+00
  0.0000000000000E+00
  0.0000000000000E+00
  0.0000000000000E+00
  0.0000000000000E+00
  0.0000000000000E+00
  0.0000000000000E+00
  0.0000000000000E+00
  0.0000000000000E+00
  0.0000000000000E+00
  0.0000000000000E+00
  0.0000000000000E+00
  0.0000000000000E+00
  0.0000000000000E+00
  0.0000000000000E+00
  0.0000000000000E+00
  0.0000000000000E+00
  0.0000000000000E+00
  0.0000000000000E+00
  0.0000000000000E+00
  0.0000000000000E+00
  0.0000000000000E+00
  0.0000000000000E+00
  0.0000000000000E+00
  0.0000000000000E+00
  0.0000000000000E+00
  0.0000000000000E+00
  0.0000000000000E+00
  0.0000000000000E+00
  0.0000000000000E+00
  0.0000000000000E+00
  0.0000000000000E+00
  0.0000000000000E+00
  0.0000000000000E+00
  0.0000000000000E+00
  0.0000000000000E+00
  0.0000000000000E+00
  0.0000000000000E+00
  0.0000000000000E+00
  0.0000000000000E+00
  0.0000000000000E+00
  0.0000000000000E+00
  0.0000000000000E+00
  0.0000000000000E+00
  0.0000000000000E+00
  0.0000000000000E+00
  0.0000000000000E+00
  0.0000000000000E+00
  0.0000000000000E+00
  0.0000000000000E+00
  0.0000000000000E+00
  0.0000000000000E+00
  0.0000000000000E+00
  0.0000000000000E+00
  0.0000000000000E+00
  0.0000000000000E+00
  0.0000000000000E+00
  0.0000000000000E+00
  0.0000000000000E+00
  0.0000000000000E+00
  0.0000000000000E+00
  0.0000000000000E+00
  0.0000000000000E+00
  0.0000000000000E+00
  0.0000000000000E+00
  0.0000000000000E+00
  0.0000000000000E+00
  0.0000000000000E+00
  0.0000000000000E+00
  0.0000000000000E+00
  0.0000000000000E+00
  0.0000000000000E+00
  0.0000000000000E+00
  0.0000000000000E+00
  0.0000000000000E+00
  0.0000000000000E+00
  0.0000000000000E+00
  0.0000000000000E+00
  0.0000000000000E+00
  0.0000000000000E+00
  0.0000000000000E+00
  0.0000000000000E+00
  0.0000000000000E+00
  0.0000000000000E+00
  0.0000000000000E+00
  0.0000000000000E+00
  0.0000000000000E+00
  0.0000000000000E+00
  0.0000000000000E+00
  0.0000000000000E+00
  0.0000000000000E+00
  0.0000000000000E+00
  0.0000000000000E+00
  0.0000000000000E+00
  0.0000000000000E+00
  0.0000000000000E+00
  0.0000000000000E+00
  0.0000000000000E+00
  0.0000000000000E+00
  0.0000000000000E+00
  0.0000000000000E+00
  0.0000000000000E+00
  0.0000000000000E+00
  0.0000000000000E+00
  0.0000000000000E+00
  0.0000000000000E+00
  0.0000000000000E+00
  0.0000000000000E+00
  0.0000000000000E+00
  0.0000000000000E+00
  0.0000000000000E+00
  0.0000000000000E+00
  0.0000000000000E+00
  0.0000000000000E+00
  0.0000000000000E+00
  0.0000000000000E+00
  0.0000000000000E+00
  0.0000000000000E+00
  0.0000000000000E+00
  0.0000000000000E+00
  0.0000000000000E+00
  0.0000000000000E+00
  0.0000000000000E+00
  0.0000000000000E+00
  0.0000000000000E+00
  0.0000000000000E+00
  0.0000000000000E+00
  0.0000000000000E+00
  0.0000000000000E+00
  0.0000000000000E+00
  0.0000000000000E+00
  0.0000000000000E+00
  0.0000000000000E+00
  0.0000000000000E+00
  0.0000000000000E+00
  0.0000000000000E+00
  0.0000000000000E+00
  0.0000000000000E+00
  0.0000000000000E+00
  0.0000000000000E+00
  0.0000000000000E+00
  0.0000000000000E+00
  0.0000000000000E+00
  0.0000000000000E+00
  0.0000000000000E+00
  0.0000000000000E+00
  0.0000000000000E+00
  0.0000000000000E+00
  0.0000000000000E+00
  0.0000000000000E+00
  0.0000000000000E+00
  0.0000000000000E+00
  0.0000000000000E+00
  0.0000000000000E+00
  0.0000000000000E+00
  0.0000000000000E+00
  0.0000000000000E+00
  0.0000000000000E+00
  0.0000000000000E+00
  0.0000000000000E+00
  0.0000000000000E+00
  0.0000000000000E+00
  0.0000000000000E+00
  0.0000000000000E+00
  0.0000000000000E+00
  0.0000000000000E+00
  0.0000000000000E+00
  0.0000000000000E+00
  0.0000000000000E+00
  0.0000000000000E+00
  0.0000000000000E+00
  0.0000000000000E+00
  0.0000000000000E+00
  0.0000000000000E+00
  0.0000000000000E+00
  0.0000000000000E+00
  0.0000000000000E+00
  0.0000000000000E+00
  0.0000000000000E+00
  0.0000000000000E+00
  0.0000000000000E+00
  0.0000000000000E+00
  0.0000000000000E+00
  0.0000000000000E+00
  0.0000000000000E+00
  0.0000000000000E+00
  0.0000000000000E+00
  0.0000000000000E+00
  0.0000000000000E+00
  0.0000000000000E+00
  0.0000000000000E+00
  0.0000000000000E+00
  0.0000000000000E+00
  0.0000000000000E+00
  0.0000000000000E+00
  0.0000000000000E+00
  0.0000000000000E+00
  0.0000000000000E+00
  0.0000000000000E+00
  0.0000000000000E+00
  0.0000000000000E+00
  0.0000000000000E+00
  0.0000000000000E+00
  0.0000000000000E+00
  0.0000000000000E+00
  0.0000000000000E+00
  0.0000000000000E+00
  0.0000000000000E+00
  0.0000000000000E+00
  0.0000000000000E+00
  0.0000000000000E+00
  0.0000000000000E+00
  0.0000000000000E+00
  0.0000000000000E+00
  0.0000000000000E+00
  0.0000000000000E+00
  0.0000000000000E+00
  0.0000000000000E+00
  0.0000000000000E+00
  0.0000000000000E+00
  0.0000000000000E+00
  0.0000000000000E+00
  0.0000000000000E+00
  0.0000000000000E+00
  0.0000000000000E+00
  0.0000000000000E+00
  0.0000000000000E+00
  0.0000000000000E+00
  0.0000000000000E+00
  0.0000000000000E+00
  0.0000000000000E+00
  0.0000000000000E+00
  0.0000000000000E+00
  0.0000000000000E+00
  0.0000000000000E+00
  0.0000000000000E+00
  0.0000000000000E+00
  0.0000000000000E+00
  0.0000000000000E+00
  0.0000000000000E+00
  0.0000000000000E+00
  0.0000000000000E+00
  0.0000000000000E+00
  0.0000000000000E+00
  0.0000000000000E+00
  0.0000000000000E+00
  0.0000000000000E+00
  0.0000000000000E+00
  0.0000000000000E+00
  0.0000000000000E+00
  0.0000000000000E+00
  0.0000000000000E+00
  0.0000000000000E+00
  0.0000000000000E+00
  0.0000000000000E+00
  0.0000000000000E+00
  0.0000000000000E+00
  0.0000000000000E+00
  0.0000000000000E+00
  0.0000000000000E+00
  0.0000000000000E+00
  0.0000000000000E+00
  0.0000000000000E+00
  0.0000000000000E+00
  0.0000000000000E+00
  0.0000000000000E+00
  0.0000000000000E+00
  0.0000000000000E+00
  0.0000000000000E+00
  0.0000000000000E+00
  0.0000000000000E+00
  0.0000000000000E+00
  0.0000000000000E+00
  0.0000000000000E+00
  0.0000000000000E+00
  0.0000000000000E+00
  0.0000000000000E+00
  0.0000000000000E+00
  0.0000000000000E+00
  0.0000000000000E+00
  0.0000000000000E+00
  0.0000000000000E+00
  0.0000000000000E+00
  0.0000000000000E+00
  0.0000000000000E+00
  0.0000000000000E+00
  0.0000000000000E+00
  0.0000000000000E+00
  0.0000000000000E+00
  0.0000000000000E+00
  0.0000000000000E+00
  0.0000000000000E+00
  0.0000000000000E+00
  0.0000000000000E+00
  0.0000000000000E+00
  0.0000000000000E+00
  0.0000000000000E+00
  0.0000000000000E+00
  0.0000000000000E+00
  0.0000000000000E+00
  0.0000000000000E+00
  0.0000000000000E+00
  0.0000000000000E+00
  0.0000000000000E+00
  0.0000000000000E+00
  0.0000000000000E+00
  0.0000000000000E+00
  0.0000000000000E+00
  0.0000000000000E+00
  0.0000000000000E+00
  0.0000000000000E+00
  0.0000000000000E+00
  0.0000000000000E+00
  0.0000000000000E+00
  0.0000000000000E+00
  0.0000000000000E+00
  0.0000000000000E+00
  0.0000000000000E+00
  0.0000000000000E+00
  0.0000000000000E+00
  0.0000000000000E+00
  0.0000000000000E+00
  0.0000000000000E+00
  0.0000000000000E+00
  0.0000000000000E+00
  0.0000000000000E+00
  0.0000000000000E+00
  0.0000000000000E+00
  0.0000000000000E+00
  0.0000000000000E+00
  0.0000000000000E+00
  0.0000000000000E+00
  0.0000000000000E+00
  0.0000000000000E+00
  0.0000000000000E+00
  0.0000000000000E+00
  0.0000000000000E+00
  0.0000000000000E+00
  0.0000000000000E+00
  0.0000000000000E+00
  0.0000000000000E+00
  0.0000000000000E+00
  0.0000000000000E+00
  0.0000000000000E+00
  0.0000000000000E+00
  0.0000000000000E+00
  0.0000000000000E+00
  0.0000000000000E+00
  0.0000000000000E+00
  0.0000000000000E+00
  0.0000000000000E+00
  0.0000000000000E+00
  0.0000000000000E+00
  0.0000000000000E+00
  0.0000000000000E+00
  0.0000000000000E+00
  0.0000000000000E+00
  0.0000000000000E+00
  0.0000000000000E+00
  0.0000000000000E+00
  0.0000000000000E+00
  0.0000000000000E+00
  0.0000000000000E+00
  0.0000000000000E+00
  0.0000000000000E+00
  0.0000000000000E+00
  0.0000000000000E+00
  0.0000000000000E+00
  0.0000000000000E+00
  0.0000000000000E+00
  0.0000000000000E+00
  0.0000000000000E+00
  0.0000000000000E+00
  0.0000000000000E+00
  0.0000000000000E+00
  0.0000000000000E+00
  0.0000000000000E+00
  0.0000000000000E+00
  0.0000000000000E+00
  0.0000000000000E+00
  0.0000000000000E+00
  0.0000000000000E+00
  0.0000000000000E+00
  0.0000000000000E+00
  0.0000000000000E+00
  0.0000000000000E+00
  0.0000000000000E+00
  0.0000000000000E+00
  0.0000000000000E+00
  0.0000000000000E+00
  0.0000000000000E+00
  0.0000000000000E+00
  0.0000000000000E+00
  0.0000000000000E+00
  0.0000000000000E+00
  0.0000000000000E+00
  0.0000000000000E+00
  0.0000000000000E+00
  0.0000000000000E+00
  0.0000000000000E+00
  0.0000000000000E+00
  0.0000000000000E+00
  0.0000000000000E+00
  0.0000000000000E+00
  0.0000000000000E+00
  0.0000000000000E+00
  0.0000000000000E+00
  0.0000000000000E+00
  0.0000000000000E+00
  0.0000000000000E+00
  0.0000000000000E+00
  0.0000000000000E+00
  0.0000000000000E+00
  0.0000000000000E+00
  0.0000000000000E+00
  0.0000000000000E+00
  0.0000000000000E+00
  0.0000000000000E+00
  0.0000000000000E+00
  0.0000000000000E+00
  0.0000000000000E+00
  0.0000000000000E+00
  0.0000000000000E+00
  0.0000000000000E+00
  0.0000000000000E+00
  0.0000000000000E+00
  0.0000000000000E+00
  0.0000000000000E+00
  0.0000000000000E+00
  0.0000000000000E+00
  0.0000000000000E+00
  0.0000000000000E+00
  0.0000000000000E+00
  0.0000000000000E+00
  0.0000000000000E+00
  0.0000000000000E+00
  0.0000000000000E+00
  0.0000000000000E+00
  0.0000000000000E+00
  0.0000000000000E+00
  0.0000000000000E+00
  0.0000000000000E+00
  0.0000000000000E+00
  0.0000000000000E+00
  0.0000000000000E+00
  0.0000000000000E+00
  0.0000000000000E+00
  0.0000000000000E+00
  0.0000000000000E+00
  0.0000000000000E+00
  0.0000000000000E+00
  0.0000000000000E+00
  0.0000000000000E+00
  0.0000000000000E+00
  0.0000000000000E+00
  0.0000000000000E+00
  0.0000000000000E+00
  0.0000000000000E+00
  0.0000000000000E+00
  0.0000000000000E+00
  0.0000000000000E+00
  0.0000000000000E+00
  0.0000000000000E+00
  0.0000000000000E+00
  0.0000000000000E+00
  0.0000000000000E+00
  0.0000000000000E+00
  0.0000000000000E+00
  0.0000000000000E+00
  0.0000000000000E+00
  0.0000000000000E+00
  0.0000000000000E+00
  0.0000000000000E+00
  0.0000000000000E+00
  0.0000000000000E+00
  0.0000000000000E+00
  0.0000000000000E+00
  0.0000000000000E+00
  0.0000000000000E+00
  0.0000000000000E+00
  0.0000000000000E+00
  0.0000000000000E+00
  0.0000000000000E+00
  0.0000000000000E+00
  0.0000000000000E+00
  0.0000000000000E+00
  0.0000000000000E+00
  0.0000000000000E+00
  0.0000000000000E+00
  0.0000000000000E+00
  0.0000000000000E+00
  0.0000000000000E+00
  0.0000000000000E+00
  0.0000000000000E+00
  0.0000000000000E+00
  0.0000000000000E+00
  0.0000000000000E+00
  0.0000000000000E+00
  0.0000000000000E+00
  0.0000000000000E+00
  0.0000000000000E+00
  0.0000000000000E+00
  0.0000000000000E+00
  0.0000000000000E+00
  0.0000000000000E+00
  0.0000000000000E+00
  0.0000000000000E+00
  0.0000000000000E+00
  0.0000000000000E+00
  0.0000000000000E+00
  0.0000000000000E+00
  0.0000000000000E+00
  0.0000000000000E+00
  0.0000000000000E+00
  0.0000000000000E+00
  0.0000000000000E+00
  0.0000000000000E+00
  0.0000000000000E+00
  0.0000000000000E+00
  0.0000000000000E+00
  0.0000000000000E+00
  0.0000000000000E+00
  0.0000000000000E+00
  0.0000000000000E+00
  0.0000000000000E+00
  0.0000000000000E+00
  0.0000000000000E+00
  0.0000000000000E+00
  0.0000000000000E+00
  0.0000000000000E+00
  0.0000000000000E+00
  0.0000000000000E+00
  0.0000000000000E+00
  0.0000000000000E+00
  0.0000000000000E+00
  0.0000000000000E+00
  0.0000000000000E+00
  0.0000000000000E+00
  0.0000000000000E+00
  0.0000000000000E+00
  0.0000000000000E+00
  0.0000000000000E+00
  0.0000000000000E+00
  0.0000000000000E+00
  0.0000000000000E+00
  0.0000000000000E+00
  0.0000000000000E+00
  0.0000000000000E+00
  0.0000000000000E+00
  0.0000000000000E+00
  0.0000000000000E+00
  0.0000000000000E+00
  0.0000000000000E+00
  0.0000000000000E+00
  0.0000000000000E+00
  0.0000000000000E+00
  0.0000000000000E+00
  0.0000000000000E+00
  0.0000000000000E+00
  0.0000000000000E+00
  0.0000000000000E+00
  0.0000000000000E+00
  0.0000000000000E+00
  0.0000000000000E+00
  0.0000000000000E+00
  0.0000000000000E+00
  0.0000000000000E+00
  0.0000000000000E+00
  0.0000000000000E+00
  0.0000000000000E+00
  0.0000000000000E+00
  0.0000000000000E+00
  0.0000000000000E+00
  0.0000000000000E+00
  0.0000000000000E+00
  0.0000000000000E+00
  0.0000000000000E+00
  0.0000000000000E+00
  0.0000000000000E+00
  0.0000000000000E+00
  0.0000000000000E+00
  0.0000000000000E+00
  0.0000000000000E+00
  0.0000000000000E+00
  0.0000000000000E+00
  0.0000000000000E+00
  0.0000000000000E+00
  0.0000000000000E+00
  0.0000000000000E+00
  0.0000000000000E+00
  0.0000000000000E+00
  0.0000000000000E+00
  0.0000000000000E+00
  0.0000000000000E+00
  0.0000000000000E+00
  0.0000000000000E+00
  0.0000000000000E+00
  0.0000000000000E+00
  0.0000000000000E+00
  0.0000000000000E+00
  0.0000000000000E+00
  0.0000000000000E+00
  0.0000000000000E+00
  0.0000000000000E+00
  0.0000000000000E+00
  0.0000000000000E+00
  0.0000000000000E+00
  0.0000000000000E+00
  0.0000000000000E+00
  0.0000000000000E+00
  0.0000000000000E+00
  0.0000000000000E+00
  0.0000000000000E+00
  0.0000000000000E+00
  0.0000000000000E+00
  0.0000000000000E+00
  0.0000000000000E+00
  0.0000000000000E+00
  0.0000000000000E+00
  0.0000000000000E+00
  0.0000000000000E+00
  0.0000000000000E+00
  0.0000000000000E+00
  0.0000000000000E+00
  0.0000000000000E+00
  0.0000000000000E+00
  0.0000000000000E+00
  0.0000000000000E+00
  0.0000000000000E+00
  0.0000000000000E+00
  0.0000000000000E+00
  0.0000000000000E+00
  0.0000000000000E+00
  0.0000000000000E+00
  0.0000000000000E+00
  0.0000000000000E+00
  0.0000000000000E+00
  0.0000000000000E+00
  0.0000000000000E+00
  0.0000000000000E+00
  0.0000000000000E+00
  0.0000000000000E+00
  0.0000000000000E+00
  0.0000000000000E+00
  0.0000000000000E+00
  0.0000000000000E+00
  0.0000000000000E+00
  0.0000000000000E+00
  0.0000000000000E+00
  0.0000000000000E+00
  0.0000000000000E+00
  0.0000000000000E+00
  0.0000000000000E+00
  0.0000000000000E+00
  0.0000000000000E+00
  0.0000000000000E+00
  0.0000000000000E+00
  0.0000000000000E+00
  0.0000000000000E+00
  0.0000000000000E+00
  0.0000000000000E+00
  0.0000000000000E+00
  0.0000000000000E+00
  0.0000000000000E+00
  0.0000000000000E+00
  0.0000000000000E+00
  0.0000000000000E+00
  0.0000000000000E+00
  0.0000000000000E+00
  0.0000000000000E+00
  0.0000000000000E+00
  0.0000000000000E+00
  0.0000000000000E+00
  0.0000000000000E+00
  0.0000000000000E+00
  0.0000000000000E+00
  0.0000000000000E+00
  0.0000000000000E+00
  0.0000000000000E+00
  0.0000000000000E+00
  0.0000000000000E+00
  0.0000000000000E+00
  0.0000000000000E+00
  0.0000000000000E+00
  0.0000000000000E+00
  0.0000000000000E+00
  0.0000000000000E+00
  0.0000000000000E+00
  0.0000000000000E+00
  0.0000000000000E+00
  0.0000000000000E+00
  0.0000000000000E+00
  0.0000000000000E+00
  0.0000000000000E+00
  0.0000000000000E+00
  0.0000000000000E+00
  0.0000000000000E+00
  0.0000000000000E+00
  0.0000000000000E+00
  0.0000000000000E+00
  0.0000000000000E+00
  0.0000000000000E+00
  0.0000000000000E+00
  0.0000000000000E+00
  0.0000000000000E+00
  0.0000000000000E+00
  0.0000000000000E+00
  0.0000000000000E+00
  0.0000000000000E+00
  0.0000000000000E+00
  0.0000000000000E+00
  0.0000000000000E+00
  0.0000000000000E+00
  0.0000000000000E+00
  0.0000000000000E+00
  0.0000000000000E+00
  0.0000000000000E+00
  0.0000000000000E+00
  0.0000000000000E+00
  0.0000000000000E+00
  0.0000000000000E+00
  0.0000000000000E+00
  0.0000000000000E+00
  0.0000000000000E+00
  0.0000000000000E+00
  0.0000000000000E+00
  0.0000000000000E+00
  0.0000000000000E+00
  0.0000000000000E+00
  0.0000000000000E+00
  0.0000000000000E+00
  0.0000000000000E+00
  0.0000000000000E+00
  0.0000000000000E+00
  0.0000000000000E+00
  0.0000000000000E+00
  0.0000000000000E+00
  0.0000000000000E+00
  0.0000000000000E+00
  0.0000000000000E+00
  0.0000000000000E+00
  0.0000000000000E+00
  0.0000000000000E+00
  0.0000000000000E+00
  0.0000000000000E+00
  0.0000000000000E+00
  0.0000000000000E+00
  0.0000000000000E+00
  0.0000000000000E+00
  0.0000000000000E+00
  0.0000000000000E+00
  0.0000000000000E+00
  0.0000000000000E+00
  0.0000000000000E+00
  0.0000000000000E+00
  0.0000000000000E+00
  0.0000000000000E+00
  0.0000000000000E+00
  0.0000000000000E+00
  0.0000000000000E+00
  0.0000000000000E+00
  0.0000000000000E+00
  0.0000000000000E+00
  0.0000000000000E+00
  0.0000000000000E+00
  0.0000000000000E+00
  0.0000000000000E+00
  0.0000000000000E+00
  0.0000000000000E+00
  0.0000000000000E+00
  0.0000000000000E+00
  0.0000000000000E+00
  0.0000000000000E+00
  0.0000000000000E+00
  0.0000000000000E+00
  0.0000000000000E+00
  0.0000000000000E+00
  0.0000000000000E+00
  0.0000000000000E+00
  0.0000000000000E+00
  0.0000000000000E+00
  0.0000000000000E+00
  0.0000000000000E+00
  0.0000000000000E+00
  0.0000000000000E+00
  0.0000000000000E+00
  0.0000000000000E+00
  0.0000000000000E+00
  0.0000000000000E+00
  0.0000000000000E+00
  0.0000000000000E+00
  0.0000000000000E+00
  0.0000000000000E+00
  0.0000000000000E+00
  0.0000000000000E+00
  0.0000000000000E+00
  0.0000000000000E+00
  0.0000000000000E+00
  0.0000000000000E+00
  0.0000000000000E+00
  0.0000000000000E+00
  0.0000000000000E+00
  0.0000000000000E+00
  0.0000000000000E+00
  0.0000000000000E+00
  0.0000000000000E+00
  0.0000000000000E+00
  0.0000000000000E+00
  0.0000000000000E+00
  0.0000000000000E+00
  0.0000000000000E+00
  0.0000000000000E+00
  0.0000000000000E+00
  0.0000000000000E+00
  0.0000000000000E+00
  0.0000000000000E+00
  0.0000000000000E+00
  0.0000000000000E+00
  0.0000000000000E+00
  0.0000000000000E+00
  0.0000000000000E+00
  0.0000000000000E+00
  0.0000000000000E+00
  0.0000000000000E+00
  0.0000000000000E+00
  0.0000000000000E+00
  0.0000000000000E+00
  0.0000000000000E+00
  0.0000000000000E+00
  0.0000000000000E+00
  0.0000000000000E+00
  0.0000000000000E+00
  0.0000000000000E+00
  0.0000000000000E+00
  0.0000000000000E+00
  0.0000000000000E+00
  0.0000000000000E+00
  0.0000000000000E+00
  0.0000000000000E+00
  0.0000000000000E+00
  0.0000000000000E+00
  0.0000000000000E+00
  0.0000000000000E+00
  0.0000000000000E+00
  0.0000000000000E+00
  0.0000000000000E+00
  0.0000000000000E+00
  0.0000000000000E+00
  0.0000000000000E+00
  0.0000000000000E+00
  0.0000000000000E+00
  0.0000000000000E+00
  0.0000000000000E+00
  0.0000000000000E+00
  0.0000000000000E+00
  0.0000000000000E+00
  0.0000000000000E+00
  0.0000000000000E+00
  0.0000000000000E+00
  0.0000000000000E+00
  0.0000000000000E+00
  0.0000000000000E+00
  0.0000000000000E+00
  0.3530550252465E-07
  0.3435806976086E-07
  0.3509037334936E-07
 -0.1024592110050E-07
 -0.9925637383075E-08
 -0.1115572587691E-07
 -0.1308044995452E-07
  0.2658808980093E-07
  0.2647189795947E-07
  0.4021697609060E-07
  0.2015900471781E-07
 -0.3344808269160E-07
  0.3552653650792E-07
  0.2351234104738E-07
  0.2143959739287E-07
  0.3019391886822E-07
  0.4846214915216E-07
 -0.3261688397933E-07
 -0.2002052016331E-07
 -0.8392184205737E-08
  0.4017392354413E-07
  0.3464285017418E-07
 -0.7934246478184E-07
 -0.7873276716148E-07
 -0.8005854057808E-07
 -0.8419158407367E-07
 -0.9458448559661E-07
 -0.1009415561897E-06
 -0.1025681470454E-06
 -0.1021549083915E-06
 -0.1000326302388E-06
 -0.9637596584430E-07
 -0.9468371165287E-07
 -0.9444344301119E-07
 -0.9511192492499E-07
  0.3777307753552E-07
  0.0000000000000E+00
 -0.4073353479938E-06
 -0.3211638699483E-06
 -0.2841154264707E-06
 -0.2913371175755E-06
  0.0000000000000E+00
 -0.2675288336300E-06
 -0.2814994353940E-06
 -0.3982969922713E-06
 -0.4064204753707E-06
  0.0000000000000E+00
  0.0000000000000E+00
  0.0000000000000E+00
  0.0000000000000E+00
  0.0000000000000E+00
  0.0000000000000E+00
  0.0000000000000E+00
  0.0000000000000E+00
  0.0000000000000E+00
  0.0000000000000E+00
  0.0000000000000E+00
  0.0000000000000E+00
  0.0000000000000E+00
  0.0000000000000E+00
  0.0000000000000E+00
  0.0000000000000E+00
  0.0000000000000E+00
  0.0000000000000E+00
  0.0000000000000E+00
  0.0000000000000E+00
  0.0000000000000E+00
  0.0000000000000E+00
  0.0000000000000E+00
  0.0000000000000E+00
  0.0000000000000E+00
  0.0000000000000E+00
  0.0000000000000E+00
  0.0000000000000E+00
  0.0000000000000E+00
  0.0000000000000E+00
  0.0000000000000E+00
  0.0000000000000E+00
  0.0000000000000E+00
  0.0000000000000E+00
  0.0000000000000E+00
  0.0000000000000E+00
  0.0000000000000E+00
  0.0000000000000E+00
  0.0000000000000E+00
  0.0000000000000E+00
  0.0000000000000E+00
  0.0000000000000E+00
  0.0000000000000E+00
  0.0000000000000E+00
  0.0000000000000E+00
  0.0000000000000E+00
  0.0000000000000E+00
  0.0000000000000E+00
  0.0000000000000E+00
  0.0000000000000E+00
  0.0000000000000E+00
  0.0000000000000E+00
  0.0000000000000E+00
  0.0000000000000E+00
  0.0000000000000E+00
  0.0000000000000E+00
  0.0000000000000E+00
  0.0000000000000E+00
  0.0000000000000E+00
  0.0000000000000E+00
  0.0000000000000E+00
  0.0000000000000E+00
  0.0000000000000E+00
  0.0000000000000E+00
  0.0000000000000E+00
  0.0000000000000E+00
  0.0000000000000E+00
  0.0000000000000E+00
  0.0000000000000E+00
  0.0000000000000E+00
  0.0000000000000E+00
  0.0000000000000E+00
  0.0000000000000E+00
  0.0000000000000E+00
  0.0000000000000E+00
  0.0000000000000E+00
  0.0000000000000E+00
  0.0000000000000E+00
  0.0000000000000E+00
  0.0000000000000E+00
  0.0000000000000E+00
  0.0000000000000E+00
  0.0000000000000E+00
  0.0000000000000E+00
  0.0000000000000E+00
  0.0000000000000E+00
  0.0000000000000E+00
  0.0000000000000E+00
  0.0000000000000E+00
  0.0000000000000E+00
  0.0000000000000E+00
  0.0000000000000E+00
  0.0000000000000E+00
  0.0000000000000E+00
  0.0000000000000E+00
  0.0000000000000E+00
  0.0000000000000E+00
  0.0000000000000E+00
  0.0000000000000E+00
  0.0000000000000E+00
  0.0000000000000E+00
  0.0000000000000E+00
  0.0000000000000E+00
  0.0000000000000E+00
  0.0000000000000E+00
  0.0000000000000E+00
  0.0000000000000E+00
  0.0000000000000E+00
  0.0000000000000E+00
  0.0000000000000E+00
  0.0000000000000E+00
  0.0000000000000E+00
  0.0000000000000E+00
  0.0000000000000E+00
  0.0000000000000E+00
  0.0000000000000E+00
  0.0000000000000E+00
  0.0000000000000E+00
  0.0000000000000E+00
  0.0000000000000E+00
  0.0000000000000E+00
  0.0000000000000E+00
  0.0000000000000E+00
  0.0000000000000E+00
  0.0000000000000E+00
  0.0000000000000E+00
  0.0000000000000E+00
  0.0000000000000E+00
  0.0000000000000E+00
  0.0000000000000E+00
  0.0000000000000E+00
  0.0000000000000E+00
  0.0000000000000E+00
  0.0000000000000E+00
  0.0000000000000E+00
  0.0000000000000E+00
  0.0000000000000E+00
  0.0000000000000E+00
  0.0000000000000E+00
  0.0000000000000E+00
  0.0000000000000E+00
  0.0000000000000E+00
  0.0000000000000E+00
  0.0000000000000E+00
  0.0000000000000E+00
  0.0000000000000E+00
  0.0000000000000E+00
  0.0000000000000E+00
  0.0000000000000E+00
  0.0000000000000E+00
  0.0000000000000E+00
  0.0000000000000E+00
  0.0000000000000E+00
  0.0000000000000E+00
  0.0000000000000E+00
  0.0000000000000E+00
  0.0000000000000E+00
  0.0000000000000E+00
  0.0000000000000E+00
  0.0000000000000E+00
  0.0000000000000E+00
  0.0000000000000E+00
  0.0000000000000E+00
  0.0000000000000E+00
  0.0000000000000E+00
  0.0000000000000E+00
  0.0000000000000E+00
  0.0000000000000E+00
  0.0000000000000E+00
  0.0000000000000E+00
  0.0000000000000E+00
  0.0000000000000E+00
  0.0000000000000E+00
  0.0000000000000E+00
  0.0000000000000E+00
  0.0000000000000E+00
  0.0000000000000E+00
  0.0000000000000E+00
  0.0000000000000E+00
  0.0000000000000E+00
  0.0000000000000E+00
  0.0000000000000E+00
  0.0000000000000E+00
  0.0000000000000E+00
  0.0000000000000E+00
  0.0000000000000E+00
  0.0000000000000E+00
  0.0000000000000E+00
  0.0000000000000E+00
  0.0000000000000E+00
  0.0000000000000E+00
  0.0000000000000E+00
  0.0000000000000E+00
  0.0000000000000E+00
  0.0000000000000E+00
  0.0000000000000E+00
  0.0000000000000E+00
  0.0000000000000E+00
  0.0000000000000E+00
  0.0000000000000E+00
  0.0000000000000E+00
  0.0000000000000E+00
  0.0000000000000E+00
  0.0000000000000E+00
  0.0000000000000E+00
  0.0000000000000E+00
  0.0000000000000E+00
  0.0000000000000E+00
  0.0000000000000E+00
  0.0000000000000E+00
  0.0000000000000E+00
  0.0000000000000E+00
  0.0000000000000E+00
  0.0000000000000E+00
  0.0000000000000E+00
  0.0000000000000E+00
  0.0000000000000E+00
  0.0000000000000E+00
  0.0000000000000E+00
  0.0000000000000E+00
  0.0000000000000E+00
  0.0000000000000E+00
  0.0000000000000E+00
  0.0000000000000E+00
  0.0000000000000E+00
  0.0000000000000E+00
  0.0000000000000E+00
  0.0000000000000E+00
  0.0000000000000E+00
  0.0000000000000E+00
  0.0000000000000E+00
  0.0000000000000E+00
  0.0000000000000E+00
  0.0000000000000E+00
  0.0000000000000E+00
  0.0000000000000E+00
  0.0000000000000E+00
  0.0000000000000E+00
  0.0000000000000E+00
  0.0000000000000E+00
  0.0000000000000E+00
  0.0000000000000E+00
  0.0000000000000E+00
  0.0000000000000E+00
  0.0000000000000E+00
  0.0000000000000E+00
  0.0000000000000E+00
  0.0000000000000E+00
  0.0000000000000E+00
  0.0000000000000E+00
  0.0000000000000E+00
  0.0000000000000E+00
  0.0000000000000E+00
  0.0000000000000E+00
  0.0000000000000E+00
  0.0000000000000E+00
  0.0000000000000E+00
  0.0000000000000E+00
  0.0000000000000E+00
  0.0000000000000E+00
  0.0000000000000E+00
  0.0000000000000E+00
  0.0000000000000E+00
  0.0000000000000E+00
  0.0000000000000E+00
  0.0000000000000E+00
  0.0000000000000E+00
  0.0000000000000E+00
  0.0000000000000E+00
  0.0000000000000E+00
  0.0000000000000E+00
  0.0000000000000E+00
  0.0000000000000E+00
  0.0000000000000E+00
  0.0000000000000E+00
  0.0000000000000E+00
  0.0000000000000E+00
  0.0000000000000E+00
  0.0000000000000E+00
  0.0000000000000E+00
  0.0000000000000E+00
  0.0000000000000E+00
  0.0000000000000E+00
  0.0000000000000E+00
  0.0000000000000E+00
  0.0000000000000E+00
  0.0000000000000E+00
  0.0000000000000E+00
  0.0000000000000E+00
  0.0000000000000E+00
  0.0000000000000E+00
  0.0000000000000E+00
  0.0000000000000E+00
  0.0000000000000E+00
  0.0000000000000E+00
  0.0000000000000E+00
  0.0000000000000E+00
  0.0000000000000E+00
  0.0000000000000E+00
  0.0000000000000E+00
  0.0000000000000E+00
  0.0000000000000E+00
  0.0000000000000E+00
  0.0000000000000E+00
  0.0000000000000E+00
  0.0000000000000E+00
  0.0000000000000E+00
  0.0000000000000E+00
  0.0000000000000E+00
  0.0000000000000E+00
  0.0000000000000E+00
  0.0000000000000E+00
  0.0000000000000E+00
  0.0000000000000E+00
  0.0000000000000E+00
  0.0000000000000E+00
  0.0000000000000E+00
  0.0000000000000E+00
  0.0000000000000E+00
  0.0000000000000E+00
  0.0000000000000E+00
  0.0000000000000E+00
  0.0000000000000E+00
  0.0000000000000E+00
  0.0000000000000E+00
  0.0000000000000E+00
  0.0000000000000E+00
  0.0000000000000E+00
  0.0000000000000E+00
  0.0000000000000E+00
  0.0000000000000E+00
  0.0000000000000E+00
  0.0000000000000E+00
  0.0000000000000E+00
  0.0000000000000E+00
  0.0000000000000E+00
  0.0000000000000E+00
  0.0000000000000E+00
  0.0000000000000E+00
  0.0000000000000E+00
  0.0000000000000E+00
  0.0000000000000E+00
  0.0000000000000E+00
  0.0000000000000E+00
  0.0000000000000E+00
  0.0000000000000E+00
  0.0000000000000E+00
  0.0000000000000E+00
  0.0000000000000E+00
  0.0000000000000E+00
  0.0000000000000E+00
  0.0000000000000E+00
  0.0000000000000E+00
  0.0000000000000E+00
  0.0000000000000E+00
  0.0000000000000E+00
  0.0000000000000E+00
  0.0000000000000E+00
  0.0000000000000E+00
  0.0000000000000E+00
  0.0000000000000E+00
  0.0000000000000E+00
  0.0000000000000E+00
  0.0000000000000E+00
  0.0000000000000E+00
  0.0000000000000E+00
  0.0000000000000E+00
  0.0000000000000E+00
  0.0000000000000E+00
  0.0000000000000E+00
  0.0000000000000E+00
  0.0000000000000E+00
  0.0000000000000E+00
  0.0000000000000E+00
  0.0000000000000E+00
  0.0000000000000E+00
  0.0000000000000E+00
  0.0000000000000E+00
  0.0000000000000E+00
  0.0000000000000E+00
  0.0000000000000E+00
  0.0000000000000E+00
  0.0000000000000E+00
  0.0000000000000E+00
  0.0000000000000E+00
  0.0000000000000E+00
  0.0000000000000E+00
  0.0000000000000E+00
  0.0000000000000E+00
  0.0000000000000E+00
  0.0000000000000E+00
  0.0000000000000E+00
  0.0000000000000E+00
  0.0000000000000E+00
  0.0000000000000E+00
  0.0000000000000E+00
  0.0000000000000E+00
  0.0000000000000E+00
  0.0000000000000E+00
  0.0000000000000E+00
  0.0000000000000E+00
  0.0000000000000E+00
  0.0000000000000E+00
  0.0000000000000E+00
  0.0000000000000E+00
  0.0000000000000E+00
  0.0000000000000E+00
  0.0000000000000E+00
  0.0000000000000E+00
  0.0000000000000E+00
  0.0000000000000E+00
  0.0000000000000E+00
  0.0000000000000E+00
  0.0000000000000E+00
  0.0000000000000E+00
  0.0000000000000E+00
  0.0000000000000E+00
  0.0000000000000E+00
  0.0000000000000E+00
  0.0000000000000E+00
  0.0000000000000E+00
  0.0000000000000E+00
  0.0000000000000E+00
  0.0000000000000E+00
  0.0000000000000E+00
  0.0000000000000E+00
  0.0000000000000E+00
  0.0000000000000E+00
  0.0000000000000E+00
  0.0000000000000E+00
  0.0000000000000E+00
  0.0000000000000E+00
  0.0000000000000E+00
  0.0000000000000E+00
  0.0000000000000E+00
  0.0000000000000E+00
  0.0000000000000E+00
  0.0000000000000E+00
  0.0000000000000E+00
  0.0000000000000E+00
  0.0000000000000E+00
  0.0000000000000E+00
  0.0000000000000E+00
  0.0000000000000E+00
  0.0000000000000E+00
  0.0000000000000E+00
  0.0000000000000E+00
  0.0000000000000E+00
  0.0000000000000E+00
  0.0000000000000E+00
  0.0000000000000E+00
  0.0000000000000E+00
  0.0000000000000E+00
  0.0000000000000E+00
  0.0000000000000E+00
  0.0000000000000E+00
  0.0000000000000E+00
  0.0000000000000E+00
  0.0000000000000E+00
  0.0000000000000E+00
  0.0000000000000E+00
  0.0000000000000E+00
  0.0000000000000E+00
  0.0000000000000E+00
  0.0000000000000E+00
  0.0000000000000E+00
  0.0000000000000E+00
  0.0000000000000E+00
  0.0000000000000E+00
  0.0000000000000E+00
  0.0000000000000E+00
  0.0000000000000E+00
  0.0000000000000E+00
  0.0000000000000E+00
  0.0000000000000E+00
  0.0000000000000E+00
  0.0000000000000E+00
  0.0000000000000E+00
  0.0000000000000E+00
  0.0000000000000E+00
  0.0000000000000E+00
  0.0000000000000E+00
  0.0000000000000E+00
  0.0000000000000E+00
  0.0000000000000E+00
  0.0000000000000E+00
  0.0000000000000E+00
  0.0000000000000E+00
  0.0000000000000E+00
  0.0000000000000E+00
  0.0000000000000E+00
  0.0000000000000E+00
  0.0000000000000E+00
  0.0000000000000E+00
  0.0000000000000E+00
  0.0000000000000E+00
  0.0000000000000E+00
  0.0000000000000E+00
  0.0000000000000E+00
  0.0000000000000E+00
  0.0000000000000E+00
  0.0000000000000E+00
  0.0000000000000E+00
  0.0000000000000E+00
  0.0000000000000E+00
  0.0000000000000E+00
  0.0000000000000E+00
  0.0000000000000E+00
  0.0000000000000E+00
  0.0000000000000E+00
  0.0000000000000E+00
  0.0000000000000E+00
  0.0000000000000E+00
  0.0000000000000E+00
  0.0000000000000E+00
  0.0000000000000E+00
  0.0000000000000E+00
  0.0000000000000E+00
  0.0000000000000E+00
  0.0000000000000E+00
  0.0000000000000E+00
  0.0000000000000E+00
  0.0000000000000E+00
  0.0000000000000E+00
  0.0000000000000E+00
  0.0000000000000E+00
  0.0000000000000E+00
  0.0000000000000E+00
  0.0000000000000E+00
  0.0000000000000E+00
  0.0000000000000E+00
  0.0000000000000E+00
  0.0000000000000E+00
  0.0000000000000E+00
  0.0000000000000E+00
  0.0000000000000E+00
  0.0000000000000E+00
  0.0000000000000E+00
  0.0000000000000E+00
  0.0000000000000E+00
  0.0000000000000E+00
  0.0000000000000E+00
  0.0000000000000E+00
  0.0000000000000E+00
  0.0000000000000E+00
  0.0000000000000E+00
  0.0000000000000E+00
  0.0000000000000E+00
  0.0000000000000E+00
  0.0000000000000E+00
  0.0000000000000E+00
  0.0000000000000E+00
  0.0000000000000E+00
  0.0000000000000E+00
  0.0000000000000E+00
  0.0000000000000E+00
  0.0000000000000E+00
  0.0000000000000E+00
  0.0000000000000E+00
  0.0000000000000E+00
  0.0000000000000E+00
  0.0000000000000E+00
  0.0000000000000E+00
  0.0000000000000E+00
  0.0000000000000E+00
  0.0000000000000E+00
  0.0000000000000E+00
  0.0000000000000E+00
  0.0000000000000E+00
  0.0000000000000E+00
  0.0000000000000E+00
  0.0000000000000E+00
  0.0000000000000E+00
  0.0000000000000E+00
  0.0000000000000E+00
  0.0000000000000E+00
  0.0000000000000E+00
  0.0000000000000E+00
  0.0000000000000E+00
  0.0000000000000E+00
  0.0000000000000E+00
  0.0000000000000E+00
  0.0000000000000E+00
  0.0000000000000E+00
  0.0000000000000E+00
  0.0000000000000E+00
  0.0000000000000E+00
  0.0000000000000E+00
  0.0000000000000E+00
  0.0000000000000E+00
  0.0000000000000E+00
  0.0000000000000E+00
  0.0000000000000E+00
  0.0000000000000E+00
  0.0000000000000E+00
  0.0000000000000E+00
  0.0000000000000E+00
  0.0000000000000E+00
  0.0000000000000E+00
  0.0000000000000E+00
  0.0000000000000E+00
  0.0000000000000E+00
  0.0000000000000E+00
  0.0000000000000E+00
  0.0000000000000E+00
  0.0000000000000E+00
  0.0000000000000E+00
  0.0000000000000E+00
  0.0000000000000E+00
  0.0000000000000E+00
  0.0000000000000E+00
  0.0000000000000E+00
  0.0000000000000E+00
  0.0000000000000E+00
  0.0000000000000E+00
  0.0000000000000E+00
  0.0000000000000E+00
  0.0000000000000E+00
  0.0000000000000E+00
  0.0000000000000E+00
  0.0000000000000E+00
  0.0000000000000E+00
  0.0000000000000E+00
  0.0000000000000E+00
  0.0000000000000E+00
  0.0000000000000E+00
  0.0000000000000E+00
  0.0000000000000E+00
  0.0000000000000E+00
  0.0000000000000E+00
  0.0000000000000E+00
  0.0000000000000E+00
  0.0000000000000E+00
  0.0000000000000E+00
  0.0000000000000E+00
  0.0000000000000E+00
  0.0000000000000E+00
  0.0000000000000E+00
  0.0000000000000E+00
  0.0000000000000E+00
  0.0000000000000E+00
  0.0000000000000E+00
  0.0000000000000E+00
  0.0000000000000E+00
  0.0000000000000E+00
  0.0000000000000E+00
  0.0000000000000E+00
  0.0000000000000E+00
  0.0000000000000E+00
  0.0000000000000E+00
  0.0000000000000E+00
  0.0000000000000E+00
  0.0000000000000E+00
  0.0000000000000E+00
  0.0000000000000E+00
  0.0000000000000E+00
  0.0000000000000E+00
  0.0000000000000E+00
  0.0000000000000E+00
  0.0000000000000E+00
  0.0000000000000E+00
  0.0000000000000E+00
  0.0000000000000E+00
  0.0000000000000E+00
  0.0000000000000E+00
  0.0000000000000E+00
  0.0000000000000E+00
  0.0000000000000E+00
  0.0000000000000E+00
  0.0000000000000E+00
  0.0000000000000E+00
  0.0000000000000E+00
  0.0000000000000E+00
  0.0000000000000E+00
  0.0000000000000E+00
  0.0000000000000E+00
  0.0000000000000E+00
  0.0000000000000E+00
  0.0000000000000E+00
  0.0000000000000E+00
  0.0000000000000E+00
  0.0000000000000E+00
  0.0000000000000E+00
  0.0000000000000E+00
  0.0000000000000E+00
  0.0000000000000E+00
  0.0000000000000E+00
  0.0000000000000E+00
  0.0000000000000E+00
  0.0000000000000E+00
  0.0000000000000E+00
  0.0000000000000E+00
  0.0000000000000E+00
  0.0000000000000E+00
  0.0000000000000E+00
  0.0000000000000E+00
  0.0000000000000E+00
  0.0000000000000E+00
  0.0000000000000E+00
  0.0000000000000E+00
  0.0000000000000E+00
  0.0000000000000E+00
  0.0000000000000E+00
  0.0000000000000E+00
  0.0000000000000E+00
  0.0000000000000E+00
  0.0000000000000E+00
  0.0000000000000E+00
  0.0000000000000E+00
  0.0000000000000E+00
  0.0000000000000E+00
  0.0000000000000E+00
  0.0000000000000E+00
  0.0000000000000E+00
  0.0000000000000E+00
  0.0000000000000E+00
  0.0000000000000E+00
  0.0000000000000E+00
  0.0000000000000E+00
  0.0000000000000E+00
  0.0000000000000E+00
  0.0000000000000E+00
  0.0000000000000E+00
  0.0000000000000E+00
  0.0000000000000E+00
  0.0000000000000E+00
  0.0000000000000E+00
  0.0000000000000E+00
  0.0000000000000E+00
  0.0000000000000E+00
  0.0000000000000E+00
  0.0000000000000E+00
  0.0000000000000E+00
  0.0000000000000E+00
  0.0000000000000E+00
  0.0000000000000E+00
  0.0000000000000E+00
  0.0000000000000E+00
  0.0000000000000E+00
  0.0000000000000E+00
  0.0000000000000E+00
  0.0000000000000E+00
  0.0000000000000E+00
  0.0000000000000E+00
  0.0000000000000E+00
  0.0000000000000E+00
  0.0000000000000E+00
  0.0000000000000E+00
  0.0000000000000E+00
  0.0000000000000E+00
  0.0000000000000E+00
  0.0000000000000E+00
  0.0000000000000E+00
  0.0000000000000E+00
  0.0000000000000E+00
  0.0000000000000E+00
  0.0000000000000E+00
  0.0000000000000E+00
  0.0000000000000E+00
  0.0000000000000E+00
  0.0000000000000E+00
  0.0000000000000E+00
  0.0000000000000E+00
  0.0000000000000E+00
  0.0000000000000E+00
  0.0000000000000E+00
  0.0000000000000E+00
  0.0000000000000E+00
  0.0000000000000E+00
  0.0000000000000E+00
  0.0000000000000E+00
  0.0000000000000E+00
  0.0000000000000E+00
  0.0000000000000E+00
  0.0000000000000E+00
  0.0000000000000E+00
  0.0000000000000E+00
  0.0000000000000E+00
  0.0000000000000E+00
  0.0000000000000E+00
  0.0000000000000E+00
  0.0000000000000E+00
  0.0000000000000E+00
  0.0000000000000E+00
  0.0000000000000E+00
  0.0000000000000E+00
  0.0000000000000E+00
  0.0000000000000E+00
  0.0000000000000E+00
  0.0000000000000E+00
  0.0000000000000E+00
  0.0000000000000E+00
  0.0000000000000E+00
  0.0000000000000E+00
  0.0000000000000E+00
  0.0000000000000E+00
  0.0000000000000E+00
  0.0000000000000E+00
  0.0000000000000E+00
  0.0000000000000E+00
  0.0000000000000E+00
  0.0000000000000E+00
  0.0000000000000E+00
  0.0000000000000E+00
  0.0000000000000E+00
  0.0000000000000E+00
  0.0000000000000E+00
  0.0000000000000E+00
  0.0000000000000E+00
  0.0000000000000E+00
  0.0000000000000E+00
  0.0000000000000E+00
  0.0000000000000E+00
  0.0000000000000E+00
  0.0000000000000E+00
  0.0000000000000E+00
  0.0000000000000E+00
  0.0000000000000E+00
  0.0000000000000E+00
  0.0000000000000E+00
  0.0000000000000E+00
  0.0000000000000E+00
  0.0000000000000E+00
  0.0000000000000E+00
  0.0000000000000E+00
  0.0000000000000E+00
  0.0000000000000E+00
  0.0000000000000E+00
  0.0000000000000E+00
  0.0000000000000E+00
  0.0000000000000E+00
  0.0000000000000E+00
  0.0000000000000E+00
  0.0000000000000E+00
  0.0000000000000E+00
  0.0000000000000E+00
  0.0000000000000E+00
  0.0000000000000E+00
  0.0000000000000E+00
  0.0000000000000E+00
  0.0000000000000E+00
  0.0000000000000E+00
  0.0000000000000E+00
  0.0000000000000E+00
  0.0000000000000E+00
  0.0000000000000E+00
  0.0000000000000E+00
  0.0000000000000E+00
  0.0000000000000E+00
  0.0000000000000E+00
  0.0000000000000E+00
  0.0000000000000E+00
  0.0000000000000E+00
  0.0000000000000E+00
  0.0000000000000E+00
  0.0000000000000E+00
  0.0000000000000E+00
  0.0000000000000E+00
  0.0000000000000E+00
  0.0000000000000E+00
  0.0000000000000E+00
  0.0000000000000E+00
  0.0000000000000E+00
  0.0000000000000E+00
  0.0000000000000E+00
  0.0000000000000E+00
  0.0000000000000E+00
  0.0000000000000E+00
  0.0000000000000E+00
  0.0000000000000E+00
  0.0000000000000E+00
  0.0000000000000E+00
  0.0000000000000E+00
  0.0000000000000E+00
  0.0000000000000E+00
  0.0000000000000E+00
  0.0000000000000E+00
  0.0000000000000E+00
  0.0000000000000E+00
  0.0000000000000E+00
  0.0000000000000E+00
  0.0000000000000E+00
  0.0000000000000E+00
  0.0000000000000E+00
  0.0000000000000E+00
  0.0000000000000E+00
  0.0000000000000E+00
  0.0000000000000E+00
  0.0000000000000E+00
  0.0000000000000E+00
  0.0000000000000E+00
  0.0000000000000E+00
  0.0000000000000E+00
  0.0000000000000E+00
  0.0000000000000E+00
  0.0000000000000E+00
  0.0000000000000E+00
  0.0000000000000E+00
  0.0000000000000E+00
  0.0000000000000E+00
  0.0000000000000E+00
  0.0000000000000E+00
  0.0000000000000E+00
  0.0000000000000E+00
  0.0000000000000E+00
  0.0000000000000E+00
  0.0000000000000E+00
  0.0000000000000E+00
  0.0000000000000E+00
  0.0000000000000E+00
  0.0000000000000E+00
  0.0000000000000E+00
  0.0000000000000E+00
  0.0000000000000E+00
  0.0000000000000E+00
  0.0000000000000E+00
  0.0000000000000E+00
  0.0000000000000E+00
  0.0000000000000E+00
  0.0000000000000E+00
  0.0000000000000E+00
  0.0000000000000E+00
  0.0000000000000E+00
  0.0000000000000E+00
  0.0000000000000E+00
  0.0000000000000E+00
  0.0000000000000E+00
  0.0000000000000E+00
  0.0000000000000E+00
  0.0000000000000E+00
  0.0000000000000E+00
  0.0000000000000E+00
  0.0000000000000E+00
  0.0000000000000E+00
  0.0000000000000E+00
  0.0000000000000E+00
  0.0000000000000E+00
  0.0000000000000E+00
  0.0000000000000E+00
  0.0000000000000E+00
  0.0000000000000E+00
  0.0000000000000E+00
  0.0000000000000E+00
  0.0000000000000E+00
  0.0000000000000E+00
  0.0000000000000E+00
  0.0000000000000E+00
  0.0000000000000E+00
  0.0000000000000E+00
  0.0000000000000E+00
  0.0000000000000E+00
  0.0000000000000E+00
  0.0000000000000E+00
  0.0000000000000E+00
  0.0000000000000E+00
  0.0000000000000E+00
  0.0000000000000E+00
  0.0000000000000E+00
  0.0000000000000E+00
  0.0000000000000E+00
  0.0000000000000E+00
  0.0000000000000E+00
  0.0000000000000E+00
  0.0000000000000E+00
  0.0000000000000E+00
  0.0000000000000E+00
  0.0000000000000E+00
  0.0000000000000E+00
  0.0000000000000E+00
  0.0000000000000E+00
  0.0000000000000E+00
  0.0000000000000E+00
  0.0000000000000E+00
  0.0000000000000E+00
  0.0000000000000E+00
  0.0000000000000E+00
  0.0000000000000E+00
  0.0000000000000E+00
  0.0000000000000E+00
  0.0000000000000E+00
  0.0000000000000E+00
  0.0000000000000E+00
  0.0000000000000E+00
  0.0000000000000E+00
  0.0000000000000E+00
  0.0000000000000E+00
  0.0000000000000E+00
  0.0000000000000E+00
  0.0000000000000E+00
  0.0000000000000E+00
  0.0000000000000E+00
  0.0000000000000E+00
  0.0000000000000E+00
  0.0000000000000E+00
  0.0000000000000E+00
  0.0000000000000E+00
  0.0000000000000E+00
  0.0000000000000E+00
  0.0000000000000E+00
  0.0000000000000E+00
  0.0000000000000E+00
  0.0000000000000E+00
  0.0000000000000E+00
  0.0000000000000E+00
  0.0000000000000E+00
  0.0000000000000E+00
  0.0000000000000E+00
  0.0000000000000E+00
  0.0000000000000E+00
  0.0000000000000E+00
  0.0000000000000E+00
  0.0000000000000E+00
  0.0000000000000E+00
  0.0000000000000E+00
  0.0000000000000E+00
  0.0000000000000E+00
  0.0000000000000E+00
  0.0000000000000E+00
  0.0000000000000E+00
  0.0000000000000E+00
  0.0000000000000E+00
  0.0000000000000E+00
  0.0000000000000E+00
  0.0000000000000E+00
  0.0000000000000E+00
  0.0000000000000E+00
  0.0000000000000E+00
  0.0000000000000E+00
  0.0000000000000E+00
  0.0000000000000E+00
  0.0000000000000E+00
  0.0000000000000E+00
  0.0000000000000E+00
  0.0000000000000E+00
  0.0000000000000E+00
  0.0000000000000E+00
  0.0000000000000E+00
  0.0000000000000E+00
  0.0000000000000E+00
  0.0000000000000E+00
  0.0000000000000E+00
  0.0000000000000E+00
  0.0000000000000E+00
  0.0000000000000E+00
  0.0000000000000E+00
  0.0000000000000E+00
  0.0000000000000E+00
  0.0000000000000E+00
  0.0000000000000E+00
  0.0000000000000E+00
  0.0000000000000E+00
  0.0000000000000E+00
  0.0000000000000E+00
  0.0000000000000E+00
  0.0000000000000E+00
  0.0000000000000E+00
  0.0000000000000E+00
  0.0000000000000E+00
  0.0000000000000E+00
  0.0000000000000E+00
  0.0000000000000E+00
  0.0000000000000E+00
  0.0000000000000E+00
  0.0000000000000E+00
  0.0000000000000E+00
  0.0000000000000E+00
  0.0000000000000E+00
  0.0000000000000E+00
  0.0000000000000E+00
  0.0000000000000E+00
  0.0000000000000E+00
  0.0000000000000E+00
  0.0000000000000E+00
  0.0000000000000E+00
  0.0000000000000E+00
  0.0000000000000E+00
  0.0000000000000E+00
  0.0000000000000E+00
  0.0000000000000E+00
  0.0000000000000E+00
  0.0000000000000E+00
  0.0000000000000E+00
  0.0000000000000E+00
  0.0000000000000E+00
  0.0000000000000E+00
  0.0000000000000E+00
  0.0000000000000E+00
  0.0000000000000E+00
  0.0000000000000E+00
  0.0000000000000E+00
  0.0000000000000E+00
  0.0000000000000E+00
  0.0000000000000E+00
  0.0000000000000E+00
  0.0000000000000E+00
  0.0000000000000E+00
  0.0000000000000E+00
  0.0000000000000E+00
  0.0000000000000E+00
  0.0000000000000E+00
  0.0000000000000E+00
  0.0000000000000E+00
  0.0000000000000E+00
  0.0000000000000E+00
  0.0000000000000E+00
  0.0000000000000E+00
  0.0000000000000E+00
  0.0000000000000E+00
  0.0000000000000E+00
  0.0000000000000E+00
  0.0000000000000E+00
  0.0000000000000E+00
  0.0000000000000E+00
  0.0000000000000E+00
  0.0000000000000E+00
  0.0000000000000E+00
  0.0000000000000E+00
  0.0000000000000E+00
  0.0000000000000E+00
  0.0000000000000E+00
  0.0000000000000E+00
  0.0000000000000E+00
  0.0000000000000E+00
  0.0000000000000E+00
  0.0000000000000E+00
  0.0000000000000E+00
  0.0000000000000E+00
  0.0000000000000E+00
  0.0000000000000E+00
  0.0000000000000E+00
  0.0000000000000E+00
  0.0000000000000E+00
  0.0000000000000E+00
  0.0000000000000E+00
  0.0000000000000E+00
  0.0000000000000E+00
  0.0000000000000E+00
  0.0000000000000E+00
  0.0000000000000E+00
  0.0000000000000E+00
  0.0000000000000E+00
  0.0000000000000E+00
  0.0000000000000E+00
  0.0000000000000E+00
  0.0000000000000E+00
  0.0000000000000E+00
  0.0000000000000E+00
  0.0000000000000E+00
  0.0000000000000E+00
  0.0000000000000E+00
  0.0000000000000E+00
  0.0000000000000E+00
  0.0000000000000E+00
  0.0000000000000E+00
  0.0000000000000E+00
  0.0000000000000E+00
  0.0000000000000E+00
  0.0000000000000E+00
  0.0000000000000E+00
  0.0000000000000E+00
  0.0000000000000E+00
  0.0000000000000E+00
  0.0000000000000E+00
  0.0000000000000E+00
  0.0000000000000E+00
  0.0000000000000E+00
  0.0000000000000E+00
  0.0000000000000E+00
  0.0000000000000E+00
  0.0000000000000E+00
  0.0000000000000E+00
  0.0000000000000E+00
  0.0000000000000E+00
  0.0000000000000E+00
  0.0000000000000E+00
  0.0000000000000E+00
  0.0000000000000E+00
  0.0000000000000E+00
  0.0000000000000E+00
  0.0000000000000E+00
  0.0000000000000E+00
  0.0000000000000E+00
  0.0000000000000E+00
  0.0000000000000E+00
  0.0000000000000E+00
  0.0000000000000E+00
  0.0000000000000E+00
  0.0000000000000E+00
  0.0000000000000E+00
  0.0000000000000E+00
  0.0000000000000E+00
  0.0000000000000E+00
  0.0000000000000E+00
  0.0000000000000E+00
  0.0000000000000E+00
  0.0000000000000E+00
  0.0000000000000E+00
  0.0000000000000E+00
  0.0000000000000E+00
  0.0000000000000E+00
  0.0000000000000E+00
  0.0000000000000E+00
  0.0000000000000E+00
  0.0000000000000E+00
  0.0000000000000E+00
  0.0000000000000E+00
  0.0000000000000E+00
  0.0000000000000E+00
  0.0000000000000E+00
  0.0000000000000E+00
  0.0000000000000E+00
  0.0000000000000E+00
  0.0000000000000E+00
  0.0000000000000E+00
  0.0000000000000E+00
  0.0000000000000E+00
  0.0000000000000E+00
  0.0000000000000E+00
  0.0000000000000E+00
  0.0000000000000E+00
  0.0000000000000E+00
  0.0000000000000E+00
  0.0000000000000E+00
  0.0000000000000E+00
  0.0000000000000E+00
  0.0000000000000E+00
  0.0000000000000E+00
  0.0000000000000E+00
  0.0000000000000E+00
  0.0000000000000E+00
  0.0000000000000E+00
  0.0000000000000E+00
  0.0000000000000E+00
  0.0000000000000E+00
  0.0000000000000E+00
  0.0000000000000E+00
  0.0000000000000E+00
  0.0000000000000E+00
  0.0000000000000E+00
  0.0000000000000E+00
  0.0000000000000E+00
  0.0000000000000E+00
  0.0000000000000E+00
  0.0000000000000E+00
  0.0000000000000E+00
  0.0000000000000E+00
  0.0000000000000E+00
  0.0000000000000E+00
  0.0000000000000E+00
  0.0000000000000E+00
  0.2556404950017E-05
  0.2506879608663E-05
  0.2559641230299E-05
 -0.6040558207508E-07
 -0.5908549516402E-07
 -0.6916739203175E-07
 -0.8757189974127E-07
  0.5011379015248E-06
  0.7337367693809E-06
  0.1561407088098E-05
  0.7391551666445E-07
 -0.1430943621344E-05
  0.3552653650792E-05
  0.2351234104738E-05
  0.2143959739287E-05
  0.3019391886822E-05
  0.4846214915216E-05
 -0.5915593910002E-06
 -0.2532780537353E-06
 -0.7524957844358E-07
  0.2276249105089E-05
  0.2099219966062E-05
 -0.1941685320587E-06
 -0.1841454110571E-06
 -0.1916875483088E-06
 -0.2174921370400E-06
 -0.2698669230631E-06
 -0.3097075884458E-06
 -0.3280188717641E-06
 -0.3277356614104E-06
 -0.3149174268118E-06
 -0.2934603820311E-06
 -0.2839109917748E-06
 -0.2809279676374E-06
 -0.2833283931180E-06
  0.2586537359942E-05
