  0.0000000000000E+00
 -0.2569518148879E+02
 -0.2739492491229E+02
 -0.2707804567459E+02
 -0.2799219260685E+02
  0.0000000000000E+00
 -0.2454208074195E+02
 -0.2679247948464E+02
 -0.2788099560137E+02
 -0.2638900701986E+02
  0.0000000000000E+00
  0.0000000000000E+00
  0.0000000000000E+00
  0.0000000000000E+00
  0.0000000000000E+00
  0.0000000000000E+00
  0.0000000000000E+00
  0.0000000000000E+00
  0.0000000000000E+00
  0.0000000000000E+00
  0.0000000000000E+00
  0.0000000000000E+00
  0.0000000000000E+00
  0.0000000000000E+00
  0.0000000000000E+00
  0.0000000000000E+00
  0.0000000000000E+00
  0.0000000000000E+00
  0.0000000000000E+00
  0.0000000000000E+00
  0.0000000000000E+00
  0.0000000000000E+00
  0.0000000000000E+00
  0.0000000000000E+00
  0.0000000000000E+00
  0.0000000000000E+00
 -0.9433704490323E+00
  0.0000000000000E+00
  0.0000000000000E+00
  0.0000000000000E+00
 -0.1794039546178E+01
 -0.3275731288558E+01
 -0.3380521750707E+01
 -0.3254521494388E+01
 -0.2708787416550E+01
  0.0000000000000E+00
  0.0000000000000E+00
  0.0000000000000E+00
  0.0000000000000E+00
  0.0000000000000E+00
  0.0000000000000E+00
  0.0000000000000E+00
  0.0000000000000E+00
  0.0000000000000E+00
  0.0000000000000E+00
  0.0000000000000E+00
  0.0000000000000E+00
  0.0000000000000E+00
  0.0000000000000E+00
  0.0000000000000E+00
  0.0000000000000E+00
  0.0000000000000E+00
  0.0000000000000E+00
  0.0000000000000E+00
  0.0000000000000E+00
  0.0000000000000E+00
  0.0000000000000E+00
  0.0000000000000E+00
  0.0000000000000E+00
  0.0000000000000E+00
  0.0000000000000E+00
 -0.7369066908262E+00
 -0.1208792942558E+02
 -0.1413726533459E+02
 -0.1405498898339E+02
 -0.9727843318426E+01
 -0.6510814439833E+01
 -0.1016485147290E+02
 -0.1174661004787E+02
 -0.1492757186311E+02
 -0.1640234456217E+02
 -0.1524259491714E+02
  0.0000000000000E+00
  0.0000000000000E+00
  0.0000000000000E+00
  0.0000000000000E+00
  0.0000000000000E+00
  0.0000000000000E+00
  0.0000000000000E+00
  0.0000000000000E+00
  0.0000000000000E+00
  0.0000000000000E+00
  0.0000000000000E+00
  0.0000000000000E+00
  0.0000000000000E+00
  0.0000000000000E+00
  0.0000000000000E+00
  0.0000000000000E+00
  0.0000000000000E+00
  0.0000000000000E+00
  0.0000000000000E+00
  0.0000000000000E+00
  0.0000000000000E+00
  0.0000000000000E+00
  0.0000000000000E+00
  0.0000000000000E+00
 -0.6567597181847E+01
 -0.1204370905865E+02
 -0.3082726721223E+02
 -0.3091834625134E+02
 -0.2998990095871E+02
 -0.2798958879955E+02
 -0.2109543014590E+02
 -0.2086726815637E+02
 -0.2412253005591E+02
 -0.2716583791876E+02
 -0.2863832444478E+02
 -0.2656816019265E+02
 -0.9525972443369E+01
  0.0000000000000E+00
  0.0000000000000E+00
  0.0000000000000E+00
  0.0000000000000E+00
  0.0000000000000E+00
  0.0000000000000E+00
  0.0000000000000E+00
  0.0000000000000E+00
  0.0000000000000E+00
  0.0000000000000E+00
  0.0000000000000E+00
  0.0000000000000E+00
  0.0000000000000E+00
  0.0000000000000E+00
  0.0000000000000E+00
  0.0000000000000E+00
  0.0000000000000E+00
  0.0000000000000E+00
  0.0000000000000E+00
  0.0000000000000E+00
  0.0000000000000E+00
 -0.5208489894667E+01
 -0.1613446009142E+02
 -0.2645703076641E+02
 -0.2953835788406E+02
 -0.4829804829588E+02
 -0.4694419857237E+02
 -0.4414647267906E+02
 -0.4253022513092E+02
 -0.3972158427433E+02
 -0.3811292388754E+02
 -0.3792720738136E+02
 -0.3821119278216E+02
 -0.3732175416387E+02
 -0.3539479067330E+02
 -0.2647883759405E+02
 -0.7117245564120E+01
  0.0000000000000E+00
  0.0000000000000E+00
  0.0000000000000E+00
  0.0000000000000E+00
  0.0000000000000E+00
  0.0000000000000E+00
  0.0000000000000E+00
  0.0000000000000E+00
  0.0000000000000E+00
  0.0000000000000E+00
  0.0000000000000E+00
  0.0000000000000E+00
  0.0000000000000E+00
  0.0000000000000E+00
  0.0000000000000E+00
  0.0000000000000E+00
  0.0000000000000E+00
  0.0000000000000E+00
  0.0000000000000E+00
  0.0000000000000E+00
 -0.2119396124658E+02
 -0.3735247784091E+02
 -0.4369651021341E+02
 -0.4616798138435E+02
 -0.6411146084143E+02
 -0.5977282164664E+02
 -0.5507147058083E+02
 -0.5340785007322E+02
 -0.5268760392344E+02
 -0.5189061570183E+02
 -0.5094340935601E+02
 -0.4953846580076E+02
 -0.4717313819283E+02
 -0.4510466511829E+02
 -0.4063754570261E+02
 -0.2555270104089E+02
 -0.1095472317656E+02
  0.0000000000000E+00
  0.0000000000000E+00
  0.0000000000000E+00
  0.0000000000000E+00
  0.0000000000000E+00
  0.0000000000000E+00
  0.0000000000000E+00
  0.0000000000000E+00
  0.0000000000000E+00
  0.0000000000000E+00
  0.0000000000000E+00
  0.0000000000000E+00
  0.0000000000000E+00
  0.0000000000000E+00
  0.0000000000000E+00
  0.0000000000000E+00
  0.0000000000000E+00
  0.0000000000000E+00
  0.0000000000000E+00
 -0.3307795742423E+02
 -0.5152520430037E+02
 -0.5961672644296E+02
 -0.6332973274746E+02
 -0.7452378764808E+02
 -0.6470294617874E+02
 -0.5749717079816E+02
 -0.5555840536186E+02
 -0.5653374976036E+02
 -0.5722430656769E+02
 -0.5742198276302E+02
 -0.5660867583973E+02
 -0.5496968793736E+02
 -0.5442957736097E+02
 -0.5301902987868E+02
 -0.4485897146348E+02
 -0.2698637187478E+02
  0.0000000000000E+00
  0.0000000000000E+00
  0.0000000000000E+00
  0.0000000000000E+00
  0.0000000000000E+00
  0.0000000000000E+00
 -0.1859709684550E+01
 -0.9066320783675E+01
 -0.9472095837595E+01
  0.0000000000000E+00
  0.0000000000000E+00
  0.0000000000000E+00
  0.0000000000000E+00
  0.0000000000000E+00
  0.0000000000000E+00
  0.0000000000000E+00
  0.0000000000000E+00
  0.0000000000000E+00
  0.0000000000000E+00
 -0.3748794239464E+02
 -0.6767183617724E+02
 -0.7704216533254E+02
 -0.8016425091997E+02
 -0.7252948952104E+02
 -0.6254496928830E+02
 -0.6125543873287E+02
 -0.6269357099521E+02
 -0.6216761804054E+02
 -0.5972498300347E+02
 -0.5554966527287E+02
 -0.4949222987499E+02
 -0.4285237627824E+02
 -0.4499422745823E+02
 -0.5503321757787E+02
 -0.5384223886536E+02
 -0.4076240801590E+02
 -0.3570197325134E+02
 -0.2781761977667E+02
  0.0000000000000E+00
  0.0000000000000E+00
 -0.1495159514743E+02
 -0.1968900506811E+02
 -0.2322198766178E+02
 -0.4117809624538E+02
 -0.4204934997733E+02
 -0.2986371215800E+02
 -0.2279024101804E+02
 -0.2003545371434E+02
 -0.2059896147505E+02
 -0.2877612071252E+02
 -0.2790975046117E+02
 -0.2517240019102E+02
  0.0000000000000E+00
  0.0000000000000E+00
  0.0000000000000E+00
 -0.5483692939322E+02
 -0.8319374570836E+02
 -0.8314036457091E+02
 -0.8403951193517E+02
 -0.8282455024693E+02
 -0.8477338697539E+02
 -0.8730057610948E+02
 -0.8853385347323E+02
 -0.8904933008289E+02
 -0.8876450609673E+02
 -0.8721455287787E+02
 -0.8492303282987E+02
 -0.8148246835627E+02
 -0.7565150490129E+02
 -0.6683725825296E+02
 -0.4900720599861E+02
 -0.5105189918645E+02
 -0.4928441810798E+02
 -0.4158577760040E+02
  0.0000000000000E+00
  0.0000000000000E+00
 -0.2207699989596E+02
 -0.3591716738454E+02
 -0.4066841388734E+02
 -0.5669844353336E+02
 -0.5462936862151E+02
 -0.3396056217957E+02
 -0.3719341932151E+02
 -0.3165137820895E+02
 -0.3893214073681E+02
 -0.4580563585334E+02
 -0.4390649358216E+02
 -0.2880140772743E+02
  0.0000000000000E+00
  0.0000000000000E+00
  0.0000000000000E+00
 -0.6342040531729E+02
 -0.6208898791814E+02
 -0.7070074241962E+02
 -0.8228956325220E+02
 -0.9771353156789E+02
 -0.9992550741072E+02
 -0.1017782011401E+03
 -0.1031857155520E+03
 -0.1042693048805E+03
 -0.1046757983978E+03
 -0.1038097063072E+03
 -0.1014764947945E+03
 -0.9788335759536E+02
 -0.9374943591065E+02
 -0.8955943420239E+02
 -0.8643984687760E+02
 -0.7298801136506E+02
 -0.6198646260454E+02
 -0.5172896734759E+02
 -0.5376285124031E+02
  0.0000000000000E+00
 -0.3267774995537E+02
 -0.4911930939539E+02
  0.0000000000000E+00
 -0.5972028847098E+02
 -0.7024504647846E+02
 -0.7586870018376E+02
 -0.6907702187540E+02
 -0.6519374824929E+02
 -0.6159552270709E+02
 -0.5979528990696E+02
 -0.6060218166678E+02
 -0.5953432459399E+02
  0.0000000000000E+00
  0.0000000000000E+00
  0.0000000000000E+00
 -0.7160128647820E+02
 -0.8350189455464E+02
 -0.9176031259146E+02
 -0.9570245860901E+02
 -0.1084586091997E+03
 -0.1106883702780E+03
 -0.1124065961108E+03
 -0.1142722899955E+03
 -0.1162869324378E+03
 -0.1174051276677E+03
 -0.1170917491527E+03
 -0.1146858921103E+03
 -0.1103813429126E+03
 -0.1052712996356E+03
 -0.1005536263596E+03
 -0.9562377030075E+02
 -0.8614446111505E+02
  0.0000000000000E+00
 -0.7112365220350E+02
 -0.6802597314783E+02
  0.0000000000000E+00
  0.0000000000000E+00
 -0.6132066916944E+02
 -0.7333768026950E+02
 -0.8266756351533E+02
 -0.8719273421344E+02
 -0.8811437289523E+02
 -0.8360169157745E+02
 -0.7280008537474E+02
 -0.8076308494332E+02
 -0.7528816145098E+02
 -0.7707438885667E+02
 -0.6909199171146E+02
 -0.6304749137840E+02
  0.0000000000000E+00
  0.0000000000000E+00
 -0.8260326032111E+02
 -0.9816427854790E+02
 -0.1033963715536E+03
 -0.1064524002251E+03
 -0.1166032911873E+03
 -0.1181141248148E+03
 -0.1197434206082E+03
 -0.1218846417603E+03
 -0.1239995835823E+03
 -0.1250419706468E+03
 -0.1242585833443E+03
 -0.1213682360835E+03
 -0.1176004553196E+03
 -0.1140346223127E+03
 -0.1105622071324E+03
 -0.1058810836711E+03
 -0.9718540801100E+02
 -0.8766214224196E+02
 -0.8852977833677E+02
 -0.7448089363957E+02
  0.0000000000000E+00
  0.0000000000000E+00
 -0.7352729846755E+02
 -0.8885822309104E+02
 -0.9581656449846E+02
 -0.1012608071417E+03
 -0.1019230593996E+03
 -0.9440482848118E+02
  0.0000000000000E+00
 -0.6961721087328E+02
 -0.7856983039500E+02
 -0.9167539588546E+02
 -0.8413141023890E+02
 -0.7605084976416E+02
  0.0000000000000E+00
  0.0000000000000E+00
 -0.8935839446781E+02
 -0.1062424272519E+03
 -0.1117742155723E+03
 -0.1148808357143E+03
 -0.1201316856846E+03
 -0.1209361421888E+03
 -0.1216455758087E+03
 -0.1219294180255E+03
 -0.1214264407368E+03
 -0.1203240234265E+03
 -0.1187171554741E+03
 -0.1184218317134E+03
 -0.1192792446814E+03
 -0.1196505763377E+03
 -0.1182987480442E+03
 -0.1139465683234E+03
 -0.1070762362630E+03
 -0.9976598595834E+02
 -0.9705878468395E+02
 -0.8653873036885E+02
  0.0000000000000E+00
  0.0000000000000E+00
 -0.7033579145216E+02
 -0.1030439790791E+03
 -0.1049088968498E+03
 -0.1091543543578E+03
 -0.1095515566569E+03
 -0.1030296974726E+03
  0.0000000000000E+00
  0.0000000000000E+00
  0.0000000000000E+00
 -0.7610308607225E+02
 -0.9422474660993E+02
 -0.8614686231161E+02
  0.0000000000000E+00
  0.0000000000000E+00
 -0.9224566147030E+02
 -0.1123952560602E+03
 -0.1167140506316E+03
 -0.1187806324181E+03
 -0.1161460441374E+03
 -0.1156283638706E+03
 -0.1136244921141E+03
 -0.1089942384349E+03
 -0.1034742629731E+03
 -0.9923995674865E+02
 -0.1014855159197E+03
 -0.1099200631239E+03
 -0.1166066294332E+03
 -0.1205971863258E+03
 -0.1215292723892E+03
 -0.1186406919714E+03
 -0.1113421993080E+03
 -0.1049037061141E+03
 -0.1002045383052E+03
 -0.9498476379167E+02
  0.0000000000000E+00
  0.0000000000000E+00
  0.0000000000000E+00
 -0.8266254388138E+02
 -0.1074130066935E+03
 -0.1116731206387E+03
 -0.1112586315889E+03
 -0.1142949260671E+03
 -0.8430796900204E+02
  0.0000000000000E+00
  0.0000000000000E+00
  0.0000000000000E+00
 -0.9059410940485E+02
 -0.9322899786452E+02
  0.0000000000000E+00
  0.0000000000000E+00
 -0.8982370273767E+02
 -0.1136276312638E+03
 -0.1164221628650E+03
 -0.1156145637423E+03
 -0.9684224743367E+02
 -0.9391737630878E+02
 -0.8853986235855E+02
 -0.8032438612639E+02
 -0.7413079695668E+02
 -0.7922979301597E+02
 -0.9180664313741E+02
 -0.1029957011290E+03
 -0.1097835944927E+03
 -0.1135994215023E+03
 -0.1157275277272E+03
 -0.1141895836350E+03
 -0.1060793144957E+03
 -0.1030374527215E+03
 -0.1016718258807E+03
 -0.1006509340703E+03
  0.0000000000000E+00
  0.0000000000000E+00
  0.0000000000000E+00
 -0.8835364136605E+02
 -0.1069615735581E+03
 -0.1091506959626E+03
 -0.1135112944694E+03
 -0.1121768399709E+03
 -0.9080284637653E+02
 -0.7877030266637E+02
  0.0000000000000E+00
  0.0000000000000E+00
 -0.9647944183113E+02
 -0.9985632894802E+02
  0.0000000000000E+00
 -0.8238725524332E+02
 -0.1027234437350E+03
 -0.1043310545492E+03
 -0.1011123970338E+03
 -0.9814940737539E+02
 -0.8438326300299E+02
 -0.8431515550495E+02
 -0.8714083906453E+02
 -0.9509759200658E+02
 -0.1037042702832E+03
 -0.1087620455478E+03
 -0.1104884155045E+03
 -0.1095590896436E+03
 -0.1065517622953E+03
 -0.1024326951101E+03
 -0.9855388934658E+02
 -0.9887854064157E+02
 -0.9671321104806E+02
 -0.9657725679133E+02
 -0.1017319565321E+03
 -0.9947490581953E+02
  0.0000000000000E+00
  0.0000000000000E+00
  0.0000000000000E+00
 -0.9000150727256E+02
 -0.1095523229646E+03
 -0.1153795176610E+03
 -0.1142515014165E+03
 -0.1119244096401E+03
 -0.8757618191374E+02
 -0.6866749440971E+02
 -0.8003329025007E+02
  0.0000000000000E+00
 -0.9870109184641E+02
 -0.1040357747678E+03
 -0.8908482764750E+02
 -0.9907659371655E+02
 -0.9577686389613E+02
 -0.8945077488210E+02
 -0.8422086284045E+02
 -0.8450751804838E+02
 -0.1203592604201E+03
 -0.1242204402927E+03
 -0.1269786925729E+03
 -0.1288212738856E+03
 -0.1299395239155E+03
 -0.1305455295356E+03
 -0.1301147468050E+03
 -0.1261287990100E+03
 -0.1168289425855E+03
 -0.1074745422425E+03
 -0.9982197172050E+02
 -0.9365486510690E+02
 -0.9050123224806E+02
 -0.8177669123958E+02
 -0.1068690909093E+03
 -0.9333626334715E+02
  0.0000000000000E+00
  0.0000000000000E+00
  0.0000000000000E+00
 -0.9550860281508E+02
 -0.1099767809333E+03
 -0.1165216179261E+03
 -0.1114955883542E+03
 -0.1108799782065E+03
 -0.9606494096414E+02
 -0.9664045975014E+02
 -0.9996256227790E+02
  0.0000000000000E+00
  0.0000000000000E+00
 -0.9025730648858E+02
 -0.1047468787168E+03
 -0.1027526309243E+03
 -0.1034952268184E+03
 -0.1041783277392E+03
 -0.1108250485038E+03
 -0.1164439843624E+03
 -0.1333641522541E+03
 -0.1342657437529E+03
 -0.1344229933299E+03
 -0.1342517179835E+03
 -0.1343924871476E+03
 -0.1348380066970E+03
 -0.1350251431433E+03
 -0.1342724865001E+03
 -0.1320234396621E+03
 -0.1280700008827E+03
 -0.1217911978490E+03
 -0.1135865189226E+03
 -0.1023587569785E+03
 -0.4165946207585E+02
 -0.1168767572658E+03
 -0.1182422778625E+03
  0.0000000000000E+00
  0.0000000000000E+00
  0.0000000000000E+00
 -0.8140177599308E+02
 -0.1041108249801E+03
 -0.9777857747473E+02
 -0.8969770533973E+02
 -0.9696489762615E+02
 -0.9843083832221E+02
 -0.9917872762170E+02
 -0.8892151428096E+02
 -0.6878692527831E+02
  0.0000000000000E+00
 -0.9023553339534E+02
 -0.1120691041922E+03
 -0.1114283589885E+03
 -0.1173665878154E+03
 -0.1233050853349E+03
 -0.1285904328801E+03
 -0.1316583429438E+03
 -0.1302453700136E+03
 -0.1285875687573E+03
 -0.1267370578223E+03
 -0.1256831178548E+03
 -0.1252929994424E+03
 -0.1247871082284E+03
 -0.1238343639329E+03
 -0.1228976655849E+03
 -0.1221964028613E+03
 -0.1210560493852E+03
 -0.1184317115119E+03
 -0.1148017438492E+03
 -0.1113070430641E+03
 -0.9270235047203E+02
 -0.1012525313180E+03
 -0.1179653236128E+03
  0.0000000000000E+00
  0.0000000000000E+00
  0.0000000000000E+00
 -0.1097351381381E+03
 -0.1158615199607E+03
 -0.8032885102773E+02
 -0.1054365988389E+03
 -0.6679625957202E+02
 -0.5006229867707E+02
 -0.6629400586487E+02
 -0.8058808091525E+02
 -0.1114376084896E+03
  0.0000000000000E+00
 -0.7849665798346E+02
 -0.1055194300825E+03
 -0.1072367776465E+03
 -0.1142308248693E+03
 -0.1229800343511E+03
 -0.1287006906660E+03
 -0.1305971096232E+03
 -0.1044227948991E+03
 -0.1035138485770E+03
 -0.1029804942644E+03
 -0.1025627896504E+03
 -0.1023447422828E+03
 -0.1017931268901E+03
 -0.1007742675694E+03
 -0.1000933228599E+03
 -0.9970726501800E+02
 -0.9975357889279E+02
 -0.1000633870516E+03
 -0.1012641837546E+03
 -0.1074898288996E+03
 -0.1192965195527E+03
 -0.8199215889262E+02
 -0.8786657425377E+02
  0.0000000000000E+00
  0.0000000000000E+00
  0.0000000000000E+00
 -0.1213128192545E+03
 -0.1227101941061E+03
 -0.1193978542588E+03
 -0.1199228209005E+03
 -0.1182651755205E+03
 -0.1060114177605E+03
 -0.1134438199897E+03
 -0.1224449223380E+03
 -0.1267729048379E+03
 -0.1061146085323E+03
 -0.1090890783317E+03
 -0.9918581495803E+02
 -0.9292292661343E+02
 -0.9471933332334E+02
 -0.1032850387981E+03
 -0.1069509870451E+03
 -0.1058788457980E+03
 -0.1129410451125E+03
 -0.1114507419347E+03
 -0.1106761256269E+03
 -0.1104502108883E+03
 -0.1112421549466E+03
 -0.1126129600898E+03
 -0.1138701052578E+03
 -0.1149910593394E+03
 -0.1152450254224E+03
 -0.1145482581076E+03
 -0.1130555678548E+03
 -0.1116665523809E+03
 -0.1184977800257E+03
 -0.1292338983959E+03
 -0.1340473070166E+03
 -0.9015100915697E+02
  0.0000000000000E+00
  0.0000000000000E+00
  0.0000000000000E+00
 -0.1262930220693E+03
 -0.1118493550830E+03
 -0.1238431128357E+03
  0.0000000000000E+00
 -0.1225954740015E+03
 -0.1296501836839E+03
 -0.1343526248336E+03
 -0.1335825133028E+03
 -0.1306455662671E+03
 -0.1247546327257E+03
 -0.1300284922216E+03
 -0.1232662070954E+03
 -0.1127643507929E+03
 -0.1106861439419E+03
 -0.1142517355720E+03
 -0.1153869756551E+03
 -0.1146673710098E+03
 -0.1307893494844E+03
 -0.1280225809156E+03
 -0.1248037098703E+03
 -0.1219161834386E+03
 -0.1197219784408E+03
 -0.1190335396490E+03
 -0.1201210301257E+03
 -0.1226837663649E+03
 -0.1254419977456E+03
 -0.1280078888857E+03
 -0.1305505336384E+03
 -0.1322117165606E+03
 -0.1312119101134E+03
 -0.1202813208483E+03
 -0.1374885455721E+03
 -0.1505918982942E+03
 -0.1000048746327E+03
 -0.9399363236689E+02
 -0.1152727992690E+03
 -0.1411587369653E+03
 -0.1131178741219E+03
 -0.1137560358770E+03
  0.0000000000000E+00
 -0.1267728367575E+03
 -0.1310645915099E+03
 -0.1357800095657E+03
 -0.1395943059145E+03
 -0.1330195741057E+03
 -0.1320795831187E+03
 -0.1412490213019E+03
 -0.1412632105554E+03
 -0.1381380987514E+03
 -0.1336922628190E+03
 -0.1344741719156E+03
 -0.1339596939855E+03
 -0.1328153805220E+03
 -0.1399569216948E+03
 -0.1409207390960E+03
 -0.1413171279290E+03
 -0.1400043017561E+03
 -0.1367894242929E+03
 -0.1333034482845E+03
 -0.1304073388381E+03
 -0.1297196363599E+03
 -0.1311541984904E+03
 -0.1334971943844E+03
 -0.1360088668978E+03
 -0.1378136050689E+03
 -0.1370260312692E+03
 -0.1318284440756E+03
 -0.1234205452143E+03
 -0.1050906121401E+03
 -0.1221392577380E+03
 -0.1278267860040E+03
 -0.1380527673481E+03
 -0.1456844287398E+03
 -0.1321068356890E+03
  0.0000000000000E+00
 -0.1246225245486E+03
 -0.1417247252788E+03
 -0.1372157420035E+03
 -0.1409453419670E+03
 -0.1416466986343E+03
 -0.1391167585869E+03
 -0.1329672644256E+03
 -0.1309917997125E+03
 -0.1323251922974E+03
 -0.1363993831928E+03
 -0.1375143857154E+03
 -0.1375652747511E+03
 -0.1380958235811E+03
 -0.1391550355900E+03
 -0.1400903472428E+03
 -0.1405565015665E+03
 -0.1416378239103E+03
 -0.1430998378298E+03
 -0.1442961367114E+03
 -0.1439404551421E+03
 -0.1415366407804E+03
 -0.1377691343593E+03
 -0.1353076629139E+03
 -0.1353003323786E+03
 -0.1367312532489E+03
 -0.1383070371738E+03
 -0.1395432154044E+03
 -0.1403886594694E+03
 -0.1419610897124E+03
 -0.1427805541486E+03
 -0.1461095187887E+03
 -0.1414153644808E+03
 -0.1421547837762E+03
 -0.1446971150267E+03
 -0.1373878315806E+03
  0.0000000000000E+00
 -0.1141086932670E+03
 -0.1429728327104E+03
 -0.1437282542349E+03
 -0.1467620607135E+03
 -0.1454486710241E+03
 -0.1425868365738E+03
 -0.1384495420693E+03
 -0.1392579813001E+03
 -0.1400324787413E+03
 -0.1409052575460E+03
 -0.1421392841346E+03
 -0.1432492128782E+03
 -0.1410144714729E+03
 -0.1403737519226E+03
 -0.1462121156428E+03
 -0.1462882477469E+03
 -0.1464251385520E+03
 -0.1462446355640E+03
 -0.1464998229902E+03
 -0.1466922053679E+03
 -0.1457298022609E+03
 -0.1429432906935E+03
 -0.1392280943045E+03
 -0.1360326097513E+03
 -0.1348263652005E+03
 -0.1352611854527E+03
 -0.1366708067508E+03
 -0.1397330092260E+03
 -0.1443271201145E+03
 -0.1455427379526E+03
 -0.1432448853827E+03
 -0.1395709990339E+03
 -0.1417968207717E+03
 -0.1472814309505E+03
 -0.1458459519436E+03
 -0.1098378673411E+03
 -0.1442014704297E+03
 -0.1441283093231E+03
 -0.1475225751208E+03
 -0.1477699115714E+03
 -0.1460890668837E+03
 -0.1439158445647E+03
 -0.1435509889587E+03
 -0.1454448871760E+03
 -0.1477602311686E+03
 -0.1498013785013E+03
 -0.1509287454192E+03
 -0.1502850613976E+03
 -0.1482498526029E+03
 -0.1469041879571E+03
 -0.1426495674762E+03
 -0.1425270013192E+03
 -0.1433265893487E+03
 -0.1445238318990E+03
 -0.1452874866794E+03
 -0.1451487074721E+03
 -0.1436977555843E+03
 -0.1413585542709E+03
 -0.1383441011536E+03
 -0.1345452190595E+03
 -0.1312112002349E+03
 -0.1295969441753E+03
 -0.1296278181164E+03
 -0.1305971820400E+03
 -0.1318039888734E+03
 -0.1326003786777E+03
 -0.1321661469747E+03
 -0.1319921107374E+03
 -0.1335149447908E+03
 -0.1380290288256E+03
 -0.1435396290528E+03
 -0.1237905229470E+03
 -0.1302607512746E+03
 -0.1335259637442E+03
 -0.1372047549892E+03
 -0.1387539924937E+03
 -0.1390535077934E+03
 -0.1381199155280E+03
 -0.1380962739727E+03
 -0.1394733650107E+03
 -0.1417706849590E+03
 -0.1440959337568E+03
 -0.1456188740874E+03
 -0.1456356317700E+03
 -0.1447409289928E+03
 -0.1435557137656E+03
 -0.1317384581717E+03
 -0.1314117919037E+03
 -0.1319588754204E+03
 -0.1333118218960E+03
 -0.1342733119242E+03
 -0.1345723181470E+03
 -0.1340424263391E+03
 -0.1325943022935E+03
 -0.1301901987406E+03
 -0.1268328418327E+03
 -0.1231180552978E+03
 -0.1200766624521E+03
 -0.1184969859964E+03
 -0.1174686231375E+03
 -0.1161329380023E+03
 -0.1152644361331E+03
 -0.1164723423920E+03
 -0.1209587907534E+03
 -0.1222475122938E+03
 -0.1272942636129E+03
 -0.1308977861488E+03
 -0.6590932405165E+02
 -0.9275386819607E+02
 -0.1084552093859E+03
 -0.1170225390974E+03
 -0.1211586120340E+03
 -0.1234369836481E+03
 -0.1242400171143E+03
 -0.1254673502182E+03
 -0.1270541564304E+03
 -0.1289364065886E+03
 -0.1310009634803E+03
 -0.1325973878640E+03
 -0.1332232222854E+03
 -0.1331412071989E+03
 -0.1324558444805E+03
 -0.1091346823539E+03
 -0.1091615214131E+03
 -0.1097992983149E+03
 -0.1114306254274E+03
 -0.1127388187538E+03
 -0.1134083557275E+03
 -0.1132753293587E+03
 -0.1120881813105E+03
 -0.1097252688118E+03
 -0.1059630914255E+03
 -0.9973311552586E+02
 -0.9086265918628E+02
 -0.8180782156127E+02
 -0.8153189458785E+02
 -0.8880477260976E+02
 -0.9405440273687E+02
 -0.1020353490224E+03
 -0.1112097499631E+03
 -0.1190995945320E+03
 -0.1265512367940E+03
 -0.1306639546332E+03
 -0.1542625728515E+03
 -0.1452462194163E+03
 -0.1212580536595E+03
 -0.1077317140910E+03
 -0.1046360518767E+03
 -0.1018586090291E+03
 -0.9852109899592E+02
 -0.9781453970928E+02
 -0.1001183862442E+03
 -0.1031689618157E+03
 -0.1061465517049E+03
 -0.1083180383064E+03
 -0.1098063443571E+03
 -0.1102812147700E+03
 -0.1097076632656E+03
 -0.9489278555041E+02
 -0.9209504882524E+02
 -0.8988824663891E+02
 -0.9060402375401E+02
 -0.9109372167372E+02
 -0.9090181293474E+02
 -0.9016727348184E+02
 -0.8849472590841E+02
 -0.8556494151919E+02
 -0.8503904975209E+02
 -0.8889140244641E+02
 -0.9451796590942E+02
 -0.9856982005855E+02
 -0.1015339937081E+03
 -0.1086334498542E+03
 -0.1161623211216E+03
 -0.1186996019759E+03
 -0.1224450749462E+03
  0.0000000000000E+00
  0.0000000000000E+00
  0.0000000000000E+00
 -0.1283309621221E+03
 -0.1762247560286E+03
 -0.1620543800231E+03
 -0.1414793450877E+03
 -0.1292060146275E+03
 -0.1224785432103E+03
 -0.1164896854528E+03
 -0.1113910850548E+03
 -0.1062360901459E+03
 -0.1021533454097E+03
 -0.9987318991312E+02
 -0.9944251000747E+02
 -0.9988816986239E+02
 -0.9968074175017E+02
 -0.9790005332091E+02
 -0.1049100775916E+03
 -0.1048830240781E+03
 -0.1044212989461E+03
 -0.1032975089781E+03
 -0.1024024428326E+03
 -0.1021572306711E+03
 -0.1023072022819E+03
 -0.1022994469245E+03
 -0.1023107445685E+03
 -0.1017649029727E+03
 -0.1003315433698E+03
 -0.9824849314785E+02
 -0.9571505541768E+02
 -0.9410429536007E+02
 -0.9960132720300E+02
 -0.1115913611818E+03
 -0.1211312870453E+03
 -0.1189737538479E+03
  0.0000000000000E+00
  0.0000000000000E+00
  0.0000000000000E+00
 -0.1045903946959E+03
 -0.1538973083682E+03
 -0.1602317681905E+03
 -0.1547060180656E+03
 -0.1460397657131E+03
 -0.1357925229483E+03
 -0.1251757528208E+03
 -0.1156753290742E+03
 -0.1104916071151E+03
 -0.1070121835084E+03
 -0.1071333635571E+03
 -0.1051184514883E+03
 -0.1041859198480E+03
 -0.1041364665749E+03
 -0.1045005664493E+03
 -0.9140151930730E+02
 -0.9001249388465E+02
 -0.8849576028490E+02
 -0.9121387683081E+02
 -0.9173255883668E+02
 -0.9190864244407E+02
 -0.9214469032592E+02
 -0.9253312446907E+02
 -0.9291755955913E+02
 -0.9294397370459E+02
 -0.9248860926196E+02
 -0.9151829373864E+02
 -0.8961634975121E+02
 -0.8720859429416E+02
 -0.8877558226817E+02
 -0.1012639016535E+03
 -0.1126169932309E+03
 -0.1236652399687E+03
  0.0000000000000E+00
  0.0000000000000E+00
  0.0000000000000E+00
 -0.8273865830629E+02
 -0.1117863982364E+03
 -0.1189260170041E+03
 -0.1258178239749E+03
 -0.1294327680998E+03
 -0.1282976810730E+03
 -0.1258791730741E+03
 -0.1217543398543E+03
 -0.1163654829867E+03
 -0.1109047083565E+03
 -0.1060173445189E+03
 -0.1019013874189E+03
 -0.9836221089960E+02
 -0.9526605093225E+02
 -0.9300571049596E+02
 -0.8879430434456E+02
 -0.8749327775886E+02
 -0.8616097224850E+02
 -0.8466752790591E+02
 -0.8330472819998E+02
 -0.8232610806519E+02
 -0.8186717047519E+02
 -0.8211661776052E+02
 -0.8294014329515E+02
 -0.8358270075154E+02
 -0.8412280634663E+02
 -0.8408610902511E+02
 -0.8347841990275E+02
 -0.8213012257180E+02
 -0.8071570878060E+02
 -0.8658776825772E+02
 -0.9655187572068E+02
 -0.1223340298563E+03
 -0.1049476571741E+03
 -0.8966511482659E+02
 -0.7326936163399E+02
 -0.6969102830140E+02
 -0.6885629529693E+02
 -0.7314819099386E+02
 -0.8146278255239E+02
 -0.8729498630258E+02
 -0.9506046293910E+02
 -0.1003643236276E+03
 -0.1013329471820E+03
 -0.1020084733013E+03
 -0.1010730054406E+03
 -0.9912506118769E+02
 -0.9694165171561E+02
 -0.9484736714599E+02
 -0.9109388120721E+02
 -0.8971398854480E+02
 -0.7703607593019E+02
 -0.7483535720938E+02
 -0.7483698592211E+02
 -0.7482959894280E+02
 -0.7452272538442E+02
 -0.7409119226760E+02
 -0.7396756415018E+02
 -0.7417034221496E+02
 -0.7481191335501E+02
 -0.7313663154929E+02
 -0.7371674255692E+02
 -0.7433395586626E+02
 -0.7465748892328E+02
 -0.7459508731687E+02
 -0.7345036645417E+02
 -0.7281996751910E+02
 -0.7677980995063E+02
 -0.8331737516676E+02
 -0.7988137067519E+02
 -0.7217723084684E+02
 -0.6374072805772E+02
 -0.5715284934352E+02
 -0.5408176764761E+02
 -0.5377155493532E+02
 -0.5349950759501E+02
 -0.5487820314040E+02
 -0.5934303030873E+02
 -0.6429036777149E+02
 -0.6911793616876E+02
 -0.7239634156100E+02
 -0.7423439960482E+02
 -0.7474463096233E+02
 -0.7461467234260E+02
 -0.7602170541353E+02
 -0.7662768675300E+02
 -0.7677934199340E+02
 -0.5255437640324E+02
 -0.5381956269263E+02
 -0.5449066981385E+02
 -0.5484659027882E+02
 -0.5468069439402E+02
 -0.5444586099607E+02
 -0.5458062103436E+02
 -0.5449003765708E+02
 -0.5373114038927E+02
 -0.5342102992226E+02
 -0.5418128112496E+02
 -0.5479751663500E+02
 -0.5510251854450E+02
 -0.5498362377947E+02
 -0.5435272619530E+02
 -0.5265743676322E+02
 -0.5391419981316E+02
 -0.5888349749949E+02
 -0.5789509262797E+02
 -0.5556443799218E+02
 -0.4993794976746E+02
 -0.4800578073046E+02
 -0.4507612621032E+02
 -0.4241458894736E+02
 -0.3978282401155E+02
 -0.3747398413629E+02
 -0.3640819253892E+02
 -0.3798902802541E+02
 -0.4137719213468E+02
 -0.4461767176375E+02
 -0.4721285522756E+02
 -0.4923618216053E+02
 -0.5026105291958E+02
 -0.5128409089254E+02
 -0.5227860826716E+02
 -0.5176082885799E+02
 -0.2799519811036E+02
 -0.2793278491574E+02
 -0.2779642938226E+02
 -0.2764069624213E+02
 -0.2707327554414E+02
 -0.2689387773041E+02
 -0.2680831708838E+02
 -0.2680433952950E+02
 -0.2686391799922E+02
 -0.2703318835729E+02
 -0.2732197262562E+02
 -0.2746551894797E+02
 -0.2730741733739E+02
 -0.2749600664280E+02
 -0.2763807510232E+02
 -0.2765382785310E+02
 -0.2770470400181E+02
 -0.2773272721712E+02
 -0.2775634568331E+02
 -0.2779522812190E+02
 -0.2786391098787E+02
 -0.2785568608648E+02
 -0.2776649176686E+02
 -0.2774565581289E+02
 -0.2777264487458E+02
 -0.2791597686304E+02
 -0.2830373925047E+02
 -0.2848534781539E+02
 -0.2848489987599E+02
 -0.2836741927826E+02
 -0.2816110918915E+02
 -0.2795252402770E+02
 -0.2785364202550E+02
 -0.2785281369947E+02
 -0.2793096052286E+02
 -0.2798849032770E+02
 -0.6022928865275E+02
 -0.6020699873577E+02
 -0.5941296966546E+02
 -0.8149987603986E+02
 -0.8089903173103E+02
 -0.8164619351014E+02
 -0.8353473366196E+02
 -0.7897295816693E+02
 -0.8162144454357E+02
 -0.7675721164915E+02
 -0.9995712093368E+02
 -0.1144232551095E+03
 -0.1507358622237E+02
 -0.1888948567049E+02
 -0.1957227920490E+02
 -0.1693483559945E+02
 -0.1152404158395E+02
 -0.1049836553308E+03
 -0.9672298063984E+02
 -0.8818489302874E+02
 -0.5962388449940E+02
 -0.5742998033972E+02
 -0.8135098039345E+02
 -0.8006768523345E+02
 -0.8078500596725E+02
 -0.8358241053875E+02
 -0.8901704423183E+02
 -0.9225760299682E+02
 -0.9381591019613E+02
 -0.9366165612061E+02
 -0.9239148555650E+02
 -0.9133889426847E+02
 -0.9055100797879E+02
 -0.9034078262904E+02
 -0.9060295445009E+02
 -0.5947136643958E+02
  0.0000000000000E+00
  0.1306699448595E+01
  0.8292136561761E+00
  0.5710226350988E+00
  0.5414476741678E+00
  0.0000000000000E+00
  0.4320126923694E+00
  0.4767302839183E+00
  0.8687408136623E+00
  0.1404405664762E+01
  0.2897225951597E+01
  0.3465262595733E+01
  0.0000000000000E+00
  0.0000000000000E+00
  0.0000000000000E+00
  0.0000000000000E+00
  0.0000000000000E+00
  0.0000000000000E+00
  0.0000000000000E+00
  0.0000000000000E+00
  0.0000000000000E+00
  0.0000000000000E+00
  0.0000000000000E+00
  0.0000000000000E+00
  0.0000000000000E+00
  0.0000000000000E+00
  0.0000000000000E+00
  0.0000000000000E+00
  0.0000000000000E+00
  0.0000000000000E+00
  0.0000000000000E+00
  0.2625575059437E+01
  0.3480238963701E+01
  0.3320177740786E+01
  0.2864451534219E+01
  0.2500203851711E+01
  0.4036288270685E+01
  0.0000000000000E+00
  0.0000000000000E+00
  0.0000000000000E+00
  0.2983170038711E+01
  0.1301098888466E+01
  0.1127436229735E+01
  0.1317679581313E+01
  0.2049667842534E+01
  0.0000000000000E+00
  0.6907717857109E+01
  0.7685175496527E+01
  0.8297092832668E+01
  0.7667080374180E+01
  0.4259174263824E+01
  0.0000000000000E+00
  0.0000000000000E+00
  0.0000000000000E+00
  0.0000000000000E+00
  0.0000000000000E+00
  0.0000000000000E+00
  0.0000000000000E+00
  0.0000000000000E+00
  0.0000000000000E+00
  0.0000000000000E+00
  0.0000000000000E+00
  0.0000000000000E+00
  0.0000000000000E+00
  0.0000000000000E+00
  0.0000000000000E+00
  0.0000000000000E+00
  0.0000000000000E+00
  0.7911135157940E+01
  0.7746831631262E+01
  0.5679531147907E+01
  0.4237468865820E+01
  0.5174260176445E+01
  0.4826195291175E+01
  0.5007624628204E+01
  0.8338830231277E+01
  0.1158702075239E+02
  0.8028764608562E+01
  0.6773803846335E+01
  0.4180486998350E+01
  0.3307334788405E+01
  0.4764670333482E+01
  0.0000000000000E+00
  0.1307251769860E+02
  0.2548887510963E+02
  0.2486336724685E+02
  0.1486584642007E+02
  0.0000000000000E+00
  0.0000000000000E+00
  0.0000000000000E+00
  0.0000000000000E+00
  0.0000000000000E+00
  0.0000000000000E+00
  0.0000000000000E+00
  0.0000000000000E+00
  0.0000000000000E+00
  0.0000000000000E+00
  0.0000000000000E+00
  0.0000000000000E+00
  0.0000000000000E+00
  0.0000000000000E+00
  0.0000000000000E+00
  0.0000000000000E+00
  0.0000000000000E+00
  0.1544537881748E+02
  0.1749169059974E+02
  0.9234065419806E+01
  0.4625770054252E+01
 -0.4305327109574E+01
 -0.3486643762420E+01
 -0.2340648199443E+01
 -0.9960383427342E+00
  0.4086431018156E+01
  0.4583513464236E+01
  0.2398505710917E+01
  0.4426071361494E+00
 -0.1072810509778E+00
  0.2056072857346E+01
  0.1277529316659E+02
  0.2056695043013E+02
  0.0000000000000E+00
  0.0000000000000E+00
  0.0000000000000E+00
  0.0000000000000E+00
  0.0000000000000E+00
  0.0000000000000E+00
  0.0000000000000E+00
  0.0000000000000E+00
  0.0000000000000E+00
  0.0000000000000E+00
  0.0000000000000E+00
  0.0000000000000E+00
  0.0000000000000E+00
  0.0000000000000E+00
  0.0000000000000E+00
  0.0000000000000E+00
  0.0000000000000E+00
  0.0000000000000E+00
  0.0000000000000E+00
  0.0000000000000E+00
  0.8296952426156E+01
  0.6245596061893E+01
 -0.9441197723920E+00
 -0.3639681227905E+01
 -0.1058228935472E+02
 -0.1019894440195E+02
 -0.8959160849367E+01
 -0.8291456631845E+01
 -0.6565012834166E+01
 -0.5161459477980E+01
 -0.4566507758306E+01
 -0.4264508472755E+01
 -0.3161156311393E+01
 -0.1283549598731E+01
  0.5019754633639E+01
  0.1679909632434E+02
  0.0000000000000E+00
  0.0000000000000E+00
  0.0000000000000E+00
  0.0000000000000E+00
  0.0000000000000E+00
  0.0000000000000E+00
  0.0000000000000E+00
  0.0000000000000E+00
  0.0000000000000E+00
  0.2109239347047E+02
  0.3078074194816E+02
  0.0000000000000E+00
  0.0000000000000E+00
  0.0000000000000E+00
  0.0000000000000E+00
  0.0000000000000E+00
  0.0000000000000E+00
  0.0000000000000E+00
  0.0000000000000E+00
  0.0000000000000E+00
  0.1582905376073E+01
 -0.2061726572903E+01
 -0.6268822682632E+01
 -0.8997230407285E+01
 -0.1582844607318E+02
 -0.1532623944555E+02
 -0.1432492765443E+02
 -0.1409714021829E+02
 -0.1381177056442E+02
 -0.1313918082977E+02
 -0.1223899626968E+02
 -0.1109959362541E+02
 -0.9384012039211E+01
 -0.7583774194612E+01
 -0.4156699319524E+01
  0.4716993171509E+01
  0.1151994256761E+02
  0.0000000000000E+00
  0.0000000000000E+00
  0.0000000000000E+00
  0.0000000000000E+00
  0.0000000000000E+00
  0.0000000000000E+00
  0.0000000000000E+00
  0.1742836597410E+02
  0.2838472983375E+02
  0.3135116055889E+02
  0.0000000000000E+00
  0.0000000000000E+00
  0.0000000000000E+00
  0.0000000000000E+00
  0.1934450158631E+02
  0.3005476159158E+02
  0.0000000000000E+00
  0.0000000000000E+00
  0.0000000000000E+00
 -0.2349529641793E+01
 -0.6502684398243E+01
 -0.1147068853647E+02
 -0.1449226468792E+02
 -0.1957695211710E+02
 -0.1796711889126E+02
 -0.1681813970472E+02
 -0.1690207223798E+02
 -0.1753341986364E+02
 -0.1778133714987E+02
 -0.1759679136567E+02
 -0.1688056916841E+02
 -0.1569353046553E+02
 -0.1475338425927E+02
 -0.1288593013752E+02
 -0.7597322180642E+01
  0.2142692651228E+01
  0.0000000000000E+00
  0.0000000000000E+00
  0.0000000000000E+00
  0.0000000000000E+00
  0.0000000000000E+00
  0.0000000000000E+00
  0.1347137600876E+02
  0.1435641060774E+02
  0.1383577614758E+02
  0.1814729742740E+02
  0.0000000000000E+00
  0.0000000000000E+00
  0.0000000000000E+00
  0.1283275364922E+02
  0.1997998141306E+02
  0.2092803983209E+02
  0.0000000000000E+00
  0.0000000000000E+00
  0.0000000000000E+00
 -0.3563309129319E+01
 -0.1154084762134E+02
 -0.1736811861715E+02
 -0.1999427333698E+02
 -0.1980523424417E+02
 -0.1782186326809E+02
 -0.1808407479114E+02
 -0.1898207905410E+02
 -0.1920407110756E+02
 -0.1876287429451E+02
 -0.1770530304015E+02
 -0.1601170061451E+02
 -0.1406319766071E+02
 -0.1474828798651E+02
 -0.1735517946945E+02
 -0.1526712895733E+02
 -0.6202550514488E+01
  0.8539981271645E+00
  0.7244585212626E+01
  0.0000000000000E+00
  0.0000000000000E+00
  0.1676714239113E+01
  0.5959016132717E+01
  0.7467998644604E+01
  0.6514602971558E-01
 -0.2239371861334E+01
  0.8423266265325E+00
  0.4149782535101E+01
  0.6772816270639E+01
  0.7568466860319E+01
  0.5470902619934E+01
  0.4228731397050E+01
  0.3239595883540E+01
  0.0000000000000E+00
  0.0000000000000E+00
  0.0000000000000E+00
 -0.8848066466139E+01
 -0.1798171418835E+02
 -0.2082796886265E+02
 -0.2204252206747E+02
 -0.2084724815499E+02
 -0.2143144588924E+02
 -0.2242722266414E+02
 -0.2308812533414E+02
 -0.2350533512216E+02
 -0.2370224058531E+02
 -0.2363921388783E+02
 -0.2351207938134E+02
 -0.2317863249153E+02
 -0.2213855243555E+02
 -0.2005134421671E+02
 -0.1505590429840E+02
 -0.1245307034915E+02
 -0.7752691372002E+01
 -0.8570726908330E+00
  0.0000000000000E+00
  0.0000000000000E+00
 -0.3078515519676E+01
 -0.3043973522613E+01
 -0.3022745520248E+01
 -0.1054454939483E+02
 -0.1103912286770E+02
 -0.8009380507012E+01
 -0.6919412482423E+01
 -0.5765158968121E+01
 -0.6181219415496E+01
 -0.7218173499056E+01
 -0.7498950080737E+01
 -0.5363305319988E+01
  0.0000000000000E+00
  0.0000000000000E+00
  0.0000000000000E+00
 -0.1077532045803E+02
 -0.1422214707728E+02
 -0.1757495535804E+02
 -0.2080797448223E+02
 -0.2129062555557E+02
 -0.2217658030061E+02
 -0.2297474733508E+02
 -0.2358460209716E+02
 -0.2400199988806E+02
 -0.2430892577565E+02
 -0.2444969946724E+02
 -0.2443029014400E+02
 -0.2424832956214E+02
 -0.2393271948975E+02
 -0.2336419850092E+02
 -0.2268471879531E+02
 -0.1684501628551E+02
 -0.1204889705421E+02
 -0.6800444905259E+01
  0.7996619680862E+00
  0.0000000000000E+00
 -0.1885851654744E+01
 -0.6521190932694E+01
  0.0000000000000E+00
 -0.1251830153520E+02
 -0.1331661965630E+02
 -0.1337207252168E+02
 -0.9245412189294E+01
 -0.7820016293625E+01
 -0.8104093686211E+01
 -0.8959090035845E+01
 -0.8967476821534E+01
 -0.6498096900939E+01
  0.0000000000000E+00
  0.0000000000000E+00
  0.0000000000000E+00
 -0.1231385163668E+02
 -0.1639200848372E+02
 -0.1948812082414E+02
 -0.2063455995038E+02
 -0.2193517290308E+02
 -0.2290939518131E+02
 -0.2362156447417E+02
 -0.2428142138296E+02
 -0.2493564463238E+02
 -0.2551087043054E+02
 -0.2592356494561E+02
 -0.2604811792981E+02
 -0.2575469893457E+02
 -0.2502326333146E+02
 -0.2392850117186E+02
 -0.2209951203761E+02
 -0.1792785050778E+02
  0.0000000000000E+00
 -0.1106880008149E+02
 -0.1758972887772E+01
  0.0000000000000E+00
  0.0000000000000E+00
 -0.9005327812033E+01
 -0.1108582509185E+02
 -0.1416424878522E+02
 -0.1474625196687E+02
 -0.1346643574829E+02
 -0.1035820841949E+02
 -0.6657398422385E+01
 -0.9700755509321E+01
 -0.8712909607580E+01
 -0.9104629549597E+01
 -0.5481851574229E+01
 -0.2285481233848E+01
  0.0000000000000E+00
  0.0000000000000E+00
 -0.1395842553038E+02
 -0.1727492678830E+02
 -0.1992534791177E+02
 -0.2103650459989E+02
 -0.2268016518813E+02
 -0.2353540361857E+02
 -0.2429871320791E+02
 -0.2516524367088E+02
 -0.2606925803999E+02
 -0.2681164747915E+02
 -0.2718907577317E+02
 -0.2709612402387E+02
 -0.2659864185845E+02
 -0.2577395339749E+02
 -0.2451580599281E+02
 -0.2263676369871E+02
 -0.1948497941430E+02
 -0.1775767999970E+02
 -0.1375281984428E+02
 -0.6452868730372E+01
  0.0000000000000E+00
  0.0000000000000E+00
 -0.1008921708383E+02
 -0.1249590714881E+02
 -0.1532273158897E+02
 -0.1650334295723E+02
 -0.1605247338779E+02
 -0.1329409413303E+02
  0.0000000000000E+00
 -0.9386722257177E+01
 -0.6986159501270E+01
 -0.1013477811109E+02
 -0.7602781404073E+01
 -0.4388019738308E+01
  0.0000000000000E+00
  0.0000000000000E+00
 -0.1505146019208E+02
 -0.1773151107062E+02
 -0.2024662456288E+02
 -0.2165904990095E+02
 -0.2309811744696E+02
 -0.2386815984125E+02
 -0.2459812346053E+02
 -0.2529135661511E+02
 -0.2586703431773E+02
 -0.2623052575840E+02
 -0.2630368656699E+02
 -0.2641967319014E+02
 -0.2639569380943E+02
 -0.2595779297424E+02
 -0.2506360313998E+02
 -0.2357114709008E+02
 -0.2134215445789E+02
 -0.1992058482082E+02
 -0.1590071078450E+02
 -0.9163230985950E+01
  0.0000000000000E+00
  0.0000000000000E+00
 -0.8547368198512E+01
 -0.1539767966010E+02
 -0.1689533165953E+02
 -0.1820915736696E+02
 -0.1835207848130E+02
 -0.1607168495510E+02
  0.0000000000000E+00
  0.0000000000000E+00
  0.0000000000000E+00
 -0.8808880239208E+01
 -0.9338963806121E+01
 -0.8106229056068E+01
  0.0000000000000E+00
  0.0000000000000E+00
 -0.1549553970221E+02
 -0.1831820208251E+02
 -0.2053333057623E+02
 -0.2201728571029E+02
 -0.2258267505694E+02
 -0.2306901384380E+02
 -0.2327928968762E+02
 -0.2299469168386E+02
 -0.2257535703105E+02
 -0.2211464618077E+02
 -0.2276057408657E+02
 -0.2445023163648E+02
 -0.2539924629448E+02
 -0.2568329998878E+02
 -0.2546345194076E+02
 -0.2467319145397E+02
 -0.2292751414527E+02
 -0.2156250402892E+02
 -0.1777411556396E+02
 -0.1191417701678E+02
  0.0000000000000E+00
  0.0000000000000E+00
  0.0000000000000E+00
 -0.1487721599023E+02
 -0.1814957118566E+02
 -0.1939329053004E+02
 -0.1955796554252E+02
 -0.2027453828451E+02
 -0.1774007590048E+02
  0.0000000000000E+00
  0.0000000000000E+00
  0.0000000000000E+00
 -0.1067196993377E+02
 -0.1107729122500E+02
  0.0000000000000E+00
  0.0000000000000E+00
 -0.1506334270772E+02
 -0.1873894806700E+02
 -0.2073840057794E+02
 -0.2166353713766E+02
 -0.1918683924606E+02
 -0.1908476043136E+02
 -0.1853824963553E+02
 -0.1746579711985E+02
 -0.1666699326156E+02
 -0.1796161541758E+02
 -0.2058016768914E+02
 -0.2265276856939E+02
 -0.2361160858840E+02
 -0.2403594796031E+02
 -0.2441937744781E+02
 -0.2428525192994E+02
 -0.2272703830447E+02
 -0.2245426701093E+02
 -0.1968879194264E+02
 -0.1580603327683E+02
  0.0000000000000E+00
  0.0000000000000E+00
  0.0000000000000E+00
 -0.1685328773573E+02
 -0.1877618595956E+02
 -0.1921938090180E+02
 -0.2088915499900E+02
 -0.2085668687308E+02
 -0.1914061616818E+02
 -0.1642484197503E+02
  0.0000000000000E+00
  0.0000000000000E+00
 -0.1259638912275E+02
 -0.1420915826707E+02
  0.0000000000000E+00
 -0.1381205014884E+02
 -0.1673061923945E+02
 -0.1780191792799E+02
 -0.1843154699468E+02
 -0.1881212815775E+02
 -0.1621440743225E+02
 -0.1657912199637E+02
 -0.1768469120343E+02
 -0.1996129073188E+02
 -0.2218703153081E+02
 -0.2326248051062E+02
 -0.2328808408900E+02
 -0.2263045466258E+02
 -0.2153525525982E+02
 -0.2026579833565E+02
 -0.1938156035032E+02
 -0.2052842996498E+02
 -0.2156741071167E+02
 -0.2253004512691E+02
 -0.2120978522865E+02
 -0.1868096697281E+02
  0.0000000000000E+00
  0.0000000000000E+00
  0.0000000000000E+00
 -0.1796074227921E+02
 -0.2092194099334E+02
 -0.2181475624645E+02
 -0.2191115668815E+02
 -0.2198606220746E+02
 -0.1858186788488E+02
 -0.1440903524288E+02
 -0.1615412487049E+02
  0.0000000000000E+00
 -0.1400958369309E+02
 -0.1721670110923E+02
 -0.1601811089808E+02
 -0.1669872802477E+02
 -0.1643769041004E+02
 -0.1568014587046E+02
 -0.1531082976328E+02
 -0.1589570131141E+02
 -0.2349863313557E+02
 -0.2471301961651E+02
 -0.2552536036371E+02
 -0.2595492703160E+02
 -0.2605263365331E+02
 -0.2587021487940E+02
 -0.2539954353834E+02
 -0.2422417437538E+02
 -0.2193332152381E+02
 -0.1999968957223E+02
 -0.1895529258312E+02
 -0.1899686028376E+02
 -0.2082663828329E+02
 -0.2008087178441E+02
 -0.2343829992496E+02
 -0.1918845687825E+02
  0.0000000000000E+00
  0.0000000000000E+00
  0.0000000000000E+00
 -0.1979200869873E+02
 -0.2254329641865E+02
 -0.2369235980040E+02
 -0.2249826955813E+02
 -0.2263908201128E+02
 -0.2038361001752E+02
 -0.2023929305460E+02
 -0.1997158883438E+02
  0.0000000000000E+00
  0.0000000000000E+00
 -0.1652370359085E+02
 -0.1916827084789E+02
 -0.1814779013772E+02
 -0.1858342728914E+02
 -0.1887448400895E+02
 -0.2069345781688E+02
 -0.2227755326062E+02
 -0.2618385260000E+02
 -0.2662419841116E+02
 -0.2678996088355E+02
 -0.2675433495414E+02
 -0.2660334791020E+02
 -0.2635114208953E+02
 -0.2604948867655E+02
 -0.2587481113309E+02
 -0.2586431063443E+02
 -0.2588272248280E+02
 -0.2561722950382E+02
 -0.2511011871109E+02
 -0.2423015136326E+02
 -0.1048154917487E+02
 -0.2671187055719E+02
 -0.2442011759647E+02
  0.0000000000000E+00
  0.0000000000000E+00
  0.0000000000000E+00
 -0.1746548000984E+02
 -0.2232290145710E+02
 -0.2121878852773E+02
 -0.1916832413451E+02
 -0.2059224103776E+02
 -0.2106838216998E+02
 -0.2088493935626E+02
 -0.1825779440855E+02
 -0.1349130078849E+02
  0.0000000000000E+00
 -0.1789125567894E+02
 -0.2109073778836E+02
 -0.2055343571919E+02
 -0.2175760229089E+02
 -0.2309908601223E+02
 -0.2452141391329E+02
 -0.2550570862365E+02
 -0.2606131118913E+02
 -0.2572881881735E+02
 -0.2526794712852E+02
 -0.2492062945205E+02
 -0.2455910305439E+02
 -0.2399379083016E+02
 -0.2330819214341E+02
 -0.2294916699640E+02
 -0.2321051823097E+02
 -0.2385768436184E+02
 -0.2445917147030E+02
 -0.2498294541389E+02
 -0.2574563142731E+02
 -0.2288924154228E+02
 -0.2392030398864E+02
 -0.2574295300646E+02
  0.0000000000000E+00
  0.0000000000000E+00
  0.0000000000000E+00
 -0.2367983245665E+02
 -0.2527240593831E+02
 -0.1793268959605E+02
 -0.2288597410235E+02
 -0.1442210603310E+02
 -0.1085079534345E+02
 -0.1409368626049E+02
 -0.1665292981386E+02
 -0.2152597119212E+02
  0.0000000000000E+00
 -0.1566547672220E+02
 -0.2065684560941E+02
 -0.2069434636039E+02
 -0.2201104391362E+02
 -0.2393440448940E+02
 -0.2536989831480E+02
 -0.2598861190887E+02
 -0.2050723919626E+02
 -0.2019163697523E+02
 -0.1990204024999E+02
 -0.1952079208345E+02
 -0.1897571464992E+02
 -0.1815097290638E+02
 -0.1716798168978E+02
 -0.1651253475651E+02
 -0.1641710846211E+02
 -0.1690105965125E+02
 -0.1779488807950E+02
 -0.1922063137431E+02
 -0.2232458589728E+02
 -0.2750029529155E+02
 -0.1944268495822E+02
 -0.1984346995811E+02
  0.0000000000000E+00
  0.0000000000000E+00
  0.0000000000000E+00
 -0.2612193524495E+02
 -0.2717656006632E+02
 -0.2680876254847E+02
 -0.2617443776068E+02
 -0.2491124855720E+02
 -0.2255558350337E+02
 -0.2357652903466E+02
 -0.2429168229396E+02
 -0.2344422224664E+02
 -0.1872740460405E+02
 -0.2152359449878E+02
 -0.1981061348642E+02
 -0.1844925759742E+02
 -0.1873178347373E+02
 -0.2059436634653E+02
 -0.2132938448679E+02
 -0.2093714064932E+02
 -0.2490282032545E+02
 -0.2475075268269E+02
 -0.2468336271035E+02
 -0.2460891196118E+02
 -0.2456719455285E+02
 -0.2443175753769E+02
 -0.2412766313150E+02
 -0.2382958341717E+02
 -0.2351652493041E+02
 -0.2308503091717E+02
 -0.2238739345263E+02
 -0.2172213095223E+02
 -0.2373281896611E+02
 -0.2645398256463E+02
 -0.2833518675984E+02
 -0.1997126696268E+02
  0.0000000000000E+00
  0.0000000000000E+00
  0.0000000000000E+00
 -0.2696412059871E+02
 -0.2546555955690E+02
 -0.2775456707256E+02
  0.0000000000000E+00
 -0.2519342071202E+02
 -0.2618245197009E+02
 -0.2653622408656E+02
 -0.2500653132074E+02
 -0.2294506668895E+02
 -0.2181591566615E+02
 -0.2453746530298E+02
 -0.2400551399346E+02
 -0.2243705398595E+02
 -0.2284857653208E+02
 -0.2425883905620E+02
 -0.2490690574041E+02
 -0.2503989558951E+02
 -0.2934653210853E+02
 -0.2933002775562E+02
 -0.2912611619038E+02
 -0.2881466898675E+02
 -0.2842657421987E+02
 -0.2813365974768E+02
 -0.2806766941847E+02
 -0.2831200941259E+02
 -0.2869895377437E+02
 -0.2908278669100E+02
 -0.2937827524055E+02
 -0.2929292161849E+02
 -0.2798534611377E+02
 -0.2159065452881E+02
 -0.2318670582658E+02
 -0.2762447036238E+02
 -0.1315854326950E+02
 -0.1503364453935E+02
 -0.2230038377877E+02
 -0.2974016721302E+02
 -0.2634837671897E+02
 -0.2663048069398E+02
  0.0000000000000E+00
 -0.2532659328270E+02
 -0.2402854461116E+02
 -0.2460818624603E+02
 -0.2479162833615E+02
 -0.2209608177519E+02
 -0.2149381653689E+02
 -0.2442567956015E+02
 -0.2516930716450E+02
 -0.2544805359442E+02
 -0.2574621812461E+02
 -0.2744800141714E+02
 -0.2851649878369E+02
 -0.2911962966675E+02
 -0.2871791160431E+02
 -0.2991631541595E+02
 -0.3126663346499E+02
 -0.3229702484688E+02
 -0.3262052672914E+02
 -0.3246658505749E+02
 -0.3204198162376E+02
 -0.3188373161768E+02
 -0.3208678473614E+02
 -0.3242943925160E+02
 -0.3272698486933E+02
 -0.3266587106423E+02
 -0.3133320789506E+02
 -0.2728273825768E+02
 -0.1928504706123E+02
 -0.1295698496063E+02
 -0.2137140565832E+02
 -0.2547025321947E+02
 -0.2822631449078E+02
 -0.3078275663578E+02
 -0.3045302417569E+02
  0.0000000000000E+00
 -0.2712281165343E+02
 -0.2592609602182E+02
 -0.2421335750871E+02
 -0.2484354148280E+02
 -0.2471335909118E+02
 -0.2356301216569E+02
 -0.2120637012829E+02
 -0.2016967447264E+02
 -0.2054444847938E+02
 -0.2229724973116E+02
 -0.2365611852285E+02
 -0.2490518978613E+02
 -0.2631787663980E+02
 -0.2766180627044E+02
 -0.2753545247755E+02
 -0.2818318145550E+02
 -0.2927155642824E+02
 -0.3091357378020E+02
 -0.3281814678418E+02
 -0.3437430903018E+02
 -0.3515659108270E+02
 -0.3507160664689E+02
 -0.3478953429572E+02
 -0.3478927988215E+02
 -0.3491351725199E+02
 -0.3480701776653E+02
 -0.3416520538110E+02
 -0.3256988719373E+02
 -0.3009701377164E+02
 -0.2959600915148E+02
 -0.3193698183167E+02
 -0.3136510573749E+02
 -0.3126949050991E+02
 -0.3164351182674E+02
 -0.3078498192741E+02
  0.0000000000000E+00
 -0.2538964389782E+02
 -0.2773233733938E+02
 -0.2662631722283E+02
 -0.2710300369194E+02
 -0.2672980015549E+02
 -0.2590337857005E+02
 -0.2426125212855E+02
 -0.2386807009107E+02
 -0.2364536139919E+02
 -0.2393570135884E+02
 -0.2483297585824E+02
 -0.2601762512151E+02
 -0.2632254097504E+02
 -0.2702050372567E+02
 -0.3118823378602E+02
 -0.3150236333594E+02
 -0.3177264104667E+02
 -0.3216449993588E+02
 -0.3313272925436E+02
 -0.3456008541241E+02
 -0.3600974020782E+02
 -0.3689176487655E+02
 -0.3708707996179E+02
 -0.3687704334043E+02
 -0.3674752648089E+02
 -0.3668756409727E+02
 -0.3655049006096E+02
 -0.3644449947847E+02
 -0.3636462150124E+02
 -0.3576974711855E+02
 -0.3506199443983E+02
 -0.3415705674864E+02
 -0.3499511413403E+02
 -0.3603422917399E+02
 -0.3468911986277E+02
 -0.2385741068628E+02
 -0.3355623420616E+02
 -0.3120833785856E+02
 -0.3041790340020E+02
 -0.2979611505487E+02
 -0.2929515734587E+02
 -0.2892177746446E+02
 -0.2877482474644E+02
 -0.2888887860666E+02
 -0.2905749714430E+02
 -0.2946292521858E+02
 -0.3001413509536E+02
 -0.3034730832441E+02
 -0.3050107966177E+02
 -0.3086837231773E+02
 -0.3422550988372E+02
 -0.3444254535472E+02
 -0.3473381548084E+02
 -0.3516072995394E+02
 -0.3575097131038E+02
 -0.3644291551199E+02
 -0.3714966058045E+02
 -0.3790587077350E+02
 -0.3853052814764E+02
 -0.3867638882554E+02
 -0.3853444276938E+02
 -0.3845137607928E+02
 -0.3847634000137E+02
 -0.3839355082694E+02
 -0.3798600161064E+02
 -0.3750509064277E+02
 -0.3694471343562E+02
 -0.3701672211809E+02
 -0.3800816203439E+02
 -0.3867563172184E+02
 -0.3916304060794E+02
 -0.3385652374470E+02
 -0.3413755798107E+02
 -0.3286975544224E+02
 -0.3209790111577E+02
 -0.3160162494301E+02
 -0.3148648476718E+02
 -0.3143001867255E+02
 -0.3155262949013E+02
 -0.3175954617048E+02
 -0.3206508969225E+02
 -0.3252596691856E+02
 -0.3304213123883E+02
 -0.3339649968520E+02
 -0.3372872039749E+02
 -0.3401615408774E+02
 -0.3629781479814E+02
 -0.3645959623398E+02
 -0.3668860407385E+02
 -0.3706958181263E+02
 -0.3750332392567E+02
 -0.3795943568450E+02
 -0.3845195590404E+02
 -0.3900243197866E+02
 -0.3949406682591E+02
 -0.3972331056006E+02
 -0.3969120222231E+02
 -0.3957479191024E+02
 -0.3957023286572E+02
 -0.3931840142316E+02
 -0.3856016888812E+02
 -0.3779352015660E+02
 -0.3762953218614E+02
 -0.3881763715255E+02
 -0.3999156924474E+02
 -0.4098949156005E+02
 -0.4116563434887E+02
 -0.2108746577650E+02
 -0.2795234672334E+02
 -0.3100667225368E+02
 -0.3202510402638E+02
 -0.3232442485157E+02
 -0.3264605668026E+02
 -0.3290646872512E+02
 -0.3328659732495E+02
 -0.3364615890971E+02
 -0.3401660759384E+02
 -0.3448889501220E+02
 -0.3499908548830E+02
 -0.3542119704336E+02
 -0.3581985859311E+02
 -0.3610435494812E+02
 -0.3577714915272E+02
 -0.3603454491356E+02
 -0.3637087217488E+02
 -0.3688309555461E+02
 -0.3735011797701E+02
 -0.3774358390573E+02
 -0.3807045014828E+02
 -0.3829106518142E+02
 -0.3831814252776E+02
 -0.3795785636926E+02
 -0.3671559481787E+02
 -0.3428516003110E+02
 -0.3136216144752E+02
 -0.3134020161227E+02
 -0.3380994247366E+02
 -0.3520566672000E+02
 -0.3743990134319E+02
 -0.4011945285632E+02
 -0.4361096394853E+02
 -0.4553458738750E+02
 -0.4544844950776E+02
 -0.5245808791454E+02
 -0.4677469434655E+02
 -0.3787609679332E+02
 -0.3310105218696E+02
 -0.3223313731598E+02
 -0.3170223981799E+02
 -0.3114692323254E+02
 -0.3121879243806E+02
 -0.3199453313905E+02
 -0.3289432161370E+02
 -0.3375255117905E+02
 -0.3445055292760E+02
 -0.3503455520808E+02
 -0.3544213440475E+02
 -0.3562157630814E+02
 -0.3539930865899E+02
 -0.3481343017428E+02
 -0.3434763065374E+02
 -0.3483696575675E+02
 -0.3519983020078E+02
 -0.3532957038068E+02
 -0.3531560395431E+02
 -0.3502206907598E+02
 -0.3431356975194E+02
 -0.3451033900753E+02
 -0.3632590084830E+02
 -0.3863497633682E+02
 -0.4001814094794E+02
 -0.4064228452046E+02
 -0.4278453872495E+02
 -0.4508690051417E+02
 -0.4578973823777E+02
 -0.4621538016424E+02
  0.0000000000000E+00
  0.0000000000000E+00
  0.0000000000000E+00
 -0.4817361927892E+02
 -0.6161816239533E+02
 -0.5405572106398E+02
 -0.4501686034375E+02
 -0.3998354180367E+02
 -0.3797020162380E+02
 -0.3680024326322E+02
 -0.3626794085295E+02
 -0.3563834942184E+02
 -0.3508820049606E+02
 -0.3488004977804E+02
 -0.3516937011773E+02
 -0.3571897773408E+02
 -0.3609615274308E+02
 -0.3597362884105E+02
 -0.3977110292018E+02
 -0.4050727975067E+02
 -0.4092637283829E+02
 -0.4092026505192E+02
 -0.4096790902351E+02
 -0.4123670257247E+02
 -0.4161698792413E+02
 -0.4190902527051E+02
 -0.4215963892814E+02
 -0.4198206376147E+02
 -0.4114257097893E+02
 -0.3967409925518E+02
 -0.3764908288498E+02
 -0.3579001110318E+02
 -0.3753854155007E+02
 -0.4276404947334E+02
 -0.4799265057337E+02
 -0.4853409229426E+02
  0.0000000000000E+00
  0.0000000000000E+00
  0.0000000000000E+00
 -0.4427993327657E+02
 -0.6026560909555E+02
 -0.5906006004957E+02
 -0.5429908663947E+02
 -0.4926319815185E+02
 -0.4453267623622E+02
 -0.4035074055629E+02
 -0.3715153075920E+02
 -0.3620211843518E+02
 -0.3587780046501E+02
 -0.3706022943047E+02
 -0.3693145925098E+02
 -0.3718381814947E+02
 -0.3785887019092E+02
 -0.3878787322990E+02
 -0.3476364605236E+02
 -0.3465087410657E+02
 -0.3435129376455E+02
 -0.3653672326540E+02
 -0.3733251168713E+02
 -0.3777475616363E+02
 -0.3814649556529E+02
 -0.3852765530211E+02
 -0.3879947391414E+02
 -0.3874781524509E+02
 -0.3822504443364E+02
 -0.3715456392788E+02
 -0.3528482248060E+02
 -0.3283967643343E+02
 -0.3282964181635E+02
 -0.3987914156409E+02
 -0.4734010050970E+02
 -0.5718273496559E+02
  0.0000000000000E+00
  0.0000000000000E+00
  0.0000000000000E+00
 -0.3993767535980E+02
 -0.4998989924340E+02
 -0.4980816319432E+02
 -0.5037049584283E+02
 -0.5022410552032E+02
 -0.4855560691027E+02
 -0.4698896827582E+02
 -0.4509481643688E+02
 -0.4290932394915E+02
 -0.4082908102780E+02
 -0.3906937076092E+02
 -0.3764726215311E+02
 -0.3645205379027E+02
 -0.3548904294225E+02
 -0.3496280429915E+02
 -0.3992497872770E+02
 -0.3953542215875E+02
 -0.3904860840708E+02
 -0.3837835563290E+02
 -0.3775667393694E+02
 -0.3733235835834E+02
 -0.3720504986212E+02
 -0.3745075714762E+02
 -0.3799247674599E+02
 -0.3831959467702E+02
 -0.3843349608143E+02
 -0.3803107554590E+02
 -0.3715436431692E+02
 -0.3563972799777E+02
 -0.3399093715274E+02
 -0.3783806573351E+02
 -0.4504661070495E+02
 -0.6433781933662E+02
 -0.5618681301028E+02
 -0.4842684616861E+02
 -0.3859785006709E+02
 -0.3500167018575E+02
 -0.3182810217967E+02
 -0.3271191326674E+02
 -0.3600959683572E+02
 -0.3781519494277E+02
 -0.4122244424021E+02
 -0.4357505692313E+02
 -0.4375624710182E+02
 -0.4426066021197E+02
 -0.4410857364995E+02
 -0.4349752184125E+02
 -0.4278869973836E+02
 -0.4211469646867E+02
 -0.4030489928205E+02
 -0.4000479883793E+02
 -0.4391273285017E+02
 -0.4241914598466E+02
 -0.4266088183745E+02
 -0.4285860236828E+02
 -0.4284161478447E+02
 -0.4275296891722E+02
 -0.4288089465572E+02
 -0.4319041308091E+02
 -0.4378962500734E+02
 -0.4237689601146E+02
 -0.4281740434466E+02
 -0.4326827414353E+02
 -0.4347912956395E+02
 -0.4336866633091E+02
 -0.4226720074533E+02
 -0.4147694038324E+02
 -0.4440769957118E+02
 -0.4965242880400E+02
 -0.4880471081767E+02
 -0.4474860898518E+02
 -0.3885962150199E+02
 -0.3295939578612E+02
 -0.2954106438712E+02
 -0.2889566315858E+02
 -0.2834598239804E+02
 -0.2886281874661E+02
 -0.3149670649813E+02
 -0.3426965732584E+02
 -0.3700430451446E+02
 -0.3886958651095E+02
 -0.4005230482915E+02
 -0.4050164308459E+02
 -0.4065426840228E+02
 -0.4212062456146E+02
 -0.4297923537458E+02
 -0.4342483898847E+02
 -0.3998568318567E+02
 -0.4114833925970E+02
 -0.4181156551346E+02
 -0.4222853076697E+02
 -0.4223034766668E+02
 -0.4220630140504E+02
 -0.4250277811319E+02
 -0.4254487957282E+02
 -0.4190702567422E+02
 -0.4173694655218E+02
 -0.4265190790544E+02
 -0.4343106405795E+02
 -0.4393971040392E+02
 -0.4405979128762E+02
 -0.4360336523708E+02
 -0.4186989541104E+02
 -0.4258310418533E+02
 -0.4651782308004E+02
 -0.4614901833106E+02
 -0.4449055885582E+02
 -0.3920518813924E+02
 -0.3743734073444E+02
 -0.3479090108166E+02
 -0.3258380642549E+02
 -0.3047202589645E+02
 -0.2872199218373E+02
 -0.2790371505084E+02
 -0.2887559184676E+02
 -0.3102873143899E+02
 -0.3310355075211E+02
 -0.3497274212637E+02
 -0.3663330996407E+02
 -0.3753705607593E+02
 -0.3856224871361E+02
 -0.3962904558442E+02
 -0.3922805398584E+02
 -0.3110079455931E+02
 -0.3110773282651E+02
 -0.3102016330644E+02
 -0.3090459853576E+02
 -0.3029693032542E+02
 -0.3014355159142E+02
 -0.3008610447019E+02
 -0.3010646173844E+02
 -0.3017914425236E+02
 -0.3035633820750E+02
 -0.3064840113175E+02
 -0.3074919965756E+02
 -0.3047933884783E+02
 -0.3061288524955E+02
 -0.3068397625270E+02
 -0.3061294356974E+02
 -0.3062079451350E+02
 -0.3069004489781E+02
 -0.3087762169241E+02
 -0.3114814545826E+02
 -0.3142100162135E+02
 -0.3150514466856E+02
 -0.3139305788771E+02
 -0.3128416631675E+02
 -0.3117760420384E+02
 -0.3117184034669E+02
 -0.3143474789962E+02
 -0.3146180236150E+02
 -0.3131512910994E+02
 -0.3109286226564E+02
 -0.3083238316211E+02
 -0.3062216307202E+02
 -0.3057377830924E+02
 -0.3065663733568E+02
 -0.3084051352712E+02
 -0.3100347005716E+02
 -0.6016998037020E+01
 -0.5895255728132E+01
 -0.6003408003353E+01
 -0.0000000000000E+00
 -0.0000000000000E+00
 -0.0000000000000E+00
 -0.0000000000000E+00
 -0.1571481133588E+01
 -0.2542370439398E+01
 -0.5610824565500E+01
 -0.4055236040091E+00
 -0.0000000000000E+00
 -0.4103626721293E+02
 -0.4077037814980E+02
 -0.4070838712831E+02
 -0.4085189987384E+02
 -0.4125778658640E+02
 -0.0000000000000E+00
 -0.0000000000000E+00
 -0.0000000000000E+00
 -0.5352119311400E+01
 -0.4582029357044E+01
 -0.5384992491217E-01
 -0.4434981193639E-01
 -0.3524381125657E-01
 -0.2636625384115E-01
 -0.1967422473004E-01
 -0.0000000000000E+00
 -0.0000000000000E+00
 -0.0000000000000E+00
 -0.0000000000000E+00
 -0.3573677478666E-01
 -0.3943459561734E-01
 -0.4124362652354E-01
 -0.4214611177588E-01
 -0.6007763546330E+01
  0.0000000000000E+00
  0.1464332588476E+03
  0.1274819751075E+03
  0.1146248600001E+03
  0.1203416248580E+03
  0.0000000000000E+00
  0.9987814384389E+02
  0.1119836433192E+03
  0.1478007862779E+03
  0.1444048472903E+03
  0.2170391965990E+03
  0.2170391965990E+03
  0.0000000000000E+00
  0.0000000000000E+00
  0.0000000000000E+00
  0.0000000000000E+00
  0.0000000000000E+00
  0.0000000000000E+00
  0.0000000000000E+00
  0.0000000000000E+00
  0.0000000000000E+00
  0.0000000000000E+00
  0.0000000000000E+00
  0.0000000000000E+00
  0.0000000000000E+00
  0.0000000000000E+00
  0.0000000000000E+00
  0.0000000000000E+00
  0.0000000000000E+00
  0.0000000000000E+00
  0.0000000000000E+00
  0.2170391965990E+03
  0.2170391965990E+03
  0.2170391965990E+03
  0.2170391965990E+03
  0.2170391965990E+03
  0.2109615065598E+03
  0.0000000000000E+00
  0.0000000000000E+00
  0.0000000000000E+00
  0.2109615065598E+03
  0.2109615065598E+03
  0.2109615065598E+03
  0.2109615065598E+03
  0.2109615065598E+03
  0.0000000000000E+00
  0.2109615065598E+03
  0.2109615065598E+03
  0.2109615065598E+03
  0.2109615065598E+03
  0.2109615065598E+03
  0.0000000000000E+00
  0.0000000000000E+00
  0.0000000000000E+00
  0.0000000000000E+00
  0.0000000000000E+00
  0.0000000000000E+00
  0.0000000000000E+00
  0.0000000000000E+00
  0.0000000000000E+00
  0.0000000000000E+00
  0.0000000000000E+00
  0.0000000000000E+00
  0.0000000000000E+00
  0.0000000000000E+00
  0.0000000000000E+00
  0.0000000000000E+00
  0.0000000000000E+00
  0.2109615065598E+03
  0.2109615065598E+03
  0.2109615065598E+03
  0.2109615065598E+03
  0.2131572896140E+03
  0.2131572896140E+03
  0.2131572896140E+03
  0.2131572896140E+03
  0.2131572896140E+03
  0.2131572896140E+03
  0.2131572896140E+03
  0.2131572896140E+03
  0.2131572896140E+03
  0.2131572896140E+03
  0.0000000000000E+00
  0.2131572896140E+03
  0.2131572896140E+03
  0.2131572896140E+03
  0.2131572896140E+03
  0.0000000000000E+00
  0.0000000000000E+00
  0.0000000000000E+00
  0.0000000000000E+00
  0.0000000000000E+00
  0.0000000000000E+00
  0.0000000000000E+00
  0.0000000000000E+00
  0.0000000000000E+00
  0.0000000000000E+00
  0.0000000000000E+00
  0.0000000000000E+00
  0.0000000000000E+00
  0.0000000000000E+00
  0.0000000000000E+00
  0.0000000000000E+00
  0.0000000000000E+00
  0.2131572896140E+03
  0.2131572896140E+03
  0.2131572896140E+03
  0.2131572896140E+03
  0.2206824528005E+03
  0.2206824528005E+03
  0.2206824528005E+03
  0.2206824528005E+03
  0.2206824528005E+03
  0.2206824528005E+03
  0.2206824528005E+03
  0.2206824528005E+03
  0.2206824528005E+03
  0.2206824528005E+03
  0.2206824528005E+03
  0.2206824528005E+03
  0.0000000000000E+00
  0.0000000000000E+00
  0.0000000000000E+00
  0.0000000000000E+00
  0.0000000000000E+00
  0.0000000000000E+00
  0.0000000000000E+00
  0.0000000000000E+00
  0.0000000000000E+00
  0.0000000000000E+00
  0.0000000000000E+00
  0.0000000000000E+00
  0.0000000000000E+00
  0.0000000000000E+00
  0.0000000000000E+00
  0.0000000000000E+00
  0.0000000000000E+00
  0.0000000000000E+00
  0.0000000000000E+00
  0.0000000000000E+00
  0.2206824528005E+03
  0.2206824528005E+03
  0.2206824528005E+03
  0.2206824528005E+03
  0.2287092677260E+03
  0.2287092677260E+03
  0.2287092677260E+03
  0.2287092677260E+03
  0.2287092677260E+03
  0.2287092677260E+03
  0.2287092677260E+03
  0.2287092677260E+03
  0.2287092677260E+03
  0.2287092677260E+03
  0.2287092677260E+03
  0.2287092677260E+03
  0.0000000000000E+00
  0.0000000000000E+00
  0.0000000000000E+00
  0.0000000000000E+00
  0.0000000000000E+00
  0.0000000000000E+00
  0.0000000000000E+00
  0.0000000000000E+00
  0.0000000000000E+00
  0.2287092677260E+03
  0.2287092677260E+03
  0.0000000000000E+00
  0.0000000000000E+00
  0.0000000000000E+00
  0.0000000000000E+00
  0.0000000000000E+00
  0.0000000000000E+00
  0.0000000000000E+00
  0.0000000000000E+00
  0.0000000000000E+00
  0.2287092677260E+03
  0.2287092677260E+03
  0.2287092677260E+03
  0.2287092677260E+03
  0.2389200812589E+03
  0.2389200812589E+03
  0.2389200812589E+03
  0.2389200812589E+03
  0.2389200812589E+03
  0.2389200812589E+03
  0.2389200812589E+03
  0.2389200812589E+03
  0.2389200812589E+03
  0.2389200812589E+03
  0.2389200812589E+03
  0.2389200812589E+03
  0.2389200812589E+03
  0.0000000000000E+00
  0.0000000000000E+00
  0.0000000000000E+00
  0.0000000000000E+00
  0.0000000000000E+00
  0.0000000000000E+00
  0.0000000000000E+00
  0.2389200812589E+03
  0.2389200812589E+03
  0.2389200812589E+03
  0.0000000000000E+00
  0.0000000000000E+00
  0.0000000000000E+00
  0.0000000000000E+00
  0.2389200812589E+03
  0.2389200812589E+03
  0.0000000000000E+00
  0.0000000000000E+00
  0.0000000000000E+00
  0.2389200812589E+03
  0.2389200812589E+03
  0.2389200812589E+03
  0.2389200812589E+03
  0.2489552920568E+03
  0.2489552920568E+03
  0.2489552920568E+03
  0.2489552920568E+03
  0.2489552920568E+03
  0.2489552920568E+03
  0.2489552920568E+03
  0.2489552920568E+03
  0.2489552920568E+03
  0.2489552920568E+03
  0.2489552920568E+03
  0.2489552920568E+03
  0.2489552920568E+03
  0.0000000000000E+00
  0.0000000000000E+00
  0.0000000000000E+00
  0.0000000000000E+00
  0.0000000000000E+00
  0.0000000000000E+00
  0.2489552920568E+03
  0.2489552920568E+03
  0.2489552920568E+03
  0.2489552920568E+03
  0.0000000000000E+00
  0.0000000000000E+00
  0.0000000000000E+00
  0.2489552920568E+03
  0.2489552920568E+03
  0.2489552920568E+03
  0.0000000000000E+00
  0.0000000000000E+00
  0.0000000000000E+00
  0.2489552920568E+03
  0.2489552920568E+03
  0.2489552920568E+03
  0.2489552920568E+03
  0.2576752813946E+03
  0.2576752813946E+03
  0.2576752813946E+03
  0.2576752813946E+03
  0.2576752813946E+03
  0.2576752813946E+03
  0.2576752813946E+03
  0.2576752813946E+03
  0.2576752813946E+03
  0.2576752813946E+03
  0.2576752813946E+03
  0.2576752813946E+03
  0.2576752813946E+03
  0.2576752813946E+03
  0.2576752813946E+03
  0.0000000000000E+00
  0.0000000000000E+00
  0.2576752813946E+03
  0.2576752813946E+03
  0.2576752813946E+03
  0.2576752813946E+03
  0.2576752813946E+03
  0.2576752813946E+03
  0.2576752813946E+03
  0.2576752813946E+03
  0.2576752813946E+03
  0.2576752813946E+03
  0.2576752813946E+03
  0.2576752813946E+03
  0.0000000000000E+00
  0.0000000000000E+00
  0.0000000000000E+00
  0.2576752813946E+03
  0.2576752813946E+03
  0.2576752813946E+03
  0.2576752813946E+03
  0.2646828351077E+03
  0.2646828351077E+03
  0.2646828351077E+03
  0.2646828351077E+03
  0.2646828351077E+03
  0.2646828351077E+03
  0.2646828351077E+03
  0.2646828351077E+03
  0.2646828351077E+03
  0.2646828351077E+03
  0.2646828351077E+03
  0.2646828351077E+03
  0.2646828351077E+03
  0.2646828351077E+03
  0.2646828351077E+03
  0.0000000000000E+00
  0.0000000000000E+00
  0.2646828351077E+03
  0.2646828351077E+03
  0.2646828351077E+03
  0.2646828351077E+03
  0.2646828351077E+03
  0.2646828351077E+03
  0.2646828351077E+03
  0.2646828351077E+03
  0.2646828351077E+03
  0.2646828351077E+03
  0.2646828351077E+03
  0.2646828351077E+03
  0.0000000000000E+00
  0.0000000000000E+00
  0.0000000000000E+00
  0.2646828351077E+03
  0.2646828351077E+03
  0.2646828351077E+03
  0.2646828351077E+03
  0.2670090652191E+03
  0.2670090652191E+03
  0.2670090652191E+03
  0.2670090652191E+03
  0.2670090652191E+03
  0.2670090652191E+03
  0.2670090652191E+03
  0.2670090652191E+03
  0.2670090652191E+03
  0.2670090652191E+03
  0.2670090652191E+03
  0.2670090652191E+03
  0.2670090652191E+03
  0.2670090652191E+03
  0.2670090652191E+03
  0.2670090652191E+03
  0.0000000000000E+00
  0.2670090652191E+03
  0.2670090652191E+03
  0.0000000000000E+00
  0.2670090652191E+03
  0.2670090652191E+03
  0.2670090652191E+03
  0.2670090652191E+03
  0.2670090652191E+03
  0.2670090652191E+03
  0.2670090652191E+03
  0.2670090652191E+03
  0.2670090652191E+03
  0.0000000000000E+00
  0.0000000000000E+00
  0.0000000000000E+00
  0.2670090652191E+03
  0.2670090652191E+03
  0.2670090652191E+03
  0.2670090652191E+03
  0.2681004848273E+03
  0.2681004848273E+03
  0.2681004848273E+03
  0.2681004848273E+03
  0.2681004848273E+03
  0.2681004848273E+03
  0.2681004848273E+03
  0.2681004848273E+03
  0.2681004848273E+03
  0.2681004848273E+03
  0.2681004848273E+03
  0.2681004848273E+03
  0.2681004848273E+03
  0.0000000000000E+00
  0.2681004848273E+03
  0.2681004848273E+03
  0.0000000000000E+00
  0.0000000000000E+00
  0.2681004848273E+03
  0.2681004848273E+03
  0.2681004848273E+03
  0.2681004848273E+03
  0.2681004848273E+03
  0.2681004848273E+03
  0.2681004848273E+03
  0.2681004848273E+03
  0.2681004848273E+03
  0.2681004848273E+03
  0.2681004848273E+03
  0.2681004848273E+03
  0.0000000000000E+00
  0.0000000000000E+00
  0.2681004848273E+03
  0.2681004848273E+03
  0.2681004848273E+03
  0.2681004848273E+03
  0.2653105705118E+03
  0.2653105705118E+03
  0.2653105705118E+03
  0.2653105705118E+03
  0.2653105705118E+03
  0.2653105705118E+03
  0.2653105705118E+03
  0.2653105705118E+03
  0.2653105705118E+03
  0.2653105705118E+03
  0.2653105705118E+03
  0.2653105705118E+03
  0.2653105705118E+03
  0.2653105705118E+03
  0.2653105705118E+03
  0.2653105705118E+03
  0.0000000000000E+00
  0.0000000000000E+00
  0.2653105705118E+03
  0.2653105705118E+03
  0.2653105705118E+03
  0.2653105705118E+03
  0.2653105705118E+03
  0.2653105705118E+03
  0.0000000000000E+00
  0.2653105705118E+03
  0.2653105705118E+03
  0.2653105705118E+03
  0.2653105705118E+03
  0.2653105705118E+03
  0.0000000000000E+00
  0.0000000000000E+00
  0.2653105705118E+03
  0.2653105705118E+03
  0.2653105705118E+03
  0.2653105705118E+03
  0.2586607012871E+03
  0.2586607012871E+03
  0.2586607012871E+03
  0.2586607012871E+03
  0.2586607012871E+03
  0.2586607012871E+03
  0.2586607012871E+03
  0.2586607012871E+03
  0.2586607012871E+03
  0.2586607012871E+03
  0.2586607012871E+03
  0.2586607012871E+03
  0.2586607012871E+03
  0.2586607012871E+03
  0.2586607012871E+03
  0.2586607012871E+03
  0.0000000000000E+00
  0.0000000000000E+00
  0.2586607012871E+03
  0.2586607012871E+03
  0.2586607012871E+03
  0.2586607012871E+03
  0.2586607012871E+03
  0.2586607012871E+03
  0.0000000000000E+00
  0.0000000000000E+00
  0.0000000000000E+00
  0.2586607012871E+03
  0.2586607012871E+03
  0.2586607012871E+03
  0.0000000000000E+00
  0.0000000000000E+00
  0.2586607012871E+03
  0.2586607012871E+03
  0.2586607012871E+03
  0.2586607012871E+03
  0.2487920462633E+03
  0.2487920462633E+03
  0.2487920462633E+03
  0.2487920462633E+03
  0.2487920462633E+03
  0.2487920462633E+03
  0.2487920462633E+03
  0.2487920462633E+03
  0.2487920462633E+03
  0.2487920462633E+03
  0.2487920462633E+03
  0.2487920462633E+03
  0.2487920462633E+03
  0.2487920462633E+03
  0.2487920462633E+03
  0.2487920462633E+03
  0.0000000000000E+00
  0.0000000000000E+00
  0.0000000000000E+00
  0.2487920462633E+03
  0.2487920462633E+03
  0.2487920462633E+03
  0.2487920462633E+03
  0.2487920462633E+03
  0.2487920462633E+03
  0.0000000000000E+00
  0.0000000000000E+00
  0.0000000000000E+00
  0.2487920462633E+03
  0.2487920462633E+03
  0.0000000000000E+00
  0.0000000000000E+00
  0.2487920462633E+03
  0.2487920462633E+03
  0.2487920462633E+03
  0.2487920462633E+03
  0.2395023963687E+03
  0.2395023963687E+03
  0.2395023963687E+03
  0.2395023963687E+03
  0.2395023963687E+03
  0.2395023963687E+03
  0.2395023963687E+03
  0.2395023963687E+03
  0.2395023963687E+03
  0.2395023963687E+03
  0.2395023963687E+03
  0.2395023963687E+03
  0.2395023963687E+03
  0.2395023963687E+03
  0.2395023963687E+03
  0.2395023963687E+03
  0.0000000000000E+00
  0.0000000000000E+00
  0.0000000000000E+00
  0.2395023963687E+03
  0.2395023963687E+03
  0.2395023963687E+03
  0.2395023963687E+03
  0.2395023963687E+03
  0.2395023963687E+03
  0.2395023963687E+03
  0.0000000000000E+00
  0.0000000000000E+00
  0.2395023963687E+03
  0.2395023963687E+03
  0.0000000000000E+00
  0.2395023963687E+03
  0.2395023963687E+03
  0.2395023963687E+03
  0.2395023963687E+03
  0.2395023963687E+03
  0.2335137264834E+03
  0.2335137264834E+03
  0.2335137264834E+03
  0.2335137264834E+03
  0.2335137264834E+03
  0.2335137264834E+03
  0.2335137264834E+03
  0.2335137264834E+03
  0.2335137264834E+03
  0.2335137264834E+03
  0.2335137264834E+03
  0.2335137264834E+03
  0.2335137264834E+03
  0.2335137264834E+03
  0.2335137264834E+03
  0.2335137264834E+03
  0.0000000000000E+00
  0.0000000000000E+00
  0.0000000000000E+00
  0.2335137264834E+03
  0.2335137264834E+03
  0.2335137264834E+03
  0.2335137264834E+03
  0.2335137264834E+03
  0.2335137264834E+03
  0.2335137264834E+03
  0.2335137264834E+03
  0.0000000000000E+00
  0.2335137264834E+03
  0.2335137264834E+03
  0.2335137264834E+03
  0.2335137264834E+03
  0.2335137264834E+03
  0.2335137264834E+03
  0.2335137264834E+03
  0.2335137264834E+03
  0.2318419429669E+03
  0.2318419429669E+03
  0.2318419429669E+03
  0.2318419429669E+03
  0.2318419429669E+03
  0.2318419429669E+03
  0.2318419429669E+03
  0.2318419429669E+03
  0.2318419429669E+03
  0.2318419429669E+03
  0.2318419429669E+03
  0.2318419429669E+03
  0.2318419429669E+03
  0.2318419429669E+03
  0.2318419429669E+03
  0.2318419429669E+03
  0.0000000000000E+00
  0.0000000000000E+00
  0.0000000000000E+00
  0.2318419429669E+03
  0.2318419429669E+03
  0.2318419429669E+03
  0.2318419429669E+03
  0.2318419429669E+03
  0.2318419429669E+03
  0.2318419429669E+03
  0.2318419429669E+03
  0.0000000000000E+00
  0.0000000000000E+00
  0.2318419429669E+03
  0.2318419429669E+03
  0.2318419429669E+03
  0.2318419429669E+03
  0.2318419429669E+03
  0.2318419429669E+03
  0.2318419429669E+03
  0.2278296286493E+03
  0.2278296286493E+03
  0.2278296286493E+03
  0.2278296286493E+03
  0.2278296286493E+03
  0.2278296286493E+03
  0.2278296286493E+03
  0.2278296286493E+03
  0.2278296286493E+03
  0.2278296286493E+03
  0.2278296286493E+03
  0.2278296286493E+03
  0.2278296286493E+03
  0.2278296286493E+03
  0.2278296286493E+03
  0.2278296286493E+03
  0.0000000000000E+00
  0.0000000000000E+00
  0.0000000000000E+00
  0.2278296286493E+03
  0.2278296286493E+03
  0.2278296286493E+03
  0.2278296286493E+03
  0.2278296286493E+03
  0.2278296286493E+03
  0.2278296286493E+03
  0.2278296286493E+03
  0.2278296286493E+03
  0.0000000000000E+00
  0.2278296286493E+03
  0.2278296286493E+03
  0.2278296286493E+03
  0.2278296286493E+03
  0.2278296286493E+03
  0.2278296286493E+03
  0.2278296286493E+03
  0.2205170765449E+03
  0.2205170765449E+03
  0.2205170765449E+03
  0.2205170765449E+03
  0.2205170765449E+03
  0.2205170765449E+03
  0.2205170765449E+03
  0.2205170765449E+03
  0.2205170765449E+03
  0.2205170765449E+03
  0.2205170765449E+03
  0.2205170765449E+03
  0.2205170765449E+03
  0.2205170765449E+03
  0.2205170765449E+03
  0.2205170765449E+03
  0.0000000000000E+00
  0.0000000000000E+00
  0.0000000000000E+00
  0.2205170765449E+03
  0.2205170765449E+03
  0.2205170765449E+03
  0.2205170765449E+03
  0.2205170765449E+03
  0.2205170765449E+03
  0.2205170765449E+03
  0.2205170765449E+03
  0.2205170765449E+03
  0.0000000000000E+00
  0.2205170765449E+03
  0.2205170765449E+03
  0.2205170765449E+03
  0.2205170765449E+03
  0.2205170765449E+03
  0.2205170765449E+03
  0.2205170765449E+03
  0.2102902105755E+03
  0.2102902105755E+03
  0.2102902105755E+03
  0.2102902105755E+03
  0.2102902105755E+03
  0.2102902105755E+03
  0.2102902105755E+03
  0.2102902105755E+03
  0.2102902105755E+03
  0.2102902105755E+03
  0.2102902105755E+03
  0.2102902105755E+03
  0.2102902105755E+03
  0.2102902105755E+03
  0.2102902105755E+03
  0.2102902105755E+03
  0.0000000000000E+00
  0.0000000000000E+00
  0.0000000000000E+00
  0.2102902105755E+03
  0.2102902105755E+03
  0.2102902105755E+03
  0.2102902105755E+03
  0.2102902105755E+03
  0.2102902105755E+03
  0.2102902105755E+03
  0.2102902105755E+03
  0.2102902105755E+03
  0.2102902105755E+03
  0.2102902105755E+03
  0.2102902105755E+03
  0.2102902105755E+03
  0.2102902105755E+03
  0.2102902105755E+03
  0.2102902105755E+03
  0.2102902105755E+03
  0.1967917899461E+03
  0.1967917899461E+03
  0.1967917899461E+03
  0.1967917899461E+03
  0.1967917899461E+03
  0.1967917899461E+03
  0.1967917899461E+03
  0.1967917899461E+03
  0.1967917899461E+03
  0.1967917899461E+03
  0.1967917899461E+03
  0.1967917899461E+03
  0.1967917899461E+03
  0.1967917899461E+03
  0.1967917899461E+03
  0.1967917899461E+03
  0.0000000000000E+00
  0.0000000000000E+00
  0.0000000000000E+00
  0.1967917899461E+03
  0.1967917899461E+03
  0.1967917899461E+03
  0.0000000000000E+00
  0.1967917899461E+03
  0.1967917899461E+03
  0.1967917899461E+03
  0.1967917899461E+03
  0.1967917899461E+03
  0.1967917899461E+03
  0.1967917899461E+03
  0.1967917899461E+03
  0.1967917899461E+03
  0.1967917899461E+03
  0.1967917899461E+03
  0.1967917899461E+03
  0.1967917899461E+03
  0.1883466139167E+03
  0.1883466139167E+03
  0.1883466139167E+03
  0.1883466139167E+03
  0.1883466139167E+03
  0.1883466139167E+03
  0.1883466139167E+03
  0.1883466139167E+03
  0.1883466139167E+03
  0.1883466139167E+03
  0.1883466139167E+03
  0.1883466139167E+03
  0.1883466139167E+03
  0.1883466139167E+03
  0.1883466139167E+03
  0.1883466139167E+03
  0.1883466139167E+03
  0.1883466139167E+03
  0.1883466139167E+03
  0.1883466139167E+03
  0.1883466139167E+03
  0.1883466139167E+03
  0.0000000000000E+00
  0.1883466139167E+03
  0.1883466139167E+03
  0.1883466139167E+03
  0.1883466139167E+03
  0.1883466139167E+03
  0.1883466139167E+03
  0.1883466139167E+03
  0.1883466139167E+03
  0.1883466139167E+03
  0.1883466139167E+03
  0.1883466139167E+03
  0.1883466139167E+03
  0.1883466139167E+03
  0.1794726165719E+03
  0.1794726165719E+03
  0.1794726165719E+03
  0.1794726165719E+03
  0.1794726165719E+03
  0.1794726165719E+03
  0.1794726165719E+03
  0.1794726165719E+03
  0.1794726165719E+03
  0.1794726165719E+03
  0.1794726165719E+03
  0.1794726165719E+03
  0.1794726165719E+03
  0.1794726165719E+03
  0.1794726165719E+03
  0.1794726165719E+03
  0.1794726165719E+03
  0.1794726165719E+03
  0.1794726165719E+03
  0.1794726165719E+03
  0.1794726165719E+03
  0.0000000000000E+00
  0.1794726165719E+03
  0.1794726165719E+03
  0.1794726165719E+03
  0.1794726165719E+03
  0.1794726165719E+03
  0.1794726165719E+03
  0.1794726165719E+03
  0.1794726165719E+03
  0.1794726165719E+03
  0.1794726165719E+03
  0.1794726165719E+03
  0.1794726165719E+03
  0.1794726165719E+03
  0.1794726165719E+03
  0.1691241565211E+03
  0.1691241565211E+03
  0.1691241565211E+03
  0.1691241565211E+03
  0.1691241565211E+03
  0.1691241565211E+03
  0.1691241565211E+03
  0.1691241565211E+03
  0.1691241565211E+03
  0.1691241565211E+03
  0.1691241565211E+03
  0.1691241565211E+03
  0.1691241565211E+03
  0.1691241565211E+03
  0.1691241565211E+03
  0.1691241565211E+03
  0.1691241565211E+03
  0.1691241565211E+03
  0.1691241565211E+03
  0.1691241565211E+03
  0.1691241565211E+03
  0.0000000000000E+00
  0.1691241565211E+03
  0.1691241565211E+03
  0.1691241565211E+03
  0.1691241565211E+03
  0.1691241565211E+03
  0.1691241565211E+03
  0.1691241565211E+03
  0.1691241565211E+03
  0.1691241565211E+03
  0.1691241565211E+03
  0.1691241565211E+03
  0.1691241565211E+03
  0.1691241565211E+03
  0.1691241565211E+03
  0.1562753070526E+03
  0.1562753070526E+03
  0.1562753070526E+03
  0.1562753070526E+03
  0.1562753070526E+03
  0.1562753070526E+03
  0.1562753070526E+03
  0.1562753070526E+03
  0.1562753070526E+03
  0.1562753070526E+03
  0.1562753070526E+03
  0.1562753070526E+03
  0.1562753070526E+03
  0.1562753070526E+03
  0.1562753070526E+03
  0.1562753070526E+03
  0.1562753070526E+03
  0.1562753070526E+03
  0.1562753070526E+03
  0.1562753070526E+03
  0.1562753070526E+03
  0.1562753070526E+03
  0.1562753070526E+03
  0.1562753070526E+03
  0.1562753070526E+03
  0.1562753070526E+03
  0.1562753070526E+03
  0.1562753070526E+03
  0.1562753070526E+03
  0.1562753070526E+03
  0.1562753070526E+03
  0.1562753070526E+03
  0.1562753070526E+03
  0.1562753070526E+03
  0.1562753070526E+03
  0.1562753070526E+03
  0.1423636708013E+03
  0.1423636708013E+03
  0.1423636708013E+03
  0.1423636708013E+03
  0.1423636708013E+03
  0.1423636708013E+03
  0.1423636708013E+03
  0.1423636708013E+03
  0.1423636708013E+03
  0.1423636708013E+03
  0.1423636708013E+03
  0.1423636708013E+03
  0.1423636708013E+03
  0.1423636708013E+03
  0.1423636708013E+03
  0.1423636708013E+03
  0.1423636708013E+03
  0.1423636708013E+03
  0.1423636708013E+03
  0.1423636708013E+03
  0.1423636708013E+03
  0.1423636708013E+03
  0.1423636708013E+03
  0.1423636708013E+03
  0.1423636708013E+03
  0.1423636708013E+03
  0.1423636708013E+03
  0.1423636708013E+03
  0.1423636708013E+03
  0.1423636708013E+03
  0.1423636708013E+03
  0.1423636708013E+03
  0.1423636708013E+03
  0.1423636708013E+03
  0.1423636708013E+03
  0.1423636708013E+03
  0.1275988949382E+03
  0.1275988949382E+03
  0.1275988949382E+03
  0.1275988949382E+03
  0.1275988949382E+03
  0.1275988949382E+03
  0.1275988949382E+03
  0.1275988949382E+03
  0.1275988949382E+03
  0.1275988949382E+03
  0.1275988949382E+03
  0.1275988949382E+03
  0.1275988949382E+03
  0.1275988949382E+03
  0.1275988949382E+03
  0.1275988949382E+03
  0.1275988949382E+03
  0.1275988949382E+03
  0.1275988949382E+03
  0.1275988949382E+03
  0.1275988949382E+03
  0.1275988949382E+03
  0.1275988949382E+03
  0.1275988949382E+03
  0.1275988949382E+03
  0.1275988949382E+03
  0.1275988949382E+03
  0.1275988949382E+03
  0.1275988949382E+03
  0.1275988949382E+03
  0.1275988949382E+03
  0.1275988949382E+03
  0.1275988949382E+03
  0.1275988949382E+03
  0.1275988949382E+03
  0.1275988949382E+03
  0.1120214574597E+03
  0.1120214574597E+03
  0.1120214574597E+03
  0.1120214574597E+03
  0.1120214574597E+03
  0.1120214574597E+03
  0.1120214574597E+03
  0.1120214574597E+03
  0.1120214574597E+03
  0.1120214574597E+03
  0.1120214574597E+03
  0.1120214574597E+03
  0.1120214574597E+03
  0.1120214574597E+03
  0.1120214574597E+03
  0.1120214574597E+03
  0.1120214574597E+03
  0.1120214574597E+03
  0.1120214574597E+03
  0.1120214574597E+03
  0.1120214574597E+03
  0.1120214574597E+03
  0.1120214574597E+03
  0.1120214574597E+03
  0.1120214574597E+03
  0.1120214574597E+03
  0.1120214574597E+03
  0.1120214574597E+03
  0.1120214574597E+03
  0.1120214574597E+03
  0.1120214574597E+03
  0.1120214574597E+03
  0.1120214574597E+03
  0.1120214574597E+03
  0.1120214574597E+03
  0.1120214574597E+03
  0.9382680969862E+02
  0.9382680969862E+02
  0.9382680969862E+02
  0.9382680969862E+02
  0.9382680969862E+02
  0.9382680969862E+02
  0.9382680969862E+02
  0.9382680969862E+02
  0.9382680969862E+02
  0.9382680969862E+02
  0.9382680969862E+02
  0.9382680969862E+02
  0.9382680969862E+02
  0.9382680969862E+02
  0.9382680969862E+02
  0.9382680969862E+02
  0.9382680969862E+02
  0.9382680969862E+02
  0.0000000000000E+00
  0.0000000000000E+00
  0.0000000000000E+00
  0.9382680969862E+02
  0.9382680969862E+02
  0.9382680969862E+02
  0.9382680969862E+02
  0.9382680969862E+02
  0.9382680969862E+02
  0.9382680969862E+02
  0.9382680969862E+02
  0.9382680969862E+02
  0.9382680969862E+02
  0.9382680969862E+02
  0.9382680969862E+02
  0.9382680969862E+02
  0.9382680969862E+02
  0.9382680969862E+02
  0.7537680040300E+02
  0.7537680040300E+02
  0.7537680040300E+02
  0.7537680040300E+02
  0.7537680040300E+02
  0.7537680040300E+02
  0.7537680040300E+02
  0.7537680040300E+02
  0.7537680040300E+02
  0.7537680040300E+02
  0.7537680040300E+02
  0.7537680040300E+02
  0.7537680040300E+02
  0.7537680040300E+02
  0.7537680040300E+02
  0.7537680040300E+02
  0.7537680040300E+02
  0.7537680040300E+02
  0.0000000000000E+00
  0.0000000000000E+00
  0.0000000000000E+00
  0.7537680040300E+02
  0.7537680040300E+02
  0.7537680040300E+02
  0.7537680040300E+02
  0.7537680040300E+02
  0.7537680040300E+02
  0.7537680040300E+02
  0.7537680040300E+02
  0.7537680040300E+02
  0.7537680040300E+02
  0.7537680040300E+02
  0.7537680040300E+02
  0.7537680040300E+02
  0.7537680040300E+02
  0.7537680040300E+02
  0.5754631732502E+02
  0.5754631732502E+02
  0.5754631732502E+02
  0.5754631732502E+02
  0.5754631732502E+02
  0.5754631732502E+02
  0.5754631732502E+02
  0.5754631732502E+02
  0.5754631732502E+02
  0.5754631732502E+02
  0.5754631732502E+02
  0.5754631732502E+02
  0.5754631732502E+02
  0.5754631732502E+02
  0.5754631732502E+02
  0.5754631732502E+02
  0.5754631732502E+02
  0.5754631732502E+02
  0.0000000000000E+00
  0.0000000000000E+00
  0.0000000000000E+00
  0.5754631732502E+02
  0.5754631732502E+02
  0.5754631732502E+02
  0.5754631732502E+02
  0.5754631732502E+02
  0.5754631732502E+02
  0.5754631732502E+02
  0.5754631732502E+02
  0.5754631732502E+02
  0.5754631732502E+02
  0.5754631732502E+02
  0.5754631732502E+02
  0.5754631732502E+02
  0.5754631732502E+02
  0.5754631732502E+02
  0.4198351326606E+02
  0.4198351326606E+02
  0.4198351326606E+02
  0.4198351326606E+02
  0.4198351326606E+02
  0.4198351326606E+02
  0.4198351326606E+02
  0.4198351326606E+02
  0.4198351326606E+02
  0.4198351326606E+02
  0.4198351326606E+02
  0.4198351326606E+02
  0.4198351326606E+02
  0.4198351326606E+02
  0.4198351326606E+02
  0.4198351326606E+02
  0.4198351326606E+02
  0.4198351326606E+02
  0.4198351326606E+02
  0.4198351326606E+02
  0.4198351326606E+02
  0.4198351326606E+02
  0.4198351326606E+02
  0.4198351326606E+02
  0.4198351326606E+02
  0.4198351326606E+02
  0.4198351326606E+02
  0.4198351326606E+02
  0.4198351326606E+02
  0.4198351326606E+02
  0.4198351326606E+02
  0.4198351326606E+02
  0.4198351326606E+02
  0.4198351326606E+02
  0.4198351326606E+02
  0.4198351326606E+02
  0.2682287757944E+02
  0.2682287757944E+02
  0.2682287757944E+02
  0.2682287757944E+02
  0.2682287757944E+02
  0.2682287757944E+02
  0.2682287757944E+02
  0.2682287757944E+02
  0.2682287757944E+02
  0.2682287757944E+02
  0.2682287757944E+02
  0.2682287757944E+02
  0.2682287757944E+02
  0.2682287757944E+02
  0.2682287757944E+02
  0.2682287757944E+02
  0.2682287757944E+02
  0.2682287757944E+02
  0.2682287757944E+02
  0.2682287757944E+02
  0.2682287757944E+02
  0.2682287757944E+02
  0.2682287757944E+02
  0.2682287757944E+02
  0.2682287757944E+02
  0.2682287757944E+02
  0.2682287757944E+02
  0.2682287757944E+02
  0.2682287757944E+02
  0.2682287757944E+02
  0.2682287757944E+02
  0.2682287757944E+02
  0.2682287757944E+02
  0.2682287757944E+02
  0.2682287757944E+02
  0.2682287757944E+02
  0.1252977694978E+02
  0.1252977694978E+02
  0.1252977694978E+02
  0.1252977694978E+02
  0.1252977694978E+02
  0.1252977694978E+02
  0.1252977694978E+02
  0.1252977694978E+02
  0.1252977694978E+02
  0.1252977694978E+02
  0.1252977694978E+02
  0.1252977694978E+02
  0.1252977694978E+02
  0.1252977694978E+02
  0.1252977694978E+02
  0.1252977694978E+02
  0.1252977694978E+02
  0.1252977694978E+02
  0.1252977694978E+02
  0.1252977694978E+02
  0.1252977694978E+02
  0.1252977694978E+02
  0.1252977694978E+02
  0.1252977694978E+02
  0.1252977694978E+02
  0.1252977694978E+02
  0.1252977694978E+02
  0.1252977694978E+02
  0.1252977694978E+02
  0.1252977694978E+02
  0.1252977694978E+02
  0.1252977694978E+02
  0.1252977694978E+02
  0.1252977694978E+02
  0.1252977694978E+02
  0.1252977694978E+02
  0.4763355016067E+00
  0.4763355016067E+00
  0.4763355016067E+00
  0.4763355016067E+00
  0.4763355016067E+00
  0.4763355016067E+00
  0.4763355016067E+00
  0.4763355016067E+00
  0.4763355016067E+00
  0.4763355016067E+00
  0.4763355016067E+00
  0.4763355016067E+00
  0.4763355016067E+00
  0.4763355016067E+00
  0.4763355016067E+00
  0.4763355016067E+00
  0.4763355016067E+00
  0.4763355016067E+00
  0.4763355016067E+00
  0.4763355016067E+00
  0.4763355016067E+00
  0.4763355016067E+00
  0.4763355016067E+00
  0.4763355016067E+00
  0.4763355016067E+00
  0.4763355016067E+00
  0.4763355016067E+00
  0.4763355016067E+00
  0.4763355016067E+00
  0.4763355016067E+00
  0.4763355016067E+00
  0.4763355016067E+00
  0.4763355016067E+00
  0.4763355016067E+00
  0.4763355016067E+00
  0.4763355016067E+00
  0.0000000000000E+00
  0.0000000000000E+00
  0.0000000000000E+00
  0.0000000000000E+00
  0.0000000000000E+00
  0.0000000000000E+00
  0.0000000000000E+00
  0.0000000000000E+00
  0.0000000000000E+00
  0.0000000000000E+00
  0.0000000000000E+00
  0.0000000000000E+00
  0.0000000000000E+00
  0.0000000000000E+00
  0.0000000000000E+00
  0.0000000000000E+00
  0.0000000000000E+00
  0.0000000000000E+00
  0.0000000000000E+00
  0.0000000000000E+00
  0.0000000000000E+00
  0.0000000000000E+00
  0.0000000000000E+00
  0.0000000000000E+00
  0.0000000000000E+00
  0.0000000000000E+00
  0.0000000000000E+00
  0.0000000000000E+00
  0.0000000000000E+00
  0.0000000000000E+00
  0.0000000000000E+00
  0.0000000000000E+00
  0.0000000000000E+00
  0.0000000000000E+00
  0.0000000000000E+00
  0.0000000000000E+00
  0.0000000000000E+00
 -0.1331344291546E+02
 -0.1308576743932E+02
 -0.1251968520902E+02
 -0.1339032710874E+02
  0.0000000000000E+00
 -0.1116973409227E+02
 -0.1256257510347E+02
 -0.1560525344695E+02
 -0.1249705805405E+02
 -0.1345097297320E+02
 -0.5398931278398E+01
  0.0000000000000E+00
  0.0000000000000E+00
  0.0000000000000E+00
  0.0000000000000E+00
  0.0000000000000E+00
  0.0000000000000E+00
  0.0000000000000E+00
  0.0000000000000E+00
  0.0000000000000E+00
  0.0000000000000E+00
  0.0000000000000E+00
  0.0000000000000E+00
  0.0000000000000E+00
  0.0000000000000E+00
  0.0000000000000E+00
  0.0000000000000E+00
  0.0000000000000E+00
  0.0000000000000E+00
  0.0000000000000E+00
  0.1032186874605E+02
 -0.1071384294328E+01
 -0.8751666663007E+01
 -0.1381759993610E+02
 -0.1652495125739E+02
 -0.2221371602655E+02
  0.0000000000000E+00
  0.0000000000000E+00
  0.0000000000000E+00
 -0.2388403923518E+02
 -0.2694575415854E+02
 -0.2716920840501E+02
 -0.2690592220736E+02
 -0.2579124028855E+02
  0.0000000000000E+00
 -0.1337792089186E+02
 -0.9740102595649E+01
 -0.3522370880972E+01
  0.5355423475156E+01
  0.1722015284070E+02
  0.0000000000000E+00
  0.0000000000000E+00
  0.0000000000000E+00
  0.0000000000000E+00
  0.0000000000000E+00
  0.0000000000000E+00
  0.0000000000000E+00
  0.0000000000000E+00
  0.0000000000000E+00
  0.0000000000000E+00
  0.0000000000000E+00
  0.0000000000000E+00
  0.0000000000000E+00
  0.0000000000000E+00
  0.0000000000000E+00
  0.0000000000000E+00
  0.0000000000000E+00
  0.3626425575722E+01
 -0.9797166515007E+01
 -0.1809002527745E+02
 -0.2178615567340E+02
 -0.2814865976217E+02
 -0.2855142376098E+02
 -0.2833369290218E+02
 -0.2609712154031E+02
 -0.2410110310138E+02
 -0.2607528155495E+02
 -0.2679992583717E+02
 -0.2828704763890E+02
 -0.2894145015116E+02
 -0.2848076915410E+02
  0.0000000000000E+00
 -0.1465929364616E+02
 -0.2062127109323E+01
  0.9244869877926E+01
  0.2134214902541E+02
  0.0000000000000E+00
  0.0000000000000E+00
  0.0000000000000E+00
  0.0000000000000E+00
  0.0000000000000E+00
  0.0000000000000E+00
  0.0000000000000E+00
  0.0000000000000E+00
  0.0000000000000E+00
  0.0000000000000E+00
  0.0000000000000E+00
  0.0000000000000E+00
  0.0000000000000E+00
  0.0000000000000E+00
  0.0000000000000E+00
  0.0000000000000E+00
  0.0000000000000E+00
 -0.8819460199338E+01
 -0.1722624328966E+02
 -0.2531743211663E+02
 -0.2853527002137E+02
 -0.3540721748713E+02
 -0.3447157485196E+02
 -0.3350562784823E+02
 -0.3254018896727E+02
 -0.2984998116935E+02
 -0.2952529304529E+02
 -0.3050160201159E+02
 -0.3139616493677E+02
 -0.3174823413794E+02
 -0.3102267288499E+02
 -0.2545985838927E+02
 -0.1839312843328E+02
  0.0000000000000E+00
  0.0000000000000E+00
  0.0000000000000E+00
  0.0000000000000E+00
  0.0000000000000E+00
  0.0000000000000E+00
  0.0000000000000E+00
  0.0000000000000E+00
  0.0000000000000E+00
  0.0000000000000E+00
  0.0000000000000E+00
  0.0000000000000E+00
  0.0000000000000E+00
  0.0000000000000E+00
  0.0000000000000E+00
  0.0000000000000E+00
  0.0000000000000E+00
  0.0000000000000E+00
  0.0000000000000E+00
  0.0000000000000E+00
 -0.2610165016492E+02
 -0.2973262841533E+02
 -0.3412922938944E+02
 -0.3545245800851E+02
 -0.4019653578257E+02
 -0.3945042484706E+02
 -0.3831179293558E+02
 -0.3753646078002E+02
 -0.3627478717566E+02
 -0.3528685185283E+02
 -0.3482463162435E+02
 -0.3460845672231E+02
 -0.3413858089711E+02
 -0.3342903746013E+02
 -0.3078620192150E+02
 -0.2459271220215E+02
  0.0000000000000E+00
  0.0000000000000E+00
  0.0000000000000E+00
  0.0000000000000E+00
  0.0000000000000E+00
  0.0000000000000E+00
  0.0000000000000E+00
  0.0000000000000E+00
  0.0000000000000E+00
  0.2317796886506E+01
  0.8074541927076E+01
  0.0000000000000E+00
  0.0000000000000E+00
  0.0000000000000E+00
  0.0000000000000E+00
  0.0000000000000E+00
  0.0000000000000E+00
  0.0000000000000E+00
  0.0000000000000E+00
  0.0000000000000E+00
 -0.3453012949937E+02
 -0.3651630939715E+02
 -0.3848069380212E+02
 -0.3981173688778E+02
 -0.4490712567427E+02
 -0.4459275545395E+02
 -0.4389892851036E+02
 -0.4334077193346E+02
 -0.4255299851229E+02
 -0.4155474779838E+02
 -0.4059195649881E+02
 -0.3970830665494E+02
 -0.3868702915926E+02
 -0.3773155959926E+02
 -0.3609666921567E+02
 -0.3163584889871E+02
 -0.2721793753905E+02
  0.0000000000000E+00
  0.0000000000000E+00
  0.0000000000000E+00
  0.0000000000000E+00
  0.0000000000000E+00
  0.0000000000000E+00
  0.0000000000000E+00
 -0.1587784023667E+02
 -0.1366953024757E+02
 -0.8008476694905E+01
  0.0000000000000E+00
  0.0000000000000E+00
  0.0000000000000E+00
  0.0000000000000E+00
 -0.9170226479230E+01
 -0.4877688358361E+01
  0.0000000000000E+00
  0.0000000000000E+00
  0.0000000000000E+00
 -0.3935747127230E+02
 -0.4039658343988E+02
 -0.4297882896430E+02
 -0.4454021745736E+02
 -0.5053258114708E+02
 -0.5103816655466E+02
 -0.5168316384869E+02
 -0.5207783357936E+02
 -0.5171993080488E+02
 -0.5075112024156E+02
 -0.4940025018603E+02
 -0.4793439861233E+02
 -0.4641931660007E+02
 -0.4520712442401E+02
 -0.4346938373955E+02
 -0.4007750460542E+02
 -0.3397557871140E+02
  0.0000000000000E+00
  0.0000000000000E+00
  0.0000000000000E+00
  0.0000000000000E+00
  0.0000000000000E+00
  0.0000000000000E+00
 -0.2204020733826E+02
 -0.2704704845419E+02
 -0.2714570713710E+02
 -0.2223165552104E+02
  0.0000000000000E+00
  0.0000000000000E+00
  0.0000000000000E+00
 -0.2386669438793E+02
 -0.2192991583764E+02
 -0.1895060876248E+02
  0.0000000000000E+00
  0.0000000000000E+00
  0.0000000000000E+00
 -0.4155886984267E+02
 -0.4487420581319E+02
 -0.4874228979580E+02
 -0.5029929580421E+02
 -0.5819858088349E+02
 -0.5895164786652E+02
 -0.5958367518401E+02
 -0.5972592214421E+02
 -0.5969381577106E+02
 -0.5961583147298E+02
 -0.5953133833335E+02
 -0.5978071216207E+02
 -0.6040845507130E+02
 -0.5988351248032E+02
 -0.5661733680363E+02
 -0.5146888212103E+02
 -0.4129612164300E+02
 -0.3606418901857E+02
 -0.3088357310530E+02
  0.0000000000000E+00
  0.0000000000000E+00
 -0.3531231494005E+02
 -0.3226702278491E+02
 -0.3224896794574E+02
 -0.3779296898706E+02
 -0.3954467618712E+02
 -0.3691426826039E+02
 -0.3403511149663E+02
 -0.3220080141918E+02
 -0.3194133261839E+02
 -0.3399675317469E+02
 -0.3458366553624E+02
 -0.3487748565822E+02
  0.0000000000000E+00
  0.0000000000000E+00
  0.0000000000000E+00
 -0.4801089327105E+02
 -0.5282753996588E+02
 -0.5749525882689E+02
 -0.5793064074089E+02
 -0.5806307477685E+02
 -0.5632678287489E+02
 -0.5569243465312E+02
 -0.5527137171706E+02
 -0.5487683099447E+02
 -0.5458626047220E+02
 -0.5456820702135E+02
 -0.5499362690894E+02
 -0.5597921700703E+02
 -0.5751564141071E+02
 -0.5964481125015E+02
 -0.6370936361820E+02
 -0.5025051873038E+02
 -0.4380296587991E+02
 -0.3839370304747E+02
  0.0000000000000E+00
  0.0000000000000E+00
 -0.4849569846584E+02
 -0.4288044666071E+02
 -0.4171474190853E+02
 -0.5049329881843E+02
 -0.5222894802749E+02
 -0.6054621465901E+02
 -0.5108800755605E+02
 -0.5157747833492E+02
 -0.4872076747807E+02
 -0.4834361858866E+02
 -0.4989649930817E+02
 -0.5354937915613E+02
  0.0000000000000E+00
  0.0000000000000E+00
  0.0000000000000E+00
 -0.5088320340054E+02
 -0.5988046379211E+02
 -0.6293094741476E+02
 -0.6112929363942E+02
 -0.5389299097679E+02
 -0.5346384779177E+02
 -0.5314188043466E+02
 -0.5280864303841E+02
 -0.5239806807945E+02
 -0.5213982810766E+02
 -0.5210968177014E+02
 -0.5238382999908E+02
 -0.5297992334978E+02
 -0.5380680547344E+02
 -0.5453694965008E+02
 -0.5496000067551E+02
 -0.5041747707024E+02
 -0.4794633218095E+02
 -0.4380991651576E+02
 -0.3783238893363E+02
  0.0000000000000E+00
 -0.4233261087920E+02
 -0.4718088373569E+02
  0.0000000000000E+00
 -0.5654488948498E+02
 -0.5173594272801E+02
 -0.4982811693000E+02
 -0.4578304028813E+02
 -0.4519622717007E+02
 -0.4645576088625E+02
 -0.4831863922822E+02
 -0.4807938410125E+02
 -0.4492920425911E+02
  0.0000000000000E+00
  0.0000000000000E+00
  0.0000000000000E+00
 -0.5291487534593E+02
 -0.5457937686637E+02
 -0.5579139301671E+02
 -0.5481876715093E+02
 -0.5329768369418E+02
 -0.5319088421272E+02
 -0.5291918964822E+02
 -0.5264096892635E+02
 -0.5241375193943E+02
 -0.5240182359420E+02
 -0.5259431351123E+02
 -0.5300425454489E+02
 -0.5344532334144E+02
 -0.5355458996939E+02
 -0.5304746233628E+02
 -0.5172416245193E+02
 -0.4903394386566E+02
  0.0000000000000E+00
 -0.4616837012288E+02
 -0.3985992192705E+02
  0.0000000000000E+00
  0.0000000000000E+00
 -0.4954106666691E+02
 -0.4908523488352E+02
 -0.5076062884606E+02
 -0.4998223002411E+02
 -0.4797439158704E+02
 -0.4551428342228E+02
 -0.4366806575286E+02
 -0.4612388001690E+02
 -0.4577911006140E+02
 -0.4593211606775E+02
 -0.4318504430218E+02
 -0.4196391830315E+02
  0.0000000000000E+00
  0.0000000000000E+00
 -0.5378738350066E+02
 -0.5252341214107E+02
 -0.5385074976547E+02
 -0.5351506524918E+02
 -0.5362667412509E+02
 -0.5364718333419E+02
 -0.5356889478731E+02
 -0.5359723147539E+02
 -0.5378620578397E+02
 -0.5411617108664E+02
 -0.5446504534131E+02
 -0.5470083104784E+02
 -0.5447861108952E+02
 -0.5361287932737E+02
 -0.5221524311595E+02
 -0.5073172857406E+02
 -0.4927865949937E+02
 -0.5103802379017E+02
 -0.4662324206919E+02
 -0.4279936453993E+02
  0.0000000000000E+00
  0.0000000000000E+00
 -0.4906143472671E+02
 -0.4838614644196E+02
 -0.5005070975495E+02
 -0.5014689647926E+02
 -0.4940388107612E+02
 -0.4780346276813E+02
  0.0000000000000E+00
 -0.4853142681127E+02
 -0.4437146782030E+02
 -0.4601529386296E+02
 -0.4436437955488E+02
 -0.4280031028286E+02
  0.0000000000000E+00
  0.0000000000000E+00
 -0.5474197138626E+02
 -0.5216175099269E+02
 -0.5318054391736E+02
 -0.5345678568281E+02
 -0.5455184950254E+02
 -0.5473691567780E+02
 -0.5498445452430E+02
 -0.5545214835166E+02
 -0.5616023843976E+02
 -0.5681889202972E+02
 -0.5709065185144E+02
 -0.5664642202212E+02
 -0.5525803674249E+02
 -0.5348572094498E+02
 -0.5195650920782E+02
 -0.5091682148310E+02
 -0.5010681034967E+02
 -0.5124928362783E+02
 -0.4794250310468E+02
 -0.4431041088805E+02
  0.0000000000000E+00
  0.0000000000000E+00
 -0.4786551338751E+02
 -0.5005329609937E+02
 -0.5098202144656E+02
 -0.5161718331371E+02
 -0.5174262138010E+02
 -0.5042599698770E+02
  0.0000000000000E+00
  0.0000000000000E+00
  0.0000000000000E+00
 -0.4733734763195E+02
 -0.4553112295305E+02
 -0.4558515086391E+02
  0.0000000000000E+00
  0.0000000000000E+00
 -0.5531138771478E+02
 -0.5231216475605E+02
 -0.5329653525673E+02
 -0.5407979741914E+02
 -0.5604266605620E+02
 -0.5631971647575E+02
 -0.5679040553361E+02
 -0.5760957140351E+02
 -0.5896411964329E+02
 -0.5972262200352E+02
 -0.5938831923432E+02
 -0.5787130481243E+02
 -0.5566802008819E+02
 -0.5375552336896E+02
 -0.5250613014685E+02
 -0.5199295141381E+02
 -0.5189086529943E+02
 -0.5281885680239E+02
 -0.5001947137580E+02
 -0.4613580776541E+02
  0.0000000000000E+00
  0.0000000000000E+00
  0.0000000000000E+00
 -0.5613119413175E+02
 -0.5297666037914E+02
 -0.5364405710598E+02
 -0.5413484894305E+02
 -0.5496945957754E+02
 -0.7037237791837E+02
  0.0000000000000E+00
  0.0000000000000E+00
  0.0000000000000E+00
 -0.4784722213741E+02
 -0.4824275256946E+02
  0.0000000000000E+00
  0.0000000000000E+00
 -0.5555099275530E+02
 -0.5318250487889E+02
 -0.5448280101565E+02
 -0.5540301788290E+02
 -0.5760177144151E+02
 -0.5796688545962E+02
 -0.5877989364360E+02
 -0.6043220789440E+02
 -0.6225195806528E+02
 -0.6206930872913E+02
 -0.6019875983221E+02
 -0.5787920580291E+02
 -0.5562875163273E+02
 -0.5403022780376E+02
 -0.5333264755871E+02
 -0.5342254853769E+02
 -0.5397022603718E+02
 -0.5582975690696E+02
 -0.5290384000620E+02
 -0.4975731804225E+02
  0.0000000000000E+00
  0.0000000000000E+00
  0.0000000000000E+00
 -0.5971590788855E+02
 -0.5484138200492E+02
 -0.5483740976843E+02
 -0.5684719439499E+02
 -0.5790947043721E+02
 -0.7167691532312E+02
 -0.7505306746722E+02
  0.0000000000000E+00
  0.0000000000000E+00
 -0.4991138248561E+02
 -0.5162485988973E+02
  0.0000000000000E+00
 -0.5793482507750E+02
 -0.5450554639742E+02
 -0.5456832593843E+02
 -0.5583675797091E+02
 -0.5697872104338E+02
 -0.5623733751053E+02
 -0.5642668696717E+02
 -0.5717231613341E+02
 -0.5826031185897E+02
 -0.5866611915098E+02
 -0.5792979399172E+02
 -0.5641005904291E+02
 -0.5468676127189E+02
 -0.5304632055935E+02
 -0.5168379080318E+02
 -0.5108273406556E+02
 -0.5272505007321E+02
 -0.5617535819473E+02
 -0.6050220305986E+02
 -0.5615372147845E+02
 -0.5487191084676E+02
  0.0000000000000E+00
  0.0000000000000E+00
  0.0000000000000E+00
 -0.6334243815666E+02
 -0.5919718271134E+02
 -0.5861240973441E+02
 -0.5979330404901E+02
 -0.6211522429461E+02
 -0.7398116289862E+02
 -0.7640060593760E+02
 -0.7275999627876E+02
  0.0000000000000E+00
 -0.5208476588053E+02
 -0.5627183901489E+02
 -0.6155860737139E+02
 -0.5720329701307E+02
 -0.5618866804585E+02
 -0.5556032464270E+02
 -0.5580775177440E+02
 -0.5622663830426E+02
 -0.5677855880749E+02
 -0.5677399216500E+02
 -0.5643168665669E+02
 -0.5579313237382E+02
 -0.5493937357779E+02
 -0.5390818161436E+02
 -0.5281914391804E+02
 -0.5170947408372E+02
 -0.5048354792805E+02
 -0.4978264030441E+02
 -0.4997851147396E+02
 -0.5181525202869E+02
 -0.5795012887201E+02
 -0.6574636794182E+02
 -0.5894904184105E+02
 -0.5894625843586E+02
  0.0000000000000E+00
  0.0000000000000E+00
  0.0000000000000E+00
 -0.6706541594484E+02
 -0.6468838935170E+02
 -0.6408005586019E+02
 -0.6411340975538E+02
 -0.6619004851562E+02
 -0.7432834001951E+02
 -0.7533869177122E+02
 -0.6986704366567E+02
  0.0000000000000E+00
  0.0000000000000E+00
 -0.6131285649390E+02
 -0.6141896824665E+02
 -0.5845927762143E+02
 -0.5766309291931E+02
 -0.5662634664452E+02
 -0.5675020293011E+02
 -0.5679670031238E+02
 -0.5654616606436E+02
 -0.5610105981397E+02
 -0.5550680269503E+02
 -0.5478667233154E+02
 -0.5389909511189E+02
 -0.5287970275805E+02
 -0.5192164413175E+02
 -0.5132600017799E+02
 -0.5124931425618E+02
 -0.5171577952828E+02
 -0.5275442884953E+02
 -0.5479093447553E+02
 -0.5940528691285E+02
 -0.6849664430238E+02
 -0.6143449829516E+02
 -0.5825281965492E+02
  0.0000000000000E+00
  0.0000000000000E+00
  0.0000000000000E+00
 -0.7093003249672E+02
 -0.6947182222265E+02
 -0.7222575845364E+02
 -0.7132656585582E+02
 -0.7167774026279E+02
 -0.7581596631729E+02
 -0.7538230983703E+02
 -0.7301100316254E+02
 -0.6878081579057E+02
  0.0000000000000E+00
 -0.6758036969239E+02
 -0.6205530777817E+02
 -0.5971331274804E+02
 -0.5845819579253E+02
 -0.5759807352945E+02
 -0.5723362518381E+02
 -0.5690013144081E+02
 -0.5684472308581E+02
 -0.5590885958053E+02
 -0.5493470830885E+02
 -0.5401362266466E+02
 -0.5298588885979E+02
 -0.5181183695982E+02
 -0.5067940991689E+02
 -0.4995721364203E+02
 -0.4989189142446E+02
 -0.5044469981528E+02
 -0.5156359199381E+02
 -0.5345284100131E+02
 -0.5696108556448E+02
 -0.6404463199359E+02
 -0.6314291784579E+02
 -0.6036165974893E+02
  0.0000000000000E+00
  0.0000000000000E+00
  0.0000000000000E+00
 -0.6915054515697E+02
 -0.6991444839240E+02
 -0.7612082928622E+02
 -0.7269169572808E+02
 -0.7342507806505E+02
 -0.7700104169553E+02
 -0.7512464187844E+02
 -0.7162078163040E+02
 -0.6477581991216E+02
  0.0000000000000E+00
 -0.6640863759057E+02
 -0.6356797606888E+02
 -0.6123164553052E+02
 -0.5959851456023E+02
 -0.5881324987016E+02
 -0.5825926813144E+02
 -0.5760956639153E+02
 -0.5532181158640E+02
 -0.5424068669821E+02
 -0.5319856758438E+02
 -0.5209200886624E+02
 -0.5081366160739E+02
 -0.4938745026694E+02
 -0.4801663329667E+02
 -0.4704098984722E+02
 -0.4663618147025E+02
 -0.4678778092601E+02
 -0.4742631402936E+02
 -0.4872449314226E+02
 -0.5142967774670E+02
 -0.5684332442223E+02
 -0.6134219868792E+02
 -0.6072489240453E+02
  0.0000000000000E+00
  0.0000000000000E+00
  0.0000000000000E+00
 -0.6545335761163E+02
 -0.6874427112724E+02
 -0.7237435312436E+02
 -0.7081384662804E+02
 -0.6685797149984E+02
 -0.6967645103707E+02
 -0.6795152936463E+02
 -0.6393815366438E+02
 -0.5951505512335E+02
 -0.5735156706395E+02
 -0.6309457159986E+02
 -0.6330588799352E+02
 -0.6163348166845E+02
 -0.5997296659051E+02
 -0.5924904067010E+02
 -0.5806974075030E+02
 -0.5656149946251E+02
 -0.6135696730740E+02
 -0.6062385843571E+02
 -0.5975868076715E+02
 -0.5863429403577E+02
 -0.5715568014098E+02
 -0.5537356520093E+02
 -0.5355308705064E+02
 -0.5201188137736E+02
 -0.5088916948521E+02
 -0.5003749250598E+02
 -0.4925664463133E+02
 -0.4872129970490E+02
 -0.4959647500590E+02
 -0.5070505781230E+02
 -0.5293287142959E+02
 -0.5699800935562E+02
  0.0000000000000E+00
  0.0000000000000E+00
  0.0000000000000E+00
 -0.6119655692392E+02
 -0.6824750052314E+02
 -0.6721562530529E+02
  0.0000000000000E+00
 -0.6202617059105E+02
 -0.6154444914333E+02
 -0.6070114042432E+02
 -0.5794632991394E+02
 -0.5529147439727E+02
 -0.5514927385392E+02
 -0.5803392714127E+02
 -0.5934599048393E+02
 -0.5989218539124E+02
 -0.6138747387785E+02
 -0.6243366961870E+02
 -0.6243365382857E+02
 -0.6196230937366E+02
 -0.6112825125740E+02
 -0.6168551467283E+02
 -0.6212047337520E+02
 -0.6204669951151E+02
 -0.6121696133640E+02
 -0.5960833341177E+02
 -0.5762122073915E+02
 -0.5579530199964E+02
 -0.5440604715366E+02
 -0.5333469819918E+02
 -0.5241852018284E+02
 -0.5158942950327E+02
 -0.5039687581978E+02
 -0.4673990721415E+02
 -0.4627663253304E+02
 -0.4871796500254E+02
 -0.4469182376129E+02
 -0.4791259451143E+02
 -0.5317335989305E+02
 -0.5709720875233E+02
 -0.6587178847416E+02
 -0.6860918762425E+02
  0.0000000000000E+00
 -0.5785572755227E+02
 -0.5453407546995E+02
 -0.5446702451941E+02
 -0.5394318429229E+02
 -0.5191303749748E+02
 -0.5130528063626E+02
 -0.5274416877596E+02
 -0.5347477638894E+02
 -0.5426475542216E+02
 -0.5551889238777E+02
 -0.5774256252466E+02
 -0.5944033697552E+02
 -0.6048210040627E+02
 -0.5398727590982E+02
 -0.5484626827193E+02
 -0.5624207225066E+02
 -0.5797681489350E+02
 -0.5944442148097E+02
 -0.6002060975316E+02
 -0.5941136537478E+02
 -0.5805913927454E+02
 -0.5650627868502E+02
 -0.5509358358999E+02
 -0.5389096092262E+02
 -0.5280403695590E+02
 -0.5132137873416E+02
 -0.4858151050805E+02
 -0.4428826050635E+02
 -0.4258764636226E+02
 -0.4730314531504E+02
 -0.5102235913968E+02
 -0.5243238521136E+02
 -0.5418545455998E+02
 -0.5986738559761E+02
  0.0000000000000E+00
 -0.5941585934839E+02
 -0.5227778572512E+02
 -0.5163929537979E+02
 -0.5185680413045E+02
 -0.5167489572995E+02
 -0.5083097091249E+02
 -0.4934684592062E+02
 -0.4852284249792E+02
 -0.4855299953506E+02
 -0.4936606735691E+02
 -0.5025178401352E+02
 -0.5126451515448E+02
 -0.5238625707391E+02
 -0.5333514887876E+02
 -0.5062502495642E+02
 -0.5081255452623E+02
 -0.5136276643741E+02
 -0.5249775991729E+02
 -0.5414744502415E+02
 -0.5597139024962E+02
 -0.5744078008622E+02
 -0.5790207885123E+02
 -0.5726415908598E+02
 -0.5607531905586E+02
 -0.5476529266766E+02
 -0.5345660809427E+02
 -0.5202055784472E+02
 -0.5017992380901E+02
 -0.4814511170500E+02
 -0.4837354517311E+02
 -0.5072481466508E+02
 -0.5193880628266E+02
 -0.5212479921716E+02
 -0.5248835838320E+02
 -0.5435467281841E+02
  0.0000000000000E+00
 -0.5712581831308E+02
 -0.5213863115311E+02
 -0.5117381608991E+02
 -0.5130733042185E+02
 -0.5122887740332E+02
 -0.5079677694207E+02
 -0.4971290759677E+02
 -0.4905301396530E+02
 -0.4861999267067E+02
 -0.4857723435011E+02
 -0.4896871465194E+02
 -0.4961984242193E+02
 -0.4998830276097E+02
 -0.5043734978244E+02
 -0.5084203490659E+02
 -0.5076421060845E+02
 -0.5066097055889E+02
 -0.5077765946981E+02
 -0.5138631413390E+02
 -0.5249897581304E+02
 -0.5399155247799E+02
 -0.5541449342286E+02
 -0.5622760428294E+02
 -0.5617368109282E+02
 -0.5547287396667E+02
 -0.5444291509042E+02
 -0.5331683459431E+02
 -0.5216886188334E+02
 -0.5124482777726E+02
 -0.5120484876168E+02
 -0.5194953898187E+02
 -0.5252216258537E+02
 -0.5323177553090E+02
 -0.5353007396502E+02
 -0.5341314429422E+02
 -0.5127930346802E+02
 -0.5589339047238E+02
 -0.5354389108662E+02
 -0.5217485799807E+02
 -0.5164521901530E+02
 -0.5149608912016E+02
 -0.5140634366953E+02
 -0.5107789220956E+02
 -0.5058545896939E+02
 -0.5013590558489E+02
 -0.4994770686758E+02
 -0.5003971919619E+02
 -0.5023046615532E+02
 -0.5047075339315E+02
 -0.5075736576766E+02
 -0.5194420836731E+02
 -0.5180747113099E+02
 -0.5153804143607E+02
 -0.5135802650008E+02
 -0.5147276276773E+02
 -0.5189044901376E+02
 -0.5262841156459E+02
 -0.5367861924508E+02
 -0.5485295931922E+02
 -0.5575633842317E+02
 -0.5612505115608E+02
 -0.5592165788235E+02
 -0.5538525428521E+02
 -0.5470908671219E+02
 -0.5407402038068E+02
 -0.5404157113605E+02
 -0.5431983686826E+02
 -0.5497830038408E+02
 -0.5602986497382E+02
 -0.5581581310422E+02
 -0.5597268773892E+02
 -0.5920337156665E+02
 -0.5896396157341E+02
 -0.5610037327788E+02
 -0.5397581560686E+02
 -0.5299329228777E+02
 -0.5274043064269E+02
 -0.5272865307147E+02
 -0.5257060438955E+02
 -0.5213674175764E+02
 -0.5163636377624E+02
 -0.5131218163304E+02
 -0.5124379662590E+02
 -0.5134500478784E+02
 -0.5160842321805E+02
 -0.5187171636726E+02
 -0.5395102202166E+02
 -0.5381096964278E+02
 -0.5344283048944E+02
 -0.5303532569727E+02
 -0.5287574021894E+02
 -0.5294982981915E+02
 -0.5329630584457E+02
 -0.5400629773360E+02
 -0.5503612687771E+02
 -0.5622450067350E+02
 -0.5740682621763E+02
 -0.5831231732712E+02
 -0.5881653514198E+02
 -0.5893682240326E+02
 -0.5891249751742E+02
 -0.5910199884184E+02
 -0.5879140279606E+02
 -0.5834441331218E+02
 -0.5973676377289E+02
 -0.5898344413793E+02
 -0.5990058805168E+02
 -0.7428125066633E+02
 -0.6738004544133E+02
 -0.6204142876040E+02
 -0.5842552976694E+02
 -0.5665005213006E+02
 -0.5595185721447E+02
 -0.5570055959031E+02
 -0.5532947999422E+02
 -0.5476440297678E+02
 -0.5415038451434E+02
 -0.5364699519171E+02
 -0.5340785239786E+02
 -0.5340417849331E+02
 -0.5361130425701E+02
 -0.5386240170501E+02
 -0.5966174160666E+02
 -0.5951567051785E+02
 -0.5900659725045E+02
 -0.5815213665211E+02
 -0.5755390683510E+02
 -0.5727865102466E+02
 -0.5738135730089E+02
 -0.5798458405621E+02
 -0.5911273552386E+02
 -0.6077236379377E+02
 -0.6329208561676E+02
 -0.6672702632663E+02
 -0.7034042507473E+02
 -0.7138430807268E+02
 -0.6967586544376E+02
 -0.6758134553928E+02
 -0.6449225584249E+02
 -0.6089193529422E+02
 -0.6077235688518E+02
 -0.5900260466103E+02
 -0.5931560162053E+02
 -0.6597476656302E+02
 -0.6469517673357E+02
 -0.6290840622664E+02
 -0.6128165418913E+02
 -0.6148761874726E+02
 -0.6238226275308E+02
 -0.6386445984414E+02
 -0.6419969885244E+02
 -0.6312087767177E+02
 -0.6166746094852E+02
 -0.6033098674042E+02
 -0.5950269749093E+02
 -0.5907719434502E+02
 -0.5910736435774E+02
 -0.5945045856598E+02
 -0.6299529468030E+02
 -0.6424651103193E+02
 -0.6511715261199E+02
 -0.6494339655065E+02
 -0.6450273317041E+02
 -0.6421746724520E+02
 -0.6422165755997E+02
 -0.6466713851111E+02
 -0.6569269249514E+02
 -0.6610767481341E+02
 -0.6485808240257E+02
 -0.6234070818869E+02
 -0.5967510179031E+02
 -0.5751889684462E+02
 -0.5656348052253E+02
 -0.5649752223972E+02
 -0.5687030116062E+02
 -0.5421916064652E+02
  0.0000000000000E+00
  0.0000000000000E+00
  0.0000000000000E+00
 -0.6521484302555E+02
 -0.6231841009665E+02
 -0.5907995581372E+02
 -0.5519998452922E+02
 -0.5319767715045E+02
 -0.5295295711280E+02
 -0.5356755680556E+02
 -0.5493263475232E+02
 -0.5655228227373E+02
 -0.5792842425307E+02
 -0.5873918282419E+02
 -0.5921083417869E+02
 -0.5961819020132E+02
 -0.6035735721725E+02
 -0.6154916237442E+02
 -0.5149172954718E+02
 -0.5214422959418E+02
 -0.5259207473663E+02
 -0.5280755339130E+02
 -0.5297981869482E+02
 -0.5307648846430E+02
 -0.5304135426562E+02
 -0.5289977306223E+02
 -0.5259911087141E+02
 -0.5189974072517E+02
 -0.5077459625255E+02
 -0.4930466828182E+02
 -0.4768370381611E+02
 -0.4631285607021E+02
 -0.4631635834327E+02
 -0.4760475921037E+02
 -0.4974978986195E+02
 -0.5094956122728E+02
  0.0000000000000E+00
  0.0000000000000E+00
  0.0000000000000E+00
 -0.6506160461577E+02
 -0.6085924545308E+02
 -0.5668178394265E+02
 -0.5328152758759E+02
 -0.5087113346524E+02
 -0.4929011589572E+02
 -0.4823936208415E+02
 -0.4768828342711E+02
 -0.4796701282735E+02
 -0.4838614237684E+02
 -0.4917704795283E+02
 -0.4936101340713E+02
 -0.4961583139128E+02
 -0.5007499652744E+02
 -0.5073657614798E+02
 -0.4470605716203E+02
 -0.4476978373941E+02
 -0.4473204471725E+02
 -0.4546408527639E+02
 -0.4571880768298E+02
 -0.4576491806298E+02
 -0.4571088454115E+02
 -0.4559125659136E+02
 -0.4535149617721E+02
 -0.4494113316327E+02
 -0.4432592165551E+02
 -0.4351933009293E+02
 -0.4254490957745E+02
 -0.4154243726544E+02
 -0.4137915205778E+02
 -0.4322003540528E+02
 -0.4570842533539E+02
 -0.5013238830902E+02
  0.0000000000000E+00
  0.0000000000000E+00
  0.0000000000000E+00
 -0.6093807771410E+02
 -0.5713120653345E+02
 -0.5350898319775E+02
 -0.5121473039126E+02
 -0.4965448151728E+02
 -0.4838289058158E+02
 -0.4755366529352E+02
 -0.4689244888025E+02
 -0.4633070545071E+02
 -0.4585349069562E+02
 -0.4545712069285E+02
 -0.4512744355315E+02
 -0.4485426277678E+02
 -0.4467954174364E+02
 -0.4464956625898E+02
 -0.4370293141895E+02
 -0.4355080786548E+02
 -0.4335158793261E+02
 -0.4308880332283E+02
 -0.4282590430497E+02
 -0.4259279387293E+02
 -0.4241775708870E+02
 -0.4228701646104E+02
 -0.4217606840345E+02
 -0.4196556322037E+02
 -0.4166603546189E+02
 -0.4125076158094E+02
 -0.4078374745672E+02
 -0.4026208955937E+02
 -0.3986017676344E+02
 -0.4094324698139E+02
 -0.4303202631018E+02
 -0.4821353885075E+02
 -0.4732257364198E+02
 -0.4703843870615E+02
 -0.4656552143236E+02
 -0.4665888056345E+02
 -0.4511603310464E+02
 -0.4515138685336E+02
 -0.4547179608740E+02
 -0.4514030423110E+02
 -0.4539140494282E+02
 -0.4547118276768E+02
 -0.4513224666078E+02
 -0.4504320319750E+02
 -0.4489292119247E+02
 -0.4467702602280E+02
 -0.4446319152406E+02
 -0.4427879945633E+02
 -0.4381262777805E+02
 -0.4374362562149E+02
 -0.4394864895839E+02
 -0.4338849392700E+02
 -0.4329881503694E+02
 -0.4318519176273E+02
 -0.4303545811221E+02
 -0.4289827190051E+02
 -0.4281513058229E+02
 -0.4274128014882E+02
 -0.4269849109140E+02
 -0.4211901542131E+02
 -0.4203248133008E+02
 -0.4198773393487E+02
 -0.4195905794571E+02
 -0.4196416712415E+02
 -0.4184095273527E+02
 -0.4187349956672E+02
 -0.4279689999877E+02
 -0.4409281100179E+02
 -0.4438106800978E+02
 -0.4444280498409E+02
 -0.4383773162405E+02
 -0.4258391377866E+02
 -0.4176799522075E+02
 -0.4206363395761E+02
 -0.4222303614358E+02
 -0.4242742722558E+02
 -0.4307389301081E+02
 -0.4347975199383E+02
 -0.4372980744038E+02
 -0.4377128311811E+02
 -0.4375121915555E+02
 -0.4361146264762E+02
 -0.4348104320247E+02
 -0.4379498226516E+02
 -0.4395068834725E+02
 -0.4395741895736E+02
 -0.4471233254190E+02
 -0.4469219049665E+02
 -0.4459163482560E+02
 -0.4447646532607E+02
 -0.4433138008973E+02
 -0.4423901489175E+02
 -0.4422515390497E+02
 -0.4412344185105E+02
 -0.4382332596164E+02
 -0.4373160651538E+02
 -0.4407905454538E+02
 -0.4448186201008E+02
 -0.4495370694556E+02
 -0.4549239518403E+02
 -0.4592262996622E+02
 -0.4570908745569E+02
 -0.4567572870467E+02
 -0.4580632626169E+02
 -0.4580604510072E+02
 -0.4535229856574E+02
 -0.4389087364966E+02
 -0.4385869549607E+02
 -0.4390065346055E+02
 -0.4434762775134E+02
 -0.4486073295783E+02
 -0.4556351584828E+02
 -0.4621717410855E+02
 -0.4618857141781E+02
 -0.4561803886251E+02
 -0.4506965506418E+02
 -0.4490952540670E+02
 -0.4497626377469E+02
 -0.4492385455993E+02
 -0.4504296527584E+02
 -0.4522203083061E+02
 -0.4482343917161E+02
 -0.5083764044456E+02
 -0.5081776744739E+02
 -0.5074192325017E+02
 -0.5065019655866E+02
 -0.5025508348551E+02
 -0.5014168993048E+02
 -0.5009246387352E+02
 -0.5009746188390E+02
 -0.5014208591149E+02
 -0.5025938118950E+02
 -0.5045554189969E+02
 -0.5053873737955E+02
 -0.5039697500957E+02
 -0.5050664990928E+02
 -0.5057973683638E+02
 -0.5056292150028E+02
 -0.5058348492225E+02
 -0.5061529885481E+02
 -0.5068282654115E+02
 -0.5078172884662E+02
 -0.5089170298630E+02
 -0.5091513689689E+02
 -0.5084835397409E+02
 -0.5080681120394E+02
 -0.5078296168388E+02
 -0.5083197142893E+02
 -0.5105111573585E+02
 -0.5112313963431E+02
 -0.5107690733314E+02
 -0.5096593084979E+02
 -0.5081149843904E+02
 -0.5067166221177E+02
 -0.5062142800152E+02
 -0.5064731726741E+02
 -0.5073298060993E+02
 -0.5080464525836E+02
 -0.7071672334235E+01
 -0.6961780867343E+01
 -0.7147389704994E+01
 -0.0000000000000E+00
 -0.0000000000000E+00
 -0.0000000000000E+00
 -0.0000000000000E+00
 -0.1970221302655E+01
 -0.3224847507578E+01
 -0.7224074786683E+01
 -0.5288965268401E+00
 -0.0000000000000E+00
 -0.5477849397672E+02
 -0.5466596090308E+02
 -0.5463897384227E+02
 -0.5469788440994E+02
 -0.5487062897891E+02
 -0.0000000000000E+00
 -0.0000000000000E+00
 -0.0000000000000E+00
 -0.6561020583953E+01
 -0.5494542690404E+01
 -0.6313109785346E-01
 -0.5149969987064E-01
 -0.4072245572988E-01
 -0.3041305800599E-01
 -0.2268995905533E-01
 -0.0000000000000E+00
 -0.0000000000000E+00
 -0.0000000000000E+00
 -0.0000000000000E+00
 -0.4158257822938E-01
 -0.4588618729048E-01
 -0.4797247997157E-01
 -0.4901134132375E-01
 -0.7046318560290E+01
  0.0000000000000E+00
  0.1711535133040E-06
  0.3989082909357E-06
  0.5443018277392E-06
  0.5615276857263E-06
  0.0000000000000E+00
  0.6369038711788E-06
  0.6050517006825E-06
  0.3920375399857E-06
  0.1239423383081E-06
  0.0000000000000E+00
  0.0000000000000E+00
  0.0000000000000E+00
  0.0000000000000E+00
  0.0000000000000E+00
  0.0000000000000E+00
  0.0000000000000E+00
  0.0000000000000E+00
  0.0000000000000E+00
  0.0000000000000E+00
  0.0000000000000E+00
  0.0000000000000E+00
  0.0000000000000E+00
  0.0000000000000E+00
  0.0000000000000E+00
  0.0000000000000E+00
  0.0000000000000E+00
  0.0000000000000E+00
  0.0000000000000E+00
  0.0000000000000E+00
  0.0000000000000E+00
  0.0000000000000E+00
  0.0000000000000E+00
  0.0000000000000E+00
  0.0000000000000E+00
  0.0000000000000E+00
  0.3771973006926E-06
  0.0000000000000E+00
  0.0000000000000E+00
  0.0000000000000E+00
  0.7173288869163E-06
  0.1309768607980E-05
  0.1351668033070E-05
  0.1301288082522E-05
  0.1083081733926E-05
  0.0000000000000E+00
  0.0000000000000E+00
  0.0000000000000E+00
  0.0000000000000E+00
  0.0000000000000E+00
  0.0000000000000E+00
  0.0000000000000E+00
  0.0000000000000E+00
  0.0000000000000E+00
  0.0000000000000E+00
  0.0000000000000E+00
  0.0000000000000E+00
  0.0000000000000E+00
  0.0000000000000E+00
  0.0000000000000E+00
  0.0000000000000E+00
  0.0000000000000E+00
  0.0000000000000E+00
  0.0000000000000E+00
  0.0000000000000E+00
  0.0000000000000E+00
  0.0000000000000E+00
  0.0000000000000E+00
  0.0000000000000E+00
  0.0000000000000E+00
  0.0000000000000E+00
  0.2946448184031E-06
  0.4833238474843E-05
  0.5652645075805E-05
  0.5619747694280E-05
  0.3889581494772E-05
  0.2603284462148E-05
  0.4064314863213E-05
  0.4696765313023E-05
  0.5968641288727E-05
  0.6558314499068E-05
  0.6094600126806E-05
  0.0000000000000E+00
  0.0000000000000E+00
  0.0000000000000E+00
  0.0000000000000E+00
  0.0000000000000E+00
  0.0000000000000E+00
  0.0000000000000E+00
  0.0000000000000E+00
  0.0000000000000E+00
  0.0000000000000E+00
  0.0000000000000E+00
  0.0000000000000E+00
  0.0000000000000E+00
  0.0000000000000E+00
  0.0000000000000E+00
  0.0000000000000E+00
  0.0000000000000E+00
  0.0000000000000E+00
  0.0000000000000E+00
  0.0000000000000E+00
  0.0000000000000E+00
  0.0000000000000E+00
  0.0000000000000E+00
  0.0000000000000E+00
  0.2625988477348E-05
  0.4815557400500E-05
  0.1232597649430E-04
  0.1236239354312E-04
  0.1199116391792E-04
  0.1119135897623E-04
  0.8434798139103E-05
  0.8343569834614E-05
  0.9645153960778E-05
  0.1086199037136E-04
  0.1145074947812E-04
  0.1062301487111E-04
  0.3808865431175E-05
  0.0000000000000E+00
  0.0000000000000E+00
  0.0000000000000E+00
  0.0000000000000E+00
  0.0000000000000E+00
  0.0000000000000E+00
  0.0000000000000E+00
  0.0000000000000E+00
  0.0000000000000E+00
  0.0000000000000E+00
  0.0000000000000E+00
  0.0000000000000E+00
  0.0000000000000E+00
  0.0000000000000E+00
  0.0000000000000E+00
  0.0000000000000E+00
  0.0000000000000E+00
  0.0000000000000E+00
  0.0000000000000E+00
  0.0000000000000E+00
  0.0000000000000E+00
  0.2082562932694E-05
  0.6451203555147E-05
  0.1057858087421E-04
  0.1181061890606E-04
  0.1931149472046E-04
  0.1877017136040E-04
  0.1765152846024E-04
  0.1700528793719E-04
  0.1588228079741E-04
  0.1523907392544E-04
  0.1516481702573E-04
  0.1527836576656E-04
  0.1492273257252E-04
  0.1415225536717E-04
  0.1058730011757E-04
  0.2845759921679E-05
  0.0000000000000E+00
  0.0000000000000E+00
  0.0000000000000E+00
  0.0000000000000E+00
  0.0000000000000E+00
  0.0000000000000E+00
  0.0000000000000E+00
  0.0000000000000E+00
  0.0000000000000E+00
  0.0000000000000E+00
  0.0000000000000E+00
  0.0000000000000E+00
  0.0000000000000E+00
  0.0000000000000E+00
  0.0000000000000E+00
  0.0000000000000E+00
  0.0000000000000E+00
  0.0000000000000E+00
  0.0000000000000E+00
  0.0000000000000E+00
  0.8474194820703E-05
  0.1493501712951E-04
  0.1747161543919E-04
  0.1845980863029E-04
  0.2563433060433E-04
  0.2389956883112E-04
  0.2201978032020E-04
  0.2135459819001E-04
  0.2106661492341E-04
  0.2074794710189E-04
  0.2036921605598E-04
  0.1980746333497E-04
  0.1886171059290E-04
  0.1803465218644E-04
  0.1624851887349E-04
  0.1021699361891E-04
  0.4380137215737E-05
  0.0000000000000E+00
  0.0000000000000E+00
  0.0000000000000E+00
  0.0000000000000E+00
  0.0000000000000E+00
  0.0000000000000E+00
  0.0000000000000E+00
  0.0000000000000E+00
  0.0000000000000E+00
  0.0000000000000E+00
  0.0000000000000E+00
  0.0000000000000E+00
  0.0000000000000E+00
  0.0000000000000E+00
  0.0000000000000E+00
  0.0000000000000E+00
  0.0000000000000E+00
  0.0000000000000E+00
  0.0000000000000E+00
  0.1322589261265E-04
  0.2060184098375E-04
  0.2383715571490E-04
  0.2532176439323E-04
  0.2979759602082E-04
  0.2587083013944E-04
  0.2298967245028E-04
  0.2221447635420E-04
  0.2260445812089E-04
  0.2288057039892E-04
  0.2295960926150E-04
  0.2263441656926E-04
  0.2197908354153E-04
  0.2176312569411E-04
  0.2119913229855E-04
  0.1793641401978E-04
  0.1079023265685E-04
  0.0000000000000E+00
  0.0000000000000E+00
  0.0000000000000E+00
  0.0000000000000E+00
  0.0000000000000E+00
  0.0000000000000E+00
  0.7435864392445E-06
  0.3625078282157E-05
  0.3787323405676E-05
  0.0000000000000E+00
  0.0000000000000E+00
  0.0000000000000E+00
  0.0000000000000E+00
  0.0000000000000E+00
  0.0000000000000E+00
  0.0000000000000E+00
  0.0000000000000E+00
  0.0000000000000E+00
  0.0000000000000E+00
  0.1498918128534E-04
  0.2705791130638E-04
  0.3080454431529E-04
  0.3205287921630E-04
  0.2900019573013E-04
  0.2500798452151E-04
  0.2449237854173E-04
  0.2506740143751E-04
  0.2485710437447E-04
  0.2388044102498E-04
  0.2221098171646E-04
  0.1978897635945E-04
  0.1713409687255E-04
  0.1799049478538E-04
  0.2200448523705E-04
  0.2152828423245E-04
  0.1629844382883E-04
  0.1427507926883E-04
  0.1112259887112E-04
  0.0000000000000E+00
  0.0000000000000E+00
  0.5978246760267E-05
  0.7872453046026E-05
  0.9285081032298E-05
  0.1646465263710E-04
  0.1681301478502E-04
  0.1194070857977E-04
  0.9112451426646E-05
  0.8010977094896E-05
  0.8236290073989E-05
  0.1150584594663E-04
  0.1115943640991E-04
  0.1006493410277E-04
  0.0000000000000E+00
  0.0000000000000E+00
  0.0000000000000E+00
  0.2192600135674E-04
  0.3326419260630E-04
  0.3324284868889E-04
  0.3360236382854E-04
  0.3311657346938E-04
  0.3389579647157E-04
  0.3490626793662E-04
  0.3539938163664E-04
  0.3560548983722E-04
  0.3549160579637E-04
  0.3487187240219E-04
  0.3395563087960E-04
  0.3257995536036E-04
  0.3024850255949E-04
  0.2672421361574E-04
  0.1959504438169E-04
  0.2041259463672E-04
  0.1970588488924E-04
  0.1662765997617E-04
  0.0000000000000E+00
  0.0000000000000E+00
  0.8827269050764E-05
  0.1436112250481E-04
  0.1626086121045E-04
  0.2267030928963E-04
  0.2184301024450E-04
  0.1357879335449E-04
  0.1487141916094E-04
  0.1265548908794E-04
  0.1556662964287E-04
  0.1831492836999E-04
  0.1755557520278E-04
  0.1151595670829E-04
  0.0000000000000E+00
  0.0000000000000E+00
  0.0000000000000E+00
  0.2535801891935E-04
  0.2482566490130E-04
  0.2826898937210E-04
  0.3290266423519E-04
  0.3906978471327E-04
  0.3995422127578E-04
  0.4069500245506E-04
  0.4125778310757E-04
  0.4169104553400E-04
  0.4185357792796E-04
  0.4150727961104E-04
  0.4057436817055E-04
  0.3913768796296E-04
  0.3748478045208E-04
  0.3580944990100E-04
  0.3456211390548E-04
  0.2918353113357E-04
  0.2478467117335E-04
  0.2068331361359E-04
  0.2149654187937E-04
  0.0000000000000E+00
  0.1306587363269E-04
  0.1963986781103E-04
  0.0000000000000E+00
  0.2387856396281E-04
  0.2808678387783E-04
  0.3033534593513E-04
  0.2761976084582E-04
  0.2606707247073E-04
  0.2462835773974E-04
  0.2390855254177E-04
  0.2423118019463E-04
  0.2380420815433E-04
  0.0000000000000E+00
  0.0000000000000E+00
  0.0000000000000E+00
  0.2862906296609E-04
  0.3338740286071E-04
  0.3668944925688E-04
  0.3826567717274E-04
  0.4336609724099E-04
  0.4425764505319E-04
  0.4494466058007E-04
  0.4569063974230E-04
  0.4649617450532E-04
  0.4694327375759E-04
  0.4681797247209E-04
  0.4585601443834E-04
  0.4413488321174E-04
  0.4209168318098E-04
  0.4020536839650E-04
  0.3823421443453E-04
  0.3444400684328E-04
  0.0000000000000E+00
  0.2843808564714E-04
  0.2719950945535E-04
  0.0000000000000E+00
  0.0000000000000E+00
  0.2451846028366E-04
  0.2932334277069E-04
  0.3305380388458E-04
  0.3486314842601E-04
  0.3523165649549E-04
  0.3342730570870E-04
  0.2910839079358E-04
  0.3229231705051E-04
  0.3010322329108E-04
  0.3081742857124E-04
  0.2762574638603E-04
  0.2520891298616E-04
  0.0000000000000E+00
  0.0000000000000E+00
  0.3302809289129E-04
  0.3925001141459E-04
  0.4134201181672E-04
  0.4256393451623E-04
  0.4662266740796E-04
  0.4722675922222E-04
  0.4787821695651E-04
  0.4873436295892E-04
  0.4958000143235E-04
  0.4999678954290E-04
  0.4968355991375E-04
  0.4852788328008E-04
  0.4702137357841E-04
  0.4559561068082E-04
  0.4420719997296E-04
  0.4233549926873E-04
  0.3885861975650E-04
  0.3505083656216E-04
  0.3539775223381E-04
  0.2978044527772E-04
  0.0000000000000E+00
  0.0000000000000E+00
  0.2939915972313E-04
  0.3552907760538E-04
  0.3831130127887E-04
  0.4048812760562E-04
  0.4075292259079E-04
  0.3774683265941E-04
  0.0000000000000E+00
  0.2783575004929E-04
  0.3141536601160E-04
  0.3665549615572E-04
  0.3363910845218E-04
  0.3040817663501E-04
  0.0000000000000E+00
  0.0000000000000E+00
  0.3572906616066E-04
  0.4247997890920E-04
  0.4469180950510E-04
  0.4593396070142E-04
  0.4803346088948E-04
  0.4835511482958E-04
  0.4863877481356E-04
  0.4875226630366E-04
  0.4855115583238E-04
  0.4811036522451E-04
  0.4746787503961E-04
  0.4734979276826E-04
  0.4769262082423E-04
  0.4784109409745E-04
  0.4730057898607E-04
  0.4556040316808E-04
  0.4281336915752E-04
  0.3989043820805E-04
  0.3880799067731E-04
  0.3460165148694E-04
  0.0000000000000E+00
  0.0000000000000E+00
  0.2812306735392E-04
  0.4120111118718E-04
  0.4194678002790E-04
  0.4364428402952E-04
  0.4380310142221E-04
  0.4119540082870E-04
  0.0000000000000E+00
  0.0000000000000E+00
  0.0000000000000E+00
  0.3042906280378E-04
  0.3767482871249E-04
  0.3444496693787E-04
  0.0000000000000E+00
  0.0000000000000E+00
  0.3688351118365E-04
  0.4494012637353E-04
  0.4666695347124E-04
  0.4749325566497E-04
  0.4643984171829E-04
  0.4623285240726E-04
  0.4543162419596E-04
  0.4358026326867E-04
  0.4137315592688E-04
  0.3968011065520E-04
  0.4057797517782E-04
  0.4395044507152E-04
  0.4662400217241E-04
  0.4821958669566E-04
  0.4859227204685E-04
  0.4743730186783E-04
  0.4451907209437E-04
  0.4194470456382E-04
  0.4006578900647E-04
  0.3797871403105E-04
  0.0000000000000E+00
  0.0000000000000E+00
  0.0000000000000E+00
  0.3305179683382E-04
  0.4294802346801E-04
  0.4465138770040E-04
  0.4448565837223E-04
  0.4569969055063E-04
  0.3370970371933E-04
  0.0000000000000E+00
  0.0000000000000E+00
  0.0000000000000E+00
  0.3622315450014E-04
  0.3727668847042E-04
  0.0000000000000E+00
  0.0000000000000E+00
  0.3591511504905E-04
  0.4543287935379E-04
  0.4655024504798E-04
  0.4622733456308E-04
  0.3872141040931E-04
  0.3755192975161E-04
  0.3540178422973E-04
  0.3211690768748E-04
  0.2964046259763E-04
  0.3167924550819E-04
  0.3670797406534E-04
  0.4118180772849E-04
  0.4389587944529E-04
  0.4542159996095E-04
  0.4627250209006E-04
  0.4565757042585E-04
  0.4241475989432E-04
  0.4119850168791E-04
  0.4065246936453E-04
  0.4024427591777E-04
  0.0000000000000E+00
  0.0000000000000E+00
  0.0000000000000E+00
  0.3532732561618E-04
  0.4276752241427E-04
  0.4364282125655E-04
  0.4538636324247E-04
  0.4485279487043E-04
  0.3630661590425E-04
  0.3149552285740E-04
  0.0000000000000E+00
  0.0000000000000E+00
  0.3857634619397E-04
  0.3992656095483E-04
  0.0000000000000E+00
  0.3294172540716E-04
  0.4107294831467E-04
  0.4171573552547E-04
  0.4042878729862E-04
  0.3924406532403E-04
  0.3373980927748E-04
  0.3371257717111E-04
  0.3484239866634E-04
  0.3802382727172E-04
  0.4146512206446E-04
  0.4348742324983E-04
  0.4417769512375E-04
  0.4380611341207E-04
  0.4260366345275E-04
  0.4095669536588E-04
  0.3940579342126E-04
  0.3953560201582E-04
  0.3866981649263E-04
  0.3861545653392E-04
  0.4067651200803E-04
  0.3977405270673E-04
  0.0000000000000E+00
  0.0000000000000E+00
  0.0000000000000E+00
  0.3598620842565E-04
  0.4380340782272E-04
  0.4613335372289E-04
  0.4568232763556E-04
  0.4475186311080E-04
  0.3501646617902E-04
  0.2745601535774E-04
  0.3200051589367E-04
  0.0000000000000E+00
  0.3946465087821E-04
  0.4159767083880E-04
  0.3561968318572E-04
  0.3961479156999E-04
  0.3829542738750E-04
  0.3576600355142E-04
  0.3367487518611E-04
  0.3378949142278E-04
  0.4812445438627E-04
  0.4966830879356E-04
  0.5077116856172E-04
  0.5150790639167E-04
  0.5195502755519E-04
  0.5219733288107E-04
  0.5202508868652E-04
  0.5043134706519E-04
  0.4671289187746E-04
  0.4297262784585E-04
  0.3991282355878E-04
  0.3744696725586E-04
  0.3618601849183E-04
  0.3269759745685E-04
  0.4273054414607E-04
  0.3731957750786E-04
  0.0000000000000E+00
  0.0000000000000E+00
  0.0000000000000E+00
  0.3818816585969E-04
  0.4397312312406E-04
  0.4659001116599E-04
  0.4458040318042E-04
  0.4433425757959E-04
  0.3841061214080E-04
  0.3864072760901E-04
  0.3996903729624E-04
  0.0000000000000E+00
  0.0000000000000E+00
  0.3608848720055E-04
  0.4188199868725E-04
  0.4108461852231E-04
  0.4138153811210E-04
  0.4165466922798E-04
  0.4431229448371E-04
  0.4655897015690E-04
  0.5332433116917E-04
  0.5368482357174E-04
  0.5374769825267E-04
  0.5367921550721E-04
  0.5373550065880E-04
  0.5391363722393E-04
  0.5398846187258E-04
  0.5368751959219E-04
  0.5278826056061E-04
  0.5120751734615E-04
  0.4869700033948E-04
  0.4541644099265E-04
  0.4092713193861E-04
  0.1665712198155E-04
  0.4673201010230E-04
  0.4727799994504E-04
  0.0000000000000E+00
  0.0000000000000E+00
  0.0000000000000E+00
  0.3254769132070E-04
  0.4162767892048E-04
  0.3909579267282E-04
  0.3586473624139E-04
  0.3877045087011E-04
  0.3935659269181E-04
  0.3965562879716E-04
  0.3555438395880E-04
  0.2750376860388E-04
  0.0000000000000E+00
  0.3607978144556E-04
  0.4480971778978E-04
  0.4455352218654E-04
  0.4692786398057E-04
  0.4930231320869E-04
  0.5141560690929E-04
  0.5264228026541E-04
  0.5207731707863E-04
  0.5141446171825E-04
  0.5067455330760E-04
  0.5025314588358E-04
  0.5009716091261E-04
  0.4989488533722E-04
  0.4951393999718E-04
  0.4913941046979E-04
  0.4885901753752E-04
  0.4840305853068E-04
  0.4735374310752E-04
  0.4590233660503E-04
  0.4450501521956E-04
  0.3706611374332E-04
  0.4048481859976E-04
  0.4716726254010E-04
  0.0000000000000E+00
  0.0000000000000E+00
  0.0000000000000E+00
  0.4387650465339E-04
  0.4632607755326E-04
  0.3211869293392E-04
  0.4215777642498E-04
  0.2670782070053E-04
  0.2001691270575E-04
  0.2650699954613E-04
  0.3222234342873E-04
  0.4455722050763E-04
  0.0000000000000E+00
  0.3138610874989E-04
  0.4219089567472E-04
  0.4287756003457E-04
  0.4567406032359E-04
  0.4917234480251E-04
  0.5145969238944E-04
  0.5221795666663E-04
  0.4175241699286E-04
  0.4138898383728E-04
  0.4117572741480E-04
  0.4100871237521E-04
  0.4092152830178E-04
  0.4070097036789E-04
  0.4029358959191E-04
  0.4002132061573E-04
  0.3986695922351E-04
  0.3988547736617E-04
  0.4000935108019E-04
  0.4048947771075E-04
  0.4297874006381E-04
  0.4769952800988E-04
  0.3278375005703E-04
  0.3513257667084E-04
  0.0000000000000E+00
  0.0000000000000E+00
  0.0000000000000E+00
  0.4850572541162E-04
  0.4906445186169E-04
  0.4774004568524E-04
  0.4794994838086E-04
  0.4728715534607E-04
  0.4238761205939E-04
  0.4535938424219E-04
  0.4895838558099E-04
  0.5068888638061E-04
  0.4242887186417E-04
  0.4361818405904E-04
  0.3965846259817E-04
  0.3715430892180E-04
  0.3787258429562E-04
  0.4129749652063E-04
  0.4276328950223E-04
  0.4233460447741E-04
  0.4515835470313E-04
  0.4456247178515E-04
  0.4425274915108E-04
  0.4416241938755E-04
  0.4447907035051E-04
  0.4502717316665E-04
  0.4552983017106E-04
  0.4597803252275E-04
  0.4607957833761E-04
  0.4580098284990E-04
  0.4520414548373E-04
  0.4464876144778E-04
  0.4738015994628E-04
  0.5167289020227E-04
  0.5359748381311E-04
  0.3604598526868E-04
  0.0000000000000E+00
  0.0000000000000E+00
  0.0000000000000E+00
  0.5049701002369E-04
  0.4472185329187E-04
  0.4951743815900E-04
  0.0000000000000E+00
  0.4901858216774E-04
  0.5183933773846E-04
  0.5371956210859E-04
  0.5341164066485E-04
  0.5223733157421E-04
  0.4988190033015E-04
  0.5199060064837E-04
  0.4928676813089E-04
  0.4508770523506E-04
  0.4425675487482E-04
  0.4568242126031E-04
  0.4613633572777E-04
  0.4584860896034E-04
  0.5229482186502E-04
  0.5118855694345E-04
  0.4990152333879E-04
  0.4874697458560E-04
  0.4786964351893E-04
  0.4759437810836E-04
  0.4802920037013E-04
  0.4905388499198E-04
  0.5015673640368E-04
  0.5118268248128E-04
  0.5219933372187E-04
  0.5286354120778E-04
  0.5246377853393E-04
  0.4809329102292E-04
  0.5497342885731E-04
  0.6021267424798E-04
  0.3998595547090E-04
  0.3758241997876E-04
  0.4609068343422E-04
  0.5644091841877E-04
  0.4522905802555E-04
  0.4548422066252E-04
  0.0000000000000E+00
  0.5068885915936E-04
  0.5240487465410E-04
  0.5429028771120E-04
  0.5581539620732E-04
  0.5318655502028E-04
  0.5281070896388E-04
  0.5647701771367E-04
  0.5648269114569E-04
  0.5523314624208E-04
  0.5345552291842E-04
  0.5376816150162E-04
  0.5356245261316E-04
  0.5310491024470E-04
  0.5596038452411E-04
  0.5634575733548E-04
  0.5650424947183E-04
  0.5597932897084E-04
  0.5469389216028E-04
  0.5330005929010E-04
  0.5214207870377E-04
  0.5186710770089E-04
  0.5244070311491E-04
  0.5337752674306E-04
  0.5438179404149E-04
  0.5510340066730E-04
  0.5478849710885E-04
  0.5271029351282E-04
  0.4934847869426E-04
  0.4201943708119E-04
  0.4883616862776E-04
  0.5111027029349E-04
  0.5519902732829E-04
  0.5825047130739E-04
  0.5282160563334E-04
  0.0000000000000E+00
  0.4982907818815E-04
  0.5666722322223E-04
  0.5486435106097E-04
  0.5635559454899E-04
  0.5663602504372E-04
  0.5562445365329E-04
  0.5316563951444E-04
  0.5237576957717E-04
  0.5290891335360E-04
  0.5453793810187E-04
  0.5498376078186E-04
  0.5500410825714E-04
  0.5521624293528E-04
  0.5563975833266E-04
  0.5601373340375E-04
  0.5620012057835E-04
  0.5663247657350E-04
  0.5721704831260E-04
  0.5769537653394E-04
  0.5755316079252E-04
  0.5659201950436E-04
  0.5508561949591E-04
  0.5410142459571E-04
  0.5409849355404E-04
  0.5467063304635E-04
  0.5530069459167E-04
  0.5579496817449E-04
  0.5613301058354E-04
  0.5676173119249E-04
  0.5708938590506E-04
  0.5842043933974E-04
  0.5654352838098E-04
  0.5683917783934E-04
  0.5785570372920E-04
  0.5493315936849E-04
  0.0000000000000E+00
  0.4562522721593E-04
  0.5716626657752E-04
  0.5746831436821E-04
  0.5868135174469E-04
  0.5815620592729E-04
  0.5701192985756E-04
  0.5535767375822E-04
  0.5568092015198E-04
  0.5599059525842E-04
  0.5633956719154E-04
  0.5683298046164E-04
  0.5727677444151E-04
  0.5638323529502E-04
  0.5612704994904E-04
  0.5846146167246E-04
  0.5849190233783E-04
  0.5854663676608E-04
  0.5847446443984E-04
  0.5857649859664E-04
  0.5865342077884E-04
  0.5826861345896E-04
  0.5715445449559E-04
  0.5566897013374E-04
  0.5439128738556E-04
  0.5390898248719E-04
  0.5408284104467E-04
  0.5464646411468E-04
  0.5587085534824E-04
  0.5770776493982E-04
  0.5819381765398E-04
  0.5727504413541E-04
  0.5580607718270E-04
  0.5669604988874E-04
  0.5888901677349E-04
  0.5831505475554E-04
  0.4391757990449E-04
  0.5765752516182E-04
  0.5762827242027E-04
  0.5898543587397E-04
  0.5908433089621E-04
  0.5841226184873E-04
  0.5754332049766E-04
  0.5739743660885E-04
  0.5815469299322E-04
  0.5908046028334E-04
  0.5989659276340E-04
  0.6034735922397E-04
  0.6008998856360E-04
  0.5927623054892E-04
  0.5873817991089E-04
  0.5703701218561E-04
  0.5698800532553E-04
  0.5730771265441E-04
  0.5778641819230E-04
  0.5809175796857E-04
  0.5803626848145E-04
  0.5745611978580E-04
  0.5652081338301E-04
  0.5531551425575E-04
  0.5379656899622E-04
  0.5246349469608E-04
  0.5181805044994E-04
  0.5183039508854E-04
  0.5221798562176E-04
  0.5270051534321E-04
  0.5301894389352E-04
  0.5284532066163E-04
  0.5277573400136E-04
  0.5338462406669E-04
  0.5518953571594E-04
  0.5739289446333E-04
  0.4949641061455E-04
  0.5208346712298E-04
  0.5338902988574E-04
  0.5485995801249E-04
  0.5547940523539E-04
  0.5559916345199E-04
  0.5522587586087E-04
  0.5521642301986E-04
  0.5576703918859E-04
  0.5668559974372E-04
  0.5761532737178E-04
  0.5822425993099E-04
  0.5823096032389E-04
  0.5787322230819E-04
  0.5739932577595E-04
  0.5267431354326E-04
  0.5254369928176E-04
  0.5276244519007E-04
  0.5330340739543E-04
  0.5368784962983E-04
  0.5380740429706E-04
  0.5359553232270E-04
  0.5301651431166E-04
  0.5205525739328E-04
  0.5071285159246E-04
  0.4922753110669E-04
  0.4801146039669E-04
  0.4737984246159E-04
  0.4696866179030E-04
  0.4643460136036E-04
  0.4608733951744E-04
  0.4657030883325E-04
  0.4836417063311E-04
  0.4887945313627E-04
  0.5089734650657E-04
  0.5233817918783E-04
  0.2635318834532E-04
  0.3708671259339E-04
  0.4336473785923E-04
  0.4679029951917E-04
  0.4844406718673E-04
  0.4935505143868E-04
  0.4967613639116E-04
  0.5016687333793E-04
  0.5080134203535E-04
  0.5155394105901E-04
  0.5237943361867E-04
  0.5301774804640E-04
  0.5326798172147E-04
  0.5323518880406E-04
  0.5296115333088E-04
  0.4363641837421E-04
  0.4364714970536E-04
  0.4390215846256E-04
  0.4455442839960E-04
  0.4507749650293E-04
  0.4534520420932E-04
  0.4529201493752E-04
  0.4481734558595E-04
  0.4387255850132E-04
  0.4236828925451E-04
  0.3987729529223E-04
  0.3633053146193E-04
  0.3271004460666E-04
  0.3259971794796E-04
  0.3550770596152E-04
  0.3760671840739E-04
  0.4079782048075E-04
  0.4446611353984E-04
  0.4762078949701E-04
  0.5060025461577E-04
  0.5224468397970E-04
  0.6168035699779E-04
  0.5807525766344E-04
  0.4848382793265E-04
  0.4307545545421E-04
  0.4183768567642E-04
  0.4072715275053E-04
  0.3939268252536E-04
  0.3911017181499E-04
  0.4003134196088E-04
  0.4125108429258E-04
  0.4244164402435E-04
  0.4330989136600E-04
  0.4390497575254E-04
  0.4409484796882E-04
  0.4386551909860E-04
  0.3794193744519E-04
  0.3682329021401E-04
  0.3594092228665E-04
  0.3622711865414E-04
  0.3642291950169E-04
  0.3634618669922E-04
  0.3605248839738E-04
  0.3538373686862E-04
  0.3421229169100E-04
  0.3400201909320E-04
  0.3554234404095E-04
  0.3779206953596E-04
  0.3941216315816E-04
  0.4059735853981E-04
  0.4343600553946E-04
  0.4644634990868E-04
  0.4746085644777E-04
  0.4895844659985E-04
  0.0000000000000E+00
  0.0000000000000E+00
  0.0000000000000E+00
  0.5131186010479E-04
  0.7046171772433E-04
  0.6479583367577E-04
  0.5656911039094E-04
  0.5166174115454E-04
  0.4897182855271E-04
  0.4657724328381E-04
  0.4453861857450E-04
  0.4247744508031E-04
  0.4084500016381E-04
  0.3993330264419E-04
  0.3976109956316E-04
  0.3993929222806E-04
  0.3985635415841E-04
  0.3914436358293E-04
  0.4194725213580E-04
  0.4193643505723E-04
  0.4175181885088E-04
  0.4130248259821E-04
  0.4094459929331E-04
  0.4084655364699E-04
  0.4090651830544E-04
  0.4090341740286E-04
  0.4090793465355E-04
  0.4068968531497E-04
  0.4011657071963E-04
  0.3928368378562E-04
  0.3827071388152E-04
  0.3762666747704E-04
  0.3982460104078E-04
  0.4461869699391E-04
  0.4843314156149E-04
  0.4757047334983E-04
  0.0000000000000E+00
  0.0000000000000E+00
  0.0000000000000E+00
  0.4181943010633E-04
  0.6153430962343E-04
  0.6406708044404E-04
  0.6185766416059E-04
  0.5839254926552E-04
  0.5429529106291E-04
  0.5005028101593E-04
  0.4625163097730E-04
  0.4417897125755E-04
  0.4278775830004E-04
  0.4283621093845E-04
  0.4203056836795E-04
  0.4165770485727E-04
  0.4163793145737E-04
  0.4178351317444E-04
  0.3654598932719E-04
  0.3599060131333E-04
  0.3538415045378E-04
  0.3647096234738E-04
  0.3667835219379E-04
  0.3674875747464E-04
  0.3684313887482E-04
  0.3699845040746E-04
  0.3715216295847E-04
  0.3716272439208E-04
  0.3698065144421E-04
  0.3659268042329E-04
  0.3583220701768E-04
  0.3486948992169E-04
  0.3549603449347E-04
  0.4048936491543E-04
  0.4502878577806E-04
  0.4944631746051E-04
  0.0000000000000E+00
  0.0000000000000E+00
  0.0000000000000E+00
  0.3308223043034E-04
  0.4469668062233E-04
  0.4755138624715E-04
  0.5030700678723E-04
  0.5175240627739E-04
  0.5129855300799E-04
  0.5033153661500E-04
  0.4868226303650E-04
  0.4652758216180E-04
  0.4434414568431E-04
  0.4238998181485E-04
  0.4074425726467E-04
  0.3932915269876E-04
  0.3809118389934E-04
  0.3718740923469E-04
  0.3550352032969E-04
  0.3498331777643E-04
  0.3445060865594E-04
  0.3385346977445E-04
  0.3330856785285E-04
  0.3291727631555E-04
  0.3273377468020E-04
  0.3283351369873E-04
  0.3316279220118E-04
  0.3341971241565E-04
  0.3363566827134E-04
  0.3362099521196E-04
  0.3337801675440E-04
  0.3283891346333E-04
  0.3227337416257E-04
  0.3462125879957E-04
  0.3860530816501E-04
  0.4891404632399E-04
  0.4196227795844E-04
  0.3585170524854E-04
  0.2929602624310E-04
  0.2786526521447E-04
  0.2753150551656E-04
  0.2924757736660E-04
  0.3257208418728E-04
  0.3490403290787E-04
  0.3800898158301E-04
  0.4012967758003E-04
  0.4051697208397E-04
  0.4078707449073E-04
  0.4041303696145E-04
  0.3963417080675E-04
  0.3876115622375E-04
  0.3792377734746E-04
  0.3642298328957E-04
  0.3587124691915E-04
  0.3080210952826E-04
  0.2992217401415E-04
  0.2992282523875E-04
  0.2991987162847E-04
  0.2979717128525E-04
  0.2962462705622E-04
  0.2957519558184E-04
  0.2965627437623E-04
  0.2991280022191E-04
  0.2924295543754E-04
  0.2947490705994E-04
  0.2972169366903E-04
  0.2985105514725E-04
  0.2982610448495E-04
  0.2936839922198E-04
  0.2911634047145E-04
  0.3069964412260E-04
  0.3331362461686E-04
  0.3193977236113E-04
  0.2885934859930E-04
  0.2548609678437E-04
  0.2285199893783E-04
  0.2162405743607E-04
  0.2150002196534E-04
  0.2139124653939E-04
  0.2194250425446E-04
  0.2372772103508E-04
  0.2570586476269E-04
  0.2763612001950E-04
  0.2894695784126E-04
  0.2968188708709E-04
  0.2988589802572E-04
  0.2983393536290E-04
  0.3039652355599E-04
  0.3063881917353E-04
  0.3069945701455E-04
  0.2101334522321E-04
  0.2151921739010E-04
  0.2178755290438E-04
  0.2192986416586E-04
  0.2186353234467E-04
  0.2176963654381E-04
  0.2182351900614E-04
  0.2178730014278E-04
  0.2148386261066E-04
  0.2135986802170E-04
  0.2166384691122E-04
  0.2191024255698E-04
  0.2203219453998E-04
  0.2198465564953E-04
  0.2173239751911E-04
  0.2105455288413E-04
  0.2155705710242E-04
  0.2354398140723E-04
  0.2314877754017E-04
  0.2221688844149E-04
  0.1996719302977E-04
  0.1919463443841E-04
  0.1802324118765E-04
  0.1695905195816E-04
  0.1590676689786E-04
  0.1498360021443E-04
  0.1455745403395E-04
  0.1518953539601E-04
  0.1654425915021E-04
  0.1783993273241E-04
  0.1887759105460E-04
  0.1968659822492E-04
  0.2009638261479E-04
  0.2050543418334E-04
  0.2090308207403E-04
  0.2069605312195E-04
  0.1119360180342E-04
  0.1116864650769E-04
  0.1111412610246E-04
  0.1105185775375E-04
  0.1082498022557E-04
  0.1075324979225E-04
  0.1071903921967E-04
  0.1071744883227E-04
  0.1074127069141E-04
  0.1080895176221E-04
  0.1092441928254E-04
  0.1098181485325E-04
  0.1091859949516E-04
  0.1099400505510E-04
  0.1105080971704E-04
  0.1105710829792E-04
  0.1107745062048E-04
  0.1108865542468E-04
  0.1109809903371E-04
  0.1111364579044E-04
  0.1114110795197E-04
  0.1113781930687E-04
  0.1110215584441E-04
  0.1109382479524E-04
  0.1110461610339E-04
  0.1116192597483E-04
  0.1131696891262E-04
  0.1138958329284E-04
  0.1138940418872E-04
  0.1134243073901E-04
  0.1125993969978E-04
  0.1117653899548E-04
  0.1113700200940E-04
  0.1113667081146E-04
  0.1116791704233E-04
  0.1119091976318E-04
  0.5526434518991E-05
  0.5483395239482E-05
  0.5480340021671E-05
  0.4900661789632E-05
  0.4879648749425E-05
  0.4944321904454E-05
  0.5099344122408E-05
  0.6357432213227E-05
  0.6961758145157E-05
  0.7677722593379E-05
  0.8357040635194E-05
  0.8074911194587E-05
  0.1048543066909E-04
  0.1045160402251E-04
  0.1044298965328E-04
  0.1045933092010E-04
  0.1051214290536E-04
  0.6981421635602E-05
  0.6415906576567E-05
  0.5787762948594E-05
  0.5605498837317E-05
  0.4954510487337E-05
  0.2854314000023E-05
  0.2737426744681E-05
  0.2754416135390E-05
  0.2886039756854E-05
  0.3088325877480E-05
  0.3206395533654E-05
  0.3308522556606E-05
  0.3310483011830E-05
  0.3256358375481E-05
  0.3270919457880E-05
  0.3246616034336E-05
  0.3233778405862E-05
  0.3239181858388E-05
  0.5515251968011E-05
  0.0000000000000E+00
  0.3489978911335E-05
  0.3735768192743E-05
  0.3707880974380E-05
  0.3410558365931E-05
  0.0000000000000E+00
  0.3740361844850E-05
  0.4308650117785E-05
  0.4417710832183E-05
  0.3997225762894E-05
  0.2869513332105E-05
  0.2853360096384E-06
  0.0000000000000E+00
  0.0000000000000E+00
  0.0000000000000E+00
  0.0000000000000E+00
  0.0000000000000E+00
  0.0000000000000E+00
  0.0000000000000E+00
  0.0000000000000E+00
  0.0000000000000E+00
  0.0000000000000E+00
  0.0000000000000E+00
  0.0000000000000E+00
  0.0000000000000E+00
  0.0000000000000E+00
  0.0000000000000E+00
  0.0000000000000E+00
  0.0000000000000E+00
  0.0000000000000E+00
  0.0000000000000E+00
  0.0000000000000E+00
  0.1728241278911E-05
  0.3923202772320E-05
  0.4501874183939E-05
  0.4047085690227E-05
  0.4243532262079E-05
  0.0000000000000E+00
  0.0000000000000E+00
  0.0000000000000E+00
  0.3830055743104E-05
  0.4777307834331E-05
  0.5231170918069E-05
  0.5326914997230E-05
  0.4842352883476E-05
  0.0000000000000E+00
  0.4277968911299E-05
  0.4360792027003E-05
  0.3663144042338E-05
  0.1394184022601E-05
  0.0000000000000E+00
  0.0000000000000E+00
  0.0000000000000E+00
  0.0000000000000E+00
  0.0000000000000E+00
  0.0000000000000E+00
  0.0000000000000E+00
  0.0000000000000E+00
  0.0000000000000E+00
  0.0000000000000E+00
  0.0000000000000E+00
  0.0000000000000E+00
  0.0000000000000E+00
  0.0000000000000E+00
  0.0000000000000E+00
  0.0000000000000E+00
  0.0000000000000E+00
  0.0000000000000E+00
  0.1163042435060E-05
  0.4530643304980E-05
  0.5449910440431E-05
  0.5342453337381E-05
  0.9760894498838E-05
  0.9390372028005E-05
  0.9180526601930E-05
  0.8332416105620E-05
  0.7717349774084E-05
  0.8137525540684E-05
  0.8836058724708E-05
  0.9560152574051E-05
  0.9926796782587E-05
  0.9662613233962E-05
  0.0000000000000E+00
  0.5405802449930E-05
  0.4840788086456E-05
  0.2666129138453E-05
  0.0000000000000E+00
  0.0000000000000E+00
  0.0000000000000E+00
  0.0000000000000E+00
  0.0000000000000E+00
  0.0000000000000E+00
  0.0000000000000E+00
  0.0000000000000E+00
  0.0000000000000E+00
  0.0000000000000E+00
  0.0000000000000E+00
  0.0000000000000E+00
  0.0000000000000E+00
  0.0000000000000E+00
  0.0000000000000E+00
  0.0000000000000E+00
  0.0000000000000E+00
  0.0000000000000E+00
  0.1616790347190E-05
  0.5681618904279E-05
  0.7962576298366E-05
  0.9640953874028E-05
  0.1641294612209E-04
  0.1581575363357E-04
  0.1511273044338E-04
  0.1442538924403E-04
  0.1334320757319E-04
  0.1313079771752E-04
  0.1377769355771E-04
  0.1443202280134E-04
  0.1449932401033E-04
  0.1321151327586E-04
  0.1142577809159E-04
  0.6576760091422E-05
  0.0000000000000E+00
  0.0000000000000E+00
  0.0000000000000E+00
  0.0000000000000E+00
  0.0000000000000E+00
  0.0000000000000E+00
  0.0000000000000E+00
  0.0000000000000E+00
  0.0000000000000E+00
  0.0000000000000E+00
  0.0000000000000E+00
  0.0000000000000E+00
  0.0000000000000E+00
  0.0000000000000E+00
  0.0000000000000E+00
  0.0000000000000E+00
  0.0000000000000E+00
  0.0000000000000E+00
  0.0000000000000E+00
  0.0000000000000E+00
  0.3496100871126E-05
  0.9632112805212E-05
  0.1345395173314E-04
  0.1554440361703E-04
  0.2308238980983E-04
  0.2174596362596E-04
  0.2009596241962E-04
  0.1901767171963E-04
  0.1804185485773E-04
  0.1750535827547E-04
  0.1751858708074E-04
  0.1758441613817E-04
  0.1710323987730E-04
  0.1568954007292E-04
  0.1252639883178E-04
  0.8033616263153E-05
  0.0000000000000E+00
  0.0000000000000E+00
  0.0000000000000E+00
  0.0000000000000E+00
  0.0000000000000E+00
  0.0000000000000E+00
  0.0000000000000E+00
  0.0000000000000E+00
  0.0000000000000E+00
  0.0000000000000E+00
  0.0000000000000E+00
  0.0000000000000E+00
  0.0000000000000E+00
  0.0000000000000E+00
  0.0000000000000E+00
  0.0000000000000E+00
  0.0000000000000E+00
  0.0000000000000E+00
  0.0000000000000E+00
  0.0000000000000E+00
  0.4923010211648E-05
  0.1258266651483E-04
  0.1897118658024E-04
  0.2262776617298E-04
  0.2751708816510E-04
  0.2506366701941E-04
  0.2278891877001E-04
  0.2153393470816E-04
  0.2082949492050E-04
  0.2028848621565E-04
  0.1984105284379E-04
  0.1935653245076E-04
  0.1851303332132E-04
  0.1740713199268E-04
  0.1534159864993E-04
  0.1060258728310E-04
  0.4653224549558E-05
  0.0000000000000E+00
  0.0000000000000E+00
  0.0000000000000E+00
  0.0000000000000E+00
  0.0000000000000E+00
  0.0000000000000E+00
  0.0000000000000E+00
  0.0000000000000E+00
  0.9377674074620E-06
  0.7490474922651E-06
  0.0000000000000E+00
  0.0000000000000E+00
  0.0000000000000E+00
  0.0000000000000E+00
  0.0000000000000E+00
  0.0000000000000E+00
  0.0000000000000E+00
  0.0000000000000E+00
  0.0000000000000E+00
  0.6805451681966E-05
  0.1687018503846E-04
  0.2528324631692E-04
  0.2825214504659E-04
  0.2874894189749E-04
  0.2569800030867E-04
  0.2351978402287E-04
  0.2257650228619E-04
  0.2222211686378E-04
  0.2184498336127E-04
  0.2122557523208E-04
  0.2044878855136E-04
  0.1965895327656E-04
  0.1920493384576E-04
  0.1824785953359E-04
  0.1394578378166E-04
  0.5745409545673E-05
  0.0000000000000E+00
  0.0000000000000E+00
  0.0000000000000E+00
  0.0000000000000E+00
  0.0000000000000E+00
  0.0000000000000E+00
  0.0000000000000E+00
  0.4790719755380E-05
  0.8537318624154E-05
  0.5447554936692E-05
  0.0000000000000E+00
  0.0000000000000E+00
  0.0000000000000E+00
  0.1054976672986E-05
  0.1385484538230E-05
  0.0000000000000E+00
  0.0000000000000E+00
  0.0000000000000E+00
  0.0000000000000E+00
  0.9178025574723E-05
  0.2290849020286E-04
  0.3034162954721E-04
  0.3096526758401E-04
  0.2833537615284E-04
  0.2621207103142E-04
  0.2514098123251E-04
  0.2502350044898E-04
  0.2484059208560E-04
  0.2441258098986E-04
  0.2356569767138E-04
  0.2252529876003E-04
  0.2162189304969E-04
  0.2144370563400E-04
  0.2113338873856E-04
  0.1703370436762E-04
  0.8833221443550E-05
  0.0000000000000E+00
  0.0000000000000E+00
  0.0000000000000E+00
  0.0000000000000E+00
  0.0000000000000E+00
  0.0000000000000E+00
  0.3556696960672E-05
  0.1351532151528E-04
  0.1575002102550E-04
  0.1051701963617E-04
  0.3048583629531E-05
  0.7104337610955E-06
  0.2554001539825E-05
  0.6192893656359E-05
  0.7127231022222E-05
  0.0000000000000E+00
  0.0000000000000E+00
  0.0000000000000E+00
  0.0000000000000E+00
  0.1370150727874E-04
  0.2737323869424E-04
  0.3034486045289E-04
  0.3032937401948E-04
  0.3026546858300E-04
  0.2993331474946E-04
  0.2980458563405E-04
  0.3012660973235E-04
  0.3022898998177E-04
  0.3013807223176E-04
  0.2971195972004E-04
  0.2910633882746E-04
  0.2844633496728E-04
  0.2748836254258E-04
  0.2560551180269E-04
  0.2044909328956E-04
  0.1311483649463E-04
  0.3914788512811E-05
  0.0000000000000E+00
  0.0000000000000E+00
  0.0000000000000E+00
  0.5368860677771E-05
  0.6801092736281E-05
  0.7510614591328E-05
  0.1827090667696E-04
  0.1940165546867E-04
  0.1457026491458E-04
  0.9980926434165E-05
  0.6837844838111E-05
  0.8968992691931E-05
  0.1127654030242E-04
  0.1146036156164E-04
  0.9488222056082E-06
  0.0000000000000E+00
  0.0000000000000E+00
  0.0000000000000E+00
  0.1864384156455E-04
  0.2802247792024E-04
  0.2870292451236E-04
  0.3029839487438E-04
  0.3360454354382E-04
  0.3400145863904E-04
  0.3424949642813E-04
  0.3468488569916E-04
  0.3514331746638E-04
  0.3552796081446E-04
  0.3564148541557E-04
  0.3537670493938E-04
  0.3488319948818E-04
  0.3363423633003E-04
  0.3123035097945E-04
  0.2635321000088E-04
  0.1709855416130E-04
  0.8663463235316E-05
  0.3003640339775E-05
  0.0000000000000E+00
  0.0000000000000E+00
  0.8989864347896E-05
  0.1596492432913E-04
  0.0000000000000E+00
  0.2261944036798E-04
  0.2288674666025E-04
  0.2024581948914E-04
  0.1612903520704E-04
  0.1311068632598E-04
  0.1555279118080E-04
  0.1637102914929E-04
  0.1514046330584E-04
  0.4619639345048E-05
  0.0000000000000E+00
  0.0000000000000E+00
  0.0000000000000E+00
  0.2373869173965E-04
  0.3104017869403E-04
  0.3054335413962E-04
  0.3267551435259E-04
  0.3755278678533E-04
  0.3801364231811E-04
  0.3839950247550E-04
  0.3895314896809E-04
  0.3989388360318E-04
  0.4079477402114E-04
  0.4144780530656E-04
  0.4141141630290E-04
  0.4074048468763E-04
  0.3891273804085E-04
  0.3580277103478E-04
  0.3063573840564E-04
  0.2209927988547E-04
  0.0000000000000E+00
  0.1389025802299E-04
  0.0000000000000E+00
  0.0000000000000E+00
  0.0000000000000E+00
  0.2335747400247E-04
  0.1885028088748E-04
  0.2766862207860E-04
  0.2801783504791E-04
  0.2520677020011E-04
  0.1987107181490E-04
  0.1406958353561E-04
  0.2057035426153E-04
  0.1991281576483E-04
  0.1897749740280E-04
  0.1045377211004E-04
  0.0000000000000E+00
  0.0000000000000E+00
  0.0000000000000E+00
  0.2977437525642E-04
  0.3504275458034E-04
  0.3426278014705E-04
  0.3647932132365E-04
  0.4125369986222E-04
  0.4158590210410E-04
  0.4205473084593E-04
  0.4286202714587E-04
  0.4424061644298E-04
  0.4560883533039E-04
  0.4670838915915E-04
  0.4677044154670E-04
  0.4566456299602E-04
  0.4311922579190E-04
  0.3921585435539E-04
  0.3414698020250E-04
  0.2865436695667E-04
  0.2240596037976E-04
  0.2386735265971E-04
  0.6156712727594E-05
  0.0000000000000E+00
  0.0000000000000E+00
  0.2471454028469E-04
  0.2605596873620E-04
  0.2995102075548E-04
  0.3259568772602E-04
  0.2984218221318E-04
  0.2347540054036E-04
  0.0000000000000E+00
  0.1866466468590E-04
  0.1900123794830E-04
  0.2312936582802E-04
  0.1789167106785E-04
  0.6126272303565E-05
  0.0000000000000E+00
  0.0000000000000E+00
  0.3589084542210E-04
  0.3904604817296E-04
  0.3826586714046E-04
  0.4028194158799E-04
  0.4502638127019E-04
  0.4525961590326E-04
  0.4573463270750E-04
  0.4662601604825E-04
  0.4795315381433E-04
  0.4939094149705E-04
  0.5060047618853E-04
  0.5055401262845E-04
  0.4902885981955E-04
  0.4615707410174E-04
  0.4234888289146E-04
  0.3885884417410E-04
  0.3585277475045E-04
  0.2839580935892E-04
  0.2831226966067E-04
  0.1821451515069E-04
  0.0000000000000E+00
  0.0000000000000E+00
  0.2033968007288E-04
  0.3262682158714E-04
  0.3459525375757E-04
  0.3729543913344E-04
  0.3489400299617E-04
  0.2885835391650E-04
  0.0000000000000E+00
  0.0000000000000E+00
  0.0000000000000E+00
  0.2403574219374E-04
  0.2604861072829E-04
  0.1533631494376E-04
  0.0000000000000E+00
  0.0000000000000E+00
  0.3826573168555E-04
  0.4195604135423E-04
  0.4254449447719E-04
  0.4422108616295E-04
  0.4881644250416E-04
  0.4905091896343E-04
  0.4946215681567E-04
  0.4998625842454E-04
  0.5063404800827E-04
  0.5164595353503E-04
  0.5281293399287E-04
  0.5287161721118E-04
  0.5135562396941E-04
  0.4906256693159E-04
  0.4656267670992E-04
  0.4454246788844E-04
  0.4127622859448E-04
  0.3433521915771E-04
  0.3346556341553E-04
  0.3037671978410E-04
  0.0000000000000E+00
  0.0000000000000E+00
  0.0000000000000E+00
  0.3490293581811E-04
  0.4006266900786E-04
  0.4162864238987E-04
  0.3960636349634E-04
  0.3653180232620E-04
  0.2143493500595E-04
  0.0000000000000E+00
  0.0000000000000E+00
  0.0000000000000E+00
  0.3438248582776E-04
  0.2546278831909E-04
  0.0000000000000E+00
  0.0000000000000E+00
  0.4124502714677E-04
  0.4567068972266E-04
  0.4712484913249E-04
  0.4823612801839E-04
  0.5180302914152E-04
  0.5220063776089E-04
  0.5259402478365E-04
  0.5263982085781E-04
  0.5258044873137E-04
  0.5338746057485E-04
  0.5468836829309E-04
  0.5480617541564E-04
  0.5337337521007E-04
  0.5171011771322E-04
  0.5039235091760E-04
  0.4886391511471E-04
  0.4439948256802E-04
  0.3806671776768E-04
  0.3836129045657E-04
  0.3815393554147E-04
  0.0000000000000E+00
  0.0000000000000E+00
  0.0000000000000E+00
  0.3534758963848E-04
  0.4350628334676E-04
  0.4510871114970E-04
  0.4357416681791E-04
  0.4154882522690E-04
  0.2718161356476E-04
  0.2305185763000E-04
  0.0000000000000E+00
  0.0000000000000E+00
  0.4047996012405E-04
  0.3644884759101E-04
  0.0000000000000E+00
  0.3109249640874E-04
  0.4491443009664E-04
  0.4932485834041E-04
  0.5072858047520E-04
  0.5132713368221E-04
  0.5120068686874E-04
  0.5160686964923E-04
  0.5188534715627E-04
  0.5184899687754E-04
  0.5189918297800E-04
  0.5265180293245E-04
  0.5368115010818E-04
  0.5367742363120E-04
  0.5260041554311E-04
  0.5149553521150E-04
  0.5058704048216E-04
  0.4925607904732E-04
  0.4489193526259E-04
  0.3882779624841E-04
  0.4061408623102E-04
  0.4017256962866E-04
  0.0000000000000E+00
  0.0000000000000E+00
  0.0000000000000E+00
  0.3500049295361E-04
  0.4594545977191E-04
  0.4893582166115E-04
  0.4697180415369E-04
  0.4382978353242E-04
  0.3273861265171E-04
  0.2768901796962E-04
  0.2531808835790E-04
  0.0000000000000E+00
  0.4025520589957E-04
  0.4355354941345E-04
  0.2854564362627E-04
  0.3886144650599E-04
  0.4672312346160E-04
  0.5029277832550E-04
  0.5059075630194E-04
  0.5076239361226E-04
  0.4466245740613E-04
  0.4440560839155E-04
  0.4393899369125E-04
  0.4342811318551E-04
  0.4345225563783E-04
  0.4427594411611E-04
  0.4548993473916E-04
  0.4606206710294E-04
  0.4615669945117E-04
  0.4643099708461E-04
  0.4651743328848E-04
  0.4597847710391E-04
  0.4345585505541E-04
  0.3761194215972E-04
  0.4138583870906E-04
  0.3930464556432E-04
  0.0000000000000E+00
  0.0000000000000E+00
  0.0000000000000E+00
  0.3892343942978E-04
  0.4786395281991E-04
  0.5104670381331E-04
  0.4982061637237E-04
  0.4547305385308E-04
  0.3766885148513E-04
  0.3566794990815E-04
  0.3314072791854E-04
  0.0000000000000E+00
  0.0000000000000E+00
  0.4459499666436E-04
  0.3564937614880E-04
  0.4095060453860E-04
  0.4464354760130E-04
  0.4592837445753E-04
  0.4522703601274E-04
  0.4481237158918E-04
  0.3626156912661E-04
  0.3561854990079E-04
  0.3500144073889E-04
  0.3467847360721E-04
  0.3479691466901E-04
  0.3531148481957E-04
  0.3605132582494E-04
  0.3663957013136E-04
  0.3745918088190E-04
  0.3862868726959E-04
  0.3981059357321E-04
  0.4095979903979E-04
  0.4118293700731E-04
  0.3644453569592E-04
  0.4286194790533E-04
  0.3843104325201E-04
  0.0000000000000E+00
  0.0000000000000E+00
  0.0000000000000E+00
  0.4149834252469E-04
  0.4663900830555E-04
  0.4832201040826E-04
  0.4944268890499E-04
  0.4661815554341E-04
  0.4138403944473E-04
  0.4171784818495E-04
  0.3970979169649E-04
  0.3586913555078E-04
  0.0000000000000E+00
  0.4270749126057E-04
  0.3876392858413E-04
  0.3977101816922E-04
  0.3920700193679E-04
  0.3883123705919E-04
  0.3769377516696E-04
  0.3689572680561E-04
  0.3231931256461E-04
  0.3152551863731E-04
  0.3087672898813E-04
  0.3066929312846E-04
  0.3079782148224E-04
  0.3116316329301E-04
  0.3163657515220E-04
  0.3201235479864E-04
  0.3264812290052E-04
  0.3364954259158E-04
  0.3501696435118E-04
  0.3700746192157E-04
  0.3980458927544E-04
  0.4110448329247E-04
  0.4545177592118E-04
  0.3619024175894E-04
  0.0000000000000E+00
  0.0000000000000E+00
  0.0000000000000E+00
  0.4639051571572E-04
  0.4664727880351E-04
  0.4326211767217E-04
  0.4647292314590E-04
  0.4772287306098E-04
  0.4357752435062E-04
  0.4563667862609E-04
  0.4629693521437E-04
  0.4695739882532E-04
  0.0000000000000E+00
  0.4259934942078E-04
  0.4074937813099E-04
  0.3853363636326E-04
  0.3604391337484E-04
  0.3517489001397E-04
  0.3407984654524E-04
  0.3314096996738E-04
  0.3685780653205E-04
  0.3559234189748E-04
  0.3455581445828E-04
  0.3395672911922E-04
  0.3378874420943E-04
  0.3397093663646E-04
  0.3446243483194E-04
  0.3500495975049E-04
  0.3582129123984E-04
  0.3700803042470E-04
  0.3849219717245E-04
  0.4055003246262E-04
  0.4384950436241E-04
  0.4739830567440E-04
  0.4970425834289E-04
  0.3671374041541E-04
  0.0000000000000E+00
  0.0000000000000E+00
  0.0000000000000E+00
  0.5063019307973E-04
  0.4836382872325E-04
  0.4189295101893E-04
  0.4102793240088E-04
  0.5187396470555E-04
  0.5044113362616E-04
  0.5207899998551E-04
  0.5243720550453E-04
  0.5228407236234E-04
  0.4604124086124E-04
  0.4995479179210E-04
  0.4860481956984E-04
  0.4529352246039E-04
  0.4246050125550E-04
  0.4124399235133E-04
  0.3978136654901E-04
  0.3823252581986E-04
  0.5006573632566E-04
  0.4834464906368E-04
  0.4661868143457E-04
  0.4517008229401E-04
  0.4428194496085E-04
  0.4394657944393E-04
  0.4416631514036E-04
  0.4450650684370E-04
  0.4495773077607E-04
  0.4559567424703E-04
  0.4605560457014E-04
  0.4638865138838E-04
  0.4721017141705E-04
  0.4853130515169E-04
  0.5382036774014E-04
  0.4631345845839E-04
  0.0000000000000E+00
  0.0000000000000E+00
  0.0000000000000E+00
  0.5422635701802E-04
  0.4905928806256E-04
  0.4046547788800E-04
  0.0000000000000E+00
  0.5401407590776E-04
  0.5659750902323E-04
  0.5681150137151E-04
  0.5619638612152E-04
  0.5404448055187E-04
  0.5267527867685E-04
  0.5738710459949E-04
  0.5876840287806E-04
  0.5715749669277E-04
  0.5584297999310E-04
  0.5497345111938E-04
  0.5355350568017E-04
  0.5183930556675E-04
  0.6443657115474E-04
  0.6359133095438E-04
  0.6201684879515E-04
  0.5989642960547E-04
  0.5794256655892E-04
  0.5627936602570E-04
  0.5496357938366E-04
  0.5384906419951E-04
  0.5295285223641E-04
  0.5235538933106E-04
  0.5160132580708E-04
  0.5045291452755E-04
  0.4875252821259E-04
  0.4649146863546E-04
  0.4913860171355E-04
  0.5479160300596E-04
  0.3283077644426E-04
  0.3375858863667E-04
  0.4241799685914E-04
  0.5527935775004E-04
  0.4934935888678E-04
  0.3543877677198E-04
  0.0000000000000E+00
  0.5523409956097E-04
  0.6061897387722E-04
  0.5868843685735E-04
  0.5764838128015E-04
  0.5524456632708E-04
  0.5476354119250E-04
  0.5926516656070E-04
  0.6271437427104E-04
  0.6375597330881E-04
  0.6492733007326E-04
  0.6597574446237E-04
  0.6573032363433E-04
  0.6518834014274E-04
  0.6763014005499E-04
  0.6829738705313E-04
  0.6844563470344E-04
  0.6748100029056E-04
  0.6585516812042E-04
  0.6357602762855E-04
  0.6067659342314E-04
  0.5794857191063E-04
  0.5586994772376E-04
  0.5445616161287E-04
  0.5331003419864E-04
  0.5216853656993E-04
  0.5036837594105E-04
  0.4706238690686E-04
  0.4335785534417E-04
  0.4633232661325E-04
  0.4324301205699E-04
  0.4233790665970E-04
  0.4231328134517E-04
  0.5160541243656E-04
  0.5052945023124E-04
  0.0000000000000E+00
  0.4701065094410E-04
  0.5819240200977E-04
  0.5989431556743E-04
  0.5830456310154E-04
  0.5720720464057E-04
  0.5476700497385E-04
  0.5333023415311E-04
  0.5566067122775E-04
  0.5904624467586E-04
  0.6124290967098E-04
  0.6374565481087E-04
  0.6612088733177E-04
  0.6683329704154E-04
  0.6726329317707E-04
  0.6214518432429E-04
  0.6308907236768E-04
  0.6439941267948E-04
  0.6552261916630E-04
  0.6587183133034E-04
  0.6499784410418E-04
  0.6255886262508E-04
  0.5944779953836E-04
  0.5661900512455E-04
  0.5445500555788E-04
  0.5291429505753E-04
  0.5174492788753E-04
  0.5042336051727E-04
  0.4843554678798E-04
  0.4654041600470E-04
  0.4871174446889E-04
  0.4671975900576E-04
  0.4458060968009E-04
  0.4365586212057E-04
  0.4786844494941E-04
  0.4928605719400E-04
  0.0000000000000E+00
  0.4833465128030E-04
  0.5452910368649E-04
  0.5566711546773E-04
  0.5599260131941E-04
  0.5546976808140E-04
  0.5335675895623E-04
  0.5146035068430E-04
  0.5231017432746E-04
  0.5452290959839E-04
  0.5622227317889E-04
  0.5832746794037E-04
  0.6040850492963E-04
  0.6126780570188E-04
  0.6175558757377E-04
  0.5589576467115E-04
  0.5630355032701E-04
  0.5736950978286E-04
  0.5911233144478E-04
  0.6082051949566E-04
  0.6183708645884E-04
  0.6142447418550E-04
  0.5955712060891E-04
  0.5688863710489E-04
  0.5405455865345E-04
  0.5179072961527E-04
  0.5009289244345E-04
  0.4850030182534E-04
  0.4660693535093E-04
  0.4542440476697E-04
  0.4710279627736E-04
  0.4603145101114E-04
  0.4354675043444E-04
  0.4121967050837E-04
  0.4349106428804E-04
  0.4550733588937E-04
  0.3785337039848E-04
  0.4718119557941E-04
  0.4990056900495E-04
  0.5095760872636E-04
  0.5211665719128E-04
  0.5237477329623E-04
  0.5118173724437E-04
  0.4960312827236E-04
  0.4965627584049E-04
  0.5093931856522E-04
  0.5204449753034E-04
  0.5345419108423E-04
  0.5466438860906E-04
  0.5534248859142E-04
  0.5574174444676E-04
  0.5037420409675E-04
  0.5034649805174E-04
  0.5076923285122E-04
  0.5195568463362E-04
  0.5348652567616E-04
  0.5493958375433E-04
  0.5596942177092E-04
  0.5595382311135E-04
  0.5469926211790E-04
  0.5242504271182E-04
  0.4992898542548E-04
  0.4770783642718E-04
  0.4581223550737E-04
  0.4421301392504E-04
  0.4330298374890E-04
  0.4371080692534E-04
  0.4276347719182E-04
  0.4094661823288E-04
  0.3709758689719E-04
  0.3807807723296E-04
  0.3970508961143E-04
  0.4148833121583E-04
  0.4550852239483E-04
  0.4540175494765E-04
  0.4609795632523E-04
  0.4713235623505E-04
  0.4787981613261E-04
  0.4770950488554E-04
  0.4685869235770E-04
  0.4665490638303E-04
  0.4721478156708E-04
  0.4775607405190E-04
  0.4861444970646E-04
  0.4932200476768E-04
  0.4989263326224E-04
  0.5028616005467E-04
  0.4537203799046E-04
  0.4523470153562E-04
  0.4522649902010E-04
  0.4568119512471E-04
  0.4650654849728E-04
  0.4746315144600E-04
  0.4848666522343E-04
  0.4917819282825E-04
  0.4908278116137E-04
  0.4800430001831E-04
  0.4627408147858E-04
  0.4402228970698E-04
  0.4185951081077E-04
  0.4048317597961E-04
  0.4010796577499E-04
  0.4016861731831E-04
  0.3940559299996E-04
  0.3773918049834E-04
  0.3238381808967E-04
  0.3176565970858E-04
  0.3452688803971E-04
  0.3932061832945E-04
  0.4481234242894E-04
  0.4305603836924E-04
  0.4243498886361E-04
  0.4258047180071E-04
  0.4310565068160E-04
  0.4334162319369E-04
  0.4320815186328E-04
  0.4323427316136E-04
  0.4336445206340E-04
  0.4345967999376E-04
  0.4384521057851E-04
  0.4423193248729E-04
  0.4473572088176E-04
  0.4523253997204E-04
  0.4015864226879E-04
  0.4004807059165E-04
  0.3985663468155E-04
  0.3986324356920E-04
  0.4019682536555E-04
  0.4067606174826E-04
  0.4116447465183E-04
  0.4177698127264E-04
  0.4200466389609E-04
  0.4164797441134E-04
  0.4073602685161E-04
  0.3892615313185E-04
  0.3669380380624E-04
  0.3569719190321E-04
  0.3642165722731E-04
  0.3745556424279E-04
  0.3753213310727E-04
  0.3558961831526E-04
  0.2696812896836E-04
  0.2332787688241E-04
  0.2862612317013E-04
  0.4277718183705E-04
  0.5004607466918E-04
  0.4573913154290E-04
  0.4206722849115E-04
  0.4029103382178E-04
  0.3969895662412E-04
  0.3938721910071E-04
  0.3913480969786E-04
  0.3925012893735E-04
  0.3919516414727E-04
  0.3897813359430E-04
  0.3899353186412E-04
  0.3917264146796E-04
  0.3953376784262E-04
  0.3997669239019E-04
  0.3713549322977E-04
  0.3687389134074E-04
  0.3650245086444E-04
  0.3630233257312E-04
  0.3627163815885E-04
  0.3636563539940E-04
  0.3640498732934E-04
  0.3657817190134E-04
  0.3670260615812E-04
  0.3671143682737E-04
  0.3688449713719E-04
  0.3671461556412E-04
  0.3581320584362E-04
  0.3528973132942E-04
  0.3627477420220E-04
  0.3826138866409E-04
  0.3916600147330E-04
  0.3697083161733E-04
  0.0000000000000E+00
  0.0000000000000E+00
  0.0000000000000E+00
  0.4399910415044E-04
  0.5609634712232E-04
  0.5371842624252E-04
  0.4852869964929E-04
  0.4512678235007E-04
  0.4304977454128E-04
  0.4150505736681E-04
  0.4017059217838E-04
  0.3924552525217E-04
  0.3846902196521E-04
  0.3764467745441E-04
  0.3713026569835E-04
  0.3693130515095E-04
  0.3699419330517E-04
  0.3715501897116E-04
  0.3696122590219E-04
  0.3677801034643E-04
  0.3650342657757E-04
  0.3621535523412E-04
  0.3597958066512E-04
  0.3585832354678E-04
  0.3579058874657E-04
  0.3580667931692E-04
  0.3600623338955E-04
  0.3611381670053E-04
  0.3618111449246E-04
  0.3605523656011E-04
  0.3535954361835E-04
  0.3474578144772E-04
  0.3537193548373E-04
  0.3790986087478E-04
  0.4055068374591E-04
  0.3910190858519E-04
  0.0000000000000E+00
  0.0000000000000E+00
  0.0000000000000E+00
  0.4365538320640E-04
  0.5561004997035E-04
  0.5665426407500E-04
  0.5337493724337E-04
  0.5058685356592E-04
  0.4796511431852E-04
  0.4532014647536E-04
  0.4293602595113E-04
  0.4117582940638E-04
  0.3991729527058E-04
  0.3871806723669E-04
  0.3774910490328E-04
  0.3714515869308E-04
  0.3689157970576E-04
  0.3692281729713E-04
  0.3681496507149E-04
  0.3637833096448E-04
  0.3591503785896E-04
  0.3583020673581E-04
  0.3560935963629E-04
  0.3543777985360E-04
  0.3535597370708E-04
  0.3536582355066E-04
  0.3545965498189E-04
  0.3555486404827E-04
  0.3563692403849E-04
  0.3557645299192E-04
  0.3521591797583E-04
  0.3487391120759E-04
  0.3525705458374E-04
  0.3745339939797E-04
  0.4119331444179E-04
  0.4321772008854E-04
  0.0000000000000E+00
  0.0000000000000E+00
  0.0000000000000E+00
  0.3667325781252E-04
  0.4538068738782E-04
  0.4902576274825E-04
  0.4914202342130E-04
  0.4906399806026E-04
  0.4849249630059E-04
  0.4705056743303E-04
  0.4532959924775E-04
  0.4352555553614E-04
  0.4183102188321E-04
  0.4035771237348E-04
  0.3911822373445E-04
  0.3817399838900E-04
  0.3751131764124E-04
  0.3712283310359E-04
  0.3648586285410E-04
  0.3597212617225E-04
  0.3547476641890E-04
  0.3505651369925E-04
  0.3462018540774E-04
  0.3435608691457E-04
  0.3426131359280E-04
  0.3434682252176E-04
  0.3447057809185E-04
  0.3461923800381E-04
  0.3479352632054E-04
  0.3491938588437E-04
  0.3496373935357E-04
  0.3488807232679E-04
  0.3519252764855E-04
  0.3662971830324E-04
  0.3978984378506E-04
  0.4457280116236E-04
  0.3167329366152E-04
  0.2851054000288E-04
  0.2568758459572E-04
  0.2945399318876E-04
  0.3171175512732E-04
  0.3472149788845E-04
  0.3698203310346E-04
  0.3896512913456E-04
  0.4093290409088E-04
  0.4207880420338E-04
  0.4227887661439E-04
  0.4189905250598E-04
  0.4097409614656E-04
  0.3991268347322E-04
  0.3886165766997E-04
  0.3803290260883E-04
  0.3729619881621E-04
  0.3685373011126E-04
  0.3349692440797E-04
  0.3314469592438E-04
  0.3288051763298E-04
  0.3262226527583E-04
  0.3231834632676E-04
  0.3209776598224E-04
  0.3202658851683E-04
  0.3210499236866E-04
  0.3222454455685E-04
  0.3218154119135E-04
  0.3233333109663E-04
  0.3251146942282E-04
  0.3269469111667E-04
  0.3286827160196E-04
  0.3312368354829E-04
  0.3393830737264E-04
  0.3578178632702E-04
  0.3828467373589E-04
  0.3376161708028E-04
  0.3017659135437E-04
  0.2673190430687E-04
  0.2553015559774E-04
  0.2522458363963E-04
  0.2627016313878E-04
  0.2752872955804E-04
  0.2896642337299E-04
  0.3088361168086E-04
  0.3280520900243E-04
  0.3409551080288E-04
  0.3471864318844E-04
  0.3471184533034E-04
  0.3432950410923E-04
  0.3388870384561E-04
  0.3374597744276E-04
  0.3366876688723E-04
  0.3358268636875E-04
  0.2632820397010E-04
  0.2647915088746E-04
  0.2650280459052E-04
  0.2644359506244E-04
  0.2628336159875E-04
  0.2609713311476E-04
  0.2597067875449E-04
  0.2589524170140E-04
  0.2582067563413E-04
  0.2578388114345E-04
  0.2588390582679E-04
  0.2600373174109E-04
  0.2613535131886E-04
  0.2627270466641E-04
  0.2646792850112E-04
  0.2693835730660E-04
  0.2818354015107E-04
  0.2959355160826E-04
  0.2791488126134E-04
  0.2541091613959E-04
  0.2330916022768E-04
  0.2189070872570E-04
  0.2095820560555E-04
  0.2058734256399E-04
  0.2053428508207E-04
  0.2078934329886E-04
  0.2157857356456E-04
  0.2281122263654E-04
  0.2407931208389E-04
  0.2498588132136E-04
  0.2545856218552E-04
  0.2566634663115E-04
  0.2574792981224E-04
  0.2594084169975E-04
  0.2613775150756E-04
  0.2620695005369E-04
  0.1668714799566E-04
  0.1684939533625E-04
  0.1689976159285E-04
  0.1684150904359E-04
  0.1666584684093E-04
  0.1643411946817E-04
  0.1621397301818E-04
  0.1606132668236E-04
  0.1598334494421E-04
  0.1597634308674E-04
  0.1598864656054E-04
  0.1600768231888E-04
  0.1606265914999E-04
  0.1621168013078E-04
  0.1648755027929E-04
  0.1698662907089E-04
  0.1777063266981E-04
  0.1857428514919E-04
  0.1869370392529E-04
  0.1806278795902E-04
  0.1700494540930E-04
  0.1581501414984E-04
  0.1473305169983E-04
  0.1393050745459E-04
  0.1350756198252E-04
  0.1351906948837E-04
  0.1391440119947E-04
  0.1454240333282E-04
  0.1522877709932E-04
  0.1578165384476E-04
  0.1608460639434E-04
  0.1618742944588E-04
  0.1621094372865E-04
  0.1627012956932E-04
  0.1636901639758E-04
  0.1650090255093E-04
  0.7783078065693E-05
  0.7978484978908E-05
  0.8280179237234E-05
  0.8735389382165E-05
  0.9021284702429E-05
  0.9215971537424E-05
  0.9367740928258E-05
  0.9495070503954E-05
  0.9765567162532E-05
  0.1018479938864E-04
  0.1080489119209E-04
  0.1144815107332E-04
  0.1185452600459E-04
  0.1210268365084E-04
  0.1223951179687E-04
  0.1228002877213E-04
  0.1219820307638E-04
  0.1191412927672E-04
  0.1131606289895E-04
  0.1026526418948E-04
  0.9072207448857E-05
  0.8197118148551E-05
  0.7599986973688E-05
  0.7241601480002E-05
  0.7079942626781E-05
  0.7068349198269E-05
  0.7152041195337E-05
  0.7270966406684E-05
  0.7387010602158E-05
  0.7469478054308E-05
  0.7513895933958E-05
  0.7535690002641E-05
  0.7543786613849E-05
  0.7556726518971E-05
  0.7590497413782E-05
  0.7660953442736E-05
  0.0000000000000E+00
  0.0000000000000E+00
  0.0000000000000E+00
  0.0000000000000E+00
  0.2674293321319E-05
  0.0000000000000E+00
  0.0000000000000E+00
  0.0000000000000E+00
  0.0000000000000E+00
  0.0000000000000E+00
  0.0000000000000E+00
  0.0000000000000E+00
  0.0000000000000E+00
  0.0000000000000E+00
  0.0000000000000E+00
  0.0000000000000E+00
  0.0000000000000E+00
  0.0000000000000E+00
  0.0000000000000E+00
  0.0000000000000E+00
  0.0000000000000E+00
  0.0000000000000E+00
  0.0000000000000E+00
  0.0000000000000E+00
  0.0000000000000E+00
  0.0000000000000E+00
  0.0000000000000E+00
  0.0000000000000E+00
  0.0000000000000E+00
  0.0000000000000E+00
  0.0000000000000E+00
  0.0000000000000E+00
  0.0000000000000E+00
  0.0000000000000E+00
  0.0000000000000E+00
  0.2806697214680E-05
  0.1617389210771E-05
  0.0000000000000E+00
  0.0000000000000E+00
  0.0000000000000E+00
  0.1522473927345E-05
  0.0000000000000E+00
  0.0000000000000E+00
  0.0000000000000E+00
  0.3145325207998E-05
  0.0000000000000E+00
  0.0000000000000E+00
  0.0000000000000E+00
  0.0000000000000E+00
  0.0000000000000E+00
  0.0000000000000E+00
  0.0000000000000E+00
  0.0000000000000E+00
  0.0000000000000E+00
  0.0000000000000E+00
  0.0000000000000E+00
  0.0000000000000E+00
  0.0000000000000E+00
  0.0000000000000E+00
  0.0000000000000E+00
  0.0000000000000E+00
  0.0000000000000E+00
  0.0000000000000E+00
  0.0000000000000E+00
  0.0000000000000E+00
  0.0000000000000E+00
  0.0000000000000E+00
  0.0000000000000E+00
  0.0000000000000E+00
  0.0000000000000E+00
  0.0000000000000E+00
  0.0000000000000E+00
  0.0000000000000E+00
  0.0000000000000E+00
  0.9235349455254E-06
  0.0000000000000E+00
  0.0000000000000E+00
  0.0000000000000E+00
  0.0000000000000E+00
  0.0000000000000E+00
  0.0000000000000E+00
  0.0000000000000E+00
  0.0000000000000E+00
  0.7644229726328E-05
  0.0000000000000E+00
  0.0000000000000E+00
  0.0000000000000E+00
  0.0000000000000E+00
  0.0000000000000E+00
  0.0000000000000E+00
  0.0000000000000E+00
  0.0000000000000E+00
  0.0000000000000E+00
  0.0000000000000E+00
  0.0000000000000E+00
  0.0000000000000E+00
  0.0000000000000E+00
  0.0000000000000E+00
  0.0000000000000E+00
  0.0000000000000E+00
  0.0000000000000E+00
  0.0000000000000E+00
  0.0000000000000E+00
  0.0000000000000E+00
  0.0000000000000E+00
  0.0000000000000E+00
  0.0000000000000E+00
  0.0000000000000E+00
  0.0000000000000E+00
  0.0000000000000E+00
  0.0000000000000E+00
  0.0000000000000E+00
  0.0000000000000E+00
  0.0000000000000E+00
  0.0000000000000E+00
  0.0000000000000E+00
  0.0000000000000E+00
  0.0000000000000E+00
  0.0000000000000E+00
  0.2900887476986E-05
  0.0000000000000E+00
  0.0000000000000E+00
  0.0000000000000E+00
  0.0000000000000E+00
  0.0000000000000E+00
  0.0000000000000E+00
  0.0000000000000E+00
  0.0000000000000E+00
  0.0000000000000E+00
  0.0000000000000E+00
  0.0000000000000E+00
  0.0000000000000E+00
  0.0000000000000E+00
  0.0000000000000E+00
  0.0000000000000E+00
  0.0000000000000E+00
  0.0000000000000E+00
  0.0000000000000E+00
  0.0000000000000E+00
  0.0000000000000E+00
  0.0000000000000E+00
  0.0000000000000E+00
  0.0000000000000E+00
  0.0000000000000E+00
  0.0000000000000E+00
  0.0000000000000E+00
  0.0000000000000E+00
  0.0000000000000E+00
  0.0000000000000E+00
  0.0000000000000E+00
  0.0000000000000E+00
  0.0000000000000E+00
  0.0000000000000E+00
  0.0000000000000E+00
  0.0000000000000E+00
  0.3254856677585E-05
  0.0000000000000E+00
  0.0000000000000E+00
  0.0000000000000E+00
  0.0000000000000E+00
  0.0000000000000E+00
  0.0000000000000E+00
  0.0000000000000E+00
  0.0000000000000E+00
  0.0000000000000E+00
  0.0000000000000E+00
  0.0000000000000E+00
  0.0000000000000E+00
  0.0000000000000E+00
  0.0000000000000E+00
  0.0000000000000E+00
  0.0000000000000E+00
  0.0000000000000E+00
  0.0000000000000E+00
  0.0000000000000E+00
  0.0000000000000E+00
  0.0000000000000E+00
  0.0000000000000E+00
  0.0000000000000E+00
  0.0000000000000E+00
  0.0000000000000E+00
  0.0000000000000E+00
  0.0000000000000E+00
  0.0000000000000E+00
  0.0000000000000E+00
  0.0000000000000E+00
  0.0000000000000E+00
  0.0000000000000E+00
  0.0000000000000E+00
  0.0000000000000E+00
  0.0000000000000E+00
  0.0000000000000E+00
  0.0000000000000E+00
  0.0000000000000E+00
  0.0000000000000E+00
  0.0000000000000E+00
  0.0000000000000E+00
  0.0000000000000E+00
  0.0000000000000E+00
  0.0000000000000E+00
  0.0000000000000E+00
  0.0000000000000E+00
  0.0000000000000E+00
  0.0000000000000E+00
  0.0000000000000E+00
  0.0000000000000E+00
  0.0000000000000E+00
  0.0000000000000E+00
  0.0000000000000E+00
  0.0000000000000E+00
  0.0000000000000E+00
  0.0000000000000E+00
  0.0000000000000E+00
  0.0000000000000E+00
  0.0000000000000E+00
  0.0000000000000E+00
  0.0000000000000E+00
  0.0000000000000E+00
  0.0000000000000E+00
  0.0000000000000E+00
  0.0000000000000E+00
  0.0000000000000E+00
  0.0000000000000E+00
  0.0000000000000E+00
  0.0000000000000E+00
  0.0000000000000E+00
  0.0000000000000E+00
  0.0000000000000E+00
  0.0000000000000E+00
  0.0000000000000E+00
  0.0000000000000E+00
  0.0000000000000E+00
  0.0000000000000E+00
  0.0000000000000E+00
  0.0000000000000E+00
  0.0000000000000E+00
  0.0000000000000E+00
  0.0000000000000E+00
  0.0000000000000E+00
  0.0000000000000E+00
  0.0000000000000E+00
  0.0000000000000E+00
  0.0000000000000E+00
  0.0000000000000E+00
  0.0000000000000E+00
  0.0000000000000E+00
  0.0000000000000E+00
  0.0000000000000E+00
  0.0000000000000E+00
  0.0000000000000E+00
  0.0000000000000E+00
  0.0000000000000E+00
  0.0000000000000E+00
  0.0000000000000E+00
  0.0000000000000E+00
  0.0000000000000E+00
  0.0000000000000E+00
  0.0000000000000E+00
  0.0000000000000E+00
  0.0000000000000E+00
  0.0000000000000E+00
  0.0000000000000E+00
  0.0000000000000E+00
  0.0000000000000E+00
  0.0000000000000E+00
  0.0000000000000E+00
  0.0000000000000E+00
  0.0000000000000E+00
  0.0000000000000E+00
  0.0000000000000E+00
  0.0000000000000E+00
  0.0000000000000E+00
  0.0000000000000E+00
  0.0000000000000E+00
  0.0000000000000E+00
  0.0000000000000E+00
  0.0000000000000E+00
  0.0000000000000E+00
  0.0000000000000E+00
  0.0000000000000E+00
  0.0000000000000E+00
  0.0000000000000E+00
  0.0000000000000E+00
  0.0000000000000E+00
  0.0000000000000E+00
  0.0000000000000E+00
  0.0000000000000E+00
  0.0000000000000E+00
  0.0000000000000E+00
  0.0000000000000E+00
  0.0000000000000E+00
  0.0000000000000E+00
  0.0000000000000E+00
  0.0000000000000E+00
  0.0000000000000E+00
  0.0000000000000E+00
  0.0000000000000E+00
  0.0000000000000E+00
  0.0000000000000E+00
  0.0000000000000E+00
  0.0000000000000E+00
  0.0000000000000E+00
  0.0000000000000E+00
  0.0000000000000E+00
  0.0000000000000E+00
  0.0000000000000E+00
  0.0000000000000E+00
  0.0000000000000E+00
  0.0000000000000E+00
  0.0000000000000E+00
  0.0000000000000E+00
  0.0000000000000E+00
  0.0000000000000E+00
  0.0000000000000E+00
  0.0000000000000E+00
  0.0000000000000E+00
  0.0000000000000E+00
  0.0000000000000E+00
  0.0000000000000E+00
  0.0000000000000E+00
  0.0000000000000E+00
  0.0000000000000E+00
  0.0000000000000E+00
  0.0000000000000E+00
  0.0000000000000E+00
  0.0000000000000E+00
  0.0000000000000E+00
  0.0000000000000E+00
  0.0000000000000E+00
  0.0000000000000E+00
  0.0000000000000E+00
  0.0000000000000E+00
  0.0000000000000E+00
  0.0000000000000E+00
  0.0000000000000E+00
  0.0000000000000E+00
  0.0000000000000E+00
  0.0000000000000E+00
  0.0000000000000E+00
  0.0000000000000E+00
  0.0000000000000E+00
  0.0000000000000E+00
  0.8692289657102E-05
  0.0000000000000E+00
  0.0000000000000E+00
  0.0000000000000E+00
  0.0000000000000E+00
  0.0000000000000E+00
  0.0000000000000E+00
  0.0000000000000E+00
  0.0000000000000E+00
  0.0000000000000E+00
  0.0000000000000E+00
  0.0000000000000E+00
  0.0000000000000E+00
  0.0000000000000E+00
  0.0000000000000E+00
  0.0000000000000E+00
  0.0000000000000E+00
  0.0000000000000E+00
  0.0000000000000E+00
  0.0000000000000E+00
  0.0000000000000E+00
  0.0000000000000E+00
  0.0000000000000E+00
  0.0000000000000E+00
  0.0000000000000E+00
  0.0000000000000E+00
  0.0000000000000E+00
  0.0000000000000E+00
  0.0000000000000E+00
  0.0000000000000E+00
  0.1256041294548E-04
  0.0000000000000E+00
  0.0000000000000E+00
  0.0000000000000E+00
  0.0000000000000E+00
  0.0000000000000E+00
  0.5046358454639E-05
  0.0000000000000E+00
  0.0000000000000E+00
  0.0000000000000E+00
  0.0000000000000E+00
  0.0000000000000E+00
  0.0000000000000E+00
  0.0000000000000E+00
  0.0000000000000E+00
  0.0000000000000E+00
  0.0000000000000E+00
  0.0000000000000E+00
  0.0000000000000E+00
  0.0000000000000E+00
  0.0000000000000E+00
  0.0000000000000E+00
  0.0000000000000E+00
  0.0000000000000E+00
  0.0000000000000E+00
  0.0000000000000E+00
  0.0000000000000E+00
  0.0000000000000E+00
  0.0000000000000E+00
  0.0000000000000E+00
  0.0000000000000E+00
  0.0000000000000E+00
  0.0000000000000E+00
  0.0000000000000E+00
  0.0000000000000E+00
  0.0000000000000E+00
  0.0000000000000E+00
  0.0000000000000E+00
  0.0000000000000E+00
  0.0000000000000E+00
  0.0000000000000E+00
  0.0000000000000E+00
  0.2038305767182E-05
  0.0000000000000E+00
  0.0000000000000E+00
  0.0000000000000E+00
  0.0000000000000E+00
  0.9337193657504E-05
  0.0000000000000E+00
  0.1548045552512E-04
  0.0000000000000E+00
  0.0000000000000E+00
  0.0000000000000E+00
  0.0000000000000E+00
  0.0000000000000E+00
  0.0000000000000E+00
  0.1657625671279E-05
  0.0000000000000E+00
  0.0000000000000E+00
  0.0000000000000E+00
  0.0000000000000E+00
  0.0000000000000E+00
  0.0000000000000E+00
  0.0000000000000E+00
  0.0000000000000E+00
  0.0000000000000E+00
  0.0000000000000E+00
  0.0000000000000E+00
  0.0000000000000E+00
  0.0000000000000E+00
  0.0000000000000E+00
  0.0000000000000E+00
  0.0000000000000E+00
  0.0000000000000E+00
  0.0000000000000E+00
  0.2899222215901E-05
  0.0000000000000E+00
  0.0000000000000E+00
  0.2806769242564E-05
  0.0000000000000E+00
  0.0000000000000E+00
  0.0000000000000E+00
  0.0000000000000E+00
  0.1176348069404E-04
  0.0000000000000E+00
  0.0000000000000E+00
  0.0000000000000E+00
  0.1286447923777E-04
  0.0000000000000E+00
  0.0000000000000E+00
  0.0000000000000E+00
  0.0000000000000E+00
  0.8361526875798E-05
  0.0000000000000E+00
  0.0000000000000E+00
  0.0000000000000E+00
  0.0000000000000E+00
  0.0000000000000E+00
  0.0000000000000E+00
  0.0000000000000E+00
  0.0000000000000E+00
  0.0000000000000E+00
  0.0000000000000E+00
  0.0000000000000E+00
  0.0000000000000E+00
  0.0000000000000E+00
  0.0000000000000E+00
  0.0000000000000E+00
  0.0000000000000E+00
  0.0000000000000E+00
  0.0000000000000E+00
  0.1260129292033E-04
  0.0000000000000E+00
  0.0000000000000E+00
  0.0000000000000E+00
  0.1177041734614E-04
  0.0000000000000E+00
  0.0000000000000E+00
  0.0000000000000E+00
  0.0000000000000E+00
  0.1766879344798E-04
  0.0000000000000E+00
  0.0000000000000E+00
  0.0000000000000E+00
  0.3188749045228E-04
  0.3761298339608E-05
  0.0000000000000E+00
  0.0000000000000E+00
  0.1729384365725E-04
  0.0000000000000E+00
  0.0000000000000E+00
  0.0000000000000E+00
  0.0000000000000E+00
  0.0000000000000E+00
  0.0000000000000E+00
  0.0000000000000E+00
  0.0000000000000E+00
  0.0000000000000E+00
  0.0000000000000E+00
  0.0000000000000E+00
  0.0000000000000E+00
  0.0000000000000E+00
  0.0000000000000E+00
  0.0000000000000E+00
  0.0000000000000E+00
  0.0000000000000E+00
  0.0000000000000E+00
  0.1099397303781E-04
  0.0000000000000E+00
  0.0000000000000E+00
  0.0000000000000E+00
  0.1116165020731E-04
  0.0000000000000E+00
  0.0000000000000E+00
  0.0000000000000E+00
  0.0000000000000E+00
  0.0000000000000E+00
  0.1641076160190E-04
  0.0000000000000E+00
  0.0000000000000E+00
  0.1744719430962E-04
  0.0000000000000E+00
  0.0000000000000E+00
  0.1443284958391E-04
  0.0000000000000E+00
  0.0000000000000E+00
  0.0000000000000E+00
  0.0000000000000E+00
  0.0000000000000E+00
  0.0000000000000E+00
  0.0000000000000E+00
  0.0000000000000E+00
  0.0000000000000E+00
  0.0000000000000E+00
  0.0000000000000E+00
  0.0000000000000E+00
  0.0000000000000E+00
  0.0000000000000E+00
  0.0000000000000E+00
  0.0000000000000E+00
  0.0000000000000E+00
  0.0000000000000E+00
  0.0000000000000E+00
  0.1304867775176E-04
  0.0000000000000E+00
  0.0000000000000E+00
  0.0000000000000E+00
  0.7312010238312E-05
  0.0000000000000E+00
  0.0000000000000E+00
  0.0000000000000E+00
  0.0000000000000E+00
  0.0000000000000E+00
  0.0000000000000E+00
  0.0000000000000E+00
  0.0000000000000E+00
  0.1954718092830E-04
  0.0000000000000E+00
  0.0000000000000E+00
  0.0000000000000E+00
  0.0000000000000E+00
  0.0000000000000E+00
  0.0000000000000E+00
  0.0000000000000E+00
  0.0000000000000E+00
  0.0000000000000E+00
  0.0000000000000E+00
  0.0000000000000E+00
  0.0000000000000E+00
  0.0000000000000E+00
  0.0000000000000E+00
  0.0000000000000E+00
  0.0000000000000E+00
  0.0000000000000E+00
  0.0000000000000E+00
  0.0000000000000E+00
  0.0000000000000E+00
  0.0000000000000E+00
  0.0000000000000E+00
  0.1525443479127E-04
  0.0000000000000E+00
  0.0000000000000E+00
  0.0000000000000E+00
  0.7536896225377E-05
  0.0000000000000E+00
  0.0000000000000E+00
  0.0000000000000E+00
  0.0000000000000E+00
  0.0000000000000E+00
  0.0000000000000E+00
  0.2485949401111E-04
  0.0000000000000E+00
  0.0000000000000E+00
  0.3206641398032E-04
  0.0000000000000E+00
  0.0000000000000E+00
  0.0000000000000E+00
  0.0000000000000E+00
  0.0000000000000E+00
  0.0000000000000E+00
  0.0000000000000E+00
  0.0000000000000E+00
  0.0000000000000E+00
  0.0000000000000E+00
  0.0000000000000E+00
  0.0000000000000E+00
  0.0000000000000E+00
  0.0000000000000E+00
  0.0000000000000E+00
  0.0000000000000E+00
  0.0000000000000E+00
  0.0000000000000E+00
  0.0000000000000E+00
  0.0000000000000E+00
  0.0000000000000E+00
  0.1260780681114E-04
  0.0000000000000E+00
  0.0000000000000E+00
  0.0000000000000E+00
  0.1742006685874E-04
  0.0000000000000E+00
  0.0000000000000E+00
  0.0000000000000E+00
  0.0000000000000E+00
  0.0000000000000E+00
  0.0000000000000E+00
  0.0000000000000E+00
  0.3022973481789E-04
  0.0000000000000E+00
  0.0000000000000E+00
  0.0000000000000E+00
  0.0000000000000E+00
  0.0000000000000E+00
  0.0000000000000E+00
  0.0000000000000E+00
  0.0000000000000E+00
  0.0000000000000E+00
  0.0000000000000E+00
  0.0000000000000E+00
  0.0000000000000E+00
  0.0000000000000E+00
  0.0000000000000E+00
  0.0000000000000E+00
  0.0000000000000E+00
  0.0000000000000E+00
  0.0000000000000E+00
  0.0000000000000E+00
  0.0000000000000E+00
  0.0000000000000E+00
  0.0000000000000E+00
  0.0000000000000E+00
  0.2829339842015E-04
  0.0000000000000E+00
  0.0000000000000E+00
  0.0000000000000E+00
  0.1289694633318E-04
  0.0000000000000E+00
  0.0000000000000E+00
  0.0000000000000E+00
  0.0000000000000E+00
  0.0000000000000E+00
  0.0000000000000E+00
  0.0000000000000E+00
  0.0000000000000E+00
  0.0000000000000E+00
  0.3394702000087E-04
  0.0000000000000E+00
  0.0000000000000E+00
  0.0000000000000E+00
  0.0000000000000E+00
  0.0000000000000E+00
  0.0000000000000E+00
  0.0000000000000E+00
  0.0000000000000E+00
  0.0000000000000E+00
  0.0000000000000E+00
  0.0000000000000E+00
  0.0000000000000E+00
  0.0000000000000E+00
  0.0000000000000E+00
  0.0000000000000E+00
  0.0000000000000E+00
  0.0000000000000E+00
  0.0000000000000E+00
  0.0000000000000E+00
  0.0000000000000E+00
  0.0000000000000E+00
  0.3539455102405E-04
  0.0000000000000E+00
  0.0000000000000E+00
  0.0000000000000E+00
  0.2037225078963E-04
  0.0000000000000E+00
  0.0000000000000E+00
  0.0000000000000E+00
  0.0000000000000E+00
  0.0000000000000E+00
  0.0000000000000E+00
  0.0000000000000E+00
  0.0000000000000E+00
  0.0000000000000E+00
  0.0000000000000E+00
  0.0000000000000E+00
  0.0000000000000E+00
  0.0000000000000E+00
  0.0000000000000E+00
  0.0000000000000E+00
  0.0000000000000E+00
  0.0000000000000E+00
  0.0000000000000E+00
  0.0000000000000E+00
  0.0000000000000E+00
  0.0000000000000E+00
  0.0000000000000E+00
  0.0000000000000E+00
  0.0000000000000E+00
  0.0000000000000E+00
  0.0000000000000E+00
  0.0000000000000E+00
  0.0000000000000E+00
  0.0000000000000E+00
  0.0000000000000E+00
  0.0000000000000E+00
  0.2265645503868E-04
  0.0000000000000E+00
  0.0000000000000E+00
  0.0000000000000E+00
  0.3208064933777E-04
  0.0000000000000E+00
  0.3380512033668E-04
  0.0000000000000E+00
  0.0000000000000E+00
  0.0000000000000E+00
  0.0000000000000E+00
  0.0000000000000E+00
  0.0000000000000E+00
  0.0000000000000E+00
  0.0000000000000E+00
  0.0000000000000E+00
  0.0000000000000E+00
  0.0000000000000E+00
  0.0000000000000E+00
  0.0000000000000E+00
  0.0000000000000E+00
  0.0000000000000E+00
  0.0000000000000E+00
  0.0000000000000E+00
  0.0000000000000E+00
  0.0000000000000E+00
  0.0000000000000E+00
  0.0000000000000E+00
  0.0000000000000E+00
  0.0000000000000E+00
  0.0000000000000E+00
  0.0000000000000E+00
  0.0000000000000E+00
  0.0000000000000E+00
  0.0000000000000E+00
  0.0000000000000E+00
  0.0000000000000E+00
  0.0000000000000E+00
  0.2313341253951E-04
  0.0000000000000E+00
  0.0000000000000E+00
  0.0000000000000E+00
  0.3741454928364E-04
  0.0000000000000E+00
  0.0000000000000E+00
  0.0000000000000E+00
  0.0000000000000E+00
  0.0000000000000E+00
  0.0000000000000E+00
  0.0000000000000E+00
  0.0000000000000E+00
  0.0000000000000E+00
  0.0000000000000E+00
  0.0000000000000E+00
  0.0000000000000E+00
  0.0000000000000E+00
  0.0000000000000E+00
  0.0000000000000E+00
  0.0000000000000E+00
  0.0000000000000E+00
  0.0000000000000E+00
  0.0000000000000E+00
  0.0000000000000E+00
  0.0000000000000E+00
  0.0000000000000E+00
  0.0000000000000E+00
  0.0000000000000E+00
  0.0000000000000E+00
  0.0000000000000E+00
  0.0000000000000E+00
  0.0000000000000E+00
  0.0000000000000E+00
  0.0000000000000E+00
  0.0000000000000E+00
  0.0000000000000E+00
  0.0000000000000E+00
  0.0000000000000E+00
  0.2715955493237E-04
  0.0000000000000E+00
  0.0000000000000E+00
  0.0000000000000E+00
  0.0000000000000E+00
  0.0000000000000E+00
  0.0000000000000E+00
  0.0000000000000E+00
  0.0000000000000E+00
  0.0000000000000E+00
  0.0000000000000E+00
  0.0000000000000E+00
  0.0000000000000E+00
  0.0000000000000E+00
  0.0000000000000E+00
  0.0000000000000E+00
  0.0000000000000E+00
  0.0000000000000E+00
  0.0000000000000E+00
  0.0000000000000E+00
  0.0000000000000E+00
  0.0000000000000E+00
  0.0000000000000E+00
  0.0000000000000E+00
  0.0000000000000E+00
  0.0000000000000E+00
  0.0000000000000E+00
  0.0000000000000E+00
  0.0000000000000E+00
  0.0000000000000E+00
  0.0000000000000E+00
  0.0000000000000E+00
  0.0000000000000E+00
  0.0000000000000E+00
  0.0000000000000E+00
  0.0000000000000E+00
  0.2769446226559E-04
  0.0000000000000E+00
  0.0000000000000E+00
  0.0000000000000E+00
  0.0000000000000E+00
  0.0000000000000E+00
  0.0000000000000E+00
  0.0000000000000E+00
  0.0000000000000E+00
  0.0000000000000E+00
  0.0000000000000E+00
  0.0000000000000E+00
  0.0000000000000E+00
  0.0000000000000E+00
  0.0000000000000E+00
  0.0000000000000E+00
  0.0000000000000E+00
  0.0000000000000E+00
  0.0000000000000E+00
  0.0000000000000E+00
  0.0000000000000E+00
  0.0000000000000E+00
  0.0000000000000E+00
  0.0000000000000E+00
  0.0000000000000E+00
  0.0000000000000E+00
  0.0000000000000E+00
  0.0000000000000E+00
  0.0000000000000E+00
  0.0000000000000E+00
  0.0000000000000E+00
  0.0000000000000E+00
  0.0000000000000E+00
  0.0000000000000E+00
  0.0000000000000E+00
  0.0000000000000E+00
  0.0000000000000E+00
  0.0000000000000E+00
  0.0000000000000E+00
  0.0000000000000E+00
  0.0000000000000E+00
  0.0000000000000E+00
  0.0000000000000E+00
  0.0000000000000E+00
  0.0000000000000E+00
  0.0000000000000E+00
  0.0000000000000E+00
  0.0000000000000E+00
  0.0000000000000E+00
  0.0000000000000E+00
  0.0000000000000E+00
  0.0000000000000E+00
  0.0000000000000E+00
  0.0000000000000E+00
  0.0000000000000E+00
  0.0000000000000E+00
  0.0000000000000E+00
  0.0000000000000E+00
  0.0000000000000E+00
  0.0000000000000E+00
  0.0000000000000E+00
  0.0000000000000E+00
  0.0000000000000E+00
  0.0000000000000E+00
  0.0000000000000E+00
  0.0000000000000E+00
  0.0000000000000E+00
  0.0000000000000E+00
  0.0000000000000E+00
  0.0000000000000E+00
  0.0000000000000E+00
  0.0000000000000E+00
  0.0000000000000E+00
  0.0000000000000E+00
  0.0000000000000E+00
  0.0000000000000E+00
  0.0000000000000E+00
  0.0000000000000E+00
  0.0000000000000E+00
  0.0000000000000E+00
  0.0000000000000E+00
  0.0000000000000E+00
  0.0000000000000E+00
  0.0000000000000E+00
  0.0000000000000E+00
  0.0000000000000E+00
  0.0000000000000E+00
  0.0000000000000E+00
  0.0000000000000E+00
  0.0000000000000E+00
  0.0000000000000E+00
  0.0000000000000E+00
  0.0000000000000E+00
  0.0000000000000E+00
  0.0000000000000E+00
  0.0000000000000E+00
  0.0000000000000E+00
  0.0000000000000E+00
  0.0000000000000E+00
  0.0000000000000E+00
  0.0000000000000E+00
  0.0000000000000E+00
  0.0000000000000E+00
  0.0000000000000E+00
  0.0000000000000E+00
  0.0000000000000E+00
  0.0000000000000E+00
  0.0000000000000E+00
  0.0000000000000E+00
  0.0000000000000E+00
  0.0000000000000E+00
  0.0000000000000E+00
  0.0000000000000E+00
  0.0000000000000E+00
  0.0000000000000E+00
  0.0000000000000E+00
  0.0000000000000E+00
  0.0000000000000E+00
  0.0000000000000E+00
  0.0000000000000E+00
  0.0000000000000E+00
  0.0000000000000E+00
  0.0000000000000E+00
  0.0000000000000E+00
  0.0000000000000E+00
  0.0000000000000E+00
  0.0000000000000E+00
  0.0000000000000E+00
  0.0000000000000E+00
  0.0000000000000E+00
  0.0000000000000E+00
  0.0000000000000E+00
  0.0000000000000E+00
  0.0000000000000E+00
  0.0000000000000E+00
  0.0000000000000E+00
  0.0000000000000E+00
  0.0000000000000E+00
  0.0000000000000E+00
  0.0000000000000E+00
  0.0000000000000E+00
  0.0000000000000E+00
  0.0000000000000E+00
  0.1119976235300E-04
  0.0000000000000E+00
  0.0000000000000E+00
  0.0000000000000E+00
  0.0000000000000E+00
  0.0000000000000E+00
  0.0000000000000E+00
  0.0000000000000E+00
  0.0000000000000E+00
  0.0000000000000E+00
  0.0000000000000E+00
  0.0000000000000E+00
  0.0000000000000E+00
  0.0000000000000E+00
  0.0000000000000E+00
  0.0000000000000E+00
  0.0000000000000E+00
  0.0000000000000E+00
  0.0000000000000E+00
  0.0000000000000E+00
  0.0000000000000E+00
  0.0000000000000E+00
  0.0000000000000E+00
  0.0000000000000E+00
  0.0000000000000E+00
  0.0000000000000E+00
  0.0000000000000E+00
  0.0000000000000E+00
  0.0000000000000E+00
  0.0000000000000E+00
  0.0000000000000E+00
  0.0000000000000E+00
  0.0000000000000E+00
  0.0000000000000E+00
  0.1539178840976E-04
  0.0000000000000E+00
  0.0000000000000E+00
  0.0000000000000E+00
  0.1824556917732E-04
  0.0000000000000E+00
  0.0000000000000E+00
  0.0000000000000E+00
  0.0000000000000E+00
  0.0000000000000E+00
  0.0000000000000E+00
  0.0000000000000E+00
  0.0000000000000E+00
  0.0000000000000E+00
  0.0000000000000E+00
  0.0000000000000E+00
  0.0000000000000E+00
  0.0000000000000E+00
  0.0000000000000E+00
  0.0000000000000E+00
  0.0000000000000E+00
  0.0000000000000E+00
  0.0000000000000E+00
  0.0000000000000E+00
  0.0000000000000E+00
  0.0000000000000E+00
  0.0000000000000E+00
  0.0000000000000E+00
  0.0000000000000E+00
  0.0000000000000E+00
  0.0000000000000E+00
  0.0000000000000E+00
  0.0000000000000E+00
  0.0000000000000E+00
  0.0000000000000E+00
  0.0000000000000E+00
  0.1495804091208E-04
  0.0000000000000E+00
  0.0000000000000E+00
  0.0000000000000E+00
  0.2260734881686E-04
  0.0000000000000E+00
  0.0000000000000E+00
  0.0000000000000E+00
  0.0000000000000E+00
  0.0000000000000E+00
  0.0000000000000E+00
  0.0000000000000E+00
  0.0000000000000E+00
  0.0000000000000E+00
  0.0000000000000E+00
  0.0000000000000E+00
  0.0000000000000E+00
  0.0000000000000E+00
  0.0000000000000E+00
  0.0000000000000E+00
  0.0000000000000E+00
  0.0000000000000E+00
  0.0000000000000E+00
  0.0000000000000E+00
  0.0000000000000E+00
  0.0000000000000E+00
  0.0000000000000E+00
  0.0000000000000E+00
  0.0000000000000E+00
  0.0000000000000E+00
  0.0000000000000E+00
  0.0000000000000E+00
  0.0000000000000E+00
  0.0000000000000E+00
  0.0000000000000E+00
  0.0000000000000E+00
  0.1873274002779E-04
  0.0000000000000E+00
  0.0000000000000E+00
  0.0000000000000E+00
  0.1636058899922E-04
  0.0000000000000E+00
  0.0000000000000E+00
  0.0000000000000E+00
  0.0000000000000E+00
  0.0000000000000E+00
  0.0000000000000E+00
  0.0000000000000E+00
  0.0000000000000E+00
  0.0000000000000E+00
  0.0000000000000E+00
  0.0000000000000E+00
  0.0000000000000E+00
  0.0000000000000E+00
  0.0000000000000E+00
  0.0000000000000E+00
  0.0000000000000E+00
  0.0000000000000E+00
  0.0000000000000E+00
  0.0000000000000E+00
  0.0000000000000E+00
  0.0000000000000E+00
  0.0000000000000E+00
  0.0000000000000E+00
  0.0000000000000E+00
  0.0000000000000E+00
  0.0000000000000E+00
  0.0000000000000E+00
  0.0000000000000E+00
  0.0000000000000E+00
  0.0000000000000E+00
  0.0000000000000E+00
  0.0000000000000E+00
  0.0000000000000E+00
  0.1353986958354E-04
  0.0000000000000E+00
  0.0000000000000E+00
  0.0000000000000E+00
  0.0000000000000E+00
  0.0000000000000E+00
  0.0000000000000E+00
  0.0000000000000E+00
  0.0000000000000E+00
  0.0000000000000E+00
  0.0000000000000E+00
  0.0000000000000E+00
  0.0000000000000E+00
  0.0000000000000E+00
  0.0000000000000E+00
  0.0000000000000E+00
  0.0000000000000E+00
  0.0000000000000E+00
  0.0000000000000E+00
  0.0000000000000E+00
  0.0000000000000E+00
  0.0000000000000E+00
  0.0000000000000E+00
  0.0000000000000E+00
  0.0000000000000E+00
  0.0000000000000E+00
  0.0000000000000E+00
  0.0000000000000E+00
  0.0000000000000E+00
  0.0000000000000E+00
  0.0000000000000E+00
  0.0000000000000E+00
  0.0000000000000E+00
  0.0000000000000E+00
  0.0000000000000E+00
  0.0000000000000E+00
  0.0000000000000E+00
  0.0000000000000E+00
  0.0000000000000E+00
  0.0000000000000E+00
  0.0000000000000E+00
  0.0000000000000E+00
  0.0000000000000E+00
  0.0000000000000E+00
  0.0000000000000E+00
  0.0000000000000E+00
  0.0000000000000E+00
  0.0000000000000E+00
  0.0000000000000E+00
  0.0000000000000E+00
  0.0000000000000E+00
  0.0000000000000E+00
  0.0000000000000E+00
  0.0000000000000E+00
  0.0000000000000E+00
  0.0000000000000E+00
  0.0000000000000E+00
  0.0000000000000E+00
  0.0000000000000E+00
  0.0000000000000E+00
  0.0000000000000E+00
  0.0000000000000E+00
  0.0000000000000E+00
  0.0000000000000E+00
  0.0000000000000E+00
  0.0000000000000E+00
  0.0000000000000E+00
  0.0000000000000E+00
  0.0000000000000E+00
  0.0000000000000E+00
  0.0000000000000E+00
  0.0000000000000E+00
  0.0000000000000E+00
  0.0000000000000E+00
  0.0000000000000E+00
  0.0000000000000E+00
  0.0000000000000E+00
  0.0000000000000E+00
  0.0000000000000E+00
  0.0000000000000E+00
  0.0000000000000E+00
  0.0000000000000E+00
  0.0000000000000E+00
  0.0000000000000E+00
  0.0000000000000E+00
  0.0000000000000E+00
  0.0000000000000E+00
  0.0000000000000E+00
  0.0000000000000E+00
  0.0000000000000E+00
  0.0000000000000E+00
  0.0000000000000E+00
  0.0000000000000E+00
  0.0000000000000E+00
  0.0000000000000E+00
  0.0000000000000E+00
  0.0000000000000E+00
  0.0000000000000E+00
  0.0000000000000E+00
  0.0000000000000E+00
  0.0000000000000E+00
  0.0000000000000E+00
  0.0000000000000E+00
  0.0000000000000E+00
  0.0000000000000E+00
  0.0000000000000E+00
  0.0000000000000E+00
  0.0000000000000E+00
  0.0000000000000E+00
  0.0000000000000E+00
  0.0000000000000E+00
  0.0000000000000E+00
  0.0000000000000E+00
  0.0000000000000E+00
  0.0000000000000E+00
  0.0000000000000E+00
  0.0000000000000E+00
  0.0000000000000E+00
  0.0000000000000E+00
  0.0000000000000E+00
  0.0000000000000E+00
  0.0000000000000E+00
  0.0000000000000E+00
  0.0000000000000E+00
  0.0000000000000E+00
  0.0000000000000E+00
  0.0000000000000E+00
  0.0000000000000E+00
  0.0000000000000E+00
  0.0000000000000E+00
  0.0000000000000E+00
  0.0000000000000E+00
  0.0000000000000E+00
  0.0000000000000E+00
  0.0000000000000E+00
  0.0000000000000E+00
  0.0000000000000E+00
  0.0000000000000E+00
  0.0000000000000E+00
  0.0000000000000E+00
  0.0000000000000E+00
  0.0000000000000E+00
  0.0000000000000E+00
  0.0000000000000E+00
  0.0000000000000E+00
  0.0000000000000E+00
  0.0000000000000E+00
  0.0000000000000E+00
  0.0000000000000E+00
  0.0000000000000E+00
  0.0000000000000E+00
  0.0000000000000E+00
  0.0000000000000E+00
  0.0000000000000E+00
  0.0000000000000E+00
  0.0000000000000E+00
  0.0000000000000E+00
  0.0000000000000E+00
  0.0000000000000E+00
  0.0000000000000E+00
  0.0000000000000E+00
  0.3976591000000E+00
  0.3890331912021E+00
  0.3985060374924E+00
  0.4064060416799E+00
  0.4074564692684E+00
  0.3976591000000E+00
  0.4122448733022E+00
  0.4102322852791E+00
  0.3992315293774E+00
  0.3855960369981E+00
  0.3976591000000E+00
  0.3976591000000E+00
  0.3976591000000E+00
  0.3976591000000E+00
  0.3976591000000E+00
  0.3976591000000E+00
  0.3976591000000E+00
  0.3976591000000E+00
  0.3976591000000E+00
  0.3976591000000E+00
  0.3976591000000E+00
  0.3976591000000E+00
  0.3976591000000E+00
  0.3976591000000E+00
  0.3976591000000E+00
  0.3976591000000E+00
  0.3976591000000E+00
  0.3976591000000E+00
  0.3976591000000E+00
  0.3976591000000E+00
  0.3976591000000E+00
  0.3976591000000E+00
  0.3976591000000E+00
  0.3976591000000E+00
  0.3976591000000E+00
  0.3976591000000E+00
  0.3805722000000E+00
  0.3805722000000E+00
  0.3805722000000E+00
  0.3805722000000E+00
  0.3805722000000E+00
  0.3805722000000E+00
  0.3805722000000E+00
  0.3805722000000E+00
  0.3805722000000E+00
  0.3805722000000E+00
  0.3805722000000E+00
  0.3805722000000E+00
  0.3805722000000E+00
  0.3805722000000E+00
  0.3805722000000E+00
  0.3805722000000E+00
  0.3805722000000E+00
  0.3805722000000E+00
  0.3805722000000E+00
  0.3805722000000E+00
  0.3805722000000E+00
  0.3805722000000E+00
  0.3805722000000E+00
  0.3805722000000E+00
  0.3805722000000E+00
  0.3805722000000E+00
  0.3805722000000E+00
  0.3805722000000E+00
  0.3805722000000E+00
  0.3805722000000E+00
  0.3805722000000E+00
  0.3805722000000E+00
  0.3805722000000E+00
  0.3805722000000E+00
  0.3805722000000E+00
  0.3805722000000E+00
  0.3742637000000E+00
  0.3742637000000E+00
  0.3742637000000E+00
  0.3742637000000E+00
  0.3742637000000E+00
  0.3742637000000E+00
  0.3742637000000E+00
  0.3742637000000E+00
  0.3742637000000E+00
  0.3742637000000E+00
  0.3742637000000E+00
  0.3742637000000E+00
  0.3742637000000E+00
  0.3742637000000E+00
  0.3742637000000E+00
  0.3742637000000E+00
  0.3742637000000E+00
  0.3742637000000E+00
  0.3742637000000E+00
  0.3742637000000E+00
  0.3742637000000E+00
  0.3742637000000E+00
  0.3742637000000E+00
  0.3742637000000E+00
  0.3742637000000E+00
  0.3742637000000E+00
  0.3742637000000E+00
  0.3742637000000E+00
  0.3742637000000E+00
  0.3742637000000E+00
  0.3742637000000E+00
  0.3742637000000E+00
  0.3742637000000E+00
  0.3742637000000E+00
  0.3742637000000E+00
  0.3742637000000E+00
  0.3586371000000E+00
  0.3586371000000E+00
  0.3586371000000E+00
  0.3586371000000E+00
  0.3586371000000E+00
  0.3586371000000E+00
  0.3586371000000E+00
  0.3586371000000E+00
  0.3586371000000E+00
  0.3586371000000E+00
  0.3586371000000E+00
  0.3586371000000E+00
  0.3586371000000E+00
  0.3586371000000E+00
  0.3586371000000E+00
  0.3586371000000E+00
  0.3586371000000E+00
  0.3586371000000E+00
  0.3586371000000E+00
  0.3586371000000E+00
  0.3586371000000E+00
  0.3586371000000E+00
  0.3586371000000E+00
  0.3586371000000E+00
  0.3586371000000E+00
  0.3586371000000E+00
  0.3586371000000E+00
  0.3586371000000E+00
  0.3586371000000E+00
  0.3586371000000E+00
  0.3586371000000E+00
  0.3586371000000E+00
  0.3586371000000E+00
  0.3586371000000E+00
  0.3586371000000E+00
  0.3586371000000E+00
  0.3404603000000E+00
  0.3404603000000E+00
  0.3404603000000E+00
  0.3404603000000E+00
  0.3404603000000E+00
  0.3404603000000E+00
  0.3404603000000E+00
  0.3404603000000E+00
  0.3404603000000E+00
  0.3404603000000E+00
  0.3404603000000E+00
  0.3404603000000E+00
  0.3404603000000E+00
  0.3404603000000E+00
  0.3404603000000E+00
  0.3404603000000E+00
  0.3404603000000E+00
  0.3404603000000E+00
  0.3404603000000E+00
  0.3404603000000E+00
  0.3404603000000E+00
  0.3404603000000E+00
  0.3404603000000E+00
  0.3404603000000E+00
  0.3404603000000E+00
  0.3404603000000E+00
  0.3404603000000E+00
  0.3404603000000E+00
  0.3404603000000E+00
  0.3404603000000E+00
  0.3404603000000E+00
  0.3404603000000E+00
  0.3404603000000E+00
  0.3404603000000E+00
  0.3404603000000E+00
  0.3404603000000E+00
  0.3138626000000E+00
  0.3138626000000E+00
  0.3138626000000E+00
  0.3138626000000E+00
  0.3138626000000E+00
  0.3138626000000E+00
  0.3138626000000E+00
  0.3138626000000E+00
  0.3138626000000E+00
  0.3138626000000E+00
  0.3138626000000E+00
  0.3138626000000E+00
  0.3138626000000E+00
  0.3138626000000E+00
  0.3138626000000E+00
  0.3138626000000E+00
  0.3138626000000E+00
  0.3138626000000E+00
  0.3138626000000E+00
  0.3138626000000E+00
  0.3138626000000E+00
  0.3138626000000E+00
  0.3138626000000E+00
  0.3138626000000E+00
  0.3138626000000E+00
  0.3138626000000E+00
  0.3138626000000E+00
  0.3138626000000E+00
  0.3138626000000E+00
  0.3138626000000E+00
  0.3138626000000E+00
  0.3138626000000E+00
  0.3138626000000E+00
  0.3138626000000E+00
  0.3138626000000E+00
  0.3138626000000E+00
  0.2854003000000E+00
  0.2854003000000E+00
  0.2854003000000E+00
  0.2854003000000E+00
  0.2854003000000E+00
  0.2854003000000E+00
  0.2854003000000E+00
  0.2854003000000E+00
  0.2854003000000E+00
  0.2854003000000E+00
  0.2854003000000E+00
  0.2854003000000E+00
  0.2854003000000E+00
  0.2854003000000E+00
  0.2854003000000E+00
  0.2854003000000E+00
  0.2854003000000E+00
  0.2854003000000E+00
  0.2854003000000E+00
  0.2854003000000E+00
  0.2854003000000E+00
  0.2854003000000E+00
  0.2854003000000E+00
  0.2854003000000E+00
  0.2854003000000E+00
  0.2854003000000E+00
  0.2854003000000E+00
  0.2854003000000E+00
  0.2854003000000E+00
  0.2854003000000E+00
  0.2854003000000E+00
  0.2854003000000E+00
  0.2854003000000E+00
  0.2854003000000E+00
  0.2854003000000E+00
  0.2854003000000E+00
  0.2582140000000E+00
  0.2582140000000E+00
  0.2582140000000E+00
  0.2582140000000E+00
  0.2582140000000E+00
  0.2582140000000E+00
  0.2582140000000E+00
  0.2582140000000E+00
  0.2582140000000E+00
  0.2582140000000E+00
  0.2582140000000E+00
  0.2582140000000E+00
  0.2582140000000E+00
  0.2582140000000E+00
  0.2582140000000E+00
  0.2582140000000E+00
  0.2582140000000E+00
  0.2582140000000E+00
  0.2582140000000E+00
  0.2582140000000E+00
  0.2582140000000E+00
  0.2582140000000E+00
  0.2582140000000E+00
  0.2582140000000E+00
  0.2582140000000E+00
  0.2582140000000E+00
  0.2582140000000E+00
  0.2582140000000E+00
  0.2582140000000E+00
  0.2582140000000E+00
  0.2582140000000E+00
  0.2582140000000E+00
  0.2582140000000E+00
  0.2582140000000E+00
  0.2582140000000E+00
  0.2582140000000E+00
  0.2333862000000E+00
  0.2333862000000E+00
  0.2333862000000E+00
  0.2333862000000E+00
  0.2333862000000E+00
  0.2333862000000E+00
  0.2333862000000E+00
  0.2333862000000E+00
  0.2333862000000E+00
  0.2333862000000E+00
  0.2333862000000E+00
  0.2333862000000E+00
  0.2333862000000E+00
  0.2333862000000E+00
  0.2333862000000E+00
  0.2333862000000E+00
  0.2333862000000E+00
  0.2333862000000E+00
  0.2333862000000E+00
  0.2333862000000E+00
  0.2333862000000E+00
  0.2333862000000E+00
  0.2333862000000E+00
  0.2333862000000E+00
  0.2333862000000E+00
  0.2333862000000E+00
  0.2333862000000E+00
  0.2333862000000E+00
  0.2333862000000E+00
  0.2333862000000E+00
  0.2333862000000E+00
  0.2333862000000E+00
  0.2333862000000E+00
  0.2333862000000E+00
  0.2333862000000E+00
  0.2333862000000E+00
  0.2195889000000E+00
  0.2195889000000E+00
  0.2195889000000E+00
  0.2195889000000E+00
  0.2195889000000E+00
  0.2195889000000E+00
  0.2195889000000E+00
  0.2195889000000E+00
  0.2195889000000E+00
  0.2195889000000E+00
  0.2195889000000E+00
  0.2195889000000E+00
  0.2195889000000E+00
  0.2195889000000E+00
  0.2195889000000E+00
  0.2195889000000E+00
  0.2195889000000E+00
  0.2195889000000E+00
  0.2195889000000E+00
  0.2195889000000E+00
  0.2195889000000E+00
  0.2195889000000E+00
  0.2195889000000E+00
  0.2195889000000E+00
  0.2195889000000E+00
  0.2195889000000E+00
  0.2195889000000E+00
  0.2195889000000E+00
  0.2195889000000E+00
  0.2195889000000E+00
  0.2195889000000E+00
  0.2195889000000E+00
  0.2195889000000E+00
  0.2195889000000E+00
  0.2195889000000E+00
  0.2195889000000E+00
  0.2069707000000E+00
  0.2069707000000E+00
  0.2069707000000E+00
  0.2069707000000E+00
  0.2069707000000E+00
  0.2069707000000E+00
  0.2069707000000E+00
  0.2069707000000E+00
  0.2069707000000E+00
  0.2069707000000E+00
  0.2069707000000E+00
  0.2069707000000E+00
  0.2069707000000E+00
  0.2069707000000E+00
  0.2069707000000E+00
  0.2069707000000E+00
  0.2069707000000E+00
  0.2069707000000E+00
  0.2069707000000E+00
  0.2069707000000E+00
  0.2069707000000E+00
  0.2069707000000E+00
  0.2069707000000E+00
  0.2069707000000E+00
  0.2069707000000E+00
  0.2069707000000E+00
  0.2069707000000E+00
  0.2069707000000E+00
  0.2069707000000E+00
  0.2069707000000E+00
  0.2069707000000E+00
  0.2069707000000E+00
  0.2069707000000E+00
  0.2069707000000E+00
  0.2069707000000E+00
  0.2069707000000E+00
  0.2035514000000E+00
  0.2035514000000E+00
  0.2035514000000E+00
  0.2035514000000E+00
  0.2035514000000E+00
  0.2035514000000E+00
  0.2035514000000E+00
  0.2035514000000E+00
  0.2035514000000E+00
  0.2035514000000E+00
  0.2035514000000E+00
  0.2035514000000E+00
  0.2035514000000E+00
  0.2035514000000E+00
  0.2035514000000E+00
  0.2035514000000E+00
  0.2035514000000E+00
  0.2035514000000E+00
  0.2035514000000E+00
  0.2035514000000E+00
  0.2035514000000E+00
  0.2035514000000E+00
  0.2035514000000E+00
  0.2035514000000E+00
  0.2035514000000E+00
  0.2035514000000E+00
  0.2035514000000E+00
  0.2035514000000E+00
  0.2035514000000E+00
  0.2035514000000E+00
  0.2035514000000E+00
  0.2035514000000E+00
  0.2035514000000E+00
  0.2035514000000E+00
  0.2035514000000E+00
  0.2035514000000E+00
  0.2097688000000E+00
  0.2097688000000E+00
  0.2097688000000E+00
  0.2097688000000E+00
  0.2097688000000E+00
  0.2097688000000E+00
  0.2097688000000E+00
  0.2097688000000E+00
  0.2097688000000E+00
  0.2097688000000E+00
  0.2097688000000E+00
  0.2097688000000E+00
  0.2097688000000E+00
  0.2097688000000E+00
  0.2097688000000E+00
  0.2097688000000E+00
  0.2097688000000E+00
  0.2097688000000E+00
  0.2097688000000E+00
  0.2097688000000E+00
  0.2097688000000E+00
  0.2097688000000E+00
  0.2097688000000E+00
  0.2097688000000E+00
  0.2097688000000E+00
  0.2097688000000E+00
  0.2097688000000E+00
  0.2097688000000E+00
  0.2097688000000E+00
  0.2097688000000E+00
  0.2097688000000E+00
  0.2097688000000E+00
  0.2097688000000E+00
  0.2097688000000E+00
  0.2097688000000E+00
  0.2097688000000E+00
  0.2242856000000E+00
  0.2242856000000E+00
  0.2242856000000E+00
  0.2242856000000E+00
  0.2242856000000E+00
  0.2242856000000E+00
  0.2242856000000E+00
  0.2242856000000E+00
  0.2242856000000E+00
  0.2242856000000E+00
  0.2242856000000E+00
  0.2242856000000E+00
  0.2242856000000E+00
  0.2242856000000E+00
  0.2242856000000E+00
  0.2242856000000E+00
  0.2242856000000E+00
  0.2242856000000E+00
  0.2242856000000E+00
  0.2242856000000E+00
  0.2242856000000E+00
  0.2242856000000E+00
  0.2242856000000E+00
  0.2242856000000E+00
  0.2242856000000E+00
  0.2242856000000E+00
  0.2242856000000E+00
  0.2242856000000E+00
  0.2242856000000E+00
  0.2242856000000E+00
  0.2242856000000E+00
  0.2242856000000E+00
  0.2242856000000E+00
  0.2242856000000E+00
  0.2242856000000E+00
  0.2242856000000E+00
  0.2356887000000E+00
  0.2356887000000E+00
  0.2356887000000E+00
  0.2356887000000E+00
  0.2356887000000E+00
  0.2356887000000E+00
  0.2356887000000E+00
  0.2356887000000E+00
  0.2356887000000E+00
  0.2356887000000E+00
  0.2356887000000E+00
  0.2356887000000E+00
  0.2356887000000E+00
  0.2356887000000E+00
  0.2356887000000E+00
  0.2356887000000E+00
  0.2356887000000E+00
  0.2356887000000E+00
  0.2356887000000E+00
  0.2356887000000E+00
  0.2356887000000E+00
  0.2356887000000E+00
  0.2356887000000E+00
  0.2356887000000E+00
  0.2356887000000E+00
  0.2356887000000E+00
  0.2356887000000E+00
  0.2356887000000E+00
  0.2356887000000E+00
  0.2356887000000E+00
  0.2356887000000E+00
  0.2356887000000E+00
  0.2356887000000E+00
  0.2356887000000E+00
  0.2356887000000E+00
  0.2356887000000E+00
  0.2349774000000E+00
  0.2349774000000E+00
  0.2349774000000E+00
  0.2349774000000E+00
  0.2349774000000E+00
  0.2349774000000E+00
  0.2349774000000E+00
  0.2349774000000E+00
  0.2349774000000E+00
  0.2349774000000E+00
  0.2349774000000E+00
  0.2349774000000E+00
  0.2349774000000E+00
  0.2349774000000E+00
  0.2349774000000E+00
  0.2349774000000E+00
  0.2349774000000E+00
  0.2349774000000E+00
  0.2349774000000E+00
  0.2349774000000E+00
  0.2349774000000E+00
  0.2349774000000E+00
  0.2349774000000E+00
  0.2349774000000E+00
  0.2349774000000E+00
  0.2349774000000E+00
  0.2349774000000E+00
  0.2349774000000E+00
  0.2349774000000E+00
  0.2349774000000E+00
  0.2349774000000E+00
  0.2349774000000E+00
  0.2349774000000E+00
  0.2349774000000E+00
  0.2349774000000E+00
  0.2349774000000E+00
  0.2177657000000E+00
  0.2177657000000E+00
  0.2177657000000E+00
  0.2177657000000E+00
  0.2177657000000E+00
  0.2177657000000E+00
  0.2177657000000E+00
  0.2177657000000E+00
  0.2177657000000E+00
  0.2177657000000E+00
  0.2177657000000E+00
  0.2177657000000E+00
  0.2177657000000E+00
  0.2177657000000E+00
  0.2177657000000E+00
  0.2177657000000E+00
  0.2177657000000E+00
  0.2177657000000E+00
  0.2177657000000E+00
  0.2177657000000E+00
  0.2177657000000E+00
  0.2177657000000E+00
  0.2177657000000E+00
  0.2177657000000E+00
  0.2177657000000E+00
  0.2177657000000E+00
  0.2177657000000E+00
  0.2177657000000E+00
  0.2177657000000E+00
  0.2177657000000E+00
  0.2177657000000E+00
  0.2177657000000E+00
  0.2177657000000E+00
  0.2177657000000E+00
  0.2177657000000E+00
  0.2177657000000E+00
  0.2056356000000E+00
  0.2056356000000E+00
  0.2056356000000E+00
  0.2056356000000E+00
  0.2056356000000E+00
  0.2056356000000E+00
  0.2056356000000E+00
  0.2056356000000E+00
  0.2056356000000E+00
  0.2056356000000E+00
  0.2056356000000E+00
  0.2056356000000E+00
  0.2056356000000E+00
  0.2056356000000E+00
  0.2056356000000E+00
  0.2056356000000E+00
  0.2056356000000E+00
  0.2056356000000E+00
  0.2056356000000E+00
  0.2056356000000E+00
  0.2056356000000E+00
  0.2056356000000E+00
  0.2056356000000E+00
  0.2056356000000E+00
  0.2056356000000E+00
  0.2056356000000E+00
  0.2056356000000E+00
  0.2056356000000E+00
  0.2056356000000E+00
  0.2056356000000E+00
  0.2056356000000E+00
  0.2056356000000E+00
  0.2056356000000E+00
  0.2056356000000E+00
  0.2056356000000E+00
  0.2056356000000E+00
  0.2025057000000E+00
  0.2025057000000E+00
  0.2025057000000E+00
  0.2025057000000E+00
  0.2025057000000E+00
  0.2025057000000E+00
  0.2025057000000E+00
  0.2025057000000E+00
  0.2025057000000E+00
  0.2025057000000E+00
  0.2025057000000E+00
  0.2025057000000E+00
  0.2025057000000E+00
  0.2025057000000E+00
  0.2025057000000E+00
  0.2025057000000E+00
  0.2025057000000E+00
  0.2025057000000E+00
  0.2025057000000E+00
  0.2025057000000E+00
  0.2025057000000E+00
  0.2025057000000E+00
  0.2025057000000E+00
  0.2025057000000E+00
  0.2025057000000E+00
  0.2025057000000E+00
  0.2025057000000E+00
  0.2025057000000E+00
  0.2025057000000E+00
  0.2025057000000E+00
  0.2025057000000E+00
  0.2025057000000E+00
  0.2025057000000E+00
  0.2025057000000E+00
  0.2025057000000E+00
  0.2025057000000E+00
  0.2079440000000E+00
  0.2079440000000E+00
  0.2079440000000E+00
  0.2079440000000E+00
  0.2079440000000E+00
  0.2079440000000E+00
  0.2079440000000E+00
  0.2079440000000E+00
  0.2079440000000E+00
  0.2079440000000E+00
  0.2079440000000E+00
  0.2079440000000E+00
  0.2079440000000E+00
  0.2079440000000E+00
  0.2079440000000E+00
  0.2079440000000E+00
  0.2079440000000E+00
  0.2079440000000E+00
  0.2079440000000E+00
  0.2079440000000E+00
  0.2079440000000E+00
  0.2079440000000E+00
  0.2079440000000E+00
  0.2079440000000E+00
  0.2079440000000E+00
  0.2079440000000E+00
  0.2079440000000E+00
  0.2079440000000E+00
  0.2079440000000E+00
  0.2079440000000E+00
  0.2079440000000E+00
  0.2079440000000E+00
  0.2079440000000E+00
  0.2079440000000E+00
  0.2079440000000E+00
  0.2079440000000E+00
  0.2245041000000E+00
  0.2245041000000E+00
  0.2245041000000E+00
  0.2245041000000E+00
  0.2245041000000E+00
  0.2245041000000E+00
  0.2245041000000E+00
  0.2245041000000E+00
  0.2245041000000E+00
  0.2245041000000E+00
  0.2245041000000E+00
  0.2245041000000E+00
  0.2245041000000E+00
  0.2245041000000E+00
  0.2245041000000E+00
  0.2245041000000E+00
  0.2245041000000E+00
  0.2245041000000E+00
  0.2245041000000E+00
  0.2245041000000E+00
  0.2245041000000E+00
  0.2245041000000E+00
  0.2245041000000E+00
  0.2245041000000E+00
  0.2245041000000E+00
  0.2245041000000E+00
  0.2245041000000E+00
  0.2245041000000E+00
  0.2245041000000E+00
  0.2245041000000E+00
  0.2245041000000E+00
  0.2245041000000E+00
  0.2245041000000E+00
  0.2245041000000E+00
  0.2245041000000E+00
  0.2245041000000E+00
  0.2194242000000E+00
  0.2194242000000E+00
  0.2194242000000E+00
  0.2194242000000E+00
  0.2194242000000E+00
  0.2194242000000E+00
  0.2194242000000E+00
  0.2194242000000E+00
  0.2194242000000E+00
  0.2194242000000E+00
  0.2194242000000E+00
  0.2194242000000E+00
  0.2194242000000E+00
  0.2194242000000E+00
  0.2194242000000E+00
  0.2194242000000E+00
  0.2194242000000E+00
  0.2194242000000E+00
  0.2194242000000E+00
  0.2194242000000E+00
  0.2194242000000E+00
  0.2194242000000E+00
  0.2194242000000E+00
  0.2194242000000E+00
  0.2194242000000E+00
  0.2194242000000E+00
  0.2194242000000E+00
  0.2194242000000E+00
  0.2194242000000E+00
  0.2194242000000E+00
  0.2194242000000E+00
  0.2194242000000E+00
  0.2194242000000E+00
  0.2194242000000E+00
  0.2194242000000E+00
  0.2194242000000E+00
  0.2130846000000E+00
  0.2130846000000E+00
  0.2130846000000E+00
  0.2130846000000E+00
  0.2130846000000E+00
  0.2130846000000E+00
  0.2130846000000E+00
  0.2130846000000E+00
  0.2130846000000E+00
  0.2130846000000E+00
  0.2130846000000E+00
  0.2130846000000E+00
  0.2130846000000E+00
  0.2130846000000E+00
  0.2130846000000E+00
  0.2130846000000E+00
  0.2130846000000E+00
  0.2130846000000E+00
  0.2130846000000E+00
  0.2130846000000E+00
  0.2130846000000E+00
  0.2130846000000E+00
  0.2130846000000E+00
  0.2130846000000E+00
  0.2130846000000E+00
  0.2130846000000E+00
  0.2130846000000E+00
  0.2130846000000E+00
  0.2130846000000E+00
  0.2130846000000E+00
  0.2130846000000E+00
  0.2130846000000E+00
  0.2130846000000E+00
  0.2130846000000E+00
  0.2130846000000E+00
  0.2130846000000E+00
  0.2099861000000E+00
  0.2099861000000E+00
  0.2099861000000E+00
  0.2099861000000E+00
  0.2099861000000E+00
  0.2099861000000E+00
  0.2099861000000E+00
  0.2099861000000E+00
  0.2099861000000E+00
  0.2099861000000E+00
  0.2099861000000E+00
  0.2099861000000E+00
  0.2099861000000E+00
  0.2099861000000E+00
  0.2099861000000E+00
  0.2099861000000E+00
  0.2099861000000E+00
  0.2099861000000E+00
  0.2099861000000E+00
  0.2099861000000E+00
  0.2099861000000E+00
  0.2099861000000E+00
  0.2099861000000E+00
  0.2099861000000E+00
  0.2099861000000E+00
  0.2099861000000E+00
  0.2099861000000E+00
  0.2099861000000E+00
  0.2099861000000E+00
  0.2099861000000E+00
  0.2099861000000E+00
  0.2099861000000E+00
  0.2099861000000E+00
  0.2099861000000E+00
  0.2099861000000E+00
  0.2099861000000E+00
  0.2158065000000E+00
  0.2158065000000E+00
  0.2158065000000E+00
  0.2158065000000E+00
  0.2158065000000E+00
  0.2158065000000E+00
  0.2158065000000E+00
  0.2158065000000E+00
  0.2158065000000E+00
  0.2158065000000E+00
  0.2158065000000E+00
  0.2158065000000E+00
  0.2158065000000E+00
  0.2158065000000E+00
  0.2158065000000E+00
  0.2158065000000E+00
  0.2158065000000E+00
  0.2158065000000E+00
  0.2158065000000E+00
  0.2158065000000E+00
  0.2158065000000E+00
  0.2158065000000E+00
  0.2158065000000E+00
  0.2158065000000E+00
  0.2158065000000E+00
  0.2158065000000E+00
  0.2158065000000E+00
  0.2158065000000E+00
  0.2158065000000E+00
  0.2158065000000E+00
  0.2158065000000E+00
  0.2158065000000E+00
  0.2158065000000E+00
  0.2158065000000E+00
  0.2158065000000E+00
  0.2158065000000E+00
  0.2247923000000E+00
  0.2247923000000E+00
  0.2247923000000E+00
  0.2247923000000E+00
  0.2247923000000E+00
  0.2247923000000E+00
  0.2247923000000E+00
  0.2247923000000E+00
  0.2247923000000E+00
  0.2247923000000E+00
  0.2247923000000E+00
  0.2247923000000E+00
  0.2247923000000E+00
  0.2247923000000E+00
  0.2247923000000E+00
  0.2247923000000E+00
  0.2247923000000E+00
  0.2247923000000E+00
  0.2247923000000E+00
  0.2247923000000E+00
  0.2247923000000E+00
  0.2247923000000E+00
  0.2247923000000E+00
  0.2247923000000E+00
  0.2247923000000E+00
  0.2247923000000E+00
  0.2247923000000E+00
  0.2247923000000E+00
  0.2247923000000E+00
  0.2247923000000E+00
  0.2247923000000E+00
  0.2247923000000E+00
  0.2247923000000E+00
  0.2247923000000E+00
  0.2247923000000E+00
  0.2247923000000E+00
  0.2364990000000E+00
  0.2364990000000E+00
  0.2364990000000E+00
  0.2364990000000E+00
  0.2364990000000E+00
  0.2364990000000E+00
  0.2364990000000E+00
  0.2364990000000E+00
  0.2364990000000E+00
  0.2364990000000E+00
  0.2364990000000E+00
  0.2364990000000E+00
  0.2364990000000E+00
  0.2364990000000E+00
  0.2364990000000E+00
  0.2364990000000E+00
  0.2364990000000E+00
  0.2364990000000E+00
  0.2364990000000E+00
  0.2364990000000E+00
  0.2364990000000E+00
  0.2364990000000E+00
  0.2364990000000E+00
  0.2364990000000E+00
  0.2364990000000E+00
  0.2364990000000E+00
  0.2364990000000E+00
  0.2364990000000E+00
  0.2364990000000E+00
  0.2364990000000E+00
  0.2364990000000E+00
  0.2364990000000E+00
  0.2364990000000E+00
  0.2364990000000E+00
  0.2364990000000E+00
  0.2364990000000E+00
  0.2514769000000E+00
  0.2514769000000E+00
  0.2514769000000E+00
  0.2514769000000E+00
  0.2514769000000E+00
  0.2514769000000E+00
  0.2514769000000E+00
  0.2514769000000E+00
  0.2514769000000E+00
  0.2514769000000E+00
  0.2514769000000E+00
  0.2514769000000E+00
  0.2514769000000E+00
  0.2514769000000E+00
  0.2514769000000E+00
  0.2514769000000E+00
  0.2514769000000E+00
  0.2514769000000E+00
  0.2514769000000E+00
  0.2514769000000E+00
  0.2514769000000E+00
  0.2514769000000E+00
  0.2514769000000E+00
  0.2514769000000E+00
  0.2514769000000E+00
  0.2514769000000E+00
  0.2514769000000E+00
  0.2514769000000E+00
  0.2514769000000E+00
  0.2514769000000E+00
  0.2514769000000E+00
  0.2514769000000E+00
  0.2514769000000E+00
  0.2514769000000E+00
  0.2514769000000E+00
  0.2514769000000E+00
  0.2847244000000E+00
  0.2847244000000E+00
  0.2847244000000E+00
  0.2847244000000E+00
  0.2847244000000E+00
  0.2847244000000E+00
  0.2847244000000E+00
  0.2847244000000E+00
  0.2847244000000E+00
  0.2847244000000E+00
  0.2847244000000E+00
  0.2847244000000E+00
  0.2847244000000E+00
  0.2847244000000E+00
  0.2847244000000E+00
  0.2847244000000E+00
  0.2847244000000E+00
  0.2847244000000E+00
  0.2847244000000E+00
  0.2847244000000E+00
  0.2847244000000E+00
  0.2847244000000E+00
  0.2847244000000E+00
  0.2847244000000E+00
  0.2847244000000E+00
  0.2847244000000E+00
  0.2847244000000E+00
  0.2847244000000E+00
  0.2847244000000E+00
  0.2847244000000E+00
  0.2847244000000E+00
  0.2847244000000E+00
  0.2847244000000E+00
  0.2847244000000E+00
  0.2847244000000E+00
  0.2847244000000E+00
  0.3245715000000E+00
  0.3245715000000E+00
  0.3245715000000E+00
  0.3245715000000E+00
  0.3245715000000E+00
  0.3245715000000E+00
  0.3245715000000E+00
  0.3245715000000E+00
  0.3245715000000E+00
  0.3245715000000E+00
  0.3245715000000E+00
  0.3245715000000E+00
  0.3245715000000E+00
  0.3245715000000E+00
  0.3245715000000E+00
  0.3245715000000E+00
  0.3245715000000E+00
  0.3245715000000E+00
  0.3245715000000E+00
  0.3245715000000E+00
  0.3245715000000E+00
  0.3245715000000E+00
  0.3245715000000E+00
  0.3245715000000E+00
  0.3245715000000E+00
  0.3245715000000E+00
  0.3245715000000E+00
  0.3245715000000E+00
  0.3245715000000E+00
  0.3245715000000E+00
  0.3245715000000E+00
  0.3245715000000E+00
  0.3245715000000E+00
  0.3245715000000E+00
  0.3245715000000E+00
  0.3245715000000E+00
  0.3664701000000E+00
  0.3664701000000E+00
  0.3664701000000E+00
  0.3664701000000E+00
  0.3664701000000E+00
  0.3664701000000E+00
  0.3664701000000E+00
  0.3664701000000E+00
  0.3664701000000E+00
  0.3664701000000E+00
  0.3664701000000E+00
  0.3664701000000E+00
  0.3664701000000E+00
  0.3664701000000E+00
  0.3664701000000E+00
  0.3664701000000E+00
  0.3664701000000E+00
  0.3664701000000E+00
  0.3664701000000E+00
  0.3664701000000E+00
  0.3664701000000E+00
  0.3664701000000E+00
  0.3664701000000E+00
  0.3664701000000E+00
  0.3664701000000E+00
  0.3664701000000E+00
  0.3664701000000E+00
  0.3664701000000E+00
  0.3664701000000E+00
  0.3664701000000E+00
  0.3664701000000E+00
  0.3664701000000E+00
  0.3664701000000E+00
  0.3664701000000E+00
  0.3664701000000E+00
  0.3664701000000E+00
  0.3898200000000E+00
  0.3898200000000E+00
  0.3898200000000E+00
  0.3898200000000E+00
  0.3898200000000E+00
  0.3898200000000E+00
  0.3898200000000E+00
  0.3898200000000E+00
  0.3898200000000E+00
  0.3898200000000E+00
  0.3898200000000E+00
  0.3898200000000E+00
  0.3898200000000E+00
  0.3898200000000E+00
  0.3898200000000E+00
  0.3898200000000E+00
  0.3898200000000E+00
  0.3898200000000E+00
  0.3898200000000E+00
  0.3898200000000E+00
  0.3898200000000E+00
  0.3898200000000E+00
  0.3898200000000E+00
  0.3898200000000E+00
  0.3898200000000E+00
  0.3898200000000E+00
  0.3898200000000E+00
  0.3898200000000E+00
  0.3898200000000E+00
  0.3898200000000E+00
  0.3898200000000E+00
  0.3898200000000E+00
  0.3898200000000E+00
  0.3898200000000E+00
  0.3898200000000E+00
  0.3898200000000E+00
  0.4108438000000E+00
  0.4108438000000E+00
  0.4108438000000E+00
  0.4108438000000E+00
  0.4108438000000E+00
  0.4108438000000E+00
  0.4108438000000E+00
  0.4108438000000E+00
  0.4108438000000E+00
  0.4108438000000E+00
  0.4108438000000E+00
  0.4108438000000E+00
  0.4108438000000E+00
  0.4108438000000E+00
  0.4108438000000E+00
  0.4108438000000E+00
  0.4108438000000E+00
  0.4108438000000E+00
  0.4108438000000E+00
  0.4108438000000E+00
  0.4108438000000E+00
  0.4108438000000E+00
  0.4108438000000E+00
  0.4108438000000E+00
  0.4108438000000E+00
  0.4108438000000E+00
  0.4108438000000E+00
  0.4108438000000E+00
  0.4108438000000E+00
  0.4108438000000E+00
  0.4108438000000E+00
  0.4108438000000E+00
  0.4108438000000E+00
  0.4108438000000E+00
  0.4108438000000E+00
  0.4108438000000E+00
  0.4173363000000E+00
  0.4173363000000E+00
  0.4173363000000E+00
  0.4173363000000E+00
  0.4173363000000E+00
  0.4173363000000E+00
  0.4173363000000E+00
  0.4173363000000E+00
  0.4173363000000E+00
  0.4173363000000E+00
  0.4173363000000E+00
  0.4173363000000E+00
  0.4173363000000E+00
  0.4173363000000E+00
  0.4173363000000E+00
  0.4173363000000E+00
  0.4173363000000E+00
  0.4173363000000E+00
  0.4173363000000E+00
  0.4173363000000E+00
  0.4173363000000E+00
  0.4173363000000E+00
  0.4173363000000E+00
  0.4173363000000E+00
  0.4173363000000E+00
  0.4173363000000E+00
  0.4173363000000E+00
  0.4173363000000E+00
  0.4173363000000E+00
  0.4173363000000E+00
  0.4173363000000E+00
  0.4173363000000E+00
  0.4173363000000E+00
  0.4173363000000E+00
  0.4173363000000E+00
  0.4173363000000E+00
  0.4320535000000E+00
  0.4320535000000E+00
  0.4320535000000E+00
  0.4320535000000E+00
  0.4320535000000E+00
  0.4320535000000E+00
  0.4320535000000E+00
  0.4320535000000E+00
  0.4320535000000E+00
  0.4320535000000E+00
  0.4320535000000E+00
  0.4320535000000E+00
  0.4320535000000E+00
  0.4320535000000E+00
  0.4320535000000E+00
  0.4320535000000E+00
  0.4320535000000E+00
  0.4320535000000E+00
  0.4320535000000E+00
  0.4320535000000E+00
  0.4320535000000E+00
  0.4320535000000E+00
  0.4320535000000E+00
  0.4320535000000E+00
  0.4320535000000E+00
  0.4320535000000E+00
  0.4320535000000E+00
  0.4320535000000E+00
  0.4320535000000E+00
  0.4320535000000E+00
  0.4320535000000E+00
  0.4320535000000E+00
  0.4320535000000E+00
  0.4320535000000E+00
  0.4320535000000E+00
  0.4320535000000E+00
  0.6722016369187E+00
  0.6725589856519E+00
  0.6716967268687E+00
  0.7000000000000E+00
  0.7000000000000E+00
  0.7000000000000E+00
  0.7000000000000E+00
  0.6919778115857E+00
  0.6867910176993E+00
  0.6701743287380E+00
  0.6978033594655E+00
  0.7000000000000E+00
  0.4698463000000E+00
  0.4698463000000E+00
  0.4698463000000E+00
  0.4698463000000E+00
  0.4698463000000E+00
  0.7000000000000E+00
  0.7000000000000E+00
  0.7000000000000E+00
  0.6735880499700E+00
  0.6781433900722E+00
  0.6997523666419E+00
  0.6997990574309E+00
  0.6998415681713E+00
  0.6998818227793E+00
  0.6999118861945E+00
  0.7000000000000E+00
  0.7000000000000E+00
  0.7000000000000E+00
  0.7000000000000E+00
  0.6998377366683E+00
  0.6998209279825E+00
  0.6998128237762E+00
  0.6998087989536E+00
  0.6723314830504E+00
  0.9247607875975E+00
  0.9247607875975E+00
  0.9247607875975E+00
  0.9247607875975E+00
  0.9247607875975E+00
  0.9247607875975E+00
  0.9247607875975E+00
  0.9247607875975E+00
  0.9247607875975E+00
  0.9247607875975E+00
  0.9247607875975E+00
  0.9247607875975E+00
  0.9247607875975E+00
  0.9247607875975E+00
  0.9247607875975E+00
  0.9247607875975E+00
  0.9247607875975E+00
  0.9247607875975E+00
  0.9247607875975E+00
  0.9247607875975E+00
  0.9247607875975E+00
  0.9247607875975E+00
  0.9247607875975E+00
  0.9247607875975E+00
  0.9247607875975E+00
  0.9247607875975E+00
  0.9247607875975E+00
  0.9247607875975E+00
  0.9247607875975E+00
  0.9247607875975E+00
  0.9247607875975E+00
  0.9247607875975E+00
  0.9247607875975E+00
  0.9247607875975E+00
  0.9247607875975E+00
  0.9247607875975E+00
  0.2072560339872E+01
  0.2072560339872E+01
  0.2072560339872E+01
  0.2072560339872E+01
  0.2072560339872E+01
  0.2072560339872E+01
  0.2072560339872E+01
  0.2072560339872E+01
  0.2072560339872E+01
  0.2072560339872E+01
  0.2072560339872E+01
  0.2072560339872E+01
  0.2072560339872E+01
  0.2072560339872E+01
  0.2072560339872E+01
  0.2072560339872E+01
  0.2072560339872E+01
  0.2072560339872E+01
  0.2072560339872E+01
  0.2072560339872E+01
  0.2072560339872E+01
  0.2072560339872E+01
  0.2072560339872E+01
  0.2072560339872E+01
  0.2072560339872E+01
  0.2072560339872E+01
  0.2072560339872E+01
  0.2072560339872E+01
  0.2072560339872E+01
  0.2072560339872E+01
  0.2072560339872E+01
  0.2072560339872E+01
  0.2072560339872E+01
  0.2072560339872E+01
  0.2072560339872E+01
  0.2072560339872E+01
  0.5522752096428E+01
  0.6026013690132E+01
  0.6192425123123E+01
  0.6262486869166E+01
  0.6529258131467E+01
  0.6538330636184E+01
  0.6635047954075E+01
  0.6682145676308E+01
  0.6664525657115E+01
  0.6547523652946E+01
  0.4558518247849E+01
  0.3757156323287E+01
  0.5424174187403E+01
  0.5714133331390E+01
  0.5766010935109E+01
  0.4042540899370E+01
  0.0000000000000E+00
  0.0000000000000E+00
  0.0000000000000E+00
  0.0000000000000E+00
  0.0000000000000E+00
  0.0000000000000E+00
  0.0000000000000E+00
  0.0000000000000E+00
  0.0000000000000E+00
  0.0000000000000E+00
  0.0000000000000E+00
  0.0000000000000E+00
  0.0000000000000E+00
  0.0000000000000E+00
  0.0000000000000E+00
  0.0000000000000E+00
  0.3733571160913E+01
  0.5189060502595E+01
  0.5263961700832E+01
  0.5203756776790E+01
  0.5765003632204E+01
  0.6301389071225E+01
  0.6726850249681E+01
  0.6973838414789E+01
  0.7229612391021E+01
  0.7462462924281E+01
  0.7609418228545E+01
  0.7694027088197E+01
  0.7752186266084E+01
  0.7749978870262E+01
  0.7052609593004E+01
  0.6270229455184E+01
  0.4421905532851E+01
  0.1810524360935E+01
  0.1585922163188E+01
  0.0000000000000E+00
  0.0000000000000E+00
  0.0000000000000E+00
  0.0000000000000E+00
  0.0000000000000E+00
  0.0000000000000E+00
  0.0000000000000E+00
  0.0000000000000E+00
  0.0000000000000E+00
  0.0000000000000E+00
  0.0000000000000E+00
  0.0000000000000E+00
  0.0000000000000E+00
  0.0000000000000E+00
  0.0000000000000E+00
  0.0000000000000E+00
  0.0000000000000E+00
  0.4072634669710E+01
  0.5573641623649E+01
  0.5468437423243E+01
  0.5467702690683E+01
  0.5793218416143E+01
  0.6005033983028E+01
  0.6216250218970E+01
  0.6421181548141E+01
  0.6696068516633E+01
  0.7015930929716E+01
  0.7274260988248E+01
  0.7457143050129E+01
  0.7583315531465E+01
  0.7665278155377E+01
  0.7675347004153E+01
  0.7379340526835E+01
  0.5023613164921E+01
  0.0000000000000E+00
  0.0000000000000E+00
  0.0000000000000E+00
  0.0000000000000E+00
  0.0000000000000E+00
  0.0000000000000E+00
  0.0000000000000E+00
  0.0000000000000E+00
  0.4704298369960E+01
  0.6585347586263E+01
  0.4601967539083E+01
  0.0000000000000E+00
  0.0000000000000E+00
  0.0000000000000E+00
  0.0000000000000E+00
  0.0000000000000E+00
  0.0000000000000E+00
  0.0000000000000E+00
  0.0000000000000E+00
  0.3997466517929E+01
  0.5738914436028E+01
  0.5797946059833E+01
  0.5635938516888E+01
  0.5378896459423E+01
  0.5206445239977E+01
  0.5091099828911E+01
  0.5170198103706E+01
  0.5400057283291E+01
  0.5699396308451E+01
  0.5983062065250E+01
  0.6194993657745E+01
  0.6355016483270E+01
  0.6514959800861E+01
  0.6675114218040E+01
  0.6617389952899E+01
  0.6025453379376E+01
  0.4003268895060E+01
  0.0000000000000E+00
  0.0000000000000E+00
  0.0000000000000E+00
  0.0000000000000E+00
  0.0000000000000E+00
  0.0000000000000E+00
  0.4553200934354E+01
  0.6593956175541E+01
  0.6588640783632E+01
  0.4466329623717E+01
  0.0000000000000E+00
  0.0000000000000E+00
  0.0000000000000E+00
  0.4456674337872E+01
  0.6213901887112E+01
  0.4289539512671E+01
  0.0000000000000E+00
  0.0000000000000E+00
  0.3893871457868E+01
  0.5563866259153E+01
  0.5480709129350E+01
  0.5358890891652E+01
  0.4434747092816E+01
  0.3849042246170E+01
  0.3383672428183E+01
  0.3249640301726E+01
  0.3389484331476E+01
  0.3617143396475E+01
  0.3899395645044E+01
  0.4161644405245E+01
  0.4395881216548E+01
  0.4651343927065E+01
  0.4992619869010E+01
  0.5254515851363E+01
  0.5318285961893E+01
  0.3776676275816E+01
  0.0000000000000E+00
  0.0000000000000E+00
  0.0000000000000E+00
  0.0000000000000E+00
  0.0000000000000E+00
  0.4344218711890E+01
  0.6102814687328E+01
  0.6040675842013E+01
  0.5781747079880E+01
  0.3841578842091E+01
  0.0000000000000E+00
  0.0000000000000E+00
  0.4473132295219E+01
  0.6096677523671E+01
  0.5704223782437E+01
  0.3656403950079E+01
  0.0000000000000E+00
  0.0000000000000E+00
  0.3644980256243E+01
  0.5221210383992E+01
  0.4857070238205E+01
  0.4730516175920E+01
  0.2968975862944E+01
  0.2531790362625E+01
  0.2445485693332E+01
  0.2509116726604E+01
  0.2512104827828E+01
  0.2442035077513E+01
  0.2299816691768E+01
  0.2047761467967E+01
  0.1743318848752E+01
  0.1869204336144E+01
  0.2594187910294E+01
  0.3186346518161E+01
  0.4272207273973E+01
  0.5060070169003E+01
  0.4759457012816E+01
  0.2949501704982E+01
  0.0000000000000E+00
  0.2025862551340E+01
  0.4179482006918E+01
  0.5413173131224E+01
  0.5221194392388E+01
  0.4675740451493E+01
  0.4219203588600E+01
  0.4322629298560E+01
  0.4777321439028E+01
  0.5067296028064E+01
  0.5334644369343E+01
  0.4888478898136E+01
  0.3848337755572E+01
  0.2180111359188E+01
  0.0000000000000E+00
  0.0000000000000E+00
  0.3427681690864E+01
  0.4079810835137E+01
  0.3382914645436E+01
  0.3403813763360E+01
  0.3288357808523E+01
  0.3653277897512E+01
  0.3893070425896E+01
  0.4046668136084E+01
  0.4165235496020E+01
  0.4229490663347E+01
  0.4185875252685E+01
  0.4028045812077E+01
  0.3730338277654E+01
  0.3270551192981E+01
  0.2667140541604E+01
  0.1681887235918E+01
  0.3100381696607E+01
  0.4174273842117E+01
  0.4353698669489E+01
  0.2834423289598E+01
  0.0000000000000E+00
  0.1349842842345E+01
  0.3082617937372E+01
  0.3785672629180E+01
  0.3126475746926E+01
  0.2789675740101E+01
  0.1215409438786E+01
  0.2021356733515E+01
  0.1670537831956E+01
  0.2359486824748E+01
  0.2817472775668E+01
  0.2493641791234E+01
  0.1366568618756E+01
  0.1356845912685E+01
  0.0000000000000E+00
  0.0000000000000E+00
  0.3313843708872E+01
  0.2224079721127E+01
  0.2273219875504E+01
  0.2855065401147E+01
  0.4484235152194E+01
  0.4706700924263E+01
  0.4892697286263E+01
  0.5060713104634E+01
  0.5232109939140E+01
  0.5337197725774E+01
  0.5328009264451E+01
  0.5178037684764E+01
  0.4899776632102E+01
  0.4557453847387E+01
  0.4241799995889E+01
  0.4027417731633E+01
  0.4214908090910E+01
  0.4026423556756E+01
  0.4233284089825E+01
  0.4062367417396E+01
  0.0000000000000E+00
  0.2864904031200E+01
  0.3146056817735E+01
  0.1832288752305E+01
  0.2438143438233E+01
  0.3568820272607E+01
  0.4209571069902E+01
  0.4766022102505E+01
  0.4635723252459E+01
  0.4078551909648E+01
  0.3581849748962E+01
  0.3675158568984E+01
  0.4293247165771E+01
  0.2979651709125E+01
  0.0000000000000E+00
  0.0000000000000E+00
  0.3308896673045E+01
  0.3624613177592E+01
  0.3811816830944E+01
  0.4181761814473E+01
  0.4977875388658E+01
  0.5133875924855E+01
  0.5304607648449E+01
  0.5481589380442E+01
  0.5651097746863E+01
  0.5725527763417E+01
  0.5685065857122E+01
  0.5503022093928E+01
  0.5238689356514E+01
  0.5018265079259E+01
  0.4941938525254E+01
  0.5020158823875E+01
  0.5172147092297E+01
  0.3671579387922E+01
  0.4897295964803E+01
  0.5749810811932E+01
  0.0000000000000E+00
  0.1980780498848E+01
  0.3371517616825E+01
  0.4123317587885E+01
  0.4277293779218E+01
  0.4689921076245E+01
  0.5246919674537E+01
  0.5695085530291E+01
  0.5552325938354E+01
  0.5259497494061E+01
  0.5031113523594E+01
  0.5098652200415E+01
  0.5427399935104E+01
  0.4482207647025E+01
  0.0000000000000E+00
  0.0000000000000E+00
  0.3585760411310E+01
  0.4558488113791E+01
  0.4564085997105E+01
  0.4805743671328E+01
  0.5167467409323E+01
  0.5259087668913E+01
  0.5374846213910E+01
  0.5481419620835E+01
  0.5543067122910E+01
  0.5524792759426E+01
  0.5431409013216E+01
  0.5287386453593E+01
  0.5216177957846E+01
  0.5297887363130E+01
  0.5510021438068E+01
  0.5687496327019E+01
  0.5629018465472E+01
  0.4640565582299E+01
  0.5779157834691E+01
  0.6041364607718E+01
  0.0000000000000E+00
  0.0000000000000E+00
  0.4054780849065E+01
  0.5060457086763E+01
  0.5021884476071E+01
  0.5272502898757E+01
  0.5503256695952E+01
  0.5552060926621E+01
  0.3426262342790E+01
  0.3977503454633E+01
  0.5605374136491E+01
  0.5859150354821E+01
  0.5971222530486E+01
  0.5940190433955E+01
  0.2157371834147E+01
  0.0000000000000E+00
  0.3661793157034E+01
  0.4930663846983E+01
  0.4990596939125E+01
  0.5098374137052E+01
  0.5044999459937E+01
  0.5067123170775E+01
  0.5067869120324E+01
  0.5000813623537E+01
  0.4853223705560E+01
  0.4698331968284E+01
  0.4605881004267E+01
  0.4703343243365E+01
  0.5049351610132E+01
  0.5501508283628E+01
  0.5860657781169E+01
  0.5958654295265E+01
  0.5841880693803E+01
  0.5138806767585E+01
  0.5819852403326E+01
  0.6270900041979E+01
  0.0000000000000E+00
  0.0000000000000E+00
  0.4116411196886E+01
  0.5280009160999E+01
  0.5167994483698E+01
  0.5210042338528E+01
  0.5195714091240E+01
  0.5213610835135E+01
  0.2298858579650E+01
  0.1659818803827E+01
  0.1171918269663E+01
  0.4548650808616E+01
  0.6119732079849E+01
  0.5589775937350E+01
  0.1817485922070E+01
  0.0000000000000E+00
  0.3657825973565E+01
  0.5114883438930E+01
  0.5117641352998E+01
  0.5062457896973E+01
  0.4554727956078E+01
  0.4510615605354E+01
  0.4374969982725E+01
  0.4087418867234E+01
  0.3698914970706E+01
  0.3462434399390E+01
  0.3597310729786E+01
  0.4141589614208E+01
  0.4823443686951E+01
  0.5434608960902E+01
  0.5812453485058E+01
  0.5833715190494E+01
  0.5524706928594E+01
  0.4976398768501E+01
  0.5370843941769E+01
  0.6117673081065E+01
  0.0000000000000E+00
  0.0000000000000E+00
  0.1734566724885E+01
  0.3229056134708E+01
  0.4775859685612E+01
  0.4808544242086E+01
  0.4684955321815E+01
  0.4609930551578E+01
  0.1887393469451E+01
  0.1643565636049E+01
  0.0000000000000E+00
  0.2665127735429E+01
  0.5160215871044E+01
  0.5165303404287E+01
  0.1688248313854E+01
  0.0000000000000E+00
  0.3522279322024E+01
  0.4939280391692E+01
  0.4813286733318E+01
  0.4630488051109E+01
  0.3588759026281E+01
  0.3455320524984E+01
  0.3178059615327E+01
  0.2723155227165E+01
  0.2357401259178E+01
  0.2539700758396E+01
  0.3156753340726E+01
  0.3882436535097E+01
  0.4554314167872E+01
  0.5065692699172E+01
  0.5336242841689E+01
  0.5259527752915E+01
  0.4791345836442E+01
  0.4271300508039E+01
  0.4733165084518E+01
  0.5322059406800E+01
  0.0000000000000E+00
  0.0000000000000E+00
  0.0000000000000E+00
  0.2944011507660E+01
  0.4353202786409E+01
  0.4439886430751E+01
  0.4215649757946E+01
  0.3974468012354E+01
  0.1936397542884E+01
  0.1494683007646E+01
  0.7203061315003E+00
  0.0000000000000E+00
  0.4874528724294E+01
  0.4621840109445E+01
  0.1202382391498E+01
  0.2878652183124E+01
  0.4180293765616E+01
  0.4281181641735E+01
  0.3970932776747E+01
  0.3706009095520E+01
  0.3340509411195E+01
  0.3330341323918E+01
  0.3344712331708E+01
  0.3485116712264E+01
  0.3732620611580E+01
  0.4036801486438E+01
  0.4381748430852E+01
  0.4705438651702E+01
  0.4962680846386E+01
  0.5124437362501E+01
  0.5108997897083E+01
  0.4752281071821E+01
  0.3989914344969E+01
  0.3313966809402E+01
  0.4096528128845E+01
  0.4145100111803E+01
  0.0000000000000E+00
  0.0000000000000E+00
  0.0000000000000E+00
  0.2593807750764E+01
  0.3692196172105E+01
  0.3968170870598E+01
  0.3741998608262E+01
  0.3340950370664E+01
  0.1730611562474E+01
  0.1253236921852E+01
  0.1620341384882E+01
  0.9064714175137E+00
  0.4449555715037E+01
  0.3877224348774E+01
  0.2676155780746E+01
  0.3555198410677E+01
  0.3643598706527E+01
  0.3552128459764E+01
  0.3350934528038E+01
  0.3325019157235E+01
  0.4546476784369E+01
  0.4708848006785E+01
  0.4900054302431E+01
  0.5124671931433E+01
  0.5379309903958E+01
  0.5671316367389E+01
  0.5958212347246E+01
  0.6122833529531E+01
  0.6086358966640E+01
  0.5869276203294E+01
  0.5457385048930E+01
  0.4720958637959E+01
  0.3482148982034E+01
  0.2321230297068E+01
  0.3821523603812E+01
  0.3293887961804E+01
  0.0000000000000E+00
  0.0000000000000E+00
  0.0000000000000E+00
  0.2395300741382E+01
  0.2997764374555E+01
  0.3235809208913E+01
  0.3090997417153E+01
  0.2841789999776E+01
  0.1870977980390E+01
  0.1809485256922E+01
  0.2219931056634E+01
  0.1064485646830E+01
  0.2901068768575E+01
  0.2756110772005E+01
  0.3157748865618E+01
  0.3510830269052E+01
  0.3690927813807E+01
  0.3917379482200E+01
  0.4161346701937E+01
  0.4378613747011E+01
  0.5059337362350E+01
  0.5216818041310E+01
  0.5384081081820E+01
  0.5572918616111E+01
  0.5822464759833E+01
  0.6133900171795E+01
  0.6439715563657E+01
  0.6616551044178E+01
  0.6574238701951E+01
  0.6290976729436E+01
  0.5754345774541E+01
  0.4940161060702E+01
  0.3692824644847E+01
  0.1094993983551E+01
  0.3779423394942E+01
  0.4247691829772E+01
  0.2908917535918E+01
  0.0000000000000E+00
  0.0000000000000E+00
  0.1801965395249E+01
  0.2408100944689E+01
  0.2064499956723E+01
  0.1948353981668E+01
  0.2069364544876E+01
  0.1829902692629E+01
  0.1857117304957E+01
  0.1791557402845E+01
  0.1599327369861E+01
  0.0000000000000E+00
  0.2186338292645E+01
  0.3304369027780E+01
  0.3622295066332E+01
  0.4035273736074E+01
  0.4412975314593E+01
  0.4692684739220E+01
  0.4895893152467E+01
  0.4909876019311E+01
  0.5076588125513E+01
  0.5251240986386E+01
  0.5451542972079E+01
  0.5715610414646E+01
  0.6032640230501E+01
  0.6343964021328E+01
  0.6552858804989E+01
  0.6572199811428E+01
  0.6375360078079E+01
  0.5949979175605E+01
  0.5313056182517E+01
  0.4429505933408E+01
  0.2806059706126E+01
  0.3112354201123E+01
  0.3927706913581E+01
  0.2672204678941E+01
  0.0000000000000E+00
  0.0000000000000E+00
  0.2569075079178E+01
  0.2643082342251E+01
  0.1513665094170E+01
  0.2184863938477E+01
  0.1364794294379E+01
  0.9135639961102E+00
  0.1270252715651E+01
  0.1714582434569E+01
  0.2960012875656E+01
  0.2381138383211E+01
  0.2006573099241E+01
  0.2968273809879E+01
  0.3314212652842E+01
  0.3780429553696E+01
  0.4210285531319E+01
  0.4522964937254E+01
  0.4739208551220E+01
  0.4293730268319E+01
  0.4492572203186E+01
  0.4711023829993E+01
  0.4963036665622E+01
  0.5285733017106E+01
  0.5663533942105E+01
  0.6041683031412E+01
  0.6347638322484E+01
  0.6492992849369E+01
  0.6469601862240E+01
  0.6291472144393E+01
  0.5956002770718E+01
  0.5501840999006E+01
  0.4742206397707E+01
  0.2752715743029E+01
  0.2966694976278E+01
  0.2460141772025E+01
  0.0000000000000E+00
  0.0000000000000E+00
  0.3249553760402E+01
  0.2930877213349E+01
  0.2524141696840E+01
  0.2645802189566E+01
  0.2978939304804E+01
  0.2424539813974E+01
  0.2732543700969E+01
  0.3380204741535E+01
  0.4125114133492E+01
  0.3815140133318E+01
  0.3133202411491E+01
  0.2850283419018E+01
  0.2872205324717E+01
  0.3145004326629E+01
  0.3535882535483E+01
  0.3858751844942E+01
  0.4098203195765E+01
  0.3625352254635E+01
  0.3705145944101E+01
  0.3829480572286E+01
  0.4019027373217E+01
  0.4319904720432E+01
  0.4733889979327E+01
  0.5205069215870E+01
  0.5660596670981E+01
  0.6006480563906E+01
  0.6247562215095E+01
  0.6431684033926E+01
  0.6537481002342E+01
  0.6593164025332E+01
  0.6725356997968E+01
  0.6222005007581E+01
  0.3583317952077E+01
  0.0000000000000E+00
  0.0000000000000E+00
  0.0000000000000E+00
  0.4006002357877E+01
  0.2763037057056E+01
  0.3144077971499E+01
  0.2326074879230E+01
  0.3710897219659E+01
  0.3966715622422E+01
  0.4220203783686E+01
  0.4671885917968E+01
  0.5109410967632E+01
  0.4928455238265E+01
  0.4550341809955E+01
  0.4118924125369E+01
  0.3725465821355E+01
  0.3471002785811E+01
  0.3454145730226E+01
  0.3507093618810E+01
  0.3571316258591E+01
  0.4223908279463E+01
  0.4074774856094E+01
  0.3933986693639E+01
  0.3878739037489E+01
  0.3955366961122E+01
  0.4209974407668E+01
  0.4623802313702E+01
  0.5115338439869E+01
  0.5570587044313E+01
  0.5974298879729E+01
  0.6356059876514E+01
  0.6684818244852E+01
  0.7010047821827E+01
  0.7739523542245E+01
  0.8829115658936E+01
  0.8374207975416E+01
  0.7144571049460E+01
  0.5636735997575E+01
  0.5229248131141E+01
  0.5307265860027E+01
  0.3083366848516E+01
  0.2801605731287E+01
  0.1975191285771E+01
  0.4564517139824E+01
  0.5390605769970E+01
  0.5566503951200E+01
  0.5829738563773E+01
  0.6114833045585E+01
  0.6254196617770E+01
  0.6230180734400E+01
  0.6042783473036E+01
  0.5738710689563E+01
  0.5299446477549E+01
  0.4877388426930E+01
  0.4562875085932E+01
  0.4369097255610E+01
  0.6074736843043E+01
  0.5916159554844E+01
  0.5617504244860E+01
  0.5212444275542E+01
  0.4836279066348E+01
  0.4641001577431E+01
  0.4684117018427E+01
  0.4949274784959E+01
  0.5358443211131E+01
  0.5807717579506E+01
  0.6243655630965E+01
  0.6640793757783E+01
  0.7061904938046E+01
  0.7743108741926E+01
  0.9063732657177E+01
  0.8631968168375E+01
  0.7528459708913E+01
  0.6497836601287E+01
  0.6494696893923E+01
  0.6288870525034E+01
  0.4543831264917E+01
  0.1791858077585E+01
  0.4305248496357E+01
  0.6502506675183E+01
  0.6480227122637E+01
  0.6555860046430E+01
  0.6633264900956E+01
  0.6791951032510E+01
  0.7014086870893E+01
  0.7220631037905E+01
  0.7284167118168E+01
  0.7204197569127E+01
  0.6973965508906E+01
  0.6673960949013E+01
  0.6387244677957E+01
  0.6191074226166E+01
  0.7176352772391E+01
  0.7160571996468E+01
  0.7053611240990E+01
  0.6787450097781E+01
  0.6387619653766E+01
  0.5929298001410E+01
  0.5530284224019E+01
  0.5330634256104E+01
  0.5414906644728E+01
  0.5718159732882E+01
  0.6126865889078E+01
  0.6567180401854E+01
  0.7057705133974E+01
  0.7701932024347E+01
  0.8519176414979E+01
  0.8401884989822E+01
  0.7617836888618E+01
  0.6967613125631E+01
  0.6915675617286E+01
  0.6882042913601E+01
  0.6023144332009E+01
  0.3341849372843E+01
  0.4439758904300E+01
  0.6706643268830E+01
  0.7013261616709E+01
  0.7085644500972E+01
  0.7051233121385E+01
  0.7075771108399E+01
  0.7268417717618E+01
  0.7553557970777E+01
  0.7761777982813E+01
  0.7834168577897E+01
  0.7761655269845E+01
  0.7593100497333E+01
  0.7382771440143E+01
  0.7225502057337E+01
  0.7524273768244E+01
  0.7578935755945E+01
  0.7643386196603E+01
  0.7615142300714E+01
  0.7440835119583E+01
  0.7115524022431E+01
  0.6663218837990E+01
  0.6204657490229E+01
  0.5897056505617E+01
  0.5823817367684E+01
  0.5978932904688E+01
  0.6285527934297E+01
  0.6670169664726E+01
  0.7148344180661E+01
  0.7633030648787E+01
  0.7649429977587E+01
  0.7248546651193E+01
  0.6879037065111E+01
  0.6748737054176E+01
  0.6859058073451E+01
  0.6779971782868E+01
  0.5727831284344E+01
  0.5910910562968E+01
  0.6479370967850E+01
  0.6998333904623E+01
  0.7163892150126E+01
  0.7138327427315E+01
  0.7082934154819E+01
  0.7189000121143E+01
  0.7452880336273E+01
  0.7727159143893E+01
  0.7902856048815E+01
  0.7935981733539E+01
  0.7854139103748E+01
  0.7696789990195E+01
  0.7559476871117E+01
  0.7181334091895E+01
  0.7242164381987E+01
  0.7386623969090E+01
  0.7519556429911E+01
  0.7534403924508E+01
  0.7411632128687E+01
  0.7139830025428E+01
  0.6758558813019E+01
  0.6345807337583E+01
  0.5998240957329E+01
  0.5808849615132E+01
  0.5818726272789E+01
  0.5966551649345E+01
  0.6179202055341E+01
  0.6378462639958E+01
  0.6382868897671E+01
  0.6255055909213E+01
  0.6061731391611E+01
  0.5862460390290E+01
  0.6067410140896E+01
  0.6183134184833E+01
  0.4682570740846E+01
  0.4882463088564E+01
  0.5562007090772E+01
  0.6211804876863E+01
  0.6538344876654E+01
  0.6624671968619E+01
  0.6598713784745E+01
  0.6659490054301E+01
  0.6864035071066E+01
  0.7134616120776E+01
  0.7358300360488E+01
  0.7464488967559E+01
  0.7447621613471E+01
  0.7339311803332E+01
  0.7222163090055E+01
  0.6318522470746E+01
  0.6361979415556E+01
  0.6505911074498E+01
  0.6698664814596E+01
  0.6804837535609E+01
  0.6815007249514E+01
  0.6713252918892E+01
  0.6477833223101E+01
  0.6134238623745E+01
  0.5737690982101E+01
  0.5354327235659E+01
  0.5073054658054E+01
  0.4929476799436E+01
  0.4869543690449E+01
  0.4808553044168E+01
  0.4714132851248E+01
  0.4795859361518E+01
  0.5048896053623E+01
  0.4841366775839E+01
  0.5154955589243E+01
  0.5043218539549E+01
  0.1554528881133E+01
  0.2676671444838E+01
  0.3737055596321E+01
  0.4600824710816E+01
  0.5100021238051E+01
  0.5342343735840E+01
  0.5440396746826E+01
  0.5589326362010E+01
  0.5804198156070E+01
  0.6051380607885E+01
  0.6287154097670E+01
  0.6436381176296E+01
  0.6479762911856E+01
  0.6434964976660E+01
  0.6354218362238E+01
  0.4376445428504E+01
  0.4416415688529E+01
  0.4543441363752E+01
  0.4776912684941E+01
  0.4958085241863E+01
  0.5054626378388E+01
  0.5044966539360E+01
  0.4896713078572E+01
  0.4614308666004E+01
  0.4212505315501E+01
  0.3641809502514E+01
  0.2962345435250E+01
  0.2375543659113E+01
  0.2288440402832E+01
  0.2621443125266E+01
  0.2958036537693E+01
  0.3548938098869E+01
  0.4397460981359E+01
  0.4737154875784E+01
  0.5348289059641E+01
  0.5364191587828E+01
  0.4788194698359E+01
  0.4639710956483E+01
  0.4149106194530E+01
  0.3940731761743E+01
  0.3806252845421E+01
  0.3593498761633E+01
  0.3304395060435E+01
  0.3252116998125E+01
  0.3469770032383E+01
  0.3780032430786E+01
  0.4097632322448E+01
  0.4324300653441E+01
  0.4465032806829E+01
  0.4489611234968E+01
  0.4420681523248E+01
  0.3535154460408E+01
  0.3293259576270E+01
  0.3128835124535E+01
  0.3181690642622E+01
  0.3258576478820E+01
  0.3295701922755E+01
  0.3280911066935E+01
  0.3183675955306E+01
  0.2985007089615E+01
  0.2938065240724E+01
  0.3219412830268E+01
  0.3756616525020E+01
  0.4336045220727E+01
  0.4853218480708E+01
  0.5349028192025E+01
  0.5670348534085E+01
  0.5676059268234E+01
  0.6519516941010E+01
  0.5170260661931E+01
  0.2853717413642E+01
  0.2763613632130E+01
  0.4325958174112E+01
  0.6264474666808E+01
  0.6479865319008E+01
  0.6670233195845E+01
  0.6694827324091E+01
  0.6463309149906E+01
  0.6034961150884E+01
  0.5488229457638E+01
  0.4932053017665E+01
  0.4515340476472E+01
  0.4296922314731E+01
  0.4215305949169E+01
  0.4179091415338E+01
  0.4065233057061E+01
  0.3830769236450E+01
  0.6481772887850E+01
  0.6315355637758E+01
  0.6187037780394E+01
  0.6087126798283E+01
  0.6011407034086E+01
  0.5990400526846E+01
  0.6025550002876E+01
  0.6081912546339E+01
  0.6184274232178E+01
  0.6369975539973E+01
  0.6637620994204E+01
  0.6991406723272E+01
  0.7394050273642E+01
  0.7792645349744E+01
  0.8163650416160E+01
  0.8422055155776E+01
  0.8161253165164E+01
  0.7639402233544E+01
  0.5263736198674E+01
  0.0000000000000E+00
  0.0000000000000E+00
  0.3784708171849E+01
  0.6135630893162E+01
  0.7365347913730E+01
  0.8162577685819E+01
  0.8604220742936E+01
  0.8684222210424E+01
  0.8520146414287E+01
  0.8195396908452E+01
  0.7798421272862E+01
  0.7460013921087E+01
  0.7222394376635E+01
  0.7067460783322E+01
  0.6952651662919E+01
  0.6824999197017E+01
  0.6662176354096E+01
  0.8362333095694E+01
  0.8248854890829E+01
  0.8166688264501E+01
  0.8097801067835E+01
  0.8055373540707E+01
  0.8071523565265E+01
  0.8133284749713E+01
  0.8234993610385E+01
  0.8389366982662E+01
  0.8593950369951E+01
  0.8858129350733E+01
  0.9179611298528E+01
  0.9515330006608E+01
  0.9825246247168E+01
  0.1004030099480E+02
  0.1010766588545E+02
  0.9713905690149E+01
  0.8599820438922E+01
  0.5548179188499E+01
  0.0000000000000E+00
  0.0000000000000E+00
  0.3765109451297E+01
  0.5634822143576E+01
  0.6821033898100E+01
  0.7868592996734E+01
  0.8627798452291E+01
  0.9074249998365E+01
  0.9294021865666E+01
  0.9345597637285E+01
  0.9267593974267E+01
  0.9137243974852E+01
  0.9000235708593E+01
  0.8878290986693E+01
  0.8763362579209E+01
  0.8629356876347E+01
  0.8489926284755E+01
  0.9110000973907E+01
  0.9093535594209E+01
  0.9094207220397E+01
  0.9107908179242E+01
  0.9132406733398E+01
  0.9177323694407E+01
  0.9242625846832E+01
  0.9354623115101E+01
  0.9514299923908E+01
  0.9711031572996E+01
  0.9947704005406E+01
  0.1019307908017E+02
  0.1041012588471E+02
  0.1057489069336E+02
  0.1064144714066E+02
  0.1056793735623E+02
  0.1030682707897E+02
  0.9813353538971E+01
  0.9062513510142E+01
  0.8049032719759E+01
  0.6853513963578E+01
  0.6412702818098E+01
  0.6753286635802E+01
  0.7034937205389E+01
  0.7560125917714E+01
  0.8138212525023E+01
  0.8636440546921E+01
  0.9011768734043E+01
  0.9251479588579E+01
  0.9366532324189E+01
  0.9391657276739E+01
  0.9370563122068E+01
  0.9327693539075E+01
  0.9273204598805E+01
  0.9205178397709E+01
  0.9145251885349E+01
  0.8556105664521E+01
  0.8613736659844E+01
  0.8676862841701E+01
  0.8749713400733E+01
  0.8809428048652E+01
  0.8850169260263E+01
  0.8896079802536E+01
  0.8970559107743E+01
  0.9076109410581E+01
  0.9199357167488E+01
  0.9319628176624E+01
  0.9419142046658E+01
  0.9472815457834E+01
  0.9457971554223E+01
  0.9377207719626E+01
  0.9259702096888E+01
  0.9189475114390E+01
  0.9212786142251E+01
  0.8811188035557E+01
  0.8079882285815E+01
  0.7466714679336E+01
  0.7197590662414E+01
  0.7108309944541E+01
  0.6899682905158E+01
  0.6766942936582E+01
  0.6812877857148E+01
  0.7022003968890E+01
  0.7355432156317E+01
  0.7728545740344E+01
  0.8034731950606E+01
  0.8235008524818E+01
  0.8366314265142E+01
  0.8435194284616E+01
  0.8457203771055E+01
  0.8470488884437E+01
  0.8504928800560E+01
  0.6471116740889E+01
  0.6630062913890E+01
  0.6751760089383E+01
  0.6844959143750E+01
  0.6891875568737E+01
  0.6912025462578E+01
  0.6944558551426E+01
  0.6982287616914E+01
  0.7015033076801E+01
  0.7021329504818E+01
  0.6986461886358E+01
  0.6912510888541E+01
  0.6778570234797E+01
  0.6576963921997E+01
  0.6359277569306E+01
  0.6232229691073E+01
  0.6360862852700E+01
  0.6834225348249E+01
  0.6755428032723E+01
  0.6688953010425E+01
  0.6562271807967E+01
  0.6330860958501E+01
  0.5944553907978E+01
  0.5468719566975E+01
  0.4999001711832E+01
  0.4543176163511E+01
  0.4260968893316E+01
  0.4424514868451E+01
  0.4918655453309E+01
  0.5416338362414E+01
  0.5751013555651E+01
  0.5960103093485E+01
  0.6098829561959E+01
  0.6183950776081E+01
  0.6246935866362E+01
  0.6333448424772E+01
  0.3075977686149E+01
  0.3075977686149E+01
  0.3075977686149E+01
  0.3075977686149E+01
  0.3075977686149E+01
  0.3075977686149E+01
  0.3075977686149E+01
  0.3075977686149E+01
  0.3075977686149E+01
  0.3075977686149E+01
  0.3075977686149E+01
  0.3075977686149E+01
  0.3075977686149E+01
  0.3075977686149E+01
  0.3075977686149E+01
  0.3075977686149E+01
  0.3075977686149E+01
  0.3075977686149E+01
  0.3075977686149E+01
  0.3075977686149E+01
  0.3075977686149E+01
  0.3075977686149E+01
  0.3075977686149E+01
  0.3075977686149E+01
  0.3075977686149E+01
  0.3075977686149E+01
  0.3075977686149E+01
  0.3075977686149E+01
  0.3075977686149E+01
  0.3075977686149E+01
  0.3075977686149E+01
  0.3075977686149E+01
  0.3075977686149E+01
  0.3075977686149E+01
  0.3075977686149E+01
  0.3075977686149E+01
  0.2866745135691E+01
  0.2866745135691E+01
  0.2866745135691E+01
  0.2866745135691E+01
  0.2866745135691E+01
  0.2866745135691E+01
  0.2866745135691E+01
  0.2866745135691E+01
  0.2866745135691E+01
  0.2866745135691E+01
  0.2866745135691E+01
  0.2866745135691E+01
  0.2866745135691E+01
  0.2866745135691E+01
  0.2866745135691E+01
  0.2866745135691E+01
  0.2866745135691E+01
  0.2866745135691E+01
  0.2866745135691E+01
  0.2866745135691E+01
  0.2866745135691E+01
  0.2866745135691E+01
  0.2866745135691E+01
  0.2866745135691E+01
  0.2866745135691E+01
  0.2866745135691E+01
  0.2866745135691E+01
  0.2866745135691E+01
  0.2866745135691E+01
  0.2866745135691E+01
  0.2866745135691E+01
  0.2866745135691E+01
  0.2866745135691E+01
  0.2866745135691E+01
  0.2866745135691E+01
  0.2866745135691E+01
  0.7019549733916E+01
  0.8728437257248E+01
  0.9343156250051E+01
  0.9273410316925E+01
  0.8529806473194E+01
  0.6688407596618E+01
  0.9354644973969E+01
  0.1077593394458E+02
  0.1104869479129E+02
  0.9997061632999E+01
  0.7176652843594E+01
  0.7136253601056E+00
  0.0000000000000E+00
  0.0000000000000E+00
  0.0000000000000E+00
  0.0000000000000E+00
  0.0000000000000E+00
  0.0000000000000E+00
  0.0000000000000E+00
  0.0000000000000E+00
  0.0000000000000E+00
  0.0000000000000E+00
  0.0000000000000E+00
  0.0000000000000E+00
  0.0000000000000E+00
  0.0000000000000E+00
  0.0000000000000E+00
  0.0000000000000E+00
  0.0000000000000E+00
  0.0000000000000E+00
  0.0000000000000E+00
  0.0000000000000E+00
  0.4322331438558E+01
  0.9811930133571E+01
  0.1125918733403E+02
  0.1012176131126E+02
  0.1061307418746E+02
  0.4045090416137E+01
  0.2309760898759E+01
  0.3807707292291E+01
  0.9578969413503E+01
  0.1194804689366E+02
  0.1308315846609E+02
  0.1332261440807E+02
  0.1211072456157E+02
  0.7866458345204E+01
  0.1069920024716E+02
  0.1090634085954E+02
  0.9161523249887E+01
  0.3486854240526E+01
  0.0000000000000E+00
  0.0000000000000E+00
  0.0000000000000E+00
  0.0000000000000E+00
  0.0000000000000E+00
  0.0000000000000E+00
  0.0000000000000E+00
  0.0000000000000E+00
  0.0000000000000E+00
  0.0000000000000E+00
  0.0000000000000E+00
  0.0000000000000E+00
  0.0000000000000E+00
  0.0000000000000E+00
  0.0000000000000E+00
  0.0000000000000E+00
  0.0000000000000E+00
  0.0000000000000E+00
  0.2908769130086E+01
  0.1133113890576E+02
  0.1363022601152E+02
  0.1336147579679E+02
  0.2441199714159E+02
  0.2348532044204E+02
  0.2296049703143E+02
  0.2083937268016E+02
  0.1930109178498E+02
  0.2035195137725E+02
  0.2209898287050E+02
  0.2390994158770E+02
  0.2482691875325E+02
  0.2416619569814E+02
  0.1911821854555E+02
  0.1351991192728E+02
  0.1210681100423E+02
  0.6667988975270E+01
  0.0000000000000E+00
  0.0000000000000E+00
  0.0000000000000E+00
  0.0000000000000E+00
  0.0000000000000E+00
  0.0000000000000E+00
  0.0000000000000E+00
  0.0000000000000E+00
  0.0000000000000E+00
  0.0000000000000E+00
  0.0000000000000E+00
  0.0000000000000E+00
  0.0000000000000E+00
  0.0000000000000E+00
  0.0000000000000E+00
  0.0000000000000E+00
  0.0000000000000E+00
  0.0000000000000E+00
  0.4043592658322E+01
  0.1420972887960E+02
  0.1991440332221E+02
  0.2411202563894E+02
  0.4104877825134E+02
  0.3955519983757E+02
  0.3779693883890E+02
  0.3607789849933E+02
  0.3337136214055E+02
  0.3284012509151E+02
  0.3445801158783E+02
  0.3609448902616E+02
  0.3626280934983E+02
  0.3304199470292E+02
  0.2857587100706E+02
  0.1644847698865E+02
  0.7255119579941E+01
  0.0000000000000E+00
  0.0000000000000E+00
  0.0000000000000E+00
  0.0000000000000E+00
  0.0000000000000E+00
  0.0000000000000E+00
  0.0000000000000E+00
  0.0000000000000E+00
  0.0000000000000E+00
  0.0000000000000E+00
  0.0000000000000E+00
  0.0000000000000E+00
  0.0000000000000E+00
  0.0000000000000E+00
  0.0000000000000E+00
  0.0000000000000E+00
  0.0000000000000E+00
  0.0000000000000E+00
  0.0000000000000E+00
  0.8743748278687E+01
  0.2408991412583E+02
  0.3364833328458E+02
  0.3887655344620E+02
  0.5772905691439E+02
  0.5438665502851E+02
  0.5026000201146E+02
  0.4756319697079E+02
  0.4512267899919E+02
  0.4378090104696E+02
  0.4381398628894E+02
  0.4397862476156E+02
  0.4277520293313E+02
  0.3923953972236E+02
  0.3132852347828E+02
  0.2009207427415E+02
  0.8140396550641E+01
  0.0000000000000E+00
  0.0000000000000E+00
  0.0000000000000E+00
  0.0000000000000E+00
  0.0000000000000E+00
  0.0000000000000E+00
  0.0000000000000E+00
  0.0000000000000E+00
  0.0000000000000E+00
  0.0000000000000E+00
  0.0000000000000E+00
  0.0000000000000E+00
  0.0000000000000E+00
  0.0000000000000E+00
  0.0000000000000E+00
  0.0000000000000E+00
  0.0000000000000E+00
  0.0000000000000E+00
  0.0000000000000E+00
  0.1231244853933E+02
  0.3146924895358E+02
  0.4744693763718E+02
  0.5659204319863E+02
  0.6882023750090E+02
  0.6268423121555E+02
  0.5699508584378E+02
  0.5385637070510E+02
  0.5209456679616E+02
  0.5074150402533E+02
  0.4962247316231E+02
  0.4841068765935E+02
  0.4630109633662E+02
  0.4353523711369E+02
  0.3836933822346E+02
  0.2651707079504E+02
  0.1163771459844E+02
  0.0000000000000E+00
  0.0000000000000E+00
  0.0000000000000E+00
  0.0000000000000E+00
  0.0000000000000E+00
  0.0000000000000E+00
  0.0000000000000E+00
  0.0000000000000E+00
  0.2345356286063E+01
  0.1873367778155E+01
  0.0000000000000E+00
  0.0000000000000E+00
  0.0000000000000E+00
  0.0000000000000E+00
  0.0000000000000E+00
  0.0000000000000E+00
  0.0000000000000E+00
  0.0000000000000E+00
  0.0000000000000E+00
  0.1702043465660E+02
  0.4219233278118E+02
  0.6323339903861E+02
  0.7065861476151E+02
  0.7190110368561E+02
  0.6427069877199E+02
  0.5882297984120E+02
  0.5646383221777E+02
  0.5557751427630E+02
  0.5463430338655E+02
  0.5308516365542E+02
  0.5114242016696E+02
  0.4916704214468E+02
  0.4803153954825E+02
  0.4563789669352E+02
  0.3487840523792E+02
  0.1436926927373E+02
  0.0000000000000E+00
  0.0000000000000E+00
  0.0000000000000E+00
  0.0000000000000E+00
  0.0000000000000E+00
  0.0000000000000E+00
  0.0000000000000E+00
  0.1198159010821E+02
  0.2135183387901E+02
  0.1362433489667E+02
  0.0000000000000E+00
  0.0000000000000E+00
  0.0000000000000E+00
  0.2638496659139E+01
  0.3465096830112E+01
  0.0000000000000E+00
  0.0000000000000E+00
  0.0000000000000E+00
  0.0000000000000E+00
  0.2295424196238E+02
  0.5729413399735E+02
  0.7588441549758E+02
  0.7744413422762E+02
  0.7086677575826E+02
  0.6555638964958E+02
  0.6287759406252E+02
  0.6258377462290E+02
  0.6212632080608E+02
  0.6105586505564E+02
  0.5893780987613E+02
  0.5633577219884E+02
  0.5407635451727E+02
  0.5363070779062E+02
  0.5285460523514E+02
  0.4260129462341E+02
  0.2209188683032E+02
  0.0000000000000E+00
  0.0000000000000E+00
  0.0000000000000E+00
  0.0000000000000E+00
  0.0000000000000E+00
  0.0000000000000E+00
  0.8895299098642E+01
  0.3380181910971E+02
  0.3939080258477E+02
  0.2630306611005E+02
  0.7624507657457E+01
  0.1776794836500E+01
  0.6387557851103E+01
  0.1548842703455E+02
  0.1782520478658E+02
  0.0000000000000E+00
  0.0000000000000E+00
  0.0000000000000E+00
  0.0000000000000E+00
  0.3426746970414E+02
  0.6846046997430E+02
  0.7589249599269E+02
  0.7585376442273E+02
  0.7569393692608E+02
  0.7486322018839E+02
  0.7454126867077E+02
  0.7534665094060E+02
  0.7560270394441E+02
  0.7537531865163E+02
  0.7430961125982E+02
  0.7279495340748E+02
  0.7114428375317E+02
  0.6874839471899E+02
  0.6403938501852E+02
  0.5114318231718E+02
  0.3280020607306E+02
  0.9790886070541E+01
  0.0000000000000E+00
  0.0000000000000E+00
  0.0000000000000E+00
  0.1342752055510E+02
  0.1700953293344E+02
  0.1878404709291E+02
  0.4569553759907E+02
  0.4852354032715E+02
  0.3644023255138E+02
  0.2496229701185E+02
  0.1710144994012E+02
  0.2243145072252E+02
  0.2820262729635E+02
  0.2866236426566E+02
  0.2373004336226E+01
  0.0000000000000E+00
  0.0000000000000E+00
  0.0000000000000E+00
  0.4662824775293E+02
  0.7008421727853E+02
  0.7178601420541E+02
  0.7577628558082E+02
  0.8404496340309E+02
  0.8503764805624E+02
  0.8565799056675E+02
  0.8674689913361E+02
  0.8789343698341E+02
  0.8885542999697E+02
  0.8913935502433E+02
  0.8847713905338E+02
  0.8724288191994E+02
  0.8411922506141E+02
  0.7810710779960E+02
  0.6590937821220E+02
  0.4276348395740E+02
  0.2166732155152E+02
  0.7512104489777E+01
  0.0000000000000E+00
  0.0000000000000E+00
  0.2248365073409E+02
  0.3992827574717E+02
  0.2173941643241E+02
  0.5657122036031E+02
  0.5723975339728E+02
  0.5063479454233E+02
  0.4033871705281E+02
  0.3278982650127E+02
  0.3889753074317E+02
  0.4094394390236E+02
  0.3786629872792E+02
  0.1155371800196E+02
  0.0000000000000E+00
  0.0000000000000E+00
  0.0000000000000E+00
  0.5937046804087E+02
  0.7763148691377E+02
  0.7638892870319E+02
  0.8172146139584E+02
  0.9391951975011E+02
  0.9507211943760E+02
  0.9603715569124E+02
  0.9742182556920E+02
  0.9977460289154E+02
  0.1020277298269E+03
  0.1036609610717E+03
  0.1035699521736E+03
  0.1018919522038E+03
  0.9732075784016E+02
  0.8954273035797E+02
  0.7661998175251E+02
  0.5527029899356E+02
  0.3141359277665E+02
  0.3473953531550E+02
  0.0000000000000E+00
  0.0000000000000E+00
  0.1262094249505E+02
  0.5841704248019E+02
  0.4714455249958E+02
  0.6919922381859E+02
  0.7007260545482E+02
  0.6304213227048E+02
  0.4969755060907E+02
  0.3518802842256E+02
  0.5144645600808E+02
  0.4980195222784E+02
  0.4746272100440E+02
  0.2614488404720E+02
  0.0000000000000E+00
  0.0000000000000E+00
  0.0000000000000E+00
  0.7446571251629E+02
  0.8764192920544E+02
  0.8569121314776E+02
  0.9123478263044E+02
  0.1031755033554E+03
  0.1040063411624E+03
  0.1051788818457E+03
  0.1071979298918E+03
  0.1106457817239E+03
  0.1140676971613E+03
  0.1168176812870E+03
  0.1169728743083E+03
  0.1142070720530E+03
  0.1078411837055E+03
  0.9807885174284E+02
  0.8540159748646E+02
  0.7166457175864E+02
  0.5603730690977E+02
  0.5969224900194E+02
  0.1539793853171E+02
  0.0000000000000E+00
  0.5097802723722E+01
  0.6181106525200E+02
  0.6516597780924E+02
  0.7490750290946E+02
  0.8152181500277E+02
  0.7463529771517E+02
  0.5871197675144E+02
  0.2335232133742E+02
  0.4668032637943E+02
  0.4752209610869E+02
  0.5784654393587E+02
  0.4474706934069E+02
  0.1532180703122E+02
  0.0000000000000E+00
  0.4145721803869E+01
  0.8976300440068E+02
  0.9765416648056E+02
  0.9570293371828E+02
  0.1007451359116E+03
  0.1126109795568E+03
  0.1131942993740E+03
  0.1143823164014E+03
  0.1166116661367E+03
  0.1199308376896E+03
  0.1235267446841E+03
  0.1265517909475E+03
  0.1264355855838E+03
  0.1226211784087E+03
  0.1154388423285E+03
  0.1059145561115E+03
  0.9718596927943E+02
  0.8966778965088E+02
  0.7101791920667E+02
  0.7080898642134E+02
  0.4555450239187E+02
  0.7250954761968E+01
  0.7019729875653E+01
  0.5086953986228E+02
  0.8159968078944E+02
  0.8652272964769E+02
  0.9327589327274E+02
  0.8726990149342E+02
  0.7217474314517E+02
  0.2942046521580E+02
  0.3871661926832E+02
  0.3217406257366E+02
  0.6011339122655E+02
  0.6514757543146E+02
  0.3835612367435E+02
  0.0000000000000E+00
  0.2091217871637E+02
  0.9570259494556E+02
  0.1049320594269E+03
  0.1064037806875E+03
  0.1105969364935E+03
  0.1220899227029E+03
  0.1226763483275E+03
  0.1237048541960E+03
  0.1250156323198E+03
  0.1266357540687E+03
  0.1291665297911E+03
  0.1320851479162E+03
  0.1322319146452E+03
  0.1284404155475E+03
  0.1227054798959E+03
  0.1164532544515E+03
  0.1114007121890E+03
  0.1032318477148E+03
  0.8587238311342E+02
  0.8369737410224E+02
  0.7597217618004E+02
  0.2435047919710E+02
  0.7165354396649E+01
  0.2943781378269E+02
  0.8729224248109E+02
  0.1001967351887E+03
  0.1041132346171E+03
  0.9905551510434E+02
  0.9136603761782E+02
  0.5360877244988E+02
  0.4418965241340E+02
  0.3243261696834E+02
  0.4731799665282E+02
  0.8599059705522E+02
  0.6368243358605E+02
  0.9407007147360E+01
  0.4325190298677E+02
  0.1031538128941E+03
  0.1142223949964E+03
  0.1178592476804E+03
  0.1206385561740E+03
  0.1295593758829E+03
  0.1305537950400E+03
  0.1315376559839E+03
  0.1316521919654E+03
  0.1315037022771E+03
  0.1335220388977E+03
  0.1367756091010E+03
  0.1370702447145E+03
  0.1334868114004E+03
  0.1293270044008E+03
  0.1260312696449E+03
  0.1222086517019E+03
  0.1110431059026E+03
  0.9520486113697E+02
  0.9594158743188E+02
  0.9542299278922E+02
  0.2749592656757E+02
  0.7480186200015E+01
  0.2043510096846E+02
  0.8840432168583E+02
  0.1088092146502E+03
  0.1128168865854E+03
  0.1089789912116E+03
  0.1039136118925E+03
  0.6798121552545E+02
  0.5765269593263E+02
  0.4104331476636E+02
  0.4363543296837E+02
  0.1012403802703E+03
  0.9115856782512E+02
  0.3609655680935E+02
  0.7776233351826E+02
  0.1123309896717E+03
  0.1233614707094E+03
  0.1268721797685E+03
  0.1283691613392E+03
  0.1280529178587E+03
  0.1290687809927E+03
  0.1297652532378E+03
  0.1296743411907E+03
  0.1297998566280E+03
  0.1316821591340E+03
  0.1342565564206E+03
  0.1342472365016E+03
  0.1315536392733E+03
  0.1287903335640E+03
  0.1265181882459E+03
  0.1231894536973E+03
  0.1122747300917E+03
  0.9710831841726E+02
  0.1015758296638E+03
  0.1004715966413E+03
  0.2430122540898E+02
  0.8333517648174E+01
  0.1828733760602E+02
  0.8753623287699E+02
  0.1149095948895E+03
  0.1223884899745E+03
  0.1174764821884E+03
  0.1096182886146E+03
  0.8187927024194E+02
  0.6925023394203E+02
  0.6332053898312E+02
  0.4888749950168E+02
  0.1006782699548E+03
  0.1089274270830E+03
  0.7139265470930E+02
  0.9719247771147E+02
  0.1168545317775E+03
  0.1257822385921E+03
  0.1265274815112E+03
  0.1269567464243E+03
  0.1117008059727E+03
  0.1110584265873E+03
  0.1098914232218E+03
  0.1086137110770E+03
  0.1086740913502E+03
  0.1107341362344E+03
  0.1137703267826E+03
  0.1152012298245E+03
  0.1154379053274E+03
  0.1161239237086E+03
  0.1163401006545E+03
  0.1149921712369E+03
  0.1086830934936E+03
  0.9406746734147E+02
  0.1035059826114E+03
  0.9830091855636E+02
  0.2536539426737E+02
  0.1278594714561E+02
  0.1884977745967E+02
  0.9734752201387E+02
  0.1197077460026E+03
  0.1276678062371E+03
  0.1246013615473E+03
  0.1137281076866E+03
  0.9420979756431E+02
  0.8920554272029E+02
  0.8288496052427E+02
  0.6217359452179E+02
  0.8019810136478E+02
  0.1115320866576E+03
  0.8915908974815E+02
  0.1024174619510E+03
  0.1116535125509E+03
  0.1148668645183E+03
  0.1131128170679E+03
  0.1120757413445E+03
  0.9069018438564E+02
  0.8908199330188E+02
  0.8753860328798E+02
  0.8673086249164E+02
  0.8702708358718E+02
  0.8831402353374E+02
  0.9016436588817E+02
  0.9163556489853E+02
  0.9368541138563E+02
  0.9661034686125E+02
  0.9956629452659E+02
  0.1024404573985E+03
  0.1029985254553E+03
  0.9114778377550E+02
  0.1071977317112E+03
  0.9611603917329E+02
  0.3153212483466E+02
  0.2115263895240E+02
  0.2241494826131E+02
  0.1037873546542E+03
  0.1166441597722E+03
  0.1208533480311E+03
  0.1236561649514E+03
  0.1165920070141E+03
  0.1035014826513E+03
  0.1043363383106E+03
  0.9931418903292E+02
  0.8970870801250E+02
  0.7560456677953E+02
  0.1068114356427E+03
  0.9694858538891E+02
  0.9946731644122E+02
  0.9805671184392E+02
  0.9711692388502E+02
  0.9427213169256E+02
  0.9227621274084E+02
  0.8083060072409E+02
  0.7884532211191E+02
  0.7722269919931E+02
  0.7670390211428E+02
  0.7702535152707E+02
  0.7793907139583E+02
  0.7912307445565E+02
  0.8006289935139E+02
  0.8165295537421E+02
  0.8415750602155E+02
  0.8757742784231E+02
  0.9255566226584E+02
  0.9955127777788E+02
  0.1028023127145E+03
  0.1136748915789E+03
  0.9051179463910E+02
  0.3950419379547E+02
  0.3125759565333E+02
  0.3225526277927E+02
  0.1160226798050E+03
  0.1166648442876E+03
  0.1081985562981E+03
  0.1162287807879E+03
  0.1193549055255E+03
  0.1089873884009E+03
  0.1141373332438E+03
  0.1157886349711E+03
  0.1174404544621E+03
  0.8490149702219E+02
  0.1065409729014E+03
  0.1019141947056E+03
  0.9637262454451E+02
  0.9014582735047E+02
  0.8797239992493E+02
  0.8523369620966E+02
  0.8288556588841E+02
  0.9218137413667E+02
  0.8901644708559E+02
  0.8642409196017E+02
  0.8492577952717E+02
  0.8450564926778E+02
  0.8496131252780E+02
  0.8619054951468E+02
  0.8754740433597E+02
  0.8958904939083E+02
  0.9255708409218E+02
  0.9626898512829E+02
  0.1014156311890E+03
  0.1096676104104E+03
  0.1185431624917E+03
  0.1243103501156E+03
  0.9182106477894E+02
  0.4858666437149E+02
  0.3993510773965E+02
  0.5095099922487E+02
  0.1266261128924E+03
  0.1209579356369E+03
  0.1047742704983E+03
  0.1026108589346E+03
  0.1297367857286E+03
  0.1261532751990E+03
  0.1302495789638E+03
  0.1311454509668E+03
  0.1307624649782E+03
  0.1151491433940E+03
  0.1249369342721E+03
  0.1215606537442E+03
  0.1132790996734E+03
  0.1061937136400E+03
  0.1031512248707E+03
  0.9949319773908E+02
  0.9561954707548E+02
  0.1252144065505E+03
  0.1209099673083E+03
  0.1165933222679E+03
  0.1129703758173E+03
  0.1107491443471E+03
  0.1099103951893E+03
  0.1104599541660E+03
  0.1113107736161E+03
  0.1124392846709E+03
  0.1140347812918E+03
  0.1151850670299E+03
  0.1160180171223E+03
  0.1180726387141E+03
  0.1213767941844E+03
  0.1346047397181E+03
  0.1158299596044E+03
  0.5666379405174E+02
  0.5785666476131E+02
  0.8023370399376E+02
  0.1356201189021E+03
  0.1226972794445E+03
  0.1012041601979E+03
  0.8454660596204E+02
  0.1350892038453E+03
  0.1415503700671E+03
  0.1420855649301E+03
  0.1405471616899E+03
  0.1351652458602E+03
  0.1317408719708E+03
  0.1435251486033E+03
  0.1469797755980E+03
  0.1429508992286E+03
  0.1396632929627E+03
  0.1374886012496E+03
  0.1339373177061E+03
  0.1296501032225E+03
  0.1611558644580E+03
  0.1590419187169E+03
  0.1551041388367E+03
  0.1498009704433E+03
  0.1449143589639E+03
  0.1407546944303E+03
  0.1374639120385E+03
  0.1346765095630E+03
  0.1324350834433E+03
  0.1309408287170E+03
  0.1290549158435E+03
  0.1261827392334E+03
  0.1219300730597E+03
  0.1162751630573E+03
  0.1228956428856E+03
  0.1370337991179E+03
  0.8210977188709E+02
  0.8443023018031E+02
  0.1060874101447E+03
  0.1382536737328E+03
  0.1234227465758E+03
  0.8863238070672E+02
  0.9357378775839E+02
  0.1381404830020E+03
  0.1516080536669E+03
  0.1467797805802E+03
  0.1441786015816E+03
  0.1381666603840E+03
  0.1369636165224E+03
  0.1482221815683E+03
  0.1568486500519E+03
  0.1594536892453E+03
  0.1623832525132E+03
  0.1650053369004E+03
  0.1643915394095E+03
  0.1630360386970E+03
  0.1691429802775E+03
  0.1708117650199E+03
  0.1711825323933E+03
  0.1687699817267E+03
  0.1647037754692E+03
  0.1590036450990E+03
  0.1517521601513E+03
  0.1449293783485E+03
  0.1397307392571E+03
  0.1361948601938E+03
  0.1333283955308E+03
  0.1304735099614E+03
  0.1259713082286E+03
  0.1177030296541E+03
  0.1084379962158E+03
  0.1158771488597E+03
  0.1081507731545E+03
  0.1058871045559E+03
  0.1058255166443E+03
  0.1290651365038E+03
  0.1263741550283E+03
  0.6792604688585E+02
  0.1175736380112E+03
  0.1455391974264E+03
  0.1497956832341E+03
  0.1458197123170E+03
  0.1430752188061E+03
  0.1369722794396E+03
  0.1333789156169E+03
  0.1392073387406E+03
  0.1476746579343E+03
  0.1531685170871E+03
  0.1594278826820E+03
  0.1653683392168E+03
  0.1671500759009E+03
  0.1682254962359E+03
  0.1554251059951E+03
  0.1577857699916E+03
  0.1610629311114E+03
  0.1638720705349E+03
  0.1647454501572E+03
  0.1625596081045E+03
  0.1564597154253E+03
  0.1486789466454E+03
  0.1416041318165E+03
  0.1361919689003E+03
  0.1323386519389E+03
  0.1294140646467E+03
  0.1261088246537E+03
  0.1211373025167E+03
  0.1163975804277E+03
  0.1218280729167E+03
  0.1168461172734E+03
  0.1114961048099E+03
  0.1091833111636E+03
  0.1197189808185E+03
  0.1232644290422E+03
  0.6926385012625E+02
  0.1208849628520E+03
  0.1363772883199E+03
  0.1392234557848E+03
  0.1400374958998E+03
  0.1387298899716E+03
  0.1334452541495E+03
  0.1287023370614E+03
  0.1308277459930E+03
  0.1363617969056E+03
  0.1406119052204E+03
  0.1458769973189E+03
  0.1510816708290E+03
  0.1532307820604E+03
  0.1544507245220E+03
  0.1397953074425E+03
  0.1408151793679E+03
  0.1434811439669E+03
  0.1478399409434E+03
  0.1521121192586E+03
  0.1546545532336E+03
  0.1536226099379E+03
  0.1489523586429E+03
  0.1422784813993E+03
  0.1351904511923E+03
  0.1295286147678E+03
  0.1252823240011E+03
  0.1212992548652E+03
  0.1165639453127E+03
  0.1136064363222E+03
  0.1178040934897E+03
  0.1151246589789E+03
  0.1089104228365E+03
  0.1030903959414E+03
  0.1087711517844E+03
  0.1138138470593E+03
  0.9467127936659E+02
  0.1180001701441E+03
  0.1248013230814E+03
  0.1274449794246E+03
  0.1303437596354E+03
  0.1309893080139E+03
  0.1280055248482E+03
  0.1240574238092E+03
  0.1241903458771E+03
  0.1273992357316E+03
  0.1301632883234E+03
  0.1336889319016E+03
  0.1367156359113E+03
  0.1384115639671E+03
  0.1394101028613E+03
  0.1259858844460E+03
  0.1259165916274E+03
  0.1269738513609E+03
  0.1299411672687E+03
  0.1337698007161E+03
  0.1374038989696E+03
  0.1399795238491E+03
  0.1399405116015E+03
  0.1368028545569E+03
  0.1311150318223E+03
  0.1248723925491E+03
  0.1193172989044E+03
  0.1145764010039E+03
  0.1105767478265E+03
  0.1083007623560E+03
  0.1093207281203E+03
  0.1069514564567E+03
  0.1024074922004E+03
  0.9278106482987E+02
  0.9523327115964E+02
  0.9930242911820E+02
  0.1037623163708E+03
  0.1138168145095E+03
  0.1135497891241E+03
  0.1152909887694E+03
  0.1178780229438E+03
  0.1197474201477E+03
  0.1193214717187E+03
  0.1171935895866E+03
  0.1166839208640E+03
  0.1180841686993E+03
  0.1194379412038E+03
  0.1215847387159E+03
  0.1233543339240E+03
  0.1247814757889E+03
  0.1257656862967E+03
  0.1134754670141E+03
  0.1131319885406E+03
  0.1131114740493E+03
  0.1142486690069E+03
  0.1163128777917E+03
  0.1187053417665E+03
  0.1212651497238E+03
  0.1229946602635E+03
  0.1227560356846E+03
  0.1200587543458E+03
  0.1157314777779E+03
  0.1100997465571E+03
  0.1046906365377E+03
  0.1012484231250E+03
  0.1003100224032E+03
  0.1004617119131E+03
  0.9855338809289E+02
  0.9438569042636E+02
  0.8099192904227E+02
  0.7944591493116E+02
  0.8635174698732E+02
  0.9834086644195E+02
  0.1120756684148E+03
  0.1076831519615E+03
  0.1061299071479E+03
  0.1064937599736E+03
  0.1078072323547E+03
  0.1083973996074E+03
  0.1080635878101E+03
  0.1081289171766E+03
  0.1084544946106E+03
  0.1086926596644E+03
  0.1096568716569E+03
  0.1106240631507E+03
  0.1118840379253E+03
  0.1131265824701E+03
  0.1004367643143E+03
  0.1001602245497E+03
  0.9968144333856E+02
  0.9969797216658E+02
  0.1005322602392E+03
  0.1017308304324E+03
  0.1029523511042E+03
  0.1044842301629E+03
  0.1050536644041E+03
  0.1041615840028E+03
  0.1018808031559E+03
  0.9735430898276E+02
  0.9177120331941E+02
  0.8927867694993E+02
  0.9109056472550E+02
  0.9367636617121E+02
  0.9386786490128E+02
  0.8900963540646E+02
  0.6744729054987E+02
  0.5834302008290E+02
  0.7159393404849E+02
  0.1069857317745E+03
  0.1251652327476E+03
  0.1143935679888E+03
  0.1052101384564E+03
  0.1007678755883E+03
  0.9928709051693E+02
  0.9850743497088E+02
  0.9787615905435E+02
  0.9816457247232E+02
  0.9802710553232E+02
  0.9748431211933E+02
  0.9752282319217E+02
  0.9797077631137E+02
  0.9887395337439E+02
  0.9998170766787E+02
  0.9287586856764E+02
  0.9222160224319E+02
  0.9129262961197E+02
  0.9079213376536E+02
  0.9071536703529E+02
  0.9095045413390E+02
  0.9104887331067E+02
  0.9148200792525E+02
  0.9179321800145E+02
  0.9181530350525E+02
  0.9224812734010E+02
  0.9182325352586E+02
  0.8956882781489E+02
  0.8825961805489E+02
  0.9072321027971E+02
  0.9569173304888E+02
  0.9795416968472E+02
  0.9246404987494E+02
  0.3849486281281E+02
  0.2801060564486E+02
  0.4563216851248E+02
  0.1100417594802E+03
  0.1402969641529E+03
  0.1343497840325E+03
  0.1213702778229E+03
  0.1128620826575E+03
  0.1076674861277E+03
  0.1038041484744E+03
  0.1004666510381E+03
  0.9815305865569E+02
  0.9621102393498E+02
  0.9414933831348E+02
  0.9286279451156E+02
  0.9236519418253E+02
  0.9252247745623E+02
  0.9292470244688E+02
  0.9244002598139E+02
  0.9198180387642E+02
  0.9129506987050E+02
  0.9057460344054E+02
  0.8998493124346E+02
  0.8968166719050E+02
  0.8951226245517E+02
  0.8955250497160E+02
  0.9005158970727E+02
  0.9032065556801E+02
  0.9048896734564E+02
  0.9017414663684E+02
  0.8843421858949E+02
  0.8689919940075E+02
  0.8846521064481E+02
  0.9481256204783E+02
  0.1014172600485E+03
  0.9779387337155E+02
  0.3741006032110E+02
  0.2283475749098E+02
  0.3370622189999E+02
  0.1091821133992E+03
  0.1390807349758E+03
  0.1416923144516E+03
  0.1334907180457E+03
  0.1265177207684E+03
  0.1199607509106E+03
  0.1133456863349E+03
  0.1073830009038E+03
  0.1029807493453E+03
  0.9983315547171E+02
  0.9683388615897E+02
  0.9441051136310E+02
  0.9290004189139E+02
  0.9226584084410E+02
  0.9234396606011E+02
  0.9207422764379E+02
  0.9098220574216E+02
  0.8982350968525E+02
  0.8961134704627E+02
  0.8905900845037E+02
  0.8862988741385E+02
  0.8842529024140E+02
  0.8844992470020E+02
  0.8868459710971E+02
  0.8892271498472E+02
  0.8912794702027E+02
  0.8897670893279E+02
  0.8807501085755E+02
  0.8721965193018E+02
  0.8817789351392E+02
  0.9367095189433E+02
  0.1030244794189E+03
  0.1080875179414E+03
  0.4685058280950E+02
  0.3386321382844E+02
  0.4091783308704E+02
  0.9171981778911E+02
  0.1134970991569E+03
  0.1226134326334E+03
  0.1229042005767E+03
  0.1227090591487E+03
  0.1212797332478E+03
  0.1176734691500E+03
  0.1133693277186E+03
  0.1088574143959E+03
  0.1046193857299E+03
  0.1009346386461E+03
  0.9783467755987E+02
  0.9547316997089E+02
  0.9381580542075E+02
  0.9284420559207E+02
  0.9125114299811E+02
  0.8996628755679E+02
  0.8872239081367E+02
  0.8767634076183E+02
  0.8658508370477E+02
  0.8592457337333E+02
  0.8568754529559E+02
  0.8590140312693E+02
  0.8621091580773E+02
  0.8658271424753E+02
  0.8701860932767E+02
  0.8733338409681E+02
  0.8744431212328E+02
  0.8725506888930E+02
  0.8801651164903E+02
  0.9161092547641E+02
  0.9951439930644E+02
  0.1114765757071E+03
  0.7921490744747E+02
  0.7130486054721E+02
  0.6424464907390E+02
  0.7366443696509E+02
  0.7931109957343E+02
  0.8683846621902E+02
  0.9249206479175E+02
  0.9745178796554E+02
  0.1023731931313E+03
  0.1052390893127E+03
  0.1057394704126E+03
  0.1047895303174E+03
  0.1024762144625E+03
  0.9982162136651E+02
  0.9719300583260E+02
  0.9512028942468E+02
  0.9327779323935E+02
  0.9217117900827E+02
  0.8377580794434E+02
  0.8289488450687E+02
  0.8223417460008E+02
  0.8158828545485E+02
  0.8082818416322E+02
  0.8027651272158E+02
  0.8009849788060E+02
  0.8029458591402E+02
  0.8059358593669E+02
  0.8048603451956E+02
  0.8086566107267E+02
  0.8131118502646E+02
  0.8176942248280E+02
  0.8220354727649E+02
  0.8284233255429E+02
  0.8487970673897E+02
  0.8949024760387E+02
  0.9574996901345E+02
  0.8443780431777E+02
  0.7547165497727E+02
  0.6685649267148E+02
  0.6385091914995E+02
  0.6308668368271E+02
  0.6570167801008E+02
  0.6884935262465E+02
  0.7244502485586E+02
  0.7723991281382E+02
  0.8204582771507E+02
  0.8527287251801E+02
  0.8683132661428E+02
  0.8681432517117E+02
  0.8585808977718E+02
  0.8475564831787E+02
  0.8439868958433E+02
  0.8420558598495E+02
  0.8399029860824E+02
  0.6584683812922E+02
  0.6622435636954E+02
  0.6628351428088E+02
  0.6613543125116E+02
  0.6573468735847E+02
  0.6526892992001E+02
  0.6495266756499E+02
  0.6476399949521E+02
  0.6457750976096E+02
  0.6448548673977E+02
  0.6473564847279E+02
  0.6503533308446E+02
  0.6536451364847E+02
  0.6570803437069E+02
  0.6619628918130E+02
  0.6737283162381E+02
  0.7048703391783E+02
  0.7401347257225E+02
  0.6981511803460E+02
  0.6355270126511E+02
  0.5829620972943E+02
  0.5474866252297E+02
  0.5241647221949E+02
  0.5148894375255E+02
  0.5135624699025E+02
  0.5199414759044E+02
  0.5396801248497E+02
  0.5705086781399E+02
  0.6022235952180E+02
  0.6248968918471E+02
  0.6367186402598E+02
  0.6419153292452E+02
  0.6439557246041E+02
  0.6487804509108E+02
  0.6537051652040E+02
  0.6554358208427E+02
  0.4173455713714E+02
  0.4214033773597E+02
  0.4226630374372E+02
  0.4212061411802E+02
  0.4168128294917E+02
  0.4110173278989E+02
  0.4055114651847E+02
  0.4016937803258E+02
  0.3997434570546E+02
  0.3995683405995E+02
  0.3998760504792E+02
  0.4003521347951E+02
  0.4017271053412E+02
  0.4054541200708E+02
  0.4123536324850E+02
  0.4248355930629E+02
  0.4444435230721E+02
  0.4645428715812E+02
  0.4675295351716E+02
  0.4517503268550E+02
  0.4252936846866E+02
  0.3955335038874E+02
  0.3684736230129E+02
  0.3484019914392E+02
  0.3378241251827E+02
  0.3381119279042E+02
  0.3479991739987E+02
  0.3637055073538E+02
  0.3808717152540E+02
  0.3946991626575E+02
  0.4022760059225E+02
  0.4048476104415E+02
  0.4054357026535E+02
  0.4069159405288E+02
  0.4093891001036E+02
  0.4126875727987E+02
  0.1946547824230E+02
  0.1995419093225E+02
  0.2070872827232E+02
  0.2184720884480E+02
  0.2256223304077E+02
  0.2304914481510E+02
  0.2342872006157E+02
  0.2374717133039E+02
  0.2442368347349E+02
  0.2547218327100E+02
  0.2702303287142E+02
  0.2863182583437E+02
  0.2964816953747E+02
  0.3026881181074E+02
  0.3061101900397E+02
  0.3071235195909E+02
  0.3050770589402E+02
  0.2979723732109E+02
  0.2830147331026E+02
  0.2567342573789E+02
  0.2268959082959E+02
  0.2050099248953E+02
  0.1900756742119E+02
  0.1811124530149E+02
  0.1770693650958E+02
  0.1767794134487E+02
  0.1788725502954E+02
  0.1818468698312E+02
  0.1847491351600E+02
  0.1868116461382E+02
  0.1879225373083E+02
  0.1884676069661E+02
  0.1886701032124E+02
  0.1889937302395E+02
  0.1898383403187E+02
  0.1916004456028E+02
  0.0000000000000E+00
 -0.1554406470083E+01
 -0.8325440246875E+00
 -0.3500662870194E+00
 -0.2866439994828E+00
  0.0000000000000E+00
 -0.4050772140919E-01
 -0.1412030804740E+00
 -0.8454991876114E+00
 -0.1736524690628E+01
 -0.2897225951597E+01
 -0.3465262595733E+01
  0.0000000000000E+00
  0.0000000000000E+00
  0.0000000000000E+00
  0.0000000000000E+00
  0.0000000000000E+00
  0.0000000000000E+00
  0.0000000000000E+00
  0.0000000000000E+00
  0.0000000000000E+00
  0.0000000000000E+00
  0.0000000000000E+00
  0.0000000000000E+00
  0.0000000000000E+00
  0.0000000000000E+00
  0.0000000000000E+00
  0.0000000000000E+00
  0.0000000000000E+00
  0.0000000000000E+00
  0.0000000000000E+00
 -0.2625575059437E+01
 -0.3480238963701E+01
 -0.3320177740786E+01
 -0.2864451534219E+01
 -0.2500203851711E+01
 -0.4036288270685E+01
  0.0000000000000E+00
  0.0000000000000E+00
  0.0000000000000E+00
 -0.2983170038711E+01
 -0.1301098888466E+01
 -0.1127436229735E+01
 -0.1317679581313E+01
 -0.2049667842534E+01
  0.0000000000000E+00
 -0.6907717857109E+01
 -0.7685175496527E+01
 -0.8297092832668E+01
 -0.7667080374180E+01
 -0.4259174263824E+01
  0.0000000000000E+00
  0.0000000000000E+00
  0.0000000000000E+00
  0.0000000000000E+00
  0.0000000000000E+00
  0.0000000000000E+00
  0.0000000000000E+00
  0.0000000000000E+00
  0.0000000000000E+00
  0.0000000000000E+00
  0.0000000000000E+00
  0.0000000000000E+00
  0.0000000000000E+00
  0.0000000000000E+00
  0.0000000000000E+00
  0.0000000000000E+00
  0.0000000000000E+00
 -0.7911135157940E+01
 -0.7746831631262E+01
 -0.5679531147907E+01
 -0.4237468865820E+01
 -0.5174260176445E+01
 -0.4826195291175E+01
 -0.5007624628204E+01
 -0.8338830231277E+01
 -0.1158702075239E+02
 -0.8028764608562E+01
 -0.6773803846335E+01
 -0.4180486998350E+01
 -0.3307334788405E+01
 -0.4764670333482E+01
  0.0000000000000E+00
 -0.1307251769860E+02
 -0.2548887510963E+02
 -0.2486336724685E+02
 -0.1486584642007E+02
  0.0000000000000E+00
  0.0000000000000E+00
  0.0000000000000E+00
  0.0000000000000E+00
  0.0000000000000E+00
  0.0000000000000E+00
  0.0000000000000E+00
  0.0000000000000E+00
  0.0000000000000E+00
  0.0000000000000E+00
  0.0000000000000E+00
  0.0000000000000E+00
  0.0000000000000E+00
  0.0000000000000E+00
  0.0000000000000E+00
  0.0000000000000E+00
  0.0000000000000E+00
 -0.1544537881748E+02
 -0.1749169059974E+02
 -0.9234065419806E+01
 -0.4625770054252E+01
  0.4305327109574E+01
  0.3486643762420E+01
  0.2340648199443E+01
  0.9960383427342E+00
 -0.4086431018156E+01
 -0.4583513464236E+01
 -0.2398505710917E+01
 -0.4426071361494E+00
  0.1072810509778E+00
 -0.2056072857346E+01
 -0.1277529316659E+02
 -0.2056695043013E+02
  0.0000000000000E+00
  0.0000000000000E+00
  0.0000000000000E+00
  0.0000000000000E+00
  0.0000000000000E+00
  0.0000000000000E+00
  0.0000000000000E+00
  0.0000000000000E+00
  0.0000000000000E+00
  0.0000000000000E+00
  0.0000000000000E+00
  0.0000000000000E+00
  0.0000000000000E+00
  0.0000000000000E+00
  0.0000000000000E+00
  0.0000000000000E+00
  0.0000000000000E+00
  0.0000000000000E+00
  0.0000000000000E+00
  0.0000000000000E+00
 -0.8296952426156E+01
 -0.6245596061893E+01
  0.9441197723920E+00
  0.3639681227905E+01
  0.1058228935472E+02
  0.1019894440195E+02
  0.8959160849367E+01
  0.8291456631845E+01
  0.6565012834166E+01
  0.5161459477980E+01
  0.4566507758306E+01
  0.4264508472755E+01
  0.3161156311393E+01
  0.1283549598731E+01
 -0.5019754633639E+01
 -0.1679909632434E+02
  0.0000000000000E+00
  0.0000000000000E+00
  0.0000000000000E+00
  0.0000000000000E+00
  0.0000000000000E+00
  0.0000000000000E+00
  0.0000000000000E+00
  0.0000000000000E+00
  0.0000000000000E+00
 -0.2109239347047E+02
 -0.3078074194816E+02
  0.0000000000000E+00
  0.0000000000000E+00
  0.0000000000000E+00
  0.0000000000000E+00
  0.0000000000000E+00
  0.0000000000000E+00
  0.0000000000000E+00
  0.0000000000000E+00
  0.0000000000000E+00
 -0.1582905376073E+01
  0.2061726572903E+01
  0.6268822682632E+01
  0.8997230407285E+01
  0.1582844607318E+02
  0.1532623944555E+02
  0.1432492765443E+02
  0.1409714021829E+02
  0.1381177056442E+02
  0.1313918082977E+02
  0.1223899626968E+02
  0.1109959362541E+02
  0.9384012039211E+01
  0.7583774194612E+01
  0.4156699319524E+01
 -0.4716993171509E+01
 -0.1151994256761E+02
  0.0000000000000E+00
  0.0000000000000E+00
  0.0000000000000E+00
  0.0000000000000E+00
  0.0000000000000E+00
  0.0000000000000E+00
  0.0000000000000E+00
 -0.1742836597410E+02
 -0.2838472983375E+02
 -0.3135116055889E+02
  0.0000000000000E+00
  0.0000000000000E+00
  0.0000000000000E+00
  0.0000000000000E+00
 -0.1934450158631E+02
 -0.3005476159158E+02
  0.0000000000000E+00
  0.0000000000000E+00
  0.0000000000000E+00
  0.2349529641793E+01
  0.6502684398243E+01
  0.1147068853647E+02
  0.1449226468792E+02
  0.1957695211710E+02
  0.1796711889126E+02
  0.1681813970472E+02
  0.1690207223798E+02
  0.1753341986364E+02
  0.1778133714987E+02
  0.1759679136567E+02
  0.1688056916841E+02
  0.1569353046553E+02
  0.1475338425927E+02
  0.1288593013752E+02
  0.7597322180642E+01
 -0.2142692651228E+01
  0.0000000000000E+00
  0.0000000000000E+00
  0.0000000000000E+00
  0.0000000000000E+00
  0.0000000000000E+00
  0.0000000000000E+00
 -0.1347137600876E+02
 -0.1435641060774E+02
 -0.1383577614758E+02
 -0.1814729742740E+02
  0.0000000000000E+00
  0.0000000000000E+00
  0.0000000000000E+00
 -0.1283275364922E+02
 -0.1997998141306E+02
 -0.2092803983209E+02
  0.0000000000000E+00
  0.0000000000000E+00
  0.0000000000000E+00
  0.3563309129319E+01
  0.1154084762134E+02
  0.1736811861715E+02
  0.1999427333698E+02
  0.1980523424417E+02
  0.1782186326809E+02
  0.1808407479114E+02
  0.1898207905410E+02
  0.1920407110756E+02
  0.1876287429451E+02
  0.1770530304015E+02
  0.1601170061451E+02
  0.1406319766071E+02
  0.1474828798651E+02
  0.1735517946945E+02
  0.1526712895733E+02
  0.6202550514488E+01
 -0.8539981271645E+00
 -0.7244585212626E+01
  0.0000000000000E+00
  0.0000000000000E+00
 -0.1676714239113E+01
 -0.5959016132717E+01
 -0.7467998644604E+01
 -0.6514602971558E-01
  0.2239371861334E+01
 -0.8423266265325E+00
 -0.4149782535101E+01
 -0.6772816270639E+01
 -0.7568466860319E+01
 -0.5470902619934E+01
 -0.4228731397050E+01
 -0.3239595883540E+01
  0.0000000000000E+00
  0.0000000000000E+00
  0.0000000000000E+00
  0.8848066466139E+01
  0.1798171418835E+02
  0.2082796886265E+02
  0.2204252206747E+02
  0.2084724815499E+02
  0.2143144588924E+02
  0.2242722266414E+02
  0.2308812533414E+02
  0.2350533512216E+02
  0.2370224058531E+02
  0.2363921388783E+02
  0.2351207938134E+02
  0.2317863249153E+02
  0.2213855243555E+02
  0.2005134421671E+02
  0.1505590429840E+02
  0.1245307034915E+02
  0.7752691372002E+01
  0.8570726908330E+00
  0.0000000000000E+00
  0.0000000000000E+00
  0.3078515519676E+01
  0.3043973522613E+01
  0.3022745520248E+01
  0.1054454939483E+02
  0.1103912286770E+02
  0.8009380507012E+01
  0.6919412482423E+01
  0.5765158968121E+01
  0.6181219415496E+01
  0.7218173499056E+01
  0.7498950080737E+01
  0.5363305319988E+01
  0.0000000000000E+00
  0.0000000000000E+00
  0.0000000000000E+00
  0.1077532045803E+02
  0.1422214707728E+02
  0.1757495535804E+02
  0.2080797448223E+02
  0.2129062555557E+02
  0.2217658030061E+02
  0.2297474733508E+02
  0.2358460209716E+02
  0.2400199988806E+02
  0.2430892577565E+02
  0.2444969946724E+02
  0.2443029014400E+02
  0.2424832956214E+02
  0.2393271948975E+02
  0.2336419850092E+02
  0.2268471879531E+02
  0.1684501628551E+02
  0.1204889705421E+02
  0.6800444905259E+01
 -0.7996619680862E+00
  0.0000000000000E+00
  0.1885851654744E+01
  0.6521190932694E+01
  0.0000000000000E+00
  0.1251830153520E+02
  0.1331661965630E+02
  0.1337207252168E+02
  0.9245412189294E+01
  0.7820016293625E+01
  0.8104093686211E+01
  0.8959090035845E+01
  0.8967476821534E+01
  0.6498096900939E+01
  0.0000000000000E+00
  0.0000000000000E+00
  0.0000000000000E+00
  0.1231385163668E+02
  0.1639200848372E+02
  0.1948812082414E+02
  0.2063455995038E+02
  0.2193517290308E+02
  0.2290939518131E+02
  0.2362156447417E+02
  0.2428142138296E+02
  0.2493564463238E+02
  0.2551087043054E+02
  0.2592356494561E+02
  0.2604811792981E+02
  0.2575469893457E+02
  0.2502326333146E+02
  0.2392850117186E+02
  0.2209951203761E+02
  0.1792785050778E+02
  0.0000000000000E+00
  0.1106880008149E+02
  0.1758972887772E+01
  0.0000000000000E+00
  0.0000000000000E+00
  0.9005327812033E+01
  0.1108582509185E+02
  0.1416424878522E+02
  0.1474625196687E+02
  0.1346643574829E+02
  0.1035820841949E+02
  0.6657398422385E+01
  0.9700755509321E+01
  0.8712909607580E+01
  0.9104629549597E+01
  0.5481851574229E+01
  0.2285481233848E+01
  0.0000000000000E+00
  0.0000000000000E+00
  0.1395842553038E+02
  0.1727492678830E+02
  0.1992534791177E+02
  0.2103650459989E+02
  0.2268016518813E+02
  0.2353540361857E+02
  0.2429871320791E+02
  0.2516524367088E+02
  0.2606925803999E+02
  0.2681164747915E+02
  0.2718907577317E+02
  0.2709612402387E+02
  0.2659864185845E+02
  0.2577395339749E+02
  0.2451580599281E+02
  0.2263676369871E+02
  0.1948497941430E+02
  0.1775767999970E+02
  0.1375281984428E+02
  0.6452868730372E+01
  0.0000000000000E+00
  0.0000000000000E+00
  0.1008921708383E+02
  0.1249590714881E+02
  0.1532273158897E+02
  0.1650334295723E+02
  0.1605247338779E+02
  0.1329409413303E+02
  0.0000000000000E+00
  0.9386722257177E+01
  0.6986159501270E+01
  0.1013477811109E+02
  0.7602781404073E+01
  0.4388019738308E+01
  0.0000000000000E+00
  0.0000000000000E+00
  0.1505146019208E+02
  0.1773151107062E+02
  0.2024662456288E+02
  0.2165904990095E+02
  0.2309811744696E+02
  0.2386815984125E+02
  0.2459812346053E+02
  0.2529135661511E+02
  0.2586703431773E+02
  0.2623052575840E+02
  0.2630368656699E+02
  0.2641967319014E+02
  0.2639569380943E+02
  0.2595779297424E+02
  0.2506360313998E+02
  0.2357114709008E+02
  0.2134215445789E+02
  0.1992058482082E+02
  0.1590071078450E+02
  0.9163230985950E+01
  0.0000000000000E+00
  0.0000000000000E+00
  0.8547368198512E+01
  0.1539767966010E+02
  0.1689533165953E+02
  0.1820915736696E+02
  0.1835207848130E+02
  0.1607168495510E+02
  0.0000000000000E+00
  0.0000000000000E+00
  0.0000000000000E+00
  0.8808880239208E+01
  0.9338963806121E+01
  0.8106229056068E+01
  0.0000000000000E+00
  0.0000000000000E+00
  0.1549553970221E+02
  0.1831820208251E+02
  0.2053333057623E+02
  0.2201728571029E+02
  0.2258267505694E+02
  0.2306901384380E+02
  0.2327928968762E+02
  0.2299469168386E+02
  0.2257535703105E+02
  0.2211464618077E+02
  0.2276057408657E+02
  0.2445023163648E+02
  0.2539924629448E+02
  0.2568329998878E+02
  0.2546345194076E+02
  0.2467319145397E+02
  0.2292751414527E+02
  0.2156250402892E+02
  0.1777411556396E+02
  0.1191417701678E+02
  0.0000000000000E+00
  0.0000000000000E+00
  0.0000000000000E+00
  0.1487721599023E+02
  0.1814957118566E+02
  0.1939329053004E+02
  0.1955796554252E+02
  0.2027453828451E+02
  0.1774007590048E+02
  0.0000000000000E+00
  0.0000000000000E+00
  0.0000000000000E+00
  0.1067196993377E+02
  0.1107729122500E+02
  0.0000000000000E+00
  0.0000000000000E+00
  0.1506334270772E+02
  0.1873894806700E+02
  0.2073840057794E+02
  0.2166353713766E+02
  0.1918683924606E+02
  0.1908476043136E+02
  0.1853824963553E+02
  0.1746579711985E+02
  0.1666699326156E+02
  0.1796161541758E+02
  0.2058016768914E+02
  0.2265276856939E+02
  0.2361160858840E+02
  0.2403594796031E+02
  0.2441937744781E+02
  0.2428525192994E+02
  0.2272703830447E+02
  0.2245426701093E+02
  0.1968879194264E+02
  0.1580603327683E+02
  0.0000000000000E+00
  0.0000000000000E+00
  0.0000000000000E+00
  0.1685328773573E+02
  0.1877618595956E+02
  0.1921938090180E+02
  0.2088915499900E+02
  0.2085668687308E+02
  0.1914061616818E+02
  0.1642484197503E+02
  0.0000000000000E+00
  0.0000000000000E+00
  0.1259638912275E+02
  0.1420915826707E+02
  0.0000000000000E+00
  0.1381205014884E+02
  0.1673061923945E+02
  0.1780191792799E+02
  0.1843154699468E+02
  0.1881212815775E+02
  0.1621440743225E+02
  0.1657912199637E+02
  0.1768469120343E+02
  0.1996129073188E+02
  0.2218703153081E+02
  0.2326248051062E+02
  0.2328808408900E+02
  0.2263045466258E+02
  0.2153525525982E+02
  0.2026579833565E+02
  0.1938156035032E+02
  0.2052842996498E+02
  0.2156741071167E+02
  0.2253004512691E+02
  0.2120978522865E+02
  0.1868096697281E+02
  0.0000000000000E+00
  0.0000000000000E+00
  0.0000000000000E+00
  0.1796074227921E+02
  0.2092194099334E+02
  0.2181475624645E+02
  0.2191115668815E+02
  0.2198606220746E+02
  0.1858186788488E+02
  0.1440903524288E+02
  0.1615412487049E+02
  0.0000000000000E+00
  0.1400958369309E+02
  0.1721670110923E+02
  0.1601811089808E+02
  0.1669872802477E+02
  0.1643769041004E+02
  0.1568014587046E+02
  0.1531082976328E+02
  0.1589570131141E+02
  0.2349863313557E+02
  0.2471301961651E+02
  0.2552536036371E+02
  0.2595492703160E+02
  0.2605263365331E+02
  0.2587021487940E+02
  0.2539954353834E+02
  0.2422417437538E+02
  0.2193332152381E+02
  0.1999968957223E+02
  0.1895529258312E+02
  0.1899686028376E+02
  0.2082663828329E+02
  0.2008087178441E+02
  0.2343829992496E+02
  0.1918845687825E+02
  0.0000000000000E+00
  0.0000000000000E+00
  0.0000000000000E+00
  0.1979200869873E+02
  0.2254329641865E+02
  0.2369235980040E+02
  0.2249826955813E+02
  0.2263908201128E+02
  0.2038361001752E+02
  0.2023929305460E+02
  0.1997158883438E+02
  0.0000000000000E+00
  0.0000000000000E+00
  0.1652370359085E+02
  0.1916827084789E+02
  0.1814779013772E+02
  0.1858342728914E+02
  0.1887448400895E+02
  0.2069345781688E+02
  0.2227755326062E+02
  0.2618385260000E+02
  0.2662419841116E+02
  0.2678996088355E+02
  0.2675433495414E+02
  0.2660334791020E+02
  0.2635114208953E+02
  0.2604948867655E+02
  0.2587481113309E+02
  0.2586431063443E+02
  0.2588272248280E+02
  0.2561722950382E+02
  0.2511011871109E+02
  0.2423015136326E+02
  0.1048154917487E+02
  0.2671187055719E+02
  0.2442011759647E+02
  0.0000000000000E+00
  0.0000000000000E+00
  0.0000000000000E+00
  0.1746548000984E+02
  0.2232290145710E+02
  0.2121878852773E+02
  0.1916832413451E+02
  0.2059224103776E+02
  0.2106838216998E+02
  0.2088493935626E+02
  0.1825779440855E+02
  0.1349130078849E+02
  0.0000000000000E+00
  0.1789125567894E+02
  0.2109073778836E+02
  0.2055343571919E+02
  0.2175760229089E+02
  0.2309908601223E+02
  0.2452141391329E+02
  0.2550570862365E+02
  0.2606131118913E+02
  0.2572881881735E+02
  0.2526794712852E+02
  0.2492062945205E+02
  0.2455910305439E+02
  0.2399379083016E+02
  0.2330819214341E+02
  0.2294916699640E+02
  0.2321051823097E+02
  0.2385768436184E+02
  0.2445917147030E+02
  0.2498294541389E+02
  0.2574563142731E+02
  0.2288924154228E+02
  0.2392030398864E+02
  0.2574295300646E+02
  0.0000000000000E+00
  0.0000000000000E+00
  0.0000000000000E+00
  0.2367983245665E+02
  0.2527240593831E+02
  0.1793268959605E+02
  0.2288597410235E+02
  0.1442210603310E+02
  0.1085079534345E+02
  0.1409368626049E+02
  0.1665292981386E+02
  0.2152597119212E+02
  0.0000000000000E+00
  0.1566547672220E+02
  0.2065684560941E+02
  0.2069434636039E+02
  0.2201104391362E+02
  0.2393440448940E+02
  0.2536989831480E+02
  0.2598861190887E+02
  0.2050723919626E+02
  0.2019163697523E+02
  0.1990204024999E+02
  0.1952079208345E+02
  0.1897571464992E+02
  0.1815097290638E+02
  0.1716798168978E+02
  0.1651253475651E+02
  0.1641710846211E+02
  0.1690105965125E+02
  0.1779488807950E+02
  0.1922063137431E+02
  0.2232458589728E+02
  0.2750029529155E+02
  0.1944268495822E+02
  0.1984346995811E+02
  0.0000000000000E+00
  0.0000000000000E+00
  0.0000000000000E+00
  0.2612193524495E+02
  0.2717656006632E+02
  0.2680876254847E+02
  0.2617443776068E+02
  0.2491124855720E+02
  0.2255558350337E+02
  0.2357652903466E+02
  0.2429168229396E+02
  0.2344422224664E+02
  0.1872740460405E+02
  0.2152359449878E+02
  0.1981061348642E+02
  0.1844925759742E+02
  0.1873178347373E+02
  0.2059436634653E+02
  0.2132938448679E+02
  0.2093714064932E+02
  0.2490282032545E+02
  0.2475075268269E+02
  0.2468336271035E+02
  0.2460891196118E+02
  0.2456719455285E+02
  0.2443175753769E+02
  0.2412766313150E+02
  0.2382958341717E+02
  0.2351652493041E+02
  0.2308503091717E+02
  0.2238739345263E+02
  0.2172213095223E+02
  0.2373281896611E+02
  0.2645398256463E+02
  0.2833518675984E+02
  0.1997126696268E+02
  0.0000000000000E+00
  0.0000000000000E+00
  0.0000000000000E+00
  0.2696412059871E+02
  0.2546555955690E+02
  0.2775456707256E+02
  0.0000000000000E+00
  0.2519342071202E+02
  0.2618245197009E+02
  0.2653622408656E+02
  0.2500653132074E+02
  0.2294506668895E+02
  0.2181591566615E+02
  0.2453746530298E+02
  0.2400551399346E+02
  0.2243705398595E+02
  0.2284857653208E+02
  0.2425883905620E+02
  0.2490690574041E+02
  0.2503989558951E+02
  0.2934653210853E+02
  0.2933002775562E+02
  0.2912611619038E+02
  0.2881466898675E+02
  0.2842657421987E+02
  0.2813365974768E+02
  0.2806766941847E+02
  0.2831200941259E+02
  0.2869895377437E+02
  0.2908278669100E+02
  0.2937827524055E+02
  0.2929292161849E+02
  0.2798534611377E+02
  0.2159065452881E+02
  0.2318670582658E+02
  0.2762447036238E+02
  0.1315854326950E+02
  0.1503364453935E+02
  0.2230038377877E+02
  0.2974016721302E+02
  0.2634837671897E+02
  0.2663048069398E+02
  0.0000000000000E+00
  0.2532659328270E+02
  0.2402854461116E+02
  0.2460818624603E+02
  0.2479162833615E+02
  0.2209608177519E+02
  0.2149381653689E+02
  0.2442567956015E+02
  0.2516930716450E+02
  0.2544805359442E+02
  0.2574621812461E+02
  0.2744800141714E+02
  0.2851649878369E+02
  0.2911962966675E+02
  0.2871791160431E+02
  0.2991631541595E+02
  0.3126663346499E+02
  0.3229702484688E+02
  0.3262052672914E+02
  0.3246658505749E+02
  0.3204198162376E+02
  0.3188373161768E+02
  0.3208678473614E+02
  0.3242943925160E+02
  0.3272698486933E+02
  0.3266587106423E+02
  0.3133320789506E+02
  0.2728273825768E+02
  0.1928504706123E+02
  0.1295698496063E+02
  0.2137140565832E+02
  0.2547025321947E+02
  0.2822631449078E+02
  0.3078275663578E+02
  0.3045302417569E+02
  0.0000000000000E+00
  0.2712281165343E+02
  0.2592609602182E+02
  0.2421335750871E+02
  0.2484354148280E+02
  0.2471335909118E+02
  0.2356301216569E+02
  0.2120637012829E+02
  0.2016967447264E+02
  0.2054444847938E+02
  0.2229724973116E+02
  0.2365611852285E+02
  0.2490518978613E+02
  0.2631787663980E+02
  0.2766180627044E+02
  0.2753545247755E+02
  0.2818318145550E+02
  0.2927155642824E+02
  0.3091357378020E+02
  0.3281814678418E+02
  0.3437430903018E+02
  0.3515659108270E+02
  0.3507160664689E+02
  0.3478953429572E+02
  0.3478927988215E+02
  0.3491351725199E+02
  0.3480701776653E+02
  0.3416520538110E+02
  0.3256988719373E+02
  0.3009701377164E+02
  0.2959600915148E+02
  0.3193698183167E+02
  0.3136510573749E+02
  0.3126949050991E+02
  0.3164351182674E+02
  0.3078498192741E+02
  0.0000000000000E+00
  0.2538964389782E+02
  0.2773233733938E+02
  0.2662631722283E+02
  0.2710300369194E+02
  0.2672980015549E+02
  0.2590337857005E+02
  0.2426125212855E+02
  0.2386807009107E+02
  0.2364536139919E+02
  0.2393570135884E+02
  0.2483297585824E+02
  0.2601762512151E+02
  0.2632254097504E+02
  0.2702050372567E+02
  0.3118823378602E+02
  0.3150236333594E+02
  0.3177264104667E+02
  0.3216449993588E+02
  0.3313272925436E+02
  0.3456008541241E+02
  0.3600974020782E+02
  0.3689176487655E+02
  0.3708707996179E+02
  0.3687704334043E+02
  0.3674752648089E+02
  0.3668756409727E+02
  0.3655049006096E+02
  0.3644449947847E+02
  0.3636462150124E+02
  0.3576974711855E+02
  0.3506199443983E+02
  0.3415705674864E+02
  0.3499511413403E+02
  0.3603422917399E+02
  0.3468911986277E+02
  0.2385741068628E+02
  0.3355623420616E+02
  0.3120833785856E+02
  0.3041790340020E+02
  0.2979611505487E+02
  0.2929515734587E+02
  0.2892177746446E+02
  0.2877482474644E+02
  0.2888887860666E+02
  0.2905749714430E+02
  0.2946292521858E+02
  0.3001413509536E+02
  0.3034730832441E+02
  0.3050107966177E+02
  0.3086837231773E+02
  0.3422550988372E+02
  0.3444254535472E+02
  0.3473381548084E+02
  0.3516072995394E+02
  0.3575097131038E+02
  0.3644291551199E+02
  0.3714966058045E+02
  0.3790587077350E+02
  0.3853052814764E+02
  0.3867638882554E+02
  0.3853444276938E+02
  0.3845137607928E+02
  0.3847634000137E+02
  0.3839355082694E+02
  0.3798600161064E+02
  0.3750509064277E+02
  0.3694471343562E+02
  0.3701672211809E+02
  0.3800816203439E+02
  0.3867563172184E+02
  0.3916304060794E+02
  0.3385652374470E+02
  0.3413755798107E+02
  0.3286975544224E+02
  0.3209790111577E+02
  0.3160162494301E+02
  0.3148648476718E+02
  0.3143001867255E+02
  0.3155262949013E+02
  0.3175954617048E+02
  0.3206508969225E+02
  0.3252596691856E+02
  0.3304213123883E+02
  0.3339649968520E+02
  0.3372872039749E+02
  0.3401615408774E+02
  0.3629781479814E+02
  0.3645959623398E+02
  0.3668860407385E+02
  0.3706958181263E+02
  0.3750332392567E+02
  0.3795943568450E+02
  0.3845195590404E+02
  0.3900243197866E+02
  0.3949406682591E+02
  0.3972331056006E+02
  0.3969120222231E+02
  0.3957479191024E+02
  0.3957023286572E+02
  0.3931840142316E+02
  0.3856016888812E+02
  0.3779352015660E+02
  0.3762953218614E+02
  0.3881763715255E+02
  0.3999156924474E+02
  0.4098949156005E+02
  0.4116563434887E+02
  0.2108746577650E+02
  0.2795234672334E+02
  0.3100667225368E+02
  0.3202510402638E+02
  0.3232442485157E+02
  0.3264605668026E+02
  0.3290646872512E+02
  0.3328659732495E+02
  0.3364615890971E+02
  0.3401660759384E+02
  0.3448889501220E+02
  0.3499908548830E+02
  0.3542119704336E+02
  0.3581985859311E+02
  0.3610435494812E+02
  0.3577714915272E+02
  0.3603454491356E+02
  0.3637087217488E+02
  0.3688309555461E+02
  0.3735011797701E+02
  0.3774358390573E+02
  0.3807045014828E+02
  0.3829106518142E+02
  0.3831814252776E+02
  0.3795785636926E+02
  0.3671559481787E+02
  0.3428516003110E+02
  0.3136216144752E+02
  0.3134020161227E+02
  0.3380994247366E+02
  0.3520566672000E+02
  0.3743990134319E+02
  0.4011945285632E+02
  0.4361096394853E+02
  0.4553458738750E+02
  0.4544844950776E+02
  0.5245808791454E+02
  0.4677469434655E+02
  0.3787609679332E+02
  0.3310105218696E+02
  0.3223313731598E+02
  0.3170223981799E+02
  0.3114692323254E+02
  0.3121879243806E+02
  0.3199453313905E+02
  0.3289432161370E+02
  0.3375255117905E+02
  0.3445055292760E+02
  0.3503455520808E+02
  0.3544213440475E+02
  0.3562157630814E+02
  0.3539930865899E+02
  0.3481343017428E+02
  0.3434763065374E+02
  0.3483696575675E+02
  0.3519983020078E+02
  0.3532957038068E+02
  0.3531560395431E+02
  0.3502206907598E+02
  0.3431356975194E+02
  0.3451033900753E+02
  0.3632590084830E+02
  0.3863497633682E+02
  0.4001814094794E+02
  0.4064228452046E+02
  0.4278453872495E+02
  0.4508690051417E+02
  0.4578973823777E+02
  0.4621538016424E+02
  0.0000000000000E+00
  0.0000000000000E+00
  0.0000000000000E+00
  0.4817361927892E+02
  0.6161816239533E+02
  0.5405572106398E+02
  0.4501686034375E+02
  0.3998354180367E+02
  0.3797020162380E+02
  0.3680024326322E+02
  0.3626794085295E+02
  0.3563834942184E+02
  0.3508820049606E+02
  0.3488004977804E+02
  0.3516937011773E+02
  0.3571897773408E+02
  0.3609615274308E+02
  0.3597362884105E+02
  0.3977110292018E+02
  0.4050727975067E+02
  0.4092637283829E+02
  0.4092026505192E+02
  0.4096790902351E+02
  0.4123670257247E+02
  0.4161698792413E+02
  0.4190902527051E+02
  0.4215963892814E+02
  0.4198206376147E+02
  0.4114257097893E+02
  0.3967409925518E+02
  0.3764908288498E+02
  0.3579001110318E+02
  0.3753854155007E+02
  0.4276404947334E+02
  0.4799265057337E+02
  0.4853409229426E+02
  0.0000000000000E+00
  0.0000000000000E+00
  0.0000000000000E+00
  0.4427993327657E+02
  0.6026560909555E+02
  0.5906006004957E+02
  0.5429908663947E+02
  0.4926319815185E+02
  0.4453267623622E+02
  0.4035074055629E+02
  0.3715153075920E+02
  0.3620211843518E+02
  0.3587780046501E+02
  0.3706022943047E+02
  0.3693145925098E+02
  0.3718381814947E+02
  0.3785887019092E+02
  0.3878787322990E+02
  0.3476364605236E+02
  0.3465087410657E+02
  0.3435129376455E+02
  0.3653672326540E+02
  0.3733251168713E+02
  0.3777475616363E+02
  0.3814649556529E+02
  0.3852765530211E+02
  0.3879947391414E+02
  0.3874781524509E+02
  0.3822504443364E+02
  0.3715456392788E+02
  0.3528482248060E+02
  0.3283967643343E+02
  0.3282964181635E+02
  0.3987914156409E+02
  0.4734010050970E+02
  0.5718273496559E+02
  0.0000000000000E+00
  0.0000000000000E+00
  0.0000000000000E+00
  0.3993767535980E+02
  0.4998989924340E+02
  0.4980816319432E+02
  0.5037049584283E+02
  0.5022410552032E+02
  0.4855560691027E+02
  0.4698896827582E+02
  0.4509481643688E+02
  0.4290932394915E+02
  0.4082908102780E+02
  0.3906937076092E+02
  0.3764726215311E+02
  0.3645205379027E+02
  0.3548904294225E+02
  0.3496280429915E+02
  0.3992497872770E+02
  0.3953542215875E+02
  0.3904860840708E+02
  0.3837835563290E+02
  0.3775667393694E+02
  0.3733235835834E+02
  0.3720504986212E+02
  0.3745075714762E+02
  0.3799247674599E+02
  0.3831959467702E+02
  0.3843349608143E+02
  0.3803107554590E+02
  0.3715436431692E+02
  0.3563972799777E+02
  0.3399093715274E+02
  0.3783806573351E+02
  0.4504661070495E+02
  0.6433781933662E+02
  0.5618681301028E+02
  0.4842684616861E+02
  0.3859785006709E+02
  0.3500167018575E+02
  0.3182810217967E+02
  0.3271191326674E+02
  0.3600959683572E+02
  0.3781519494277E+02
  0.4122244424021E+02
  0.4357505692313E+02
  0.4375624710182E+02
  0.4426066021197E+02
  0.4410857364995E+02
  0.4349752184125E+02
  0.4278869973836E+02
  0.4211469646867E+02
  0.4030489928205E+02
  0.4000479883793E+02
  0.4391273285017E+02
  0.4241914598466E+02
  0.4266088183745E+02
  0.4285860236828E+02
  0.4284161478447E+02
  0.4275296891722E+02
  0.4288089465572E+02
  0.4319041308091E+02
  0.4378962500734E+02
  0.4237689601146E+02
  0.4281740434466E+02
  0.4326827414353E+02
  0.4347912956395E+02
  0.4336866633091E+02
  0.4226720074533E+02
  0.4147694038324E+02
  0.4440769957118E+02
  0.4965242880400E+02
  0.4880471081767E+02
  0.4474860898518E+02
  0.3885962150199E+02
  0.3295939578612E+02
  0.2954106438712E+02
  0.2889566315858E+02
  0.2834598239804E+02
  0.2886281874661E+02
  0.3149670649813E+02
  0.3426965732584E+02
  0.3700430451446E+02
  0.3886958651095E+02
  0.4005230482915E+02
  0.4050164308459E+02
  0.4065426840228E+02
  0.4212062456146E+02
  0.4297923537458E+02
  0.4342483898847E+02
  0.3998568318567E+02
  0.4114833925970E+02
  0.4181156551346E+02
  0.4222853076697E+02
  0.4223034766668E+02
  0.4220630140504E+02
  0.4250277811319E+02
  0.4254487957282E+02
  0.4190702567422E+02
  0.4173694655218E+02
  0.4265190790544E+02
  0.4343106405795E+02
  0.4393971040392E+02
  0.4405979128762E+02
  0.4360336523708E+02
  0.4186989541104E+02
  0.4258310418533E+02
  0.4651782308004E+02
  0.4614901833106E+02
  0.4449055885582E+02
  0.3920518813924E+02
  0.3743734073444E+02
  0.3479090108166E+02
  0.3258380642549E+02
  0.3047202589645E+02
  0.2872199218373E+02
  0.2790371505084E+02
  0.2887559184676E+02
  0.3102873143899E+02
  0.3310355075211E+02
  0.3497274212637E+02
  0.3663330996407E+02
  0.3753705607593E+02
  0.3856224871361E+02
  0.3962904558442E+02
  0.3922805398584E+02
  0.3110079455931E+02
  0.3110773282651E+02
  0.3102016330644E+02
  0.3090459853576E+02
  0.3029693032542E+02
  0.3014355159142E+02
  0.3008610447019E+02
  0.3010646173844E+02
  0.3017914425236E+02
  0.3035633820750E+02
  0.3064840113175E+02
  0.3074919965756E+02
  0.3047933884783E+02
  0.3061288524955E+02
  0.3068397625270E+02
  0.3061294356974E+02
  0.3062079451350E+02
  0.3069004489781E+02
  0.3087762169241E+02
  0.3114814545826E+02
  0.3142100162135E+02
  0.3150514466856E+02
  0.3139305788771E+02
  0.3128416631675E+02
  0.3117760420384E+02
  0.3117184034669E+02
  0.3143474789962E+02
  0.3146180236150E+02
  0.3131512910994E+02
  0.3109286226564E+02
  0.3083238316211E+02
  0.3062216307202E+02
  0.3057377830924E+02
  0.3065663733568E+02
  0.3084051352712E+02
  0.3100347005716E+02
  0.2568027765698E+02
  0.2539920068022E+02
  0.2521217112130E+02
  0.2294102573470E+02
  0.2263886536317E+02
  0.2272430382052E+02
  0.2319484957735E+02
  0.2819836291917E+02
  0.3031223199037E+02
  0.3266223350846E+02
  0.3502791727348E+02
  0.3358800774026E+02
  0.4103626721293E+02
  0.4077037814980E+02
  0.4070838712831E+02
  0.4085189987384E+02
  0.4125778658640E+02
  0.2960739247658E+02
  0.2782157362656E+02
  0.2584039517004E+02
  0.2526373425791E+02
  0.2285446005415E+02
  0.1363035244369E+02
  0.1318312175991E+02
  0.1333966055531E+02
  0.1402208511706E+02
  0.1501409831589E+02
  0.1555839197191E+02
  0.1601534483756E+02
  0.1598933098771E+02
  0.1570375037861E+02
  0.1576476358210E+02
  0.1564899977551E+02
  0.1559279297117E+02
  0.1562123647694E+02
  0.2568001832617E+02
  0.3100559951415E+03
  0.9434885887722E+02
  0.9288600979125E+02
  0.9166604764357E+02
  0.9150383483123E+02
  0.3100559951415E+03
  0.9076438311319E+02
  0.9107517803795E+02
  0.9277397533947E+02
  0.9487964315595E+02
  0.9301679854245E+02
  0.9301679854245E+02
  0.3100559951415E+03
  0.3100559951415E+03
  0.3100559951415E+03
  0.3100559951415E+03
  0.3100559951415E+03
  0.3100559951415E+03
  0.3100559951415E+03
  0.3100559951415E+03
  0.3100559951415E+03
  0.3100559951415E+03
  0.3100559951415E+03
  0.3100559951415E+03
  0.3100559951415E+03
  0.3100559951415E+03
  0.3100559951415E+03
  0.3100559951415E+03
  0.3100559951415E+03
  0.3100559951415E+03
  0.3100559951415E+03
  0.9301679854245E+02
  0.9301679854245E+02
  0.9301679854245E+02
  0.9301679854245E+02
  0.9301679854245E+02
  0.9041207423993E+02
  0.3013735807998E+03
  0.3013735807998E+03
  0.3013735807998E+03
  0.9041207423993E+02
  0.9041207423993E+02
  0.9041207423993E+02
  0.9041207423993E+02
  0.9041207423993E+02
  0.3013735807998E+03
  0.9041207423993E+02
  0.9041207423993E+02
  0.9041207423993E+02
  0.9041207423993E+02
  0.9041207423993E+02
  0.3013735807998E+03
  0.3013735807998E+03
  0.3013735807998E+03
  0.3013735807998E+03
  0.3013735807998E+03
  0.3013735807998E+03
  0.3013735807998E+03
  0.3013735807998E+03
  0.3013735807998E+03
  0.3013735807998E+03
  0.3013735807998E+03
  0.3013735807998E+03
  0.3013735807998E+03
  0.3013735807998E+03
  0.3013735807998E+03
  0.3013735807998E+03
  0.3013735807998E+03
  0.9041207423993E+02
  0.9041207423993E+02
  0.9041207423993E+02
  0.9041207423993E+02
  0.9135312412029E+02
  0.9135312412029E+02
  0.9135312412029E+02
  0.9135312412029E+02
  0.9135312412029E+02
  0.9135312412029E+02
  0.9135312412029E+02
  0.9135312412029E+02
  0.9135312412029E+02
  0.9135312412029E+02
  0.3045104137343E+03
  0.9135312412029E+02
  0.9135312412029E+02
  0.9135312412029E+02
  0.9135312412029E+02
  0.3045104137343E+03
  0.3045104137343E+03
  0.3045104137343E+03
  0.3045104137343E+03
  0.3045104137343E+03
  0.3045104137343E+03
  0.3045104137343E+03
  0.3045104137343E+03
  0.3045104137343E+03
  0.3045104137343E+03
  0.3045104137343E+03
  0.3045104137343E+03
  0.3045104137343E+03
  0.3045104137343E+03
  0.3045104137343E+03
  0.3045104137343E+03
  0.3045104137343E+03
  0.9135312412029E+02
  0.9135312412029E+02
  0.9135312412029E+02
  0.9135312412029E+02
  0.9457819405734E+02
  0.9457819405734E+02
  0.9457819405734E+02
  0.9457819405734E+02
  0.9457819405734E+02
  0.9457819405734E+02
  0.9457819405734E+02
  0.9457819405734E+02
  0.9457819405734E+02
  0.9457819405734E+02
  0.9457819405734E+02
  0.9457819405734E+02
  0.3152606468578E+03
  0.3152606468578E+03
  0.3152606468578E+03
  0.3152606468578E+03
  0.3152606468578E+03
  0.3152606468578E+03
  0.3152606468578E+03
  0.3152606468578E+03
  0.3152606468578E+03
  0.3152606468578E+03
  0.3152606468578E+03
  0.3152606468578E+03
  0.3152606468578E+03
  0.3152606468578E+03
  0.3152606468578E+03
  0.3152606468578E+03
  0.3152606468578E+03
  0.3152606468578E+03
  0.3152606468578E+03
  0.3152606468578E+03
  0.9457819405734E+02
  0.9457819405734E+02
  0.9457819405734E+02
  0.9457819405734E+02
  0.9801825759687E+02
  0.9801825759687E+02
  0.9801825759687E+02
  0.9801825759687E+02
  0.9801825759687E+02
  0.9801825759687E+02
  0.9801825759687E+02
  0.9801825759687E+02
  0.9801825759687E+02
  0.9801825759687E+02
  0.9801825759687E+02
  0.9801825759687E+02
  0.3267275253229E+03
  0.3267275253229E+03
  0.3267275253229E+03
  0.3267275253229E+03
  0.3267275253229E+03
  0.3267275253229E+03
  0.3267275253229E+03
  0.3267275253229E+03
  0.3267275253229E+03
  0.9801825759687E+02
  0.9801825759687E+02
  0.3267275253229E+03
  0.3267275253229E+03
  0.3267275253229E+03
  0.3267275253229E+03
  0.3267275253229E+03
  0.3267275253229E+03
  0.3267275253229E+03
  0.3267275253229E+03
  0.3267275253229E+03
  0.9801825759687E+02
  0.9801825759687E+02
  0.9801825759687E+02
  0.9801825759687E+02
  0.1023943205395E+03
  0.1023943205395E+03
  0.1023943205395E+03
  0.1023943205395E+03
  0.1023943205395E+03
  0.1023943205395E+03
  0.1023943205395E+03
  0.1023943205395E+03
  0.1023943205395E+03
  0.1023943205395E+03
  0.1023943205395E+03
  0.1023943205395E+03
  0.1023943205395E+03
  0.3413144017984E+03
  0.3413144017984E+03
  0.3413144017984E+03
  0.3413144017984E+03
  0.3413144017984E+03
  0.3413144017984E+03
  0.3413144017984E+03
  0.1023943205395E+03
  0.1023943205395E+03
  0.1023943205395E+03
  0.3413144017984E+03
  0.3413144017984E+03
  0.3413144017984E+03
  0.3413144017984E+03
  0.1023943205395E+03
  0.1023943205395E+03
  0.3413144017984E+03
  0.3413144017984E+03
  0.3413144017984E+03
  0.1023943205395E+03
  0.1023943205395E+03
  0.1023943205395E+03
  0.1023943205395E+03
  0.1066951251672E+03
  0.1066951251672E+03
  0.1066951251672E+03
  0.1066951251672E+03
  0.1066951251672E+03
  0.1066951251672E+03
  0.1066951251672E+03
  0.1066951251672E+03
  0.1066951251672E+03
  0.1066951251672E+03
  0.1066951251672E+03
  0.1066951251672E+03
  0.1066951251672E+03
  0.3556504172239E+03
  0.3556504172239E+03
  0.3556504172239E+03
  0.3556504172239E+03
  0.3556504172239E+03
  0.3556504172239E+03
  0.1066951251672E+03
  0.1066951251672E+03
  0.1066951251672E+03
  0.1066951251672E+03
  0.3556504172239E+03
  0.3556504172239E+03
  0.3556504172239E+03
  0.1066951251672E+03
  0.1066951251672E+03
  0.1066951251672E+03
  0.3556504172239E+03
  0.3556504172239E+03
  0.3556504172239E+03
  0.1066951251672E+03
  0.1066951251672E+03
  0.1066951251672E+03
  0.1066951251672E+03
  0.1104322634548E+03
  0.1104322634548E+03
  0.1104322634548E+03
  0.1104322634548E+03
  0.1104322634548E+03
  0.1104322634548E+03
  0.1104322634548E+03
  0.1104322634548E+03
  0.1104322634548E+03
  0.1104322634548E+03
  0.1104322634548E+03
  0.1104322634548E+03
  0.1104322634548E+03
  0.1104322634548E+03
  0.1104322634548E+03
  0.3681075448494E+03
  0.3681075448494E+03
  0.1104322634548E+03
  0.1104322634548E+03
  0.1104322634548E+03
  0.1104322634548E+03
  0.1104322634548E+03
  0.1104322634548E+03
  0.1104322634548E+03
  0.1104322634548E+03
  0.1104322634548E+03
  0.1104322634548E+03
  0.1104322634548E+03
  0.1104322634548E+03
  0.3681075448494E+03
  0.3681075448494E+03
  0.3681075448494E+03
  0.1104322634548E+03
  0.1104322634548E+03
  0.1104322634548E+03
  0.1104322634548E+03
  0.1134355007604E+03
  0.1134355007604E+03
  0.1134355007604E+03
  0.1134355007604E+03
  0.1134355007604E+03
  0.1134355007604E+03
  0.1134355007604E+03
  0.1134355007604E+03
  0.1134355007604E+03
  0.1134355007604E+03
  0.1134355007604E+03
  0.1134355007604E+03
  0.1134355007604E+03
  0.1134355007604E+03
  0.1134355007604E+03
  0.3781183358681E+03
  0.3781183358681E+03
  0.1134355007604E+03
  0.1134355007604E+03
  0.1134355007604E+03
  0.1134355007604E+03
  0.1134355007604E+03
  0.1134355007604E+03
  0.1134355007604E+03
  0.1134355007604E+03
  0.1134355007604E+03
  0.1134355007604E+03
  0.1134355007604E+03
  0.1134355007604E+03
  0.3781183358681E+03
  0.3781183358681E+03
  0.3781183358681E+03
  0.1134355007604E+03
  0.1134355007604E+03
  0.1134355007604E+03
  0.1134355007604E+03
  0.1144324565225E+03
  0.1144324565225E+03
  0.1144324565225E+03
  0.1144324565225E+03
  0.1144324565225E+03
  0.1144324565225E+03
  0.1144324565225E+03
  0.1144324565225E+03
  0.1144324565225E+03
  0.1144324565225E+03
  0.1144324565225E+03
  0.1144324565225E+03
  0.1144324565225E+03
  0.1144324565225E+03
  0.1144324565225E+03
  0.1144324565225E+03
  0.3814415217416E+03
  0.1144324565225E+03
  0.1144324565225E+03
  0.3814415217416E+03
  0.1144324565225E+03
  0.1144324565225E+03
  0.1144324565225E+03
  0.1144324565225E+03
  0.1144324565225E+03
  0.1144324565225E+03
  0.1144324565225E+03
  0.1144324565225E+03
  0.1144324565225E+03
  0.3814415217416E+03
  0.3814415217416E+03
  0.3814415217416E+03
  0.1144324565225E+03
  0.1144324565225E+03
  0.1144324565225E+03
  0.1144324565225E+03
  0.1149002077831E+03
  0.1149002077831E+03
  0.1149002077831E+03
  0.1149002077831E+03
  0.1149002077831E+03
  0.1149002077831E+03
  0.1149002077831E+03
  0.1149002077831E+03
  0.1149002077831E+03
  0.1149002077831E+03
  0.1149002077831E+03
  0.1149002077831E+03
  0.1149002077831E+03
  0.3830006926104E+03
  0.1149002077831E+03
  0.1149002077831E+03
  0.3830006926104E+03
  0.3830006926104E+03
  0.1149002077831E+03
  0.1149002077831E+03
  0.1149002077831E+03
  0.1149002077831E+03
  0.1149002077831E+03
  0.1149002077831E+03
  0.1149002077831E+03
  0.1149002077831E+03
  0.1149002077831E+03
  0.1149002077831E+03
  0.1149002077831E+03
  0.1149002077831E+03
  0.3830006926104E+03
  0.3830006926104E+03
  0.1149002077831E+03
  0.1149002077831E+03
  0.1149002077831E+03
  0.1149002077831E+03
  0.1137045302193E+03
  0.1137045302193E+03
  0.1137045302193E+03
  0.1137045302193E+03
  0.1137045302193E+03
  0.1137045302193E+03
  0.1137045302193E+03
  0.1137045302193E+03
  0.1137045302193E+03
  0.1137045302193E+03
  0.1137045302193E+03
  0.1137045302193E+03
  0.1137045302193E+03
  0.1137045302193E+03
  0.1137045302193E+03
  0.1137045302193E+03
  0.3790151007312E+03
  0.3790151007312E+03
  0.1137045302193E+03
  0.1137045302193E+03
  0.1137045302193E+03
  0.1137045302193E+03
  0.1137045302193E+03
  0.1137045302193E+03
  0.3790151007312E+03
  0.1137045302193E+03
  0.1137045302193E+03
  0.1137045302193E+03
  0.1137045302193E+03
  0.1137045302193E+03
  0.3790151007312E+03
  0.3790151007312E+03
  0.1137045302193E+03
  0.1137045302193E+03
  0.1137045302193E+03
  0.1137045302193E+03
  0.1108545862659E+03
  0.1108545862659E+03
  0.1108545862659E+03
  0.1108545862659E+03
  0.1108545862659E+03
  0.1108545862659E+03
  0.1108545862659E+03
  0.1108545862659E+03
  0.1108545862659E+03
  0.1108545862659E+03
  0.1108545862659E+03
  0.1108545862659E+03
  0.1108545862659E+03
  0.1108545862659E+03
  0.1108545862659E+03
  0.1108545862659E+03
  0.3695152875531E+03
  0.3695152875531E+03
  0.1108545862659E+03
  0.1108545862659E+03
  0.1108545862659E+03
  0.1108545862659E+03
  0.1108545862659E+03
  0.1108545862659E+03
  0.3695152875531E+03
  0.3695152875531E+03
  0.3695152875531E+03
  0.1108545862659E+03
  0.1108545862659E+03
  0.1108545862659E+03
  0.3695152875531E+03
  0.3695152875531E+03
  0.1108545862659E+03
  0.1108545862659E+03
  0.1108545862659E+03
  0.1108545862659E+03
  0.1066251626843E+03
  0.1066251626843E+03
  0.1066251626843E+03
  0.1066251626843E+03
  0.1066251626843E+03
  0.1066251626843E+03
  0.1066251626843E+03
  0.1066251626843E+03
  0.1066251626843E+03
  0.1066251626843E+03
  0.1066251626843E+03
  0.1066251626843E+03
  0.1066251626843E+03
  0.1066251626843E+03
  0.1066251626843E+03
  0.1066251626843E+03
  0.3554172089476E+03
  0.3554172089476E+03
  0.3554172089476E+03
  0.1066251626843E+03
  0.1066251626843E+03
  0.1066251626843E+03
  0.1066251626843E+03
  0.1066251626843E+03
  0.1066251626843E+03
  0.3554172089476E+03
  0.3554172089476E+03
  0.3554172089476E+03
  0.1066251626843E+03
  0.1066251626843E+03
  0.3554172089476E+03
  0.3554172089476E+03
  0.1066251626843E+03
  0.1066251626843E+03
  0.1066251626843E+03
  0.1066251626843E+03
  0.1026438841580E+03
  0.1026438841580E+03
  0.1026438841580E+03
  0.1026438841580E+03
  0.1026438841580E+03
  0.1026438841580E+03
  0.1026438841580E+03
  0.1026438841580E+03
  0.1026438841580E+03
  0.1026438841580E+03
  0.1026438841580E+03
  0.1026438841580E+03
  0.1026438841580E+03
  0.1026438841580E+03
  0.1026438841580E+03
  0.1026438841580E+03
  0.3421462805266E+03
  0.3421462805266E+03
  0.3421462805266E+03
  0.1026438841580E+03
  0.1026438841580E+03
  0.1026438841580E+03
  0.1026438841580E+03
  0.1026438841580E+03
  0.1026438841580E+03
  0.1026438841580E+03
  0.3421462805266E+03
  0.3421462805266E+03
  0.1026438841580E+03
  0.1026438841580E+03
  0.3421462805266E+03
  0.1026438841580E+03
  0.1026438841580E+03
  0.1026438841580E+03
  0.1026438841580E+03
  0.1026438841580E+03
  0.1000773113500E+03
  0.1000773113500E+03
  0.1000773113500E+03
  0.1000773113500E+03
  0.1000773113500E+03
  0.1000773113500E+03
  0.1000773113500E+03
  0.1000773113500E+03
  0.1000773113500E+03
  0.1000773113500E+03
  0.1000773113500E+03
  0.1000773113500E+03
  0.1000773113500E+03
  0.1000773113500E+03
  0.1000773113500E+03
  0.1000773113500E+03
  0.3335910378334E+03
  0.3335910378334E+03
  0.3335910378334E+03
  0.1000773113500E+03
  0.1000773113500E+03
  0.1000773113500E+03
  0.1000773113500E+03
  0.1000773113500E+03
  0.1000773113500E+03
  0.1000773113500E+03
  0.1000773113500E+03
  0.3335910378334E+03
  0.1000773113500E+03
  0.1000773113500E+03
  0.1000773113500E+03
  0.1000773113500E+03
  0.1000773113500E+03
  0.1000773113500E+03
  0.1000773113500E+03
  0.1000773113500E+03
  0.9936083270009E+02
  0.9936083270009E+02
  0.9936083270009E+02
  0.9936083270009E+02
  0.9936083270009E+02
  0.9936083270009E+02
  0.9936083270009E+02
  0.9936083270009E+02
  0.9936083270009E+02
  0.9936083270009E+02
  0.9936083270009E+02
  0.9936083270009E+02
  0.9936083270009E+02
  0.9936083270009E+02
  0.9936083270009E+02
  0.9936083270009E+02
  0.3312027756670E+03
  0.3312027756670E+03
  0.3312027756670E+03
  0.9936083270009E+02
  0.9936083270009E+02
  0.9936083270009E+02
  0.9936083270009E+02
  0.9936083270009E+02
  0.9936083270009E+02
  0.9936083270009E+02
  0.9936083270009E+02
  0.3312027756670E+03
  0.3312027756670E+03
  0.9936083270009E+02
  0.9936083270009E+02
  0.9936083270009E+02
  0.9936083270009E+02
  0.9936083270009E+02
  0.9936083270009E+02
  0.9936083270009E+02
  0.9764126942111E+02
  0.9764126942111E+02
  0.9764126942111E+02
  0.9764126942111E+02
  0.9764126942111E+02
  0.9764126942111E+02
  0.9764126942111E+02
  0.9764126942111E+02
  0.9764126942111E+02
  0.9764126942111E+02
  0.9764126942111E+02
  0.9764126942111E+02
  0.9764126942111E+02
  0.9764126942111E+02
  0.9764126942111E+02
  0.9764126942111E+02
  0.3254708980704E+03
  0.3254708980704E+03
  0.3254708980704E+03
  0.9764126942111E+02
  0.9764126942111E+02
  0.9764126942111E+02
  0.9764126942111E+02
  0.9764126942111E+02
  0.9764126942111E+02
  0.9764126942111E+02
  0.9764126942111E+02
  0.9764126942111E+02
  0.3254708980704E+03
  0.9764126942111E+02
  0.9764126942111E+02
  0.9764126942111E+02
  0.9764126942111E+02
  0.9764126942111E+02
  0.9764126942111E+02
  0.9764126942111E+02
  0.9450731851923E+02
  0.9450731851923E+02
  0.9450731851923E+02
  0.9450731851923E+02
  0.9450731851923E+02
  0.9450731851923E+02
  0.9450731851923E+02
  0.9450731851923E+02
  0.9450731851923E+02
  0.9450731851923E+02
  0.9450731851923E+02
  0.9450731851923E+02
  0.9450731851923E+02
  0.9450731851923E+02
  0.9450731851923E+02
  0.9450731851923E+02
  0.3150243950641E+03
  0.3150243950641E+03
  0.3150243950641E+03
  0.9450731851923E+02
  0.9450731851923E+02
  0.9450731851923E+02
  0.9450731851923E+02
  0.9450731851923E+02
  0.9450731851923E+02
  0.9450731851923E+02
  0.9450731851923E+02
  0.9450731851923E+02
  0.3150243950641E+03
  0.9450731851923E+02
  0.9450731851923E+02
  0.9450731851923E+02
  0.9450731851923E+02
  0.9450731851923E+02
  0.9450731851923E+02
  0.9450731851923E+02
  0.9012437596092E+02
  0.9012437596092E+02
  0.9012437596092E+02
  0.9012437596092E+02
  0.9012437596092E+02
  0.9012437596092E+02
  0.9012437596092E+02
  0.9012437596092E+02
  0.9012437596092E+02
  0.9012437596092E+02
  0.9012437596092E+02
  0.9012437596092E+02
  0.9012437596092E+02
  0.9012437596092E+02
  0.9012437596092E+02
  0.9012437596092E+02
  0.3004145865364E+03
  0.3004145865364E+03
  0.3004145865364E+03
  0.9012437596092E+02
  0.9012437596092E+02
  0.9012437596092E+02
  0.9012437596092E+02
  0.9012437596092E+02
  0.9012437596092E+02
  0.9012437596092E+02
  0.9012437596092E+02
  0.9012437596092E+02
  0.9012437596092E+02
  0.9012437596092E+02
  0.9012437596092E+02
  0.9012437596092E+02
  0.9012437596092E+02
  0.9012437596092E+02
  0.9012437596092E+02
  0.9012437596092E+02
  0.8433933854835E+02
  0.8433933854835E+02
  0.8433933854835E+02
  0.8433933854835E+02
  0.8433933854835E+02
  0.8433933854835E+02
  0.8433933854835E+02
  0.8433933854835E+02
  0.8433933854835E+02
  0.8433933854835E+02
  0.8433933854835E+02
  0.8433933854835E+02
  0.8433933854835E+02
  0.8433933854835E+02
  0.8433933854835E+02
  0.8433933854835E+02
  0.2811311284945E+03
  0.2811311284945E+03
  0.2811311284945E+03
  0.8433933854835E+02
  0.8433933854835E+02
  0.8433933854835E+02
  0.2811311284945E+03
  0.8433933854835E+02
  0.8433933854835E+02
  0.8433933854835E+02
  0.8433933854835E+02
  0.8433933854835E+02
  0.8433933854835E+02
  0.8433933854835E+02
  0.8433933854835E+02
  0.8433933854835E+02
  0.8433933854835E+02
  0.8433933854835E+02
  0.8433933854835E+02
  0.8433933854835E+02
  0.8071997739288E+02
  0.8071997739288E+02
  0.8071997739288E+02
  0.8071997739288E+02
  0.8071997739288E+02
  0.8071997739288E+02
  0.8071997739288E+02
  0.8071997739288E+02
  0.8071997739288E+02
  0.8071997739288E+02
  0.8071997739288E+02
  0.8071997739288E+02
  0.8071997739288E+02
  0.8071997739288E+02
  0.8071997739288E+02
  0.8071997739288E+02
  0.8071997739288E+02
  0.8071997739288E+02
  0.8071997739288E+02
  0.8071997739288E+02
  0.8071997739288E+02
  0.8071997739288E+02
  0.2690665913096E+03
  0.8071997739288E+02
  0.8071997739288E+02
  0.8071997739288E+02
  0.8071997739288E+02
  0.8071997739288E+02
  0.8071997739288E+02
  0.8071997739288E+02
  0.8071997739288E+02
  0.8071997739288E+02
  0.8071997739288E+02
  0.8071997739288E+02
  0.8071997739288E+02
  0.8071997739288E+02
  0.7691683567368E+02
  0.7691683567368E+02
  0.7691683567368E+02
  0.7691683567368E+02
  0.7691683567368E+02
  0.7691683567368E+02
  0.7691683567368E+02
  0.7691683567368E+02
  0.7691683567368E+02
  0.7691683567368E+02
  0.7691683567368E+02
  0.7691683567368E+02
  0.7691683567368E+02
  0.7691683567368E+02
  0.7691683567368E+02
  0.7691683567368E+02
  0.7691683567368E+02
  0.7691683567368E+02
  0.7691683567368E+02
  0.7691683567368E+02
  0.7691683567368E+02
  0.2563894522456E+03
  0.7691683567368E+02
  0.7691683567368E+02
  0.7691683567368E+02
  0.7691683567368E+02
  0.7691683567368E+02
  0.7691683567368E+02
  0.7691683567368E+02
  0.7691683567368E+02
  0.7691683567368E+02
  0.7691683567368E+02
  0.7691683567368E+02
  0.7691683567368E+02
  0.7691683567368E+02
  0.7691683567368E+02
  0.7248178136617E+02
  0.7248178136617E+02
  0.7248178136617E+02
  0.7248178136617E+02
  0.7248178136617E+02
  0.7248178136617E+02
  0.7248178136617E+02
  0.7248178136617E+02
  0.7248178136617E+02
  0.7248178136617E+02
  0.7248178136617E+02
  0.7248178136617E+02
  0.7248178136617E+02
  0.7248178136617E+02
  0.7248178136617E+02
  0.7248178136617E+02
  0.7248178136617E+02
  0.7248178136617E+02
  0.7248178136617E+02
  0.7248178136617E+02
  0.7248178136617E+02
  0.2416059378872E+03
  0.7248178136617E+02
  0.7248178136617E+02
  0.7248178136617E+02
  0.7248178136617E+02
  0.7248178136617E+02
  0.7248178136617E+02
  0.7248178136617E+02
  0.7248178136617E+02
  0.7248178136617E+02
  0.7248178136617E+02
  0.7248178136617E+02
  0.7248178136617E+02
  0.7248178136617E+02
  0.7248178136617E+02
  0.6697513159396E+02
  0.6697513159396E+02
  0.6697513159396E+02
  0.6697513159396E+02
  0.6697513159396E+02
  0.6697513159396E+02
  0.6697513159396E+02
  0.6697513159396E+02
  0.6697513159396E+02
  0.6697513159396E+02
  0.6697513159396E+02
  0.6697513159396E+02
  0.6697513159396E+02
  0.6697513159396E+02
  0.6697513159396E+02
  0.6697513159396E+02
  0.6697513159396E+02
  0.6697513159396E+02
  0.6697513159396E+02
  0.6697513159396E+02
  0.6697513159396E+02
  0.6697513159396E+02
  0.6697513159396E+02
  0.6697513159396E+02
  0.6697513159396E+02
  0.6697513159396E+02
  0.6697513159396E+02
  0.6697513159396E+02
  0.6697513159396E+02
  0.6697513159396E+02
  0.6697513159396E+02
  0.6697513159396E+02
  0.6697513159396E+02
  0.6697513159396E+02
  0.6697513159396E+02
  0.6697513159396E+02
  0.6101300177199E+02
  0.6101300177199E+02
  0.6101300177199E+02
  0.6101300177199E+02
  0.6101300177199E+02
  0.6101300177199E+02
  0.6101300177199E+02
  0.6101300177199E+02
  0.6101300177199E+02
  0.6101300177199E+02
  0.6101300177199E+02
  0.6101300177199E+02
  0.6101300177199E+02
  0.6101300177199E+02
  0.6101300177199E+02
  0.6101300177199E+02
  0.6101300177199E+02
  0.6101300177199E+02
  0.6101300177199E+02
  0.6101300177199E+02
  0.6101300177199E+02
  0.6101300177199E+02
  0.6101300177199E+02
  0.6101300177199E+02
  0.6101300177199E+02
  0.6101300177199E+02
  0.6101300177199E+02
  0.6101300177199E+02
  0.6101300177199E+02
  0.6101300177199E+02
  0.6101300177199E+02
  0.6101300177199E+02
  0.6101300177199E+02
  0.6101300177199E+02
  0.6101300177199E+02
  0.6101300177199E+02
  0.5468524068779E+02
  0.5468524068779E+02
  0.5468524068779E+02
  0.5468524068779E+02
  0.5468524068779E+02
  0.5468524068779E+02
  0.5468524068779E+02
  0.5468524068779E+02
  0.5468524068779E+02
  0.5468524068779E+02
  0.5468524068779E+02
  0.5468524068779E+02
  0.5468524068779E+02
  0.5468524068779E+02
  0.5468524068779E+02
  0.5468524068779E+02
  0.5468524068779E+02
  0.5468524068779E+02
  0.5468524068779E+02
  0.5468524068779E+02
  0.5468524068779E+02
  0.5468524068779E+02
  0.5468524068779E+02
  0.5468524068779E+02
  0.5468524068779E+02
  0.5468524068779E+02
  0.5468524068779E+02
  0.5468524068779E+02
  0.5468524068779E+02
  0.5468524068779E+02
  0.5468524068779E+02
  0.5468524068779E+02
  0.5468524068779E+02
  0.5468524068779E+02
  0.5468524068779E+02
  0.5468524068779E+02
  0.4800919605416E+02
  0.4800919605416E+02
  0.4800919605416E+02
  0.4800919605416E+02
  0.4800919605416E+02
  0.4800919605416E+02
  0.4800919605416E+02
  0.4800919605416E+02
  0.4800919605416E+02
  0.4800919605416E+02
  0.4800919605416E+02
  0.4800919605416E+02
  0.4800919605416E+02
  0.4800919605416E+02
  0.4800919605416E+02
  0.4800919605416E+02
  0.4800919605416E+02
  0.4800919605416E+02
  0.4800919605416E+02
  0.4800919605416E+02
  0.4800919605416E+02
  0.4800919605416E+02
  0.4800919605416E+02
  0.4800919605416E+02
  0.4800919605416E+02
  0.4800919605416E+02
  0.4800919605416E+02
  0.4800919605416E+02
  0.4800919605416E+02
  0.4800919605416E+02
  0.4800919605416E+02
  0.4800919605416E+02
  0.4800919605416E+02
  0.4800919605416E+02
  0.4800919605416E+02
  0.4800919605416E+02
  0.4021148987084E+02
  0.4021148987084E+02
  0.4021148987084E+02
  0.4021148987084E+02
  0.4021148987084E+02
  0.4021148987084E+02
  0.4021148987084E+02
  0.4021148987084E+02
  0.4021148987084E+02
  0.4021148987084E+02
  0.4021148987084E+02
  0.4021148987084E+02
  0.4021148987084E+02
  0.4021148987084E+02
  0.4021148987084E+02
  0.4021148987084E+02
  0.4021148987084E+02
  0.4021148987084E+02
  0.1340382995695E+03
  0.1340382995695E+03
  0.1340382995695E+03
  0.4021148987084E+02
  0.4021148987084E+02
  0.4021148987084E+02
  0.4021148987084E+02
  0.4021148987084E+02
  0.4021148987084E+02
  0.4021148987084E+02
  0.4021148987084E+02
  0.4021148987084E+02
  0.4021148987084E+02
  0.4021148987084E+02
  0.4021148987084E+02
  0.4021148987084E+02
  0.4021148987084E+02
  0.4021148987084E+02
  0.3230434302986E+02
  0.3230434302986E+02
  0.3230434302986E+02
  0.3230434302986E+02
  0.3230434302986E+02
  0.3230434302986E+02
  0.3230434302986E+02
  0.3230434302986E+02
  0.3230434302986E+02
  0.3230434302986E+02
  0.3230434302986E+02
  0.3230434302986E+02
  0.3230434302986E+02
  0.3230434302986E+02
  0.3230434302986E+02
  0.3230434302986E+02
  0.3230434302986E+02
  0.3230434302986E+02
  0.1076811434329E+03
  0.1076811434329E+03
  0.1076811434329E+03
  0.3230434302986E+02
  0.3230434302986E+02
  0.3230434302986E+02
  0.3230434302986E+02
  0.3230434302986E+02
  0.3230434302986E+02
  0.3230434302986E+02
  0.3230434302986E+02
  0.3230434302986E+02
  0.3230434302986E+02
  0.3230434302986E+02
  0.3230434302986E+02
  0.3230434302986E+02
  0.3230434302986E+02
  0.3230434302986E+02
  0.2466270742501E+02
  0.2466270742501E+02
  0.2466270742501E+02
  0.2466270742501E+02
  0.2466270742501E+02
  0.2466270742501E+02
  0.2466270742501E+02
  0.2466270742501E+02
  0.2466270742501E+02
  0.2466270742501E+02
  0.2466270742501E+02
  0.2466270742501E+02
  0.2466270742501E+02
  0.2466270742501E+02
  0.2466270742501E+02
  0.2466270742501E+02
  0.2466270742501E+02
  0.2466270742501E+02
  0.8220902475003E+02
  0.8220902475003E+02
  0.8220902475003E+02
  0.2466270742501E+02
  0.2466270742501E+02
  0.2466270742501E+02
  0.2466270742501E+02
  0.2466270742501E+02
  0.2466270742501E+02
  0.2466270742501E+02
  0.2466270742501E+02
  0.2466270742501E+02
  0.2466270742501E+02
  0.2466270742501E+02
  0.2466270742501E+02
  0.2466270742501E+02
  0.2466270742501E+02
  0.2466270742501E+02
  0.1799293425688E+02
  0.1799293425688E+02
  0.1799293425688E+02
  0.1799293425688E+02
  0.1799293425688E+02
  0.1799293425688E+02
  0.1799293425688E+02
  0.1799293425688E+02
  0.1799293425688E+02
  0.1799293425688E+02
  0.1799293425688E+02
  0.1799293425688E+02
  0.1799293425688E+02
  0.1799293425688E+02
  0.1799293425688E+02
  0.1799293425688E+02
  0.1799293425688E+02
  0.1799293425688E+02
  0.1799293425688E+02
  0.1799293425688E+02
  0.1799293425688E+02
  0.1799293425688E+02
  0.1799293425688E+02
  0.1799293425688E+02
  0.1799293425688E+02
  0.1799293425688E+02
  0.1799293425688E+02
  0.1799293425688E+02
  0.1799293425688E+02
  0.1799293425688E+02
  0.1799293425688E+02
  0.1799293425688E+02
  0.1799293425688E+02
  0.1799293425688E+02
  0.1799293425688E+02
  0.1799293425688E+02
  0.1149551896262E+02
  0.1149551896262E+02
  0.1149551896262E+02
  0.1149551896262E+02
  0.1149551896262E+02
  0.1149551896262E+02
  0.1149551896262E+02
  0.1149551896262E+02
  0.1149551896262E+02
  0.1149551896262E+02
  0.1149551896262E+02
  0.1149551896262E+02
  0.1149551896262E+02
  0.1149551896262E+02
  0.1149551896262E+02
  0.1149551896262E+02
  0.1149551896262E+02
  0.1149551896262E+02
  0.1149551896262E+02
  0.1149551896262E+02
  0.1149551896262E+02
  0.1149551896262E+02
  0.1149551896262E+02
  0.1149551896262E+02
  0.1149551896262E+02
  0.1149551896262E+02
  0.1149551896262E+02
  0.1149551896262E+02
  0.1149551896262E+02
  0.1149551896262E+02
  0.1149551896262E+02
  0.1149551896262E+02
  0.1149551896262E+02
  0.1149551896262E+02
  0.1149551896262E+02
  0.1149551896262E+02
  0.5369904407050E+01
  0.5369904407050E+01
  0.5369904407050E+01
  0.5369904407050E+01
  0.5369904407050E+01
  0.5369904407050E+01
  0.5369904407050E+01
  0.5369904407050E+01
  0.5369904407050E+01
  0.5369904407050E+01
  0.5369904407050E+01
  0.5369904407050E+01
  0.5369904407050E+01
  0.5369904407050E+01
  0.5369904407050E+01
  0.5369904407050E+01
  0.5369904407050E+01
  0.5369904407050E+01
  0.5369904407050E+01
  0.5369904407050E+01
  0.5369904407050E+01
  0.5369904407050E+01
  0.5369904407050E+01
  0.5369904407050E+01
  0.5369904407050E+01
  0.5369904407050E+01
  0.5369904407050E+01
  0.5369904407050E+01
  0.5369904407050E+01
  0.5369904407050E+01
  0.5369904407050E+01
  0.5369904407050E+01
  0.5369904407050E+01
  0.5369904407050E+01
  0.5369904407050E+01
  0.5369904407050E+01
  0.2041437864029E+00
  0.2041437864029E+00
  0.2041437864029E+00
  0.2041437864029E+00
  0.2041437864029E+00
  0.2041437864029E+00
  0.2041437864029E+00
  0.2041437864029E+00
  0.2041437864029E+00
  0.2041437864029E+00
  0.2041437864029E+00
  0.2041437864029E+00
  0.2041437864029E+00
  0.2041437864029E+00
  0.2041437864029E+00
  0.2041437864029E+00
  0.2041437864029E+00
  0.2041437864029E+00
  0.2041437864029E+00
  0.2041437864029E+00
  0.2041437864029E+00
  0.2041437864029E+00
  0.2041437864029E+00
  0.2041437864029E+00
  0.2041437864029E+00
  0.2041437864029E+00
  0.2041437864029E+00
  0.2041437864029E+00
  0.2041437864029E+00
  0.2041437864029E+00
  0.2041437864029E+00
  0.2041437864029E+00
  0.2041437864029E+00
  0.2041437864029E+00
  0.2041437864029E+00
  0.2041437864029E+00
  0.0000000000000E+00
  0.0000000000000E+00
  0.0000000000000E+00
  0.0000000000000E+00
  0.0000000000000E+00
  0.0000000000000E+00
  0.0000000000000E+00
  0.0000000000000E+00
  0.0000000000000E+00
  0.0000000000000E+00
  0.0000000000000E+00
  0.0000000000000E+00
  0.0000000000000E+00
  0.0000000000000E+00
  0.0000000000000E+00
  0.0000000000000E+00
  0.0000000000000E+00
  0.0000000000000E+00
  0.0000000000000E+00
  0.0000000000000E+00
  0.0000000000000E+00
  0.0000000000000E+00
  0.0000000000000E+00
  0.0000000000000E+00
  0.0000000000000E+00
  0.0000000000000E+00
  0.0000000000000E+00
  0.0000000000000E+00
  0.0000000000000E+00
  0.0000000000000E+00
  0.0000000000000E+00
  0.0000000000000E+00
  0.0000000000000E+00
  0.0000000000000E+00
  0.0000000000000E+00
  0.0000000000000E+00
 -0.2243908330450E+03
 -0.2009493107241E+03
 -0.1965848883834E+03
 -0.1940133274662E+03
 -0.1936366263095E+03
 -0.2211690296614E+03
 -0.1925199126185E+03
 -0.1929396985378E+03
 -0.1965111187519E+03
 -0.2022409359736E+03
 -0.2120586022913E+03
 -0.2237451378550E+03
 -0.2370577459305E+03
 -0.2442139828015E+03
 -0.2507569451226E+03
 -0.2567479683034E+03
 -0.2618749708605E+03
 -0.2660361658461E+03
 -0.2692551868828E+03
 -0.2716150139954E+03
 -0.2732137004147E+03
 -0.2741448617043E+03
 -0.2744713446672E+03
 -0.2742038301206E+03
 -0.2733001707796E+03
 -0.2716736500975E+03
 -0.2691963416292E+03
 -0.2657081380604E+03
 -0.2610162915070E+03
 -0.2548947376006E+03
 -0.2471054079310E+03
 -0.2477850825435E+03
 -0.2304541605890E+03
 -0.2194584619385E+03
 -0.2121276333366E+03
 -0.2081522342245E+03
 -0.2070637375329E+03
 -0.2302628447548E+03
 -0.2299388779132E+03
 -0.2286108722750E+03
 -0.2021200965123E+03
 -0.1978449747241E+03
 -0.1972196453455E+03
 -0.1978477324748E+03
 -0.2001748358585E+03
 -0.2282987851982E+03
 -0.2153023882069E+03
 -0.2203101900713E+03
 -0.2289975197454E+03
 -0.2412474996039E+03
 -0.2593146891718E+03
 -0.2526397272661E+03
 -0.2598438274794E+03
 -0.2645036592494E+03
 -0.2674154811333E+03
 -0.2691842111844E+03
 -0.2700725173533E+03
 -0.2704592011643E+03
 -0.2706555092175E+03
 -0.2706854655259E+03
 -0.2704537573973E+03
 -0.2698648662079E+03
 -0.2686525764449E+03
 -0.2666721701642E+03
 -0.2638161657004E+03
 -0.2598224874000E+03
 -0.2542511869725E+03
 -0.2466439877021E+03
 -0.2409670211760E+03
 -0.2235957992476E+03
 -0.2128311070668E+03
 -0.2077958207162E+03
 -0.2051013801477E+03
 -0.2041262551657E+03
 -0.2035807994272E+03
 -0.2047656872190E+03
 -0.2055989868299E+03
 -0.2029357461073E+03
 -0.2019995106159E+03
 -0.2008011665837E+03
 -0.2009359789612E+03
 -0.2027800738616E+03
 -0.2334387976873E+03
 -0.2193087460605E+03
 -0.2343249068312E+03
 -0.2488803060455E+03
 -0.2664977905978E+03
 -0.2551381775621E+03
 -0.2610088066956E+03
 -0.2639323182433E+03
 -0.2653401676473E+03
 -0.2664226354088E+03
 -0.2661961781476E+03
 -0.2656302576090E+03
 -0.2657085574499E+03
 -0.2660102820886E+03
 -0.2661816808361E+03
 -0.2665982471699E+03
 -0.2661098073402E+03
 -0.2647847950054E+03
 -0.2630742420734E+03
 -0.2607869934266E+03
 -0.2569945569117E+03
 -0.2503413374798E+03
 -0.2325158066516E+03
 -0.2204304308211E+03
 -0.2101392894554E+03
 -0.2055792889507E+03
 -0.2021817848609E+03
 -0.2022756460435E+03
 -0.2023712160230E+03
 -0.2024188385996E+03
 -0.2042129468533E+03
 -0.2039440228530E+03
 -0.2027327162150E+03
 -0.2019335328689E+03
 -0.2019845715704E+03
 -0.2034471284190E+03
 -0.2101596664821E+03
 -0.2189335019788E+03
 -0.2415402953242E+03
 -0.2465334096710E+03
 -0.2530874791333E+03
 -0.2594390156802E+03
 -0.2634616107610E+03
 -0.2651033343496E+03
 -0.2652076717705E+03
 -0.2642431697742E+03
 -0.2621376292553E+03
 -0.2602568719968E+03
 -0.2605674917986E+03
 -0.2616819953501E+03
 -0.2630330334558E+03
 -0.2641366286209E+03
 -0.2630585233924E+03
 -0.2623430078209E+03
 -0.2618388305789E+03
 -0.2612426235901E+03
 -0.2587539447623E+03
 -0.2530786863266E+03
 -0.2187092870113E+03
 -0.2118873296962E+03
 -0.2056161445240E+03
 -0.2030719897112E+03
 -0.2011989007071E+03
 -0.2010633248545E+03
 -0.2013344245246E+03
 -0.2012906756882E+03
 -0.2018107209614E+03
 -0.2022487296279E+03
 -0.2023983419607E+03
 -0.2025292912933E+03
 -0.2031296917409E+03
 -0.2042275219746E+03
 -0.2076277602760E+03
 -0.2153983404226E+03
 -0.2439602814895E+03
 -0.2498991399800E+03
 -0.2564470910589E+03
 -0.2617409527674E+03
 -0.2645521935291E+03
 -0.2648834665247E+03
 -0.2639621841893E+03
 -0.2617931891244E+03
 -0.2575933807761E+03
 -0.2560865738671E+03
 -0.2617958417704E+03
 -0.2577957284090E+03
 -0.2611728753907E+03
 -0.2614617641295E+03
 -0.2598864082555E+03
 -0.2587915960317E+03
 -0.2597127502029E+03
 -0.2614873727822E+03
 -0.2606938144201E+03
 -0.2557379715007E+03
 -0.2131116060308E+03
 -0.2084000202161E+03
 -0.2048755252739E+03
 -0.2024888534092E+03
 -0.1996334025233E+03
 -0.1990885145916E+03
 -0.1989725118476E+03
 -0.1988115525199E+03
 -0.1989749305996E+03
 -0.1994757433191E+03
 -0.2000885024495E+03
 -0.2007721774869E+03
 -0.2017520644391E+03
 -0.2028805202600E+03
 -0.2050018681469E+03
 -0.2105729316998E+03
 -0.2175542576467E+03
 -0.2507021721858E+03
 -0.2571918286969E+03
 -0.2621634082593E+03
 -0.2642372469986E+03
 -0.2634225775585E+03
 -0.2621352252916E+03
 -0.2582608785351E+03
 -0.2369724819843E+03
 -0.2369942034314E+03
 -0.2431858363954E+03
 -0.2559582753128E+03
 -0.2589294316627E+03
 -0.2585945285991E+03
 -0.2566621418943E+03
 -0.2451697778750E+03
 -0.2514034205333E+03
 -0.2618996379770E+03
 -0.2624713642667E+03
 -0.2580845128939E+03
 -0.2106005006401E+03
 -0.2072492147868E+03
 -0.2033714369186E+03
 -0.2008699610329E+03
 -0.1965418288351E+03
 -0.1952366368297E+03
 -0.1938721551742E+03
 -0.1928633151889E+03
 -0.1926963717635E+03
 -0.1932256253250E+03
 -0.1942241657171E+03
 -0.1954316179412E+03
 -0.1968046845503E+03
 -0.1980496800671E+03
 -0.2000660146966E+03
 -0.2041705648767E+03
 -0.2119595297611E+03
 -0.2509225059146E+03
 -0.2561589485994E+03
 -0.2618150124716E+03
 -0.2628761579710E+03
 -0.2606636962245E+03
 -0.2590141755152E+03
 -0.2320873039493E+03
 -0.2246269489245E+03
 -0.2238346742561E+03
 -0.2291697945931E+03
 -0.2543244338833E+03
 -0.2562791790197E+03
 -0.2562657146795E+03
 -0.2297947591827E+03
 -0.2310436402435E+03
 -0.2361866629073E+03
 -0.2632985963816E+03
 -0.2643564294401E+03
 -0.2600225094094E+03
 -0.2103034377616E+03
 -0.2050304083322E+03
 -0.2000323797463E+03
 -0.1976041466346E+03
 -0.1909073622797E+03
 -0.1894452935441E+03
 -0.1881970689770E+03
 -0.1875378179788E+03
 -0.1871261344276E+03
 -0.1868195066754E+03
 -0.1865693948641E+03
 -0.1860398007336E+03
 -0.1852108837269E+03
 -0.1856662230969E+03
 -0.1890458119015E+03
 -0.1945979079753E+03
 -0.2058116696858E+03
 -0.2135900145306E+03
 -0.2222999367758E+03
 -0.2603722266266E+03
 -0.2611162621290E+03
 -0.2211908725621E+03
 -0.2225916671067E+03
 -0.2209805125034E+03
 -0.2144394107199E+03
 -0.2122007559205E+03
 -0.2150499262533E+03
 -0.2191361412998E+03
 -0.2217243767519E+03
 -0.2221493507162E+03
 -0.2195781416018E+03
 -0.2187473902901E+03
 -0.2196821451380E+03
 -0.2647668474734E+03
 -0.2657267987438E+03
 -0.2613194514574E+03
 -0.2054317613161E+03
 -0.1988999053734E+03
 -0.1931786679787E+03
 -0.1919351605126E+03
 -0.1926786226980E+03
 -0.1938059789777E+03
 -0.1939147539085E+03
 -0.1938966028281E+03
 -0.1939158022976E+03
 -0.1938761556486E+03
 -0.1935914203061E+03
 -0.1928864777153E+03
 -0.1916620337673E+03
 -0.1899642858330E+03
 -0.1878017463940E+03
 -0.1839232417824E+03
 -0.1980271068093E+03
 -0.2060105035675E+03
 -0.2140818546022E+03
 -0.2597642946759E+03
 -0.2603512685852E+03
 -0.2073428562289E+03
 -0.2118802704987E+03
 -0.2121792257938E+03
 -0.2025350807512E+03
 -0.2003876340791E+03
 -0.1921677108871E+03
 -0.2022905085225E+03
 -0.2024281621770E+03
 -0.2055029388967E+03
 -0.2056960345893E+03
 -0.2040853780406E+03
 -0.2011264190299E+03
 -0.2651163569835E+03
 -0.2660379912268E+03
 -0.2617817256849E+03
 -0.2038169376299E+03
 -0.1932544121761E+03
 -0.1892089367954E+03
 -0.1902804103365E+03
 -0.1981672189189E+03
 -0.1980745284128E+03
 -0.1979440231060E+03
 -0.1979000560796E+03
 -0.1979929154399E+03
 -0.1979699243601E+03
 -0.1977294206077E+03
 -0.1971784776395E+03
 -0.1963097433639E+03
 -0.1952451508523E+03
 -0.1943664968973E+03
 -0.1939761198021E+03
 -0.1989315814864E+03
 -0.2026851645230E+03
 -0.2080900417737E+03
 -0.2197053669354E+03
 -0.2600401032607E+03
 -0.2141239156662E+03
 -0.2081458007290E+03
 -0.2548687851794E+03
 -0.1972752591901E+03
 -0.2017003678490E+03
 -0.2036244720807E+03
 -0.2080881301443E+03
 -0.2093031534547E+03
 -0.2082930450275E+03
 -0.2064045974042E+03
 -0.2066196434679E+03
 -0.2102618968301E+03
 -0.2632362925817E+03
 -0.2651388545667E+03
 -0.2614167113935E+03
 -0.2027639588495E+03
 -0.1996535548747E+03
 -0.1975061465723E+03
 -0.1978194074810E+03
 -0.1998286827180E+03
 -0.1994780226038E+03
 -0.1993524980589E+03
 -0.1993015672385E+03
 -0.1992576611121E+03
 -0.1990288438719E+03
 -0.1985930985955E+03
 -0.1979078680133E+03
 -0.1971628716521E+03
 -0.1967526078414E+03
 -0.1970237745319E+03
 -0.1982735019998E+03
 -0.2012533487842E+03
 -0.2516193041554E+03
 -0.2061842286011E+03
 -0.2155121256634E+03
 -0.2601975719729E+03
 -0.2574093153841E+03
 -0.2064042566761E+03
 -0.2061123183423E+03
 -0.2037317095572E+03
 -0.2042069859367E+03
 -0.2061970838395E+03
 -0.2089724705935E+03
 -0.2115839959969E+03
 -0.2093573331481E+03
 -0.2097509579807E+03
 -0.2095351568603E+03
 -0.2125261924459E+03
 -0.2164318329805E+03
 -0.2631575952074E+03
 -0.2602053796827E+03
 -0.2026314582227E+03
 -0.2025698340550E+03
 -0.2003785079426E+03
 -0.2001192187239E+03
 -0.2003362171225E+03
 -0.1999035328738E+03
 -0.1996248290700E+03
 -0.1993024636880E+03
 -0.1988748327091E+03
 -0.1983319239843E+03
 -0.1977578296135E+03
 -0.1972444690805E+03
 -0.1971354472647E+03
 -0.1976554633182E+03
 -0.1987638695130E+03
 -0.2001181162437E+03
 -0.2017737400945E+03
 -0.2009000293857E+03
 -0.2061688131934E+03
 -0.2116699368264E+03
 -0.2593414785816E+03
 -0.2579601695734E+03
 -0.2074476755740E+03
 -0.2072499984219E+03
 -0.2050265807996E+03
 -0.2047125087081E+03
 -0.2054421097452E+03
 -0.2073246214051E+03
 -0.2562344151858E+03
 -0.2077798826552E+03
 -0.2120581343016E+03
 -0.2102649672820E+03
 -0.2119151601645E+03
 -0.2144226537681E+03
 -0.2614329994390E+03
 -0.2590288955181E+03
 -0.2021959715693E+03
 -0.2035829129542E+03
 -0.2017792726045E+03
 -0.2009627145505E+03
 -0.2000351219970E+03
 -0.1994690660753E+03
 -0.1988912595479E+03
 -0.1981499473205E+03
 -0.1972182582188E+03
 -0.1963587500399E+03
 -0.1958689891048E+03
 -0.1960310395489E+03
 -0.1970696291724E+03
 -0.1984752451219E+03
 -0.1996996602915E+03
 -0.2005986023309E+03
 -0.2015589276309E+03
 -0.2010492237775E+03
 -0.2052296367274E+03
 -0.2104367563287E+03
 -0.2577442130156E+03
 -0.2582668953421E+03
 -0.2091733701086E+03
 -0.2060163290764E+03
 -0.2046041777471E+03
 -0.2038165263076E+03
 -0.2036996936698E+03
 -0.2052746310987E+03
 -0.2567550025024E+03
 -0.2572109514619E+03
 -0.2574514448918E+03
 -0.2097812600203E+03
 -0.2113259283556E+03
 -0.2118351149372E+03
 -0.2600528911182E+03
 -0.2590475190671E+03
 -0.2019355094132E+03
 -0.2038934332799E+03
 -0.2022084748752E+03
 -0.2009278869377E+03
 -0.1989680050072E+03
 -0.1983301409994E+03
 -0.1975439686633E+03
 -0.1964576723943E+03
 -0.1948794604448E+03
 -0.1939187466565E+03
 -0.1940341757319E+03
 -0.1952649057465E+03
 -0.1971113631249E+03
 -0.1986594782699E+03
 -0.1996187204362E+03
 -0.2000056405860E+03
 -0.2002263834314E+03
 -0.1997948070073E+03
 -0.2034597997891E+03
 -0.2088602960787E+03
 -0.2577812231604E+03
 -0.2583859028319E+03
 -0.2576370822449E+03
 -0.2002875234948E+03
 -0.2030216722520E+03
 -0.2022520625988E+03
 -0.2017994776301E+03
 -0.2012000254927E+03
 -0.1864764004823E+03
 -0.2575831711764E+03
 -0.2580016222221E+03
 -0.2579936726018E+03
 -0.2095470137278E+03
 -0.2094077784982E+03
 -0.2590433654134E+03
 -0.2588436953004E+03
 -0.2018319649903E+03
 -0.2033175478780E+03
 -0.2013925735936E+03
 -0.2000053179381E+03
 -0.1976413419516E+03
 -0.1969271065567E+03
 -0.1958049741577E+03
 -0.1938847596631E+03
 -0.1918340696845E+03
 -0.1918068921042E+03
 -0.1934512512094E+03
 -0.1954781120577E+03
 -0.1973726914245E+03
 -0.1986224775753E+03
 -0.1990585371829E+03
 -0.1988685841613E+03
 -0.1984301003705E+03
 -0.1970010785507E+03
 -0.2007851605945E+03
 -0.2053836866469E+03
 -0.2576845666842E+03
 -0.2583371598866E+03
 -0.2578652071844E+03
 -0.1969222454819E+03
 -0.2014482235142E+03
 -0.2013982166846E+03
 -0.1994626710892E+03
 -0.1986072440024E+03
 -0.1852896125442E+03
 -0.1824817412064E+03
 -0.2581743952072E+03
 -0.2584422631259E+03
 -0.2079213627585E+03
 -0.2062129912000E+03
 -0.2587594457085E+03
 -0.2004314900384E+03
 -0.2028734309452E+03
 -0.2020720532379E+03
 -0.2002368292763E+03
 -0.1986487606925E+03
 -0.1990622655289E+03
 -0.1985287308450E+03
 -0.1974744540958E+03
 -0.1961147139461E+03
 -0.1954685909331E+03
 -0.1959805819222E+03
 -0.1972583300617E+03
 -0.1986805359407E+03
 -0.1999720715337E+03
 -0.2010076513390E+03
 -0.2013773615269E+03
 -0.1996675605046E+03
 -0.1963456814093E+03
 -0.1924226460777E+03
 -0.1976234019687E+03
 -0.2002687751709E+03
 -0.2574613380220E+03
 -0.2581468621945E+03
 -0.2578585774866E+03
 -0.1933832620708E+03
 -0.1972574450836E+03
 -0.1978386123093E+03
 -0.1967670972188E+03
 -0.1946269465108E+03
 -0.1830784889624E+03
 -0.1811030081845E+03
 -0.1852547125079E+03
 -0.2585956199413E+03
 -0.2060818845229E+03
 -0.2016497404586E+03
 -0.1967220628393E+03
 -0.2007883356567E+03
 -0.2010772310049E+03
 -0.2010739742482E+03
 -0.2003012260886E+03
 -0.1994507335964E+03
 -0.1984388582421E+03
 -0.1980974225199E+03
 -0.1981221614914E+03
 -0.1984744357203E+03
 -0.1990706414740E+03
 -0.1998588255287E+03
 -0.2006901143827E+03
 -0.2014951181438E+03
 -0.2023867793258E+03
 -0.2027896668899E+03
 -0.2023957093889E+03
 -0.2005217510768E+03
 -0.1945469539642E+03
 -0.1871433676454E+03
 -0.1947879778363E+03
 -0.1960395421761E+03
 -0.2571219920327E+03
 -0.2578262769770E+03
 -0.2576722033415E+03
 -0.1896237144048E+03
 -0.1917887911343E+03
 -0.1924346509609E+03
 -0.1925608819491E+03
 -0.1906525157798E+03
 -0.1827619923772E+03
 -0.1821245001456E+03
 -0.1880062815172E+03
 -0.2584994466154E+03
 -0.2584503932770E+03
 -0.1965621323007E+03
 -0.1964935293758E+03
 -0.1991776127147E+03
 -0.1993921793929E+03
 -0.1998747968229E+03
 -0.1992626146798E+03
 -0.1987961644784E+03
 -0.1984821952997E+03
 -0.1985764010994E+03
 -0.1988446843209E+03
 -0.1992676401451E+03
 -0.1998830753729E+03
 -0.2006403958875E+03
 -0.2013228081891E+03
 -0.2016098240876E+03
 -0.2013686973321E+03
 -0.2006312126025E+03
 -0.1994225030504E+03
 -0.1973736274155E+03
 -0.1929432158404E+03
 -0.1842360827454E+03
 -0.1921312209912E+03
 -0.1964285530955E+03
 -0.2566476105007E+03
 -0.2573564730683E+03
 -0.2573136740070E+03
 -0.1855700975674E+03
 -0.1868604498935E+03
 -0.1841721957739E+03
 -0.1853058697216E+03
 -0.1851288657189E+03
 -0.1812053257020E+03
 -0.1819643507550E+03
 -0.1846645768376E+03
 -0.1893162283188E+03
 -0.2583551260547E+03
 -0.1901022153893E+03
 -0.1954976094621E+03
 -0.1975486859118E+03
 -0.1983023770623E+03
 -0.1986708652510E+03
 -0.1985802666817E+03
 -0.1985039986756E+03
 -0.1979466027932E+03
 -0.1985301887457E+03
 -0.1991742907397E+03
 -0.1997913400184E+03
 -0.2005351611449E+03
 -0.2014295327858E+03
 -0.2022676690353E+03
 -0.2026717942393E+03
 -0.2024231799944E+03
 -0.2016097438110E+03
 -0.2003313416107E+03
 -0.1984375418124E+03
 -0.1951249868504E+03
 -0.1884446171658E+03
 -0.1901090685466E+03
 -0.1938654657364E+03
 -0.2560124440373E+03
 -0.2567122995253E+03
 -0.2567800076354E+03
 -0.1870026377820E+03
 -0.1861082742796E+03
 -0.1799846159114E+03
 -0.1837485543189E+03
 -0.1832019032123E+03
 -0.1798254208275E+03
 -0.1819916772593E+03
 -0.1857648419774E+03
 -0.1929064306672E+03
 -0.2579569245381E+03
 -0.1909380457722E+03
 -0.1935876578613E+03
 -0.1956225119875E+03
 -0.1968138518779E+03
 -0.1971663269118E+03
 -0.1973009744887E+03
 -0.1975546058837E+03
 -0.1992187735612E+03
 -0.1999546515149E+03
 -0.2006703842437E+03
 -0.2014710638545E+03
 -0.2024576337512E+03
 -0.2035899977723E+03
 -0.2046497304512E+03
 -0.2052945774662E+03
 -0.2053781891501E+03
 -0.2049597204590E+03
 -0.2041508682168E+03
 -0.2028290389273E+03
 -0.2002973164668E+03
 -0.1952699170681E+03
 -0.1914483433073E+03
 -0.1929108265847E+03
 -0.2551935783979E+03
 -0.2558690452107E+03
 -0.2560547720165E+03
 -0.1901637110460E+03
 -0.1867998604353E+03
 -0.1832928644642E+03
 -0.1853042261008E+03
 -0.1894586027664E+03
 -0.1868470253325E+03
 -0.1888197819516E+03
 -0.1930365465926E+03
 -0.1976369743823E+03
 -0.1998937737125E+03
 -0.1937983985654E+03
 -0.1933945044804E+03
 -0.1947789798961E+03
 -0.1960597339020E+03
 -0.1964111438004E+03
 -0.1972101228883E+03
 -0.1983417950051E+03
 -0.1929153342936E+03
 -0.1933229025391E+03
 -0.1938761805249E+03
 -0.1947016715803E+03
 -0.1958881987102E+03
 -0.1973682864737E+03
 -0.1988634442981E+03
 -0.2000579138353E+03
 -0.2008419209850E+03
 -0.2014042500556E+03
 -0.2019819117464E+03
 -0.2024444458984E+03
 -0.2016753179043E+03
 -0.2008688121898E+03
 -0.1992410625279E+03
 -0.1959336613448E+03
 -0.2541661669141E+03
 -0.2548084679196E+03
 -0.2550990669602E+03
 -0.1936790101762E+03
 -0.1866361059123E+03
 -0.1878564608381E+03
 -0.2557161201313E+03
 -0.1938107707982E+03
 -0.1945143480027E+03
 -0.1955627109712E+03
 -0.1984593545934E+03
 -0.2011922285222E+03
 -0.2013448881587E+03
 -0.1982557632579E+03
 -0.1967893202155E+03
 -0.1960004583751E+03
 -0.1942017269057E+03
 -0.1928500882443E+03
 -0.1925190810178E+03
 -0.1926486039440E+03
 -0.1927370336505E+03
 -0.1918890395209E+03
 -0.1911720735426E+03
 -0.1909684932014E+03
 -0.1915180512852E+03
 -0.1928250179837E+03
 -0.1944755671821E+03
 -0.1959370312277E+03
 -0.1969649319833E+03
 -0.1977178466124E+03
 -0.1983925973356E+03
 -0.1990939706878E+03
 -0.2003056679472E+03
 -0.2041449392742E+03
 -0.2050909119440E+03
 -0.2033595075255E+03
 -0.2082142381695E+03
 -0.2055754234100E+03
 -0.2006657323201E+03
 -0.1968222821565E+03
 -0.1881693909710E+03
 -0.1857209095881E+03
 -0.2550247924857E+03
 -0.1973196998818E+03
 -0.2008726158952E+03
 -0.2011064212400E+03
 -0.2017263901126E+03
 -0.2037621931953E+03
 -0.2043242944125E+03
 -0.2027537151450E+03
 -0.2019095538313E+03
 -0.2009349800841E+03
 -0.1994528143756E+03
 -0.1969929744897E+03
 -0.1950204729258E+03
 -0.1936836490730E+03
 -0.1991981048699E+03
 -0.1980882445996E+03
 -0.1964525022915E+03
 -0.1944805368188E+03
 -0.1927653719669E+03
 -0.1919073246116E+03
 -0.1921829953728E+03
 -0.1931612719489E+03
 -0.1943336389757E+03
 -0.1953994213800E+03
 -0.1963238118997E+03
 -0.1972340525835E+03
 -0.1986658337266E+03
 -0.2015001351168E+03
 -0.2061363257477E+03
 -0.2084421780123E+03
 -0.2044118267097E+03
 -0.2011842622691E+03
 -0.2000837056189E+03
 -0.1985587674772E+03
 -0.1931368416495E+03
 -0.2534747580984E+03
 -0.1946057150422E+03
 -0.2020454986069E+03
 -0.2029151146167E+03
 -0.2028403531894E+03
 -0.2030821686456E+03
 -0.2038848391437E+03
 -0.2052752832225E+03
 -0.2059829494786E+03
 -0.2058597973129E+03
 -0.2049076849625E+03
 -0.2038539035525E+03
 -0.2026588394014E+03
 -0.2013106365540E+03
 -0.2001110910374E+03
 -0.2015799255286E+03
 -0.2011696290922E+03
 -0.2004132148675E+03
 -0.1990826617923E+03
 -0.1972290842198E+03
 -0.1951626052320E+03
 -0.1933878089067E+03
 -0.1925649520638E+03
 -0.1928178411702E+03
 -0.1936395880227E+03
 -0.1946403142282E+03
 -0.1957307548240E+03
 -0.1970648387448E+03
 -0.1989478067366E+03
 -0.2012519562300E+03
 -0.2015426747920E+03
 -0.1997395923781E+03
 -0.1989007626006E+03
 -0.1989532783411E+03
 -0.1988694236276E+03
 -0.1973833487885E+03
 -0.2523217279459E+03
 -0.1957643594283E+03
 -0.2011301317351E+03
 -0.2023235481065E+03
 -0.2023186707535E+03
 -0.2024310140983E+03
 -0.2027926560665E+03
 -0.2037523272758E+03
 -0.2042931211876E+03
 -0.2046332083929E+03
 -0.2045559094979E+03
 -0.2040291841499E+03
 -0.2032280321785E+03
 -0.2026662856211E+03
 -0.2019992263437E+03
 -0.2001078009967E+03
 -0.1999794196352E+03
 -0.1998946920730E+03
 -0.1996085186028E+03
 -0.1988296914242E+03
 -0.1975142286302E+03
 -0.1957580809615E+03
 -0.1940078151190E+03
 -0.1928267302373E+03
 -0.1925091402293E+03
 -0.1928800790184E+03
 -0.1936589255536E+03
 -0.1946441176978E+03
 -0.1957996015050E+03
 -0.1969465548428E+03
 -0.1974235990256E+03
 -0.1971081025978E+03
 -0.1967976438906E+03
 -0.1962344723647E+03
 -0.1962234914085E+03
 -0.1968234627794E+03
 -0.1995924412731E+03
 -0.1957138362576E+03
 -0.1984775541028E+03
 -0.2000651343792E+03
 -0.2007029977307E+03
 -0.2008655170910E+03
 -0.2008697916288E+03
 -0.2010596718640E+03
 -0.2014228800313E+03
 -0.2017683402810E+03
 -0.2018388231259E+03
 -0.2016227410130E+03
 -0.2012943113766E+03
 -0.2008831273091E+03
 -0.2004026709523E+03
 -0.1974785221779E+03
 -0.1974192955485E+03
 -0.1975086046327E+03
 -0.1975303533164E+03
 -0.1972628795365E+03
 -0.1966686789238E+03
 -0.1957045269986E+03
 -0.1943689651859E+03
 -0.1928608158102E+03
 -0.1916023762747E+03
 -0.1909005282889E+03
 -0.1908327071259E+03
 -0.1912009456427E+03
 -0.1918618148795E+03
 -0.1926864547366E+03
 -0.1930839167136E+03
 -0.1931386485693E+03
 -0.1926376027498E+03
 -0.1916112568906E+03
 -0.1920847151656E+03
 -0.1925177252241E+03
 -0.1901193882530E+03
 -0.1911908505620E+03
 -0.1944845089862E+03
 -0.1968037513282E+03
 -0.1978635044215E+03
 -0.1981078383917E+03
 -0.1980243241148E+03
 -0.1980358669244E+03
 -0.1983273590773E+03
 -0.1987046062140E+03
 -0.1989003325048E+03
 -0.1988409142784E+03
 -0.1986036510105E+03
 -0.1981835352311E+03
 -0.1977446248805E+03
 -0.1936634196804E+03
 -0.1936152331165E+03
 -0.1938054390355E+03
 -0.1940548438509E+03
 -0.1940650593332E+03
 -0.1938261521159E+03
 -0.1932779812296E+03
 -0.1923187145782E+03
 -0.1909933187440E+03
 -0.1894805082637E+03
 -0.1879804692842E+03
 -0.1867997623070E+03
 -0.1861120078478E+03
 -0.1859644066008E+03
 -0.1861616545100E+03
 -0.1862882514496E+03
 -0.1868597238056E+03
 -0.1873569546415E+03
 -0.1858289126234E+03
 -0.1867807348686E+03
 -0.1865682296880E+03
 -0.1732739461695E+03
 -0.1811402760179E+03
 -0.1869218486137E+03
 -0.1906928268977E+03
 -0.1925013027918E+03
 -0.1931599161554E+03
 -0.1933010553676E+03
 -0.1935167798102E+03
 -0.1939247384267E+03
 -0.1943920215070E+03
 -0.1947467729099E+03
 -0.1948432614805E+03
 -0.1947042246182E+03
 -0.1943464967251E+03
 -0.1939325646893E+03
 -0.1858428266043E+03
 -0.1858071252175E+03
 -0.1861389696277E+03
 -0.1868312094254E+03
 -0.1872758905332E+03
 -0.1873881764390E+03
 -0.1870957442228E+03
 -0.1862681945812E+03
 -0.1848773311622E+03
 -0.1829269953504E+03
 -0.1801155512070E+03
 -0.1764155438394E+03
 -0.1726138851353E+03
 -0.1715393990891E+03
 -0.1734217061910E+03
 -0.1758156438946E+03
 -0.1791239084442E+03
 -0.1826641840020E+03
 -0.1824230649921E+03
 -0.1842950037606E+03
 -0.1848020268311E+03
 -0.1795862873853E+03
 -0.1819931650090E+03
 -0.1842318699839E+03
 -0.1859594365695E+03
 -0.1857324818466E+03
 -0.1847573361499E+03
 -0.1831398383358E+03
 -0.1826320948191E+03
 -0.1835344808066E+03
 -0.1848149838828E+03
 -0.1859764399243E+03
 -0.1866392064574E+03
 -0.1869081891311E+03
 -0.1867252023778E+03
 -0.1862253176535E+03
 -0.1800664199812E+03
 -0.1786381083573E+03
 -0.1775916999330E+03
 -0.1776009004986E+03
 -0.1778821641219E+03
 -0.1780019331463E+03
 -0.1778133169170E+03
 -0.1771589371669E+03
 -0.1758959048183E+03
 -0.1752206430177E+03
 -0.1762081382666E+03
 -0.1784818815165E+03
 -0.1809652774212E+03
 -0.1830858494218E+03
 -0.1842184035738E+03
 -0.1845979353454E+03
 -0.1844417192844E+03
 -0.1869402978006E+03
 -0.2404766579257E+03
 -0.2404625316548E+03
 -0.2413581128261E+03
 -0.1779284425061E+03
 -0.1821642751636E+03
 -0.1859260278637E+03
 -0.1898837006944E+03
 -0.1918176375200E+03
 -0.1919385504190E+03
 -0.1911536761307E+03
 -0.1895891342408E+03
 -0.1877676728737E+03
 -0.1861918780715E+03
 -0.1851776473228E+03
 -0.1845133223737E+03
 -0.1839300008459E+03
 -0.1830285293330E+03
 -0.1816790850704E+03
 -0.1887344060803E+03
 -0.1879067351551E+03
 -0.1872847933689E+03
 -0.1869042576164E+03
 -0.1865688544850E+03
 -0.1863057105470E+03
 -0.1861629598280E+03
 -0.1861103934159E+03
 -0.1861972412409E+03
 -0.1866621857226E+03
 -0.1875474964872E+03
 -0.1887919017007E+03
 -0.1902403154760E+03
 -0.1915724180386E+03
 -0.1917452018339E+03
 -0.1907994674515E+03
 -0.1889159496628E+03
 -0.1875428840586E+03
 -0.2375489285125E+03
 -0.2374046935637E+03
 -0.2382663248892E+03
 -0.1751580629079E+03
 -0.1807926944008E+03
 -0.1856055941860E+03
 -0.1891566231534E+03
 -0.1915235770574E+03
 -0.1929752160392E+03
 -0.1938367474338E+03
 -0.1941630793831E+03
 -0.1936573822621E+03
 -0.1930134930150E+03
 -0.1919901307315E+03
 -0.1915817964191E+03
 -0.1911241717800E+03
 -0.1904838733355E+03
 -0.1896562343956E+03
 -0.1922304335220E+03
 -0.1919820177873E+03
 -0.1918407955784E+03
 -0.1909496244129E+03
 -0.1905312577749E+03
 -0.1903187696703E+03
 -0.1902025259934E+03
 -0.1901449940440E+03
 -0.1901958753337E+03
 -0.1904033318056E+03
 -0.1908144778977E+03
 -0.1914325101701E+03
 -0.1922657605663E+03
 -0.1932399125826E+03
 -0.1935686028861E+03
 -0.1920808755169E+03
 -0.1899048812004E+03
 -0.1854017646241E+03
 -0.2344886679437E+03
 -0.2342423130518E+03
 -0.2349341084676E+03
 -0.1757334650132E+03
 -0.1808538844616E+03
 -0.1851837652757E+03
 -0.1877664401979E+03
 -0.1894032679845E+03
 -0.1906365112736E+03
 -0.1913426057670E+03
 -0.1918164085688E+03
 -0.1921566384623E+03
 -0.1923918106973E+03
 -0.1925333623978E+03
 -0.1926137223634E+03
 -0.1926577442668E+03
 -0.1926243661449E+03
 -0.1924674995578E+03
 -0.1894490871726E+03
 -0.1894119179711E+03
 -0.1894291984534E+03
 -0.1895194840677E+03
 -0.1896107494248E+03
 -0.1896766308529E+03
 -0.1896906301575E+03
 -0.1896644542702E+03
 -0.1896161150950E+03
 -0.1896606749412E+03
 -0.1898047735527E+03
 -0.1900869974866E+03
 -0.1904664233057E+03
 -0.1909857422897E+03
 -0.1915338318099E+03
 -0.1907611634141E+03
 -0.1889924156051E+03
 -0.1838811994980E+03
 -0.1840616664464E+03
 -0.1840494053285E+03
 -0.1848616512610E+03
 -0.1858095728231E+03
 -0.1883071981966E+03
 -0.1889452838395E+03
 -0.1890258557379E+03
 -0.1895746439611E+03
 -0.1894407490467E+03
 -0.1893803010969E+03
 -0.1896405611451E+03
 -0.1895859533208E+03
 -0.1895393000345E+03
 -0.1895250707744E+03
 -0.1895018685639E+03
 -0.1894627054311E+03
 -0.1897147560131E+03
 -0.1895923162113E+03
 -0.1846391455547E+03
 -0.1850223360904E+03
 -0.1849493530209E+03
 -0.1849061203087E+03
 -0.1848991936461E+03
 -0.1848853932409E+03
 -0.1848286199088E+03
 -0.1847716833955E+03
 -0.1846867265118E+03
 -0.1851325724867E+03
 -0.1851188311515E+03
 -0.1850943366875E+03
 -0.1850954065947E+03
 -0.1851270901114E+03
 -0.1853765926071E+03
 -0.1855652078726E+03
 -0.1848834222214E+03
 -0.1836489515302E+03
 -0.1829757833381E+03
 -0.1826336900089E+03
 -0.1833090592701E+03
 -0.1850341993011E+03
 -0.1864176242098E+03
 -0.1866279429243E+03
 -0.1868434801429E+03
 -0.1869106733801E+03
 -0.1864756945045E+03
 -0.1862156096885E+03
 -0.1860155273965E+03
 -0.1859394606134E+03
 -0.1858501014079E+03
 -0.1858277400096E+03
 -0.1857765537140E+03
 -0.1852929333062E+03
 -0.1849688019225E+03
 -0.1847951750246E+03
 -0.1780535371757E+03
 -0.1779588767526E+03
 -0.1779437647444E+03
 -0.1779417795455E+03
 -0.1779658089629E+03
 -0.1779417374600E+03
 -0.1778509335624E+03
 -0.1778563731279E+03
 -0.1780654578160E+03
 -0.1780837824161E+03
 -0.1777041282226E+03
 -0.1772984738223E+03
 -0.1768539722853E+03
 -0.1763801030981E+03
 -0.1760557276338E+03
 -0.1764054917100E+03
 -0.1765795188465E+03
 -0.1764845030274E+03
 -0.1762820822439E+03
 -0.1764934762101E+03
 -0.1778803954444E+03
 -0.1780462963484E+03
 -0.1782465527891E+03
 -0.1780722014246E+03
 -0.1778099312330E+03
 -0.1773308126644E+03
 -0.1768831756616E+03
 -0.1770897087906E+03
 -0.1777820950717E+03
 -0.1783795262464E+03
 -0.1785177031859E+03
 -0.1783774029607E+03
 -0.1783278806154E+03
 -0.1781009092618E+03
 -0.1778046777604E+03
 -0.1780687293090E+03
 -0.1642626979272E+03
 -0.1642196873828E+03
 -0.1642373497014E+03
 -0.1642741590121E+03
 -0.1646113916514E+03
 -0.1646749414947E+03
 -0.1646877060835E+03
 -0.1646627526003E+03
 -0.1646176939363E+03
 -0.1645221146324E+03
 -0.1643700969498E+03
 -0.1643430193935E+03
 -0.1645475278658E+03
 -0.1645102858556E+03
 -0.1645142742052E+03
 -0.1646013509209E+03
 -0.1646219752125E+03
 -0.1645620175589E+03
 -0.1643700743104E+03
 -0.1640972406653E+03
 -0.1638403119120E+03
 -0.1637445936472E+03
 -0.1638149148717E+03
 -0.1639210465159E+03
 -0.1640522737912E+03
 -0.1641403539274E+03
 -0.1640739945663E+03
 -0.1641460686077E+03
 -0.1643047641693E+03
 -0.1644809396255E+03
 -0.1646496093895E+03
 -0.1647620907719E+03
 -0.1647589465443E+03
 -0.1646674122762E+03
 -0.1645103713089E+03
 -0.1643649894023E+03
 -0.1595233467578E+03
 -0.1597520917371E+03
 -0.1599623552883E+03
 -0.1613405901333E+03
 -0.1616594100615E+03
 -0.1617180381910E+03
 -0.1615255019930E+03
 -0.1584670537338E+03
 -0.1573073348787E+03
 -0.1560569088657E+03
 -0.1547903185109E+03
 -0.1557958486382E+03
 -0.1516147177737E+03
 -0.1518173085714E+03
 -0.1518635708049E+03
 -0.1517511756079E+03
 -0.1514443628995E+03
 -0.1581161522429E+03
 -0.1590121366843E+03
 -0.1599674957650E+03
 -0.1601876991955E+03
 -0.1615312869160E+03
 -0.1676170206220E+03
 -0.1678315312251E+03
 -0.1676541148011E+03
 -0.1671328745754E+03
 -0.1664218835630E+03
 -0.1660594350159E+03
 -0.1657646023568E+03
 -0.1658101723558E+03
 -0.1660314907450E+03
 -0.1659941706504E+03
 -0.1660750569853E+03
 -0.1661104103217E+03
 -0.1660883442543E+03
 -0.1594980673924E+03
  0.0000000000000E+00
  0.1711535133040E-06
  0.3989082909357E-06
  0.5443018277392E-06
  0.5615276857263E-06
  0.0000000000000E+00
  0.6369038711788E-06
  0.6050517006825E-06
  0.3920375399857E-06
  0.1239423383081E-06
  0.0000000000000E+00
  0.0000000000000E+00
  0.0000000000000E+00
  0.0000000000000E+00
  0.0000000000000E+00
  0.0000000000000E+00
  0.0000000000000E+00
  0.0000000000000E+00
  0.0000000000000E+00
  0.0000000000000E+00
  0.0000000000000E+00
  0.0000000000000E+00
  0.0000000000000E+00
  0.0000000000000E+00
  0.0000000000000E+00
  0.0000000000000E+00
  0.0000000000000E+00
  0.0000000000000E+00
  0.0000000000000E+00
  0.0000000000000E+00
  0.0000000000000E+00
  0.0000000000000E+00
  0.0000000000000E+00
  0.0000000000000E+00
  0.0000000000000E+00
  0.0000000000000E+00
  0.3771973006926E-06
  0.0000000000000E+00
  0.0000000000000E+00
  0.0000000000000E+00
  0.7173288869163E-06
  0.1309768607980E-05
  0.1351668033070E-05
  0.1301288082522E-05
  0.1083081733926E-05
  0.0000000000000E+00
  0.0000000000000E+00
  0.0000000000000E+00
  0.0000000000000E+00
  0.0000000000000E+00
  0.0000000000000E+00
  0.0000000000000E+00
  0.0000000000000E+00
  0.0000000000000E+00
  0.0000000000000E+00
  0.0000000000000E+00
  0.0000000000000E+00
  0.0000000000000E+00
  0.0000000000000E+00
  0.0000000000000E+00
  0.0000000000000E+00
  0.0000000000000E+00
  0.0000000000000E+00
  0.0000000000000E+00
  0.0000000000000E+00
  0.0000000000000E+00
  0.0000000000000E+00
  0.0000000000000E+00
  0.0000000000000E+00
  0.0000000000000E+00
  0.0000000000000E+00
  0.2946448184031E-06
  0.4833238474843E-05
  0.5652645075805E-05
  0.5619747694280E-05
  0.3889581494772E-05
  0.2603284462148E-05
  0.4064314863213E-05
  0.4696765313023E-05
  0.5968641288727E-05
  0.6558314499068E-05
  0.6094600126806E-05
  0.0000000000000E+00
  0.0000000000000E+00
  0.0000000000000E+00
  0.0000000000000E+00
  0.0000000000000E+00
  0.0000000000000E+00
  0.0000000000000E+00
  0.0000000000000E+00
  0.0000000000000E+00
  0.0000000000000E+00
  0.0000000000000E+00
  0.0000000000000E+00
  0.0000000000000E+00
  0.0000000000000E+00
  0.0000000000000E+00
  0.0000000000000E+00
  0.0000000000000E+00
  0.0000000000000E+00
  0.0000000000000E+00
  0.0000000000000E+00
  0.0000000000000E+00
  0.0000000000000E+00
  0.0000000000000E+00
  0.0000000000000E+00
  0.2625988477348E-05
  0.4815557400500E-05
  0.1232597649430E-04
  0.1236239354312E-04
  0.1199116391792E-04
  0.1119135897623E-04
  0.8434798139103E-05
  0.8343569834614E-05
  0.9645153960778E-05
  0.1086199037136E-04
  0.1145074947812E-04
  0.1062301487111E-04
  0.3808865431175E-05
  0.0000000000000E+00
  0.0000000000000E+00
  0.0000000000000E+00
  0.0000000000000E+00
  0.0000000000000E+00
  0.0000000000000E+00
  0.0000000000000E+00
  0.0000000000000E+00
  0.0000000000000E+00
  0.0000000000000E+00
  0.0000000000000E+00
  0.0000000000000E+00
  0.0000000000000E+00
  0.0000000000000E+00
  0.0000000000000E+00
  0.0000000000000E+00
  0.0000000000000E+00
  0.0000000000000E+00
  0.0000000000000E+00
  0.0000000000000E+00
  0.0000000000000E+00
  0.2082562932694E-05
  0.6451203555147E-05
  0.1057858087421E-04
  0.1181061890606E-04
  0.1931149472046E-04
  0.1877017136040E-04
  0.1765152846024E-04
  0.1700528793719E-04
  0.1588228079741E-04
  0.1523907392544E-04
  0.1516481702573E-04
  0.1527836576656E-04
  0.1492273257252E-04
  0.1415225536717E-04
  0.1058730011757E-04
  0.2845759921679E-05
  0.0000000000000E+00
  0.0000000000000E+00
  0.0000000000000E+00
  0.0000000000000E+00
  0.0000000000000E+00
  0.0000000000000E+00
  0.0000000000000E+00
  0.0000000000000E+00
  0.0000000000000E+00
  0.0000000000000E+00
  0.0000000000000E+00
  0.0000000000000E+00
  0.0000000000000E+00
  0.0000000000000E+00
  0.0000000000000E+00
  0.0000000000000E+00
  0.0000000000000E+00
  0.0000000000000E+00
  0.0000000000000E+00
  0.0000000000000E+00
  0.8474194820703E-05
  0.1493501712951E-04
  0.1747161543919E-04
  0.1845980863029E-04
  0.2563433060433E-04
  0.2389956883112E-04
  0.2201978032020E-04
  0.2135459819001E-04
  0.2106661492341E-04
  0.2074794710189E-04
  0.2036921605598E-04
  0.1980746333497E-04
  0.1886171059290E-04
  0.1803465218644E-04
  0.1624851887349E-04
  0.1021699361891E-04
  0.4380137215737E-05
  0.0000000000000E+00
  0.0000000000000E+00
  0.0000000000000E+00
  0.0000000000000E+00
  0.0000000000000E+00
  0.0000000000000E+00
  0.0000000000000E+00
  0.0000000000000E+00
  0.0000000000000E+00
  0.0000000000000E+00
  0.0000000000000E+00
  0.0000000000000E+00
  0.0000000000000E+00
  0.0000000000000E+00
  0.0000000000000E+00
  0.0000000000000E+00
  0.0000000000000E+00
  0.0000000000000E+00
  0.0000000000000E+00
  0.1322589261265E-04
  0.2060184098375E-04
  0.2383715571490E-04
  0.2532176439323E-04
  0.2979759602082E-04
  0.2587083013944E-04
  0.2298967245028E-04
  0.2221447635420E-04
  0.2260445812089E-04
  0.2288057039892E-04
  0.2295960926150E-04
  0.2263441656926E-04
  0.2197908354153E-04
  0.2176312569411E-04
  0.2119913229855E-04
  0.1793641401978E-04
  0.1079023265685E-04
  0.0000000000000E+00
  0.0000000000000E+00
  0.0000000000000E+00
  0.0000000000000E+00
  0.0000000000000E+00
  0.0000000000000E+00
  0.7435864392445E-06
  0.3625078282157E-05
  0.3787323405676E-05
  0.0000000000000E+00
  0.0000000000000E+00
  0.0000000000000E+00
  0.0000000000000E+00
  0.0000000000000E+00
  0.0000000000000E+00
  0.0000000000000E+00
  0.0000000000000E+00
  0.0000000000000E+00
  0.0000000000000E+00
  0.1498918128534E-04
  0.2705791130638E-04
  0.3080454431529E-04
  0.3205287921630E-04
  0.2900019573013E-04
  0.2500798452151E-04
  0.2449237854173E-04
  0.2506740143751E-04
  0.2485710437447E-04
  0.2388044102498E-04
  0.2221098171646E-04
  0.1978897635945E-04
  0.1713409687255E-04
  0.1799049478538E-04
  0.2200448523705E-04
  0.2152828423245E-04
  0.1629844382883E-04
  0.1427507926883E-04
  0.1112259887112E-04
  0.0000000000000E+00
  0.0000000000000E+00
  0.5978246760267E-05
  0.7872453046026E-05
  0.9285081032298E-05
  0.1646465263710E-04
  0.1681301478502E-04
  0.1194070857977E-04
  0.9112451426646E-05
  0.8010977094896E-05
  0.8236290073989E-05
  0.1150584594663E-04
  0.1115943640991E-04
  0.1006493410277E-04
  0.0000000000000E+00
  0.0000000000000E+00
  0.0000000000000E+00
  0.2192600135674E-04
  0.3326419260630E-04
  0.3324284868889E-04
  0.3360236382854E-04
  0.3311657346938E-04
  0.3389579647157E-04
  0.3490626793662E-04
  0.3539938163664E-04
  0.3560548983722E-04
  0.3549160579637E-04
  0.3487187240219E-04
  0.3395563087960E-04
  0.3257995536036E-04
  0.3024850255949E-04
  0.2672421361574E-04
  0.1959504438169E-04
  0.2041259463672E-04
  0.1970588488924E-04
  0.1662765997617E-04
  0.0000000000000E+00
  0.0000000000000E+00
  0.8827269050764E-05
  0.1436112250481E-04
  0.1626086121045E-04
  0.2267030928963E-04
  0.2184301024450E-04
  0.1357879335449E-04
  0.1487141916094E-04
  0.1265548908794E-04
  0.1556662964287E-04
  0.1831492836999E-04
  0.1755557520278E-04
  0.1151595670829E-04
  0.0000000000000E+00
  0.0000000000000E+00
  0.0000000000000E+00
  0.2535801891935E-04
  0.2482566490130E-04
  0.2826898937210E-04
  0.3290266423519E-04
  0.3906978471327E-04
  0.3995422127578E-04
  0.4069500245506E-04
  0.4125778310757E-04
  0.4169104553400E-04
  0.4185357792796E-04
  0.4150727961104E-04
  0.4057436817055E-04
  0.3913768796296E-04
  0.3748478045208E-04
  0.3580944990100E-04
  0.3456211390548E-04
  0.2918353113357E-04
  0.2478467117335E-04
  0.2068331361359E-04
  0.2149654187937E-04
  0.0000000000000E+00
  0.1306587363269E-04
  0.1963986781103E-04
  0.0000000000000E+00
  0.2387856396281E-04
  0.2808678387783E-04
  0.3033534593513E-04
  0.2761976084582E-04
  0.2606707247073E-04
  0.2462835773974E-04
  0.2390855254177E-04
  0.2423118019463E-04
  0.2380420815433E-04
  0.0000000000000E+00
  0.0000000000000E+00
  0.0000000000000E+00
  0.2862906296609E-04
  0.3338740286071E-04
  0.3668944925688E-04
  0.3826567717274E-04
  0.4336609724099E-04
  0.4425764505319E-04
  0.4494466058007E-04
  0.4569063974230E-04
  0.4649617450532E-04
  0.4694327375759E-04
  0.4681797247209E-04
  0.4585601443834E-04
  0.4413488321174E-04
  0.4209168318098E-04
  0.4020536839650E-04
  0.3823421443453E-04
  0.3444400684328E-04
  0.0000000000000E+00
  0.2843808564714E-04
  0.2719950945535E-04
  0.0000000000000E+00
  0.0000000000000E+00
  0.2451846028366E-04
  0.2932334277069E-04
  0.3305380388458E-04
  0.3486314842601E-04
  0.3523165649549E-04
  0.3342730570870E-04
  0.2910839079358E-04
  0.3229231705051E-04
  0.3010322329108E-04
  0.3081742857124E-04
  0.2762574638603E-04
  0.2520891298616E-04
  0.0000000000000E+00
  0.0000000000000E+00
  0.3302809289129E-04
  0.3925001141459E-04
  0.4134201181672E-04
  0.4256393451623E-04
  0.4662266740796E-04
  0.4722675922222E-04
  0.4787821695651E-04
  0.4873436295892E-04
  0.4958000143235E-04
  0.4999678954290E-04
  0.4968355991375E-04
  0.4852788328008E-04
  0.4702137357841E-04
  0.4559561068082E-04
  0.4420719997296E-04
  0.4233549926873E-04
  0.3885861975650E-04
  0.3505083656216E-04
  0.3539775223381E-04
  0.2978044527772E-04
  0.0000000000000E+00
  0.0000000000000E+00
  0.2939915972313E-04
  0.3552907760538E-04
  0.3831130127887E-04
  0.4048812760562E-04
  0.4075292259079E-04
  0.3774683265941E-04
  0.0000000000000E+00
  0.2783575004929E-04
  0.3141536601160E-04
  0.3665549615572E-04
  0.3363910845218E-04
  0.3040817663501E-04
  0.0000000000000E+00
  0.0000000000000E+00
  0.3572906616066E-04
  0.4247997890920E-04
  0.4469180950510E-04
  0.4593396070142E-04
  0.4803346088948E-04
  0.4835511482958E-04
  0.4863877481356E-04
  0.4875226630366E-04
  0.4855115583238E-04
  0.4811036522451E-04
  0.4746787503961E-04
  0.4734979276826E-04
  0.4769262082423E-04
  0.4784109409745E-04
  0.4730057898607E-04
  0.4556040316808E-04
  0.4281336915752E-04
  0.3989043820805E-04
  0.3880799067731E-04
  0.3460165148694E-04
  0.0000000000000E+00
  0.0000000000000E+00
  0.2812306735392E-04
  0.4120111118718E-04
  0.4194678002790E-04
  0.4364428402952E-04
  0.4380310142221E-04
  0.4119540082870E-04
  0.0000000000000E+00
  0.0000000000000E+00
  0.0000000000000E+00
  0.3042906280378E-04
  0.3767482871249E-04
  0.3444496693787E-04
  0.0000000000000E+00
  0.0000000000000E+00
  0.3688351118365E-04
  0.4494012637353E-04
  0.4666695347124E-04
  0.4749325566497E-04
  0.4643984171829E-04
  0.4623285240726E-04
  0.4543162419596E-04
  0.4358026326867E-04
  0.4137315592688E-04
  0.3968011065520E-04
  0.4057797517782E-04
  0.4395044507152E-04
  0.4662400217241E-04
  0.4821958669566E-04
  0.4859227204685E-04
  0.4743730186783E-04
  0.4451907209437E-04
  0.4194470456382E-04
  0.4006578900647E-04
  0.3797871403105E-04
  0.0000000000000E+00
  0.0000000000000E+00
  0.0000000000000E+00
  0.3305179683382E-04
  0.4294802346801E-04
  0.4465138770040E-04
  0.4448565837223E-04
  0.4569969055063E-04
  0.3370970371933E-04
  0.0000000000000E+00
  0.0000000000000E+00
  0.0000000000000E+00
  0.3622315450014E-04
  0.3727668847042E-04
  0.0000000000000E+00
  0.0000000000000E+00
  0.3591511504905E-04
  0.4543287935379E-04
  0.4655024504798E-04
  0.4622733456308E-04
  0.3872141040931E-04
  0.3755192975161E-04
  0.3540178422973E-04
  0.3211690768748E-04
  0.2964046259763E-04
  0.3167924550819E-04
  0.3670797406534E-04
  0.4118180772849E-04
  0.4389587944529E-04
  0.4542159996095E-04
  0.4627250209006E-04
  0.4565757042585E-04
  0.4241475989432E-04
  0.4119850168791E-04
  0.4065246936453E-04
  0.4024427591777E-04
  0.0000000000000E+00
  0.0000000000000E+00
  0.0000000000000E+00
  0.3532732561618E-04
  0.4276752241427E-04
  0.4364282125655E-04
  0.4538636324247E-04
  0.4485279487043E-04
  0.3630661590425E-04
  0.3149552285740E-04
  0.0000000000000E+00
  0.0000000000000E+00
  0.3857634619397E-04
  0.3992656095483E-04
  0.0000000000000E+00
  0.3294172540716E-04
  0.4107294831467E-04
  0.4171573552547E-04
  0.4042878729862E-04
  0.3924406532403E-04
  0.3373980927748E-04
  0.3371257717111E-04
  0.3484239866634E-04
  0.3802382727172E-04
  0.4146512206446E-04
  0.4348742324983E-04
  0.4417769512375E-04
  0.4380611341207E-04
  0.4260366345275E-04
  0.4095669536588E-04
  0.3940579342126E-04
  0.3953560201582E-04
  0.3866981649263E-04
  0.3861545653392E-04
  0.4067651200803E-04
  0.3977405270673E-04
  0.0000000000000E+00
  0.0000000000000E+00
  0.0000000000000E+00
  0.3598620842565E-04
  0.4380340782272E-04
  0.4613335372289E-04
  0.4568232763556E-04
  0.4475186311080E-04
  0.3501646617902E-04
  0.2745601535774E-04
  0.3200051589367E-04
  0.0000000000000E+00
  0.3946465087821E-04
  0.4159767083880E-04
  0.3561968318572E-04
  0.3961479156999E-04
  0.3829542738750E-04
  0.3576600355142E-04
  0.3367487518611E-04
  0.3378949142278E-04
  0.4812445438627E-04
  0.4966830879356E-04
  0.5077116856172E-04
  0.5150790639167E-04
  0.5195502755519E-04
  0.5219733288107E-04
  0.5202508868652E-04
  0.5043134706519E-04
  0.4671289187746E-04
  0.4297262784585E-04
  0.3991282355878E-04
  0.3744696725586E-04
  0.3618601849183E-04
  0.3269759745685E-04
  0.4273054414607E-04
  0.3731957750786E-04
  0.0000000000000E+00
  0.0000000000000E+00
  0.0000000000000E+00
  0.3818816585969E-04
  0.4397312312406E-04
  0.4659001116599E-04
  0.4458040318042E-04
  0.4433425757959E-04
  0.3841061214080E-04
  0.3864072760901E-04
  0.3996903729624E-04
  0.0000000000000E+00
  0.0000000000000E+00
  0.3608848720055E-04
  0.4188199868725E-04
  0.4108461852231E-04
  0.4138153811210E-04
  0.4165466922798E-04
  0.4431229448371E-04
  0.4655897015690E-04
  0.5332433116917E-04
  0.5368482357174E-04
  0.5374769825267E-04
  0.5367921550721E-04
  0.5373550065880E-04
  0.5391363722393E-04
  0.5398846187258E-04
  0.5368751959219E-04
  0.5278826056061E-04
  0.5120751734615E-04
  0.4869700033948E-04
  0.4541644099265E-04
  0.4092713193861E-04
  0.1665712198155E-04
  0.4673201010230E-04
  0.4727799994504E-04
  0.0000000000000E+00
  0.0000000000000E+00
  0.0000000000000E+00
  0.3254769132070E-04
  0.4162767892048E-04
  0.3909579267282E-04
  0.3586473624139E-04
  0.3877045087011E-04
  0.3935659269181E-04
  0.3965562879716E-04
  0.3555438395880E-04
  0.2750376860388E-04
  0.0000000000000E+00
  0.3607978144556E-04
  0.4480971778978E-04
  0.4455352218654E-04
  0.4692786398057E-04
  0.4930231320869E-04
  0.5141560690929E-04
  0.5264228026541E-04
  0.5207731707863E-04
  0.5141446171825E-04
  0.5067455330760E-04
  0.5025314588358E-04
  0.5009716091261E-04
  0.4989488533722E-04
  0.4951393999718E-04
  0.4913941046979E-04
  0.4885901753752E-04
  0.4840305853068E-04
  0.4735374310752E-04
  0.4590233660503E-04
  0.4450501521956E-04
  0.3706611374332E-04
  0.4048481859976E-04
  0.4716726254010E-04
  0.0000000000000E+00
  0.0000000000000E+00
  0.0000000000000E+00
  0.4387650465339E-04
  0.4632607755326E-04
  0.3211869293392E-04
  0.4215777642498E-04
  0.2670782070053E-04
  0.2001691270575E-04
  0.2650699954613E-04
  0.3222234342873E-04
  0.4455722050763E-04
  0.0000000000000E+00
  0.3138610874989E-04
  0.4219089567472E-04
  0.4287756003457E-04
  0.4567406032359E-04
  0.4917234480251E-04
  0.5145969238944E-04
  0.5221795666663E-04
  0.4175241699286E-04
  0.4138898383728E-04
  0.4117572741480E-04
  0.4100871237521E-04
  0.4092152830178E-04
  0.4070097036789E-04
  0.4029358959191E-04
  0.4002132061573E-04
  0.3986695922351E-04
  0.3988547736617E-04
  0.4000935108019E-04
  0.4048947771075E-04
  0.4297874006381E-04
  0.4769952800988E-04
  0.3278375005703E-04
  0.3513257667084E-04
  0.0000000000000E+00
  0.0000000000000E+00
  0.0000000000000E+00
  0.4850572541162E-04
  0.4906445186169E-04
  0.4774004568524E-04
  0.4794994838086E-04
  0.4728715534607E-04
  0.4238761205939E-04
  0.4535938424219E-04
  0.4895838558099E-04
  0.5068888638061E-04
  0.4242887186417E-04
  0.4361818405904E-04
  0.3965846259817E-04
  0.3715430892180E-04
  0.3787258429562E-04
  0.4129749652063E-04
  0.4276328950223E-04
  0.4233460447741E-04
  0.4515835470313E-04
  0.4456247178515E-04
  0.4425274915108E-04
  0.4416241938755E-04
  0.4447907035051E-04
  0.4502717316665E-04
  0.4552983017106E-04
  0.4597803252275E-04
  0.4607957833761E-04
  0.4580098284990E-04
  0.4520414548373E-04
  0.4464876144778E-04
  0.4738015994628E-04
  0.5167289020227E-04
  0.5359748381311E-04
  0.3604598526868E-04
  0.0000000000000E+00
  0.0000000000000E+00
  0.0000000000000E+00
  0.5049701002369E-04
  0.4472185329187E-04
  0.4951743815900E-04
  0.0000000000000E+00
  0.4901858216774E-04
  0.5183933773846E-04
  0.5371956210859E-04
  0.5341164066485E-04
  0.5223733157421E-04
  0.4988190033015E-04
  0.5199060064837E-04
  0.4928676813089E-04
  0.4508770523506E-04
  0.4425675487482E-04
  0.4568242126031E-04
  0.4613633572777E-04
  0.4584860896034E-04
  0.5229482186502E-04
  0.5118855694345E-04
  0.4990152333879E-04
  0.4874697458560E-04
  0.4786964351893E-04
  0.4759437810836E-04
  0.4802920037013E-04
  0.4905388499198E-04
  0.5015673640368E-04
  0.5118268248128E-04
  0.5219933372187E-04
  0.5286354120778E-04
  0.5246377853393E-04
  0.4809329102292E-04
  0.5497342885731E-04
  0.6021267424798E-04
  0.3998595547090E-04
  0.3758241997876E-04
  0.4609068343422E-04
  0.5644091841877E-04
  0.4522905802555E-04
  0.4548422066252E-04
  0.0000000000000E+00
  0.5068885915936E-04
  0.5240487465410E-04
  0.5429028771120E-04
  0.5581539620732E-04
  0.5318655502028E-04
  0.5281070896388E-04
  0.5647701771367E-04
  0.5648269114569E-04
  0.5523314624208E-04
  0.5345552291842E-04
  0.5376816150162E-04
  0.5356245261316E-04
  0.5310491024470E-04
  0.5596038452411E-04
  0.5634575733548E-04
  0.5650424947183E-04
  0.5597932897084E-04
  0.5469389216028E-04
  0.5330005929010E-04
  0.5214207870377E-04
  0.5186710770089E-04
  0.5244070311491E-04
  0.5337752674306E-04
  0.5438179404149E-04
  0.5510340066730E-04
  0.5478849710885E-04
  0.5271029351282E-04
  0.4934847869426E-04
  0.4201943708119E-04
  0.4883616862776E-04
  0.5111027029349E-04
  0.5519902732829E-04
  0.5825047130739E-04
  0.5282160563334E-04
  0.0000000000000E+00
  0.4982907818815E-04
  0.5666722322223E-04
  0.5486435106097E-04
  0.5635559454899E-04
  0.5663602504372E-04
  0.5562445365329E-04
  0.5316563951444E-04
  0.5237576957717E-04
  0.5290891335360E-04
  0.5453793810187E-04
  0.5498376078186E-04
  0.5500410825714E-04
  0.5521624293528E-04
  0.5563975833266E-04
  0.5601373340375E-04
  0.5620012057835E-04
  0.5663247657350E-04
  0.5721704831260E-04
  0.5769537653394E-04
  0.5755316079252E-04
  0.5659201950436E-04
  0.5508561949591E-04
  0.5410142459571E-04
  0.5409849355404E-04
  0.5467063304635E-04
  0.5530069459167E-04
  0.5579496817449E-04
  0.5613301058354E-04
  0.5676173119249E-04
  0.5708938590506E-04
  0.5842043933974E-04
  0.5654352838098E-04
  0.5683917783934E-04
  0.5785570372920E-04
  0.5493315936849E-04
  0.0000000000000E+00
  0.4562522721593E-04
  0.5716626657752E-04
  0.5746831436821E-04
  0.5868135174469E-04
  0.5815620592729E-04
  0.5701192985756E-04
  0.5535767375822E-04
  0.5568092015198E-04
  0.5599059525842E-04
  0.5633956719154E-04
  0.5683298046164E-04
  0.5727677444151E-04
  0.5638323529502E-04
  0.5612704994904E-04
  0.5846146167246E-04
  0.5849190233783E-04
  0.5854663676608E-04
  0.5847446443984E-04
  0.5857649859664E-04
  0.5865342077884E-04
  0.5826861345896E-04
  0.5715445449559E-04
  0.5566897013374E-04
  0.5439128738556E-04
  0.5390898248719E-04
  0.5408284104467E-04
  0.5464646411468E-04
  0.5587085534824E-04
  0.5770776493982E-04
  0.5819381765398E-04
  0.5727504413541E-04
  0.5580607718270E-04
  0.5669604988874E-04
  0.5888901677349E-04
  0.5831505475554E-04
  0.4391757990449E-04
  0.5765752516182E-04
  0.5762827242027E-04
  0.5898543587397E-04
  0.5908433089621E-04
  0.5841226184873E-04
  0.5754332049766E-04
  0.5739743660885E-04
  0.5815469299322E-04
  0.5908046028334E-04
  0.5989659276340E-04
  0.6034735922397E-04
  0.6008998856360E-04
  0.5927623054892E-04
  0.5873817991089E-04
  0.5703701218561E-04
  0.5698800532553E-04
  0.5730771265441E-04
  0.5778641819230E-04
  0.5809175796857E-04
  0.5803626848145E-04
  0.5745611978580E-04
  0.5652081338301E-04
  0.5531551425575E-04
  0.5379656899622E-04
  0.5246349469608E-04
  0.5181805044994E-04
  0.5183039508854E-04
  0.5221798562176E-04
  0.5270051534321E-04
  0.5301894389352E-04
  0.5284532066163E-04
  0.5277573400136E-04
  0.5338462406669E-04
  0.5518953571594E-04
  0.5739289446333E-04
  0.4949641061455E-04
  0.5208346712298E-04
  0.5338902988574E-04
  0.5485995801249E-04
  0.5547940523539E-04
  0.5559916345199E-04
  0.5522587586087E-04
  0.5521642301986E-04
  0.5576703918859E-04
  0.5668559974372E-04
  0.5761532737178E-04
  0.5822425993099E-04
  0.5823096032389E-04
  0.5787322230819E-04
  0.5739932577595E-04
  0.5267431354326E-04
  0.5254369928176E-04
  0.5276244519007E-04
  0.5330340739543E-04
  0.5368784962983E-04
  0.5380740429706E-04
  0.5359553232270E-04
  0.5301651431166E-04
  0.5205525739328E-04
  0.5071285159246E-04
  0.4922753110669E-04
  0.4801146039669E-04
  0.4737984246159E-04
  0.4696866179030E-04
  0.4643460136036E-04
  0.4608733951744E-04
  0.4657030883325E-04
  0.4836417063311E-04
  0.4887945313627E-04
  0.5089734650657E-04
  0.5233817918783E-04
  0.2635318834532E-04
  0.3708671259339E-04
  0.4336473785923E-04
  0.4679029951917E-04
  0.4844406718673E-04
  0.4935505143868E-04
  0.4967613639116E-04
  0.5016687333793E-04
  0.5080134203535E-04
  0.5155394105901E-04
  0.5237943361867E-04
  0.5301774804640E-04
  0.5326798172147E-04
  0.5323518880406E-04
  0.5296115333088E-04
  0.4363641837421E-04
  0.4364714970536E-04
  0.4390215846256E-04
  0.4455442839960E-04
  0.4507749650293E-04
  0.4534520420932E-04
  0.4529201493752E-04
  0.4481734558595E-04
  0.4387255850132E-04
  0.4236828925451E-04
  0.3987729529223E-04
  0.3633053146193E-04
  0.3271004460666E-04
  0.3259971794796E-04
  0.3550770596152E-04
  0.3760671840739E-04
  0.4079782048075E-04
  0.4446611353984E-04
  0.4762078949701E-04
  0.5060025461577E-04
  0.5224468397970E-04
  0.6168035699779E-04
  0.5807525766344E-04
  0.4848382793265E-04
  0.4307545545421E-04
  0.4183768567642E-04
  0.4072715275053E-04
  0.3939268252536E-04
  0.3911017181499E-04
  0.4003134196088E-04
  0.4125108429258E-04
  0.4244164402435E-04
  0.4330989136600E-04
  0.4390497575254E-04
  0.4409484796882E-04
  0.4386551909860E-04
  0.3794193744519E-04
  0.3682329021401E-04
  0.3594092228665E-04
  0.3622711865414E-04
  0.3642291950169E-04
  0.3634618669922E-04
  0.3605248839738E-04
  0.3538373686862E-04
  0.3421229169100E-04
  0.3400201909320E-04
  0.3554234404095E-04
  0.3779206953596E-04
  0.3941216315816E-04
  0.4059735853981E-04
  0.4343600553946E-04
  0.4644634990868E-04
  0.4746085644777E-04
  0.4895844659985E-04
  0.0000000000000E+00
  0.0000000000000E+00
  0.0000000000000E+00
  0.5131186010479E-04
  0.7046171772433E-04
  0.6479583367577E-04
  0.5656911039094E-04
  0.5166174115454E-04
  0.4897182855271E-04
  0.4657724328381E-04
  0.4453861857450E-04
  0.4247744508031E-04
  0.4084500016381E-04
  0.3993330264419E-04
  0.3976109956316E-04
  0.3993929222806E-04
  0.3985635415841E-04
  0.3914436358293E-04
  0.4194725213580E-04
  0.4193643505723E-04
  0.4175181885088E-04
  0.4130248259821E-04
  0.4094459929331E-04
  0.4084655364699E-04
  0.4090651830544E-04
  0.4090341740286E-04
  0.4090793465355E-04
  0.4068968531497E-04
  0.4011657071963E-04
  0.3928368378562E-04
  0.3827071388152E-04
  0.3762666747704E-04
  0.3982460104078E-04
  0.4461869699391E-04
  0.4843314156149E-04
  0.4757047334983E-04
  0.0000000000000E+00
  0.0000000000000E+00
  0.0000000000000E+00
  0.4181943010633E-04
  0.6153430962343E-04
  0.6406708044404E-04
  0.6185766416059E-04
  0.5839254926552E-04
  0.5429529106291E-04
  0.5005028101593E-04
  0.4625163097730E-04
  0.4417897125755E-04
  0.4278775830004E-04
  0.4283621093845E-04
  0.4203056836795E-04
  0.4165770485727E-04
  0.4163793145737E-04
  0.4178351317444E-04
  0.3654598932719E-04
  0.3599060131333E-04
  0.3538415045378E-04
  0.3647096234738E-04
  0.3667835219379E-04
  0.3674875747464E-04
  0.3684313887482E-04
  0.3699845040746E-04
  0.3715216295847E-04
  0.3716272439208E-04
  0.3698065144421E-04
  0.3659268042329E-04
  0.3583220701768E-04
  0.3486948992169E-04
  0.3549603449347E-04
  0.4048936491543E-04
  0.4502878577806E-04
  0.4944631746051E-04
  0.0000000000000E+00
  0.0000000000000E+00
  0.0000000000000E+00
  0.3308223043034E-04
  0.4469668062233E-04
  0.4755138624715E-04
  0.5030700678723E-04
  0.5175240627739E-04
  0.5129855300799E-04
  0.5033153661500E-04
  0.4868226303650E-04
  0.4652758216180E-04
  0.4434414568431E-04
  0.4238998181485E-04
  0.4074425726467E-04
  0.3932915269876E-04
  0.3809118389934E-04
  0.3718740923469E-04
  0.3550352032969E-04
  0.3498331777643E-04
  0.3445060865594E-04
  0.3385346977445E-04
  0.3330856785285E-04
  0.3291727631555E-04
  0.3273377468020E-04
  0.3283351369873E-04
  0.3316279220118E-04
  0.3341971241565E-04
  0.3363566827134E-04
  0.3362099521196E-04
  0.3337801675440E-04
  0.3283891346333E-04
  0.3227337416257E-04
  0.3462125879957E-04
  0.3860530816501E-04
  0.4891404632399E-04
  0.4196227795844E-04
  0.3585170524854E-04
  0.2929602624310E-04
  0.2786526521447E-04
  0.2753150551656E-04
  0.2924757736660E-04
  0.3257208418728E-04
  0.3490403290787E-04
  0.3800898158301E-04
  0.4012967758003E-04
  0.4051697208397E-04
  0.4078707449073E-04
  0.4041303696145E-04
  0.3963417080675E-04
  0.3876115622375E-04
  0.3792377734746E-04
  0.3642298328957E-04
  0.3587124691915E-04
  0.3080210952826E-04
  0.2992217401415E-04
  0.2992282523875E-04
  0.2991987162847E-04
  0.2979717128525E-04
  0.2962462705622E-04
  0.2957519558184E-04
  0.2965627437623E-04
  0.2991280022191E-04
  0.2924295543754E-04
  0.2947490705994E-04
  0.2972169366903E-04
  0.2985105514725E-04
  0.2982610448495E-04
  0.2936839922198E-04
  0.2911634047145E-04
  0.3069964412260E-04
  0.3331362461686E-04
  0.3193977236113E-04
  0.2885934859930E-04
  0.2548609678437E-04
  0.2285199893783E-04
  0.2162405743607E-04
  0.2150002196534E-04
  0.2139124653939E-04
  0.2194250425446E-04
  0.2372772103508E-04
  0.2570586476269E-04
  0.2763612001950E-04
  0.2894695784126E-04
  0.2968188708709E-04
  0.2988589802572E-04
  0.2983393536290E-04
  0.3039652355599E-04
  0.3063881917353E-04
  0.3069945701455E-04
  0.2101334522321E-04
  0.2151921739010E-04
  0.2178755290438E-04
  0.2192986416586E-04
  0.2186353234467E-04
  0.2176963654381E-04
  0.2182351900614E-04
  0.2178730014278E-04
  0.2148386261066E-04
  0.2135986802170E-04
  0.2166384691122E-04
  0.2191024255698E-04
  0.2203219453998E-04
  0.2198465564953E-04
  0.2173239751911E-04
  0.2105455288413E-04
  0.2155705710242E-04
  0.2354398140723E-04
  0.2314877754017E-04
  0.2221688844149E-04
  0.1996719302977E-04
  0.1919463443841E-04
  0.1802324118765E-04
  0.1695905195816E-04
  0.1590676689786E-04
  0.1498360021443E-04
  0.1455745403395E-04
  0.1518953539601E-04
  0.1654425915021E-04
  0.1783993273241E-04
  0.1887759105460E-04
  0.1968659822492E-04
  0.2009638261479E-04
  0.2050543418334E-04
  0.2090308207403E-04
  0.2069605312195E-04
  0.1119360180342E-04
  0.1116864650769E-04
  0.1111412610246E-04
  0.1105185775375E-04
  0.1082498022557E-04
  0.1075324979225E-04
  0.1071903921967E-04
  0.1071744883227E-04
  0.1074127069141E-04
  0.1080895176221E-04
  0.1092441928254E-04
  0.1098181485325E-04
  0.1091859949516E-04
  0.1099400505510E-04
  0.1105080971704E-04
  0.1105710829792E-04
  0.1107745062048E-04
  0.1108865542468E-04
  0.1109809903371E-04
  0.1111364579044E-04
  0.1114110795197E-04
  0.1113781930687E-04
  0.1110215584441E-04
  0.1109382479524E-04
  0.1110461610339E-04
  0.1116192597483E-04
  0.1131696891262E-04
  0.1138958329284E-04
  0.1138940418872E-04
  0.1134243073901E-04
  0.1125993969978E-04
  0.1117653899548E-04
  0.1113700200940E-04
  0.1113667081146E-04
  0.1116791704233E-04
  0.1119091976318E-04
  0.5526434518991E-05
  0.5483395239482E-05
  0.5480340021671E-05
  0.4900661789632E-05
  0.4879648749425E-05
  0.4944321904454E-05
  0.5099344122408E-05
  0.6357432213227E-05
  0.6961758145157E-05
  0.7677722593379E-05
  0.8357040635194E-05
  0.8074911194587E-05
  0.1048543066909E-04
  0.1045160402251E-04
  0.1044298965328E-04
  0.1045933092010E-04
  0.1051214290536E-04
  0.6981421635602E-05
  0.6415906576567E-05
  0.5787762948594E-05
  0.5605498837317E-05
  0.4954510487337E-05
  0.2854314000023E-05
  0.2737426744681E-05
  0.2754416135390E-05
  0.2886039756854E-05
  0.3088325877480E-05
  0.3206395533654E-05
  0.3308522556606E-05
  0.3310483011830E-05
  0.3256358375481E-05
  0.3270919457880E-05
  0.3246616034336E-05
  0.3233778405862E-05
  0.3239181858388E-05
  0.5515251968011E-05
  0.2806697214680E-05
  0.3489978911335E-05
  0.3735768192743E-05
  0.3707880974380E-05
  0.3410558365931E-05
  0.2674293321319E-05
  0.3740361844850E-05
  0.4308650117785E-05
  0.4417710832183E-05
  0.3997225762894E-05
  0.2869513332105E-05
  0.2853360096384E-06
  0.0000000000000E+00
  0.0000000000000E+00
  0.0000000000000E+00
  0.0000000000000E+00
  0.0000000000000E+00
  0.0000000000000E+00
  0.0000000000000E+00
  0.0000000000000E+00
  0.0000000000000E+00
  0.0000000000000E+00
  0.0000000000000E+00
  0.0000000000000E+00
  0.0000000000000E+00
  0.0000000000000E+00
  0.0000000000000E+00
  0.0000000000000E+00
  0.0000000000000E+00
  0.0000000000000E+00
  0.0000000000000E+00
  0.0000000000000E+00
  0.1728241278911E-05
  0.3923202772320E-05
  0.4501874183939E-05
  0.4047085690227E-05
  0.4243532262079E-05
  0.1617389210771E-05
  0.9235349455254E-06
  0.1522473927345E-05
  0.3830055743104E-05
  0.4777307834331E-05
  0.5231170918069E-05
  0.5326914997230E-05
  0.4842352883476E-05
  0.3145325207998E-05
  0.4277968911299E-05
  0.4360792027003E-05
  0.3663144042338E-05
  0.1394184022601E-05
  0.0000000000000E+00
  0.0000000000000E+00
  0.0000000000000E+00
  0.0000000000000E+00
  0.0000000000000E+00
  0.0000000000000E+00
  0.0000000000000E+00
  0.0000000000000E+00
  0.0000000000000E+00
  0.0000000000000E+00
  0.0000000000000E+00
  0.0000000000000E+00
  0.0000000000000E+00
  0.0000000000000E+00
  0.0000000000000E+00
  0.0000000000000E+00
  0.0000000000000E+00
  0.0000000000000E+00
  0.1163042435060E-05
  0.4530643304980E-05
  0.5449910440431E-05
  0.5342453337381E-05
  0.9760894498838E-05
  0.9390372028005E-05
  0.9180526601930E-05
  0.8332416105620E-05
  0.7717349774084E-05
  0.8137525540684E-05
  0.8836058724708E-05
  0.9560152574051E-05
  0.9926796782587E-05
  0.9662613233962E-05
  0.7644229726328E-05
  0.5405802449930E-05
  0.4840788086456E-05
  0.2666129138453E-05
  0.0000000000000E+00
  0.0000000000000E+00
  0.0000000000000E+00
  0.0000000000000E+00
  0.0000000000000E+00
  0.0000000000000E+00
  0.0000000000000E+00
  0.0000000000000E+00
  0.0000000000000E+00
  0.0000000000000E+00
  0.0000000000000E+00
  0.0000000000000E+00
  0.0000000000000E+00
  0.0000000000000E+00
  0.0000000000000E+00
  0.0000000000000E+00
  0.0000000000000E+00
  0.0000000000000E+00
  0.1616790347190E-05
  0.5681618904279E-05
  0.7962576298366E-05
  0.9640953874028E-05
  0.1641294612209E-04
  0.1581575363357E-04
  0.1511273044338E-04
  0.1442538924403E-04
  0.1334320757319E-04
  0.1313079771752E-04
  0.1377769355771E-04
  0.1443202280134E-04
  0.1449932401033E-04
  0.1321151327586E-04
  0.1142577809159E-04
  0.6576760091422E-05
  0.2900887476986E-05
  0.0000000000000E+00
  0.0000000000000E+00
  0.0000000000000E+00
  0.0000000000000E+00
  0.0000000000000E+00
  0.0000000000000E+00
  0.0000000000000E+00
  0.0000000000000E+00
  0.0000000000000E+00
  0.0000000000000E+00
  0.0000000000000E+00
  0.0000000000000E+00
  0.0000000000000E+00
  0.0000000000000E+00
  0.0000000000000E+00
  0.0000000000000E+00
  0.0000000000000E+00
  0.0000000000000E+00
  0.0000000000000E+00
  0.3496100871126E-05
  0.9632112805212E-05
  0.1345395173314E-04
  0.1554440361703E-04
  0.2308238980983E-04
  0.2174596362596E-04
  0.2009596241962E-04
  0.1901767171963E-04
  0.1804185485773E-04
  0.1750535827547E-04
  0.1751858708074E-04
  0.1758441613817E-04
  0.1710323987730E-04
  0.1568954007292E-04
  0.1252639883178E-04
  0.8033616263153E-05
  0.3254856677585E-05
  0.0000000000000E+00
  0.0000000000000E+00
  0.0000000000000E+00
  0.0000000000000E+00
  0.0000000000000E+00
  0.0000000000000E+00
  0.0000000000000E+00
  0.0000000000000E+00
  0.0000000000000E+00
  0.0000000000000E+00
  0.0000000000000E+00
  0.0000000000000E+00
  0.0000000000000E+00
  0.0000000000000E+00
  0.0000000000000E+00
  0.0000000000000E+00
  0.0000000000000E+00
  0.0000000000000E+00
  0.0000000000000E+00
  0.4923010211648E-05
  0.1258266651483E-04
  0.1897118658024E-04
  0.2262776617298E-04
  0.2751708816510E-04
  0.2506366701941E-04
  0.2278891877001E-04
  0.2153393470816E-04
  0.2082949492050E-04
  0.2028848621565E-04
  0.1984105284379E-04
  0.1935653245076E-04
  0.1851303332132E-04
  0.1740713199268E-04
  0.1534159864993E-04
  0.1060258728310E-04
  0.4653224549558E-05
  0.0000000000000E+00
  0.0000000000000E+00
  0.0000000000000E+00
  0.0000000000000E+00
  0.0000000000000E+00
  0.0000000000000E+00
  0.0000000000000E+00
  0.0000000000000E+00
  0.9377674074620E-06
  0.7490474922651E-06
  0.0000000000000E+00
  0.0000000000000E+00
  0.0000000000000E+00
  0.0000000000000E+00
  0.0000000000000E+00
  0.0000000000000E+00
  0.0000000000000E+00
  0.0000000000000E+00
  0.0000000000000E+00
  0.6805451681966E-05
  0.1687018503846E-04
  0.2528324631692E-04
  0.2825214504659E-04
  0.2874894189749E-04
  0.2569800030867E-04
  0.2351978402287E-04
  0.2257650228619E-04
  0.2222211686378E-04
  0.2184498336127E-04
  0.2122557523208E-04
  0.2044878855136E-04
  0.1965895327656E-04
  0.1920493384576E-04
  0.1824785953359E-04
  0.1394578378166E-04
  0.5745409545673E-05
  0.0000000000000E+00
  0.0000000000000E+00
  0.0000000000000E+00
  0.0000000000000E+00
  0.0000000000000E+00
  0.0000000000000E+00
  0.0000000000000E+00
  0.4790719755380E-05
  0.8537318624154E-05
  0.5447554936692E-05
  0.0000000000000E+00
  0.0000000000000E+00
  0.0000000000000E+00
  0.1054976672986E-05
  0.1385484538230E-05
  0.0000000000000E+00
  0.0000000000000E+00
  0.0000000000000E+00
  0.0000000000000E+00
  0.9178025574723E-05
  0.2290849020286E-04
  0.3034162954721E-04
  0.3096526758401E-04
  0.2833537615284E-04
  0.2621207103142E-04
  0.2514098123251E-04
  0.2502350044898E-04
  0.2484059208560E-04
  0.2441258098986E-04
  0.2356569767138E-04
  0.2252529876003E-04
  0.2162189304969E-04
  0.2144370563400E-04
  0.2113338873856E-04
  0.1703370436762E-04
  0.8833221443550E-05
  0.0000000000000E+00
  0.0000000000000E+00
  0.0000000000000E+00
  0.0000000000000E+00
  0.0000000000000E+00
  0.0000000000000E+00
  0.3556696960672E-05
  0.1351532151528E-04
  0.1575002102550E-04
  0.1051701963617E-04
  0.3048583629531E-05
  0.7104337610955E-06
  0.2554001539825E-05
  0.6192893656359E-05
  0.7127231022222E-05
  0.0000000000000E+00
  0.0000000000000E+00
  0.0000000000000E+00
  0.0000000000000E+00
  0.1370150727874E-04
  0.2737323869424E-04
  0.3034486045289E-04
  0.3032937401948E-04
  0.3026546858300E-04
  0.2993331474946E-04
  0.2980458563405E-04
  0.3012660973235E-04
  0.3022898998177E-04
  0.3013807223176E-04
  0.2971195972004E-04
  0.2910633882746E-04
  0.2844633496728E-04
  0.2748836254258E-04
  0.2560551180269E-04
  0.2044909328956E-04
  0.1311483649463E-04
  0.3914788512811E-05
  0.0000000000000E+00
  0.0000000000000E+00
  0.0000000000000E+00
  0.5368860677771E-05
  0.6801092736281E-05
  0.7510614591328E-05
  0.1827090667696E-04
  0.1940165546867E-04
  0.1457026491458E-04
  0.9980926434165E-05
  0.6837844838111E-05
  0.8968992691931E-05
  0.1127654030242E-04
  0.1146036156164E-04
  0.9488222056082E-06
  0.0000000000000E+00
  0.0000000000000E+00
  0.0000000000000E+00
  0.1864384156455E-04
  0.2802247792024E-04
  0.2870292451236E-04
  0.3029839487438E-04
  0.3360454354382E-04
  0.3400145863904E-04
  0.3424949642813E-04
  0.3468488569916E-04
  0.3514331746638E-04
  0.3552796081446E-04
  0.3564148541557E-04
  0.3537670493938E-04
  0.3488319948818E-04
  0.3363423633003E-04
  0.3123035097945E-04
  0.2635321000088E-04
  0.1709855416130E-04
  0.8663463235316E-05
  0.3003640339775E-05
  0.0000000000000E+00
  0.0000000000000E+00
  0.8989864347896E-05
  0.1596492432913E-04
  0.8692289657102E-05
  0.2261944036798E-04
  0.2288674666025E-04
  0.2024581948914E-04
  0.1612903520704E-04
  0.1311068632598E-04
  0.1555279118080E-04
  0.1637102914929E-04
  0.1514046330584E-04
  0.4619639345048E-05
  0.0000000000000E+00
  0.0000000000000E+00
  0.0000000000000E+00
  0.2373869173965E-04
  0.3104017869403E-04
  0.3054335413962E-04
  0.3267551435259E-04
  0.3755278678533E-04
  0.3801364231811E-04
  0.3839950247550E-04
  0.3895314896809E-04
  0.3989388360318E-04
  0.4079477402114E-04
  0.4144780530656E-04
  0.4141141630290E-04
  0.4074048468763E-04
  0.3891273804085E-04
  0.3580277103478E-04
  0.3063573840564E-04
  0.2209927988547E-04
  0.1256041294548E-04
  0.1389025802299E-04
  0.0000000000000E+00
  0.0000000000000E+00
  0.5046358454639E-05
  0.2335747400247E-04
  0.1885028088748E-04
  0.2766862207860E-04
  0.2801783504791E-04
  0.2520677020011E-04
  0.1987107181490E-04
  0.1406958353561E-04
  0.2057035426153E-04
  0.1991281576483E-04
  0.1897749740280E-04
  0.1045377211004E-04
  0.0000000000000E+00
  0.0000000000000E+00
  0.0000000000000E+00
  0.2977437525642E-04
  0.3504275458034E-04
  0.3426278014705E-04
  0.3647932132365E-04
  0.4125369986222E-04
  0.4158590210410E-04
  0.4205473084593E-04
  0.4286202714587E-04
  0.4424061644298E-04
  0.4560883533039E-04
  0.4670838915915E-04
  0.4677044154670E-04
  0.4566456299602E-04
  0.4311922579190E-04
  0.3921585435539E-04
  0.3414698020250E-04
  0.2865436695667E-04
  0.2240596037976E-04
  0.2386735265971E-04
  0.6156712727594E-05
  0.0000000000000E+00
  0.2038305767182E-05
  0.2471454028469E-04
  0.2605596873620E-04
  0.2995102075548E-04
  0.3259568772602E-04
  0.2984218221318E-04
  0.2347540054036E-04
  0.9337193657504E-05
  0.1866466468590E-04
  0.1900123794830E-04
  0.2312936582802E-04
  0.1789167106785E-04
  0.6126272303565E-05
  0.0000000000000E+00
  0.1657625671279E-05
  0.3589084542210E-04
  0.3904604817296E-04
  0.3826586714046E-04
  0.4028194158799E-04
  0.4502638127019E-04
  0.4525961590326E-04
  0.4573463270750E-04
  0.4662601604825E-04
  0.4795315381433E-04
  0.4939094149705E-04
  0.5060047618853E-04
  0.5055401262845E-04
  0.4902885981955E-04
  0.4615707410174E-04
  0.4234888289146E-04
  0.3885884417410E-04
  0.3585277475045E-04
  0.2839580935892E-04
  0.2831226966067E-04
  0.1821451515069E-04
  0.2899222215901E-05
  0.2806769242564E-05
  0.2033968007288E-04
  0.3262682158714E-04
  0.3459525375757E-04
  0.3729543913344E-04
  0.3489400299617E-04
  0.2885835391650E-04
  0.1176348069404E-04
  0.1548045552512E-04
  0.1286447923777E-04
  0.2403574219374E-04
  0.2604861072829E-04
  0.1533631494376E-04
  0.0000000000000E+00
  0.8361526875798E-05
  0.3826573168555E-04
  0.4195604135423E-04
  0.4254449447719E-04
  0.4422108616295E-04
  0.4881644250416E-04
  0.4905091896343E-04
  0.4946215681567E-04
  0.4998625842454E-04
  0.5063404800827E-04
  0.5164595353503E-04
  0.5281293399287E-04
  0.5287161721118E-04
  0.5135562396941E-04
  0.4906256693159E-04
  0.4656267670992E-04
  0.4454246788844E-04
  0.4127622859448E-04
  0.3433521915771E-04
  0.3346556341553E-04
  0.3037671978410E-04
  0.9736297159976E-05
  0.2864995760356E-05
  0.1177041734614E-04
  0.3490293581811E-04
  0.4006266900786E-04
  0.4162864238987E-04
  0.3960636349634E-04
  0.3653180232620E-04
  0.2143493500595E-04
  0.1766879344798E-04
  0.1296785964348E-04
  0.1891963080880E-04
  0.3438248582776E-04
  0.2546278831909E-04
  0.3761298339608E-05
  0.1729384365725E-04
  0.4124502714677E-04
  0.4567068972266E-04
  0.4712484913249E-04
  0.4823612801839E-04
  0.5180302914152E-04
  0.5220063776089E-04
  0.5259402478365E-04
  0.5263982085781E-04
  0.5258044873137E-04
  0.5338746057485E-04
  0.5468836829309E-04
  0.5480617541564E-04
  0.5337337521007E-04
  0.5171011771322E-04
  0.5039235091760E-04
  0.4886391511471E-04
  0.4439948256802E-04
  0.3806671776768E-04
  0.3836129045657E-04
  0.3815393554147E-04
  0.1099397303781E-04
  0.2990878128754E-05
  0.8170772078554E-05
  0.3534758963848E-04
  0.4350628334676E-04
  0.4510871114970E-04
  0.4357416681791E-04
  0.4154882522690E-04
  0.2718161356476E-04
  0.2305185763000E-04
  0.1641076160190E-04
  0.1744719430962E-04
  0.4047996012405E-04
  0.3644884759101E-04
  0.1443284958391E-04
  0.3109249640874E-04
  0.4491443009664E-04
  0.4932485834041E-04
  0.5072858047520E-04
  0.5132713368221E-04
  0.5120068686874E-04
  0.5160686964923E-04
  0.5188534715627E-04
  0.5184899687754E-04
  0.5189918297800E-04
  0.5265180293245E-04
  0.5368115010818E-04
  0.5367742363120E-04
  0.5260041554311E-04
  0.5149553521150E-04
  0.5058704048216E-04
  0.4925607904732E-04
  0.4489193526259E-04
  0.3882779624841E-04
  0.4061408623102E-04
  0.4017256962866E-04
  0.9716603522184E-05
  0.3332074229578E-05
  0.7312010238312E-05
  0.3500049295361E-04
  0.4594545977191E-04
  0.4893582166115E-04
  0.4697180415369E-04
  0.4382978353242E-04
  0.3273861265171E-04
  0.2768901796962E-04
  0.2531808835790E-04
  0.1954718092830E-04
  0.4025520589957E-04
  0.4355354941345E-04
  0.2854564362627E-04
  0.3886144650599E-04
  0.4672312346160E-04
  0.5029277832550E-04
  0.5059075630194E-04
  0.5076239361226E-04
  0.4466245740613E-04
  0.4440560839155E-04
  0.4393899369125E-04
  0.4342811318551E-04
  0.4345225563783E-04
  0.4427594411611E-04
  0.4548993473916E-04
  0.4606206710294E-04
  0.4615669945117E-04
  0.4643099708461E-04
  0.4651743328848E-04
  0.4597847710391E-04
  0.4345585505541E-04
  0.3761194215972E-04
  0.4138583870906E-04
  0.3930464556432E-04
  0.1014210086660E-04
  0.5112333924674E-05
  0.7536896225377E-05
  0.3892343942978E-04
  0.4786395281991E-04
  0.5104670381331E-04
  0.4982061637237E-04
  0.4547305385308E-04
  0.3766885148513E-04
  0.3566794990815E-04
  0.3314072791854E-04
  0.2485949401111E-04
  0.3206641398032E-04
  0.4459499666436E-04
  0.3564937614880E-04
  0.4095060453860E-04
  0.4464354760130E-04
  0.4592837445753E-04
  0.4522703601274E-04
  0.4481237158918E-04
  0.3626156912661E-04
  0.3561854990079E-04
  0.3500144073889E-04
  0.3467847360721E-04
  0.3479691466901E-04
  0.3531148481957E-04
  0.3605132582494E-04
  0.3663957013136E-04
  0.3745918088190E-04
  0.3862868726959E-04
  0.3981059357321E-04
  0.4095979903979E-04
  0.4118293700731E-04
  0.3644453569592E-04
  0.4286194790533E-04
  0.3843104325201E-04
  0.1260780681114E-04
  0.8457672511956E-05
  0.8962394346787E-05
  0.4149834252469E-04
  0.4663900830555E-04
  0.4832201040826E-04
  0.4944268890499E-04
  0.4661815554341E-04
  0.4138403944473E-04
  0.4171784818495E-04
  0.3970979169649E-04
  0.3586913555078E-04
  0.3022973481789E-04
  0.4270749126057E-04
  0.3876392858413E-04
  0.3977101816922E-04
  0.3920700193679E-04
  0.3883123705919E-04
  0.3769377516696E-04
  0.3689572680561E-04
  0.3231931256461E-04
  0.3152551863731E-04
  0.3087672898813E-04
  0.3066929312846E-04
  0.3079782148224E-04
  0.3116316329301E-04
  0.3163657515220E-04
  0.3201235479864E-04
  0.3264812290052E-04
  0.3364954259158E-04
  0.3501696435118E-04
  0.3700746192157E-04
  0.3980458927544E-04
  0.4110448329247E-04
  0.4545177592118E-04
  0.3619024175894E-04
  0.1579535937444E-04
  0.1249803904572E-04
  0.1289694633318E-04
  0.4639051571572E-04
  0.4664727880351E-04
  0.4326211767217E-04
  0.4647292314590E-04
  0.4772287306098E-04
  0.4357752435062E-04
  0.4563667862609E-04
  0.4629693521437E-04
  0.4695739882532E-04
  0.3394702000087E-04
  0.4259934942078E-04
  0.4074937813099E-04
  0.3853363636326E-04
  0.3604391337484E-04
  0.3517489001397E-04
  0.3407984654524E-04
  0.3314096996738E-04
  0.3685780653205E-04
  0.3559234189748E-04
  0.3455581445828E-04
  0.3395672911922E-04
  0.3378874420943E-04
  0.3397093663646E-04
  0.3446243483194E-04
  0.3500495975049E-04
  0.3582129123984E-04
  0.3700803042470E-04
  0.3849219717245E-04
  0.4055003246262E-04
  0.4384950436241E-04
  0.4739830567440E-04
  0.4970425834289E-04
  0.3671374041541E-04
  0.1942689499060E-04
  0.1596765603345E-04
  0.2037225078963E-04
  0.5063019307973E-04
  0.4836382872325E-04
  0.4189295101893E-04
  0.4102793240088E-04
  0.5187396470555E-04
  0.5044113362616E-04
  0.5207899998551E-04
  0.5243720550453E-04
  0.5228407236234E-04
  0.4604124086124E-04
  0.4995479179210E-04
  0.4860481956984E-04
  0.4529352246039E-04
  0.4246050125550E-04
  0.4124399235133E-04
  0.3978136654901E-04
  0.3823252581986E-04
  0.5006573632566E-04
  0.4834464906368E-04
  0.4661868143457E-04
  0.4517008229401E-04
  0.4428194496085E-04
  0.4394657944393E-04
  0.4416631514036E-04
  0.4450650684370E-04
  0.4495773077607E-04
  0.4559567424703E-04
  0.4605560457014E-04
  0.4638865138838E-04
  0.4721017141705E-04
  0.4853130515169E-04
  0.5382036774014E-04
  0.4631345845839E-04
  0.2265645503868E-04
  0.2313341253951E-04
  0.3208064933777E-04
  0.5422635701802E-04
  0.4905928806256E-04
  0.4046547788800E-04
  0.3380512033668E-04
  0.5401407590776E-04
  0.5659750902323E-04
  0.5681150137151E-04
  0.5619638612152E-04
  0.5404448055187E-04
  0.5267527867685E-04
  0.5738710459949E-04
  0.5876840287806E-04
  0.5715749669277E-04
  0.5584297999310E-04
  0.5497345111938E-04
  0.5355350568017E-04
  0.5183930556675E-04
  0.6443657115474E-04
  0.6359133095438E-04
  0.6201684879515E-04
  0.5989642960547E-04
  0.5794256655892E-04
  0.5627936602570E-04
  0.5496357938366E-04
  0.5384906419951E-04
  0.5295285223641E-04
  0.5235538933106E-04
  0.5160132580708E-04
  0.5045291452755E-04
  0.4875252821259E-04
  0.4649146863546E-04
  0.4913860171355E-04
  0.5479160300596E-04
  0.3283077644426E-04
  0.3375858863667E-04
  0.4241799685914E-04
  0.5527935775004E-04
  0.4934935888678E-04
  0.3543877677198E-04
  0.3741454928364E-04
  0.5523409956097E-04
  0.6061897387722E-04
  0.5868843685735E-04
  0.5764838128015E-04
  0.5524456632708E-04
  0.5476354119250E-04
  0.5926516656070E-04
  0.6271437427104E-04
  0.6375597330881E-04
  0.6492733007326E-04
  0.6597574446237E-04
  0.6573032363433E-04
  0.6518834014274E-04
  0.6763014005499E-04
  0.6829738705313E-04
  0.6844563470344E-04
  0.6748100029056E-04
  0.6585516812042E-04
  0.6357602762855E-04
  0.6067659342314E-04
  0.5794857191063E-04
  0.5586994772376E-04
  0.5445616161287E-04
  0.5331003419864E-04
  0.5216853656993E-04
  0.5036837594105E-04
  0.4706238690686E-04
  0.4335785534417E-04
  0.4633232661325E-04
  0.4324301205699E-04
  0.4233790665970E-04
  0.4231328134517E-04
  0.5160541243656E-04
  0.5052945023124E-04
  0.2715955493237E-04
  0.4701065094410E-04
  0.5819240200977E-04
  0.5989431556743E-04
  0.5830456310154E-04
  0.5720720464057E-04
  0.5476700497385E-04
  0.5333023415311E-04
  0.5566067122775E-04
  0.5904624467586E-04
  0.6124290967098E-04
  0.6374565481087E-04
  0.6612088733177E-04
  0.6683329704154E-04
  0.6726329317707E-04
  0.6214518432429E-04
  0.6308907236768E-04
  0.6439941267948E-04
  0.6552261916630E-04
  0.6587183133034E-04
  0.6499784410418E-04
  0.6255886262508E-04
  0.5944779953836E-04
  0.5661900512455E-04
  0.5445500555788E-04
  0.5291429505753E-04
  0.5174492788753E-04
  0.5042336051727E-04
  0.4843554678798E-04
  0.4654041600470E-04
  0.4871174446889E-04
  0.4671975900576E-04
  0.4458060968009E-04
  0.4365586212057E-04
  0.4786844494941E-04
  0.4928605719400E-04
  0.2769446226559E-04
  0.4833465128030E-04
  0.5452910368649E-04
  0.5566711546773E-04
  0.5599260131941E-04
  0.5546976808140E-04
  0.5335675895623E-04
  0.5146035068430E-04
  0.5231017432746E-04
  0.5452290959839E-04
  0.5622227317889E-04
  0.5832746794037E-04
  0.6040850492963E-04
  0.6126780570188E-04
  0.6175558757377E-04
  0.5589576467115E-04
  0.5630355032701E-04
  0.5736950978286E-04
  0.5911233144478E-04
  0.6082051949566E-04
  0.6183708645884E-04
  0.6142447418550E-04
  0.5955712060891E-04
  0.5688863710489E-04
  0.5405455865345E-04
  0.5179072961527E-04
  0.5009289244345E-04
  0.4850030182534E-04
  0.4660693535093E-04
  0.4542440476697E-04
  0.4710279627736E-04
  0.4603145101114E-04
  0.4354675043444E-04
  0.4121967050837E-04
  0.4349106428804E-04
  0.4550733588937E-04
  0.3785337039848E-04
  0.4718119557941E-04
  0.4990056900495E-04
  0.5095760872636E-04
  0.5211665719128E-04
  0.5237477329623E-04
  0.5118173724437E-04
  0.4960312827236E-04
  0.4965627584049E-04
  0.5093931856522E-04
  0.5204449753034E-04
  0.5345419108423E-04
  0.5466438860906E-04
  0.5534248859142E-04
  0.5574174444676E-04
  0.5037420409675E-04
  0.5034649805174E-04
  0.5076923285122E-04
  0.5195568463362E-04
  0.5348652567616E-04
  0.5493958375433E-04
  0.5596942177092E-04
  0.5595382311135E-04
  0.5469926211790E-04
  0.5242504271182E-04
  0.4992898542548E-04
  0.4770783642718E-04
  0.4581223550737E-04
  0.4421301392504E-04
  0.4330298374890E-04
  0.4371080692534E-04
  0.4276347719182E-04
  0.4094661823288E-04
  0.3709758689719E-04
  0.3807807723296E-04
  0.3970508961143E-04
  0.4148833121583E-04
  0.4550852239483E-04
  0.4540175494765E-04
  0.4609795632523E-04
  0.4713235623505E-04
  0.4787981613261E-04
  0.4770950488554E-04
  0.4685869235770E-04
  0.4665490638303E-04
  0.4721478156708E-04
  0.4775607405190E-04
  0.4861444970646E-04
  0.4932200476768E-04
  0.4989263326224E-04
  0.5028616005467E-04
  0.4537203799046E-04
  0.4523470153562E-04
  0.4522649902010E-04
  0.4568119512471E-04
  0.4650654849728E-04
  0.4746315144600E-04
  0.4848666522343E-04
  0.4917819282825E-04
  0.4908278116137E-04
  0.4800430001831E-04
  0.4627408147858E-04
  0.4402228970698E-04
  0.4185951081077E-04
  0.4048317597961E-04
  0.4010796577499E-04
  0.4016861731831E-04
  0.3940559299996E-04
  0.3773918049834E-04
  0.3238381808967E-04
  0.3176565970858E-04
  0.3452688803971E-04
  0.3932061832945E-04
  0.4481234242894E-04
  0.4305603836924E-04
  0.4243498886361E-04
  0.4258047180071E-04
  0.4310565068160E-04
  0.4334162319369E-04
  0.4320815186328E-04
  0.4323427316136E-04
  0.4336445206340E-04
  0.4345967999376E-04
  0.4384521057851E-04
  0.4423193248729E-04
  0.4473572088176E-04
  0.4523253997204E-04
  0.4015864226879E-04
  0.4004807059165E-04
  0.3985663468155E-04
  0.3986324356920E-04
  0.4019682536555E-04
  0.4067606174826E-04
  0.4116447465183E-04
  0.4177698127264E-04
  0.4200466389609E-04
  0.4164797441134E-04
  0.4073602685161E-04
  0.3892615313185E-04
  0.3669380380624E-04
  0.3569719190321E-04
  0.3642165722731E-04
  0.3745556424279E-04
  0.3753213310727E-04
  0.3558961831526E-04
  0.2696812896836E-04
  0.2332787688241E-04
  0.2862612317013E-04
  0.4277718183705E-04
  0.5004607466918E-04
  0.4573913154290E-04
  0.4206722849115E-04
  0.4029103382178E-04
  0.3969895662412E-04
  0.3938721910071E-04
  0.3913480969786E-04
  0.3925012893735E-04
  0.3919516414727E-04
  0.3897813359430E-04
  0.3899353186412E-04
  0.3917264146796E-04
  0.3953376784262E-04
  0.3997669239019E-04
  0.3713549322977E-04
  0.3687389134074E-04
  0.3650245086444E-04
  0.3630233257312E-04
  0.3627163815885E-04
  0.3636563539940E-04
  0.3640498732934E-04
  0.3657817190134E-04
  0.3670260615812E-04
  0.3671143682737E-04
  0.3688449713719E-04
  0.3671461556412E-04
  0.3581320584362E-04
  0.3528973132942E-04
  0.3627477420220E-04
  0.3826138866409E-04
  0.3916600147330E-04
  0.3697083161733E-04
  0.1539178840976E-04
  0.1119976235300E-04
  0.1824556917732E-04
  0.4399910415044E-04
  0.5609634712232E-04
  0.5371842624252E-04
  0.4852869964929E-04
  0.4512678235007E-04
  0.4304977454128E-04
  0.4150505736681E-04
  0.4017059217838E-04
  0.3924552525217E-04
  0.3846902196521E-04
  0.3764467745441E-04
  0.3713026569835E-04
  0.3693130515095E-04
  0.3699419330517E-04
  0.3715501897116E-04
  0.3696122590219E-04
  0.3677801034643E-04
  0.3650342657757E-04
  0.3621535523412E-04
  0.3597958066512E-04
  0.3585832354678E-04
  0.3579058874657E-04
  0.3580667931692E-04
  0.3600623338955E-04
  0.3611381670053E-04
  0.3618111449246E-04
  0.3605523656011E-04
  0.3535954361835E-04
  0.3474578144772E-04
  0.3537193548373E-04
  0.3790986087478E-04
  0.4055068374591E-04
  0.3910190858519E-04
  0.1495804091208E-04
  0.9130250896033E-05
  0.1347709792083E-04
  0.4365538320640E-04
  0.5561004997035E-04
  0.5665426407500E-04
  0.5337493724337E-04
  0.5058685356592E-04
  0.4796511431852E-04
  0.4532014647536E-04
  0.4293602595113E-04
  0.4117582940638E-04
  0.3991729527058E-04
  0.3871806723669E-04
  0.3774910490328E-04
  0.3714515869308E-04
  0.3689157970576E-04
  0.3692281729713E-04
  0.3681496507149E-04
  0.3637833096448E-04
  0.3591503785896E-04
  0.3583020673581E-04
  0.3560935963629E-04
  0.3543777985360E-04
  0.3535597370708E-04
  0.3536582355066E-04
  0.3545965498189E-04
  0.3555486404827E-04
  0.3563692403849E-04
  0.3557645299192E-04
  0.3521591797583E-04
  0.3487391120759E-04
  0.3525705458374E-04
  0.3745339939797E-04
  0.4119331444179E-04
  0.4321772008854E-04
  0.1873274002779E-04
  0.1353986958354E-04
  0.1636058899922E-04
  0.3667325781252E-04
  0.4538068738782E-04
  0.4902576274825E-04
  0.4914202342130E-04
  0.4906399806026E-04
  0.4849249630059E-04
  0.4705056743303E-04
  0.4532959924775E-04
  0.4352555553614E-04
  0.4183102188321E-04
  0.4035771237348E-04
  0.3911822373445E-04
  0.3817399838900E-04
  0.3751131764124E-04
  0.3712283310359E-04
  0.3648586285410E-04
  0.3597212617225E-04
  0.3547476641890E-04
  0.3505651369925E-04
  0.3462018540774E-04
  0.3435608691457E-04
  0.3426131359280E-04
  0.3434682252176E-04
  0.3447057809185E-04
  0.3461923800381E-04
  0.3479352632054E-04
  0.3491938588437E-04
  0.3496373935357E-04
  0.3488807232679E-04
  0.3519252764855E-04
  0.3662971830324E-04
  0.3978984378506E-04
  0.4457280116236E-04
  0.3167329366152E-04
  0.2851054000288E-04
  0.2568758459572E-04
  0.2945399318876E-04
  0.3171175512732E-04
  0.3472149788845E-04
  0.3698203310346E-04
  0.3896512913456E-04
  0.4093290409088E-04
  0.4207880420338E-04
  0.4227887661439E-04
  0.4189905250598E-04
  0.4097409614656E-04
  0.3991268347322E-04
  0.3886165766997E-04
  0.3803290260883E-04
  0.3729619881621E-04
  0.3685373011126E-04
  0.3349692440797E-04
  0.3314469592438E-04
  0.3288051763298E-04
  0.3262226527583E-04
  0.3231834632676E-04
  0.3209776598224E-04
  0.3202658851683E-04
  0.3210499236866E-04
  0.3222454455685E-04
  0.3218154119135E-04
  0.3233333109663E-04
  0.3251146942282E-04
  0.3269469111667E-04
  0.3286827160196E-04
  0.3312368354829E-04
  0.3393830737264E-04
  0.3578178632702E-04
  0.3828467373589E-04
  0.3376161708028E-04
  0.3017659135437E-04
  0.2673190430687E-04
  0.2553015559774E-04
  0.2522458363963E-04
  0.2627016313878E-04
  0.2752872955804E-04
  0.2896642337299E-04
  0.3088361168086E-04
  0.3280520900243E-04
  0.3409551080288E-04
  0.3471864318844E-04
  0.3471184533034E-04
  0.3432950410923E-04
  0.3388870384561E-04
  0.3374597744276E-04
  0.3366876688723E-04
  0.3358268636875E-04
  0.2632820397010E-04
  0.2647915088746E-04
  0.2650280459052E-04
  0.2644359506244E-04
  0.2628336159875E-04
  0.2609713311476E-04
  0.2597067875449E-04
  0.2589524170140E-04
  0.2582067563413E-04
  0.2578388114345E-04
  0.2588390582679E-04
  0.2600373174109E-04
  0.2613535131886E-04
  0.2627270466641E-04
  0.2646792850112E-04
  0.2693835730660E-04
  0.2818354015107E-04
  0.2959355160826E-04
  0.2791488126134E-04
  0.2541091613959E-04
  0.2330916022768E-04
  0.2189070872570E-04
  0.2095820560555E-04
  0.2058734256399E-04
  0.2053428508207E-04
  0.2078934329886E-04
  0.2157857356456E-04
  0.2281122263654E-04
  0.2407931208389E-04
  0.2498588132136E-04
  0.2545856218552E-04
  0.2566634663115E-04
  0.2574792981224E-04
  0.2594084169975E-04
  0.2613775150756E-04
  0.2620695005369E-04
  0.1668714799566E-04
  0.1684939533625E-04
  0.1689976159285E-04
  0.1684150904359E-04
  0.1666584684093E-04
  0.1643411946817E-04
  0.1621397301818E-04
  0.1606132668236E-04
  0.1598334494421E-04
  0.1597634308674E-04
  0.1598864656054E-04
  0.1600768231888E-04
  0.1606265914999E-04
  0.1621168013078E-04
  0.1648755027929E-04
  0.1698662907089E-04
  0.1777063266981E-04
  0.1857428514919E-04
  0.1869370392529E-04
  0.1806278795902E-04
  0.1700494540930E-04
  0.1581501414984E-04
  0.1473305169983E-04
  0.1393050745459E-04
  0.1350756198252E-04
  0.1351906948837E-04
  0.1391440119947E-04
  0.1454240333282E-04
  0.1522877709932E-04
  0.1578165384476E-04
  0.1608460639434E-04
  0.1618742944588E-04
  0.1621094372865E-04
  0.1627012956932E-04
  0.1636901639758E-04
  0.1650090255093E-04
  0.7783078065693E-05
  0.7978484978908E-05
  0.8280179237234E-05
  0.8735389382165E-05
  0.9021284702429E-05
  0.9215971537424E-05
  0.9367740928258E-05
  0.9495070503954E-05
  0.9765567162532E-05
  0.1018479938864E-04
  0.1080489119209E-04
  0.1144815107332E-04
  0.1185452600459E-04
  0.1210268365084E-04
  0.1223951179687E-04
  0.1228002877213E-04
  0.1219820307638E-04
  0.1191412927672E-04
  0.1131606289895E-04
  0.1026526418948E-04
  0.9072207448857E-05
  0.8197118148551E-05
  0.7599986973688E-05
  0.7241601480002E-05
  0.7079942626781E-05
  0.7068349198269E-05
  0.7152041195337E-05
  0.7270966406684E-05
  0.7387010602158E-05
  0.7469478054308E-05
  0.7513895933958E-05
  0.7535690002641E-05
  0.7543786613849E-05
  0.7556726518971E-05
  0.7590497413782E-05
  0.7660953442736E-05
  0.2729723427188E-03
  0.2729723427188E-03
  0.2729723427188E-03
  0.2729723427188E-03
  0.2729723427188E-03
  0.2729723427188E-03
  0.2729723427188E-03
  0.2729723427188E-03
  0.2729723427188E-03
  0.2729723427188E-03
  0.2729723427188E-03
  0.2729723427188E-03
  0.2729723427188E-03
  0.2729723427188E-03
  0.2729723427188E-03
  0.2729723427188E-03
  0.2729723427188E-03
  0.2729723427188E-03
  0.2729723427188E-03
  0.2729723427188E-03
  0.2729723427188E-03
  0.2729723427188E-03
  0.2729723427188E-03
  0.2729723427188E-03
  0.2729723427188E-03
  0.2729723427188E-03
  0.2729723427188E-03
  0.2729723427188E-03
  0.2729723427188E-03
  0.2729723427188E-03
  0.2729723427188E-03
  0.2729723427188E-03
  0.2729723427188E-03
  0.2729723427188E-03
  0.2729723427188E-03
  0.2729723427188E-03
  0.2729723427188E-03
  0.2729723427188E-03
  0.2729723427188E-03
  0.2729723427188E-03
  0.2729723427188E-03
  0.2729723427188E-03
  0.2729723427188E-03
  0.2729723427188E-03
  0.2729723427188E-03
  0.2729723427188E-03
  0.2729723427188E-03
  0.2729723427188E-03
  0.2729723427188E-03
  0.2729723427188E-03
  0.2729723427188E-03
  0.2729723427188E-03
  0.2729723427188E-03
  0.2729723427188E-03
  0.2729723427188E-03
  0.2729723427188E-03
  0.2729723427188E-03
  0.2729723427188E-03
  0.2729723427188E-03
  0.2729723427188E-03
  0.2729723427188E-03
  0.2729723427188E-03
  0.2729723427188E-03
  0.2729723427188E-03
  0.2729723427188E-03
  0.2729723427188E-03
  0.2729723427188E-03
  0.2729723427188E-03
  0.2729723427188E-03
  0.2729723427188E-03
  0.2729723427188E-03
  0.2729723427188E-03
  0.2729723427188E-03
  0.2729723427188E-03
  0.2729723427188E-03
  0.2729723427188E-03
  0.2729723427188E-03
  0.2729723427188E-03
  0.2729723427188E-03
  0.2729723427188E-03
  0.2729723427188E-03
  0.2729723427188E-03
  0.2729723427188E-03
  0.2729723427188E-03
  0.2729723427188E-03
  0.2729723427188E-03
  0.2729723427188E-03
  0.2729723427188E-03
  0.2729723427188E-03
  0.2729723427188E-03
  0.2729723427188E-03
  0.2729723427188E-03
  0.2729723427188E-03
  0.2729723427188E-03
  0.2729723427188E-03
  0.2729723427188E-03
  0.2729723427188E-03
  0.2729723427188E-03
  0.2729723427188E-03
  0.2729723427188E-03
  0.2729723427188E-03
  0.2729723427188E-03
  0.2729723427188E-03
  0.2729723427188E-03
  0.2729723427188E-03
  0.2729723427188E-03
  0.2729723427188E-03
  0.2729723427188E-03
  0.2729723427188E-03
  0.2729723427188E-03
  0.2729723427188E-03
  0.2729723427188E-03
  0.2729723427188E-03
  0.2729723427188E-03
  0.2729723427188E-03
  0.2729723427188E-03
  0.2729723427188E-03
  0.2729723427188E-03
  0.2729723427188E-03
  0.2729723427188E-03
  0.2729723427188E-03
  0.2729723427188E-03
  0.2729723427188E-03
  0.2729723427188E-03
  0.2729723427188E-03
  0.2729723427188E-03
  0.2729723427188E-03
  0.2729723427188E-03
  0.2729723427188E-03
  0.2729723427188E-03
  0.2729723427188E-03
  0.2729723427188E-03
  0.2729723427188E-03
  0.2729723427188E-03
  0.2729723427188E-03
  0.2729723427188E-03
  0.2729723427188E-03
  0.2729723427188E-03
  0.2729723427188E-03
  0.2729723427188E-03
  0.2729723427188E-03
  0.2729723427188E-03
  0.2729723427188E-03
  0.2729723427188E-03
  0.2729723427188E-03
  0.2729723427188E-03
  0.2729723427188E-03
  0.2729723427188E-03
  0.2729723427188E-03
  0.2729723427188E-03
  0.2729723427188E-03
  0.2729723427188E-03
  0.2729723427188E-03
  0.2729723427188E-03
  0.2729723427188E-03
  0.2729723427188E-03
  0.2729723427188E-03
  0.2729723427188E-03
  0.2729723427188E-03
  0.2729723427188E-03
  0.2729723427188E-03
  0.2729723427188E-03
  0.2729723427188E-03
  0.2729723427188E-03
  0.2729723427188E-03
  0.2729723427188E-03
  0.2729723427188E-03
  0.2729723427188E-03
  0.2729723427188E-03
  0.2729723427188E-03
  0.2729723427188E-03
  0.2729723427188E-03
  0.2729723427188E-03
  0.2729723427188E-03
  0.2729723427188E-03
  0.2729723427188E-03
  0.2729723427188E-03
  0.2729723427188E-03
  0.2729723427188E-03
  0.2729723427188E-03
  0.2729723427188E-03
  0.2729723427188E-03
  0.2729723427188E-03
  0.2729723427188E-03
  0.2729723427188E-03
  0.2729723427188E-03
  0.2729723427188E-03
  0.2729723427188E-03
  0.2729723427188E-03
  0.2729723427188E-03
  0.2729723427188E-03
  0.2729723427188E-03
  0.2729723427188E-03
  0.2729723427188E-03
  0.2729723427188E-03
  0.2729723427188E-03
  0.2729723427188E-03
  0.2729723427188E-03
  0.2729723427188E-03
  0.2729723427188E-03
  0.2729723427188E-03
  0.2729723427188E-03
  0.2729723427188E-03
  0.2729723427188E-03
  0.2729723427188E-03
  0.2729723427188E-03
  0.2729723427188E-03
  0.2729723427188E-03
  0.2729723427188E-03
  0.2729723427188E-03
  0.2729723427188E-03
  0.2729723427188E-03
  0.2729723427188E-03
  0.2729723427188E-03
  0.2729723427188E-03
  0.2729723427188E-03
  0.2729723427188E-03
  0.2729723427188E-03
  0.2729723427188E-03
  0.2729723427188E-03
  0.2729723427188E-03
  0.2729723427188E-03
  0.2729723427188E-03
  0.2729723427188E-03
  0.2729723427188E-03
  0.2729723427188E-03
  0.2729723427188E-03
  0.2729723427188E-03
  0.2729723427188E-03
  0.2729723427188E-03
  0.2729723427188E-03
  0.2729723427188E-03
  0.2729723427188E-03
  0.2729723427188E-03
  0.2729723427188E-03
  0.2729723427188E-03
  0.2729723427188E-03
  0.2729723427188E-03
  0.2729723427188E-03
  0.2729723427188E-03
  0.2729723427188E-03
  0.2729723427188E-03
  0.2729723427188E-03
  0.2729723427188E-03
  0.2729723427188E-03
  0.2729723427188E-03
  0.2729723427188E-03
  0.2729723427188E-03
  0.2729723427188E-03
  0.2729723427188E-03
  0.2729723427188E-03
  0.2729723427188E-03
  0.2729723427188E-03
  0.2729723427188E-03
  0.2729723427188E-03
  0.2729723427188E-03
  0.2729723427188E-03
  0.2729723427188E-03
  0.2729723427188E-03
  0.2729723427188E-03
  0.2729723427188E-03
  0.2729723427188E-03
  0.2729723427188E-03
  0.2729723427188E-03
  0.2729723427188E-03
  0.2729723427188E-03
  0.2729723427188E-03
  0.2729723427188E-03
  0.2729723427188E-03
  0.2729723427188E-03
  0.2729723427188E-03
  0.2729723427188E-03
  0.2729723427188E-03
  0.2729723427188E-03
  0.2729723427188E-03
  0.2729723427188E-03
  0.2729723427188E-03
  0.2729723427188E-03
  0.2729723427188E-03
  0.2729723427188E-03
  0.2729723427188E-03
  0.2729723427188E-03
  0.2729723427188E-03
  0.2729723427188E-03
  0.2729723427188E-03
  0.2729723427188E-03
  0.2729723427188E-03
  0.2729723427188E-03
  0.2729723427188E-03
  0.2729723427188E-03
  0.2729723427188E-03
  0.2729723427188E-03
  0.2729723427188E-03
  0.2729723427188E-03
  0.2729723427188E-03
  0.2729723427188E-03
  0.2729723427188E-03
  0.2729723427188E-03
  0.2729723427188E-03
  0.2729723427188E-03
  0.2729723427188E-03
  0.2729723427188E-03
  0.2729723427188E-03
  0.2729723427188E-03
  0.2729723427188E-03
  0.2729723427188E-03
  0.2729723427188E-03
  0.2729723427188E-03
  0.2729723427188E-03
  0.2729723427188E-03
  0.2729723427188E-03
  0.2729723427188E-03
  0.2729723427188E-03
  0.2729723427188E-03
  0.2729723427188E-03
  0.2729723427188E-03
  0.2729723427188E-03
  0.2729723427188E-03
  0.2729723427188E-03
  0.2729723427188E-03
  0.2729723427188E-03
  0.2729723427188E-03
  0.2729723427188E-03
  0.2729723427188E-03
  0.2729723427188E-03
  0.2729723427188E-03
  0.2729723427188E-03
  0.2729723427188E-03
  0.2729723427188E-03
  0.2729723427188E-03
  0.2729723427188E-03
  0.2729723427188E-03
  0.2729723427188E-03
  0.2729723427188E-03
  0.2729723427188E-03
  0.2729723427188E-03
  0.2729723427188E-03
  0.2729723427188E-03
  0.2729723427188E-03
  0.2729723427188E-03
  0.2729723427188E-03
  0.2729723427188E-03
  0.2729723427188E-03
  0.2729723427188E-03
  0.2729723427188E-03
  0.2729723427188E-03
  0.2729723427188E-03
  0.2729723427188E-03
  0.2729723427188E-03
  0.2729723427188E-03
  0.2729723427188E-03
  0.2729723427188E-03
  0.2729723427188E-03
  0.2729723427188E-03
  0.2729723427188E-03
  0.2729723427188E-03
  0.2729723427188E-03
  0.2729723427188E-03
  0.2729723427188E-03
  0.2729723427188E-03
  0.2729723427188E-03
  0.2729723427188E-03
  0.2729723427188E-03
  0.2729723427188E-03
  0.2729723427188E-03
  0.2729723427188E-03
  0.2729723427188E-03
  0.2729723427188E-03
  0.2729723427188E-03
  0.2729723427188E-03
  0.2729723427188E-03
  0.2729723427188E-03
  0.2729723427188E-03
  0.2729723427188E-03
  0.2729723427188E-03
  0.2729723427188E-03
  0.2729723427188E-03
  0.2729723427188E-03
  0.2729723427188E-03
  0.2729723427188E-03
  0.2729723427188E-03
  0.2729723427188E-03
  0.2729723427188E-03
  0.2729723427188E-03
  0.2729723427188E-03
  0.2729723427188E-03
  0.2729723427188E-03
  0.2729723427188E-03
  0.2729723427188E-03
  0.2729723427188E-03
  0.2729723427188E-03
  0.2729723427188E-03
  0.2729723427188E-03
  0.2729723427188E-03
  0.2729723427188E-03
  0.2729723427188E-03
  0.2729723427188E-03
  0.2729723427188E-03
  0.2729723427188E-03
  0.2729723427188E-03
  0.2729723427188E-03
  0.2729723427188E-03
  0.2729723427188E-03
  0.2729723427188E-03
  0.2729723427188E-03
  0.2729723427188E-03
  0.2729723427188E-03
  0.2729723427188E-03
  0.2729723427188E-03
  0.2729723427188E-03
  0.2729723427188E-03
  0.2729723427188E-03
  0.2729723427188E-03
  0.2729723427188E-03
  0.2729723427188E-03
  0.2729723427188E-03
  0.2729723427188E-03
  0.2729723427188E-03
  0.2729723427188E-03
  0.2729723427188E-03
  0.2729723427188E-03
  0.2729723427188E-03
  0.2729723427188E-03
  0.2729723427188E-03
  0.2729723427188E-03
  0.2729723427188E-03
  0.2729723427188E-03
  0.2729723427188E-03
  0.2729723427188E-03
  0.2729723427188E-03
  0.2729723427188E-03
  0.2729723427188E-03
  0.2729723427188E-03
  0.2729723427188E-03
  0.2729723427188E-03
  0.2729723427188E-03
  0.2729723427188E-03
  0.2729723427188E-03
  0.2729723427188E-03
  0.2729723427188E-03
  0.2729723427188E-03
  0.2729723427188E-03
  0.2729723427188E-03
  0.2729723427188E-03
  0.2729723427188E-03
  0.2729723427188E-03
  0.2729723427188E-03
  0.2729723427188E-03
  0.2729723427188E-03
  0.2729723427188E-03
  0.2729723427188E-03
  0.2729723427188E-03
  0.2729723427188E-03
  0.2729723427188E-03
  0.2729723427188E-03
  0.2729723427188E-03
  0.2729723427188E-03
  0.2729723427188E-03
  0.2729723427188E-03
  0.2729723427188E-03
  0.2729723427188E-03
  0.2729723427188E-03
  0.2729723427188E-03
  0.2729723427188E-03
  0.2729723427188E-03
  0.2729723427188E-03
  0.2729723427188E-03
  0.2729723427188E-03
  0.2729723427188E-03
  0.2729723427188E-03
  0.2729723427188E-03
  0.2729723427188E-03
  0.2729723427188E-03
  0.2729723427188E-03
  0.2729723427188E-03
  0.2729723427188E-03
  0.2729723427188E-03
  0.2729723427188E-03
  0.2729723427188E-03
  0.2729723427188E-03
  0.2729723427188E-03
  0.2729723427188E-03
  0.2729723427188E-03
  0.2729723427188E-03
  0.2729723427188E-03
  0.2729723427188E-03
  0.2729723427188E-03
  0.2729723427188E-03
  0.2729723427188E-03
  0.2729723427188E-03
  0.2729723427188E-03
  0.2729723427188E-03
  0.2729723427188E-03
  0.2729723427188E-03
  0.2729723427188E-03
  0.2729723427188E-03
  0.2729723427188E-03
  0.2729723427188E-03
  0.2729723427188E-03
  0.2729723427188E-03
  0.2729723427188E-03
  0.2729723427188E-03
  0.2729723427188E-03
  0.2729723427188E-03
  0.2729723427188E-03
  0.2729723427188E-03
  0.2729723427188E-03
  0.2729723427188E-03
  0.2729723427188E-03
  0.2729723427188E-03
  0.2729723427188E-03
  0.2729723427188E-03
  0.2729723427188E-03
  0.2729723427188E-03
  0.2729723427188E-03
  0.2729723427188E-03
  0.2729723427188E-03
  0.2729723427188E-03
  0.2729723427188E-03
  0.2729723427188E-03
  0.2729723427188E-03
  0.2729723427188E-03
  0.2729723427188E-03
  0.2729723427188E-03
  0.2729723427188E-03
  0.2729723427188E-03
  0.2729723427188E-03
  0.2729723427188E-03
  0.2729723427188E-03
  0.2729723427188E-03
  0.2729723427188E-03
  0.2729723427188E-03
  0.2729723427188E-03
  0.2729723427188E-03
  0.2729723427188E-03
  0.2729723427188E-03
  0.2729723427188E-03
  0.2729723427188E-03
  0.2729723427188E-03
  0.2729723427188E-03
  0.2729723427188E-03
  0.2729723427188E-03
  0.2729723427188E-03
  0.2729723427188E-03
  0.2729723427188E-03
  0.2729723427188E-03
  0.2729723427188E-03
  0.2729723427188E-03
  0.2729723427188E-03
  0.2729723427188E-03
  0.2729723427188E-03
  0.2729723427188E-03
  0.2729723427188E-03
  0.2729723427188E-03
  0.2729723427188E-03
  0.2729723427188E-03
  0.2729723427188E-03
  0.2729723427188E-03
  0.2729723427188E-03
  0.2729723427188E-03
  0.2729723427188E-03
  0.2729723427188E-03
  0.2729723427188E-03
  0.2729723427188E-03
  0.2729723427188E-03
  0.2729723427188E-03
  0.2729723427188E-03
  0.2729723427188E-03
  0.2729723427188E-03
  0.2729723427188E-03
  0.2729723427188E-03
  0.2729723427188E-03
  0.2729723427188E-03
  0.2729723427188E-03
  0.2729723427188E-03
  0.2729723427188E-03
  0.2729723427188E-03
  0.2729723427188E-03
  0.2729723427188E-03
  0.2729723427188E-03
  0.2729723427188E-03
  0.2729723427188E-03
  0.2729723427188E-03
  0.2729723427188E-03
  0.2729723427188E-03
  0.2729723427188E-03
  0.2729723427188E-03
  0.2729723427188E-03
  0.2729723427188E-03
  0.2729723427188E-03
  0.2729723427188E-03
  0.2729723427188E-03
  0.2729723427188E-03
  0.2729723427188E-03
  0.2729723427188E-03
  0.2729723427188E-03
  0.2729723427188E-03
  0.2729723427188E-03
  0.2729723427188E-03
  0.2729723427188E-03
  0.2729723427188E-03
  0.2729723427188E-03
  0.2729723427188E-03
  0.2729723427188E-03
  0.2729723427188E-03
  0.2729723427188E-03
  0.2729723427188E-03
  0.2729723427188E-03
  0.2729723427188E-03
  0.2729723427188E-03
  0.2729723427188E-03
  0.2729723427188E-03
  0.2729723427188E-03
  0.2729723427188E-03
  0.2729723427188E-03
  0.2729723427188E-03
  0.2729723427188E-03
  0.2729723427188E-03
  0.2729723427188E-03
  0.2729723427188E-03
  0.2729723427188E-03
  0.2729723427188E-03
  0.2729723427188E-03
  0.2729723427188E-03
  0.2729723427188E-03
  0.2729723427188E-03
  0.2729723427188E-03
  0.2729723427188E-03
  0.2729723427188E-03
  0.2729723427188E-03
  0.2729723427188E-03
  0.2729723427188E-03
  0.2729723427188E-03
  0.2729723427188E-03
  0.2729723427188E-03
  0.2729723427188E-03
  0.2729723427188E-03
  0.2729723427188E-03
  0.2729723427188E-03
  0.2729723427188E-03
  0.2729723427188E-03
  0.2729723427188E-03
  0.2729723427188E-03
  0.2729723427188E-03
  0.2729723427188E-03
  0.2729723427188E-03
  0.2729723427188E-03
  0.2729723427188E-03
  0.2729723427188E-03
  0.2729723427188E-03
  0.2729723427188E-03
  0.2729723427188E-03
  0.2729723427188E-03
  0.2729723427188E-03
  0.2729723427188E-03
  0.2729723427188E-03
  0.2729723427188E-03
  0.2729723427188E-03
  0.2729723427188E-03
  0.2729723427188E-03
  0.2729723427188E-03
  0.2729723427188E-03
  0.2729723427188E-03
  0.2729723427188E-03
  0.2729723427188E-03
  0.2729723427188E-03
  0.2729723427188E-03
  0.2729723427188E-03
  0.2729723427188E-03
  0.2729723427188E-03
  0.2729723427188E-03
  0.2729723427188E-03
  0.2729723427188E-03
  0.2729723427188E-03
  0.2729723427188E-03
  0.2729723427188E-03
  0.2729723427188E-03
  0.2729723427188E-03
  0.2729723427188E-03
  0.2729723427188E-03
  0.2729723427188E-03
  0.2729723427188E-03
  0.2729723427188E-03
  0.2729723427188E-03
  0.2729723427188E-03
  0.2729723427188E-03
  0.2729723427188E-03
  0.2729723427188E-03
  0.2729723427188E-03
  0.2729723427188E-03
  0.2729723427188E-03
  0.2729723427188E-03
  0.2729723427188E-03
  0.2729723427188E-03
  0.2729723427188E-03
  0.2729723427188E-03
  0.2729723427188E-03
  0.2729723427188E-03
  0.2729723427188E-03
  0.2729723427188E-03
  0.2729723427188E-03
  0.2729723427188E-03
  0.2729723427188E-03
  0.2729723427188E-03
  0.2729723427188E-03
  0.2729723427188E-03
  0.2729723427188E-03
  0.2729723427188E-03
  0.2729723427188E-03
  0.2729723427188E-03
  0.2729723427188E-03
  0.2729723427188E-03
  0.2729723427188E-03
  0.2729723427188E-03
  0.2729723427188E-03
  0.2729723427188E-03
  0.2729723427188E-03
  0.2729723427188E-03
  0.2729723427188E-03
  0.2729723427188E-03
  0.2729723427188E-03
  0.2729723427188E-03
  0.2729723427188E-03
  0.2729723427188E-03
  0.2729723427188E-03
  0.2729723427188E-03
  0.2729723427188E-03
  0.2729723427188E-03
  0.2729723427188E-03
  0.2729723427188E-03
  0.2729723427188E-03
  0.2729723427188E-03
  0.2729723427188E-03
  0.2729723427188E-03
  0.2729723427188E-03
  0.2729723427188E-03
  0.2729723427188E-03
  0.2729723427188E-03
  0.2729723427188E-03
  0.2729723427188E-03
  0.2729723427188E-03
  0.2729723427188E-03
  0.2729723427188E-03
  0.2729723427188E-03
  0.2729723427188E-03
  0.2729723427188E-03
  0.2729723427188E-03
  0.2729723427188E-03
  0.2729723427188E-03
  0.2729723427188E-03
  0.2729723427188E-03
  0.2729723427188E-03
  0.2729723427188E-03
  0.2729723427188E-03
  0.2729723427188E-03
  0.2729723427188E-03
  0.2729723427188E-03
  0.2729723427188E-03
  0.2729723427188E-03
  0.2729723427188E-03
  0.2729723427188E-03
  0.2729723427188E-03
  0.2729723427188E-03
  0.2729723427188E-03
  0.2729723427188E-03
  0.2729723427188E-03
  0.2729723427188E-03
  0.2729723427188E-03
  0.2729723427188E-03
  0.2729723427188E-03
  0.2729723427188E-03
  0.2729723427188E-03
  0.2729723427188E-03
  0.2729723427188E-03
  0.2729723427188E-03
  0.2729723427188E-03
  0.2729723427188E-03
  0.2729723427188E-03
  0.2729723427188E-03
  0.2729723427188E-03
  0.2729723427188E-03
  0.2729723427188E-03
  0.2729723427188E-03
  0.2729723427188E-03
  0.2729723427188E-03
  0.2729723427188E-03
  0.2729723427188E-03
  0.2729723427188E-03
  0.2729723427188E-03
  0.2729723427188E-03
  0.2729723427188E-03
  0.2729723427188E-03
  0.2729723427188E-03
  0.2729723427188E-03
  0.2729723427188E-03
  0.2729723427188E-03
  0.2729723427188E-03
  0.2729723427188E-03
  0.2729723427188E-03
  0.2729723427188E-03
  0.2729723427188E-03
  0.2729723427188E-03
  0.2729723427188E-03
  0.2729723427188E-03
  0.2729723427188E-03
  0.2729723427188E-03
  0.2729723427188E-03
  0.2729723427188E-03
  0.2729723427188E-03
  0.2729723427188E-03
  0.2729723427188E-03
  0.2729723427188E-03
  0.2729723427188E-03
  0.2729723427188E-03
  0.2729723427188E-03
  0.2729723427188E-03
  0.2729723427188E-03
  0.2729723427188E-03
  0.2729723427188E-03
  0.2729723427188E-03
  0.2729723427188E-03
  0.2729723427188E-03
  0.2729723427188E-03
  0.2729723427188E-03
  0.2729723427188E-03
  0.2729723427188E-03
  0.2729723427188E-03
  0.2729723427188E-03
  0.2729723427188E-03
  0.2729723427188E-03
  0.2729723427188E-03
  0.2729723427188E-03
  0.2729723427188E-03
  0.2729723427188E-03
  0.2729723427188E-03
  0.2729723427188E-03
  0.2729723427188E-03
  0.2729723427188E-03
  0.2729723427188E-03
  0.2729723427188E-03
  0.2729723427188E-03
  0.2729723427188E-03
  0.2729723427188E-03
  0.2729723427188E-03
  0.2729723427188E-03
  0.2729723427188E-03
  0.2729723427188E-03
  0.2729723427188E-03
  0.2729723427188E-03
  0.2729723427188E-03
  0.2729723427188E-03
  0.2729723427188E-03
  0.2729723427188E-03
  0.2729723427188E-03
  0.2729723427188E-03
  0.2729723427188E-03
  0.2729723427188E-03
  0.2729723427188E-03
  0.2729723427188E-03
  0.2729723427188E-03
  0.2729723427188E-03
  0.2729723427188E-03
  0.2729723427188E-03
  0.2729723427188E-03
  0.2729723427188E-03
  0.2729723427188E-03
  0.2729723427188E-03
  0.2729723427188E-03
  0.2729723427188E-03
  0.2729723427188E-03
  0.2729723427188E-03
  0.2729723427188E-03
  0.2729723427188E-03
  0.2729723427188E-03
  0.2729723427188E-03
  0.2729723427188E-03
  0.2729723427188E-03
  0.2729723427188E-03
  0.2729723427188E-03
  0.2729723427188E-03
  0.2729723427188E-03
  0.2729723427188E-03
  0.2729723427188E-03
  0.2729723427188E-03
  0.2729723427188E-03
  0.2729723427188E-03
  0.2729723427188E-03
  0.2729723427188E-03
  0.2729723427188E-03
  0.2729723427188E-03
  0.2729723427188E-03
  0.2729723427188E-03
  0.2729723427188E-03
  0.2729723427188E-03
  0.2729723427188E-03
  0.2729723427188E-03
  0.2729723427188E-03
  0.2729723427188E-03
  0.2729723427188E-03
  0.2729723427188E-03
  0.2729723427188E-03
  0.2729723427188E-03
  0.2729723427188E-03
  0.2729723427188E-03
  0.2729723427188E-03
  0.2729723427188E-03
  0.2729723427188E-03
  0.2729723427188E-03
  0.2729723427188E-03
  0.2729723427188E-03
  0.2729723427188E-03
  0.2729723427188E-03
  0.2729723427188E-03
  0.2729723427188E-03
  0.2729723427188E-03
  0.2729723427188E-03
  0.2729723427188E-03
  0.2729723427188E-03
  0.2729723427188E-03
  0.2729723427188E-03
  0.2729723427188E-03
  0.2729723427188E-03
  0.2729723427188E-03
  0.2729723427188E-03
  0.2729723427188E-03
  0.2729723427188E-03
  0.2729723427188E-03
  0.2729723427188E-03
  0.2729723427188E-03
  0.2729723427188E-03
  0.2729723427188E-03
  0.2729723427188E-03
  0.2729723427188E-03
  0.2729723427188E-03
  0.2729723427188E-03
  0.2729723427188E-03
  0.2729723427188E-03
  0.2729723427188E-03
  0.2729723427188E-03
  0.2729723427188E-03
  0.2729723427188E-03
  0.2729723427188E-03
  0.2729723427188E-03
  0.2729723427188E-03
  0.2729723427188E-03
  0.2729723427188E-03
  0.2729723427188E-03
  0.2729723427188E-03
  0.2729723427188E-03
  0.2729723427188E-03
  0.2729723427188E-03
  0.2729723427188E-03
  0.2729723427188E-03
  0.2729723427188E-03
  0.2729723427188E-03
  0.2729723427188E-03
  0.2729723427188E-03
  0.2729723427188E-03
  0.2729723427188E-03
  0.2729723427188E-03
  0.2729723427188E-03
  0.2729723427188E-03
  0.2729723427188E-03
  0.2729723427188E-03
  0.2729723427188E-03
  0.2729723427188E-03
  0.2729723427188E-03
  0.2729723427188E-03
  0.2729723427188E-03
  0.2729723427188E-03
  0.2729723427188E-03
  0.2729723427188E-03
  0.2729723427188E-03
  0.2729723427188E-03
  0.2729723427188E-03
  0.2729723427188E-03
  0.2729723427188E-03
  0.2729723427188E-03
  0.2729723427188E-03
  0.2729723427188E-03
  0.2729723427188E-03
  0.2729723427188E-03
  0.2729723427188E-03
  0.2729723427188E-03
  0.2729723427188E-03
  0.2729723427188E-03
  0.2729723427188E-03
  0.2729723427188E-03
  0.2729723427188E-03
  0.2729723427188E-03
  0.2729723427188E-03
  0.2729723427188E-03
  0.2729723427188E-03
  0.2729723427188E-03
  0.2729723427188E-03
  0.2729723427188E-03
  0.2729723427188E-03
  0.2729723427188E-03
  0.2729723427188E-03
  0.2729723427188E-03
  0.2729723427188E-03
  0.2729723427188E-03
  0.2729723427188E-03
  0.2729723427188E-03
  0.2729723427188E-03
  0.2729723427188E-03
  0.2729723427188E-03
  0.2729723427188E-03
  0.2729723427188E-03
  0.2729723427188E-03
  0.2729723427188E-03
  0.2729723427188E-03
  0.2729723427188E-03
  0.2729723427188E-03
  0.2729723427188E-03
  0.2729723427188E-03
  0.2729723427188E-03
  0.2729723427188E-03
  0.2729723427188E-03
  0.2729723427188E-03
  0.2729723427188E-03
  0.2729723427188E-03
  0.2729723427188E-03
  0.2729723427188E-03
  0.2729723427188E-03
  0.2729723427188E-03
  0.2729723427188E-03
  0.2729723427188E-03
  0.2729723427188E-03
  0.2729723427188E-03
  0.2729723427188E-03
  0.2729723427188E-03
  0.2729723427188E-03
  0.2729723427188E-03
  0.2729723427188E-03
  0.2729723427188E-03
  0.2729723427188E-03
  0.2729723427188E-03
  0.2729723427188E-03
  0.2729723427188E-03
  0.2729723427188E-03
  0.2729723427188E-03
  0.2729723427188E-03
  0.2729723427188E-03
  0.2729723427188E-03
  0.2729723427188E-03
  0.2729723427188E-03
  0.2729723427188E-03
  0.2729723427188E-03
  0.2729723427188E-03
  0.2729723427188E-03
  0.2729723427188E-03
  0.2729723427188E-03
  0.2729723427188E-03
  0.2729723427188E-03
  0.2729723427188E-03
  0.2729723427188E-03
  0.2729723427188E-03
  0.2729723427188E-03
  0.2729723427188E-03
  0.2729723427188E-03
  0.2729723427188E-03
  0.2729723427188E-03
  0.2729723427188E-03
  0.2729723427188E-03
  0.2729723427188E-03
  0.2729723427188E-03
  0.2729723427188E-03
  0.2729723427188E-03
  0.2729723427188E-03
  0.2729723427188E-03
  0.2729723427188E-03
  0.2729723427188E-03
  0.2729723427188E-03
  0.2729723427188E-03
  0.2729723427188E-03
  0.2729723427188E-03
  0.2729723427188E-03
  0.2729723427188E-03
  0.2729723427188E-03
  0.2729723427188E-03
  0.2729723427188E-03
  0.2729723427188E-03
  0.2729723427188E-03
  0.2729723427188E-03
  0.2729723427188E-03
  0.2729723427188E-03
  0.2729723427188E-03
  0.2729723427188E-03
  0.2729723427188E-03
  0.2729723427188E-03
  0.2729723427188E-03
  0.2729723427188E-03
  0.2729723427188E-03
  0.2729723427188E-03
  0.2729723427188E-03
  0.2729723427188E-03
  0.2729723427188E-03
  0.2729723427188E-03
  0.2729723427188E-03
  0.2729723427188E-03
  0.2729723427188E-03
  0.2729723427188E-03
  0.2729723427188E-03
  0.2729723427188E-03
  0.2729723427188E-03
  0.2729723427188E-03
  0.2729723427188E-03
  0.2729723427188E-03
  0.2729723427188E-03
  0.2729723427188E-03
  0.2729723427188E-03
  0.2729723427188E-03
  0.2729723427188E-03
  0.2729723427188E-03
  0.2729723427188E-03
  0.2729723427188E-03
  0.2729723427188E-03
  0.2729723427188E-03
  0.2729723427188E-03
  0.2729723427188E-03
  0.2729723427188E-03
  0.2729723427188E-03
  0.2729723427188E-03
  0.2729723427188E-03
  0.2729723427188E-03
  0.2729723427188E-03
  0.2729723427188E-03
  0.2729723427188E-03
  0.2729723427188E-03
  0.2729723427188E-03
  0.2729723427188E-03
  0.2729723427188E-03
  0.2729723427188E-03
  0.2729723427188E-03
  0.2729723427188E-03
  0.2729723427188E-03
  0.2729723427188E-03
  0.2729723427188E-03
  0.2729723427188E-03
  0.2729723427188E-03
  0.2729723427188E-03
  0.2729723427188E-03
  0.2729723427188E-03
  0.2729723427188E-03
  0.2729723427188E-03
  0.2729723427188E-03
  0.2729723427188E-03
  0.2729723427188E-03
  0.2729723427188E-03
  0.2729723427188E-03
  0.2729723427188E-03
  0.2729723427188E-03
  0.2729723427188E-03
  0.2729723427188E-03
  0.2729723427188E-03
  0.2729723427188E-03
  0.2729723427188E-03
  0.2729723427188E-03
  0.2729723427188E-03
  0.2729723427188E-03
  0.2729723427188E-03
  0.2729723427188E-03
  0.2729723427188E-03
  0.2729723427188E-03
  0.2729723427188E-03
  0.2729723427188E-03
  0.2729723427188E-03
  0.2729723427188E-03
  0.2729723427188E-03
  0.2729723427188E-03
  0.2729723427188E-03
  0.2729723427188E-03
  0.2729723427188E-03
  0.2729723427188E-03
  0.2729723427188E-03
  0.2729723427188E-03
  0.2729723427188E-03
  0.2729723427188E-03
  0.2729723427188E-03
  0.2729723427188E-03
  0.2729723427188E-03
  0.2729723427188E-03
  0.2729723427188E-03
  0.2729723427188E-03
  0.2729723427188E-03
  0.2729723427188E-03
  0.2729723427188E-03
  0.2729723427188E-03
  0.2729723427188E-03
  0.2729723427188E-03
  0.2729723427188E-03
  0.2729723427188E-03
  0.2729723427188E-03
  0.2729723427188E-03
  0.2729723427188E-03
  0.2729723427188E-03
  0.2729723427188E-03
  0.2729723427188E-03
  0.2729723427188E-03
  0.2729723427188E-03
  0.2729723427188E-03
  0.2729723427188E-03
  0.2729723427188E-03
  0.2729723427188E-03
  0.2729723427188E-03
  0.2729723427188E-03
  0.2729723427188E-03
  0.2729723427188E-03
  0.2729723427188E-03
  0.2729723427188E-03
  0.2729723427188E-03
  0.2729723427188E-03
  0.2729723427188E-03
  0.2729723427188E-03
  0.2729723427188E-03
  0.2729723427188E-03
  0.2729723427188E-03
  0.2729723427188E-03
  0.2729723427188E-03
  0.2729723427188E-03
  0.2729723427188E-03
  0.2729723427188E-03
  0.2729723427188E-03
  0.2729723427188E-03
  0.2729723427188E-03
  0.2729723427188E-03
  0.2729723427188E-03
  0.2729723427188E-03
  0.2729723427188E-03
  0.2729723427188E-03
  0.2729723427188E-03
  0.2729723427188E-03
  0.2729723427188E-03
  0.2729723427188E-03
  0.2729723427188E-03
  0.2729723427188E-03
  0.2729723427188E-03
  0.2729723427188E-03
  0.2729723427188E-03
  0.2729723427188E-03
  0.2729723427188E-03
  0.2729723427188E-03
  0.2729723427188E-03
  0.2729723427188E-03
  0.2729723427188E-03
  0.2729723427188E-03
  0.2729723427188E-03
  0.2729723427188E-03
  0.2729723427188E-03
  0.2729723427188E-03
  0.2729723427188E-03
  0.2729723427188E-03
  0.2729723427188E-03
  0.2729723427188E-03
  0.2729723427188E-03
  0.2729723427188E-03
  0.2729723427188E-03
  0.2729723427188E-03
  0.2729723427188E-03
  0.2729723427188E-03
  0.2729723427188E-03
  0.2729723427188E-03
  0.2729723427188E-03
  0.2729723427188E-03
  0.2729723427188E-03
  0.2729723427188E-03
  0.2729723427188E-03
  0.2729723427188E-03
  0.2729723427188E-03
  0.2729723427188E-03
  0.2729723427188E-03
  0.2729723427188E-03
  0.2729723427188E-03
  0.2729723427188E-03
  0.2729723427188E-03
  0.2729723427188E-03
  0.2729723427188E-03
  0.2729723427188E-03
  0.2729723427188E-03
  0.2729723427188E-03
  0.2729723427188E-03
  0.2729723427188E-03
  0.2729723427188E-03
  0.2729723427188E-03
  0.2729723427188E-03
  0.2729723427188E-03
  0.2729723427188E-03
  0.2729723427188E-03
  0.2729723427188E-03
  0.2729723427188E-03
  0.2729723427188E-03
  0.2729723427188E-03
  0.2729723427188E-03
  0.2729723427188E-03
  0.2729723427188E-03
  0.0000000000000E+00
 -0.2981331188790E-06
 -0.3408601024060E-06
 -0.3627077584010E-06
 -0.3475626422655E-06
  0.0000000000000E+00
 -0.3863826565524E-06
 -0.3626871111247E-06
 -0.2833512771202E-06
 -0.3120390005383E-06
  0.0000000000000E+00
  0.0000000000000E+00
  0.0000000000000E+00
  0.0000000000000E+00
  0.0000000000000E+00
  0.0000000000000E+00
  0.0000000000000E+00
  0.0000000000000E+00
  0.0000000000000E+00
  0.0000000000000E+00
  0.0000000000000E+00
  0.0000000000000E+00
  0.0000000000000E+00
  0.0000000000000E+00
  0.0000000000000E+00
  0.0000000000000E+00
  0.0000000000000E+00
  0.0000000000000E+00
  0.0000000000000E+00
  0.0000000000000E+00
  0.0000000000000E+00
  0.0000000000000E+00
  0.0000000000000E+00
  0.0000000000000E+00
  0.0000000000000E+00
  0.0000000000000E+00
  0.0000000000000E+00
  0.0000000000000E+00
  0.0000000000000E+00
  0.0000000000000E+00
  0.0000000000000E+00
  0.0000000000000E+00
  0.0000000000000E+00
  0.0000000000000E+00
  0.0000000000000E+00
  0.0000000000000E+00
  0.0000000000000E+00
  0.0000000000000E+00
  0.0000000000000E+00
  0.0000000000000E+00
  0.0000000000000E+00
  0.0000000000000E+00
  0.0000000000000E+00
  0.0000000000000E+00
  0.0000000000000E+00
  0.0000000000000E+00
  0.0000000000000E+00
  0.0000000000000E+00
  0.0000000000000E+00
  0.0000000000000E+00
  0.0000000000000E+00
  0.0000000000000E+00
  0.0000000000000E+00
  0.0000000000000E+00
  0.0000000000000E+00
  0.0000000000000E+00
  0.0000000000000E+00
  0.0000000000000E+00
  0.0000000000000E+00
  0.0000000000000E+00
  0.0000000000000E+00
  0.0000000000000E+00
  0.0000000000000E+00
  0.0000000000000E+00
  0.0000000000000E+00
  0.0000000000000E+00
  0.0000000000000E+00
  0.0000000000000E+00
  0.0000000000000E+00
  0.0000000000000E+00
  0.0000000000000E+00
  0.0000000000000E+00
  0.0000000000000E+00
  0.0000000000000E+00
  0.0000000000000E+00
  0.0000000000000E+00
  0.0000000000000E+00
  0.0000000000000E+00
  0.0000000000000E+00
  0.0000000000000E+00
  0.0000000000000E+00
  0.0000000000000E+00
  0.0000000000000E+00
  0.0000000000000E+00
  0.0000000000000E+00
  0.0000000000000E+00
  0.0000000000000E+00
  0.0000000000000E+00
  0.0000000000000E+00
  0.0000000000000E+00
  0.0000000000000E+00
  0.0000000000000E+00
  0.0000000000000E+00
  0.0000000000000E+00
  0.0000000000000E+00
  0.0000000000000E+00
  0.0000000000000E+00
  0.0000000000000E+00
  0.0000000000000E+00
  0.0000000000000E+00
  0.0000000000000E+00
  0.0000000000000E+00
  0.0000000000000E+00
  0.0000000000000E+00
  0.0000000000000E+00
  0.0000000000000E+00
  0.0000000000000E+00
  0.0000000000000E+00
  0.0000000000000E+00
  0.0000000000000E+00
  0.0000000000000E+00
  0.0000000000000E+00
  0.0000000000000E+00
  0.0000000000000E+00
  0.0000000000000E+00
  0.0000000000000E+00
  0.0000000000000E+00
  0.0000000000000E+00
  0.0000000000000E+00
  0.0000000000000E+00
  0.0000000000000E+00
  0.0000000000000E+00
  0.0000000000000E+00
  0.0000000000000E+00
  0.0000000000000E+00
  0.0000000000000E+00
  0.0000000000000E+00
  0.0000000000000E+00
  0.0000000000000E+00
  0.0000000000000E+00
  0.0000000000000E+00
  0.0000000000000E+00
  0.0000000000000E+00
  0.0000000000000E+00
  0.0000000000000E+00
  0.0000000000000E+00
  0.0000000000000E+00
  0.0000000000000E+00
  0.0000000000000E+00
  0.0000000000000E+00
  0.0000000000000E+00
  0.0000000000000E+00
  0.0000000000000E+00
  0.0000000000000E+00
  0.0000000000000E+00
  0.0000000000000E+00
  0.0000000000000E+00
  0.0000000000000E+00
  0.0000000000000E+00
  0.0000000000000E+00
  0.0000000000000E+00
  0.0000000000000E+00
  0.0000000000000E+00
  0.0000000000000E+00
  0.0000000000000E+00
  0.0000000000000E+00
  0.0000000000000E+00
  0.0000000000000E+00
  0.0000000000000E+00
  0.0000000000000E+00
  0.0000000000000E+00
  0.0000000000000E+00
  0.0000000000000E+00
  0.0000000000000E+00
  0.0000000000000E+00
  0.0000000000000E+00
  0.0000000000000E+00
  0.0000000000000E+00
  0.0000000000000E+00
  0.0000000000000E+00
  0.0000000000000E+00
  0.0000000000000E+00
  0.0000000000000E+00
  0.0000000000000E+00
  0.0000000000000E+00
  0.0000000000000E+00
  0.0000000000000E+00
  0.0000000000000E+00
  0.0000000000000E+00
  0.0000000000000E+00
  0.0000000000000E+00
  0.0000000000000E+00
  0.0000000000000E+00
  0.0000000000000E+00
  0.0000000000000E+00
  0.0000000000000E+00
  0.0000000000000E+00
  0.0000000000000E+00
  0.0000000000000E+00
  0.0000000000000E+00
  0.0000000000000E+00
  0.0000000000000E+00
  0.0000000000000E+00
  0.0000000000000E+00
  0.0000000000000E+00
  0.0000000000000E+00
  0.0000000000000E+00
  0.0000000000000E+00
  0.0000000000000E+00
  0.0000000000000E+00
  0.0000000000000E+00
  0.0000000000000E+00
  0.0000000000000E+00
  0.0000000000000E+00
  0.0000000000000E+00
  0.0000000000000E+00
  0.0000000000000E+00
  0.0000000000000E+00
  0.0000000000000E+00
  0.0000000000000E+00
  0.0000000000000E+00
  0.0000000000000E+00
  0.0000000000000E+00
  0.0000000000000E+00
  0.0000000000000E+00
  0.0000000000000E+00
  0.0000000000000E+00
  0.0000000000000E+00
  0.0000000000000E+00
  0.0000000000000E+00
  0.0000000000000E+00
  0.0000000000000E+00
  0.0000000000000E+00
  0.0000000000000E+00
  0.0000000000000E+00
  0.0000000000000E+00
  0.0000000000000E+00
  0.0000000000000E+00
  0.0000000000000E+00
  0.0000000000000E+00
  0.0000000000000E+00
  0.0000000000000E+00
  0.0000000000000E+00
  0.0000000000000E+00
  0.0000000000000E+00
  0.0000000000000E+00
  0.0000000000000E+00
  0.0000000000000E+00
  0.0000000000000E+00
  0.0000000000000E+00
  0.0000000000000E+00
  0.0000000000000E+00
  0.0000000000000E+00
  0.0000000000000E+00
  0.0000000000000E+00
  0.0000000000000E+00
  0.0000000000000E+00
  0.0000000000000E+00
  0.0000000000000E+00
  0.0000000000000E+00
  0.0000000000000E+00
  0.0000000000000E+00
  0.0000000000000E+00
  0.0000000000000E+00
  0.0000000000000E+00
  0.0000000000000E+00
  0.0000000000000E+00
  0.0000000000000E+00
  0.0000000000000E+00
  0.0000000000000E+00
  0.0000000000000E+00
  0.0000000000000E+00
  0.0000000000000E+00
  0.0000000000000E+00
  0.0000000000000E+00
  0.0000000000000E+00
  0.0000000000000E+00
  0.0000000000000E+00
  0.0000000000000E+00
  0.0000000000000E+00
  0.0000000000000E+00
  0.0000000000000E+00
  0.0000000000000E+00
  0.0000000000000E+00
  0.0000000000000E+00
  0.0000000000000E+00
  0.0000000000000E+00
  0.0000000000000E+00
  0.0000000000000E+00
  0.0000000000000E+00
  0.0000000000000E+00
  0.0000000000000E+00
  0.0000000000000E+00
  0.0000000000000E+00
  0.0000000000000E+00
  0.0000000000000E+00
  0.0000000000000E+00
  0.0000000000000E+00
  0.0000000000000E+00
  0.0000000000000E+00
  0.0000000000000E+00
  0.0000000000000E+00
  0.0000000000000E+00
  0.0000000000000E+00
  0.0000000000000E+00
  0.0000000000000E+00
  0.0000000000000E+00
  0.0000000000000E+00
  0.0000000000000E+00
  0.0000000000000E+00
  0.0000000000000E+00
  0.0000000000000E+00
  0.0000000000000E+00
  0.0000000000000E+00
  0.0000000000000E+00
  0.0000000000000E+00
  0.0000000000000E+00
  0.0000000000000E+00
  0.0000000000000E+00
  0.0000000000000E+00
  0.0000000000000E+00
  0.0000000000000E+00
  0.0000000000000E+00
  0.0000000000000E+00
  0.0000000000000E+00
  0.0000000000000E+00
  0.0000000000000E+00
  0.0000000000000E+00
  0.0000000000000E+00
  0.0000000000000E+00
  0.0000000000000E+00
  0.0000000000000E+00
  0.0000000000000E+00
  0.0000000000000E+00
  0.0000000000000E+00
  0.0000000000000E+00
  0.0000000000000E+00
  0.0000000000000E+00
  0.0000000000000E+00
  0.0000000000000E+00
  0.0000000000000E+00
  0.0000000000000E+00
  0.0000000000000E+00
  0.0000000000000E+00
  0.0000000000000E+00
  0.0000000000000E+00
  0.0000000000000E+00
  0.0000000000000E+00
  0.0000000000000E+00
  0.0000000000000E+00
  0.0000000000000E+00
  0.0000000000000E+00
  0.0000000000000E+00
  0.0000000000000E+00
  0.0000000000000E+00
  0.0000000000000E+00
  0.0000000000000E+00
  0.0000000000000E+00
  0.0000000000000E+00
  0.0000000000000E+00
  0.0000000000000E+00
  0.0000000000000E+00
  0.0000000000000E+00
  0.0000000000000E+00
  0.0000000000000E+00
  0.0000000000000E+00
  0.0000000000000E+00
  0.0000000000000E+00
  0.0000000000000E+00
  0.0000000000000E+00
  0.0000000000000E+00
  0.0000000000000E+00
  0.0000000000000E+00
  0.0000000000000E+00
  0.0000000000000E+00
  0.0000000000000E+00
  0.0000000000000E+00
  0.0000000000000E+00
  0.0000000000000E+00
  0.0000000000000E+00
  0.0000000000000E+00
  0.0000000000000E+00
  0.0000000000000E+00
  0.0000000000000E+00
  0.0000000000000E+00
  0.0000000000000E+00
  0.0000000000000E+00
  0.0000000000000E+00
  0.0000000000000E+00
  0.0000000000000E+00
  0.0000000000000E+00
  0.0000000000000E+00
  0.0000000000000E+00
  0.0000000000000E+00
  0.0000000000000E+00
  0.0000000000000E+00
  0.0000000000000E+00
  0.0000000000000E+00
  0.0000000000000E+00
  0.0000000000000E+00
  0.0000000000000E+00
  0.0000000000000E+00
  0.0000000000000E+00
  0.0000000000000E+00
  0.0000000000000E+00
  0.0000000000000E+00
  0.0000000000000E+00
  0.0000000000000E+00
  0.0000000000000E+00
  0.0000000000000E+00
  0.0000000000000E+00
  0.0000000000000E+00
  0.0000000000000E+00
  0.0000000000000E+00
  0.0000000000000E+00
  0.0000000000000E+00
  0.0000000000000E+00
  0.0000000000000E+00
  0.0000000000000E+00
  0.0000000000000E+00
  0.0000000000000E+00
  0.0000000000000E+00
  0.0000000000000E+00
  0.0000000000000E+00
  0.0000000000000E+00
  0.0000000000000E+00
  0.0000000000000E+00
  0.0000000000000E+00
  0.0000000000000E+00
  0.0000000000000E+00
  0.0000000000000E+00
  0.0000000000000E+00
  0.0000000000000E+00
  0.0000000000000E+00
  0.0000000000000E+00
  0.0000000000000E+00
  0.0000000000000E+00
  0.0000000000000E+00
  0.0000000000000E+00
  0.0000000000000E+00
  0.0000000000000E+00
  0.0000000000000E+00
  0.0000000000000E+00
  0.0000000000000E+00
  0.0000000000000E+00
  0.0000000000000E+00
  0.0000000000000E+00
  0.0000000000000E+00
  0.0000000000000E+00
  0.0000000000000E+00
  0.0000000000000E+00
  0.0000000000000E+00
  0.0000000000000E+00
  0.0000000000000E+00
  0.0000000000000E+00
  0.0000000000000E+00
  0.0000000000000E+00
  0.0000000000000E+00
  0.0000000000000E+00
  0.0000000000000E+00
  0.0000000000000E+00
  0.0000000000000E+00
  0.0000000000000E+00
  0.0000000000000E+00
  0.0000000000000E+00
  0.0000000000000E+00
  0.0000000000000E+00
  0.0000000000000E+00
  0.0000000000000E+00
  0.0000000000000E+00
  0.0000000000000E+00
  0.0000000000000E+00
  0.0000000000000E+00
  0.0000000000000E+00
  0.0000000000000E+00
  0.0000000000000E+00
  0.0000000000000E+00
  0.0000000000000E+00
  0.0000000000000E+00
  0.0000000000000E+00
  0.0000000000000E+00
  0.0000000000000E+00
  0.0000000000000E+00
  0.0000000000000E+00
  0.0000000000000E+00
  0.0000000000000E+00
  0.0000000000000E+00
  0.0000000000000E+00
  0.0000000000000E+00
  0.0000000000000E+00
  0.0000000000000E+00
  0.0000000000000E+00
  0.0000000000000E+00
  0.0000000000000E+00
  0.0000000000000E+00
  0.0000000000000E+00
  0.0000000000000E+00
  0.0000000000000E+00
  0.0000000000000E+00
  0.0000000000000E+00
  0.0000000000000E+00
  0.0000000000000E+00
  0.0000000000000E+00
  0.0000000000000E+00
  0.0000000000000E+00
  0.0000000000000E+00
  0.0000000000000E+00
  0.0000000000000E+00
  0.0000000000000E+00
  0.0000000000000E+00
  0.0000000000000E+00
  0.0000000000000E+00
  0.0000000000000E+00
  0.0000000000000E+00
  0.0000000000000E+00
  0.0000000000000E+00
  0.0000000000000E+00
  0.0000000000000E+00
  0.0000000000000E+00
  0.0000000000000E+00
  0.0000000000000E+00
  0.0000000000000E+00
  0.0000000000000E+00
  0.0000000000000E+00
  0.0000000000000E+00
  0.0000000000000E+00
  0.0000000000000E+00
  0.0000000000000E+00
  0.0000000000000E+00
  0.0000000000000E+00
  0.0000000000000E+00
  0.0000000000000E+00
  0.0000000000000E+00
  0.0000000000000E+00
  0.0000000000000E+00
  0.0000000000000E+00
  0.0000000000000E+00
  0.0000000000000E+00
  0.0000000000000E+00
  0.0000000000000E+00
  0.0000000000000E+00
  0.0000000000000E+00
  0.0000000000000E+00
  0.0000000000000E+00
  0.0000000000000E+00
  0.0000000000000E+00
  0.0000000000000E+00
  0.0000000000000E+00
  0.0000000000000E+00
  0.0000000000000E+00
  0.0000000000000E+00
  0.0000000000000E+00
  0.0000000000000E+00
  0.0000000000000E+00
  0.0000000000000E+00
  0.0000000000000E+00
  0.0000000000000E+00
  0.0000000000000E+00
  0.0000000000000E+00
  0.0000000000000E+00
  0.0000000000000E+00
  0.0000000000000E+00
  0.0000000000000E+00
  0.0000000000000E+00
  0.0000000000000E+00
  0.0000000000000E+00
  0.0000000000000E+00
  0.0000000000000E+00
  0.0000000000000E+00
  0.0000000000000E+00
  0.0000000000000E+00
  0.0000000000000E+00
  0.0000000000000E+00
  0.0000000000000E+00
  0.0000000000000E+00
  0.0000000000000E+00
  0.0000000000000E+00
  0.0000000000000E+00
  0.0000000000000E+00
  0.0000000000000E+00
  0.0000000000000E+00
  0.0000000000000E+00
  0.0000000000000E+00
  0.0000000000000E+00
  0.0000000000000E+00
  0.0000000000000E+00
  0.0000000000000E+00
  0.0000000000000E+00
  0.0000000000000E+00
  0.0000000000000E+00
  0.0000000000000E+00
  0.0000000000000E+00
  0.0000000000000E+00
  0.0000000000000E+00
  0.0000000000000E+00
  0.0000000000000E+00
  0.0000000000000E+00
  0.0000000000000E+00
  0.0000000000000E+00
  0.0000000000000E+00
  0.0000000000000E+00
  0.0000000000000E+00
  0.0000000000000E+00
  0.0000000000000E+00
  0.0000000000000E+00
  0.0000000000000E+00
  0.0000000000000E+00
  0.0000000000000E+00
  0.0000000000000E+00
  0.0000000000000E+00
  0.0000000000000E+00
  0.0000000000000E+00
  0.0000000000000E+00
  0.0000000000000E+00
  0.0000000000000E+00
  0.0000000000000E+00
  0.0000000000000E+00
  0.0000000000000E+00
  0.0000000000000E+00
  0.0000000000000E+00
  0.0000000000000E+00
  0.0000000000000E+00
  0.0000000000000E+00
  0.0000000000000E+00
  0.0000000000000E+00
  0.0000000000000E+00
  0.0000000000000E+00
  0.0000000000000E+00
  0.0000000000000E+00
  0.0000000000000E+00
  0.0000000000000E+00
  0.0000000000000E+00
  0.0000000000000E+00
  0.0000000000000E+00
  0.0000000000000E+00
  0.0000000000000E+00
  0.0000000000000E+00
  0.0000000000000E+00
  0.0000000000000E+00
  0.0000000000000E+00
  0.0000000000000E+00
  0.0000000000000E+00
  0.0000000000000E+00
  0.0000000000000E+00
  0.0000000000000E+00
  0.0000000000000E+00
  0.0000000000000E+00
  0.0000000000000E+00
  0.0000000000000E+00
  0.0000000000000E+00
  0.0000000000000E+00
  0.0000000000000E+00
  0.0000000000000E+00
  0.0000000000000E+00
  0.0000000000000E+00
  0.0000000000000E+00
  0.0000000000000E+00
  0.0000000000000E+00
  0.0000000000000E+00
  0.0000000000000E+00
  0.0000000000000E+00
  0.0000000000000E+00
  0.0000000000000E+00
  0.0000000000000E+00
  0.0000000000000E+00
  0.0000000000000E+00
  0.0000000000000E+00
  0.0000000000000E+00
  0.0000000000000E+00
  0.0000000000000E+00
  0.0000000000000E+00
  0.0000000000000E+00
  0.0000000000000E+00
  0.0000000000000E+00
  0.0000000000000E+00
  0.0000000000000E+00
  0.0000000000000E+00
  0.0000000000000E+00
  0.0000000000000E+00
  0.0000000000000E+00
  0.0000000000000E+00
  0.0000000000000E+00
  0.0000000000000E+00
  0.0000000000000E+00
  0.0000000000000E+00
  0.0000000000000E+00
  0.0000000000000E+00
  0.0000000000000E+00
  0.0000000000000E+00
  0.0000000000000E+00
  0.0000000000000E+00
  0.0000000000000E+00
  0.0000000000000E+00
  0.0000000000000E+00
  0.0000000000000E+00
  0.0000000000000E+00
  0.0000000000000E+00
  0.0000000000000E+00
  0.0000000000000E+00
  0.0000000000000E+00
  0.0000000000000E+00
  0.0000000000000E+00
  0.0000000000000E+00
  0.0000000000000E+00
  0.0000000000000E+00
  0.0000000000000E+00
  0.0000000000000E+00
  0.0000000000000E+00
  0.0000000000000E+00
  0.0000000000000E+00
  0.0000000000000E+00
  0.0000000000000E+00
  0.0000000000000E+00
  0.0000000000000E+00
  0.0000000000000E+00
  0.0000000000000E+00
  0.0000000000000E+00
  0.0000000000000E+00
  0.0000000000000E+00
  0.0000000000000E+00
  0.0000000000000E+00
  0.0000000000000E+00
  0.0000000000000E+00
  0.0000000000000E+00
  0.0000000000000E+00
  0.0000000000000E+00
  0.0000000000000E+00
  0.0000000000000E+00
  0.0000000000000E+00
  0.0000000000000E+00
  0.0000000000000E+00
  0.0000000000000E+00
  0.0000000000000E+00
  0.0000000000000E+00
  0.0000000000000E+00
  0.0000000000000E+00
  0.0000000000000E+00
  0.0000000000000E+00
  0.0000000000000E+00
  0.0000000000000E+00
  0.0000000000000E+00
  0.0000000000000E+00
  0.0000000000000E+00
  0.0000000000000E+00
  0.0000000000000E+00
  0.0000000000000E+00
  0.0000000000000E+00
  0.0000000000000E+00
  0.0000000000000E+00
  0.0000000000000E+00
  0.0000000000000E+00
  0.0000000000000E+00
  0.0000000000000E+00
  0.0000000000000E+00
  0.0000000000000E+00
  0.0000000000000E+00
  0.0000000000000E+00
  0.0000000000000E+00
  0.0000000000000E+00
  0.0000000000000E+00
  0.0000000000000E+00
  0.0000000000000E+00
  0.0000000000000E+00
  0.0000000000000E+00
  0.0000000000000E+00
  0.0000000000000E+00
  0.0000000000000E+00
  0.0000000000000E+00
  0.0000000000000E+00
  0.0000000000000E+00
  0.0000000000000E+00
  0.0000000000000E+00
  0.0000000000000E+00
  0.0000000000000E+00
  0.0000000000000E+00
  0.0000000000000E+00
  0.0000000000000E+00
  0.0000000000000E+00
  0.0000000000000E+00
  0.0000000000000E+00
  0.0000000000000E+00
  0.0000000000000E+00
  0.0000000000000E+00
  0.0000000000000E+00
  0.0000000000000E+00
  0.0000000000000E+00
  0.0000000000000E+00
  0.0000000000000E+00
  0.0000000000000E+00
  0.0000000000000E+00
  0.0000000000000E+00
  0.0000000000000E+00
  0.0000000000000E+00
  0.0000000000000E+00
  0.0000000000000E+00
  0.0000000000000E+00
  0.0000000000000E+00
  0.0000000000000E+00
  0.0000000000000E+00
  0.0000000000000E+00
  0.0000000000000E+00
  0.0000000000000E+00
  0.0000000000000E+00
  0.0000000000000E+00
  0.0000000000000E+00
  0.0000000000000E+00
  0.0000000000000E+00
  0.0000000000000E+00
  0.0000000000000E+00
  0.0000000000000E+00
  0.0000000000000E+00
  0.0000000000000E+00
  0.0000000000000E+00
  0.0000000000000E+00
  0.0000000000000E+00
  0.0000000000000E+00
  0.0000000000000E+00
  0.0000000000000E+00
  0.0000000000000E+00
  0.0000000000000E+00
  0.0000000000000E+00
  0.0000000000000E+00
  0.0000000000000E+00
  0.0000000000000E+00
  0.0000000000000E+00
  0.0000000000000E+00
  0.0000000000000E+00
  0.0000000000000E+00
  0.0000000000000E+00
  0.0000000000000E+00
  0.0000000000000E+00
  0.0000000000000E+00
  0.0000000000000E+00
  0.0000000000000E+00
  0.0000000000000E+00
  0.0000000000000E+00
  0.0000000000000E+00
  0.0000000000000E+00
  0.0000000000000E+00
  0.0000000000000E+00
  0.0000000000000E+00
  0.0000000000000E+00
  0.0000000000000E+00
  0.0000000000000E+00
  0.0000000000000E+00
  0.0000000000000E+00
  0.0000000000000E+00
  0.0000000000000E+00
  0.0000000000000E+00
  0.0000000000000E+00
  0.0000000000000E+00
  0.0000000000000E+00
  0.0000000000000E+00
  0.0000000000000E+00
  0.0000000000000E+00
  0.0000000000000E+00
  0.0000000000000E+00
  0.0000000000000E+00
  0.0000000000000E+00
  0.0000000000000E+00
  0.0000000000000E+00
  0.0000000000000E+00
  0.0000000000000E+00
  0.0000000000000E+00
  0.0000000000000E+00
  0.0000000000000E+00
  0.0000000000000E+00
  0.0000000000000E+00
  0.0000000000000E+00
  0.0000000000000E+00
  0.0000000000000E+00
  0.0000000000000E+00
  0.0000000000000E+00
  0.0000000000000E+00
  0.0000000000000E+00
  0.0000000000000E+00
  0.0000000000000E+00
  0.0000000000000E+00
  0.0000000000000E+00
  0.0000000000000E+00
  0.0000000000000E+00
  0.0000000000000E+00
  0.0000000000000E+00
  0.0000000000000E+00
  0.0000000000000E+00
  0.0000000000000E+00
  0.0000000000000E+00
  0.0000000000000E+00
  0.0000000000000E+00
  0.0000000000000E+00
  0.0000000000000E+00
  0.0000000000000E+00
  0.0000000000000E+00
  0.0000000000000E+00
  0.0000000000000E+00
  0.0000000000000E+00
  0.0000000000000E+00
  0.0000000000000E+00
  0.0000000000000E+00
  0.0000000000000E+00
  0.0000000000000E+00
  0.0000000000000E+00
  0.0000000000000E+00
  0.0000000000000E+00
  0.0000000000000E+00
  0.0000000000000E+00
  0.0000000000000E+00
  0.0000000000000E+00
  0.0000000000000E+00
  0.0000000000000E+00
  0.0000000000000E+00
  0.0000000000000E+00
  0.0000000000000E+00
  0.0000000000000E+00
  0.0000000000000E+00
  0.0000000000000E+00
  0.0000000000000E+00
  0.0000000000000E+00
  0.0000000000000E+00
  0.0000000000000E+00
  0.0000000000000E+00
  0.0000000000000E+00
  0.0000000000000E+00
  0.0000000000000E+00
  0.0000000000000E+00
  0.0000000000000E+00
  0.0000000000000E+00
  0.0000000000000E+00
  0.0000000000000E+00
  0.0000000000000E+00
  0.0000000000000E+00
  0.0000000000000E+00
  0.0000000000000E+00
  0.0000000000000E+00
  0.0000000000000E+00
  0.0000000000000E+00
  0.0000000000000E+00
  0.0000000000000E+00
  0.0000000000000E+00
  0.0000000000000E+00
  0.0000000000000E+00
  0.0000000000000E+00
  0.0000000000000E+00
  0.0000000000000E+00
  0.0000000000000E+00
  0.0000000000000E+00
  0.0000000000000E+00
  0.0000000000000E+00
  0.0000000000000E+00
  0.0000000000000E+00
  0.0000000000000E+00
  0.0000000000000E+00
  0.0000000000000E+00
  0.0000000000000E+00
  0.0000000000000E+00
  0.0000000000000E+00
  0.0000000000000E+00
  0.0000000000000E+00
  0.0000000000000E+00
  0.0000000000000E+00
  0.0000000000000E+00
  0.0000000000000E+00
  0.0000000000000E+00
  0.0000000000000E+00
  0.0000000000000E+00
  0.0000000000000E+00
  0.0000000000000E+00
  0.0000000000000E+00
  0.0000000000000E+00
  0.0000000000000E+00
  0.0000000000000E+00
  0.0000000000000E+00
  0.0000000000000E+00
  0.0000000000000E+00
  0.0000000000000E+00
  0.0000000000000E+00
  0.0000000000000E+00
  0.0000000000000E+00
  0.0000000000000E+00
  0.0000000000000E+00
  0.0000000000000E+00
  0.0000000000000E+00
  0.0000000000000E+00
  0.0000000000000E+00
  0.0000000000000E+00
  0.0000000000000E+00
  0.0000000000000E+00
  0.0000000000000E+00
  0.0000000000000E+00
  0.0000000000000E+00
  0.0000000000000E+00
  0.0000000000000E+00
  0.0000000000000E+00
  0.0000000000000E+00
  0.0000000000000E+00
  0.0000000000000E+00
  0.0000000000000E+00
  0.0000000000000E+00
  0.0000000000000E+00
  0.0000000000000E+00
  0.0000000000000E+00
  0.0000000000000E+00
  0.0000000000000E+00
  0.0000000000000E+00
  0.0000000000000E+00
  0.0000000000000E+00
  0.0000000000000E+00
  0.0000000000000E+00
  0.0000000000000E+00
  0.0000000000000E+00
  0.0000000000000E+00
  0.0000000000000E+00
  0.0000000000000E+00
  0.0000000000000E+00
  0.0000000000000E+00
  0.0000000000000E+00
  0.0000000000000E+00
  0.0000000000000E+00
  0.0000000000000E+00
  0.0000000000000E+00
  0.0000000000000E+00
  0.0000000000000E+00
  0.0000000000000E+00
  0.0000000000000E+00
  0.0000000000000E+00
  0.0000000000000E+00
  0.0000000000000E+00
  0.0000000000000E+00
  0.0000000000000E+00
  0.0000000000000E+00
  0.0000000000000E+00
  0.0000000000000E+00
  0.0000000000000E+00
  0.0000000000000E+00
  0.0000000000000E+00
  0.0000000000000E+00
  0.0000000000000E+00
  0.0000000000000E+00
  0.0000000000000E+00
  0.0000000000000E+00
  0.0000000000000E+00
  0.0000000000000E+00
  0.0000000000000E+00
  0.0000000000000E+00
  0.0000000000000E+00
  0.0000000000000E+00
  0.0000000000000E+00
  0.0000000000000E+00
  0.0000000000000E+00
  0.0000000000000E+00
  0.0000000000000E+00
  0.0000000000000E+00
  0.0000000000000E+00
  0.0000000000000E+00
  0.0000000000000E+00
  0.0000000000000E+00
  0.0000000000000E+00
  0.0000000000000E+00
  0.0000000000000E+00
  0.0000000000000E+00
  0.0000000000000E+00
  0.0000000000000E+00
  0.0000000000000E+00
  0.0000000000000E+00
  0.0000000000000E+00
  0.0000000000000E+00
  0.0000000000000E+00
  0.0000000000000E+00
  0.0000000000000E+00
  0.0000000000000E+00
  0.0000000000000E+00
  0.0000000000000E+00
  0.0000000000000E+00
  0.0000000000000E+00
  0.0000000000000E+00
  0.0000000000000E+00
  0.0000000000000E+00
  0.0000000000000E+00
  0.0000000000000E+00
  0.0000000000000E+00
  0.0000000000000E+00
  0.0000000000000E+00
  0.0000000000000E+00
  0.0000000000000E+00
  0.0000000000000E+00
  0.0000000000000E+00
  0.0000000000000E+00
  0.0000000000000E+00
  0.0000000000000E+00
  0.0000000000000E+00
  0.0000000000000E+00
  0.0000000000000E+00
  0.0000000000000E+00
  0.0000000000000E+00
  0.0000000000000E+00
  0.0000000000000E+00
  0.0000000000000E+00
  0.0000000000000E+00
  0.0000000000000E+00
  0.0000000000000E+00
  0.0000000000000E+00
  0.0000000000000E+00
  0.0000000000000E+00
  0.0000000000000E+00
  0.0000000000000E+00
  0.0000000000000E+00
  0.0000000000000E+00
  0.0000000000000E+00
  0.0000000000000E+00
  0.0000000000000E+00
  0.0000000000000E+00
  0.0000000000000E+00
  0.0000000000000E+00
  0.0000000000000E+00
  0.0000000000000E+00
  0.0000000000000E+00
  0.0000000000000E+00
  0.0000000000000E+00
  0.0000000000000E+00
  0.0000000000000E+00
  0.0000000000000E+00
  0.0000000000000E+00
  0.0000000000000E+00
  0.0000000000000E+00
  0.0000000000000E+00
  0.0000000000000E+00
  0.0000000000000E+00
  0.0000000000000E+00
  0.0000000000000E+00
  0.0000000000000E+00
  0.0000000000000E+00
  0.0000000000000E+00
  0.0000000000000E+00
  0.0000000000000E+00
  0.0000000000000E+00
  0.0000000000000E+00
  0.0000000000000E+00
  0.0000000000000E+00
  0.0000000000000E+00
  0.0000000000000E+00
  0.0000000000000E+00
  0.0000000000000E+00
  0.0000000000000E+00
  0.0000000000000E+00
  0.0000000000000E+00
  0.0000000000000E+00
  0.0000000000000E+00
  0.0000000000000E+00
  0.0000000000000E+00
  0.0000000000000E+00
  0.0000000000000E+00
  0.0000000000000E+00
  0.0000000000000E+00
  0.0000000000000E+00
  0.0000000000000E+00
  0.0000000000000E+00
  0.0000000000000E+00
  0.0000000000000E+00
  0.0000000000000E+00
  0.0000000000000E+00
  0.0000000000000E+00
  0.0000000000000E+00
  0.0000000000000E+00
  0.0000000000000E+00
  0.0000000000000E+00
  0.0000000000000E+00
  0.0000000000000E+00
  0.0000000000000E+00
  0.0000000000000E+00
  0.0000000000000E+00
  0.0000000000000E+00
  0.0000000000000E+00
  0.0000000000000E+00
  0.0000000000000E+00
  0.0000000000000E+00
  0.0000000000000E+00
  0.0000000000000E+00
  0.0000000000000E+00
  0.0000000000000E+00
  0.0000000000000E+00
  0.0000000000000E+00
  0.0000000000000E+00
  0.0000000000000E+00
  0.0000000000000E+00
  0.0000000000000E+00
  0.0000000000000E+00
  0.0000000000000E+00
  0.0000000000000E+00
  0.0000000000000E+00
  0.0000000000000E+00
  0.0000000000000E+00
  0.0000000000000E+00
  0.0000000000000E+00
  0.0000000000000E+00
  0.0000000000000E+00
  0.0000000000000E+00
  0.0000000000000E+00
  0.0000000000000E+00
  0.0000000000000E+00
  0.0000000000000E+00
  0.0000000000000E+00
  0.0000000000000E+00
  0.0000000000000E+00
  0.0000000000000E+00
  0.0000000000000E+00
  0.0000000000000E+00
  0.0000000000000E+00
  0.0000000000000E+00
  0.0000000000000E+00
  0.0000000000000E+00
  0.0000000000000E+00
  0.0000000000000E+00
  0.0000000000000E+00
  0.0000000000000E+00
  0.0000000000000E+00
  0.0000000000000E+00
  0.0000000000000E+00
  0.0000000000000E+00
  0.0000000000000E+00
  0.0000000000000E+00
  0.0000000000000E+00
  0.0000000000000E+00
  0.0000000000000E+00
  0.0000000000000E+00
  0.0000000000000E+00
  0.0000000000000E+00
  0.0000000000000E+00
  0.0000000000000E+00
  0.0000000000000E+00
  0.0000000000000E+00
  0.0000000000000E+00
  0.0000000000000E+00
  0.0000000000000E+00
  0.0000000000000E+00
  0.0000000000000E+00
  0.0000000000000E+00
  0.0000000000000E+00
  0.0000000000000E+00
  0.0000000000000E+00
  0.0000000000000E+00
  0.0000000000000E+00
  0.0000000000000E+00
  0.0000000000000E+00
  0.0000000000000E+00
  0.0000000000000E+00
  0.0000000000000E+00
  0.0000000000000E+00
  0.0000000000000E+00
  0.0000000000000E+00
  0.0000000000000E+00
  0.0000000000000E+00
  0.0000000000000E+00
  0.0000000000000E+00
  0.0000000000000E+00
  0.0000000000000E+00
  0.0000000000000E+00
  0.0000000000000E+00
  0.0000000000000E+00
  0.0000000000000E+00
  0.0000000000000E+00
  0.3534133499572E-07
  0.3440661896133E-07
  0.3515287103331E-07
 -0.1020132709598E-07
 -0.9861699461089E-08
 -0.1113375665767E-07
 -0.1330351549160E-07
  0.2738765478453E-07
  0.2780871039394E-07
  0.3906629459020E-07
  0.2040606709951E-07
 -0.3347481486963E-07
  0.3656589082852E-07
  0.2377493421635E-07
  0.2146518983269E-07
  0.3024821451858E-07
  0.4842503762139E-07
 -0.3261174572273E-07
 -0.2004699324258E-07
 -0.8330830610531E-08
  0.4051753538306E-07
  0.3481494234356E-07
 -0.7930804497383E-07
 -0.7872253141721E-07
 -0.8003794483915E-07
 -0.8415102783004E-07
 -0.9456184869208E-07
 -0.1009304020277E-06
 -0.1025637297800E-06
 -0.1021525140847E-06
 -0.1000297624726E-06
 -0.9637148114212E-07
 -0.9467594720084E-07
 -0.9443192758157E-07
 -0.9509449595028E-07
  0.3779808480350E-07
  0.0000000000000E+00
 -0.4082281342767E-06
 -0.3219247942339E-06
 -0.2847161109336E-06
 -0.2918851463305E-06
  0.0000000000000E+00
 -0.2678114286594E-06
 -0.2817662676769E-06
 -0.3988978989644E-06
 -0.4069238209375E-06
  0.0000000000000E+00
  0.0000000000000E+00
  0.0000000000000E+00
  0.0000000000000E+00
  0.0000000000000E+00
  0.0000000000000E+00
  0.0000000000000E+00
  0.0000000000000E+00
  0.0000000000000E+00
  0.0000000000000E+00
  0.0000000000000E+00
  0.0000000000000E+00
  0.0000000000000E+00
  0.0000000000000E+00
  0.0000000000000E+00
  0.0000000000000E+00
  0.0000000000000E+00
  0.0000000000000E+00
  0.0000000000000E+00
  0.0000000000000E+00
  0.0000000000000E+00
  0.0000000000000E+00
  0.0000000000000E+00
  0.0000000000000E+00
  0.0000000000000E+00
  0.0000000000000E+00
  0.0000000000000E+00
  0.0000000000000E+00
  0.0000000000000E+00
  0.0000000000000E+00
  0.0000000000000E+00
  0.0000000000000E+00
  0.0000000000000E+00
  0.0000000000000E+00
  0.0000000000000E+00
  0.0000000000000E+00
  0.0000000000000E+00
  0.0000000000000E+00
  0.0000000000000E+00
  0.0000000000000E+00
  0.0000000000000E+00
  0.0000000000000E+00
  0.0000000000000E+00
  0.0000000000000E+00
  0.0000000000000E+00
  0.0000000000000E+00
  0.0000000000000E+00
  0.0000000000000E+00
  0.0000000000000E+00
  0.0000000000000E+00
  0.0000000000000E+00
  0.0000000000000E+00
  0.0000000000000E+00
  0.0000000000000E+00
  0.0000000000000E+00
  0.0000000000000E+00
  0.0000000000000E+00
  0.0000000000000E+00
  0.0000000000000E+00
  0.0000000000000E+00
  0.0000000000000E+00
  0.0000000000000E+00
  0.0000000000000E+00
  0.0000000000000E+00
  0.0000000000000E+00
  0.0000000000000E+00
  0.0000000000000E+00
  0.0000000000000E+00
  0.0000000000000E+00
  0.0000000000000E+00
  0.0000000000000E+00
  0.0000000000000E+00
  0.0000000000000E+00
  0.0000000000000E+00
  0.0000000000000E+00
  0.0000000000000E+00
  0.0000000000000E+00
  0.0000000000000E+00
  0.0000000000000E+00
  0.0000000000000E+00
  0.0000000000000E+00
  0.0000000000000E+00
  0.0000000000000E+00
  0.0000000000000E+00
  0.0000000000000E+00
  0.0000000000000E+00
  0.0000000000000E+00
  0.0000000000000E+00
  0.0000000000000E+00
  0.0000000000000E+00
  0.0000000000000E+00
  0.0000000000000E+00
  0.0000000000000E+00
  0.0000000000000E+00
  0.0000000000000E+00
  0.0000000000000E+00
  0.0000000000000E+00
  0.0000000000000E+00
  0.0000000000000E+00
  0.0000000000000E+00
  0.0000000000000E+00
  0.0000000000000E+00
  0.0000000000000E+00
  0.0000000000000E+00
  0.0000000000000E+00
  0.0000000000000E+00
  0.0000000000000E+00
  0.0000000000000E+00
  0.0000000000000E+00
  0.0000000000000E+00
  0.0000000000000E+00
  0.0000000000000E+00
  0.0000000000000E+00
  0.0000000000000E+00
  0.0000000000000E+00
  0.0000000000000E+00
  0.0000000000000E+00
  0.0000000000000E+00
  0.0000000000000E+00
  0.0000000000000E+00
  0.0000000000000E+00
  0.0000000000000E+00
  0.0000000000000E+00
  0.0000000000000E+00
  0.0000000000000E+00
  0.0000000000000E+00
  0.0000000000000E+00
  0.0000000000000E+00
  0.0000000000000E+00
  0.0000000000000E+00
  0.0000000000000E+00
  0.0000000000000E+00
  0.0000000000000E+00
  0.0000000000000E+00
  0.0000000000000E+00
  0.0000000000000E+00
  0.0000000000000E+00
  0.0000000000000E+00
  0.0000000000000E+00
  0.0000000000000E+00
  0.0000000000000E+00
  0.0000000000000E+00
  0.0000000000000E+00
  0.0000000000000E+00
  0.0000000000000E+00
  0.0000000000000E+00
  0.0000000000000E+00
  0.0000000000000E+00
  0.0000000000000E+00
  0.0000000000000E+00
  0.0000000000000E+00
  0.0000000000000E+00
  0.0000000000000E+00
  0.0000000000000E+00
  0.0000000000000E+00
  0.0000000000000E+00
  0.0000000000000E+00
  0.0000000000000E+00
  0.0000000000000E+00
  0.0000000000000E+00
  0.0000000000000E+00
  0.0000000000000E+00
  0.0000000000000E+00
  0.0000000000000E+00
  0.0000000000000E+00
  0.0000000000000E+00
  0.0000000000000E+00
  0.0000000000000E+00
  0.0000000000000E+00
  0.0000000000000E+00
  0.0000000000000E+00
  0.0000000000000E+00
  0.0000000000000E+00
  0.0000000000000E+00
  0.0000000000000E+00
  0.0000000000000E+00
  0.0000000000000E+00
  0.0000000000000E+00
  0.0000000000000E+00
  0.0000000000000E+00
  0.0000000000000E+00
  0.0000000000000E+00
  0.0000000000000E+00
  0.0000000000000E+00
  0.0000000000000E+00
  0.0000000000000E+00
  0.0000000000000E+00
  0.0000000000000E+00
  0.0000000000000E+00
  0.0000000000000E+00
  0.0000000000000E+00
  0.0000000000000E+00
  0.0000000000000E+00
  0.0000000000000E+00
  0.0000000000000E+00
  0.0000000000000E+00
  0.0000000000000E+00
  0.0000000000000E+00
  0.0000000000000E+00
  0.0000000000000E+00
  0.0000000000000E+00
  0.0000000000000E+00
  0.0000000000000E+00
  0.0000000000000E+00
  0.0000000000000E+00
  0.0000000000000E+00
  0.0000000000000E+00
  0.0000000000000E+00
  0.0000000000000E+00
  0.0000000000000E+00
  0.0000000000000E+00
  0.0000000000000E+00
  0.0000000000000E+00
  0.0000000000000E+00
  0.0000000000000E+00
  0.0000000000000E+00
  0.0000000000000E+00
  0.0000000000000E+00
  0.0000000000000E+00
  0.0000000000000E+00
  0.0000000000000E+00
  0.0000000000000E+00
  0.0000000000000E+00
  0.0000000000000E+00
  0.0000000000000E+00
  0.0000000000000E+00
  0.0000000000000E+00
  0.0000000000000E+00
  0.0000000000000E+00
  0.0000000000000E+00
  0.0000000000000E+00
  0.0000000000000E+00
  0.0000000000000E+00
  0.0000000000000E+00
  0.0000000000000E+00
  0.0000000000000E+00
  0.0000000000000E+00
  0.0000000000000E+00
  0.0000000000000E+00
  0.0000000000000E+00
  0.0000000000000E+00
  0.0000000000000E+00
  0.0000000000000E+00
  0.0000000000000E+00
  0.0000000000000E+00
  0.0000000000000E+00
  0.0000000000000E+00
  0.0000000000000E+00
  0.0000000000000E+00
  0.0000000000000E+00
  0.0000000000000E+00
  0.0000000000000E+00
  0.0000000000000E+00
  0.0000000000000E+00
  0.0000000000000E+00
  0.0000000000000E+00
  0.0000000000000E+00
  0.0000000000000E+00
  0.0000000000000E+00
  0.0000000000000E+00
  0.0000000000000E+00
  0.0000000000000E+00
  0.0000000000000E+00
  0.0000000000000E+00
  0.0000000000000E+00
  0.0000000000000E+00
  0.0000000000000E+00
  0.0000000000000E+00
  0.0000000000000E+00
  0.0000000000000E+00
  0.0000000000000E+00
  0.0000000000000E+00
  0.0000000000000E+00
  0.0000000000000E+00
  0.0000000000000E+00
  0.0000000000000E+00
  0.0000000000000E+00
  0.0000000000000E+00
  0.0000000000000E+00
  0.0000000000000E+00
  0.0000000000000E+00
  0.0000000000000E+00
  0.0000000000000E+00
  0.0000000000000E+00
  0.0000000000000E+00
  0.0000000000000E+00
  0.0000000000000E+00
  0.0000000000000E+00
  0.0000000000000E+00
  0.0000000000000E+00
  0.0000000000000E+00
  0.0000000000000E+00
  0.0000000000000E+00
  0.0000000000000E+00
  0.0000000000000E+00
  0.0000000000000E+00
  0.0000000000000E+00
  0.0000000000000E+00
  0.0000000000000E+00
  0.0000000000000E+00
  0.0000000000000E+00
  0.0000000000000E+00
  0.0000000000000E+00
  0.0000000000000E+00
  0.0000000000000E+00
  0.0000000000000E+00
  0.0000000000000E+00
  0.0000000000000E+00
  0.0000000000000E+00
  0.0000000000000E+00
  0.0000000000000E+00
  0.0000000000000E+00
  0.0000000000000E+00
  0.0000000000000E+00
  0.0000000000000E+00
  0.0000000000000E+00
  0.0000000000000E+00
  0.0000000000000E+00
  0.0000000000000E+00
  0.0000000000000E+00
  0.0000000000000E+00
  0.0000000000000E+00
  0.0000000000000E+00
  0.0000000000000E+00
  0.0000000000000E+00
  0.0000000000000E+00
  0.0000000000000E+00
  0.0000000000000E+00
  0.0000000000000E+00
  0.0000000000000E+00
  0.0000000000000E+00
  0.0000000000000E+00
  0.0000000000000E+00
  0.0000000000000E+00
  0.0000000000000E+00
  0.0000000000000E+00
  0.0000000000000E+00
  0.0000000000000E+00
  0.0000000000000E+00
  0.0000000000000E+00
  0.0000000000000E+00
  0.0000000000000E+00
  0.0000000000000E+00
  0.0000000000000E+00
  0.0000000000000E+00
  0.0000000000000E+00
  0.0000000000000E+00
  0.0000000000000E+00
  0.0000000000000E+00
  0.0000000000000E+00
  0.0000000000000E+00
  0.0000000000000E+00
  0.0000000000000E+00
  0.0000000000000E+00
  0.0000000000000E+00
  0.0000000000000E+00
  0.0000000000000E+00
  0.0000000000000E+00
  0.0000000000000E+00
  0.0000000000000E+00
  0.0000000000000E+00
  0.0000000000000E+00
  0.0000000000000E+00
  0.0000000000000E+00
  0.0000000000000E+00
  0.0000000000000E+00
  0.0000000000000E+00
  0.0000000000000E+00
  0.0000000000000E+00
  0.0000000000000E+00
  0.0000000000000E+00
  0.0000000000000E+00
  0.0000000000000E+00
  0.0000000000000E+00
  0.0000000000000E+00
  0.0000000000000E+00
  0.0000000000000E+00
  0.0000000000000E+00
  0.0000000000000E+00
  0.0000000000000E+00
  0.0000000000000E+00
  0.0000000000000E+00
  0.0000000000000E+00
  0.0000000000000E+00
  0.0000000000000E+00
  0.0000000000000E+00
  0.0000000000000E+00
  0.0000000000000E+00
  0.0000000000000E+00
  0.0000000000000E+00
  0.0000000000000E+00
  0.0000000000000E+00
  0.0000000000000E+00
  0.0000000000000E+00
  0.0000000000000E+00
  0.0000000000000E+00
  0.0000000000000E+00
  0.0000000000000E+00
  0.0000000000000E+00
  0.0000000000000E+00
  0.0000000000000E+00
  0.0000000000000E+00
  0.0000000000000E+00
  0.0000000000000E+00
  0.0000000000000E+00
  0.0000000000000E+00
  0.0000000000000E+00
  0.0000000000000E+00
  0.0000000000000E+00
  0.0000000000000E+00
  0.0000000000000E+00
  0.0000000000000E+00
  0.0000000000000E+00
  0.0000000000000E+00
  0.0000000000000E+00
  0.0000000000000E+00
  0.0000000000000E+00
  0.0000000000000E+00
  0.0000000000000E+00
  0.0000000000000E+00
  0.0000000000000E+00
  0.0000000000000E+00
  0.0000000000000E+00
  0.0000000000000E+00
  0.0000000000000E+00
  0.0000000000000E+00
  0.0000000000000E+00
  0.0000000000000E+00
  0.0000000000000E+00
  0.0000000000000E+00
  0.0000000000000E+00
  0.0000000000000E+00
  0.0000000000000E+00
  0.0000000000000E+00
  0.0000000000000E+00
  0.0000000000000E+00
  0.0000000000000E+00
  0.0000000000000E+00
  0.0000000000000E+00
  0.0000000000000E+00
  0.0000000000000E+00
  0.0000000000000E+00
  0.0000000000000E+00
  0.0000000000000E+00
  0.0000000000000E+00
  0.0000000000000E+00
  0.0000000000000E+00
  0.0000000000000E+00
  0.0000000000000E+00
  0.0000000000000E+00
  0.0000000000000E+00
  0.0000000000000E+00
  0.0000000000000E+00
  0.0000000000000E+00
  0.0000000000000E+00
  0.0000000000000E+00
  0.0000000000000E+00
  0.0000000000000E+00
  0.0000000000000E+00
  0.0000000000000E+00
  0.0000000000000E+00
  0.0000000000000E+00
  0.0000000000000E+00
  0.0000000000000E+00
  0.0000000000000E+00
  0.0000000000000E+00
  0.0000000000000E+00
  0.0000000000000E+00
  0.0000000000000E+00
  0.0000000000000E+00
  0.0000000000000E+00
  0.0000000000000E+00
  0.0000000000000E+00
  0.0000000000000E+00
  0.0000000000000E+00
  0.0000000000000E+00
  0.0000000000000E+00
  0.0000000000000E+00
  0.0000000000000E+00
  0.0000000000000E+00
  0.0000000000000E+00
  0.0000000000000E+00
  0.0000000000000E+00
  0.0000000000000E+00
  0.0000000000000E+00
  0.0000000000000E+00
  0.0000000000000E+00
  0.0000000000000E+00
  0.0000000000000E+00
  0.0000000000000E+00
  0.0000000000000E+00
  0.0000000000000E+00
  0.0000000000000E+00
  0.0000000000000E+00
  0.0000000000000E+00
  0.0000000000000E+00
  0.0000000000000E+00
  0.0000000000000E+00
  0.0000000000000E+00
  0.0000000000000E+00
  0.0000000000000E+00
  0.0000000000000E+00
  0.0000000000000E+00
  0.0000000000000E+00
  0.0000000000000E+00
  0.0000000000000E+00
  0.0000000000000E+00
  0.0000000000000E+00
  0.0000000000000E+00
  0.0000000000000E+00
  0.0000000000000E+00
  0.0000000000000E+00
  0.0000000000000E+00
  0.0000000000000E+00
  0.0000000000000E+00
  0.0000000000000E+00
  0.0000000000000E+00
  0.0000000000000E+00
  0.0000000000000E+00
  0.0000000000000E+00
  0.0000000000000E+00
  0.0000000000000E+00
  0.0000000000000E+00
  0.0000000000000E+00
  0.0000000000000E+00
  0.0000000000000E+00
  0.0000000000000E+00
  0.0000000000000E+00
  0.0000000000000E+00
  0.0000000000000E+00
  0.0000000000000E+00
  0.0000000000000E+00
  0.0000000000000E+00
  0.0000000000000E+00
  0.0000000000000E+00
  0.0000000000000E+00
  0.0000000000000E+00
  0.0000000000000E+00
  0.0000000000000E+00
  0.0000000000000E+00
  0.0000000000000E+00
  0.0000000000000E+00
  0.0000000000000E+00
  0.0000000000000E+00
  0.0000000000000E+00
  0.0000000000000E+00
  0.0000000000000E+00
  0.0000000000000E+00
  0.0000000000000E+00
  0.0000000000000E+00
  0.0000000000000E+00
  0.0000000000000E+00
  0.0000000000000E+00
  0.0000000000000E+00
  0.0000000000000E+00
  0.0000000000000E+00
  0.0000000000000E+00
  0.0000000000000E+00
  0.0000000000000E+00
  0.0000000000000E+00
  0.0000000000000E+00
  0.0000000000000E+00
  0.0000000000000E+00
  0.0000000000000E+00
  0.0000000000000E+00
  0.0000000000000E+00
  0.0000000000000E+00
  0.0000000000000E+00
  0.0000000000000E+00
  0.0000000000000E+00
  0.0000000000000E+00
  0.0000000000000E+00
  0.0000000000000E+00
  0.0000000000000E+00
  0.0000000000000E+00
  0.0000000000000E+00
  0.0000000000000E+00
  0.0000000000000E+00
  0.0000000000000E+00
  0.0000000000000E+00
  0.0000000000000E+00
  0.0000000000000E+00
  0.0000000000000E+00
  0.0000000000000E+00
  0.0000000000000E+00
  0.0000000000000E+00
  0.0000000000000E+00
  0.0000000000000E+00
  0.0000000000000E+00
  0.0000000000000E+00
  0.0000000000000E+00
  0.0000000000000E+00
  0.0000000000000E+00
  0.0000000000000E+00
  0.0000000000000E+00
  0.0000000000000E+00
  0.0000000000000E+00
  0.0000000000000E+00
  0.0000000000000E+00
  0.0000000000000E+00
  0.0000000000000E+00
  0.0000000000000E+00
  0.0000000000000E+00
  0.0000000000000E+00
  0.0000000000000E+00
  0.0000000000000E+00
  0.0000000000000E+00
  0.0000000000000E+00
  0.0000000000000E+00
  0.0000000000000E+00
  0.0000000000000E+00
  0.0000000000000E+00
  0.0000000000000E+00
  0.0000000000000E+00
  0.0000000000000E+00
  0.0000000000000E+00
  0.0000000000000E+00
  0.0000000000000E+00
  0.0000000000000E+00
  0.0000000000000E+00
  0.0000000000000E+00
  0.0000000000000E+00
  0.0000000000000E+00
  0.0000000000000E+00
  0.0000000000000E+00
  0.0000000000000E+00
  0.0000000000000E+00
  0.0000000000000E+00
  0.0000000000000E+00
  0.0000000000000E+00
  0.0000000000000E+00
  0.0000000000000E+00
  0.0000000000000E+00
  0.0000000000000E+00
  0.0000000000000E+00
  0.0000000000000E+00
  0.0000000000000E+00
  0.0000000000000E+00
  0.0000000000000E+00
  0.0000000000000E+00
  0.0000000000000E+00
  0.0000000000000E+00
  0.0000000000000E+00
  0.0000000000000E+00
  0.0000000000000E+00
  0.0000000000000E+00
  0.0000000000000E+00
  0.0000000000000E+00
  0.0000000000000E+00
  0.0000000000000E+00
  0.0000000000000E+00
  0.0000000000000E+00
  0.0000000000000E+00
  0.0000000000000E+00
  0.0000000000000E+00
  0.0000000000000E+00
  0.0000000000000E+00
  0.0000000000000E+00
  0.0000000000000E+00
  0.0000000000000E+00
  0.0000000000000E+00
  0.0000000000000E+00
  0.0000000000000E+00
  0.0000000000000E+00
  0.0000000000000E+00
  0.0000000000000E+00
  0.0000000000000E+00
  0.0000000000000E+00
  0.0000000000000E+00
  0.0000000000000E+00
  0.0000000000000E+00
  0.0000000000000E+00
  0.0000000000000E+00
  0.0000000000000E+00
  0.0000000000000E+00
  0.0000000000000E+00
  0.0000000000000E+00
  0.0000000000000E+00
  0.0000000000000E+00
  0.0000000000000E+00
  0.0000000000000E+00
  0.0000000000000E+00
  0.0000000000000E+00
  0.0000000000000E+00
  0.0000000000000E+00
  0.0000000000000E+00
  0.0000000000000E+00
  0.0000000000000E+00
  0.0000000000000E+00
  0.0000000000000E+00
  0.0000000000000E+00
  0.0000000000000E+00
  0.0000000000000E+00
  0.0000000000000E+00
  0.0000000000000E+00
  0.0000000000000E+00
  0.0000000000000E+00
  0.0000000000000E+00
  0.0000000000000E+00
  0.0000000000000E+00
  0.0000000000000E+00
  0.0000000000000E+00
  0.0000000000000E+00
  0.0000000000000E+00
  0.0000000000000E+00
  0.0000000000000E+00
  0.0000000000000E+00
  0.0000000000000E+00
  0.0000000000000E+00
  0.0000000000000E+00
  0.0000000000000E+00
  0.0000000000000E+00
  0.0000000000000E+00
  0.0000000000000E+00
  0.0000000000000E+00
  0.0000000000000E+00
  0.0000000000000E+00
  0.0000000000000E+00
  0.0000000000000E+00
  0.0000000000000E+00
  0.0000000000000E+00
  0.0000000000000E+00
  0.0000000000000E+00
  0.0000000000000E+00
  0.0000000000000E+00
  0.0000000000000E+00
  0.0000000000000E+00
  0.0000000000000E+00
  0.0000000000000E+00
  0.0000000000000E+00
  0.0000000000000E+00
  0.0000000000000E+00
  0.0000000000000E+00
  0.0000000000000E+00
  0.0000000000000E+00
  0.0000000000000E+00
  0.0000000000000E+00
  0.0000000000000E+00
  0.0000000000000E+00
  0.0000000000000E+00
  0.0000000000000E+00
  0.0000000000000E+00
  0.0000000000000E+00
  0.0000000000000E+00
  0.0000000000000E+00
  0.0000000000000E+00
  0.0000000000000E+00
  0.0000000000000E+00
  0.0000000000000E+00
  0.0000000000000E+00
  0.0000000000000E+00
  0.0000000000000E+00
  0.0000000000000E+00
  0.0000000000000E+00
  0.0000000000000E+00
  0.0000000000000E+00
  0.0000000000000E+00
  0.0000000000000E+00
  0.0000000000000E+00
  0.0000000000000E+00
  0.0000000000000E+00
  0.0000000000000E+00
  0.0000000000000E+00
  0.0000000000000E+00
  0.0000000000000E+00
  0.0000000000000E+00
  0.0000000000000E+00
  0.0000000000000E+00
  0.0000000000000E+00
  0.0000000000000E+00
  0.0000000000000E+00
  0.0000000000000E+00
  0.0000000000000E+00
  0.0000000000000E+00
  0.0000000000000E+00
  0.0000000000000E+00
  0.0000000000000E+00
  0.0000000000000E+00
  0.0000000000000E+00
  0.0000000000000E+00
  0.0000000000000E+00
  0.0000000000000E+00
  0.0000000000000E+00
  0.0000000000000E+00
  0.0000000000000E+00
  0.0000000000000E+00
  0.0000000000000E+00
  0.0000000000000E+00
  0.0000000000000E+00
  0.0000000000000E+00
  0.0000000000000E+00
  0.0000000000000E+00
  0.0000000000000E+00
  0.0000000000000E+00
  0.0000000000000E+00
  0.0000000000000E+00
  0.0000000000000E+00
  0.0000000000000E+00
  0.0000000000000E+00
  0.0000000000000E+00
  0.0000000000000E+00
  0.0000000000000E+00
  0.0000000000000E+00
  0.0000000000000E+00
  0.0000000000000E+00
  0.0000000000000E+00
  0.0000000000000E+00
  0.0000000000000E+00
  0.0000000000000E+00
  0.0000000000000E+00
  0.0000000000000E+00
  0.0000000000000E+00
  0.0000000000000E+00
  0.0000000000000E+00
  0.0000000000000E+00
  0.0000000000000E+00
  0.0000000000000E+00
  0.0000000000000E+00
  0.0000000000000E+00
  0.0000000000000E+00
  0.0000000000000E+00
  0.0000000000000E+00
  0.0000000000000E+00
  0.0000000000000E+00
  0.0000000000000E+00
  0.0000000000000E+00
  0.0000000000000E+00
  0.0000000000000E+00
  0.0000000000000E+00
  0.0000000000000E+00
  0.0000000000000E+00
  0.0000000000000E+00
  0.0000000000000E+00
  0.0000000000000E+00
  0.0000000000000E+00
  0.0000000000000E+00
  0.0000000000000E+00
  0.0000000000000E+00
  0.0000000000000E+00
  0.0000000000000E+00
  0.0000000000000E+00
  0.0000000000000E+00
  0.0000000000000E+00
  0.0000000000000E+00
  0.0000000000000E+00
  0.0000000000000E+00
  0.0000000000000E+00
  0.0000000000000E+00
  0.0000000000000E+00
  0.0000000000000E+00
  0.0000000000000E+00
  0.0000000000000E+00
  0.0000000000000E+00
  0.0000000000000E+00
  0.0000000000000E+00
  0.0000000000000E+00
  0.0000000000000E+00
  0.0000000000000E+00
  0.0000000000000E+00
  0.0000000000000E+00
  0.0000000000000E+00
  0.0000000000000E+00
  0.0000000000000E+00
  0.0000000000000E+00
  0.0000000000000E+00
  0.0000000000000E+00
  0.0000000000000E+00
  0.0000000000000E+00
  0.0000000000000E+00
  0.0000000000000E+00
  0.0000000000000E+00
  0.0000000000000E+00
  0.0000000000000E+00
  0.0000000000000E+00
  0.0000000000000E+00
  0.0000000000000E+00
  0.0000000000000E+00
  0.0000000000000E+00
  0.0000000000000E+00
  0.0000000000000E+00
  0.0000000000000E+00
  0.0000000000000E+00
  0.0000000000000E+00
  0.0000000000000E+00
  0.0000000000000E+00
  0.0000000000000E+00
  0.0000000000000E+00
  0.0000000000000E+00
  0.0000000000000E+00
  0.0000000000000E+00
  0.0000000000000E+00
  0.0000000000000E+00
  0.0000000000000E+00
  0.0000000000000E+00
  0.0000000000000E+00
  0.0000000000000E+00
  0.0000000000000E+00
  0.0000000000000E+00
  0.0000000000000E+00
  0.0000000000000E+00
  0.0000000000000E+00
  0.0000000000000E+00
  0.0000000000000E+00
  0.0000000000000E+00
  0.0000000000000E+00
  0.0000000000000E+00
  0.0000000000000E+00
  0.0000000000000E+00
  0.0000000000000E+00
  0.0000000000000E+00
  0.0000000000000E+00
  0.0000000000000E+00
  0.0000000000000E+00
  0.0000000000000E+00
  0.0000000000000E+00
  0.0000000000000E+00
  0.0000000000000E+00
  0.0000000000000E+00
  0.0000000000000E+00
  0.0000000000000E+00
  0.0000000000000E+00
  0.0000000000000E+00
  0.0000000000000E+00
  0.0000000000000E+00
  0.0000000000000E+00
  0.0000000000000E+00
  0.0000000000000E+00
  0.0000000000000E+00
  0.0000000000000E+00
  0.0000000000000E+00
  0.0000000000000E+00
  0.0000000000000E+00
  0.0000000000000E+00
  0.0000000000000E+00
  0.0000000000000E+00
  0.0000000000000E+00
  0.0000000000000E+00
  0.0000000000000E+00
  0.0000000000000E+00
  0.0000000000000E+00
  0.0000000000000E+00
  0.0000000000000E+00
  0.0000000000000E+00
  0.0000000000000E+00
  0.0000000000000E+00
  0.0000000000000E+00
  0.0000000000000E+00
  0.0000000000000E+00
  0.0000000000000E+00
  0.0000000000000E+00
  0.0000000000000E+00
  0.0000000000000E+00
  0.0000000000000E+00
  0.0000000000000E+00
  0.0000000000000E+00
  0.0000000000000E+00
  0.0000000000000E+00
  0.0000000000000E+00
  0.0000000000000E+00
  0.0000000000000E+00
  0.0000000000000E+00
  0.0000000000000E+00
  0.0000000000000E+00
  0.0000000000000E+00
  0.0000000000000E+00
  0.0000000000000E+00
  0.0000000000000E+00
  0.0000000000000E+00
  0.0000000000000E+00
  0.0000000000000E+00
  0.0000000000000E+00
  0.0000000000000E+00
  0.0000000000000E+00
  0.0000000000000E+00
  0.0000000000000E+00
  0.0000000000000E+00
  0.0000000000000E+00
  0.0000000000000E+00
  0.0000000000000E+00
  0.0000000000000E+00
  0.0000000000000E+00
  0.0000000000000E+00
  0.0000000000000E+00
  0.0000000000000E+00
  0.0000000000000E+00
  0.0000000000000E+00
  0.0000000000000E+00
  0.0000000000000E+00
  0.0000000000000E+00
  0.0000000000000E+00
  0.0000000000000E+00
  0.0000000000000E+00
  0.0000000000000E+00
  0.0000000000000E+00
  0.0000000000000E+00
  0.0000000000000E+00
  0.0000000000000E+00
  0.0000000000000E+00
  0.0000000000000E+00
  0.0000000000000E+00
  0.0000000000000E+00
  0.0000000000000E+00
  0.0000000000000E+00
  0.0000000000000E+00
  0.0000000000000E+00
  0.0000000000000E+00
  0.0000000000000E+00
  0.0000000000000E+00
  0.0000000000000E+00
  0.0000000000000E+00
  0.0000000000000E+00
  0.0000000000000E+00
  0.0000000000000E+00
  0.0000000000000E+00
  0.0000000000000E+00
  0.0000000000000E+00
  0.0000000000000E+00
  0.0000000000000E+00
  0.0000000000000E+00
  0.0000000000000E+00
  0.0000000000000E+00
  0.0000000000000E+00
  0.0000000000000E+00
  0.0000000000000E+00
  0.0000000000000E+00
  0.0000000000000E+00
  0.0000000000000E+00
  0.0000000000000E+00
  0.0000000000000E+00
  0.0000000000000E+00
  0.0000000000000E+00
  0.0000000000000E+00
  0.0000000000000E+00
  0.0000000000000E+00
  0.0000000000000E+00
  0.0000000000000E+00
  0.0000000000000E+00
  0.0000000000000E+00
  0.0000000000000E+00
  0.0000000000000E+00
  0.0000000000000E+00
  0.0000000000000E+00
  0.0000000000000E+00
  0.0000000000000E+00
  0.0000000000000E+00
  0.0000000000000E+00
  0.0000000000000E+00
  0.0000000000000E+00
  0.0000000000000E+00
  0.0000000000000E+00
  0.0000000000000E+00
  0.0000000000000E+00
  0.0000000000000E+00
  0.0000000000000E+00
  0.0000000000000E+00
  0.0000000000000E+00
  0.0000000000000E+00
  0.0000000000000E+00
  0.0000000000000E+00
  0.0000000000000E+00
  0.0000000000000E+00
  0.0000000000000E+00
  0.0000000000000E+00
  0.0000000000000E+00
  0.0000000000000E+00
  0.0000000000000E+00
  0.0000000000000E+00
  0.0000000000000E+00
  0.0000000000000E+00
  0.0000000000000E+00
  0.0000000000000E+00
  0.0000000000000E+00
  0.0000000000000E+00
  0.0000000000000E+00
  0.0000000000000E+00
  0.0000000000000E+00
  0.0000000000000E+00
  0.0000000000000E+00
  0.0000000000000E+00
  0.0000000000000E+00
  0.0000000000000E+00
  0.0000000000000E+00
  0.0000000000000E+00
  0.0000000000000E+00
  0.0000000000000E+00
  0.0000000000000E+00
  0.0000000000000E+00
  0.0000000000000E+00
  0.0000000000000E+00
  0.0000000000000E+00
  0.0000000000000E+00
  0.0000000000000E+00
  0.0000000000000E+00
  0.0000000000000E+00
  0.0000000000000E+00
  0.0000000000000E+00
  0.0000000000000E+00
  0.0000000000000E+00
  0.0000000000000E+00
  0.0000000000000E+00
  0.0000000000000E+00
  0.0000000000000E+00
  0.0000000000000E+00
  0.0000000000000E+00
  0.0000000000000E+00
  0.0000000000000E+00
  0.0000000000000E+00
  0.0000000000000E+00
  0.0000000000000E+00
  0.0000000000000E+00
  0.0000000000000E+00
  0.0000000000000E+00
  0.0000000000000E+00
  0.0000000000000E+00
  0.0000000000000E+00
  0.0000000000000E+00
  0.0000000000000E+00
  0.0000000000000E+00
  0.0000000000000E+00
  0.0000000000000E+00
  0.0000000000000E+00
  0.0000000000000E+00
  0.0000000000000E+00
  0.0000000000000E+00
  0.0000000000000E+00
  0.0000000000000E+00
  0.0000000000000E+00
  0.0000000000000E+00
  0.0000000000000E+00
  0.0000000000000E+00
  0.0000000000000E+00
  0.0000000000000E+00
  0.0000000000000E+00
  0.0000000000000E+00
  0.0000000000000E+00
  0.0000000000000E+00
  0.0000000000000E+00
  0.0000000000000E+00
  0.0000000000000E+00
  0.0000000000000E+00
  0.0000000000000E+00
  0.0000000000000E+00
  0.0000000000000E+00
  0.0000000000000E+00
  0.0000000000000E+00
  0.0000000000000E+00
  0.0000000000000E+00
  0.0000000000000E+00
  0.0000000000000E+00
  0.0000000000000E+00
  0.0000000000000E+00
  0.0000000000000E+00
  0.0000000000000E+00
  0.0000000000000E+00
  0.0000000000000E+00
  0.0000000000000E+00
  0.0000000000000E+00
  0.0000000000000E+00
  0.0000000000000E+00
  0.0000000000000E+00
  0.0000000000000E+00
  0.0000000000000E+00
  0.0000000000000E+00
  0.0000000000000E+00
  0.0000000000000E+00
  0.0000000000000E+00
  0.0000000000000E+00
  0.0000000000000E+00
  0.0000000000000E+00
  0.0000000000000E+00
  0.0000000000000E+00
  0.0000000000000E+00
  0.0000000000000E+00
  0.0000000000000E+00
  0.0000000000000E+00
  0.0000000000000E+00
  0.0000000000000E+00
  0.0000000000000E+00
  0.0000000000000E+00
  0.0000000000000E+00
  0.0000000000000E+00
  0.0000000000000E+00
  0.0000000000000E+00
  0.0000000000000E+00
  0.0000000000000E+00
  0.0000000000000E+00
  0.0000000000000E+00
  0.0000000000000E+00
  0.0000000000000E+00
  0.0000000000000E+00
  0.0000000000000E+00
  0.0000000000000E+00
  0.0000000000000E+00
  0.0000000000000E+00
  0.0000000000000E+00
  0.0000000000000E+00
  0.0000000000000E+00
  0.0000000000000E+00
  0.0000000000000E+00
  0.0000000000000E+00
  0.0000000000000E+00
  0.0000000000000E+00
  0.0000000000000E+00
  0.0000000000000E+00
  0.0000000000000E+00
  0.0000000000000E+00
  0.0000000000000E+00
  0.0000000000000E+00
  0.0000000000000E+00
  0.0000000000000E+00
  0.0000000000000E+00
  0.0000000000000E+00
  0.0000000000000E+00
  0.0000000000000E+00
  0.0000000000000E+00
  0.0000000000000E+00
  0.0000000000000E+00
  0.0000000000000E+00
  0.0000000000000E+00
  0.0000000000000E+00
  0.0000000000000E+00
  0.0000000000000E+00
  0.0000000000000E+00
  0.0000000000000E+00
  0.0000000000000E+00
  0.0000000000000E+00
  0.0000000000000E+00
  0.0000000000000E+00
  0.0000000000000E+00
  0.0000000000000E+00
  0.0000000000000E+00
  0.0000000000000E+00
  0.0000000000000E+00
  0.0000000000000E+00
  0.0000000000000E+00
  0.0000000000000E+00
  0.0000000000000E+00
  0.0000000000000E+00
  0.0000000000000E+00
  0.0000000000000E+00
  0.0000000000000E+00
  0.0000000000000E+00
  0.0000000000000E+00
  0.0000000000000E+00
  0.0000000000000E+00
  0.0000000000000E+00
  0.0000000000000E+00
  0.0000000000000E+00
  0.0000000000000E+00
  0.0000000000000E+00
  0.2556320049122E-05
  0.2506736361817E-05
  0.2559290416310E-05
 -0.6018558123081E-07
 -0.5874947887012E-07
 -0.6909229405600E-07
 -0.8909259524678E-07
  0.5345454708718E-06
  0.7620263014309E-06
  0.1548734896583E-05
  0.7438322497825E-07
 -0.1408117487707E-05
  0.3656589082852E-05
  0.2377493421635E-05
  0.2146518983269E-05
  0.3024821451858E-05
  0.4842503762139E-05
 -0.5923507331787E-06
 -0.2540443764379E-06
 -0.7493664197515E-07
  0.2275932687330E-05
  0.2099449400409E-05
 -0.1943716913986E-06
 -0.1843245258443E-06
 -0.1918126723036E-06
 -0.2175362011161E-06
 -0.2699371338267E-06
 -0.3098001067118E-06
 -0.3281162101453E-06
 -0.3278251676015E-06
 -0.3149884162464E-06
 -0.2935100069090E-06
 -0.2839463580388E-06
 -0.2809540934874E-06
 -0.2833462097231E-06
  0.2586488479244E-05
