  0.0000000000000E+00
 -0.2561636735682E+02
 -0.2738500918975E+02
 -0.2710250203989E+02
 -0.2800558983422E+02
  0.0000000000000E+00
 -0.2459437755460E+02
 -0.2682125949960E+02
 -0.2775400932100E+02
 -0.2630206275518E+02
  0.0000000000000E+00
  0.0000000000000E+00
  0.0000000000000E+00
  0.0000000000000E+00
  0.0000000000000E+00
  0.0000000000000E+00
  0.0000000000000E+00
  0.0000000000000E+00
  0.0000000000000E+00
  0.0000000000000E+00
  0.0000000000000E+00
  0.0000000000000E+00
  0.0000000000000E+00
  0.0000000000000E+00
  0.0000000000000E+00
  0.0000000000000E+00
  0.0000000000000E+00
  0.0000000000000E+00
  0.0000000000000E+00
  0.0000000000000E+00
  0.0000000000000E+00
  0.0000000000000E+00
  0.0000000000000E+00
  0.0000000000000E+00
  0.0000000000000E+00
  0.0000000000000E+00
 -0.9310244285856E+00
  0.0000000000000E+00
  0.0000000000000E+00
  0.0000000000000E+00
 -0.1793981108626E+01
 -0.3278639862567E+01
 -0.3382541668712E+01
 -0.3257575256829E+01
 -0.2714602953070E+01
  0.0000000000000E+00
  0.0000000000000E+00
  0.0000000000000E+00
  0.0000000000000E+00
  0.0000000000000E+00
  0.0000000000000E+00
  0.0000000000000E+00
  0.0000000000000E+00
  0.0000000000000E+00
  0.0000000000000E+00
  0.0000000000000E+00
  0.0000000000000E+00
  0.0000000000000E+00
  0.0000000000000E+00
  0.0000000000000E+00
  0.0000000000000E+00
  0.0000000000000E+00
  0.0000000000000E+00
  0.0000000000000E+00
  0.0000000000000E+00
  0.0000000000000E+00
  0.0000000000000E+00
  0.0000000000000E+00
  0.0000000000000E+00
  0.0000000000000E+00
  0.0000000000000E+00
 -0.7227159019330E+00
 -0.1206173720990E+02
 -0.1414283994787E+02
 -0.1408789506493E+02
 -0.9747810354220E+01
 -0.6515221583573E+01
 -0.1017831885849E+02
 -0.1176611568434E+02
 -0.1497203863660E+02
 -0.1645862772343E+02
 -0.1530773493397E+02
  0.0000000000000E+00
  0.0000000000000E+00
  0.0000000000000E+00
  0.0000000000000E+00
  0.0000000000000E+00
  0.0000000000000E+00
  0.0000000000000E+00
  0.0000000000000E+00
  0.0000000000000E+00
  0.0000000000000E+00
  0.0000000000000E+00
  0.0000000000000E+00
  0.0000000000000E+00
  0.0000000000000E+00
  0.0000000000000E+00
  0.0000000000000E+00
  0.0000000000000E+00
  0.0000000000000E+00
  0.0000000000000E+00
  0.0000000000000E+00
  0.0000000000000E+00
  0.0000000000000E+00
  0.0000000000000E+00
  0.0000000000000E+00
 -0.6673491696049E+01
 -0.1204117932135E+02
 -0.3078130398972E+02
 -0.3091150675780E+02
 -0.3002216622455E+02
 -0.2803602541677E+02
 -0.2112487640237E+02
 -0.2089346325242E+02
 -0.2416766462053E+02
 -0.2720446762112E+02
 -0.2868981160761E+02
 -0.2663608572893E+02
 -0.9529744847881E+01
  0.0000000000000E+00
  0.0000000000000E+00
  0.0000000000000E+00
  0.0000000000000E+00
  0.0000000000000E+00
  0.0000000000000E+00
  0.0000000000000E+00
  0.0000000000000E+00
  0.0000000000000E+00
  0.0000000000000E+00
  0.0000000000000E+00
  0.0000000000000E+00
  0.0000000000000E+00
  0.0000000000000E+00
  0.0000000000000E+00
  0.0000000000000E+00
  0.0000000000000E+00
  0.0000000000000E+00
  0.0000000000000E+00
  0.0000000000000E+00
  0.0000000000000E+00
 -0.5005039485826E+01
 -0.1600534966081E+02
 -0.2636429040446E+02
 -0.2948314460672E+02
 -0.4828280241215E+02
 -0.4694728318476E+02
 -0.4416883132939E+02
 -0.4256523237735E+02
 -0.3976563248206E+02
 -0.3815192609535E+02
 -0.3796884985910E+02
 -0.3825084544744E+02
 -0.3736744586687E+02
 -0.3545048911246E+02
 -0.2651350182607E+02
 -0.7135359443717E+01
  0.0000000000000E+00
  0.0000000000000E+00
  0.0000000000000E+00
  0.0000000000000E+00
  0.0000000000000E+00
  0.0000000000000E+00
  0.0000000000000E+00
  0.0000000000000E+00
  0.0000000000000E+00
  0.0000000000000E+00
  0.0000000000000E+00
  0.0000000000000E+00
  0.0000000000000E+00
  0.0000000000000E+00
  0.0000000000000E+00
  0.0000000000000E+00
  0.0000000000000E+00
  0.0000000000000E+00
  0.0000000000000E+00
  0.0000000000000E+00
 -0.2118117409710E+02
 -0.3731994067611E+02
 -0.4368138025656E+02
 -0.4614735459006E+02
 -0.6412144593786E+02
 -0.5978473458359E+02
 -0.5509182184515E+02
 -0.5343704194228E+02
 -0.5272454093633E+02
 -0.5193028127746E+02
 -0.5098402321061E+02
 -0.4957844932725E+02
 -0.4721386619297E+02
 -0.4515239576630E+02
 -0.4067943701595E+02
 -0.2561062317133E+02
 -0.1097647011864E+02
  0.0000000000000E+00
  0.0000000000000E+00
  0.0000000000000E+00
  0.0000000000000E+00
  0.0000000000000E+00
  0.0000000000000E+00
  0.0000000000000E+00
  0.0000000000000E+00
  0.0000000000000E+00
  0.0000000000000E+00
  0.0000000000000E+00
  0.0000000000000E+00
  0.0000000000000E+00
  0.0000000000000E+00
  0.0000000000000E+00
  0.0000000000000E+00
  0.0000000000000E+00
  0.0000000000000E+00
  0.0000000000000E+00
 -0.3307345048502E+02
 -0.5152131629405E+02
 -0.5962912408959E+02
 -0.6333919218370E+02
 -0.7454179490899E+02
 -0.6471968238608E+02
 -0.5751874098939E+02
 -0.5558550114777E+02
 -0.5656564391404E+02
 -0.5725933209921E+02
 -0.5745852203980E+02
 -0.5664558923208E+02
 -0.5500761176712E+02
 -0.5447394787490E+02
 -0.5306147922990E+02
 -0.4490757542889E+02
 -0.2702192397214E+02
  0.0000000000000E+00
  0.0000000000000E+00
  0.0000000000000E+00
  0.0000000000000E+00
  0.0000000000000E+00
  0.0000000000000E+00
 -0.1857059909374E+01
 -0.9067254878851E+01
 -0.9466670467542E+01
  0.0000000000000E+00
  0.0000000000000E+00
  0.0000000000000E+00
  0.0000000000000E+00
  0.0000000000000E+00
  0.0000000000000E+00
  0.0000000000000E+00
  0.0000000000000E+00
  0.0000000000000E+00
  0.0000000000000E+00
 -0.3748166428340E+02
 -0.6768221069485E+02
 -0.7706293969468E+02
 -0.8018572637182E+02
 -0.7254993188097E+02
 -0.6256471403604E+02
 -0.6127968110533E+02
 -0.6272146888012E+02
 -0.6219676424774E+02
 -0.5975392966925E+02
 -0.5557740196569E+02
 -0.4951808052595E+02
 -0.4287652719943E+02
 -0.4502125201855E+02
 -0.5506833528271E+02
 -0.5388175389265E+02
 -0.4080607220249E+02
 -0.3573170313358E+02
 -0.2783394820883E+02
  0.0000000000000E+00
  0.0000000000000E+00
 -0.1495140302112E+02
 -0.1969594475833E+02
 -0.2322656804083E+02
 -0.4119169708736E+02
 -0.4206358882401E+02
 -0.2987157358480E+02
 -0.2279811812938E+02
 -0.2003692263368E+02
 -0.2059791989246E+02
 -0.2877553320105E+02
 -0.2790541884700E+02
 -0.2517635257457E+02
  0.0000000000000E+00
  0.0000000000000E+00
  0.0000000000000E+00
 -0.5483751377854E+02
 -0.8321509513344E+02
 -0.8316838733734E+02
 -0.8406212107292E+02
 -0.8285003684525E+02
 -0.8479975967416E+02
 -0.8733143697377E+02
 -0.8856581314404E+02
 -0.8908237768269E+02
 -0.8879772634482E+02
 -0.8724844619616E+02
 -0.8495573258074E+02
 -0.8151428112161E+02
 -0.7568144096201E+02
 -0.6686344951999E+02
 -0.4903071123743E+02
 -0.5109684757477E+02
 -0.4931513271672E+02
 -0.4160921737280E+02
  0.0000000000000E+00
  0.0000000000000E+00
 -0.2207860988935E+02
 -0.3592640667208E+02
 -0.4067764041293E+02
 -0.5671526431980E+02
 -0.5464651788042E+02
 -0.3397291472804E+02
 -0.3720288759288E+02
 -0.3165856366508E+02
 -0.3894081827280E+02
 -0.4581484140478E+02
 -0.4391163250032E+02
 -0.2880584633750E+02
  0.0000000000000E+00
  0.0000000000000E+00
  0.0000000000000E+00
 -0.6342074839182E+02
 -0.6209725746306E+02
 -0.7071323095541E+02
 -0.8231007477074E+02
 -0.9774182485713E+02
 -0.9995772292267E+02
 -0.1018137924330E+03
 -0.1032227426878E+03
 -0.1043070202955E+03
 -0.1047138600603E+03
 -0.1038478163169E+03
 -0.1015137450542E+03
 -0.9791792633999E+02
 -0.9378192410051E+02
 -0.8958937495704E+02
 -0.8646958181907E+02
 -0.7302137773880E+02
 -0.6200983130161E+02
 -0.5174440224283E+02
 -0.5379304542477E+02
  0.0000000000000E+00
 -0.3267727473639E+02
 -0.4912949564892E+02
  0.0000000000000E+00
 -0.5973518171094E+02
 -0.7026433901201E+02
 -0.7588744087319E+02
 -0.6909190504730E+02
 -0.6520373742054E+02
 -0.6160555687708E+02
 -0.5980614964308E+02
 -0.6060712482989E+02
 -0.5953404693398E+02
  0.0000000000000E+00
  0.0000000000000E+00
  0.0000000000000E+00
 -0.7160520021384E+02
 -0.8351973142108E+02
 -0.9178753033402E+02
 -0.9572624455313E+02
 -0.1084906168548E+03
 -0.1107235001812E+03
 -0.1124442389896E+03
 -0.1143115593157E+03
 -0.1163272400004E+03
 -0.1174457759629E+03
 -0.1171321288514E+03
 -0.1147253934942E+03
 -0.1104190984876E+03
 -0.1053068342775E+03
 -0.1005865119201E+03
 -0.9565547125974E+02
 -0.8617921056765E+02
  0.0000000000000E+00
 -0.7114591640602E+02
 -0.6806763838008E+02
  0.0000000000000E+00
  0.0000000000000E+00
 -0.6133324928179E+02
 -0.7335720192069E+02
 -0.8268866006279E+02
 -0.8721828659881E+02
 -0.8814006152066E+02
 -0.8362660368159E+02
 -0.7281018549118E+02
 -0.8077611424770E+02
 -0.7529979533338E+02
 -0.7708727213044E+02
 -0.6909690767716E+02
 -0.6307387974829E+02
  0.0000000000000E+00
  0.0000000000000E+00
 -0.8261411097315E+02
 -0.9818937027007E+02
 -0.1034273758326E+03
 -0.1064786427988E+03
 -0.1166386808062E+03
 -0.1181517837426E+03
 -0.1197831705558E+03
 -0.1219259325293E+03
 -0.1240418430849E+03
 -0.1250843504411E+03
 -0.1243003898573E+03
 -0.1214091024716E+03
 -0.1176403018969E+03
 -0.1140732906150E+03
 -0.1105985781605E+03
 -0.1059153330024E+03
 -0.9722400068876E+02
 -0.8769840649626E+02
 -0.8856441546105E+02
 -0.7450341368848E+02
  0.0000000000000E+00
  0.0000000000000E+00
 -0.7354336864038E+02
 -0.8888034754739E+02
 -0.9584102001070E+02
 -0.1012883103284E+03
 -0.1019537923970E+03
 -0.9443609711190E+02
  0.0000000000000E+00
 -0.6962116585246E+02
 -0.7857424350312E+02
 -0.9168940589320E+02
 -0.8414351744398E+02
 -0.7606105565005E+02
  0.0000000000000E+00
  0.0000000000000E+00
 -0.8937567277753E+02
 -0.1062702314865E+03
 -0.1118069287342E+03
 -0.1149110198119E+03
 -0.1201695882451E+03
 -0.1209758529907E+03
 -0.1216871449160E+03
 -0.1219724068432E+03
 -0.1214699094991E+03
 -0.1203666467336E+03
 -0.1187582741102E+03
 -0.1184621736502E+03
 -0.1193198357511E+03
 -0.1196911392160E+03
 -0.1183388754967E+03
 -0.1139853771944E+03
 -0.1071153914185E+03
 -0.9980278398976E+02
 -0.9709560956954E+02
 -0.8656477355270E+02
  0.0000000000000E+00
  0.0000000000000E+00
 -0.7034706991916E+02
 -0.1030676324405E+03
 -0.1049354184794E+03
 -0.1091837647861E+03
 -0.1095858326938E+03
 -0.1030660945908E+03
  0.0000000000000E+00
  0.0000000000000E+00
  0.0000000000000E+00
 -0.7610624399771E+02
 -0.9423945282309E+02
 -0.8616088088438E+02
  0.0000000000000E+00
  0.0000000000000E+00
 -0.9226543703023E+02
 -0.1124254892579E+03
 -0.1167477624794E+03
 -0.1188139994071E+03
 -0.1161856741031E+03
 -0.1156698481880E+03
 -0.1136677041082E+03
 -0.1090377189809E+03
 -0.1035160055613E+03
 -0.9927851392860E+02
 -0.1015224604358E+03
 -0.1099582178735E+03
 -0.1166467131596E+03
 -0.1206386768756E+03
 -0.1215712375854E+03
 -0.1186820771834E+03
 -0.1113828684107E+03
 -0.1049422136765E+03
 -0.1002432157951E+03
 -0.9501554540716E+02
  0.0000000000000E+00
  0.0000000000000E+00
  0.0000000000000E+00
 -0.8267856900543E+02
 -0.1074396810175E+03
 -0.1117034528178E+03
 -0.1112945585127E+03
 -0.1143327540998E+03
 -0.8433833554558E+02
  0.0000000000000E+00
  0.0000000000000E+00
  0.0000000000000E+00
 -0.9060841076895E+02
 -0.9324448302382E+02
  0.0000000000000E+00
  0.0000000000000E+00
 -0.8984114012102E+02
 -0.1136600249402E+03
 -0.1164562429894E+03
 -0.1156501276940E+03
 -0.9687897605632E+02
 -0.9395546353596E+02
 -0.8857836200230E+02
 -0.8036039217837E+02
 -0.7416295353725E+02
 -0.7926113686336E+02
 -0.9183993237360E+02
 -0.1030321049252E+03
 -0.1098231250554E+03
 -0.1136417952366E+03
 -0.1157719431873E+03
 -0.1142351764075E+03
 -0.1061267917143E+03
 -0.1030834831032E+03
 -0.1017098306767E+03
 -0.1006848986976E+03
  0.0000000000000E+00
  0.0000000000000E+00
  0.0000000000000E+00
 -0.8837013361697E+02
 -0.1069874368896E+03
 -0.1091810743875E+03
 -0.1135479392710E+03
 -0.1122165992724E+03
 -0.9083276178744E+02
 -0.7880107535585E+02
  0.0000000000000E+00
  0.0000000000000E+00
 -0.9649259271892E+02
 -0.9987390591885E+02
  0.0000000000000E+00
 -0.8240045571683E+02
 -0.1027448288382E+03
 -0.1043637895884E+03
 -0.1011459412919E+03
 -0.9818319664808E+02
 -0.8441360258260E+02
 -0.8434803029443E+02
 -0.8717625182996E+02
 -0.9513417442068E+02
 -0.1037399793989E+03
 -0.1087975498502E+03
 -0.1105255244671E+03
 -0.1095983713339E+03
 -0.1065939395780E+03
 -0.1024785713686E+03
 -0.9860381059291E+02
 -0.9893023393101E+02
 -0.9676317406673E+02
 -0.9662554851724E+02
 -0.1017796440860E+03
 -0.9951197420687E+02
  0.0000000000000E+00
  0.0000000000000E+00
  0.0000000000000E+00
 -0.9002231598176E+02
 -0.1095791098911E+03
 -0.1154102179739E+03
 -0.1142889208362E+03
 -0.1119660271423E+03
 -0.8760620284499E+02
 -0.6869623944014E+02
 -0.8006577718725E+02
  0.0000000000000E+00
 -0.9871045478178E+02
 -0.1040548658052E+03
 -0.8910128513924E+02
 -0.9909310546636E+02
 -0.9579838178273E+02
 -0.8947717696323E+02
 -0.8424473972273E+02
 -0.8453433526739E+02
 -0.1204047387969E+03
 -0.1242657309862E+03
 -0.1270215986329E+03
 -0.1288637134090E+03
 -0.1299823782866E+03
 -0.1305894151022E+03
 -0.1301605393149E+03
 -0.1261780412816E+03
 -0.1168780327680E+03
 -0.1075239771825E+03
 -0.9987326024543E+02
 -0.9370675062958E+02
 -0.9054825790394E+02
 -0.8182152610375E+02
 -0.1069177395030E+03
 -0.9337474185716E+02
  0.0000000000000E+00
  0.0000000000000E+00
  0.0000000000000E+00
 -0.9553413746539E+02
 -0.1100044708094E+03
 -0.1165526787323E+03
 -0.1115306548876E+03
 -0.1109198190553E+03
 -0.9609568775828E+02
 -0.9667061427851E+02
 -0.9998915351134E+02
  0.0000000000000E+00
  0.0000000000000E+00
 -0.9027275956181E+02
 -0.1047667425323E+03
 -0.1027734561608E+03
 -0.1035228714622E+03
 -0.1042096565979E+03
 -0.1108583928228E+03
 -0.1164848351625E+03
 -0.1334101589014E+03
 -0.1343114446971E+03
 -0.1344690728408E+03
 -0.1342990427962E+03
 -0.1344411347827E+03
 -0.1348880060844E+03
 -0.1350770188381E+03
 -0.1343268450252E+03
 -0.1320800300603E+03
 -0.1281272160698E+03
 -0.1218475632500E+03
 -0.1136402780709E+03
 -0.1024071237816E+03
 -0.4168352369920E+02
 -0.1169198305614E+03
 -0.1182783311977E+03
  0.0000000000000E+00
  0.0000000000000E+00
  0.0000000000000E+00
 -0.8142778941989E+02
 -0.1041384749721E+03
 -0.9780764630537E+02
 -0.8972653537462E+02
 -0.9700108167319E+02
 -0.9846484325169E+02
 -0.9920883991662E+02
 -0.8895014486043E+02
 -0.6881571066685E+02
  0.0000000000000E+00
 -0.9025327590873E+02
 -0.1120925534159E+03
 -0.1114575998019E+03
 -0.1174054274633E+03
 -0.1233464684560E+03
 -0.1286322226811E+03
 -0.1317031916080E+03
 -0.1302939623942E+03
 -0.1286344069317E+03
 -0.1267851017655E+03
 -0.1257327017303E+03
 -0.1253436447846E+03
 -0.1248385167444E+03
 -0.1238862965376E+03
 -0.1229499075294E+03
 -0.1222493846849E+03
 -0.1211097521047E+03
 -0.1184854244610E+03
 -0.1148543976406E+03
 -0.1113571673033E+03
 -0.9274714278246E+02
 -0.1012930506615E+03
 -0.1180004745257E+03
  0.0000000000000E+00
  0.0000000000000E+00
  0.0000000000000E+00
 -0.1097629579041E+03
 -0.1158920371296E+03
 -0.8035518112638E+02
 -0.1054674806945E+03
 -0.6682210712938E+02
 -0.5008378447466E+02
 -0.6631805564328E+02
 -0.8061569591330E+02
 -0.1114720610177E+03
  0.0000000000000E+00
 -0.7851541712625E+02
 -0.1055426469274E+03
 -0.1072700937491E+03
 -0.1142784362524E+03
 -0.1230316240209E+03
 -0.1287499817556E+03
 -0.1306470578496E+03
 -0.1044556515811E+03
 -0.1035511230192E+03
 -0.1030213431850E+03
 -0.1026053428324E+03
 -0.1023879788176E+03
 -0.1018365062579E+03
 -0.1008176259133E+03
 -0.1001368836129E+03
 -0.9975145621107E+02
 -0.9979891144326E+02
 -0.1001100577317E+03
 -0.1013119113961E+03
 -0.1075383438709E+03
 -0.1193450903947E+03
 -0.8202704401541E+02
 -0.8789817213859E+02
  0.0000000000000E+00
  0.0000000000000E+00
  0.0000000000000E+00
 -0.1213412393103E+03
 -0.1227417725703E+03
 -0.1194329544683E+03
 -0.1199536131827E+03
 -0.1182999533534E+03
 -0.1060480570770E+03
 -0.1134777445314E+03
 -0.1224778467208E+03
 -0.1268073323409E+03
 -0.1061519306646E+03
 -0.1091168040752E+03
 -0.9920706623350E+02
 -0.9295033686834E+02
 -0.9475669153978E+02
 -0.1033226548862E+03
 -0.1069804351063E+03
 -0.1059085729779E+03
 -0.1129701976903E+03
 -0.1114824389017E+03
 -0.1107108277139E+03
 -0.1104865553951E+03
 -0.1112794213147E+03
 -0.1126508050017E+03
 -0.1139083263874E+03
 -0.1150297371171E+03
 -0.1152842817554E+03
 -0.1145882810517E+03
 -0.1130967252049E+03
 -0.1117090804957E+03
 -0.1185414996124E+03
 -0.1292778475559E+03
 -0.1340915701461E+03
 -0.9018737826223E+02
  0.0000000000000E+00
  0.0000000000000E+00
  0.0000000000000E+00
 -0.1263232147946E+03
 -0.1118784424298E+03
 -0.1238756238506E+03
  0.0000000000000E+00
 -0.1226328718172E+03
 -0.1296841324687E+03
 -0.1343844181463E+03
 -0.1336147143554E+03
 -0.1306806406240E+03
 -0.1247907436350E+03
 -0.1300619490394E+03
 -0.1232925606067E+03
 -0.1127900148941E+03
 -0.1107169525912E+03
 -0.1142839288907E+03
 -0.1154200720421E+03
 -0.1146970133445E+03
 -0.1308244475667E+03
 -0.1280580852320E+03
 -0.1248402917024E+03
 -0.1219534644704E+03
 -0.1197587953671E+03
 -0.1190699679858E+03
 -0.1201574256777E+03
 -0.1227206964631E+03
 -0.1254798300470E+03
 -0.1280468931565E+03
 -0.1305910350721E+03
 -0.1322534438226E+03
 -0.1312530386302E+03
 -0.1203239970458E+03
 -0.1375349430323E+03
 -0.1506387231553E+03
 -0.1000504301656E+03
 -0.9403284401585E+02
 -0.1153065855172E+03
 -0.1411944306942E+03
 -0.1131507698819E+03
 -0.1137847837990E+03
  0.0000000000000E+00
 -0.1268144190155E+03
 -0.1311039510773E+03
 -0.1358176717234E+03
 -0.1396293639631E+03
 -0.1330581603321E+03
 -0.1321197850948E+03
 -0.1412871379471E+03
 -0.1412982367720E+03
 -0.1381709119590E+03
 -0.1337146194902E+03
 -0.1345048536240E+03
 -0.1339970022931E+03
 -0.1328519725224E+03
 -0.1399950369012E+03
 -0.1409574763131E+03
 -0.1413524486402E+03
 -0.1400410499314E+03
 -0.1368269540629E+03
 -0.1333407362302E+03
 -0.1304446705293E+03
 -0.1297575959117E+03
 -0.1311925758933E+03
 -0.1335359610864E+03
 -0.1360481833188E+03
 -0.1378534344952E+03
 -0.1370660384699E+03
 -0.1318706686417E+03
 -0.1234687792480E+03
 -0.1051369132542E+03
 -0.1221838160824E+03
 -0.1278693901157E+03
 -0.1380946976018E+03
 -0.1457272779774E+03
 -0.1321477843144E+03
  0.0000000000000E+00
 -0.1246624188280E+03
 -0.1417789647480E+03
 -0.1372640719216E+03
 -0.1409898414000E+03
 -0.1416840495905E+03
 -0.1391582593758E+03
 -0.1330147636953E+03
 -0.1310429821397E+03
 -0.1323803041665E+03
 -0.1364487825636E+03
 -0.1375553774301E+03
 -0.1376050481518E+03
 -0.1381359743487E+03
 -0.1391949331781E+03
 -0.1401332574617E+03
 -0.1405987178683E+03
 -0.1416782137150E+03
 -0.1431381765598E+03
 -0.1443324476152E+03
 -0.1439758492780E+03
 -0.1415746690280E+03
 -0.1378069030070E+03
 -0.1353461421087E+03
 -0.1353389376012E+03
 -0.1367698842226E+03
 -0.1383455617606E+03
 -0.1395817076519E+03
 -0.1404283377793E+03
 -0.1420040055458E+03
 -0.1428251434752E+03
 -0.1461516686460E+03
 -0.1414570723221E+03
 -0.1421984742819E+03
 -0.1447430370591E+03
 -0.1374337940755E+03
  0.0000000000000E+00
 -0.1141549933151E+03
 -0.1430265316465E+03
 -0.1437784061108E+03
 -0.1468106036873E+03
 -0.1454912543749E+03
 -0.1426292701103E+03
 -0.1384988036427E+03
 -0.1393128577646E+03
 -0.1400945513247E+03
 -0.1409601840721E+03
 -0.1421904277062E+03
 -0.1432969546742E+03
 -0.1410585483777E+03
 -0.1404173222208E+03
 -0.1462565422673E+03
 -0.1463324773981E+03
 -0.1464686274264E+03
 -0.1462860266845E+03
 -0.1465379432313E+03
 -0.1467276385581E+03
 -0.1457651862393E+03
 -0.1429796186926E+03
 -0.1392656818455E+03
 -0.1360705072523E+03
 -0.1348643195927E+03
 -0.1352989432675E+03
 -0.1367080284571E+03
 -0.1397705202803E+03
 -0.1443661342122E+03
 -0.1455820223335E+03
 -0.1432837000924E+03
 -0.1396116478996E+03
 -0.1418389256332E+03
 -0.1473266259019E+03
 -0.1458987307401E+03
 -0.1098878914075E+03
 -0.1442559699664E+03
 -0.1441795338072E+03
 -0.1475705260573E+03
 -0.1478191067125E+03
 -0.1461339984751E+03
 -0.1439596153326E+03
 -0.1435973912360E+03
 -0.1454940233231E+03
 -0.1478138436514E+03
 -0.1498529179014E+03
 -0.1509794702159E+03
 -0.1503334003820E+03
 -0.1482955073520E+03
 -0.1469491478345E+03
 -0.1426914628950E+03
 -0.1425690314460E+03
 -0.1433690634510E+03
 -0.1445657133416E+03
 -0.1453272868464E+03
 -0.1451857266566E+03
 -0.1437328410350E+03
 -0.1413930427145E+03
 -0.1383792334260E+03
 -0.1345813733815E+03
 -0.1312482333667E+03
 -0.1296345129892E+03
 -0.1296650175486E+03
 -0.1306336570098E+03
 -0.1318400125852E+03
 -0.1326372224360E+03
 -0.1322037532675E+03
 -0.1320309098103E+03
 -0.1335537547934E+03
 -0.1380695404192E+03
 -0.1435825160904E+03
 -0.1238301598856E+03
 -0.1303064693431E+03
 -0.1335724400237E+03
 -0.1372505472647E+03
 -0.1388022056050E+03
 -0.1390981314831E+03
 -0.1381618427725E+03
 -0.1381386140188E+03
 -0.1395177811549E+03
 -0.1418186220926E+03
 -0.1441427662176E+03
 -0.1456653748963E+03
 -0.1456806163157E+03
 -0.1447842310768E+03
 -0.1435982160811E+03
 -0.1317751356328E+03
 -0.1314487026761E+03
 -0.1319966653797E+03
 -0.1333499028628E+03
 -0.1343105697809E+03
 -0.1346082102824E+03
 -0.1340770218445E+03
 -0.1326277968889E+03
 -0.1302233774585E+03
 -0.1268670860949E+03
 -0.1231543919286E+03
 -0.1201154084231E+03
 -0.1185369351044E+03
 -0.1175083558968E+03
 -0.1161714680503E+03
 -0.1153026913097E+03
 -0.1165099832774E+03
 -0.1209953435878E+03
 -0.1222842316301E+03
 -0.1273303851990E+03
 -0.1309212964070E+03
 -0.6592737314761E+02
 -0.9278615738153E+02
 -0.1084936122192E+03
 -0.1170650479193E+03
 -0.1212035948080E+03
 -0.1234779309918E+03
 -0.1242777538133E+03
 -0.1255050579184E+03
 -0.1270931250032E+03
 -0.1289776140825E+03
 -0.1310413191603E+03
 -0.1326372812838E+03
 -0.1332621783036E+03
 -0.1331791994297E+03
 -0.1324931042649E+03
 -0.1091663252378E+03
 -0.1091929108292E+03
 -0.1098310204071E+03
 -0.1114637692626E+03
 -0.1127726540278E+03
 -0.1134424033238E+03
 -0.1133095306490E+03
 -0.1121223641354E+03
 -0.1097589546682E+03
 -0.1059978941662E+03
 -0.9976993712350E+02
 -0.9090038523544E+02
 -0.8184375903401E+02
 -0.8156810282922E+02
 -0.8884316723080E+02
 -0.9409144040893E+02
 -0.1020709956086E+03
 -0.1112411293941E+03
 -0.1191343442392E+03
 -0.1265873818831E+03
 -0.1306931665720E+03
 -0.1542943992040E+03
 -0.1452928006794E+03
 -0.1213158937703E+03
 -0.1077948584590E+03
 -0.1046896649486E+03
 -0.1019170807221E+03
 -0.9856164124902E+02
 -0.9785275248071E+02
 -0.1001542123579E+03
 -0.1032039058201E+03
 -0.1061792517878E+03
 -0.1083498452094E+03
 -0.1098379200629E+03
 -0.1103129091595E+03
 -0.1097395000707E+03
 -0.9492386110628E+02
 -0.9212574541339E+02
 -0.8991945483064E+02
 -0.9063455167479E+02
 -0.9112278932513E+02
 -0.9092957357392E+02
 -0.9019385106878E+02
 -0.8852014606297E+02
 -0.8558874716373E+02
 -0.8505699183150E+02
 -0.8889836487869E+02
 -0.9451556610427E+02
 -0.9856602467909E+02
 -0.1015424178154E+03
 -0.1086637784316E+03
 -0.1161898813609E+03
 -0.1187215801029E+03
 -0.1224544211509E+03
  0.0000000000000E+00
  0.0000000000000E+00
  0.0000000000000E+00
 -0.1283551907498E+03
 -0.1762613585611E+03
 -0.1621630737984E+03
 -0.1416150761836E+03
 -0.1293332734148E+03
 -0.1226469797463E+03
 -0.1166136310186E+03
 -0.1114981668256E+03
 -0.1063270004606E+03
 -0.1022318498551E+03
 -0.9993625046780E+02
 -0.9949313882881E+02
 -0.9993010752741E+02
 -0.9971709844585E+02
 -0.9793292592852E+02
 -0.1049851645391E+03
 -0.1049519567198E+03
 -0.1044876052178E+03
 -0.1033602026278E+03
 -0.1024588285885E+03
 -0.1022054154334E+03
 -0.1023461439851E+03
 -0.1023281150901E+03
 -0.1023286055340E+03
 -0.1017731781827E+03
 -0.1003335129006E+03
 -0.9824750062644E+02
 -0.9571020925541E+02
 -0.9410056489182E+02
 -0.9962114735724E+02
 -0.1116235160280E+03
 -0.1211548404413E+03
 -0.1189715893125E+03
  0.0000000000000E+00
  0.0000000000000E+00
  0.0000000000000E+00
 -0.1045833553596E+03
 -0.1538969483446E+03
 -0.1603122944230E+03
 -0.1548307996372E+03
 -0.1461318050309E+03
 -0.1359295741872E+03
 -0.1253141030858E+03
 -0.1158203376646E+03
 -0.1106321708673E+03
 -0.1065939340429E+03
 -0.1072656153577E+03
 -0.1052427523505E+03
 -0.1042965463335E+03
 -0.1042331340404E+03
 -0.1045850985539E+03
 -0.9153128260091E+02
 -0.9014379135800E+02
 -0.8862950731289E+02
 -0.9132291861521E+02
 -0.9183780414486E+02
 -0.9201624232147E+02
 -0.9225154466202E+02
 -0.9263524853715E+02
 -0.9301009375746E+02
 -0.9302901507477E+02
 -0.9257215616769E+02
 -0.9159871877101E+02
 -0.8968749357106E+02
 -0.8726054225239E+02
 -0.8881137944928E+02
 -0.1012995589935E+03
 -0.1126508622344E+03
 -0.1236651385884E+03
  0.0000000000000E+00
  0.0000000000000E+00
  0.0000000000000E+00
 -0.8263732885688E+02
 -0.1116796911975E+03
 -0.1188876990682E+03
 -0.1258222638645E+03
 -0.1294355551776E+03
 -0.1283430733678E+03
 -0.1259462178556E+03
 -0.1218364239602E+03
 -0.1164630271397E+03
 -0.1110193494055E+03
 -0.1061416437290E+03
 -0.1020324202530E+03
 -0.9849820223583E+02
 -0.9540009754627E+02
 -0.9313785997461E+02
 -0.8892141086331E+02
 -0.8762800077791E+02
 -0.8631451444858E+02
 -0.8482943009325E+02
 -0.8348350585483E+02
 -0.8251287075445E+02
 -0.8206355893732E+02
 -0.8231768064703E+02
 -0.8315408392736E+02
 -0.8380421912198E+02
 -0.8435254563424E+02
 -0.8434235567227E+02
 -0.8346893315165E+02
 -0.8231776771891E+02
 -0.8082690459188E+02
 -0.8666044244801E+02
 -0.9662189305369E+02
 -0.1222687515727E+03
 -0.1049496001440E+03
 -0.8965400160267E+02
 -0.7326652071608E+02
 -0.6958357195921E+02
 -0.6874916345290E+02
 -0.7306516928899E+02
 -0.8140241736142E+02
 -0.8723649611926E+02
 -0.9502506762834E+02
 -0.1003425571335E+03
 -0.1013287002529E+03
 -0.1020193673882E+03
 -0.1011009734795E+03
 -0.9917600748238E+02
 -0.9700595112747E+02
 -0.9493933233075E+02
 -0.9119820628680E+02
 -0.8982197849574E+02
 -0.7709774586225E+02
 -0.7494017996402E+02
 -0.7495897556206E+02
 -0.7497386502316E+02
 -0.7468228885955E+02
 -0.7426422543694E+02
 -0.7415508450435E+02
 -0.7438174064564E+02
 -0.7502913729532E+02
 -0.7339196963538E+02
 -0.7399072443350E+02
 -0.7462241140955E+02
 -0.7494076075427E+02
 -0.7485177114753E+02
 -0.7366941905837E+02
 -0.7297971413845E+02
 -0.7690337300945E+02
 -0.8337018647414E+02
 -0.7992540398262E+02
 -0.7216361030235E+02
 -0.6370637602539E+02
 -0.5709137002121E+02
 -0.5401066451448E+02
 -0.5369958608872E+02
 -0.5343213665714E+02
 -0.5481003865015E+02
 -0.5928203803639E+02
 -0.6421479409476E+02
 -0.6904550952762E+02
 -0.7232821190840E+02
 -0.7417726707013E+02
 -0.7471874691051E+02
 -0.7460046821554E+02
 -0.7601830805208E+02
 -0.7664678521459E+02
 -0.7682848047767E+02
 -0.5256945101012E+02
 -0.5383517827372E+02
 -0.5453353919935E+02
 -0.5491117618418E+02
 -0.5475974965603E+02
 -0.5453562880245E+02
 -0.5467899854105E+02
 -0.5461199913393E+02
 -0.5390345687245E+02
 -0.5361271763719E+02
 -0.5439836503212E+02
 -0.5503682594916E+02
 -0.5534407529165E+02
 -0.5520692219271E+02
 -0.5454384028702E+02
 -0.5282888648086E+02
 -0.5405182602500E+02
 -0.5900122698235E+02
 -0.5798265609545E+02
 -0.5561912716105E+02
 -0.4990459869238E+02
 -0.4792755664676E+02
 -0.4497973414807E+02
 -0.4231437236773E+02
 -0.3968489967750E+02
 -0.3737740162611E+02
 -0.3631134893065E+02
 -0.3788719028437E+02
 -0.4126715214857E+02
 -0.4450804908627E+02
 -0.4713163879093E+02
 -0.4903561196475E+02
 -0.5014753617120E+02
 -0.5120007364171E+02
 -0.5220562770376E+02
 -0.5186659412965E+02
 -0.2788425829560E+02
 -0.2784058857479E+02
 -0.2772554945433E+02
 -0.2758624938672E+02
 -0.2700430591823E+02
 -0.2681337973441E+02
 -0.2671882804987E+02
 -0.2671194483318E+02
 -0.2678000455576E+02
 -0.2695971095269E+02
 -0.2728809393729E+02
 -0.2749228457901E+02
 -0.2732351293478E+02
 -0.2751747435587E+02
 -0.2766259446275E+02
 -0.2766997699977E+02
 -0.2770890587079E+02
 -0.2772172048859E+02
 -0.2773108325826E+02
 -0.2775098276152E+02
 -0.2778949850943E+02
 -0.2775851470658E+02
 -0.2765122547017E+02
 -0.2761408811157E+02
 -0.2762535940252E+02
 -0.2775398037248E+02
 -0.2812945830038E+02
 -0.2830521305798E+02
 -0.2830295539480E+02
 -0.2818793488210E+02
 -0.2798756054992E+02
 -0.2778596627022E+02
 -0.2769448203150E+02
 -0.2770352135717E+02
 -0.2779215231394E+02
 -0.2786300530531E+02
 -0.6016594906189E+02
 -0.6083264425616E+02
 -0.6083737643878E+02
 -0.6011166942353E+02
 -0.8449214468731E+02
 -0.8500305843301E+02
 -0.8700128987440E+02
 -0.9012695236509E+02
 -0.8161994278043E+02
 -0.9631447648147E+02
 -0.1047287988820E+03
 -0.1836184277880E+02
 -0.2355445863726E+02
 -0.2577789273057E+02
 -0.2582077941910E+02
 -0.2543874992229E+02
 -0.2009063732514E+02
 -0.1139098466189E+02
 -0.1017634204202E+03
 -0.5913506480901E+02
 -0.6021430037485E+02
 -0.5854922708441E+02
 -0.8415124254721E+02
 -0.8312316580442E+02
 -0.8406562421119E+02
 -0.8688707292184E+02
 -0.9217016660744E+02
 -0.9578297233151E+02
 -0.9731259189185E+02
 -0.9707671536887E+02
 -0.9568014819597E+02
 -0.9426011409018E+02
 -0.9340836208770E+02
 -0.9330397833160E+02
 -0.9360763357297E+02
 -0.9413731091800E+02
  0.0000000000000E+00
  0.1315345162182E+01
  0.8362535617755E+00
  0.5773628693362E+00
  0.5482452457180E+00
  0.0000000000000E+00
  0.4380043352662E+00
  0.4832308493853E+00
  0.8778382827588E+00
  0.1414392717647E+01
  0.2899399845536E+01
  0.3465846521284E+01
  0.0000000000000E+00
  0.0000000000000E+00
  0.0000000000000E+00
  0.0000000000000E+00
  0.0000000000000E+00
  0.0000000000000E+00
  0.0000000000000E+00
  0.0000000000000E+00
  0.0000000000000E+00
  0.0000000000000E+00
  0.0000000000000E+00
  0.0000000000000E+00
  0.0000000000000E+00
  0.0000000000000E+00
  0.0000000000000E+00
  0.0000000000000E+00
  0.0000000000000E+00
  0.0000000000000E+00
  0.0000000000000E+00
  0.2621781104031E+01
  0.3479588222316E+01
  0.3321752874299E+01
  0.2867472061911E+01
  0.2503983227330E+01
  0.4048399725062E+01
  0.0000000000000E+00
  0.0000000000000E+00
  0.0000000000000E+00
  0.2985260690758E+01
  0.1301642709019E+01
  0.1129145298870E+01
  0.1318225981415E+01
  0.2046876806562E+01
  0.0000000000000E+00
  0.6913072704470E+01
  0.7688643019500E+01
  0.8297763700769E+01
  0.7662466655792E+01
  0.4247075992700E+01
  0.0000000000000E+00
  0.0000000000000E+00
  0.0000000000000E+00
  0.0000000000000E+00
  0.0000000000000E+00
  0.0000000000000E+00
  0.0000000000000E+00
  0.0000000000000E+00
  0.0000000000000E+00
  0.0000000000000E+00
  0.0000000000000E+00
  0.0000000000000E+00
  0.0000000000000E+00
  0.0000000000000E+00
  0.0000000000000E+00
  0.0000000000000E+00
  0.0000000000000E+00
  0.7918287604718E+01
  0.7749199171219E+01
  0.5689829070888E+01
  0.4250975499405E+01
  0.5202170416141E+01
  0.4831760830177E+01
  0.4992216095574E+01
  0.8330980658307E+01
  0.1159045181211E+02
  0.8027622677491E+01
  0.6769099229065E+01
  0.4156950519634E+01
  0.3275873931911E+01
  0.4725980114028E+01
  0.0000000000000E+00
  0.1307194599207E+02
  0.2548867119651E+02
  0.2485124624833E+02
  0.1483276836448E+02
  0.0000000000000E+00
  0.0000000000000E+00
  0.0000000000000E+00
  0.0000000000000E+00
  0.0000000000000E+00
  0.0000000000000E+00
  0.0000000000000E+00
  0.0000000000000E+00
  0.0000000000000E+00
  0.0000000000000E+00
  0.0000000000000E+00
  0.0000000000000E+00
  0.0000000000000E+00
  0.0000000000000E+00
  0.0000000000000E+00
  0.0000000000000E+00
  0.0000000000000E+00
  0.1549241318186E+02
  0.1699794387097E+02
  0.9163299149695E+01
  0.4635226305531E+01
 -0.4261781541588E+01
 -0.3465024748722E+01
 -0.2343052790298E+01
 -0.1008195134801E+01
  0.4082267668843E+01
  0.4582306085089E+01
  0.2386255550357E+01
  0.4383399972216E+00
 -0.1195571163042E+00
  0.2030185387102E+01
  0.1278166767208E+02
  0.2056414717197E+02
  0.0000000000000E+00
  0.0000000000000E+00
  0.0000000000000E+00
  0.0000000000000E+00
  0.0000000000000E+00
  0.0000000000000E+00
  0.0000000000000E+00
  0.0000000000000E+00
  0.0000000000000E+00
  0.0000000000000E+00
  0.0000000000000E+00
  0.0000000000000E+00
  0.0000000000000E+00
  0.0000000000000E+00
  0.0000000000000E+00
  0.0000000000000E+00
  0.0000000000000E+00
  0.0000000000000E+00
  0.0000000000000E+00
  0.0000000000000E+00
  0.8398931320736E+01
  0.6323982561545E+01
 -0.8790474179895E+00
 -0.3593303868145E+01
 -0.1055426215827E+02
 -0.1017863342244E+02
 -0.8948245573957E+01
 -0.8286646832672E+01
 -0.6565769763724E+01
 -0.5159043418658E+01
 -0.4565003764341E+01
 -0.4261020095396E+01
 -0.3161913828114E+01
 -0.1292208771965E+01
  0.5017557434686E+01
  0.1679447268837E+02
  0.0000000000000E+00
  0.0000000000000E+00
  0.0000000000000E+00
  0.0000000000000E+00
  0.0000000000000E+00
  0.0000000000000E+00
  0.0000000000000E+00
  0.0000000000000E+00
  0.0000000000000E+00
  0.2109194311912E+02
  0.3077976637676E+02
  0.0000000000000E+00
  0.0000000000000E+00
  0.0000000000000E+00
  0.0000000000000E+00
  0.0000000000000E+00
  0.0000000000000E+00
  0.0000000000000E+00
  0.0000000000000E+00
  0.0000000000000E+00
  0.1594407258568E+01
 -0.2034109341599E+01
 -0.6245707230001E+01
 -0.8969140885918E+01
 -0.1580934166538E+02
 -0.1530749976236E+02
 -0.1430987182142E+02
 -0.1408520511020E+02
 -0.1380246726882E+02
 -0.1313043439419E+02
 -0.1223030462425E+02
 -0.1109076408795E+02
 -0.9376707491615E+01
 -0.7581712065503E+01
 -0.4154734928114E+01
  0.4701390885362E+01
  0.1151578468176E+02
  0.0000000000000E+00
  0.0000000000000E+00
  0.0000000000000E+00
  0.0000000000000E+00
  0.0000000000000E+00
  0.0000000000000E+00
  0.0000000000000E+00
  0.1742867422589E+02
  0.2838857824021E+02
  0.3135259947863E+02
  0.0000000000000E+00
  0.0000000000000E+00
  0.0000000000000E+00
  0.0000000000000E+00
  0.1934690276094E+02
  0.3005726635016E+02
  0.0000000000000E+00
  0.0000000000000E+00
  0.0000000000000E+00
 -0.2339163729414E+01
 -0.6485767284496E+01
 -0.1145694297292E+02
 -0.1447486763537E+02
 -0.1955944370821E+02
 -0.1795079346938E+02
 -0.1680490712713E+02
 -0.1689057478443E+02
 -0.1752234740630E+02
 -0.1777026971696E+02
 -0.1758542515454E+02
 -0.1686912947267E+02
 -0.1568302001919E+02
 -0.1474624788280E+02
 -0.1287910924244E+02
 -0.7598012903223E+01
  0.2139294667096E+01
  0.0000000000000E+00
  0.0000000000000E+00
  0.0000000000000E+00
  0.0000000000000E+00
  0.0000000000000E+00
  0.0000000000000E+00
  0.1347352491644E+02
  0.1435973855150E+02
  0.1384168802760E+02
  0.1815157064923E+02
  0.0000000000000E+00
  0.0000000000000E+00
  0.0000000000000E+00
  0.1283770959092E+02
  0.1998858110898E+02
  0.2093709406197E+02
  0.0000000000000E+00
  0.0000000000000E+00
  0.0000000000000E+00
 -0.3551724881252E+01
 -0.1152614362699E+02
 -0.1735367344422E+02
 -0.1997793490104E+02
 -0.1979083575746E+02
 -0.1780906986431E+02
 -0.1807215997311E+02
 -0.1896988437398E+02
 -0.1919156278418E+02
 -0.1875047351935E+02
 -0.1769356906171E+02
 -0.1600144112001E+02
 -0.1405499073278E+02
 -0.1474042893191E+02
 -0.1734657884151E+02
 -0.1526113208786E+02
 -0.6203863567299E+01
  0.8574742384103E+00
  0.7249581366914E+01
  0.0000000000000E+00
  0.0000000000000E+00
  0.1680642459256E+01
  0.5963515590137E+01
  0.7473353073459E+01
  0.7184361955421E-01
 -0.2232820960769E+01
  0.8478886312528E+00
  0.4153377737484E+01
  0.6777876841987E+01
  0.7574488983855E+01
  0.5478724615746E+01
  0.4237501229311E+01
  0.3247014358847E+01
  0.0000000000000E+00
  0.0000000000000E+00
  0.0000000000000E+00
 -0.8835481351928E+01
 -0.1796800981258E+02
 -0.2081565494764E+02
 -0.2202690168862E+02
 -0.2083164317624E+02
 -0.2141386243644E+02
 -0.2240877498791E+02
 -0.2306816812431E+02
 -0.2348429666405E+02
 -0.2368034422142E+02
 -0.2361745030907E+02
 -0.2349043496185E+02
 -0.2315809491023E+02
 -0.2212012542845E+02
 -0.2003583955913E+02
 -0.1504713037209E+02
 -0.1245135424887E+02
 -0.7747015278807E+01
 -0.8477986661849E+00
  0.0000000000000E+00
  0.0000000000000E+00
 -0.3074012393709E+01
 -0.3037998681584E+01
 -0.3015319516307E+01
 -0.1053613120710E+02
 -0.1103137894687E+02
 -0.8005558746127E+01
 -0.6913769742552E+01
 -0.5760331599207E+01
 -0.6175167171411E+01
 -0.7210724093021E+01
 -0.7490869114156E+01
 -0.5358673613216E+01
  0.0000000000000E+00
  0.0000000000000E+00
  0.0000000000000E+00
 -0.1076102984276E+02
 -0.1421016456957E+02
 -0.1756142139212E+02
 -0.2079264119823E+02
 -0.2127083365832E+02
 -0.2215581037807E+02
 -0.2295292861770E+02
 -0.2356132591569E+02
 -0.2397727660440E+02
 -0.2428314233291E+02
 -0.2442353321897E+02
 -0.2440433951973E+02
 -0.2422281221780E+02
 -0.2390845529475E+02
 -0.2334138328247E+02
 -0.2266407514161E+02
 -0.1683110464027E+02
 -0.1203670306216E+02
 -0.6789696887679E+01
  0.8084553251809E+00
  0.0000000000000E+00
 -0.1877842273695E+01
 -0.6512509752074E+01
  0.0000000000000E+00
 -0.1250897633603E+02
 -0.1330553062858E+02
 -0.1335933317389E+02
 -0.9232986295898E+01
 -0.7807431842983E+01
 -0.8092755299290E+01
 -0.8948713660602E+01
 -0.8955223368790E+01
 -0.6484465137446E+01
  0.0000000000000E+00
  0.0000000000000E+00
  0.0000000000000E+00
 -0.1229884394577E+02
 -0.1637692304943E+02
 -0.1947263189775E+02
 -0.2061551789843E+02
 -0.2191308449110E+02
 -0.2288611054322E+02
 -0.2359701526873E+02
 -0.2425537755125E+02
 -0.2490804351787E+02
 -0.2548206797975E+02
 -0.2589416327311E+02
 -0.2601899473864E+02
 -0.2572654428745E+02
 -0.2499643959200E+02
 -0.2390291801756E+02
 -0.2207593310666E+02
 -0.1790956460530E+02
  0.0000000000000E+00
 -0.1105441524952E+02
 -0.1743825122214E+01
  0.0000000000000E+00
  0.0000000000000E+00
 -0.8994516313708E+01
 -0.1107394107367E+02
 -0.1415045793585E+02
 -0.1473242936924E+02
 -0.1345219691262E+02
 -0.1034481182158E+02
 -0.6642477489816E+01
 -0.9685416098104E+01
 -0.8698537378063E+01
 -0.9090334852248E+01
 -0.5466901533271E+01
 -0.2272430609093E+01
  0.0000000000000E+00
  0.0000000000000E+00
 -0.1394261895286E+02
 -0.1725759113975E+02
 -0.1990722592337E+02
 -0.2101472043496E+02
 -0.2265641078985E+02
 -0.2351046586539E+02
 -0.2427251266420E+02
 -0.2513758882829E+02
 -0.2604019851108E+02
 -0.2678153492949E+02
 -0.2715854869932E+02
 -0.2706599455863E+02
 -0.2656929748974E+02
 -0.2574538284006E+02
 -0.2448781615851E+02
 -0.2261023194110E+02
 -0.1946405710225E+02
 -0.1774153477767E+02
 -0.1373673143942E+02
 -0.6438331024760E+01
  0.0000000000000E+00
  0.0000000000000E+00
 -0.1007622038958E+02
 -0.1248050786027E+02
 -0.1530627398398E+02
 -0.1648628187274E+02
 -0.1603611161148E+02
 -0.1327980825905E+02
  0.0000000000000E+00
 -0.9371570699350E+01
 -0.6968426704143E+01
 -0.1011697634176E+02
 -0.7586066406525E+01
 -0.4372903207572E+01
  0.0000000000000E+00
  0.0000000000000E+00
 -0.1503543720132E+02
 -0.1771224032300E+02
 -0.2022608377901E+02
 -0.2163563009113E+02
 -0.2307371803611E+02
 -0.2384277114014E+02
 -0.2457187450506E+02
 -0.2526445681562E+02
 -0.2583972796433E+02
 -0.2620281703368E+02
 -0.2627563837363E+02
 -0.2639103127421E+02
 -0.2636626819489E+02
 -0.2592777911148E+02
 -0.2503390290694E+02
 -0.2354312788538E+02
 -0.2131780518538E+02
 -0.1990014923712E+02
 -0.1588232393693E+02
 -0.9145985949866E+01
  0.0000000000000E+00
  0.0000000000000E+00
 -0.8533428486657E+01
 -0.1537908816059E+02
 -0.1687697310739E+02
 -0.1819051749030E+02
 -0.1833474724985E+02
 -0.1605659652839E+02
  0.0000000000000E+00
  0.0000000000000E+00
  0.0000000000000E+00
 -0.8791698301909E+01
 -0.9320170033758E+01
 -0.8089587584147E+01
  0.0000000000000E+00
  0.0000000000000E+00
 -0.1547890553556E+02
 -0.1829729783852E+02
 -0.2051105501325E+02
 -0.2199320507158E+02
 -0.2255958008796E+02
 -0.2304551006098E+02
 -0.2325595087406E+02
 -0.2297219423212E+02
 -0.2255374092623E+02
 -0.2209314084017E+02
 -0.2273740690285E+02
 -0.2442392795163E+02
 -0.2537044303302E+02
 -0.2565298366336E+02
 -0.2543293249624E+02
 -0.2464417153796E+02
 -0.2290208683798E+02
 -0.2154058678156E+02
 -0.1775506072321E+02
 -0.1189558383818E+02
  0.0000000000000E+00
  0.0000000000000E+00
  0.0000000000000E+00
 -0.1486199356063E+02
 -0.1813050260665E+02
 -0.1937412786008E+02
 -0.1954048599320E+02
 -0.2025715692788E+02
 -0.1772992273650E+02
  0.0000000000000E+00
  0.0000000000000E+00
  0.0000000000000E+00
 -0.1065377286649E+02
 -0.1105904325842E+02
  0.0000000000000E+00
  0.0000000000000E+00
 -0.1504594404411E+02
 -0.1871760784487E+02
 -0.2071573675043E+02
 -0.2164051144644E+02
 -0.1916823699349E+02
 -0.1906662253894E+02
 -0.1852127942930E+02
 -0.1745037779298E+02
 -0.1665227841667E+02
 -0.1794464315798E+02
 -0.2055895452910E+02
 -0.2262788544393E+02
 -0.2358452847887E+02
 -0.2400792566970E+02
 -0.2439132496136E+02
 -0.2425887451548E+02
 -0.2270540411460E+02
 -0.2243514515772E+02
 -0.1966887709517E+02
 -0.1578670866535E+02
  0.0000000000000E+00
  0.0000000000000E+00
  0.0000000000000E+00
 -0.1683687070543E+02
 -0.1875675986821E+02
 -0.1920045282191E+02
 -0.2087109092605E+02
 -0.2084004370342E+02
 -0.1912843282112E+02
 -0.1641589086661E+02
  0.0000000000000E+00
  0.0000000000000E+00
 -0.1257612189755E+02
 -0.1418958222103E+02
  0.0000000000000E+00
 -0.1379616425660E+02
 -0.1670991551438E+02
 -0.1778250135638E+02
 -0.1841240801152E+02
 -0.1879314725620E+02
 -0.1619687924143E+02
 -0.1656162553642E+02
 -0.1766644847095E+02
 -0.1994033666739E+02
 -0.2216246245435E+02
 -0.2323545361235E+02
 -0.2326011473043E+02
 -0.2260266187548E+02
 -0.2150877941315E+02
 -0.2024163674460E+02
 -0.1936026694336E+02
 -0.2050857413754E+02
 -0.2154946393294E+02
 -0.2251368380921E+02
 -0.2119253136640E+02
 -0.1866300400778E+02
  0.0000000000000E+00
  0.0000000000000E+00
  0.0000000000000E+00
 -0.1794497884151E+02
 -0.2090222727491E+02
 -0.2179434140922E+02
 -0.2189284804848E+02
 -0.2196978646373E+02
 -0.1856994984285E+02
 -0.1440121352809E+02
 -0.1614465905575E+02
  0.0000000000000E+00
 -0.1398743036953E+02
 -0.1719632630572E+02
 -0.1600156595769E+02
 -0.1667843328134E+02
 -0.1641811121632E+02
 -0.1566238752753E+02
 -0.1529305760247E+02
 -0.1587793168277E+02
 -0.2347336083869E+02
 -0.2468543549095E+02
 -0.2549509807185E+02
 -0.2592281638319E+02
 -0.2601921884953E+02
 -0.2583590141464E+02
 -0.2536504292827E+02
 -0.2419141582486E+02
 -0.2190340380999E+02
 -0.1997328230167E+02
 -0.1893280580653E+02
 -0.1897798147939E+02
 -0.2080946897179E+02
 -0.2006814552821E+02
 -0.2341929443057E+02
 -0.1917243803139E+02
  0.0000000000000E+00
  0.0000000000000E+00
  0.0000000000000E+00
 -0.1977596444690E+02
 -0.2252386916432E+02
 -0.2367191374408E+02
 -0.2247990645285E+02
 -0.2262233565950E+02
 -0.2036929331593E+02
 -0.2022499775281E+02
 -0.1995525002754E+02
  0.0000000000000E+00
  0.0000000000000E+00
 -0.1650555816963E+02
 -0.1914761553462E+02
 -0.1812662195051E+02
 -0.1856253986129E+02
 -0.1885310528690E+02
 -0.2066974861639E+02
 -0.2225323482987E+02
 -0.2615323845011E+02
 -0.2659196879546E+02
 -0.2675655835414E+02
 -0.2672019095133E+02
 -0.2656844641607E+02
 -0.2631543653609E+02
 -0.2601334466580E+02
 -0.2583903254418E+02
 -0.2582979383405E+02
 -0.2585010216553E+02
 -0.2558746489949E+02
 -0.2508398254434E+02
 -0.2420858603725E+02
 -0.1047521026851E+02
 -0.2668747176097E+02
 -0.2439482617823E+02
  0.0000000000000E+00
  0.0000000000000E+00
  0.0000000000000E+00
 -0.1745262540677E+02
 -0.2230477620027E+02
 -0.2120274389473E+02
 -0.1915388750933E+02
 -0.2057780533973E+02
 -0.2105364665078E+02
 -0.2086921492360E+02
 -0.1824393130256E+02
 -0.1348182913473E+02
  0.0000000000000E+00
 -0.1787353836321E+02
 -0.2106785034432E+02
 -0.2053096343523E+02
 -0.2173462063500E+02
 -0.2307377348087E+02
 -0.2449350656458E+02
 -0.2547652799416E+02
 -0.2603099886983E+02
 -0.2569726278541E+02
 -0.2523613156058E+02
 -0.2488850103344E+02
 -0.2452635762975E+02
 -0.2396042860545E+02
 -0.2327441443085E+02
 -0.2291516135226E+02
 -0.2317674556950E+02
 -0.2382480758795E+02
 -0.2442809140404E+02
 -0.2495430119118E+02
 -0.2571960326713E+02
 -0.2287096116761E+02
 -0.2389927244700E+02
 -0.2571650096485E+02
  0.0000000000000E+00
  0.0000000000000E+00
  0.0000000000000E+00
 -0.2365939314312E+02
 -0.2525119753292E+02
 -0.1791983607342E+02
 -0.2286756711580E+02
 -0.1441194554512E+02
 -0.1084390829430E+02
 -0.1408345239560E+02
 -0.1663979997156E+02
 -0.2150581173797E+02
  0.0000000000000E+00
 -0.1564974355775E+02
 -0.2063438145810E+02
 -0.2067283239951E+02
 -0.2198998345422E+02
 -0.2391067174819E+02
 -0.2534270646016E+02
 -0.2595982293740E+02
 -0.2047930242173E+02
 -0.2016419365879E+02
 -0.1987478733317E+02
 -0.1949319270971E+02
 -0.1894741041161E+02
 -0.1812194757107E+02
 -0.1713845535018E+02
 -0.1648266187783E+02
 -0.1638725671620E+02
 -0.1687163746549E+02
 -0.1776631321583E+02
 -0.1919299066039E+02
 -0.2229651575930E+02
 -0.2747066624089E+02
 -0.1942490747398E+02
 -0.1982412780493E+02
  0.0000000000000E+00
  0.0000000000000E+00
  0.0000000000000E+00
 -0.2609661853511E+02
 -0.2715235308271E+02
 -0.2678686844239E+02
 -0.2615091982986E+02
 -0.2488823847294E+02
 -0.2253679891987E+02
 -0.2355493410946E+02
 -0.2426667883330E+02
 -0.2341726904358E+02
 -0.1870640940920E+02
 -0.2149994587856E+02
 -0.1978776613727E+02
 -0.1842887211834E+02
 -0.1871242841414E+02
 -0.2057148449101E+02
 -0.2130200773556E+02
 -0.2090898067365E+02
 -0.2487052932629E+02
 -0.2471864552845E+02
 -0.2465134759129E+02
 -0.2457639342447E+02
 -0.2453352194657E+02
 -0.2439652019472E+02
 -0.2409083345191E+02
 -0.2379139396248E+02
 -0.2347770075078E+02
 -0.2304642999106E+02
 -0.2234988551194E+02
 -0.2168627061475E+02
 -0.2369591047740E+02
 -0.2641468852492E+02
 -0.2829718451496E+02
 -0.1995037697518E+02
  0.0000000000000E+00
  0.0000000000000E+00
  0.0000000000000E+00
 -0.2693511180385E+02
 -0.2544200427529E+02
 -0.2772828055349E+02
  0.0000000000000E+00
 -0.2516739327277E+02
 -0.2615330735595E+02
 -0.2650500862770E+02
 -0.2497483770185E+02
 -0.2291395030817E+02
 -0.2178641552105E+02
 -0.2450583354629E+02
 -0.2397387323751E+02
 -0.2240788015250E+02
 -0.2282093201462E+02
 -0.2422980566606E+02
 -0.2487690810313E+02
 -0.2500819490465E+02
 -0.2930680229549E+02
 -0.2929067291660E+02
 -0.2908756843400E+02
 -0.2877664172620E+02
 -0.2838831777502E+02
 -0.2809438946686E+02
 -0.2802662571764E+02
 -0.2826881575802E+02
 -0.2865393079323E+02
 -0.2903650040625E+02
 -0.2933129747135E+02
 -0.2924609290902E+02
 -0.2793959109565E+02
 -0.2155040894131E+02
 -0.2314195438681E+02
 -0.2757833396134E+02
 -0.1313343309161E+02
 -0.1501120629068E+02
 -0.2227110851308E+02
 -0.2970448686220E+02
 -0.2632320833762E+02
 -0.2660457724657E+02
  0.0000000000000E+00
 -0.2529750939847E+02
 -0.2399642602607E+02
 -0.2457401950615E+02
 -0.2475507660632E+02
 -0.2206150112002E+02
 -0.2145911622612E+02
 -0.2438697570294E+02
 -0.2512921081405E+02
 -0.2540775430172E+02
 -0.2570392200314E+02
 -0.2740755153093E+02
 -0.2847769125055E+02
 -0.2908037339330E+02
 -0.2866893483259E+02
 -0.2986574833585E+02
 -0.3121504728369E+02
 -0.3224631193061E+02
 -0.3257131280588E+02
 -0.3241837652058E+02
 -0.3199418973234E+02
 -0.3183535434684E+02
 -0.3203685211149E+02
 -0.3237784744783E+02
 -0.3267420705445E+02
 -0.3261278970140E+02
 -0.3128124577139E+02
 -0.2723442843961E+02
 -0.1924283848037E+02
 -0.1292423498740E+02
 -0.2133487977482E+02
 -0.2543418058497E+02
 -0.2818800517049E+02
 -0.3074338908520E+02
 -0.3042007927244E+02
  0.0000000000000E+00
 -0.2709215493146E+02
 -0.2589129930623E+02
 -0.2417807846257E+02
 -0.2480572783782E+02
 -0.2467270792964E+02
 -0.2352342646875E+02
 -0.2116940527746E+02
 -0.2013341994101E+02
 -0.2050801171917E+02
 -0.2225680265991E+02
 -0.2361196441524E+02
 -0.2485998009384E+02
 -0.2627192481375E+02
 -0.2761459720817E+02
 -0.2748132505847E+02
 -0.2812750757853E+02
 -0.2921395948334E+02
 -0.3085422518414E+02
 -0.3275759409469E+02
 -0.3431385987753E+02
 -0.3509827792970E+02
 -0.3501475166473E+02
 -0.3473348474326E+02
 -0.3473266194645E+02
 -0.3485593402430E+02
 -0.3474885377783E+02
 -0.3410708972766E+02
 -0.3251266315870E+02
 -0.3004146500950E+02
 -0.2954372589328E+02
 -0.3188660808027E+02
 -0.3131948324131E+02
 -0.3122580443410E+02
 -0.3160065964823E+02
 -0.3074630325108E+02
  0.0000000000000E+00
 -0.2536130782292E+02
 -0.2769355863715E+02
 -0.2658552014482E+02
 -0.2706025347242E+02
 -0.2668504056871E+02
 -0.2585855203771E+02
 -0.2421864810197E+02
 -0.2382553559260E+02
 -0.2360352443440E+02
 -0.2389009479437E+02
 -0.2478463926880E+02
 -0.2596681057550E+02
 -0.2627052427730E+02
 -0.2696760408817E+02
 -0.3112504575430E+02
 -0.3143770305582E+02
 -0.3170639946678E+02
 -0.3209665129423E+02
 -0.3306308581689E+02
 -0.3448931374986E+02
 -0.3593971655753E+02
 -0.3682392345746E+02
 -0.3702189134616E+02
 -0.3681373998089E+02
 -0.3668501900243E+02
 -0.3662518501589E+02
 -0.3648803023052E+02
 -0.3638185888325E+02
 -0.3630221253133E+02
 -0.3570996377794E+02
 -0.3500673935111E+02
 -0.3410679325202E+02
 -0.3494614613951E+02
 -0.3598517618899E+02
 -0.3464412944351E+02
 -0.2382674092426E+02
 -0.3351469548779E+02
 -0.3116476008232E+02
 -0.3037082796970E+02
 -0.2974851833467E+02
 -0.2924585373030E+02
 -0.2887179844034E+02
 -0.2872436655764E+02
 -0.2883690949443E+02
 -0.2900440300127E+02
 -0.2940675478095E+02
 -0.2995582998094E+02
 -0.3028723656220E+02
 -0.3043985228331E+02
 -0.3080634864966E+02
 -0.3415543477919E+02
 -0.3437111513728E+02
 -0.3466064309714E+02
 -0.3508536841237E+02
 -0.3567348937570E+02
 -0.3636394062935E+02
 -0.3707065594199E+02
 -0.3782827040743E+02
 -0.3845554859040E+02
 -0.3860485439641E+02
 -0.3846615596315E+02
 -0.3838531428033E+02
 -0.3841144374832E+02
 -0.3832956690065E+02
 -0.3792353917225E+02
 -0.3744567407595E+02
 -0.3688902657477E+02
 -0.3696411722735E+02
 -0.3795653531963E+02
 -0.3862350786065E+02
 -0.3911057557179E+02
 -0.3381456789439E+02
 -0.3409553800013E+02
 -0.3282527481602E+02
 -0.3204995995145E+02
 -0.3155251186824E+02
 -0.3143453527334E+02
 -0.3137615795725E+02
 -0.3149733764890E+02
 -0.3170260051581E+02
 -0.3200647192761E+02
 -0.3246404790056E+02
 -0.3297769230927E+02
 -0.3333003315173E+02
 -0.3366077034976E+02
 -0.3394721734991E+02
 -0.3622296500512E+02
 -0.3638354495269E+02
 -0.3661102693926E+02
 -0.3698977001217E+02
 -0.3742142960472E+02
 -0.3787598791421E+02
 -0.3836788470331E+02
 -0.3891893053648E+02
 -0.3941264911088E+02
 -0.3964572680165E+02
 -0.3961861256337E+02
 -0.3950714798640E+02
 -0.3950618799800E+02
 -0.3925725081940E+02
 -0.3850216459041E+02
 -0.3773916988667E+02
 -0.3757699003606E+02
 -0.3876392066021E+02
 -0.3993866506702E+02
 -0.4093438895853E+02
 -0.4110620966099E+02
 -0.2106412812864E+02
 -0.2792074463868E+02
 -0.3096791448148E+02
 -0.3198140580724E+02
 -0.3227780025904E+02
 -0.3259479136823E+02
 -0.3285188805212E+02
 -0.3322951224051E+02
 -0.3358678096852E+02
 -0.3395508442675E+02
 -0.3442384828873E+02
 -0.3493104117242E+02
 -0.3535073249481E+02
 -0.3574755651102E+02
 -0.3603075069944E+02
 -0.3570724491944E+02
 -0.3596313928739E+02
 -0.3629769391835E+02
 -0.3680764424195E+02
 -0.3727261710341E+02
 -0.3766465771340E+02
 -0.3799111263478E+02
 -0.3821265573918E+02
 -0.3824206392596E+02
 -0.3788665217918E+02
 -0.3665251540400E+02
 -0.3423229648624E+02
 -0.3131817756982E+02
 -0.3129856111406E+02
 -0.3376575435257E+02
 -0.3515936343283E+02
 -0.3738932285866E+02
 -0.4006135664047E+02
 -0.4354911695733E+02
 -0.4546864021416E+02
 -0.4538014219684E+02
 -0.5238602762884E+02
 -0.4671462104339E+02
 -0.3783148618773E+02
 -0.3306389831783E+02
 -0.3219323009959E+02
 -0.3166407072747E+02
 -0.3110318109263E+02
 -0.3117329420926E+02
 -0.3194490137834E+02
 -0.3284035602652E+02
 -0.3369339416209E+02
 -0.3438741060994E+02
 -0.3496837763315E+02
 -0.3537406638034E+02
 -0.3555263794514E+02
 -0.3532796166738E+02
 -0.3474396411222E+02
 -0.3427994517269E+02
 -0.3476738896743E+02
 -0.3512815777436E+02
 -0.3525667341625E+02
 -0.3524235283941E+02
 -0.3494982072540E+02
 -0.3424391415821E+02
 -0.3443916310539E+02
 -0.3624629588304E+02
 -0.3854544197643E+02
 -0.3992379015524E+02
 -0.4055168018145E+02
 -0.4270091043760E+02
 -0.4500031712475E+02
 -0.4570353160768E+02
 -0.4612037044500E+02
  0.0000000000000E+00
  0.0000000000000E+00
  0.0000000000000E+00
 -0.4810058913932E+02
 -0.6152168854808E+02
 -0.5399358896441E+02
 -0.4497473650321E+02
 -0.3994360606406E+02
 -0.3794887322224E+02
 -0.3676238938844E+02
 -0.3622534913465E+02
 -0.3559189094345E+02
 -0.3503875479651E+02
 -0.3482413223952E+02
 -0.3510674652003E+02
 -0.3565061502520E+02
 -0.3602425998086E+02
 -0.3590091871656E+02
 -0.3967826164938E+02
 -0.4041015610824E+02
 -0.4082760011407E+02
 -0.4082005239262E+02
 -0.4086470787397E+02
 -0.4112876428811E+02
 -0.4150329483711E+02
 -0.4178934948009E+02
 -0.4203377263888E+02
 -0.4185136634219E+02
 -0.4101026841220E+02
 -0.3954340685318E+02
 -0.3752006030758E+02
 -0.3566541212018E+02
 -0.3742567183974E+02
 -0.4265238497226E+02
 -0.4787541243979E+02
 -0.4841036176456E+02
  0.0000000000000E+00
  0.0000000000000E+00
  0.0000000000000E+00
 -0.4419388748038E+02
 -0.6014609636655E+02
 -0.5896671014878E+02
 -0.5422405447936E+02
 -0.4917509771953E+02
 -0.4446861818054E+02
 -0.4029262066961E+02
 -0.3710235080841E+02
 -0.3615343140054E+02
 -0.3555362111909E+02
 -0.3700540004937E+02
 -0.3687167435649E+02
 -0.3711547081537E+02
 -0.3778120085048E+02
 -0.3870173583492E+02
 -0.3468095366798E+02
 -0.3456937315990E+02
 -0.3427249420847E+02
 -0.3643768925642E+02
 -0.3722922539698E+02
 -0.3767141923506E+02
 -0.3804128659655E+02
 -0.3841815573944E+02
 -0.3868296980343E+02
 -0.3862677039976E+02
 -0.3810529885434E+02
 -0.3703768892498E+02
 -0.3516780177560E+02
 -0.3271752709638E+02
 -0.3270102449647E+02
 -0.3974252338461E+02
 -0.4719912363384E+02
 -0.5701941517164E+02
  0.0000000000000E+00
  0.0000000000000E+00
  0.0000000000000E+00
 -0.3979672275293E+02
 -0.4981860559310E+02
 -0.4966076116702E+02
 -0.5023232205048E+02
 -0.5007526482354E+02
 -0.4842347790629E+02
 -0.4686502853774E+02
 -0.4497838359263E+02
 -0.4280303145791E+02
 -0.4073449341020E+02
 -0.3898104517739E+02
 -0.3756334932894E+02
 -0.3637172375027E+02
 -0.3540839669586E+02
 -0.3488134398840E+02
 -0.3979845991199E+02
 -0.3941371293671E+02
 -0.3894056528699E+02
 -0.3827749537289E+02
 -0.3766885438393E+02
 -0.3725074642014E+02
 -0.3713003890996E+02
 -0.3737755919381E+02
 -0.3792628513535E+02
 -0.3825823002457E+02
 -0.3838030012601E+02
 -0.3800553544432E+02
 -0.3693481592349E+02
 -0.3557773555306E+02
 -0.3388322873021E+02
 -0.3770167288638E+02
 -0.4490319266527E+02
 -0.6407294765159E+02
 -0.5599453855983E+02
 -0.4825261237292E+02
 -0.3846305537101E+02
 -0.3481030026266E+02
 -0.3164244265937E+02
 -0.3253738588248E+02
 -0.3583588585307E+02
 -0.3763011921442E+02
 -0.4103564992849E+02
 -0.4338345249831E+02
 -0.4356827302996E+02
 -0.4407521716978E+02
 -0.4392884635182E+02
 -0.4332816338808E+02
 -0.4262448369566E+02
 -0.4196638331848E+02
 -0.4016628433464E+02
 -0.3986648744460E+02
 -0.4369519170722E+02
 -0.4223821869878E+02
 -0.4249091436640E+02
 -0.4270417293861E+02
 -0.4269773825777E+02
 -0.4261874254227E+02
 -0.4275666717094E+02
 -0.4308355167662E+02
 -0.4368465305709E+02
 -0.4231115083666E+02
 -0.4277061973245E+02
 -0.4324041144092E+02
 -0.4345463138319E+02
 -0.4333116584890E+02
 -0.4221242074086E+02
 -0.4138597135352E+02
 -0.4428777055391E+02
 -0.4946714325494E+02
 -0.4862331349362E+02
 -0.4453984477632E+02
 -0.3865709001836E+02
 -0.3275447108474E+02
 -0.2933802644084E+02
 -0.2869464664301E+02
 -0.2814922032762E+02
 -0.2866082139170E+02
 -0.3128776521378E+02
 -0.3403455009934E+02
 -0.3675566515046E+02
 -0.3861047597088E+02
 -0.3978971767013E+02
 -0.4025282051891E+02
 -0.4040594127671E+02
 -0.4187071306157E+02
 -0.4273822985546E+02
 -0.4320022865004E+02
 -0.3971105983985E+02
 -0.4086173693459E+02
 -0.4154603108430E+02
 -0.4198024745635E+02
 -0.4199270868556E+02
 -0.4197549780095E+02
 -0.4227548753032E+02
 -0.4233839200539E+02
 -0.4175432544348E+02
 -0.4160893799860E+02
 -0.4255550049059E+02
 -0.4336784800488E+02
 -0.4389162573440E+02
 -0.4400742426961E+02
 -0.4353413690178E+02
 -0.4179889490298E+02
 -0.4248205222926E+02
 -0.4638184904020E+02
 -0.4598873652582E+02
 -0.4430330511784E+02
 -0.3895033459219E+02
 -0.3714426101059E+02
 -0.3449116076561E+02
 -0.3229201877025E+02
 -0.3019426822488E+02
 -0.2845661117188E+02
 -0.2764352191630E+02
 -0.2860197214898E+02
 -0.3072788425503E+02
 -0.3278269656872E+02
 -0.3466057452064E+02
 -0.3619032373215E+02
 -0.3716200224290E+02
 -0.3820797733061E+02
 -0.3927426572827E+02
 -0.3903881656509E+02
 -0.3068139053846E+02
 -0.3071421504962E+02
 -0.3065706863111E+02
 -0.3056405840394E+02
 -0.2993555603445E+02
 -0.2976057322916E+02
 -0.2968541621822E+02
 -0.2969796932276E+02
 -0.2978226921681E+02
 -0.2997739578633E+02
 -0.3033302216688E+02
 -0.3052900520632E+02
 -0.3026854282246E+02
 -0.3042289642070E+02
 -0.3050708768345E+02
 -0.3043239691500E+02
 -0.3042946454939E+02
 -0.3048203013076E+02
 -0.3065175979161E+02
 -0.3089420981512E+02
 -0.3111657209577E+02
 -0.3115883377936E+02
 -0.3101321680720E+02
 -0.3087573586069E+02
 -0.3074387682055E+02
 -0.3071555097806E+02
 -0.3095880370480E+02
 -0.3097545525970E+02
 -0.3082451211029E+02
 -0.3060371085623E+02
 -0.3034908716703E+02
 -0.3014564292621E+02
 -0.3010344379157E+02
 -0.3019510054394E+02
 -0.3038808411913E+02
 -0.3056495091086E+02
 -0.6911113643302E+01
 -0.6804063700913E+01
 -0.6634637958304E+01
 -0.6770236950232E+01
 -0.0000000000000E+00
 -0.0000000000000E+00
 -0.0000000000000E+00
 -0.0000000000000E+00
 -0.5554292407354E+01
 -0.0000000000000E+00
 -0.0000000000000E+00
 -0.4004285673450E+02
 -0.3984444364226E+02
 -0.3979660706330E+02
 -0.3987888423585E+02
 -0.4010962928990E+02
 -0.4055707923036E+02
 -0.4128840417719E+02
 -0.0000000000000E+00
 -0.9372455334451E+01
 -0.6378908424510E+01
 -0.5050990546847E+01
 -0.5231237110988E-01
 -0.4260823009630E-01
 -0.3369519351707E-01
 -0.2518161357750E-01
 -0.0000000000000E+00
 -0.0000000000000E+00
 -0.0000000000000E+00
 -0.0000000000000E+00
 -0.0000000000000E+00
 -0.0000000000000E+00
 -0.0000000000000E+00
 -0.0000000000000E+00
 -0.0000000000000E+00
 -0.0000000000000E+00
  0.0000000000000E+00
  0.1470067838851E+03
  0.1279640234135E+03
  0.1150892685821E+03
  0.1208888675641E+03
  0.0000000000000E+00
  0.1003252464838E+03
  0.1124715254080E+03
  0.1485671430033E+03
  0.1450581094811E+03
  0.2170391965990E+03
  0.2170391965990E+03
  0.0000000000000E+00
  0.0000000000000E+00
  0.0000000000000E+00
  0.0000000000000E+00
  0.0000000000000E+00
  0.0000000000000E+00
  0.0000000000000E+00
  0.0000000000000E+00
  0.0000000000000E+00
  0.0000000000000E+00
  0.0000000000000E+00
  0.0000000000000E+00
  0.0000000000000E+00
  0.0000000000000E+00
  0.0000000000000E+00
  0.0000000000000E+00
  0.0000000000000E+00
  0.0000000000000E+00
  0.0000000000000E+00
  0.2170391965990E+03
  0.2170391965990E+03
  0.2170391965990E+03
  0.2170391965990E+03
  0.2170391965990E+03
  0.2109615065598E+03
  0.0000000000000E+00
  0.0000000000000E+00
  0.0000000000000E+00
  0.2109615065598E+03
  0.2109615065598E+03
  0.2109615065598E+03
  0.2109615065598E+03
  0.2109615065598E+03
  0.0000000000000E+00
  0.2109615065598E+03
  0.2109615065598E+03
  0.2109615065598E+03
  0.2109615065598E+03
  0.2109615065598E+03
  0.0000000000000E+00
  0.0000000000000E+00
  0.0000000000000E+00
  0.0000000000000E+00
  0.0000000000000E+00
  0.0000000000000E+00
  0.0000000000000E+00
  0.0000000000000E+00
  0.0000000000000E+00
  0.0000000000000E+00
  0.0000000000000E+00
  0.0000000000000E+00
  0.0000000000000E+00
  0.0000000000000E+00
  0.0000000000000E+00
  0.0000000000000E+00
  0.0000000000000E+00
  0.2109615065598E+03
  0.2109615065598E+03
  0.2109615065598E+03
  0.2109615065598E+03
  0.2131572896140E+03
  0.2131572896140E+03
  0.2131572896140E+03
  0.2131572896140E+03
  0.2131572896140E+03
  0.2131572896140E+03
  0.2131572896140E+03
  0.2131572896140E+03
  0.2131572896140E+03
  0.2131572896140E+03
  0.0000000000000E+00
  0.2131572896140E+03
  0.2131572896140E+03
  0.2131572896140E+03
  0.2131572896140E+03
  0.0000000000000E+00
  0.0000000000000E+00
  0.0000000000000E+00
  0.0000000000000E+00
  0.0000000000000E+00
  0.0000000000000E+00
  0.0000000000000E+00
  0.0000000000000E+00
  0.0000000000000E+00
  0.0000000000000E+00
  0.0000000000000E+00
  0.0000000000000E+00
  0.0000000000000E+00
  0.0000000000000E+00
  0.0000000000000E+00
  0.0000000000000E+00
  0.0000000000000E+00
  0.2131572896140E+03
  0.2131572896140E+03
  0.2131572896140E+03
  0.2131572896140E+03
  0.2206824528005E+03
  0.2206824528005E+03
  0.2206824528005E+03
  0.2206824528005E+03
  0.2206824528005E+03
  0.2206824528005E+03
  0.2206824528005E+03
  0.2206824528005E+03
  0.2206824528005E+03
  0.2206824528005E+03
  0.2206824528005E+03
  0.2206824528005E+03
  0.0000000000000E+00
  0.0000000000000E+00
  0.0000000000000E+00
  0.0000000000000E+00
  0.0000000000000E+00
  0.0000000000000E+00
  0.0000000000000E+00
  0.0000000000000E+00
  0.0000000000000E+00
  0.0000000000000E+00
  0.0000000000000E+00
  0.0000000000000E+00
  0.0000000000000E+00
  0.0000000000000E+00
  0.0000000000000E+00
  0.0000000000000E+00
  0.0000000000000E+00
  0.0000000000000E+00
  0.0000000000000E+00
  0.0000000000000E+00
  0.2206824528005E+03
  0.2206824528005E+03
  0.2206824528005E+03
  0.2206824528005E+03
  0.2287092677260E+03
  0.2287092677260E+03
  0.2287092677260E+03
  0.2287092677260E+03
  0.2287092677260E+03
  0.2287092677260E+03
  0.2287092677260E+03
  0.2287092677260E+03
  0.2287092677260E+03
  0.2287092677260E+03
  0.2287092677260E+03
  0.2287092677260E+03
  0.0000000000000E+00
  0.0000000000000E+00
  0.0000000000000E+00
  0.0000000000000E+00
  0.0000000000000E+00
  0.0000000000000E+00
  0.0000000000000E+00
  0.0000000000000E+00
  0.0000000000000E+00
  0.2287092677260E+03
  0.2287092677260E+03
  0.0000000000000E+00
  0.0000000000000E+00
  0.0000000000000E+00
  0.0000000000000E+00
  0.0000000000000E+00
  0.0000000000000E+00
  0.0000000000000E+00
  0.0000000000000E+00
  0.0000000000000E+00
  0.2287092677260E+03
  0.2287092677260E+03
  0.2287092677260E+03
  0.2287092677260E+03
  0.2389200812589E+03
  0.2389200812589E+03
  0.2389200812589E+03
  0.2389200812589E+03
  0.2389200812589E+03
  0.2389200812589E+03
  0.2389200812589E+03
  0.2389200812589E+03
  0.2389200812589E+03
  0.2389200812589E+03
  0.2389200812589E+03
  0.2389200812589E+03
  0.2389200812589E+03
  0.0000000000000E+00
  0.0000000000000E+00
  0.0000000000000E+00
  0.0000000000000E+00
  0.0000000000000E+00
  0.0000000000000E+00
  0.0000000000000E+00
  0.2389200812589E+03
  0.2389200812589E+03
  0.2389200812589E+03
  0.0000000000000E+00
  0.0000000000000E+00
  0.0000000000000E+00
  0.0000000000000E+00
  0.2389200812589E+03
  0.2389200812589E+03
  0.0000000000000E+00
  0.0000000000000E+00
  0.0000000000000E+00
  0.2389200812589E+03
  0.2389200812589E+03
  0.2389200812589E+03
  0.2389200812589E+03
  0.2489552920568E+03
  0.2489552920568E+03
  0.2489552920568E+03
  0.2489552920568E+03
  0.2489552920568E+03
  0.2489552920568E+03
  0.2489552920568E+03
  0.2489552920568E+03
  0.2489552920568E+03
  0.2489552920568E+03
  0.2489552920568E+03
  0.2489552920568E+03
  0.2489552920568E+03
  0.0000000000000E+00
  0.0000000000000E+00
  0.0000000000000E+00
  0.0000000000000E+00
  0.0000000000000E+00
  0.0000000000000E+00
  0.2489552920568E+03
  0.2489552920568E+03
  0.2489552920568E+03
  0.2489552920568E+03
  0.0000000000000E+00
  0.0000000000000E+00
  0.0000000000000E+00
  0.2489552920568E+03
  0.2489552920568E+03
  0.2489552920568E+03
  0.0000000000000E+00
  0.0000000000000E+00
  0.0000000000000E+00
  0.2489552920568E+03
  0.2489552920568E+03
  0.2489552920568E+03
  0.2489552920568E+03
  0.2576752813946E+03
  0.2576752813946E+03
  0.2576752813946E+03
  0.2576752813946E+03
  0.2576752813946E+03
  0.2576752813946E+03
  0.2576752813946E+03
  0.2576752813946E+03
  0.2576752813946E+03
  0.2576752813946E+03
  0.2576752813946E+03
  0.2576752813946E+03
  0.2576752813946E+03
  0.2576752813946E+03
  0.2576752813946E+03
  0.0000000000000E+00
  0.0000000000000E+00
  0.2576752813946E+03
  0.2576752813946E+03
  0.2576752813946E+03
  0.2576752813946E+03
  0.2576752813946E+03
  0.2576752813946E+03
  0.2576752813946E+03
  0.2576752813946E+03
  0.2576752813946E+03
  0.2576752813946E+03
  0.2576752813946E+03
  0.2576752813946E+03
  0.0000000000000E+00
  0.0000000000000E+00
  0.0000000000000E+00
  0.2576752813946E+03
  0.2576752813946E+03
  0.2576752813946E+03
  0.2576752813946E+03
  0.2646828351077E+03
  0.2646828351077E+03
  0.2646828351077E+03
  0.2646828351077E+03
  0.2646828351077E+03
  0.2646828351077E+03
  0.2646828351077E+03
  0.2646828351077E+03
  0.2646828351077E+03
  0.2646828351077E+03
  0.2646828351077E+03
  0.2646828351077E+03
  0.2646828351077E+03
  0.2646828351077E+03
  0.2646828351077E+03
  0.0000000000000E+00
  0.0000000000000E+00
  0.2646828351077E+03
  0.2646828351077E+03
  0.2646828351077E+03
  0.2646828351077E+03
  0.2646828351077E+03
  0.2646828351077E+03
  0.2646828351077E+03
  0.2646828351077E+03
  0.2646828351077E+03
  0.2646828351077E+03
  0.2646828351077E+03
  0.2646828351077E+03
  0.0000000000000E+00
  0.0000000000000E+00
  0.0000000000000E+00
  0.2646828351077E+03
  0.2646828351077E+03
  0.2646828351077E+03
  0.2646828351077E+03
  0.2670090652191E+03
  0.2670090652191E+03
  0.2670090652191E+03
  0.2670090652191E+03
  0.2670090652191E+03
  0.2670090652191E+03
  0.2670090652191E+03
  0.2670090652191E+03
  0.2670090652191E+03
  0.2670090652191E+03
  0.2670090652191E+03
  0.2670090652191E+03
  0.2670090652191E+03
  0.2670090652191E+03
  0.2670090652191E+03
  0.2670090652191E+03
  0.0000000000000E+00
  0.2670090652191E+03
  0.2670090652191E+03
  0.0000000000000E+00
  0.2670090652191E+03
  0.2670090652191E+03
  0.2670090652191E+03
  0.2670090652191E+03
  0.2670090652191E+03
  0.2670090652191E+03
  0.2670090652191E+03
  0.2670090652191E+03
  0.2670090652191E+03
  0.0000000000000E+00
  0.0000000000000E+00
  0.0000000000000E+00
  0.2670090652191E+03
  0.2670090652191E+03
  0.2670090652191E+03
  0.2670090652191E+03
  0.2681004848273E+03
  0.2681004848273E+03
  0.2681004848273E+03
  0.2681004848273E+03
  0.2681004848273E+03
  0.2681004848273E+03
  0.2681004848273E+03
  0.2681004848273E+03
  0.2681004848273E+03
  0.2681004848273E+03
  0.2681004848273E+03
  0.2681004848273E+03
  0.2681004848273E+03
  0.0000000000000E+00
  0.2681004848273E+03
  0.2681004848273E+03
  0.0000000000000E+00
  0.0000000000000E+00
  0.2681004848273E+03
  0.2681004848273E+03
  0.2681004848273E+03
  0.2681004848273E+03
  0.2681004848273E+03
  0.2681004848273E+03
  0.2681004848273E+03
  0.2681004848273E+03
  0.2681004848273E+03
  0.2681004848273E+03
  0.2681004848273E+03
  0.2681004848273E+03
  0.0000000000000E+00
  0.0000000000000E+00
  0.2681004848273E+03
  0.2681004848273E+03
  0.2681004848273E+03
  0.2681004848273E+03
  0.2653105705118E+03
  0.2653105705118E+03
  0.2653105705118E+03
  0.2653105705118E+03
  0.2653105705118E+03
  0.2653105705118E+03
  0.2653105705118E+03
  0.2653105705118E+03
  0.2653105705118E+03
  0.2653105705118E+03
  0.2653105705118E+03
  0.2653105705118E+03
  0.2653105705118E+03
  0.2653105705118E+03
  0.2653105705118E+03
  0.2653105705118E+03
  0.0000000000000E+00
  0.0000000000000E+00
  0.2653105705118E+03
  0.2653105705118E+03
  0.2653105705118E+03
  0.2653105705118E+03
  0.2653105705118E+03
  0.2653105705118E+03
  0.0000000000000E+00
  0.2653105705118E+03
  0.2653105705118E+03
  0.2653105705118E+03
  0.2653105705118E+03
  0.2653105705118E+03
  0.0000000000000E+00
  0.0000000000000E+00
  0.2653105705118E+03
  0.2653105705118E+03
  0.2653105705118E+03
  0.2653105705118E+03
  0.2586607012871E+03
  0.2586607012871E+03
  0.2586607012871E+03
  0.2586607012871E+03
  0.2586607012871E+03
  0.2586607012871E+03
  0.2586607012871E+03
  0.2586607012871E+03
  0.2586607012871E+03
  0.2586607012871E+03
  0.2586607012871E+03
  0.2586607012871E+03
  0.2586607012871E+03
  0.2586607012871E+03
  0.2586607012871E+03
  0.2586607012871E+03
  0.0000000000000E+00
  0.0000000000000E+00
  0.2586607012871E+03
  0.2586607012871E+03
  0.2586607012871E+03
  0.2586607012871E+03
  0.2586607012871E+03
  0.2586607012871E+03
  0.0000000000000E+00
  0.0000000000000E+00
  0.0000000000000E+00
  0.2586607012871E+03
  0.2586607012871E+03
  0.2586607012871E+03
  0.0000000000000E+00
  0.0000000000000E+00
  0.2586607012871E+03
  0.2586607012871E+03
  0.2586607012871E+03
  0.2586607012871E+03
  0.2487920462633E+03
  0.2487920462633E+03
  0.2487920462633E+03
  0.2487920462633E+03
  0.2487920462633E+03
  0.2487920462633E+03
  0.2487920462633E+03
  0.2487920462633E+03
  0.2487920462633E+03
  0.2487920462633E+03
  0.2487920462633E+03
  0.2487920462633E+03
  0.2487920462633E+03
  0.2487920462633E+03
  0.2487920462633E+03
  0.2487920462633E+03
  0.0000000000000E+00
  0.0000000000000E+00
  0.0000000000000E+00
  0.2487920462633E+03
  0.2487920462633E+03
  0.2487920462633E+03
  0.2487920462633E+03
  0.2487920462633E+03
  0.2487920462633E+03
  0.0000000000000E+00
  0.0000000000000E+00
  0.0000000000000E+00
  0.2487920462633E+03
  0.2487920462633E+03
  0.0000000000000E+00
  0.0000000000000E+00
  0.2487920462633E+03
  0.2487920462633E+03
  0.2487920462633E+03
  0.2487920462633E+03
  0.2395023963687E+03
  0.2395023963687E+03
  0.2395023963687E+03
  0.2395023963687E+03
  0.2395023963687E+03
  0.2395023963687E+03
  0.2395023963687E+03
  0.2395023963687E+03
  0.2395023963687E+03
  0.2395023963687E+03
  0.2395023963687E+03
  0.2395023963687E+03
  0.2395023963687E+03
  0.2395023963687E+03
  0.2395023963687E+03
  0.2395023963687E+03
  0.0000000000000E+00
  0.0000000000000E+00
  0.0000000000000E+00
  0.2395023963687E+03
  0.2395023963687E+03
  0.2395023963687E+03
  0.2395023963687E+03
  0.2395023963687E+03
  0.2395023963687E+03
  0.2395023963687E+03
  0.0000000000000E+00
  0.0000000000000E+00
  0.2395023963687E+03
  0.2395023963687E+03
  0.0000000000000E+00
  0.2395023963687E+03
  0.2395023963687E+03
  0.2395023963687E+03
  0.2395023963687E+03
  0.2395023963687E+03
  0.2335137264834E+03
  0.2335137264834E+03
  0.2335137264834E+03
  0.2335137264834E+03
  0.2335137264834E+03
  0.2335137264834E+03
  0.2335137264834E+03
  0.2335137264834E+03
  0.2335137264834E+03
  0.2335137264834E+03
  0.2335137264834E+03
  0.2335137264834E+03
  0.2335137264834E+03
  0.2335137264834E+03
  0.2335137264834E+03
  0.2335137264834E+03
  0.0000000000000E+00
  0.0000000000000E+00
  0.0000000000000E+00
  0.2335137264834E+03
  0.2335137264834E+03
  0.2335137264834E+03
  0.2335137264834E+03
  0.2335137264834E+03
  0.2335137264834E+03
  0.2335137264834E+03
  0.2335137264834E+03
  0.0000000000000E+00
  0.2335137264834E+03
  0.2335137264834E+03
  0.2335137264834E+03
  0.2335137264834E+03
  0.2335137264834E+03
  0.2335137264834E+03
  0.2335137264834E+03
  0.2335137264834E+03
  0.2318419429669E+03
  0.2318419429669E+03
  0.2318419429669E+03
  0.2318419429669E+03
  0.2318419429669E+03
  0.2318419429669E+03
  0.2318419429669E+03
  0.2318419429669E+03
  0.2318419429669E+03
  0.2318419429669E+03
  0.2318419429669E+03
  0.2318419429669E+03
  0.2318419429669E+03
  0.2318419429669E+03
  0.2318419429669E+03
  0.2318419429669E+03
  0.0000000000000E+00
  0.0000000000000E+00
  0.0000000000000E+00
  0.2318419429669E+03
  0.2318419429669E+03
  0.2318419429669E+03
  0.2318419429669E+03
  0.2318419429669E+03
  0.2318419429669E+03
  0.2318419429669E+03
  0.2318419429669E+03
  0.0000000000000E+00
  0.0000000000000E+00
  0.2318419429669E+03
  0.2318419429669E+03
  0.2318419429669E+03
  0.2318419429669E+03
  0.2318419429669E+03
  0.2318419429669E+03
  0.2318419429669E+03
  0.2278296286493E+03
  0.2278296286493E+03
  0.2278296286493E+03
  0.2278296286493E+03
  0.2278296286493E+03
  0.2278296286493E+03
  0.2278296286493E+03
  0.2278296286493E+03
  0.2278296286493E+03
  0.2278296286493E+03
  0.2278296286493E+03
  0.2278296286493E+03
  0.2278296286493E+03
  0.2278296286493E+03
  0.2278296286493E+03
  0.2278296286493E+03
  0.0000000000000E+00
  0.0000000000000E+00
  0.0000000000000E+00
  0.2278296286493E+03
  0.2278296286493E+03
  0.2278296286493E+03
  0.2278296286493E+03
  0.2278296286493E+03
  0.2278296286493E+03
  0.2278296286493E+03
  0.2278296286493E+03
  0.2278296286493E+03
  0.0000000000000E+00
  0.2278296286493E+03
  0.2278296286493E+03
  0.2278296286493E+03
  0.2278296286493E+03
  0.2278296286493E+03
  0.2278296286493E+03
  0.2278296286493E+03
  0.2205170765449E+03
  0.2205170765449E+03
  0.2205170765449E+03
  0.2205170765449E+03
  0.2205170765449E+03
  0.2205170765449E+03
  0.2205170765449E+03
  0.2205170765449E+03
  0.2205170765449E+03
  0.2205170765449E+03
  0.2205170765449E+03
  0.2205170765449E+03
  0.2205170765449E+03
  0.2205170765449E+03
  0.2205170765449E+03
  0.2205170765449E+03
  0.0000000000000E+00
  0.0000000000000E+00
  0.0000000000000E+00
  0.2205170765449E+03
  0.2205170765449E+03
  0.2205170765449E+03
  0.2205170765449E+03
  0.2205170765449E+03
  0.2205170765449E+03
  0.2205170765449E+03
  0.2205170765449E+03
  0.2205170765449E+03
  0.0000000000000E+00
  0.2205170765449E+03
  0.2205170765449E+03
  0.2205170765449E+03
  0.2205170765449E+03
  0.2205170765449E+03
  0.2205170765449E+03
  0.2205170765449E+03
  0.2102902105755E+03
  0.2102902105755E+03
  0.2102902105755E+03
  0.2102902105755E+03
  0.2102902105755E+03
  0.2102902105755E+03
  0.2102902105755E+03
  0.2102902105755E+03
  0.2102902105755E+03
  0.2102902105755E+03
  0.2102902105755E+03
  0.2102902105755E+03
  0.2102902105755E+03
  0.2102902105755E+03
  0.2102902105755E+03
  0.2102902105755E+03
  0.0000000000000E+00
  0.0000000000000E+00
  0.0000000000000E+00
  0.2102902105755E+03
  0.2102902105755E+03
  0.2102902105755E+03
  0.2102902105755E+03
  0.2102902105755E+03
  0.2102902105755E+03
  0.2102902105755E+03
  0.2102902105755E+03
  0.2102902105755E+03
  0.2102902105755E+03
  0.2102902105755E+03
  0.2102902105755E+03
  0.2102902105755E+03
  0.2102902105755E+03
  0.2102902105755E+03
  0.2102902105755E+03
  0.2102902105755E+03
  0.1967917899461E+03
  0.1967917899461E+03
  0.1967917899461E+03
  0.1967917899461E+03
  0.1967917899461E+03
  0.1967917899461E+03
  0.1967917899461E+03
  0.1967917899461E+03
  0.1967917899461E+03
  0.1967917899461E+03
  0.1967917899461E+03
  0.1967917899461E+03
  0.1967917899461E+03
  0.1967917899461E+03
  0.1967917899461E+03
  0.1967917899461E+03
  0.0000000000000E+00
  0.0000000000000E+00
  0.0000000000000E+00
  0.1967917899461E+03
  0.1967917899461E+03
  0.1967917899461E+03
  0.0000000000000E+00
  0.1967917899461E+03
  0.1967917899461E+03
  0.1967917899461E+03
  0.1967917899461E+03
  0.1967917899461E+03
  0.1967917899461E+03
  0.1967917899461E+03
  0.1967917899461E+03
  0.1967917899461E+03
  0.1967917899461E+03
  0.1967917899461E+03
  0.1967917899461E+03
  0.1967917899461E+03
  0.1883466139167E+03
  0.1883466139167E+03
  0.1883466139167E+03
  0.1883466139167E+03
  0.1883466139167E+03
  0.1883466139167E+03
  0.1883466139167E+03
  0.1883466139167E+03
  0.1883466139167E+03
  0.1883466139167E+03
  0.1883466139167E+03
  0.1883466139167E+03
  0.1883466139167E+03
  0.1883466139167E+03
  0.1883466139167E+03
  0.1883466139167E+03
  0.1883466139167E+03
  0.1883466139167E+03
  0.1883466139167E+03
  0.1883466139167E+03
  0.1883466139167E+03
  0.1883466139167E+03
  0.0000000000000E+00
  0.1883466139167E+03
  0.1883466139167E+03
  0.1883466139167E+03
  0.1883466139167E+03
  0.1883466139167E+03
  0.1883466139167E+03
  0.1883466139167E+03
  0.1883466139167E+03
  0.1883466139167E+03
  0.1883466139167E+03
  0.1883466139167E+03
  0.1883466139167E+03
  0.1883466139167E+03
  0.1794726165719E+03
  0.1794726165719E+03
  0.1794726165719E+03
  0.1794726165719E+03
  0.1794726165719E+03
  0.1794726165719E+03
  0.1794726165719E+03
  0.1794726165719E+03
  0.1794726165719E+03
  0.1794726165719E+03
  0.1794726165719E+03
  0.1794726165719E+03
  0.1794726165719E+03
  0.1794726165719E+03
  0.1794726165719E+03
  0.1794726165719E+03
  0.1794726165719E+03
  0.1794726165719E+03
  0.1794726165719E+03
  0.1794726165719E+03
  0.1794726165719E+03
  0.0000000000000E+00
  0.1794726165719E+03
  0.1794726165719E+03
  0.1794726165719E+03
  0.1794726165719E+03
  0.1794726165719E+03
  0.1794726165719E+03
  0.1794726165719E+03
  0.1794726165719E+03
  0.1794726165719E+03
  0.1794726165719E+03
  0.1794726165719E+03
  0.1794726165719E+03
  0.1794726165719E+03
  0.1794726165719E+03
  0.1691241565211E+03
  0.1691241565211E+03
  0.1691241565211E+03
  0.1691241565211E+03
  0.1691241565211E+03
  0.1691241565211E+03
  0.1691241565211E+03
  0.1691241565211E+03
  0.1691241565211E+03
  0.1691241565211E+03
  0.1691241565211E+03
  0.1691241565211E+03
  0.1691241565211E+03
  0.1691241565211E+03
  0.1691241565211E+03
  0.1691241565211E+03
  0.1691241565211E+03
  0.1691241565211E+03
  0.1691241565211E+03
  0.1691241565211E+03
  0.1691241565211E+03
  0.0000000000000E+00
  0.1691241565211E+03
  0.1691241565211E+03
  0.1691241565211E+03
  0.1691241565211E+03
  0.1691241565211E+03
  0.1691241565211E+03
  0.1691241565211E+03
  0.1691241565211E+03
  0.1691241565211E+03
  0.1691241565211E+03
  0.1691241565211E+03
  0.1691241565211E+03
  0.1691241565211E+03
  0.1691241565211E+03
  0.1562753070526E+03
  0.1562753070526E+03
  0.1562753070526E+03
  0.1562753070526E+03
  0.1562753070526E+03
  0.1562753070526E+03
  0.1562753070526E+03
  0.1562753070526E+03
  0.1562753070526E+03
  0.1562753070526E+03
  0.1562753070526E+03
  0.1562753070526E+03
  0.1562753070526E+03
  0.1562753070526E+03
  0.1562753070526E+03
  0.1562753070526E+03
  0.1562753070526E+03
  0.1562753070526E+03
  0.1562753070526E+03
  0.1562753070526E+03
  0.1562753070526E+03
  0.1562753070526E+03
  0.1562753070526E+03
  0.1562753070526E+03
  0.1562753070526E+03
  0.1562753070526E+03
  0.1562753070526E+03
  0.1562753070526E+03
  0.1562753070526E+03
  0.1562753070526E+03
  0.1562753070526E+03
  0.1562753070526E+03
  0.1562753070526E+03
  0.1562753070526E+03
  0.1562753070526E+03
  0.1562753070526E+03
  0.1423636708013E+03
  0.1423636708013E+03
  0.1423636708013E+03
  0.1423636708013E+03
  0.1423636708013E+03
  0.1423636708013E+03
  0.1423636708013E+03
  0.1423636708013E+03
  0.1423636708013E+03
  0.1423636708013E+03
  0.1423636708013E+03
  0.1423636708013E+03
  0.1423636708013E+03
  0.1423636708013E+03
  0.1423636708013E+03
  0.1423636708013E+03
  0.1423636708013E+03
  0.1423636708013E+03
  0.1423636708013E+03
  0.1423636708013E+03
  0.1423636708013E+03
  0.1423636708013E+03
  0.1423636708013E+03
  0.1423636708013E+03
  0.1423636708013E+03
  0.1423636708013E+03
  0.1423636708013E+03
  0.1423636708013E+03
  0.1423636708013E+03
  0.1423636708013E+03
  0.1423636708013E+03
  0.1423636708013E+03
  0.1423636708013E+03
  0.1423636708013E+03
  0.1423636708013E+03
  0.1423636708013E+03
  0.1275988949382E+03
  0.1275988949382E+03
  0.1275988949382E+03
  0.1275988949382E+03
  0.1275988949382E+03
  0.1275988949382E+03
  0.1275988949382E+03
  0.1275988949382E+03
  0.1275988949382E+03
  0.1275988949382E+03
  0.1275988949382E+03
  0.1275988949382E+03
  0.1275988949382E+03
  0.1275988949382E+03
  0.1275988949382E+03
  0.1275988949382E+03
  0.1275988949382E+03
  0.1275988949382E+03
  0.1275988949382E+03
  0.1275988949382E+03
  0.1275988949382E+03
  0.1275988949382E+03
  0.1275988949382E+03
  0.1275988949382E+03
  0.1275988949382E+03
  0.1275988949382E+03
  0.1275988949382E+03
  0.1275988949382E+03
  0.1275988949382E+03
  0.1275988949382E+03
  0.1275988949382E+03
  0.1275988949382E+03
  0.1275988949382E+03
  0.1275988949382E+03
  0.1275988949382E+03
  0.1275988949382E+03
  0.1120214574597E+03
  0.1120214574597E+03
  0.1120214574597E+03
  0.1120214574597E+03
  0.1120214574597E+03
  0.1120214574597E+03
  0.1120214574597E+03
  0.1120214574597E+03
  0.1120214574597E+03
  0.1120214574597E+03
  0.1120214574597E+03
  0.1120214574597E+03
  0.1120214574597E+03
  0.1120214574597E+03
  0.1120214574597E+03
  0.1120214574597E+03
  0.1120214574597E+03
  0.1120214574597E+03
  0.1120214574597E+03
  0.1120214574597E+03
  0.1120214574597E+03
  0.1120214574597E+03
  0.1120214574597E+03
  0.1120214574597E+03
  0.1120214574597E+03
  0.1120214574597E+03
  0.1120214574597E+03
  0.1120214574597E+03
  0.1120214574597E+03
  0.1120214574597E+03
  0.1120214574597E+03
  0.1120214574597E+03
  0.1120214574597E+03
  0.1120214574597E+03
  0.1120214574597E+03
  0.1120214574597E+03
  0.9382680969862E+02
  0.9382680969862E+02
  0.9382680969862E+02
  0.9382680969862E+02
  0.9382680969862E+02
  0.9382680969862E+02
  0.9382680969862E+02
  0.9382680969862E+02
  0.9382680969862E+02
  0.9382680969862E+02
  0.9382680969862E+02
  0.9382680969862E+02
  0.9382680969862E+02
  0.9382680969862E+02
  0.9382680969862E+02
  0.9382680969862E+02
  0.9382680969862E+02
  0.9382680969862E+02
  0.0000000000000E+00
  0.0000000000000E+00
  0.0000000000000E+00
  0.9382680969862E+02
  0.9382680969862E+02
  0.9382680969862E+02
  0.9382680969862E+02
  0.9382680969862E+02
  0.9382680969862E+02
  0.9382680969862E+02
  0.9382680969862E+02
  0.9382680969862E+02
  0.9382680969862E+02
  0.9382680969862E+02
  0.9382680969862E+02
  0.9382680969862E+02
  0.9382680969862E+02
  0.9382680969862E+02
  0.7537680040300E+02
  0.7537680040300E+02
  0.7537680040300E+02
  0.7537680040300E+02
  0.7537680040300E+02
  0.7537680040300E+02
  0.7537680040300E+02
  0.7537680040300E+02
  0.7537680040300E+02
  0.7537680040300E+02
  0.7537680040300E+02
  0.7537680040300E+02
  0.7537680040300E+02
  0.7537680040300E+02
  0.7537680040300E+02
  0.7537680040300E+02
  0.7537680040300E+02
  0.7537680040300E+02
  0.0000000000000E+00
  0.0000000000000E+00
  0.0000000000000E+00
  0.7537680040300E+02
  0.7537680040300E+02
  0.7537680040300E+02
  0.7537680040300E+02
  0.7537680040300E+02
  0.7537680040300E+02
  0.7537680040300E+02
  0.7537680040300E+02
  0.7537680040300E+02
  0.7537680040300E+02
  0.7537680040300E+02
  0.7537680040300E+02
  0.7537680040300E+02
  0.7537680040300E+02
  0.7537680040300E+02
  0.5754631732502E+02
  0.5754631732502E+02
  0.5754631732502E+02
  0.5754631732502E+02
  0.5754631732502E+02
  0.5754631732502E+02
  0.5754631732502E+02
  0.5754631732502E+02
  0.5754631732502E+02
  0.5754631732502E+02
  0.5754631732502E+02
  0.5754631732502E+02
  0.5754631732502E+02
  0.5754631732502E+02
  0.5754631732502E+02
  0.5754631732502E+02
  0.5754631732502E+02
  0.5754631732502E+02
  0.0000000000000E+00
  0.0000000000000E+00
  0.0000000000000E+00
  0.5754631732502E+02
  0.5754631732502E+02
  0.5754631732502E+02
  0.5754631732502E+02
  0.5754631732502E+02
  0.5754631732502E+02
  0.5754631732502E+02
  0.5754631732502E+02
  0.5754631732502E+02
  0.5754631732502E+02
  0.5754631732502E+02
  0.5754631732502E+02
  0.5754631732502E+02
  0.5754631732502E+02
  0.5754631732502E+02
  0.4198351326606E+02
  0.4198351326606E+02
  0.4198351326606E+02
  0.4198351326606E+02
  0.4198351326606E+02
  0.4198351326606E+02
  0.4198351326606E+02
  0.4198351326606E+02
  0.4198351326606E+02
  0.4198351326606E+02
  0.4198351326606E+02
  0.4198351326606E+02
  0.4198351326606E+02
  0.4198351326606E+02
  0.4198351326606E+02
  0.4198351326606E+02
  0.4198351326606E+02
  0.4198351326606E+02
  0.4198351326606E+02
  0.4198351326606E+02
  0.4198351326606E+02
  0.4198351326606E+02
  0.4198351326606E+02
  0.4198351326606E+02
  0.4198351326606E+02
  0.4198351326606E+02
  0.4198351326606E+02
  0.4198351326606E+02
  0.4198351326606E+02
  0.4198351326606E+02
  0.4198351326606E+02
  0.4198351326606E+02
  0.4198351326606E+02
  0.4198351326606E+02
  0.4198351326606E+02
  0.4198351326606E+02
  0.2682287757944E+02
  0.2682287757944E+02
  0.2682287757944E+02
  0.2682287757944E+02
  0.2682287757944E+02
  0.2682287757944E+02
  0.2682287757944E+02
  0.2682287757944E+02
  0.2682287757944E+02
  0.2682287757944E+02
  0.2682287757944E+02
  0.2682287757944E+02
  0.2682287757944E+02
  0.2682287757944E+02
  0.2682287757944E+02
  0.2682287757944E+02
  0.2682287757944E+02
  0.2682287757944E+02
  0.2682287757944E+02
  0.2682287757944E+02
  0.2682287757944E+02
  0.2682287757944E+02
  0.2682287757944E+02
  0.2682287757944E+02
  0.2682287757944E+02
  0.2682287757944E+02
  0.2682287757944E+02
  0.2682287757944E+02
  0.2682287757944E+02
  0.2682287757944E+02
  0.2682287757944E+02
  0.2682287757944E+02
  0.2682287757944E+02
  0.2682287757944E+02
  0.2682287757944E+02
  0.2682287757944E+02
  0.1252977694978E+02
  0.1252977694978E+02
  0.1252977694978E+02
  0.1252977694978E+02
  0.1252977694978E+02
  0.1252977694978E+02
  0.1252977694978E+02
  0.1252977694978E+02
  0.1252977694978E+02
  0.1252977694978E+02
  0.1252977694978E+02
  0.1252977694978E+02
  0.1252977694978E+02
  0.1252977694978E+02
  0.1252977694978E+02
  0.1252977694978E+02
  0.1252977694978E+02
  0.1252977694978E+02
  0.1252977694978E+02
  0.1252977694978E+02
  0.1252977694978E+02
  0.1252977694978E+02
  0.1252977694978E+02
  0.1252977694978E+02
  0.1252977694978E+02
  0.1252977694978E+02
  0.1252977694978E+02
  0.1252977694978E+02
  0.1252977694978E+02
  0.1252977694978E+02
  0.1252977694978E+02
  0.1252977694978E+02
  0.1252977694978E+02
  0.1252977694978E+02
  0.1252977694978E+02
  0.1252977694978E+02
  0.4763355016067E+00
  0.4763355016067E+00
  0.4763355016067E+00
  0.4763355016067E+00
  0.4763355016067E+00
  0.4763355016067E+00
  0.4763355016067E+00
  0.4763355016067E+00
  0.4763355016067E+00
  0.4763355016067E+00
  0.4763355016067E+00
  0.4763355016067E+00
  0.4763355016067E+00
  0.4763355016067E+00
  0.4763355016067E+00
  0.4763355016067E+00
  0.4763355016067E+00
  0.4763355016067E+00
  0.4763355016067E+00
  0.4763355016067E+00
  0.4763355016067E+00
  0.4763355016067E+00
  0.4763355016067E+00
  0.4763355016067E+00
  0.4763355016067E+00
  0.4763355016067E+00
  0.4763355016067E+00
  0.4763355016067E+00
  0.4763355016067E+00
  0.4763355016067E+00
  0.4763355016067E+00
  0.4763355016067E+00
  0.4763355016067E+00
  0.4763355016067E+00
  0.4763355016067E+00
  0.4763355016067E+00
  0.0000000000000E+00
  0.0000000000000E+00
  0.0000000000000E+00
  0.0000000000000E+00
  0.0000000000000E+00
  0.0000000000000E+00
  0.0000000000000E+00
  0.0000000000000E+00
  0.0000000000000E+00
  0.0000000000000E+00
  0.0000000000000E+00
  0.0000000000000E+00
  0.0000000000000E+00
  0.0000000000000E+00
  0.0000000000000E+00
  0.0000000000000E+00
  0.0000000000000E+00
  0.0000000000000E+00
  0.0000000000000E+00
  0.0000000000000E+00
  0.0000000000000E+00
  0.0000000000000E+00
  0.0000000000000E+00
  0.0000000000000E+00
  0.0000000000000E+00
  0.0000000000000E+00
  0.0000000000000E+00
  0.0000000000000E+00
  0.0000000000000E+00
  0.0000000000000E+00
  0.0000000000000E+00
  0.0000000000000E+00
  0.0000000000000E+00
  0.0000000000000E+00
  0.0000000000000E+00
  0.0000000000000E+00
  0.0000000000000E+00
 -0.1334740969105E+02
 -0.1311791269653E+02
 -0.1255384863376E+02
 -0.1343385310911E+02
  0.0000000000000E+00
 -0.1120347966978E+02
 -0.1259968323697E+02
 -0.1566668918888E+02
 -0.1253363844216E+02
 -0.1343336556601E+02
 -0.5377340255553E+01
  0.0000000000000E+00
  0.0000000000000E+00
  0.0000000000000E+00
  0.0000000000000E+00
  0.0000000000000E+00
  0.0000000000000E+00
  0.0000000000000E+00
  0.0000000000000E+00
  0.0000000000000E+00
  0.0000000000000E+00
  0.0000000000000E+00
  0.0000000000000E+00
  0.0000000000000E+00
  0.0000000000000E+00
  0.0000000000000E+00
  0.0000000000000E+00
  0.0000000000000E+00
  0.0000000000000E+00
  0.0000000000000E+00
  0.1035121548612E+02
 -0.1037616578422E+01
 -0.8726443779449E+01
 -0.1379251045256E+02
 -0.1650028112901E+02
 -0.2218815602864E+02
  0.0000000000000E+00
  0.0000000000000E+00
  0.0000000000000E+00
 -0.2388455319894E+02
 -0.2695039954184E+02
 -0.2717193469940E+02
 -0.2691083138247E+02
 -0.2580250198829E+02
  0.0000000000000E+00
 -0.1335928804284E+02
 -0.9721470322891E+01
 -0.3498072377042E+01
  0.5382822214428E+01
  0.1725037179838E+02
  0.0000000000000E+00
  0.0000000000000E+00
  0.0000000000000E+00
  0.0000000000000E+00
  0.0000000000000E+00
  0.0000000000000E+00
  0.0000000000000E+00
  0.0000000000000E+00
  0.0000000000000E+00
  0.0000000000000E+00
  0.0000000000000E+00
  0.0000000000000E+00
  0.0000000000000E+00
  0.0000000000000E+00
  0.0000000000000E+00
  0.0000000000000E+00
  0.0000000000000E+00
  0.3569473841379E+01
 -0.9783925483874E+01
 -0.1806159068568E+02
 -0.2175629730872E+02
 -0.2813405169186E+02
 -0.2855322769696E+02
 -0.2834854220673E+02
 -0.2610769474085E+02
 -0.2410458502158E+02
 -0.2608214013786E+02
 -0.2680908852727E+02
 -0.2830641630064E+02
 -0.2896507350702E+02
 -0.2850905054260E+02
  0.0000000000000E+00
 -0.1466442787103E+02
 -0.2066038793871E+01
  0.9267864674793E+01
  0.2137112705759E+02
  0.0000000000000E+00
  0.0000000000000E+00
  0.0000000000000E+00
  0.0000000000000E+00
  0.0000000000000E+00
  0.0000000000000E+00
  0.0000000000000E+00
  0.0000000000000E+00
  0.0000000000000E+00
  0.0000000000000E+00
  0.0000000000000E+00
  0.0000000000000E+00
  0.0000000000000E+00
  0.0000000000000E+00
  0.0000000000000E+00
  0.0000000000000E+00
  0.0000000000000E+00
 -0.8614009786915E+01
 -0.1784907720293E+02
 -0.2538183511318E+02
 -0.2853318490613E+02
 -0.3538793845953E+02
 -0.3446643307697E+02
 -0.3351357136510E+02
 -0.3255313412849E+02
 -0.2985899477396E+02
 -0.2953304457323E+02
 -0.3051470204405E+02
 -0.3140594417049E+02
 -0.3176154671371E+02
 -0.3104188544563E+02
 -0.2546248249216E+02
 -0.1840062175962E+02
  0.0000000000000E+00
  0.0000000000000E+00
  0.0000000000000E+00
  0.0000000000000E+00
  0.0000000000000E+00
  0.0000000000000E+00
  0.0000000000000E+00
  0.0000000000000E+00
  0.0000000000000E+00
  0.0000000000000E+00
  0.0000000000000E+00
  0.0000000000000E+00
  0.0000000000000E+00
  0.0000000000000E+00
  0.0000000000000E+00
  0.0000000000000E+00
  0.0000000000000E+00
  0.0000000000000E+00
  0.0000000000000E+00
  0.0000000000000E+00
 -0.2597484576997E+02
 -0.2967884447505E+02
 -0.3409208038739E+02
 -0.3542930735577E+02
 -0.4018814928262E+02
 -0.3944706584071E+02
 -0.3831394330479E+02
 -0.3754220557009E+02
 -0.3628345682848E+02
 -0.3529414733200E+02
 -0.3483251515160E+02
 -0.3461558252981E+02
 -0.3414751994140E+02
 -0.3344121689256E+02
 -0.3079481663871E+02
 -0.2460171215334E+02
  0.0000000000000E+00
  0.0000000000000E+00
  0.0000000000000E+00
  0.0000000000000E+00
  0.0000000000000E+00
  0.0000000000000E+00
  0.0000000000000E+00
  0.0000000000000E+00
  0.0000000000000E+00
  0.2319432592882E+01
  0.8076237202998E+01
  0.0000000000000E+00
  0.0000000000000E+00
  0.0000000000000E+00
  0.0000000000000E+00
  0.0000000000000E+00
  0.0000000000000E+00
  0.0000000000000E+00
  0.0000000000000E+00
  0.0000000000000E+00
 -0.3452318860587E+02
 -0.3650442035527E+02
 -0.3847330736680E+02
 -0.3980209445280E+02
 -0.4490432870119E+02
 -0.4459030993176E+02
 -0.4389884260646E+02
 -0.4334307899471E+02
 -0.4255733442183E+02
 -0.4155973399279E+02
 -0.4059718231405E+02
 -0.3971351571049E+02
 -0.3869286944852E+02
 -0.3773975561371E+02
 -0.3610432647227E+02
 -0.3165250989797E+02
 -0.2722752838392E+02
  0.0000000000000E+00
  0.0000000000000E+00
  0.0000000000000E+00
  0.0000000000000E+00
  0.0000000000000E+00
  0.0000000000000E+00
  0.0000000000000E+00
 -0.1588061139861E+02
 -0.1366684366597E+02
 -0.8007085750126E+01
  0.0000000000000E+00
  0.0000000000000E+00
  0.0000000000000E+00
  0.0000000000000E+00
 -0.9161764405970E+01
 -0.4865365634449E+01
  0.0000000000000E+00
  0.0000000000000E+00
  0.0000000000000E+00
 -0.3935326408706E+02
 -0.4039238150768E+02
 -0.4297774685492E+02
 -0.4453771236355E+02
 -0.5053039438082E+02
 -0.5103583257121E+02
 -0.5168257687146E+02
 -0.5207900561507E+02
 -0.5172224562572E+02
 -0.5075408240726E+02
 -0.4940345857648E+02
 -0.4793776492766E+02
 -0.4642328470811E+02
 -0.4521318563698E+02
 -0.4347523448701E+02
 -0.4008705716863E+02
 -0.3398572469628E+02
  0.0000000000000E+00
  0.0000000000000E+00
  0.0000000000000E+00
  0.0000000000000E+00
  0.0000000000000E+00
  0.0000000000000E+00
 -0.2204105277978E+02
 -0.2704915165621E+02
 -0.2714554755397E+02
 -0.2223117548174E+02
  0.0000000000000E+00
  0.0000000000000E+00
  0.0000000000000E+00
 -0.2386366534234E+02
 -0.2192452640997E+02
 -0.1894160511308E+02
  0.0000000000000E+00
  0.0000000000000E+00
  0.0000000000000E+00
 -0.4155351797286E+02
 -0.4487225170726E+02
 -0.4874147983393E+02
 -0.5029798655705E+02
 -0.5819633348844E+02
 -0.5894967109723E+02
 -0.5958303104901E+02
 -0.5972596264185E+02
 -0.5969403150854E+02
 -0.5961613047014E+02
 -0.5953178519048E+02
 -0.5978159291908E+02
 -0.6041030679372E+02
 -0.5988634144088E+02
 -0.5662116433389E+02
 -0.5147473120546E+02
 -0.4130614849962E+02
 -0.3606903116533E+02
 -0.3088489564131E+02
  0.0000000000000E+00
  0.0000000000000E+00
 -0.3530921706763E+02
 -0.3226761749066E+02
 -0.3225020241276E+02
 -0.3779444069760E+02
 -0.3954607666023E+02
 -0.3691515257944E+02
 -0.3403721575437E+02
 -0.3220127216386E+02
 -0.3194107834451E+02
 -0.3399587882862E+02
 -0.3458140243282E+02
 -0.3487436147474E+02
  0.0000000000000E+00
  0.0000000000000E+00
  0.0000000000000E+00
 -0.4800629410964E+02
 -0.5282632085344E+02
 -0.5749507051989E+02
 -0.5792851529376E+02
 -0.5806122897329E+02
 -0.5632475045084E+02
 -0.5569097001311E+02
 -0.5526973613526E+02
 -0.5487514400628E+02
 -0.5458443718338E+02
 -0.5456653107700E+02
 -0.5499175015079E+02
 -0.5597736137025E+02
 -0.5751387865691E+02
 -0.5964304641548E+02
 -0.6370998619572E+02
 -0.5025946815456E+02
 -0.4380729089442E+02
 -0.3839293747905E+02
  0.0000000000000E+00
  0.0000000000000E+00
 -0.4849206906807E+02
 -0.4288053957510E+02
 -0.4171452468467E+02
 -0.5049315983596E+02
 -0.5222901972120E+02
 -0.6054717811179E+02
 -0.5108725972927E+02
 -0.5157629833921E+02
 -0.4871984233008E+02
 -0.4834235699634E+02
 -0.4989358198310E+02
 -0.5354678044468E+02
  0.0000000000000E+00
  0.0000000000000E+00
  0.0000000000000E+00
 -0.5087769441104E+02
 -0.5987558982923E+02
 -0.6292630038915E+02
 -0.6112621337725E+02
 -0.5389094536776E+02
 -0.5346217621350E+02
 -0.5314045985301E+02
 -0.5280714021063E+02
 -0.5239641847493E+02
 -0.5213805668237E+02
 -0.5210785423395E+02
 -0.5238190475993E+02
 -0.5297765139417E+02
 -0.5380439024717E+02
 -0.5453438955464E+02
 -0.5495789580470E+02
 -0.5041840990386E+02
 -0.4794649039535E+02
 -0.4380967534081E+02
 -0.3783072970143E+02
  0.0000000000000E+00
 -0.4232913084639E+02
 -0.4717951789897E+02
  0.0000000000000E+00
 -0.5654317178205E+02
 -0.5173512631738E+02
 -0.4982699900196E+02
 -0.4578197933475E+02
 -0.4519439342245E+02
 -0.4645392773333E+02
 -0.4831687215274E+02
 -0.4807597812095E+02
 -0.4492520164832E+02
  0.0000000000000E+00
  0.0000000000000E+00
  0.0000000000000E+00
 -0.5290966208602E+02
 -0.5457668991399E+02
 -0.5578997710035E+02
 -0.5481610411539E+02
 -0.5329562699839E+02
 -0.5318897695095E+02
 -0.5291736613305E+02
 -0.5263908615956E+02
 -0.5241173396676E+02
 -0.5239963000546E+02
 -0.5259195293756E+02
 -0.5300177785013E+02
 -0.5344275482843E+02
 -0.5355200962666E+02
 -0.5304491413398E+02
 -0.5172213150758E+02
 -0.4903389855973E+02
  0.0000000000000E+00
 -0.4616790441076E+02
 -0.3985775080621E+02
  0.0000000000000E+00
  0.0000000000000E+00
 -0.4953918471294E+02
 -0.4908446179986E+02
 -0.5075939976593E+02
 -0.4998175019092E+02
 -0.4797409562259E+02
 -0.4551441289283E+02
 -0.4366619227759E+02
 -0.4612191236822E+02
 -0.4577713696710E+02
 -0.4593034147854E+02
 -0.4318245712405E+02
 -0.4195985300777E+02
  0.0000000000000E+00
  0.0000000000000E+00
 -0.5378328068177E+02
 -0.5252157080294E+02
 -0.5384933694903E+02
 -0.5351230996165E+02
 -0.5362453966666E+02
 -0.5364506717480E+02
 -0.5356677744240E+02
 -0.5359500027469E+02
 -0.5378378431792E+02
 -0.5411350999601E+02
 -0.5446218296306E+02
 -0.5469790052379E+02
 -0.5447577633523E+02
 -0.5361025630030E+02
 -0.5221276827850E+02
 -0.5072958232021E+02
 -0.4927836311717E+02
 -0.5103831979925E+02
 -0.4662384067276E+02
 -0.4279941956854E+02
  0.0000000000000E+00
  0.0000000000000E+00
 -0.4905971629025E+02
 -0.4838498994973E+02
 -0.5004940414179E+02
 -0.5014584502687E+02
 -0.4940345996700E+02
 -0.4780377482721E+02
  0.0000000000000E+00
 -0.4852714624551E+02
 -0.4436819776640E+02
 -0.4601312092321E+02
 -0.4436243898622E+02
 -0.4279865838256E+02
  0.0000000000000E+00
  0.0000000000000E+00
 -0.5473870882374E+02
 -0.5215983333596E+02
 -0.5317881754061E+02
 -0.5345414194667E+02
 -0.5454962226453E+02
 -0.5473465602569E+02
 -0.5498218136032E+02
 -0.5544981416591E+02
 -0.5615774289593E+02
 -0.5681609026268E+02
 -0.5708755002724E+02
 -0.5664321377437E+02
 -0.5525502274996E+02
 -0.5348300104846E+02
 -0.5195415009211E+02
 -0.5091484262550E+02
 -0.5010569093782E+02
 -0.5124849354045E+02
 -0.4794260759082E+02
 -0.4431007635723E+02
  0.0000000000000E+00
  0.0000000000000E+00
 -0.4786290271404E+02
 -0.5005140000229E+02
 -0.5098039482665E+02
 -0.5161575798923E+02
 -0.5174201233169E+02
 -0.5042631065618E+02
  0.0000000000000E+00
  0.0000000000000E+00
  0.0000000000000E+00
 -0.4733299201405E+02
 -0.4552896692787E+02
 -0.4558316094905E+02
  0.0000000000000E+00
  0.0000000000000E+00
 -0.5530819340570E+02
 -0.5231011922930E+02
 -0.5329447132664E+02
 -0.5407720060681E+02
 -0.5604056889553E+02
 -0.5631770116018E+02
 -0.5678856134079E+02
 -0.5760784383071E+02
 -0.5896219116867E+02
 -0.5972014402282E+02
 -0.5938521406404E+02
 -0.5786794630670E+02
 -0.5566488510116E+02
 -0.5375272187669E+02
 -0.5250365481751E+02
 -0.5199081178967E+02
 -0.5188934204660E+02
 -0.5281765062030E+02
 -0.5001930420915E+02
 -0.4613540425313E+02
  0.0000000000000E+00
  0.0000000000000E+00
  0.0000000000000E+00
 -0.5612758653561E+02
 -0.5297452017386E+02
 -0.5364225522029E+02
 -0.5413402016247E+02
 -0.5496874626606E+02
 -0.7037169835562E+02
  0.0000000000000E+00
  0.0000000000000E+00
  0.0000000000000E+00
 -0.4784446246058E+02
 -0.4824007796305E+02
  0.0000000000000E+00
  0.0000000000000E+00
 -0.5554704554714E+02
 -0.5318039980734E+02
 -0.5448040579243E+02
 -0.5540055597837E+02
 -0.5760012107204E+02
 -0.5796553727841E+02
 -0.5877891135330E+02
 -0.6043121842552E+02
 -0.6225032074540E+02
 -0.6206660899486E+02
 -0.6019535981664E+02
 -0.5787582792484E+02
 -0.5562581539613E+02
 -0.5402782459867E+02
 -0.5333066048078E+02
 -0.5342105004198E+02
 -0.5396995174855E+02
 -0.5582971526306E+02
 -0.5290293550417E+02
 -0.4975647756416E+02
  0.0000000000000E+00
  0.0000000000000E+00
  0.0000000000000E+00
 -0.5971137294782E+02
 -0.5483866762543E+02
 -0.5483540273962E+02
 -0.5684588286197E+02
 -0.5790877808962E+02
 -0.7167486020915E+02
 -0.7505276324970E+02
  0.0000000000000E+00
  0.0000000000000E+00
 -0.4990758411336E+02
 -0.5162144810372E+02
  0.0000000000000E+00
 -0.5792978843164E+02
 -0.5450172910656E+02
 -0.5456636468234E+02
 -0.5583477135590E+02
 -0.5697662620388E+02
 -0.5623517811196E+02
 -0.5642493137345E+02
 -0.5717061952513E+02
 -0.5825780220703E+02
 -0.5866246468679E+02
 -0.5792571154979E+02
 -0.5640633544553E+02
 -0.5468374434084E+02
 -0.5304430458695E+02
 -0.5168301609736E+02
 -0.5108324124826E+02
 -0.5272591961575E+02
 -0.5617618906339E+02
 -0.6050287716433E+02
 -0.5615429678128E+02
 -0.5487097685711E+02
  0.0000000000000E+00
  0.0000000000000E+00
  0.0000000000000E+00
 -0.6333821612934E+02
 -0.5919372306684E+02
 -0.5860943897857E+02
 -0.5979156453228E+02
 -0.6211435570894E+02
 -0.7397893750084E+02
 -0.7640066968296E+02
 -0.7275976795472E+02
  0.0000000000000E+00
 -0.5207944149763E+02
 -0.5626740934505E+02
 -0.6155334723038E+02
 -0.5719811101541E+02
 -0.5618460610628E+02
 -0.5555758364695E+02
 -0.5580450129686E+02
 -0.5622381299500E+02
 -0.5677638755838E+02
 -0.5677130353546E+02
 -0.5642825370705E+02
 -0.5578943888272E+02
 -0.5493568771041E+02
 -0.5390469501195E+02
 -0.5281608513407E+02
 -0.5170731454123E+02
 -0.5048214477192E+02
 -0.4978211352855E+02
 -0.4997904835995E+02
 -0.5181658296546E+02
 -0.5795069826152E+02
 -0.6574785014479E+02
 -0.5894886536966E+02
 -0.5894559263876E+02
  0.0000000000000E+00
  0.0000000000000E+00
  0.0000000000000E+00
 -0.6706138269793E+02
 -0.6468415972232E+02
 -0.6407617751850E+02
 -0.6411065967649E+02
 -0.6618824820361E+02
 -0.7432492967361E+02
 -0.7533498200464E+02
 -0.6986246817143E+02
  0.0000000000000E+00
  0.0000000000000E+00
 -0.6130690999410E+02
 -0.6141336783899E+02
 -0.5845426375162E+02
 -0.5765935164331E+02
 -0.5662322422801E+02
 -0.5674682618826E+02
 -0.5679417143641E+02
 -0.5654298447636E+02
 -0.5609763750221E+02
 -0.5550333625546E+02
 -0.5478336517470E+02
 -0.5389599705413E+02
 -0.5287684683695E+02
 -0.5191913284155E+02
 -0.5132393717033E+02
 -0.5124770931953E+02
 -0.5171449672138E+02
 -0.5275343637974E+02
 -0.5479013075685E+02
 -0.5940438113396E+02
 -0.6849862127125E+02
 -0.6143172004874E+02
 -0.5824939576446E+02
  0.0000000000000E+00
  0.0000000000000E+00
  0.0000000000000E+00
 -0.7092676355949E+02
 -0.6946711402320E+02
 -0.7222160808616E+02
 -0.7132306314592E+02
 -0.7167560436656E+02
 -0.7581274700532E+02
 -0.7537783982876E+02
 -0.7300728974844E+02
 -0.6878010235477E+02
  0.0000000000000E+00
 -0.6757356920896E+02
 -0.6204959503430E+02
 -0.5970901767990E+02
 -0.5845535791054E+02
 -0.5759519271767E+02
 -0.5723034075149E+02
 -0.5689702248239E+02
 -0.5684177609108E+02
 -0.5590566218687E+02
 -0.5493179846964E+02
 -0.5401102179446E+02
 -0.5298351771185E+02
 -0.5180970447055E+02
 -0.5067752771684E+02
 -0.4995551022012E+02
 -0.4989034309371E+02
 -0.5044328650232E+02
 -0.5156230516260E+02
 -0.5345159359612E+02
 -0.5695955126222E+02
 -0.6404374030506E+02
 -0.6314042541187E+02
 -0.6035743421031E+02
  0.0000000000000E+00
  0.0000000000000E+00
  0.0000000000000E+00
 -0.6914513388768E+02
 -0.6990922734426E+02
 -0.7611691895974E+02
 -0.7268680166018E+02
 -0.7342285694505E+02
 -0.7699994672760E+02
 -0.7512155597951E+02
 -0.7161730301359E+02
 -0.6477195353533E+02
  0.0000000000000E+00
 -0.6640265023215E+02
 -0.6356178984396E+02
 -0.6122781428370E+02
 -0.5959709997163E+02
 -0.5881172696221E+02
 -0.5825676827864E+02
 -0.5760693021184E+02
 -0.5531750328791E+02
 -0.5423734055896E+02
 -0.5319597433785E+02
 -0.5208981346505E+02
 -0.5081170522733E+02
 -0.4938571528874E+02
 -0.4801514894277E+02
 -0.4703972754276E+02
 -0.4663511535445E+02
 -0.4678690111287E+02
 -0.4742560731933E+02
 -0.4872381740699E+02
 -0.5142847193338E+02
 -0.5684080289722E+02
 -0.6134013401224E+02
 -0.6072175576276E+02
  0.0000000000000E+00
  0.0000000000000E+00
  0.0000000000000E+00
 -0.6544746964364E+02
 -0.6873858519739E+02
 -0.7236923489872E+02
 -0.7080764281068E+02
 -0.6685315168564E+02
 -0.6967273246756E+02
 -0.6794667323893E+02
 -0.6393296234451E+02
 -0.5951049120414E+02
 -0.5734908252640E+02
 -0.6308886626570E+02
 -0.6329906161744E+02
 -0.6162872256805E+02
 -0.5997054621471E+02
 -0.5924577297510E+02
 -0.5806443731599E+02
 -0.5655641513768E+02
 -0.6134966757054E+02
 -0.6061713637176E+02
 -0.5975262956327E+02
 -0.5862865338736E+02
 -0.5715032282214E+02
 -0.5536847900812E+02
 -0.5354829439353E+02
 -0.5200739461284E+02
 -0.5088501325850E+02
 -0.5003373671167E+02
 -0.4925342829980E+02
 -0.4871865538469E+02
 -0.4959364093502E+02
 -0.5070170715537E+02
 -0.5292923891606E+02
 -0.5699585868053E+02
  0.0000000000000E+00
  0.0000000000000E+00
  0.0000000000000E+00
 -0.6119099311725E+02
 -0.6824151742257E+02
 -0.6720974335500E+02
  0.0000000000000E+00
 -0.6202180494888E+02
 -0.6153903047293E+02
 -0.6069522819901E+02
 -0.5794097010453E+02
 -0.5528711084260E+02
 -0.5514527327497E+02
 -0.5802857265664E+02
 -0.5933926814848E+02
 -0.5988550124452E+02
 -0.6138149055877E+02
 -0.6242735679056E+02
 -0.6242726099474E+02
 -0.6195510311677E+02
 -0.6112054983401E+02
 -0.6167772174744E+02
 -0.6211280281680E+02
 -0.6203920186421E+02
 -0.6120954608506E+02
 -0.5960111692715E+02
 -0.5761429280577E+02
 -0.5578870770380E+02
 -0.5439979775839E+02
 -0.5332882799184E+02
 -0.5241309831720E+02
 -0.5158449070800E+02
 -0.5039241357675E+02
 -0.4673729202034E+02
 -0.4627405296993E+02
 -0.4871466976677E+02
 -0.4469212486407E+02
 -0.4791206485529E+02
 -0.5316981694452E+02
 -0.5709216593929E+02
 -0.6586643684310E+02
 -0.6860236352021E+02
  0.0000000000000E+00
 -0.5785204095912E+02
 -0.5453025781273E+02
 -0.5446270532862E+02
 -0.5393835601512E+02
 -0.5190930637461E+02
 -0.5130181647518E+02
 -0.5273957981875E+02
 -0.5346944355829E+02
 -0.5425885905370E+02
 -0.5551101642022E+02
 -0.5773525818370E+02
 -0.5943362034688E+02
 -0.6047490331006E+02
 -0.5398061146157E+02
 -0.5483895693102E+02
 -0.5623399607955E+02
 -0.5796842924375E+02
 -0.5943583862099E+02
 -0.6001193399240E+02
 -0.5940293582634E+02
 -0.5805116203041E+02
 -0.5649870292494E+02
 -0.5508639096140E+02
 -0.5388418793722E+02
 -0.5279774610400E+02
 -0.5131578245421E+02
 -0.4857740747290E+02
 -0.4428663161242E+02
 -0.4258742841368E+02
 -0.4730107097788E+02
 -0.5101928572535E+02
 -0.5242866472776E+02
 -0.5418132066901E+02
 -0.5986274893311E+02
  0.0000000000000E+00
 -0.5941137817127E+02
 -0.5227559921355E+02
 -0.5163657516558E+02
 -0.5185328185540E+02
 -0.5167031624080E+02
 -0.5082711536690E+02
 -0.4934425723487E+02
 -0.4852088699255E+02
 -0.4855135304212E+02
 -0.4936312703798E+02
 -0.5024729122972E+02
 -0.5125942281814E+02
 -0.5238073600207E+02
 -0.5332912749869E+02
 -0.5061923376597E+02
 -0.5080643434749E+02
 -0.5135604309669E+02
 -0.5249022137559E+02
 -0.5413896346811E+02
 -0.5596216033547E+02
 -0.5743159282275E+02
 -0.5789289093889E+02
 -0.5725542132432E+02
 -0.5606702160312E+02
 -0.5475745419303E+02
 -0.5344927162082E+02
 -0.5201383519799E+02
 -0.5017413081218E+02
 -0.4814053304175E+02
 -0.4836942207542E+02
 -0.5072006042917E+02
 -0.5193424072252E+02
 -0.5212066034334E+02
 -0.5248446742116E+02
 -0.5435085895488E+02
  0.0000000000000E+00
 -0.5712309964944E+02
 -0.5213585377999E+02
 -0.5117061853406E+02
 -0.5130367452327E+02
 -0.5122439189669E+02
 -0.5079233299514E+02
 -0.4970963379448E+02
 -0.4905041630133E+02
 -0.4861820505257E+02
 -0.4857434695786E+02
 -0.4896503070220E+02
 -0.4961533528332E+02
 -0.4998314642242E+02
 -0.5043185714966E+02
 -0.5083528017539E+02
 -0.5075728536871E+02
 -0.5065382913113E+02
 -0.5077008429329E+02
 -0.5137798561597E+02
 -0.5248981288773E+02
 -0.5398186030072E+02
 -0.5540458208418E+02
 -0.5621785042310E+02
 -0.5616426516483E+02
 -0.5546392722789E+02
 -0.5443448026400E+02
 -0.5330889408553E+02
 -0.5216151048498E+02
 -0.5123813899687E+02
 -0.5119856200644E+02
 -0.5194350587379E+02
 -0.5251674953700E+02
 -0.5322654591962E+02
 -0.5352511458263E+02
 -0.5340940641715E+02
 -0.5127784553677E+02
 -0.5588955174618E+02
 -0.5353989151322E+02
 -0.5217039749311E+02
 -0.5164091055990E+02
 -0.5149115444409E+02
 -0.5140117732409E+02
 -0.5107297342901E+02
 -0.5058074518508E+02
 -0.5013158282847E+02
 -0.4994289344117E+02
 -0.5003454253442E+02
 -0.5022477687142E+02
 -0.5046455073909E+02
 -0.5075085690038E+02
 -0.5193585120336E+02
 -0.5179900562915E+02
 -0.5152953989230E+02
 -0.5134931951502E+02
 -0.5146359000566E+02
 -0.5188066234871E+02
 -0.5261807921752E+02
 -0.5366789431860E+02
 -0.5484209395213E+02
 -0.5574564229694E+02
 -0.5611478124551E+02
 -0.5591194252693E+02
 -0.5537600922209E+02
 -0.5470028749235E+02
 -0.5406573072791E+02
 -0.5403387372697E+02
 -0.5431269571321E+02
 -0.5497159002214E+02
 -0.5602308318242E+02
 -0.5580929306690E+02
 -0.5596635063402E+02
 -0.5919699674799E+02
 -0.5895832294865E+02
 -0.5609504862893E+02
 -0.5397043471672E+02
 -0.5298823405934E+02
 -0.5273464436855E+02
 -0.5272227816821E+02
 -0.5256409107805E+02
 -0.5213035414817E+02
 -0.5163027761756E+02
 -0.5130570332237E+02
 -0.5123700295780E+02
 -0.5133775800191E+02
 -0.5160068893341E+02
 -0.5186362688445E+02
 -0.5394028109231E+02
 -0.5380013224239E+02
 -0.5343207448748E+02
 -0.5302455514425E+02
 -0.5286474000562E+02
 -0.5293848568395E+02
 -0.5328458860612E+02
 -0.5399418170243E+02
 -0.5502373379725E+02
 -0.5621217911078E+02
 -0.5739496540387E+02
 -0.5830121606183E+02
 -0.5880610075936E+02
 -0.5892691073682E+02
 -0.5890303340473E+02
 -0.5909313217405E+02
 -0.5878300761374E+02
 -0.5833606462820E+02
 -0.5972828639372E+02
 -0.5897491786753E+02
 -0.5988955736032E+02
 -0.7427012312409E+02
 -0.6737209606708E+02
 -0.6203425821377E+02
 -0.5841895724483E+02
 -0.5664376764213E+02
 -0.5594447194367E+02
 -0.5569229768323E+02
 -0.5532094033556E+02
 -0.5475587395085E+02
 -0.5414203736200E+02
 -0.5363826947820E+02
 -0.5339877115521E+02
 -0.5339465544088E+02
 -0.5360130510292E+02
 -0.5385198151971E+02
 -0.5964735865498E+02
 -0.5950103652053E+02
 -0.5899198540650E+02
 -0.5813786158751E+02
 -0.5753977490516E+02
 -0.5726451899170E+02
 -0.5736716488596E+02
 -0.5797023987908E+02
 -0.5909812377138E+02
 -0.6075792635106E+02
 -0.6327830031115E+02
 -0.6671414272054E+02
 -0.7032811249696E+02
 -0.7137266345796E+02
 -0.6966497775313E+02
 -0.6757062926799E+02
 -0.6448174698912E+02
 -0.6088104403714E+02
 -0.6076182223312E+02
 -0.5899252832099E+02
 -0.5930426593783E+02
 -0.6596163159981E+02
 -0.6468549334873E+02
 -0.6290282517585E+02
 -0.6127864966809E+02
 -0.6148247218162E+02
 -0.6237795990047E+02
 -0.6385533289807E+02
 -0.6418953692222E+02
 -0.6310973127304E+02
 -0.6165583949657E+02
 -0.6031856911112E+02
 -0.5948979114941E+02
 -0.5906391488510E+02
 -0.5909372543461E+02
 -0.5943644517675E+02
 -0.6297781844761E+02
 -0.6422847226776E+02
 -0.6509898424061E+02
 -0.6492483039946E+02
 -0.6448370680053E+02
 -0.6419808138338E+02
 -0.6420194357914E+02
 -0.6464708875819E+02
 -0.6567215883382E+02
 -0.6608545588197E+02
 -0.6483328924447E+02
 -0.6231499806854E+02
 -0.5965100165811E+02
 -0.5749932732030E+02
 -0.5654948552357E+02
 -0.5648342951104E+02
 -0.5685571961468E+02
 -0.5420369608310E+02
  0.0000000000000E+00
  0.0000000000000E+00
  0.0000000000000E+00
 -0.6519966694993E+02
 -0.6230457374004E+02
 -0.5907776464448E+02
 -0.5520410722859E+02
 -0.5320200644080E+02
 -0.5296475086605E+02
 -0.5357248429908E+02
 -0.5493496494988E+02
 -0.5655182630266E+02
 -0.5792548650677E+02
 -0.5873241128653E+02
 -0.5920058805296E+02
 -0.5960525772921E+02
 -0.6034244091961E+02
 -0.6153273828750E+02
 -0.5148322790187E+02
 -0.5213404905096E+02
 -0.5258110132224E+02
 -0.5279576412122E+02
 -0.5296666044539E+02
 -0.5306153537076E+02
 -0.5302445448577E+02
 -0.5288085532492E+02
 -0.5257825335277E+02
 -0.5187760863665E+02
 -0.5075234913097E+02
 -0.4928339302383E+02
 -0.4766334286610E+02
 -0.4629423849538E+02
 -0.4630259314742E+02
 -0.4759269307061E+02
 -0.4973575007318E+02
 -0.5093131088710E+02
  0.0000000000000E+00
  0.0000000000000E+00
  0.0000000000000E+00
 -0.6503725943997E+02
 -0.6083845703414E+02
 -0.5667388770082E+02
 -0.5328036237062E+02
 -0.5086635917340E+02
 -0.4929231505840E+02
 -0.4824291909493E+02
 -0.4769412918020E+02
 -0.4797281519356E+02
 -0.4829549190454E+02
 -0.4918120783543E+02
 -0.4936367063850E+02
 -0.4961570697707E+02
 -0.5007179686053E+02
 -0.5073048984699E+02
 -0.4470822098129E+02
 -0.4477233157587E+02
 -0.4473532942563E+02
 -0.4546167664707E+02
 -0.4571534314182E+02
 -0.4576172376188E+02
 -0.4570743566229E+02
 -0.4558685588429E+02
 -0.4534537601483E+02
 -0.4493396991240E+02
 -0.4431919692372E+02
 -0.4351314632826E+02
 -0.4253832193137E+02
 -0.4153386967753E+02
 -0.4136850961345E+02
 -0.4320828870847E+02
 -0.4569528019967E+02
 -0.5011173161750E+02
  0.0000000000000E+00
  0.0000000000000E+00
  0.0000000000000E+00
 -0.6088369281288E+02
 -0.5708717129974E+02
 -0.5348152074639E+02
 -0.5119555144647E+02
 -0.4963542997283E+02
 -0.4837019993541E+02
 -0.4754406983383E+02
 -0.4688514838338E+02
 -0.4632601766565E+02
 -0.4585184464526E+02
 -0.4545730555489E+02
 -0.4512901884108E+02
 -0.4485698508286E+02
 -0.4468222434360E+02
 -0.4465207091392E+02
 -0.4370060288517E+02
 -0.4354997102535E+02
 -0.4335453254805E+02
 -0.4309370673790E+02
 -0.4283439525037E+02
 -0.4260306596146E+02
 -0.4242995556736E+02
 -0.4229991394386E+02
 -0.4219102027502E+02
 -0.4198173140301E+02
 -0.4168381422243E+02
 -0.4127412273280E+02
 -0.4075990887638E+02
 -0.4027485637116E+02
 -0.3986066055162E+02
 -0.4093639748902E+02
 -0.4302338838376E+02
 -0.4817953117404E+02
 -0.4729998350767E+02
 -0.4701374855478E+02
 -0.4654340343963E+02
 -0.4661060431979E+02
 -0.4507031102208E+02
 -0.4511261167584E+02
 -0.4543888951529E+02
 -0.4510847384268E+02
 -0.4536376305355E+02
 -0.4544552940899E+02
 -0.4510934490404E+02
 -0.4502231658440E+02
 -0.4487437210602E+02
 -0.4466185455508E+02
 -0.4444989636822E+02
 -0.4427008229803E+02
 -0.4380643086955E+02
 -0.4373786761253E+02
 -0.4392830573228E+02
 -0.4337815967974E+02
 -0.4329204683444E+02
 -0.4318313841973E+02
 -0.4303665935529E+02
 -0.4290238350991E+02
 -0.4282225778366E+02
 -0.4275334586690E+02
 -0.4271138435950E+02
 -0.4214138549627E+02
 -0.4205901845344E+02
 -0.4201785893563E+02
 -0.4198882128268E+02
 -0.4198942957170E+02
 -0.4186019442186E+02
 -0.4188171139597E+02
 -0.4279694726654E+02
 -0.4407701822347E+02
 -0.4436403931271E+02
 -0.4441328661609E+02
 -0.4380337909619E+02
 -0.4254312139127E+02
 -0.4172495522631E+02
 -0.4201953110934E+02
 -0.4217953547871E+02
 -0.4238337478817E+02
 -0.4303160247796E+02
 -0.4343377053885E+02
 -0.4368487708216E+02
 -0.4372736385867E+02
 -0.4370934885330E+02
 -0.4357582547926E+02
 -0.4344717920628E+02
 -0.4376239059197E+02
 -0.4392200647854E+02
 -0.4393452291080E+02
 -0.4466981755293E+02
 -0.4464897264091E+02
 -0.4455704449062E+02
 -0.4444861209553E+02
 -0.4430777467405E+02
 -0.4421834070390E+02
 -0.4420656597979E+02
 -0.4411200833119E+02
 -0.4382847231408E+02
 -0.4374376479261E+02
 -0.4409986165651E+02
 -0.4451111295806E+02
 -0.4498567527881E+02
 -0.4552099396062E+02
 -0.4594352323036E+02
 -0.4572689587742E+02
 -0.4568238576765E+02
 -0.4580389074049E+02
 -0.4579515160698E+02
 -0.4533192532955E+02
 -0.4384376670112E+02
 -0.4379501582256E+02
 -0.4382775268772E+02
 -0.4426919361808E+02
 -0.4477864681124E+02
 -0.4547694925833E+02
 -0.4612676276969E+02
 -0.4609713959284E+02
 -0.4552774368389E+02
 -0.4498355181735E+02
 -0.4483565203924E+02
 -0.4485974945183E+02
 -0.4483769807049E+02
 -0.4496705842438E+02
 -0.4514899592829E+02
 -0.4481004992132E+02
 -0.5066625844975E+02
 -0.5066116972959E+02
 -0.5060234150990E+02
 -0.5052342674207E+02
 -0.5011573659442E+02
 -0.4999108106195E+02
 -0.4993286077805E+02
 -0.4993434633337E+02
 -0.4998585729923E+02
 -0.5011289226531E+02
 -0.5034379982070E+02
 -0.5047883841531E+02
 -0.5033610094934E+02
 -0.5045429434056E+02
 -0.5053259426534E+02
 -0.5051159661446E+02
 -0.5052449410127E+02
 -0.5054567209677E+02
 -0.5060263018209E+02
 -0.5068614700411E+02
 -0.5076977475056E+02
 -0.5077204666991E+02
 -0.5068811775790E+02
 -0.5063163092187E+02
 -0.5059410230967E+02
 -0.5063089162596E+02
 -0.5084024574789E+02
 -0.5090716541586E+02
 -0.5085874429270E+02
 -0.5074865032587E+02
 -0.5059757170362E+02
 -0.5046184514209E+02
 -0.5041603288517E+02
 -0.5044832899307E+02
 -0.5054090935831E+02
 -0.5062194931201E+02
 -0.8352123958331E+01
 -0.8250139124382E+01
 -0.8097256278615E+01
 -0.8350084422217E+01
 -0.0000000000000E+00
 -0.0000000000000E+00
 -0.0000000000000E+00
 -0.0000000000000E+00
 -0.7299719653661E+01
 -0.0000000000000E+00
 -0.0000000000000E+00
 -0.5432029372502E+02
 -0.5424289614891E+02
 -0.5423133469379E+02
 -0.5427307983699E+02
 -0.5437501536393E+02
 -0.5456930208852E+02
 -0.5488456804070E+02
 -0.0000000000000E+00
 -0.1196417907029E+02
 -0.7955279916202E+01
 -0.6186296207456E+01
 -0.6277448173036E-01
 -0.5073276019899E-01
 -0.3997065627855E-01
 -0.2984999062000E-01
 -0.0000000000000E+00
 -0.0000000000000E+00
 -0.0000000000000E+00
 -0.0000000000000E+00
 -0.0000000000000E+00
 -0.0000000000000E+00
 -0.0000000000000E+00
 -0.0000000000000E+00
 -0.0000000000000E+00
 -0.0000000000000E+00
  0.0000000000000E+00
  0.1679953928174E-06
  0.3953737298688E-06
  0.5404263059435E-06
  0.5574166675021E-06
  0.0000000000000E+00
  0.6326018078589E-06
  0.6008041632302E-06
  0.3879880275849E-06
  0.1217936307527E-06
  0.0000000000000E+00
  0.0000000000000E+00
  0.0000000000000E+00
  0.0000000000000E+00
  0.0000000000000E+00
  0.0000000000000E+00
  0.0000000000000E+00
  0.0000000000000E+00
  0.0000000000000E+00
  0.0000000000000E+00
  0.0000000000000E+00
  0.0000000000000E+00
  0.0000000000000E+00
  0.0000000000000E+00
  0.0000000000000E+00
  0.0000000000000E+00
  0.0000000000000E+00
  0.0000000000000E+00
  0.0000000000000E+00
  0.0000000000000E+00
  0.0000000000000E+00
  0.0000000000000E+00
  0.0000000000000E+00
  0.0000000000000E+00
  0.0000000000000E+00
  0.0000000000000E+00
  0.3722608670874E-06
  0.0000000000000E+00
  0.0000000000000E+00
  0.0000000000000E+00
  0.7173055212419E-06
  0.1310931572398E-05
  0.1352475677214E-05
  0.1302509099092E-05
  0.1085407018421E-05
  0.0000000000000E+00
  0.0000000000000E+00
  0.0000000000000E+00
  0.0000000000000E+00
  0.0000000000000E+00
  0.0000000000000E+00
  0.0000000000000E+00
  0.0000000000000E+00
  0.0000000000000E+00
  0.0000000000000E+00
  0.0000000000000E+00
  0.0000000000000E+00
  0.0000000000000E+00
  0.0000000000000E+00
  0.0000000000000E+00
  0.0000000000000E+00
  0.0000000000000E+00
  0.0000000000000E+00
  0.0000000000000E+00
  0.0000000000000E+00
  0.0000000000000E+00
  0.0000000000000E+00
  0.0000000000000E+00
  0.0000000000000E+00
  0.0000000000000E+00
  0.0000000000000E+00
  0.2889707724642E-06
  0.4822765777648E-05
  0.5654874029538E-05
  0.5632904864026E-05
  0.3897565115642E-05
  0.2605046614783E-05
  0.4069699663532E-05
  0.4704564447958E-05
  0.5986420886284E-05
  0.6580818761867E-05
  0.6120645715303E-05
  0.0000000000000E+00
  0.0000000000000E+00
  0.0000000000000E+00
  0.0000000000000E+00
  0.0000000000000E+00
  0.0000000000000E+00
  0.0000000000000E+00
  0.0000000000000E+00
  0.0000000000000E+00
  0.0000000000000E+00
  0.0000000000000E+00
  0.0000000000000E+00
  0.0000000000000E+00
  0.0000000000000E+00
  0.0000000000000E+00
  0.0000000000000E+00
  0.0000000000000E+00
  0.0000000000000E+00
  0.0000000000000E+00
  0.0000000000000E+00
  0.0000000000000E+00
  0.0000000000000E+00
  0.0000000000000E+00
  0.0000000000000E+00
  0.2668329346681E-05
  0.4814545910177E-05
  0.1230759855647E-04
  0.1235965883958E-04
  0.1200406486387E-04
  0.1120992619623E-04
  0.8446571932174E-05
  0.8354043683496E-05
  0.9663200567984E-05
  0.1087743607402E-04
  0.1147133610860E-04
  0.1065017422188E-04
  0.3810373789636E-05
  0.0000000000000E+00
  0.0000000000000E+00
  0.0000000000000E+00
  0.0000000000000E+00
  0.0000000000000E+00
  0.0000000000000E+00
  0.0000000000000E+00
  0.0000000000000E+00
  0.0000000000000E+00
  0.0000000000000E+00
  0.0000000000000E+00
  0.0000000000000E+00
  0.0000000000000E+00
  0.0000000000000E+00
  0.0000000000000E+00
  0.0000000000000E+00
  0.0000000000000E+00
  0.0000000000000E+00
  0.0000000000000E+00
  0.0000000000000E+00
  0.0000000000000E+00
  0.2001215308207E-05
  0.6399580032312E-05
  0.1054149956196E-04
  0.1178854242572E-04
  0.1930539880534E-04
  0.1877140471202E-04
  0.1766046834442E-04
  0.1701928523685E-04
  0.1589989303561E-04
  0.1525466857071E-04
  0.1518146735670E-04
  0.1529422049078E-04
  0.1494100194597E-04
  0.1417452583465E-04
  0.1060116026632E-04
  0.2853002576456E-05
  0.0000000000000E+00
  0.0000000000000E+00
  0.0000000000000E+00
  0.0000000000000E+00
  0.0000000000000E+00
  0.0000000000000E+00
  0.0000000000000E+00
  0.0000000000000E+00
  0.0000000000000E+00
  0.0000000000000E+00
  0.0000000000000E+00
  0.0000000000000E+00
  0.0000000000000E+00
  0.0000000000000E+00
  0.0000000000000E+00
  0.0000000000000E+00
  0.0000000000000E+00
  0.0000000000000E+00
  0.0000000000000E+00
  0.0000000000000E+00
  0.8469082006036E-05
  0.1492200746746E-04
  0.1746556587627E-04
  0.1845156121154E-04
  0.2563832304592E-04
  0.2390433210060E-04
  0.2202791757103E-04
  0.2136627026881E-04
  0.2108138382100E-04
  0.2076380698819E-04
  0.2038545510220E-04
  0.1982345035076E-04
  0.1887799527907E-04
  0.1805373681180E-04
  0.1626526869890E-04
  0.1024015320725E-04
  0.4388832514449E-05
  0.0000000000000E+00
  0.0000000000000E+00
  0.0000000000000E+00
  0.0000000000000E+00
  0.0000000000000E+00
  0.0000000000000E+00
  0.0000000000000E+00
  0.0000000000000E+00
  0.0000000000000E+00
  0.0000000000000E+00
  0.0000000000000E+00
  0.0000000000000E+00
  0.0000000000000E+00
  0.0000000000000E+00
  0.0000000000000E+00
  0.0000000000000E+00
  0.0000000000000E+00
  0.0000000000000E+00
  0.0000000000000E+00
  0.1322409055778E-04
  0.2060028640306E-04
  0.2384211279072E-04
  0.2532554665482E-04
  0.2980479604518E-04
  0.2587752194565E-04
  0.2299829707693E-04
  0.2222531033497E-04
  0.2261721068134E-04
  0.2289457500968E-04
  0.2297421912827E-04
  0.2264917602242E-04
  0.2199424700804E-04
  0.2178086680324E-04
  0.2121610524986E-04
  0.1795584783242E-04
  0.1080444780973E-04
  0.0000000000000E+00
  0.0000000000000E+00
  0.0000000000000E+00
  0.0000000000000E+00
  0.0000000000000E+00
  0.0000000000000E+00
  0.7425269529684E-06
  0.3625451770832E-05
  0.3785154125367E-05
  0.0000000000000E+00
  0.0000000000000E+00
  0.0000000000000E+00
  0.0000000000000E+00
  0.0000000000000E+00
  0.0000000000000E+00
  0.0000000000000E+00
  0.0000000000000E+00
  0.0000000000000E+00
  0.0000000000000E+00
  0.1498667104494E-04
  0.2706205945416E-04
  0.3081285073758E-04
  0.3206146596234E-04
  0.2900836940463E-04
  0.2501587926271E-04
  0.2450207161349E-04
  0.2507855612959E-04
  0.2486875819582E-04
  0.2389201506168E-04
  0.2222207195749E-04
  0.1979931248539E-04
  0.1714375337842E-04
  0.1800130028731E-04
  0.2201852670240E-04
  0.2154408392349E-04
  0.1631590251999E-04
  0.1428696646685E-04
  0.1112912763248E-04
  0.0000000000000E+00
  0.0000000000000E+00
  0.5978169940471E-05
  0.7875227812209E-05
  0.9286912451353E-05
  0.1647009079862E-04
  0.1681870804638E-04
  0.1194385189316E-04
  0.9115601011348E-05
  0.8011564427701E-05
  0.8235873607542E-05
  0.1150561103601E-04
  0.1115770445702E-04
  0.1006651442406E-04
  0.0000000000000E+00
  0.0000000000000E+00
  0.0000000000000E+00
  0.2192623501741E-04
  0.3327272896179E-04
  0.3325405331361E-04
  0.3361140386762E-04
  0.3312676403249E-04
  0.3390634133313E-04
  0.3491860734657E-04
  0.3541216039346E-04
  0.3561870359164E-04
  0.3550488858250E-04
  0.3488542430874E-04
  0.3396870555008E-04
  0.3259267537849E-04
  0.3026047219593E-04
  0.2673468593362E-04
  0.1960444271788E-04
  0.2043056680319E-04
  0.1971816582036E-04
  0.1663703213627E-04
  0.0000000000000E+00
  0.0000000000000E+00
  0.8827912790625E-05
  0.1436481674213E-04
  0.1626455034504E-04
  0.2267703491395E-04
  0.2184986720529E-04
  0.1358373239826E-04
  0.1487520495517E-04
  0.1265836212119E-04
  0.1557009926941E-04
  0.1831860911827E-04
  0.1755762994815E-04
  0.1151773144242E-04
  0.0000000000000E+00
  0.0000000000000E+00
  0.0000000000000E+00
  0.2535815609429E-04
  0.2482897139666E-04
  0.2827398278905E-04
  0.3291086556207E-04
  0.3908109750385E-04
  0.3996710232814E-04
  0.4070923327990E-04
  0.4127258803992E-04
  0.4170612566792E-04
  0.4186879650553E-04
  0.4152251751976E-04
  0.4058926231675E-04
  0.3915150993202E-04
  0.3749777053199E-04
  0.3582142141425E-04
  0.3457400312638E-04
  0.2919687234658E-04
  0.2479401491468E-04
  0.2068948510309E-04
  0.2150861472402E-04
  0.0000000000000E+00
  0.1306568362111E-04
  0.1964394068329E-04
  0.0000000000000E+00
  0.2388451887682E-04
  0.2809449780568E-04
  0.3034283921359E-04
  0.2762571173423E-04
  0.2607106654160E-04
  0.2463236980291E-04
  0.2391289469935E-04
  0.2423315666929E-04
  0.2380409713474E-04
  0.0000000000000E+00
  0.0000000000000E+00
  0.0000000000000E+00
  0.2863062783440E-04
  0.3339453475453E-04
  0.3670033200081E-04
  0.3827518774615E-04
  0.4337889518384E-04
  0.4427169139591E-04
  0.4495971171116E-04
  0.4570634118981E-04
  0.4651229108371E-04
  0.4695952657453E-04
  0.4683411789340E-04
  0.4587180867421E-04
  0.4414997940328E-04
  0.4210589135446E-04
  0.4021851736108E-04
  0.3824688974800E-04
  0.3445790106663E-04
  0.0000000000000E+00
  0.2844698776730E-04
  0.2721616888448E-04
  0.0000000000000E+00
  0.0000000000000E+00
  0.2452349031659E-04
  0.2933114830895E-04
  0.3306223912946E-04
  0.3487336529340E-04
  0.3524192783713E-04
  0.3343726656601E-04
  0.2911242922478E-04
  0.3229752668840E-04
  0.3010787498336E-04
  0.3082257982025E-04
  0.2762771198607E-04
  0.2521946411367E-04
  0.0000000000000E+00
  0.0000000000000E+00
  0.3303243141670E-04
  0.3926004409039E-04
  0.4135440856963E-04
  0.4257442734858E-04
  0.4663681759545E-04
  0.4724181677033E-04
  0.4789411057807E-04
  0.4875087266264E-04
  0.4959689847459E-04
  0.5001373468256E-04
  0.4970027583259E-04
  0.4854422329934E-04
  0.4703730583644E-04
  0.4561107181728E-04
  0.4422174256716E-04
  0.4234919352356E-04
  0.3887405065524E-04
  0.3506533646392E-04
  0.3541160154380E-04
  0.2978944969552E-04
  0.0000000000000E+00
  0.0000000000000E+00
  0.2940558522206E-04
  0.3553792384942E-04
  0.3832107957245E-04
  0.4049912448158E-04
  0.4076521087444E-04
  0.3775933511072E-04
  0.0000000000000E+00
  0.2783733140842E-04
  0.3141713054903E-04
  0.3666109791811E-04
  0.3364394939783E-04
  0.3041225735708E-04
  0.0000000000000E+00
  0.0000000000000E+00
  0.3573597472112E-04
  0.4249109615616E-04
  0.4470488953786E-04
  0.4594602951296E-04
  0.4804861585168E-04
  0.4837099279917E-04
  0.4865539580809E-04
  0.4876945495529E-04
  0.4856853638509E-04
  0.4812740773035E-04
  0.4748431591771E-04
  0.4736592309083E-04
  0.4770885076015E-04
  0.4785731276131E-04
  0.4731662354926E-04
  0.4557592050954E-04
  0.4282902495741E-04
  0.3990515153529E-04
  0.3882271474192E-04
  0.3461206459524E-04
  0.0000000000000E+00
  0.0000000000000E+00
  0.2812757693689E-04
  0.4121056874869E-04
  0.4195738443799E-04
  0.4365604349702E-04
  0.4381680635499E-04
  0.4120995385476E-04
  0.0000000000000E+00
  0.0000000000000E+00
  0.0000000000000E+00
  0.3043032546890E-04
  0.3768070884570E-04
  0.3445057212490E-04
  0.0000000000000E+00
  0.0000000000000E+00
  0.3689141824479E-04
  0.4495221481723E-04
  0.4668043281865E-04
  0.4750659712399E-04
  0.4645568736630E-04
  0.4624943949940E-04
  0.4544890208245E-04
  0.4359764853293E-04
  0.4138984628599E-04
  0.3969552736050E-04
  0.4059274707547E-04
  0.4396570086906E-04
  0.4664002925216E-04
  0.4823617627971E-04
  0.4860905141359E-04
  0.4745384933365E-04
  0.4453533323099E-04
  0.4196010143004E-04
  0.4008125381653E-04
  0.3799102175416E-04
  0.0000000000000E+00
  0.0000000000000E+00
  0.0000000000000E+00
  0.3305820432045E-04
  0.4295868893141E-04
  0.4466351572081E-04
  0.4450002339572E-04
  0.4571481571364E-04
  0.3372184548004E-04
  0.0000000000000E+00
  0.0000000000000E+00
  0.0000000000000E+00
  0.3622887275848E-04
  0.3728288005751E-04
  0.0000000000000E+00
  0.0000000000000E+00
  0.3592208721352E-04
  0.4544583164341E-04
  0.4656387164710E-04
  0.4624155445581E-04
  0.3873609598413E-04
  0.3756715855096E-04
  0.3541717792975E-04
  0.3213130434961E-04
  0.2965332008686E-04
  0.3169177803413E-04
  0.3672128443567E-04
  0.4119636342469E-04
  0.4391168534801E-04
  0.4543854267755E-04
  0.4629026117045E-04
  0.4567580024289E-04
  0.4243374318845E-04
  0.4121690647868E-04
  0.4066766520462E-04
  0.4025785633649E-04
  0.0000000000000E+00
  0.0000000000000E+00
  0.0000000000000E+00
  0.3533391987884E-04
  0.4277786361039E-04
  0.4365496776787E-04
  0.4540101530229E-04
  0.4486869223205E-04
  0.3631857728406E-04
  0.3150782701153E-04
  0.0000000000000E+00
  0.0000000000000E+00
  0.3858160444579E-04
  0.3993358893197E-04
  0.0000000000000E+00
  0.3294700348534E-04
  0.4108149893570E-04
  0.4172882430566E-04
  0.4044219963692E-04
  0.3925757562898E-04
  0.3375194025694E-04
  0.3372572182904E-04
  0.3485655810874E-04
  0.3803845438652E-04
  0.4147939999957E-04
  0.4350161929236E-04
  0.4419253277372E-04
  0.4382181980565E-04
  0.4262052762017E-04
  0.4097503853203E-04
  0.3942575393559E-04
  0.3955627106398E-04
  0.3868979370921E-04
  0.3863476550070E-04
  0.4069557940262E-04
  0.3978887413310E-04
  0.0000000000000E+00
  0.0000000000000E+00
  0.0000000000000E+00
  0.3599452858127E-04
  0.4381411830914E-04
  0.4614562893798E-04
  0.4569728941872E-04
  0.4476850345553E-04
  0.3502846975010E-04
  0.2746750877255E-04
  0.3201350547271E-04
  0.0000000000000E+00
  0.3946839455489E-04
  0.4160530420040E-04
  0.3562626355027E-04
  0.3962139362909E-04
  0.3830403110065E-04
  0.3577656016123E-04
  0.3368442212024E-04
  0.3380021402135E-04
  0.4814263846338E-04
  0.4968641782735E-04
  0.5078832412351E-04
  0.5152487541345E-04
  0.5197216244966E-04
  0.5221488008886E-04
  0.5204339836662E-04
  0.5045103609819E-04
  0.4673252009918E-04
  0.4299239391541E-04
  0.3993333076587E-04
  0.3746771316657E-04
  0.3620482123308E-04
  0.3271552423181E-04
  0.4274999580288E-04
  0.3733496275776E-04
  0.0000000000000E+00
  0.0000000000000E+00
  0.0000000000000E+00
  0.3819837563590E-04
  0.4398419464592E-04
  0.4660243052070E-04
  0.4459442418536E-04
  0.4435018754711E-04
  0.3842290594094E-04
  0.3865278459756E-04
  0.3997966953672E-04
  0.0000000000000E+00
  0.0000000000000E+00
  0.3609466595834E-04
  0.4188994103651E-04
  0.4109294528619E-04
  0.4139259154827E-04
  0.4166719576085E-04
  0.4432562687838E-04
  0.4657530394344E-04
  0.5334272646995E-04
  0.5370309664019E-04
  0.5376612268723E-04
  0.5369813786334E-04
  0.5375495193231E-04
  0.5393362898215E-04
  0.5400920385371E-04
  0.5370925430835E-04
  0.5281088766904E-04
  0.5123039427020E-04
  0.4871953748502E-04
  0.4543793605394E-04
  0.4094647092428E-04
  0.1666674278257E-04
  0.4674923253154E-04
  0.4729241551288E-04
  0.0000000000000E+00
  0.0000000000000E+00
  0.0000000000000E+00
  0.3255809253095E-04
  0.4163873449503E-04
  0.3910741555593E-04
  0.3587626364439E-04
  0.3878491870180E-04
  0.3937018922499E-04
  0.3966766889909E-04
  0.3556583161153E-04
  0.2751527815548E-04
  0.0000000000000E+00
  0.3608687561325E-04
  0.4481909372885E-04
  0.4456521383521E-04
  0.4694339362788E-04
  0.4931885983847E-04
  0.5143231614599E-04
  0.5266021255817E-04
  0.5209674625919E-04
  0.5143318949689E-04
  0.5069376320094E-04
  0.5027297150354E-04
  0.5011741094948E-04
  0.4991544052153E-04
  0.4953470473314E-04
  0.4916029889221E-04
  0.4888020179323E-04
  0.4842453102946E-04
  0.4737521969651E-04
  0.4592338970037E-04
  0.4452505689857E-04
  0.3708402350358E-04
  0.4050101985667E-04
  0.4718131728337E-04
  0.0000000000000E+00
  0.0000000000000E+00
  0.0000000000000E+00
  0.4388762811041E-04
  0.4633827954004E-04
  0.3212922076225E-04
  0.4217012422810E-04
  0.2671815558952E-04
  0.2002550358843E-04
  0.2651661561107E-04
  0.3223338501132E-04
  0.4457099600867E-04
  0.0000000000000E+00
  0.3139360940674E-04
  0.4220017869948E-04
  0.4289088114719E-04
  0.4569309726206E-04
  0.4919297241939E-04
  0.5147940094185E-04
  0.5223792796865E-04
  0.4176555441067E-04
  0.4140388765263E-04
  0.4119206044984E-04
  0.4102572684222E-04
  0.4093881600062E-04
  0.4071831517709E-04
  0.4031092599492E-04
  0.4003873794996E-04
  0.3988462863298E-04
  0.3990360313605E-04
  0.4002801188791E-04
  0.4050856113399E-04
  0.4299813829305E-04
  0.4771894857843E-04
  0.3279769852675E-04
  0.3514521077113E-04
  0.0000000000000E+00
  0.0000000000000E+00
  0.0000000000000E+00
  0.4851708888857E-04
  0.4907707819682E-04
  0.4775408015526E-04
  0.4796226036891E-04
  0.4730106091700E-04
  0.4240226192604E-04
  0.4537294863309E-04
  0.4897155006829E-04
  0.5070265187560E-04
  0.4244379474795E-04
  0.4362926992213E-04
  0.3966695970952E-04
  0.3716526863988E-04
  0.3788752160727E-04
  0.4131253693972E-04
  0.4277506401690E-04
  0.4234649059492E-04
  0.4517001107168E-04
  0.4457514550247E-04
  0.4426662443579E-04
  0.4417695137749E-04
  0.4449397093752E-04
  0.4504230507864E-04
  0.4554511250997E-04
  0.4599349744786E-04
  0.4609527459233E-04
  0.4581698562641E-04
  0.4522060184121E-04
  0.4466576589192E-04
  0.4739764078865E-04
  0.5169046283724E-04
  0.5361518198563E-04
  0.3606052709405E-04
  0.0000000000000E+00
  0.0000000000000E+00
  0.0000000000000E+00
  0.5050908228493E-04
  0.4473348357848E-04
  0.4953043736530E-04
  0.0000000000000E+00
  0.4903353531274E-04
  0.5185291182277E-04
  0.5373227434879E-04
  0.5342451593579E-04
  0.5225135570732E-04
  0.4989633891842E-04
  0.5200397802455E-04
  0.4929730532055E-04
  0.4509796677095E-04
  0.4426907340712E-04
  0.4569529343891E-04
  0.4614956898926E-04
  0.4586046115333E-04
  0.5230885548448E-04
  0.5120275299162E-04
  0.4991615022088E-04
  0.4876188103575E-04
  0.4788436440109E-04
  0.4760894361689E-04
  0.4804375276997E-04
  0.4906865112480E-04
  0.5017186327349E-04
  0.5119827795141E-04
  0.5221552781770E-04
  0.5288022543884E-04
  0.5248022336273E-04
  0.4811035467646E-04
  0.5499198042074E-04
  0.6023139670346E-04
  0.4000417039810E-04
  0.3759809836699E-04
  0.4610419252988E-04
  0.5645519020158E-04
  0.4524221106833E-04
  0.4549571523350E-04
  0.0000000000000E+00
  0.5070548541202E-04
  0.5242061218605E-04
  0.5430534655074E-04
  0.5582941381970E-04
  0.5320198333952E-04
  0.5282678332460E-04
  0.5649225827554E-04
  0.5649669603039E-04
  0.5524626627709E-04
  0.5346446201126E-04
  0.5378042927789E-04
  0.5357736996926E-04
  0.5311954119248E-04
  0.5597562451069E-04
  0.5636044634670E-04
  0.5651837210725E-04
  0.5599402236363E-04
  0.5470889806595E-04
  0.5331496850466E-04
  0.5215700540956E-04
  0.5188228545048E-04
  0.5245604793813E-04
  0.5339302722365E-04
  0.5439751432178E-04
  0.5511932606764E-04
  0.5480449359054E-04
  0.5272717658606E-04
  0.4936776459336E-04
  0.4203795012161E-04
  0.4885398483901E-04
  0.5112730512422E-04
  0.5521579272365E-04
  0.5826760414930E-04
  0.5283797853436E-04
  0.0000000000000E+00
  0.4984502951938E-04
  0.5668891033508E-04
  0.5488367529854E-04
  0.5637338720513E-04
  0.5665095945241E-04
  0.5564104733137E-04
  0.5318463162548E-04
  0.5239623436212E-04
  0.5293094928687E-04
  0.5455768994946E-04
  0.5500015091169E-04
  0.5502001125620E-04
  0.5523229682074E-04
  0.5565571098686E-04
  0.5603089062845E-04
  0.5621700034718E-04
  0.5664862603559E-04
  0.5723237767285E-04
  0.5770989508803E-04
  0.5756731278610E-04
  0.5660722472132E-04
  0.5510072091444E-04
  0.5411681011942E-04
  0.5411392946869E-04
  0.5468607925735E-04
  0.5531609826492E-04
  0.5581035891718E-04
  0.5614887556149E-04
  0.5677889066206E-04
  0.5710721450428E-04
  0.5843729254138E-04
  0.5656020484690E-04
  0.5685664705395E-04
  0.5787406519758E-04
  0.5495153701541E-04
  0.0000000000000E+00
  0.4564373983012E-04
  0.5718773756357E-04
  0.5748836709749E-04
  0.5870076117046E-04
  0.5817323245699E-04
  0.5702889648554E-04
  0.5537737050887E-04
  0.5570286196106E-04
  0.5601541436415E-04
  0.5636152901723E-04
  0.5685342971061E-04
  0.5729586352427E-04
  0.5640085900749E-04
  0.5614447109990E-04
  0.5847922521685E-04
  0.5850958712439E-04
  0.5856402536042E-04
  0.5849101426808E-04
  0.5859174059629E-04
  0.5866758838789E-04
  0.5828276139116E-04
  0.5716897988508E-04
  0.5568399913854E-04
  0.5440644032480E-04
  0.5392415817381E-04
  0.5409793813175E-04
  0.5466134684412E-04
  0.5588585377062E-04
  0.5772336433916E-04
  0.5820952512336E-04
  0.5729056381145E-04
  0.5582233022775E-04
  0.5671288509925E-04
  0.5890708752574E-04
  0.5833615783291E-04
  0.4393758153037E-04
  0.5767931626006E-04
  0.5764875402128E-04
  0.5900460857949E-04
  0.5910400108455E-04
  0.5843022729911E-04
  0.5756082180430E-04
  0.5741599009837E-04
  0.5817433959340E-04
  0.5910189670188E-04
  0.5991720028044E-04
  0.6036764102996E-04
  0.6010931642625E-04
  0.5929448514676E-04
  0.5875615667114E-04
  0.5705376365252E-04
  0.5700481065416E-04
  0.5732469550220E-04
  0.5780316407099E-04
  0.5810767166990E-04
  0.5805107023453E-04
  0.5747014835467E-04
  0.5653460324449E-04
  0.5532956154578E-04
  0.5381102494261E-04
  0.5247830202589E-04
  0.5183307196688E-04
  0.5184526891189E-04
  0.5223256977602E-04
  0.5271491906647E-04
  0.5303367550420E-04
  0.5286035716413E-04
  0.5279124742516E-04
  0.5340014186064E-04
  0.5520573387413E-04
  0.5741004241918E-04
  0.4951225905061E-04
  0.5210174703844E-04
  0.5340761296429E-04
  0.5487826759883E-04
  0.5549868276890E-04
  0.5561700579094E-04
  0.5524264005298E-04
  0.5523335226661E-04
  0.5578479854254E-04
  0.5670476693026E-04
  0.5763405286588E-04
  0.5824285281738E-04
  0.5824894694750E-04
  0.5789053621622E-04
  0.5741631990447E-04
  0.5268897866165E-04
  0.5255845768735E-04
  0.5277755512982E-04
  0.5331863369165E-04
  0.5370274681363E-04
  0.5382175541078E-04
  0.5360936499182E-04
  0.5302990679283E-04
  0.5206852357397E-04
  0.5072654382043E-04
  0.4924205994745E-04
  0.4802695258819E-04
  0.4739581571546E-04
  0.4698454853930E-04
  0.4645000721722E-04
  0.4610263546971E-04
  0.4658535916731E-04
  0.4837878592076E-04
  0.4889413499805E-04
  0.5091178936387E-04
  0.5234757953100E-04
  0.2636040509701E-04
  0.3709962310337E-04
  0.4338009285054E-04
  0.4680729624921E-04
  0.4846205310197E-04
  0.4937142382720E-04
  0.4969122503531E-04
  0.5018195038722E-04
  0.5081692323200E-04
  0.5157041746600E-04
  0.5239556943637E-04
  0.5303369903390E-04
  0.5328355789827E-04
  0.5325037962004E-04
  0.5297605128544E-04
  0.4364907046693E-04
  0.4365970045148E-04
  0.4391484222595E-04
  0.4456768063277E-04
  0.4509102520102E-04
  0.4535881780240E-04
  0.4530568998360E-04
  0.4483101324886E-04
  0.4388602745630E-04
  0.4238220478456E-04
  0.3989201804218E-04
  0.3634561584784E-04
  0.3272441384806E-04
  0.3261419545351E-04
  0.3552305766925E-04
  0.3762152755255E-04
  0.4081207341409E-04
  0.4447866029351E-04
  0.4763468382216E-04
  0.5061470687047E-04
  0.5225636408319E-04
  0.6169308244861E-04
  0.5809388271866E-04
  0.4850695472623E-04
  0.4310070310238E-04
  0.4185912233049E-04
  0.4075053207601E-04
  0.3940889294243E-04
  0.3912545081196E-04
  0.4004566667648E-04
  0.4126505630554E-04
  0.4245471882760E-04
  0.4332260904015E-04
  0.4391760098478E-04
  0.4410752065553E-04
  0.4387824872877E-04
  0.3795436269743E-04
  0.3683556393978E-04
  0.3595340057203E-04
  0.3623932493994E-04
  0.3643454191329E-04
  0.3635728651496E-04
  0.3606311518144E-04
  0.3539390086484E-04
  0.3422181014144E-04
  0.3400919305538E-04
  0.3554512790032E-04
  0.3779110999771E-04
  0.3941064561339E-04
  0.4060072683544E-04
  0.4344813211978E-04
  0.4645736959652E-04
  0.4746964418348E-04
  0.4896218358693E-04
  0.0000000000000E+00
  0.0000000000000E+00
  0.0000000000000E+00
  0.5132154768086E-04
  0.7047635288329E-04
  0.6483929380183E-04
  0.5662338112100E-04
  0.5171262431619E-04
  0.4903917622804E-04
  0.4662680168676E-04
  0.4458143415659E-04
  0.4251379466639E-04
  0.4087638938630E-04
  0.3995851678041E-04
  0.3978134299433E-04
  0.3995606058673E-04
  0.3987089102193E-04
  0.3915750736846E-04
  0.4197727490567E-04
  0.4196399708909E-04
  0.4177833075483E-04
  0.4132755003110E-04
  0.4096714457758E-04
  0.4086581984542E-04
  0.4092208875855E-04
  0.4091488008402E-04
  0.4091507618315E-04
  0.4069299407543E-04
  0.4011735821697E-04
  0.3928328693580E-04
  0.3826877619169E-04
  0.3762517588637E-04
  0.3983252593252E-04
  0.4463155378970E-04
  0.4844255915286E-04
  0.4756960788183E-04
  0.0000000000000E+00
  0.0000000000000E+00
  0.0000000000000E+00
  0.4181661549765E-04
  0.6153416567155E-04
  0.6409927805798E-04
  0.6190755683215E-04
  0.5842935027223E-04
  0.5435008963902E-04
  0.5010559899473E-04
  0.4630961122137E-04
  0.4423517427721E-04
  0.4262052540701E-04
  0.4288909050688E-04
  0.4208026883266E-04
  0.4170193775830E-04
  0.4167658298297E-04
  0.4181731249657E-04
  0.3659787389081E-04
  0.3604309930348E-04
  0.3543762787401E-04
  0.3651456162144E-04
  0.3672043348455E-04
  0.3679178021650E-04
  0.3688586351940E-04
  0.3703928370138E-04
  0.3718916183825E-04
  0.3719672733897E-04
  0.3701405684434E-04
  0.3662483757338E-04
  0.3586065316716E-04
  0.3489026079664E-04
  0.3551034764066E-04
  0.4050362214854E-04
  0.4504232796256E-04
  0.4944627692460E-04
  0.0000000000000E+00
  0.0000000000000E+00
  0.0000000000000E+00
  0.3304171485681E-04
  0.4465401487304E-04
  0.4753606520120E-04
  0.5030878203297E-04
  0.5175352066279E-04
  0.5131670266606E-04
  0.5035834380470E-04
  0.4871508355068E-04
  0.4656658422221E-04
  0.4438998376869E-04
  0.4243968161894E-04
  0.4079664944144E-04
  0.3938352748334E-04
  0.3814478110606E-04
  0.3724024789069E-04
  0.3555434260828E-04
  0.3503718543699E-04
  0.3451200097904E-04
  0.3391820475540E-04
  0.3338005032180E-04
  0.3299195152117E-04
  0.3281229865546E-04
  0.3291390669613E-04
  0.3324833423725E-04
  0.3350828433506E-04
  0.3372752724280E-04
  0.3372345288775E-04
  0.3337422357123E-04
  0.3291394151096E-04
  0.3231783470287E-04
  0.3465031685246E-04
  0.3863330389992E-04
  0.4888794545089E-04
  0.4196305483565E-04
  0.3584726173637E-04
  0.2929489033030E-04
  0.2782229986374E-04
  0.2748866991319E-04
  0.2921438196281E-04
  0.3254794776546E-04
  0.3488064618923E-04
  0.3799482911969E-04
  0.4012097446362E-04
  0.4051527399157E-04
  0.4079143038311E-04
  0.4042421970391E-04
  0.3965454117648E-04
  0.3878686570471E-04
  0.3796054871281E-04
  0.3646469663607E-04
  0.3591442562804E-04
  0.3082676763784E-04
  0.2996408635107E-04
  0.2997160158419E-04
  0.2997755498727E-04
  0.2986097115536E-04
  0.2969381264972E-04
  0.2965017373225E-04
  0.2974079993828E-04
  0.2999965505611E-04
  0.2934504983422E-04
  0.2958445599101E-04
  0.2983702975192E-04
  0.2996431857428E-04
  0.2992873696423E-04
  0.2945598522926E-04
  0.2918021356995E-04
  0.3074904958395E-04
  0.3333474069338E-04
  0.3195737864159E-04
  0.2885390255992E-04
  0.2547236146557E-04
  0.2282741704167E-04
  0.2159562755477E-04
  0.2147124593711E-04
  0.2136430893928E-04
  0.2191524936032E-04
  0.2370333388100E-04
  0.2567564737895E-04
  0.2760716094667E-04
  0.2891971687661E-04
  0.2965904321077E-04
  0.2987554854478E-04
  0.2982825598382E-04
  0.3039516515477E-04
  0.3064645550364E-04
  0.3071910454925E-04
  0.2101937265498E-04
  0.2152546112504E-04
  0.2180469380222E-04
  0.2195568819839E-04
  0.2189514180569E-04
  0.2180552930926E-04
  0.2186285427471E-04
  0.2183606522748E-04
  0.2155276164432E-04
  0.2143651244990E-04
  0.2175064575455E-04
  0.2200592800846E-04
  0.2212877860522E-04
  0.2207393930136E-04
  0.2180881258977E-04
  0.2112310535020E-04
  0.2161208557577E-04
  0.2359105437119E-04
  0.2318378892261E-04
  0.2223875536227E-04
  0.1995385793378E-04
  0.1916335731578E-04
  0.1798469977932E-04
  0.1691898135455E-04
  0.1586761282587E-04
  0.1494498265738E-04
  0.1451873207943E-04
  0.1514881658711E-04
  0.1650026075513E-04
  0.1779610119403E-04
  0.1884511746938E-04
  0.1960640222501E-04
  0.2005099407085E-04
  0.2047184072040E-04
  0.2087390152089E-04
  0.2073834231494E-04
  0.1114924362079E-04
  0.1113178271683E-04
  0.1108578546755E-04
  0.1103008771960E-04
  0.1079740340593E-04
  0.1072106346838E-04
  0.1068325791678E-04
  0.1068050573098E-04
  0.1070771873481E-04
  0.1077957255205E-04
  0.1091087322563E-04
  0.1099251682488E-04
  0.1092503515985E-04
  0.1100258870686E-04
  0.1106061353968E-04
  0.1106356537376E-04
  0.1107913069604E-04
  0.1108425449364E-04
  0.1108799810406E-04
  0.1109595472272E-04
  0.1111135486183E-04
  0.1109896629611E-04
  0.1105606776096E-04
  0.1104121875713E-04
  0.1104572547082E-04
  0.1109715328768E-04
  0.1124728440639E-04
  0.1131755819991E-04
  0.1131665549572E-04
  0.1127066568657E-04
  0.1119054800077E-04
  0.1110994253108E-04
  0.1107336346721E-04
  0.1107697775177E-04
  0.1111241595919E-04
  0.1114074582379E-04
  0.6181243807962E-05
  0.6141236213224E-05
  0.6098192580402E-05
  0.6147479772423E-05
  0.5359893154312E-05
  0.5441402200278E-05
  0.5609915621009E-05
  0.5891345965781E-05
  0.7664303241333E-05
  0.7450449629959E-05
  0.8059332580475E-05
  0.1032213011202E-04
  0.1030418902286E-04
  0.1030703427852E-04
  0.1032418209480E-04
  0.1035714103033E-04
  0.1041816625550E-04
  0.1051707389423E-04
  0.6861585586478E-05
  0.7641993805495E-05
  0.6309405889757E-05
  0.5446622203830E-05
  0.3146681146843E-05
  0.3032839492705E-05
  0.3051244279642E-05
  0.3183324371176E-05
  0.3363183209247E-05
  0.3576538240348E-05
  0.3691025615610E-05
  0.3692908235045E-05
  0.3618830025962E-05
  0.3541035234367E-05
  0.3494543154033E-05
  0.3495607064446E-05
  0.3533255439941E-05
  0.3609184876051E-05
  0.0000000000000E+00
  0.3491808397582E-05
  0.3737202533705E-05
  0.3708974806882E-05
  0.3411414268246E-05
  0.0000000000000E+00
  0.3741645520999E-05
  0.4310709033806E-05
  0.4420681127813E-05
  0.4001109921979E-05
  0.2874111129376E-05
  0.2890544805040E-06
  0.0000000000000E+00
  0.0000000000000E+00
  0.0000000000000E+00
  0.0000000000000E+00
  0.0000000000000E+00
  0.0000000000000E+00
  0.0000000000000E+00
  0.0000000000000E+00
  0.0000000000000E+00
  0.0000000000000E+00
  0.0000000000000E+00
  0.0000000000000E+00
  0.0000000000000E+00
  0.0000000000000E+00
  0.0000000000000E+00
  0.0000000000000E+00
  0.0000000000000E+00
  0.0000000000000E+00
  0.0000000000000E+00
  0.0000000000000E+00
  0.1732859199997E-05
  0.3928130057565E-05
  0.4506437709768E-05
  0.4050679277862E-05
  0.4244337643530E-05
  0.0000000000000E+00
  0.0000000000000E+00
  0.0000000000000E+00
  0.3833456742525E-05
  0.4781837846597E-05
  0.5236623392364E-05
  0.5333291477673E-05
  0.4849068202050E-05
  0.0000000000000E+00
  0.4283906584703E-05
  0.4366460279205E-05
  0.3668614602868E-05
  0.1398970565434E-05
  0.0000000000000E+00
  0.0000000000000E+00
  0.0000000000000E+00
  0.0000000000000E+00
  0.0000000000000E+00
  0.0000000000000E+00
  0.0000000000000E+00
  0.0000000000000E+00
  0.0000000000000E+00
  0.0000000000000E+00
  0.0000000000000E+00
  0.0000000000000E+00
  0.0000000000000E+00
  0.0000000000000E+00
  0.0000000000000E+00
  0.0000000000000E+00
  0.0000000000000E+00
  0.0000000000000E+00
  0.1162455196916E-05
  0.4531270277119E-05
  0.5453011498263E-05
  0.5344307603879E-05
  0.9759802252425E-05
  0.9393362229347E-05
  0.9188660971955E-05
  0.8341245895982E-05
  0.7725120116903E-05
  0.8146491660932E-05
  0.8847551161446E-05
  0.9575465996454E-05
  0.9945031543768E-05
  0.9681497676814E-05
  0.0000000000000E+00
  0.5412735441091E-05
  0.4847016316213E-05
  0.2671709984683E-05
  0.0000000000000E+00
  0.0000000000000E+00
  0.0000000000000E+00
  0.0000000000000E+00
  0.0000000000000E+00
  0.0000000000000E+00
  0.0000000000000E+00
  0.0000000000000E+00
  0.0000000000000E+00
  0.0000000000000E+00
  0.0000000000000E+00
  0.0000000000000E+00
  0.0000000000000E+00
  0.0000000000000E+00
  0.0000000000000E+00
  0.0000000000000E+00
  0.0000000000000E+00
  0.0000000000000E+00
  0.1610093775585E-05
  0.5663738982373E-05
  0.7965693768582E-05
  0.9641908169651E-05
  0.1640861332115E-04
  0.1581810495534E-04
  0.1512259620955E-04
  0.1443916272905E-04
  0.1335664202496E-04
  0.1314455794179E-04
  0.1379438821943E-04
  0.1445007743796E-04
  0.1451987332580E-04
  0.1323288886316E-04
  0.1144037041629E-04
  0.6585254159312E-05
  0.0000000000000E+00
  0.0000000000000E+00
  0.0000000000000E+00
  0.0000000000000E+00
  0.0000000000000E+00
  0.0000000000000E+00
  0.0000000000000E+00
  0.0000000000000E+00
  0.0000000000000E+00
  0.0000000000000E+00
  0.0000000000000E+00
  0.0000000000000E+00
  0.0000000000000E+00
  0.0000000000000E+00
  0.0000000000000E+00
  0.0000000000000E+00
  0.0000000000000E+00
  0.0000000000000E+00
  0.0000000000000E+00
  0.0000000000000E+00
  0.3471319992217E-05
  0.9608666480075E-05
  0.1344074557735E-04
  0.1553708333917E-04
  0.2308331508053E-04
  0.2175102669993E-04
  0.2010596870912E-04
  0.1903128198316E-04
  0.1805721007096E-04
  0.1752089459322E-04
  0.1753532003964E-04
  0.1760172254177E-04
  0.1712196082857E-04
  0.1570919053001E-04
  0.1254131098399E-04
  0.8044971903101E-05
  0.0000000000000E+00
  0.0000000000000E+00
  0.0000000000000E+00
  0.0000000000000E+00
  0.0000000000000E+00
  0.0000000000000E+00
  0.0000000000000E+00
  0.0000000000000E+00
  0.0000000000000E+00
  0.0000000000000E+00
  0.0000000000000E+00
  0.0000000000000E+00
  0.0000000000000E+00
  0.0000000000000E+00
  0.0000000000000E+00
  0.0000000000000E+00
  0.0000000000000E+00
  0.0000000000000E+00
  0.0000000000000E+00
  0.0000000000000E+00
  0.4912076198039E-05
  0.1257121191466E-04
  0.1896638257637E-04
  0.2262647943611E-04
  0.2752316338004E-04
  0.2507086575688E-04
  0.2279857011200E-04
  0.2154600414731E-04
  0.2084330574327E-04
  0.2030287051344E-04
  0.1985584814628E-04
  0.1937145653631E-04
  0.1852851221945E-04
  0.1742368187304E-04
  0.1535655946038E-04
  0.1061684035669E-04
  0.4661060183324E-05
  0.0000000000000E+00
  0.0000000000000E+00
  0.0000000000000E+00
  0.0000000000000E+00
  0.0000000000000E+00
  0.0000000000000E+00
  0.0000000000000E+00
  0.0000000000000E+00
  0.9397194260908E-06
  0.7514996680721E-06
  0.0000000000000E+00
  0.0000000000000E+00
  0.0000000000000E+00
  0.0000000000000E+00
  0.0000000000000E+00
  0.0000000000000E+00
  0.0000000000000E+00
  0.0000000000000E+00
  0.0000000000000E+00
  0.6799612002426E-05
  0.1686682331264E-04
  0.2528667633670E-04
  0.2825769529775E-04
  0.2875664855128E-04
  0.2570560025000E-04
  0.2352866043273E-04
  0.2258687770589E-04
  0.2223366354407E-04
  0.2185703991732E-04
  0.2123772276934E-04
  0.2046086367150E-04
  0.1967144261163E-04
  0.1921869555065E-04
  0.1826153026968E-04
  0.1395888409360E-04
  0.5752366141854E-05
  0.0000000000000E+00
  0.0000000000000E+00
  0.0000000000000E+00
  0.0000000000000E+00
  0.0000000000000E+00
  0.0000000000000E+00
  0.0000000000000E+00
  0.4792780774711E-05
  0.8541118126823E-05
  0.5450704370720E-05
  0.0000000000000E+00
  0.0000000000000E+00
  0.0000000000000E+00
  0.1055441370834E-05
  0.1385678042747E-05
  0.0000000000000E+00
  0.0000000000000E+00
  0.0000000000000E+00
  0.0000000000000E+00
  0.9173958047845E-05
  0.2291077458200E-04
  0.3034965034761E-04
  0.3097363435904E-04
  0.2834283715912E-04
  0.2621960251980E-04
  0.2514950219279E-04
  0.2503309096438E-04
  0.2485077262155E-04
  0.2442293855377E-04
  0.2357592503122E-04
  0.2253534509280E-04
  0.2163219856051E-04
  0.2145491298074E-04
  0.2114514503131E-04
  0.1704464358613E-04
  0.8840025828583E-05
  0.0000000000000E+00
  0.0000000000000E+00
  0.0000000000000E+00
  0.0000000000000E+00
  0.0000000000000E+00
  0.0000000000000E+00
  0.3556190883801E-05
  0.1352022137824E-04
  0.1575593920250E-04
  0.1052035630382E-04
  0.3047578730816E-05
  0.7077639145180E-06
  0.2551988963936E-05
  0.6192378989566E-05
  0.7126621483577E-05
  0.0000000000000E+00
  0.0000000000000E+00
  0.0000000000000E+00
  0.0000000000000E+00
  0.1369935882528E-04
  0.2737877935810E-04
  0.3035309673072E-04
  0.3033707820643E-04
  0.3027329601257E-04
  0.2994177289993E-04
  0.2981397177409E-04
  0.3013673336474E-04
  0.3023948695125E-04
  0.3014873287546E-04
  0.2972272268237E-04
  0.2911709401211E-04
  0.2845728935672E-04
  0.2749939016239E-04
  0.2561595461859E-04
  0.2045795989414E-04
  0.1312139979734E-04
  0.3913053317421E-05
  0.0000000000000E+00
  0.0000000000000E+00
  0.0000000000000E+00
  0.5369969904547E-05
  0.6800947689500E-05
  0.7510545064997E-05
  0.1827616021331E-04
  0.1940724332522E-04
  0.1457353584441E-04
  0.9981235902803E-05
  0.6836268497451E-05
  0.8968180826818E-05
  0.1127647639065E-04
  0.1145947571738E-04
  0.9418516384532E-06
  0.0000000000000E+00
  0.0000000000000E+00
  0.0000000000000E+00
  0.1864367685354E-04
  0.2802810230054E-04
  0.2870906935701E-04
  0.3030515893333E-04
  0.3361311337901E-04
  0.3401103337816E-04
  0.3425989140290E-04
  0.3469582215160E-04
  0.3515466135258E-04
  0.3553967911896E-04
  0.3565357127013E-04
  0.3538896842499E-04
  0.3489556381298E-04
  0.3364617933605E-04
  0.3124098974720E-04
  0.2636169804442E-04
  0.1710311450309E-04
  0.8662347366056E-05
  0.2996577219943E-05
  0.0000000000000E+00
  0.0000000000000E+00
  0.8992843271118E-05
  0.1596913219057E-04
  0.0000000000000E+00
  0.2262510361238E-04
  0.2289181194894E-04
  0.2024918256027E-04
  0.1613007110743E-04
  0.1311035490952E-04
  0.1555351776080E-04
  0.1637191273935E-04
  0.1513903866652E-04
  0.4610980421130E-05
  0.0000000000000E+00
  0.0000000000000E+00
  0.0000000000000E+00
  0.2374104237089E-04
  0.3104683246929E-04
  0.3054968678581E-04
  0.3268246272750E-04
  0.3756288100902E-04
  0.3802466198041E-04
  0.3841126622728E-04
  0.3896547948127E-04
  0.3990695890724E-04
  0.4080856101824E-04
  0.4146225782294E-04
  0.4142612712840E-04
  0.4075505618336E-04
  0.3892621426151E-04
  0.3581409517914E-04
  0.3064419510169E-04
  0.2210418072324E-04
  0.0000000000000E+00
  0.1388897842410E-04
  0.0000000000000E+00
  0.0000000000000E+00
  0.0000000000000E+00
  0.2336545512776E-04
  0.1885289072717E-04
  0.2767494561023E-04
  0.2802391237042E-04
  0.2521109323799E-04
  0.1987274137458E-04
  0.1406929929260E-04
  0.2057318154719E-04
  0.1991469010252E-04
  0.1897680058963E-04
  0.1044631795293E-04
  0.0000000000000E+00
  0.0000000000000E+00
  0.0000000000000E+00
  0.2978041639502E-04
  0.3505113121387E-04
  0.3427045693337E-04
  0.3648763621055E-04
  0.4126588290896E-04
  0.4159889340503E-04
  0.4206854450888E-04
  0.4287673579026E-04
  0.4425656256824E-04
  0.4562589903810E-04
  0.4672636171706E-04
  0.4678852073525E-04
  0.4568186786924E-04
  0.4313451459814E-04
  0.3922802051861E-04
  0.3415595056824E-04
  0.2866190026225E-04
  0.2241096385284E-04
  0.2387188275277E-04
  0.6148746337391E-05
  0.0000000000000E+00
  0.0000000000000E+00
  0.2472284205589E-04
  0.2606079532719E-04
  0.2995650050881E-04
  0.3260270803647E-04
  0.2984787109657E-04
  0.2347840080715E-04
  0.0000000000000E+00
  0.1866740150374E-04
  0.1900326083421E-04
  0.2313089983175E-04
  0.1788730512303E-04
  0.6116404960668E-05
  0.0000000000000E+00
  0.0000000000000E+00
  0.3590110916331E-04
  0.3905643021076E-04
  0.3827543057370E-04
  0.4029235813431E-04
  0.4504186114802E-04
  0.4527595546310E-04
  0.4575202183469E-04
  0.4664471899970E-04
  0.4797334195522E-04
  0.4941234484734E-04
  0.5062259452120E-04
  0.5057560053387E-04
  0.4904879462223E-04
  0.4617431961340E-04
  0.4236289589551E-04
  0.3887074547306E-04
  0.3586453312763E-04
  0.2840294301609E-04
  0.2831865433960E-04
  0.1821415126224E-04
  0.0000000000000E+00
  0.0000000000000E+00
  0.2034590070209E-04
  0.3263477641581E-04
  0.3460234647781E-04
  0.3730427309036E-04
  0.3490207476483E-04
  0.2886415206114E-04
  0.0000000000000E+00
  0.0000000000000E+00
  0.0000000000000E+00
  0.2403998206479E-04
  0.2604891541822E-04
  0.1533063176090E-04
  0.0000000000000E+00
  0.0000000000000E+00
  0.3827741652542E-04
  0.4196819985074E-04
  0.4255700045986E-04
  0.4423480970799E-04
  0.4883652611060E-04
  0.4907210971358E-04
  0.4948467223644E-04
  0.5001011144560E-04
  0.5065892734940E-04
  0.5167148877166E-04
  0.5283861560518E-04
  0.5289626861256E-04
  0.5137830215305E-04
  0.4908296908592E-04
  0.4658096638427E-04
  0.4455970132366E-04
  0.4129242158014E-04
  0.3434641068296E-04
  0.3347535810368E-04
  0.3038531175195E-04
  0.0000000000000E+00
  0.0000000000000E+00
  0.0000000000000E+00
  0.3491256816846E-04
  0.4007282566040E-04
  0.4163984653685E-04
  0.3961725970370E-04
  0.3654216627395E-04
  0.2144004660172E-04
  0.0000000000000E+00
  0.0000000000000E+00
  0.0000000000000E+00
  0.3438920394161E-04
  0.2546311362982E-04
  0.0000000000000E+00
  0.0000000000000E+00
  0.4125852131880E-04
  0.4568620667280E-04
  0.4714172142385E-04
  0.4825446831910E-04
  0.5182762573675E-04
  0.5222661619865E-04
  0.5262136161506E-04
  0.5266787760932E-04
  0.5260847896905E-04
  0.5341544786478E-04
  0.5471634734634E-04
  0.5483338728975E-04
  0.5339912213299E-04
  0.5173468203512E-04
  0.5041625123344E-04
  0.4888712078609E-04
  0.4442005736205E-04
  0.3808213048347E-04
  0.3837515964157E-04
  0.3816877279177E-04
  0.0000000000000E+00
  0.0000000000000E+00
  0.0000000000000E+00
  0.3535752374074E-04
  0.4351858197576E-04
  0.4512231538670E-04
  0.4358788405069E-04
  0.4156275750167E-04
  0.2718884940807E-04
  0.2306001651950E-04
  0.0000000000000E+00
  0.0000000000000E+00
  0.4049256909670E-04
  0.3645683115354E-04
  0.0000000000000E+00
  0.3110264743181E-04
  0.4493015357693E-04
  0.4934454239761E-04
  0.5075001553597E-04
  0.5134999175623E-04
  0.5122492612519E-04
  0.5163211969847E-04
  0.5191120710466E-04
  0.5187459449204E-04
  0.5192410639013E-04
  0.5267668759468E-04
  0.5370660784040E-04
  0.5370318634377E-04
  0.5262619183131E-04
  0.5152170966782E-04
  0.5061380661160E-04
  0.4928242879271E-04
  0.4491494395003E-04
  0.3884574204107E-04
  0.4063058661171E-04
  0.4018933028463E-04
  0.0000000000000E+00
  0.0000000000000E+00
  0.0000000000000E+00
  0.3501038954733E-04
  0.4595949278286E-04
  0.4895237623307E-04
  0.4698854362547E-04
  0.4384579189195E-04
  0.3274912489669E-04
  0.2769855980960E-04
  0.2532780651687E-04
  0.0000000000000E+00
  0.4027077351024E-04
  0.4356713991731E-04
  0.2855181946774E-04
  0.3887365547945E-04
  0.4674027665447E-04
  0.5031403075463E-04
  0.5061255054088E-04
  0.5078518194126E-04
  0.4467820514794E-04
  0.4442104577433E-04
  0.4395377773708E-04
  0.4344213717211E-04
  0.4346592904828E-04
  0.4429018254917E-04
  0.4550557722502E-04
  0.4607933216970E-04
  0.4617573646357E-04
  0.4645227168791E-04
  0.4654073436218E-04
  0.4600258983240E-04
  0.4347827609073E-04
  0.3763057338839E-04
  0.4140299660640E-04
  0.3932042596414E-04
  0.0000000000000E+00
  0.0000000000000E+00
  0.0000000000000E+00
  0.3893681400026E-04
  0.4787964890546E-04
  0.5106560324832E-04
  0.4984062464990E-04
  0.4549110294601E-04
  0.3768265401698E-04
  0.3568127595507E-04
  0.3315299086947E-04
  0.0000000000000E+00
  0.0000000000000E+00
  0.4461038401441E-04
  0.3565724431594E-04
  0.4096233621731E-04
  0.4465864334864E-04
  0.4594500503427E-04
  0.4524241946967E-04
  0.4482780059092E-04
  0.3626699537705E-04
  0.3562325133003E-04
  0.3500557103903E-04
  0.3468234544192E-04
  0.3480087162631E-04
  0.3531600930725E-04
  0.3605699307306E-04
  0.3664678510557E-04
  0.3746863107948E-04
  0.3864094312004E-04
  0.3982575625490E-04
  0.4097753120448E-04
  0.4120206363552E-04
  0.3646257576058E-04
  0.4287978789108E-04
  0.3844434346900E-04
  0.0000000000000E+00
  0.0000000000000E+00
  0.0000000000000E+00
  0.4151386308452E-04
  0.4665385786337E-04
  0.4834010801189E-04
  0.4946399017260E-04
  0.4663845516983E-04
  0.4140112784703E-04
  0.4173479127395E-04
  0.3972561197118E-04
  0.3588704279836E-04
  0.0000000000000E+00
  0.4272186975691E-04
  0.3877224497053E-04
  0.3978074945419E-04
  0.3921698377300E-04
  0.3884030509901E-04
  0.3770051252068E-04
  0.3690167615170E-04
  0.3231998224035E-04
  0.3152557891987E-04
  0.3087656485801E-04
  0.3066925004467E-04
  0.3079806396322E-04
  0.3116397006368E-04
  0.3163828185330E-04
  0.3201513432840E-04
  0.3265252274541E-04
  0.3365612317058E-04
  0.3502621447842E-04
  0.3701979241816E-04
  0.3982039225721E-04
  0.4112387817310E-04
  0.4547220595495E-04
  0.3620109798497E-04
  0.0000000000000E+00
  0.0000000000000E+00
  0.0000000000000E+00
  0.4640803233914E-04
  0.4666156325332E-04
  0.4327670529933E-04
  0.4649242127392E-04
  0.4774477591427E-04
  0.4359702350333E-04
  0.4565618042950E-04
  0.4631613348558E-04
  0.4697909842726E-04
  0.0000000000000E+00
  0.4261356260456E-04
  0.4075863383449E-04
  0.3854216631328E-04
  0.3605124714295E-04
  0.3518026461081E-04
  0.3408244175068E-04
  0.3314237947512E-04
  0.3686255845274E-04
  0.3559652168312E-04
  0.3455968126784E-04
  0.3396046548929E-04
  0.3379253227049E-04
  0.3397510537446E-04
  0.3446744323237E-04
  0.3501097746519E-04
  0.3582878827037E-04
  0.3701753747459E-04
  0.3850408267202E-04
  0.4056459414684E-04
  0.4386715508576E-04
  0.4741972378957E-04
  0.4972806624578E-04
  0.3672603148167E-04
  0.0000000000000E+00
  0.0000000000000E+00
  0.0000000000000E+00
  0.5064906610131E-04
  0.4837915118058E-04
  0.4190540568471E-04
  0.4104421973652E-04
  0.5189708429859E-04
  0.5046326909667E-04
  0.5210025467475E-04
  0.5245734184857E-04
  0.5230547845941E-04
  0.4606294319726E-04
  0.4997346297268E-04
  0.4862062092586E-04
  0.4530808271661E-04
  0.4247359313931E-04
  0.4125461582730E-04
  0.3978881214487E-04
  0.3823822774336E-04
  0.5008232658740E-04
  0.4836036079046E-04
  0.4663349715789E-04
  0.4518398188346E-04
  0.4429516662719E-04
  0.4395955913854E-04
  0.4417967538149E-04
  0.4452037331438E-04
  0.4497235185264E-04
  0.4561139005491E-04
  0.4607230676275E-04
  0.4640600487259E-04
  0.4722780838614E-04
  0.4855019044891E-04
  0.5384457311376E-04
  0.4633418221408E-04
  0.0000000000000E+00
  0.0000000000000E+00
  0.0000000000000E+00
  0.5424638900050E-04
  0.4907567294849E-04
  0.4047728129721E-04
  0.0000000000000E+00
  0.5403760016508E-04
  0.5662147818840E-04
  0.5683321508244E-04
  0.5621641029125E-04
  0.5406422807249E-04
  0.5269761739974E-04
  0.5741029961243E-04
  0.5879224184060E-04
  0.5718139582331E-04
  0.5586649526026E-04
  0.5499551004278E-04
  0.5357344741877E-04
  0.5185727635493E-04
  0.6446607436566E-04
  0.6362073400056E-04
  0.6204542385458E-04
  0.5992344077121E-04
  0.5796785862719E-04
  0.5630304750767E-04
  0.5498597653061E-04
  0.5387022967734E-04
  0.5297301257254E-04
  0.5237490913151E-04
  0.5162008776165E-04
  0.5047049982439E-04
  0.4876829827303E-04
  0.4650614375026E-04
  0.4915599212816E-04
  0.5481687241278E-04
  0.3284291313128E-04
  0.3377154896183E-04
  0.4243448804707E-04
  0.5529848335528E-04
  0.4936652346680E-04
  0.3544910211405E-04
  0.0000000000000E+00
  0.5525756212760E-04
  0.6064491123333E-04
  0.5871018005727E-04
  0.5766776300882E-04
  0.5526361112233E-04
  0.5478478492651E-04
  0.5928897276662E-04
  0.6274134603522E-04
  0.6378432071322E-04
  0.6495654985665E-04
  0.6600623732096E-04
  0.6576082596203E-04
  0.6521828786108E-04
  0.6766137450441E-04
  0.6832956200930E-04
  0.6847818799649E-04
  0.6751290595854E-04
  0.6588561151666E-04
  0.6360427364845E-04
  0.6070214638721E-04
  0.5797141046487E-04
  0.5589061534231E-04
  0.5447524884190E-04
  0.5332780888466E-04
  0.5218507573492E-04
  0.5038325970334E-04
  0.4707519869842E-04
  0.4336830119423E-04
  0.4634796951918E-04
  0.4325779755383E-04
  0.4235117015399E-04
  0.4232350513834E-04
  0.5162049866074E-04
  0.5054768613773E-04
  0.0000000000000E+00
  0.4703323084144E-04
  0.5821736903562E-04
  0.5991864769871E-04
  0.5832528717423E-04
  0.5722537953880E-04
  0.5478436883916E-04
  0.5334873271097E-04
  0.5568151859664E-04
  0.5907078315439E-04
  0.6126863357335E-04
  0.6377283741749E-04
  0.6615037407957E-04
  0.6686366683705E-04
  0.6729410182285E-04
  0.6216968126284E-04
  0.6311454858923E-04
  0.6442608614024E-04
  0.6555023881532E-04
  0.6589946751865E-04
  0.6502448275242E-04
  0.6258348891394E-04
  0.5946965868985E-04
  0.5663838938173E-04
  0.5447237564584E-04
  0.5293016585427E-04
  0.5175965638761E-04
  0.5043689860898E-04
  0.4844771238049E-04
  0.4655133525128E-04
  0.4872574708853E-04
  0.4673224108007E-04
  0.4459120899554E-04
  0.4366452043552E-04
  0.4787993381010E-04
  0.4930280007285E-04
  0.0000000000000E+00
  0.4835540476716E-04
  0.5454945675526E-04
  0.5568664839279E-04
  0.5601102868171E-04
  0.5548636235308E-04
  0.5337206108499E-04
  0.5147573800004E-04
  0.5232692879614E-04
  0.5454242514425E-04
  0.5624216883177E-04
  0.5834847271942E-04
  0.6043117763449E-04
  0.6129133938523E-04
  0.6177967511829E-04
  0.5591278413416E-04
  0.5632088823294E-04
  0.5738767839145E-04
  0.5913187717836E-04
  0.6084122137819E-04
  0.6185854760626E-04
  0.6144593018817E-04
  0.5957734667527E-04
  0.5690698009673E-04
  0.5407074061153E-04
  0.5180516304230E-04
  0.5010594976255E-04
  0.4851190776049E-04
  0.4661676058679E-04
  0.4543304665781E-04
  0.4711332592060E-04
  0.4604117037624E-04
  0.4355464451659E-04
  0.4122525702849E-04
  0.4349838048314E-04
  0.4551929366085E-04
  0.3786748005474E-04
  0.4719732523596E-04
  0.4991588690316E-04
  0.5097257316391E-04
  0.5213215481603E-04
  0.5238937394922E-04
  0.5119509103568E-04
  0.4961574078961E-04
  0.4966911940540E-04
  0.5095362929166E-04
  0.5205881501147E-04
  0.5346918420187E-04
  0.5468017549918E-04
  0.5535887243716E-04
  0.5575860711840E-04
  0.5038575868179E-04
  0.5035789701374E-04
  0.5078069969142E-04
  0.5196772706985E-04
  0.5349935878847E-04
  0.5495350562424E-04
  0.5598472825314E-04
  0.5596988912302E-04
  0.5471513705215E-04
  0.5243982195656E-04
  0.4994234074885E-04
  0.4771972907919E-04
  0.4582260296195E-04
  0.4422187174353E-04
  0.4331078091384E-04
  0.4371886459862E-04
  0.4277051136230E-04
  0.4095212465586E-04
  0.3710020809142E-04
  0.3808115061683E-04
  0.3971010323818E-04
  0.4150119597044E-04
  0.4552156172956E-04
  0.4541340511944E-04
  0.4611001641643E-04
  0.4714536641189E-04
  0.4789253307340E-04
  0.4772111130092E-04
  0.4686939016751E-04
  0.4666515310606E-04
  0.4722529926486E-04
  0.4776625271877E-04
  0.4862485882244E-04
  0.4933266015401E-04
  0.4990366413267E-04
  0.5029761312144E-04
  0.4538053294540E-04
  0.4524298094539E-04
  0.4523438336922E-04
  0.4568869945810E-04
  0.4651394257920E-04
  0.4747096300288E-04
  0.4849561089821E-04
  0.4918848275767E-04
  0.4909408142326E-04
  0.4801597632972E-04
  0.4628551171595E-04
  0.4403259340971E-04
  0.4186836586198E-04
  0.4049104300152E-04
  0.4011544536808E-04
  0.4017558268212E-04
  0.3941087787111E-04
  0.3774223715578E-04
  0.3238445053970E-04
  0.3176505911804E-04
  0.3452721413825E-04
  0.3932917750624E-04
  0.4482380252361E-04
  0.4306691866997E-04
  0.4244694549236E-04
  0.4259303691593E-04
  0.4311830705630E-04
  0.4335275290230E-04
  0.4321850405650E-04
  0.4324391479040E-04
  0.4337320217661E-04
  0.4346792302090E-04
  0.4385319162251E-04
  0.4423968398359E-04
  0.4474360338006E-04
  0.4524085985997E-04
  0.4016604471428E-04
  0.4005538097181E-04
  0.3986342298397E-04
  0.3986895730438E-04
  0.4020171700387E-04
  0.4068068265982E-04
  0.4116931736766E-04
  0.4178278685873E-04
  0.4201151842299E-04
  0.4165565505118E-04
  0.4074404016525E-04
  0.3893327353122E-04
  0.3669951311730E-04
  0.3570265363868E-04
  0.3642805020939E-04
  0.3746163673036E-04
  0.3753610777041E-04
  0.3559022402634E-04
  0.2696780799018E-04
  0.2332388763815E-04
  0.2862483048781E-04
  0.4278278583174E-04
  0.5005688751805E-04
  0.4575264854055E-04
  0.4208297688346E-04
  0.4030649655578E-04
  0.3971564859792E-04
  0.3940096717643E-04
  0.3914737309522E-04
  0.3926150256438E-04
  0.3920410318355E-04
  0.3898689759695E-04
  0.3900163442351E-04
  0.3917999400022E-04
  0.3954075814441E-04
  0.3998386599223E-04
  0.3714585941143E-04
  0.3688425060872E-04
  0.3651241158662E-04
  0.3631050698196E-04
  0.3627811696480E-04
  0.3637102735594E-04
  0.3640951599304E-04
  0.3658243127141E-04
  0.3670700100857E-04
  0.3671571676940E-04
  0.3688834749899E-04
  0.3671718898733E-04
  0.3581486703394E-04
  0.3529240546177E-04
  0.3627992655190E-04
  0.3826668405263E-04
  0.3916913282806E-04
  0.3697007713781E-04
  0.0000000000000E+00
  0.0000000000000E+00
  0.0000000000000E+00
  0.4400466612366E-04
  0.5610586044838E-04
  0.5373844900132E-04
  0.4855356686584E-04
  0.4515156447825E-04
  0.4307788264427E-04
  0.4152872010521E-04
  0.4019194189919E-04
  0.3926434570460E-04
  0.3848242104004E-04
  0.3765975163471E-04
  0.3714453216798E-04
  0.3694396445917E-04
  0.3700543350974E-04
  0.3716552191928E-04
  0.3698078251415E-04
  0.3679752692005E-04
  0.3652274490118E-04
  0.3623175541447E-04
  0.3599326981501E-04
  0.3587001796555E-04
  0.3580043321477E-04
  0.3581477994670E-04
  0.3601314783526E-04
  0.3612020957374E-04
  0.3618742401956E-04
  0.3605985809896E-04
  0.3536350185445E-04
  0.3475065006508E-04
  0.3537824585206E-04
  0.3791647717577E-04
  0.4055521235381E-04
  0.3910148355677E-04
  0.0000000000000E+00
  0.0000000000000E+00
  0.0000000000000E+00
  0.4365794123168E-04
  0.5561229131540E-04
  0.5667078124935E-04
  0.5339833873202E-04
  0.5060995163606E-04
  0.4799359658214E-04
  0.4534785422810E-04
  0.4296339228772E-04
  0.4120107412196E-04
  0.3993164202693E-04
  0.3874223464501E-04
  0.3777457235389E-04
  0.3716934156789E-04
  0.3691359874600E-04
  0.3694310317488E-04
  0.3684724626217E-04
  0.3641197663616E-04
  0.3594977750113E-04
  0.3586071800404E-04
  0.3563736393986E-04
  0.3546479163588E-04
  0.3538221393523E-04
  0.3539095216286E-04
  0.3548374632376E-04
  0.3557918223012E-04
  0.3566175944860E-04
  0.3559580563435E-04
  0.3523456303824E-04
  0.3489418905760E-04
  0.3527442136242E-04
  0.3746670715586E-04
  0.4120319050456E-04
  0.4322091365797E-04
  0.0000000000000E+00
  0.0000000000000E+00
  0.0000000000000E+00
  0.3666102962236E-04
  0.4536462354136E-04
  0.4902343344005E-04
  0.4914851003726E-04
  0.4907247514427E-04
  0.4850789427772E-04
  0.4706883970199E-04
  0.4535001348200E-04
  0.4354722740404E-04
  0.4185160481082E-04
  0.4038511571032E-04
  0.3914974592103E-04
  0.3820730054499E-04
  0.3754433451047E-04
  0.3715513953044E-04
  0.3651940732370E-04
  0.3601010371943E-04
  0.3551733632060E-04
  0.3509947431255E-04
  0.3466390157995E-04
  0.3440119130745E-04
  0.3430849647012E-04
  0.3439608226429E-04
  0.3452241214409E-04
  0.3467475677094E-04
  0.3485052701358E-04
  0.3495704134913E-04
  0.3500295287379E-04
  0.3493633432108E-04
  0.3523346924523E-04
  0.3665929655720E-04
  0.3980985535051E-04
  0.4457665438702E-04
  0.3167405321768E-04
  0.2851392555544E-04
  0.2568661868991E-04
  0.2943302628257E-04
  0.3168504502012E-04
  0.3470189522771E-04
  0.3696927076756E-04
  0.3895558229638E-04
  0.4092920870181E-04
  0.4207888240367E-04
  0.4228260060572E-04
  0.4190619526415E-04
  0.4098494280425E-04
  0.3993166746796E-04
  0.3888739470445E-04
  0.3806306533894E-04
  0.3732812652127E-04
  0.3688643012374E-04
  0.3351117946944E-04
  0.3317098924445E-04
  0.3291652532381E-04
  0.3266376967998E-04
  0.3236408645017E-04
  0.3214834948499E-04
  0.3208310405795E-04
  0.3216897045417E-04
  0.3229529712148E-04
  0.3226145766791E-04
  0.3241889307251E-04
  0.3259427796863E-04
  0.3277645264982E-04
  0.3294799679063E-04
  0.3319293561472E-04
  0.3399084934913E-04
  0.3581795740544E-04
  0.3830315905299E-04
  0.3377309360890E-04
  0.3018177645431E-04
  0.2672933205130E-04
  0.2551060041137E-04
  0.2519903544413E-04
  0.2624638624783E-04
  0.2750844615388E-04
  0.2894822733078E-04
  0.3086815227525E-04
  0.3279044664568E-04
  0.3408211529154E-04
  0.3470763210850E-04
  0.3470601475500E-04
  0.3433463981591E-04
  0.3390416962011E-04
  0.3376193883453E-04
  0.3368608112039E-04
  0.3360311985036E-04
  0.2629030820208E-04
  0.2647488715880E-04
  0.2651655933729E-04
  0.2646687141696E-04
  0.2631667333610E-04
  0.2614155729899E-04
  0.2602711675219E-04
  0.2596571300966E-04
  0.2590564862448E-04
  0.2587947469236E-04
  0.2598377435585E-04
  0.2610023851636E-04
  0.2622521340470E-04
  0.2635350871077E-04
  0.2653617705593E-04
  0.2699228751504E-04
  0.2822153332759E-04
  0.2961812404478E-04
  0.2793027512949E-04
  0.2542732296512E-04
  0.2329904443765E-04
  0.2186799968341E-04
  0.2093167989932E-04
  0.2056144040286E-04
  0.2051023973532E-04
  0.2076658746182E-04
  0.2155676473809E-04
  0.2278931146039E-04
  0.2405704622706E-04
  0.2496500231747E-04
  0.2544413763986E-04
  0.2566721379134E-04
  0.2577467158252E-04
  0.2594810621466E-04
  0.2614104953182E-04
  0.2622121780355E-04
  0.1669128506602E-04
  0.1685379810143E-04
  0.1690423476976E-04
  0.1685124857125E-04
  0.1670635752365E-04
  0.1651019551014E-04
  0.1632472888297E-04
  0.1620362183396E-04
  0.1614461417308E-04
  0.1615077648484E-04
  0.1614102337307E-04
  0.1611700152213E-04
  0.1613337385164E-04
  0.1625492336070E-04
  0.1651138104582E-04
  0.1699444574683E-04
  0.1776261884025E-04
  0.1855000359934E-04
  0.1865424025489E-04
  0.1801530742489E-04
  0.1696996672614E-04
  0.1579357039136E-04
  0.1472059158434E-04
  0.1392219416154E-04
  0.1350039720775E-04
  0.1351212329633E-04
  0.1390821450614E-04
  0.1453833951918E-04
  0.1522721840800E-04
  0.1578264227089E-04
  0.1608837648152E-04
  0.1619477941884E-04
  0.1622239561906E-04
  0.1628110211183E-04
  0.1638018927479E-04
  0.1651195352486E-04
  0.8033272054535E-05
  0.8185628672778E-05
  0.8429125155590E-05
  0.8812081153105E-05
  0.9394698458033E-05
  0.9832071448324E-05
  0.1020135977024E-04
  0.1054410360006E-04
  0.1085635019248E-04
  0.1144733174018E-04
  0.1181207509489E-04
  0.1202985775035E-04
  0.1215443763206E-04
  0.1222080318708E-04
  0.1223923334469E-04
  0.1219561336222E-04
  0.1204356940212E-04
  0.1169255010712E-04
  0.1101153532051E-04
  0.9876333002069E-05
  0.8946711798839E-05
  0.8239604614536E-05
  0.7753297923761E-05
  0.7464215712388E-05
  0.7344616019350E-05
  0.7359400473385E-05
  0.7462236162747E-05
  0.7603612190337E-05
  0.7730781004325E-05
  0.7812739206747E-05
  0.7845518185010E-05
  0.7847367144674E-05
  0.7842114394387E-05
  0.7849154522794E-05
  0.7878666510315E-05
  0.7937640068944E-05
  0.0000000000000E+00
  0.0000000000000E+00
  0.0000000000000E+00
  0.0000000000000E+00
  0.2674891423995E-05
  0.0000000000000E+00
  0.0000000000000E+00
  0.0000000000000E+00
  0.0000000000000E+00
  0.0000000000000E+00
  0.0000000000000E+00
  0.0000000000000E+00
  0.0000000000000E+00
  0.0000000000000E+00
  0.0000000000000E+00
  0.0000000000000E+00
  0.0000000000000E+00
  0.0000000000000E+00
  0.0000000000000E+00
  0.0000000000000E+00
  0.0000000000000E+00
  0.0000000000000E+00
  0.0000000000000E+00
  0.0000000000000E+00
  0.0000000000000E+00
  0.0000000000000E+00
  0.0000000000000E+00
  0.0000000000000E+00
  0.0000000000000E+00
  0.0000000000000E+00
  0.0000000000000E+00
  0.0000000000000E+00
  0.0000000000000E+00
  0.0000000000000E+00
  0.0000000000000E+00
  0.2808791819545E-05
  0.1617692040529E-05
  0.0000000000000E+00
  0.0000000000000E+00
  0.0000000000000E+00
  0.1524055207091E-05
  0.0000000000000E+00
  0.0000000000000E+00
  0.0000000000000E+00
  0.3150671531876E-05
  0.0000000000000E+00
  0.0000000000000E+00
  0.0000000000000E+00
  0.0000000000000E+00
  0.0000000000000E+00
  0.0000000000000E+00
  0.0000000000000E+00
  0.0000000000000E+00
  0.0000000000000E+00
  0.0000000000000E+00
  0.0000000000000E+00
  0.0000000000000E+00
  0.0000000000000E+00
  0.0000000000000E+00
  0.0000000000000E+00
  0.0000000000000E+00
  0.0000000000000E+00
  0.0000000000000E+00
  0.0000000000000E+00
  0.0000000000000E+00
  0.0000000000000E+00
  0.0000000000000E+00
  0.0000000000000E+00
  0.0000000000000E+00
  0.0000000000000E+00
  0.0000000000000E+00
  0.0000000000000E+00
  0.0000000000000E+00
  0.0000000000000E+00
  0.9243503746831E-06
  0.0000000000000E+00
  0.0000000000000E+00
  0.0000000000000E+00
  0.0000000000000E+00
  0.0000000000000E+00
  0.0000000000000E+00
  0.0000000000000E+00
  0.0000000000000E+00
  0.7655863934556E-05
  0.0000000000000E+00
  0.0000000000000E+00
  0.0000000000000E+00
  0.0000000000000E+00
  0.0000000000000E+00
  0.0000000000000E+00
  0.0000000000000E+00
  0.0000000000000E+00
  0.0000000000000E+00
  0.0000000000000E+00
  0.0000000000000E+00
  0.0000000000000E+00
  0.0000000000000E+00
  0.0000000000000E+00
  0.0000000000000E+00
  0.0000000000000E+00
  0.0000000000000E+00
  0.0000000000000E+00
  0.0000000000000E+00
  0.0000000000000E+00
  0.0000000000000E+00
  0.0000000000000E+00
  0.0000000000000E+00
  0.0000000000000E+00
  0.0000000000000E+00
  0.0000000000000E+00
  0.0000000000000E+00
  0.0000000000000E+00
  0.0000000000000E+00
  0.0000000000000E+00
  0.0000000000000E+00
  0.0000000000000E+00
  0.0000000000000E+00
  0.0000000000000E+00
  0.0000000000000E+00
  0.2906307141300E-05
  0.0000000000000E+00
  0.0000000000000E+00
  0.0000000000000E+00
  0.0000000000000E+00
  0.0000000000000E+00
  0.0000000000000E+00
  0.0000000000000E+00
  0.0000000000000E+00
  0.0000000000000E+00
  0.0000000000000E+00
  0.0000000000000E+00
  0.0000000000000E+00
  0.0000000000000E+00
  0.0000000000000E+00
  0.0000000000000E+00
  0.0000000000000E+00
  0.0000000000000E+00
  0.0000000000000E+00
  0.0000000000000E+00
  0.0000000000000E+00
  0.0000000000000E+00
  0.0000000000000E+00
  0.0000000000000E+00
  0.0000000000000E+00
  0.0000000000000E+00
  0.0000000000000E+00
  0.0000000000000E+00
  0.0000000000000E+00
  0.0000000000000E+00
  0.0000000000000E+00
  0.0000000000000E+00
  0.0000000000000E+00
  0.0000000000000E+00
  0.0000000000000E+00
  0.0000000000000E+00
  0.3261310951861E-05
  0.0000000000000E+00
  0.0000000000000E+00
  0.0000000000000E+00
  0.0000000000000E+00
  0.0000000000000E+00
  0.0000000000000E+00
  0.0000000000000E+00
  0.0000000000000E+00
  0.0000000000000E+00
  0.0000000000000E+00
  0.0000000000000E+00
  0.0000000000000E+00
  0.0000000000000E+00
  0.0000000000000E+00
  0.0000000000000E+00
  0.0000000000000E+00
  0.0000000000000E+00
  0.0000000000000E+00
  0.0000000000000E+00
  0.0000000000000E+00
  0.0000000000000E+00
  0.0000000000000E+00
  0.0000000000000E+00
  0.0000000000000E+00
  0.0000000000000E+00
  0.0000000000000E+00
  0.0000000000000E+00
  0.0000000000000E+00
  0.0000000000000E+00
  0.0000000000000E+00
  0.0000000000000E+00
  0.0000000000000E+00
  0.0000000000000E+00
  0.0000000000000E+00
  0.0000000000000E+00
  0.0000000000000E+00
  0.0000000000000E+00
  0.0000000000000E+00
  0.0000000000000E+00
  0.0000000000000E+00
  0.0000000000000E+00
  0.0000000000000E+00
  0.0000000000000E+00
  0.0000000000000E+00
  0.0000000000000E+00
  0.0000000000000E+00
  0.0000000000000E+00
  0.0000000000000E+00
  0.0000000000000E+00
  0.0000000000000E+00
  0.0000000000000E+00
  0.0000000000000E+00
  0.0000000000000E+00
  0.0000000000000E+00
  0.0000000000000E+00
  0.0000000000000E+00
  0.0000000000000E+00
  0.0000000000000E+00
  0.0000000000000E+00
  0.0000000000000E+00
  0.0000000000000E+00
  0.0000000000000E+00
  0.0000000000000E+00
  0.0000000000000E+00
  0.0000000000000E+00
  0.0000000000000E+00
  0.0000000000000E+00
  0.0000000000000E+00
  0.0000000000000E+00
  0.0000000000000E+00
  0.0000000000000E+00
  0.0000000000000E+00
  0.0000000000000E+00
  0.0000000000000E+00
  0.0000000000000E+00
  0.0000000000000E+00
  0.0000000000000E+00
  0.0000000000000E+00
  0.0000000000000E+00
  0.0000000000000E+00
  0.0000000000000E+00
  0.0000000000000E+00
  0.0000000000000E+00
  0.0000000000000E+00
  0.0000000000000E+00
  0.0000000000000E+00
  0.0000000000000E+00
  0.0000000000000E+00
  0.0000000000000E+00
  0.0000000000000E+00
  0.0000000000000E+00
  0.0000000000000E+00
  0.0000000000000E+00
  0.0000000000000E+00
  0.0000000000000E+00
  0.0000000000000E+00
  0.0000000000000E+00
  0.0000000000000E+00
  0.0000000000000E+00
  0.0000000000000E+00
  0.0000000000000E+00
  0.0000000000000E+00
  0.0000000000000E+00
  0.0000000000000E+00
  0.0000000000000E+00
  0.0000000000000E+00
  0.0000000000000E+00
  0.0000000000000E+00
  0.0000000000000E+00
  0.0000000000000E+00
  0.0000000000000E+00
  0.0000000000000E+00
  0.0000000000000E+00
  0.0000000000000E+00
  0.0000000000000E+00
  0.0000000000000E+00
  0.0000000000000E+00
  0.0000000000000E+00
  0.0000000000000E+00
  0.0000000000000E+00
  0.0000000000000E+00
  0.0000000000000E+00
  0.0000000000000E+00
  0.0000000000000E+00
  0.0000000000000E+00
  0.0000000000000E+00
  0.0000000000000E+00
  0.0000000000000E+00
  0.0000000000000E+00
  0.0000000000000E+00
  0.0000000000000E+00
  0.0000000000000E+00
  0.0000000000000E+00
  0.0000000000000E+00
  0.0000000000000E+00
  0.0000000000000E+00
  0.0000000000000E+00
  0.0000000000000E+00
  0.0000000000000E+00
  0.0000000000000E+00
  0.0000000000000E+00
  0.0000000000000E+00
  0.0000000000000E+00
  0.0000000000000E+00
  0.0000000000000E+00
  0.0000000000000E+00
  0.0000000000000E+00
  0.0000000000000E+00
  0.0000000000000E+00
  0.0000000000000E+00
  0.0000000000000E+00
  0.0000000000000E+00
  0.0000000000000E+00
  0.0000000000000E+00
  0.0000000000000E+00
  0.0000000000000E+00
  0.0000000000000E+00
  0.0000000000000E+00
  0.0000000000000E+00
  0.0000000000000E+00
  0.0000000000000E+00
  0.0000000000000E+00
  0.0000000000000E+00
  0.0000000000000E+00
  0.0000000000000E+00
  0.0000000000000E+00
  0.0000000000000E+00
  0.0000000000000E+00
  0.0000000000000E+00
  0.0000000000000E+00
  0.0000000000000E+00
  0.0000000000000E+00
  0.0000000000000E+00
  0.0000000000000E+00
  0.0000000000000E+00
  0.0000000000000E+00
  0.0000000000000E+00
  0.0000000000000E+00
  0.0000000000000E+00
  0.0000000000000E+00
  0.0000000000000E+00
  0.0000000000000E+00
  0.0000000000000E+00
  0.0000000000000E+00
  0.0000000000000E+00
  0.0000000000000E+00
  0.8691666393362E-05
  0.0000000000000E+00
  0.0000000000000E+00
  0.0000000000000E+00
  0.0000000000000E+00
  0.0000000000000E+00
  0.0000000000000E+00
  0.0000000000000E+00
  0.0000000000000E+00
  0.0000000000000E+00
  0.0000000000000E+00
  0.0000000000000E+00
  0.0000000000000E+00
  0.0000000000000E+00
  0.0000000000000E+00
  0.0000000000000E+00
  0.0000000000000E+00
  0.0000000000000E+00
  0.0000000000000E+00
  0.0000000000000E+00
  0.0000000000000E+00
  0.0000000000000E+00
  0.0000000000000E+00
  0.0000000000000E+00
  0.0000000000000E+00
  0.0000000000000E+00
  0.0000000000000E+00
  0.0000000000000E+00
  0.0000000000000E+00
  0.0000000000000E+00
  0.1256130400046E-04
  0.0000000000000E+00
  0.0000000000000E+00
  0.0000000000000E+00
  0.0000000000000E+00
  0.0000000000000E+00
  0.5047906431384E-05
  0.0000000000000E+00
  0.0000000000000E+00
  0.0000000000000E+00
  0.0000000000000E+00
  0.0000000000000E+00
  0.0000000000000E+00
  0.0000000000000E+00
  0.0000000000000E+00
  0.0000000000000E+00
  0.0000000000000E+00
  0.0000000000000E+00
  0.0000000000000E+00
  0.0000000000000E+00
  0.0000000000000E+00
  0.0000000000000E+00
  0.0000000000000E+00
  0.0000000000000E+00
  0.0000000000000E+00
  0.0000000000000E+00
  0.0000000000000E+00
  0.0000000000000E+00
  0.0000000000000E+00
  0.0000000000000E+00
  0.0000000000000E+00
  0.0000000000000E+00
  0.0000000000000E+00
  0.0000000000000E+00
  0.0000000000000E+00
  0.0000000000000E+00
  0.0000000000000E+00
  0.0000000000000E+00
  0.0000000000000E+00
  0.0000000000000E+00
  0.0000000000000E+00
  0.0000000000000E+00
  0.2038272267988E-05
  0.0000000000000E+00
  0.0000000000000E+00
  0.0000000000000E+00
  0.0000000000000E+00
  0.9336041850398E-05
  0.0000000000000E+00
  0.1548502519331E-04
  0.0000000000000E+00
  0.0000000000000E+00
  0.0000000000000E+00
  0.0000000000000E+00
  0.0000000000000E+00
  0.0000000000000E+00
  0.1655088117058E-05
  0.0000000000000E+00
  0.0000000000000E+00
  0.0000000000000E+00
  0.0000000000000E+00
  0.0000000000000E+00
  0.0000000000000E+00
  0.0000000000000E+00
  0.0000000000000E+00
  0.0000000000000E+00
  0.0000000000000E+00
  0.0000000000000E+00
  0.0000000000000E+00
  0.0000000000000E+00
  0.0000000000000E+00
  0.0000000000000E+00
  0.0000000000000E+00
  0.0000000000000E+00
  0.0000000000000E+00
  0.2899814808333E-05
  0.0000000000000E+00
  0.0000000000000E+00
  0.2808216606207E-05
  0.0000000000000E+00
  0.0000000000000E+00
  0.0000000000000E+00
  0.0000000000000E+00
  0.1176425757678E-04
  0.0000000000000E+00
  0.0000000000000E+00
  0.0000000000000E+00
  0.1286677711888E-04
  0.0000000000000E+00
  0.0000000000000E+00
  0.0000000000000E+00
  0.0000000000000E+00
  0.8362860457719E-05
  0.0000000000000E+00
  0.0000000000000E+00
  0.0000000000000E+00
  0.0000000000000E+00
  0.0000000000000E+00
  0.0000000000000E+00
  0.0000000000000E+00
  0.0000000000000E+00
  0.0000000000000E+00
  0.0000000000000E+00
  0.0000000000000E+00
  0.0000000000000E+00
  0.0000000000000E+00
  0.0000000000000E+00
  0.0000000000000E+00
  0.0000000000000E+00
  0.0000000000000E+00
  0.0000000000000E+00
  0.1261032648234E-04
  0.0000000000000E+00
  0.0000000000000E+00
  0.0000000000000E+00
  0.1177406762420E-04
  0.0000000000000E+00
  0.0000000000000E+00
  0.0000000000000E+00
  0.0000000000000E+00
  0.1767569893746E-04
  0.0000000000000E+00
  0.0000000000000E+00
  0.0000000000000E+00
  0.3189800339907E-04
  0.3757547285438E-05
  0.0000000000000E+00
  0.0000000000000E+00
  0.1729908925240E-04
  0.0000000000000E+00
  0.0000000000000E+00
  0.0000000000000E+00
  0.0000000000000E+00
  0.0000000000000E+00
  0.0000000000000E+00
  0.0000000000000E+00
  0.0000000000000E+00
  0.0000000000000E+00
  0.0000000000000E+00
  0.0000000000000E+00
  0.0000000000000E+00
  0.0000000000000E+00
  0.0000000000000E+00
  0.0000000000000E+00
  0.0000000000000E+00
  0.0000000000000E+00
  0.0000000000000E+00
  0.1100188917155E-04
  0.0000000000000E+00
  0.0000000000000E+00
  0.0000000000000E+00
  0.1116742803602E-04
  0.0000000000000E+00
  0.0000000000000E+00
  0.0000000000000E+00
  0.0000000000000E+00
  0.0000000000000E+00
  0.1641734216749E-04
  0.0000000000000E+00
  0.0000000000000E+00
  0.1745484870976E-04
  0.0000000000000E+00
  0.0000000000000E+00
  0.1443403533221E-04
  0.0000000000000E+00
  0.0000000000000E+00
  0.0000000000000E+00
  0.0000000000000E+00
  0.0000000000000E+00
  0.0000000000000E+00
  0.0000000000000E+00
  0.0000000000000E+00
  0.0000000000000E+00
  0.0000000000000E+00
  0.0000000000000E+00
  0.0000000000000E+00
  0.0000000000000E+00
  0.0000000000000E+00
  0.0000000000000E+00
  0.0000000000000E+00
  0.0000000000000E+00
  0.0000000000000E+00
  0.0000000000000E+00
  0.1305845851088E-04
  0.0000000000000E+00
  0.0000000000000E+00
  0.0000000000000E+00
  0.7315464892498E-05
  0.0000000000000E+00
  0.0000000000000E+00
  0.0000000000000E+00
  0.0000000000000E+00
  0.0000000000000E+00
  0.0000000000000E+00
  0.0000000000000E+00
  0.0000000000000E+00
  0.1955736771324E-04
  0.0000000000000E+00
  0.0000000000000E+00
  0.0000000000000E+00
  0.0000000000000E+00
  0.0000000000000E+00
  0.0000000000000E+00
  0.0000000000000E+00
  0.0000000000000E+00
  0.0000000000000E+00
  0.0000000000000E+00
  0.0000000000000E+00
  0.0000000000000E+00
  0.0000000000000E+00
  0.0000000000000E+00
  0.0000000000000E+00
  0.0000000000000E+00
  0.0000000000000E+00
  0.0000000000000E+00
  0.0000000000000E+00
  0.0000000000000E+00
  0.0000000000000E+00
  0.0000000000000E+00
  0.1526607636734E-04
  0.0000000000000E+00
  0.0000000000000E+00
  0.0000000000000E+00
  0.7540901657805E-05
  0.0000000000000E+00
  0.0000000000000E+00
  0.0000000000000E+00
  0.0000000000000E+00
  0.0000000000000E+00
  0.0000000000000E+00
  0.2487271614350E-04
  0.0000000000000E+00
  0.0000000000000E+00
  0.3208186845060E-04
  0.0000000000000E+00
  0.0000000000000E+00
  0.0000000000000E+00
  0.0000000000000E+00
  0.0000000000000E+00
  0.0000000000000E+00
  0.0000000000000E+00
  0.0000000000000E+00
  0.0000000000000E+00
  0.0000000000000E+00
  0.0000000000000E+00
  0.0000000000000E+00
  0.0000000000000E+00
  0.0000000000000E+00
  0.0000000000000E+00
  0.0000000000000E+00
  0.0000000000000E+00
  0.0000000000000E+00
  0.0000000000000E+00
  0.0000000000000E+00
  0.0000000000000E+00
  0.1261649390521E-04
  0.0000000000000E+00
  0.0000000000000E+00
  0.0000000000000E+00
  0.1743281556683E-04
  0.0000000000000E+00
  0.0000000000000E+00
  0.0000000000000E+00
  0.0000000000000E+00
  0.0000000000000E+00
  0.0000000000000E+00
  0.0000000000000E+00
  0.3024594149666E-04
  0.0000000000000E+00
  0.0000000000000E+00
  0.0000000000000E+00
  0.0000000000000E+00
  0.0000000000000E+00
  0.0000000000000E+00
  0.0000000000000E+00
  0.0000000000000E+00
  0.0000000000000E+00
  0.0000000000000E+00
  0.0000000000000E+00
  0.0000000000000E+00
  0.0000000000000E+00
  0.0000000000000E+00
  0.0000000000000E+00
  0.0000000000000E+00
  0.0000000000000E+00
  0.0000000000000E+00
  0.0000000000000E+00
  0.0000000000000E+00
  0.0000000000000E+00
  0.0000000000000E+00
  0.0000000000000E+00
  0.2831491485298E-04
  0.0000000000000E+00
  0.0000000000000E+00
  0.0000000000000E+00
  0.1290429129566E-04
  0.0000000000000E+00
  0.0000000000000E+00
  0.0000000000000E+00
  0.0000000000000E+00
  0.0000000000000E+00
  0.0000000000000E+00
  0.0000000000000E+00
  0.0000000000000E+00
  0.0000000000000E+00
  0.3396449672949E-04
  0.0000000000000E+00
  0.0000000000000E+00
  0.0000000000000E+00
  0.0000000000000E+00
  0.0000000000000E+00
  0.0000000000000E+00
  0.0000000000000E+00
  0.0000000000000E+00
  0.0000000000000E+00
  0.0000000000000E+00
  0.0000000000000E+00
  0.0000000000000E+00
  0.0000000000000E+00
  0.0000000000000E+00
  0.0000000000000E+00
  0.0000000000000E+00
  0.0000000000000E+00
  0.0000000000000E+00
  0.0000000000000E+00
  0.0000000000000E+00
  0.0000000000000E+00
  0.3541802210295E-04
  0.0000000000000E+00
  0.0000000000000E+00
  0.0000000000000E+00
  0.2038374752916E-04
  0.0000000000000E+00
  0.0000000000000E+00
  0.0000000000000E+00
  0.0000000000000E+00
  0.0000000000000E+00
  0.0000000000000E+00
  0.0000000000000E+00
  0.0000000000000E+00
  0.0000000000000E+00
  0.0000000000000E+00
  0.0000000000000E+00
  0.0000000000000E+00
  0.0000000000000E+00
  0.0000000000000E+00
  0.0000000000000E+00
  0.0000000000000E+00
  0.0000000000000E+00
  0.0000000000000E+00
  0.0000000000000E+00
  0.0000000000000E+00
  0.0000000000000E+00
  0.0000000000000E+00
  0.0000000000000E+00
  0.0000000000000E+00
  0.0000000000000E+00
  0.0000000000000E+00
  0.0000000000000E+00
  0.0000000000000E+00
  0.0000000000000E+00
  0.0000000000000E+00
  0.0000000000000E+00
  0.2266727333720E-04
  0.0000000000000E+00
  0.0000000000000E+00
  0.0000000000000E+00
  0.3209749523548E-04
  0.0000000000000E+00
  0.3382021093675E-04
  0.0000000000000E+00
  0.0000000000000E+00
  0.0000000000000E+00
  0.0000000000000E+00
  0.0000000000000E+00
  0.0000000000000E+00
  0.0000000000000E+00
  0.0000000000000E+00
  0.0000000000000E+00
  0.0000000000000E+00
  0.0000000000000E+00
  0.0000000000000E+00
  0.0000000000000E+00
  0.0000000000000E+00
  0.0000000000000E+00
  0.0000000000000E+00
  0.0000000000000E+00
  0.0000000000000E+00
  0.0000000000000E+00
  0.0000000000000E+00
  0.0000000000000E+00
  0.0000000000000E+00
  0.0000000000000E+00
  0.0000000000000E+00
  0.0000000000000E+00
  0.0000000000000E+00
  0.0000000000000E+00
  0.0000000000000E+00
  0.0000000000000E+00
  0.0000000000000E+00
  0.0000000000000E+00
  0.2314569954234E-04
  0.0000000000000E+00
  0.0000000000000E+00
  0.0000000000000E+00
  0.3743354445200E-04
  0.0000000000000E+00
  0.0000000000000E+00
  0.0000000000000E+00
  0.0000000000000E+00
  0.0000000000000E+00
  0.0000000000000E+00
  0.0000000000000E+00
  0.0000000000000E+00
  0.0000000000000E+00
  0.0000000000000E+00
  0.0000000000000E+00
  0.0000000000000E+00
  0.0000000000000E+00
  0.0000000000000E+00
  0.0000000000000E+00
  0.0000000000000E+00
  0.0000000000000E+00
  0.0000000000000E+00
  0.0000000000000E+00
  0.0000000000000E+00
  0.0000000000000E+00
  0.0000000000000E+00
  0.0000000000000E+00
  0.0000000000000E+00
  0.0000000000000E+00
  0.0000000000000E+00
  0.0000000000000E+00
  0.0000000000000E+00
  0.0000000000000E+00
  0.0000000000000E+00
  0.0000000000000E+00
  0.0000000000000E+00
  0.0000000000000E+00
  0.0000000000000E+00
  0.2716812385292E-04
  0.0000000000000E+00
  0.0000000000000E+00
  0.0000000000000E+00
  0.0000000000000E+00
  0.0000000000000E+00
  0.0000000000000E+00
  0.0000000000000E+00
  0.0000000000000E+00
  0.0000000000000E+00
  0.0000000000000E+00
  0.0000000000000E+00
  0.0000000000000E+00
  0.0000000000000E+00
  0.0000000000000E+00
  0.0000000000000E+00
  0.0000000000000E+00
  0.0000000000000E+00
  0.0000000000000E+00
  0.0000000000000E+00
  0.0000000000000E+00
  0.0000000000000E+00
  0.0000000000000E+00
  0.0000000000000E+00
  0.0000000000000E+00
  0.0000000000000E+00
  0.0000000000000E+00
  0.0000000000000E+00
  0.0000000000000E+00
  0.0000000000000E+00
  0.0000000000000E+00
  0.0000000000000E+00
  0.0000000000000E+00
  0.0000000000000E+00
  0.0000000000000E+00
  0.0000000000000E+00
  0.2770400761544E-04
  0.0000000000000E+00
  0.0000000000000E+00
  0.0000000000000E+00
  0.0000000000000E+00
  0.0000000000000E+00
  0.0000000000000E+00
  0.0000000000000E+00
  0.0000000000000E+00
  0.0000000000000E+00
  0.0000000000000E+00
  0.0000000000000E+00
  0.0000000000000E+00
  0.0000000000000E+00
  0.0000000000000E+00
  0.0000000000000E+00
  0.0000000000000E+00
  0.0000000000000E+00
  0.0000000000000E+00
  0.0000000000000E+00
  0.0000000000000E+00
  0.0000000000000E+00
  0.0000000000000E+00
  0.0000000000000E+00
  0.0000000000000E+00
  0.0000000000000E+00
  0.0000000000000E+00
  0.0000000000000E+00
  0.0000000000000E+00
  0.0000000000000E+00
  0.0000000000000E+00
  0.0000000000000E+00
  0.0000000000000E+00
  0.0000000000000E+00
  0.0000000000000E+00
  0.0000000000000E+00
  0.0000000000000E+00
  0.0000000000000E+00
  0.0000000000000E+00
  0.0000000000000E+00
  0.0000000000000E+00
  0.0000000000000E+00
  0.0000000000000E+00
  0.0000000000000E+00
  0.0000000000000E+00
  0.0000000000000E+00
  0.0000000000000E+00
  0.0000000000000E+00
  0.0000000000000E+00
  0.0000000000000E+00
  0.0000000000000E+00
  0.0000000000000E+00
  0.0000000000000E+00
  0.0000000000000E+00
  0.0000000000000E+00
  0.0000000000000E+00
  0.0000000000000E+00
  0.0000000000000E+00
  0.0000000000000E+00
  0.0000000000000E+00
  0.0000000000000E+00
  0.0000000000000E+00
  0.0000000000000E+00
  0.0000000000000E+00
  0.0000000000000E+00
  0.0000000000000E+00
  0.0000000000000E+00
  0.0000000000000E+00
  0.0000000000000E+00
  0.0000000000000E+00
  0.0000000000000E+00
  0.0000000000000E+00
  0.0000000000000E+00
  0.0000000000000E+00
  0.0000000000000E+00
  0.0000000000000E+00
  0.0000000000000E+00
  0.0000000000000E+00
  0.0000000000000E+00
  0.0000000000000E+00
  0.0000000000000E+00
  0.0000000000000E+00
  0.0000000000000E+00
  0.0000000000000E+00
  0.0000000000000E+00
  0.0000000000000E+00
  0.0000000000000E+00
  0.0000000000000E+00
  0.0000000000000E+00
  0.0000000000000E+00
  0.0000000000000E+00
  0.0000000000000E+00
  0.0000000000000E+00
  0.0000000000000E+00
  0.0000000000000E+00
  0.0000000000000E+00
  0.0000000000000E+00
  0.0000000000000E+00
  0.0000000000000E+00
  0.0000000000000E+00
  0.0000000000000E+00
  0.0000000000000E+00
  0.0000000000000E+00
  0.0000000000000E+00
  0.0000000000000E+00
  0.0000000000000E+00
  0.0000000000000E+00
  0.0000000000000E+00
  0.0000000000000E+00
  0.0000000000000E+00
  0.0000000000000E+00
  0.0000000000000E+00
  0.0000000000000E+00
  0.0000000000000E+00
  0.0000000000000E+00
  0.0000000000000E+00
  0.0000000000000E+00
  0.0000000000000E+00
  0.0000000000000E+00
  0.0000000000000E+00
  0.0000000000000E+00
  0.0000000000000E+00
  0.0000000000000E+00
  0.0000000000000E+00
  0.0000000000000E+00
  0.0000000000000E+00
  0.0000000000000E+00
  0.0000000000000E+00
  0.0000000000000E+00
  0.0000000000000E+00
  0.0000000000000E+00
  0.0000000000000E+00
  0.0000000000000E+00
  0.0000000000000E+00
  0.0000000000000E+00
  0.0000000000000E+00
  0.0000000000000E+00
  0.0000000000000E+00
  0.0000000000000E+00
  0.0000000000000E+00
  0.0000000000000E+00
  0.0000000000000E+00
  0.0000000000000E+00
  0.1119460691559E-04
  0.0000000000000E+00
  0.0000000000000E+00
  0.0000000000000E+00
  0.0000000000000E+00
  0.0000000000000E+00
  0.0000000000000E+00
  0.0000000000000E+00
  0.0000000000000E+00
  0.0000000000000E+00
  0.0000000000000E+00
  0.0000000000000E+00
  0.0000000000000E+00
  0.0000000000000E+00
  0.0000000000000E+00
  0.0000000000000E+00
  0.0000000000000E+00
  0.0000000000000E+00
  0.0000000000000E+00
  0.0000000000000E+00
  0.0000000000000E+00
  0.0000000000000E+00
  0.0000000000000E+00
  0.0000000000000E+00
  0.0000000000000E+00
  0.0000000000000E+00
  0.0000000000000E+00
  0.0000000000000E+00
  0.0000000000000E+00
  0.0000000000000E+00
  0.0000000000000E+00
  0.0000000000000E+00
  0.0000000000000E+00
  0.0000000000000E+00
  0.1538807797725E-04
  0.0000000000000E+00
  0.0000000000000E+00
  0.0000000000000E+00
  0.1824505893841E-04
  0.0000000000000E+00
  0.0000000000000E+00
  0.0000000000000E+00
  0.0000000000000E+00
  0.0000000000000E+00
  0.0000000000000E+00
  0.0000000000000E+00
  0.0000000000000E+00
  0.0000000000000E+00
  0.0000000000000E+00
  0.0000000000000E+00
  0.0000000000000E+00
  0.0000000000000E+00
  0.0000000000000E+00
  0.0000000000000E+00
  0.0000000000000E+00
  0.0000000000000E+00
  0.0000000000000E+00
  0.0000000000000E+00
  0.0000000000000E+00
  0.0000000000000E+00
  0.0000000000000E+00
  0.0000000000000E+00
  0.0000000000000E+00
  0.0000000000000E+00
  0.0000000000000E+00
  0.0000000000000E+00
  0.0000000000000E+00
  0.0000000000000E+00
  0.0000000000000E+00
  0.0000000000000E+00
  0.1495634255267E-04
  0.0000000000000E+00
  0.0000000000000E+00
  0.0000000000000E+00
  0.2260264879652E-04
  0.0000000000000E+00
  0.0000000000000E+00
  0.0000000000000E+00
  0.0000000000000E+00
  0.0000000000000E+00
  0.0000000000000E+00
  0.0000000000000E+00
  0.0000000000000E+00
  0.0000000000000E+00
  0.0000000000000E+00
  0.0000000000000E+00
  0.0000000000000E+00
  0.0000000000000E+00
  0.0000000000000E+00
  0.0000000000000E+00
  0.0000000000000E+00
  0.0000000000000E+00
  0.0000000000000E+00
  0.0000000000000E+00
  0.0000000000000E+00
  0.0000000000000E+00
  0.0000000000000E+00
  0.0000000000000E+00
  0.0000000000000E+00
  0.0000000000000E+00
  0.0000000000000E+00
  0.0000000000000E+00
  0.0000000000000E+00
  0.0000000000000E+00
  0.0000000000000E+00
  0.0000000000000E+00
  0.1873163545768E-04
  0.0000000000000E+00
  0.0000000000000E+00
  0.0000000000000E+00
  0.1635983252619E-04
  0.0000000000000E+00
  0.0000000000000E+00
  0.0000000000000E+00
  0.0000000000000E+00
  0.0000000000000E+00
  0.0000000000000E+00
  0.0000000000000E+00
  0.0000000000000E+00
  0.0000000000000E+00
  0.0000000000000E+00
  0.0000000000000E+00
  0.0000000000000E+00
  0.0000000000000E+00
  0.0000000000000E+00
  0.0000000000000E+00
  0.0000000000000E+00
  0.0000000000000E+00
  0.0000000000000E+00
  0.0000000000000E+00
  0.0000000000000E+00
  0.0000000000000E+00
  0.0000000000000E+00
  0.0000000000000E+00
  0.0000000000000E+00
  0.0000000000000E+00
  0.0000000000000E+00
  0.0000000000000E+00
  0.0000000000000E+00
  0.0000000000000E+00
  0.0000000000000E+00
  0.0000000000000E+00
  0.0000000000000E+00
  0.0000000000000E+00
  0.1353962865161E-04
  0.0000000000000E+00
  0.0000000000000E+00
  0.0000000000000E+00
  0.0000000000000E+00
  0.0000000000000E+00
  0.0000000000000E+00
  0.0000000000000E+00
  0.0000000000000E+00
  0.0000000000000E+00
  0.0000000000000E+00
  0.0000000000000E+00
  0.0000000000000E+00
  0.0000000000000E+00
  0.0000000000000E+00
  0.0000000000000E+00
  0.0000000000000E+00
  0.0000000000000E+00
  0.0000000000000E+00
  0.0000000000000E+00
  0.0000000000000E+00
  0.0000000000000E+00
  0.0000000000000E+00
  0.0000000000000E+00
  0.0000000000000E+00
  0.0000000000000E+00
  0.0000000000000E+00
  0.0000000000000E+00
  0.0000000000000E+00
  0.0000000000000E+00
  0.0000000000000E+00
  0.0000000000000E+00
  0.0000000000000E+00
  0.0000000000000E+00
  0.0000000000000E+00
  0.0000000000000E+00
  0.0000000000000E+00
  0.0000000000000E+00
  0.0000000000000E+00
  0.0000000000000E+00
  0.0000000000000E+00
  0.0000000000000E+00
  0.0000000000000E+00
  0.0000000000000E+00
  0.0000000000000E+00
  0.0000000000000E+00
  0.0000000000000E+00
  0.0000000000000E+00
  0.0000000000000E+00
  0.0000000000000E+00
  0.0000000000000E+00
  0.0000000000000E+00
  0.0000000000000E+00
  0.0000000000000E+00
  0.0000000000000E+00
  0.0000000000000E+00
  0.0000000000000E+00
  0.0000000000000E+00
  0.0000000000000E+00
  0.0000000000000E+00
  0.0000000000000E+00
  0.0000000000000E+00
  0.0000000000000E+00
  0.0000000000000E+00
  0.0000000000000E+00
  0.0000000000000E+00
  0.0000000000000E+00
  0.0000000000000E+00
  0.0000000000000E+00
  0.0000000000000E+00
  0.0000000000000E+00
  0.0000000000000E+00
  0.0000000000000E+00
  0.0000000000000E+00
  0.0000000000000E+00
  0.0000000000000E+00
  0.0000000000000E+00
  0.0000000000000E+00
  0.0000000000000E+00
  0.0000000000000E+00
  0.0000000000000E+00
  0.0000000000000E+00
  0.0000000000000E+00
  0.0000000000000E+00
  0.0000000000000E+00
  0.0000000000000E+00
  0.0000000000000E+00
  0.0000000000000E+00
  0.0000000000000E+00
  0.0000000000000E+00
  0.0000000000000E+00
  0.0000000000000E+00
  0.0000000000000E+00
  0.0000000000000E+00
  0.0000000000000E+00
  0.0000000000000E+00
  0.0000000000000E+00
  0.0000000000000E+00
  0.0000000000000E+00
  0.0000000000000E+00
  0.0000000000000E+00
  0.0000000000000E+00
  0.0000000000000E+00
  0.0000000000000E+00
  0.0000000000000E+00
  0.0000000000000E+00
  0.0000000000000E+00
  0.0000000000000E+00
  0.0000000000000E+00
  0.0000000000000E+00
  0.0000000000000E+00
  0.0000000000000E+00
  0.0000000000000E+00
  0.0000000000000E+00
  0.0000000000000E+00
  0.0000000000000E+00
  0.0000000000000E+00
  0.0000000000000E+00
  0.0000000000000E+00
  0.0000000000000E+00
  0.0000000000000E+00
  0.0000000000000E+00
  0.0000000000000E+00
  0.0000000000000E+00
  0.0000000000000E+00
  0.0000000000000E+00
  0.0000000000000E+00
  0.0000000000000E+00
  0.0000000000000E+00
  0.0000000000000E+00
  0.0000000000000E+00
  0.0000000000000E+00
  0.0000000000000E+00
  0.0000000000000E+00
  0.0000000000000E+00
  0.0000000000000E+00
  0.0000000000000E+00
  0.0000000000000E+00
  0.0000000000000E+00
  0.0000000000000E+00
  0.0000000000000E+00
  0.0000000000000E+00
  0.0000000000000E+00
  0.0000000000000E+00
  0.0000000000000E+00
  0.0000000000000E+00
  0.0000000000000E+00
  0.0000000000000E+00
  0.0000000000000E+00
  0.0000000000000E+00
  0.0000000000000E+00
  0.0000000000000E+00
  0.0000000000000E+00
  0.0000000000000E+00
  0.0000000000000E+00
  0.0000000000000E+00
  0.0000000000000E+00
  0.0000000000000E+00
  0.0000000000000E+00
  0.0000000000000E+00
  0.0000000000000E+00
  0.3976591000000E+00
  0.3889832049345E+00
  0.3983427665318E+00
  0.4061771071770E+00
  0.4072159909900E+00
  0.3976591000000E+00
  0.4119560530541E+00
  0.4099663004164E+00
  0.3990811353322E+00
  0.3855689630902E+00
  0.3976591000000E+00
  0.3976591000000E+00
  0.3976591000000E+00
  0.3976591000000E+00
  0.3976591000000E+00
  0.3976591000000E+00
  0.3976591000000E+00
  0.3976591000000E+00
  0.3976591000000E+00
  0.3976591000000E+00
  0.3976591000000E+00
  0.3976591000000E+00
  0.3976591000000E+00
  0.3976591000000E+00
  0.3976591000000E+00
  0.3976591000000E+00
  0.3976591000000E+00
  0.3976591000000E+00
  0.3976591000000E+00
  0.3976591000000E+00
  0.3976591000000E+00
  0.3976591000000E+00
  0.3976591000000E+00
  0.3976591000000E+00
  0.3976591000000E+00
  0.3976591000000E+00
  0.3805722000000E+00
  0.3805722000000E+00
  0.3805722000000E+00
  0.3805722000000E+00
  0.3805722000000E+00
  0.3805722000000E+00
  0.3805722000000E+00
  0.3805722000000E+00
  0.3805722000000E+00
  0.3805722000000E+00
  0.3805722000000E+00
  0.3805722000000E+00
  0.3805722000000E+00
  0.3805722000000E+00
  0.3805722000000E+00
  0.3805722000000E+00
  0.3805722000000E+00
  0.3805722000000E+00
  0.3805722000000E+00
  0.3805722000000E+00
  0.3805722000000E+00
  0.3805722000000E+00
  0.3805722000000E+00
  0.3805722000000E+00
  0.3805722000000E+00
  0.3805722000000E+00
  0.3805722000000E+00
  0.3805722000000E+00
  0.3805722000000E+00
  0.3805722000000E+00
  0.3805722000000E+00
  0.3805722000000E+00
  0.3805722000000E+00
  0.3805722000000E+00
  0.3805722000000E+00
  0.3805722000000E+00
  0.3742637000000E+00
  0.3742637000000E+00
  0.3742637000000E+00
  0.3742637000000E+00
  0.3742637000000E+00
  0.3742637000000E+00
  0.3742637000000E+00
  0.3742637000000E+00
  0.3742637000000E+00
  0.3742637000000E+00
  0.3742637000000E+00
  0.3742637000000E+00
  0.3742637000000E+00
  0.3742637000000E+00
  0.3742637000000E+00
  0.3742637000000E+00
  0.3742637000000E+00
  0.3742637000000E+00
  0.3742637000000E+00
  0.3742637000000E+00
  0.3742637000000E+00
  0.3742637000000E+00
  0.3742637000000E+00
  0.3742637000000E+00
  0.3742637000000E+00
  0.3742637000000E+00
  0.3742637000000E+00
  0.3742637000000E+00
  0.3742637000000E+00
  0.3742637000000E+00
  0.3742637000000E+00
  0.3742637000000E+00
  0.3742637000000E+00
  0.3742637000000E+00
  0.3742637000000E+00
  0.3742637000000E+00
  0.3586371000000E+00
  0.3586371000000E+00
  0.3586371000000E+00
  0.3586371000000E+00
  0.3586371000000E+00
  0.3586371000000E+00
  0.3586371000000E+00
  0.3586371000000E+00
  0.3586371000000E+00
  0.3586371000000E+00
  0.3586371000000E+00
  0.3586371000000E+00
  0.3586371000000E+00
  0.3586371000000E+00
  0.3586371000000E+00
  0.3586371000000E+00
  0.3586371000000E+00
  0.3586371000000E+00
  0.3586371000000E+00
  0.3586371000000E+00
  0.3586371000000E+00
  0.3586371000000E+00
  0.3586371000000E+00
  0.3586371000000E+00
  0.3586371000000E+00
  0.3586371000000E+00
  0.3586371000000E+00
  0.3586371000000E+00
  0.3586371000000E+00
  0.3586371000000E+00
  0.3586371000000E+00
  0.3586371000000E+00
  0.3586371000000E+00
  0.3586371000000E+00
  0.3586371000000E+00
  0.3586371000000E+00
  0.3404603000000E+00
  0.3404603000000E+00
  0.3404603000000E+00
  0.3404603000000E+00
  0.3404603000000E+00
  0.3404603000000E+00
  0.3404603000000E+00
  0.3404603000000E+00
  0.3404603000000E+00
  0.3404603000000E+00
  0.3404603000000E+00
  0.3404603000000E+00
  0.3404603000000E+00
  0.3404603000000E+00
  0.3404603000000E+00
  0.3404603000000E+00
  0.3404603000000E+00
  0.3404603000000E+00
  0.3404603000000E+00
  0.3404603000000E+00
  0.3404603000000E+00
  0.3404603000000E+00
  0.3404603000000E+00
  0.3404603000000E+00
  0.3404603000000E+00
  0.3404603000000E+00
  0.3404603000000E+00
  0.3404603000000E+00
  0.3404603000000E+00
  0.3404603000000E+00
  0.3404603000000E+00
  0.3404603000000E+00
  0.3404603000000E+00
  0.3404603000000E+00
  0.3404603000000E+00
  0.3404603000000E+00
  0.3138626000000E+00
  0.3138626000000E+00
  0.3138626000000E+00
  0.3138626000000E+00
  0.3138626000000E+00
  0.3138626000000E+00
  0.3138626000000E+00
  0.3138626000000E+00
  0.3138626000000E+00
  0.3138626000000E+00
  0.3138626000000E+00
  0.3138626000000E+00
  0.3138626000000E+00
  0.3138626000000E+00
  0.3138626000000E+00
  0.3138626000000E+00
  0.3138626000000E+00
  0.3138626000000E+00
  0.3138626000000E+00
  0.3138626000000E+00
  0.3138626000000E+00
  0.3138626000000E+00
  0.3138626000000E+00
  0.3138626000000E+00
  0.3138626000000E+00
  0.3138626000000E+00
  0.3138626000000E+00
  0.3138626000000E+00
  0.3138626000000E+00
  0.3138626000000E+00
  0.3138626000000E+00
  0.3138626000000E+00
  0.3138626000000E+00
  0.3138626000000E+00
  0.3138626000000E+00
  0.3138626000000E+00
  0.2854003000000E+00
  0.2854003000000E+00
  0.2854003000000E+00
  0.2854003000000E+00
  0.2854003000000E+00
  0.2854003000000E+00
  0.2854003000000E+00
  0.2854003000000E+00
  0.2854003000000E+00
  0.2854003000000E+00
  0.2854003000000E+00
  0.2854003000000E+00
  0.2854003000000E+00
  0.2854003000000E+00
  0.2854003000000E+00
  0.2854003000000E+00
  0.2854003000000E+00
  0.2854003000000E+00
  0.2854003000000E+00
  0.2854003000000E+00
  0.2854003000000E+00
  0.2854003000000E+00
  0.2854003000000E+00
  0.2854003000000E+00
  0.2854003000000E+00
  0.2854003000000E+00
  0.2854003000000E+00
  0.2854003000000E+00
  0.2854003000000E+00
  0.2854003000000E+00
  0.2854003000000E+00
  0.2854003000000E+00
  0.2854003000000E+00
  0.2854003000000E+00
  0.2854003000000E+00
  0.2854003000000E+00
  0.2582140000000E+00
  0.2582140000000E+00
  0.2582140000000E+00
  0.2582140000000E+00
  0.2582140000000E+00
  0.2582140000000E+00
  0.2582140000000E+00
  0.2582140000000E+00
  0.2582140000000E+00
  0.2582140000000E+00
  0.2582140000000E+00
  0.2582140000000E+00
  0.2582140000000E+00
  0.2582140000000E+00
  0.2582140000000E+00
  0.2582140000000E+00
  0.2582140000000E+00
  0.2582140000000E+00
  0.2582140000000E+00
  0.2582140000000E+00
  0.2582140000000E+00
  0.2582140000000E+00
  0.2582140000000E+00
  0.2582140000000E+00
  0.2582140000000E+00
  0.2582140000000E+00
  0.2582140000000E+00
  0.2582140000000E+00
  0.2582140000000E+00
  0.2582140000000E+00
  0.2582140000000E+00
  0.2582140000000E+00
  0.2582140000000E+00
  0.2582140000000E+00
  0.2582140000000E+00
  0.2582140000000E+00
  0.2333862000000E+00
  0.2333862000000E+00
  0.2333862000000E+00
  0.2333862000000E+00
  0.2333862000000E+00
  0.2333862000000E+00
  0.2333862000000E+00
  0.2333862000000E+00
  0.2333862000000E+00
  0.2333862000000E+00
  0.2333862000000E+00
  0.2333862000000E+00
  0.2333862000000E+00
  0.2333862000000E+00
  0.2333862000000E+00
  0.2333862000000E+00
  0.2333862000000E+00
  0.2333862000000E+00
  0.2333862000000E+00
  0.2333862000000E+00
  0.2333862000000E+00
  0.2333862000000E+00
  0.2333862000000E+00
  0.2333862000000E+00
  0.2333862000000E+00
  0.2333862000000E+00
  0.2333862000000E+00
  0.2333862000000E+00
  0.2333862000000E+00
  0.2333862000000E+00
  0.2333862000000E+00
  0.2333862000000E+00
  0.2333862000000E+00
  0.2333862000000E+00
  0.2333862000000E+00
  0.2333862000000E+00
  0.2195889000000E+00
  0.2195889000000E+00
  0.2195889000000E+00
  0.2195889000000E+00
  0.2195889000000E+00
  0.2195889000000E+00
  0.2195889000000E+00
  0.2195889000000E+00
  0.2195889000000E+00
  0.2195889000000E+00
  0.2195889000000E+00
  0.2195889000000E+00
  0.2195889000000E+00
  0.2195889000000E+00
  0.2195889000000E+00
  0.2195889000000E+00
  0.2195889000000E+00
  0.2195889000000E+00
  0.2195889000000E+00
  0.2195889000000E+00
  0.2195889000000E+00
  0.2195889000000E+00
  0.2195889000000E+00
  0.2195889000000E+00
  0.2195889000000E+00
  0.2195889000000E+00
  0.2195889000000E+00
  0.2195889000000E+00
  0.2195889000000E+00
  0.2195889000000E+00
  0.2195889000000E+00
  0.2195889000000E+00
  0.2195889000000E+00
  0.2195889000000E+00
  0.2195889000000E+00
  0.2195889000000E+00
  0.2069707000000E+00
  0.2069707000000E+00
  0.2069707000000E+00
  0.2069707000000E+00
  0.2069707000000E+00
  0.2069707000000E+00
  0.2069707000000E+00
  0.2069707000000E+00
  0.2069707000000E+00
  0.2069707000000E+00
  0.2069707000000E+00
  0.2069707000000E+00
  0.2069707000000E+00
  0.2069707000000E+00
  0.2069707000000E+00
  0.2069707000000E+00
  0.2069707000000E+00
  0.2069707000000E+00
  0.2069707000000E+00
  0.2069707000000E+00
  0.2069707000000E+00
  0.2069707000000E+00
  0.2069707000000E+00
  0.2069707000000E+00
  0.2069707000000E+00
  0.2069707000000E+00
  0.2069707000000E+00
  0.2069707000000E+00
  0.2069707000000E+00
  0.2069707000000E+00
  0.2069707000000E+00
  0.2069707000000E+00
  0.2069707000000E+00
  0.2069707000000E+00
  0.2069707000000E+00
  0.2069707000000E+00
  0.2035514000000E+00
  0.2035514000000E+00
  0.2035514000000E+00
  0.2035514000000E+00
  0.2035514000000E+00
  0.2035514000000E+00
  0.2035514000000E+00
  0.2035514000000E+00
  0.2035514000000E+00
  0.2035514000000E+00
  0.2035514000000E+00
  0.2035514000000E+00
  0.2035514000000E+00
  0.2035514000000E+00
  0.2035514000000E+00
  0.2035514000000E+00
  0.2035514000000E+00
  0.2035514000000E+00
  0.2035514000000E+00
  0.2035514000000E+00
  0.2035514000000E+00
  0.2035514000000E+00
  0.2035514000000E+00
  0.2035514000000E+00
  0.2035514000000E+00
  0.2035514000000E+00
  0.2035514000000E+00
  0.2035514000000E+00
  0.2035514000000E+00
  0.2035514000000E+00
  0.2035514000000E+00
  0.2035514000000E+00
  0.2035514000000E+00
  0.2035514000000E+00
  0.2035514000000E+00
  0.2035514000000E+00
  0.2097688000000E+00
  0.2097688000000E+00
  0.2097688000000E+00
  0.2097688000000E+00
  0.2097688000000E+00
  0.2097688000000E+00
  0.2097688000000E+00
  0.2097688000000E+00
  0.2097688000000E+00
  0.2097688000000E+00
  0.2097688000000E+00
  0.2097688000000E+00
  0.2097688000000E+00
  0.2097688000000E+00
  0.2097688000000E+00
  0.2097688000000E+00
  0.2097688000000E+00
  0.2097688000000E+00
  0.2097688000000E+00
  0.2097688000000E+00
  0.2097688000000E+00
  0.2097688000000E+00
  0.2097688000000E+00
  0.2097688000000E+00
  0.2097688000000E+00
  0.2097688000000E+00
  0.2097688000000E+00
  0.2097688000000E+00
  0.2097688000000E+00
  0.2097688000000E+00
  0.2097688000000E+00
  0.2097688000000E+00
  0.2097688000000E+00
  0.2097688000000E+00
  0.2097688000000E+00
  0.2097688000000E+00
  0.2242856000000E+00
  0.2242856000000E+00
  0.2242856000000E+00
  0.2242856000000E+00
  0.2242856000000E+00
  0.2242856000000E+00
  0.2242856000000E+00
  0.2242856000000E+00
  0.2242856000000E+00
  0.2242856000000E+00
  0.2242856000000E+00
  0.2242856000000E+00
  0.2242856000000E+00
  0.2242856000000E+00
  0.2242856000000E+00
  0.2242856000000E+00
  0.2242856000000E+00
  0.2242856000000E+00
  0.2242856000000E+00
  0.2242856000000E+00
  0.2242856000000E+00
  0.2242856000000E+00
  0.2242856000000E+00
  0.2242856000000E+00
  0.2242856000000E+00
  0.2242856000000E+00
  0.2242856000000E+00
  0.2242856000000E+00
  0.2242856000000E+00
  0.2242856000000E+00
  0.2242856000000E+00
  0.2242856000000E+00
  0.2242856000000E+00
  0.2242856000000E+00
  0.2242856000000E+00
  0.2242856000000E+00
  0.2356887000000E+00
  0.2356887000000E+00
  0.2356887000000E+00
  0.2356887000000E+00
  0.2356887000000E+00
  0.2356887000000E+00
  0.2356887000000E+00
  0.2356887000000E+00
  0.2356887000000E+00
  0.2356887000000E+00
  0.2356887000000E+00
  0.2356887000000E+00
  0.2356887000000E+00
  0.2356887000000E+00
  0.2356887000000E+00
  0.2356887000000E+00
  0.2356887000000E+00
  0.2356887000000E+00
  0.2356887000000E+00
  0.2356887000000E+00
  0.2356887000000E+00
  0.2356887000000E+00
  0.2356887000000E+00
  0.2356887000000E+00
  0.2356887000000E+00
  0.2356887000000E+00
  0.2356887000000E+00
  0.2356887000000E+00
  0.2356887000000E+00
  0.2356887000000E+00
  0.2356887000000E+00
  0.2356887000000E+00
  0.2356887000000E+00
  0.2356887000000E+00
  0.2356887000000E+00
  0.2356887000000E+00
  0.2349774000000E+00
  0.2349774000000E+00
  0.2349774000000E+00
  0.2349774000000E+00
  0.2349774000000E+00
  0.2349774000000E+00
  0.2349774000000E+00
  0.2349774000000E+00
  0.2349774000000E+00
  0.2349774000000E+00
  0.2349774000000E+00
  0.2349774000000E+00
  0.2349774000000E+00
  0.2349774000000E+00
  0.2349774000000E+00
  0.2349774000000E+00
  0.2349774000000E+00
  0.2349774000000E+00
  0.2349774000000E+00
  0.2349774000000E+00
  0.2349774000000E+00
  0.2349774000000E+00
  0.2349774000000E+00
  0.2349774000000E+00
  0.2349774000000E+00
  0.2349774000000E+00
  0.2349774000000E+00
  0.2349774000000E+00
  0.2349774000000E+00
  0.2349774000000E+00
  0.2349774000000E+00
  0.2349774000000E+00
  0.2349774000000E+00
  0.2349774000000E+00
  0.2349774000000E+00
  0.2349774000000E+00
  0.2177657000000E+00
  0.2177657000000E+00
  0.2177657000000E+00
  0.2177657000000E+00
  0.2177657000000E+00
  0.2177657000000E+00
  0.2177657000000E+00
  0.2177657000000E+00
  0.2177657000000E+00
  0.2177657000000E+00
  0.2177657000000E+00
  0.2177657000000E+00
  0.2177657000000E+00
  0.2177657000000E+00
  0.2177657000000E+00
  0.2177657000000E+00
  0.2177657000000E+00
  0.2177657000000E+00
  0.2177657000000E+00
  0.2177657000000E+00
  0.2177657000000E+00
  0.2177657000000E+00
  0.2177657000000E+00
  0.2177657000000E+00
  0.2177657000000E+00
  0.2177657000000E+00
  0.2177657000000E+00
  0.2177657000000E+00
  0.2177657000000E+00
  0.2177657000000E+00
  0.2177657000000E+00
  0.2177657000000E+00
  0.2177657000000E+00
  0.2177657000000E+00
  0.2177657000000E+00
  0.2177657000000E+00
  0.2056356000000E+00
  0.2056356000000E+00
  0.2056356000000E+00
  0.2056356000000E+00
  0.2056356000000E+00
  0.2056356000000E+00
  0.2056356000000E+00
  0.2056356000000E+00
  0.2056356000000E+00
  0.2056356000000E+00
  0.2056356000000E+00
  0.2056356000000E+00
  0.2056356000000E+00
  0.2056356000000E+00
  0.2056356000000E+00
  0.2056356000000E+00
  0.2056356000000E+00
  0.2056356000000E+00
  0.2056356000000E+00
  0.2056356000000E+00
  0.2056356000000E+00
  0.2056356000000E+00
  0.2056356000000E+00
  0.2056356000000E+00
  0.2056356000000E+00
  0.2056356000000E+00
  0.2056356000000E+00
  0.2056356000000E+00
  0.2056356000000E+00
  0.2056356000000E+00
  0.2056356000000E+00
  0.2056356000000E+00
  0.2056356000000E+00
  0.2056356000000E+00
  0.2056356000000E+00
  0.2056356000000E+00
  0.2025057000000E+00
  0.2025057000000E+00
  0.2025057000000E+00
  0.2025057000000E+00
  0.2025057000000E+00
  0.2025057000000E+00
  0.2025057000000E+00
  0.2025057000000E+00
  0.2025057000000E+00
  0.2025057000000E+00
  0.2025057000000E+00
  0.2025057000000E+00
  0.2025057000000E+00
  0.2025057000000E+00
  0.2025057000000E+00
  0.2025057000000E+00
  0.2025057000000E+00
  0.2025057000000E+00
  0.2025057000000E+00
  0.2025057000000E+00
  0.2025057000000E+00
  0.2025057000000E+00
  0.2025057000000E+00
  0.2025057000000E+00
  0.2025057000000E+00
  0.2025057000000E+00
  0.2025057000000E+00
  0.2025057000000E+00
  0.2025057000000E+00
  0.2025057000000E+00
  0.2025057000000E+00
  0.2025057000000E+00
  0.2025057000000E+00
  0.2025057000000E+00
  0.2025057000000E+00
  0.2025057000000E+00
  0.2079440000000E+00
  0.2079440000000E+00
  0.2079440000000E+00
  0.2079440000000E+00
  0.2079440000000E+00
  0.2079440000000E+00
  0.2079440000000E+00
  0.2079440000000E+00
  0.2079440000000E+00
  0.2079440000000E+00
  0.2079440000000E+00
  0.2079440000000E+00
  0.2079440000000E+00
  0.2079440000000E+00
  0.2079440000000E+00
  0.2079440000000E+00
  0.2079440000000E+00
  0.2079440000000E+00
  0.2079440000000E+00
  0.2079440000000E+00
  0.2079440000000E+00
  0.2079440000000E+00
  0.2079440000000E+00
  0.2079440000000E+00
  0.2079440000000E+00
  0.2079440000000E+00
  0.2079440000000E+00
  0.2079440000000E+00
  0.2079440000000E+00
  0.2079440000000E+00
  0.2079440000000E+00
  0.2079440000000E+00
  0.2079440000000E+00
  0.2079440000000E+00
  0.2079440000000E+00
  0.2079440000000E+00
  0.2245041000000E+00
  0.2245041000000E+00
  0.2245041000000E+00
  0.2245041000000E+00
  0.2245041000000E+00
  0.2245041000000E+00
  0.2245041000000E+00
  0.2245041000000E+00
  0.2245041000000E+00
  0.2245041000000E+00
  0.2245041000000E+00
  0.2245041000000E+00
  0.2245041000000E+00
  0.2245041000000E+00
  0.2245041000000E+00
  0.2245041000000E+00
  0.2245041000000E+00
  0.2245041000000E+00
  0.2245041000000E+00
  0.2245041000000E+00
  0.2245041000000E+00
  0.2245041000000E+00
  0.2245041000000E+00
  0.2245041000000E+00
  0.2245041000000E+00
  0.2245041000000E+00
  0.2245041000000E+00
  0.2245041000000E+00
  0.2245041000000E+00
  0.2245041000000E+00
  0.2245041000000E+00
  0.2245041000000E+00
  0.2245041000000E+00
  0.2245041000000E+00
  0.2245041000000E+00
  0.2245041000000E+00
  0.2194242000000E+00
  0.2194242000000E+00
  0.2194242000000E+00
  0.2194242000000E+00
  0.2194242000000E+00
  0.2194242000000E+00
  0.2194242000000E+00
  0.2194242000000E+00
  0.2194242000000E+00
  0.2194242000000E+00
  0.2194242000000E+00
  0.2194242000000E+00
  0.2194242000000E+00
  0.2194242000000E+00
  0.2194242000000E+00
  0.2194242000000E+00
  0.2194242000000E+00
  0.2194242000000E+00
  0.2194242000000E+00
  0.2194242000000E+00
  0.2194242000000E+00
  0.2194242000000E+00
  0.2194242000000E+00
  0.2194242000000E+00
  0.2194242000000E+00
  0.2194242000000E+00
  0.2194242000000E+00
  0.2194242000000E+00
  0.2194242000000E+00
  0.2194242000000E+00
  0.2194242000000E+00
  0.2194242000000E+00
  0.2194242000000E+00
  0.2194242000000E+00
  0.2194242000000E+00
  0.2194242000000E+00
  0.2130846000000E+00
  0.2130846000000E+00
  0.2130846000000E+00
  0.2130846000000E+00
  0.2130846000000E+00
  0.2130846000000E+00
  0.2130846000000E+00
  0.2130846000000E+00
  0.2130846000000E+00
  0.2130846000000E+00
  0.2130846000000E+00
  0.2130846000000E+00
  0.2130846000000E+00
  0.2130846000000E+00
  0.2130846000000E+00
  0.2130846000000E+00
  0.2130846000000E+00
  0.2130846000000E+00
  0.2130846000000E+00
  0.2130846000000E+00
  0.2130846000000E+00
  0.2130846000000E+00
  0.2130846000000E+00
  0.2130846000000E+00
  0.2130846000000E+00
  0.2130846000000E+00
  0.2130846000000E+00
  0.2130846000000E+00
  0.2130846000000E+00
  0.2130846000000E+00
  0.2130846000000E+00
  0.2130846000000E+00
  0.2130846000000E+00
  0.2130846000000E+00
  0.2130846000000E+00
  0.2130846000000E+00
  0.2099861000000E+00
  0.2099861000000E+00
  0.2099861000000E+00
  0.2099861000000E+00
  0.2099861000000E+00
  0.2099861000000E+00
  0.2099861000000E+00
  0.2099861000000E+00
  0.2099861000000E+00
  0.2099861000000E+00
  0.2099861000000E+00
  0.2099861000000E+00
  0.2099861000000E+00
  0.2099861000000E+00
  0.2099861000000E+00
  0.2099861000000E+00
  0.2099861000000E+00
  0.2099861000000E+00
  0.2099861000000E+00
  0.2099861000000E+00
  0.2099861000000E+00
  0.2099861000000E+00
  0.2099861000000E+00
  0.2099861000000E+00
  0.2099861000000E+00
  0.2099861000000E+00
  0.2099861000000E+00
  0.2099861000000E+00
  0.2099861000000E+00
  0.2099861000000E+00
  0.2099861000000E+00
  0.2099861000000E+00
  0.2099861000000E+00
  0.2099861000000E+00
  0.2099861000000E+00
  0.2099861000000E+00
  0.2158065000000E+00
  0.2158065000000E+00
  0.2158065000000E+00
  0.2158065000000E+00
  0.2158065000000E+00
  0.2158065000000E+00
  0.2158065000000E+00
  0.2158065000000E+00
  0.2158065000000E+00
  0.2158065000000E+00
  0.2158065000000E+00
  0.2158065000000E+00
  0.2158065000000E+00
  0.2158065000000E+00
  0.2158065000000E+00
  0.2158065000000E+00
  0.2158065000000E+00
  0.2158065000000E+00
  0.2158065000000E+00
  0.2158065000000E+00
  0.2158065000000E+00
  0.2158065000000E+00
  0.2158065000000E+00
  0.2158065000000E+00
  0.2158065000000E+00
  0.2158065000000E+00
  0.2158065000000E+00
  0.2158065000000E+00
  0.2158065000000E+00
  0.2158065000000E+00
  0.2158065000000E+00
  0.2158065000000E+00
  0.2158065000000E+00
  0.2158065000000E+00
  0.2158065000000E+00
  0.2158065000000E+00
  0.2247923000000E+00
  0.2247923000000E+00
  0.2247923000000E+00
  0.2247923000000E+00
  0.2247923000000E+00
  0.2247923000000E+00
  0.2247923000000E+00
  0.2247923000000E+00
  0.2247923000000E+00
  0.2247923000000E+00
  0.2247923000000E+00
  0.2247923000000E+00
  0.2247923000000E+00
  0.2247923000000E+00
  0.2247923000000E+00
  0.2247923000000E+00
  0.2247923000000E+00
  0.2247923000000E+00
  0.2247923000000E+00
  0.2247923000000E+00
  0.2247923000000E+00
  0.2247923000000E+00
  0.2247923000000E+00
  0.2247923000000E+00
  0.2247923000000E+00
  0.2247923000000E+00
  0.2247923000000E+00
  0.2247923000000E+00
  0.2247923000000E+00
  0.2247923000000E+00
  0.2247923000000E+00
  0.2247923000000E+00
  0.2247923000000E+00
  0.2247923000000E+00
  0.2247923000000E+00
  0.2247923000000E+00
  0.2364990000000E+00
  0.2364990000000E+00
  0.2364990000000E+00
  0.2364990000000E+00
  0.2364990000000E+00
  0.2364990000000E+00
  0.2364990000000E+00
  0.2364990000000E+00
  0.2364990000000E+00
  0.2364990000000E+00
  0.2364990000000E+00
  0.2364990000000E+00
  0.2364990000000E+00
  0.2364990000000E+00
  0.2364990000000E+00
  0.2364990000000E+00
  0.2364990000000E+00
  0.2364990000000E+00
  0.2364990000000E+00
  0.2364990000000E+00
  0.2364990000000E+00
  0.2364990000000E+00
  0.2364990000000E+00
  0.2364990000000E+00
  0.2364990000000E+00
  0.2364990000000E+00
  0.2364990000000E+00
  0.2364990000000E+00
  0.2364990000000E+00
  0.2364990000000E+00
  0.2364990000000E+00
  0.2364990000000E+00
  0.2364990000000E+00
  0.2364990000000E+00
  0.2364990000000E+00
  0.2364990000000E+00
  0.2514769000000E+00
  0.2514769000000E+00
  0.2514769000000E+00
  0.2514769000000E+00
  0.2514769000000E+00
  0.2514769000000E+00
  0.2514769000000E+00
  0.2514769000000E+00
  0.2514769000000E+00
  0.2514769000000E+00
  0.2514769000000E+00
  0.2514769000000E+00
  0.2514769000000E+00
  0.2514769000000E+00
  0.2514769000000E+00
  0.2514769000000E+00
  0.2514769000000E+00
  0.2514769000000E+00
  0.2514769000000E+00
  0.2514769000000E+00
  0.2514769000000E+00
  0.2514769000000E+00
  0.2514769000000E+00
  0.2514769000000E+00
  0.2514769000000E+00
  0.2514769000000E+00
  0.2514769000000E+00
  0.2514769000000E+00
  0.2514769000000E+00
  0.2514769000000E+00
  0.2514769000000E+00
  0.2514769000000E+00
  0.2514769000000E+00
  0.2514769000000E+00
  0.2514769000000E+00
  0.2514769000000E+00
  0.2847244000000E+00
  0.2847244000000E+00
  0.2847244000000E+00
  0.2847244000000E+00
  0.2847244000000E+00
  0.2847244000000E+00
  0.2847244000000E+00
  0.2847244000000E+00
  0.2847244000000E+00
  0.2847244000000E+00
  0.2847244000000E+00
  0.2847244000000E+00
  0.2847244000000E+00
  0.2847244000000E+00
  0.2847244000000E+00
  0.2847244000000E+00
  0.2847244000000E+00
  0.2847244000000E+00
  0.2847244000000E+00
  0.2847244000000E+00
  0.2847244000000E+00
  0.2847244000000E+00
  0.2847244000000E+00
  0.2847244000000E+00
  0.2847244000000E+00
  0.2847244000000E+00
  0.2847244000000E+00
  0.2847244000000E+00
  0.2847244000000E+00
  0.2847244000000E+00
  0.2847244000000E+00
  0.2847244000000E+00
  0.2847244000000E+00
  0.2847244000000E+00
  0.2847244000000E+00
  0.2847244000000E+00
  0.3245715000000E+00
  0.3245715000000E+00
  0.3245715000000E+00
  0.3245715000000E+00
  0.3245715000000E+00
  0.3245715000000E+00
  0.3245715000000E+00
  0.3245715000000E+00
  0.3245715000000E+00
  0.3245715000000E+00
  0.3245715000000E+00
  0.3245715000000E+00
  0.3245715000000E+00
  0.3245715000000E+00
  0.3245715000000E+00
  0.3245715000000E+00
  0.3245715000000E+00
  0.3245715000000E+00
  0.3245715000000E+00
  0.3245715000000E+00
  0.3245715000000E+00
  0.3245715000000E+00
  0.3245715000000E+00
  0.3245715000000E+00
  0.3245715000000E+00
  0.3245715000000E+00
  0.3245715000000E+00
  0.3245715000000E+00
  0.3245715000000E+00
  0.3245715000000E+00
  0.3245715000000E+00
  0.3245715000000E+00
  0.3245715000000E+00
  0.3245715000000E+00
  0.3245715000000E+00
  0.3245715000000E+00
  0.3664701000000E+00
  0.3664701000000E+00
  0.3664701000000E+00
  0.3664701000000E+00
  0.3664701000000E+00
  0.3664701000000E+00
  0.3664701000000E+00
  0.3664701000000E+00
  0.3664701000000E+00
  0.3664701000000E+00
  0.3664701000000E+00
  0.3664701000000E+00
  0.3664701000000E+00
  0.3664701000000E+00
  0.3664701000000E+00
  0.3664701000000E+00
  0.3664701000000E+00
  0.3664701000000E+00
  0.3664701000000E+00
  0.3664701000000E+00
  0.3664701000000E+00
  0.3664701000000E+00
  0.3664701000000E+00
  0.3664701000000E+00
  0.3664701000000E+00
  0.3664701000000E+00
  0.3664701000000E+00
  0.3664701000000E+00
  0.3664701000000E+00
  0.3664701000000E+00
  0.3664701000000E+00
  0.3664701000000E+00
  0.3664701000000E+00
  0.3664701000000E+00
  0.3664701000000E+00
  0.3664701000000E+00
  0.3898200000000E+00
  0.3898200000000E+00
  0.3898200000000E+00
  0.3898200000000E+00
  0.3898200000000E+00
  0.3898200000000E+00
  0.3898200000000E+00
  0.3898200000000E+00
  0.3898200000000E+00
  0.3898200000000E+00
  0.3898200000000E+00
  0.3898200000000E+00
  0.3898200000000E+00
  0.3898200000000E+00
  0.3898200000000E+00
  0.3898200000000E+00
  0.3898200000000E+00
  0.3898200000000E+00
  0.3898200000000E+00
  0.3898200000000E+00
  0.3898200000000E+00
  0.3898200000000E+00
  0.3898200000000E+00
  0.3898200000000E+00
  0.3898200000000E+00
  0.3898200000000E+00
  0.3898200000000E+00
  0.3898200000000E+00
  0.3898200000000E+00
  0.3898200000000E+00
  0.3898200000000E+00
  0.3898200000000E+00
  0.3898200000000E+00
  0.3898200000000E+00
  0.3898200000000E+00
  0.3898200000000E+00
  0.4108438000000E+00
  0.4108438000000E+00
  0.4108438000000E+00
  0.4108438000000E+00
  0.4108438000000E+00
  0.4108438000000E+00
  0.4108438000000E+00
  0.4108438000000E+00
  0.4108438000000E+00
  0.4108438000000E+00
  0.4108438000000E+00
  0.4108438000000E+00
  0.4108438000000E+00
  0.4108438000000E+00
  0.4108438000000E+00
  0.4108438000000E+00
  0.4108438000000E+00
  0.4108438000000E+00
  0.4108438000000E+00
  0.4108438000000E+00
  0.4108438000000E+00
  0.4108438000000E+00
  0.4108438000000E+00
  0.4108438000000E+00
  0.4108438000000E+00
  0.4108438000000E+00
  0.4108438000000E+00
  0.4108438000000E+00
  0.4108438000000E+00
  0.4108438000000E+00
  0.4108438000000E+00
  0.4108438000000E+00
  0.4108438000000E+00
  0.4108438000000E+00
  0.4108438000000E+00
  0.4108438000000E+00
  0.4173363000000E+00
  0.4173363000000E+00
  0.4173363000000E+00
  0.4173363000000E+00
  0.4173363000000E+00
  0.4173363000000E+00
  0.4173363000000E+00
  0.4173363000000E+00
  0.4173363000000E+00
  0.4173363000000E+00
  0.4173363000000E+00
  0.4173363000000E+00
  0.4173363000000E+00
  0.4173363000000E+00
  0.4173363000000E+00
  0.4173363000000E+00
  0.4173363000000E+00
  0.4173363000000E+00
  0.4173363000000E+00
  0.4173363000000E+00
  0.4173363000000E+00
  0.4173363000000E+00
  0.4173363000000E+00
  0.4173363000000E+00
  0.4173363000000E+00
  0.4173363000000E+00
  0.4173363000000E+00
  0.4173363000000E+00
  0.4173363000000E+00
  0.4173363000000E+00
  0.4173363000000E+00
  0.4173363000000E+00
  0.4173363000000E+00
  0.4173363000000E+00
  0.4173363000000E+00
  0.4173363000000E+00
  0.4320535000000E+00
  0.4320535000000E+00
  0.4320535000000E+00
  0.4320535000000E+00
  0.4320535000000E+00
  0.4320535000000E+00
  0.4320535000000E+00
  0.4320535000000E+00
  0.4320535000000E+00
  0.4320535000000E+00
  0.4320535000000E+00
  0.4320535000000E+00
  0.4320535000000E+00
  0.4320535000000E+00
  0.4320535000000E+00
  0.4320535000000E+00
  0.4320535000000E+00
  0.4320535000000E+00
  0.4320535000000E+00
  0.4320535000000E+00
  0.4320535000000E+00
  0.4320535000000E+00
  0.4320535000000E+00
  0.4320535000000E+00
  0.4320535000000E+00
  0.4320535000000E+00
  0.4320535000000E+00
  0.4320535000000E+00
  0.4320535000000E+00
  0.4320535000000E+00
  0.4320535000000E+00
  0.4320535000000E+00
  0.4320535000000E+00
  0.4320535000000E+00
  0.4320535000000E+00
  0.4320535000000E+00
  0.6666566320227E+00
  0.6670039394138E+00
  0.6674967091058E+00
  0.6662845686535E+00
  0.7000000000000E+00
  0.7000000000000E+00
  0.7000000000000E+00
  0.7000000000000E+00
  0.6695392458621E+00
  0.7000000000000E+00
  0.7000000000000E+00
  0.4698463000000E+00
  0.4698463000000E+00
  0.4698463000000E+00
  0.4698463000000E+00
  0.4698463000000E+00
  0.4698463000000E+00
  0.4698463000000E+00
  0.7000000000000E+00
  0.6507928832825E+00
  0.6676785807386E+00
  0.6751050795589E+00
  0.6997505789118E+00
  0.6997992849294E+00
  0.6998422092855E+00
  0.6998822410874E+00
  0.7000000000000E+00
  0.7000000000000E+00
  0.7000000000000E+00
  0.7000000000000E+00
  0.7000000000000E+00
  0.7000000000000E+00
  0.7000000000000E+00
  0.7000000000000E+00
  0.7000000000000E+00
  0.7000000000000E+00
  0.9247607875975E+00
  0.9247607875975E+00
  0.9247607875975E+00
  0.9247607875975E+00
  0.9247607875975E+00
  0.9247607875975E+00
  0.9247607875975E+00
  0.9247607875975E+00
  0.9247607875975E+00
  0.9247607875975E+00
  0.9247607875975E+00
  0.9247607875975E+00
  0.9247607875975E+00
  0.9247607875975E+00
  0.9247607875975E+00
  0.9247607875975E+00
  0.9247607875975E+00
  0.9247607875975E+00
  0.9247607875975E+00
  0.9247607875975E+00
  0.9247607875975E+00
  0.9247607875975E+00
  0.9247607875975E+00
  0.9247607875975E+00
  0.9247607875975E+00
  0.9247607875975E+00
  0.9247607875975E+00
  0.9247607875975E+00
  0.9247607875975E+00
  0.9247607875975E+00
  0.9247607875975E+00
  0.9247607875975E+00
  0.9247607875975E+00
  0.9247607875975E+00
  0.9247607875975E+00
  0.9247607875975E+00
  0.2072560339872E+01
  0.2072560339872E+01
  0.2072560339872E+01
  0.2072560339872E+01
  0.2072560339872E+01
  0.2072560339872E+01
  0.2072560339872E+01
  0.2072560339872E+01
  0.2072560339872E+01
  0.2072560339872E+01
  0.2072560339872E+01
  0.2072560339872E+01
  0.2072560339872E+01
  0.2072560339872E+01
  0.2072560339872E+01
  0.2072560339872E+01
  0.2072560339872E+01
  0.2072560339872E+01
  0.2072560339872E+01
  0.2072560339872E+01
  0.2072560339872E+01
  0.2072560339872E+01
  0.2072560339872E+01
  0.2072560339872E+01
  0.2072560339872E+01
  0.2072560339872E+01
  0.2072560339872E+01
  0.2072560339872E+01
  0.2072560339872E+01
  0.2072560339872E+01
  0.2072560339872E+01
  0.2072560339872E+01
  0.2072560339872E+01
  0.2072560339872E+01
  0.2072560339872E+01
  0.2072560339872E+01
  0.5522752096428E+01
  0.6026013690132E+01
  0.6192425123123E+01
  0.6262486869166E+01
  0.6529258131467E+01
  0.6538330636184E+01
  0.6635047954075E+01
  0.6682145676308E+01
  0.6664525657115E+01
  0.6547523652946E+01
  0.4558518247849E+01
  0.3757156323287E+01
  0.5424174187403E+01
  0.5714133331390E+01
  0.5766010935109E+01
  0.4042540899370E+01
  0.0000000000000E+00
  0.0000000000000E+00
  0.0000000000000E+00
  0.0000000000000E+00
  0.0000000000000E+00
  0.0000000000000E+00
  0.0000000000000E+00
  0.0000000000000E+00
  0.0000000000000E+00
  0.0000000000000E+00
  0.0000000000000E+00
  0.0000000000000E+00
  0.0000000000000E+00
  0.0000000000000E+00
  0.0000000000000E+00
  0.0000000000000E+00
  0.3733571160913E+01
  0.5189060502595E+01
  0.5263961700832E+01
  0.5203756776790E+01
  0.5765003632204E+01
  0.6301389071225E+01
  0.6726850249681E+01
  0.6973838414789E+01
  0.7229612391021E+01
  0.7462462924281E+01
  0.7609418228545E+01
  0.7694027088197E+01
  0.7752186266084E+01
  0.7749978870262E+01
  0.7052609593004E+01
  0.6270229455184E+01
  0.4421905532851E+01
  0.1810524360935E+01
  0.1585922163188E+01
  0.0000000000000E+00
  0.0000000000000E+00
  0.0000000000000E+00
  0.0000000000000E+00
  0.0000000000000E+00
  0.0000000000000E+00
  0.0000000000000E+00
  0.0000000000000E+00
  0.0000000000000E+00
  0.0000000000000E+00
  0.0000000000000E+00
  0.0000000000000E+00
  0.0000000000000E+00
  0.0000000000000E+00
  0.0000000000000E+00
  0.0000000000000E+00
  0.0000000000000E+00
  0.4072634669710E+01
  0.5573641623649E+01
  0.5468437423243E+01
  0.5467702690683E+01
  0.5793218416143E+01
  0.6005033983028E+01
  0.6216250218970E+01
  0.6421181548141E+01
  0.6696068516633E+01
  0.7015930929716E+01
  0.7274260988248E+01
  0.7457143050129E+01
  0.7583315531465E+01
  0.7665278155377E+01
  0.7675347004153E+01
  0.7379340526835E+01
  0.5023613164921E+01
  0.0000000000000E+00
  0.0000000000000E+00
  0.0000000000000E+00
  0.0000000000000E+00
  0.0000000000000E+00
  0.0000000000000E+00
  0.0000000000000E+00
  0.0000000000000E+00
  0.4704298369960E+01
  0.6585347586263E+01
  0.4601967539083E+01
  0.0000000000000E+00
  0.0000000000000E+00
  0.0000000000000E+00
  0.0000000000000E+00
  0.0000000000000E+00
  0.0000000000000E+00
  0.0000000000000E+00
  0.0000000000000E+00
  0.3997466517929E+01
  0.5738914436028E+01
  0.5797946059833E+01
  0.5635938516888E+01
  0.5378896459423E+01
  0.5206445239977E+01
  0.5091099828911E+01
  0.5170198103706E+01
  0.5400057283291E+01
  0.5699396308451E+01
  0.5983062065250E+01
  0.6194993657745E+01
  0.6355016483270E+01
  0.6514959800861E+01
  0.6675114218040E+01
  0.6617389952899E+01
  0.6025453379376E+01
  0.4003268895060E+01
  0.0000000000000E+00
  0.0000000000000E+00
  0.0000000000000E+00
  0.0000000000000E+00
  0.0000000000000E+00
  0.0000000000000E+00
  0.4553200934354E+01
  0.6593956175541E+01
  0.6588640783632E+01
  0.4466329623717E+01
  0.0000000000000E+00
  0.0000000000000E+00
  0.0000000000000E+00
  0.4456674337872E+01
  0.6213901887112E+01
  0.4289539512671E+01
  0.0000000000000E+00
  0.0000000000000E+00
  0.3893871457868E+01
  0.5563866259153E+01
  0.5480709129350E+01
  0.5358890891652E+01
  0.4434747092816E+01
  0.3849042246170E+01
  0.3383672428183E+01
  0.3249640301726E+01
  0.3389484331476E+01
  0.3617143396475E+01
  0.3899395645044E+01
  0.4161644405245E+01
  0.4395881216548E+01
  0.4651343927065E+01
  0.4992619869010E+01
  0.5254515851363E+01
  0.5318285961893E+01
  0.3776676275816E+01
  0.0000000000000E+00
  0.0000000000000E+00
  0.0000000000000E+00
  0.0000000000000E+00
  0.0000000000000E+00
  0.4344218711890E+01
  0.6102814687328E+01
  0.6040675842013E+01
  0.5781747079880E+01
  0.3841578842091E+01
  0.0000000000000E+00
  0.0000000000000E+00
  0.4473132295219E+01
  0.6096677523671E+01
  0.5704223782437E+01
  0.3656403950079E+01
  0.0000000000000E+00
  0.0000000000000E+00
  0.3644980256243E+01
  0.5221210383992E+01
  0.4857070238205E+01
  0.4730516175920E+01
  0.2968975862944E+01
  0.2531790362625E+01
  0.2445485693332E+01
  0.2509116726604E+01
  0.2512104827828E+01
  0.2442035077513E+01
  0.2299816691768E+01
  0.2047761467967E+01
  0.1743318848752E+01
  0.1869204336144E+01
  0.2594187910294E+01
  0.3186346518161E+01
  0.4272207273973E+01
  0.5060070169003E+01
  0.4759457012816E+01
  0.2949501704982E+01
  0.0000000000000E+00
  0.2025862551340E+01
  0.4179482006918E+01
  0.5413173131224E+01
  0.5221194392388E+01
  0.4675740451493E+01
  0.4219203588600E+01
  0.4322629298560E+01
  0.4777321439028E+01
  0.5067296028064E+01
  0.5334644369343E+01
  0.4888478898136E+01
  0.3848337755572E+01
  0.2180111359188E+01
  0.0000000000000E+00
  0.0000000000000E+00
  0.3427681690864E+01
  0.4079810835137E+01
  0.3382914645436E+01
  0.3403813763360E+01
  0.3288357808523E+01
  0.3653277897512E+01
  0.3893070425896E+01
  0.4046668136084E+01
  0.4165235496020E+01
  0.4229490663347E+01
  0.4185875252685E+01
  0.4028045812077E+01
  0.3730338277654E+01
  0.3270551192981E+01
  0.2667140541604E+01
  0.1681887235918E+01
  0.3100381696607E+01
  0.4174273842117E+01
  0.4353698669489E+01
  0.2834423289598E+01
  0.0000000000000E+00
  0.1349842842345E+01
  0.3082617937372E+01
  0.3785672629180E+01
  0.3126475746926E+01
  0.2789675740101E+01
  0.1215409438786E+01
  0.2021356733515E+01
  0.1670537831956E+01
  0.2359486824748E+01
  0.2817472775668E+01
  0.2493641791234E+01
  0.1366568618756E+01
  0.1356845912685E+01
  0.0000000000000E+00
  0.0000000000000E+00
  0.3313843708872E+01
  0.2224079721127E+01
  0.2273219875504E+01
  0.2855065401147E+01
  0.4484235152194E+01
  0.4706700924263E+01
  0.4892697286263E+01
  0.5060713104634E+01
  0.5232109939140E+01
  0.5337197725774E+01
  0.5328009264451E+01
  0.5178037684764E+01
  0.4899776632102E+01
  0.4557453847387E+01
  0.4241799995889E+01
  0.4027417731633E+01
  0.4214908090910E+01
  0.4026423556756E+01
  0.4233284089825E+01
  0.4062367417396E+01
  0.0000000000000E+00
  0.2864904031200E+01
  0.3146056817735E+01
  0.1832288752305E+01
  0.2438143438233E+01
  0.3568820272607E+01
  0.4209571069902E+01
  0.4766022102505E+01
  0.4635723252459E+01
  0.4078551909648E+01
  0.3581849748962E+01
  0.3675158568984E+01
  0.4293247165771E+01
  0.2979651709125E+01
  0.0000000000000E+00
  0.0000000000000E+00
  0.3308896673045E+01
  0.3624613177592E+01
  0.3811816830944E+01
  0.4181761814473E+01
  0.4977875388658E+01
  0.5133875924855E+01
  0.5304607648449E+01
  0.5481589380442E+01
  0.5651097746863E+01
  0.5725527763417E+01
  0.5685065857122E+01
  0.5503022093928E+01
  0.5238689356514E+01
  0.5018265079259E+01
  0.4941938525254E+01
  0.5020158823875E+01
  0.5172147092297E+01
  0.3671579387922E+01
  0.4897295964803E+01
  0.5749810811932E+01
  0.0000000000000E+00
  0.1980780498848E+01
  0.3371517616825E+01
  0.4123317587885E+01
  0.4277293779218E+01
  0.4689921076245E+01
  0.5246919674537E+01
  0.5695085530291E+01
  0.5552325938354E+01
  0.5259497494061E+01
  0.5031113523594E+01
  0.5098652200415E+01
  0.5427399935104E+01
  0.4482207647025E+01
  0.0000000000000E+00
  0.0000000000000E+00
  0.3585760411310E+01
  0.4558488113791E+01
  0.4564085997105E+01
  0.4805743671328E+01
  0.5167467409323E+01
  0.5259087668913E+01
  0.5374846213910E+01
  0.5481419620835E+01
  0.5543067122910E+01
  0.5524792759426E+01
  0.5431409013216E+01
  0.5287386453593E+01
  0.5216177957846E+01
  0.5297887363130E+01
  0.5510021438068E+01
  0.5687496327019E+01
  0.5629018465472E+01
  0.4640565582299E+01
  0.5779157834691E+01
  0.6041364607718E+01
  0.0000000000000E+00
  0.0000000000000E+00
  0.4054780849065E+01
  0.5060457086763E+01
  0.5021884476071E+01
  0.5272502898757E+01
  0.5503256695952E+01
  0.5552060926621E+01
  0.3426262342790E+01
  0.3977503454633E+01
  0.5605374136491E+01
  0.5859150354821E+01
  0.5971222530486E+01
  0.5940190433955E+01
  0.2157371834147E+01
  0.0000000000000E+00
  0.3661793157034E+01
  0.4930663846983E+01
  0.4990596939125E+01
  0.5098374137052E+01
  0.5044999459937E+01
  0.5067123170775E+01
  0.5067869120324E+01
  0.5000813623537E+01
  0.4853223705560E+01
  0.4698331968284E+01
  0.4605881004267E+01
  0.4703343243365E+01
  0.5049351610132E+01
  0.5501508283628E+01
  0.5860657781169E+01
  0.5958654295265E+01
  0.5841880693803E+01
  0.5138806767585E+01
  0.5819852403326E+01
  0.6270900041979E+01
  0.0000000000000E+00
  0.0000000000000E+00
  0.4116411196886E+01
  0.5280009160999E+01
  0.5167994483698E+01
  0.5210042338528E+01
  0.5195714091240E+01
  0.5213610835135E+01
  0.2298858579650E+01
  0.1659818803827E+01
  0.1171918269663E+01
  0.4548650808616E+01
  0.6119732079849E+01
  0.5589775937350E+01
  0.1817485922070E+01
  0.0000000000000E+00
  0.3657825973565E+01
  0.5114883438930E+01
  0.5117641352998E+01
  0.5062457896973E+01
  0.4554727956078E+01
  0.4510615605354E+01
  0.4374969982725E+01
  0.4087418867234E+01
  0.3698914970706E+01
  0.3462434399390E+01
  0.3597310729786E+01
  0.4141589614208E+01
  0.4823443686951E+01
  0.5434608960902E+01
  0.5812453485058E+01
  0.5833715190494E+01
  0.5524706928594E+01
  0.4976398768501E+01
  0.5370843941769E+01
  0.6117673081065E+01
  0.0000000000000E+00
  0.0000000000000E+00
  0.1734566724885E+01
  0.3229056134708E+01
  0.4775859685612E+01
  0.4808544242086E+01
  0.4684955321815E+01
  0.4609930551578E+01
  0.1887393469451E+01
  0.1643565636049E+01
  0.0000000000000E+00
  0.2665127735429E+01
  0.5160215871044E+01
  0.5165303404287E+01
  0.1688248313854E+01
  0.0000000000000E+00
  0.3522279322024E+01
  0.4939280391692E+01
  0.4813286733318E+01
  0.4630488051109E+01
  0.3588759026281E+01
  0.3455320524984E+01
  0.3178059615327E+01
  0.2723155227165E+01
  0.2357401259178E+01
  0.2539700758396E+01
  0.3156753340726E+01
  0.3882436535097E+01
  0.4554314167872E+01
  0.5065692699172E+01
  0.5336242841689E+01
  0.5259527752915E+01
  0.4791345836442E+01
  0.4271300508039E+01
  0.4733165084518E+01
  0.5322059406800E+01
  0.0000000000000E+00
  0.0000000000000E+00
  0.0000000000000E+00
  0.2944011507660E+01
  0.4353202786409E+01
  0.4439886430751E+01
  0.4215649757946E+01
  0.3974468012354E+01
  0.1936397542884E+01
  0.1494683007646E+01
  0.7203061315003E+00
  0.0000000000000E+00
  0.4874528724294E+01
  0.4621840109445E+01
  0.1202382391498E+01
  0.2878652183124E+01
  0.4180293765616E+01
  0.4281181641735E+01
  0.3970932776747E+01
  0.3706009095520E+01
  0.3340509411195E+01
  0.3330341323918E+01
  0.3344712331708E+01
  0.3485116712264E+01
  0.3732620611580E+01
  0.4036801486438E+01
  0.4381748430852E+01
  0.4705438651702E+01
  0.4962680846386E+01
  0.5124437362501E+01
  0.5108997897083E+01
  0.4752281071821E+01
  0.3989914344969E+01
  0.3313966809402E+01
  0.4096528128845E+01
  0.4145100111803E+01
  0.0000000000000E+00
  0.0000000000000E+00
  0.0000000000000E+00
  0.2593807750764E+01
  0.3692196172105E+01
  0.3968170870598E+01
  0.3741998608262E+01
  0.3340950370664E+01
  0.1730611562474E+01
  0.1253236921852E+01
  0.1620341384882E+01
  0.9064714175137E+00
  0.4449555715037E+01
  0.3877224348774E+01
  0.2676155780746E+01
  0.3555198410677E+01
  0.3643598706527E+01
  0.3552128459764E+01
  0.3350934528038E+01
  0.3325019157235E+01
  0.4546476784369E+01
  0.4708848006785E+01
  0.4900054302431E+01
  0.5124671931433E+01
  0.5379309903958E+01
  0.5671316367389E+01
  0.5958212347246E+01
  0.6122833529531E+01
  0.6086358966640E+01
  0.5869276203294E+01
  0.5457385048930E+01
  0.4720958637959E+01
  0.3482148982034E+01
  0.2321230297068E+01
  0.3821523603812E+01
  0.3293887961804E+01
  0.0000000000000E+00
  0.0000000000000E+00
  0.0000000000000E+00
  0.2395300741382E+01
  0.2997764374555E+01
  0.3235809208913E+01
  0.3090997417153E+01
  0.2841789999776E+01
  0.1870977980390E+01
  0.1809485256922E+01
  0.2219931056634E+01
  0.1064485646830E+01
  0.2901068768575E+01
  0.2756110772005E+01
  0.3157748865618E+01
  0.3510830269052E+01
  0.3690927813807E+01
  0.3917379482200E+01
  0.4161346701937E+01
  0.4378613747011E+01
  0.5059337362350E+01
  0.5216818041310E+01
  0.5384081081820E+01
  0.5572918616111E+01
  0.5822464759833E+01
  0.6133900171795E+01
  0.6439715563657E+01
  0.6616551044178E+01
  0.6574238701951E+01
  0.6290976729436E+01
  0.5754345774541E+01
  0.4940161060702E+01
  0.3692824644847E+01
  0.1094993983551E+01
  0.3779423394942E+01
  0.4247691829772E+01
  0.2908917535918E+01
  0.0000000000000E+00
  0.0000000000000E+00
  0.1801965395249E+01
  0.2408100944689E+01
  0.2064499956723E+01
  0.1948353981668E+01
  0.2069364544876E+01
  0.1829902692629E+01
  0.1857117304957E+01
  0.1791557402845E+01
  0.1599327369861E+01
  0.0000000000000E+00
  0.2186338292645E+01
  0.3304369027780E+01
  0.3622295066332E+01
  0.4035273736074E+01
  0.4412975314593E+01
  0.4692684739220E+01
  0.4895893152467E+01
  0.4909876019311E+01
  0.5076588125513E+01
  0.5251240986386E+01
  0.5451542972079E+01
  0.5715610414646E+01
  0.6032640230501E+01
  0.6343964021328E+01
  0.6552858804989E+01
  0.6572199811428E+01
  0.6375360078079E+01
  0.5949979175605E+01
  0.5313056182517E+01
  0.4429505933408E+01
  0.2806059706126E+01
  0.3112354201123E+01
  0.3927706913581E+01
  0.2672204678941E+01
  0.0000000000000E+00
  0.0000000000000E+00
  0.2569075079178E+01
  0.2643082342251E+01
  0.1513665094170E+01
  0.2184863938477E+01
  0.1364794294379E+01
  0.9135639961102E+00
  0.1270252715651E+01
  0.1714582434569E+01
  0.2960012875656E+01
  0.2381138383211E+01
  0.2006573099241E+01
  0.2968273809879E+01
  0.3314212652842E+01
  0.3780429553696E+01
  0.4210285531319E+01
  0.4522964937254E+01
  0.4739208551220E+01
  0.4293730268319E+01
  0.4492572203186E+01
  0.4711023829993E+01
  0.4963036665622E+01
  0.5285733017106E+01
  0.5663533942105E+01
  0.6041683031412E+01
  0.6347638322484E+01
  0.6492992849369E+01
  0.6469601862240E+01
  0.6291472144393E+01
  0.5956002770718E+01
  0.5501840999006E+01
  0.4742206397707E+01
  0.2752715743029E+01
  0.2966694976278E+01
  0.2460141772025E+01
  0.0000000000000E+00
  0.0000000000000E+00
  0.3249553760402E+01
  0.2930877213349E+01
  0.2524141696840E+01
  0.2645802189566E+01
  0.2978939304804E+01
  0.2424539813974E+01
  0.2732543700969E+01
  0.3380204741535E+01
  0.4125114133492E+01
  0.3815140133318E+01
  0.3133202411491E+01
  0.2850283419018E+01
  0.2872205324717E+01
  0.3145004326629E+01
  0.3535882535483E+01
  0.3858751844942E+01
  0.4098203195765E+01
  0.3625352254635E+01
  0.3705145944101E+01
  0.3829480572286E+01
  0.4019027373217E+01
  0.4319904720432E+01
  0.4733889979327E+01
  0.5205069215870E+01
  0.5660596670981E+01
  0.6006480563906E+01
  0.6247562215095E+01
  0.6431684033926E+01
  0.6537481002342E+01
  0.6593164025332E+01
  0.6725356997968E+01
  0.6222005007581E+01
  0.3583317952077E+01
  0.0000000000000E+00
  0.0000000000000E+00
  0.0000000000000E+00
  0.4006002357877E+01
  0.2763037057056E+01
  0.3144077971499E+01
  0.2326074879230E+01
  0.3710897219659E+01
  0.3966715622422E+01
  0.4220203783686E+01
  0.4671885917968E+01
  0.5109410967632E+01
  0.4928455238265E+01
  0.4550341809955E+01
  0.4118924125369E+01
  0.3725465821355E+01
  0.3471002785811E+01
  0.3454145730226E+01
  0.3507093618810E+01
  0.3571316258591E+01
  0.4223908279463E+01
  0.4074774856094E+01
  0.3933986693639E+01
  0.3878739037489E+01
  0.3955366961122E+01
  0.4209974407668E+01
  0.4623802313702E+01
  0.5115338439869E+01
  0.5570587044313E+01
  0.5974298879729E+01
  0.6356059876514E+01
  0.6684818244852E+01
  0.7010047821827E+01
  0.7739523542245E+01
  0.8829115658936E+01
  0.8374207975416E+01
  0.7144571049460E+01
  0.5636735997575E+01
  0.5229248131141E+01
  0.5307265860027E+01
  0.3083366848516E+01
  0.2801605731287E+01
  0.1975191285771E+01
  0.4564517139824E+01
  0.5390605769970E+01
  0.5566503951200E+01
  0.5829738563773E+01
  0.6114833045585E+01
  0.6254196617770E+01
  0.6230180734400E+01
  0.6042783473036E+01
  0.5738710689563E+01
  0.5299446477549E+01
  0.4877388426930E+01
  0.4562875085932E+01
  0.4369097255610E+01
  0.6074736843043E+01
  0.5916159554844E+01
  0.5617504244860E+01
  0.5212444275542E+01
  0.4836279066348E+01
  0.4641001577431E+01
  0.4684117018427E+01
  0.4949274784959E+01
  0.5358443211131E+01
  0.5807717579506E+01
  0.6243655630965E+01
  0.6640793757783E+01
  0.7061904938046E+01
  0.7743108741926E+01
  0.9063732657177E+01
  0.8631968168375E+01
  0.7528459708913E+01
  0.6497836601287E+01
  0.6494696893923E+01
  0.6288870525034E+01
  0.4543831264917E+01
  0.1791858077585E+01
  0.4305248496357E+01
  0.6502506675183E+01
  0.6480227122637E+01
  0.6555860046430E+01
  0.6633264900956E+01
  0.6791951032510E+01
  0.7014086870893E+01
  0.7220631037905E+01
  0.7284167118168E+01
  0.7204197569127E+01
  0.6973965508906E+01
  0.6673960949013E+01
  0.6387244677957E+01
  0.6191074226166E+01
  0.7176352772391E+01
  0.7160571996468E+01
  0.7053611240990E+01
  0.6787450097781E+01
  0.6387619653766E+01
  0.5929298001410E+01
  0.5530284224019E+01
  0.5330634256104E+01
  0.5414906644728E+01
  0.5718159732882E+01
  0.6126865889078E+01
  0.6567180401854E+01
  0.7057705133974E+01
  0.7701932024347E+01
  0.8519176414979E+01
  0.8401884989822E+01
  0.7617836888618E+01
  0.6967613125631E+01
  0.6915675617286E+01
  0.6882042913601E+01
  0.6023144332009E+01
  0.3341849372843E+01
  0.4439758904300E+01
  0.6706643268830E+01
  0.7013261616709E+01
  0.7085644500972E+01
  0.7051233121385E+01
  0.7075771108399E+01
  0.7268417717618E+01
  0.7553557970777E+01
  0.7761777982813E+01
  0.7834168577897E+01
  0.7761655269845E+01
  0.7593100497333E+01
  0.7382771440143E+01
  0.7225502057337E+01
  0.7524273768244E+01
  0.7578935755945E+01
  0.7643386196603E+01
  0.7615142300714E+01
  0.7440835119583E+01
  0.7115524022431E+01
  0.6663218837990E+01
  0.6204657490229E+01
  0.5897056505617E+01
  0.5823817367684E+01
  0.5978932904688E+01
  0.6285527934297E+01
  0.6670169664726E+01
  0.7148344180661E+01
  0.7633030648787E+01
  0.7649429977587E+01
  0.7248546651193E+01
  0.6879037065111E+01
  0.6748737054176E+01
  0.6859058073451E+01
  0.6779971782868E+01
  0.5727831284344E+01
  0.5910910562968E+01
  0.6479370967850E+01
  0.6998333904623E+01
  0.7163892150126E+01
  0.7138327427315E+01
  0.7082934154819E+01
  0.7189000121143E+01
  0.7452880336273E+01
  0.7727159143893E+01
  0.7902856048815E+01
  0.7935981733539E+01
  0.7854139103748E+01
  0.7696789990195E+01
  0.7559476871117E+01
  0.7181334091895E+01
  0.7242164381987E+01
  0.7386623969090E+01
  0.7519556429911E+01
  0.7534403924508E+01
  0.7411632128687E+01
  0.7139830025428E+01
  0.6758558813019E+01
  0.6345807337583E+01
  0.5998240957329E+01
  0.5808849615132E+01
  0.5818726272789E+01
  0.5966551649345E+01
  0.6179202055341E+01
  0.6378462639958E+01
  0.6382868897671E+01
  0.6255055909213E+01
  0.6061731391611E+01
  0.5862460390290E+01
  0.6067410140896E+01
  0.6183134184833E+01
  0.4682570740846E+01
  0.4882463088564E+01
  0.5562007090772E+01
  0.6211804876863E+01
  0.6538344876654E+01
  0.6624671968619E+01
  0.6598713784745E+01
  0.6659490054301E+01
  0.6864035071066E+01
  0.7134616120776E+01
  0.7358300360488E+01
  0.7464488967559E+01
  0.7447621613471E+01
  0.7339311803332E+01
  0.7222163090055E+01
  0.6318522470746E+01
  0.6361979415556E+01
  0.6505911074498E+01
  0.6698664814596E+01
  0.6804837535609E+01
  0.6815007249514E+01
  0.6713252918892E+01
  0.6477833223101E+01
  0.6134238623745E+01
  0.5737690982101E+01
  0.5354327235659E+01
  0.5073054658054E+01
  0.4929476799436E+01
  0.4869543690449E+01
  0.4808553044168E+01
  0.4714132851248E+01
  0.4795859361518E+01
  0.5048896053623E+01
  0.4841366775839E+01
  0.5154955589243E+01
  0.5043218539549E+01
  0.1554528881133E+01
  0.2676671444838E+01
  0.3737055596321E+01
  0.4600824710816E+01
  0.5100021238051E+01
  0.5342343735840E+01
  0.5440396746826E+01
  0.5589326362010E+01
  0.5804198156070E+01
  0.6051380607885E+01
  0.6287154097670E+01
  0.6436381176296E+01
  0.6479762911856E+01
  0.6434964976660E+01
  0.6354218362238E+01
  0.4376445428504E+01
  0.4416415688529E+01
  0.4543441363752E+01
  0.4776912684941E+01
  0.4958085241863E+01
  0.5054626378388E+01
  0.5044966539360E+01
  0.4896713078572E+01
  0.4614308666004E+01
  0.4212505315501E+01
  0.3641809502514E+01
  0.2962345435250E+01
  0.2375543659113E+01
  0.2288440402832E+01
  0.2621443125266E+01
  0.2958036537693E+01
  0.3548938098869E+01
  0.4397460981359E+01
  0.4737154875784E+01
  0.5348289059641E+01
  0.5364191587828E+01
  0.4788194698359E+01
  0.4639710956483E+01
  0.4149106194530E+01
  0.3940731761743E+01
  0.3806252845421E+01
  0.3593498761633E+01
  0.3304395060435E+01
  0.3252116998125E+01
  0.3469770032383E+01
  0.3780032430786E+01
  0.4097632322448E+01
  0.4324300653441E+01
  0.4465032806829E+01
  0.4489611234968E+01
  0.4420681523248E+01
  0.3535154460408E+01
  0.3293259576270E+01
  0.3128835124535E+01
  0.3181690642622E+01
  0.3258576478820E+01
  0.3295701922755E+01
  0.3280911066935E+01
  0.3183675955306E+01
  0.2985007089615E+01
  0.2938065240724E+01
  0.3219412830268E+01
  0.3756616525020E+01
  0.4336045220727E+01
  0.4853218480708E+01
  0.5349028192025E+01
  0.5670348534085E+01
  0.5676059268234E+01
  0.6519516941010E+01
  0.5170260661931E+01
  0.2853717413642E+01
  0.2763613632130E+01
  0.4325958174112E+01
  0.6264474666808E+01
  0.6479865319008E+01
  0.6670233195845E+01
  0.6694827324091E+01
  0.6463309149906E+01
  0.6034961150884E+01
  0.5488229457638E+01
  0.4932053017665E+01
  0.4515340476472E+01
  0.4296922314731E+01
  0.4215305949169E+01
  0.4179091415338E+01
  0.4065233057061E+01
  0.3830769236450E+01
  0.6481772887850E+01
  0.6315355637758E+01
  0.6187037780394E+01
  0.6087126798283E+01
  0.6011407034086E+01
  0.5990400526846E+01
  0.6025550002876E+01
  0.6081912546339E+01
  0.6184274232178E+01
  0.6369975539973E+01
  0.6637620994204E+01
  0.6991406723272E+01
  0.7394050273642E+01
  0.7792645349744E+01
  0.8163650416160E+01
  0.8422055155776E+01
  0.8161253165164E+01
  0.7639402233544E+01
  0.5263736198674E+01
  0.0000000000000E+00
  0.0000000000000E+00
  0.3784708171849E+01
  0.6135630893162E+01
  0.7365347913730E+01
  0.8162577685819E+01
  0.8604220742936E+01
  0.8684222210424E+01
  0.8520146414287E+01
  0.8195396908452E+01
  0.7798421272862E+01
  0.7460013921087E+01
  0.7222394376635E+01
  0.7067460783322E+01
  0.6952651662919E+01
  0.6824999197017E+01
  0.6662176354096E+01
  0.8362333095694E+01
  0.8248854890829E+01
  0.8166688264501E+01
  0.8097801067835E+01
  0.8055373540707E+01
  0.8071523565265E+01
  0.8133284749713E+01
  0.8234993610385E+01
  0.8389366982662E+01
  0.8593950369951E+01
  0.8858129350733E+01
  0.9179611298528E+01
  0.9515330006608E+01
  0.9825246247168E+01
  0.1004030099480E+02
  0.1010766588545E+02
  0.9713905690149E+01
  0.8599820438922E+01
  0.5548179188499E+01
  0.0000000000000E+00
  0.0000000000000E+00
  0.3765109451297E+01
  0.5634822143576E+01
  0.6821033898100E+01
  0.7868592996734E+01
  0.8627798452291E+01
  0.9074249998365E+01
  0.9294021865666E+01
  0.9345597637285E+01
  0.9267593974267E+01
  0.9137243974852E+01
  0.9000235708593E+01
  0.8878290986693E+01
  0.8763362579209E+01
  0.8629356876347E+01
  0.8489926284755E+01
  0.9110000973907E+01
  0.9093535594209E+01
  0.9094207220397E+01
  0.9107908179242E+01
  0.9132406733398E+01
  0.9177323694407E+01
  0.9242625846832E+01
  0.9354623115101E+01
  0.9514299923908E+01
  0.9711031572996E+01
  0.9947704005406E+01
  0.1019307908017E+02
  0.1041012588471E+02
  0.1057489069336E+02
  0.1064144714066E+02
  0.1056793735623E+02
  0.1030682707897E+02
  0.9813353538971E+01
  0.9062513510142E+01
  0.8049032719759E+01
  0.6853513963578E+01
  0.6412702818098E+01
  0.6753286635802E+01
  0.7034937205389E+01
  0.7560125917714E+01
  0.8138212525023E+01
  0.8636440546921E+01
  0.9011768734043E+01
  0.9251479588579E+01
  0.9366532324189E+01
  0.9391657276739E+01
  0.9370563122068E+01
  0.9327693539075E+01
  0.9273204598805E+01
  0.9205178397709E+01
  0.9145251885349E+01
  0.8556105664521E+01
  0.8613736659844E+01
  0.8676862841701E+01
  0.8749713400733E+01
  0.8809428048652E+01
  0.8850169260263E+01
  0.8896079802536E+01
  0.8970559107743E+01
  0.9076109410581E+01
  0.9199357167488E+01
  0.9319628176624E+01
  0.9419142046658E+01
  0.9472815457834E+01
  0.9457971554223E+01
  0.9377207719626E+01
  0.9259702096888E+01
  0.9189475114390E+01
  0.9212786142251E+01
  0.8811188035557E+01
  0.8079882285815E+01
  0.7466714679336E+01
  0.7197590662414E+01
  0.7108309944541E+01
  0.6899682905158E+01
  0.6766942936582E+01
  0.6812877857148E+01
  0.7022003968890E+01
  0.7355432156317E+01
  0.7728545740344E+01
  0.8034731950606E+01
  0.8235008524818E+01
  0.8366314265142E+01
  0.8435194284616E+01
  0.8457203771055E+01
  0.8470488884437E+01
  0.8504928800560E+01
  0.6471116740889E+01
  0.6630062913890E+01
  0.6751760089383E+01
  0.6844959143750E+01
  0.6891875568737E+01
  0.6912025462578E+01
  0.6944558551426E+01
  0.6982287616914E+01
  0.7015033076801E+01
  0.7021329504818E+01
  0.6986461886358E+01
  0.6912510888541E+01
  0.6778570234797E+01
  0.6576963921997E+01
  0.6359277569306E+01
  0.6232229691073E+01
  0.6360862852700E+01
  0.6834225348249E+01
  0.6755428032723E+01
  0.6688953010425E+01
  0.6562271807967E+01
  0.6330860958501E+01
  0.5944553907978E+01
  0.5468719566975E+01
  0.4999001711832E+01
  0.4543176163511E+01
  0.4260968893316E+01
  0.4424514868451E+01
  0.4918655453309E+01
  0.5416338362414E+01
  0.5751013555651E+01
  0.5960103093485E+01
  0.6098829561959E+01
  0.6183950776081E+01
  0.6246935866362E+01
  0.6333448424772E+01
  0.3075977686149E+01
  0.3075977686149E+01
  0.3075977686149E+01
  0.3075977686149E+01
  0.3075977686149E+01
  0.3075977686149E+01
  0.3075977686149E+01
  0.3075977686149E+01
  0.3075977686149E+01
  0.3075977686149E+01
  0.3075977686149E+01
  0.3075977686149E+01
  0.3075977686149E+01
  0.3075977686149E+01
  0.3075977686149E+01
  0.3075977686149E+01
  0.3075977686149E+01
  0.3075977686149E+01
  0.3075977686149E+01
  0.3075977686149E+01
  0.3075977686149E+01
  0.3075977686149E+01
  0.3075977686149E+01
  0.3075977686149E+01
  0.3075977686149E+01
  0.3075977686149E+01
  0.3075977686149E+01
  0.3075977686149E+01
  0.3075977686149E+01
  0.3075977686149E+01
  0.3075977686149E+01
  0.3075977686149E+01
  0.3075977686149E+01
  0.3075977686149E+01
  0.3075977686149E+01
  0.3075977686149E+01
  0.2866745135691E+01
  0.2866745135691E+01
  0.2866745135691E+01
  0.2866745135691E+01
  0.2866745135691E+01
  0.2866745135691E+01
  0.2866745135691E+01
  0.2866745135691E+01
  0.2866745135691E+01
  0.2866745135691E+01
  0.2866745135691E+01
  0.2866745135691E+01
  0.2866745135691E+01
  0.2866745135691E+01
  0.2866745135691E+01
  0.2866745135691E+01
  0.2866745135691E+01
  0.2866745135691E+01
  0.2866745135691E+01
  0.2866745135691E+01
  0.2866745135691E+01
  0.2866745135691E+01
  0.2866745135691E+01
  0.2866745135691E+01
  0.2866745135691E+01
  0.2866745135691E+01
  0.2866745135691E+01
  0.2866745135691E+01
  0.2866745135691E+01
  0.2866745135691E+01
  0.2866745135691E+01
  0.2866745135691E+01
  0.2866745135691E+01
  0.2866745135691E+01
  0.2866745135691E+01
  0.2866745135691E+01
  0.7024788340681E+01
  0.8733012802352E+01
  0.9346743536797E+01
  0.9276145992013E+01
  0.8531947084883E+01
  0.6689903451412E+01
  0.9357855448019E+01
  0.1078108329355E+02
  0.1105612350066E+02
  0.1000677591487E+02
  0.7188151934570E+01
  0.7229252557405E+00
  0.0000000000000E+00
  0.0000000000000E+00
  0.0000000000000E+00
  0.0000000000000E+00
  0.0000000000000E+00
  0.0000000000000E+00
  0.0000000000000E+00
  0.0000000000000E+00
  0.0000000000000E+00
  0.0000000000000E+00
  0.0000000000000E+00
  0.0000000000000E+00
  0.0000000000000E+00
  0.0000000000000E+00
  0.0000000000000E+00
  0.0000000000000E+00
  0.0000000000000E+00
  0.0000000000000E+00
  0.0000000000000E+00
  0.0000000000000E+00
  0.4333880859193E+01
  0.9824253273970E+01
  0.1127060071213E+02
  0.1013074887393E+02
  0.1061508844647E+02
  0.4045847793364E+01
  0.2311800287083E+01
  0.3811662072934E+01
  0.9587475313055E+01
  0.1195937645434E+02
  0.1309679510430E+02
  0.1333856198566E+02
  0.1212751957333E+02
  0.7879829501221E+01
  0.1071405036834E+02
  0.1092051715829E+02
  0.9175205121772E+01
  0.3498825384149E+01
  0.0000000000000E+00
  0.0000000000000E+00
  0.0000000000000E+00
  0.0000000000000E+00
  0.0000000000000E+00
  0.0000000000000E+00
  0.0000000000000E+00
  0.0000000000000E+00
  0.0000000000000E+00
  0.0000000000000E+00
  0.0000000000000E+00
  0.0000000000000E+00
  0.0000000000000E+00
  0.0000000000000E+00
  0.0000000000000E+00
  0.0000000000000E+00
  0.0000000000000E+00
  0.0000000000000E+00
  0.2907300447486E+01
  0.1133270696307E+02
  0.1363798175716E+02
  0.1336611331730E+02
  0.2440926543331E+02
  0.2349279893560E+02
  0.2298084109086E+02
  0.2086145598585E+02
  0.1932052541238E+02
  0.2037437564399E+02
  0.2212772545478E+02
  0.2394824045713E+02
  0.2487252389096E+02
  0.2421342568971E+02
  0.1914731570032E+02
  0.1353725133817E+02
  0.1212238780685E+02
  0.6681946671691E+01
  0.0000000000000E+00
  0.0000000000000E+00
  0.0000000000000E+00
  0.0000000000000E+00
  0.0000000000000E+00
  0.0000000000000E+00
  0.0000000000000E+00
  0.0000000000000E+00
  0.0000000000000E+00
  0.0000000000000E+00
  0.0000000000000E+00
  0.0000000000000E+00
  0.0000000000000E+00
  0.0000000000000E+00
  0.0000000000000E+00
  0.0000000000000E+00
  0.0000000000000E+00
  0.0000000000000E+00
  0.4026844532738E+01
  0.1416501119491E+02
  0.1992220011522E+02
  0.2411441233230E+02
  0.4103794191620E+02
  0.3956108049329E+02
  0.3782161312009E+02
  0.3611234598536E+02
  0.3340496170443E+02
  0.3287453941242E+02
  0.3449976493679E+02
  0.3613964367234E+02
  0.3631420318782E+02
  0.3309545504677E+02
  0.2861236641115E+02
  0.1646972065244E+02
  0.7268674160392E+01
  0.0000000000000E+00
  0.0000000000000E+00
  0.0000000000000E+00
  0.0000000000000E+00
  0.0000000000000E+00
  0.0000000000000E+00
  0.0000000000000E+00
  0.0000000000000E+00
  0.0000000000000E+00
  0.0000000000000E+00
  0.0000000000000E+00
  0.0000000000000E+00
  0.0000000000000E+00
  0.0000000000000E+00
  0.0000000000000E+00
  0.0000000000000E+00
  0.0000000000000E+00
  0.0000000000000E+00
  0.0000000000000E+00
  0.8681771300534E+01
  0.2403127486667E+02
  0.3361530468895E+02
  0.3885824543126E+02
  0.5773137101640E+02
  0.5439931777653E+02
  0.5028502774152E+02
  0.4759723623988E+02
  0.4516108238748E+02
  0.4381975737764E+02
  0.4385583541915E+02
  0.4402190807695E+02
  0.4282202403226E+02
  0.3928868551557E+02
  0.3136581877095E+02
  0.2012047472966E+02
  0.8156538690605E+01
  0.0000000000000E+00
  0.0000000000000E+00
  0.0000000000000E+00
  0.0000000000000E+00
  0.0000000000000E+00
  0.0000000000000E+00
  0.0000000000000E+00
  0.0000000000000E+00
  0.0000000000000E+00
  0.0000000000000E+00
  0.0000000000000E+00
  0.0000000000000E+00
  0.0000000000000E+00
  0.0000000000000E+00
  0.0000000000000E+00
  0.0000000000000E+00
  0.0000000000000E+00
  0.0000000000000E+00
  0.0000000000000E+00
  0.1228510257130E+02
  0.3144060099856E+02
  0.4743492282351E+02
  0.5658882506972E+02
  0.6883543161348E+02
  0.6270223525795E+02
  0.5701922385011E+02
  0.5388655637243E+02
  0.5212910766391E+02
  0.5077747915412E+02
  0.4965947621385E+02
  0.4844801279731E+02
  0.4633980906085E+02
  0.4357662836447E+02
  0.3840675521042E+02
  0.2655271773209E+02
  0.1165731151849E+02
  0.0000000000000E+00
  0.0000000000000E+00
  0.0000000000000E+00
  0.0000000000000E+00
  0.0000000000000E+00
  0.0000000000000E+00
  0.0000000000000E+00
  0.0000000000000E+00
  0.2350238284653E+01
  0.1879500669848E+01
  0.0000000000000E+00
  0.0000000000000E+00
  0.0000000000000E+00
  0.0000000000000E+00
  0.0000000000000E+00
  0.0000000000000E+00
  0.0000000000000E+00
  0.0000000000000E+00
  0.0000000000000E+00
  0.1700582961807E+02
  0.4218392510491E+02
  0.6324197751809E+02
  0.7067249593967E+02
  0.7192037802676E+02
  0.6428970622525E+02
  0.5884517974226E+02
  0.5648978114243E+02
  0.5560639252372E+02
  0.5466445683321E+02
  0.5311554464613E+02
  0.5117262004242E+02
  0.4919827797169E+02
  0.4806595757217E+02
  0.4567208720448E+02
  0.3491116911811E+02
  0.1438666772078E+02
  0.0000000000000E+00
  0.0000000000000E+00
  0.0000000000000E+00
  0.0000000000000E+00
  0.0000000000000E+00
  0.0000000000000E+00
  0.0000000000000E+00
  0.1198674471755E+02
  0.2136133643518E+02
  0.1363221163117E+02
  0.0000000000000E+00
  0.0000000000000E+00
  0.0000000000000E+00
  0.2639658868456E+01
  0.3465580784909E+01
  0.0000000000000E+00
  0.0000000000000E+00
  0.0000000000000E+00
  0.0000000000000E+00
  0.2294406907766E+02
  0.5729984722958E+02
  0.7590447551938E+02
  0.7746505953197E+02
  0.7088543573497E+02
  0.6557522590202E+02
  0.6289890498417E+02
  0.6260776050192E+02
  0.6215178232650E+02
  0.6108176932298E+02
  0.5896338850309E+02
  0.5636089807710E+02
  0.5410212859984E+02
  0.5365873736482E+02
  0.5288400772330E+02
  0.4262865360891E+02
  0.2210890459729E+02
  0.0000000000000E+00
  0.0000000000000E+00
  0.0000000000000E+00
  0.0000000000000E+00
  0.0000000000000E+00
  0.0000000000000E+00
  0.8894033400387E+01
  0.3381407366698E+02
  0.3940560394546E+02
  0.2631141111585E+02
  0.7621994405771E+01
  0.1770117550209E+01
  0.6382524398805E+01
  0.1548713985291E+02
  0.1782368033043E+02
  0.0000000000000E+00
  0.0000000000000E+00
  0.0000000000000E+00
  0.0000000000000E+00
  0.3426209642202E+02
  0.6847432717460E+02
  0.7591309492354E+02
  0.7587303259428E+02
  0.7571351332745E+02
  0.7488437402272E+02
  0.7456474340700E+02
  0.7537197014522E+02
  0.7562895686508E+02
  0.7540198092153E+02
  0.7433652942860E+02
  0.7282185212430E+02
  0.7117168068117E+02
  0.6877597479614E+02
  0.6406550250111E+02
  0.5116535769524E+02
  0.3281662089315E+02
  0.9786546346871E+01
  0.0000000000000E+00
  0.0000000000000E+00
  0.0000000000000E+00
  0.1343029473127E+02
  0.1700917017144E+02
  0.1878387320756E+02
  0.4570867669348E+02
  0.4853751555638E+02
  0.3644841314686E+02
  0.2496307099291E+02
  0.1709750751213E+02
  0.2242942024787E+02
  0.2820246745302E+02
  0.2866014876916E+02
  0.2355570947772E+01
  0.0000000000000E+00
  0.0000000000000E+00
  0.0000000000000E+00
  0.4662783581069E+02
  0.7009828385366E+02
  0.7180138246189E+02
  0.7579320249225E+02
  0.8406639656089E+02
  0.8506159447877E+02
  0.8568398839865E+02
  0.8677425120114E+02
  0.8792180804279E+02
  0.8888473747652E+02
  0.8916958174659E+02
  0.8850781003090E+02
  0.8727380509627E+02
  0.8414909451945E+02
  0.7813371535773E+02
  0.6593060680908E+02
  0.4277488937223E+02
  0.2166453076251E+02
  0.7494439627078E+01
  0.0000000000000E+00
  0.0000000000000E+00
  0.2249110102107E+02
  0.3993879960860E+02
  0.2173785764980E+02
  0.5658538413455E+02
  0.5725242168430E+02
  0.5064320558324E+02
  0.4034130783969E+02
  0.3278899762870E+02
  0.3889934791976E+02
  0.4094615376113E+02
  0.3786273570496E+02
  0.1153206203325E+02
  0.0000000000000E+00
  0.0000000000000E+00
  0.0000000000000E+00
  0.5937634696959E+02
  0.7764812800569E+02
  0.7640476665132E+02
  0.8173883928148E+02
  0.9394476540355E+02
  0.9509967961302E+02
  0.9606657683443E+02
  0.9745266418266E+02
  0.9980730422702E+02
  0.1020622111066E+03
  0.1036971068152E+03
  0.1036067439481E+03
  0.1019283955146E+03
  0.9735446186803E+02
  0.8957105204302E+02
  0.7664113194933E+02
  0.5528255598883E+02
  0.3141582130515E+02
  0.3473633503869E+02
  0.0000000000000E+00
  0.0000000000000E+00
  0.1262481398489E+02
  0.5843700327453E+02
  0.4715107970866E+02
  0.6921503897119E+02
  0.7008780483843E+02
  0.6305294418820E+02
  0.4970172617781E+02
  0.3518731753079E+02
  0.5145352704952E+02
  0.4980663994639E+02
  0.4746097827467E+02
  0.2612624120028E+02
  0.0000000000000E+00
  0.0000000000000E+00
  0.0000000000000E+00
  0.7448082140394E+02
  0.8766287916588E+02
  0.8571041279036E+02
  0.9125557816258E+02
  0.1032059731553E+03
  0.1040388324060E+03
  0.1052134298167E+03
  0.1072347162114E+03
  0.1106856629832E+03
  0.1141103734943E+03
  0.1168626306544E+03
  0.1170180903589E+03
  0.1142503515410E+03
  0.1078794210099E+03
  0.9810927931704E+02
  0.8542403237117E+02
  0.7168341255588E+02
  0.5604982059594E+02
  0.5970357876468E+02
  0.1537801458982E+02
  0.0000000000000E+00
  0.5097718942238E+01
  0.6183182798177E+02
  0.6517804911329E+02
  0.7492120777253E+02
  0.8153937279921E+02
  0.7464952561253E+02
  0.5871948041869E+02
  0.2334944066785E+02
  0.4668717116086E+02
  0.4752715534635E+02
  0.5785038047921E+02
  0.4473615011271E+02
  0.1529712880663E+02
  0.0000000000000E+00
  0.4139375380761E+01
  0.8978867401744E+02
  0.9768013195712E+02
  0.9572685186482E+02
  0.1007711876939E+03
  0.1126496947312E+03
  0.1132351646132E+03
  0.1144258066086E+03
  0.1166584422182E+03
  0.1199813282300E+03
  0.1235802744632E+03
  0.1266071088975E+03
  0.1264895769352E+03
  0.1226710353502E+03
  0.1154819733531E+03
  0.1059496026347E+03
  0.9721573442814E+02
  0.8969719735220E+02
  0.7103576048324E+02
  0.7082495450334E+02
  0.4555359230686E+02
  0.7252436835641E+01
  0.7023349732123E+01
  0.5088509765593E+02
  0.8161957581594E+02
  0.8654046854101E+02
  0.9329798699900E+02
  0.8729008898684E+02
  0.7218924430490E+02
  0.2942240819953E+02
  0.3872804800847E+02
  0.3217980957432E+02
  0.6012399514403E+02
  0.6514833746096E+02
  0.3834191003401E+02
  0.0000000000000E+00
  0.2091551400475E+02
  0.9573181873007E+02
  0.1049624678267E+03
  0.1064350581501E+03
  0.1106312590797E+03
  0.1221401518026E+03
  0.1227293463937E+03
  0.1237611652633E+03
  0.1250752887254E+03
  0.1266979773009E+03
  0.1292303934179E+03
  0.1321493776285E+03
  0.1322935678000E+03
  0.1284971336848E+03
  0.1227565056839E+03
  0.1164989969270E+03
  0.1114438130105E+03
  0.1032723463719E+03
  0.8590037311808E+02
  0.8372187061731E+02
  0.7599366469163E+02
  0.2436754402569E+02
  0.7170882506649E+01
  0.2944694312812E+02
  0.8731633298932E+02
  0.1002221369767E+03
  0.1041412561887E+03
  0.9908276651894E+02
  0.9139195785114E+02
  0.5362155655090E+02
  0.4420692304258E+02
  0.3244426889693E+02
  0.4733263760414E+02
  0.8600739905797E+02
  0.6368324718819E+02
  0.9397625760881E+01
  0.4326502222026E+02
  0.1031875618183E+03
  0.1142612028887E+03
  0.1179014452811E+03
  0.1206844252661E+03
  0.1296208919676E+03
  0.1306187671128E+03
  0.1316060253993E+03
  0.1317223619009E+03
  0.1315738059016E+03
  0.1335920351098E+03
  0.1368455847132E+03
  0.1371383016117E+03
  0.1335512044546E+03
  0.1293884397698E+03
  0.1260910443348E+03
  0.1222666890860E+03
  0.1110945634625E+03
  0.9524340833916E+02
  0.9597627426356E+02
  0.9546010075220E+02
  0.2751572481805E+02
  0.7487054815925E+01
  0.2044268270215E+02
  0.8842916687560E+02
  0.1088399735214E+03
  0.1128509107821E+03
  0.1090132980108E+03
  0.1039484565117E+03
  0.6799931236959E+02
  0.5767310131526E+02
  0.4105977276090E+02
  0.4365457662312E+02
  0.1012719153109E+03
  0.9117853471500E+02
  0.3609952236585E+02
  0.7778772122695E+02
  0.1123703140959E+03
  0.1234107005364E+03
  0.1269257888555E+03
  0.1284263293823E+03
  0.1281135402391E+03
  0.1291319313659E+03
  0.1298299289688E+03
  0.1297383608246E+03
  0.1298621900817E+03
  0.1317443956743E+03
  0.1343202262088E+03
  0.1343116690458E+03
  0.1316181057701E+03
  0.1288557958792E+03
  0.1265851303356E+03
  0.1232553544106E+03
  0.1123322748190E+03
  0.9715320084473E+02
  0.1016170971159E+03
  0.1005135150419E+03
  0.2431763886748E+02
  0.8341565868237E+01
  0.1829597769614E+02
  0.8756098425787E+02
  0.1149446914499E+03
  0.1224298929589E+03
  0.1175183476073E+03
  0.1096583255218E+03
  0.8190556136661E+02
  0.6927409808382E+02
  0.6334484409870E+02
  0.4891297665080E+02
  0.1007172045491E+03
  0.1089614169332E+03
  0.7140810048881E+02
  0.9722301235412E+02
  0.1168974319128E+03
  0.1258353909173E+03
  0.1265819889027E+03
  0.1270137400351E+03
  0.1117401910750E+03
  0.1110970354816E+03
  0.1099283981204E+03
  0.1086487850674E+03
  0.1087082885498E+03
  0.1107697465555E+03
  0.1138094486398E+03
  0.1152444097564E+03
  0.1154855168954E+03
  0.1161771314915E+03
  0.1163983766398E+03
  0.1150524771708E+03
  0.1087391685029E+03
  0.9411406404436E+02
  0.1035488945126E+03
  0.9834038533631E+02
  0.2538229730775E+02
  0.1279815968697E+02
  0.1885979504617E+02
  0.9738097181465E+02
  0.1197470019126E+03
  0.1277150737241E+03
  0.1246514022494E+03
  0.1137732484680E+03
  0.9424431769646E+02
  0.8923887116364E+02
  0.8291563016454E+02
  0.6220666307489E+02
  0.8023675299494E+02
  0.1115705704200E+03
  0.8917876803417E+02
  0.1024468028795E+03
  0.1116912670149E+03
  0.1149084575907E+03
  0.1131512910936E+03
  0.1121143292779E+03
  0.9070375543801E+02
  0.8909375157641E+02
  0.8754893316862E+02
  0.8674054595024E+02
  0.8703697993739E+02
  0.8832533927742E+02
  0.9017853967572E+02
  0.9165360954902E+02
  0.9370904632977E+02
  0.9664099874321E+02
  0.9960421639350E+02
  0.1024848055424E+03
  0.1030463611524E+03
  0.9119290197721E+02
  0.1072423495156E+03
  0.9614930301598E+02
  0.3155385125693E+02
  0.2117209004026E+02
  0.2242738169237E+02
  0.1038261715744E+03
  0.1166812985163E+03
  0.1208986101377E+03
  0.1237094394217E+03
  0.1166427763798E+03
  0.1035442207454E+03
  0.1043787129761E+03
  0.9935375553993E+02
  0.8975349403870E+02
  0.7564509968315E+02
  0.1068473962620E+03
  0.9696938467130E+02
  0.9949165438494E+02
  0.9808167641626E+02
  0.9713960305261E+02
  0.9428898181423E+02
  0.9229109205541E+02
  0.8083227558311E+02
  0.7884547287859E+02
  0.7722228870989E+02
  0.7670379436171E+02
  0.7702595797202E+02
  0.7794108912927E+02
  0.7912734291511E+02
  0.8006985095533E+02
  0.8166395938627E+02
  0.8417396404963E+02
  0.8760056241053E+02
  0.9258650083782E+02
  0.9959080103527E+02
  0.1028508193109E+03
  0.1137259870933E+03
  0.9053894606041E+02
  0.3953156719950E+02
  0.3128403484782E+02
  0.3227363253046E+02
  0.1160664888802E+03
  0.1167005696965E+03
  0.1082350399536E+03
  0.1162775456061E+03
  0.1194096845616E+03
  0.1090361557818E+03
  0.1141861072542E+03
  0.1158366498474E+03
  0.1174947251666E+03
  0.8494520632046E+02
  0.1065765200740E+03
  0.1019373432201E+03
  0.9639395794952E+02
  0.9016416910453E+02
  0.8798584179163E+02
  0.8524018681845E+02
  0.8288909106728E+02
  0.9219325869031E+02
  0.8902690072949E+02
  0.8643376285086E+02
  0.8493512418872E+02
  0.8451512320850E+02
  0.8497173854152E+02
  0.8620307552416E+02
  0.8756245464045E+02
  0.8960779946418E+02
  0.9258086122396E+02
  0.9629871076271E+02
  0.1014520499613E+03
  0.1097117548695E+03
  0.1185967291977E+03
  0.1243698936807E+03
  0.9185180473567E+02
  0.4861791661602E+02
  0.3996255666347E+02
  0.5097975257043E+02
  0.1266733143194E+03
  0.1209962571026E+03
  0.1048054196175E+03
  0.1026515935610E+03
  0.1297946078308E+03
  0.1262086360108E+03
  0.1303027369416E+03
  0.1311958119633E+03
  0.1308160016270E+03
  0.1152034209364E+03
  0.1249836308947E+03
  0.1216001729356E+03
  0.1133155148743E+03
  0.1062264564414E+03
  0.1031777941841E+03
  0.9951181917431E+02
  0.9563380758614E+02
  0.1252558987951E+03
  0.1209492623369E+03
  0.1166303763919E+03
  0.1130051386905E+03
  0.1107822117346E+03
  0.1099428574055E+03
  0.1104933681291E+03
  0.1113454536593E+03
  0.1124758519834E+03
  0.1140740865273E+03
  0.1152268392136E+03
  0.1160614181864E+03
  0.1181167487737E+03
  0.1214240263127E+03
  0.1346652773575E+03
  0.1158817897174E+03
  0.5669085061635E+02
  0.5788739455539E+02
  0.8027583558392E+02
  0.1356702188902E+03
  0.1227382580442E+03
  0.1012336805243E+03
  0.8458434755282E+02
  0.1351480380129E+03
  0.1416103169492E+03
  0.1421398709212E+03
  0.1405972421384E+03
  0.1352146344093E+03
  0.1317967411168E+03
  0.1435831593307E+03
  0.1470393968433E+03
  0.1430106709541E+03
  0.1397221046459E+03
  0.1375437706170E+03
  0.1339871919944E+03
  0.1296950481637E+03
  0.1612296519885E+03
  0.1591154557354E+03
  0.1551756050603E+03
  0.1498685253688E+03
  0.1449776144266E+03
  0.1408139218167E+03
  0.1375199273031E+03
  0.1347294444230E+03
  0.1324855044439E+03
  0.1309896477379E+03
  0.1291018394919E+03
  0.1262267200608E+03
  0.1219695139809E+03
  0.1163118655194E+03
  0.1229391363125E+03
  0.1370969979044E+03
  0.8214012574132E+02
  0.8446264395353E+02
  0.1061286546057E+03
  0.1383015068716E+03
  0.1234656751905E+03
  0.8865820438724E+02
  0.9362129467444E+02
  0.1381991628811E+03
  0.1516729229946E+03
  0.1468341603232E+03
  0.1442270752851E+03
  0.1382142914170E+03
  0.1370167471012E+03
  0.1482817208893E+03
  0.1569161064341E+03
  0.1595245861038E+03
  0.1624563311915E+03
  0.1650815995397E+03
  0.1644678257310E+03
  0.1631109379406E+03
  0.1692210976355E+03
  0.1708922345853E+03
  0.1712639481792E+03
  0.1688497778023E+03
  0.1647799144032E+03
  0.1590742883948E+03
  0.1518160681144E+03
  0.1449864975727E+03
  0.1397824289711E+03
  0.1362425973536E+03
  0.1333728500205E+03
  0.1305148744130E+03
  0.1260085325181E+03
  0.1177350719447E+03
  0.1084641212868E+03
  0.1159162717675E+03
  0.1081877516821E+03
  0.1059202765551E+03
  0.1058510863510E+03
  0.1291028671505E+03
  0.1264197630305E+03
  0.6794747775616E+02
  0.1176301103344E+03
  0.1456016399581E+03
  0.1498565378945E+03
  0.1458715432227E+03
  0.1431206742265E+03
  0.1370157064668E+03
  0.1334251805101E+03
  0.1392594780102E+03
  0.1477360286691E+03
  0.1532328525670E+03
  0.1594958663812E+03
  0.1654420855730E+03
  0.1672260307595E+03
  0.1683025486589E+03
  0.1554863728384E+03
  0.1578494860217E+03
  0.1611296414367E+03
  0.1639411472771E+03
  0.1648145682641E+03
  0.1626262313638E+03
  0.1565213057738E+03
  0.1487336163833E+03
  0.1416526118437E+03
  0.1362354114902E+03
  0.1323783448015E+03
  0.1294509006254E+03
  0.1261426834211E+03
  0.1211677286636E+03
  0.1164248894635E+03
  0.1218630934684E+03
  0.1168773349412E+03
  0.1115226136978E+03
  0.1092049656092E+03
  0.1197477144591E+03
  0.1233063029822E+03
  0.6928772304622E+02
  0.1209368673227E+03
  0.1364281913449E+03
  0.1392723076304E+03
  0.1400835827329E+03
  0.1387713922451E+03
  0.1334835247736E+03
  0.1287408207381E+03
  0.1308696489191E+03
  0.1364106052858E+03
  0.1406616642483E+03
  0.1459295302713E+03
  0.1511383752639E+03
  0.1532896398025E+03
  0.1545109674709E+03
  0.1398378731195E+03
  0.1408585414706E+03
  0.1435265836570E+03
  0.1478888248231E+03
  0.1521638946668E+03
  0.1547082275633E+03
  0.1536762714006E+03
  0.1490029440349E+03
  0.1423243572219E+03
  0.1352309222694E+03
  0.1295647127688E+03
  0.1253149803561E+03
  0.1213282813090E+03
  0.1165885182276E+03
  0.1136280496912E+03
  0.1178304281274E+03
  0.1151489671110E+03
  0.1089301659360E+03
  0.1031043678282E+03
  0.1087894495883E+03
  0.1138437534458E+03
  0.9470656761690E+02
  0.1180405104151E+03
  0.1248396331448E+03
  0.1274824054829E+03
  0.1303825191949E+03
  0.1310258242470E+03
  0.1280389226802E+03
  0.1240889677148E+03
  0.1242224676329E+03
  0.1274350268584E+03
  0.1301990963437E+03
  0.1337264296889E+03
  0.1367551189235E+03
  0.1384525399653E+03
  0.1394522764031E+03
  0.1260147824632E+03
  0.1259451004314E+03
  0.1270025299282E+03
  0.1299712854017E+03
  0.1338018963300E+03
  0.1374387175662E+03
  0.1400178053611E+03
  0.1399806926967E+03
  0.1368425577674E+03
  0.1311519947134E+03
  0.1249057942129E+03
  0.1193470424270E+03
  0.1146023300078E+03
  0.1105989012306E+03
  0.1083202630655E+03
  0.1093408803611E+03
  0.1069690489171E+03
  0.1024212637643E+03
  0.9278762043665E+02
  0.9524095769269E+02
  0.9931496819869E+02
  0.1037944911221E+03
  0.1138494258856E+03
  0.1135789262037E+03
  0.1153211510575E+03
  0.1179105613961E+03
  0.1197792252166E+03
  0.1193504993636E+03
  0.1172203448089E+03
  0.1167095479183E+03
  0.1181104734614E+03
  0.1194633980496E+03
  0.1216107719149E+03
  0.1233809830452E+03
  0.1248090639958E+03
  0.1257943304167E+03
  0.1134967128964E+03
  0.1131526953444E+03
  0.1131311928064E+03
  0.1142674373447E+03
  0.1163313703906E+03
  0.1187248784702E+03
  0.1212875228564E+03
  0.1230203953769E+03
  0.1227842976396E+03
  0.1200879568006E+03
  0.1157600648016E+03
  0.1101255161177E+03
  0.1047127830208E+03
  0.1012680985468E+03
  0.1003287288656E+03
  0.1004791322880E+03
  0.9856660555564E+02
  0.9439333512662E+02
  0.8099351079978E+02
  0.7944441285421E+02
  0.8635256255975E+02
  0.9836227294310E+02
  0.1121043301115E+03
  0.1077103635936E+03
  0.1061598106764E+03
  0.1065251853268E+03
  0.1078388859478E+03
  0.1084252350087E+03
  0.1080894786453E+03
  0.1081530308908E+03
  0.1084763786437E+03
  0.1087132754753E+03
  0.1096768322479E+03
  0.1106434496430E+03
  0.1119037520535E+03
  0.1131473905098E+03
  0.1004552778304E+03
  0.1001785078105E+03
  0.9969842088292E+02
  0.9971226221825E+02
  0.1005444942267E+03
  0.1017423873322E+03
  0.1029644627365E+03
  0.1044987499337E+03
  0.1050708075759E+03
  0.1041807932830E+03
  0.1019008444533E+03
  0.9737211710157E+02
  0.9178548230636E+02
  0.8929233675035E+02
  0.9110655357368E+02
  0.9369155346262E+02
  0.9387780553379E+02
  0.8901115028988E+02
  0.6744648778344E+02
  0.5833304298302E+02
  0.7159070105001E+02
  0.1069997473652E+03
  0.1251922756827E+03
  0.1144273739999E+03
  0.1052495251855E+03
  0.1008065478860E+03
  0.9932883714340E+02
  0.9854181890824E+02
  0.9790758011114E+02
  0.9819301791352E+02
  0.9804946206206E+02
  0.9750623088997E+02
  0.9754308769320E+02
  0.9798916499456E+02
  0.9889143611918E+02
  0.9999964884657E+02
  0.9290179438798E+02
  0.9224751077241E+02
  0.9131754137813E+02
  0.9081257796188E+02
  0.9073157052896E+02
  0.9096393941720E+02
  0.9106019949858E+02
  0.9149266060980E+02
  0.9180420952243E+02
  0.9182600764027E+02
  0.9225775709497E+02
  0.9182968965732E+02
  0.8957298245189E+02
  0.8826630605989E+02
  0.9073609630630E+02
  0.9570497681562E+02
  0.9796200120297E+02
  0.9246216292165E+02
  0.3848558302111E+02
  0.2799771189588E+02
  0.4563089240496E+02
  0.1100556699753E+03
  0.1403207569814E+03
  0.1343998609523E+03
  0.1214324707315E+03
  0.1129240627601E+03
  0.1077377844933E+03
  0.1038633289831E+03
  0.1005200466899E+03
  0.9820012860721E+02
  0.9624453502114E+02
  0.9418703883840E+02
  0.9289847495211E+02
  0.9239685511238E+02
  0.9255058920785E+02
  0.9295097032012E+02
  0.9248893706788E+02
  0.9203061482704E+02
  0.9134338499785E+02
  0.9061562029158E+02
  0.9001916780734E+02
  0.8971091493183E+02
  0.8953688347015E+02
  0.8957276464670E+02
  0.9006888273598E+02
  0.9033664414394E+02
  0.9050474747292E+02
  0.9018570510549E+02
  0.8844411813797E+02
  0.8691137581276E+02
  0.8848099287600E+02
  0.9482910941661E+02
  0.1014285860969E+03
  0.9779281037547E+02
  0.3740581272423E+02
  0.2282819656253E+02
  0.3370102807755E+02
  0.1091885110204E+03
  0.1390863405798E+03
  0.1417336239046E+03
  0.1335492451688E+03
  0.1265754890418E+03
  0.1200319850519E+03
  0.1134149834245E+03
  0.1074514441116E+03
  0.1030438863790E+03
  0.9986903670935E+02
  0.9689432884716E+02
  0.9447420545709E+02
  0.9296052326130E+02
  0.9232091046374E+02
  0.9239470104039E+02
  0.9215496290170E+02
  0.9106635356705E+02
  0.8991039353033E+02
  0.8968765572811E+02
  0.8912904721359E+02
  0.8869744388134E+02
  0.8849091705201E+02
  0.8851277135932E+02
  0.8874484955571E+02
  0.8898353475752E+02
  0.8919006038094E+02
  0.8902510989151E+02
  0.8812164215863E+02
  0.8727036683307E+02
  0.8822132782742E+02
  0.9370423459679E+02
  0.1030491794519E+03
  0.1080955050586E+03
  0.4684782027966E+02
  0.3386261125767E+02
  0.4091594114799E+02
  0.9168923508553E+02
  0.1134569234769E+03
  0.1226076070336E+03
  0.1229204236032E+03
  0.1227302603358E+03
  0.1213182435886E+03
  0.1177191680947E+03
  0.1134203837185E+03
  0.1089116157375E+03
  0.1046708636318E+03
  0.1010031743915E+03
  0.9791351454850E+02
  0.9555645866302E+02
  0.9389838061070E+02
  0.9292500396564E+02
  0.9133503771657E+02
  0.9006126940228E+02
  0.8882885813781E+02
  0.8778378525570E+02
  0.8669441785145E+02
  0.8603737945993E+02
  0.8580554967177E+02
  0.8602460174299E+02
  0.8634055277238E+02
  0.8672156668413E+02
  0.8716116806096E+02
  0.8742756041417E+02
  0.8754238513735E+02
  0.8737577213703E+02
  0.8811890658231E+02
  0.9168490068956E+02
  0.9956444823162E+02
  0.1114862126219E+03
  0.7921680709742E+02
  0.7131332781416E+02
  0.6424223334347E+02
  0.7361199873271E+02
  0.7924429759531E+02
  0.8678943996450E+02
  0.9246014618966E+02
  0.9742791132325E+02
  0.1023639509632E+03
  0.1052392848916E+03
  0.1057487841149E+03
  0.1048073943556E+03
  0.1025033419534E+03
  0.9986910033736E+02
  0.9725737415583E+02
  0.9519572641268E+02
  0.9335764442971E+02
  0.9225296173946E+02
  0.8381145985306E+02
  0.8296064410036E+02
  0.8232422983486E+02
  0.8169208796962E+02
  0.8094258021187E+02
  0.8040302206196E+02
  0.8023984324892E+02
  0.8045459510588E+02
  0.8077053810083E+02
  0.8068590562744E+02
  0.8107965157436E+02
  0.8151828919954E+02
  0.8197390807720E+02
  0.8240293997337E+02
  0.8301553197241E+02
  0.8501111422218E+02
  0.8958071147101E+02
  0.9579620079152E+02
  0.8446650711586E+02
  0.7548462291224E+02
  0.6685005946031E+02
  0.6380201162884E+02
  0.6302278764576E+02
  0.6564221200582E+02
  0.6879862383086E+02
  0.7239951655429E+02
  0.7720124884040E+02
  0.8200890706086E+02
  0.8523937034414E+02
  0.8680378790336E+02
  0.8679974290225E+02
  0.8587093417959E+02
  0.8479432821989E+02
  0.8443860902516E+02
  0.8424888888211E+02
  0.8404140274575E+02
  0.6575206081340E+02
  0.6621369278417E+02
  0.6631791490256E+02
  0.6619364541383E+02
  0.6581800001359E+02
  0.6538003480477E+02
  0.6509381899723E+02
  0.6494024823715E+02
  0.6479002720982E+02
  0.6472456620560E+02
  0.6498541966399E+02
  0.6527669652941E+02
  0.6558925872516E+02
  0.6591012528563E+02
  0.6636697881689E+02
  0.6750771107510E+02
  0.7058205485231E+02
  0.7407492823600E+02
  0.6985361809885E+02
  0.6359373473577E+02
  0.5827091013856E+02
  0.5469186720821E+02
  0.5235013142820E+02
  0.5142416244755E+02
  0.5129610957804E+02
  0.5193723524202E+02
  0.5391346860997E+02
  0.5699606796245E+02
  0.6016667261388E+02
  0.6243747079599E+02
  0.6363578823728E+02
  0.6419370169215E+02
  0.6446245362788E+02
  0.6489621364287E+02
  0.6537876487909E+02
  0.6557926572667E+02
  0.4174490395012E+02
  0.4215134905168E+02
  0.4227749115917E+02
  0.4214497267671E+02
  0.4178260016664E+02
  0.4129199897085E+02
  0.4082814693632E+02
  0.4052525820674E+02
  0.4037768004688E+02
  0.4039309198859E+02
  0.4036869945605E+02
  0.4030862080684E+02
  0.4034956800294E+02
  0.4065356332511E+02
  0.4129496399560E+02
  0.4250310881282E+02
  0.4442430971947E+02
  0.4639355900196E+02
  0.4665425487748E+02
  0.4505628386965E+02
  0.4244188678207E+02
  0.3949971954879E+02
  0.3681619955243E+02
  0.3481940759800E+02
  0.3376449341657E+02
  0.3379382036411E+02
  0.3478444447985E+02
  0.3636038713746E+02
  0.3808327323840E+02
  0.3947238831951E+02
  0.4023702958029E+02
  0.4050314332652E+02
  0.4057221144326E+02
  0.4071903638170E+02
  0.4096685337625E+02
  0.4129639576566E+02
  0.2009121340839E+02
  0.2047225731062E+02
  0.2108124201413E+02
  0.2203901496391E+02
  0.2349614084354E+02
  0.2459001069226E+02
  0.2551360078537E+02
  0.2637080310376E+02
  0.2715173183139E+02
  0.2862977668220E+02
  0.2954199981231E+02
  0.3008667423361E+02
  0.3039824851778E+02
  0.3056422877088E+02
  0.3061032259507E+02
  0.3050122901892E+02
  0.3012096707469E+02
  0.2924306781790E+02
  0.2753984983660E+02
  0.2470070883817E+02
  0.2237572620890E+02
  0.2060725114095E+02
  0.1939099810733E+02
  0.1866800349668E+02
  0.1836888466439E+02
  0.1840586058394E+02
  0.1866305264303E+02
  0.1901663408803E+02
  0.1933468329182E+02
  0.1953966075608E+02
  0.1962164098071E+02
  0.1962626522883E+02
  0.1961312810036E+02
  0.1963073546151E+02
  0.1970454494230E+02
  0.1985203781243E+02
  0.0000000000000E+00
 -0.1564011280490E+01
 -0.8440020756027E+00
 -0.3630482187996E+00
 -0.3004685092689E+00
  0.0000000000000E+00
 -0.5516221631183E-01
 -0.1556203743259E+00
 -0.8586136438317E+00
 -0.1746734755265E+01
 -0.2899399845536E+01
 -0.3465846521284E+01
  0.0000000000000E+00
  0.0000000000000E+00
  0.0000000000000E+00
  0.0000000000000E+00
  0.0000000000000E+00
  0.0000000000000E+00
  0.0000000000000E+00
  0.0000000000000E+00
  0.0000000000000E+00
  0.0000000000000E+00
  0.0000000000000E+00
  0.0000000000000E+00
  0.0000000000000E+00
  0.0000000000000E+00
  0.0000000000000E+00
  0.0000000000000E+00
  0.0000000000000E+00
  0.0000000000000E+00
  0.0000000000000E+00
 -0.2621781104031E+01
 -0.3479588222316E+01
 -0.3321752874299E+01
 -0.2867472061911E+01
 -0.2503983227330E+01
 -0.4048399725062E+01
  0.0000000000000E+00
  0.0000000000000E+00
  0.0000000000000E+00
 -0.2985260690758E+01
 -0.1301642709019E+01
 -0.1129145298870E+01
 -0.1318225981415E+01
 -0.2046876806562E+01
  0.0000000000000E+00
 -0.6913072704470E+01
 -0.7688643019500E+01
 -0.8297763700769E+01
 -0.7662466655792E+01
 -0.4247075992700E+01
  0.0000000000000E+00
  0.0000000000000E+00
  0.0000000000000E+00
  0.0000000000000E+00
  0.0000000000000E+00
  0.0000000000000E+00
  0.0000000000000E+00
  0.0000000000000E+00
  0.0000000000000E+00
  0.0000000000000E+00
  0.0000000000000E+00
  0.0000000000000E+00
  0.0000000000000E+00
  0.0000000000000E+00
  0.0000000000000E+00
  0.0000000000000E+00
  0.0000000000000E+00
 -0.7918287604718E+01
 -0.7749199171219E+01
 -0.5689829070888E+01
 -0.4250975499405E+01
 -0.5202170416141E+01
 -0.4831760830177E+01
 -0.4992216095574E+01
 -0.8330980658307E+01
 -0.1159045181211E+02
 -0.8027622677491E+01
 -0.6769099229065E+01
 -0.4156950519634E+01
 -0.3275873931911E+01
 -0.4725980114028E+01
  0.0000000000000E+00
 -0.1307194599207E+02
 -0.2548867119651E+02
 -0.2485124624833E+02
 -0.1483276836448E+02
  0.0000000000000E+00
  0.0000000000000E+00
  0.0000000000000E+00
  0.0000000000000E+00
  0.0000000000000E+00
  0.0000000000000E+00
  0.0000000000000E+00
  0.0000000000000E+00
  0.0000000000000E+00
  0.0000000000000E+00
  0.0000000000000E+00
  0.0000000000000E+00
  0.0000000000000E+00
  0.0000000000000E+00
  0.0000000000000E+00
  0.0000000000000E+00
  0.0000000000000E+00
 -0.1549241318186E+02
 -0.1699794387097E+02
 -0.9163299149695E+01
 -0.4635226305531E+01
  0.4261781541588E+01
  0.3465024748722E+01
  0.2343052790298E+01
  0.1008195134801E+01
 -0.4082267668843E+01
 -0.4582306085089E+01
 -0.2386255550357E+01
 -0.4383399972216E+00
  0.1195571163042E+00
 -0.2030185387102E+01
 -0.1278166767208E+02
 -0.2056414717197E+02
  0.0000000000000E+00
  0.0000000000000E+00
  0.0000000000000E+00
  0.0000000000000E+00
  0.0000000000000E+00
  0.0000000000000E+00
  0.0000000000000E+00
  0.0000000000000E+00
  0.0000000000000E+00
  0.0000000000000E+00
  0.0000000000000E+00
  0.0000000000000E+00
  0.0000000000000E+00
  0.0000000000000E+00
  0.0000000000000E+00
  0.0000000000000E+00
  0.0000000000000E+00
  0.0000000000000E+00
  0.0000000000000E+00
  0.0000000000000E+00
 -0.8398931320736E+01
 -0.6323982561545E+01
  0.8790474179895E+00
  0.3593303868145E+01
  0.1055426215827E+02
  0.1017863342244E+02
  0.8948245573957E+01
  0.8286646832672E+01
  0.6565769763724E+01
  0.5159043418658E+01
  0.4565003764341E+01
  0.4261020095396E+01
  0.3161913828114E+01
  0.1292208771965E+01
 -0.5017557434686E+01
 -0.1679447268837E+02
  0.0000000000000E+00
  0.0000000000000E+00
  0.0000000000000E+00
  0.0000000000000E+00
  0.0000000000000E+00
  0.0000000000000E+00
  0.0000000000000E+00
  0.0000000000000E+00
  0.0000000000000E+00
 -0.2109194311912E+02
 -0.3077976637676E+02
  0.0000000000000E+00
  0.0000000000000E+00
  0.0000000000000E+00
  0.0000000000000E+00
  0.0000000000000E+00
  0.0000000000000E+00
  0.0000000000000E+00
  0.0000000000000E+00
  0.0000000000000E+00
 -0.1594407258568E+01
  0.2034109341599E+01
  0.6245707230001E+01
  0.8969140885918E+01
  0.1580934166538E+02
  0.1530749976236E+02
  0.1430987182142E+02
  0.1408520511020E+02
  0.1380246726882E+02
  0.1313043439419E+02
  0.1223030462425E+02
  0.1109076408795E+02
  0.9376707491615E+01
  0.7581712065503E+01
  0.4154734928114E+01
 -0.4701390885362E+01
 -0.1151578468176E+02
  0.0000000000000E+00
  0.0000000000000E+00
  0.0000000000000E+00
  0.0000000000000E+00
  0.0000000000000E+00
  0.0000000000000E+00
  0.0000000000000E+00
 -0.1742867422589E+02
 -0.2838857824021E+02
 -0.3135259947863E+02
  0.0000000000000E+00
  0.0000000000000E+00
  0.0000000000000E+00
  0.0000000000000E+00
 -0.1934690276094E+02
 -0.3005726635016E+02
  0.0000000000000E+00
  0.0000000000000E+00
  0.0000000000000E+00
  0.2339163729414E+01
  0.6485767284496E+01
  0.1145694297292E+02
  0.1447486763537E+02
  0.1955944370821E+02
  0.1795079346938E+02
  0.1680490712713E+02
  0.1689057478443E+02
  0.1752234740630E+02
  0.1777026971696E+02
  0.1758542515454E+02
  0.1686912947267E+02
  0.1568302001919E+02
  0.1474624788280E+02
  0.1287910924244E+02
  0.7598012903223E+01
 -0.2139294667096E+01
  0.0000000000000E+00
  0.0000000000000E+00
  0.0000000000000E+00
  0.0000000000000E+00
  0.0000000000000E+00
  0.0000000000000E+00
 -0.1347352491644E+02
 -0.1435973855150E+02
 -0.1384168802760E+02
 -0.1815157064923E+02
  0.0000000000000E+00
  0.0000000000000E+00
  0.0000000000000E+00
 -0.1283770959092E+02
 -0.1998858110898E+02
 -0.2093709406197E+02
  0.0000000000000E+00
  0.0000000000000E+00
  0.0000000000000E+00
  0.3551724881252E+01
  0.1152614362699E+02
  0.1735367344422E+02
  0.1997793490104E+02
  0.1979083575746E+02
  0.1780906986431E+02
  0.1807215997311E+02
  0.1896988437398E+02
  0.1919156278418E+02
  0.1875047351935E+02
  0.1769356906171E+02
  0.1600144112001E+02
  0.1405499073278E+02
  0.1474042893191E+02
  0.1734657884151E+02
  0.1526113208786E+02
  0.6203863567299E+01
 -0.8574742384103E+00
 -0.7249581366914E+01
  0.0000000000000E+00
  0.0000000000000E+00
 -0.1680642459256E+01
 -0.5963515590137E+01
 -0.7473353073459E+01
 -0.7184361955421E-01
  0.2232820960769E+01
 -0.8478886312528E+00
 -0.4153377737484E+01
 -0.6777876841987E+01
 -0.7574488983855E+01
 -0.5478724615746E+01
 -0.4237501229311E+01
 -0.3247014358847E+01
  0.0000000000000E+00
  0.0000000000000E+00
  0.0000000000000E+00
  0.8835481351928E+01
  0.1796800981258E+02
  0.2081565494764E+02
  0.2202690168862E+02
  0.2083164317624E+02
  0.2141386243644E+02
  0.2240877498791E+02
  0.2306816812431E+02
  0.2348429666405E+02
  0.2368034422142E+02
  0.2361745030907E+02
  0.2349043496185E+02
  0.2315809491023E+02
  0.2212012542845E+02
  0.2003583955913E+02
  0.1504713037209E+02
  0.1245135424887E+02
  0.7747015278807E+01
  0.8477986661849E+00
  0.0000000000000E+00
  0.0000000000000E+00
  0.3074012393709E+01
  0.3037998681584E+01
  0.3015319516307E+01
  0.1053613120710E+02
  0.1103137894687E+02
  0.8005558746127E+01
  0.6913769742552E+01
  0.5760331599207E+01
  0.6175167171411E+01
  0.7210724093021E+01
  0.7490869114156E+01
  0.5358673613216E+01
  0.0000000000000E+00
  0.0000000000000E+00
  0.0000000000000E+00
  0.1076102984276E+02
  0.1421016456957E+02
  0.1756142139212E+02
  0.2079264119823E+02
  0.2127083365832E+02
  0.2215581037807E+02
  0.2295292861770E+02
  0.2356132591569E+02
  0.2397727660440E+02
  0.2428314233291E+02
  0.2442353321897E+02
  0.2440433951973E+02
  0.2422281221780E+02
  0.2390845529475E+02
  0.2334138328247E+02
  0.2266407514161E+02
  0.1683110464027E+02
  0.1203670306216E+02
  0.6789696887679E+01
 -0.8084553251809E+00
  0.0000000000000E+00
  0.1877842273695E+01
  0.6512509752074E+01
  0.0000000000000E+00
  0.1250897633603E+02
  0.1330553062858E+02
  0.1335933317389E+02
  0.9232986295898E+01
  0.7807431842983E+01
  0.8092755299290E+01
  0.8948713660602E+01
  0.8955223368790E+01
  0.6484465137446E+01
  0.0000000000000E+00
  0.0000000000000E+00
  0.0000000000000E+00
  0.1229884394577E+02
  0.1637692304943E+02
  0.1947263189775E+02
  0.2061551789843E+02
  0.2191308449110E+02
  0.2288611054322E+02
  0.2359701526873E+02
  0.2425537755125E+02
  0.2490804351787E+02
  0.2548206797975E+02
  0.2589416327311E+02
  0.2601899473864E+02
  0.2572654428745E+02
  0.2499643959200E+02
  0.2390291801756E+02
  0.2207593310666E+02
  0.1790956460530E+02
  0.0000000000000E+00
  0.1105441524952E+02
  0.1743825122214E+01
  0.0000000000000E+00
  0.0000000000000E+00
  0.8994516313708E+01
  0.1107394107367E+02
  0.1415045793585E+02
  0.1473242936924E+02
  0.1345219691262E+02
  0.1034481182158E+02
  0.6642477489816E+01
  0.9685416098104E+01
  0.8698537378063E+01
  0.9090334852248E+01
  0.5466901533271E+01
  0.2272430609093E+01
  0.0000000000000E+00
  0.0000000000000E+00
  0.1394261895286E+02
  0.1725759113975E+02
  0.1990722592337E+02
  0.2101472043496E+02
  0.2265641078985E+02
  0.2351046586539E+02
  0.2427251266420E+02
  0.2513758882829E+02
  0.2604019851108E+02
  0.2678153492949E+02
  0.2715854869932E+02
  0.2706599455863E+02
  0.2656929748974E+02
  0.2574538284006E+02
  0.2448781615851E+02
  0.2261023194110E+02
  0.1946405710225E+02
  0.1774153477767E+02
  0.1373673143942E+02
  0.6438331024760E+01
  0.0000000000000E+00
  0.0000000000000E+00
  0.1007622038958E+02
  0.1248050786027E+02
  0.1530627398398E+02
  0.1648628187274E+02
  0.1603611161148E+02
  0.1327980825905E+02
  0.0000000000000E+00
  0.9371570699350E+01
  0.6968426704143E+01
  0.1011697634176E+02
  0.7586066406525E+01
  0.4372903207572E+01
  0.0000000000000E+00
  0.0000000000000E+00
  0.1503543720132E+02
  0.1771224032300E+02
  0.2022608377901E+02
  0.2163563009113E+02
  0.2307371803611E+02
  0.2384277114014E+02
  0.2457187450506E+02
  0.2526445681562E+02
  0.2583972796433E+02
  0.2620281703368E+02
  0.2627563837363E+02
  0.2639103127421E+02
  0.2636626819489E+02
  0.2592777911148E+02
  0.2503390290694E+02
  0.2354312788538E+02
  0.2131780518538E+02
  0.1990014923712E+02
  0.1588232393693E+02
  0.9145985949866E+01
  0.0000000000000E+00
  0.0000000000000E+00
  0.8533428486657E+01
  0.1537908816059E+02
  0.1687697310739E+02
  0.1819051749030E+02
  0.1833474724985E+02
  0.1605659652839E+02
  0.0000000000000E+00
  0.0000000000000E+00
  0.0000000000000E+00
  0.8791698301909E+01
  0.9320170033758E+01
  0.8089587584147E+01
  0.0000000000000E+00
  0.0000000000000E+00
  0.1547890553556E+02
  0.1829729783852E+02
  0.2051105501325E+02
  0.2199320507158E+02
  0.2255958008796E+02
  0.2304551006098E+02
  0.2325595087406E+02
  0.2297219423212E+02
  0.2255374092623E+02
  0.2209314084017E+02
  0.2273740690285E+02
  0.2442392795163E+02
  0.2537044303302E+02
  0.2565298366336E+02
  0.2543293249624E+02
  0.2464417153796E+02
  0.2290208683798E+02
  0.2154058678156E+02
  0.1775506072321E+02
  0.1189558383818E+02
  0.0000000000000E+00
  0.0000000000000E+00
  0.0000000000000E+00
  0.1486199356063E+02
  0.1813050260665E+02
  0.1937412786008E+02
  0.1954048599320E+02
  0.2025715692788E+02
  0.1772992273650E+02
  0.0000000000000E+00
  0.0000000000000E+00
  0.0000000000000E+00
  0.1065377286649E+02
  0.1105904325842E+02
  0.0000000000000E+00
  0.0000000000000E+00
  0.1504594404411E+02
  0.1871760784487E+02
  0.2071573675043E+02
  0.2164051144644E+02
  0.1916823699349E+02
  0.1906662253894E+02
  0.1852127942930E+02
  0.1745037779298E+02
  0.1665227841667E+02
  0.1794464315798E+02
  0.2055895452910E+02
  0.2262788544393E+02
  0.2358452847887E+02
  0.2400792566970E+02
  0.2439132496136E+02
  0.2425887451548E+02
  0.2270540411460E+02
  0.2243514515772E+02
  0.1966887709517E+02
  0.1578670866535E+02
  0.0000000000000E+00
  0.0000000000000E+00
  0.0000000000000E+00
  0.1683687070543E+02
  0.1875675986821E+02
  0.1920045282191E+02
  0.2087109092605E+02
  0.2084004370342E+02
  0.1912843282112E+02
  0.1641589086661E+02
  0.0000000000000E+00
  0.0000000000000E+00
  0.1257612189755E+02
  0.1418958222103E+02
  0.0000000000000E+00
  0.1379616425660E+02
  0.1670991551438E+02
  0.1778250135638E+02
  0.1841240801152E+02
  0.1879314725620E+02
  0.1619687924143E+02
  0.1656162553642E+02
  0.1766644847095E+02
  0.1994033666739E+02
  0.2216246245435E+02
  0.2323545361235E+02
  0.2326011473043E+02
  0.2260266187548E+02
  0.2150877941315E+02
  0.2024163674460E+02
  0.1936026694336E+02
  0.2050857413754E+02
  0.2154946393294E+02
  0.2251368380921E+02
  0.2119253136640E+02
  0.1866300400778E+02
  0.0000000000000E+00
  0.0000000000000E+00
  0.0000000000000E+00
  0.1794497884151E+02
  0.2090222727491E+02
  0.2179434140922E+02
  0.2189284804848E+02
  0.2196978646373E+02
  0.1856994984285E+02
  0.1440121352809E+02
  0.1614465905575E+02
  0.0000000000000E+00
  0.1398743036953E+02
  0.1719632630572E+02
  0.1600156595769E+02
  0.1667843328134E+02
  0.1641811121632E+02
  0.1566238752753E+02
  0.1529305760247E+02
  0.1587793168277E+02
  0.2347336083869E+02
  0.2468543549095E+02
  0.2549509807185E+02
  0.2592281638319E+02
  0.2601921884953E+02
  0.2583590141464E+02
  0.2536504292827E+02
  0.2419141582486E+02
  0.2190340380999E+02
  0.1997328230167E+02
  0.1893280580653E+02
  0.1897798147939E+02
  0.2080946897179E+02
  0.2006814552821E+02
  0.2341929443057E+02
  0.1917243803139E+02
  0.0000000000000E+00
  0.0000000000000E+00
  0.0000000000000E+00
  0.1977596444690E+02
  0.2252386916432E+02
  0.2367191374408E+02
  0.2247990645285E+02
  0.2262233565950E+02
  0.2036929331593E+02
  0.2022499775281E+02
  0.1995525002754E+02
  0.0000000000000E+00
  0.0000000000000E+00
  0.1650555816963E+02
  0.1914761553462E+02
  0.1812662195051E+02
  0.1856253986129E+02
  0.1885310528690E+02
  0.2066974861639E+02
  0.2225323482987E+02
  0.2615323845011E+02
  0.2659196879546E+02
  0.2675655835414E+02
  0.2672019095133E+02
  0.2656844641607E+02
  0.2631543653609E+02
  0.2601334466580E+02
  0.2583903254418E+02
  0.2582979383405E+02
  0.2585010216553E+02
  0.2558746489949E+02
  0.2508398254434E+02
  0.2420858603725E+02
  0.1047521026851E+02
  0.2668747176097E+02
  0.2439482617823E+02
  0.0000000000000E+00
  0.0000000000000E+00
  0.0000000000000E+00
  0.1745262540677E+02
  0.2230477620027E+02
  0.2120274389473E+02
  0.1915388750933E+02
  0.2057780533973E+02
  0.2105364665078E+02
  0.2086921492360E+02
  0.1824393130256E+02
  0.1348182913473E+02
  0.0000000000000E+00
  0.1787353836321E+02
  0.2106785034432E+02
  0.2053096343523E+02
  0.2173462063500E+02
  0.2307377348087E+02
  0.2449350656458E+02
  0.2547652799416E+02
  0.2603099886983E+02
  0.2569726278541E+02
  0.2523613156058E+02
  0.2488850103344E+02
  0.2452635762975E+02
  0.2396042860545E+02
  0.2327441443085E+02
  0.2291516135226E+02
  0.2317674556950E+02
  0.2382480758795E+02
  0.2442809140404E+02
  0.2495430119118E+02
  0.2571960326713E+02
  0.2287096116761E+02
  0.2389927244700E+02
  0.2571650096485E+02
  0.0000000000000E+00
  0.0000000000000E+00
  0.0000000000000E+00
  0.2365939314312E+02
  0.2525119753292E+02
  0.1791983607342E+02
  0.2286756711580E+02
  0.1441194554512E+02
  0.1084390829430E+02
  0.1408345239560E+02
  0.1663979997156E+02
  0.2150581173797E+02
  0.0000000000000E+00
  0.1564974355775E+02
  0.2063438145810E+02
  0.2067283239951E+02
  0.2198998345422E+02
  0.2391067174819E+02
  0.2534270646016E+02
  0.2595982293740E+02
  0.2047930242173E+02
  0.2016419365879E+02
  0.1987478733317E+02
  0.1949319270971E+02
  0.1894741041161E+02
  0.1812194757107E+02
  0.1713845535018E+02
  0.1648266187783E+02
  0.1638725671620E+02
  0.1687163746549E+02
  0.1776631321583E+02
  0.1919299066039E+02
  0.2229651575930E+02
  0.2747066624089E+02
  0.1942490747398E+02
  0.1982412780493E+02
  0.0000000000000E+00
  0.0000000000000E+00
  0.0000000000000E+00
  0.2609661853511E+02
  0.2715235308271E+02
  0.2678686844239E+02
  0.2615091982986E+02
  0.2488823847294E+02
  0.2253679891987E+02
  0.2355493410946E+02
  0.2426667883330E+02
  0.2341726904358E+02
  0.1870640940920E+02
  0.2149994587856E+02
  0.1978776613727E+02
  0.1842887211834E+02
  0.1871242841414E+02
  0.2057148449101E+02
  0.2130200773556E+02
  0.2090898067365E+02
  0.2487052932629E+02
  0.2471864552845E+02
  0.2465134759129E+02
  0.2457639342447E+02
  0.2453352194657E+02
  0.2439652019472E+02
  0.2409083345191E+02
  0.2379139396248E+02
  0.2347770075078E+02
  0.2304642999106E+02
  0.2234988551194E+02
  0.2168627061475E+02
  0.2369591047740E+02
  0.2641468852492E+02
  0.2829718451496E+02
  0.1995037697518E+02
  0.0000000000000E+00
  0.0000000000000E+00
  0.0000000000000E+00
  0.2693511180385E+02
  0.2544200427529E+02
  0.2772828055349E+02
  0.0000000000000E+00
  0.2516739327277E+02
  0.2615330735595E+02
  0.2650500862770E+02
  0.2497483770185E+02
  0.2291395030817E+02
  0.2178641552105E+02
  0.2450583354629E+02
  0.2397387323751E+02
  0.2240788015250E+02
  0.2282093201462E+02
  0.2422980566606E+02
  0.2487690810313E+02
  0.2500819490465E+02
  0.2930680229549E+02
  0.2929067291660E+02
  0.2908756843400E+02
  0.2877664172620E+02
  0.2838831777502E+02
  0.2809438946686E+02
  0.2802662571764E+02
  0.2826881575802E+02
  0.2865393079323E+02
  0.2903650040625E+02
  0.2933129747135E+02
  0.2924609290902E+02
  0.2793959109565E+02
  0.2155040894131E+02
  0.2314195438681E+02
  0.2757833396134E+02
  0.1313343309161E+02
  0.1501120629068E+02
  0.2227110851308E+02
  0.2970448686220E+02
  0.2632320833762E+02
  0.2660457724657E+02
  0.0000000000000E+00
  0.2529750939847E+02
  0.2399642602607E+02
  0.2457401950615E+02
  0.2475507660632E+02
  0.2206150112002E+02
  0.2145911622612E+02
  0.2438697570294E+02
  0.2512921081405E+02
  0.2540775430172E+02
  0.2570392200314E+02
  0.2740755153093E+02
  0.2847769125055E+02
  0.2908037339330E+02
  0.2866893483259E+02
  0.2986574833585E+02
  0.3121504728369E+02
  0.3224631193061E+02
  0.3257131280588E+02
  0.3241837652058E+02
  0.3199418973234E+02
  0.3183535434684E+02
  0.3203685211149E+02
  0.3237784744783E+02
  0.3267420705445E+02
  0.3261278970140E+02
  0.3128124577139E+02
  0.2723442843961E+02
  0.1924283848037E+02
  0.1292423498740E+02
  0.2133487977482E+02
  0.2543418058497E+02
  0.2818800517049E+02
  0.3074338908520E+02
  0.3042007927244E+02
  0.0000000000000E+00
  0.2709215493146E+02
  0.2589129930623E+02
  0.2417807846257E+02
  0.2480572783782E+02
  0.2467270792964E+02
  0.2352342646875E+02
  0.2116940527746E+02
  0.2013341994101E+02
  0.2050801171917E+02
  0.2225680265991E+02
  0.2361196441524E+02
  0.2485998009384E+02
  0.2627192481375E+02
  0.2761459720817E+02
  0.2748132505847E+02
  0.2812750757853E+02
  0.2921395948334E+02
  0.3085422518414E+02
  0.3275759409469E+02
  0.3431385987753E+02
  0.3509827792970E+02
  0.3501475166473E+02
  0.3473348474326E+02
  0.3473266194645E+02
  0.3485593402430E+02
  0.3474885377783E+02
  0.3410708972766E+02
  0.3251266315870E+02
  0.3004146500950E+02
  0.2954372589328E+02
  0.3188660808027E+02
  0.3131948324131E+02
  0.3122580443410E+02
  0.3160065964823E+02
  0.3074630325108E+02
  0.0000000000000E+00
  0.2536130782292E+02
  0.2769355863715E+02
  0.2658552014482E+02
  0.2706025347242E+02
  0.2668504056871E+02
  0.2585855203771E+02
  0.2421864810197E+02
  0.2382553559260E+02
  0.2360352443440E+02
  0.2389009479437E+02
  0.2478463926880E+02
  0.2596681057550E+02
  0.2627052427730E+02
  0.2696760408817E+02
  0.3112504575430E+02
  0.3143770305582E+02
  0.3170639946678E+02
  0.3209665129423E+02
  0.3306308581689E+02
  0.3448931374986E+02
  0.3593971655753E+02
  0.3682392345746E+02
  0.3702189134616E+02
  0.3681373998089E+02
  0.3668501900243E+02
  0.3662518501589E+02
  0.3648803023052E+02
  0.3638185888325E+02
  0.3630221253133E+02
  0.3570996377794E+02
  0.3500673935111E+02
  0.3410679325202E+02
  0.3494614613951E+02
  0.3598517618899E+02
  0.3464412944351E+02
  0.2382674092426E+02
  0.3351469548779E+02
  0.3116476008232E+02
  0.3037082796970E+02
  0.2974851833467E+02
  0.2924585373030E+02
  0.2887179844034E+02
  0.2872436655764E+02
  0.2883690949443E+02
  0.2900440300127E+02
  0.2940675478095E+02
  0.2995582998094E+02
  0.3028723656220E+02
  0.3043985228331E+02
  0.3080634864966E+02
  0.3415543477919E+02
  0.3437111513728E+02
  0.3466064309714E+02
  0.3508536841237E+02
  0.3567348937570E+02
  0.3636394062935E+02
  0.3707065594199E+02
  0.3782827040743E+02
  0.3845554859040E+02
  0.3860485439641E+02
  0.3846615596315E+02
  0.3838531428033E+02
  0.3841144374832E+02
  0.3832956690065E+02
  0.3792353917225E+02
  0.3744567407595E+02
  0.3688902657477E+02
  0.3696411722735E+02
  0.3795653531963E+02
  0.3862350786065E+02
  0.3911057557179E+02
  0.3381456789439E+02
  0.3409553800013E+02
  0.3282527481602E+02
  0.3204995995145E+02
  0.3155251186824E+02
  0.3143453527334E+02
  0.3137615795725E+02
  0.3149733764890E+02
  0.3170260051581E+02
  0.3200647192761E+02
  0.3246404790056E+02
  0.3297769230927E+02
  0.3333003315173E+02
  0.3366077034976E+02
  0.3394721734991E+02
  0.3622296500512E+02
  0.3638354495269E+02
  0.3661102693926E+02
  0.3698977001217E+02
  0.3742142960472E+02
  0.3787598791421E+02
  0.3836788470331E+02
  0.3891893053648E+02
  0.3941264911088E+02
  0.3964572680165E+02
  0.3961861256337E+02
  0.3950714798640E+02
  0.3950618799800E+02
  0.3925725081940E+02
  0.3850216459041E+02
  0.3773916988667E+02
  0.3757699003606E+02
  0.3876392066021E+02
  0.3993866506702E+02
  0.4093438895853E+02
  0.4110620966099E+02
  0.2106412812864E+02
  0.2792074463868E+02
  0.3096791448148E+02
  0.3198140580724E+02
  0.3227780025904E+02
  0.3259479136823E+02
  0.3285188805212E+02
  0.3322951224051E+02
  0.3358678096852E+02
  0.3395508442675E+02
  0.3442384828873E+02
  0.3493104117242E+02
  0.3535073249481E+02
  0.3574755651102E+02
  0.3603075069944E+02
  0.3570724491944E+02
  0.3596313928739E+02
  0.3629769391835E+02
  0.3680764424195E+02
  0.3727261710341E+02
  0.3766465771340E+02
  0.3799111263478E+02
  0.3821265573918E+02
  0.3824206392596E+02
  0.3788665217918E+02
  0.3665251540400E+02
  0.3423229648624E+02
  0.3131817756982E+02
  0.3129856111406E+02
  0.3376575435257E+02
  0.3515936343283E+02
  0.3738932285866E+02
  0.4006135664047E+02
  0.4354911695733E+02
  0.4546864021416E+02
  0.4538014219684E+02
  0.5238602762884E+02
  0.4671462104339E+02
  0.3783148618773E+02
  0.3306389831783E+02
  0.3219323009959E+02
  0.3166407072747E+02
  0.3110318109263E+02
  0.3117329420926E+02
  0.3194490137834E+02
  0.3284035602652E+02
  0.3369339416209E+02
  0.3438741060994E+02
  0.3496837763315E+02
  0.3537406638034E+02
  0.3555263794514E+02
  0.3532796166738E+02
  0.3474396411222E+02
  0.3427994517269E+02
  0.3476738896743E+02
  0.3512815777436E+02
  0.3525667341625E+02
  0.3524235283941E+02
  0.3494982072540E+02
  0.3424391415821E+02
  0.3443916310539E+02
  0.3624629588304E+02
  0.3854544197643E+02
  0.3992379015524E+02
  0.4055168018145E+02
  0.4270091043760E+02
  0.4500031712475E+02
  0.4570353160768E+02
  0.4612037044500E+02
  0.0000000000000E+00
  0.0000000000000E+00
  0.0000000000000E+00
  0.4810058913932E+02
  0.6152168854808E+02
  0.5399358896441E+02
  0.4497473650321E+02
  0.3994360606406E+02
  0.3794887322224E+02
  0.3676238938844E+02
  0.3622534913465E+02
  0.3559189094345E+02
  0.3503875479651E+02
  0.3482413223952E+02
  0.3510674652003E+02
  0.3565061502520E+02
  0.3602425998086E+02
  0.3590091871656E+02
  0.3967826164938E+02
  0.4041015610824E+02
  0.4082760011407E+02
  0.4082005239262E+02
  0.4086470787397E+02
  0.4112876428811E+02
  0.4150329483711E+02
  0.4178934948009E+02
  0.4203377263888E+02
  0.4185136634219E+02
  0.4101026841220E+02
  0.3954340685318E+02
  0.3752006030758E+02
  0.3566541212018E+02
  0.3742567183974E+02
  0.4265238497226E+02
  0.4787541243979E+02
  0.4841036176456E+02
  0.0000000000000E+00
  0.0000000000000E+00
  0.0000000000000E+00
  0.4419388748038E+02
  0.6014609636655E+02
  0.5896671014878E+02
  0.5422405447936E+02
  0.4917509771953E+02
  0.4446861818054E+02
  0.4029262066961E+02
  0.3710235080841E+02
  0.3615343140054E+02
  0.3555362111909E+02
  0.3700540004937E+02
  0.3687167435649E+02
  0.3711547081537E+02
  0.3778120085048E+02
  0.3870173583492E+02
  0.3468095366798E+02
  0.3456937315990E+02
  0.3427249420847E+02
  0.3643768925642E+02
  0.3722922539698E+02
  0.3767141923506E+02
  0.3804128659655E+02
  0.3841815573944E+02
  0.3868296980343E+02
  0.3862677039976E+02
  0.3810529885434E+02
  0.3703768892498E+02
  0.3516780177560E+02
  0.3271752709638E+02
  0.3270102449647E+02
  0.3974252338461E+02
  0.4719912363384E+02
  0.5701941517164E+02
  0.0000000000000E+00
  0.0000000000000E+00
  0.0000000000000E+00
  0.3979672275293E+02
  0.4981860559310E+02
  0.4966076116702E+02
  0.5023232205048E+02
  0.5007526482354E+02
  0.4842347790629E+02
  0.4686502853774E+02
  0.4497838359263E+02
  0.4280303145791E+02
  0.4073449341020E+02
  0.3898104517739E+02
  0.3756334932894E+02
  0.3637172375027E+02
  0.3540839669586E+02
  0.3488134398840E+02
  0.3979845991199E+02
  0.3941371293671E+02
  0.3894056528699E+02
  0.3827749537289E+02
  0.3766885438393E+02
  0.3725074642014E+02
  0.3713003890996E+02
  0.3737755919381E+02
  0.3792628513535E+02
  0.3825823002457E+02
  0.3838030012601E+02
  0.3800553544432E+02
  0.3693481592349E+02
  0.3557773555306E+02
  0.3388322873021E+02
  0.3770167288638E+02
  0.4490319266527E+02
  0.6407294765159E+02
  0.5599453855983E+02
  0.4825261237292E+02
  0.3846305537101E+02
  0.3481030026266E+02
  0.3164244265937E+02
  0.3253738588248E+02
  0.3583588585307E+02
  0.3763011921442E+02
  0.4103564992849E+02
  0.4338345249831E+02
  0.4356827302996E+02
  0.4407521716978E+02
  0.4392884635182E+02
  0.4332816338808E+02
  0.4262448369566E+02
  0.4196638331848E+02
  0.4016628433464E+02
  0.3986648744460E+02
  0.4369519170722E+02
  0.4223821869878E+02
  0.4249091436640E+02
  0.4270417293861E+02
  0.4269773825777E+02
  0.4261874254227E+02
  0.4275666717094E+02
  0.4308355167662E+02
  0.4368465305709E+02
  0.4231115083666E+02
  0.4277061973245E+02
  0.4324041144092E+02
  0.4345463138319E+02
  0.4333116584890E+02
  0.4221242074086E+02
  0.4138597135352E+02
  0.4428777055391E+02
  0.4946714325494E+02
  0.4862331349362E+02
  0.4453984477632E+02
  0.3865709001836E+02
  0.3275447108474E+02
  0.2933802644084E+02
  0.2869464664301E+02
  0.2814922032762E+02
  0.2866082139170E+02
  0.3128776521378E+02
  0.3403455009934E+02
  0.3675566515046E+02
  0.3861047597088E+02
  0.3978971767013E+02
  0.4025282051891E+02
  0.4040594127671E+02
  0.4187071306157E+02
  0.4273822985546E+02
  0.4320022865004E+02
  0.3971105983985E+02
  0.4086173693459E+02
  0.4154603108430E+02
  0.4198024745635E+02
  0.4199270868556E+02
  0.4197549780095E+02
  0.4227548753032E+02
  0.4233839200539E+02
  0.4175432544348E+02
  0.4160893799860E+02
  0.4255550049059E+02
  0.4336784800488E+02
  0.4389162573440E+02
  0.4400742426961E+02
  0.4353413690178E+02
  0.4179889490298E+02
  0.4248205222926E+02
  0.4638184904020E+02
  0.4598873652582E+02
  0.4430330511784E+02
  0.3895033459219E+02
  0.3714426101059E+02
  0.3449116076561E+02
  0.3229201877025E+02
  0.3019426822488E+02
  0.2845661117188E+02
  0.2764352191630E+02
  0.2860197214898E+02
  0.3072788425503E+02
  0.3278269656872E+02
  0.3466057452064E+02
  0.3619032373215E+02
  0.3716200224290E+02
  0.3820797733061E+02
  0.3927426572827E+02
  0.3903881656509E+02
  0.3068139053846E+02
  0.3071421504962E+02
  0.3065706863111E+02
  0.3056405840394E+02
  0.2993555603445E+02
  0.2976057322916E+02
  0.2968541621822E+02
  0.2969796932276E+02
  0.2978226921681E+02
  0.2997739578633E+02
  0.3033302216688E+02
  0.3052900520632E+02
  0.3026854282246E+02
  0.3042289642070E+02
  0.3050708768345E+02
  0.3043239691500E+02
  0.3042946454939E+02
  0.3048203013076E+02
  0.3065175979161E+02
  0.3089420981512E+02
  0.3111657209577E+02
  0.3115883377936E+02
  0.3101321680720E+02
  0.3087573586069E+02
  0.3074387682055E+02
  0.3071555097806E+02
  0.3095880370480E+02
  0.3097545525970E+02
  0.3082451211029E+02
  0.3060371085623E+02
  0.3034908716703E+02
  0.3014564292621E+02
  0.3010344379157E+02
  0.3019510054394E+02
  0.3038808411913E+02
  0.3056495091086E+02
  0.2792467563990E+02
  0.2768272430064E+02
  0.2737407350334E+02
  0.2736206327253E+02
  0.2418017910495E+02
  0.2425019506915E+02
  0.2468729934665E+02
  0.2557704730996E+02
  0.3209938713846E+02
  0.3110219217503E+02
  0.3310670945093E+02
  0.4004285673450E+02
  0.3984444364226E+02
  0.3979660706330E+02
  0.3987888423585E+02
  0.4010962928990E+02
  0.4055707923036E+02
  0.4128840417719E+02
  0.2930854111437E+02
  0.3264159344142E+02
  0.2786764759740E+02
  0.2461719593943E+02
  0.1472415876209E+02
  0.1428703106425E+02
  0.1442877613098E+02
  0.1507451555980E+02
  0.1591137114611E+02
  0.1687616949645E+02
  0.1736268421474E+02
  0.1733193510497E+02
  0.1696376528124E+02
  0.1659426843851E+02
  0.1638234766145E+02
  0.1639885324824E+02
  0.1658469632309E+02
  0.1694041315922E+02
  0.3100559951415E+03
  0.9435657803190E+02
  0.9291122299203E+02
  0.9170140097013E+02
  0.9154097081117E+02
  0.3100559951415E+03
  0.9080898432628E+02
  0.9111625288507E+02
  0.9279720001608E+02
  0.9488382405788E+02
  0.9301679854245E+02
  0.9301679854245E+02
  0.3100559951415E+03
  0.3100559951415E+03
  0.3100559951415E+03
  0.3100559951415E+03
  0.3100559951415E+03
  0.3100559951415E+03
  0.3100559951415E+03
  0.3100559951415E+03
  0.3100559951415E+03
  0.3100559951415E+03
  0.3100559951415E+03
  0.3100559951415E+03
  0.3100559951415E+03
  0.3100559951415E+03
  0.3100559951415E+03
  0.3100559951415E+03
  0.3100559951415E+03
  0.3100559951415E+03
  0.3100559951415E+03
  0.9301679854245E+02
  0.9301679854245E+02
  0.9301679854245E+02
  0.9301679854245E+02
  0.9301679854245E+02
  0.9041207423993E+02
  0.3013735807998E+03
  0.3013735807998E+03
  0.3013735807998E+03
  0.9041207423993E+02
  0.9041207423993E+02
  0.9041207423993E+02
  0.9041207423993E+02
  0.9041207423993E+02
  0.3013735807998E+03
  0.9041207423993E+02
  0.9041207423993E+02
  0.9041207423993E+02
  0.9041207423993E+02
  0.9041207423993E+02
  0.3013735807998E+03
  0.3013735807998E+03
  0.3013735807998E+03
  0.3013735807998E+03
  0.3013735807998E+03
  0.3013735807998E+03
  0.3013735807998E+03
  0.3013735807998E+03
  0.3013735807998E+03
  0.3013735807998E+03
  0.3013735807998E+03
  0.3013735807998E+03
  0.3013735807998E+03
  0.3013735807998E+03
  0.3013735807998E+03
  0.3013735807998E+03
  0.3013735807998E+03
  0.9041207423993E+02
  0.9041207423993E+02
  0.9041207423993E+02
  0.9041207423993E+02
  0.9135312412029E+02
  0.9135312412029E+02
  0.9135312412029E+02
  0.9135312412029E+02
  0.9135312412029E+02
  0.9135312412029E+02
  0.9135312412029E+02
  0.9135312412029E+02
  0.9135312412029E+02
  0.9135312412029E+02
  0.3045104137343E+03
  0.9135312412029E+02
  0.9135312412029E+02
  0.9135312412029E+02
  0.9135312412029E+02
  0.3045104137343E+03
  0.3045104137343E+03
  0.3045104137343E+03
  0.3045104137343E+03
  0.3045104137343E+03
  0.3045104137343E+03
  0.3045104137343E+03
  0.3045104137343E+03
  0.3045104137343E+03
  0.3045104137343E+03
  0.3045104137343E+03
  0.3045104137343E+03
  0.3045104137343E+03
  0.3045104137343E+03
  0.3045104137343E+03
  0.3045104137343E+03
  0.3045104137343E+03
  0.9135312412029E+02
  0.9135312412029E+02
  0.9135312412029E+02
  0.9135312412029E+02
  0.9457819405734E+02
  0.9457819405734E+02
  0.9457819405734E+02
  0.9457819405734E+02
  0.9457819405734E+02
  0.9457819405734E+02
  0.9457819405734E+02
  0.9457819405734E+02
  0.9457819405734E+02
  0.9457819405734E+02
  0.9457819405734E+02
  0.9457819405734E+02
  0.3152606468578E+03
  0.3152606468578E+03
  0.3152606468578E+03
  0.3152606468578E+03
  0.3152606468578E+03
  0.3152606468578E+03
  0.3152606468578E+03
  0.3152606468578E+03
  0.3152606468578E+03
  0.3152606468578E+03
  0.3152606468578E+03
  0.3152606468578E+03
  0.3152606468578E+03
  0.3152606468578E+03
  0.3152606468578E+03
  0.3152606468578E+03
  0.3152606468578E+03
  0.3152606468578E+03
  0.3152606468578E+03
  0.3152606468578E+03
  0.9457819405734E+02
  0.9457819405734E+02
  0.9457819405734E+02
  0.9457819405734E+02
  0.9801825759687E+02
  0.9801825759687E+02
  0.9801825759687E+02
  0.9801825759687E+02
  0.9801825759687E+02
  0.9801825759687E+02
  0.9801825759687E+02
  0.9801825759687E+02
  0.9801825759687E+02
  0.9801825759687E+02
  0.9801825759687E+02
  0.9801825759687E+02
  0.3267275253229E+03
  0.3267275253229E+03
  0.3267275253229E+03
  0.3267275253229E+03
  0.3267275253229E+03
  0.3267275253229E+03
  0.3267275253229E+03
  0.3267275253229E+03
  0.3267275253229E+03
  0.9801825759687E+02
  0.9801825759687E+02
  0.3267275253229E+03
  0.3267275253229E+03
  0.3267275253229E+03
  0.3267275253229E+03
  0.3267275253229E+03
  0.3267275253229E+03
  0.3267275253229E+03
  0.3267275253229E+03
  0.3267275253229E+03
  0.9801825759687E+02
  0.9801825759687E+02
  0.9801825759687E+02
  0.9801825759687E+02
  0.1023943205395E+03
  0.1023943205395E+03
  0.1023943205395E+03
  0.1023943205395E+03
  0.1023943205395E+03
  0.1023943205395E+03
  0.1023943205395E+03
  0.1023943205395E+03
  0.1023943205395E+03
  0.1023943205395E+03
  0.1023943205395E+03
  0.1023943205395E+03
  0.1023943205395E+03
  0.3413144017984E+03
  0.3413144017984E+03
  0.3413144017984E+03
  0.3413144017984E+03
  0.3413144017984E+03
  0.3413144017984E+03
  0.3413144017984E+03
  0.1023943205395E+03
  0.1023943205395E+03
  0.1023943205395E+03
  0.3413144017984E+03
  0.3413144017984E+03
  0.3413144017984E+03
  0.3413144017984E+03
  0.1023943205395E+03
  0.1023943205395E+03
  0.3413144017984E+03
  0.3413144017984E+03
  0.3413144017984E+03
  0.1023943205395E+03
  0.1023943205395E+03
  0.1023943205395E+03
  0.1023943205395E+03
  0.1066951251672E+03
  0.1066951251672E+03
  0.1066951251672E+03
  0.1066951251672E+03
  0.1066951251672E+03
  0.1066951251672E+03
  0.1066951251672E+03
  0.1066951251672E+03
  0.1066951251672E+03
  0.1066951251672E+03
  0.1066951251672E+03
  0.1066951251672E+03
  0.1066951251672E+03
  0.3556504172239E+03
  0.3556504172239E+03
  0.3556504172239E+03
  0.3556504172239E+03
  0.3556504172239E+03
  0.3556504172239E+03
  0.1066951251672E+03
  0.1066951251672E+03
  0.1066951251672E+03
  0.1066951251672E+03
  0.3556504172239E+03
  0.3556504172239E+03
  0.3556504172239E+03
  0.1066951251672E+03
  0.1066951251672E+03
  0.1066951251672E+03
  0.3556504172239E+03
  0.3556504172239E+03
  0.3556504172239E+03
  0.1066951251672E+03
  0.1066951251672E+03
  0.1066951251672E+03
  0.1066951251672E+03
  0.1104322634548E+03
  0.1104322634548E+03
  0.1104322634548E+03
  0.1104322634548E+03
  0.1104322634548E+03
  0.1104322634548E+03
  0.1104322634548E+03
  0.1104322634548E+03
  0.1104322634548E+03
  0.1104322634548E+03
  0.1104322634548E+03
  0.1104322634548E+03
  0.1104322634548E+03
  0.1104322634548E+03
  0.1104322634548E+03
  0.3681075448494E+03
  0.3681075448494E+03
  0.1104322634548E+03
  0.1104322634548E+03
  0.1104322634548E+03
  0.1104322634548E+03
  0.1104322634548E+03
  0.1104322634548E+03
  0.1104322634548E+03
  0.1104322634548E+03
  0.1104322634548E+03
  0.1104322634548E+03
  0.1104322634548E+03
  0.1104322634548E+03
  0.3681075448494E+03
  0.3681075448494E+03
  0.3681075448494E+03
  0.1104322634548E+03
  0.1104322634548E+03
  0.1104322634548E+03
  0.1104322634548E+03
  0.1134355007604E+03
  0.1134355007604E+03
  0.1134355007604E+03
  0.1134355007604E+03
  0.1134355007604E+03
  0.1134355007604E+03
  0.1134355007604E+03
  0.1134355007604E+03
  0.1134355007604E+03
  0.1134355007604E+03
  0.1134355007604E+03
  0.1134355007604E+03
  0.1134355007604E+03
  0.1134355007604E+03
  0.1134355007604E+03
  0.3781183358681E+03
  0.3781183358681E+03
  0.1134355007604E+03
  0.1134355007604E+03
  0.1134355007604E+03
  0.1134355007604E+03
  0.1134355007604E+03
  0.1134355007604E+03
  0.1134355007604E+03
  0.1134355007604E+03
  0.1134355007604E+03
  0.1134355007604E+03
  0.1134355007604E+03
  0.1134355007604E+03
  0.3781183358681E+03
  0.3781183358681E+03
  0.3781183358681E+03
  0.1134355007604E+03
  0.1134355007604E+03
  0.1134355007604E+03
  0.1134355007604E+03
  0.1144324565225E+03
  0.1144324565225E+03
  0.1144324565225E+03
  0.1144324565225E+03
  0.1144324565225E+03
  0.1144324565225E+03
  0.1144324565225E+03
  0.1144324565225E+03
  0.1144324565225E+03
  0.1144324565225E+03
  0.1144324565225E+03
  0.1144324565225E+03
  0.1144324565225E+03
  0.1144324565225E+03
  0.1144324565225E+03
  0.1144324565225E+03
  0.3814415217416E+03
  0.1144324565225E+03
  0.1144324565225E+03
  0.3814415217416E+03
  0.1144324565225E+03
  0.1144324565225E+03
  0.1144324565225E+03
  0.1144324565225E+03
  0.1144324565225E+03
  0.1144324565225E+03
  0.1144324565225E+03
  0.1144324565225E+03
  0.1144324565225E+03
  0.3814415217416E+03
  0.3814415217416E+03
  0.3814415217416E+03
  0.1144324565225E+03
  0.1144324565225E+03
  0.1144324565225E+03
  0.1144324565225E+03
  0.1149002077831E+03
  0.1149002077831E+03
  0.1149002077831E+03
  0.1149002077831E+03
  0.1149002077831E+03
  0.1149002077831E+03
  0.1149002077831E+03
  0.1149002077831E+03
  0.1149002077831E+03
  0.1149002077831E+03
  0.1149002077831E+03
  0.1149002077831E+03
  0.1149002077831E+03
  0.3830006926104E+03
  0.1149002077831E+03
  0.1149002077831E+03
  0.3830006926104E+03
  0.3830006926104E+03
  0.1149002077831E+03
  0.1149002077831E+03
  0.1149002077831E+03
  0.1149002077831E+03
  0.1149002077831E+03
  0.1149002077831E+03
  0.1149002077831E+03
  0.1149002077831E+03
  0.1149002077831E+03
  0.1149002077831E+03
  0.1149002077831E+03
  0.1149002077831E+03
  0.3830006926104E+03
  0.3830006926104E+03
  0.1149002077831E+03
  0.1149002077831E+03
  0.1149002077831E+03
  0.1149002077831E+03
  0.1137045302193E+03
  0.1137045302193E+03
  0.1137045302193E+03
  0.1137045302193E+03
  0.1137045302193E+03
  0.1137045302193E+03
  0.1137045302193E+03
  0.1137045302193E+03
  0.1137045302193E+03
  0.1137045302193E+03
  0.1137045302193E+03
  0.1137045302193E+03
  0.1137045302193E+03
  0.1137045302193E+03
  0.1137045302193E+03
  0.1137045302193E+03
  0.3790151007312E+03
  0.3790151007312E+03
  0.1137045302193E+03
  0.1137045302193E+03
  0.1137045302193E+03
  0.1137045302193E+03
  0.1137045302193E+03
  0.1137045302193E+03
  0.3790151007312E+03
  0.1137045302193E+03
  0.1137045302193E+03
  0.1137045302193E+03
  0.1137045302193E+03
  0.1137045302193E+03
  0.3790151007312E+03
  0.3790151007312E+03
  0.1137045302193E+03
  0.1137045302193E+03
  0.1137045302193E+03
  0.1137045302193E+03
  0.1108545862659E+03
  0.1108545862659E+03
  0.1108545862659E+03
  0.1108545862659E+03
  0.1108545862659E+03
  0.1108545862659E+03
  0.1108545862659E+03
  0.1108545862659E+03
  0.1108545862659E+03
  0.1108545862659E+03
  0.1108545862659E+03
  0.1108545862659E+03
  0.1108545862659E+03
  0.1108545862659E+03
  0.1108545862659E+03
  0.1108545862659E+03
  0.3695152875531E+03
  0.3695152875531E+03
  0.1108545862659E+03
  0.1108545862659E+03
  0.1108545862659E+03
  0.1108545862659E+03
  0.1108545862659E+03
  0.1108545862659E+03
  0.3695152875531E+03
  0.3695152875531E+03
  0.3695152875531E+03
  0.1108545862659E+03
  0.1108545862659E+03
  0.1108545862659E+03
  0.3695152875531E+03
  0.3695152875531E+03
  0.1108545862659E+03
  0.1108545862659E+03
  0.1108545862659E+03
  0.1108545862659E+03
  0.1066251626843E+03
  0.1066251626843E+03
  0.1066251626843E+03
  0.1066251626843E+03
  0.1066251626843E+03
  0.1066251626843E+03
  0.1066251626843E+03
  0.1066251626843E+03
  0.1066251626843E+03
  0.1066251626843E+03
  0.1066251626843E+03
  0.1066251626843E+03
  0.1066251626843E+03
  0.1066251626843E+03
  0.1066251626843E+03
  0.1066251626843E+03
  0.3554172089476E+03
  0.3554172089476E+03
  0.3554172089476E+03
  0.1066251626843E+03
  0.1066251626843E+03
  0.1066251626843E+03
  0.1066251626843E+03
  0.1066251626843E+03
  0.1066251626843E+03
  0.3554172089476E+03
  0.3554172089476E+03
  0.3554172089476E+03
  0.1066251626843E+03
  0.1066251626843E+03
  0.3554172089476E+03
  0.3554172089476E+03
  0.1066251626843E+03
  0.1066251626843E+03
  0.1066251626843E+03
  0.1066251626843E+03
  0.1026438841580E+03
  0.1026438841580E+03
  0.1026438841580E+03
  0.1026438841580E+03
  0.1026438841580E+03
  0.1026438841580E+03
  0.1026438841580E+03
  0.1026438841580E+03
  0.1026438841580E+03
  0.1026438841580E+03
  0.1026438841580E+03
  0.1026438841580E+03
  0.1026438841580E+03
  0.1026438841580E+03
  0.1026438841580E+03
  0.1026438841580E+03
  0.3421462805266E+03
  0.3421462805266E+03
  0.3421462805266E+03
  0.1026438841580E+03
  0.1026438841580E+03
  0.1026438841580E+03
  0.1026438841580E+03
  0.1026438841580E+03
  0.1026438841580E+03
  0.1026438841580E+03
  0.3421462805266E+03
  0.3421462805266E+03
  0.1026438841580E+03
  0.1026438841580E+03
  0.3421462805266E+03
  0.1026438841580E+03
  0.1026438841580E+03
  0.1026438841580E+03
  0.1026438841580E+03
  0.1026438841580E+03
  0.1000773113500E+03
  0.1000773113500E+03
  0.1000773113500E+03
  0.1000773113500E+03
  0.1000773113500E+03
  0.1000773113500E+03
  0.1000773113500E+03
  0.1000773113500E+03
  0.1000773113500E+03
  0.1000773113500E+03
  0.1000773113500E+03
  0.1000773113500E+03
  0.1000773113500E+03
  0.1000773113500E+03
  0.1000773113500E+03
  0.1000773113500E+03
  0.3335910378334E+03
  0.3335910378334E+03
  0.3335910378334E+03
  0.1000773113500E+03
  0.1000773113500E+03
  0.1000773113500E+03
  0.1000773113500E+03
  0.1000773113500E+03
  0.1000773113500E+03
  0.1000773113500E+03
  0.1000773113500E+03
  0.3335910378334E+03
  0.1000773113500E+03
  0.1000773113500E+03
  0.1000773113500E+03
  0.1000773113500E+03
  0.1000773113500E+03
  0.1000773113500E+03
  0.1000773113500E+03
  0.1000773113500E+03
  0.9936083270009E+02
  0.9936083270009E+02
  0.9936083270009E+02
  0.9936083270009E+02
  0.9936083270009E+02
  0.9936083270009E+02
  0.9936083270009E+02
  0.9936083270009E+02
  0.9936083270009E+02
  0.9936083270009E+02
  0.9936083270009E+02
  0.9936083270009E+02
  0.9936083270009E+02
  0.9936083270009E+02
  0.9936083270009E+02
  0.9936083270009E+02
  0.3312027756670E+03
  0.3312027756670E+03
  0.3312027756670E+03
  0.9936083270009E+02
  0.9936083270009E+02
  0.9936083270009E+02
  0.9936083270009E+02
  0.9936083270009E+02
  0.9936083270009E+02
  0.9936083270009E+02
  0.9936083270009E+02
  0.3312027756670E+03
  0.3312027756670E+03
  0.9936083270009E+02
  0.9936083270009E+02
  0.9936083270009E+02
  0.9936083270009E+02
  0.9936083270009E+02
  0.9936083270009E+02
  0.9936083270009E+02
  0.9764126942111E+02
  0.9764126942111E+02
  0.9764126942111E+02
  0.9764126942111E+02
  0.9764126942111E+02
  0.9764126942111E+02
  0.9764126942111E+02
  0.9764126942111E+02
  0.9764126942111E+02
  0.9764126942111E+02
  0.9764126942111E+02
  0.9764126942111E+02
  0.9764126942111E+02
  0.9764126942111E+02
  0.9764126942111E+02
  0.9764126942111E+02
  0.3254708980704E+03
  0.3254708980704E+03
  0.3254708980704E+03
  0.9764126942111E+02
  0.9764126942111E+02
  0.9764126942111E+02
  0.9764126942111E+02
  0.9764126942111E+02
  0.9764126942111E+02
  0.9764126942111E+02
  0.9764126942111E+02
  0.9764126942111E+02
  0.3254708980704E+03
  0.9764126942111E+02
  0.9764126942111E+02
  0.9764126942111E+02
  0.9764126942111E+02
  0.9764126942111E+02
  0.9764126942111E+02
  0.9764126942111E+02
  0.9450731851923E+02
  0.9450731851923E+02
  0.9450731851923E+02
  0.9450731851923E+02
  0.9450731851923E+02
  0.9450731851923E+02
  0.9450731851923E+02
  0.9450731851923E+02
  0.9450731851923E+02
  0.9450731851923E+02
  0.9450731851923E+02
  0.9450731851923E+02
  0.9450731851923E+02
  0.9450731851923E+02
  0.9450731851923E+02
  0.9450731851923E+02
  0.3150243950641E+03
  0.3150243950641E+03
  0.3150243950641E+03
  0.9450731851923E+02
  0.9450731851923E+02
  0.9450731851923E+02
  0.9450731851923E+02
  0.9450731851923E+02
  0.9450731851923E+02
  0.9450731851923E+02
  0.9450731851923E+02
  0.9450731851923E+02
  0.3150243950641E+03
  0.9450731851923E+02
  0.9450731851923E+02
  0.9450731851923E+02
  0.9450731851923E+02
  0.9450731851923E+02
  0.9450731851923E+02
  0.9450731851923E+02
  0.9012437596092E+02
  0.9012437596092E+02
  0.9012437596092E+02
  0.9012437596092E+02
  0.9012437596092E+02
  0.9012437596092E+02
  0.9012437596092E+02
  0.9012437596092E+02
  0.9012437596092E+02
  0.9012437596092E+02
  0.9012437596092E+02
  0.9012437596092E+02
  0.9012437596092E+02
  0.9012437596092E+02
  0.9012437596092E+02
  0.9012437596092E+02
  0.3004145865364E+03
  0.3004145865364E+03
  0.3004145865364E+03
  0.9012437596092E+02
  0.9012437596092E+02
  0.9012437596092E+02
  0.9012437596092E+02
  0.9012437596092E+02
  0.9012437596092E+02
  0.9012437596092E+02
  0.9012437596092E+02
  0.9012437596092E+02
  0.9012437596092E+02
  0.9012437596092E+02
  0.9012437596092E+02
  0.9012437596092E+02
  0.9012437596092E+02
  0.9012437596092E+02
  0.9012437596092E+02
  0.9012437596092E+02
  0.8433933854835E+02
  0.8433933854835E+02
  0.8433933854835E+02
  0.8433933854835E+02
  0.8433933854835E+02
  0.8433933854835E+02
  0.8433933854835E+02
  0.8433933854835E+02
  0.8433933854835E+02
  0.8433933854835E+02
  0.8433933854835E+02
  0.8433933854835E+02
  0.8433933854835E+02
  0.8433933854835E+02
  0.8433933854835E+02
  0.8433933854835E+02
  0.2811311284945E+03
  0.2811311284945E+03
  0.2811311284945E+03
  0.8433933854835E+02
  0.8433933854835E+02
  0.8433933854835E+02
  0.2811311284945E+03
  0.8433933854835E+02
  0.8433933854835E+02
  0.8433933854835E+02
  0.8433933854835E+02
  0.8433933854835E+02
  0.8433933854835E+02
  0.8433933854835E+02
  0.8433933854835E+02
  0.8433933854835E+02
  0.8433933854835E+02
  0.8433933854835E+02
  0.8433933854835E+02
  0.8433933854835E+02
  0.8071997739288E+02
  0.8071997739288E+02
  0.8071997739288E+02
  0.8071997739288E+02
  0.8071997739288E+02
  0.8071997739288E+02
  0.8071997739288E+02
  0.8071997739288E+02
  0.8071997739288E+02
  0.8071997739288E+02
  0.8071997739288E+02
  0.8071997739288E+02
  0.8071997739288E+02
  0.8071997739288E+02
  0.8071997739288E+02
  0.8071997739288E+02
  0.8071997739288E+02
  0.8071997739288E+02
  0.8071997739288E+02
  0.8071997739288E+02
  0.8071997739288E+02
  0.8071997739288E+02
  0.2690665913096E+03
  0.8071997739288E+02
  0.8071997739288E+02
  0.8071997739288E+02
  0.8071997739288E+02
  0.8071997739288E+02
  0.8071997739288E+02
  0.8071997739288E+02
  0.8071997739288E+02
  0.8071997739288E+02
  0.8071997739288E+02
  0.8071997739288E+02
  0.8071997739288E+02
  0.8071997739288E+02
  0.7691683567368E+02
  0.7691683567368E+02
  0.7691683567368E+02
  0.7691683567368E+02
  0.7691683567368E+02
  0.7691683567368E+02
  0.7691683567368E+02
  0.7691683567368E+02
  0.7691683567368E+02
  0.7691683567368E+02
  0.7691683567368E+02
  0.7691683567368E+02
  0.7691683567368E+02
  0.7691683567368E+02
  0.7691683567368E+02
  0.7691683567368E+02
  0.7691683567368E+02
  0.7691683567368E+02
  0.7691683567368E+02
  0.7691683567368E+02
  0.7691683567368E+02
  0.2563894522456E+03
  0.7691683567368E+02
  0.7691683567368E+02
  0.7691683567368E+02
  0.7691683567368E+02
  0.7691683567368E+02
  0.7691683567368E+02
  0.7691683567368E+02
  0.7691683567368E+02
  0.7691683567368E+02
  0.7691683567368E+02
  0.7691683567368E+02
  0.7691683567368E+02
  0.7691683567368E+02
  0.7691683567368E+02
  0.7248178136617E+02
  0.7248178136617E+02
  0.7248178136617E+02
  0.7248178136617E+02
  0.7248178136617E+02
  0.7248178136617E+02
  0.7248178136617E+02
  0.7248178136617E+02
  0.7248178136617E+02
  0.7248178136617E+02
  0.7248178136617E+02
  0.7248178136617E+02
  0.7248178136617E+02
  0.7248178136617E+02
  0.7248178136617E+02
  0.7248178136617E+02
  0.7248178136617E+02
  0.7248178136617E+02
  0.7248178136617E+02
  0.7248178136617E+02
  0.7248178136617E+02
  0.2416059378872E+03
  0.7248178136617E+02
  0.7248178136617E+02
  0.7248178136617E+02
  0.7248178136617E+02
  0.7248178136617E+02
  0.7248178136617E+02
  0.7248178136617E+02
  0.7248178136617E+02
  0.7248178136617E+02
  0.7248178136617E+02
  0.7248178136617E+02
  0.7248178136617E+02
  0.7248178136617E+02
  0.7248178136617E+02
  0.6697513159396E+02
  0.6697513159396E+02
  0.6697513159396E+02
  0.6697513159396E+02
  0.6697513159396E+02
  0.6697513159396E+02
  0.6697513159396E+02
  0.6697513159396E+02
  0.6697513159396E+02
  0.6697513159396E+02
  0.6697513159396E+02
  0.6697513159396E+02
  0.6697513159396E+02
  0.6697513159396E+02
  0.6697513159396E+02
  0.6697513159396E+02
  0.6697513159396E+02
  0.6697513159396E+02
  0.6697513159396E+02
  0.6697513159396E+02
  0.6697513159396E+02
  0.6697513159396E+02
  0.6697513159396E+02
  0.6697513159396E+02
  0.6697513159396E+02
  0.6697513159396E+02
  0.6697513159396E+02
  0.6697513159396E+02
  0.6697513159396E+02
  0.6697513159396E+02
  0.6697513159396E+02
  0.6697513159396E+02
  0.6697513159396E+02
  0.6697513159396E+02
  0.6697513159396E+02
  0.6697513159396E+02
  0.6101300177199E+02
  0.6101300177199E+02
  0.6101300177199E+02
  0.6101300177199E+02
  0.6101300177199E+02
  0.6101300177199E+02
  0.6101300177199E+02
  0.6101300177199E+02
  0.6101300177199E+02
  0.6101300177199E+02
  0.6101300177199E+02
  0.6101300177199E+02
  0.6101300177199E+02
  0.6101300177199E+02
  0.6101300177199E+02
  0.6101300177199E+02
  0.6101300177199E+02
  0.6101300177199E+02
  0.6101300177199E+02
  0.6101300177199E+02
  0.6101300177199E+02
  0.6101300177199E+02
  0.6101300177199E+02
  0.6101300177199E+02
  0.6101300177199E+02
  0.6101300177199E+02
  0.6101300177199E+02
  0.6101300177199E+02
  0.6101300177199E+02
  0.6101300177199E+02
  0.6101300177199E+02
  0.6101300177199E+02
  0.6101300177199E+02
  0.6101300177199E+02
  0.6101300177199E+02
  0.6101300177199E+02
  0.5468524068779E+02
  0.5468524068779E+02
  0.5468524068779E+02
  0.5468524068779E+02
  0.5468524068779E+02
  0.5468524068779E+02
  0.5468524068779E+02
  0.5468524068779E+02
  0.5468524068779E+02
  0.5468524068779E+02
  0.5468524068779E+02
  0.5468524068779E+02
  0.5468524068779E+02
  0.5468524068779E+02
  0.5468524068779E+02
  0.5468524068779E+02
  0.5468524068779E+02
  0.5468524068779E+02
  0.5468524068779E+02
  0.5468524068779E+02
  0.5468524068779E+02
  0.5468524068779E+02
  0.5468524068779E+02
  0.5468524068779E+02
  0.5468524068779E+02
  0.5468524068779E+02
  0.5468524068779E+02
  0.5468524068779E+02
  0.5468524068779E+02
  0.5468524068779E+02
  0.5468524068779E+02
  0.5468524068779E+02
  0.5468524068779E+02
  0.5468524068779E+02
  0.5468524068779E+02
  0.5468524068779E+02
  0.4800919605416E+02
  0.4800919605416E+02
  0.4800919605416E+02
  0.4800919605416E+02
  0.4800919605416E+02
  0.4800919605416E+02
  0.4800919605416E+02
  0.4800919605416E+02
  0.4800919605416E+02
  0.4800919605416E+02
  0.4800919605416E+02
  0.4800919605416E+02
  0.4800919605416E+02
  0.4800919605416E+02
  0.4800919605416E+02
  0.4800919605416E+02
  0.4800919605416E+02
  0.4800919605416E+02
  0.4800919605416E+02
  0.4800919605416E+02
  0.4800919605416E+02
  0.4800919605416E+02
  0.4800919605416E+02
  0.4800919605416E+02
  0.4800919605416E+02
  0.4800919605416E+02
  0.4800919605416E+02
  0.4800919605416E+02
  0.4800919605416E+02
  0.4800919605416E+02
  0.4800919605416E+02
  0.4800919605416E+02
  0.4800919605416E+02
  0.4800919605416E+02
  0.4800919605416E+02
  0.4800919605416E+02
  0.4021148987084E+02
  0.4021148987084E+02
  0.4021148987084E+02
  0.4021148987084E+02
  0.4021148987084E+02
  0.4021148987084E+02
  0.4021148987084E+02
  0.4021148987084E+02
  0.4021148987084E+02
  0.4021148987084E+02
  0.4021148987084E+02
  0.4021148987084E+02
  0.4021148987084E+02
  0.4021148987084E+02
  0.4021148987084E+02
  0.4021148987084E+02
  0.4021148987084E+02
  0.4021148987084E+02
  0.1340382995695E+03
  0.1340382995695E+03
  0.1340382995695E+03
  0.4021148987084E+02
  0.4021148987084E+02
  0.4021148987084E+02
  0.4021148987084E+02
  0.4021148987084E+02
  0.4021148987084E+02
  0.4021148987084E+02
  0.4021148987084E+02
  0.4021148987084E+02
  0.4021148987084E+02
  0.4021148987084E+02
  0.4021148987084E+02
  0.4021148987084E+02
  0.4021148987084E+02
  0.4021148987084E+02
  0.3230434302986E+02
  0.3230434302986E+02
  0.3230434302986E+02
  0.3230434302986E+02
  0.3230434302986E+02
  0.3230434302986E+02
  0.3230434302986E+02
  0.3230434302986E+02
  0.3230434302986E+02
  0.3230434302986E+02
  0.3230434302986E+02
  0.3230434302986E+02
  0.3230434302986E+02
  0.3230434302986E+02
  0.3230434302986E+02
  0.3230434302986E+02
  0.3230434302986E+02
  0.3230434302986E+02
  0.1076811434329E+03
  0.1076811434329E+03
  0.1076811434329E+03
  0.3230434302986E+02
  0.3230434302986E+02
  0.3230434302986E+02
  0.3230434302986E+02
  0.3230434302986E+02
  0.3230434302986E+02
  0.3230434302986E+02
  0.3230434302986E+02
  0.3230434302986E+02
  0.3230434302986E+02
  0.3230434302986E+02
  0.3230434302986E+02
  0.3230434302986E+02
  0.3230434302986E+02
  0.3230434302986E+02
  0.2466270742501E+02
  0.2466270742501E+02
  0.2466270742501E+02
  0.2466270742501E+02
  0.2466270742501E+02
  0.2466270742501E+02
  0.2466270742501E+02
  0.2466270742501E+02
  0.2466270742501E+02
  0.2466270742501E+02
  0.2466270742501E+02
  0.2466270742501E+02
  0.2466270742501E+02
  0.2466270742501E+02
  0.2466270742501E+02
  0.2466270742501E+02
  0.2466270742501E+02
  0.2466270742501E+02
  0.8220902475003E+02
  0.8220902475003E+02
  0.8220902475003E+02
  0.2466270742501E+02
  0.2466270742501E+02
  0.2466270742501E+02
  0.2466270742501E+02
  0.2466270742501E+02
  0.2466270742501E+02
  0.2466270742501E+02
  0.2466270742501E+02
  0.2466270742501E+02
  0.2466270742501E+02
  0.2466270742501E+02
  0.2466270742501E+02
  0.2466270742501E+02
  0.2466270742501E+02
  0.2466270742501E+02
  0.1799293425688E+02
  0.1799293425688E+02
  0.1799293425688E+02
  0.1799293425688E+02
  0.1799293425688E+02
  0.1799293425688E+02
  0.1799293425688E+02
  0.1799293425688E+02
  0.1799293425688E+02
  0.1799293425688E+02
  0.1799293425688E+02
  0.1799293425688E+02
  0.1799293425688E+02
  0.1799293425688E+02
  0.1799293425688E+02
  0.1799293425688E+02
  0.1799293425688E+02
  0.1799293425688E+02
  0.1799293425688E+02
  0.1799293425688E+02
  0.1799293425688E+02
  0.1799293425688E+02
  0.1799293425688E+02
  0.1799293425688E+02
  0.1799293425688E+02
  0.1799293425688E+02
  0.1799293425688E+02
  0.1799293425688E+02
  0.1799293425688E+02
  0.1799293425688E+02
  0.1799293425688E+02
  0.1799293425688E+02
  0.1799293425688E+02
  0.1799293425688E+02
  0.1799293425688E+02
  0.1799293425688E+02
  0.1149551896262E+02
  0.1149551896262E+02
  0.1149551896262E+02
  0.1149551896262E+02
  0.1149551896262E+02
  0.1149551896262E+02
  0.1149551896262E+02
  0.1149551896262E+02
  0.1149551896262E+02
  0.1149551896262E+02
  0.1149551896262E+02
  0.1149551896262E+02
  0.1149551896262E+02
  0.1149551896262E+02
  0.1149551896262E+02
  0.1149551896262E+02
  0.1149551896262E+02
  0.1149551896262E+02
  0.1149551896262E+02
  0.1149551896262E+02
  0.1149551896262E+02
  0.1149551896262E+02
  0.1149551896262E+02
  0.1149551896262E+02
  0.1149551896262E+02
  0.1149551896262E+02
  0.1149551896262E+02
  0.1149551896262E+02
  0.1149551896262E+02
  0.1149551896262E+02
  0.1149551896262E+02
  0.1149551896262E+02
  0.1149551896262E+02
  0.1149551896262E+02
  0.1149551896262E+02
  0.1149551896262E+02
  0.5369904407050E+01
  0.5369904407050E+01
  0.5369904407050E+01
  0.5369904407050E+01
  0.5369904407050E+01
  0.5369904407050E+01
  0.5369904407050E+01
  0.5369904407050E+01
  0.5369904407050E+01
  0.5369904407050E+01
  0.5369904407050E+01
  0.5369904407050E+01
  0.5369904407050E+01
  0.5369904407050E+01
  0.5369904407050E+01
  0.5369904407050E+01
  0.5369904407050E+01
  0.5369904407050E+01
  0.5369904407050E+01
  0.5369904407050E+01
  0.5369904407050E+01
  0.5369904407050E+01
  0.5369904407050E+01
  0.5369904407050E+01
  0.5369904407050E+01
  0.5369904407050E+01
  0.5369904407050E+01
  0.5369904407050E+01
  0.5369904407050E+01
  0.5369904407050E+01
  0.5369904407050E+01
  0.5369904407050E+01
  0.5369904407050E+01
  0.5369904407050E+01
  0.5369904407050E+01
  0.5369904407050E+01
  0.2041437864029E+00
  0.2041437864029E+00
  0.2041437864029E+00
  0.2041437864029E+00
  0.2041437864029E+00
  0.2041437864029E+00
  0.2041437864029E+00
  0.2041437864029E+00
  0.2041437864029E+00
  0.2041437864029E+00
  0.2041437864029E+00
  0.2041437864029E+00
  0.2041437864029E+00
  0.2041437864029E+00
  0.2041437864029E+00
  0.2041437864029E+00
  0.2041437864029E+00
  0.2041437864029E+00
  0.2041437864029E+00
  0.2041437864029E+00
  0.2041437864029E+00
  0.2041437864029E+00
  0.2041437864029E+00
  0.2041437864029E+00
  0.2041437864029E+00
  0.2041437864029E+00
  0.2041437864029E+00
  0.2041437864029E+00
  0.2041437864029E+00
  0.2041437864029E+00
  0.2041437864029E+00
  0.2041437864029E+00
  0.2041437864029E+00
  0.2041437864029E+00
  0.2041437864029E+00
  0.2041437864029E+00
  0.0000000000000E+00
  0.0000000000000E+00
  0.0000000000000E+00
  0.0000000000000E+00
  0.0000000000000E+00
  0.0000000000000E+00
  0.0000000000000E+00
  0.0000000000000E+00
  0.0000000000000E+00
  0.0000000000000E+00
  0.0000000000000E+00
  0.0000000000000E+00
  0.0000000000000E+00
  0.0000000000000E+00
  0.0000000000000E+00
  0.0000000000000E+00
  0.0000000000000E+00
  0.0000000000000E+00
  0.0000000000000E+00
  0.0000000000000E+00
  0.0000000000000E+00
  0.0000000000000E+00
  0.0000000000000E+00
  0.0000000000000E+00
  0.0000000000000E+00
  0.0000000000000E+00
  0.0000000000000E+00
  0.0000000000000E+00
  0.0000000000000E+00
  0.0000000000000E+00
  0.0000000000000E+00
  0.0000000000000E+00
  0.0000000000000E+00
  0.0000000000000E+00
  0.0000000000000E+00
  0.0000000000000E+00
 -0.2244063332248E+03
 -0.2010107531354E+03
 -0.1966480467409E+03
 -0.1940792731422E+03
 -0.1937057098908E+03
 -0.2211875578819E+03
 -0.1925911529751E+03
 -0.1930105326024E+03
 -0.1965820959562E+03
 -0.2023093840916E+03
 -0.2120929420898E+03
 -0.2237831285464E+03
 -0.2370719049093E+03
 -0.2442277237171E+03
 -0.2507702149225E+03
 -0.2567607843675E+03
 -0.2618873576055E+03
 -0.2660481559791E+03
 -0.2692668218858E+03
 -0.2716263410018E+03
 -0.2732247675069E+03
 -0.2741557183737E+03
 -0.2744820426370E+03
 -0.2742144235325E+03
 -0.2733107166029E+03
 -0.2716842057487E+03
 -0.2692069589329E+03
 -0.2657188588611E+03
 -0.2610271428984E+03
 -0.2549057236881E+03
 -0.2471165095903E+03
 -0.2478256322445E+03
 -0.2305016714651E+03
 -0.2194979399702E+03
 -0.2121673761115E+03
 -0.2081919455221E+03
 -0.2071071965745E+03
 -0.2302816939051E+03
 -0.2299589562555E+03
 -0.2286322464936E+03
 -0.2021422970960E+03
 -0.1978641329458E+03
 -0.1972414749089E+03
 -0.1978677718174E+03
 -0.2001883453698E+03
 -0.2283225045972E+03
 -0.2153434558326E+03
 -0.2203499297771E+03
 -0.2290415347205E+03
 -0.2412932550685E+03
 -0.2593600227928E+03
 -0.2526540529060E+03
 -0.2598574435166E+03
 -0.2645166623148E+03
 -0.2674280170225E+03
 -0.2691964338548E+03
 -0.2700844840849E+03
 -0.2704709403489E+03
 -0.2706670474447E+03
 -0.2706968312431E+03
 -0.2704650314272E+03
 -0.2698761791170E+03
 -0.2686640294703E+03
 -0.2666838733819E+03
 -0.2638282817210E+03
 -0.2598352459684E+03
 -0.2542649019471E+03
 -0.2466591229069E+03
 -0.2409268945319E+03
 -0.2236274637927E+03
 -0.2128776708858E+03
 -0.2078433685843E+03
 -0.2051347518041E+03
 -0.2041446631343E+03
 -0.2035881104489E+03
 -0.2047788080084E+03
 -0.2056203911281E+03
 -0.2029549420020E+03
 -0.2020174405964E+03
 -0.2008097037045E+03
 -0.2009404212042E+03
 -0.2027790676076E+03
 -0.2334639244401E+03
 -0.2193270879481E+03
 -0.2343426296007E+03
 -0.2489230797678E+03
 -0.2665432914735E+03
 -0.2551534926489E+03
 -0.2610231621944E+03
 -0.2639458403773E+03
 -0.2653531628087E+03
 -0.2664355711488E+03
 -0.2662089430651E+03
 -0.2656427962653E+03
 -0.2657208631019E+03
 -0.2660222379108E+03
 -0.2661933928284E+03
 -0.2666100798452E+03
 -0.2661217994138E+03
 -0.2647969838873E+03
 -0.2630868175567E+03
 -0.2608002628707E+03
 -0.2570089245609E+03
 -0.2503573729486E+03
 -0.2327374031942E+03
 -0.2198328967341E+03
 -0.2100961619221E+03
 -0.2056003888540E+03
 -0.2022196515015E+03
 -0.2023012057930E+03
 -0.2023858713160E+03
 -0.2024303081395E+03
 -0.2042296351765E+03
 -0.2039630410241E+03
 -0.2027473630204E+03
 -0.2019520208750E+03
 -0.2019997104673E+03
 -0.2034558531764E+03
 -0.2101832236423E+03
 -0.2189504073944E+03
 -0.2415623436257E+03
 -0.2465522300288E+03
 -0.2531049520251E+03
 -0.2594554161769E+03
 -0.2634770983643E+03
 -0.2651180752524E+03
 -0.2652219286579E+03
 -0.2642571828322E+03
 -0.2621513909976E+03
 -0.2602704502046E+03
 -0.2605808549184E+03
 -0.2616947380985E+03
 -0.2630455625578E+03
 -0.2641493226671E+03
 -0.2630711342318E+03
 -0.2623558629955E+03
 -0.2618520665023E+03
 -0.2612564753000E+03
 -0.2587687945162E+03
 -0.2530956004871E+03
 -0.2188501423374E+03
 -0.2119580357782E+03
 -0.2056706831382E+03
 -0.2031128710418E+03
 -0.2012264317171E+03
 -0.2010874654261E+03
 -0.2013549473822E+03
 -0.2013092980978E+03
 -0.2018277505323E+03
 -0.2022681081952E+03
 -0.2024179067738E+03
 -0.2025500466020E+03
 -0.2031487812888E+03
 -0.2042430046649E+03
 -0.2076455707087E+03
 -0.2154141886344E+03
 -0.2439827497261E+03
 -0.2499185785386E+03
 -0.2564654891002E+03
 -0.2617583744027E+03
 -0.2645686670022E+03
 -0.2648991921464E+03
 -0.2639775074229E+03
 -0.2618083515765E+03
 -0.2576082169486E+03
 -0.2561030046639E+03
 -0.2618119356569E+03
 -0.2578093712620E+03
 -0.2611865816616E+03
 -0.2614753454322E+03
 -0.2598998252708E+03
 -0.2588051817736E+03
 -0.2597267789702E+03
 -0.2615019554696E+03
 -0.2607091906521E+03
 -0.2557545497345E+03
 -0.2131335931707E+03
 -0.2084282098375E+03
 -0.2049001886949E+03
 -0.2025165616313E+03
 -0.1996559867693E+03
 -0.1991121278791E+03
 -0.1989953417213E+03
 -0.1988334535759E+03
 -0.1989959983446E+03
 -0.1994970471956E+03
 -0.2001102106765E+03
 -0.2007942696005E+03
 -0.2017736308789E+03
 -0.2028994551735E+03
 -0.2050204559510E+03
 -0.2105813103920E+03
 -0.2175676507338E+03
 -0.2507221684300E+03
 -0.2572110686047E+03
 -0.2621816682324E+03
 -0.2642544813778E+03
 -0.2634391262461E+03
 -0.2621516018109E+03
 -0.2582769895964E+03
 -0.2369856960266E+03
 -0.2370132750548E+03
 -0.2432033739984E+03
 -0.2559731150927E+03
 -0.2589441977675E+03
 -0.2586090355915E+03
 -0.2566765542847E+03
 -0.2451927425330E+03
 -0.2514306439994E+03
 -0.2619151808833E+03
 -0.2624874813292E+03
 -0.2581013703412E+03
 -0.2106205044389E+03
 -0.2072702100862E+03
 -0.2033903581697E+03
 -0.2008911990599E+03
 -0.1965643494307E+03
 -0.1952605065520E+03
 -0.1938956089635E+03
 -0.1928862502387E+03
 -0.1927191884723E+03
 -0.1932485672277E+03
 -0.1942474058361E+03
 -0.1954550091324E+03
 -0.1968275488941E+03
 -0.1980702154144E+03
 -0.2000860628671E+03
 -0.2041858875104E+03
 -0.2119725814601E+03
 -0.2509434851545E+03
 -0.2561790808307E+03
 -0.2618342130090E+03
 -0.2628939676628E+03
 -0.2606809375960E+03
 -0.2590313891085E+03
 -0.2321035258474E+03
 -0.2246418540254E+03
 -0.2238518434104E+03
 -0.2291870404838E+03
 -0.2543405084045E+03
 -0.2562950322603E+03
 -0.2562814735601E+03
 -0.2298134261568E+03
 -0.2310646472134E+03
 -0.2362116694239E+03
 -0.2633154530805E+03
 -0.2643735173580E+03
 -0.2600399872536E+03
 -0.2103252442028E+03
 -0.2050498010617E+03
 -0.2000516365344E+03
 -0.1976247922789E+03
 -0.1909304369477E+03
 -0.1894691688198E+03
 -0.1882207474570E+03
 -0.1875618588561E+03
 -0.1871508700778E+03
 -0.1868448227333E+03
 -0.1865950281986E+03
 -0.1860652598893E+03
 -0.1852354182724E+03
 -0.1856895474053E+03
 -0.1890675448842E+03
 -0.1946167255030E+03
 -0.2058249528472E+03
 -0.2136072594894E+03
 -0.2223196262498E+03
 -0.2603922398332E+03
 -0.2611345617942E+03
 -0.2212118196441E+03
 -0.2226090349687E+03
 -0.2209966525052E+03
 -0.2144554646513E+03
 -0.2122168790927E+03
 -0.2150663448018E+03
 -0.2191508674559E+03
 -0.2217403805548E+03
 -0.2221659117382E+03
 -0.2195952901582E+03
 -0.2187658335266E+03
 -0.2197026221981E+03
 -0.2647851465468E+03
 -0.2657448379211E+03
 -0.2613376028569E+03
 -0.2054534483912E+03
 -0.1989192005069E+03
 -0.1931978799920E+03
 -0.1919571603354E+03
 -0.1927017727292E+03
 -0.1938302760966E+03
 -0.1939394667184E+03
 -0.1939223813598E+03
 -0.1939423775830E+03
 -0.1939034372446E+03
 -0.1936189513224E+03
 -0.1929144182711E+03
 -0.1916899645566E+03
 -0.1899918894010E+03
 -0.1878288212422E+03
 -0.1839471375832E+03
 -0.1980415417523E+03
 -0.2060279335626E+03
 -0.2141049344971E+03
 -0.2597856661672E+03
 -0.2603702606839E+03
 -0.2073643607037E+03
 -0.2118980171145E+03
 -0.2121972595452E+03
 -0.2025531791714E+03
 -0.2004055270366E+03
 -0.1921845338821E+03
 -0.2023086760924E+03
 -0.2024464398571E+03
 -0.2055208049269E+03
 -0.2057141550871E+03
 -0.2041050152578E+03
 -0.2011455323882E+03
 -0.2651358762214E+03
 -0.2660567530329E+03
 -0.2618004255564E+03
 -0.2038401725029E+03
 -0.1932779831156E+03
 -0.1892331603605E+03
 -0.1903038883577E+03
 -0.1981910595684E+03
 -0.1980988720453E+03
 -0.1979689842695E+03
 -0.1979258811671E+03
 -0.1980195367293E+03
 -0.1979971634072E+03
 -0.1977570553138E+03
 -0.1972063785792E+03
 -0.1963379736134E+03
 -0.1952732844843E+03
 -0.1943942773834E+03
 -0.1940027104456E+03
 -0.1989541269823E+03
 -0.2027070560898E+03
 -0.2081110241400E+03
 -0.2197295940516E+03
 -0.2600597915604E+03
 -0.2141457086544E+03
 -0.2081654859206E+03
 -0.2548869813899E+03
 -0.1972953538041E+03
 -0.2017195780947E+03
 -0.2036438430468E+03
 -0.2081071623022E+03
 -0.2093226544151E+03
 -0.2083124109885E+03
 -0.2064237982683E+03
 -0.2066403291460E+03
 -0.2102829619987E+03
 -0.2632566157429E+03
 -0.2651580561649E+03
 -0.2614357923605E+03
 -0.2027875669083E+03
 -0.1996755800545E+03
 -0.1975277298212E+03
 -0.1978430111038E+03
 -0.1998530642502E+03
 -0.1995030606257E+03
 -0.1993782325996E+03
 -0.1993280575796E+03
 -0.1992848630781E+03
 -0.1990566582986E+03
 -0.1986213724243E+03
 -0.1979363926487E+03
 -0.1971914505909E+03
 -0.1967809571424E+03
 -0.1970516208669E+03
 -0.1983001493043E+03
 -0.2012770985974E+03
 -0.2516416933808E+03
 -0.2062059368197E+03
 -0.2155374559330E+03
 -0.2602179261985E+03
 -0.2574279850645E+03
 -0.2064249200344E+03
 -0.2061317993858E+03
 -0.2037517510290E+03
 -0.2042263113443E+03
 -0.2062161344683E+03
 -0.2089908773734E+03
 -0.2116040928728E+03
 -0.2093774202844E+03
 -0.2097709463264E+03
 -0.2095548182657E+03
 -0.2125464789707E+03
 -0.2164565369144E+03
 -0.2631769976199E+03
 -0.2602246701312E+03
 -0.2026546602655E+03
 -0.2025916788345E+03
 -0.2004007061416E+03
 -0.2001434925153E+03
 -0.2003612533758E+03
 -0.1999292974838E+03
 -0.1996513070380E+03
 -0.1993296872348E+03
 -0.1989027660156E+03
 -0.1983604858268E+03
 -0.1977868459009E+03
 -0.1972736588756E+03
 -0.1971644875052E+03
 -0.1976840527828E+03
 -0.1987918675243E+03
 -0.2001451539828E+03
 -0.2017981018344E+03
 -0.2009226506796E+03
 -0.2061900205940E+03
 -0.2116905186430E+03
 -0.2593620930850E+03
 -0.2579792801093E+03
 -0.2074686268577E+03
 -0.2072703588757E+03
 -0.2050471561068E+03
 -0.2047328841102E+03
 -0.2054618179846E+03
 -0.2073434338049E+03
 -0.2562531809558E+03
 -0.2078028748999E+03
 -0.2120800112334E+03
 -0.2102856707114E+03
 -0.2119354988206E+03
 -0.2144426111184E+03
 -0.2614527898411E+03
 -0.2590476698758E+03
 -0.2022190683460E+03
 -0.2036055257931E+03
 -0.2018024365985E+03
 -0.2009874989179E+03
 -0.2000608753868E+03
 -0.1994955491903E+03
 -0.1989184147787E+03
 -0.1981777443412E+03
 -0.1972466890297E+03
 -0.1963878348390E+03
 -0.1958985924625E+03
 -0.1960608287369E+03
 -0.1970991593802E+03
 -0.1985042527620E+03
 -0.1997278992263E+03
 -0.2006258807263E+03
 -0.2015845804335E+03
 -0.2010734950330E+03
 -0.2052519368068E+03
 -0.2104583541866E+03
 -0.2577643385272E+03
 -0.2582865209913E+03
 -0.2091956611949E+03
 -0.2060379346131E+03
 -0.2046255686674E+03
 -0.2038377929314E+03
 -0.2037201604408E+03
 -0.2052940678043E+03
 -0.2567744203435E+03
 -0.2572302693748E+03
 -0.2574706497405E+03
 -0.2098048217355E+03
 -0.2113472360920E+03
 -0.2118561741675E+03
 -0.2600733376890E+03
 -0.2590670793748E+03
 -0.2019592950583E+03
 -0.2039168955524E+03
 -0.2022326667197E+03
 -0.2009532904072E+03
 -0.1989942883950E+03
 -0.1983569970582E+03
 -0.1975712667589E+03
 -0.1964853890010E+03
 -0.1949078056828E+03
 -0.1939479507889E+03
 -0.1940641957627E+03
 -0.1952952422277E+03
 -0.1971414141844E+03
 -0.1986889926064E+03
 -0.1996475445664E+03
 -0.2000335958781E+03
 -0.2002529969266E+03
 -0.1998201154900E+03
 -0.2034830126895E+03
 -0.2088826381037E+03
 -0.2578020020565E+03
 -0.2584061016221E+03
 -0.2576572029594E+03
 -0.2003113698794E+03
 -0.2030441092236E+03
 -0.2022742615521E+03
 -0.2018207701888E+03
 -0.2012211503273E+03
 -0.1864972569079E+03
 -0.2576032018781E+03
 -0.2580215238879E+03
 -0.2580135635150E+03
 -0.2095697244782E+03
 -0.2094303444094E+03
 -0.2590632208714E+03
 -0.2588641097805E+03
 -0.2018572872486E+03
 -0.2033418244646E+03
 -0.2014178207695E+03
 -0.2000312861202E+03
 -0.1976678482225E+03
 -0.1969539230767E+03
 -0.1958319922060E+03
 -0.1939122711813E+03
 -0.1918626105232E+03
 -0.1918367697815E+03
 -0.1934820011251E+03
 -0.1955089077285E+03
 -0.1974030060540E+03
 -0.1986520958734E+03
 -0.1990874251201E+03
 -0.1988964914962E+03
 -0.1984560870157E+03
 -0.1970258931917E+03
 -0.2008097839909E+03
 -0.2054071585602E+03
 -0.2577060252676E+03
 -0.2583579850374E+03
 -0.2578858617034E+03
 -0.1969475747094E+03
 -0.2014717965707E+03
 -0.2014212085694E+03
 -0.1994850804312E+03
 -0.1986290392360E+03
 -0.1853126006793E+03
 -0.1825028795813E+03
 -0.2581950753313E+03
 -0.2584629202021E+03
 -0.2079459371866E+03
 -0.2062371625936E+03
 -0.2587801954421E+03
 -0.2004578669078E+03
 -0.2028994323803E+03
 -0.2020969646550E+03
 -0.2002624101532E+03
 -0.1986750721031E+03
 -0.1990899243291E+03
 -0.1985565506759E+03
 -0.1975027309246E+03
 -0.1961442385294E+03
 -0.1954996006536E+03
 -0.1960122755831E+03
 -0.1972898416526E+03
 -0.1987114315464E+03
 -0.2000019618723E+03
 -0.2010361825809E+03
 -0.2014043460966E+03
 -0.1996937254533E+03
 -0.1963712079750E+03
 -0.1924474389295E+03
 -0.1976472415182E+03
 -0.2002930402232E+03
 -0.2574835018746E+03
 -0.2581683647012E+03
 -0.2578798395476E+03
 -0.1934088753824E+03
 -0.1972823521742E+03
 -0.1978631793262E+03
 -0.1967905938175E+03
 -0.1946496283656E+03
 -0.1831024170194E+03
 -0.1811245785036E+03
 -0.1852764767435E+03
 -0.2586171065663E+03
 -0.2061088249325E+03
 -0.2016758289093E+03
 -0.1967490354379E+03
 -0.2008157751315E+03
 -0.2011043115111E+03
 -0.2011004478376E+03
 -0.2003288004297E+03
 -0.1994784643929E+03
 -0.1984671529621E+03
 -0.1981267500959E+03
 -0.1981527049438E+03
 -0.1985056436801E+03
 -0.1991021653044E+03
 -0.1998904004065E+03
 -0.2007214431759E+03
 -0.2015256545187E+03
 -0.2024165783352E+03
 -0.2028184994547E+03
 -0.2024232441105E+03
 -0.2005480665076E+03
 -0.1945733835006E+03
 -0.1871680585822E+03
 -0.1948132727139E+03
 -0.1960642478084E+03
 -0.2571449019050E+03
 -0.2578485123638E+03
 -0.2576941373971E+03
 -0.1896497834466E+03
 -0.1918150886955E+03
 -0.1924607645521E+03
 -0.1925860719530E+03
 -0.1906768607307E+03
 -0.1827878884093E+03
 -0.1821506406249E+03
 -0.1880332347661E+03
 -0.2585218190592E+03
 -0.2584728593509E+03
 -0.1965906648893E+03
 -0.1965218060419E+03
 -0.1992058114290E+03
 -0.1994197981215E+03
 -0.1999024362303E+03
 -0.1992910361621E+03
 -0.1988242726593E+03
 -0.1985121931294E+03
 -0.1986071216096E+03
 -0.1988758955809E+03
 -0.1992990794091E+03
 -0.1999146191043E+03
 -0.2006719419301E+03
 -0.2013541883702E+03
 -0.2016408599985E+03
 -0.2013992924655E+03
 -0.2006613946041E+03
 -0.1994521640475E+03
 -0.1974026890969E+03
 -0.1929717665546E+03
 -0.1842609966550E+03
 -0.1921598485818E+03
 -0.1964567452581E+03
 -0.2566713222441E+03
 -0.2573795036464E+03
 -0.2573363471614E+03
 -0.1855960914612E+03
 -0.1868878834001E+03
 -0.1841992528842E+03
 -0.1853325198034E+03
 -0.1851543073180E+03
 -0.1812318417730E+03
 -0.1819920772033E+03
 -0.1846915396043E+03
 -0.1893402724282E+03
 -0.2583785157090E+03
 -0.1901325670956E+03
 -0.1955270010701E+03
 -0.1975771437670E+03
 -0.1983300038641E+03
 -0.1986990992667E+03
 -0.1986093759250E+03
 -0.1985334221831E+03
 -0.1979772103922E+03
 -0.1985615083497E+03
 -0.1992057548302E+03
 -0.1998228709749E+03
 -0.2005667672564E+03
 -0.2014611373485E+03
 -0.2022991938068E+03
 -0.2027032307643E+03
 -0.2024544605769E+03
 -0.2016407774151E+03
 -0.2003619985355E+03
 -0.1984677386605E+03
 -0.1951548641852E+03
 -0.1884731196659E+03
 -0.1901382087669E+03
 -0.1938952662101E+03
 -0.2560370217753E+03
 -0.2567361880964E+03
 -0.2568034911308E+03
 -0.1870314963815E+03
 -0.1861369256369E+03
 -0.1800121385255E+03
 -0.1837773216936E+03
 -0.1832282170684E+03
 -0.1798506547986E+03
 -0.1820188778406E+03
 -0.1857924604038E+03
 -0.1929345656115E+03
 -0.2579813117798E+03
 -0.1909686131010E+03
 -0.1936185958015E+03
 -0.1956515630697E+03
 -0.1968410623596E+03
 -0.1971941526047E+03
 -0.1973302072996E+03
 -0.1975844306808E+03
 -0.1992517707221E+03
 -0.1999871372871E+03
 -0.2007025373357E+03
 -0.2015031834310E+03
 -0.2024898091099E+03
 -0.2036221785203E+03
 -0.2046818184966E+03
 -0.2053265150334E+03
 -0.2054099035565E+03
 -0.2049911041831E+03
 -0.2041817927513E+03
 -0.2028594800902E+03
 -0.2003276585158E+03
 -0.1953008278160E+03
 -0.1914779144366E+03
 -0.1929404509113E+03
 -0.2552190899010E+03
 -0.2558938536343E+03
 -0.2560791392704E+03
 -0.1901938337444E+03
 -0.1868297555898E+03
 -0.1833223470511E+03
 -0.1853350800068E+03
 -0.1894883147973E+03
 -0.1868757223112E+03
 -0.1888496178412E+03
 -0.1930667829110E+03
 -0.1976667771573E+03
 -0.1999217323113E+03
 -0.1938297786716E+03
 -0.1934272444382E+03
 -0.1948101142839E+03
 -0.1960890684055E+03
 -0.1964417980664E+03
 -0.1972432240833E+03
 -0.1983751130112E+03
 -0.1929525199050E+03
 -0.1933599495968E+03
 -0.1939129639197E+03
 -0.1947383966124E+03
 -0.1959249237645E+03
 -0.1974049540005E+03
 -0.1988999592339E+03
 -0.2000941700467E+03
 -0.2008777863859E+03
 -0.2014395286779E+03
 -0.2020163167839E+03
 -0.2024777808886E+03
 -0.2017081772073E+03
 -0.2009014255096E+03
 -0.1992731010277E+03
 -0.1959632959956E+03
 -0.2541926839923E+03
 -0.2548342688861E+03
 -0.2551243883638E+03
 -0.1937096778554E+03
 -0.1866671721389E+03
 -0.1878875582364E+03
 -0.2557416387711E+03
 -0.1938408993380E+03
 -0.1945456377982E+03
 -0.1955945281523E+03
 -0.1984907360255E+03
 -0.2012228740387E+03
 -0.2013754876594E+03
 -0.1982879742944E+03
 -0.1968232052009E+03
 -0.1960347613717E+03
 -0.1942358379956E+03
 -0.1928849959515E+03
 -0.1925544917928E+03
 -0.1926852549671E+03
 -0.1927759888968E+03
 -0.1919285162834E+03
 -0.1912118231133E+03
 -0.1910084124770E+03
 -0.1915581627844E+03
 -0.1928651333462E+03
 -0.1945155190327E+03
 -0.1959766717134E+03
 -0.1970041308157E+03
 -0.1977564304393E+03
 -0.1984303394077E+03
 -0.1991306735368E+03
 -0.2003411907202E+03
 -0.2041778410442E+03
 -0.2051229151024E+03
 -0.2033913455075E+03
 -0.2082415557085E+03
 -0.2056028291087E+03
 -0.2006956134717E+03
 -0.1968533898824E+03
 -0.1882008021111E+03
 -0.1857539218048E+03
 -0.2550512887776E+03
 -0.1973501071072E+03
 -0.2009032959888E+03
 -0.2011376788548E+03
 -0.2017583265412E+03
 -0.2037933588874E+03
 -0.2043555793437E+03
 -0.2027864536882E+03
 -0.2019434068055E+03
 -0.2009698460475E+03
 -0.1994901443032E+03
 -0.1970302129010E+03
 -0.1950575711602E+03
 -0.1937216632300E+03
 -0.1992375695509E+03
 -0.1981287787019E+03
 -0.1964941843700E+03
 -0.1945228639655E+03
 -0.1928081663348E+03
 -0.1919504094663E+03
 -0.1922259523841E+03
 -0.1932037847451E+03
 -0.1943756271676E+03
 -0.1954407478345E+03
 -0.1963642697543E+03
 -0.1972734141137E+03
 -0.1987037506030E+03
 -0.2015357398564E+03
 -0.2061685758185E+03
 -0.2084721439037E+03
 -0.2044426908996E+03
 -0.2012153442535E+03
 -0.2001148659796E+03
 -0.1985900581132E+03
 -0.1931686351876E+03
 -0.2535020620869E+03
 -0.1946377740353E+03
 -0.2020754703023E+03
 -0.2029457967229E+03
 -0.2028719768581E+03
 -0.2031150925895E+03
 -0.2039174273443E+03
 -0.2053070583877E+03
 -0.2060145005332E+03
 -0.2058914703044E+03
 -0.2049410983530E+03
 -0.2038893462364E+03
 -0.2026953713578E+03
 -0.2013480654445E+03
 -0.2001494725517E+03
 -0.2016203043751E+03
 -0.2012107599724E+03
 -0.2004553264609E+03
 -0.1991259189614E+03
 -0.1972735499846E+03
 -0.1952080160037E+03
 -0.1934332979615E+03
 -0.1926104477149E+03
 -0.1928627518043E+03
 -0.1936837490353E+03
 -0.1946835188037E+03
 -0.1957727845971E+03
 -0.1971054458804E+03
 -0.1989865962992E+03
 -0.2012885853271E+03
 -0.2015779074850E+03
 -0.1997744622336E+03
 -0.1989346354336E+03
 -0.1989861524135E+03
 -0.1989017498104E+03
 -0.1974155773618E+03
 -0.2523503023739E+03
 -0.1957958623892E+03
 -0.2011618885457E+03
 -0.2023559524936E+03
 -0.2023517630336E+03
 -0.2024652827001E+03
 -0.2028273382868E+03
 -0.2037863486156E+03
 -0.2043269370135E+03
 -0.2046666947856E+03
 -0.2045909603061E+03
 -0.2040655232167E+03
 -0.2032656992559E+03
 -0.2027050964335E+03
 -0.2020388522301E+03
 -0.2001512876292E+03
 -0.2000235065626E+03
 -0.1999393711803E+03
 -0.1996539618542E+03
 -0.1988761556892E+03
 -0.1975617293464E+03
 -0.1958062382890E+03
 -0.1940562035067E+03
 -0.1928748224325E+03
 -0.1925565638224E+03
 -0.1929264926326E+03
 -0.1937040928192E+03
 -0.1946879121687E+03
 -0.1958418340146E+03
 -0.1969870842339E+03
 -0.1974626802147E+03
 -0.1971458737416E+03
 -0.1968339418690E+03
 -0.1962700116277E+03
 -0.1962584239251E+03
 -0.1968570857319E+03
 -0.1996239249754E+03
 -0.1957478139761E+03
 -0.1985119295419E+03
 -0.2001002770837E+03
 -0.2007383252691E+03
 -0.2009019526797E+03
 -0.2009069968051E+03
 -0.2010971895384E+03
 -0.2014607141939E+03
 -0.2018063037392E+03
 -0.2018777826562E+03
 -0.2016625914241E+03
 -0.2013352105952E+03
 -0.2009250701614E+03
 -0.2004454341706E+03
 -0.1975263040808E+03
 -0.1974676312333E+03
 -0.1975573514799E+03
 -0.1975796332131E+03
 -0.1973128930973E+03
 -0.1967195132145E+03
 -0.1957560403358E+03
 -0.1944208883866E+03
 -0.1929127369596E+03
 -0.1916537772437E+03
 -0.1909509166734E+03
 -0.1908817372212E+03
 -0.1912485489081E+03
 -0.1919079076521E+03
 -0.1927308838650E+03
 -0.1931265618555E+03
 -0.1931795657025E+03
 -0.1926771620686E+03
 -0.1916503264177E+03
 -0.1921231349570E+03
 -0.1925557380306E+03
 -0.1901574661363E+03
 -0.1912282596698E+03
 -0.1945219172427E+03
 -0.1968416400902E+03
 -0.1979015160158E+03
 -0.1981472340117E+03
 -0.1980649509431E+03
 -0.1980772603416E+03
 -0.1983692067137E+03
 -0.1987467189285E+03
 -0.1989434099431E+03
 -0.1988848938017E+03
 -0.1986486694211E+03
 -0.1982296204046E+03
 -0.1977916264845E+03
 -0.1937170624092E+03
 -0.1936694458182E+03
 -0.1938599492182E+03
 -0.1941096949834E+03
 -0.1941204062540E+03
 -0.1938820489630E+03
 -0.1933343801747E+03
 -0.1923755233661E+03
 -0.1910502481303E+03
 -0.1895369825731E+03
 -0.1880358331753E+03
 -0.1868534719364E+03
 -0.1861640014413E+03
 -0.1860147079132E+03
 -0.1862102128047E+03
 -0.1863348264812E+03
 -0.1869044777399E+03
 -0.1874006289160E+03
 -0.1858722216028E+03
 -0.1868236484968E+03
 -0.1866132407156E+03
 -0.1733188571197E+03
 -0.1811820032611E+03
 -0.1869632387093E+03
 -0.1907342084734E+03
 -0.1925429475020E+03
 -0.1932035555762E+03
 -0.1933463488275E+03
 -0.1935630756523E+03
 -0.1939716798459E+03
 -0.1944394107484E+03
 -0.1947952214352E+03
 -0.1948927456246E+03
 -0.1947548124732E+03
 -0.1943982094494E+03
 -0.1939853237864E+03
 -0.1859046730207E+03
 -0.1858697393734E+03
 -0.1862019497335E+03
 -0.1868941842265E+03
 -0.1873389881418E+03
 -0.1874514758717E+03
 -0.1871592183612E+03
 -0.1863318103233E+03
 -0.1849410252396E+03
 -0.1829900703015E+03
 -0.1801772180876E+03
 -0.1764752730423E+03
 -0.1726718705294E+03
 -0.1715954147327E+03
 -0.1734754806764E+03
 -0.1758675963533E+03
 -0.1791740546197E+03
 -0.1827135476995E+03
 -0.1824717636766E+03
 -0.1843427653659E+03
 -0.1848504332375E+03
 -0.1796357654889E+03
 -0.1820390664088E+03
 -0.1842743461479E+03
 -0.1860001676802E+03
 -0.1857760184858E+03
 -0.1848012598349E+03
 -0.1831895343916E+03
 -0.1826836872787E+03
 -0.1835878201165E+03
 -0.1848695169851E+03
 -0.1860326250017E+03
 -0.1866967057705E+03
 -0.1869668385159E+03
 -0.1867849593223E+03
 -0.1862861624519E+03
 -0.1801373731365E+03
 -0.1787102053609E+03
 -0.1776643311034E+03
 -0.1776742747814E+03
 -0.1779562692421E+03
 -0.1780765952663E+03
 -0.1778883989387E+03
 -0.1772343057690E+03
 -0.1759715121101E+03
 -0.1752973841499E+03
 -0.1762865072768E+03
 -0.1785598780232E+03
 -0.1810402998864E+03
 -0.1831548770256E+03
 -0.1842801441393E+03
 -0.1846577803183E+03
 -0.1845001343976E+03
 -0.1869982757228E+03
 -0.2405193232596E+03
 -0.2405047383475E+03
 -0.2413994610529E+03
 -0.1779834757912E+03
 -0.1822175170328E+03
 -0.1859685454902E+03
 -0.1899209984100E+03
 -0.1918555393989E+03
 -0.1919706259928E+03
 -0.1911937897973E+03
 -0.1896328982480E+03
 -0.1878151504369E+03
 -0.1862426861847E+03
 -0.1852334493542E+03
 -0.1845736525125E+03
 -0.1839939673324E+03
 -0.1830953693663E+03
 -0.1817482644409E+03
 -0.1888044037585E+03
 -0.1879790681590E+03
 -0.1873583302866E+03
 -0.1869789796594E+03
 -0.1866452381952E+03
 -0.1863840951296E+03
 -0.1862433651808E+03
 -0.1861927207077E+03
 -0.1862811936882E+03
 -0.1867467736451E+03
 -0.1876310979564E+03
 -0.1888729628940E+03
 -0.1903188919674E+03
 -0.1916475351505E+03
 -0.1918133586374E+03
 -0.1908634614866E+03
 -0.1889795302352E+03
 -0.1876090614104E+03
 -0.2375973086722E+03
 -0.2374526238168E+03
 -0.2383131264612E+03
 -0.1752270192768E+03
 -0.1808573322347E+03
 -0.1856583579862E+03
 -0.1892039335660E+03
 -0.1915755614895E+03
 -0.1930220840181E+03
 -0.1938837709243E+03
 -0.1942091759451E+03
 -0.1937047167582E+03
 -0.1931582805833E+03
 -0.1920418345653E+03
 -0.1916364395790E+03
 -0.1911828409685E+03
 -0.1905467403096E+03
 -0.1897229935448E+03
 -0.1923006459540E+03
 -0.1920526741552E+03
 -0.1919111932645E+03
 -0.1910261148385E+03
 -0.1906091864245E+03
 -0.1903967397964E+03
 -0.1902809109027E+03
 -0.1902242868953E+03
 -0.1902765911551E+03
 -0.1904844133984E+03
 -0.1908938053957E+03
 -0.1915091926277E+03
 -0.1923409802166E+03
 -0.1933150457003E+03
 -0.1936430358538E+03
 -0.1921532215264E+03
 -0.1899756055815E+03
 -0.1854777923378E+03
 -0.2345444692585E+03
 -0.2342976556269E+03
 -0.2349881693334E+03
 -0.1758391276790E+03
 -0.1809483142055E+03
 -0.1852626560481E+03
 -0.1878384719505E+03
 -0.1894764898724E+03
 -0.1907052923877E+03
 -0.1914100307462E+03
 -0.1918831644206E+03
 -0.1922223621290E+03
 -0.1924561400557E+03
 -0.1925979545437E+03
 -0.1926788828232E+03
 -0.1927234834637E+03
 -0.1926917026639E+03
 -0.1925363662845E+03
 -0.1895383763012E+03
 -0.1895007869247E+03
 -0.1895150124733E+03
 -0.1896039522162E+03
 -0.1896922581664E+03
 -0.1897568927501E+03
 -0.1897693487261E+03
 -0.1897426365625E+03
 -0.1896921228499E+03
 -0.1897348336027E+03
 -0.1898756683428E+03
 -0.1901490267615E+03
 -0.1905734185661E+03
 -0.1910538016915E+03
 -0.1916105597874E+03
 -0.1908411311974E+03
 -0.1890703411266E+03
 -0.1839812475743E+03
 -0.1841498973350E+03
 -0.1841392758927E+03
 -0.1849479144744E+03
 -0.1859197281363E+03
 -0.1884142211568E+03
 -0.1890463468256E+03
 -0.1891225419568E+03
 -0.1896717819162E+03
 -0.1895355548804E+03
 -0.1894748851727E+03
 -0.1897341596266E+03
 -0.1896793887522E+03
 -0.1896325378425E+03
 -0.1896175237148E+03
 -0.1895949564341E+03
 -0.1895534124187E+03
 -0.1898050281526E+03
 -0.1896839443330E+03
 -0.1847676426617E+03
 -0.1851422095242E+03
 -0.1850664379900E+03
 -0.1850191807865E+03
 -0.1850098666639E+03
 -0.1849940490603E+03
 -0.1849350082963E+03
 -0.1848736696551E+03
 -0.1847879115900E+03
 -0.1852236515490E+03
 -0.1852035833945E+03
 -0.1851720336925E+03
 -0.1851699606565E+03
 -0.1852024009766E+03
 -0.1854535316375E+03
 -0.1856483841838E+03
 -0.1849703434735E+03
 -0.1837482899544E+03
 -0.1830751315770E+03
 -0.1827449218743E+03
 -0.1834244258130E+03
 -0.1851548371533E+03
 -0.1865406656025E+03
 -0.1867533071586E+03
 -0.1869700063031E+03
 -0.1870395702968E+03
 -0.1866047057128E+03
 -0.1863500062456E+03
 -0.1861506061272E+03
 -0.1860754873715E+03
 -0.1859865514316E+03
 -0.1859610862139E+03
 -0.1859111920649E+03
 -0.1854284563112E+03
 -0.1851029129254E+03
 -0.1849258685125E+03
 -0.1782392769057E+03
 -0.1781474157986E+03
 -0.1781238738698E+03
 -0.1781154862196E+03
 -0.1781367500450E+03
 -0.1781116063208E+03
 -0.1780203153334E+03
 -0.1780197050590E+03
 -0.1782123172661E+03
 -0.1782218963244E+03
 -0.1778290710688E+03
 -0.1774087567364E+03
 -0.1769552276078E+03
 -0.1764789532469E+03
 -0.1761570456246E+03
 -0.1765052317256E+03
 -0.1766863019775E+03
 -0.1765977458055E+03
 -0.1764028554967E+03
 -0.1766246049716E+03
 -0.1780377919863E+03
 -0.1782215383442E+03
 -0.1784332621169E+03
 -0.1782671395756E+03
 -0.1780112859688E+03
 -0.1775392326277E+03
 -0.1770977898662E+03
 -0.1773073879571E+03
 -0.1780005057286E+03
 -0.1785957964861E+03
 -0.1787244101943E+03
 -0.1786303048436E+03
 -0.1785547259440E+03
 -0.1783181015669E+03
 -0.1780215808574E+03
 -0.1782295103382E+03
 -0.1646585996854E+03
 -0.1645976622366E+03
 -0.1645945225869E+03
 -0.1646165706387E+03
 -0.1649718260571E+03
 -0.1650534389436E+03
 -0.1650808896506E+03
 -0.1650627345610E+03
 -0.1650093014766E+03
 -0.1648988801235E+03
 -0.1646980538689E+03
 -0.1646007974055E+03
 -0.1647900038474E+03
 -0.1647322844108E+03
 -0.1647232645542E+03
 -0.1648098137474E+03
 -0.1648354242404E+03
 -0.1647848436550E+03
 -0.1646035274939E+03
 -0.1643492883317E+03
 -0.1641287525167E+03
 -0.1640650231771E+03
 -0.1641620499286E+03
 -0.1642908101667E+03
 -0.1644416730553E+03
 -0.1645466452111E+03
 -0.1644939531065E+03
 -0.1645746064217E+03
 -0.1647383824380E+03
 -0.1649160137641E+03
 -0.1650832821288E+03
 -0.1651934542566E+03
 -0.1651877674288E+03
 -0.1650913506090E+03
 -0.1649288086612E+03
 -0.1647744251653E+03
 -0.1583800546206E+03
 -0.1585678039015E+03
 -0.1588244210941E+03
 -0.1589364351099E+03
 -0.1609578701148E+03
 -0.1610625226210E+03
 -0.1609241195932E+03
 -0.1604933770045E+03
 -0.1566096575262E+03
 -0.1573419541183E+03
 -0.1562561924057E+03
 -0.1523204289290E+03
 -0.1524846800707E+03
 -0.1525352299008E+03
 -0.1524816851452E+03
 -0.1523089852275E+03
 -0.1519714079987E+03
 -0.1514231162858E+03
 -0.1582227417567E+03
 -0.1559902617594E+03
 -0.1586987258736E+03
 -0.1605895290144E+03
 -0.1670906213751E+03
 -0.1673184543965E+03
 -0.1671723772431E+03
 -0.1666988051341E+03
 -0.1661185989593E+03
 -0.1654686530530E+03
 -0.1651632034502E+03
 -0.1652129710859E+03
 -0.1654875795929E+03
 -0.1657520697727E+03
 -0.1658973548722E+03
 -0.1658770846763E+03
 -0.1657389416342E+03
 -0.1654882061373E+03
  0.0000000000000E+00
  0.1679953928174E-06
  0.3953737298688E-06
  0.5404263059435E-06
  0.5574166675021E-06
  0.0000000000000E+00
  0.6326018078589E-06
  0.6008041632302E-06
  0.3879880275849E-06
  0.1217936307527E-06
  0.0000000000000E+00
  0.0000000000000E+00
  0.0000000000000E+00
  0.0000000000000E+00
  0.0000000000000E+00
  0.0000000000000E+00
  0.0000000000000E+00
  0.0000000000000E+00
  0.0000000000000E+00
  0.0000000000000E+00
  0.0000000000000E+00
  0.0000000000000E+00
  0.0000000000000E+00
  0.0000000000000E+00
  0.0000000000000E+00
  0.0000000000000E+00
  0.0000000000000E+00
  0.0000000000000E+00
  0.0000000000000E+00
  0.0000000000000E+00
  0.0000000000000E+00
  0.0000000000000E+00
  0.0000000000000E+00
  0.0000000000000E+00
  0.0000000000000E+00
  0.0000000000000E+00
  0.3722608670874E-06
  0.0000000000000E+00
  0.0000000000000E+00
  0.0000000000000E+00
  0.7173055212419E-06
  0.1310931572398E-05
  0.1352475677214E-05
  0.1302509099092E-05
  0.1085407018421E-05
  0.0000000000000E+00
  0.0000000000000E+00
  0.0000000000000E+00
  0.0000000000000E+00
  0.0000000000000E+00
  0.0000000000000E+00
  0.0000000000000E+00
  0.0000000000000E+00
  0.0000000000000E+00
  0.0000000000000E+00
  0.0000000000000E+00
  0.0000000000000E+00
  0.0000000000000E+00
  0.0000000000000E+00
  0.0000000000000E+00
  0.0000000000000E+00
  0.0000000000000E+00
  0.0000000000000E+00
  0.0000000000000E+00
  0.0000000000000E+00
  0.0000000000000E+00
  0.0000000000000E+00
  0.0000000000000E+00
  0.0000000000000E+00
  0.0000000000000E+00
  0.0000000000000E+00
  0.2889707724642E-06
  0.4822765777648E-05
  0.5654874029538E-05
  0.5632904864026E-05
  0.3897565115642E-05
  0.2605046614783E-05
  0.4069699663532E-05
  0.4704564447958E-05
  0.5986420886284E-05
  0.6580818761867E-05
  0.6120645715303E-05
  0.0000000000000E+00
  0.0000000000000E+00
  0.0000000000000E+00
  0.0000000000000E+00
  0.0000000000000E+00
  0.0000000000000E+00
  0.0000000000000E+00
  0.0000000000000E+00
  0.0000000000000E+00
  0.0000000000000E+00
  0.0000000000000E+00
  0.0000000000000E+00
  0.0000000000000E+00
  0.0000000000000E+00
  0.0000000000000E+00
  0.0000000000000E+00
  0.0000000000000E+00
  0.0000000000000E+00
  0.0000000000000E+00
  0.0000000000000E+00
  0.0000000000000E+00
  0.0000000000000E+00
  0.0000000000000E+00
  0.0000000000000E+00
  0.2668329346681E-05
  0.4814545910177E-05
  0.1230759855647E-04
  0.1235965883958E-04
  0.1200406486387E-04
  0.1120992619623E-04
  0.8446571932174E-05
  0.8354043683496E-05
  0.9663200567984E-05
  0.1087743607402E-04
  0.1147133610860E-04
  0.1065017422188E-04
  0.3810373789636E-05
  0.0000000000000E+00
  0.0000000000000E+00
  0.0000000000000E+00
  0.0000000000000E+00
  0.0000000000000E+00
  0.0000000000000E+00
  0.0000000000000E+00
  0.0000000000000E+00
  0.0000000000000E+00
  0.0000000000000E+00
  0.0000000000000E+00
  0.0000000000000E+00
  0.0000000000000E+00
  0.0000000000000E+00
  0.0000000000000E+00
  0.0000000000000E+00
  0.0000000000000E+00
  0.0000000000000E+00
  0.0000000000000E+00
  0.0000000000000E+00
  0.0000000000000E+00
  0.2001215308207E-05
  0.6399580032312E-05
  0.1054149956196E-04
  0.1178854242572E-04
  0.1930539880534E-04
  0.1877140471202E-04
  0.1766046834442E-04
  0.1701928523685E-04
  0.1589989303561E-04
  0.1525466857071E-04
  0.1518146735670E-04
  0.1529422049078E-04
  0.1494100194597E-04
  0.1417452583465E-04
  0.1060116026632E-04
  0.2853002576456E-05
  0.0000000000000E+00
  0.0000000000000E+00
  0.0000000000000E+00
  0.0000000000000E+00
  0.0000000000000E+00
  0.0000000000000E+00
  0.0000000000000E+00
  0.0000000000000E+00
  0.0000000000000E+00
  0.0000000000000E+00
  0.0000000000000E+00
  0.0000000000000E+00
  0.0000000000000E+00
  0.0000000000000E+00
  0.0000000000000E+00
  0.0000000000000E+00
  0.0000000000000E+00
  0.0000000000000E+00
  0.0000000000000E+00
  0.0000000000000E+00
  0.8469082006036E-05
  0.1492200746746E-04
  0.1746556587627E-04
  0.1845156121154E-04
  0.2563832304592E-04
  0.2390433210060E-04
  0.2202791757103E-04
  0.2136627026881E-04
  0.2108138382100E-04
  0.2076380698819E-04
  0.2038545510220E-04
  0.1982345035076E-04
  0.1887799527907E-04
  0.1805373681180E-04
  0.1626526869890E-04
  0.1024015320725E-04
  0.4388832514449E-05
  0.0000000000000E+00
  0.0000000000000E+00
  0.0000000000000E+00
  0.0000000000000E+00
  0.0000000000000E+00
  0.0000000000000E+00
  0.0000000000000E+00
  0.0000000000000E+00
  0.0000000000000E+00
  0.0000000000000E+00
  0.0000000000000E+00
  0.0000000000000E+00
  0.0000000000000E+00
  0.0000000000000E+00
  0.0000000000000E+00
  0.0000000000000E+00
  0.0000000000000E+00
  0.0000000000000E+00
  0.0000000000000E+00
  0.1322409055778E-04
  0.2060028640306E-04
  0.2384211279072E-04
  0.2532554665482E-04
  0.2980479604518E-04
  0.2587752194565E-04
  0.2299829707693E-04
  0.2222531033497E-04
  0.2261721068134E-04
  0.2289457500968E-04
  0.2297421912827E-04
  0.2264917602242E-04
  0.2199424700804E-04
  0.2178086680324E-04
  0.2121610524986E-04
  0.1795584783242E-04
  0.1080444780973E-04
  0.0000000000000E+00
  0.0000000000000E+00
  0.0000000000000E+00
  0.0000000000000E+00
  0.0000000000000E+00
  0.0000000000000E+00
  0.7425269529684E-06
  0.3625451770832E-05
  0.3785154125367E-05
  0.0000000000000E+00
  0.0000000000000E+00
  0.0000000000000E+00
  0.0000000000000E+00
  0.0000000000000E+00
  0.0000000000000E+00
  0.0000000000000E+00
  0.0000000000000E+00
  0.0000000000000E+00
  0.0000000000000E+00
  0.1498667104494E-04
  0.2706205945416E-04
  0.3081285073758E-04
  0.3206146596234E-04
  0.2900836940463E-04
  0.2501587926271E-04
  0.2450207161349E-04
  0.2507855612959E-04
  0.2486875819582E-04
  0.2389201506168E-04
  0.2222207195749E-04
  0.1979931248539E-04
  0.1714375337842E-04
  0.1800130028731E-04
  0.2201852670240E-04
  0.2154408392349E-04
  0.1631590251999E-04
  0.1428696646685E-04
  0.1112912763248E-04
  0.0000000000000E+00
  0.0000000000000E+00
  0.5978169940471E-05
  0.7875227812209E-05
  0.9286912451353E-05
  0.1647009079862E-04
  0.1681870804638E-04
  0.1194385189316E-04
  0.9115601011348E-05
  0.8011564427701E-05
  0.8235873607542E-05
  0.1150561103601E-04
  0.1115770445702E-04
  0.1006651442406E-04
  0.0000000000000E+00
  0.0000000000000E+00
  0.0000000000000E+00
  0.2192623501741E-04
  0.3327272896179E-04
  0.3325405331361E-04
  0.3361140386762E-04
  0.3312676403249E-04
  0.3390634133313E-04
  0.3491860734657E-04
  0.3541216039346E-04
  0.3561870359164E-04
  0.3550488858250E-04
  0.3488542430874E-04
  0.3396870555008E-04
  0.3259267537849E-04
  0.3026047219593E-04
  0.2673468593362E-04
  0.1960444271788E-04
  0.2043056680319E-04
  0.1971816582036E-04
  0.1663703213627E-04
  0.0000000000000E+00
  0.0000000000000E+00
  0.8827912790625E-05
  0.1436481674213E-04
  0.1626455034504E-04
  0.2267703491395E-04
  0.2184986720529E-04
  0.1358373239826E-04
  0.1487520495517E-04
  0.1265836212119E-04
  0.1557009926941E-04
  0.1831860911827E-04
  0.1755762994815E-04
  0.1151773144242E-04
  0.0000000000000E+00
  0.0000000000000E+00
  0.0000000000000E+00
  0.2535815609429E-04
  0.2482897139666E-04
  0.2827398278905E-04
  0.3291086556207E-04
  0.3908109750385E-04
  0.3996710232814E-04
  0.4070923327990E-04
  0.4127258803992E-04
  0.4170612566792E-04
  0.4186879650553E-04
  0.4152251751976E-04
  0.4058926231675E-04
  0.3915150993202E-04
  0.3749777053199E-04
  0.3582142141425E-04
  0.3457400312638E-04
  0.2919687234658E-04
  0.2479401491468E-04
  0.2068948510309E-04
  0.2150861472402E-04
  0.0000000000000E+00
  0.1306568362111E-04
  0.1964394068329E-04
  0.0000000000000E+00
  0.2388451887682E-04
  0.2809449780568E-04
  0.3034283921359E-04
  0.2762571173423E-04
  0.2607106654160E-04
  0.2463236980291E-04
  0.2391289469935E-04
  0.2423315666929E-04
  0.2380409713474E-04
  0.0000000000000E+00
  0.0000000000000E+00
  0.0000000000000E+00
  0.2863062783440E-04
  0.3339453475453E-04
  0.3670033200081E-04
  0.3827518774615E-04
  0.4337889518384E-04
  0.4427169139591E-04
  0.4495971171116E-04
  0.4570634118981E-04
  0.4651229108371E-04
  0.4695952657453E-04
  0.4683411789340E-04
  0.4587180867421E-04
  0.4414997940328E-04
  0.4210589135446E-04
  0.4021851736108E-04
  0.3824688974800E-04
  0.3445790106663E-04
  0.0000000000000E+00
  0.2844698776730E-04
  0.2721616888448E-04
  0.0000000000000E+00
  0.0000000000000E+00
  0.2452349031659E-04
  0.2933114830895E-04
  0.3306223912946E-04
  0.3487336529340E-04
  0.3524192783713E-04
  0.3343726656601E-04
  0.2911242922478E-04
  0.3229752668840E-04
  0.3010787498336E-04
  0.3082257982025E-04
  0.2762771198607E-04
  0.2521946411367E-04
  0.0000000000000E+00
  0.0000000000000E+00
  0.3303243141670E-04
  0.3926004409039E-04
  0.4135440856963E-04
  0.4257442734858E-04
  0.4663681759545E-04
  0.4724181677033E-04
  0.4789411057807E-04
  0.4875087266264E-04
  0.4959689847459E-04
  0.5001373468256E-04
  0.4970027583259E-04
  0.4854422329934E-04
  0.4703730583644E-04
  0.4561107181728E-04
  0.4422174256716E-04
  0.4234919352356E-04
  0.3887405065524E-04
  0.3506533646392E-04
  0.3541160154380E-04
  0.2978944969552E-04
  0.0000000000000E+00
  0.0000000000000E+00
  0.2940558522206E-04
  0.3553792384942E-04
  0.3832107957245E-04
  0.4049912448158E-04
  0.4076521087444E-04
  0.3775933511072E-04
  0.0000000000000E+00
  0.2783733140842E-04
  0.3141713054903E-04
  0.3666109791811E-04
  0.3364394939783E-04
  0.3041225735708E-04
  0.0000000000000E+00
  0.0000000000000E+00
  0.3573597472112E-04
  0.4249109615616E-04
  0.4470488953786E-04
  0.4594602951296E-04
  0.4804861585168E-04
  0.4837099279917E-04
  0.4865539580809E-04
  0.4876945495529E-04
  0.4856853638509E-04
  0.4812740773035E-04
  0.4748431591771E-04
  0.4736592309083E-04
  0.4770885076015E-04
  0.4785731276131E-04
  0.4731662354926E-04
  0.4557592050954E-04
  0.4282902495741E-04
  0.3990515153529E-04
  0.3882271474192E-04
  0.3461206459524E-04
  0.0000000000000E+00
  0.0000000000000E+00
  0.2812757693689E-04
  0.4121056874869E-04
  0.4195738443799E-04
  0.4365604349702E-04
  0.4381680635499E-04
  0.4120995385476E-04
  0.0000000000000E+00
  0.0000000000000E+00
  0.0000000000000E+00
  0.3043032546890E-04
  0.3768070884570E-04
  0.3445057212490E-04
  0.0000000000000E+00
  0.0000000000000E+00
  0.3689141824479E-04
  0.4495221481723E-04
  0.4668043281865E-04
  0.4750659712399E-04
  0.4645568736630E-04
  0.4624943949940E-04
  0.4544890208245E-04
  0.4359764853293E-04
  0.4138984628599E-04
  0.3969552736050E-04
  0.4059274707547E-04
  0.4396570086906E-04
  0.4664002925216E-04
  0.4823617627971E-04
  0.4860905141359E-04
  0.4745384933365E-04
  0.4453533323099E-04
  0.4196010143004E-04
  0.4008125381653E-04
  0.3799102175416E-04
  0.0000000000000E+00
  0.0000000000000E+00
  0.0000000000000E+00
  0.3305820432045E-04
  0.4295868893141E-04
  0.4466351572081E-04
  0.4450002339572E-04
  0.4571481571364E-04
  0.3372184548004E-04
  0.0000000000000E+00
  0.0000000000000E+00
  0.0000000000000E+00
  0.3622887275848E-04
  0.3728288005751E-04
  0.0000000000000E+00
  0.0000000000000E+00
  0.3592208721352E-04
  0.4544583164341E-04
  0.4656387164710E-04
  0.4624155445581E-04
  0.3873609598413E-04
  0.3756715855096E-04
  0.3541717792975E-04
  0.3213130434961E-04
  0.2965332008686E-04
  0.3169177803413E-04
  0.3672128443567E-04
  0.4119636342469E-04
  0.4391168534801E-04
  0.4543854267755E-04
  0.4629026117045E-04
  0.4567580024289E-04
  0.4243374318845E-04
  0.4121690647868E-04
  0.4066766520462E-04
  0.4025785633649E-04
  0.0000000000000E+00
  0.0000000000000E+00
  0.0000000000000E+00
  0.3533391987884E-04
  0.4277786361039E-04
  0.4365496776787E-04
  0.4540101530229E-04
  0.4486869223205E-04
  0.3631857728406E-04
  0.3150782701153E-04
  0.0000000000000E+00
  0.0000000000000E+00
  0.3858160444579E-04
  0.3993358893197E-04
  0.0000000000000E+00
  0.3294700348534E-04
  0.4108149893570E-04
  0.4172882430566E-04
  0.4044219963692E-04
  0.3925757562898E-04
  0.3375194025694E-04
  0.3372572182904E-04
  0.3485655810874E-04
  0.3803845438652E-04
  0.4147939999957E-04
  0.4350161929236E-04
  0.4419253277372E-04
  0.4382181980565E-04
  0.4262052762017E-04
  0.4097503853203E-04
  0.3942575393559E-04
  0.3955627106398E-04
  0.3868979370921E-04
  0.3863476550070E-04
  0.4069557940262E-04
  0.3978887413310E-04
  0.0000000000000E+00
  0.0000000000000E+00
  0.0000000000000E+00
  0.3599452858127E-04
  0.4381411830914E-04
  0.4614562893798E-04
  0.4569728941872E-04
  0.4476850345553E-04
  0.3502846975010E-04
  0.2746750877255E-04
  0.3201350547271E-04
  0.0000000000000E+00
  0.3946839455489E-04
  0.4160530420040E-04
  0.3562626355027E-04
  0.3962139362909E-04
  0.3830403110065E-04
  0.3577656016123E-04
  0.3368442212024E-04
  0.3380021402135E-04
  0.4814263846338E-04
  0.4968641782735E-04
  0.5078832412351E-04
  0.5152487541345E-04
  0.5197216244966E-04
  0.5221488008886E-04
  0.5204339836662E-04
  0.5045103609819E-04
  0.4673252009918E-04
  0.4299239391541E-04
  0.3993333076587E-04
  0.3746771316657E-04
  0.3620482123308E-04
  0.3271552423181E-04
  0.4274999580288E-04
  0.3733496275776E-04
  0.0000000000000E+00
  0.0000000000000E+00
  0.0000000000000E+00
  0.3819837563590E-04
  0.4398419464592E-04
  0.4660243052070E-04
  0.4459442418536E-04
  0.4435018754711E-04
  0.3842290594094E-04
  0.3865278459756E-04
  0.3997966953672E-04
  0.0000000000000E+00
  0.0000000000000E+00
  0.3609466595834E-04
  0.4188994103651E-04
  0.4109294528619E-04
  0.4139259154827E-04
  0.4166719576085E-04
  0.4432562687838E-04
  0.4657530394344E-04
  0.5334272646995E-04
  0.5370309664019E-04
  0.5376612268723E-04
  0.5369813786334E-04
  0.5375495193231E-04
  0.5393362898215E-04
  0.5400920385371E-04
  0.5370925430835E-04
  0.5281088766904E-04
  0.5123039427020E-04
  0.4871953748502E-04
  0.4543793605394E-04
  0.4094647092428E-04
  0.1666674278257E-04
  0.4674923253154E-04
  0.4729241551288E-04
  0.0000000000000E+00
  0.0000000000000E+00
  0.0000000000000E+00
  0.3255809253095E-04
  0.4163873449503E-04
  0.3910741555593E-04
  0.3587626364439E-04
  0.3878491870180E-04
  0.3937018922499E-04
  0.3966766889909E-04
  0.3556583161153E-04
  0.2751527815548E-04
  0.0000000000000E+00
  0.3608687561325E-04
  0.4481909372885E-04
  0.4456521383521E-04
  0.4694339362788E-04
  0.4931885983847E-04
  0.5143231614599E-04
  0.5266021255817E-04
  0.5209674625919E-04
  0.5143318949689E-04
  0.5069376320094E-04
  0.5027297150354E-04
  0.5011741094948E-04
  0.4991544052153E-04
  0.4953470473314E-04
  0.4916029889221E-04
  0.4888020179323E-04
  0.4842453102946E-04
  0.4737521969651E-04
  0.4592338970037E-04
  0.4452505689857E-04
  0.3708402350358E-04
  0.4050101985667E-04
  0.4718131728337E-04
  0.0000000000000E+00
  0.0000000000000E+00
  0.0000000000000E+00
  0.4388762811041E-04
  0.4633827954004E-04
  0.3212922076225E-04
  0.4217012422810E-04
  0.2671815558952E-04
  0.2002550358843E-04
  0.2651661561107E-04
  0.3223338501132E-04
  0.4457099600867E-04
  0.0000000000000E+00
  0.3139360940674E-04
  0.4220017869948E-04
  0.4289088114719E-04
  0.4569309726206E-04
  0.4919297241939E-04
  0.5147940094185E-04
  0.5223792796865E-04
  0.4176555441067E-04
  0.4140388765263E-04
  0.4119206044984E-04
  0.4102572684222E-04
  0.4093881600062E-04
  0.4071831517709E-04
  0.4031092599492E-04
  0.4003873794996E-04
  0.3988462863298E-04
  0.3990360313605E-04
  0.4002801188791E-04
  0.4050856113399E-04
  0.4299813829305E-04
  0.4771894857843E-04
  0.3279769852675E-04
  0.3514521077113E-04
  0.0000000000000E+00
  0.0000000000000E+00
  0.0000000000000E+00
  0.4851708888857E-04
  0.4907707819682E-04
  0.4775408015526E-04
  0.4796226036891E-04
  0.4730106091700E-04
  0.4240226192604E-04
  0.4537294863309E-04
  0.4897155006829E-04
  0.5070265187560E-04
  0.4244379474795E-04
  0.4362926992213E-04
  0.3966695970952E-04
  0.3716526863988E-04
  0.3788752160727E-04
  0.4131253693972E-04
  0.4277506401690E-04
  0.4234649059492E-04
  0.4517001107168E-04
  0.4457514550247E-04
  0.4426662443579E-04
  0.4417695137749E-04
  0.4449397093752E-04
  0.4504230507864E-04
  0.4554511250997E-04
  0.4599349744786E-04
  0.4609527459233E-04
  0.4581698562641E-04
  0.4522060184121E-04
  0.4466576589192E-04
  0.4739764078865E-04
  0.5169046283724E-04
  0.5361518198563E-04
  0.3606052709405E-04
  0.0000000000000E+00
  0.0000000000000E+00
  0.0000000000000E+00
  0.5050908228493E-04
  0.4473348357848E-04
  0.4953043736530E-04
  0.0000000000000E+00
  0.4903353531274E-04
  0.5185291182277E-04
  0.5373227434879E-04
  0.5342451593579E-04
  0.5225135570732E-04
  0.4989633891842E-04
  0.5200397802455E-04
  0.4929730532055E-04
  0.4509796677095E-04
  0.4426907340712E-04
  0.4569529343891E-04
  0.4614956898926E-04
  0.4586046115333E-04
  0.5230885548448E-04
  0.5120275299162E-04
  0.4991615022088E-04
  0.4876188103575E-04
  0.4788436440109E-04
  0.4760894361689E-04
  0.4804375276997E-04
  0.4906865112480E-04
  0.5017186327349E-04
  0.5119827795141E-04
  0.5221552781770E-04
  0.5288022543884E-04
  0.5248022336273E-04
  0.4811035467646E-04
  0.5499198042074E-04
  0.6023139670346E-04
  0.4000417039810E-04
  0.3759809836699E-04
  0.4610419252988E-04
  0.5645519020158E-04
  0.4524221106833E-04
  0.4549571523350E-04
  0.0000000000000E+00
  0.5070548541202E-04
  0.5242061218605E-04
  0.5430534655074E-04
  0.5582941381970E-04
  0.5320198333952E-04
  0.5282678332460E-04
  0.5649225827554E-04
  0.5649669603039E-04
  0.5524626627709E-04
  0.5346446201126E-04
  0.5378042927789E-04
  0.5357736996926E-04
  0.5311954119248E-04
  0.5597562451069E-04
  0.5636044634670E-04
  0.5651837210725E-04
  0.5599402236363E-04
  0.5470889806595E-04
  0.5331496850466E-04
  0.5215700540956E-04
  0.5188228545048E-04
  0.5245604793813E-04
  0.5339302722365E-04
  0.5439751432178E-04
  0.5511932606764E-04
  0.5480449359054E-04
  0.5272717658606E-04
  0.4936776459336E-04
  0.4203795012161E-04
  0.4885398483901E-04
  0.5112730512422E-04
  0.5521579272365E-04
  0.5826760414930E-04
  0.5283797853436E-04
  0.0000000000000E+00
  0.4984502951938E-04
  0.5668891033508E-04
  0.5488367529854E-04
  0.5637338720513E-04
  0.5665095945241E-04
  0.5564104733137E-04
  0.5318463162548E-04
  0.5239623436212E-04
  0.5293094928687E-04
  0.5455768994946E-04
  0.5500015091169E-04
  0.5502001125620E-04
  0.5523229682074E-04
  0.5565571098686E-04
  0.5603089062845E-04
  0.5621700034718E-04
  0.5664862603559E-04
  0.5723237767285E-04
  0.5770989508803E-04
  0.5756731278610E-04
  0.5660722472132E-04
  0.5510072091444E-04
  0.5411681011942E-04
  0.5411392946869E-04
  0.5468607925735E-04
  0.5531609826492E-04
  0.5581035891718E-04
  0.5614887556149E-04
  0.5677889066206E-04
  0.5710721450428E-04
  0.5843729254138E-04
  0.5656020484690E-04
  0.5685664705395E-04
  0.5787406519758E-04
  0.5495153701541E-04
  0.0000000000000E+00
  0.4564373983012E-04
  0.5718773756357E-04
  0.5748836709749E-04
  0.5870076117046E-04
  0.5817323245699E-04
  0.5702889648554E-04
  0.5537737050887E-04
  0.5570286196106E-04
  0.5601541436415E-04
  0.5636152901723E-04
  0.5685342971061E-04
  0.5729586352427E-04
  0.5640085900749E-04
  0.5614447109990E-04
  0.5847922521685E-04
  0.5850958712439E-04
  0.5856402536042E-04
  0.5849101426808E-04
  0.5859174059629E-04
  0.5866758838789E-04
  0.5828276139116E-04
  0.5716897988508E-04
  0.5568399913854E-04
  0.5440644032480E-04
  0.5392415817381E-04
  0.5409793813175E-04
  0.5466134684412E-04
  0.5588585377062E-04
  0.5772336433916E-04
  0.5820952512336E-04
  0.5729056381145E-04
  0.5582233022775E-04
  0.5671288509925E-04
  0.5890708752574E-04
  0.5833615783291E-04
  0.4393758153037E-04
  0.5767931626006E-04
  0.5764875402128E-04
  0.5900460857949E-04
  0.5910400108455E-04
  0.5843022729911E-04
  0.5756082180430E-04
  0.5741599009837E-04
  0.5817433959340E-04
  0.5910189670188E-04
  0.5991720028044E-04
  0.6036764102996E-04
  0.6010931642625E-04
  0.5929448514676E-04
  0.5875615667114E-04
  0.5705376365252E-04
  0.5700481065416E-04
  0.5732469550220E-04
  0.5780316407099E-04
  0.5810767166990E-04
  0.5805107023453E-04
  0.5747014835467E-04
  0.5653460324449E-04
  0.5532956154578E-04
  0.5381102494261E-04
  0.5247830202589E-04
  0.5183307196688E-04
  0.5184526891189E-04
  0.5223256977602E-04
  0.5271491906647E-04
  0.5303367550420E-04
  0.5286035716413E-04
  0.5279124742516E-04
  0.5340014186064E-04
  0.5520573387413E-04
  0.5741004241918E-04
  0.4951225905061E-04
  0.5210174703844E-04
  0.5340761296429E-04
  0.5487826759883E-04
  0.5549868276890E-04
  0.5561700579094E-04
  0.5524264005298E-04
  0.5523335226661E-04
  0.5578479854254E-04
  0.5670476693026E-04
  0.5763405286588E-04
  0.5824285281738E-04
  0.5824894694750E-04
  0.5789053621622E-04
  0.5741631990447E-04
  0.5268897866165E-04
  0.5255845768735E-04
  0.5277755512982E-04
  0.5331863369165E-04
  0.5370274681363E-04
  0.5382175541078E-04
  0.5360936499182E-04
  0.5302990679283E-04
  0.5206852357397E-04
  0.5072654382043E-04
  0.4924205994745E-04
  0.4802695258819E-04
  0.4739581571546E-04
  0.4698454853930E-04
  0.4645000721722E-04
  0.4610263546971E-04
  0.4658535916731E-04
  0.4837878592076E-04
  0.4889413499805E-04
  0.5091178936387E-04
  0.5234757953100E-04
  0.2636040509701E-04
  0.3709962310337E-04
  0.4338009285054E-04
  0.4680729624921E-04
  0.4846205310197E-04
  0.4937142382720E-04
  0.4969122503531E-04
  0.5018195038722E-04
  0.5081692323200E-04
  0.5157041746600E-04
  0.5239556943637E-04
  0.5303369903390E-04
  0.5328355789827E-04
  0.5325037962004E-04
  0.5297605128544E-04
  0.4364907046693E-04
  0.4365970045148E-04
  0.4391484222595E-04
  0.4456768063277E-04
  0.4509102520102E-04
  0.4535881780240E-04
  0.4530568998360E-04
  0.4483101324886E-04
  0.4388602745630E-04
  0.4238220478456E-04
  0.3989201804218E-04
  0.3634561584784E-04
  0.3272441384806E-04
  0.3261419545351E-04
  0.3552305766925E-04
  0.3762152755255E-04
  0.4081207341409E-04
  0.4447866029351E-04
  0.4763468382216E-04
  0.5061470687047E-04
  0.5225636408319E-04
  0.6169308244861E-04
  0.5809388271866E-04
  0.4850695472623E-04
  0.4310070310238E-04
  0.4185912233049E-04
  0.4075053207601E-04
  0.3940889294243E-04
  0.3912545081196E-04
  0.4004566667648E-04
  0.4126505630554E-04
  0.4245471882760E-04
  0.4332260904015E-04
  0.4391760098478E-04
  0.4410752065553E-04
  0.4387824872877E-04
  0.3795436269743E-04
  0.3683556393978E-04
  0.3595340057203E-04
  0.3623932493994E-04
  0.3643454191329E-04
  0.3635728651496E-04
  0.3606311518144E-04
  0.3539390086484E-04
  0.3422181014144E-04
  0.3400919305538E-04
  0.3554512790032E-04
  0.3779110999771E-04
  0.3941064561339E-04
  0.4060072683544E-04
  0.4344813211978E-04
  0.4645736959652E-04
  0.4746964418348E-04
  0.4896218358693E-04
  0.0000000000000E+00
  0.0000000000000E+00
  0.0000000000000E+00
  0.5132154768086E-04
  0.7047635288329E-04
  0.6483929380183E-04
  0.5662338112100E-04
  0.5171262431619E-04
  0.4903917622804E-04
  0.4662680168676E-04
  0.4458143415659E-04
  0.4251379466639E-04
  0.4087638938630E-04
  0.3995851678041E-04
  0.3978134299433E-04
  0.3995606058673E-04
  0.3987089102193E-04
  0.3915750736846E-04
  0.4197727490567E-04
  0.4196399708909E-04
  0.4177833075483E-04
  0.4132755003110E-04
  0.4096714457758E-04
  0.4086581984542E-04
  0.4092208875855E-04
  0.4091488008402E-04
  0.4091507618315E-04
  0.4069299407543E-04
  0.4011735821697E-04
  0.3928328693580E-04
  0.3826877619169E-04
  0.3762517588637E-04
  0.3983252593252E-04
  0.4463155378970E-04
  0.4844255915286E-04
  0.4756960788183E-04
  0.0000000000000E+00
  0.0000000000000E+00
  0.0000000000000E+00
  0.4181661549765E-04
  0.6153416567155E-04
  0.6409927805798E-04
  0.6190755683215E-04
  0.5842935027223E-04
  0.5435008963902E-04
  0.5010559899473E-04
  0.4630961122137E-04
  0.4423517427721E-04
  0.4262052540701E-04
  0.4288909050688E-04
  0.4208026883266E-04
  0.4170193775830E-04
  0.4167658298297E-04
  0.4181731249657E-04
  0.3659787389081E-04
  0.3604309930348E-04
  0.3543762787401E-04
  0.3651456162144E-04
  0.3672043348455E-04
  0.3679178021650E-04
  0.3688586351940E-04
  0.3703928370138E-04
  0.3718916183825E-04
  0.3719672733897E-04
  0.3701405684434E-04
  0.3662483757338E-04
  0.3586065316716E-04
  0.3489026079664E-04
  0.3551034764066E-04
  0.4050362214854E-04
  0.4504232796256E-04
  0.4944627692460E-04
  0.0000000000000E+00
  0.0000000000000E+00
  0.0000000000000E+00
  0.3304171485681E-04
  0.4465401487304E-04
  0.4753606520120E-04
  0.5030878203297E-04
  0.5175352066279E-04
  0.5131670266606E-04
  0.5035834380470E-04
  0.4871508355068E-04
  0.4656658422221E-04
  0.4438998376869E-04
  0.4243968161894E-04
  0.4079664944144E-04
  0.3938352748334E-04
  0.3814478110606E-04
  0.3724024789069E-04
  0.3555434260828E-04
  0.3503718543699E-04
  0.3451200097904E-04
  0.3391820475540E-04
  0.3338005032180E-04
  0.3299195152117E-04
  0.3281229865546E-04
  0.3291390669613E-04
  0.3324833423725E-04
  0.3350828433506E-04
  0.3372752724280E-04
  0.3372345288775E-04
  0.3337422357123E-04
  0.3291394151096E-04
  0.3231783470287E-04
  0.3465031685246E-04
  0.3863330389992E-04
  0.4888794545089E-04
  0.4196305483565E-04
  0.3584726173637E-04
  0.2929489033030E-04
  0.2782229986374E-04
  0.2748866991319E-04
  0.2921438196281E-04
  0.3254794776546E-04
  0.3488064618923E-04
  0.3799482911969E-04
  0.4012097446362E-04
  0.4051527399157E-04
  0.4079143038311E-04
  0.4042421970391E-04
  0.3965454117648E-04
  0.3878686570471E-04
  0.3796054871281E-04
  0.3646469663607E-04
  0.3591442562804E-04
  0.3082676763784E-04
  0.2996408635107E-04
  0.2997160158419E-04
  0.2997755498727E-04
  0.2986097115536E-04
  0.2969381264972E-04
  0.2965017373225E-04
  0.2974079993828E-04
  0.2999965505611E-04
  0.2934504983422E-04
  0.2958445599101E-04
  0.2983702975192E-04
  0.2996431857428E-04
  0.2992873696423E-04
  0.2945598522926E-04
  0.2918021356995E-04
  0.3074904958395E-04
  0.3333474069338E-04
  0.3195737864159E-04
  0.2885390255992E-04
  0.2547236146557E-04
  0.2282741704167E-04
  0.2159562755477E-04
  0.2147124593711E-04
  0.2136430893928E-04
  0.2191524936032E-04
  0.2370333388100E-04
  0.2567564737895E-04
  0.2760716094667E-04
  0.2891971687661E-04
  0.2965904321077E-04
  0.2987554854478E-04
  0.2982825598382E-04
  0.3039516515477E-04
  0.3064645550364E-04
  0.3071910454925E-04
  0.2101937265498E-04
  0.2152546112504E-04
  0.2180469380222E-04
  0.2195568819839E-04
  0.2189514180569E-04
  0.2180552930926E-04
  0.2186285427471E-04
  0.2183606522748E-04
  0.2155276164432E-04
  0.2143651244990E-04
  0.2175064575455E-04
  0.2200592800846E-04
  0.2212877860522E-04
  0.2207393930136E-04
  0.2180881258977E-04
  0.2112310535020E-04
  0.2161208557577E-04
  0.2359105437119E-04
  0.2318378892261E-04
  0.2223875536227E-04
  0.1995385793378E-04
  0.1916335731578E-04
  0.1798469977932E-04
  0.1691898135455E-04
  0.1586761282587E-04
  0.1494498265738E-04
  0.1451873207943E-04
  0.1514881658711E-04
  0.1650026075513E-04
  0.1779610119403E-04
  0.1884511746938E-04
  0.1960640222501E-04
  0.2005099407085E-04
  0.2047184072040E-04
  0.2087390152089E-04
  0.2073834231494E-04
  0.1114924362079E-04
  0.1113178271683E-04
  0.1108578546755E-04
  0.1103008771960E-04
  0.1079740340593E-04
  0.1072106346838E-04
  0.1068325791678E-04
  0.1068050573098E-04
  0.1070771873481E-04
  0.1077957255205E-04
  0.1091087322563E-04
  0.1099251682488E-04
  0.1092503515985E-04
  0.1100258870686E-04
  0.1106061353968E-04
  0.1106356537376E-04
  0.1107913069604E-04
  0.1108425449364E-04
  0.1108799810406E-04
  0.1109595472272E-04
  0.1111135486183E-04
  0.1109896629611E-04
  0.1105606776096E-04
  0.1104121875713E-04
  0.1104572547082E-04
  0.1109715328768E-04
  0.1124728440639E-04
  0.1131755819991E-04
  0.1131665549572E-04
  0.1127066568657E-04
  0.1119054800077E-04
  0.1110994253108E-04
  0.1107336346721E-04
  0.1107697775177E-04
  0.1111241595919E-04
  0.1114074582379E-04
  0.6181243807962E-05
  0.6141236213224E-05
  0.6098192580402E-05
  0.6147479772423E-05
  0.5359893154312E-05
  0.5441402200278E-05
  0.5609915621009E-05
  0.5891345965781E-05
  0.7664303241333E-05
  0.7450449629959E-05
  0.8059332580475E-05
  0.1032213011202E-04
  0.1030418902286E-04
  0.1030703427852E-04
  0.1032418209480E-04
  0.1035714103033E-04
  0.1041816625550E-04
  0.1051707389423E-04
  0.6861585586478E-05
  0.7641993805495E-05
  0.6309405889757E-05
  0.5446622203830E-05
  0.3146681146843E-05
  0.3032839492705E-05
  0.3051244279642E-05
  0.3183324371176E-05
  0.3363183209247E-05
  0.3576538240348E-05
  0.3691025615610E-05
  0.3692908235045E-05
  0.3618830025962E-05
  0.3541035234367E-05
  0.3494543154033E-05
  0.3495607064446E-05
  0.3533255439941E-05
  0.3609184876051E-05
  0.2808791819545E-05
  0.3491808397582E-05
  0.3737202533705E-05
  0.3708974806882E-05
  0.3411414268246E-05
  0.2674891423995E-05
  0.3741645520999E-05
  0.4310709033806E-05
  0.4420681127813E-05
  0.4001109921979E-05
  0.2874111129376E-05
  0.2890544805040E-06
  0.0000000000000E+00
  0.0000000000000E+00
  0.0000000000000E+00
  0.0000000000000E+00
  0.0000000000000E+00
  0.0000000000000E+00
  0.0000000000000E+00
  0.0000000000000E+00
  0.0000000000000E+00
  0.0000000000000E+00
  0.0000000000000E+00
  0.0000000000000E+00
  0.0000000000000E+00
  0.0000000000000E+00
  0.0000000000000E+00
  0.0000000000000E+00
  0.0000000000000E+00
  0.0000000000000E+00
  0.0000000000000E+00
  0.0000000000000E+00
  0.1732859199997E-05
  0.3928130057565E-05
  0.4506437709768E-05
  0.4050679277862E-05
  0.4244337643530E-05
  0.1617692040529E-05
  0.9243503746831E-06
  0.1524055207091E-05
  0.3833456742525E-05
  0.4781837846597E-05
  0.5236623392364E-05
  0.5333291477673E-05
  0.4849068202050E-05
  0.3150671531876E-05
  0.4283906584703E-05
  0.4366460279205E-05
  0.3668614602868E-05
  0.1398970565434E-05
  0.0000000000000E+00
  0.0000000000000E+00
  0.0000000000000E+00
  0.0000000000000E+00
  0.0000000000000E+00
  0.0000000000000E+00
  0.0000000000000E+00
  0.0000000000000E+00
  0.0000000000000E+00
  0.0000000000000E+00
  0.0000000000000E+00
  0.0000000000000E+00
  0.0000000000000E+00
  0.0000000000000E+00
  0.0000000000000E+00
  0.0000000000000E+00
  0.0000000000000E+00
  0.0000000000000E+00
  0.1162455196916E-05
  0.4531270277119E-05
  0.5453011498263E-05
  0.5344307603879E-05
  0.9759802252425E-05
  0.9393362229347E-05
  0.9188660971955E-05
  0.8341245895982E-05
  0.7725120116903E-05
  0.8146491660932E-05
  0.8847551161446E-05
  0.9575465996454E-05
  0.9945031543768E-05
  0.9681497676814E-05
  0.7655863934556E-05
  0.5412735441091E-05
  0.4847016316213E-05
  0.2671709984683E-05
  0.0000000000000E+00
  0.0000000000000E+00
  0.0000000000000E+00
  0.0000000000000E+00
  0.0000000000000E+00
  0.0000000000000E+00
  0.0000000000000E+00
  0.0000000000000E+00
  0.0000000000000E+00
  0.0000000000000E+00
  0.0000000000000E+00
  0.0000000000000E+00
  0.0000000000000E+00
  0.0000000000000E+00
  0.0000000000000E+00
  0.0000000000000E+00
  0.0000000000000E+00
  0.0000000000000E+00
  0.1610093775585E-05
  0.5663738982373E-05
  0.7965693768582E-05
  0.9641908169651E-05
  0.1640861332115E-04
  0.1581810495534E-04
  0.1512259620955E-04
  0.1443916272905E-04
  0.1335664202496E-04
  0.1314455794179E-04
  0.1379438821943E-04
  0.1445007743796E-04
  0.1451987332580E-04
  0.1323288886316E-04
  0.1144037041629E-04
  0.6585254159312E-05
  0.2906307141300E-05
  0.0000000000000E+00
  0.0000000000000E+00
  0.0000000000000E+00
  0.0000000000000E+00
  0.0000000000000E+00
  0.0000000000000E+00
  0.0000000000000E+00
  0.0000000000000E+00
  0.0000000000000E+00
  0.0000000000000E+00
  0.0000000000000E+00
  0.0000000000000E+00
  0.0000000000000E+00
  0.0000000000000E+00
  0.0000000000000E+00
  0.0000000000000E+00
  0.0000000000000E+00
  0.0000000000000E+00
  0.0000000000000E+00
  0.3471319992217E-05
  0.9608666480075E-05
  0.1344074557735E-04
  0.1553708333917E-04
  0.2308331508053E-04
  0.2175102669993E-04
  0.2010596870912E-04
  0.1903128198316E-04
  0.1805721007096E-04
  0.1752089459322E-04
  0.1753532003964E-04
  0.1760172254177E-04
  0.1712196082857E-04
  0.1570919053001E-04
  0.1254131098399E-04
  0.8044971903101E-05
  0.3261310951861E-05
  0.0000000000000E+00
  0.0000000000000E+00
  0.0000000000000E+00
  0.0000000000000E+00
  0.0000000000000E+00
  0.0000000000000E+00
  0.0000000000000E+00
  0.0000000000000E+00
  0.0000000000000E+00
  0.0000000000000E+00
  0.0000000000000E+00
  0.0000000000000E+00
  0.0000000000000E+00
  0.0000000000000E+00
  0.0000000000000E+00
  0.0000000000000E+00
  0.0000000000000E+00
  0.0000000000000E+00
  0.0000000000000E+00
  0.4912076198039E-05
  0.1257121191466E-04
  0.1896638257637E-04
  0.2262647943611E-04
  0.2752316338004E-04
  0.2507086575688E-04
  0.2279857011200E-04
  0.2154600414731E-04
  0.2084330574327E-04
  0.2030287051344E-04
  0.1985584814628E-04
  0.1937145653631E-04
  0.1852851221945E-04
  0.1742368187304E-04
  0.1535655946038E-04
  0.1061684035669E-04
  0.4661060183324E-05
  0.0000000000000E+00
  0.0000000000000E+00
  0.0000000000000E+00
  0.0000000000000E+00
  0.0000000000000E+00
  0.0000000000000E+00
  0.0000000000000E+00
  0.0000000000000E+00
  0.9397194260908E-06
  0.7514996680721E-06
  0.0000000000000E+00
  0.0000000000000E+00
  0.0000000000000E+00
  0.0000000000000E+00
  0.0000000000000E+00
  0.0000000000000E+00
  0.0000000000000E+00
  0.0000000000000E+00
  0.0000000000000E+00
  0.6799612002426E-05
  0.1686682331264E-04
  0.2528667633670E-04
  0.2825769529775E-04
  0.2875664855128E-04
  0.2570560025000E-04
  0.2352866043273E-04
  0.2258687770589E-04
  0.2223366354407E-04
  0.2185703991732E-04
  0.2123772276934E-04
  0.2046086367150E-04
  0.1967144261163E-04
  0.1921869555065E-04
  0.1826153026968E-04
  0.1395888409360E-04
  0.5752366141854E-05
  0.0000000000000E+00
  0.0000000000000E+00
  0.0000000000000E+00
  0.0000000000000E+00
  0.0000000000000E+00
  0.0000000000000E+00
  0.0000000000000E+00
  0.4792780774711E-05
  0.8541118126823E-05
  0.5450704370720E-05
  0.0000000000000E+00
  0.0000000000000E+00
  0.0000000000000E+00
  0.1055441370834E-05
  0.1385678042747E-05
  0.0000000000000E+00
  0.0000000000000E+00
  0.0000000000000E+00
  0.0000000000000E+00
  0.9173958047845E-05
  0.2291077458200E-04
  0.3034965034761E-04
  0.3097363435904E-04
  0.2834283715912E-04
  0.2621960251980E-04
  0.2514950219279E-04
  0.2503309096438E-04
  0.2485077262155E-04
  0.2442293855377E-04
  0.2357592503122E-04
  0.2253534509280E-04
  0.2163219856051E-04
  0.2145491298074E-04
  0.2114514503131E-04
  0.1704464358613E-04
  0.8840025828583E-05
  0.0000000000000E+00
  0.0000000000000E+00
  0.0000000000000E+00
  0.0000000000000E+00
  0.0000000000000E+00
  0.0000000000000E+00
  0.3556190883801E-05
  0.1352022137824E-04
  0.1575593920250E-04
  0.1052035630382E-04
  0.3047578730816E-05
  0.7077639145180E-06
  0.2551988963936E-05
  0.6192378989566E-05
  0.7126621483577E-05
  0.0000000000000E+00
  0.0000000000000E+00
  0.0000000000000E+00
  0.0000000000000E+00
  0.1369935882528E-04
  0.2737877935810E-04
  0.3035309673072E-04
  0.3033707820643E-04
  0.3027329601257E-04
  0.2994177289993E-04
  0.2981397177409E-04
  0.3013673336474E-04
  0.3023948695125E-04
  0.3014873287546E-04
  0.2972272268237E-04
  0.2911709401211E-04
  0.2845728935672E-04
  0.2749939016239E-04
  0.2561595461859E-04
  0.2045795989414E-04
  0.1312139979734E-04
  0.3913053317421E-05
  0.0000000000000E+00
  0.0000000000000E+00
  0.0000000000000E+00
  0.5369969904547E-05
  0.6800947689500E-05
  0.7510545064997E-05
  0.1827616021331E-04
  0.1940724332522E-04
  0.1457353584441E-04
  0.9981235902803E-05
  0.6836268497451E-05
  0.8968180826818E-05
  0.1127647639065E-04
  0.1145947571738E-04
  0.9418516384532E-06
  0.0000000000000E+00
  0.0000000000000E+00
  0.0000000000000E+00
  0.1864367685354E-04
  0.2802810230054E-04
  0.2870906935701E-04
  0.3030515893333E-04
  0.3361311337901E-04
  0.3401103337816E-04
  0.3425989140290E-04
  0.3469582215160E-04
  0.3515466135258E-04
  0.3553967911896E-04
  0.3565357127013E-04
  0.3538896842499E-04
  0.3489556381298E-04
  0.3364617933605E-04
  0.3124098974720E-04
  0.2636169804442E-04
  0.1710311450309E-04
  0.8662347366056E-05
  0.2996577219943E-05
  0.0000000000000E+00
  0.0000000000000E+00
  0.8992843271118E-05
  0.1596913219057E-04
  0.8691666393362E-05
  0.2262510361238E-04
  0.2289181194894E-04
  0.2024918256027E-04
  0.1613007110743E-04
  0.1311035490952E-04
  0.1555351776080E-04
  0.1637191273935E-04
  0.1513903866652E-04
  0.4610980421130E-05
  0.0000000000000E+00
  0.0000000000000E+00
  0.0000000000000E+00
  0.2374104237089E-04
  0.3104683246929E-04
  0.3054968678581E-04
  0.3268246272750E-04
  0.3756288100902E-04
  0.3802466198041E-04
  0.3841126622728E-04
  0.3896547948127E-04
  0.3990695890724E-04
  0.4080856101824E-04
  0.4146225782294E-04
  0.4142612712840E-04
  0.4075505618336E-04
  0.3892621426151E-04
  0.3581409517914E-04
  0.3064419510169E-04
  0.2210418072324E-04
  0.1256130400046E-04
  0.1388897842410E-04
  0.0000000000000E+00
  0.0000000000000E+00
  0.5047906431384E-05
  0.2336545512776E-04
  0.1885289072717E-04
  0.2767494561023E-04
  0.2802391237042E-04
  0.2521109323799E-04
  0.1987274137458E-04
  0.1406929929260E-04
  0.2057318154719E-04
  0.1991469010252E-04
  0.1897680058963E-04
  0.1044631795293E-04
  0.0000000000000E+00
  0.0000000000000E+00
  0.0000000000000E+00
  0.2978041639502E-04
  0.3505113121387E-04
  0.3427045693337E-04
  0.3648763621055E-04
  0.4126588290896E-04
  0.4159889340503E-04
  0.4206854450888E-04
  0.4287673579026E-04
  0.4425656256824E-04
  0.4562589903810E-04
  0.4672636171706E-04
  0.4678852073525E-04
  0.4568186786924E-04
  0.4313451459814E-04
  0.3922802051861E-04
  0.3415595056824E-04
  0.2866190026225E-04
  0.2241096385284E-04
  0.2387188275277E-04
  0.6148746337391E-05
  0.0000000000000E+00
  0.2038272267988E-05
  0.2472284205589E-04
  0.2606079532719E-04
  0.2995650050881E-04
  0.3260270803647E-04
  0.2984787109657E-04
  0.2347840080715E-04
  0.9336041850398E-05
  0.1866740150374E-04
  0.1900326083421E-04
  0.2313089983175E-04
  0.1788730512303E-04
  0.6116404960668E-05
  0.0000000000000E+00
  0.1655088117058E-05
  0.3590110916331E-04
  0.3905643021076E-04
  0.3827543057370E-04
  0.4029235813431E-04
  0.4504186114802E-04
  0.4527595546310E-04
  0.4575202183469E-04
  0.4664471899970E-04
  0.4797334195522E-04
  0.4941234484734E-04
  0.5062259452120E-04
  0.5057560053387E-04
  0.4904879462223E-04
  0.4617431961340E-04
  0.4236289589551E-04
  0.3887074547306E-04
  0.3586453312763E-04
  0.2840294301609E-04
  0.2831865433960E-04
  0.1821415126224E-04
  0.2899814808333E-05
  0.2808216606207E-05
  0.2034590070209E-04
  0.3263477641581E-04
  0.3460234647781E-04
  0.3730427309036E-04
  0.3490207476483E-04
  0.2886415206114E-04
  0.1176425757678E-04
  0.1548502519331E-04
  0.1286677711888E-04
  0.2403998206479E-04
  0.2604891541822E-04
  0.1533063176090E-04
  0.0000000000000E+00
  0.8362860457719E-05
  0.3827741652542E-04
  0.4196819985074E-04
  0.4255700045986E-04
  0.4423480970799E-04
  0.4883652611060E-04
  0.4907210971358E-04
  0.4948467223644E-04
  0.5001011144560E-04
  0.5065892734940E-04
  0.5167148877166E-04
  0.5283861560518E-04
  0.5289626861256E-04
  0.5137830215305E-04
  0.4908296908592E-04
  0.4658096638427E-04
  0.4455970132366E-04
  0.4129242158014E-04
  0.3434641068296E-04
  0.3347535810368E-04
  0.3038531175195E-04
  0.9743120362133E-05
  0.2867206120212E-05
  0.1177406762420E-04
  0.3491256816846E-04
  0.4007282566040E-04
  0.4163984653685E-04
  0.3961725970370E-04
  0.3654216627395E-04
  0.2144004660172E-04
  0.1767569893746E-04
  0.1297251855135E-04
  0.1892548484772E-04
  0.3438920394161E-04
  0.2546311362982E-04
  0.3757547285438E-05
  0.1729908925240E-04
  0.4125852131880E-04
  0.4568620667280E-04
  0.4714172142385E-04
  0.4825446831910E-04
  0.5182762573675E-04
  0.5222661619865E-04
  0.5262136161506E-04
  0.5266787760932E-04
  0.5260847896905E-04
  0.5341544786478E-04
  0.5471634734634E-04
  0.5483338728975E-04
  0.5339912213299E-04
  0.5173468203512E-04
  0.5041625123344E-04
  0.4888712078609E-04
  0.4442005736205E-04
  0.3808213048347E-04
  0.3837515964157E-04
  0.3816877279177E-04
  0.1100188917155E-04
  0.2993624476579E-05
  0.8173803559437E-05
  0.3535752374074E-04
  0.4351858197576E-04
  0.4512231538670E-04
  0.4358788405069E-04
  0.4156275750167E-04
  0.2718884940807E-04
  0.2306001651950E-04
  0.1641734216749E-04
  0.1745484870976E-04
  0.4049256909670E-04
  0.3645683115354E-04
  0.1443403533221E-04
  0.3110264743181E-04
  0.4493015357693E-04
  0.4934454239761E-04
  0.5075001553597E-04
  0.5134999175623E-04
  0.5122492612519E-04
  0.5163211969847E-04
  0.5191120710466E-04
  0.5187459449204E-04
  0.5192410639013E-04
  0.5267668759468E-04
  0.5370660784040E-04
  0.5370318634377E-04
  0.5262619183131E-04
  0.5152170966782E-04
  0.5061380661160E-04
  0.4928242879271E-04
  0.4491494395003E-04
  0.3884574204107E-04
  0.4063058661171E-04
  0.4018933028463E-04
  0.9723166280479E-05
  0.3335292230403E-05
  0.7315464892498E-05
  0.3501038954733E-04
  0.4595949278286E-04
  0.4895237623307E-04
  0.4698854362547E-04
  0.4384579189195E-04
  0.3274912489669E-04
  0.2769855980960E-04
  0.2532780651687E-04
  0.1955736771324E-04
  0.4027077351024E-04
  0.4356713991731E-04
  0.2855181946774E-04
  0.3887365547945E-04
  0.4674027665447E-04
  0.5031403075463E-04
  0.5061255054088E-04
  0.5078518194126E-04
  0.4467820514794E-04
  0.4442104577433E-04
  0.4395377773708E-04
  0.4344213717211E-04
  0.4346592904828E-04
  0.4429018254917E-04
  0.4550557722502E-04
  0.4607933216970E-04
  0.4617573646357E-04
  0.4645227168791E-04
  0.4654073436218E-04
  0.4600258983240E-04
  0.4347827609073E-04
  0.3763057338839E-04
  0.4140299660640E-04
  0.3932042596414E-04
  0.1014885937935E-04
  0.5117216987993E-05
  0.7540901657805E-05
  0.3893681400026E-04
  0.4787964890546E-04
  0.5106560324832E-04
  0.4984062464990E-04
  0.4549110294601E-04
  0.3768265401698E-04
  0.3568127595507E-04
  0.3315299086947E-04
  0.2487271614350E-04
  0.3208186845060E-04
  0.4461038401441E-04
  0.3565724431594E-04
  0.4096233621731E-04
  0.4465864334864E-04
  0.4594500503427E-04
  0.4524241946967E-04
  0.4482780059092E-04
  0.3626699537705E-04
  0.3562325133003E-04
  0.3500557103903E-04
  0.3468234544192E-04
  0.3480087162631E-04
  0.3531600930725E-04
  0.3605699307306E-04
  0.3664678510557E-04
  0.3746863107948E-04
  0.3864094312004E-04
  0.3982575625490E-04
  0.4097753120448E-04
  0.4120206363552E-04
  0.3646257576058E-04
  0.4287978789108E-04
  0.3844434346900E-04
  0.1261649390521E-04
  0.8465449836171E-05
  0.8967365730654E-05
  0.4151386308452E-04
  0.4665385786337E-04
  0.4834010801189E-04
  0.4946399017260E-04
  0.4663845516983E-04
  0.4140112784703E-04
  0.4173479127395E-04
  0.3972561197118E-04
  0.3588704279836E-04
  0.3024594149666E-04
  0.4272186975691E-04
  0.3877224497053E-04
  0.3978074945419E-04
  0.3921698377300E-04
  0.3884030509901E-04
  0.3770051252068E-04
  0.3690167615170E-04
  0.3231998224035E-04
  0.3152557891987E-04
  0.3087656485801E-04
  0.3066925004467E-04
  0.3079806396322E-04
  0.3116397006368E-04
  0.3163828185330E-04
  0.3201513432840E-04
  0.3265252274541E-04
  0.3365612317058E-04
  0.3502621447842E-04
  0.3701979241816E-04
  0.3982039225721E-04
  0.4112387817310E-04
  0.4547220595495E-04
  0.3620109798497E-04
  0.1580630435806E-04
  0.1250861049493E-04
  0.1290429129566E-04
  0.4640803233914E-04
  0.4666156325332E-04
  0.4327670529933E-04
  0.4649242127392E-04
  0.4774477591427E-04
  0.4359702350333E-04
  0.4565618042950E-04
  0.4631613348558E-04
  0.4697909842726E-04
  0.3396449672949E-04
  0.4261356260456E-04
  0.4075863383449E-04
  0.3854216631328E-04
  0.3605124714295E-04
  0.3518026461081E-04
  0.3408244175068E-04
  0.3314237947512E-04
  0.3686255845274E-04
  0.3559652168312E-04
  0.3455968126784E-04
  0.3396046548929E-04
  0.3379253227049E-04
  0.3397510537446E-04
  0.3446744323237E-04
  0.3501097746519E-04
  0.3582878827037E-04
  0.3701753747459E-04
  0.3850408267202E-04
  0.4056459414684E-04
  0.4386715508576E-04
  0.4741972378957E-04
  0.4972806624578E-04
  0.3672603148167E-04
  0.1943939089005E-04
  0.1597863121290E-04
  0.2038374752916E-04
  0.5064906610131E-04
  0.4837915118058E-04
  0.4190540568471E-04
  0.4104421973652E-04
  0.5189708429859E-04
  0.5046326909667E-04
  0.5210025467475E-04
  0.5245734184857E-04
  0.5230547845941E-04
  0.4606294319726E-04
  0.4997346297268E-04
  0.4862062092586E-04
  0.4530808271661E-04
  0.4247359313931E-04
  0.4125461582730E-04
  0.3978881214487E-04
  0.3823822774336E-04
  0.5008232658740E-04
  0.4836036079046E-04
  0.4663349715789E-04
  0.4518398188346E-04
  0.4429516662719E-04
  0.4395955913854E-04
  0.4417967538149E-04
  0.4452037331438E-04
  0.4497235185264E-04
  0.4561139005491E-04
  0.4607230676275E-04
  0.4640600487259E-04
  0.4722780838614E-04
  0.4855019044891E-04
  0.5384457311376E-04
  0.4633418221408E-04
  0.2266727333720E-04
  0.2314569954234E-04
  0.3209749523548E-04
  0.5424638900050E-04
  0.4907567294849E-04
  0.4047728129721E-04
  0.3382021093675E-04
  0.5403760016508E-04
  0.5662147818840E-04
  0.5683321508244E-04
  0.5621641029125E-04
  0.5406422807249E-04
  0.5269761739974E-04
  0.5741029961243E-04
  0.5879224184060E-04
  0.5718139582331E-04
  0.5586649526026E-04
  0.5499551004278E-04
  0.5357344741877E-04
  0.5185727635493E-04
  0.6446607436566E-04
  0.6362073400056E-04
  0.6204542385458E-04
  0.5992344077121E-04
  0.5796785862719E-04
  0.5630304750767E-04
  0.5498597653061E-04
  0.5387022967734E-04
  0.5297301257254E-04
  0.5237490913151E-04
  0.5162008776165E-04
  0.5047049982439E-04
  0.4876829827303E-04
  0.4650614375026E-04
  0.4915599212816E-04
  0.5481687241278E-04
  0.3284291313128E-04
  0.3377154896183E-04
  0.4243448804707E-04
  0.5529848335528E-04
  0.4936652346680E-04
  0.3544910211405E-04
  0.3743354445200E-04
  0.5525756212760E-04
  0.6064491123333E-04
  0.5871018005727E-04
  0.5766776300882E-04
  0.5526361112233E-04
  0.5478478492651E-04
  0.5928897276662E-04
  0.6274134603522E-04
  0.6378432071322E-04
  0.6495654985665E-04
  0.6600623732096E-04
  0.6576082596203E-04
  0.6521828786108E-04
  0.6766137450441E-04
  0.6832956200930E-04
  0.6847818799649E-04
  0.6751290595854E-04
  0.6588561151666E-04
  0.6360427364845E-04
  0.6070214638721E-04
  0.5797141046487E-04
  0.5589061534231E-04
  0.5447524884190E-04
  0.5332780888466E-04
  0.5218507573492E-04
  0.5038325970334E-04
  0.4707519869842E-04
  0.4336830119423E-04
  0.4634796951918E-04
  0.4325779755383E-04
  0.4235117015399E-04
  0.4232350513834E-04
  0.5162049866074E-04
  0.5054768613773E-04
  0.2716812385292E-04
  0.4703323084144E-04
  0.5821736903562E-04
  0.5991864769871E-04
  0.5832528717423E-04
  0.5722537953880E-04
  0.5478436883916E-04
  0.5334873271097E-04
  0.5568151859664E-04
  0.5907078315439E-04
  0.6126863357335E-04
  0.6377283741749E-04
  0.6615037407957E-04
  0.6686366683705E-04
  0.6729410182285E-04
  0.6216968126284E-04
  0.6311454858923E-04
  0.6442608614024E-04
  0.6555023881532E-04
  0.6589946751865E-04
  0.6502448275242E-04
  0.6258348891394E-04
  0.5946965868985E-04
  0.5663838938173E-04
  0.5447237564584E-04
  0.5293016585427E-04
  0.5175965638761E-04
  0.5043689860898E-04
  0.4844771238049E-04
  0.4655133525128E-04
  0.4872574708853E-04
  0.4673224108007E-04
  0.4459120899554E-04
  0.4366452043552E-04
  0.4787993381010E-04
  0.4930280007285E-04
  0.2770400761544E-04
  0.4835540476716E-04
  0.5454945675526E-04
  0.5568664839279E-04
  0.5601102868171E-04
  0.5548636235308E-04
  0.5337206108499E-04
  0.5147573800004E-04
  0.5232692879614E-04
  0.5454242514425E-04
  0.5624216883177E-04
  0.5834847271942E-04
  0.6043117763449E-04
  0.6129133938523E-04
  0.6177967511829E-04
  0.5591278413416E-04
  0.5632088823294E-04
  0.5738767839145E-04
  0.5913187717836E-04
  0.6084122137819E-04
  0.6185854760626E-04
  0.6144593018817E-04
  0.5957734667527E-04
  0.5690698009673E-04
  0.5407074061153E-04
  0.5180516304230E-04
  0.5010594976255E-04
  0.4851190776049E-04
  0.4661676058679E-04
  0.4543304665781E-04
  0.4711332592060E-04
  0.4604117037624E-04
  0.4355464451659E-04
  0.4122525702849E-04
  0.4349838048314E-04
  0.4551929366085E-04
  0.3786748005474E-04
  0.4719732523596E-04
  0.4991588690316E-04
  0.5097257316391E-04
  0.5213215481603E-04
  0.5238937394922E-04
  0.5119509103568E-04
  0.4961574078961E-04
  0.4966911940540E-04
  0.5095362929166E-04
  0.5205881501147E-04
  0.5346918420187E-04
  0.5468017549918E-04
  0.5535887243716E-04
  0.5575860711840E-04
  0.5038575868179E-04
  0.5035789701374E-04
  0.5078069969142E-04
  0.5196772706985E-04
  0.5349935878847E-04
  0.5495350562424E-04
  0.5598472825314E-04
  0.5596988912302E-04
  0.5471513705215E-04
  0.5243982195656E-04
  0.4994234074885E-04
  0.4771972907919E-04
  0.4582260296195E-04
  0.4422187174353E-04
  0.4331078091384E-04
  0.4371886459862E-04
  0.4277051136230E-04
  0.4095212465586E-04
  0.3710020809142E-04
  0.3808115061683E-04
  0.3971010323818E-04
  0.4150119597044E-04
  0.4552156172956E-04
  0.4541340511944E-04
  0.4611001641643E-04
  0.4714536641189E-04
  0.4789253307340E-04
  0.4772111130092E-04
  0.4686939016751E-04
  0.4666515310606E-04
  0.4722529926486E-04
  0.4776625271877E-04
  0.4862485882244E-04
  0.4933266015401E-04
  0.4990366413267E-04
  0.5029761312144E-04
  0.4538053294540E-04
  0.4524298094539E-04
  0.4523438336922E-04
  0.4568869945810E-04
  0.4651394257920E-04
  0.4747096300288E-04
  0.4849561089821E-04
  0.4918848275767E-04
  0.4909408142326E-04
  0.4801597632972E-04
  0.4628551171595E-04
  0.4403259340971E-04
  0.4186836586198E-04
  0.4049104300152E-04
  0.4011544536808E-04
  0.4017558268212E-04
  0.3941087787111E-04
  0.3774223715578E-04
  0.3238445053970E-04
  0.3176505911804E-04
  0.3452721413825E-04
  0.3932917750624E-04
  0.4482380252361E-04
  0.4306691866997E-04
  0.4244694549236E-04
  0.4259303691593E-04
  0.4311830705630E-04
  0.4335275290230E-04
  0.4321850405650E-04
  0.4324391479040E-04
  0.4337320217661E-04
  0.4346792302090E-04
  0.4385319162251E-04
  0.4423968398359E-04
  0.4474360338006E-04
  0.4524085985997E-04
  0.4016604471428E-04
  0.4005538097181E-04
  0.3986342298397E-04
  0.3986895730438E-04
  0.4020171700387E-04
  0.4068068265982E-04
  0.4116931736766E-04
  0.4178278685873E-04
  0.4201151842299E-04
  0.4165565505118E-04
  0.4074404016525E-04
  0.3893327353122E-04
  0.3669951311730E-04
  0.3570265363868E-04
  0.3642805020939E-04
  0.3746163673036E-04
  0.3753610777041E-04
  0.3559022402634E-04
  0.2696780799018E-04
  0.2332388763815E-04
  0.2862483048781E-04
  0.4278278583174E-04
  0.5005688751805E-04
  0.4575264854055E-04
  0.4208297688346E-04
  0.4030649655578E-04
  0.3971564859792E-04
  0.3940096717643E-04
  0.3914737309522E-04
  0.3926150256438E-04
  0.3920410318355E-04
  0.3898689759695E-04
  0.3900163442351E-04
  0.3917999400022E-04
  0.3954075814441E-04
  0.3998386599223E-04
  0.3714585941143E-04
  0.3688425060872E-04
  0.3651241158662E-04
  0.3631050698196E-04
  0.3627811696480E-04
  0.3637102735594E-04
  0.3640951599304E-04
  0.3658243127141E-04
  0.3670700100857E-04
  0.3671571676940E-04
  0.3688834749899E-04
  0.3671718898733E-04
  0.3581486703394E-04
  0.3529240546177E-04
  0.3627992655190E-04
  0.3826668405263E-04
  0.3916913282806E-04
  0.3697007713781E-04
  0.1538807797725E-04
  0.1119460691559E-04
  0.1824505893841E-04
  0.4400466612366E-04
  0.5610586044838E-04
  0.5373844900132E-04
  0.4855356686584E-04
  0.4515156447825E-04
  0.4307788264427E-04
  0.4152872010521E-04
  0.4019194189919E-04
  0.3926434570460E-04
  0.3848242104004E-04
  0.3765975163471E-04
  0.3714453216798E-04
  0.3694396445917E-04
  0.3700543350974E-04
  0.3716552191928E-04
  0.3698078251415E-04
  0.3679752692005E-04
  0.3652274490118E-04
  0.3623175541447E-04
  0.3599326981501E-04
  0.3587001796555E-04
  0.3580043321477E-04
  0.3581477994670E-04
  0.3601314783526E-04
  0.3612020957374E-04
  0.3618742401956E-04
  0.3605985809896E-04
  0.3536350185445E-04
  0.3475065006508E-04
  0.3537824585206E-04
  0.3791647717577E-04
  0.4055521235381E-04
  0.3910148355677E-04
  0.1495634255267E-04
  0.9127627573983E-05
  0.1347502122253E-04
  0.4365794123168E-04
  0.5561229131540E-04
  0.5667078124935E-04
  0.5339833873202E-04
  0.5060995163606E-04
  0.4799359658214E-04
  0.4534785422810E-04
  0.4296339228772E-04
  0.4120107412196E-04
  0.3993164202693E-04
  0.3874223464501E-04
  0.3777457235389E-04
  0.3716934156789E-04
  0.3691359874600E-04
  0.3694310317488E-04
  0.3684724626217E-04
  0.3641197663616E-04
  0.3594977750113E-04
  0.3586071800404E-04
  0.3563736393986E-04
  0.3546479163588E-04
  0.3538221393523E-04
  0.3539095216286E-04
  0.3548374632376E-04
  0.3557918223012E-04
  0.3566175944860E-04
  0.3559580563435E-04
  0.3523456303824E-04
  0.3489418905760E-04
  0.3527442136242E-04
  0.3746670715586E-04
  0.4120319050456E-04
  0.4322091365797E-04
  0.1873163545768E-04
  0.1353962865161E-04
  0.1635983252619E-04
  0.3666102962236E-04
  0.4536462354136E-04
  0.4902343344005E-04
  0.4914851003726E-04
  0.4907247514427E-04
  0.4850789427772E-04
  0.4706883970199E-04
  0.4535001348200E-04
  0.4354722740404E-04
  0.4185160481082E-04
  0.4038511571032E-04
  0.3914974592103E-04
  0.3820730054499E-04
  0.3754433451047E-04
  0.3715513953044E-04
  0.3651940732370E-04
  0.3601010371943E-04
  0.3551733632060E-04
  0.3509947431255E-04
  0.3466390157995E-04
  0.3440119130745E-04
  0.3430849647012E-04
  0.3439608226429E-04
  0.3452241214409E-04
  0.3467475677094E-04
  0.3485052701358E-04
  0.3495704134913E-04
  0.3500295287379E-04
  0.3493633432108E-04
  0.3523346924523E-04
  0.3665929655720E-04
  0.3980985535051E-04
  0.4457665438702E-04
  0.3167405321768E-04
  0.2851392555544E-04
  0.2568661868991E-04
  0.2943302628257E-04
  0.3168504502012E-04
  0.3470189522771E-04
  0.3696927076756E-04
  0.3895558229638E-04
  0.4092920870181E-04
  0.4207888240367E-04
  0.4228260060572E-04
  0.4190619526415E-04
  0.4098494280425E-04
  0.3993166746796E-04
  0.3888739470445E-04
  0.3806306533894E-04
  0.3732812652127E-04
  0.3688643012374E-04
  0.3351117946944E-04
  0.3317098924445E-04
  0.3291652532381E-04
  0.3266376967998E-04
  0.3236408645017E-04
  0.3214834948499E-04
  0.3208310405795E-04
  0.3216897045417E-04
  0.3229529712148E-04
  0.3226145766791E-04
  0.3241889307251E-04
  0.3259427796863E-04
  0.3277645264982E-04
  0.3294799679063E-04
  0.3319293561472E-04
  0.3399084934913E-04
  0.3581795740544E-04
  0.3830315905299E-04
  0.3377309360890E-04
  0.3018177645431E-04
  0.2672933205130E-04
  0.2551060041137E-04
  0.2519903544413E-04
  0.2624638624783E-04
  0.2750844615388E-04
  0.2894822733078E-04
  0.3086815227525E-04
  0.3279044664568E-04
  0.3408211529154E-04
  0.3470763210850E-04
  0.3470601475500E-04
  0.3433463981591E-04
  0.3390416962011E-04
  0.3376193883453E-04
  0.3368608112039E-04
  0.3360311985036E-04
  0.2629030820208E-04
  0.2647488715880E-04
  0.2651655933729E-04
  0.2646687141696E-04
  0.2631667333610E-04
  0.2614155729899E-04
  0.2602711675219E-04
  0.2596571300966E-04
  0.2590564862448E-04
  0.2587947469236E-04
  0.2598377435585E-04
  0.2610023851636E-04
  0.2622521340470E-04
  0.2635350871077E-04
  0.2653617705593E-04
  0.2699228751504E-04
  0.2822153332759E-04
  0.2961812404478E-04
  0.2793027512949E-04
  0.2542732296512E-04
  0.2329904443765E-04
  0.2186799968341E-04
  0.2093167989932E-04
  0.2056144040286E-04
  0.2051023973532E-04
  0.2076658746182E-04
  0.2155676473809E-04
  0.2278931146039E-04
  0.2405704622706E-04
  0.2496500231747E-04
  0.2544413763986E-04
  0.2566721379134E-04
  0.2577467158252E-04
  0.2594810621466E-04
  0.2614104953182E-04
  0.2622121780355E-04
  0.1669128506602E-04
  0.1685379810143E-04
  0.1690423476976E-04
  0.1685124857125E-04
  0.1670635752365E-04
  0.1651019551014E-04
  0.1632472888297E-04
  0.1620362183396E-04
  0.1614461417308E-04
  0.1615077648484E-04
  0.1614102337307E-04
  0.1611700152213E-04
  0.1613337385164E-04
  0.1625492336070E-04
  0.1651138104582E-04
  0.1699444574683E-04
  0.1776261884025E-04
  0.1855000359934E-04
  0.1865424025489E-04
  0.1801530742489E-04
  0.1696996672614E-04
  0.1579357039136E-04
  0.1472059158434E-04
  0.1392219416154E-04
  0.1350039720775E-04
  0.1351212329633E-04
  0.1390821450614E-04
  0.1453833951918E-04
  0.1522721840800E-04
  0.1578264227089E-04
  0.1608837648152E-04
  0.1619477941884E-04
  0.1622239561906E-04
  0.1628110211183E-04
  0.1638018927479E-04
  0.1651195352486E-04
  0.8033272054535E-05
  0.8185628672778E-05
  0.8429125155590E-05
  0.8812081153105E-05
  0.9394698458033E-05
  0.9832071448324E-05
  0.1020135977024E-04
  0.1054410360006E-04
  0.1085635019248E-04
  0.1144733174018E-04
  0.1181207509489E-04
  0.1202985775035E-04
  0.1215443763206E-04
  0.1222080318708E-04
  0.1223923334469E-04
  0.1219561336222E-04
  0.1204356940212E-04
  0.1169255010712E-04
  0.1101153532051E-04
  0.9876333002069E-05
  0.8946711798839E-05
  0.8239604614536E-05
  0.7753297923761E-05
  0.7464215712388E-05
  0.7344616019350E-05
  0.7359400473385E-05
  0.7462236162747E-05
  0.7603612190337E-05
  0.7730781004325E-05
  0.7812739206747E-05
  0.7845518185010E-05
  0.7847367144674E-05
  0.7842114394387E-05
  0.7849154522794E-05
  0.7878666510315E-05
  0.7937640068944E-05
  0.2729522605365E-03
  0.2729522605365E-03
  0.2729522605365E-03
  0.2729522605365E-03
  0.2729522605365E-03
  0.2729522605365E-03
  0.2729522605365E-03
  0.2729522605365E-03
  0.2729522605365E-03
  0.2729522605365E-03
  0.2729522605365E-03
  0.2729522605365E-03
  0.2729522605365E-03
  0.2729522605365E-03
  0.2729522605365E-03
  0.2729522605365E-03
  0.2729522605365E-03
  0.2729522605365E-03
  0.2729522605365E-03
  0.2729522605365E-03
  0.2729522605365E-03
  0.2729522605365E-03
  0.2729522605365E-03
  0.2729522605365E-03
  0.2729522605365E-03
  0.2729522605365E-03
  0.2729522605365E-03
  0.2729522605365E-03
  0.2729522605365E-03
  0.2729522605365E-03
  0.2729522605365E-03
  0.2729522605365E-03
  0.2729522605365E-03
  0.2729522605365E-03
  0.2729522605365E-03
  0.2729522605365E-03
  0.2729522605365E-03
  0.2729522605365E-03
  0.2729522605365E-03
  0.2729522605365E-03
  0.2729522605365E-03
  0.2729522605365E-03
  0.2729522605365E-03
  0.2729522605365E-03
  0.2729522605365E-03
  0.2729522605365E-03
  0.2729522605365E-03
  0.2729522605365E-03
  0.2729522605365E-03
  0.2729522605365E-03
  0.2729522605365E-03
  0.2729522605365E-03
  0.2729522605365E-03
  0.2729522605365E-03
  0.2729522605365E-03
  0.2729522605365E-03
  0.2729522605365E-03
  0.2729522605365E-03
  0.2729522605365E-03
  0.2729522605365E-03
  0.2729522605365E-03
  0.2729522605365E-03
  0.2729522605365E-03
  0.2729522605365E-03
  0.2729522605365E-03
  0.2729522605365E-03
  0.2729522605365E-03
  0.2729522605365E-03
  0.2729522605365E-03
  0.2729522605365E-03
  0.2729522605365E-03
  0.2729522605365E-03
  0.2729522605365E-03
  0.2729522605365E-03
  0.2729522605365E-03
  0.2729522605365E-03
  0.2729522605365E-03
  0.2729522605365E-03
  0.2729522605365E-03
  0.2729522605365E-03
  0.2729522605365E-03
  0.2729522605365E-03
  0.2729522605365E-03
  0.2729522605365E-03
  0.2729522605365E-03
  0.2729522605365E-03
  0.2729522605365E-03
  0.2729522605365E-03
  0.2729522605365E-03
  0.2729522605365E-03
  0.2729522605365E-03
  0.2729522605365E-03
  0.2729522605365E-03
  0.2729522605365E-03
  0.2729522605365E-03
  0.2729522605365E-03
  0.2729522605365E-03
  0.2729522605365E-03
  0.2729522605365E-03
  0.2729522605365E-03
  0.2729522605365E-03
  0.2729522605365E-03
  0.2729522605365E-03
  0.2729522605365E-03
  0.2729522605365E-03
  0.2729522605365E-03
  0.2729522605365E-03
  0.2729522605365E-03
  0.2729522605365E-03
  0.2729522605365E-03
  0.2729522605365E-03
  0.2729522605365E-03
  0.2729522605365E-03
  0.2729522605365E-03
  0.2729522605365E-03
  0.2729522605365E-03
  0.2729522605365E-03
  0.2729522605365E-03
  0.2729522605365E-03
  0.2729522605365E-03
  0.2729522605365E-03
  0.2729522605365E-03
  0.2729522605365E-03
  0.2729522605365E-03
  0.2729522605365E-03
  0.2729522605365E-03
  0.2729522605365E-03
  0.2729522605365E-03
  0.2729522605365E-03
  0.2729522605365E-03
  0.2729522605365E-03
  0.2729522605365E-03
  0.2729522605365E-03
  0.2729522605365E-03
  0.2729522605365E-03
  0.2729522605365E-03
  0.2729522605365E-03
  0.2729522605365E-03
  0.2729522605365E-03
  0.2729522605365E-03
  0.2729522605365E-03
  0.2729522605365E-03
  0.2729522605365E-03
  0.2729522605365E-03
  0.2729522605365E-03
  0.2729522605365E-03
  0.2729522605365E-03
  0.2729522605365E-03
  0.2729522605365E-03
  0.2729522605365E-03
  0.2729522605365E-03
  0.2729522605365E-03
  0.2729522605365E-03
  0.2729522605365E-03
  0.2729522605365E-03
  0.2729522605365E-03
  0.2729522605365E-03
  0.2729522605365E-03
  0.2729522605365E-03
  0.2729522605365E-03
  0.2729522605365E-03
  0.2729522605365E-03
  0.2729522605365E-03
  0.2729522605365E-03
  0.2729522605365E-03
  0.2729522605365E-03
  0.2729522605365E-03
  0.2729522605365E-03
  0.2729522605365E-03
  0.2729522605365E-03
  0.2729522605365E-03
  0.2729522605365E-03
  0.2729522605365E-03
  0.2729522605365E-03
  0.2729522605365E-03
  0.2729522605365E-03
  0.2729522605365E-03
  0.2729522605365E-03
  0.2729522605365E-03
  0.2729522605365E-03
  0.2729522605365E-03
  0.2729522605365E-03
  0.2729522605365E-03
  0.2729522605365E-03
  0.2729522605365E-03
  0.2729522605365E-03
  0.2729522605365E-03
  0.2729522605365E-03
  0.2729522605365E-03
  0.2729522605365E-03
  0.2729522605365E-03
  0.2729522605365E-03
  0.2729522605365E-03
  0.2729522605365E-03
  0.2729522605365E-03
  0.2729522605365E-03
  0.2729522605365E-03
  0.2729522605365E-03
  0.2729522605365E-03
  0.2729522605365E-03
  0.2729522605365E-03
  0.2729522605365E-03
  0.2729522605365E-03
  0.2729522605365E-03
  0.2729522605365E-03
  0.2729522605365E-03
  0.2729522605365E-03
  0.2729522605365E-03
  0.2729522605365E-03
  0.2729522605365E-03
  0.2729522605365E-03
  0.2729522605365E-03
  0.2729522605365E-03
  0.2729522605365E-03
  0.2729522605365E-03
  0.2729522605365E-03
  0.2729522605365E-03
  0.2729522605365E-03
  0.2729522605365E-03
  0.2729522605365E-03
  0.2729522605365E-03
  0.2729522605365E-03
  0.2729522605365E-03
  0.2729522605365E-03
  0.2729522605365E-03
  0.2729522605365E-03
  0.2729522605365E-03
  0.2729522605365E-03
  0.2729522605365E-03
  0.2729522605365E-03
  0.2729522605365E-03
  0.2729522605365E-03
  0.2729522605365E-03
  0.2729522605365E-03
  0.2729522605365E-03
  0.2729522605365E-03
  0.2729522605365E-03
  0.2729522605365E-03
  0.2729522605365E-03
  0.2729522605365E-03
  0.2729522605365E-03
  0.2729522605365E-03
  0.2729522605365E-03
  0.2729522605365E-03
  0.2729522605365E-03
  0.2729522605365E-03
  0.2729522605365E-03
  0.2729522605365E-03
  0.2729522605365E-03
  0.2729522605365E-03
  0.2729522605365E-03
  0.2729522605365E-03
  0.2729522605365E-03
  0.2729522605365E-03
  0.2729522605365E-03
  0.2729522605365E-03
  0.2729522605365E-03
  0.2729522605365E-03
  0.2729522605365E-03
  0.2729522605365E-03
  0.2729522605365E-03
  0.2729522605365E-03
  0.2729522605365E-03
  0.2729522605365E-03
  0.2729522605365E-03
  0.2729522605365E-03
  0.2729522605365E-03
  0.2729522605365E-03
  0.2729522605365E-03
  0.2729522605365E-03
  0.2729522605365E-03
  0.2729522605365E-03
  0.2729522605365E-03
  0.2729522605365E-03
  0.2729522605365E-03
  0.2729522605365E-03
  0.2729522605365E-03
  0.2729522605365E-03
  0.2729522605365E-03
  0.2729522605365E-03
  0.2729522605365E-03
  0.2729522605365E-03
  0.2729522605365E-03
  0.2729522605365E-03
  0.2729522605365E-03
  0.2729522605365E-03
  0.2729522605365E-03
  0.2729522605365E-03
  0.2729522605365E-03
  0.2729522605365E-03
  0.2729522605365E-03
  0.2729522605365E-03
  0.2729522605365E-03
  0.2729522605365E-03
  0.2729522605365E-03
  0.2729522605365E-03
  0.2729522605365E-03
  0.2729522605365E-03
  0.2729522605365E-03
  0.2729522605365E-03
  0.2729522605365E-03
  0.2729522605365E-03
  0.2729522605365E-03
  0.2729522605365E-03
  0.2729522605365E-03
  0.2729522605365E-03
  0.2729522605365E-03
  0.2729522605365E-03
  0.2729522605365E-03
  0.2729522605365E-03
  0.2729522605365E-03
  0.2729522605365E-03
  0.2729522605365E-03
  0.2729522605365E-03
  0.2729522605365E-03
  0.2729522605365E-03
  0.2729522605365E-03
  0.2729522605365E-03
  0.2729522605365E-03
  0.2729522605365E-03
  0.2729522605365E-03
  0.2729522605365E-03
  0.2729522605365E-03
  0.2729522605365E-03
  0.2729522605365E-03
  0.2729522605365E-03
  0.2729522605365E-03
  0.2729522605365E-03
  0.2729522605365E-03
  0.2729522605365E-03
  0.2729522605365E-03
  0.2729522605365E-03
  0.2729522605365E-03
  0.2729522605365E-03
  0.2729522605365E-03
  0.2729522605365E-03
  0.2729522605365E-03
  0.2729522605365E-03
  0.2729522605365E-03
  0.2729522605365E-03
  0.2729522605365E-03
  0.2729522605365E-03
  0.2729522605365E-03
  0.2729522605365E-03
  0.2729522605365E-03
  0.2729522605365E-03
  0.2729522605365E-03
  0.2729522605365E-03
  0.2729522605365E-03
  0.2729522605365E-03
  0.2729522605365E-03
  0.2729522605365E-03
  0.2729522605365E-03
  0.2729522605365E-03
  0.2729522605365E-03
  0.2729522605365E-03
  0.2729522605365E-03
  0.2729522605365E-03
  0.2729522605365E-03
  0.2729522605365E-03
  0.2729522605365E-03
  0.2729522605365E-03
  0.2729522605365E-03
  0.2729522605365E-03
  0.2729522605365E-03
  0.2729522605365E-03
  0.2729522605365E-03
  0.2729522605365E-03
  0.2729522605365E-03
  0.2729522605365E-03
  0.2729522605365E-03
  0.2729522605365E-03
  0.2729522605365E-03
  0.2729522605365E-03
  0.2729522605365E-03
  0.2729522605365E-03
  0.2729522605365E-03
  0.2729522605365E-03
  0.2729522605365E-03
  0.2729522605365E-03
  0.2729522605365E-03
  0.2729522605365E-03
  0.2729522605365E-03
  0.2729522605365E-03
  0.2729522605365E-03
  0.2729522605365E-03
  0.2729522605365E-03
  0.2729522605365E-03
  0.2729522605365E-03
  0.2729522605365E-03
  0.2729522605365E-03
  0.2729522605365E-03
  0.2729522605365E-03
  0.2729522605365E-03
  0.2729522605365E-03
  0.2729522605365E-03
  0.2729522605365E-03
  0.2729522605365E-03
  0.2729522605365E-03
  0.2729522605365E-03
  0.2729522605365E-03
  0.2729522605365E-03
  0.2729522605365E-03
  0.2729522605365E-03
  0.2729522605365E-03
  0.2729522605365E-03
  0.2729522605365E-03
  0.2729522605365E-03
  0.2729522605365E-03
  0.2729522605365E-03
  0.2729522605365E-03
  0.2729522605365E-03
  0.2729522605365E-03
  0.2729522605365E-03
  0.2729522605365E-03
  0.2729522605365E-03
  0.2729522605365E-03
  0.2729522605365E-03
  0.2729522605365E-03
  0.2729522605365E-03
  0.2729522605365E-03
  0.2729522605365E-03
  0.2729522605365E-03
  0.2729522605365E-03
  0.2729522605365E-03
  0.2729522605365E-03
  0.2729522605365E-03
  0.2729522605365E-03
  0.2729522605365E-03
  0.2729522605365E-03
  0.2729522605365E-03
  0.2729522605365E-03
  0.2729522605365E-03
  0.2729522605365E-03
  0.2729522605365E-03
  0.2729522605365E-03
  0.2729522605365E-03
  0.2729522605365E-03
  0.2729522605365E-03
  0.2729522605365E-03
  0.2729522605365E-03
  0.2729522605365E-03
  0.2729522605365E-03
  0.2729522605365E-03
  0.2729522605365E-03
  0.2729522605365E-03
  0.2729522605365E-03
  0.2729522605365E-03
  0.2729522605365E-03
  0.2729522605365E-03
  0.2729522605365E-03
  0.2729522605365E-03
  0.2729522605365E-03
  0.2729522605365E-03
  0.2729522605365E-03
  0.2729522605365E-03
  0.2729522605365E-03
  0.2729522605365E-03
  0.2729522605365E-03
  0.2729522605365E-03
  0.2729522605365E-03
  0.2729522605365E-03
  0.2729522605365E-03
  0.2729522605365E-03
  0.2729522605365E-03
  0.2729522605365E-03
  0.2729522605365E-03
  0.2729522605365E-03
  0.2729522605365E-03
  0.2729522605365E-03
  0.2729522605365E-03
  0.2729522605365E-03
  0.2729522605365E-03
  0.2729522605365E-03
  0.2729522605365E-03
  0.2729522605365E-03
  0.2729522605365E-03
  0.2729522605365E-03
  0.2729522605365E-03
  0.2729522605365E-03
  0.2729522605365E-03
  0.2729522605365E-03
  0.2729522605365E-03
  0.2729522605365E-03
  0.2729522605365E-03
  0.2729522605365E-03
  0.2729522605365E-03
  0.2729522605365E-03
  0.2729522605365E-03
  0.2729522605365E-03
  0.2729522605365E-03
  0.2729522605365E-03
  0.2729522605365E-03
  0.2729522605365E-03
  0.2729522605365E-03
  0.2729522605365E-03
  0.2729522605365E-03
  0.2729522605365E-03
  0.2729522605365E-03
  0.2729522605365E-03
  0.2729522605365E-03
  0.2729522605365E-03
  0.2729522605365E-03
  0.2729522605365E-03
  0.2729522605365E-03
  0.2729522605365E-03
  0.2729522605365E-03
  0.2729522605365E-03
  0.2729522605365E-03
  0.2729522605365E-03
  0.2729522605365E-03
  0.2729522605365E-03
  0.2729522605365E-03
  0.2729522605365E-03
  0.2729522605365E-03
  0.2729522605365E-03
  0.2729522605365E-03
  0.2729522605365E-03
  0.2729522605365E-03
  0.2729522605365E-03
  0.2729522605365E-03
  0.2729522605365E-03
  0.2729522605365E-03
  0.2729522605365E-03
  0.2729522605365E-03
  0.2729522605365E-03
  0.2729522605365E-03
  0.2729522605365E-03
  0.2729522605365E-03
  0.2729522605365E-03
  0.2729522605365E-03
  0.2729522605365E-03
  0.2729522605365E-03
  0.2729522605365E-03
  0.2729522605365E-03
  0.2729522605365E-03
  0.2729522605365E-03
  0.2729522605365E-03
  0.2729522605365E-03
  0.2729522605365E-03
  0.2729522605365E-03
  0.2729522605365E-03
  0.2729522605365E-03
  0.2729522605365E-03
  0.2729522605365E-03
  0.2729522605365E-03
  0.2729522605365E-03
  0.2729522605365E-03
  0.2729522605365E-03
  0.2729522605365E-03
  0.2729522605365E-03
  0.2729522605365E-03
  0.2729522605365E-03
  0.2729522605365E-03
  0.2729522605365E-03
  0.2729522605365E-03
  0.2729522605365E-03
  0.2729522605365E-03
  0.2729522605365E-03
  0.2729522605365E-03
  0.2729522605365E-03
  0.2729522605365E-03
  0.2729522605365E-03
  0.2729522605365E-03
  0.2729522605365E-03
  0.2729522605365E-03
  0.2729522605365E-03
  0.2729522605365E-03
  0.2729522605365E-03
  0.2729522605365E-03
  0.2729522605365E-03
  0.2729522605365E-03
  0.2729522605365E-03
  0.2729522605365E-03
  0.2729522605365E-03
  0.2729522605365E-03
  0.2729522605365E-03
  0.2729522605365E-03
  0.2729522605365E-03
  0.2729522605365E-03
  0.2729522605365E-03
  0.2729522605365E-03
  0.2729522605365E-03
  0.2729522605365E-03
  0.2729522605365E-03
  0.2729522605365E-03
  0.2729522605365E-03
  0.2729522605365E-03
  0.2729522605365E-03
  0.2729522605365E-03
  0.2729522605365E-03
  0.2729522605365E-03
  0.2729522605365E-03
  0.2729522605365E-03
  0.2729522605365E-03
  0.2729522605365E-03
  0.2729522605365E-03
  0.2729522605365E-03
  0.2729522605365E-03
  0.2729522605365E-03
  0.2729522605365E-03
  0.2729522605365E-03
  0.2729522605365E-03
  0.2729522605365E-03
  0.2729522605365E-03
  0.2729522605365E-03
  0.2729522605365E-03
  0.2729522605365E-03
  0.2729522605365E-03
  0.2729522605365E-03
  0.2729522605365E-03
  0.2729522605365E-03
  0.2729522605365E-03
  0.2729522605365E-03
  0.2729522605365E-03
  0.2729522605365E-03
  0.2729522605365E-03
  0.2729522605365E-03
  0.2729522605365E-03
  0.2729522605365E-03
  0.2729522605365E-03
  0.2729522605365E-03
  0.2729522605365E-03
  0.2729522605365E-03
  0.2729522605365E-03
  0.2729522605365E-03
  0.2729522605365E-03
  0.2729522605365E-03
  0.2729522605365E-03
  0.2729522605365E-03
  0.2729522605365E-03
  0.2729522605365E-03
  0.2729522605365E-03
  0.2729522605365E-03
  0.2729522605365E-03
  0.2729522605365E-03
  0.2729522605365E-03
  0.2729522605365E-03
  0.2729522605365E-03
  0.2729522605365E-03
  0.2729522605365E-03
  0.2729522605365E-03
  0.2729522605365E-03
  0.2729522605365E-03
  0.2729522605365E-03
  0.2729522605365E-03
  0.2729522605365E-03
  0.2729522605365E-03
  0.2729522605365E-03
  0.2729522605365E-03
  0.2729522605365E-03
  0.2729522605365E-03
  0.2729522605365E-03
  0.2729522605365E-03
  0.2729522605365E-03
  0.2729522605365E-03
  0.2729522605365E-03
  0.2729522605365E-03
  0.2729522605365E-03
  0.2729522605365E-03
  0.2729522605365E-03
  0.2729522605365E-03
  0.2729522605365E-03
  0.2729522605365E-03
  0.2729522605365E-03
  0.2729522605365E-03
  0.2729522605365E-03
  0.2729522605365E-03
  0.2729522605365E-03
  0.2729522605365E-03
  0.2729522605365E-03
  0.2729522605365E-03
  0.2729522605365E-03
  0.2729522605365E-03
  0.2729522605365E-03
  0.2729522605365E-03
  0.2729522605365E-03
  0.2729522605365E-03
  0.2729522605365E-03
  0.2729522605365E-03
  0.2729522605365E-03
  0.2729522605365E-03
  0.2729522605365E-03
  0.2729522605365E-03
  0.2729522605365E-03
  0.2729522605365E-03
  0.2729522605365E-03
  0.2729522605365E-03
  0.2729522605365E-03
  0.2729522605365E-03
  0.2729522605365E-03
  0.2729522605365E-03
  0.2729522605365E-03
  0.2729522605365E-03
  0.2729522605365E-03
  0.2729522605365E-03
  0.2729522605365E-03
  0.2729522605365E-03
  0.2729522605365E-03
  0.2729522605365E-03
  0.2729522605365E-03
  0.2729522605365E-03
  0.2729522605365E-03
  0.2729522605365E-03
  0.2729522605365E-03
  0.2729522605365E-03
  0.2729522605365E-03
  0.2729522605365E-03
  0.2729522605365E-03
  0.2729522605365E-03
  0.2729522605365E-03
  0.2729522605365E-03
  0.2729522605365E-03
  0.2729522605365E-03
  0.2729522605365E-03
  0.2729522605365E-03
  0.2729522605365E-03
  0.2729522605365E-03
  0.2729522605365E-03
  0.2729522605365E-03
  0.2729522605365E-03
  0.2729522605365E-03
  0.2729522605365E-03
  0.2729522605365E-03
  0.2729522605365E-03
  0.2729522605365E-03
  0.2729522605365E-03
  0.2729522605365E-03
  0.2729522605365E-03
  0.2729522605365E-03
  0.2729522605365E-03
  0.2729522605365E-03
  0.2729522605365E-03
  0.2729522605365E-03
  0.2729522605365E-03
  0.2729522605365E-03
  0.2729522605365E-03
  0.2729522605365E-03
  0.2729522605365E-03
  0.2729522605365E-03
  0.2729522605365E-03
  0.2729522605365E-03
  0.2729522605365E-03
  0.2729522605365E-03
  0.2729522605365E-03
  0.2729522605365E-03
  0.2729522605365E-03
  0.2729522605365E-03
  0.2729522605365E-03
  0.2729522605365E-03
  0.2729522605365E-03
  0.2729522605365E-03
  0.2729522605365E-03
  0.2729522605365E-03
  0.2729522605365E-03
  0.2729522605365E-03
  0.2729522605365E-03
  0.2729522605365E-03
  0.2729522605365E-03
  0.2729522605365E-03
  0.2729522605365E-03
  0.2729522605365E-03
  0.2729522605365E-03
  0.2729522605365E-03
  0.2729522605365E-03
  0.2729522605365E-03
  0.2729522605365E-03
  0.2729522605365E-03
  0.2729522605365E-03
  0.2729522605365E-03
  0.2729522605365E-03
  0.2729522605365E-03
  0.2729522605365E-03
  0.2729522605365E-03
  0.2729522605365E-03
  0.2729522605365E-03
  0.2729522605365E-03
  0.2729522605365E-03
  0.2729522605365E-03
  0.2729522605365E-03
  0.2729522605365E-03
  0.2729522605365E-03
  0.2729522605365E-03
  0.2729522605365E-03
  0.2729522605365E-03
  0.2729522605365E-03
  0.2729522605365E-03
  0.2729522605365E-03
  0.2729522605365E-03
  0.2729522605365E-03
  0.2729522605365E-03
  0.2729522605365E-03
  0.2729522605365E-03
  0.2729522605365E-03
  0.2729522605365E-03
  0.2729522605365E-03
  0.2729522605365E-03
  0.2729522605365E-03
  0.2729522605365E-03
  0.2729522605365E-03
  0.2729522605365E-03
  0.2729522605365E-03
  0.2729522605365E-03
  0.2729522605365E-03
  0.2729522605365E-03
  0.2729522605365E-03
  0.2729522605365E-03
  0.2729522605365E-03
  0.2729522605365E-03
  0.2729522605365E-03
  0.2729522605365E-03
  0.2729522605365E-03
  0.2729522605365E-03
  0.2729522605365E-03
  0.2729522605365E-03
  0.2729522605365E-03
  0.2729522605365E-03
  0.2729522605365E-03
  0.2729522605365E-03
  0.2729522605365E-03
  0.2729522605365E-03
  0.2729522605365E-03
  0.2729522605365E-03
  0.2729522605365E-03
  0.2729522605365E-03
  0.2729522605365E-03
  0.2729522605365E-03
  0.2729522605365E-03
  0.2729522605365E-03
  0.2729522605365E-03
  0.2729522605365E-03
  0.2729522605365E-03
  0.2729522605365E-03
  0.2729522605365E-03
  0.2729522605365E-03
  0.2729522605365E-03
  0.2729522605365E-03
  0.2729522605365E-03
  0.2729522605365E-03
  0.2729522605365E-03
  0.2729522605365E-03
  0.2729522605365E-03
  0.2729522605365E-03
  0.2729522605365E-03
  0.2729522605365E-03
  0.2729522605365E-03
  0.2729522605365E-03
  0.2729522605365E-03
  0.2729522605365E-03
  0.2729522605365E-03
  0.2729522605365E-03
  0.2729522605365E-03
  0.2729522605365E-03
  0.2729522605365E-03
  0.2729522605365E-03
  0.2729522605365E-03
  0.2729522605365E-03
  0.2729522605365E-03
  0.2729522605365E-03
  0.2729522605365E-03
  0.2729522605365E-03
  0.2729522605365E-03
  0.2729522605365E-03
  0.2729522605365E-03
  0.2729522605365E-03
  0.2729522605365E-03
  0.2729522605365E-03
  0.2729522605365E-03
  0.2729522605365E-03
  0.2729522605365E-03
  0.2729522605365E-03
  0.2729522605365E-03
  0.2729522605365E-03
  0.2729522605365E-03
  0.2729522605365E-03
  0.2729522605365E-03
  0.2729522605365E-03
  0.2729522605365E-03
  0.2729522605365E-03
  0.2729522605365E-03
  0.2729522605365E-03
  0.2729522605365E-03
  0.2729522605365E-03
  0.2729522605365E-03
  0.2729522605365E-03
  0.2729522605365E-03
  0.2729522605365E-03
  0.2729522605365E-03
  0.2729522605365E-03
  0.2729522605365E-03
  0.2729522605365E-03
  0.2729522605365E-03
  0.2729522605365E-03
  0.2729522605365E-03
  0.2729522605365E-03
  0.2729522605365E-03
  0.2729522605365E-03
  0.2729522605365E-03
  0.2729522605365E-03
  0.2729522605365E-03
  0.2729522605365E-03
  0.2729522605365E-03
  0.2729522605365E-03
  0.2729522605365E-03
  0.2729522605365E-03
  0.2729522605365E-03
  0.2729522605365E-03
  0.2729522605365E-03
  0.2729522605365E-03
  0.2729522605365E-03
  0.2729522605365E-03
  0.2729522605365E-03
  0.2729522605365E-03
  0.2729522605365E-03
  0.2729522605365E-03
  0.2729522605365E-03
  0.2729522605365E-03
  0.2729522605365E-03
  0.2729522605365E-03
  0.2729522605365E-03
  0.2729522605365E-03
  0.2729522605365E-03
  0.2729522605365E-03
  0.2729522605365E-03
  0.2729522605365E-03
  0.2729522605365E-03
  0.2729522605365E-03
  0.2729522605365E-03
  0.2729522605365E-03
  0.2729522605365E-03
  0.2729522605365E-03
  0.2729522605365E-03
  0.2729522605365E-03
  0.2729522605365E-03
  0.2729522605365E-03
  0.2729522605365E-03
  0.2729522605365E-03
  0.2729522605365E-03
  0.2729522605365E-03
  0.2729522605365E-03
  0.2729522605365E-03
  0.2729522605365E-03
  0.2729522605365E-03
  0.2729522605365E-03
  0.2729522605365E-03
  0.2729522605365E-03
  0.2729522605365E-03
  0.2729522605365E-03
  0.2729522605365E-03
  0.2729522605365E-03
  0.2729522605365E-03
  0.2729522605365E-03
  0.2729522605365E-03
  0.2729522605365E-03
  0.2729522605365E-03
  0.2729522605365E-03
  0.2729522605365E-03
  0.2729522605365E-03
  0.2729522605365E-03
  0.2729522605365E-03
  0.2729522605365E-03
  0.2729522605365E-03
  0.2729522605365E-03
  0.2729522605365E-03
  0.2729522605365E-03
  0.2729522605365E-03
  0.2729522605365E-03
  0.2729522605365E-03
  0.2729522605365E-03
  0.2729522605365E-03
  0.2729522605365E-03
  0.2729522605365E-03
  0.2729522605365E-03
  0.2729522605365E-03
  0.2729522605365E-03
  0.2729522605365E-03
  0.2729522605365E-03
  0.2729522605365E-03
  0.2729522605365E-03
  0.2729522605365E-03
  0.2729522605365E-03
  0.2729522605365E-03
  0.2729522605365E-03
  0.2729522605365E-03
  0.2729522605365E-03
  0.2729522605365E-03
  0.2729522605365E-03
  0.2729522605365E-03
  0.2729522605365E-03
  0.2729522605365E-03
  0.2729522605365E-03
  0.2729522605365E-03
  0.2729522605365E-03
  0.2729522605365E-03
  0.2729522605365E-03
  0.2729522605365E-03
  0.2729522605365E-03
  0.2729522605365E-03
  0.2729522605365E-03
  0.2729522605365E-03
  0.2729522605365E-03
  0.2729522605365E-03
  0.2729522605365E-03
  0.2729522605365E-03
  0.2729522605365E-03
  0.2729522605365E-03
  0.2729522605365E-03
  0.2729522605365E-03
  0.2729522605365E-03
  0.2729522605365E-03
  0.2729522605365E-03
  0.2729522605365E-03
  0.2729522605365E-03
  0.2729522605365E-03
  0.2729522605365E-03
  0.2729522605365E-03
  0.2729522605365E-03
  0.2729522605365E-03
  0.2729522605365E-03
  0.2729522605365E-03
  0.2729522605365E-03
  0.2729522605365E-03
  0.2729522605365E-03
  0.2729522605365E-03
  0.2729522605365E-03
  0.2729522605365E-03
  0.2729522605365E-03
  0.2729522605365E-03
  0.2729522605365E-03
  0.2729522605365E-03
  0.2729522605365E-03
  0.2729522605365E-03
  0.2729522605365E-03
  0.2729522605365E-03
  0.2729522605365E-03
  0.2729522605365E-03
  0.2729522605365E-03
  0.2729522605365E-03
  0.2729522605365E-03
  0.2729522605365E-03
  0.2729522605365E-03
  0.2729522605365E-03
  0.2729522605365E-03
  0.2729522605365E-03
  0.2729522605365E-03
  0.2729522605365E-03
  0.2729522605365E-03
  0.2729522605365E-03
  0.2729522605365E-03
  0.2729522605365E-03
  0.2729522605365E-03
  0.2729522605365E-03
  0.2729522605365E-03
  0.2729522605365E-03
  0.2729522605365E-03
  0.2729522605365E-03
  0.2729522605365E-03
  0.2729522605365E-03
  0.2729522605365E-03
  0.2729522605365E-03
  0.2729522605365E-03
  0.2729522605365E-03
  0.2729522605365E-03
  0.2729522605365E-03
  0.2729522605365E-03
  0.2729522605365E-03
  0.2729522605365E-03
  0.2729522605365E-03
  0.2729522605365E-03
  0.2729522605365E-03
  0.2729522605365E-03
  0.2729522605365E-03
  0.2729522605365E-03
  0.2729522605365E-03
  0.2729522605365E-03
  0.2729522605365E-03
  0.2729522605365E-03
  0.2729522605365E-03
  0.2729522605365E-03
  0.2729522605365E-03
  0.2729522605365E-03
  0.2729522605365E-03
  0.2729522605365E-03
  0.2729522605365E-03
  0.2729522605365E-03
  0.2729522605365E-03
  0.2729522605365E-03
  0.2729522605365E-03
  0.2729522605365E-03
  0.2729522605365E-03
  0.2729522605365E-03
  0.2729522605365E-03
  0.2729522605365E-03
  0.2729522605365E-03
  0.2729522605365E-03
  0.2729522605365E-03
  0.2729522605365E-03
  0.2729522605365E-03
  0.2729522605365E-03
  0.2729522605365E-03
  0.2729522605365E-03
  0.2729522605365E-03
  0.2729522605365E-03
  0.2729522605365E-03
  0.2729522605365E-03
  0.2729522605365E-03
  0.2729522605365E-03
  0.2729522605365E-03
  0.2729522605365E-03
  0.2729522605365E-03
  0.2729522605365E-03
  0.2729522605365E-03
  0.2729522605365E-03
  0.2729522605365E-03
  0.2729522605365E-03
  0.2729522605365E-03
  0.2729522605365E-03
  0.2729522605365E-03
  0.2729522605365E-03
  0.2729522605365E-03
  0.2729522605365E-03
  0.2729522605365E-03
  0.2729522605365E-03
  0.2729522605365E-03
  0.2729522605365E-03
  0.2729522605365E-03
  0.2729522605365E-03
  0.2729522605365E-03
  0.2729522605365E-03
  0.2729522605365E-03
  0.2729522605365E-03
  0.2729522605365E-03
  0.2729522605365E-03
  0.2729522605365E-03
  0.2729522605365E-03
  0.2729522605365E-03
  0.2729522605365E-03
  0.2729522605365E-03
  0.2729522605365E-03
  0.2729522605365E-03
  0.2729522605365E-03
  0.2729522605365E-03
  0.2729522605365E-03
  0.2729522605365E-03
  0.2729522605365E-03
  0.2729522605365E-03
  0.2729522605365E-03
  0.2729522605365E-03
  0.2729522605365E-03
  0.2729522605365E-03
  0.2729522605365E-03
  0.2729522605365E-03
  0.2729522605365E-03
  0.2729522605365E-03
  0.2729522605365E-03
  0.2729522605365E-03
  0.2729522605365E-03
  0.2729522605365E-03
  0.2729522605365E-03
  0.2729522605365E-03
  0.2729522605365E-03
  0.2729522605365E-03
  0.2729522605365E-03
  0.2729522605365E-03
  0.2729522605365E-03
  0.2729522605365E-03
  0.2729522605365E-03
  0.2729522605365E-03
  0.2729522605365E-03
  0.2729522605365E-03
  0.2729522605365E-03
  0.2729522605365E-03
  0.2729522605365E-03
  0.2729522605365E-03
  0.2729522605365E-03
  0.2729522605365E-03
  0.2729522605365E-03
  0.2729522605365E-03
  0.2729522605365E-03
  0.2729522605365E-03
  0.2729522605365E-03
  0.2729522605365E-03
  0.2729522605365E-03
  0.2729522605365E-03
  0.2729522605365E-03
  0.2729522605365E-03
  0.2729522605365E-03
  0.2729522605365E-03
  0.2729522605365E-03
  0.2729522605365E-03
  0.2729522605365E-03
  0.2729522605365E-03
  0.2729522605365E-03
  0.2729522605365E-03
  0.2729522605365E-03
  0.2729522605365E-03
  0.2729522605365E-03
  0.2729522605365E-03
  0.2729522605365E-03
  0.2729522605365E-03
  0.2729522605365E-03
  0.2729522605365E-03
  0.2729522605365E-03
  0.2729522605365E-03
  0.2729522605365E-03
  0.2729522605365E-03
  0.2729522605365E-03
  0.2729522605365E-03
  0.2729522605365E-03
  0.2729522605365E-03
  0.2729522605365E-03
  0.2729522605365E-03
  0.2729522605365E-03
  0.2729522605365E-03
  0.2729522605365E-03
  0.2729522605365E-03
  0.2729522605365E-03
  0.2729522605365E-03
  0.2729522605365E-03
  0.2729522605365E-03
  0.2729522605365E-03
  0.2729522605365E-03
  0.2729522605365E-03
  0.2729522605365E-03
  0.2729522605365E-03
  0.2729522605365E-03
  0.2729522605365E-03
  0.2729522605365E-03
  0.2729522605365E-03
  0.2729522605365E-03
  0.2729522605365E-03
  0.2729522605365E-03
  0.2729522605365E-03
  0.2729522605365E-03
  0.2729522605365E-03
  0.2729522605365E-03
  0.2729522605365E-03
  0.2729522605365E-03
  0.2729522605365E-03
  0.2729522605365E-03
  0.2729522605365E-03
  0.2729522605365E-03
  0.2729522605365E-03
  0.2729522605365E-03
  0.2729522605365E-03
  0.2729522605365E-03
  0.2729522605365E-03
  0.2729522605365E-03
  0.2729522605365E-03
  0.2729522605365E-03
  0.2729522605365E-03
  0.2729522605365E-03
  0.2729522605365E-03
  0.2729522605365E-03
  0.2729522605365E-03
  0.2729522605365E-03
  0.2729522605365E-03
  0.2729522605365E-03
  0.2729522605365E-03
  0.2729522605365E-03
  0.2729522605365E-03
  0.2729522605365E-03
  0.2729522605365E-03
  0.2729522605365E-03
  0.2729522605365E-03
  0.2729522605365E-03
  0.2729522605365E-03
  0.2729522605365E-03
  0.2729522605365E-03
  0.2729522605365E-03
  0.2729522605365E-03
  0.2729522605365E-03
  0.2729522605365E-03
  0.2729522605365E-03
  0.2729522605365E-03
  0.2729522605365E-03
  0.2729522605365E-03
  0.2729522605365E-03
  0.2729522605365E-03
  0.2729522605365E-03
  0.2729522605365E-03
  0.2729522605365E-03
  0.2729522605365E-03
  0.2729522605365E-03
  0.2729522605365E-03
  0.2729522605365E-03
  0.2729522605365E-03
  0.2729522605365E-03
  0.2729522605365E-03
  0.2729522605365E-03
  0.2729522605365E-03
  0.2729522605365E-03
  0.2729522605365E-03
  0.2729522605365E-03
  0.2729522605365E-03
  0.2729522605365E-03
  0.0000000000000E+00
 -0.2963424920421E-06
 -0.3397410245485E-06
 -0.3618602623967E-06
 -0.3464629917794E-06
  0.0000000000000E+00
 -0.3857757529512E-06
 -0.3618495637480E-06
 -0.2810205029265E-06
 -0.3099490864667E-06
  0.0000000000000E+00
  0.0000000000000E+00
  0.0000000000000E+00
  0.0000000000000E+00
  0.0000000000000E+00
  0.0000000000000E+00
  0.0000000000000E+00
  0.0000000000000E+00
  0.0000000000000E+00
  0.0000000000000E+00
  0.0000000000000E+00
  0.0000000000000E+00
  0.0000000000000E+00
  0.0000000000000E+00
  0.0000000000000E+00
  0.0000000000000E+00
  0.0000000000000E+00
  0.0000000000000E+00
  0.0000000000000E+00
  0.0000000000000E+00
  0.0000000000000E+00
  0.0000000000000E+00
  0.0000000000000E+00
  0.0000000000000E+00
  0.0000000000000E+00
  0.0000000000000E+00
  0.0000000000000E+00
  0.0000000000000E+00
  0.0000000000000E+00
  0.0000000000000E+00
  0.0000000000000E+00
  0.0000000000000E+00
  0.0000000000000E+00
  0.0000000000000E+00
  0.0000000000000E+00
  0.0000000000000E+00
  0.0000000000000E+00
  0.0000000000000E+00
  0.0000000000000E+00
  0.0000000000000E+00
  0.0000000000000E+00
  0.0000000000000E+00
  0.0000000000000E+00
  0.0000000000000E+00
  0.0000000000000E+00
  0.0000000000000E+00
  0.0000000000000E+00
  0.0000000000000E+00
  0.0000000000000E+00
  0.0000000000000E+00
  0.0000000000000E+00
  0.0000000000000E+00
  0.0000000000000E+00
  0.0000000000000E+00
  0.0000000000000E+00
  0.0000000000000E+00
  0.0000000000000E+00
  0.0000000000000E+00
  0.0000000000000E+00
  0.0000000000000E+00
  0.0000000000000E+00
  0.0000000000000E+00
  0.0000000000000E+00
  0.0000000000000E+00
  0.0000000000000E+00
  0.0000000000000E+00
  0.0000000000000E+00
  0.0000000000000E+00
  0.0000000000000E+00
  0.0000000000000E+00
  0.0000000000000E+00
  0.0000000000000E+00
  0.0000000000000E+00
  0.0000000000000E+00
  0.0000000000000E+00
  0.0000000000000E+00
  0.0000000000000E+00
  0.0000000000000E+00
  0.0000000000000E+00
  0.0000000000000E+00
  0.0000000000000E+00
  0.0000000000000E+00
  0.0000000000000E+00
  0.0000000000000E+00
  0.0000000000000E+00
  0.0000000000000E+00
  0.0000000000000E+00
  0.0000000000000E+00
  0.0000000000000E+00
  0.0000000000000E+00
  0.0000000000000E+00
  0.0000000000000E+00
  0.0000000000000E+00
  0.0000000000000E+00
  0.0000000000000E+00
  0.0000000000000E+00
  0.0000000000000E+00
  0.0000000000000E+00
  0.0000000000000E+00
  0.0000000000000E+00
  0.0000000000000E+00
  0.0000000000000E+00
  0.0000000000000E+00
  0.0000000000000E+00
  0.0000000000000E+00
  0.0000000000000E+00
  0.0000000000000E+00
  0.0000000000000E+00
  0.0000000000000E+00
  0.0000000000000E+00
  0.0000000000000E+00
  0.0000000000000E+00
  0.0000000000000E+00
  0.0000000000000E+00
  0.0000000000000E+00
  0.0000000000000E+00
  0.0000000000000E+00
  0.0000000000000E+00
  0.0000000000000E+00
  0.0000000000000E+00
  0.0000000000000E+00
  0.0000000000000E+00
  0.0000000000000E+00
  0.0000000000000E+00
  0.0000000000000E+00
  0.0000000000000E+00
  0.0000000000000E+00
  0.0000000000000E+00
  0.0000000000000E+00
  0.0000000000000E+00
  0.0000000000000E+00
  0.0000000000000E+00
  0.0000000000000E+00
  0.0000000000000E+00
  0.0000000000000E+00
  0.0000000000000E+00
  0.0000000000000E+00
  0.0000000000000E+00
  0.0000000000000E+00
  0.0000000000000E+00
  0.0000000000000E+00
  0.0000000000000E+00
  0.0000000000000E+00
  0.0000000000000E+00
  0.0000000000000E+00
  0.0000000000000E+00
  0.0000000000000E+00
  0.0000000000000E+00
  0.0000000000000E+00
  0.0000000000000E+00
  0.0000000000000E+00
  0.0000000000000E+00
  0.0000000000000E+00
  0.0000000000000E+00
  0.0000000000000E+00
  0.0000000000000E+00
  0.0000000000000E+00
  0.0000000000000E+00
  0.0000000000000E+00
  0.0000000000000E+00
  0.0000000000000E+00
  0.0000000000000E+00
  0.0000000000000E+00
  0.0000000000000E+00
  0.0000000000000E+00
  0.0000000000000E+00
  0.0000000000000E+00
  0.0000000000000E+00
  0.0000000000000E+00
  0.0000000000000E+00
  0.0000000000000E+00
  0.0000000000000E+00
  0.0000000000000E+00
  0.0000000000000E+00
  0.0000000000000E+00
  0.0000000000000E+00
  0.0000000000000E+00
  0.0000000000000E+00
  0.0000000000000E+00
  0.0000000000000E+00
  0.0000000000000E+00
  0.0000000000000E+00
  0.0000000000000E+00
  0.0000000000000E+00
  0.0000000000000E+00
  0.0000000000000E+00
  0.0000000000000E+00
  0.0000000000000E+00
  0.0000000000000E+00
  0.0000000000000E+00
  0.0000000000000E+00
  0.0000000000000E+00
  0.0000000000000E+00
  0.0000000000000E+00
  0.0000000000000E+00
  0.0000000000000E+00
  0.0000000000000E+00
  0.0000000000000E+00
  0.0000000000000E+00
  0.0000000000000E+00
  0.0000000000000E+00
  0.0000000000000E+00
  0.0000000000000E+00
  0.0000000000000E+00
  0.0000000000000E+00
  0.0000000000000E+00
  0.0000000000000E+00
  0.0000000000000E+00
  0.0000000000000E+00
  0.0000000000000E+00
  0.0000000000000E+00
  0.0000000000000E+00
  0.0000000000000E+00
  0.0000000000000E+00
  0.0000000000000E+00
  0.0000000000000E+00
  0.0000000000000E+00
  0.0000000000000E+00
  0.0000000000000E+00
  0.0000000000000E+00
  0.0000000000000E+00
  0.0000000000000E+00
  0.0000000000000E+00
  0.0000000000000E+00
  0.0000000000000E+00
  0.0000000000000E+00
  0.0000000000000E+00
  0.0000000000000E+00
  0.0000000000000E+00
  0.0000000000000E+00
  0.0000000000000E+00
  0.0000000000000E+00
  0.0000000000000E+00
  0.0000000000000E+00
  0.0000000000000E+00
  0.0000000000000E+00
  0.0000000000000E+00
  0.0000000000000E+00
  0.0000000000000E+00
  0.0000000000000E+00
  0.0000000000000E+00
  0.0000000000000E+00
  0.0000000000000E+00
  0.0000000000000E+00
  0.0000000000000E+00
  0.0000000000000E+00
  0.0000000000000E+00
  0.0000000000000E+00
  0.0000000000000E+00
  0.0000000000000E+00
  0.0000000000000E+00
  0.0000000000000E+00
  0.0000000000000E+00
  0.0000000000000E+00
  0.0000000000000E+00
  0.0000000000000E+00
  0.0000000000000E+00
  0.0000000000000E+00
  0.0000000000000E+00
  0.0000000000000E+00
  0.0000000000000E+00
  0.0000000000000E+00
  0.0000000000000E+00
  0.0000000000000E+00
  0.0000000000000E+00
  0.0000000000000E+00
  0.0000000000000E+00
  0.0000000000000E+00
  0.0000000000000E+00
  0.0000000000000E+00
  0.0000000000000E+00
  0.0000000000000E+00
  0.0000000000000E+00
  0.0000000000000E+00
  0.0000000000000E+00
  0.0000000000000E+00
  0.0000000000000E+00
  0.0000000000000E+00
  0.0000000000000E+00
  0.0000000000000E+00
  0.0000000000000E+00
  0.0000000000000E+00
  0.0000000000000E+00
  0.0000000000000E+00
  0.0000000000000E+00
  0.0000000000000E+00
  0.0000000000000E+00
  0.0000000000000E+00
  0.0000000000000E+00
  0.0000000000000E+00
  0.0000000000000E+00
  0.0000000000000E+00
  0.0000000000000E+00
  0.0000000000000E+00
  0.0000000000000E+00
  0.0000000000000E+00
  0.0000000000000E+00
  0.0000000000000E+00
  0.0000000000000E+00
  0.0000000000000E+00
  0.0000000000000E+00
  0.0000000000000E+00
  0.0000000000000E+00
  0.0000000000000E+00
  0.0000000000000E+00
  0.0000000000000E+00
  0.0000000000000E+00
  0.0000000000000E+00
  0.0000000000000E+00
  0.0000000000000E+00
  0.0000000000000E+00
  0.0000000000000E+00
  0.0000000000000E+00
  0.0000000000000E+00
  0.0000000000000E+00
  0.0000000000000E+00
  0.0000000000000E+00
  0.0000000000000E+00
  0.0000000000000E+00
  0.0000000000000E+00
  0.0000000000000E+00
  0.0000000000000E+00
  0.0000000000000E+00
  0.0000000000000E+00
  0.0000000000000E+00
  0.0000000000000E+00
  0.0000000000000E+00
  0.0000000000000E+00
  0.0000000000000E+00
  0.0000000000000E+00
  0.0000000000000E+00
  0.0000000000000E+00
  0.0000000000000E+00
  0.0000000000000E+00
  0.0000000000000E+00
  0.0000000000000E+00
  0.0000000000000E+00
  0.0000000000000E+00
  0.0000000000000E+00
  0.0000000000000E+00
  0.0000000000000E+00
  0.0000000000000E+00
  0.0000000000000E+00
  0.0000000000000E+00
  0.0000000000000E+00
  0.0000000000000E+00
  0.0000000000000E+00
  0.0000000000000E+00
  0.0000000000000E+00
  0.0000000000000E+00
  0.0000000000000E+00
  0.0000000000000E+00
  0.0000000000000E+00
  0.0000000000000E+00
  0.0000000000000E+00
  0.0000000000000E+00
  0.0000000000000E+00
  0.0000000000000E+00
  0.0000000000000E+00
  0.0000000000000E+00
  0.0000000000000E+00
  0.0000000000000E+00
  0.0000000000000E+00
  0.0000000000000E+00
  0.0000000000000E+00
  0.0000000000000E+00
  0.0000000000000E+00
  0.0000000000000E+00
  0.0000000000000E+00
  0.0000000000000E+00
  0.0000000000000E+00
  0.0000000000000E+00
  0.0000000000000E+00
  0.0000000000000E+00
  0.0000000000000E+00
  0.0000000000000E+00
  0.0000000000000E+00
  0.0000000000000E+00
  0.0000000000000E+00
  0.0000000000000E+00
  0.0000000000000E+00
  0.0000000000000E+00
  0.0000000000000E+00
  0.0000000000000E+00
  0.0000000000000E+00
  0.0000000000000E+00
  0.0000000000000E+00
  0.0000000000000E+00
  0.0000000000000E+00
  0.0000000000000E+00
  0.0000000000000E+00
  0.0000000000000E+00
  0.0000000000000E+00
  0.0000000000000E+00
  0.0000000000000E+00
  0.0000000000000E+00
  0.0000000000000E+00
  0.0000000000000E+00
  0.0000000000000E+00
  0.0000000000000E+00
  0.0000000000000E+00
  0.0000000000000E+00
  0.0000000000000E+00
  0.0000000000000E+00
  0.0000000000000E+00
  0.0000000000000E+00
  0.0000000000000E+00
  0.0000000000000E+00
  0.0000000000000E+00
  0.0000000000000E+00
  0.0000000000000E+00
  0.0000000000000E+00
  0.0000000000000E+00
  0.0000000000000E+00
  0.0000000000000E+00
  0.0000000000000E+00
  0.0000000000000E+00
  0.0000000000000E+00
  0.0000000000000E+00
  0.0000000000000E+00
  0.0000000000000E+00
  0.0000000000000E+00
  0.0000000000000E+00
  0.0000000000000E+00
  0.0000000000000E+00
  0.0000000000000E+00
  0.0000000000000E+00
  0.0000000000000E+00
  0.0000000000000E+00
  0.0000000000000E+00
  0.0000000000000E+00
  0.0000000000000E+00
  0.0000000000000E+00
  0.0000000000000E+00
  0.0000000000000E+00
  0.0000000000000E+00
  0.0000000000000E+00
  0.0000000000000E+00
  0.0000000000000E+00
  0.0000000000000E+00
  0.0000000000000E+00
  0.0000000000000E+00
  0.0000000000000E+00
  0.0000000000000E+00
  0.0000000000000E+00
  0.0000000000000E+00
  0.0000000000000E+00
  0.0000000000000E+00
  0.0000000000000E+00
  0.0000000000000E+00
  0.0000000000000E+00
  0.0000000000000E+00
  0.0000000000000E+00
  0.0000000000000E+00
  0.0000000000000E+00
  0.0000000000000E+00
  0.0000000000000E+00
  0.0000000000000E+00
  0.0000000000000E+00
  0.0000000000000E+00
  0.0000000000000E+00
  0.0000000000000E+00
  0.0000000000000E+00
  0.0000000000000E+00
  0.0000000000000E+00
  0.0000000000000E+00
  0.0000000000000E+00
  0.0000000000000E+00
  0.0000000000000E+00
  0.0000000000000E+00
  0.0000000000000E+00
  0.0000000000000E+00
  0.0000000000000E+00
  0.0000000000000E+00
  0.0000000000000E+00
  0.0000000000000E+00
  0.0000000000000E+00
  0.0000000000000E+00
  0.0000000000000E+00
  0.0000000000000E+00
  0.0000000000000E+00
  0.0000000000000E+00
  0.0000000000000E+00
  0.0000000000000E+00
  0.0000000000000E+00
  0.0000000000000E+00
  0.0000000000000E+00
  0.0000000000000E+00
  0.0000000000000E+00
  0.0000000000000E+00
  0.0000000000000E+00
  0.0000000000000E+00
  0.0000000000000E+00
  0.0000000000000E+00
  0.0000000000000E+00
  0.0000000000000E+00
  0.0000000000000E+00
  0.0000000000000E+00
  0.0000000000000E+00
  0.0000000000000E+00
  0.0000000000000E+00
  0.0000000000000E+00
  0.0000000000000E+00
  0.0000000000000E+00
  0.0000000000000E+00
  0.0000000000000E+00
  0.0000000000000E+00
  0.0000000000000E+00
  0.0000000000000E+00
  0.0000000000000E+00
  0.0000000000000E+00
  0.0000000000000E+00
  0.0000000000000E+00
  0.0000000000000E+00
  0.0000000000000E+00
  0.0000000000000E+00
  0.0000000000000E+00
  0.0000000000000E+00
  0.0000000000000E+00
  0.0000000000000E+00
  0.0000000000000E+00
  0.0000000000000E+00
  0.0000000000000E+00
  0.0000000000000E+00
  0.0000000000000E+00
  0.0000000000000E+00
  0.0000000000000E+00
  0.0000000000000E+00
  0.0000000000000E+00
  0.0000000000000E+00
  0.0000000000000E+00
  0.0000000000000E+00
  0.0000000000000E+00
  0.0000000000000E+00
  0.0000000000000E+00
  0.0000000000000E+00
  0.0000000000000E+00
  0.0000000000000E+00
  0.0000000000000E+00
  0.0000000000000E+00
  0.0000000000000E+00
  0.0000000000000E+00
  0.0000000000000E+00
  0.0000000000000E+00
  0.0000000000000E+00
  0.0000000000000E+00
  0.0000000000000E+00
  0.0000000000000E+00
  0.0000000000000E+00
  0.0000000000000E+00
  0.0000000000000E+00
  0.0000000000000E+00
  0.0000000000000E+00
  0.0000000000000E+00
  0.0000000000000E+00
  0.0000000000000E+00
  0.0000000000000E+00
  0.0000000000000E+00
  0.0000000000000E+00
  0.0000000000000E+00
  0.0000000000000E+00
  0.0000000000000E+00
  0.0000000000000E+00
  0.0000000000000E+00
  0.0000000000000E+00
  0.0000000000000E+00
  0.0000000000000E+00
  0.0000000000000E+00
  0.0000000000000E+00
  0.0000000000000E+00
  0.0000000000000E+00
  0.0000000000000E+00
  0.0000000000000E+00
  0.0000000000000E+00
  0.0000000000000E+00
  0.0000000000000E+00
  0.0000000000000E+00
  0.0000000000000E+00
  0.0000000000000E+00
  0.0000000000000E+00
  0.0000000000000E+00
  0.0000000000000E+00
  0.0000000000000E+00
  0.0000000000000E+00
  0.0000000000000E+00
  0.0000000000000E+00
  0.0000000000000E+00
  0.0000000000000E+00
  0.0000000000000E+00
  0.0000000000000E+00
  0.0000000000000E+00
  0.0000000000000E+00
  0.0000000000000E+00
  0.0000000000000E+00
  0.0000000000000E+00
  0.0000000000000E+00
  0.0000000000000E+00
  0.0000000000000E+00
  0.0000000000000E+00
  0.0000000000000E+00
  0.0000000000000E+00
  0.0000000000000E+00
  0.0000000000000E+00
  0.0000000000000E+00
  0.0000000000000E+00
  0.0000000000000E+00
  0.0000000000000E+00
  0.0000000000000E+00
  0.0000000000000E+00
  0.0000000000000E+00
  0.0000000000000E+00
  0.0000000000000E+00
  0.0000000000000E+00
  0.0000000000000E+00
  0.0000000000000E+00
  0.0000000000000E+00
  0.0000000000000E+00
  0.0000000000000E+00
  0.0000000000000E+00
  0.0000000000000E+00
  0.0000000000000E+00
  0.0000000000000E+00
  0.0000000000000E+00
  0.0000000000000E+00
  0.0000000000000E+00
  0.0000000000000E+00
  0.0000000000000E+00
  0.0000000000000E+00
  0.0000000000000E+00
  0.0000000000000E+00
  0.0000000000000E+00
  0.0000000000000E+00
  0.0000000000000E+00
  0.0000000000000E+00
  0.0000000000000E+00
  0.0000000000000E+00
  0.0000000000000E+00
  0.0000000000000E+00
  0.0000000000000E+00
  0.0000000000000E+00
  0.0000000000000E+00
  0.0000000000000E+00
  0.0000000000000E+00
  0.0000000000000E+00
  0.0000000000000E+00
  0.0000000000000E+00
  0.0000000000000E+00
  0.0000000000000E+00
  0.0000000000000E+00
  0.0000000000000E+00
  0.0000000000000E+00
  0.0000000000000E+00
  0.0000000000000E+00
  0.0000000000000E+00
  0.0000000000000E+00
  0.0000000000000E+00
  0.0000000000000E+00
  0.0000000000000E+00
  0.0000000000000E+00
  0.0000000000000E+00
  0.0000000000000E+00
  0.0000000000000E+00
  0.0000000000000E+00
  0.0000000000000E+00
  0.0000000000000E+00
  0.0000000000000E+00
  0.0000000000000E+00
  0.0000000000000E+00
  0.0000000000000E+00
  0.0000000000000E+00
  0.0000000000000E+00
  0.0000000000000E+00
  0.0000000000000E+00
  0.0000000000000E+00
  0.0000000000000E+00
  0.0000000000000E+00
  0.0000000000000E+00
  0.0000000000000E+00
  0.0000000000000E+00
  0.0000000000000E+00
  0.0000000000000E+00
  0.0000000000000E+00
  0.0000000000000E+00
  0.0000000000000E+00
  0.0000000000000E+00
  0.0000000000000E+00
  0.0000000000000E+00
  0.0000000000000E+00
  0.0000000000000E+00
  0.0000000000000E+00
  0.0000000000000E+00
  0.0000000000000E+00
  0.0000000000000E+00
  0.0000000000000E+00
  0.0000000000000E+00
  0.0000000000000E+00
  0.0000000000000E+00
  0.0000000000000E+00
  0.0000000000000E+00
  0.0000000000000E+00
  0.0000000000000E+00
  0.0000000000000E+00
  0.0000000000000E+00
  0.0000000000000E+00
  0.0000000000000E+00
  0.0000000000000E+00
  0.0000000000000E+00
  0.0000000000000E+00
  0.0000000000000E+00
  0.0000000000000E+00
  0.0000000000000E+00
  0.0000000000000E+00
  0.0000000000000E+00
  0.0000000000000E+00
  0.0000000000000E+00
  0.0000000000000E+00
  0.0000000000000E+00
  0.0000000000000E+00
  0.0000000000000E+00
  0.0000000000000E+00
  0.0000000000000E+00
  0.0000000000000E+00
  0.0000000000000E+00
  0.0000000000000E+00
  0.0000000000000E+00
  0.0000000000000E+00
  0.0000000000000E+00
  0.0000000000000E+00
  0.0000000000000E+00
  0.0000000000000E+00
  0.0000000000000E+00
  0.0000000000000E+00
  0.0000000000000E+00
  0.0000000000000E+00
  0.0000000000000E+00
  0.0000000000000E+00
  0.0000000000000E+00
  0.0000000000000E+00
  0.0000000000000E+00
  0.0000000000000E+00
  0.0000000000000E+00
  0.0000000000000E+00
  0.0000000000000E+00
  0.0000000000000E+00
  0.0000000000000E+00
  0.0000000000000E+00
  0.0000000000000E+00
  0.0000000000000E+00
  0.0000000000000E+00
  0.0000000000000E+00
  0.0000000000000E+00
  0.0000000000000E+00
  0.0000000000000E+00
  0.0000000000000E+00
  0.0000000000000E+00
  0.0000000000000E+00
  0.0000000000000E+00
  0.0000000000000E+00
  0.0000000000000E+00
  0.0000000000000E+00
  0.0000000000000E+00
  0.0000000000000E+00
  0.0000000000000E+00
  0.0000000000000E+00
  0.0000000000000E+00
  0.0000000000000E+00
  0.0000000000000E+00
  0.0000000000000E+00
  0.0000000000000E+00
  0.0000000000000E+00
  0.0000000000000E+00
  0.0000000000000E+00
  0.0000000000000E+00
  0.0000000000000E+00
  0.0000000000000E+00
  0.0000000000000E+00
  0.0000000000000E+00
  0.0000000000000E+00
  0.0000000000000E+00
  0.0000000000000E+00
  0.0000000000000E+00
  0.0000000000000E+00
  0.0000000000000E+00
  0.0000000000000E+00
  0.0000000000000E+00
  0.0000000000000E+00
  0.0000000000000E+00
  0.0000000000000E+00
  0.0000000000000E+00
  0.0000000000000E+00
  0.0000000000000E+00
  0.0000000000000E+00
  0.0000000000000E+00
  0.0000000000000E+00
  0.0000000000000E+00
  0.0000000000000E+00
  0.0000000000000E+00
  0.0000000000000E+00
  0.0000000000000E+00
  0.0000000000000E+00
  0.0000000000000E+00
  0.0000000000000E+00
  0.0000000000000E+00
  0.0000000000000E+00
  0.0000000000000E+00
  0.0000000000000E+00
  0.0000000000000E+00
  0.0000000000000E+00
  0.0000000000000E+00
  0.0000000000000E+00
  0.0000000000000E+00
  0.0000000000000E+00
  0.0000000000000E+00
  0.0000000000000E+00
  0.0000000000000E+00
  0.0000000000000E+00
  0.0000000000000E+00
  0.0000000000000E+00
  0.0000000000000E+00
  0.0000000000000E+00
  0.0000000000000E+00
  0.0000000000000E+00
  0.0000000000000E+00
  0.0000000000000E+00
  0.0000000000000E+00
  0.0000000000000E+00
  0.0000000000000E+00
  0.0000000000000E+00
  0.0000000000000E+00
  0.0000000000000E+00
  0.0000000000000E+00
  0.0000000000000E+00
  0.0000000000000E+00
  0.0000000000000E+00
  0.0000000000000E+00
  0.0000000000000E+00
  0.0000000000000E+00
  0.0000000000000E+00
  0.0000000000000E+00
  0.0000000000000E+00
  0.0000000000000E+00
  0.0000000000000E+00
  0.0000000000000E+00
  0.0000000000000E+00
  0.0000000000000E+00
  0.0000000000000E+00
  0.0000000000000E+00
  0.0000000000000E+00
  0.0000000000000E+00
  0.0000000000000E+00
  0.0000000000000E+00
  0.0000000000000E+00
  0.0000000000000E+00
  0.0000000000000E+00
  0.0000000000000E+00
  0.0000000000000E+00
  0.0000000000000E+00
  0.0000000000000E+00
  0.0000000000000E+00
  0.0000000000000E+00
  0.0000000000000E+00
  0.0000000000000E+00
  0.0000000000000E+00
  0.0000000000000E+00
  0.0000000000000E+00
  0.0000000000000E+00
  0.0000000000000E+00
  0.0000000000000E+00
  0.0000000000000E+00
  0.0000000000000E+00
  0.0000000000000E+00
  0.0000000000000E+00
  0.0000000000000E+00
  0.0000000000000E+00
  0.0000000000000E+00
  0.0000000000000E+00
  0.0000000000000E+00
  0.0000000000000E+00
  0.0000000000000E+00
  0.0000000000000E+00
  0.0000000000000E+00
  0.0000000000000E+00
  0.0000000000000E+00
  0.0000000000000E+00
  0.0000000000000E+00
  0.0000000000000E+00
  0.0000000000000E+00
  0.0000000000000E+00
  0.0000000000000E+00
  0.0000000000000E+00
  0.0000000000000E+00
  0.0000000000000E+00
  0.0000000000000E+00
  0.0000000000000E+00
  0.0000000000000E+00
  0.0000000000000E+00
  0.0000000000000E+00
  0.0000000000000E+00
  0.0000000000000E+00
  0.0000000000000E+00
  0.0000000000000E+00
  0.0000000000000E+00
  0.0000000000000E+00
  0.0000000000000E+00
  0.0000000000000E+00
  0.0000000000000E+00
  0.0000000000000E+00
  0.0000000000000E+00
  0.0000000000000E+00
  0.0000000000000E+00
  0.0000000000000E+00
  0.0000000000000E+00
  0.0000000000000E+00
  0.0000000000000E+00
  0.0000000000000E+00
  0.0000000000000E+00
  0.0000000000000E+00
  0.0000000000000E+00
  0.0000000000000E+00
  0.0000000000000E+00
  0.0000000000000E+00
  0.0000000000000E+00
  0.0000000000000E+00
  0.0000000000000E+00
  0.0000000000000E+00
  0.0000000000000E+00
  0.0000000000000E+00
  0.0000000000000E+00
  0.0000000000000E+00
  0.0000000000000E+00
  0.0000000000000E+00
  0.0000000000000E+00
  0.0000000000000E+00
  0.0000000000000E+00
  0.0000000000000E+00
  0.0000000000000E+00
  0.0000000000000E+00
  0.0000000000000E+00
  0.0000000000000E+00
  0.0000000000000E+00
  0.0000000000000E+00
  0.0000000000000E+00
  0.0000000000000E+00
  0.0000000000000E+00
  0.0000000000000E+00
  0.0000000000000E+00
  0.0000000000000E+00
  0.0000000000000E+00
  0.0000000000000E+00
  0.0000000000000E+00
  0.0000000000000E+00
  0.0000000000000E+00
  0.0000000000000E+00
  0.0000000000000E+00
  0.0000000000000E+00
  0.0000000000000E+00
  0.0000000000000E+00
  0.0000000000000E+00
  0.0000000000000E+00
  0.0000000000000E+00
  0.0000000000000E+00
  0.0000000000000E+00
  0.0000000000000E+00
  0.0000000000000E+00
  0.0000000000000E+00
  0.0000000000000E+00
  0.0000000000000E+00
  0.0000000000000E+00
  0.0000000000000E+00
  0.0000000000000E+00
  0.0000000000000E+00
  0.0000000000000E+00
  0.0000000000000E+00
  0.0000000000000E+00
  0.0000000000000E+00
  0.0000000000000E+00
  0.0000000000000E+00
  0.0000000000000E+00
  0.0000000000000E+00
  0.0000000000000E+00
  0.0000000000000E+00
  0.0000000000000E+00
  0.0000000000000E+00
  0.0000000000000E+00
  0.0000000000000E+00
  0.0000000000000E+00
  0.0000000000000E+00
  0.0000000000000E+00
  0.0000000000000E+00
  0.0000000000000E+00
  0.0000000000000E+00
  0.0000000000000E+00
  0.0000000000000E+00
  0.0000000000000E+00
  0.0000000000000E+00
  0.0000000000000E+00
  0.0000000000000E+00
  0.0000000000000E+00
  0.0000000000000E+00
  0.0000000000000E+00
  0.0000000000000E+00
  0.0000000000000E+00
  0.0000000000000E+00
  0.0000000000000E+00
  0.0000000000000E+00
  0.0000000000000E+00
  0.0000000000000E+00
  0.0000000000000E+00
  0.0000000000000E+00
  0.0000000000000E+00
  0.0000000000000E+00
  0.0000000000000E+00
  0.0000000000000E+00
  0.0000000000000E+00
  0.0000000000000E+00
  0.0000000000000E+00
  0.0000000000000E+00
  0.0000000000000E+00
  0.0000000000000E+00
  0.0000000000000E+00
  0.0000000000000E+00
  0.0000000000000E+00
  0.0000000000000E+00
  0.0000000000000E+00
  0.0000000000000E+00
  0.0000000000000E+00
  0.0000000000000E+00
  0.0000000000000E+00
  0.0000000000000E+00
  0.0000000000000E+00
  0.0000000000000E+00
  0.0000000000000E+00
  0.0000000000000E+00
  0.0000000000000E+00
  0.0000000000000E+00
  0.0000000000000E+00
  0.0000000000000E+00
  0.0000000000000E+00
  0.0000000000000E+00
  0.0000000000000E+00
  0.0000000000000E+00
  0.0000000000000E+00
  0.0000000000000E+00
  0.0000000000000E+00
  0.0000000000000E+00
  0.0000000000000E+00
  0.0000000000000E+00
  0.0000000000000E+00
  0.0000000000000E+00
  0.0000000000000E+00
  0.0000000000000E+00
  0.0000000000000E+00
  0.0000000000000E+00
  0.0000000000000E+00
  0.0000000000000E+00
  0.0000000000000E+00
  0.0000000000000E+00
  0.0000000000000E+00
  0.0000000000000E+00
  0.0000000000000E+00
  0.0000000000000E+00
  0.0000000000000E+00
  0.0000000000000E+00
  0.0000000000000E+00
  0.0000000000000E+00
  0.0000000000000E+00
  0.0000000000000E+00
  0.0000000000000E+00
  0.0000000000000E+00
  0.0000000000000E+00
  0.0000000000000E+00
  0.0000000000000E+00
  0.0000000000000E+00
  0.0000000000000E+00
  0.0000000000000E+00
  0.0000000000000E+00
  0.0000000000000E+00
  0.0000000000000E+00
  0.0000000000000E+00
  0.0000000000000E+00
  0.0000000000000E+00
  0.0000000000000E+00
  0.0000000000000E+00
  0.0000000000000E+00
  0.0000000000000E+00
  0.0000000000000E+00
  0.0000000000000E+00
  0.0000000000000E+00
  0.0000000000000E+00
  0.0000000000000E+00
  0.0000000000000E+00
  0.0000000000000E+00
  0.0000000000000E+00
  0.0000000000000E+00
  0.0000000000000E+00
  0.0000000000000E+00
  0.0000000000000E+00
  0.0000000000000E+00
  0.0000000000000E+00
  0.0000000000000E+00
  0.0000000000000E+00
  0.0000000000000E+00
  0.0000000000000E+00
  0.0000000000000E+00
  0.0000000000000E+00
  0.0000000000000E+00
  0.0000000000000E+00
  0.0000000000000E+00
  0.0000000000000E+00
  0.0000000000000E+00
  0.0000000000000E+00
  0.0000000000000E+00
  0.0000000000000E+00
  0.0000000000000E+00
  0.0000000000000E+00
  0.0000000000000E+00
  0.0000000000000E+00
  0.0000000000000E+00
  0.0000000000000E+00
  0.0000000000000E+00
  0.0000000000000E+00
  0.0000000000000E+00
  0.0000000000000E+00
  0.0000000000000E+00
  0.0000000000000E+00
  0.0000000000000E+00
  0.0000000000000E+00
  0.0000000000000E+00
  0.0000000000000E+00
  0.0000000000000E+00
  0.0000000000000E+00
  0.0000000000000E+00
  0.0000000000000E+00
  0.0000000000000E+00
  0.0000000000000E+00
  0.0000000000000E+00
  0.0000000000000E+00
  0.0000000000000E+00
  0.0000000000000E+00
  0.0000000000000E+00
  0.0000000000000E+00
  0.0000000000000E+00
  0.0000000000000E+00
  0.0000000000000E+00
  0.0000000000000E+00
  0.0000000000000E+00
  0.0000000000000E+00
  0.0000000000000E+00
  0.0000000000000E+00
  0.0000000000000E+00
  0.0000000000000E+00
  0.0000000000000E+00
  0.0000000000000E+00
  0.0000000000000E+00
  0.0000000000000E+00
  0.0000000000000E+00
  0.0000000000000E+00
  0.0000000000000E+00
  0.0000000000000E+00
  0.0000000000000E+00
  0.0000000000000E+00
  0.0000000000000E+00
  0.0000000000000E+00
  0.0000000000000E+00
  0.0000000000000E+00
  0.0000000000000E+00
  0.0000000000000E+00
  0.0000000000000E+00
  0.0000000000000E+00
  0.0000000000000E+00
  0.0000000000000E+00
  0.0000000000000E+00
  0.0000000000000E+00
  0.0000000000000E+00
  0.0000000000000E+00
  0.0000000000000E+00
  0.0000000000000E+00
  0.0000000000000E+00
  0.0000000000000E+00
  0.0000000000000E+00
  0.0000000000000E+00
  0.0000000000000E+00
  0.0000000000000E+00
  0.0000000000000E+00
  0.0000000000000E+00
  0.0000000000000E+00
  0.0000000000000E+00
  0.0000000000000E+00
  0.0000000000000E+00
  0.0000000000000E+00
  0.0000000000000E+00
  0.0000000000000E+00
  0.0000000000000E+00
  0.0000000000000E+00
  0.0000000000000E+00
  0.0000000000000E+00
  0.0000000000000E+00
  0.0000000000000E+00
  0.0000000000000E+00
  0.0000000000000E+00
  0.0000000000000E+00
  0.0000000000000E+00
  0.0000000000000E+00
  0.0000000000000E+00
  0.0000000000000E+00
  0.0000000000000E+00
  0.0000000000000E+00
  0.0000000000000E+00
  0.0000000000000E+00
  0.0000000000000E+00
  0.0000000000000E+00
  0.0000000000000E+00
  0.0000000000000E+00
  0.0000000000000E+00
  0.0000000000000E+00
  0.0000000000000E+00
  0.0000000000000E+00
  0.0000000000000E+00
  0.0000000000000E+00
  0.0000000000000E+00
  0.0000000000000E+00
  0.0000000000000E+00
  0.0000000000000E+00
  0.0000000000000E+00
  0.0000000000000E+00
  0.0000000000000E+00
  0.0000000000000E+00
  0.0000000000000E+00
  0.0000000000000E+00
  0.0000000000000E+00
  0.0000000000000E+00
  0.0000000000000E+00
  0.0000000000000E+00
  0.0000000000000E+00
  0.0000000000000E+00
  0.0000000000000E+00
  0.0000000000000E+00
  0.0000000000000E+00
  0.0000000000000E+00
  0.0000000000000E+00
  0.0000000000000E+00
  0.0000000000000E+00
  0.0000000000000E+00
  0.0000000000000E+00
  0.0000000000000E+00
  0.0000000000000E+00
  0.0000000000000E+00
  0.0000000000000E+00
  0.0000000000000E+00
  0.0000000000000E+00
  0.4647039513597E-07
  0.4342097313855E-07
  0.4259445244155E-07
  0.4424416045791E-07
 -0.8829303364636E-08
 -0.9211319479433E-08
 -0.1177428326922E-07
 -0.1466793898355E-07
  0.2042289580276E-07
  0.7831515504173E-08
 -0.3995152109977E-08
  0.2444335195333E-07
  0.7267998861765E-08
  0.0000000000000E+00
  0.0000000000000E+00
  0.1523108638922E-08
  0.1956174118317E-07
  0.4890181459946E-07
 -0.2476214425885E-07
  0.6818465138593E-07
  0.5080952981513E-07
  0.4143014055047E-07
 -0.7942697956430E-07
 -0.7954610732438E-07
 -0.8165859407231E-07
 -0.8606776180277E-07
 -0.9692718612009E-07
 -0.1015102759507E-06
 -0.1027924124979E-06
 -0.1021367417775E-06
 -0.1002185621856E-06
 -0.9828400917005E-07
 -0.9707956744702E-07
 -0.9664682101743E-07
 -0.9629001000636E-07
 -0.9539228805013E-07
  0.0000000000000E+00
 -0.4115986445629E-06
 -0.3235954443746E-06
 -0.2860617190329E-06
 -0.2935646722062E-06
  0.0000000000000E+00
 -0.2690027271888E-06
 -0.2831913313941E-06
 -0.4035501347196E-06
 -0.4108031641450E-06
  0.0000000000000E+00
  0.0000000000000E+00
  0.0000000000000E+00
  0.0000000000000E+00
  0.0000000000000E+00
  0.0000000000000E+00
  0.0000000000000E+00
  0.0000000000000E+00
  0.0000000000000E+00
  0.0000000000000E+00
  0.0000000000000E+00
  0.0000000000000E+00
  0.0000000000000E+00
  0.0000000000000E+00
  0.0000000000000E+00
  0.0000000000000E+00
  0.0000000000000E+00
  0.0000000000000E+00
  0.0000000000000E+00
  0.0000000000000E+00
  0.0000000000000E+00
  0.0000000000000E+00
  0.0000000000000E+00
  0.0000000000000E+00
  0.0000000000000E+00
  0.0000000000000E+00
  0.0000000000000E+00
  0.0000000000000E+00
  0.0000000000000E+00
  0.0000000000000E+00
  0.0000000000000E+00
  0.0000000000000E+00
  0.0000000000000E+00
  0.0000000000000E+00
  0.0000000000000E+00
  0.0000000000000E+00
  0.0000000000000E+00
  0.0000000000000E+00
  0.0000000000000E+00
  0.0000000000000E+00
  0.0000000000000E+00
  0.0000000000000E+00
  0.0000000000000E+00
  0.0000000000000E+00
  0.0000000000000E+00
  0.0000000000000E+00
  0.0000000000000E+00
  0.0000000000000E+00
  0.0000000000000E+00
  0.0000000000000E+00
  0.0000000000000E+00
  0.0000000000000E+00
  0.0000000000000E+00
  0.0000000000000E+00
  0.0000000000000E+00
  0.0000000000000E+00
  0.0000000000000E+00
  0.0000000000000E+00
  0.0000000000000E+00
  0.0000000000000E+00
  0.0000000000000E+00
  0.0000000000000E+00
  0.0000000000000E+00
  0.0000000000000E+00
  0.0000000000000E+00
  0.0000000000000E+00
  0.0000000000000E+00
  0.0000000000000E+00
  0.0000000000000E+00
  0.0000000000000E+00
  0.0000000000000E+00
  0.0000000000000E+00
  0.0000000000000E+00
  0.0000000000000E+00
  0.0000000000000E+00
  0.0000000000000E+00
  0.0000000000000E+00
  0.0000000000000E+00
  0.0000000000000E+00
  0.0000000000000E+00
  0.0000000000000E+00
  0.0000000000000E+00
  0.0000000000000E+00
  0.0000000000000E+00
  0.0000000000000E+00
  0.0000000000000E+00
  0.0000000000000E+00
  0.0000000000000E+00
  0.0000000000000E+00
  0.0000000000000E+00
  0.0000000000000E+00
  0.0000000000000E+00
  0.0000000000000E+00
  0.0000000000000E+00
  0.0000000000000E+00
  0.0000000000000E+00
  0.0000000000000E+00
  0.0000000000000E+00
  0.0000000000000E+00
  0.0000000000000E+00
  0.0000000000000E+00
  0.0000000000000E+00
  0.0000000000000E+00
  0.0000000000000E+00
  0.0000000000000E+00
  0.0000000000000E+00
  0.0000000000000E+00
  0.0000000000000E+00
  0.0000000000000E+00
  0.0000000000000E+00
  0.0000000000000E+00
  0.0000000000000E+00
  0.0000000000000E+00
  0.0000000000000E+00
  0.0000000000000E+00
  0.0000000000000E+00
  0.0000000000000E+00
  0.0000000000000E+00
  0.0000000000000E+00
  0.0000000000000E+00
  0.0000000000000E+00
  0.0000000000000E+00
  0.0000000000000E+00
  0.0000000000000E+00
  0.0000000000000E+00
  0.0000000000000E+00
  0.0000000000000E+00
  0.0000000000000E+00
  0.0000000000000E+00
  0.0000000000000E+00
  0.0000000000000E+00
  0.0000000000000E+00
  0.0000000000000E+00
  0.0000000000000E+00
  0.0000000000000E+00
  0.0000000000000E+00
  0.0000000000000E+00
  0.0000000000000E+00
  0.0000000000000E+00
  0.0000000000000E+00
  0.0000000000000E+00
  0.0000000000000E+00
  0.0000000000000E+00
  0.0000000000000E+00
  0.0000000000000E+00
  0.0000000000000E+00
  0.0000000000000E+00
  0.0000000000000E+00
  0.0000000000000E+00
  0.0000000000000E+00
  0.0000000000000E+00
  0.0000000000000E+00
  0.0000000000000E+00
  0.0000000000000E+00
  0.0000000000000E+00
  0.0000000000000E+00
  0.0000000000000E+00
  0.0000000000000E+00
  0.0000000000000E+00
  0.0000000000000E+00
  0.0000000000000E+00
  0.0000000000000E+00
  0.0000000000000E+00
  0.0000000000000E+00
  0.0000000000000E+00
  0.0000000000000E+00
  0.0000000000000E+00
  0.0000000000000E+00
  0.0000000000000E+00
  0.0000000000000E+00
  0.0000000000000E+00
  0.0000000000000E+00
  0.0000000000000E+00
  0.0000000000000E+00
  0.0000000000000E+00
  0.0000000000000E+00
  0.0000000000000E+00
  0.0000000000000E+00
  0.0000000000000E+00
  0.0000000000000E+00
  0.0000000000000E+00
  0.0000000000000E+00
  0.0000000000000E+00
  0.0000000000000E+00
  0.0000000000000E+00
  0.0000000000000E+00
  0.0000000000000E+00
  0.0000000000000E+00
  0.0000000000000E+00
  0.0000000000000E+00
  0.0000000000000E+00
  0.0000000000000E+00
  0.0000000000000E+00
  0.0000000000000E+00
  0.0000000000000E+00
  0.0000000000000E+00
  0.0000000000000E+00
  0.0000000000000E+00
  0.0000000000000E+00
  0.0000000000000E+00
  0.0000000000000E+00
  0.0000000000000E+00
  0.0000000000000E+00
  0.0000000000000E+00
  0.0000000000000E+00
  0.0000000000000E+00
  0.0000000000000E+00
  0.0000000000000E+00
  0.0000000000000E+00
  0.0000000000000E+00
  0.0000000000000E+00
  0.0000000000000E+00
  0.0000000000000E+00
  0.0000000000000E+00
  0.0000000000000E+00
  0.0000000000000E+00
  0.0000000000000E+00
  0.0000000000000E+00
  0.0000000000000E+00
  0.0000000000000E+00
  0.0000000000000E+00
  0.0000000000000E+00
  0.0000000000000E+00
  0.0000000000000E+00
  0.0000000000000E+00
  0.0000000000000E+00
  0.0000000000000E+00
  0.0000000000000E+00
  0.0000000000000E+00
  0.0000000000000E+00
  0.0000000000000E+00
  0.0000000000000E+00
  0.0000000000000E+00
  0.0000000000000E+00
  0.0000000000000E+00
  0.0000000000000E+00
  0.0000000000000E+00
  0.0000000000000E+00
  0.0000000000000E+00
  0.0000000000000E+00
  0.0000000000000E+00
  0.0000000000000E+00
  0.0000000000000E+00
  0.0000000000000E+00
  0.0000000000000E+00
  0.0000000000000E+00
  0.0000000000000E+00
  0.0000000000000E+00
  0.0000000000000E+00
  0.0000000000000E+00
  0.0000000000000E+00
  0.0000000000000E+00
  0.0000000000000E+00
  0.0000000000000E+00
  0.0000000000000E+00
  0.0000000000000E+00
  0.0000000000000E+00
  0.0000000000000E+00
  0.0000000000000E+00
  0.0000000000000E+00
  0.0000000000000E+00
  0.0000000000000E+00
  0.0000000000000E+00
  0.0000000000000E+00
  0.0000000000000E+00
  0.0000000000000E+00
  0.0000000000000E+00
  0.0000000000000E+00
  0.0000000000000E+00
  0.0000000000000E+00
  0.0000000000000E+00
  0.0000000000000E+00
  0.0000000000000E+00
  0.0000000000000E+00
  0.0000000000000E+00
  0.0000000000000E+00
  0.0000000000000E+00
  0.0000000000000E+00
  0.0000000000000E+00
  0.0000000000000E+00
  0.0000000000000E+00
  0.0000000000000E+00
  0.0000000000000E+00
  0.0000000000000E+00
  0.0000000000000E+00
  0.0000000000000E+00
  0.0000000000000E+00
  0.0000000000000E+00
  0.0000000000000E+00
  0.0000000000000E+00
  0.0000000000000E+00
  0.0000000000000E+00
  0.0000000000000E+00
  0.0000000000000E+00
  0.0000000000000E+00
  0.0000000000000E+00
  0.0000000000000E+00
  0.0000000000000E+00
  0.0000000000000E+00
  0.0000000000000E+00
  0.0000000000000E+00
  0.0000000000000E+00
  0.0000000000000E+00
  0.0000000000000E+00
  0.0000000000000E+00
  0.0000000000000E+00
  0.0000000000000E+00
  0.0000000000000E+00
  0.0000000000000E+00
  0.0000000000000E+00
  0.0000000000000E+00
  0.0000000000000E+00
  0.0000000000000E+00
  0.0000000000000E+00
  0.0000000000000E+00
  0.0000000000000E+00
  0.0000000000000E+00
  0.0000000000000E+00
  0.0000000000000E+00
  0.0000000000000E+00
  0.0000000000000E+00
  0.0000000000000E+00
  0.0000000000000E+00
  0.0000000000000E+00
  0.0000000000000E+00
  0.0000000000000E+00
  0.0000000000000E+00
  0.0000000000000E+00
  0.0000000000000E+00
  0.0000000000000E+00
  0.0000000000000E+00
  0.0000000000000E+00
  0.0000000000000E+00
  0.0000000000000E+00
  0.0000000000000E+00
  0.0000000000000E+00
  0.0000000000000E+00
  0.0000000000000E+00
  0.0000000000000E+00
  0.0000000000000E+00
  0.0000000000000E+00
  0.0000000000000E+00
  0.0000000000000E+00
  0.0000000000000E+00
  0.0000000000000E+00
  0.0000000000000E+00
  0.0000000000000E+00
  0.0000000000000E+00
  0.0000000000000E+00
  0.0000000000000E+00
  0.0000000000000E+00
  0.0000000000000E+00
  0.0000000000000E+00
  0.0000000000000E+00
  0.0000000000000E+00
  0.0000000000000E+00
  0.0000000000000E+00
  0.0000000000000E+00
  0.0000000000000E+00
  0.0000000000000E+00
  0.0000000000000E+00
  0.0000000000000E+00
  0.0000000000000E+00
  0.0000000000000E+00
  0.0000000000000E+00
  0.0000000000000E+00
  0.0000000000000E+00
  0.0000000000000E+00
  0.0000000000000E+00
  0.0000000000000E+00
  0.0000000000000E+00
  0.0000000000000E+00
  0.0000000000000E+00
  0.0000000000000E+00
  0.0000000000000E+00
  0.0000000000000E+00
  0.0000000000000E+00
  0.0000000000000E+00
  0.0000000000000E+00
  0.0000000000000E+00
  0.0000000000000E+00
  0.0000000000000E+00
  0.0000000000000E+00
  0.0000000000000E+00
  0.0000000000000E+00
  0.0000000000000E+00
  0.0000000000000E+00
  0.0000000000000E+00
  0.0000000000000E+00
  0.0000000000000E+00
  0.0000000000000E+00
  0.0000000000000E+00
  0.0000000000000E+00
  0.0000000000000E+00
  0.0000000000000E+00
  0.0000000000000E+00
  0.0000000000000E+00
  0.0000000000000E+00
  0.0000000000000E+00
  0.0000000000000E+00
  0.0000000000000E+00
  0.0000000000000E+00
  0.0000000000000E+00
  0.0000000000000E+00
  0.0000000000000E+00
  0.0000000000000E+00
  0.0000000000000E+00
  0.0000000000000E+00
  0.0000000000000E+00
  0.0000000000000E+00
  0.0000000000000E+00
  0.0000000000000E+00
  0.0000000000000E+00
  0.0000000000000E+00
  0.0000000000000E+00
  0.0000000000000E+00
  0.0000000000000E+00
  0.0000000000000E+00
  0.0000000000000E+00
  0.0000000000000E+00
  0.0000000000000E+00
  0.0000000000000E+00
  0.0000000000000E+00
  0.0000000000000E+00
  0.0000000000000E+00
  0.0000000000000E+00
  0.0000000000000E+00
  0.0000000000000E+00
  0.0000000000000E+00
  0.0000000000000E+00
  0.0000000000000E+00
  0.0000000000000E+00
  0.0000000000000E+00
  0.0000000000000E+00
  0.0000000000000E+00
  0.0000000000000E+00
  0.0000000000000E+00
  0.0000000000000E+00
  0.0000000000000E+00
  0.0000000000000E+00
  0.0000000000000E+00
  0.0000000000000E+00
  0.0000000000000E+00
  0.0000000000000E+00
  0.0000000000000E+00
  0.0000000000000E+00
  0.0000000000000E+00
  0.0000000000000E+00
  0.0000000000000E+00
  0.0000000000000E+00
  0.0000000000000E+00
  0.0000000000000E+00
  0.0000000000000E+00
  0.0000000000000E+00
  0.0000000000000E+00
  0.0000000000000E+00
  0.0000000000000E+00
  0.0000000000000E+00
  0.0000000000000E+00
  0.0000000000000E+00
  0.0000000000000E+00
  0.0000000000000E+00
  0.0000000000000E+00
  0.0000000000000E+00
  0.0000000000000E+00
  0.0000000000000E+00
  0.0000000000000E+00
  0.0000000000000E+00
  0.0000000000000E+00
  0.0000000000000E+00
  0.0000000000000E+00
  0.0000000000000E+00
  0.0000000000000E+00
  0.0000000000000E+00
  0.0000000000000E+00
  0.0000000000000E+00
  0.0000000000000E+00
  0.0000000000000E+00
  0.0000000000000E+00
  0.0000000000000E+00
  0.0000000000000E+00
  0.0000000000000E+00
  0.0000000000000E+00
  0.0000000000000E+00
  0.0000000000000E+00
  0.0000000000000E+00
  0.0000000000000E+00
  0.0000000000000E+00
  0.0000000000000E+00
  0.0000000000000E+00
  0.0000000000000E+00
  0.0000000000000E+00
  0.0000000000000E+00
  0.0000000000000E+00
  0.0000000000000E+00
  0.0000000000000E+00
  0.0000000000000E+00
  0.0000000000000E+00
  0.0000000000000E+00
  0.0000000000000E+00
  0.0000000000000E+00
  0.0000000000000E+00
  0.0000000000000E+00
  0.0000000000000E+00
  0.0000000000000E+00
  0.0000000000000E+00
  0.0000000000000E+00
  0.0000000000000E+00
  0.0000000000000E+00
  0.0000000000000E+00
  0.0000000000000E+00
  0.0000000000000E+00
  0.0000000000000E+00
  0.0000000000000E+00
  0.0000000000000E+00
  0.0000000000000E+00
  0.0000000000000E+00
  0.0000000000000E+00
  0.0000000000000E+00
  0.0000000000000E+00
  0.0000000000000E+00
  0.0000000000000E+00
  0.0000000000000E+00
  0.0000000000000E+00
  0.0000000000000E+00
  0.0000000000000E+00
  0.0000000000000E+00
  0.0000000000000E+00
  0.0000000000000E+00
  0.0000000000000E+00
  0.0000000000000E+00
  0.0000000000000E+00
  0.0000000000000E+00
  0.0000000000000E+00
  0.0000000000000E+00
  0.0000000000000E+00
  0.0000000000000E+00
  0.0000000000000E+00
  0.0000000000000E+00
  0.0000000000000E+00
  0.0000000000000E+00
  0.0000000000000E+00
  0.0000000000000E+00
  0.0000000000000E+00
  0.0000000000000E+00
  0.0000000000000E+00
  0.0000000000000E+00
  0.0000000000000E+00
  0.0000000000000E+00
  0.0000000000000E+00
  0.0000000000000E+00
  0.0000000000000E+00
  0.0000000000000E+00
  0.0000000000000E+00
  0.0000000000000E+00
  0.0000000000000E+00
  0.0000000000000E+00
  0.0000000000000E+00
  0.0000000000000E+00
  0.0000000000000E+00
  0.0000000000000E+00
  0.0000000000000E+00
  0.0000000000000E+00
  0.0000000000000E+00
  0.0000000000000E+00
  0.0000000000000E+00
  0.0000000000000E+00
  0.0000000000000E+00
  0.0000000000000E+00
  0.0000000000000E+00
  0.0000000000000E+00
  0.0000000000000E+00
  0.0000000000000E+00
  0.0000000000000E+00
  0.0000000000000E+00
  0.0000000000000E+00
  0.0000000000000E+00
  0.0000000000000E+00
  0.0000000000000E+00
  0.0000000000000E+00
  0.0000000000000E+00
  0.0000000000000E+00
  0.0000000000000E+00
  0.0000000000000E+00
  0.0000000000000E+00
  0.0000000000000E+00
  0.0000000000000E+00
  0.0000000000000E+00
  0.0000000000000E+00
  0.0000000000000E+00
  0.0000000000000E+00
  0.0000000000000E+00
  0.0000000000000E+00
  0.0000000000000E+00
  0.0000000000000E+00
  0.0000000000000E+00
  0.0000000000000E+00
  0.0000000000000E+00
  0.0000000000000E+00
  0.0000000000000E+00
  0.0000000000000E+00
  0.0000000000000E+00
  0.0000000000000E+00
  0.0000000000000E+00
  0.0000000000000E+00
  0.0000000000000E+00
  0.0000000000000E+00
  0.0000000000000E+00
  0.0000000000000E+00
  0.0000000000000E+00
  0.0000000000000E+00
  0.0000000000000E+00
  0.0000000000000E+00
  0.0000000000000E+00
  0.0000000000000E+00
  0.0000000000000E+00
  0.0000000000000E+00
  0.0000000000000E+00
  0.0000000000000E+00
  0.0000000000000E+00
  0.0000000000000E+00
  0.0000000000000E+00
  0.0000000000000E+00
  0.0000000000000E+00
  0.0000000000000E+00
  0.0000000000000E+00
  0.0000000000000E+00
  0.0000000000000E+00
  0.0000000000000E+00
  0.0000000000000E+00
  0.0000000000000E+00
  0.0000000000000E+00
  0.0000000000000E+00
  0.0000000000000E+00
  0.0000000000000E+00
  0.0000000000000E+00
  0.0000000000000E+00
  0.0000000000000E+00
  0.0000000000000E+00
  0.0000000000000E+00
  0.0000000000000E+00
  0.0000000000000E+00
  0.0000000000000E+00
  0.0000000000000E+00
  0.0000000000000E+00
  0.0000000000000E+00
  0.0000000000000E+00
  0.0000000000000E+00
  0.0000000000000E+00
  0.0000000000000E+00
  0.0000000000000E+00
  0.0000000000000E+00
  0.0000000000000E+00
  0.0000000000000E+00
  0.0000000000000E+00
  0.0000000000000E+00
  0.0000000000000E+00
  0.0000000000000E+00
  0.0000000000000E+00
  0.0000000000000E+00
  0.0000000000000E+00
  0.0000000000000E+00
  0.0000000000000E+00
  0.0000000000000E+00
  0.0000000000000E+00
  0.0000000000000E+00
  0.0000000000000E+00
  0.0000000000000E+00
  0.0000000000000E+00
  0.0000000000000E+00
  0.0000000000000E+00
  0.0000000000000E+00
  0.0000000000000E+00
  0.0000000000000E+00
  0.0000000000000E+00
  0.0000000000000E+00
  0.0000000000000E+00
  0.0000000000000E+00
  0.0000000000000E+00
  0.0000000000000E+00
  0.0000000000000E+00
  0.0000000000000E+00
  0.0000000000000E+00
  0.0000000000000E+00
  0.0000000000000E+00
  0.0000000000000E+00
  0.0000000000000E+00
  0.0000000000000E+00
  0.0000000000000E+00
  0.0000000000000E+00
  0.0000000000000E+00
  0.0000000000000E+00
  0.0000000000000E+00
  0.0000000000000E+00
  0.0000000000000E+00
  0.0000000000000E+00
  0.0000000000000E+00
  0.0000000000000E+00
  0.0000000000000E+00
  0.0000000000000E+00
  0.0000000000000E+00
  0.0000000000000E+00
  0.0000000000000E+00
  0.0000000000000E+00
  0.0000000000000E+00
  0.0000000000000E+00
  0.0000000000000E+00
  0.0000000000000E+00
  0.0000000000000E+00
  0.0000000000000E+00
  0.0000000000000E+00
  0.0000000000000E+00
  0.0000000000000E+00
  0.0000000000000E+00
  0.0000000000000E+00
  0.0000000000000E+00
  0.0000000000000E+00
  0.0000000000000E+00
  0.0000000000000E+00
  0.0000000000000E+00
  0.0000000000000E+00
  0.0000000000000E+00
  0.0000000000000E+00
  0.0000000000000E+00
  0.0000000000000E+00
  0.0000000000000E+00
  0.0000000000000E+00
  0.0000000000000E+00
  0.0000000000000E+00
  0.0000000000000E+00
  0.0000000000000E+00
  0.0000000000000E+00
  0.0000000000000E+00
  0.0000000000000E+00
  0.0000000000000E+00
  0.0000000000000E+00
  0.0000000000000E+00
  0.0000000000000E+00
  0.0000000000000E+00
  0.0000000000000E+00
  0.0000000000000E+00
  0.0000000000000E+00
  0.0000000000000E+00
  0.0000000000000E+00
  0.0000000000000E+00
  0.0000000000000E+00
  0.0000000000000E+00
  0.0000000000000E+00
  0.0000000000000E+00
  0.0000000000000E+00
  0.0000000000000E+00
  0.0000000000000E+00
  0.0000000000000E+00
  0.0000000000000E+00
  0.0000000000000E+00
  0.0000000000000E+00
  0.0000000000000E+00
  0.0000000000000E+00
  0.0000000000000E+00
  0.0000000000000E+00
  0.0000000000000E+00
  0.0000000000000E+00
  0.0000000000000E+00
  0.0000000000000E+00
  0.0000000000000E+00
  0.0000000000000E+00
  0.0000000000000E+00
  0.0000000000000E+00
  0.0000000000000E+00
  0.0000000000000E+00
  0.0000000000000E+00
  0.0000000000000E+00
  0.0000000000000E+00
  0.0000000000000E+00
  0.0000000000000E+00
  0.0000000000000E+00
  0.0000000000000E+00
  0.0000000000000E+00
  0.0000000000000E+00
  0.0000000000000E+00
  0.0000000000000E+00
  0.0000000000000E+00
  0.0000000000000E+00
  0.0000000000000E+00
  0.0000000000000E+00
  0.0000000000000E+00
  0.0000000000000E+00
  0.0000000000000E+00
  0.0000000000000E+00
  0.0000000000000E+00
  0.0000000000000E+00
  0.0000000000000E+00
  0.0000000000000E+00
  0.0000000000000E+00
  0.0000000000000E+00
  0.0000000000000E+00
  0.0000000000000E+00
  0.0000000000000E+00
  0.0000000000000E+00
  0.0000000000000E+00
  0.0000000000000E+00
  0.0000000000000E+00
  0.0000000000000E+00
  0.0000000000000E+00
  0.0000000000000E+00
  0.0000000000000E+00
  0.0000000000000E+00
  0.0000000000000E+00
  0.0000000000000E+00
  0.0000000000000E+00
  0.0000000000000E+00
  0.0000000000000E+00
  0.0000000000000E+00
  0.0000000000000E+00
  0.0000000000000E+00
  0.0000000000000E+00
  0.0000000000000E+00
  0.0000000000000E+00
  0.0000000000000E+00
  0.0000000000000E+00
  0.0000000000000E+00
  0.0000000000000E+00
  0.0000000000000E+00
  0.0000000000000E+00
  0.0000000000000E+00
  0.0000000000000E+00
  0.0000000000000E+00
  0.0000000000000E+00
  0.0000000000000E+00
  0.0000000000000E+00
  0.0000000000000E+00
  0.0000000000000E+00
  0.0000000000000E+00
  0.0000000000000E+00
  0.0000000000000E+00
  0.0000000000000E+00
  0.0000000000000E+00
  0.0000000000000E+00
  0.0000000000000E+00
  0.0000000000000E+00
  0.0000000000000E+00
  0.0000000000000E+00
  0.0000000000000E+00
  0.0000000000000E+00
  0.0000000000000E+00
  0.0000000000000E+00
  0.0000000000000E+00
  0.0000000000000E+00
  0.0000000000000E+00
  0.0000000000000E+00
  0.0000000000000E+00
  0.0000000000000E+00
  0.0000000000000E+00
  0.0000000000000E+00
  0.0000000000000E+00
  0.0000000000000E+00
  0.0000000000000E+00
  0.0000000000000E+00
  0.0000000000000E+00
  0.0000000000000E+00
  0.0000000000000E+00
  0.0000000000000E+00
  0.0000000000000E+00
  0.0000000000000E+00
  0.0000000000000E+00
  0.0000000000000E+00
  0.0000000000000E+00
  0.0000000000000E+00
  0.0000000000000E+00
  0.0000000000000E+00
  0.0000000000000E+00
  0.0000000000000E+00
  0.0000000000000E+00
  0.0000000000000E+00
  0.0000000000000E+00
  0.0000000000000E+00
  0.0000000000000E+00
  0.0000000000000E+00
  0.0000000000000E+00
  0.0000000000000E+00
  0.0000000000000E+00
  0.0000000000000E+00
  0.0000000000000E+00
  0.0000000000000E+00
  0.0000000000000E+00
  0.0000000000000E+00
  0.0000000000000E+00
  0.0000000000000E+00
  0.0000000000000E+00
  0.0000000000000E+00
  0.0000000000000E+00
  0.0000000000000E+00
  0.0000000000000E+00
  0.0000000000000E+00
  0.0000000000000E+00
  0.0000000000000E+00
  0.0000000000000E+00
  0.0000000000000E+00
  0.0000000000000E+00
  0.0000000000000E+00
  0.0000000000000E+00
  0.0000000000000E+00
  0.0000000000000E+00
  0.0000000000000E+00
  0.0000000000000E+00
  0.0000000000000E+00
  0.0000000000000E+00
  0.0000000000000E+00
  0.0000000000000E+00
  0.0000000000000E+00
  0.0000000000000E+00
  0.0000000000000E+00
  0.0000000000000E+00
  0.0000000000000E+00
  0.0000000000000E+00
  0.0000000000000E+00
  0.0000000000000E+00
  0.0000000000000E+00
  0.0000000000000E+00
  0.0000000000000E+00
  0.0000000000000E+00
  0.0000000000000E+00
  0.0000000000000E+00
  0.0000000000000E+00
  0.0000000000000E+00
  0.0000000000000E+00
  0.0000000000000E+00
  0.0000000000000E+00
  0.0000000000000E+00
  0.0000000000000E+00
  0.0000000000000E+00
  0.0000000000000E+00
  0.0000000000000E+00
  0.0000000000000E+00
  0.0000000000000E+00
  0.0000000000000E+00
  0.0000000000000E+00
  0.0000000000000E+00
  0.0000000000000E+00
  0.0000000000000E+00
  0.0000000000000E+00
  0.0000000000000E+00
  0.0000000000000E+00
  0.0000000000000E+00
  0.0000000000000E+00
  0.0000000000000E+00
  0.0000000000000E+00
  0.0000000000000E+00
  0.0000000000000E+00
  0.0000000000000E+00
  0.0000000000000E+00
  0.0000000000000E+00
  0.0000000000000E+00
  0.0000000000000E+00
  0.0000000000000E+00
  0.0000000000000E+00
  0.0000000000000E+00
  0.0000000000000E+00
  0.0000000000000E+00
  0.0000000000000E+00
  0.0000000000000E+00
  0.0000000000000E+00
  0.0000000000000E+00
  0.0000000000000E+00
  0.0000000000000E+00
  0.0000000000000E+00
  0.0000000000000E+00
  0.0000000000000E+00
  0.0000000000000E+00
  0.0000000000000E+00
  0.0000000000000E+00
  0.0000000000000E+00
  0.0000000000000E+00
  0.0000000000000E+00
  0.0000000000000E+00
  0.0000000000000E+00
  0.0000000000000E+00
  0.0000000000000E+00
  0.0000000000000E+00
  0.0000000000000E+00
  0.0000000000000E+00
  0.0000000000000E+00
  0.0000000000000E+00
  0.0000000000000E+00
  0.0000000000000E+00
  0.0000000000000E+00
  0.0000000000000E+00
  0.0000000000000E+00
  0.0000000000000E+00
  0.0000000000000E+00
  0.0000000000000E+00
  0.0000000000000E+00
  0.0000000000000E+00
  0.0000000000000E+00
  0.0000000000000E+00
  0.0000000000000E+00
  0.0000000000000E+00
  0.0000000000000E+00
  0.0000000000000E+00
  0.0000000000000E+00
  0.0000000000000E+00
  0.0000000000000E+00
  0.0000000000000E+00
  0.0000000000000E+00
  0.0000000000000E+00
  0.0000000000000E+00
  0.0000000000000E+00
  0.0000000000000E+00
  0.0000000000000E+00
  0.0000000000000E+00
  0.0000000000000E+00
  0.0000000000000E+00
  0.0000000000000E+00
  0.0000000000000E+00
  0.0000000000000E+00
  0.0000000000000E+00
  0.0000000000000E+00
  0.0000000000000E+00
  0.0000000000000E+00
  0.0000000000000E+00
  0.0000000000000E+00
  0.0000000000000E+00
  0.0000000000000E+00
  0.0000000000000E+00
  0.0000000000000E+00
  0.0000000000000E+00
  0.0000000000000E+00
  0.0000000000000E+00
  0.0000000000000E+00
  0.0000000000000E+00
  0.0000000000000E+00
  0.0000000000000E+00
  0.0000000000000E+00
  0.0000000000000E+00
  0.0000000000000E+00
  0.0000000000000E+00
  0.0000000000000E+00
  0.0000000000000E+00
  0.0000000000000E+00
  0.0000000000000E+00
  0.0000000000000E+00
  0.0000000000000E+00
  0.0000000000000E+00
  0.0000000000000E+00
  0.0000000000000E+00
  0.0000000000000E+00
  0.0000000000000E+00
  0.0000000000000E+00
  0.0000000000000E+00
  0.0000000000000E+00
  0.0000000000000E+00
  0.0000000000000E+00
  0.0000000000000E+00
  0.0000000000000E+00
  0.0000000000000E+00
  0.0000000000000E+00
  0.0000000000000E+00
  0.0000000000000E+00
  0.0000000000000E+00
  0.0000000000000E+00
  0.0000000000000E+00
  0.0000000000000E+00
  0.0000000000000E+00
  0.0000000000000E+00
  0.0000000000000E+00
  0.0000000000000E+00
  0.0000000000000E+00
  0.0000000000000E+00
  0.0000000000000E+00
  0.0000000000000E+00
  0.0000000000000E+00
  0.0000000000000E+00
  0.0000000000000E+00
  0.0000000000000E+00
  0.0000000000000E+00
  0.0000000000000E+00
  0.0000000000000E+00
  0.0000000000000E+00
  0.0000000000000E+00
  0.0000000000000E+00
  0.0000000000000E+00
  0.0000000000000E+00
  0.0000000000000E+00
  0.0000000000000E+00
  0.0000000000000E+00
  0.0000000000000E+00
  0.0000000000000E+00
  0.0000000000000E+00
  0.0000000000000E+00
  0.0000000000000E+00
  0.0000000000000E+00
  0.0000000000000E+00
  0.0000000000000E+00
  0.0000000000000E+00
  0.0000000000000E+00
  0.0000000000000E+00
  0.0000000000000E+00
  0.0000000000000E+00
  0.0000000000000E+00
  0.0000000000000E+00
  0.0000000000000E+00
  0.0000000000000E+00
  0.0000000000000E+00
  0.0000000000000E+00
  0.0000000000000E+00
  0.0000000000000E+00
  0.0000000000000E+00
  0.0000000000000E+00
  0.0000000000000E+00
  0.0000000000000E+00
  0.0000000000000E+00
  0.0000000000000E+00
  0.0000000000000E+00
  0.0000000000000E+00
  0.0000000000000E+00
  0.0000000000000E+00
  0.0000000000000E+00
  0.0000000000000E+00
  0.0000000000000E+00
  0.0000000000000E+00
  0.0000000000000E+00
  0.0000000000000E+00
  0.0000000000000E+00
  0.0000000000000E+00
  0.0000000000000E+00
  0.0000000000000E+00
  0.0000000000000E+00
  0.0000000000000E+00
  0.0000000000000E+00
  0.0000000000000E+00
  0.0000000000000E+00
  0.0000000000000E+00
  0.0000000000000E+00
  0.0000000000000E+00
  0.0000000000000E+00
  0.0000000000000E+00
  0.0000000000000E+00
  0.0000000000000E+00
  0.0000000000000E+00
  0.0000000000000E+00
  0.0000000000000E+00
  0.0000000000000E+00
  0.0000000000000E+00
  0.0000000000000E+00
  0.0000000000000E+00
  0.0000000000000E+00
  0.0000000000000E+00
  0.0000000000000E+00
  0.0000000000000E+00
  0.0000000000000E+00
  0.0000000000000E+00
  0.0000000000000E+00
  0.0000000000000E+00
  0.0000000000000E+00
  0.0000000000000E+00
  0.0000000000000E+00
  0.0000000000000E+00
  0.0000000000000E+00
  0.0000000000000E+00
  0.0000000000000E+00
  0.0000000000000E+00
  0.0000000000000E+00
  0.0000000000000E+00
  0.0000000000000E+00
  0.0000000000000E+00
  0.0000000000000E+00
  0.0000000000000E+00
  0.0000000000000E+00
  0.0000000000000E+00
  0.0000000000000E+00
  0.0000000000000E+00
  0.0000000000000E+00
  0.0000000000000E+00
  0.0000000000000E+00
  0.0000000000000E+00
  0.0000000000000E+00
  0.0000000000000E+00
  0.0000000000000E+00
  0.0000000000000E+00
  0.0000000000000E+00
  0.0000000000000E+00
  0.0000000000000E+00
  0.0000000000000E+00
  0.0000000000000E+00
  0.0000000000000E+00
  0.0000000000000E+00
  0.0000000000000E+00
  0.0000000000000E+00
  0.0000000000000E+00
  0.0000000000000E+00
  0.0000000000000E+00
  0.0000000000000E+00
  0.0000000000000E+00
  0.0000000000000E+00
  0.0000000000000E+00
  0.0000000000000E+00
  0.0000000000000E+00
  0.0000000000000E+00
  0.0000000000000E+00
  0.0000000000000E+00
  0.0000000000000E+00
  0.0000000000000E+00
  0.0000000000000E+00
  0.0000000000000E+00
  0.0000000000000E+00
  0.0000000000000E+00
  0.0000000000000E+00
  0.0000000000000E+00
  0.0000000000000E+00
  0.0000000000000E+00
  0.0000000000000E+00
  0.0000000000000E+00
  0.0000000000000E+00
  0.0000000000000E+00
  0.0000000000000E+00
  0.0000000000000E+00
  0.0000000000000E+00
  0.0000000000000E+00
  0.0000000000000E+00
  0.0000000000000E+00
  0.0000000000000E+00
  0.0000000000000E+00
  0.0000000000000E+00
  0.0000000000000E+00
  0.0000000000000E+00
  0.0000000000000E+00
  0.0000000000000E+00
  0.0000000000000E+00
  0.0000000000000E+00
  0.0000000000000E+00
  0.0000000000000E+00
  0.0000000000000E+00
  0.0000000000000E+00
  0.0000000000000E+00
  0.0000000000000E+00
  0.0000000000000E+00
  0.0000000000000E+00
  0.0000000000000E+00
  0.0000000000000E+00
  0.0000000000000E+00
  0.0000000000000E+00
  0.0000000000000E+00
  0.0000000000000E+00
  0.0000000000000E+00
  0.0000000000000E+00
  0.0000000000000E+00
  0.0000000000000E+00
  0.0000000000000E+00
  0.0000000000000E+00
  0.0000000000000E+00
  0.2783813459789E-05
  0.2712456137146E-05
  0.2645588808520E-05
  0.2692684235301E-05
 -0.6611564216817E-07
 -0.7321679886678E-07
 -0.1031077039719E-06
 -0.1493173075816E-06
  0.1264187481426E-05
  0.0000000000000E+00
 -0.1957432556815E-06
  0.2444335195333E-05
  0.7267998861765E-06
  0.0000000000000E+00
  0.0000000000000E+00
  0.1523108638922E-06
  0.1956174118317E-05
  0.4890181459946E-05
 -0.4086566537201E-06
  0.3257679952271E-05
  0.2544852786808E-05
  0.2210348251541E-05
 -0.2286588666904E-06
 -0.2193757068189E-06
 -0.2298853823606E-06
 -0.2598241693749E-06
 -0.3247225309794E-06
 -0.3698843034263E-06
 -0.3924131089510E-06
 -0.3913262800089E-06
 -0.3740603295964E-06
 -0.3563536880284E-06
 -0.3456693504968E-06
 -0.3439806416212E-06
 -0.3474184183490E-06
 -0.3542049070703E-06
