  0.0000000000000E+00
 -0.2560042953347E+02
 -0.2738123787829E+02
 -0.2710703407974E+02
 -0.2800676207234E+02
  0.0000000000000E+00
 -0.2460035554788E+02
 -0.2682361385004E+02
 -0.2774663604978E+02
 -0.2629739112698E+02
  0.0000000000000E+00
  0.0000000000000E+00
  0.0000000000000E+00
  0.0000000000000E+00
  0.0000000000000E+00
  0.0000000000000E+00
  0.0000000000000E+00
  0.0000000000000E+00
  0.0000000000000E+00
  0.0000000000000E+00
  0.0000000000000E+00
  0.0000000000000E+00
  0.0000000000000E+00
  0.0000000000000E+00
  0.0000000000000E+00
  0.0000000000000E+00
  0.0000000000000E+00
  0.0000000000000E+00
  0.0000000000000E+00
  0.0000000000000E+00
  0.0000000000000E+00
  0.0000000000000E+00
  0.0000000000000E+00
  0.0000000000000E+00
  0.0000000000000E+00
  0.0000000000000E+00
 -0.9306845376686E+00
  0.0000000000000E+00
  0.0000000000000E+00
  0.0000000000000E+00
 -0.1793417087211E+01
 -0.3278195941668E+01
 -0.3382090672721E+01
 -0.3257132678234E+01
 -0.2714138613866E+01
  0.0000000000000E+00
  0.0000000000000E+00
  0.0000000000000E+00
  0.0000000000000E+00
  0.0000000000000E+00
  0.0000000000000E+00
  0.0000000000000E+00
  0.0000000000000E+00
  0.0000000000000E+00
  0.0000000000000E+00
  0.0000000000000E+00
  0.0000000000000E+00
  0.0000000000000E+00
  0.0000000000000E+00
  0.0000000000000E+00
  0.0000000000000E+00
  0.0000000000000E+00
  0.0000000000000E+00
  0.0000000000000E+00
  0.0000000000000E+00
  0.0000000000000E+00
  0.0000000000000E+00
  0.0000000000000E+00
  0.0000000000000E+00
  0.0000000000000E+00
  0.0000000000000E+00
 -0.7231808976790E+00
 -0.1206020078114E+02
 -0.1413643422813E+02
 -0.1408224238232E+02
 -0.9743940564392E+01
 -0.6514365791623E+01
 -0.1017742056021E+02
 -0.1176495916452E+02
 -0.1497044817776E+02
 -0.1645718867636E+02
 -0.1530651591599E+02
  0.0000000000000E+00
  0.0000000000000E+00
  0.0000000000000E+00
  0.0000000000000E+00
  0.0000000000000E+00
  0.0000000000000E+00
  0.0000000000000E+00
  0.0000000000000E+00
  0.0000000000000E+00
  0.0000000000000E+00
  0.0000000000000E+00
  0.0000000000000E+00
  0.0000000000000E+00
  0.0000000000000E+00
  0.0000000000000E+00
  0.0000000000000E+00
  0.0000000000000E+00
  0.0000000000000E+00
  0.0000000000000E+00
  0.0000000000000E+00
  0.0000000000000E+00
  0.0000000000000E+00
  0.0000000000000E+00
  0.0000000000000E+00
 -0.6715420292025E+01
 -0.1205672140923E+02
 -0.3077796790941E+02
 -0.3090063096212E+02
 -0.3001174056675E+02
 -0.2802926573830E+02
 -0.2112264158156E+02
 -0.2089267272014E+02
 -0.2416633403974E+02
 -0.2720389161629E+02
 -0.2868906788352E+02
 -0.2663496966676E+02
 -0.9529030704296E+01
  0.0000000000000E+00
  0.0000000000000E+00
  0.0000000000000E+00
  0.0000000000000E+00
  0.0000000000000E+00
  0.0000000000000E+00
  0.0000000000000E+00
  0.0000000000000E+00
  0.0000000000000E+00
  0.0000000000000E+00
  0.0000000000000E+00
  0.0000000000000E+00
  0.0000000000000E+00
  0.0000000000000E+00
  0.0000000000000E+00
  0.0000000000000E+00
  0.0000000000000E+00
  0.0000000000000E+00
  0.0000000000000E+00
  0.0000000000000E+00
  0.0000000000000E+00
 -0.5124987030323E+01
 -0.1606679165848E+02
 -0.2637784241979E+02
 -0.2949537105308E+02
 -0.4827756898753E+02
 -0.4693980089500E+02
 -0.4416116862648E+02
 -0.4255998418914E+02
 -0.3976160694268E+02
 -0.3815024714755E+02
 -0.3796813834913E+02
 -0.3825075592681E+02
 -0.3736738440308E+02
 -0.3545004624759E+02
 -0.2651264672154E+02
 -0.7134808978753E+01
  0.0000000000000E+00
  0.0000000000000E+00
  0.0000000000000E+00
  0.0000000000000E+00
  0.0000000000000E+00
  0.0000000000000E+00
  0.0000000000000E+00
  0.0000000000000E+00
  0.0000000000000E+00
  0.0000000000000E+00
  0.0000000000000E+00
  0.0000000000000E+00
  0.0000000000000E+00
  0.0000000000000E+00
  0.0000000000000E+00
  0.0000000000000E+00
  0.0000000000000E+00
  0.0000000000000E+00
  0.0000000000000E+00
  0.0000000000000E+00
 -0.2117595307049E+02
 -0.3731874246627E+02
 -0.4367728555516E+02
 -0.4614588627685E+02
 -0.6412105909685E+02
 -0.5978294130962E+02
 -0.5508854580259E+02
 -0.5343420617892E+02
 -0.5272222547059E+02
 -0.5192892629618E+02
 -0.5098350001688E+02
 -0.4957851035424E+02
 -0.4721413869030E+02
 -0.4515249590683E+02
 -0.4067901172958E+02
 -0.2560988530366E+02
 -0.1097580006330E+02
  0.0000000000000E+00
  0.0000000000000E+00
  0.0000000000000E+00
  0.0000000000000E+00
  0.0000000000000E+00
  0.0000000000000E+00
  0.0000000000000E+00
  0.0000000000000E+00
  0.0000000000000E+00
  0.0000000000000E+00
  0.0000000000000E+00
  0.0000000000000E+00
  0.0000000000000E+00
  0.0000000000000E+00
  0.0000000000000E+00
  0.0000000000000E+00
  0.0000000000000E+00
  0.0000000000000E+00
  0.0000000000000E+00
 -0.3306991101647E+02
 -0.5151987322806E+02
 -0.5962900444539E+02
 -0.6333867261844E+02
 -0.7453864352452E+02
 -0.6471746606354E+02
 -0.5751714793868E+02
 -0.5558432170121E+02
 -0.5656464824101E+02
 -0.5725860038215E+02
 -0.5745819942757E+02
 -0.5664569858698E+02
 -0.5500797522015E+02
 -0.5447422858176E+02
 -0.5306135505660E+02
 -0.4490707034029E+02
 -0.2702129298935E+02
  0.0000000000000E+00
  0.0000000000000E+00
  0.0000000000000E+00
  0.0000000000000E+00
  0.0000000000000E+00
  0.0000000000000E+00
 -0.1856225431647E+01
 -0.9065286433875E+01
 -0.9464413447048E+01
  0.0000000000000E+00
  0.0000000000000E+00
  0.0000000000000E+00
  0.0000000000000E+00
  0.0000000000000E+00
  0.0000000000000E+00
  0.0000000000000E+00
  0.0000000000000E+00
  0.0000000000000E+00
  0.0000000000000E+00
 -0.3747721201555E+02
 -0.6768238319484E+02
 -0.7706248787328E+02
 -0.8018248308979E+02
 -0.7254705032588E+02
 -0.6256290953741E+02
 -0.6127865292928E+02
 -0.6272070490390E+02
 -0.6219614564663E+02
 -0.5975351064708E+02
 -0.5557724820528E+02
 -0.4951817349144E+02
 -0.4287674562515E+02
 -0.4502146049933E+02
 -0.5506829401306E+02
 -0.5388139328934E+02
 -0.4080555832595E+02
 -0.3573148424688E+02
 -0.2783357707407E+02
  0.0000000000000E+00
  0.0000000000000E+00
 -0.1495108232980E+02
 -0.1969539650383E+02
 -0.2322505725651E+02
 -0.4119013570616E+02
 -0.4206191273183E+02
 -0.2986982070716E+02
 -0.2279574651786E+02
 -0.2003409968368E+02
 -0.2059467628483E+02
 -0.2877328379917E+02
 -0.2790170995957E+02
 -0.2517513209464E+02
  0.0000000000000E+00
  0.0000000000000E+00
  0.0000000000000E+00
 -0.5483522994289E+02
 -0.8321144343386E+02
 -0.8316450733959E+02
 -0.8405899128201E+02
 -0.8284757404942E+02
 -0.8479806450308E+02
 -0.8733004195406E+02
 -0.8856482049579E+02
 -0.8908163094252E+02
 -0.8879723971670E+02
 -0.8724814411247E+02
 -0.8495560457559E+02
 -0.8151423905168E+02
 -0.7568138206493E+02
 -0.6686328533894E+02
 -0.4903047756409E+02
 -0.5109646800473E+02
 -0.4931459448476E+02
 -0.4160902765665E+02
  0.0000000000000E+00
  0.0000000000000E+00
 -0.2207823391774E+02
 -0.3592562927051E+02
 -0.4067660960707E+02
 -0.5671416862986E+02
 -0.5464541023645E+02
 -0.3397228000827E+02
 -0.3720195169020E+02
 -0.3165748049000E+02
 -0.3893905294816E+02
 -0.4581262097768E+02
 -0.4390982415971E+02
 -0.2880422773640E+02
  0.0000000000000E+00
  0.0000000000000E+00
  0.0000000000000E+00
 -0.6341987174840E+02
 -0.6209628559591E+02
 -0.7071184044262E+02
 -0.8230789559831E+02
 -0.9773956303758E+02
 -0.9995583190793E+02
 -0.1018122055001E+03
 -0.1032215190434E+03
 -0.1043061205843E+03
 -0.1047132017640E+03
 -0.1038473248859E+03
 -0.1015133788742E+03
 -0.9791765843248E+02
 -0.9378171102639E+02
 -0.8958915166691E+02
 -0.8646932746583E+02
 -0.7302107734115E+02
 -0.6200943641250E+02
 -0.5174394332470E+02
 -0.5379274088484E+02
  0.0000000000000E+00
 -0.3267671669332E+02
 -0.4912889722593E+02
  0.0000000000000E+00
 -0.5973452725726E+02
 -0.7026336477519E+02
 -0.7588630633446E+02
 -0.6909068306165E+02
 -0.6520226305574E+02
 -0.6160376923558E+02
 -0.5980392611699E+02
 -0.6060666983001E+02
 -0.5953414045073E+02
  0.0000000000000E+00
  0.0000000000000E+00
  0.0000000000000E+00
 -0.7160466238570E+02
 -0.8351892388987E+02
 -0.9178495374418E+02
 -0.9572383717137E+02
 -0.1084888961477E+03
 -0.1107219546690E+03
 -0.1124429450866E+03
 -0.1143105279839E+03
 -0.1163264502262E+03
 -0.1174451763471E+03
 -0.1171316612379E+03
 -0.1147250127101E+03
 -0.1104187808646E+03
 -0.1053065708825E+03
 -0.1005862918272E+03
 -0.9565524396374E+02
 -0.8617893200527E+02
  0.0000000000000E+00
 -0.7114549223280E+02
 -0.6806749056763E+02
  0.0000000000000E+00
  0.0000000000000E+00
 -0.6133273000101E+02
 -0.7335636050733E+02
 -0.8268792806946E+02
 -0.8721728820574E+02
 -0.8813907253956E+02
 -0.8362543965669E+02
 -0.7280878577457E+02
 -0.8077468184517E+02
 -0.7529808431244E+02
 -0.7708602318588E+02
 -0.6909727002812E+02
 -0.6307516053650E+02
  0.0000000000000E+00
  0.0000000000000E+00
 -0.8261351403569E+02
 -0.9818825796479E+02
 -0.1034254225598E+03
 -0.1064767704714E+03
 -0.1166369112998E+03
 -0.1181502181110E+03
 -0.1197818733825E+03
 -0.1219249009645E+03
 -0.1240410475227E+03
 -0.1250837413637E+03
 -0.1242999155012E+03
 -0.1214087266806E+03
 -0.1176399983414E+03
 -0.1140730335677E+03
 -0.1105983697452E+03
 -0.1059151220362E+03
 -0.9722378505678E+02
 -0.8769819745440E+02
 -0.8856399237807E+02
 -0.7450288330384E+02
  0.0000000000000E+00
  0.0000000000000E+00
 -0.7354283314838E+02
 -0.8887966169895E+02
 -0.9584041965182E+02
 -0.1012876306178E+03
 -0.1019529912301E+03
 -0.9443493234409E+02
  0.0000000000000E+00
 -0.6962017281438E+02
 -0.7857341409450E+02
 -0.9168878167478E+02
 -0.8414393332473E+02
 -0.7606135601792E+02
  0.0000000000000E+00
  0.0000000000000E+00
 -0.8937495609321E+02
 -0.1062688639076E+03
 -0.1118048818500E+03
 -0.1149090499147E+03
 -0.1201677345390E+03
 -0.1209742660353E+03
 -0.1216858475422E+03
 -0.1219713702791E+03
 -0.1214691008403E+03
 -0.1203660291069E+03
 -0.1187578067163E+03
 -0.1184618210799E+03
 -0.1193195503279E+03
 -0.1196908894296E+03
 -0.1183386462328E+03
 -0.1139851633063E+03
 -0.1071151895149E+03
 -0.9980254913265E+02
 -0.9709526179387E+02
 -0.8656431764412E+02
  0.0000000000000E+00
  0.0000000000000E+00
 -0.7034654314687E+02
 -0.1030670324714E+03
 -0.1049348858077E+03
 -0.1091831758459E+03
 -0.1095851167063E+03
 -0.1030650480883E+03
  0.0000000000000E+00
  0.0000000000000E+00
  0.0000000000000E+00
 -0.7610480810186E+02
 -0.9423885957767E+02
 -0.8616124956119E+02
  0.0000000000000E+00
  0.0000000000000E+00
 -0.9226461191250E+02
 -0.1124237736404E+03
 -0.1167456123210E+03
 -0.1188119145680E+03
 -0.1161838532051E+03
 -0.1156683264104E+03
 -0.1136664779316E+03
 -0.1090367546682E+03
 -0.1035152943310E+03
 -0.9927799974342E+02
 -0.1015220867957E+03
 -0.1099579294301E+03
 -0.1166464537466E+03
 -0.1206384309048E+03
 -0.1215710068293E+03
 -0.1186818589575E+03
 -0.1113826587905E+03
 -0.1049419668394E+03
 -0.1002429054468E+03
 -0.9501514602060E+02
  0.0000000000000E+00
  0.0000000000000E+00
  0.0000000000000E+00
 -0.8267812611432E+02
 -0.1074392168486E+03
 -0.1117029120512E+03
 -0.1112938781919E+03
 -0.1143320178326E+03
 -0.8433743339540E+02
  0.0000000000000E+00
  0.0000000000000E+00
  0.0000000000000E+00
 -0.9060722579139E+02
 -0.9324433889462E+02
  0.0000000000000E+00
  0.0000000000000E+00
 -0.8984045527407E+02
 -0.1136579468972E+03
 -0.1164539872376E+03
 -0.1156479986970E+03
 -0.9687744303851E+02
 -0.9395424811084E+02
 -0.8857745922959E+02
 -0.8035977495116E+02
 -0.7416254942450E+02
 -0.7926083570341E+02
 -0.9183969888920E+02
 -0.1030318989392E+03
 -0.1098229078517E+03
 -0.1136415689869E+03
 -0.1157717174185E+03
 -0.1142349590545E+03
 -0.1061265694647E+03
 -0.1030832265525E+03
 -0.1017095447084E+03
 -0.1006845429063E+03
  0.0000000000000E+00
  0.0000000000000E+00
  0.0000000000000E+00
 -0.8836974786449E+02
 -0.1069869781291E+03
 -0.1091804704154E+03
 -0.1135472761114E+03
 -0.1122158611903E+03
 -0.9083199306645E+02
 -0.7879995972168E+02
  0.0000000000000E+00
  0.0000000000000E+00
 -0.9649164053688E+02
 -0.9987338860901E+02
  0.0000000000000E+00
 -0.8239967070057E+02
 -0.1027440744781E+03
 -0.1043615590191E+03
 -0.1011435600941E+03
 -0.9818130245339E+02
 -0.8441251348608E+02
 -0.8434719455111E+02
 -0.8717566503771E+02
 -0.9513380216967E+02
 -0.1037397380230E+03
 -0.1087973457269E+03
 -0.1105253396665E+03
 -0.1095981973402E+03
 -0.1065937544836E+03
 -0.1024783569476E+03
 -0.9860356850292E+02
 -0.9893000629776E+02
 -0.9676296296492E+02
 -0.9662530392048E+02
 -0.1017793328892E+03
 -0.9951162300378E+02
  0.0000000000000E+00
  0.0000000000000E+00
  0.0000000000000E+00
 -0.9002197913345E+02
 -0.1095786919092E+03
 -0.1154096766785E+03
 -0.1142881585791E+03
 -0.1119652202698E+03
 -0.8760542251919E+02
 -0.6869539536030E+02
 -0.8006439900892E+02
  0.0000000000000E+00
 -0.9870980799478E+02
 -0.1040541897803E+03
 -0.8910045626735E+02
 -0.9909289081689E+02
 -0.9579740746093E+02
 -0.8947549220138E+02
 -0.8424309613817E+02
 -0.8453300663670E+02
 -0.1204042690130E+03
 -0.1242652358400E+03
 -0.1270211228109E+03
 -0.1288633046660E+03
 -0.1299820286741E+03
 -0.1305891185983E+03
 -0.1301603029862E+03
 -0.1261779080869E+03
 -0.1168778879172E+03
 -0.1075237978485E+03
 -0.9987305465906E+02
 -0.9370653826111E+02
 -0.9054806776462E+02
 -0.8182130692837E+02
 -0.1069174181863E+03
 -0.9337438173284E+02
  0.0000000000000E+00
  0.0000000000000E+00
  0.0000000000000E+00
 -0.9553384015045E+02
 -0.1100040913284E+03
 -0.1165521472135E+03
 -0.1115298907537E+03
 -0.1109189659414E+03
 -0.9609485695679E+02
 -0.9666966212716E+02
 -0.9998781412958E+02
  0.0000000000000E+00
  0.0000000000000E+00
 -0.9027164109429E+02
 -0.1047664158781E+03
 -0.1027730303453E+03
 -0.1035220659239E+03
 -0.1042088574131E+03
 -0.1108577919399E+03
 -0.1164843464469E+03
 -0.1334096601257E+03
 -0.1343109654703E+03
 -0.1344686369257E+03
 -0.1342986663966E+03
 -0.1344408149509E+03
 -0.1348877356855E+03
 -0.1350767931321E+03
 -0.1343266528195E+03
 -0.1320798561022E+03
 -0.1281270459049E+03
 -0.1218473831027E+03
 -0.1136400821360E+03
 -0.1024069286035E+03
 -0.4168340083204E+02
 -0.1169195870567E+03
 -0.1182780569766E+03
  0.0000000000000E+00
  0.0000000000000E+00
  0.0000000000000E+00
 -0.8142757816304E+02
 -0.1041381557321E+03
 -0.9780722951148E+02
 -0.8972600530500E+02
 -0.9700035460780E+02
 -0.9846402455025E+02
 -0.9920792287349E+02
 -0.8894906218092E+02
 -0.6881410267860E+02
  0.0000000000000E+00
 -0.9025231714933E+02
 -0.1120922229069E+03
 -0.1114571374748E+03
 -0.1174046364549E+03
 -0.1233457997703E+03
 -0.1286317162170E+03
 -0.1317026953275E+03
 -0.1302937310983E+03
 -0.1286341918963E+03
 -0.1267848941621E+03
 -0.1257324941265E+03
 -0.1253434370058E+03
 -0.1248383054289E+03
 -0.1238860783233E+03
 -0.1229496831091E+03
 -0.1222491642779E+03
 -0.1211095360867E+03
 -0.1184852073759E+03
 -0.1148541770008E+03
 -0.1113569483657E+03
 -0.9274692283605E+02
 -0.1012927948284E+03
 -0.1180002387069E+03
  0.0000000000000E+00
  0.0000000000000E+00
  0.0000000000000E+00
 -0.1097627054831E+03
 -0.1158917400113E+03
 -0.8035486790950E+02
 -0.1054669962841E+03
 -0.6682161330259E+02
 -0.5008329476821E+02
 -0.6631735838430E+02
 -0.8061474813629E+02
 -0.1114705197254E+03
  0.0000000000000E+00
 -0.7851462205048E+02
 -0.1055423068136E+03
 -0.1072696192443E+03
 -0.1142777674445E+03
 -0.1230312974727E+03
 -0.1287497837355E+03
 -0.1306468235828E+03
 -0.1044555216494E+03
 -0.1035508621320E+03
 -0.1030210144514E+03
 -0.1026049869944E+03
 -0.1023876188564E+03
 -0.1018361545599E+03
 -0.1008172856523E+03
 -0.1001365524917E+03
 -0.9975113367207E+02
 -0.9979859714377E+02
 -0.1001097521847E+03
 -0.1013116178490E+03
 -0.1075380750126E+03
 -0.1193448411821E+03
 -0.8202681179702E+02
 -0.8789789831288E+02
  0.0000000000000E+00
  0.0000000000000E+00
  0.0000000000000E+00
 -0.1213410002736E+03
 -0.1227414965631E+03
 -0.1194326285142E+03
 -0.1199532241729E+03
 -0.1182993380605E+03
 -0.1060471578028E+03
 -0.1134766817275E+03
 -0.1224767105571E+03
 -0.1268062317462E+03
 -0.1061502746499E+03
 -0.1091160258648E+03
 -0.9920675133407E+02
 -0.9294984683070E+02
 -0.9475633222736E+02
 -0.1033228696345E+03
 -0.1069808436448E+03
 -0.1059086844990E+03
 -0.1129701300945E+03
 -0.1114823006020E+03
 -0.1107106379318E+03
 -0.1104863394614E+03
 -0.1112791992995E+03
 -0.1126505869972E+03
 -0.1139081126306E+03
 -0.1150295200504E+03
 -0.1152840538514E+03
 -0.1145880355871E+03
 -0.1130964557351E+03
 -0.1117087917314E+03
 -0.1185412286805E+03
 -0.1292775850364E+03
 -0.1340912681222E+03
 -0.9018706354290E+02
  0.0000000000000E+00
  0.0000000000000E+00
  0.0000000000000E+00
 -0.1263229957514E+03
 -0.1118781853687E+03
 -0.1238753111375E+03
  0.0000000000000E+00
 -0.1226323128720E+03
 -0.1296833217717E+03
 -0.1343835316882E+03
 -0.1336139121281E+03
 -0.1306798545384E+03
 -0.1247897877509E+03
 -0.1300615071903E+03
 -0.1232924076945E+03
 -0.1127898169572E+03
 -0.1107170922473E+03
 -0.1142842739705E+03
 -0.1154202662290E+03
 -0.1146970461261E+03
 -0.1308242832528E+03
 -0.1280579167810E+03
 -0.1248401108791E+03
 -0.1219532753849E+03
 -0.1197586083422E+03
 -0.1190697825483E+03
 -0.1201572409818E+03
 -0.1227205123453E+03
 -0.1254796472751E+03
 -0.1280467104239E+03
 -0.1305908495777E+03
 -0.1322532496532E+03
 -0.1312528252953E+03
 -0.1203237306631E+03
 -0.1375346770258E+03
 -0.1506383838684E+03
 -0.1000500176283E+03
 -0.9403244674207E+02
 -0.1153062533154E+03
 -0.1411941962535E+03
 -0.1131505156320E+03
 -0.1137845023526E+03
  0.0000000000000E+00
 -0.1268138357019E+03
 -0.1311030988705E+03
 -0.1358167601016E+03
 -0.1396286494553E+03
 -0.1330574310373E+03
 -0.1321190495689E+03
 -0.1412868777499E+03
 -0.1412982114542E+03
 -0.1381709664413E+03
 -0.1337150145761E+03
 -0.1345050601250E+03
 -0.1339970014582E+03
 -0.1328518386349E+03
 -0.1399945201947E+03
 -0.1409570379031E+03
 -0.1413521033727E+03
 -0.1400407826471E+03
 -0.1368267449343E+03
 -0.1333405535122E+03
 -0.1304444876240E+03
 -0.1297574145741E+03
 -0.1311923969872E+03
 -0.1335357864866E+03
 -0.1360480139443E+03
 -0.1378532655547E+03
 -0.1370658561755E+03
 -0.1318704537948E+03
 -0.1234684665681E+03
 -0.1051365107844E+03
 -0.1221835150131E+03
 -0.1278691175835E+03
 -0.1380944628211E+03
 -0.1457270610655E+03
 -0.1321475083034E+03
  0.0000000000000E+00
 -0.1246619401960E+03
 -0.1417782808968E+03
 -0.1372631271302E+03
 -0.1409888054033E+03
 -0.1416832456409E+03
 -0.1391576434771E+03
 -0.1330141252908E+03
 -0.1310423789782E+03
 -0.1323798413147E+03
 -0.1364485182342E+03
 -0.1375551619883E+03
 -0.1376045693947E+03
 -0.1381354240726E+03
 -0.1391943828565E+03
 -0.1401325397386E+03
 -0.1405980824917E+03
 -0.1416776837971E+03
 -0.1431377547594E+03
 -0.1443321166693E+03
 -0.1439755833050E+03
 -0.1415744560317E+03
 -0.1378066993195E+03
 -0.1353459472315E+03
 -0.1353387531167E+03
 -0.1367697100435E+03
 -0.1383453956849E+03
 -0.1395815478142E+03
 -0.1404281816541E+03
 -0.1420038296515E+03
 -0.1428249703767E+03
 -0.1461515282923E+03
 -0.1414569080042E+03
 -0.1421982973503E+03
 -0.1447428247230E+03
 -0.1374334830397E+03
  0.0000000000000E+00
 -0.1141544974949E+03
 -0.1430259347789E+03
 -0.1437773903486E+03
 -0.1468093628027E+03
 -0.1454903573250E+03
 -0.1426287643248E+03
 -0.1384984158650E+03
 -0.1393125551700E+03
 -0.1400942216144E+03
 -0.1409597643786E+03
 -0.1421898807018E+03
 -0.1432962425424E+03
 -0.1410577486889E+03
 -0.1404165514185E+03
 -0.1462560250625E+03
 -0.1463319970431E+03
 -0.1464681855937E+03
 -0.1462856281722E+03
 -0.1465375970194E+03
 -0.1467273418819E+03
 -0.1457649361623E+03
 -0.1429793987336E+03
 -0.1392654818583E+03
 -0.1360703193662E+03
 -0.1348641448533E+03
 -0.1352987830835E+03
 -0.1367078861835E+03
 -0.1397704011217E+03
 -0.1443660216073E+03
 -0.1455819226488E+03
 -0.1432835909376E+03
 -0.1396115118684E+03
 -0.1418387846019E+03
 -0.1473264647788E+03
 -0.1458984613017E+03
 -0.1098872707457E+03
 -0.1442555434298E+03
 -0.1441790126022E+03
 -0.1475694483269E+03
 -0.1478175027253E+03
 -0.1461328964655E+03
 -0.1439591123484E+03
 -0.1435972434647E+03
 -0.1454940300592E+03
 -0.1478138427639E+03
 -0.1498528140053E+03
 -0.1509792234388E+03
 -0.1503329817802E+03
 -0.1482949850536E+03
 -0.1469486099691E+03
 -0.1426911296032E+03
 -0.1425687067220E+03
 -0.1433687559013E+03
 -0.1445654311507E+03
 -0.1453270320135E+03
 -0.1451854936119E+03
 -0.1437326257590E+03
 -0.1413928435366E+03
 -0.1383790489497E+03
 -0.1345812001573E+03
 -0.1312480699636E+03
 -0.1296343633032E+03
 -0.1296648844179E+03
 -0.1306335423354E+03
 -0.1318399105760E+03
 -0.1326371281381E+03
 -0.1322036487294E+03
 -0.1320307995425E+03
 -0.1335536312679E+03
 -0.1380693928233E+03
 -0.1435823198457E+03
 -0.1238299033945E+03
 -0.1303062145472E+03
 -0.1335719025860E+03
 -0.1372492782922E+03
 -0.1388001025789E+03
 -0.1390967318763E+03
 -0.1381612153950E+03
 -0.1381384405499E+03
 -0.1395178016145E+03
 -0.1418186747174E+03
 -0.1441427645100E+03
 -0.1456652771325E+03
 -0.1456804024680E+03
 -0.1447839412081E+03
 -0.1435978909427E+03
 -0.1317749333958E+03
 -0.1314484921865E+03
 -0.1319964543118E+03
 -0.1333497003352E+03
 -0.1343103804516E+03
 -0.1346080347855E+03
 -0.1340768592625E+03
 -0.1326276443517E+03
 -0.1302232317108E+03
 -0.1268669451185E+03
 -0.1231542554315E+03
 -0.1201152808794E+03
 -0.1185368183922E+03
 -0.1175082481492E+03
 -0.1161713690485E+03
 -0.1153025978672E+03
 -0.1165098841617E+03
 -0.1209952498914E+03
 -0.1222841133904E+03
 -0.1273302404365E+03
 -0.1309211541410E+03
 -0.6592727205255E+02
 -0.9278598898559E+02
 -0.1084930936672E+03
 -0.1170636933734E+03
 -0.1212011236628E+03
 -0.1234763166179E+03
 -0.1242769971285E+03
 -0.1255047752393E+03
 -0.1270930560041E+03
 -0.1289776126264E+03
 -0.1310413188635E+03
 -0.1326372433509E+03
 -0.1332620787076E+03
 -0.1331790507484E+03
 -0.1324929217333E+03
 -0.1091662014310E+03
 -0.1091927742997E+03
 -0.1098308767990E+03
 -0.1114636259081E+03
 -0.1127725147062E+03
 -0.1134422710020E+03
 -0.1133094071872E+03
 -0.1121222490533E+03
 -0.1097588445917E+03
 -0.1059977909803E+03
 -0.9976984564453E+02
 -0.9090030994773E+02
 -0.8184368956503E+02
 -0.8156800681820E+02
 -0.8884305782132E+02
 -0.9409133155254E+02
 -0.1020708893114E+03
 -0.1112410413647E+03
 -0.1191342315126E+03
 -0.1265872162432E+03
 -0.1306928841142E+03
 -0.1542941214070E+03
 -0.1452923000489E+03
 -0.1213148377961E+03
 -0.1077931528752E+03
 -0.1046868802304E+03
 -0.1019154314393E+03
 -0.9856082575865E+02
 -0.9785235023277E+02
 -0.1001539977830E+03
 -0.1032037759392E+03
 -0.1061791716626E+03
 -0.1083497782445E+03
 -0.1098378405114E+03
 -0.1103128126121E+03
 -0.1097393883186E+03
 -0.9492373276910E+02
 -0.9212561556909E+02
 -0.8991932407106E+02
 -0.9063442096064E+02
 -0.9112266408755E+02
 -0.9092945877546E+02
 -0.9019374954203E+02
 -0.8852005933567E+02
 -0.8558867598872E+02
 -0.8505693690582E+02
 -0.8889831405406E+02
 -0.9451548104942E+02
 -0.9856585234804E+02
 -0.1015421409970E+03
 -0.1086634994717E+03
 -0.1161896120283E+03
 -0.1187213687168E+03
 -0.1224543355261E+03
  0.0000000000000E+00
  0.0000000000000E+00
  0.0000000000000E+00
 -0.1283549189826E+03
 -0.1762601326536E+03
 -0.1621611285538E+03
 -0.1416116306839E+03
 -0.1293259614830E+03
 -0.1226442693658E+03
 -0.1166116506783E+03
 -0.1114971074490E+03
 -0.1063264185250E+03
 -0.1022314996139E+03
 -0.9993605205139E+02
 -0.9949301124940E+02
 -0.9992999456813E+02
 -0.9971697863504E+02
 -0.9793279874786E+02
 -0.1049848651016E+03
 -0.1049516812011E+03
 -0.1044873461535E+03
 -0.1033599605518E+03
 -0.1024586099746E+03
 -0.1022052285226E+03
 -0.1023459957104E+03
 -0.1023280106205E+03
 -0.1023285475575E+03
 -0.1017731619934E+03
 -0.1003335256728E+03
 -0.9824752042542E+02
 -0.9571018402696E+02
 -0.9410043148084E+02
 -0.9962089334482E+02
 -0.1116231152254E+03
 -0.1211545022882E+03
 -0.1189713866871E+03
  0.0000000000000E+00
  0.0000000000000E+00
  0.0000000000000E+00
 -0.1045830742680E+03
 -0.1538960044976E+03
 -0.1603105003166E+03
 -0.1548277395913E+03
 -0.1461256996836E+03
 -0.1359253180628E+03
 -0.1253112288836E+03
 -0.1158181592742E+03
 -0.1106305676893E+03
 -0.1065926058357E+03
 -0.1072647534286E+03
 -0.1052420772762E+03
 -0.1042960276772E+03
 -0.1042327259733E+03
 -0.1045847586141E+03
 -0.9153084106939E+02
 -0.9014342594080E+02
 -0.8862919414182E+02
 -0.9132270892133E+02
 -0.9183762981290E+02
 -0.9201608620228E+02
 -0.9225140709752E+02
 -0.9263513952724E+02
 -0.9301001892629E+02
 -0.9302898460659E+02
 -0.9257218401950E+02
 -0.9159879044892E+02
 -0.8968759707000E+02
 -0.8726060929442E+02
 -0.8881127306689E+02
 -0.1012992280564E+03
 -0.1126504922651E+03
 -0.1236649076190E+03
  0.0000000000000E+00
  0.0000000000000E+00
  0.0000000000000E+00
 -0.8263718295606E+02
 -0.1116791820518E+03
 -0.1188865792031E+03
 -0.1258200526816E+03
 -0.1294318744970E+03
 -0.1283400184041E+03
 -0.1259439708536E+03
 -0.1218346640917E+03
 -0.1164614633590E+03
 -0.1110178707357E+03
 -0.1061403239631E+03
 -0.1020312696121E+03
 -0.9849726004522E+02
 -0.9539935251692E+02
 -0.9313728521309E+02
 -0.8892102366504E+02
 -0.8762772503651E+02
 -0.8631429860562E+02
 -0.8482927576611E+02
 -0.8348338965729E+02
 -0.8251278801582E+02
 -0.8206349776248E+02
 -0.8231763889538E+02
 -0.8315406592382E+02
 -0.8380423607340E+02
 -0.8435262688811E+02
 -0.8434257330858E+02
 -0.8346870846631E+02
 -0.8231801145523E+02
 -0.8082698326597E+02
 -0.8666034418949E+02
 -0.9662168577912E+02
 -0.1222683628542E+03
 -0.1049493059013E+03
 -0.8965380733575E+02
 -0.7326636159089E+02
 -0.6958353604083E+02
 -0.6874903972741E+02
 -0.7306470711787E+02
 -0.8140136554087E+02
 -0.8723484183238E+02
 -0.9502354755166E+02
 -0.1003412562286E+03
 -0.1013275542251E+03
 -0.1020183249772E+03
 -0.1010999864082E+03
 -0.9917508738186E+02
 -0.9700513054505E+02
 -0.9493860336347E+02
 -0.9119753953067E+02
 -0.8982148512029E+02
 -0.7709771226452E+02
 -0.7494017734593E+02
 -0.7495900236357E+02
 -0.7497391521456E+02
 -0.7468235103807E+02
 -0.7426428888600E+02
 -0.7415515042131E+02
 -0.7438180438138E+02
 -0.7502919789910E+02
 -0.7339206195476E+02
 -0.7399084783365E+02
 -0.7462260249118E+02
 -0.7494101941946E+02
 -0.7485208474636E+02
 -0.7366979983224E+02
 -0.7297990327269E+02
 -0.7690348968942E+02
 -0.8337020480267E+02
 -0.7992544991186E+02
 -0.7216364734506E+02
 -0.6370643421118E+02
 -0.5709145768081E+02
 -0.5401072490904E+02
 -0.5369955512801E+02
 -0.5343195846239E+02
 -0.5480973461371E+02
 -0.5928173947342E+02
 -0.6421449325974E+02
 -0.6904523341198E+02
 -0.7232794127948E+02
 -0.7417696487057E+02
 -0.7471838881802E+02
 -0.7460010890016E+02
 -0.7601803754137E+02
 -0.7664659201390E+02
 -0.7682834867194E+02
 -0.5256978868195E+02
 -0.5383548534226E+02
 -0.5453383143988E+02
 -0.5491144907116E+02
 -0.5476000302545E+02
 -0.5453585457430E+02
 -0.5467919004053E+02
 -0.5461215323253E+02
 -0.5390356314939E+02
 -0.5361283744196E+02
 -0.5439848850237E+02
 -0.5503697937641E+02
 -0.5534427636420E+02
 -0.5520717258151E+02
 -0.5454410965441E+02
 -0.5282916712516E+02
 -0.5405211302762E+02
 -0.5900152506643E+02
 -0.5798297244100E+02
 -0.5561947215055E+02
 -0.4990486384875E+02
 -0.4792781285598E+02
 -0.4497999420323E+02
 -0.4231461510255E+02
 -0.3968509808039E+02
 -0.3737756836530E+02
 -0.3631152533961E+02
 -0.3788743254795E+02
 -0.4126747548425E+02
 -0.4450838005410E+02
 -0.4713187197421E+02
 -0.4903597281139E+02
 -0.5014777597502E+02
 -0.5120033244274E+02
 -0.5220591820989E+02
 -0.5186657793899E+02
 -0.2788456742854E+02
 -0.2784085453882E+02
 -0.2772577973750E+02
 -0.2758645073622E+02
 -0.2700447124977E+02
 -0.2681351966779E+02
 -0.2671894141414E+02
 -0.2671203377955E+02
 -0.2678007310147E+02
 -0.2695976409771E+02
 -0.2728814382115E+02
 -0.2749234626199E+02
 -0.2732357313970E+02
 -0.2751754242493E+02
 -0.2766267129256E+02
 -0.2767006121361E+02
 -0.2770900484337E+02
 -0.2772184042594E+02
 -0.2773123006041E+02
 -0.2775116393088E+02
 -0.2778972862301E+02
 -0.2775881014112E+02
 -0.2765158047853E+02
 -0.2761446240797E+02
 -0.2762571840981E+02
 -0.2775434412245E+02
 -0.2812988330581E+02
 -0.2830574306078E+02
 -0.2830356628150E+02
 -0.2818853870781E+02
 -0.2798808343745E+02
 -0.2778641584863E+02
 -0.2769489367920E+02
 -0.2770391538084E+02
 -0.2779252962492E+02
 -0.2786334799902E+02
 -0.6016636453300E+02
 -0.6083297016830E+02
 -0.6083759205382E+02
 -0.6011178310863E+02
 -0.8449064077115E+02
 -0.8500163698247E+02
 -0.8699994855094E+02
 -0.9012558265523E+02
 -0.8162118211038E+02
 -0.9631239564333E+02
 -0.1047269660516E+03
 -0.1835968961632E+02
 -0.2355259691733E+02
 -0.2577799035773E+02
 -0.2582089209433E+02
 -0.2543726866028E+02
 -0.2008889318861E+02
 -0.1138864085003E+02
 -0.1017623374034E+03
 -0.5913592100490E+02
 -0.6021467527749E+02
 -0.5854934384887E+02
 -0.8415032788701E+02
 -0.8312111954329E+02
 -0.8406151382170E+02
 -0.8688071810093E+02
 -0.9216270943528E+02
 -0.9577779408034E+02
 -0.9731024814691E+02
 -0.9707215704584E+02
 -0.9567399089891E+02
 -0.9425428187331E+02
 -0.9340376286833E+02
 -0.9330075791975E+02
 -0.9360576949529E+02
 -0.9413584345657E+02
  0.0000000000000E+00
  0.1317393015575E+01
  0.8379370568498E+00
  0.5786422799692E+00
  0.5493302636550E+00
  0.0000000000000E+00
  0.4386543173680E+00
  0.4838170817660E+00
  0.8784957920349E+00
  0.1415016364915E+01
  0.2899591145761E+01
  0.3465892042920E+01
  0.0000000000000E+00
  0.0000000000000E+00
  0.0000000000000E+00
  0.0000000000000E+00
  0.0000000000000E+00
  0.0000000000000E+00
  0.0000000000000E+00
  0.0000000000000E+00
  0.0000000000000E+00
  0.0000000000000E+00
  0.0000000000000E+00
  0.0000000000000E+00
  0.0000000000000E+00
  0.0000000000000E+00
  0.0000000000000E+00
  0.0000000000000E+00
  0.0000000000000E+00
  0.0000000000000E+00
  0.0000000000000E+00
  0.2620170804519E+01
  0.3479361101856E+01
  0.3322450014259E+01
  0.2868680278462E+01
  0.2505282367433E+01
  0.4049043704916E+01
  0.0000000000000E+00
  0.0000000000000E+00
  0.0000000000000E+00
  0.2986018752900E+01
  0.1302346044028E+01
  0.1129817344167E+01
  0.1318837234620E+01
  0.2047445320865E+01
  0.0000000000000E+00
  0.6913320946961E+01
  0.7688802475701E+01
  0.8297792813784E+01
  0.7662257440560E+01
  0.4246468655221E+01
  0.0000000000000E+00
  0.0000000000000E+00
  0.0000000000000E+00
  0.0000000000000E+00
  0.0000000000000E+00
  0.0000000000000E+00
  0.0000000000000E+00
  0.0000000000000E+00
  0.0000000000000E+00
  0.0000000000000E+00
  0.0000000000000E+00
  0.0000000000000E+00
  0.0000000000000E+00
  0.0000000000000E+00
  0.0000000000000E+00
  0.0000000000000E+00
  0.0000000000000E+00
  0.7915314823521E+01
  0.7748440917867E+01
  0.5688232532194E+01
  0.4250938394819E+01
  0.5205735819976E+01
  0.4838684593475E+01
  0.4998120147767E+01
  0.8335012894376E+01
  0.1159164401528E+02
  0.8028899965330E+01
  0.6770552669201E+01
  0.4158744226269E+01
  0.3277432308854E+01
  0.4727227160259E+01
  0.0000000000000E+00
  0.1307218087771E+02
  0.2548871900992E+02
  0.2485077447029E+02
  0.1483141594565E+02
  0.0000000000000E+00
  0.0000000000000E+00
  0.0000000000000E+00
  0.0000000000000E+00
  0.0000000000000E+00
  0.0000000000000E+00
  0.0000000000000E+00
  0.0000000000000E+00
  0.0000000000000E+00
  0.0000000000000E+00
  0.0000000000000E+00
  0.0000000000000E+00
  0.0000000000000E+00
  0.0000000000000E+00
  0.0000000000000E+00
  0.0000000000000E+00
  0.0000000000000E+00
  0.1515134944904E+02
  0.1699934762385E+02
  0.9136129444285E+01
  0.4627062576623E+01
 -0.4256105773818E+01
 -0.3455506310956E+01
 -0.2334374285267E+01
 -0.1002335592715E+01
  0.4084593246411E+01
  0.4583423202407E+01
  0.2387715944667E+01
  0.4391623123530E+00
 -0.1186848514769E+00
  0.2031240632769E+01
  0.1278227464135E+02
  0.2056445363406E+02
  0.0000000000000E+00
  0.0000000000000E+00
  0.0000000000000E+00
  0.0000000000000E+00
  0.0000000000000E+00
  0.0000000000000E+00
  0.0000000000000E+00
  0.0000000000000E+00
  0.0000000000000E+00
  0.0000000000000E+00
  0.0000000000000E+00
  0.0000000000000E+00
  0.0000000000000E+00
  0.0000000000000E+00
  0.0000000000000E+00
  0.0000000000000E+00
  0.0000000000000E+00
  0.0000000000000E+00
  0.0000000000000E+00
  0.0000000000000E+00
  0.8342100731275E+01
  0.6294896041371E+01
 -0.8810348563629E+00
 -0.3595774174211E+01
 -0.1054790448418E+02
 -0.1017212170721E+02
 -0.8942334784999E+01
 -0.8282505343341E+01
 -0.6562585180079E+01
 -0.5157443554960E+01
 -0.4564120029951E+01
 -0.4260612336926E+01
 -0.3161596306206E+01
 -0.1291711948428E+01
  0.5018238443668E+01
  0.1679485850714E+02
  0.0000000000000E+00
  0.0000000000000E+00
  0.0000000000000E+00
  0.0000000000000E+00
  0.0000000000000E+00
  0.0000000000000E+00
  0.0000000000000E+00
  0.0000000000000E+00
  0.0000000000000E+00
  0.2109171369113E+02
  0.3077905400054E+02
  0.0000000000000E+00
  0.0000000000000E+00
  0.0000000000000E+00
  0.0000000000000E+00
  0.0000000000000E+00
  0.0000000000000E+00
  0.0000000000000E+00
  0.0000000000000E+00
  0.0000000000000E+00
  0.1600271872417E+01
 -0.2027373096366E+01
 -0.6237768785786E+01
 -0.8963601632274E+01
 -0.1580592686161E+02
 -0.1530452826481E+02
 -0.1430693723008E+02
 -0.1408288527985E+02
 -0.1380063809166E+02
 -0.1312924067322E+02
 -0.1222964846084E+02
 -0.1109049700305E+02
 -0.9376619730446E+01
 -0.7581580288802E+01
 -0.4154360387154E+01
  0.4701875259529E+01
  0.1151616081629E+02
  0.0000000000000E+00
  0.0000000000000E+00
  0.0000000000000E+00
  0.0000000000000E+00
  0.0000000000000E+00
  0.0000000000000E+00
  0.0000000000000E+00
  0.1742919010949E+02
  0.2838951927220E+02
  0.3135303497921E+02
  0.0000000000000E+00
  0.0000000000000E+00
  0.0000000000000E+00
  0.0000000000000E+00
  0.1934733202385E+02
  0.3005803809185E+02
  0.0000000000000E+00
  0.0000000000000E+00
  0.0000000000000E+00
 -0.2334346590017E+01
 -0.6479791833028E+01
 -0.1145166582198E+02
 -0.1447031050088E+02
 -0.1955558574656E+02
 -0.1794827413420E+02
 -0.1680325357619E+02
 -0.1688941614900E+02
 -0.1752144273686E+02
 -0.1776958876903E+02
 -0.1758499712057E+02
 -0.1686895103617E+02
 -0.1568300475913E+02
 -0.1474622916649E+02
 -0.1287892813232E+02
 -0.7597679588805E+01
  0.2139646527514E+01
  0.0000000000000E+00
  0.0000000000000E+00
  0.0000000000000E+00
  0.0000000000000E+00
  0.0000000000000E+00
  0.0000000000000E+00
  0.1347402445256E+02
  0.1436057715801E+02
  0.1384268985330E+02
  0.1815235647906E+02
  0.0000000000000E+00
  0.0000000000000E+00
  0.0000000000000E+00
  0.1283900548991E+02
  0.1998989146405E+02
  0.2093847330274E+02
  0.0000000000000E+00
  0.0000000000000E+00
  0.0000000000000E+00
 -0.3547459360530E+01
 -0.1152146444949E+02
 -0.1734896080574E+02
 -0.1997295306051E+02
 -0.1978802998141E+02
 -0.1780730493383E+02
 -0.1807101952164E+02
 -0.1896905852982E+02
 -0.1919095277669E+02
 -0.1875004980830E+02
 -0.1769332187982E+02
 -0.1600134372326E+02
 -0.1405498226782E+02
 -0.1474043091393E+02
 -0.1734648096263E+02
 -0.1526091170752E+02
 -0.6203585676691E+01
  0.8578058739585E+00
  0.7249919915354E+01
  0.0000000000000E+00
  0.0000000000000E+00
  0.1680843915409E+01
  0.5963981516677E+01
  0.7473998237233E+01
  0.7264098771373E-01
 -0.2231906786384E+01
  0.8488128351443E+00
  0.4154484566083E+01
  0.6779154630029E+01
  0.7575999116110E+01
  0.5480210779635E+01
  0.4239631051401E+01
  0.3249140379295E+01
  0.0000000000000E+00
  0.0000000000000E+00
  0.0000000000000E+00
 -0.8831969899713E+01
 -0.1796280760234E+02
 -0.2081099650112E+02
 -0.2202309238172E+02
 -0.2082922459088E+02
 -0.2141206082211E+02
 -0.2240739155917E+02
 -0.2306718044259E+02
 -0.2348357943067E+02
 -0.2367984453737E+02
 -0.2361710127953E+02
 -0.2349020689951E+02
 -0.2315794188048E+02
 -0.2212000301262E+02
 -0.2003570905391E+02
 -0.1504700367835E+02
 -0.1245115787207E+02
 -0.7746752016634E+01
 -0.8475123893985E+00
  0.0000000000000E+00
  0.0000000000000E+00
 -0.3073853316767E+01
 -0.3037652049997E+01
 -0.3014837943967E+01
 -0.1053553909559E+02
 -0.1103072525117E+02
 -0.8005140965391E+01
 -0.6913143766292E+01
 -0.5759652583534E+01
 -0.6174077591441E+01
 -0.7209221864543E+01
 -0.7489352812822E+01
 -0.5357469386485E+01
  0.0000000000000E+00
  0.0000000000000E+00
  0.0000000000000E+00
 -0.1075831428017E+02
 -0.1420769994165E+02
 -0.1755887974069E+02
 -0.2078992286202E+02
 -0.2126853055475E+02
 -0.2215399631101E+02
 -0.2295153068419E+02
 -0.2356029523037E+02
 -0.2397653229283E+02
 -0.2428260224728E+02
 -0.2442313333972E+02
 -0.2440404036718E+02
 -0.2422258969885E+02
 -0.2390828429445E+02
 -0.2334123139201E+02
 -0.2266392359489E+02
 -0.1683094017290E+02
 -0.1203650716593E+02
 -0.6789477590093E+01
  0.8087231629657E+00
  0.0000000000000E+00
 -0.1877614569559E+01
 -0.6512216594705E+01
  0.0000000000000E+00
 -0.1250857798933E+02
 -0.1330490429748E+02
 -0.1335851327529E+02
 -0.9232042050230E+01
 -0.7806314696480E+01
 -0.8091442777674E+01
 -0.8947127542625E+01
 -0.8953927167348E+01
 -0.6483084904903E+01
  0.0000000000000E+00
  0.0000000000000E+00
  0.0000000000000E+00
 -0.1229649541132E+02
 -0.1637424579964E+02
 -0.1946952722205E+02
 -0.2061277656751E+02
 -0.2191111196111E+02
 -0.2288453486255E+02
 -0.2359580929591E+02
 -0.2425447924814E+02
 -0.2490738546237E+02
 -0.2548158652730E+02
 -0.2589380407625E+02
 -0.2601871923296E+02
 -0.2572632935603E+02
 -0.2499627128769E+02
 -0.2390278292168E+02
 -0.2207580388742E+02
 -0.1790941782106E+02
  0.0000000000000E+00
 -0.1105420981757E+02
 -0.1743527129713E+01
  0.0000000000000E+00
  0.0000000000000E+00
 -0.8994248621192E+01
 -0.1107351665796E+02
 -0.1414998733071E+02
 -0.1473177865171E+02
 -0.1345142524914E+02
 -0.1034386958808E+02
 -0.6641405626669E+01
 -0.9684111885136E+01
 -0.8697004317860E+01
 -0.9088662861252E+01
 -0.5465564875888E+01
 -0.2270759852092E+01
  0.0000000000000E+00
  0.0000000000000E+00
 -0.1394037643059E+02
 -0.1725488427692E+02
 -0.1990448092981E+02
 -0.2101232789890E+02
 -0.2265459271731E+02
 -0.2350902058117E+02
 -0.2427140799600E+02
 -0.2513676586640E+02
 -0.2603959645305E+02
 -0.2678109661148E+02
 -0.2715822590496E+02
 -0.2706575315181E+02
 -0.2656911318140E+02
 -0.2574523642867E+02
 -0.2448770020338E+02
 -0.2261012147028E+02
 -0.1946394463058E+02
 -0.1774142254905E+02
 -0.1373653187485E+02
 -0.6438092163195E+01
  0.0000000000000E+00
  0.0000000000000E+00
 -0.1007594743718E+02
 -0.1248012334511E+02
 -0.1530584568636E+02
 -0.1648573485666E+02
 -0.1603541457919E+02
 -0.1327890526227E+02
  0.0000000000000E+00
 -0.9370645715132E+01
 -0.6967240719576E+01
 -0.1011544997245E+02
 -0.7584673287102E+01
 -0.4371419298599E+01
  0.0000000000000E+00
  0.0000000000000E+00
 -0.1503336446721E+02
 -0.1770969513377E+02
 -0.2022353496711E+02
 -0.2163341102521E+02
 -0.2307206017742E+02
 -0.2384146504423E+02
 -0.2457088272454E+02
 -0.2526372256937E+02
 -0.2583919551279E+02
 -0.2620243488784E+02
 -0.2627536329623E+02
 -0.2639082994150E+02
 -0.2636611271165E+02
 -0.2592765249741E+02
 -0.2503379462917E+02
 -0.2354302997239E+02
 -0.2131770963643E+02
 -0.1990003765533E+02
 -0.1588216223889E+02
 -0.9145778956433E+01
  0.0000000000000E+00
  0.0000000000000E+00
 -0.8533180419574E+01
 -0.1537873474926E+02
 -0.1687658315457E+02
 -0.1819002896468E+02
 -0.1833412242091E+02
 -0.1605577886526E+02
  0.0000000000000E+00
  0.0000000000000E+00
  0.0000000000000E+00
 -0.8790341103038E+01
 -0.9318537116707E+01
 -0.8088174422877E+01
  0.0000000000000E+00
  0.0000000000000E+00
 -0.1547703127446E+02
 -0.1829488763092E+02
 -0.2050872041583E+02
 -0.2199117952670E+02
 -0.2255814087821E+02
 -0.2304438736939E+02
 -0.2325511124553E+02
 -0.2297158978123E+02
 -0.2255332496068E+02
 -0.2209285558196E+02
 -0.2273720327384E+02
 -0.2442377263654E+02
 -0.2537031461333E+02
 -0.2565287404500E+02
 -0.2543283792010E+02
 -0.2464408536888E+02
 -0.2290200166142E+02
 -0.2154048366282E+02
 -0.1775492567401E+02
 -0.1189540566065E+02
  0.0000000000000E+00
  0.0000000000000E+00
  0.0000000000000E+00
 -0.1486175187306E+02
 -0.1813016408302E+02
 -0.1937369557982E+02
 -0.1953993094881E+02
 -0.2025646831848E+02
 -0.1772929365793E+02
  0.0000000000000E+00
  0.0000000000000E+00
  0.0000000000000E+00
 -0.1065223955964E+02
 -0.1105759611417E+02
  0.0000000000000E+00
  0.0000000000000E+00
 -0.1504436593774E+02
 -0.1871537009985E+02
 -0.2071364727793E+02
 -0.2163873173680E+02
 -0.1916714437859E+02
 -0.1906579705338E+02
 -0.1852069602689E+02
 -0.1744999706802E+02
 -0.1665203603668E+02
 -0.1794446542748E+02
 -0.2055881571002E+02
 -0.2262777225443E+02
 -0.2358442827526E+02
 -0.2400783605350E+02
 -0.2439124455037E+02
 -0.2425880045450E+02
 -0.2270532672706E+02
 -0.2243505167735E+02
 -0.1966876290772E+02
 -0.1578655703174E+02
  0.0000000000000E+00
  0.0000000000000E+00
  0.0000000000000E+00
 -0.1683665721711E+02
 -0.1875645360640E+02
 -0.1920004669292E+02
 -0.2087058870030E+02
 -0.2083943292595E+02
 -0.1912785659878E+02
 -0.1641521357840E+02
  0.0000000000000E+00
  0.0000000000000E+00
 -0.1257474783013E+02
 -0.1418814944669E+02
  0.0000000000000E+00
 -0.1379485416982E+02
 -0.1670829930433E+02
 -0.1778057904522E+02
 -0.1841066226342E+02
 -0.1879175974219E+02
 -0.1619605456157E+02
 -0.1656099842541E+02
 -0.1766599042406E+02
 -0.1994000971069E+02
 -0.2216222999552E+02
 -0.2323528061466E+02
 -0.2325998540385E+02
 -0.2260256384171E+02
 -0.2150869823984E+02
 -0.2024155995022E+02
 -0.1936018911608E+02
 -0.2050850448374E+02
 -0.2154939892365E+02
 -0.2251360501120E+02
 -0.2119242100779E+02
 -0.1866286879232E+02
  0.0000000000000E+00
  0.0000000000000E+00
  0.0000000000000E+00
 -0.1794479348623E+02
 -0.2090195729131E+02
 -0.2179397724416E+02
 -0.2189236364358E+02
 -0.2196922026090E+02
 -0.1856943095948E+02
 -0.1440069256814E+02
 -0.1614385740349E+02
  0.0000000000000E+00
 -0.1398625913539E+02
 -0.1719499504873E+02
 -0.1600034751171E+02
 -0.1667716972700E+02
 -0.1641670365624E+02
 -0.1566094612021E+02
 -0.1529180482061E+02
 -0.1587690222038E+02
 -0.2347257017648E+02
 -0.2468478179757E+02
 -0.2549457939552E+02
 -0.2592242446946E+02
 -0.2601892818755E+02
 -0.2583568922505E+02
 -0.2536489458180E+02
 -0.2419133280414E+02
 -0.2190334089075E+02
 -0.1997322299780E+02
 -0.1893274572641E+02
 -0.1897792192739E+02
 -0.2080941651214E+02
 -0.2006808234757E+02
 -0.2341918961461E+02
 -0.1917231265005E+02
  0.0000000000000E+00
  0.0000000000000E+00
  0.0000000000000E+00
 -0.1977579833020E+02
 -0.2252363442095E+02
 -0.2367158510523E+02
 -0.2247946937972E+02
 -0.2262181073618E+02
 -0.2036876616808E+02
 -0.2022435731109E+02
 -0.1995437512869E+02
  0.0000000000000E+00
  0.0000000000000E+00
 -0.1650441467779E+02
 -0.1914645662877E+02
 -0.1812540049147E+02
 -0.1856123322172E+02
 -0.1885187459001E+02
 -0.2066864958770E+02
 -0.2225228992611E+02
 -0.2615243986471E+02
 -0.2659132931433E+02
 -0.2675606488487E+02
 -0.2671982270932E+02
 -0.2656817698006E+02
 -0.2631524256863E+02
 -0.2601320851698E+02
 -0.2583893876060E+02
 -0.2582972887589E+02
 -0.2585005391091E+02
 -0.2558742188164E+02
 -0.2508393670337E+02
 -0.2420853830773E+02
 -0.1047517737032E+02
 -0.2668739673997E+02
 -0.2439472511643E+02
  0.0000000000000E+00
  0.0000000000000E+00
  0.0000000000000E+00
 -0.1745250522042E+02
 -0.2230458286807E+02
 -0.2120250339192E+02
 -0.1915358928224E+02
 -0.2057739026516E+02
 -0.2105314835727E+02
 -0.2086860882359E+02
 -0.1824323586827E+02
 -0.1348102424550E+02
  0.0000000000000E+00
 -0.1787256239381E+02
 -0.2106673249364E+02
 -0.2052977083733E+02
 -0.2173330666888E+02
 -0.2307252471667E+02
 -0.2449239891284E+02
 -0.2547556886585E+02
 -0.2603035581903E+02
 -0.2569676655436E+02
 -0.2523575794249E+02
 -0.2488822205948E+02
 -0.2452615018271E+02
 -0.2396027326633E+02
 -0.2327429554959E+02
 -0.2291506795464E+02
 -0.2317667306583E+02
 -0.2382474989882E+02
 -0.2442804099478E+02
 -0.2495425202477E+02
 -0.2571955313070E+02
 -0.2287090562718E+02
 -0.2389919966663E+02
 -0.2571641822725E+02
  0.0000000000000E+00
  0.0000000000000E+00
  0.0000000000000E+00
 -0.2365924599338E+02
 -0.2525100846346E+02
 -0.1791965903408E+02
 -0.2286726841563E+02
 -0.1441167681136E+02
 -0.1084365114259E+02
 -0.1408304673930E+02
 -0.1663920348819E+02
 -0.2150478593639E+02
  0.0000000000000E+00
 -0.1564895681795E+02
 -0.2063342508588E+02
 -0.2067178958289E+02
 -0.2198884732315E+02
 -0.2390963411273E+02
 -0.2534178648387E+02
 -0.2595902836342E+02
 -0.2047884202723E+02
 -0.2016379701598E+02
 -0.1987445643121E+02
 -0.1949292269072E+02
 -0.1894719205613E+02
 -0.1812177141916E+02
 -0.1713831164324E+02
 -0.1648254152437E+02
 -0.1638715367013E+02
 -0.1687154715285E+02
 -0.1776623200119E+02
 -0.1919291634676E+02
 -0.2229645060466E+02
 -0.2747060647102E+02
 -0.1942484327805E+02
 -0.1982404157068E+02
  0.0000000000000E+00
  0.0000000000000E+00
  0.0000000000000E+00
 -0.2609647057080E+02
 -0.2715217081312E+02
 -0.2678664435303E+02
 -0.2615063010290E+02
 -0.2488782534564E+02
 -0.2253628225149E+02
 -0.2355426676957E+02
 -0.2426584191072E+02
 -0.2341628115059E+02
 -0.1870528272922E+02
 -0.2149898237547E+02
 -0.1978694243264E+02
 -0.1842802576096E+02
 -0.1871161691225E+02
 -0.2057082649329E+02
 -0.2130147198966E+02
 -0.2090847494948E+02
 -0.2487011831319E+02
 -0.2471831247606E+02
 -0.2465108093930E+02
 -0.2457618370431E+02
 -0.2453335958327E+02
 -0.2439639621508E+02
 -0.2409073883148E+02
 -0.2379131911697E+02
 -0.2347763742540E+02
 -0.2304637074331E+02
 -0.2234982335038E+02
 -0.2168620306308E+02
 -0.2369584927412E+02
 -0.2641462748773E+02
 -0.2829710249955E+02
 -0.1995027880417E+02
  0.0000000000000E+00
  0.0000000000000E+00
  0.0000000000000E+00
 -0.2693496901948E+02
 -0.2544184340156E+02
 -0.2772805588265E+02
  0.0000000000000E+00
 -0.2516698650571E+02
 -0.2615273516928E+02
 -0.2650430124294E+02
 -0.2497403790422E+02
 -0.2291304369479E+02
 -0.2178539134450E+02
 -0.2450484971551E+02
 -0.2397296699856E+02
 -0.2240702663264E+02
 -0.2282022228220E+02
 -0.2422920141709E+02
 -0.2487635087583E+02
 -0.2500770170363E+02
 -0.2930634631133E+02
 -0.2929032464785E+02
 -0.2908730726923E+02
 -0.2877644803963E+02
 -0.2838817622096E+02
 -0.2809428531495E+02
 -0.2802654850539E+02
 -0.2826875865458E+02
 -0.2865388908487E+02
 -0.2903646930026E+02
 -0.2933127192336E+02
 -0.2924606654663E+02
 -0.2793955538550E+02
 -0.2155034533386E+02
 -0.2314188482248E+02
 -0.2757822556491E+02
 -0.1313328102539E+02
 -0.1501105028903E+02
 -0.2227095494578E+02
 -0.2970433301594E+02
 -0.2632305065313E+02
 -0.2660438154203E+02
  0.0000000000000E+00
 -0.2529708606623E+02
 -0.2399582114046E+02
 -0.2457328359020E+02
 -0.2475428003114E+02
 -0.2206061745763E+02
 -0.2145813422161E+02
 -0.2438600200817E+02
 -0.2512825465555E+02
 -0.2540683737914E+02
 -0.2570317735870E+02
 -0.2740683986295E+02
 -0.2847703653326E+02
 -0.2907980503335E+02
 -0.2866835800748E+02
 -0.2986530002198E+02
 -0.3121472007650E+02
 -0.3224608566819E+02
 -0.3257116351476E+02
 -0.3241827731210E+02
 -0.3199411919658E+02
 -0.3183530413255E+02
 -0.3203681680128E+02
 -0.3237782343555E+02
 -0.3267419081142E+02
 -0.3261277555965E+02
 -0.3128122427662E+02
 -0.2723438781429E+02
 -0.1924275001816E+02
 -0.1292409871858E+02
 -0.2133476643985E+02
 -0.2543406056977E+02
 -0.2818787590648E+02
 -0.3074324124390E+02
 -0.3041989941935E+02
  0.0000000000000E+00
 -0.2709183768170E+02
 -0.2589080396540E+02
 -0.2417741997003E+02
 -0.2480492707512E+02
 -0.2467188350844E+02
 -0.2352257620404E+02
 -0.2116848316458E+02
 -0.2013244144920E+02
 -0.2050702186465E+02
 -0.2225584692521E+02
 -0.2361106047164E+02
 -0.2485908010129E+02
 -0.2627111011036E+02
 -0.2761389699017E+02
 -0.2748070343422E+02
 -0.2812700925006E+02
 -0.2921357982030E+02
 -0.3085395143215E+02
 -0.3275740636154E+02
 -0.3431373617633E+02
 -0.3509820204361E+02
 -0.3501469906994E+02
 -0.3473344804035E+02
 -0.3473263716768E+02
 -0.3485591773096E+02
 -0.3474884184465E+02
 -0.3410707810503E+02
 -0.3251264755991E+02
 -0.3004143294294E+02
 -0.2954368049785E+02
 -0.3188655492498E+02
 -0.3131940215486E+02
 -0.3122569807280E+02
 -0.3160051763595E+02
 -0.3074610584515E+02
  0.0000000000000E+00
 -0.2536099941593E+02
 -0.2769309029525E+02
 -0.2658481394167E+02
 -0.2705935449433E+02
 -0.2668417959962E+02
 -0.2585775314164E+02
 -0.2421782700759E+02
 -0.2382466940235E+02
 -0.2360260131013E+02
 -0.2388913322769E+02
 -0.2478366970114E+02
 -0.2596586169394E+02
 -0.2626965744493E+02
 -0.2696685829149E+02
 -0.3112450755926E+02
 -0.3143726904896E+02
 -0.3170605827018E+02
 -0.3209639165359E+02
 -0.3306289718736E+02
 -0.3448918277460E+02
 -0.3593963128942E+02
 -0.3682386865570E+02
 -0.3702185575494E+02
 -0.3681371538190E+02
 -0.3668500239946E+02
 -0.3662517443110E+02
 -0.3648802457405E+02
 -0.3638185795510E+02
 -0.3630220677142E+02
 -0.3570994960458E+02
 -0.3500670325001E+02
 -0.3410672831764E+02
 -0.3494605885319E+02
 -0.3598505699400E+02
 -0.3464394318098E+02
 -0.2382642316584E+02
 -0.3351436952066E+02
 -0.3116431916071E+02
 -0.3037007985567E+02
 -0.2974746650305E+02
 -0.2924492265440E+02
 -0.2887102832203E+02
 -0.2872365875362E+02
 -0.2883618844412E+02
 -0.2900363062301E+02
 -0.2940593506218E+02
 -0.2995499433481E+02
 -0.3028641902369E+02
 -0.3043910246685E+02
 -0.3080570112532E+02
 -0.3415500388750E+02
 -0.3437076820140E+02
 -0.3466037159907E+02
 -0.3508516418529E+02
 -0.3567334232674E+02
 -0.3636383804592E+02
 -0.3707058644461E+02
 -0.3782822486132E+02
 -0.3845551949090E+02
 -0.3860483494397E+02
 -0.3846614192943E+02
 -0.3838530505383E+02
 -0.3841143891763E+02
 -0.3832956553612E+02
 -0.3792353630869E+02
 -0.3744566374605E+02
 -0.3688899745275E+02
 -0.3696406891601E+02
 -0.3795646333176E+02
 -0.3862340421853E+02
 -0.3911042457264E+02
 -0.3381437934628E+02
 -0.3409529862103E+02
 -0.3282485481707E+02
 -0.3204915631117E+02
 -0.3155126717191E+02
 -0.3143351870883E+02
 -0.3137540179820E+02
 -0.3149670583802E+02
 -0.3170198956127E+02
 -0.3200583270349E+02
 -0.3246337780202E+02
 -0.3297701365874E+02
 -0.3332937561648E+02
 -0.3366017106905E+02
 -0.3394669900379E+02
 -0.3622264004634E+02
 -0.3638328356924E+02
 -0.3661082238650E+02
 -0.3698961642709E+02
 -0.3742132019283E+02
 -0.3787591422720E+02
 -0.3836783824691E+02
 -0.3891890302484E+02
 -0.3941263315386E+02
 -0.3964571670656E+02
 -0.3961860483300E+02
 -0.3950714256153E+02
 -0.3950618475065E+02
 -0.3925724803920E+02
 -0.3850216022888E+02
 -0.3773916003883E+02
 -0.3757696691685E+02
 -0.3876388530502E+02
 -0.3993860335082E+02
 -0.4093429630397E+02
 -0.4110609424461E+02
 -0.2106405263405E+02
 -0.2792059449104E+02
 -0.3096755834185E+02
 -0.3198061207467E+02
 -0.3227641990997E+02
 -0.3259374190439E+02
 -0.3285117269749E+02
 -0.3322895422944E+02
 -0.3358626803831E+02
 -0.3395456645844E+02
 -0.3442332128706E+02
 -0.3493051840853E+02
 -0.3535023288289E+02
 -0.3574710384084E+02
 -0.3603035966893E+02
 -0.3570702942045E+02
 -0.3596296505605E+02
 -0.3629755680187E+02
 -0.3680754072265E+02
 -0.3727254311621E+02
 -0.3766460851116E+02
 -0.3799108308148E+02
 -0.3821264014276E+02
 -0.3824205601922E+02
 -0.3788664875463E+02
 -0.3665251523789E+02
 -0.3423229923483E+02
 -0.3131817846955E+02
 -0.3129855038301E+02
 -0.3376573868041E+02
 -0.3515934545901E+02
 -0.3738929956989E+02
 -0.4006132900412E+02
 -0.4354906239711E+02
 -0.4546854217506E+02
 -0.4537997321563E+02
 -0.5238583326388E+02
 -0.4671430642841E+02
 -0.3783091470145E+02
 -0.3306297114947E+02
 -0.3219171568465E+02
 -0.3166308408227E+02
 -0.3110258173596E+02
 -0.3117286099502E+02
 -0.3194451630546E+02
 -0.3283997539329E+02
 -0.3369301894932E+02
 -0.3438704696976E+02
 -0.3496803500054E+02
 -0.3537375915514E+02
 -0.3555237599444E+02
 -0.3532779583017E+02
 -0.3474383466450E+02
 -0.3427984540264E+02
 -0.3476731234760E+02
 -0.3512810218203E+02
 -0.3525663659892E+02
 -0.3524233172987E+02
 -0.3494981194041E+02
 -0.3424391438082E+02
 -0.3443917127561E+02
 -0.3624630743314E+02
 -0.3854544017443E+02
 -0.3992374872993E+02
 -0.4055158962179E+02
 -0.4270082112050E+02
 -0.4500023341660E+02
 -0.4570346780933E+02
 -0.4612035095281E+02
  0.0000000000000E+00
  0.0000000000000E+00
  0.0000000000000E+00
 -0.4810041695444E+02
 -0.6152106141610E+02
 -0.5399257021526E+02
 -0.4497289115835E+02
 -0.3993978394521E+02
 -0.3794722166331E+02
 -0.3676120475190E+02
 -0.3622461275839E+02
 -0.3559137162692E+02
 -0.3503833438152E+02
 -0.3482378429823E+02
 -0.3510644162998E+02
 -0.3565033849176E+02
 -0.3602401392083E+02
 -0.3590071094128E+02
 -0.3967801812130E+02
 -0.4040995741820E+02
 -0.4082743817808E+02
 -0.4081992356492E+02
 -0.4086461022354E+02
 -0.4112869705205E+02
 -0.4150325710865E+02
 -0.4178933985008E+02
 -0.4203378926813E+02
 -0.4185140447004E+02
 -0.4101032041399E+02
 -0.3954346152664E+02
 -0.3752008808973E+02
 -0.3566537836893E+02
 -0.3742557502873E+02
 -0.4265221630504E+02
 -0.4787527978930E+02
 -0.4841028733468E+02
  0.0000000000000E+00
  0.0000000000000E+00
  0.0000000000000E+00
 -0.4419372463748E+02
 -0.6014558126661E+02
 -0.5896569832163E+02
 -0.5422222653309E+02
 -0.4917149102987E+02
 -0.4446608148068E+02
 -0.4029091632615E+02
 -0.3710105239249E+02
 -0.3615242679862E+02
 -0.3555274014707E+02
 -0.3700475470346E+02
 -0.3687113193715E+02
 -0.3711502451842E+02
 -0.3778083625032E+02
 -0.3870143760360E+02
 -0.3468065973645E+02
 -0.3456914292772E+02
 -0.3427231069536E+02
 -0.3643758416934E+02
 -0.3722915443634E+02
 -0.3767136864916E+02
 -0.3804125314877E+02
 -0.3841814213753E+02
 -0.3868297645402E+02
 -0.3862680143664E+02
 -0.3810536295471E+02
 -0.3703777928769E+02
 -0.3516790871348E+02
 -0.3271760859622E+02
 -0.3270099720714E+02
 -0.3974236598878E+02
 -0.4719895224974E+02
 -0.5701932767892E+02
  0.0000000000000E+00
  0.0000000000000E+00
  0.0000000000000E+00
 -0.3979663146340E+02
 -0.4981829332952E+02
 -0.4966005706126E+02
 -0.5023088631842E+02
 -0.5007283101705E+02
 -0.4842147798009E+02
 -0.4686359438175E+02
 -0.4497728026771E+02
 -0.4280204919711E+02
 -0.4073354728652E+02
 -0.3898018501529E+02
 -0.3756258492606E+02
 -0.3637108537763E+02
 -0.3540788644637E+02
 -0.3488095175151E+02
 -0.3979823666685E+02
 -0.3941356912930E+02
 -0.3894046593657E+02
 -0.3827744272125E+02
 -0.3766883187404E+02
 -0.3725074981342E+02
 -0.3713005823808E+02
 -0.3737759099126E+02
 -0.3792633036850E+02
 -0.3825829483512E+02
 -0.3838040658758E+02
 -0.3800574353699E+02
 -0.3693468072847E+02
 -0.3557794834741E+02
 -0.3388332085901E+02
 -0.3770164499582E+02
 -0.4490309877052E+02
 -0.6407274714893E+02
 -0.5599437976424E+02
 -0.4825250614334E+02
 -0.3846296116397E+02
 -0.3481028314807E+02
 -0.3164235156292E+02
 -0.3253704172656E+02
 -0.3583509896165E+02
 -0.3762887176482E+02
 -0.4103453855157E+02
 -0.4338256673676E+02
 -0.4356754246290E+02
 -0.4407457444918E+02
 -0.4392823787760E+02
 -0.4332759230578E+02
 -0.4262397004873E+02
 -0.4196592485927E+02
 -0.4016586509720E+02
 -0.3986618849685E+02
 -0.4369529253038E+02
 -0.4223832951045E+02
 -0.4249104001519E+02
 -0.4270431111387E+02
 -0.4269788102248E+02
 -0.4261888152667E+02
 -0.4275680313175E+02
 -0.4308367967265E+02
 -0.4368477064905E+02
 -0.4231128449851E+02
 -0.4277077012107E+02
 -0.4324061132369E+02
 -0.4345487844725E+02
 -0.4333145266672E+02
 -0.4221276618770E+02
 -0.4138616265703E+02
 -0.4428791048610E+02
 -0.4946721191646E+02
 -0.4862340568816E+02
 -0.4453992523121E+02
 -0.3865718434545E+02
 -0.3275458539590E+02
 -0.2933811146659E+02
 -0.2869464573081E+02
 -0.2814908471728E+02
 -0.2866057732715E+02
 -0.3128755952635E+02
 -0.3403439546429E+02
 -0.3675557608467E+02
 -0.3861041847582E+02
 -0.3978964630398E+02
 -0.4025270539288E+02
 -0.4040581662833E+02
 -0.4187065050813E+02
 -0.4273822121178E+02
 -0.4320026304700E+02
 -0.3971159419035E+02
 -0.4086221680002E+02
 -0.4154647743578E+02
 -0.4198065811045E+02
 -0.4199308534635E+02
 -0.4197583419413E+02
 -0.4227577828812E+02
 -0.4233863364618E+02
 -0.4175450612368E+02
 -0.4160911830320E+02
 -0.4255567142378E+02
 -0.4336803664891E+02
 -0.4389185054375E+02
 -0.4400769020888E+02
 -0.4353442019599E+02
 -0.4179919539287E+02
 -0.4248236876562E+02
 -0.4638219150152E+02
 -0.4598911032305E+02
 -0.4430372095737E+02
 -0.3895069028600E+02
 -0.3714462061903E+02
 -0.3449153100435E+02
 -0.3229237501548E+02
 -0.3019458335490E+02
 -0.2845690125957E+02
 -0.2764383824516E+02
 -0.2860238187024E+02
 -0.3072840928427E+02
 -0.3278326134195E+02
 -0.3466106619365E+02
 -0.3619094324163E+02
 -0.3716249895790E+02
 -0.3820847955416E+02
 -0.3927478709590E+02
 -0.3903903344758E+02
 -0.3068201161916E+02
 -0.3071475472912E+02
 -0.3065753869901E+02
 -0.3056446987883E+02
 -0.2993590214629E+02
 -0.2976086954948E+02
 -0.2968566274977E+02
 -0.2969816954242E+02
 -0.2978242872960E+02
 -0.2997752192566E+02
 -0.3033313194574E+02
 -0.3052911922856E+02
 -0.3026864834953E+02
 -0.3042300855277E+02
 -0.3050721176628E+02
 -0.3043253572563E+02
 -0.3042963101792E+02
 -0.3048223593254E+02
 -0.3065201688661E+02
 -0.3089453266278E+02
 -0.3111698356053E+02
 -0.3115935712619E+02
 -0.3101384836733E+02
 -0.3087643072347E+02
 -0.3074459592902E+02
 -0.3071631838765E+02
 -0.3095968365833E+02
 -0.3097648842977E+02
 -0.3082565701311E+02
 -0.3060485209264E+02
 -0.3035012636262E+02
 -0.3014657794760E+02
 -0.3010430812393E+02
 -0.3019591401355E+02
 -0.3038884729432E+02
 -0.3056564320846E+02
 -0.6910472586386E+01
 -0.6803476519199E+01
 -0.6634101619585E+01
 -0.6769735545181E+01
 -0.0000000000000E+00
 -0.0000000000000E+00
 -0.0000000000000E+00
 -0.0000000000000E+00
 -0.5553219505102E+01
 -0.0000000000000E+00
 -0.0000000000000E+00
 -0.4004314616463E+02
 -0.3984470290981E+02
 -0.3979686137625E+02
 -0.3987916918919E+02
 -0.4010997567315E+02
 -0.4055751314031E+02
 -0.4128896138138E+02
 -0.0000000000000E+00
 -0.9371857961521E+01
 -0.6378576433068E+01
 -0.5050718979845E+01
 -0.5231502876592E-01
 -0.4261193921427E-01
 -0.3369987054590E-01
 -0.2518561964309E-01
 -0.0000000000000E+00
 -0.0000000000000E+00
 -0.0000000000000E+00
 -0.0000000000000E+00
 -0.0000000000000E+00
 -0.0000000000000E+00
 -0.0000000000000E+00
 -0.0000000000000E+00
 -0.0000000000000E+00
 -0.0000000000000E+00
  0.0000000000000E+00
  0.1470892092902E+03
  0.1280630108343E+03
  0.1151804669050E+03
  0.1209668826219E+03
  0.0000000000000E+00
  0.1003718812860E+03
  0.1125104289363E+03
  0.1486080228936E+03
  0.1450934513575E+03
  0.2170391965990E+03
  0.2170391965990E+03
  0.0000000000000E+00
  0.0000000000000E+00
  0.0000000000000E+00
  0.0000000000000E+00
  0.0000000000000E+00
  0.0000000000000E+00
  0.0000000000000E+00
  0.0000000000000E+00
  0.0000000000000E+00
  0.0000000000000E+00
  0.0000000000000E+00
  0.0000000000000E+00
  0.0000000000000E+00
  0.0000000000000E+00
  0.0000000000000E+00
  0.0000000000000E+00
  0.0000000000000E+00
  0.0000000000000E+00
  0.0000000000000E+00
  0.2170391965990E+03
  0.2170391965990E+03
  0.2170391965990E+03
  0.2170391965990E+03
  0.2170391965990E+03
  0.2109615065598E+03
  0.0000000000000E+00
  0.0000000000000E+00
  0.0000000000000E+00
  0.2109615065598E+03
  0.2109615065598E+03
  0.2109615065598E+03
  0.2109615065598E+03
  0.2109615065598E+03
  0.0000000000000E+00
  0.2109615065598E+03
  0.2109615065598E+03
  0.2109615065598E+03
  0.2109615065598E+03
  0.2109615065598E+03
  0.0000000000000E+00
  0.0000000000000E+00
  0.0000000000000E+00
  0.0000000000000E+00
  0.0000000000000E+00
  0.0000000000000E+00
  0.0000000000000E+00
  0.0000000000000E+00
  0.0000000000000E+00
  0.0000000000000E+00
  0.0000000000000E+00
  0.0000000000000E+00
  0.0000000000000E+00
  0.0000000000000E+00
  0.0000000000000E+00
  0.0000000000000E+00
  0.0000000000000E+00
  0.2109615065598E+03
  0.2109615065598E+03
  0.2109615065598E+03
  0.2109615065598E+03
  0.2131572896140E+03
  0.2131572896140E+03
  0.2131572896140E+03
  0.2131572896140E+03
  0.2131572896140E+03
  0.2131572896140E+03
  0.2131572896140E+03
  0.2131572896140E+03
  0.2131572896140E+03
  0.2131572896140E+03
  0.0000000000000E+00
  0.2131572896140E+03
  0.2131572896140E+03
  0.2131572896140E+03
  0.2131572896140E+03
  0.0000000000000E+00
  0.0000000000000E+00
  0.0000000000000E+00
  0.0000000000000E+00
  0.0000000000000E+00
  0.0000000000000E+00
  0.0000000000000E+00
  0.0000000000000E+00
  0.0000000000000E+00
  0.0000000000000E+00
  0.0000000000000E+00
  0.0000000000000E+00
  0.0000000000000E+00
  0.0000000000000E+00
  0.0000000000000E+00
  0.0000000000000E+00
  0.0000000000000E+00
  0.2131572896140E+03
  0.2131572896140E+03
  0.2131572896140E+03
  0.2131572896140E+03
  0.2206824528005E+03
  0.2206824528005E+03
  0.2206824528005E+03
  0.2206824528005E+03
  0.2206824528005E+03
  0.2206824528005E+03
  0.2206824528005E+03
  0.2206824528005E+03
  0.2206824528005E+03
  0.2206824528005E+03
  0.2206824528005E+03
  0.2206824528005E+03
  0.0000000000000E+00
  0.0000000000000E+00
  0.0000000000000E+00
  0.0000000000000E+00
  0.0000000000000E+00
  0.0000000000000E+00
  0.0000000000000E+00
  0.0000000000000E+00
  0.0000000000000E+00
  0.0000000000000E+00
  0.0000000000000E+00
  0.0000000000000E+00
  0.0000000000000E+00
  0.0000000000000E+00
  0.0000000000000E+00
  0.0000000000000E+00
  0.0000000000000E+00
  0.0000000000000E+00
  0.0000000000000E+00
  0.0000000000000E+00
  0.2206824528005E+03
  0.2206824528005E+03
  0.2206824528005E+03
  0.2206824528005E+03
  0.2287092677260E+03
  0.2287092677260E+03
  0.2287092677260E+03
  0.2287092677260E+03
  0.2287092677260E+03
  0.2287092677260E+03
  0.2287092677260E+03
  0.2287092677260E+03
  0.2287092677260E+03
  0.2287092677260E+03
  0.2287092677260E+03
  0.2287092677260E+03
  0.0000000000000E+00
  0.0000000000000E+00
  0.0000000000000E+00
  0.0000000000000E+00
  0.0000000000000E+00
  0.0000000000000E+00
  0.0000000000000E+00
  0.0000000000000E+00
  0.0000000000000E+00
  0.2287092677260E+03
  0.2287092677260E+03
  0.0000000000000E+00
  0.0000000000000E+00
  0.0000000000000E+00
  0.0000000000000E+00
  0.0000000000000E+00
  0.0000000000000E+00
  0.0000000000000E+00
  0.0000000000000E+00
  0.0000000000000E+00
  0.2287092677260E+03
  0.2287092677260E+03
  0.2287092677260E+03
  0.2287092677260E+03
  0.2389200812589E+03
  0.2389200812589E+03
  0.2389200812589E+03
  0.2389200812589E+03
  0.2389200812589E+03
  0.2389200812589E+03
  0.2389200812589E+03
  0.2389200812589E+03
  0.2389200812589E+03
  0.2389200812589E+03
  0.2389200812589E+03
  0.2389200812589E+03
  0.2389200812589E+03
  0.0000000000000E+00
  0.0000000000000E+00
  0.0000000000000E+00
  0.0000000000000E+00
  0.0000000000000E+00
  0.0000000000000E+00
  0.0000000000000E+00
  0.2389200812589E+03
  0.2389200812589E+03
  0.2389200812589E+03
  0.0000000000000E+00
  0.0000000000000E+00
  0.0000000000000E+00
  0.0000000000000E+00
  0.2389200812589E+03
  0.2389200812589E+03
  0.0000000000000E+00
  0.0000000000000E+00
  0.0000000000000E+00
  0.2389200812589E+03
  0.2389200812589E+03
  0.2389200812589E+03
  0.2389200812589E+03
  0.2489552920568E+03
  0.2489552920568E+03
  0.2489552920568E+03
  0.2489552920568E+03
  0.2489552920568E+03
  0.2489552920568E+03
  0.2489552920568E+03
  0.2489552920568E+03
  0.2489552920568E+03
  0.2489552920568E+03
  0.2489552920568E+03
  0.2489552920568E+03
  0.2489552920568E+03
  0.0000000000000E+00
  0.0000000000000E+00
  0.0000000000000E+00
  0.0000000000000E+00
  0.0000000000000E+00
  0.0000000000000E+00
  0.2489552920568E+03
  0.2489552920568E+03
  0.2489552920568E+03
  0.2489552920568E+03
  0.0000000000000E+00
  0.0000000000000E+00
  0.0000000000000E+00
  0.2489552920568E+03
  0.2489552920568E+03
  0.2489552920568E+03
  0.0000000000000E+00
  0.0000000000000E+00
  0.0000000000000E+00
  0.2489552920568E+03
  0.2489552920568E+03
  0.2489552920568E+03
  0.2489552920568E+03
  0.2576752813946E+03
  0.2576752813946E+03
  0.2576752813946E+03
  0.2576752813946E+03
  0.2576752813946E+03
  0.2576752813946E+03
  0.2576752813946E+03
  0.2576752813946E+03
  0.2576752813946E+03
  0.2576752813946E+03
  0.2576752813946E+03
  0.2576752813946E+03
  0.2576752813946E+03
  0.2576752813946E+03
  0.2576752813946E+03
  0.0000000000000E+00
  0.0000000000000E+00
  0.2576752813946E+03
  0.2576752813946E+03
  0.2576752813946E+03
  0.2576752813946E+03
  0.2576752813946E+03
  0.2576752813946E+03
  0.2576752813946E+03
  0.2576752813946E+03
  0.2576752813946E+03
  0.2576752813946E+03
  0.2576752813946E+03
  0.2576752813946E+03
  0.0000000000000E+00
  0.0000000000000E+00
  0.0000000000000E+00
  0.2576752813946E+03
  0.2576752813946E+03
  0.2576752813946E+03
  0.2576752813946E+03
  0.2646828351077E+03
  0.2646828351077E+03
  0.2646828351077E+03
  0.2646828351077E+03
  0.2646828351077E+03
  0.2646828351077E+03
  0.2646828351077E+03
  0.2646828351077E+03
  0.2646828351077E+03
  0.2646828351077E+03
  0.2646828351077E+03
  0.2646828351077E+03
  0.2646828351077E+03
  0.2646828351077E+03
  0.2646828351077E+03
  0.0000000000000E+00
  0.0000000000000E+00
  0.2646828351077E+03
  0.2646828351077E+03
  0.2646828351077E+03
  0.2646828351077E+03
  0.2646828351077E+03
  0.2646828351077E+03
  0.2646828351077E+03
  0.2646828351077E+03
  0.2646828351077E+03
  0.2646828351077E+03
  0.2646828351077E+03
  0.2646828351077E+03
  0.0000000000000E+00
  0.0000000000000E+00
  0.0000000000000E+00
  0.2646828351077E+03
  0.2646828351077E+03
  0.2646828351077E+03
  0.2646828351077E+03
  0.2670090652191E+03
  0.2670090652191E+03
  0.2670090652191E+03
  0.2670090652191E+03
  0.2670090652191E+03
  0.2670090652191E+03
  0.2670090652191E+03
  0.2670090652191E+03
  0.2670090652191E+03
  0.2670090652191E+03
  0.2670090652191E+03
  0.2670090652191E+03
  0.2670090652191E+03
  0.2670090652191E+03
  0.2670090652191E+03
  0.2670090652191E+03
  0.0000000000000E+00
  0.2670090652191E+03
  0.2670090652191E+03
  0.0000000000000E+00
  0.2670090652191E+03
  0.2670090652191E+03
  0.2670090652191E+03
  0.2670090652191E+03
  0.2670090652191E+03
  0.2670090652191E+03
  0.2670090652191E+03
  0.2670090652191E+03
  0.2670090652191E+03
  0.0000000000000E+00
  0.0000000000000E+00
  0.0000000000000E+00
  0.2670090652191E+03
  0.2670090652191E+03
  0.2670090652191E+03
  0.2670090652191E+03
  0.2681004848273E+03
  0.2681004848273E+03
  0.2681004848273E+03
  0.2681004848273E+03
  0.2681004848273E+03
  0.2681004848273E+03
  0.2681004848273E+03
  0.2681004848273E+03
  0.2681004848273E+03
  0.2681004848273E+03
  0.2681004848273E+03
  0.2681004848273E+03
  0.2681004848273E+03
  0.0000000000000E+00
  0.2681004848273E+03
  0.2681004848273E+03
  0.0000000000000E+00
  0.0000000000000E+00
  0.2681004848273E+03
  0.2681004848273E+03
  0.2681004848273E+03
  0.2681004848273E+03
  0.2681004848273E+03
  0.2681004848273E+03
  0.2681004848273E+03
  0.2681004848273E+03
  0.2681004848273E+03
  0.2681004848273E+03
  0.2681004848273E+03
  0.2681004848273E+03
  0.0000000000000E+00
  0.0000000000000E+00
  0.2681004848273E+03
  0.2681004848273E+03
  0.2681004848273E+03
  0.2681004848273E+03
  0.2653105705118E+03
  0.2653105705118E+03
  0.2653105705118E+03
  0.2653105705118E+03
  0.2653105705118E+03
  0.2653105705118E+03
  0.2653105705118E+03
  0.2653105705118E+03
  0.2653105705118E+03
  0.2653105705118E+03
  0.2653105705118E+03
  0.2653105705118E+03
  0.2653105705118E+03
  0.2653105705118E+03
  0.2653105705118E+03
  0.2653105705118E+03
  0.0000000000000E+00
  0.0000000000000E+00
  0.2653105705118E+03
  0.2653105705118E+03
  0.2653105705118E+03
  0.2653105705118E+03
  0.2653105705118E+03
  0.2653105705118E+03
  0.0000000000000E+00
  0.2653105705118E+03
  0.2653105705118E+03
  0.2653105705118E+03
  0.2653105705118E+03
  0.2653105705118E+03
  0.0000000000000E+00
  0.0000000000000E+00
  0.2653105705118E+03
  0.2653105705118E+03
  0.2653105705118E+03
  0.2653105705118E+03
  0.2586607012871E+03
  0.2586607012871E+03
  0.2586607012871E+03
  0.2586607012871E+03
  0.2586607012871E+03
  0.2586607012871E+03
  0.2586607012871E+03
  0.2586607012871E+03
  0.2586607012871E+03
  0.2586607012871E+03
  0.2586607012871E+03
  0.2586607012871E+03
  0.2586607012871E+03
  0.2586607012871E+03
  0.2586607012871E+03
  0.2586607012871E+03
  0.0000000000000E+00
  0.0000000000000E+00
  0.2586607012871E+03
  0.2586607012871E+03
  0.2586607012871E+03
  0.2586607012871E+03
  0.2586607012871E+03
  0.2586607012871E+03
  0.0000000000000E+00
  0.0000000000000E+00
  0.0000000000000E+00
  0.2586607012871E+03
  0.2586607012871E+03
  0.2586607012871E+03
  0.0000000000000E+00
  0.0000000000000E+00
  0.2586607012871E+03
  0.2586607012871E+03
  0.2586607012871E+03
  0.2586607012871E+03
  0.2487920462633E+03
  0.2487920462633E+03
  0.2487920462633E+03
  0.2487920462633E+03
  0.2487920462633E+03
  0.2487920462633E+03
  0.2487920462633E+03
  0.2487920462633E+03
  0.2487920462633E+03
  0.2487920462633E+03
  0.2487920462633E+03
  0.2487920462633E+03
  0.2487920462633E+03
  0.2487920462633E+03
  0.2487920462633E+03
  0.2487920462633E+03
  0.0000000000000E+00
  0.0000000000000E+00
  0.0000000000000E+00
  0.2487920462633E+03
  0.2487920462633E+03
  0.2487920462633E+03
  0.2487920462633E+03
  0.2487920462633E+03
  0.2487920462633E+03
  0.0000000000000E+00
  0.0000000000000E+00
  0.0000000000000E+00
  0.2487920462633E+03
  0.2487920462633E+03
  0.0000000000000E+00
  0.0000000000000E+00
  0.2487920462633E+03
  0.2487920462633E+03
  0.2487920462633E+03
  0.2487920462633E+03
  0.2395023963687E+03
  0.2395023963687E+03
  0.2395023963687E+03
  0.2395023963687E+03
  0.2395023963687E+03
  0.2395023963687E+03
  0.2395023963687E+03
  0.2395023963687E+03
  0.2395023963687E+03
  0.2395023963687E+03
  0.2395023963687E+03
  0.2395023963687E+03
  0.2395023963687E+03
  0.2395023963687E+03
  0.2395023963687E+03
  0.2395023963687E+03
  0.0000000000000E+00
  0.0000000000000E+00
  0.0000000000000E+00
  0.2395023963687E+03
  0.2395023963687E+03
  0.2395023963687E+03
  0.2395023963687E+03
  0.2395023963687E+03
  0.2395023963687E+03
  0.2395023963687E+03
  0.0000000000000E+00
  0.0000000000000E+00
  0.2395023963687E+03
  0.2395023963687E+03
  0.0000000000000E+00
  0.2395023963687E+03
  0.2395023963687E+03
  0.2395023963687E+03
  0.2395023963687E+03
  0.2395023963687E+03
  0.2335137264834E+03
  0.2335137264834E+03
  0.2335137264834E+03
  0.2335137264834E+03
  0.2335137264834E+03
  0.2335137264834E+03
  0.2335137264834E+03
  0.2335137264834E+03
  0.2335137264834E+03
  0.2335137264834E+03
  0.2335137264834E+03
  0.2335137264834E+03
  0.2335137264834E+03
  0.2335137264834E+03
  0.2335137264834E+03
  0.2335137264834E+03
  0.0000000000000E+00
  0.0000000000000E+00
  0.0000000000000E+00
  0.2335137264834E+03
  0.2335137264834E+03
  0.2335137264834E+03
  0.2335137264834E+03
  0.2335137264834E+03
  0.2335137264834E+03
  0.2335137264834E+03
  0.2335137264834E+03
  0.0000000000000E+00
  0.2335137264834E+03
  0.2335137264834E+03
  0.2335137264834E+03
  0.2335137264834E+03
  0.2335137264834E+03
  0.2335137264834E+03
  0.2335137264834E+03
  0.2335137264834E+03
  0.2318419429669E+03
  0.2318419429669E+03
  0.2318419429669E+03
  0.2318419429669E+03
  0.2318419429669E+03
  0.2318419429669E+03
  0.2318419429669E+03
  0.2318419429669E+03
  0.2318419429669E+03
  0.2318419429669E+03
  0.2318419429669E+03
  0.2318419429669E+03
  0.2318419429669E+03
  0.2318419429669E+03
  0.2318419429669E+03
  0.2318419429669E+03
  0.0000000000000E+00
  0.0000000000000E+00
  0.0000000000000E+00
  0.2318419429669E+03
  0.2318419429669E+03
  0.2318419429669E+03
  0.2318419429669E+03
  0.2318419429669E+03
  0.2318419429669E+03
  0.2318419429669E+03
  0.2318419429669E+03
  0.0000000000000E+00
  0.0000000000000E+00
  0.2318419429669E+03
  0.2318419429669E+03
  0.2318419429669E+03
  0.2318419429669E+03
  0.2318419429669E+03
  0.2318419429669E+03
  0.2318419429669E+03
  0.2278296286493E+03
  0.2278296286493E+03
  0.2278296286493E+03
  0.2278296286493E+03
  0.2278296286493E+03
  0.2278296286493E+03
  0.2278296286493E+03
  0.2278296286493E+03
  0.2278296286493E+03
  0.2278296286493E+03
  0.2278296286493E+03
  0.2278296286493E+03
  0.2278296286493E+03
  0.2278296286493E+03
  0.2278296286493E+03
  0.2278296286493E+03
  0.0000000000000E+00
  0.0000000000000E+00
  0.0000000000000E+00
  0.2278296286493E+03
  0.2278296286493E+03
  0.2278296286493E+03
  0.2278296286493E+03
  0.2278296286493E+03
  0.2278296286493E+03
  0.2278296286493E+03
  0.2278296286493E+03
  0.2278296286493E+03
  0.0000000000000E+00
  0.2278296286493E+03
  0.2278296286493E+03
  0.2278296286493E+03
  0.2278296286493E+03
  0.2278296286493E+03
  0.2278296286493E+03
  0.2278296286493E+03
  0.2205170765449E+03
  0.2205170765449E+03
  0.2205170765449E+03
  0.2205170765449E+03
  0.2205170765449E+03
  0.2205170765449E+03
  0.2205170765449E+03
  0.2205170765449E+03
  0.2205170765449E+03
  0.2205170765449E+03
  0.2205170765449E+03
  0.2205170765449E+03
  0.2205170765449E+03
  0.2205170765449E+03
  0.2205170765449E+03
  0.2205170765449E+03
  0.0000000000000E+00
  0.0000000000000E+00
  0.0000000000000E+00
  0.2205170765449E+03
  0.2205170765449E+03
  0.2205170765449E+03
  0.2205170765449E+03
  0.2205170765449E+03
  0.2205170765449E+03
  0.2205170765449E+03
  0.2205170765449E+03
  0.2205170765449E+03
  0.0000000000000E+00
  0.2205170765449E+03
  0.2205170765449E+03
  0.2205170765449E+03
  0.2205170765449E+03
  0.2205170765449E+03
  0.2205170765449E+03
  0.2205170765449E+03
  0.2102902105755E+03
  0.2102902105755E+03
  0.2102902105755E+03
  0.2102902105755E+03
  0.2102902105755E+03
  0.2102902105755E+03
  0.2102902105755E+03
  0.2102902105755E+03
  0.2102902105755E+03
  0.2102902105755E+03
  0.2102902105755E+03
  0.2102902105755E+03
  0.2102902105755E+03
  0.2102902105755E+03
  0.2102902105755E+03
  0.2102902105755E+03
  0.0000000000000E+00
  0.0000000000000E+00
  0.0000000000000E+00
  0.2102902105755E+03
  0.2102902105755E+03
  0.2102902105755E+03
  0.2102902105755E+03
  0.2102902105755E+03
  0.2102902105755E+03
  0.2102902105755E+03
  0.2102902105755E+03
  0.2102902105755E+03
  0.2102902105755E+03
  0.2102902105755E+03
  0.2102902105755E+03
  0.2102902105755E+03
  0.2102902105755E+03
  0.2102902105755E+03
  0.2102902105755E+03
  0.2102902105755E+03
  0.1967917899461E+03
  0.1967917899461E+03
  0.1967917899461E+03
  0.1967917899461E+03
  0.1967917899461E+03
  0.1967917899461E+03
  0.1967917899461E+03
  0.1967917899461E+03
  0.1967917899461E+03
  0.1967917899461E+03
  0.1967917899461E+03
  0.1967917899461E+03
  0.1967917899461E+03
  0.1967917899461E+03
  0.1967917899461E+03
  0.1967917899461E+03
  0.0000000000000E+00
  0.0000000000000E+00
  0.0000000000000E+00
  0.1967917899461E+03
  0.1967917899461E+03
  0.1967917899461E+03
  0.0000000000000E+00
  0.1967917899461E+03
  0.1967917899461E+03
  0.1967917899461E+03
  0.1967917899461E+03
  0.1967917899461E+03
  0.1967917899461E+03
  0.1967917899461E+03
  0.1967917899461E+03
  0.1967917899461E+03
  0.1967917899461E+03
  0.1967917899461E+03
  0.1967917899461E+03
  0.1967917899461E+03
  0.1883466139167E+03
  0.1883466139167E+03
  0.1883466139167E+03
  0.1883466139167E+03
  0.1883466139167E+03
  0.1883466139167E+03
  0.1883466139167E+03
  0.1883466139167E+03
  0.1883466139167E+03
  0.1883466139167E+03
  0.1883466139167E+03
  0.1883466139167E+03
  0.1883466139167E+03
  0.1883466139167E+03
  0.1883466139167E+03
  0.1883466139167E+03
  0.1883466139167E+03
  0.1883466139167E+03
  0.1883466139167E+03
  0.1883466139167E+03
  0.1883466139167E+03
  0.1883466139167E+03
  0.0000000000000E+00
  0.1883466139167E+03
  0.1883466139167E+03
  0.1883466139167E+03
  0.1883466139167E+03
  0.1883466139167E+03
  0.1883466139167E+03
  0.1883466139167E+03
  0.1883466139167E+03
  0.1883466139167E+03
  0.1883466139167E+03
  0.1883466139167E+03
  0.1883466139167E+03
  0.1883466139167E+03
  0.1794726165719E+03
  0.1794726165719E+03
  0.1794726165719E+03
  0.1794726165719E+03
  0.1794726165719E+03
  0.1794726165719E+03
  0.1794726165719E+03
  0.1794726165719E+03
  0.1794726165719E+03
  0.1794726165719E+03
  0.1794726165719E+03
  0.1794726165719E+03
  0.1794726165719E+03
  0.1794726165719E+03
  0.1794726165719E+03
  0.1794726165719E+03
  0.1794726165719E+03
  0.1794726165719E+03
  0.1794726165719E+03
  0.1794726165719E+03
  0.1794726165719E+03
  0.0000000000000E+00
  0.1794726165719E+03
  0.1794726165719E+03
  0.1794726165719E+03
  0.1794726165719E+03
  0.1794726165719E+03
  0.1794726165719E+03
  0.1794726165719E+03
  0.1794726165719E+03
  0.1794726165719E+03
  0.1794726165719E+03
  0.1794726165719E+03
  0.1794726165719E+03
  0.1794726165719E+03
  0.1794726165719E+03
  0.1691241565211E+03
  0.1691241565211E+03
  0.1691241565211E+03
  0.1691241565211E+03
  0.1691241565211E+03
  0.1691241565211E+03
  0.1691241565211E+03
  0.1691241565211E+03
  0.1691241565211E+03
  0.1691241565211E+03
  0.1691241565211E+03
  0.1691241565211E+03
  0.1691241565211E+03
  0.1691241565211E+03
  0.1691241565211E+03
  0.1691241565211E+03
  0.1691241565211E+03
  0.1691241565211E+03
  0.1691241565211E+03
  0.1691241565211E+03
  0.1691241565211E+03
  0.0000000000000E+00
  0.1691241565211E+03
  0.1691241565211E+03
  0.1691241565211E+03
  0.1691241565211E+03
  0.1691241565211E+03
  0.1691241565211E+03
  0.1691241565211E+03
  0.1691241565211E+03
  0.1691241565211E+03
  0.1691241565211E+03
  0.1691241565211E+03
  0.1691241565211E+03
  0.1691241565211E+03
  0.1691241565211E+03
  0.1562753070526E+03
  0.1562753070526E+03
  0.1562753070526E+03
  0.1562753070526E+03
  0.1562753070526E+03
  0.1562753070526E+03
  0.1562753070526E+03
  0.1562753070526E+03
  0.1562753070526E+03
  0.1562753070526E+03
  0.1562753070526E+03
  0.1562753070526E+03
  0.1562753070526E+03
  0.1562753070526E+03
  0.1562753070526E+03
  0.1562753070526E+03
  0.1562753070526E+03
  0.1562753070526E+03
  0.1562753070526E+03
  0.1562753070526E+03
  0.1562753070526E+03
  0.1562753070526E+03
  0.1562753070526E+03
  0.1562753070526E+03
  0.1562753070526E+03
  0.1562753070526E+03
  0.1562753070526E+03
  0.1562753070526E+03
  0.1562753070526E+03
  0.1562753070526E+03
  0.1562753070526E+03
  0.1562753070526E+03
  0.1562753070526E+03
  0.1562753070526E+03
  0.1562753070526E+03
  0.1562753070526E+03
  0.1423636708013E+03
  0.1423636708013E+03
  0.1423636708013E+03
  0.1423636708013E+03
  0.1423636708013E+03
  0.1423636708013E+03
  0.1423636708013E+03
  0.1423636708013E+03
  0.1423636708013E+03
  0.1423636708013E+03
  0.1423636708013E+03
  0.1423636708013E+03
  0.1423636708013E+03
  0.1423636708013E+03
  0.1423636708013E+03
  0.1423636708013E+03
  0.1423636708013E+03
  0.1423636708013E+03
  0.1423636708013E+03
  0.1423636708013E+03
  0.1423636708013E+03
  0.1423636708013E+03
  0.1423636708013E+03
  0.1423636708013E+03
  0.1423636708013E+03
  0.1423636708013E+03
  0.1423636708013E+03
  0.1423636708013E+03
  0.1423636708013E+03
  0.1423636708013E+03
  0.1423636708013E+03
  0.1423636708013E+03
  0.1423636708013E+03
  0.1423636708013E+03
  0.1423636708013E+03
  0.1423636708013E+03
  0.1275988949382E+03
  0.1275988949382E+03
  0.1275988949382E+03
  0.1275988949382E+03
  0.1275988949382E+03
  0.1275988949382E+03
  0.1275988949382E+03
  0.1275988949382E+03
  0.1275988949382E+03
  0.1275988949382E+03
  0.1275988949382E+03
  0.1275988949382E+03
  0.1275988949382E+03
  0.1275988949382E+03
  0.1275988949382E+03
  0.1275988949382E+03
  0.1275988949382E+03
  0.1275988949382E+03
  0.1275988949382E+03
  0.1275988949382E+03
  0.1275988949382E+03
  0.1275988949382E+03
  0.1275988949382E+03
  0.1275988949382E+03
  0.1275988949382E+03
  0.1275988949382E+03
  0.1275988949382E+03
  0.1275988949382E+03
  0.1275988949382E+03
  0.1275988949382E+03
  0.1275988949382E+03
  0.1275988949382E+03
  0.1275988949382E+03
  0.1275988949382E+03
  0.1275988949382E+03
  0.1275988949382E+03
  0.1120214574597E+03
  0.1120214574597E+03
  0.1120214574597E+03
  0.1120214574597E+03
  0.1120214574597E+03
  0.1120214574597E+03
  0.1120214574597E+03
  0.1120214574597E+03
  0.1120214574597E+03
  0.1120214574597E+03
  0.1120214574597E+03
  0.1120214574597E+03
  0.1120214574597E+03
  0.1120214574597E+03
  0.1120214574597E+03
  0.1120214574597E+03
  0.1120214574597E+03
  0.1120214574597E+03
  0.1120214574597E+03
  0.1120214574597E+03
  0.1120214574597E+03
  0.1120214574597E+03
  0.1120214574597E+03
  0.1120214574597E+03
  0.1120214574597E+03
  0.1120214574597E+03
  0.1120214574597E+03
  0.1120214574597E+03
  0.1120214574597E+03
  0.1120214574597E+03
  0.1120214574597E+03
  0.1120214574597E+03
  0.1120214574597E+03
  0.1120214574597E+03
  0.1120214574597E+03
  0.1120214574597E+03
  0.9382680969862E+02
  0.9382680969862E+02
  0.9382680969862E+02
  0.9382680969862E+02
  0.9382680969862E+02
  0.9382680969862E+02
  0.9382680969862E+02
  0.9382680969862E+02
  0.9382680969862E+02
  0.9382680969862E+02
  0.9382680969862E+02
  0.9382680969862E+02
  0.9382680969862E+02
  0.9382680969862E+02
  0.9382680969862E+02
  0.9382680969862E+02
  0.9382680969862E+02
  0.9382680969862E+02
  0.0000000000000E+00
  0.0000000000000E+00
  0.0000000000000E+00
  0.9382680969862E+02
  0.9382680969862E+02
  0.9382680969862E+02
  0.9382680969862E+02
  0.9382680969862E+02
  0.9382680969862E+02
  0.9382680969862E+02
  0.9382680969862E+02
  0.9382680969862E+02
  0.9382680969862E+02
  0.9382680969862E+02
  0.9382680969862E+02
  0.9382680969862E+02
  0.9382680969862E+02
  0.9382680969862E+02
  0.7537680040300E+02
  0.7537680040300E+02
  0.7537680040300E+02
  0.7537680040300E+02
  0.7537680040300E+02
  0.7537680040300E+02
  0.7537680040300E+02
  0.7537680040300E+02
  0.7537680040300E+02
  0.7537680040300E+02
  0.7537680040300E+02
  0.7537680040300E+02
  0.7537680040300E+02
  0.7537680040300E+02
  0.7537680040300E+02
  0.7537680040300E+02
  0.7537680040300E+02
  0.7537680040300E+02
  0.0000000000000E+00
  0.0000000000000E+00
  0.0000000000000E+00
  0.7537680040300E+02
  0.7537680040300E+02
  0.7537680040300E+02
  0.7537680040300E+02
  0.7537680040300E+02
  0.7537680040300E+02
  0.7537680040300E+02
  0.7537680040300E+02
  0.7537680040300E+02
  0.7537680040300E+02
  0.7537680040300E+02
  0.7537680040300E+02
  0.7537680040300E+02
  0.7537680040300E+02
  0.7537680040300E+02
  0.5754631732502E+02
  0.5754631732502E+02
  0.5754631732502E+02
  0.5754631732502E+02
  0.5754631732502E+02
  0.5754631732502E+02
  0.5754631732502E+02
  0.5754631732502E+02
  0.5754631732502E+02
  0.5754631732502E+02
  0.5754631732502E+02
  0.5754631732502E+02
  0.5754631732502E+02
  0.5754631732502E+02
  0.5754631732502E+02
  0.5754631732502E+02
  0.5754631732502E+02
  0.5754631732502E+02
  0.0000000000000E+00
  0.0000000000000E+00
  0.0000000000000E+00
  0.5754631732502E+02
  0.5754631732502E+02
  0.5754631732502E+02
  0.5754631732502E+02
  0.5754631732502E+02
  0.5754631732502E+02
  0.5754631732502E+02
  0.5754631732502E+02
  0.5754631732502E+02
  0.5754631732502E+02
  0.5754631732502E+02
  0.5754631732502E+02
  0.5754631732502E+02
  0.5754631732502E+02
  0.5754631732502E+02
  0.4198351326606E+02
  0.4198351326606E+02
  0.4198351326606E+02
  0.4198351326606E+02
  0.4198351326606E+02
  0.4198351326606E+02
  0.4198351326606E+02
  0.4198351326606E+02
  0.4198351326606E+02
  0.4198351326606E+02
  0.4198351326606E+02
  0.4198351326606E+02
  0.4198351326606E+02
  0.4198351326606E+02
  0.4198351326606E+02
  0.4198351326606E+02
  0.4198351326606E+02
  0.4198351326606E+02
  0.4198351326606E+02
  0.4198351326606E+02
  0.4198351326606E+02
  0.4198351326606E+02
  0.4198351326606E+02
  0.4198351326606E+02
  0.4198351326606E+02
  0.4198351326606E+02
  0.4198351326606E+02
  0.4198351326606E+02
  0.4198351326606E+02
  0.4198351326606E+02
  0.4198351326606E+02
  0.4198351326606E+02
  0.4198351326606E+02
  0.4198351326606E+02
  0.4198351326606E+02
  0.4198351326606E+02
  0.2682287757944E+02
  0.2682287757944E+02
  0.2682287757944E+02
  0.2682287757944E+02
  0.2682287757944E+02
  0.2682287757944E+02
  0.2682287757944E+02
  0.2682287757944E+02
  0.2682287757944E+02
  0.2682287757944E+02
  0.2682287757944E+02
  0.2682287757944E+02
  0.2682287757944E+02
  0.2682287757944E+02
  0.2682287757944E+02
  0.2682287757944E+02
  0.2682287757944E+02
  0.2682287757944E+02
  0.2682287757944E+02
  0.2682287757944E+02
  0.2682287757944E+02
  0.2682287757944E+02
  0.2682287757944E+02
  0.2682287757944E+02
  0.2682287757944E+02
  0.2682287757944E+02
  0.2682287757944E+02
  0.2682287757944E+02
  0.2682287757944E+02
  0.2682287757944E+02
  0.2682287757944E+02
  0.2682287757944E+02
  0.2682287757944E+02
  0.2682287757944E+02
  0.2682287757944E+02
  0.2682287757944E+02
  0.1252977694978E+02
  0.1252977694978E+02
  0.1252977694978E+02
  0.1252977694978E+02
  0.1252977694978E+02
  0.1252977694978E+02
  0.1252977694978E+02
  0.1252977694978E+02
  0.1252977694978E+02
  0.1252977694978E+02
  0.1252977694978E+02
  0.1252977694978E+02
  0.1252977694978E+02
  0.1252977694978E+02
  0.1252977694978E+02
  0.1252977694978E+02
  0.1252977694978E+02
  0.1252977694978E+02
  0.1252977694978E+02
  0.1252977694978E+02
  0.1252977694978E+02
  0.1252977694978E+02
  0.1252977694978E+02
  0.1252977694978E+02
  0.1252977694978E+02
  0.1252977694978E+02
  0.1252977694978E+02
  0.1252977694978E+02
  0.1252977694978E+02
  0.1252977694978E+02
  0.1252977694978E+02
  0.1252977694978E+02
  0.1252977694978E+02
  0.1252977694978E+02
  0.1252977694978E+02
  0.1252977694978E+02
  0.4763355016067E+00
  0.4763355016067E+00
  0.4763355016067E+00
  0.4763355016067E+00
  0.4763355016067E+00
  0.4763355016067E+00
  0.4763355016067E+00
  0.4763355016067E+00
  0.4763355016067E+00
  0.4763355016067E+00
  0.4763355016067E+00
  0.4763355016067E+00
  0.4763355016067E+00
  0.4763355016067E+00
  0.4763355016067E+00
  0.4763355016067E+00
  0.4763355016067E+00
  0.4763355016067E+00
  0.4763355016067E+00
  0.4763355016067E+00
  0.4763355016067E+00
  0.4763355016067E+00
  0.4763355016067E+00
  0.4763355016067E+00
  0.4763355016067E+00
  0.4763355016067E+00
  0.4763355016067E+00
  0.4763355016067E+00
  0.4763355016067E+00
  0.4763355016067E+00
  0.4763355016067E+00
  0.4763355016067E+00
  0.4763355016067E+00
  0.4763355016067E+00
  0.4763355016067E+00
  0.4763355016067E+00
  0.0000000000000E+00
  0.0000000000000E+00
  0.0000000000000E+00
  0.0000000000000E+00
  0.0000000000000E+00
  0.0000000000000E+00
  0.0000000000000E+00
  0.0000000000000E+00
  0.0000000000000E+00
  0.0000000000000E+00
  0.0000000000000E+00
  0.0000000000000E+00
  0.0000000000000E+00
  0.0000000000000E+00
  0.0000000000000E+00
  0.0000000000000E+00
  0.0000000000000E+00
  0.0000000000000E+00
  0.0000000000000E+00
  0.0000000000000E+00
  0.0000000000000E+00
  0.0000000000000E+00
  0.0000000000000E+00
  0.0000000000000E+00
  0.0000000000000E+00
  0.0000000000000E+00
  0.0000000000000E+00
  0.0000000000000E+00
  0.0000000000000E+00
  0.0000000000000E+00
  0.0000000000000E+00
  0.0000000000000E+00
  0.0000000000000E+00
  0.0000000000000E+00
  0.0000000000000E+00
  0.0000000000000E+00
  0.0000000000000E+00
 -0.1334799471554E+02
 -0.1312340795613E+02
 -0.1256039459450E+02
 -0.1343956594078E+02
  0.0000000000000E+00
 -0.1120689033595E+02
 -0.1260235958819E+02
 -0.1566920124484E+02
 -0.1253514262093E+02
 -0.1343175610915E+02
 -0.5375622605153E+01
  0.0000000000000E+00
  0.0000000000000E+00
  0.0000000000000E+00
  0.0000000000000E+00
  0.0000000000000E+00
  0.0000000000000E+00
  0.0000000000000E+00
  0.0000000000000E+00
  0.0000000000000E+00
  0.0000000000000E+00
  0.0000000000000E+00
  0.0000000000000E+00
  0.0000000000000E+00
  0.0000000000000E+00
  0.0000000000000E+00
  0.0000000000000E+00
  0.0000000000000E+00
  0.0000000000000E+00
  0.0000000000000E+00
  0.1036365754523E+02
 -0.1026219185927E+01
 -0.8715443456262E+01
 -0.1378269152171E+02
 -0.1649203260306E+02
 -0.2218797644416E+02
  0.0000000000000E+00
  0.0000000000000E+00
  0.0000000000000E+00
 -0.2388338309599E+02
 -0.2694946539923E+02
 -0.2717099473979E+02
 -0.2690992435160E+02
 -0.2580156307936E+02
  0.0000000000000E+00
 -0.1335835967944E+02
 -0.9720563826109E+01
 -0.3496982383025E+01
  0.5384068950485E+01
  0.1725187893981E+02
  0.0000000000000E+00
  0.0000000000000E+00
  0.0000000000000E+00
  0.0000000000000E+00
  0.0000000000000E+00
  0.0000000000000E+00
  0.0000000000000E+00
  0.0000000000000E+00
  0.0000000000000E+00
  0.0000000000000E+00
  0.0000000000000E+00
  0.0000000000000E+00
  0.0000000000000E+00
  0.0000000000000E+00
  0.0000000000000E+00
  0.0000000000000E+00
  0.0000000000000E+00
  0.3592221789459E+01
 -0.9790719700560E+01
 -0.1806857476865E+02
 -0.2175819767752E+02
 -0.2813304516975E+02
 -0.2854996278520E+02
 -0.2834571229952E+02
 -0.2610564253763E+02
 -0.2410415866742E+02
 -0.2608165720241E+02
 -0.2680848290021E+02
 -0.2830563395112E+02
 -0.2896439060179E+02
 -0.2850847493844E+02
  0.0000000000000E+00
 -0.1466400789934E+02
 -0.2065586164234E+01
  0.9268761369165E+01
  0.2137229093035E+02
  0.0000000000000E+00
  0.0000000000000E+00
  0.0000000000000E+00
  0.0000000000000E+00
  0.0000000000000E+00
  0.0000000000000E+00
  0.0000000000000E+00
  0.0000000000000E+00
  0.0000000000000E+00
  0.0000000000000E+00
  0.0000000000000E+00
  0.0000000000000E+00
  0.0000000000000E+00
  0.0000000000000E+00
  0.0000000000000E+00
  0.0000000000000E+00
  0.0000000000000E+00
 -0.1000736629523E+02
 -0.1785053488541E+02
 -0.2540740455325E+02
 -0.2854145546823E+02
 -0.3538607289380E+02
 -0.3446231498983E+02
 -0.3350985092052E+02
 -0.3255070374693E+02
 -0.2985812036080E+02
 -0.2953271542407E+02
 -0.3051420276606E+02
 -0.3140571313454E+02
 -0.3176127516229E+02
 -0.3104150440531E+02
 -0.2546218924565E+02
 -0.1840038753036E+02
  0.0000000000000E+00
  0.0000000000000E+00
  0.0000000000000E+00
  0.0000000000000E+00
  0.0000000000000E+00
  0.0000000000000E+00
  0.0000000000000E+00
  0.0000000000000E+00
  0.0000000000000E+00
  0.0000000000000E+00
  0.0000000000000E+00
  0.0000000000000E+00
  0.0000000000000E+00
  0.0000000000000E+00
  0.0000000000000E+00
  0.0000000000000E+00
  0.0000000000000E+00
  0.0000000000000E+00
  0.0000000000000E+00
  0.0000000000000E+00
 -0.2605151786397E+02
 -0.2970398699182E+02
 -0.3409616369707E+02
 -0.3543291314819E+02
 -0.4018592971429E+02
 -0.3944446464704E+02
 -0.3831144363580E+02
 -0.3754049802398E+02
 -0.3628216110446E+02
 -0.3529357925388E+02
 -0.3483225221424E+02
 -0.3461550989887E+02
 -0.3414746667798E+02
 -0.3344106761301E+02
 -0.3079455001965E+02
 -0.2460152101640E+02
  0.0000000000000E+00
  0.0000000000000E+00
  0.0000000000000E+00
  0.0000000000000E+00
  0.0000000000000E+00
  0.0000000000000E+00
  0.0000000000000E+00
  0.0000000000000E+00
  0.0000000000000E+00
  0.2320769982444E+01
  0.8077759371569E+01
  0.0000000000000E+00
  0.0000000000000E+00
  0.0000000000000E+00
  0.0000000000000E+00
  0.0000000000000E+00
  0.0000000000000E+00
  0.0000000000000E+00
  0.0000000000000E+00
  0.0000000000000E+00
 -0.3452010771608E+02
 -0.3650294617429E+02
 -0.3847098024854E+02
 -0.3980067561170E+02
 -0.4490349983272E+02
 -0.4458932972545E+02
 -0.4389758358578E+02
 -0.4334204447655E+02
 -0.4255652829583E+02
 -0.4155925340059E+02
 -0.4059696454730E+02
 -0.3971347624530E+02
 -0.3869290153972E+02
 -0.3773975100957E+02
 -0.3610418657391E+02
 -0.3165226959315E+02
 -0.2722727738417E+02
  0.0000000000000E+00
  0.0000000000000E+00
  0.0000000000000E+00
  0.0000000000000E+00
  0.0000000000000E+00
  0.0000000000000E+00
  0.0000000000000E+00
 -0.1587961335502E+02
 -0.1366555842445E+02
 -0.8006069224312E+01
  0.0000000000000E+00
  0.0000000000000E+00
  0.0000000000000E+00
  0.0000000000000E+00
 -0.9160245040413E+01
 -0.4861385573804E+01
  0.0000000000000E+00
  0.0000000000000E+00
  0.0000000000000E+00
 -0.3935093107093E+02
 -0.4039088547500E+02
 -0.4297656539057E+02
 -0.4453659885650E+02
 -0.5052886484234E+02
 -0.5103465357642E+02
 -0.5168167245286E+02
 -0.5207833567118E+02
 -0.5172172738144E+02
 -0.5075371533594E+02
 -0.4940326580103E+02
 -0.4793773262076E+02
 -0.4642334642641E+02
 -0.4521323089019E+02
 -0.4347516856358E+02
 -0.4008688511674E+02
 -0.3398549926921E+02
  0.0000000000000E+00
  0.0000000000000E+00
  0.0000000000000E+00
  0.0000000000000E+00
  0.0000000000000E+00
  0.0000000000000E+00
 -0.2204032665210E+02
 -0.2704855693582E+02
 -0.2714484831261E+02
 -0.2223048738021E+02
  0.0000000000000E+00
  0.0000000000000E+00
  0.0000000000000E+00
 -0.2386224149014E+02
 -0.2192367380023E+02
 -0.1894033544720E+02
  0.0000000000000E+00
  0.0000000000000E+00
  0.0000000000000E+00
 -0.4155102180764E+02
 -0.4487117312545E+02
 -0.4874021527985E+02
 -0.5029624974525E+02
 -0.5819470003805E+02
 -0.5894847517994E+02
 -0.5958226691961E+02
 -0.5972542137115E+02
 -0.5969362112719E+02
 -0.5961583908615E+02
 -0.5953162506914E+02
 -0.5978156185311E+02
 -0.6041036700665E+02
 -0.5988640198379E+02
 -0.5662111055216E+02
 -0.5147457186331E+02
 -0.4130595656866E+02
 -0.3606880637278E+02
 -0.3088459150741E+02
  0.0000000000000E+00
  0.0000000000000E+00
 -0.3530880879955E+02
 -0.3226715053074E+02
 -0.3224974546616E+02
 -0.3779397256214E+02
 -0.3954551094121E+02
 -0.3691446889357E+02
 -0.3403631529640E+02
 -0.3220030809245E+02
 -0.3194004389384E+02
 -0.3399516709166E+02
 -0.3458013787963E+02
 -0.3487266142643E+02
  0.0000000000000E+00
  0.0000000000000E+00
  0.0000000000000E+00
 -0.4800453429663E+02
 -0.5282421390711E+02
 -0.5749281177167E+02
 -0.5792669988197E+02
 -0.5805996113224E+02
 -0.5632390456962E+02
 -0.5569034446688E+02
 -0.5526930536312E+02
 -0.5487483545322E+02
 -0.5458422928178E+02
 -0.5456638937874E+02
 -0.5499166406096E+02
 -0.5597730606418E+02
 -0.5751382464309E+02
 -0.5964295763010E+02
 -0.6370983520246E+02
 -0.5025930730659E+02
 -0.4380710753154E+02
 -0.3839271415997E+02
  0.0000000000000E+00
  0.0000000000000E+00
 -0.4849172762689E+02
 -0.4288019448725E+02
 -0.4171413832880E+02
 -0.5049270010524E+02
 -0.5222848569671E+02
 -0.6054650659351E+02
 -0.5108657135546E+02
 -0.5157537375250E+02
 -0.4871874739192E+02
 -0.4834114372563E+02
 -0.4989233319531E+02
 -0.5354495756427E+02
  0.0000000000000E+00
  0.0000000000000E+00
  0.0000000000000E+00
 -0.5087647898511E+02
 -0.5987402006990E+02
 -0.6292470070637E+02
 -0.6112472407270E+02
 -0.5389003245427E+02
 -0.5346147653011E+02
 -0.5313992530430E+02
 -0.5280675214643E+02
 -0.5239614459099E+02
 -0.5213786074594E+02
 -0.5210770833326E+02
 -0.5238179279580E+02
 -0.5297756432667E+02
 -0.5380431794925E+02
 -0.5453431650900E+02
 -0.5495781497832E+02
 -0.5041831591431E+02
 -0.4794636171133E+02
 -0.4380952519393E+02
 -0.3783048919330E+02
  0.0000000000000E+00
 -0.4232887352090E+02
 -0.4717926904055E+02
  0.0000000000000E+00
 -0.5654282804914E+02
 -0.5173474299959E+02
 -0.4982658551234E+02
 -0.4578155101044E+02
 -0.4519386488638E+02
 -0.4645321822216E+02
 -0.4831590100133E+02
 -0.4807544449439E+02
 -0.4492481695558E+02
  0.0000000000000E+00
  0.0000000000000E+00
  0.0000000000000E+00
 -0.5290865622285E+02
 -0.5457563655629E+02
 -0.5578861421916E+02
 -0.5481498383522E+02
 -0.5329494537576E+02
 -0.5318843140476E+02
 -0.5291695003657E+02
 -0.5263877893802E+02
 -0.5241151203604E+02
 -0.5239946769751E+02
 -0.5259182921025E+02
 -0.5300167786976E+02
 -0.5344267091873E+02
 -0.5355193926626E+02
 -0.5304485521698E+02
 -0.5172207285921E+02
 -0.4903382844961E+02
  0.0000000000000E+00
 -0.4616779091830E+02
 -0.3985758311345E+02
  0.0000000000000E+00
  0.0000000000000E+00
 -0.4953898763096E+02
 -0.4908420386501E+02
 -0.5075915914259E+02
 -0.4998144654299E+02
 -0.4797379049126E+02
 -0.4551406729504E+02
 -0.4366577222657E+02
 -0.4612141990301E+02
 -0.4577652408836E+02
 -0.4592976579952E+02
 -0.4318221501623E+02
 -0.4195914320750E+02
  0.0000000000000E+00
  0.0000000000000E+00
 -0.5378238700414E+02
 -0.5252068289917E+02
 -0.5384835374578E+02
 -0.5351147749712E+02
 -0.5362391925326E+02
 -0.5364456732105E+02
 -0.5356639383952E+02
 -0.5359471417487E+02
 -0.5378357409523E+02
 -0.5411335423333E+02
 -0.5446206419950E+02
 -0.5469780730377E+02
 -0.5447570213587E+02
 -0.5361019583974E+02
 -0.5221272075960E+02
 -0.5072953612594E+02
 -0.4927831425281E+02
 -0.5103826259678E+02
 -0.4662374837382E+02
 -0.4279930493646E+02
  0.0000000000000E+00
  0.0000000000000E+00
 -0.4905954930089E+02
 -0.4838480996977E+02
 -0.5004922581000E+02
 -0.5014563867457E+02
 -0.4940321355638E+02
 -0.4780343865401E+02
  0.0000000000000E+00
 -0.4852669160748E+02
 -0.4436783630008E+02
 -0.4601272868500E+02
 -0.4436220696847E+02
 -0.4279840737489E+02
  0.0000000000000E+00
  0.0000000000000E+00
 -0.5473788125514E+02
 -0.5215902660996E+02
 -0.5317795594036E+02
 -0.5345339174982E+02
 -0.5454902390164E+02
 -0.5473417520577E+02
 -0.5498180822252E+02
 -0.5544952807047E+02
 -0.5615752499382E+02
 -0.5681592602817E+02
 -0.5708742732703E+02
 -0.5664312420092E+02
 -0.5525495581967E+02
 -0.5348294812745E+02
 -0.5195410514844E+02
 -0.5091480128616E+02
 -0.5010564982719E+02
 -0.5124843975715E+02
 -0.4794253479401E+02
 -0.4430998435532E+02
  0.0000000000000E+00
  0.0000000000000E+00
 -0.4786274474342E+02
 -0.5005124963029E+02
 -0.5098024111854E+02
 -0.5161557692812E+02
 -0.5174178437060E+02
 -0.5042599685387E+02
  0.0000000000000E+00
  0.0000000000000E+00
  0.0000000000000E+00
 -0.4733241173279E+02
 -0.4552857603031E+02
 -0.4558289388323E+02
  0.0000000000000E+00
  0.0000000000000E+00
 -0.5530742262337E+02
 -0.5230934103799E+02
 -0.5329367557422E+02
 -0.5407648618268E+02
 -0.5603997791410E+02
 -0.5631722612253E+02
 -0.5678818698936E+02
 -0.5760754806263E+02
 -0.5896196353263E+02
 -0.5971997508913E+02
 -0.5938509672765E+02
 -0.5786786686624E+02
 -0.5566482499778E+02
 -0.5375267280793E+02
 -0.5250361275789E+02
 -0.5199077245894E+02
 -0.5188930136779E+02
 -0.5281759733100E+02
 -0.5001923821386E+02
 -0.4613532491895E+02
  0.0000000000000E+00
  0.0000000000000E+00
  0.0000000000000E+00
 -0.5612742341190E+02
 -0.5297437870342E+02
 -0.5364208303249E+02
 -0.5413379582297E+02
 -0.5496847774602E+02
 -0.7037114203937E+02
  0.0000000000000E+00
  0.0000000000000E+00
  0.0000000000000E+00
 -0.4784394524783E+02
 -0.4823970559025E+02
  0.0000000000000E+00
  0.0000000000000E+00
 -0.5554637285058E+02
 -0.5317960475283E+02
 -0.5447962073458E+02
 -0.5539984490400E+02
 -0.5759953634657E+02
 -0.5796507213016E+02
 -0.5877855030942E+02
 -0.6043094368571E+02
 -0.6225012099941E+02
 -0.6206647215324E+02
 -0.6019527235141E+02
 -0.5787576650093E+02
 -0.5562576387990E+02
 -0.5402777893230E+02
 -0.5333061887992E+02
 -0.5342101019776E+02
 -0.5396990677510E+02
 -0.5582965751662E+02
 -0.5290287216206E+02
 -0.4975640220647E+02
  0.0000000000000E+00
  0.0000000000000E+00
  0.0000000000000E+00
 -0.5971122348934E+02
 -0.5483852546678E+02
 -0.5483521860095E+02
 -0.5684565830679E+02
 -0.5790849943362E+02
 -0.7167438172113E+02
 -0.7505201439964E+02
  0.0000000000000E+00
  0.0000000000000E+00
 -0.4990711130221E+02
 -0.5162098809753E+02
  0.0000000000000E+00
 -0.5792907670157E+02
 -0.5450114217340E+02
 -0.5456552947794E+02
 -0.5583391927472E+02
 -0.5697590889132E+02
 -0.5623470327811E+02
 -0.5642456893926E+02
 -0.5717036214217E+02
 -0.5825763515341E+02
 -0.5866235766487E+02
 -0.5792563462998E+02
 -0.5640627799233E+02
 -0.5468369918789E+02
 -0.5304426377789E+02
 -0.5168297342801E+02
 -0.5108319444227E+02
 -0.5272587452302E+02
 -0.5617614192756E+02
 -0.6050281474479E+02
 -0.5615422520676E+02
 -0.5487089242182E+02
  0.0000000000000E+00
  0.0000000000000E+00
  0.0000000000000E+00
 -0.6333807544419E+02
 -0.5919358112114E+02
 -0.5860926257783E+02
 -0.5979131404862E+02
 -0.6211404686923E+02
 -0.7397845103329E+02
 -0.7639999573012E+02
 -0.7275891533913E+02
  0.0000000000000E+00
 -0.5207902398777E+02
 -0.5626688600679E+02
 -0.6155264368146E+02
 -0.5719762687405E+02
 -0.5618398236547E+02
 -0.5555682902584E+02
 -0.5580377987290E+02
 -0.5622322191291E+02
 -0.5677612108475E+02
 -0.5677108061942E+02
 -0.5642807543386E+02
 -0.5578930479520E+02
 -0.5493558793245E+02
 -0.5390462146177E+02
 -0.5281603299496E+02
 -0.5170728562614E+02
 -0.5048211806766E+02
 -0.4978208256306E+02
 -0.4997901184131E+02
 -0.5181654120951E+02
 -0.5795065301594E+02
 -0.6574777984596E+02
 -0.5894879262995E+02
 -0.5894549482265E+02
  0.0000000000000E+00
  0.0000000000000E+00
  0.0000000000000E+00
 -0.6706125348275E+02
 -0.6468401538195E+02
 -0.6407598926903E+02
 -0.6411038989991E+02
 -0.6618791319580E+02
 -0.7432446858813E+02
 -0.7533441883588E+02
 -0.6986179378899E+02
  0.0000000000000E+00
  0.0000000000000E+00
 -0.6130621706822E+02
 -0.6141286441030E+02
 -0.5845376684506E+02
 -0.5765880150528E+02
 -0.5662272827236E+02
 -0.5674642445848E+02
 -0.5679384767181E+02
 -0.5654274137897E+02
 -0.5609744100344E+02
 -0.5550318273105E+02
 -0.5478324924891E+02
 -0.5389591130409E+02
 -0.5287678420062E+02
 -0.5191908749311E+02
 -0.5132390342736E+02
 -0.5124768221404E+02
 -0.5171447209292E+02
 -0.5275340994951E+02
 -0.5479009852439E+02
 -0.5940434064666E+02
 -0.6849854271420E+02
 -0.6143166802378E+02
 -0.5824933641355E+02
  0.0000000000000E+00
  0.0000000000000E+00
  0.0000000000000E+00
 -0.7092664551150E+02
 -0.6946697322542E+02
 -0.7222140693928E+02
 -0.7132279300148E+02
 -0.7167525412860E+02
 -0.7581230359508E+02
 -0.7537731854215E+02
 -0.7300664508249E+02
 -0.6877913904209E+02
  0.0000000000000E+00
 -0.6757287187421E+02
 -0.6204913340516E+02
 -0.5970854837577E+02
 -0.5845486054899E+02
 -0.5759476810483E+02
 -0.5722999567392E+02
 -0.5689673080218E+02
 -0.5684159127678E+02
 -0.5590552009989E+02
 -0.5493169009880E+02
 -0.5401093840600E+02
 -0.5298345313612E+02
 -0.5180965306616E+02
 -0.5067748472603E+02
 -0.4995547242122E+02
 -0.4989030958818E+02
 -0.5044325546168E+02
 -0.5156227386043E+02
 -0.5345155956562E+02
 -0.5695951284108E+02
 -0.6404368381979E+02
 -0.6314036258660E+02
 -0.6035738192476E+02
  0.0000000000000E+00
  0.0000000000000E+00
  0.0000000000000E+00
 -0.6914503190852E+02
 -0.6990910500730E+02
 -0.7611672433148E+02
 -0.7268657235433E+02
 -0.7342251263471E+02
 -0.7699946811026E+02
 -0.7512102064545E+02
 -0.7161671127354E+02
 -0.6477132971291E+02
  0.0000000000000E+00
 -0.6640202465324E+02
 -0.6356134813375E+02
 -0.6122736257040E+02
 -0.5959664723986E+02
 -0.5881138544164E+02
 -0.5825649587686E+02
 -0.5760669937948E+02
 -0.5531735328335E+02
 -0.5423719917805E+02
 -0.5319584830635E+02
 -0.5208970497727E+02
 -0.5081161374883E+02
 -0.4938563857125E+02
 -0.4801508345945E+02
 -0.4703966968135E+02
 -0.4663506246400E+02
 -0.4678685135919E+02
 -0.4742555940738E+02
 -0.4872377076919E+02
 -0.5142842889448E+02
 -0.5684076146152E+02
 -0.6134006776263E+02
 -0.6072167865771E+02
  0.0000000000000E+00
  0.0000000000000E+00
  0.0000000000000E+00
 -0.6544738690306E+02
 -0.6873847893138E+02
 -0.7236909114819E+02
 -0.7080746628628E+02
 -0.6685290995225E+02
 -0.6967235301054E+02
 -0.6794624287165E+02
 -0.6393252846373E+02
 -0.5951007600174E+02
 -0.5734850621469E+02
 -0.6308838812538E+02
 -0.6329866199754E+02
 -0.6162828470926E+02
 -0.5997017348678E+02
 -0.5924556843785E+02
 -0.5806431326850E+02
 -0.5655627368815E+02
 -0.6134952204784E+02
 -0.6061701059545E+02
 -0.5975252216425E+02
 -0.5862856431337E+02
 -0.5715025148729E+02
 -0.5536842302861E+02
 -0.5354824970951E+02
 -0.5200735658971E+02
 -0.5088497804324E+02
 -0.5003370138568E+02
 -0.4925339053147E+02
 -0.4871861491283E+02
 -0.4959360454782E+02
 -0.5070167333370E+02
 -0.5292919645158E+02
 -0.5699578090908E+02
  0.0000000000000E+00
  0.0000000000000E+00
  0.0000000000000E+00
 -0.6119092631778E+02
 -0.6824141539520E+02
 -0.6720962246460E+02
  0.0000000000000E+00
 -0.6202160834760E+02
 -0.6153876827982E+02
 -0.6069493264825E+02
 -0.5794067850331E+02
 -0.5528681249486E+02
 -0.5514491580255E+02
 -0.5802825851130E+02
 -0.5933897826624E+02
 -0.5988519360654E+02
 -0.6138125678870E+02
 -0.6242718606810E+02
 -0.6242709190454E+02
 -0.6195493985110E+02
 -0.6112040301234E+02
 -0.6167760160484E+02
 -0.6211270396275E+02
 -0.6203912134021E+02
 -0.6120948238077E+02
 -0.5960106678949E+02
 -0.5761425310757E+02
 -0.5578867571816E+02
 -0.5439977122195E+02
 -0.5332880493203E+02
 -0.5241307707480E+02
 -0.5158446927560E+02
 -0.5039238936838E+02
 -0.4673725927057E+02
 -0.4627402380599E+02
 -0.4871462986705E+02
 -0.4469205830697E+02
 -0.4791198521454E+02
 -0.5316974621632E+02
 -0.5709210944675E+02
 -0.6586634443164E+02
 -0.6860224596913E+02
  0.0000000000000E+00
 -0.5785186680915E+02
 -0.5453003809030E+02
 -0.5446245810233E+02
 -0.5393812320923E+02
 -0.5190906131447E+02
 -0.5130155566394E+02
 -0.5273936267980E+02
 -0.5346924368194E+02
 -0.5425866428940E+02
 -0.5551087787250E+02
 -0.5773509790522E+02
 -0.5943344514480E+02
 -0.6047473237042E+02
 -0.5398045057018E+02
 -0.5483882643136E+02
 -0.5623389492100E+02
 -0.5796835257257E+02
 -0.5943578180105E+02
 -0.6001189055853E+02
 -0.5940289966064E+02
 -0.5805113213815E+02
 -0.5649867814882E+02
 -0.5508637022233E+02
 -0.5388417012173E+02
 -0.5279772937177E+02
 -0.5131576382089E+02
 -0.4857738375273E+02
 -0.4428659545890E+02
 -0.4258737421818E+02
 -0.4730102691225E+02
 -0.5101923896321E+02
 -0.5242862059954E+02
 -0.5418127411549E+02
 -0.5986267383957E+02
  0.0000000000000E+00
 -0.5941123793458E+02
 -0.5227544861808E+02
 -0.5163636956693E+02
 -0.5185304506609E+02
 -0.5167009637724E+02
 -0.5082690971953E+02
 -0.4934404164762E+02
 -0.4852067014793E+02
 -0.4855114786054E+02
 -0.4936294207041E+02
 -0.5024711344420E+02
 -0.5125921617912E+02
 -0.5238053185241E+02
 -0.5332894120096E+02
 -0.5061907056431E+02
 -0.5080629867898E+02
 -0.5135593509990E+02
 -0.5249013824619E+02
 -0.5413890060813E+02
 -0.5596211261353E+02
 -0.5743155758401E+02
 -0.5789286055931E+02
 -0.5725539530056E+02
 -0.5606699978380E+02
 -0.5475743581654E+02
 -0.5344925545388E+02
 -0.5201382022217E+02
 -0.5017411618540E+02
 -0.4814051547754E+02
 -0.4836940273575E+02
 -0.5072004131983E+02
 -0.5193421336844E+02
 -0.5212062742877E+02
 -0.5248442543600E+02
 -0.5435079201377E+02
  0.0000000000000E+00
 -0.5712295978605E+02
 -0.5213571958658E+02
 -0.5117041429529E+02
 -0.5130342207130E+02
 -0.5122417136344E+02
 -0.5079215392555E+02
 -0.4970946401248E+02
 -0.4905025224871E+02
 -0.4861803451631E+02
 -0.4857416527208E+02
 -0.4896483654396E+02
 -0.4961512795830E+02
 -0.4998294002541E+02
 -0.5043166960105E+02
 -0.5083515412840E+02
 -0.5075717958988E+02
 -0.5065374173096E+02
 -0.5077001285012E+02
 -0.5137792848392E+02
 -0.5248976754823E+02
 -0.5398182477718E+02
 -0.5540455302496E+02
 -0.5621782574125E+02
 -0.5616424334446E+02
 -0.5546390835431E+02
 -0.5443446428466E+02
 -0.5330888103188E+02
 -0.5216150066211E+02
 -0.5123812939680E+02
 -0.5119855215357E+02
 -0.5194349128439E+02
 -0.5251672705113E+02
 -0.5322651888656E+02
 -0.5352508101434E+02
 -0.5340935182321E+02
 -0.5127771354300E+02
 -0.5588944894003E+02
 -0.5353976595815E+02
 -0.5217018295503E+02
 -0.5164060752522E+02
 -0.5149090930172E+02
 -0.5140100478344E+02
 -0.5107284164598E+02
 -0.5058062791728E+02
 -0.5013146141647E+02
 -0.4994276016110E+02
 -0.5003439707825E+02
 -0.5022462008108E+02
 -0.5046439363759E+02
 -0.5075071231892E+02
 -0.5193575278117E+02
 -0.5179892251715E+02
 -0.5152947182567E+02
 -0.5134926522866E+02
 -0.5146354706789E+02
 -0.5188062773779E+02
 -0.5261805051691E+02
 -0.5366786993490E+02
 -0.5484207272306E+02
 -0.5574562299525E+02
 -0.5611476335251E+02
 -0.5591192675765E+02
 -0.5537599601744E+02
 -0.5470027687280E+02
 -0.5406572116265E+02
 -0.5403386351213E+02
 -0.5431268092705E+02
 -0.5497157070316E+02
 -0.5602305760169E+02
 -0.5580926012416E+02
 -0.5596630534612E+02
 -0.5919692299589E+02
 -0.5895824004772E+02
 -0.5609490866738E+02
 -0.5397016886798E+02
 -0.5298782714117E+02
 -0.5273434188562E+02
 -0.5272208678044E+02
 -0.5256396174772E+02
 -0.5213024820817E+02
 -0.5163017367509E+02
 -0.5130559348508E+02
 -0.5123688607421E+02
 -0.5133763540693E+02
 -0.5160056827530E+02
 -0.5186351509558E+02
 -0.5394020237242E+02
 -0.5380006506960E+02
 -0.5343201887559E+02
 -0.5302451066170E+02
 -0.5286470493180E+02
 -0.5293845803633E+02
 -0.5328456652484E+02
 -0.5399416334197E+02
 -0.5502371751730E+02
 -0.5621216366641E+02
 -0.5739495012213E+02
 -0.5830120160752E+02
 -0.5880608764541E+02
 -0.5892689855155E+02
 -0.5890302165003E+02
 -0.5909311956140E+02
 -0.5878299141672E+02
 -0.5833604696285E+02
 -0.5972825966867E+02
 -0.5897488313341E+02
 -0.5988951748026E+02
 -0.7427004883248E+02
 -0.6737200807270E+02
 -0.6203408457687E+02
 -0.5841860748192E+02
 -0.5664319508876E+02
 -0.5594407897251E+02
 -0.5569206740394E+02
 -0.5532079440758E+02
 -0.5475576224986E+02
 -0.5414193526155E+02
 -0.5363816963370E+02
 -0.5339867122247E+02
 -0.5339455518358E+02
 -0.5360120870408E+02
 -0.5385189259699E+02
 -0.5964728842540E+02
 -0.5950097596899E+02
 -0.5899193470292E+02
 -0.5813782093498E+02
 -0.5753974268434E+02
 -0.5726449361006E+02
 -0.5736714486840E+02
 -0.5797022358378E+02
 -0.5909810923483E+02
 -0.6075791289544E+02
 -0.6327828798406E+02
 -0.6671413204521E+02
 -0.7032810033837E+02
 -0.7137264110286E+02
 -0.6966495359936E+02
 -0.6757060644433E+02
 -0.6448172574869E+02
 -0.6088102689937E+02
 -0.6076179743931E+02
 -0.5899249162771E+02
 -0.5930420361668E+02
 -0.6596156308069E+02
 -0.6468537171188E+02
 -0.6290255371075E+02
 -0.6127817361294E+02
 -0.6148166848708E+02
 -0.6237743327517E+02
 -0.6385501743654E+02
 -0.6418933252688E+02
 -0.6310957829038E+02
 -0.6165570931267E+02
 -0.6031845529732E+02
 -0.5948968734042E+02
 -0.5906381808424E+02
 -0.5909363634793E+02
 -0.5943636492222E+02
 -0.6297774967582E+02
 -0.6422841111497E+02
 -0.6509893047496E+02
 -0.6492478514406E+02
 -0.6448367000809E+02
 -0.6419805243800E+02
 -0.6420192154160E+02
 -0.6464707253220E+02
 -0.6567214745227E+02
 -0.6608544982558E+02
 -0.6483328522917E+02
 -0.6231498579014E+02
 -0.5965096936181E+02
 -0.5749927373522E+02
 -0.5654943639090E+02
 -0.5648338549375E+02
 -0.5685568578581E+02
 -0.5420368470463E+02
  0.0000000000000E+00
  0.0000000000000E+00
  0.0000000000000E+00
 -0.6519959589520E+02
 -0.6230437375564E+02
 -0.5907743852735E+02
 -0.5520350224722E+02
 -0.5320069718333E+02
 -0.5296420176084E+02
 -0.5357206067394E+02
 -0.5493469802672E+02
 -0.5655163954641E+02
 -0.5792533853633E+02
 -0.5873229520064E+02
 -0.5920049081062E+02
 -0.5960516958425E+02
 -0.6034235848738E+02
 -0.6153266190707E+02
 -0.5148315405713E+02
 -0.5213398447001E+02
 -0.5258104423919E+02
 -0.5279571418095E+02
 -0.5296661834609E+02
 -0.5306150232410E+02
 -0.5302443129009E+02
 -0.5288084218940E+02
 -0.5257825009795E+02
 -0.5187761361832E+02
 -0.5075235931988E+02
 -0.4928340397439E+02
 -0.4766334449237E+02
 -0.4629421969611E+02
 -0.4630255472222E+02
 -0.4759263436664E+02
 -0.4973570259662E+02
 -0.5093128176308E+02
  0.0000000000000E+00
  0.0000000000000E+00
  0.0000000000000E+00
 -0.6503717856392E+02
 -0.6083828891001E+02
 -0.5667360213137E+02
 -0.5327988692463E+02
 -0.5086543004742E+02
 -0.4929165154708E+02
 -0.4824245275767E+02
 -0.4769375461475E+02
 -0.4797251780134E+02
 -0.4829522686386E+02
 -0.4918102061813E+02
 -0.4936351482020E+02
 -0.4961558067033E+02
 -0.5007169393479E+02
 -0.5073040370643E+02
 -0.4470813565046E+02
 -0.4477226167765E+02
 -0.4473527064665E+02
 -0.4546164001110E+02
 -0.4571531495470E+02
 -0.4576170038573E+02
 -0.4570741672239E+02
 -0.4558684277103E+02
 -0.4534536925282E+02
 -0.4493397087344E+02
 -0.4431920781299E+02
 -0.4351316445164E+02
 -0.4253834472997E+02
 -0.4153388556514E+02
 -0.4136849619428E+02
 -0.4320824183936E+02
 -0.4569522924344E+02
 -0.5011170103351E+02
  0.0000000000000E+00
  0.0000000000000E+00
  0.0000000000000E+00
 -0.6088364532827E+02
 -0.5708705742112E+02
 -0.5348130099769E+02
 -0.5119515848275E+02
 -0.4963481652548E+02
 -0.4836970949164E+02
 -0.4754371727818E+02
 -0.4688487248576E+02
 -0.4632576679826E+02
 -0.4585159874281E+02
 -0.4545707814954E+02
 -0.4512881397418E+02
 -0.4485681203369E+02
 -0.4468208370936E+02
 -0.4465196040982E+02
 -0.4370053610899E+02
 -0.4354992498157E+02
 -0.4335449788839E+02
 -0.4309368402281E+02
 -0.4283438011534E+02
 -0.4260305747851E+02
 -0.4242995129239E+02
 -0.4229991322302E+02
 -0.4219102359614E+02
 -0.4198174047591E+02
 -0.4168383424856E+02
 -0.4127416707831E+02
 -0.4075987198151E+02
 -0.4027490294477E+02
 -0.3986067798351E+02
 -0.4093638496656E+02
 -0.4302335930039E+02
 -0.4817947780256E+02
 -0.4729993733726E+02
 -0.4701371322653E+02
 -0.4654336736051E+02
 -0.4661059634858E+02
 -0.4507027886304E+02
 -0.4511249672226E+02
 -0.4543864962149E+02
 -0.4510812294247E+02
 -0.4536346776054E+02
 -0.4544529705411E+02
 -0.4510915065573E+02
 -0.4502214446558E+02
 -0.4487420890435E+02
 -0.4466170062703E+02
 -0.4444975698654E+02
 -0.4426995670376E+02
 -0.4380631362722E+02
 -0.4373778132742E+02
 -0.4392831458038E+02
 -0.4337817333665E+02
 -0.4329206571491E+02
 -0.4318316145568E+02
 -0.4303668424255E+02
 -0.4290240800948E+02
 -0.4282228209912E+02
 -0.4275336877068E+02
 -0.4271140538295E+02
 -0.4214141201483E+02
 -0.4205905018309E+02
 -0.4201790376956E+02
 -0.4198887896336E+02
 -0.4198949817015E+02
 -0.4186027840681E+02
 -0.4188175594310E+02
 -0.4279697697561E+02
 -0.4407702817914E+02
 -0.4436405571775E+02
 -0.4441330198931E+02
 -0.4380340102660E+02
 -0.4254315230329E+02
 -0.4172497811749E+02
 -0.4201952597539E+02
 -0.4217948405803E+02
 -0.4238328620401E+02
 -0.4303152514090E+02
 -0.4343370526972E+02
 -0.4368482835728E+02
 -0.4372732227536E+02
 -0.4370930266930E+02
 -0.4357576741506E+02
 -0.4344711997962E+02
 -0.4376235050568E+02
 -0.4392198261757E+02
 -0.4393451182268E+02
 -0.4466996306227E+02
 -0.4464910062103E+02
 -0.4455716251896E+02
 -0.4444871998247E+02
 -0.4430787369979E+02
 -0.4421842896344E+02
 -0.4420664132091E+02
 -0.4411206988890E+02
 -0.4382851691748E+02
 -0.4374381159220E+02
 -0.4409990755684E+02
 -0.4451116655603E+02
 -0.4498574283958E+02
 -0.4552107765312E+02
 -0.4594361526986E+02
 -0.4572699521846E+02
 -0.4568248669114E+02
 -0.4580398947707E+02
 -0.4579525943086E+02
 -0.4533204676708E+02
 -0.4384387102121E+02
 -0.4379512339830E+02
 -0.4382787039624E+02
 -0.4426931475845E+02
 -0.4477875981310E+02
 -0.4547705891572E+02
 -0.4612688775509E+02
 -0.4609729858064E+02
 -0.4552793055334E+02
 -0.4498373159949E+02
 -0.4483578865209E+02
 -0.4485992736960E+02
 -0.4483782837401E+02
 -0.4496719080719E+02
 -0.4514913521823E+02
 -0.4481008356131E+02
 -0.5066656390191E+02
 -0.5066143424140E+02
 -0.5060257167519E+02
 -0.5052362843938E+02
 -0.5011590611119E+02
 -0.4999122595081E+02
 -0.4993298034410E+02
 -0.4993444230045E+02
 -0.4998593284047E+02
 -0.5011295147905E+02
 -0.5034385244083E+02
 -0.5047889645779E+02
 -0.5033615593064E+02
 -0.5045435408513E+02
 -0.5053266080303E+02
 -0.5051167045574E+02
 -0.5052458191005E+02
 -0.5054577975354E+02
 -0.5060276346884E+02
 -0.5068631301462E+02
 -0.5076998574105E+02
 -0.5077231601543E+02
 -0.5068844278211E+02
 -0.5063198307840E+02
 -0.5059445688323E+02
 -0.5063126285381E+02
 -0.5084067253737E+02
 -0.5090767673180E+02
 -0.5085931963577E+02
 -0.5074922320974E+02
 -0.5059808536699E+02
 -0.5046230110915E+02
 -0.5041645334770E+02
 -0.5044872681938E+02
 -0.5054128465651E+02
 -0.5062228939629E+02
 -0.8351076660953E+01
 -0.8249188931913E+01
 -0.8096394323615E+01
 -0.8349275684150E+01
 -0.0000000000000E+00
 -0.0000000000000E+00
 -0.0000000000000E+00
 -0.0000000000000E+00
 -0.7298234491364E+01
 -0.0000000000000E+00
 -0.0000000000000E+00
 -0.5432042400703E+02
 -0.5424301336434E+02
 -0.5423144991683E+02
 -0.5427321014786E+02
 -0.5437517478570E+02
 -0.5456950110709E+02
 -0.5488482108311E+02
 -0.0000000000000E+00
 -0.1196322896207E+02
 -0.7954708327009E+01
 -0.6185812610001E+01
 -0.6277582975670E-01
 -0.5073540800586E-01
 -0.3997458095072E-01
 -0.2985334803113E-01
 -0.0000000000000E+00
 -0.0000000000000E+00
 -0.0000000000000E+00
 -0.0000000000000E+00
 -0.0000000000000E+00
 -0.0000000000000E+00
 -0.0000000000000E+00
 -0.0000000000000E+00
 -0.0000000000000E+00
 -0.0000000000000E+00
  0.0000000000000E+00
  0.1671275234333E-06
  0.3945259507400E-06
  0.5396583799055E-06
  0.5567740534399E-06
  0.0000000000000E+00
  0.6321423826474E-06
  0.6004281700890E-06
  0.3876930312416E-06
  0.1216619845744E-06
  0.0000000000000E+00
  0.0000000000000E+00
  0.0000000000000E+00
  0.0000000000000E+00
  0.0000000000000E+00
  0.0000000000000E+00
  0.0000000000000E+00
  0.0000000000000E+00
  0.0000000000000E+00
  0.0000000000000E+00
  0.0000000000000E+00
  0.0000000000000E+00
  0.0000000000000E+00
  0.0000000000000E+00
  0.0000000000000E+00
  0.0000000000000E+00
  0.0000000000000E+00
  0.0000000000000E+00
  0.0000000000000E+00
  0.0000000000000E+00
  0.0000000000000E+00
  0.0000000000000E+00
  0.0000000000000E+00
  0.0000000000000E+00
  0.0000000000000E+00
  0.0000000000000E+00
  0.3721249650814E-06
  0.0000000000000E+00
  0.0000000000000E+00
  0.0000000000000E+00
  0.7170800028834E-06
  0.1310754075037E-05
  0.1352295350948E-05
  0.1302332138438E-05
  0.1085221357004E-05
  0.0000000000000E+00
  0.0000000000000E+00
  0.0000000000000E+00
  0.0000000000000E+00
  0.0000000000000E+00
  0.0000000000000E+00
  0.0000000000000E+00
  0.0000000000000E+00
  0.0000000000000E+00
  0.0000000000000E+00
  0.0000000000000E+00
  0.0000000000000E+00
  0.0000000000000E+00
  0.0000000000000E+00
  0.0000000000000E+00
  0.0000000000000E+00
  0.0000000000000E+00
  0.0000000000000E+00
  0.0000000000000E+00
  0.0000000000000E+00
  0.0000000000000E+00
  0.0000000000000E+00
  0.0000000000000E+00
  0.0000000000000E+00
  0.0000000000000E+00
  0.0000000000000E+00
  0.2891566963931E-06
  0.4822151451876E-05
  0.5652312766144E-05
  0.5630644695051E-05
  0.3896017818629E-05
  0.2604704434875E-05
  0.4069340487889E-05
  0.4704102025000E-05
  0.5985784957123E-05
  0.6580243373196E-05
  0.6120158303074E-05
  0.0000000000000E+00
  0.0000000000000E+00
  0.0000000000000E+00
  0.0000000000000E+00
  0.0000000000000E+00
  0.0000000000000E+00
  0.0000000000000E+00
  0.0000000000000E+00
  0.0000000000000E+00
  0.0000000000000E+00
  0.0000000000000E+00
  0.0000000000000E+00
  0.0000000000000E+00
  0.0000000000000E+00
  0.0000000000000E+00
  0.0000000000000E+00
  0.0000000000000E+00
  0.0000000000000E+00
  0.0000000000000E+00
  0.0000000000000E+00
  0.0000000000000E+00
  0.0000000000000E+00
  0.0000000000000E+00
  0.0000000000000E+00
  0.2685094079178E-05
  0.4820760259588E-05
  0.1230626465790E-04
  0.1235531026074E-04
  0.1199989626819E-04
  0.1120722340596E-04
  0.8445678361281E-05
  0.8353727597018E-05
  0.9662668548477E-05
  0.1087720576421E-04
  0.1147103873791E-04
  0.1064972797551E-04
  0.3810088246420E-05
  0.0000000000000E+00
  0.0000000000000E+00
  0.0000000000000E+00
  0.0000000000000E+00
  0.0000000000000E+00
  0.0000000000000E+00
  0.0000000000000E+00
  0.0000000000000E+00
  0.0000000000000E+00
  0.0000000000000E+00
  0.0000000000000E+00
  0.0000000000000E+00
  0.0000000000000E+00
  0.0000000000000E+00
  0.0000000000000E+00
  0.0000000000000E+00
  0.0000000000000E+00
  0.0000000000000E+00
  0.0000000000000E+00
  0.0000000000000E+00
  0.0000000000000E+00
  0.2049175142073E-05
  0.6424147004591E-05
  0.1054691820063E-04
  0.1179343104881E-04
  0.1930330627250E-04
  0.1876841299280E-04
  0.1765740448880E-04
  0.1701718680093E-04
  0.1589828346369E-04
  0.1525399726012E-04
  0.1518118286651E-04
  0.1529418469684E-04
  0.1494097737028E-04
  0.1417434875953E-04
  0.1060081836127E-04
  0.2852782478510E-05
  0.0000000000000E+00
  0.0000000000000E+00
  0.0000000000000E+00
  0.0000000000000E+00
  0.0000000000000E+00
  0.0000000000000E+00
  0.0000000000000E+00
  0.0000000000000E+00
  0.0000000000000E+00
  0.0000000000000E+00
  0.0000000000000E+00
  0.0000000000000E+00
  0.0000000000000E+00
  0.0000000000000E+00
  0.0000000000000E+00
  0.0000000000000E+00
  0.0000000000000E+00
  0.0000000000000E+00
  0.0000000000000E+00
  0.0000000000000E+00
  0.8466994430424E-05
  0.1492152837516E-04
  0.1746392865061E-04
  0.1845097412109E-04
  0.2563816837139E-04
  0.2390361507782E-04
  0.2202660767796E-04
  0.2136513641700E-04
  0.2108045800503E-04
  0.2076326521239E-04
  0.2038524590839E-04
  0.1982347475179E-04
  0.1887810423443E-04
  0.1805377685199E-04
  0.1626509865237E-04
  0.1023985817819E-04
  0.4388564599480E-05
  0.0000000000000E+00
  0.0000000000000E+00
  0.0000000000000E+00
  0.0000000000000E+00
  0.0000000000000E+00
  0.0000000000000E+00
  0.0000000000000E+00
  0.0000000000000E+00
  0.0000000000000E+00
  0.0000000000000E+00
  0.0000000000000E+00
  0.0000000000000E+00
  0.0000000000000E+00
  0.0000000000000E+00
  0.0000000000000E+00
  0.0000000000000E+00
  0.0000000000000E+00
  0.0000000000000E+00
  0.0000000000000E+00
  0.1322267533645E-04
  0.2059970940746E-04
  0.2384206495217E-04
  0.2532533891181E-04
  0.2980353599541E-04
  0.2587663577111E-04
  0.2299766011143E-04
  0.2222483874499E-04
  0.2261681257137E-04
  0.2289428243988E-04
  0.2297409013498E-04
  0.2264921974689E-04
  0.2199439233113E-04
  0.2178097904109E-04
  0.2121605560040E-04
  0.1795564587777E-04
  0.1080419551753E-04
  0.0000000000000E+00
  0.0000000000000E+00
  0.0000000000000E+00
  0.0000000000000E+00
  0.0000000000000E+00
  0.0000000000000E+00
  0.7421932953408E-06
  0.3624664707667E-05
  0.3784251678148E-05
  0.0000000000000E+00
  0.0000000000000E+00
  0.0000000000000E+00
  0.0000000000000E+00
  0.0000000000000E+00
  0.0000000000000E+00
  0.0000000000000E+00
  0.0000000000000E+00
  0.0000000000000E+00
  0.0000000000000E+00
  0.1498489084988E-04
  0.2706212842657E-04
  0.3081267008128E-04
  0.3206016916825E-04
  0.2900721724345E-04
  0.2501515775186E-04
  0.2450166050751E-04
  0.2507825066129E-04
  0.2486851085431E-04
  0.2389184751982E-04
  0.2222201047792E-04
  0.1979934965671E-04
  0.1714384071377E-04
  0.1800138364627E-04
  0.2201851020114E-04
  0.2154393973984E-04
  0.1631569705156E-04
  0.1428687894717E-04
  0.1112897923793E-04
  0.0000000000000E+00
  0.0000000000000E+00
  0.5978041715235E-05
  0.7875008598092E-05
  0.9286308379251E-05
  0.1646946649587E-04
  0.1681803787758E-04
  0.1194315102246E-04
  0.9114652746044E-05
  0.8010435699191E-05
  0.8234576683260E-05
  0.1150471163502E-04
  0.1115622149523E-04
  0.1006602642728E-04
  0.0000000000000E+00
  0.0000000000000E+00
  0.0000000000000E+00
  0.2192532184842E-04
  0.3327126886600E-04
  0.3325250193506E-04
  0.3361015245182E-04
  0.3312577930805E-04
  0.3390566353582E-04
  0.3491804956180E-04
  0.3541176349292E-04
  0.3561840501500E-04
  0.3550469400908E-04
  0.3488530352358E-04
  0.3396865436849E-04
  0.3259265855725E-04
  0.3026044864651E-04
  0.2673462028746E-04
  0.1960434928592E-04
  0.2043041503588E-04
  0.1971795061366E-04
  0.1663695628015E-04
  0.0000000000000E+00
  0.0000000000000E+00
  0.8827762462113E-05
  0.1436450590584E-04
  0.1626413818755E-04
  0.2267659681322E-04
  0.2184942432485E-04
  0.1358347861186E-04
  0.1487483074378E-04
  0.1265792902439E-04
  0.1556939342189E-04
  0.1831772130255E-04
  0.1755690690112E-04
  0.1151708426086E-04
  0.0000000000000E+00
  0.0000000000000E+00
  0.0000000000000E+00
  0.2535780557713E-04
  0.2482858280524E-04
  0.2827342680633E-04
  0.3290999424163E-04
  0.3908019313778E-04
  0.3996634622468E-04
  0.4070859876054E-04
  0.4127209877784E-04
  0.4170576592736E-04
  0.4186853329230E-04
  0.4152232102595E-04
  0.4058911590332E-04
  0.3915140281187E-04
  0.3749768533642E-04
  0.3582133213391E-04
  0.3457390142576E-04
  0.2919675223557E-04
  0.2479385702219E-04
  0.2068930160924E-04
  0.2150849295675E-04
  0.0000000000000E+00
  0.1306546049313E-04
  0.1964370140981E-04
  0.0000000000000E+00
  0.2388425720003E-04
  0.2809410826677E-04
  0.3034238557955E-04
  0.2762522313541E-04
  0.2607047703148E-04
  0.2463165503222E-04
  0.2391200564454E-04
  0.2423297474211E-04
  0.2380413452648E-04
  0.0000000000000E+00
  0.0000000000000E+00
  0.0000000000000E+00
  0.2863041278916E-04
  0.3339421187120E-04
  0.3669930177696E-04
  0.3827422517848E-04
  0.4337820717623E-04
  0.4427107343823E-04
  0.4495919435691E-04
  0.4570592882203E-04
  0.4651197530035E-04
  0.4695928682410E-04
  0.4683393092280E-04
  0.4587165642148E-04
  0.4414985240490E-04
  0.4210578603857E-04
  0.4021842935915E-04
  0.3824679886595E-04
  0.3445778968623E-04
  0.0000000000000E+00
  0.2844681816586E-04
  0.2721610978314E-04
  0.0000000000000E+00
  0.0000000000000E+00
  0.2452328268733E-04
  0.2933081187818E-04
  0.3306194644920E-04
  0.3487296609586E-04
  0.3524153240286E-04
  0.3343680114222E-04
  0.2911186956200E-04
  0.3229695395649E-04
  0.3010719084864E-04
  0.3082208044217E-04
  0.2762785686850E-04
  0.2521997622411E-04
  0.0000000000000E+00
  0.0000000000000E+00
  0.3303219273718E-04
  0.3925959934618E-04
  0.4135362757289E-04
  0.4257367871706E-04
  0.4663611007591E-04
  0.4724119076808E-04
  0.4789359191622E-04
  0.4875046020171E-04
  0.4959658037695E-04
  0.5001349114903E-04
  0.4970008616600E-04
  0.4854407304302E-04
  0.4703718446276E-04
  0.4561096903946E-04
  0.4422165923439E-04
  0.4234910917082E-04
  0.3887396443694E-04
  0.3506525288061E-04
  0.3541143237828E-04
  0.2978923762648E-04
  0.0000000000000E+00
  0.0000000000000E+00
  0.2940537111091E-04
  0.3553764961973E-04
  0.3832083952492E-04
  0.4049885270604E-04
  0.4076489053582E-04
  0.3775886938988E-04
  0.0000000000000E+00
  0.2783693435201E-04
  0.3141679891823E-04
  0.3666084833058E-04
  0.3364411568362E-04
  0.3041237745619E-04
  0.0000000000000E+00
  0.0000000000000E+00
  0.3573568816202E-04
  0.4249054934332E-04
  0.4470407111156E-04
  0.4594524186913E-04
  0.4804787466571E-04
  0.4837035827083E-04
  0.4865487706605E-04
  0.4876904049545E-04
  0.4856821305090E-04
  0.4812716077846E-04
  0.4748412903493E-04
  0.4736578211912E-04
  0.4770873663652E-04
  0.4785721288667E-04
  0.4731653188038E-04
  0.4557583498851E-04
  0.4282894422826E-04
  0.3990505763001E-04
  0.3882257568727E-04
  0.3461188230473E-04
  0.0000000000000E+00
  0.0000000000000E+00
  0.2812736631223E-04
  0.4121032885701E-04
  0.4195717145448E-04
  0.4365580801517E-04
  0.4381652007448E-04
  0.4120953542116E-04
  0.0000000000000E+00
  0.0000000000000E+00
  0.0000000000000E+00
  0.3042975134021E-04
  0.3768047164241E-04
  0.3445071953666E-04
  0.0000000000000E+00
  0.0000000000000E+00
  0.3689108832967E-04
  0.4495152884462E-04
  0.4667957309915E-04
  0.4750576352180E-04
  0.4645495929834E-04
  0.4624883103174E-04
  0.4544841180792E-04
  0.4359726296211E-04
  0.4138956190765E-04
  0.3969532176866E-04
  0.4059259767920E-04
  0.4396558553784E-04
  0.4663992552842E-04
  0.4823607793075E-04
  0.4860895914808E-04
  0.4745376207816E-04
  0.4453524941642E-04
  0.4196000273466E-04
  0.4008112972683E-04
  0.3799086206342E-04
  0.0000000000000E+00
  0.0000000000000E+00
  0.0000000000000E+00
  0.3305802723483E-04
  0.4295850333809E-04
  0.4466329950068E-04
  0.4449975137622E-04
  0.4571452132453E-04
  0.3372148476425E-04
  0.0000000000000E+00
  0.0000000000000E+00
  0.0000000000000E+00
  0.3622839895697E-04
  0.3728282242888E-04
  0.0000000000000E+00
  0.0000000000000E+00
  0.3592181338427E-04
  0.4544500075858E-04
  0.4656296970715E-04
  0.4624070319753E-04
  0.3873548302219E-04
  0.3756667257530E-04
  0.3541681696505E-04
  0.3213105755744E-04
  0.2965315850640E-04
  0.3169165761832E-04
  0.3672119107925E-04
  0.4119628106327E-04
  0.4391159850127E-04
  0.4543845221388E-04
  0.4629017089903E-04
  0.4567571333648E-04
  0.4243365432414E-04
  0.4121680389945E-04
  0.4066755086302E-04
  0.4025771407690E-04
  0.0000000000000E+00
  0.0000000000000E+00
  0.0000000000000E+00
  0.3533376563954E-04
  0.4277768017956E-04
  0.4365472627563E-04
  0.4540075014449E-04
  0.4486839711728E-04
  0.3631826991861E-04
  0.3150738093630E-04
  0.0000000000000E+00
  0.0000000000000E+00
  0.3858122372526E-04
  0.3993338209077E-04
  0.0000000000000E+00
  0.3294668960439E-04
  0.4108119731231E-04
  0.4172793243467E-04
  0.4044124753860E-04
  0.3925681825405E-04
  0.3375150479252E-04
  0.3372538766538E-04
  0.3485632348569E-04
  0.3803830554565E-04
  0.4147930348781E-04
  0.4350153767568E-04
  0.4419245888304E-04
  0.4382175023600E-04
  0.4262045361201E-04
  0.4097495279792E-04
  0.3942565713831E-04
  0.3955618004709E-04
  0.3868970930225E-04
  0.3863466770111E-04
  0.4069545497369E-04
  0.3978873370803E-04
  0.0000000000000E+00
  0.0000000000000E+00
  0.0000000000000E+00
  0.3599439389582E-04
  0.4381395118320E-04
  0.4614541250640E-04
  0.4569698463777E-04
  0.4476818083558E-04
  0.3502815774458E-04
  0.2746717127561E-04
  0.3201295442180E-04
  0.0000000000000E+00
  0.3946813594354E-04
  0.4160503389855E-04
  0.3562593213409E-04
  0.3962130780364E-04
  0.3830364152776E-04
  0.3577588652594E-04
  0.3368376494929E-04
  0.3379968278157E-04
  0.4814245062495E-04
  0.4968621984808E-04
  0.5078813387081E-04
  0.5152471198162E-04
  0.5197202266058E-04
  0.5221476153471E-04
  0.5204330387291E-04
  0.5045098284162E-04
  0.4673246218202E-04
  0.4299232221052E-04
  0.3993324856420E-04
  0.3746762825314E-04
  0.3620474520777E-04
  0.3271543659671E-04
  0.4274986732757E-04
  0.3733481876563E-04
  0.0000000000000E+00
  0.0000000000000E+00
  0.0000000000000E+00
  0.3819825675748E-04
  0.4398404291419E-04
  0.4660221799821E-04
  0.4459411865401E-04
  0.4434984643798E-04
  0.3842257375322E-04
  0.3865240388931E-04
  0.3997913399823E-04
  0.0000000000000E+00
  0.0000000000000E+00
  0.3609421875022E-04
  0.4188981042707E-04
  0.4109277502810E-04
  0.4139226946179E-04
  0.4166687621475E-04
  0.4432538662130E-04
  0.4657510853536E-04
  0.5334252703948E-04
  0.5370290502610E-04
  0.5376594839091E-04
  0.5369798736368E-04
  0.5375482405073E-04
  0.5393352086584E-04
  0.5400911360741E-04
  0.5370917745680E-04
  0.5281081811362E-04
  0.5123032623145E-04
  0.4871946545488E-04
  0.4543785771130E-04
  0.4094639288424E-04
  0.1666669365536E-04
  0.4674913516861E-04
  0.4729230586828E-04
  0.0000000000000E+00
  0.0000000000000E+00
  0.0000000000000E+00
  0.3255800806199E-04
  0.4163860685011E-04
  0.3910724890503E-04
  0.3587605170132E-04
  0.3878462799193E-04
  0.3936986187535E-04
  0.3966730222851E-04
  0.3556539871288E-04
  0.2751463521735E-04
  0.0000000000000E+00
  0.3608649226283E-04
  0.4481896157812E-04
  0.4456502897834E-04
  0.4694307735102E-04
  0.4931859247114E-04
  0.5143211364135E-04
  0.5266001412536E-04
  0.5209665377781E-04
  0.5143310351710E-04
  0.5069368019278E-04
  0.5027288849521E-04
  0.5011732787116E-04
  0.4991535602914E-04
  0.4953461748233E-04
  0.4916020915999E-04
  0.4888011366570E-04
  0.4842444465683E-04
  0.4737513289721E-04
  0.4592330147972E-04
  0.4452496935855E-04
  0.3708393556019E-04
  0.4050091756432E-04
  0.4718122299355E-04
  0.0000000000000E+00
  0.0000000000000E+00
  0.0000000000000E+00
  0.4388752718238E-04
  0.4633816074024E-04
  0.3212909552559E-04
  0.4216993054141E-04
  0.2671795813778E-04
  0.2002530778417E-04
  0.2651633681899E-04
  0.3223300605210E-04
  0.4457037973828E-04
  0.0000000000000E+00
  0.3139329150359E-04
  0.4220004270836E-04
  0.4289069142114E-04
  0.4569282984585E-04
  0.4919284185234E-04
  0.5147932176550E-04
  0.5223783429942E-04
  0.4176550245879E-04
  0.4140378333946E-04
  0.4119192900896E-04
  0.4102558456394E-04
  0.4093867207375E-04
  0.4071817455414E-04
  0.4031078994496E-04
  0.4003860555446E-04
  0.3988449966896E-04
  0.3990347746652E-04
  0.4002788971799E-04
  0.4050844376209E-04
  0.4299803079273E-04
  0.4771884893328E-04
  0.3279760567654E-04
  0.3514510128464E-04
  0.0000000000000E+00
  0.0000000000000E+00
  0.0000000000000E+00
  0.4851699331210E-04
  0.4907696783810E-04
  0.4775394982574E-04
  0.4796210482722E-04
  0.4730081489824E-04
  0.4240190236017E-04
  0.4537252368152E-04
  0.4897109578453E-04
  0.5070221181375E-04
  0.4244313260692E-04
  0.4362895876243E-04
  0.3966683380011E-04
  0.3716507270320E-04
  0.3788737793977E-04
  0.4131262280469E-04
  0.4277522736696E-04
  0.4234653518553E-04
  0.4516998404418E-04
  0.4457509020470E-04
  0.4426654855330E-04
  0.4417686503853E-04
  0.4449388216693E-04
  0.4504221791170E-04
  0.4554502704142E-04
  0.4599341065588E-04
  0.4609518346716E-04
  0.4581688747984E-04
  0.4522049409640E-04
  0.4466565043238E-04
  0.4739753245922E-04
  0.5169035787141E-04
  0.5361506122439E-04
  0.3606040125666E-04
  0.0000000000000E+00
  0.0000000000000E+00
  0.0000000000000E+00
  0.5050899470268E-04
  0.4473338079515E-04
  0.4953031233008E-04
  0.0000000000000E+00
  0.4903331182406E-04
  0.5185258767362E-04
  0.5373191990730E-04
  0.5342419517316E-04
  0.5225104139881E-04
  0.4989595671766E-04
  0.5200380135557E-04
  0.4929724418012E-04
  0.4509788762784E-04
  0.4426912924724E-04
  0.4569543141562E-04
  0.4614964663296E-04
  0.4586047426073E-04
  0.5230878978520E-04
  0.5120268563816E-04
  0.4991607792046E-04
  0.4876180543179E-04
  0.4788428962105E-04
  0.4760886947152E-04
  0.4804367892117E-04
  0.4906857750711E-04
  0.5017179019395E-04
  0.5119820488759E-04
  0.5221545364964E-04
  0.5288014780217E-04
  0.5248013806289E-04
  0.4811024816599E-04
  0.5499187406069E-04
  0.6023126104295E-04
  0.4000400544913E-04
  0.3759793952102E-04
  0.4610405970228E-04
  0.5645509646281E-04
  0.4524210940905E-04
  0.4549560269994E-04
  0.0000000000000E+00
  0.5070525217988E-04
  0.5242027143963E-04
  0.5430498204783E-04
  0.5582912813085E-04
  0.5320169173821E-04
  0.5282648923187E-04
  0.5649215423826E-04
  0.5649668590730E-04
  0.5524628806131E-04
  0.5346461998246E-04
  0.5378051184528E-04
  0.5357736963542E-04
  0.5311948765891E-04
  0.5597541791071E-04
  0.5636027105281E-04
  0.5651823405544E-04
  0.5599391549264E-04
  0.5470881444792E-04
  0.5331489544672E-04
  0.5215693227668E-04
  0.5188221294446E-04
  0.5245597640432E-04
  0.5339295741167E-04
  0.5439744659910E-04
  0.5511925851846E-04
  0.5480442070192E-04
  0.5272709068165E-04
  0.4936763957142E-04
  0.4203778919809E-04
  0.4885386445944E-04
  0.5112719615495E-04
  0.5521569884891E-04
  0.5826751741924E-04
  0.5283786817410E-04
  0.0000000000000E+00
  0.4984483814314E-04
  0.5668863690395E-04
  0.5488329753305E-04
  0.5637297297212E-04
  0.5665063800115E-04
  0.5564080107042E-04
  0.5318437636576E-04
  0.5239599319400E-04
  0.5293076422019E-04
  0.5455758425999E-04
  0.5500006476940E-04
  0.5501981982995E-04
  0.5523207679830E-04
  0.5565549094621E-04
  0.5603060365399E-04
  0.5621674629816E-04
  0.5664841415316E-04
  0.5723220902016E-04
  0.5770976276263E-04
  0.5756720643942E-04
  0.5660713955686E-04
  0.5510063947200E-04
  0.5411673219971E-04
  0.5411385570439E-04
  0.5468600961355E-04
  0.5531603186122E-04
  0.5581029500768E-04
  0.5614881313640E-04
  0.5677882033249E-04
  0.5710714529257E-04
  0.5843723642237E-04
  0.5656013914600E-04
  0.5685657630961E-04
  0.5787398029710E-04
  0.5495141265083E-04
  0.0000000000000E+00
  0.4564354158132E-04
  0.5718749891199E-04
  0.5748796095507E-04
  0.5870026501506E-04
  0.5817287378050E-04
  0.5702869425223E-04
  0.5537721545982E-04
  0.5570274097162E-04
  0.5601528253274E-04
  0.5636136120696E-04
  0.5685321099631E-04
  0.5729557878546E-04
  0.5640053925986E-04
  0.5614416290225E-04
  0.5847901841764E-04
  0.5850939505921E-04
  0.5856384869799E-04
  0.5849085492691E-04
  0.5859160216690E-04
  0.5866746976484E-04
  0.5828266140036E-04
  0.5716889193667E-04
  0.5568391917564E-04
  0.5440636520039E-04
  0.5392408830601E-04
  0.5409787408375E-04
  0.5466128995742E-04
  0.5588580612622E-04
  0.5772331931520E-04
  0.5820948526543E-04
  0.5729052016698E-04
  0.5582227583703E-04
  0.5671282870930E-04
  0.5890702310228E-04
  0.5833605010065E-04
  0.4393733336492E-04
  0.5767914571362E-04
  0.5764854562261E-04
  0.5900417765970E-04
  0.5910335974623E-04
  0.5842978667152E-04
  0.5756062069108E-04
  0.5741593101346E-04
  0.5817434228678E-04
  0.5910189634702E-04
  0.5991715873862E-04
  0.6036754235856E-04
  0.6010914905244E-04
  0.5929427631092E-04
  0.5875594161101E-04
  0.5705363038911E-04
  0.5700468081647E-04
  0.5732457253152E-04
  0.5780305123978E-04
  0.5810756977750E-04
  0.5805097705392E-04
  0.5747006227870E-04
  0.5653452360520E-04
  0.5532948778476E-04
  0.5381095568064E-04
  0.5247823669077E-04
  0.5183301211642E-04
  0.5184521568089E-04
  0.5223252392457E-04
  0.5271487827909E-04
  0.5303363780012E-04
  0.5286031536562E-04
  0.5279120333565E-04
  0.5340009247016E-04
  0.5520567485938E-04
  0.5740996395268E-04
  0.4951215649521E-04
  0.5210164516083E-04
  0.5340739807515E-04
  0.5487776021281E-04
  0.5549784189482E-04
  0.5561644617207E-04
  0.5524238920232E-04
  0.5523328290679E-04
  0.5578480672310E-04
  0.5670478797179E-04
  0.5763405218312E-04
  0.5824281372750E-04
  0.5824886144263E-04
  0.5789042031511E-04
  0.5741618990112E-04
  0.5268889779921E-04
  0.5255837352517E-04
  0.5277747073643E-04
  0.5331855271301E-04
  0.5370267111221E-04
  0.5382168524010E-04
  0.5360929998501E-04
  0.5302984580238E-04
  0.5206846529819E-04
  0.5072648745241E-04
  0.4924200537045E-04
  0.4802690159114E-04
  0.4739576904925E-04
  0.4698450545748E-04
  0.4644996763233E-04
  0.4610259810765E-04
  0.4658531953687E-04
  0.4837874845718E-04
  0.4889408772108E-04
  0.5091173148202E-04
  0.5234752264732E-04
  0.2636036467515E-04
  0.3709955577193E-04
  0.4337988551266E-04
  0.4680675464751E-04
  0.4846106503910E-04
  0.4937077833584E-04
  0.4969092248241E-04
  0.5018183736079E-04
  0.5081689564340E-04
  0.5157041688383E-04
  0.5239556931769E-04
  0.5303368386683E-04
  0.5328351807582E-04
  0.5325032017129E-04
  0.5297597830200E-04
  0.4364902096400E-04
  0.4365964586152E-04
  0.4391478480568E-04
  0.4456762331393E-04
  0.4509096949469E-04
  0.4535876489486E-04
  0.4530564061862E-04
  0.4483096723441E-04
  0.4388598344332E-04
  0.4238216352670E-04
  0.3989198146523E-04
  0.3634558574480E-04
  0.3272438607158E-04
  0.3261415706445E-04
  0.3552301392296E-04
  0.3762148402740E-04
  0.4081203091219E-04
  0.4447862509585E-04
  0.4763463874955E-04
  0.5061464064102E-04
  0.5225625114523E-04
  0.6169297137425E-04
  0.5809368254655E-04
  0.4850653250544E-04
  0.4310002114164E-04
  0.4185800888861E-04
  0.4074987262666E-04
  0.3940856687671E-04
  0.3912528997712E-04
  0.4004558088086E-04
  0.4126500437394E-04
  0.4245468679033E-04
  0.4332258226491E-04
  0.4391756917689E-04
  0.4410748205203E-04
  0.4387820404581E-04
  0.3795431138309E-04
  0.3683551202283E-04
  0.3595334828911E-04
  0.3623927267519E-04
  0.3643449183829E-04
  0.3635724061394E-04
  0.3606307458698E-04
  0.3539386618779E-04
  0.3422178168281E-04
  0.3400917109389E-04
  0.3554510757859E-04
  0.3779107598937E-04
  0.3941057670853E-04
  0.4060061615235E-04
  0.4344802058044E-04
  0.4645726190656E-04
  0.4746955966285E-04
  0.4896214935072E-04
  0.0000000000000E+00
  0.0000000000000E+00
  0.0000000000000E+00
  0.5132143901743E-04
  0.7047586271636E-04
  0.6483851601512E-04
  0.5662200347215E-04
  0.5170970071291E-04
  0.4903809250931E-04
  0.4662600986738E-04
  0.4458101057538E-04
  0.4251356198519E-04
  0.4087624934583E-04
  0.3995843744558E-04
  0.3978129198297E-04
  0.3995601542109E-04
  0.3987084311677E-04
  0.3915745651654E-04
  0.4197715517857E-04
  0.4196388692569E-04
  0.4177822717053E-04
  0.4132745323942E-04
  0.4096705716697E-04
  0.4086574511099E-04
  0.4092202947236E-04
  0.4091483831287E-04
  0.4091505300180E-04
  0.4069298760231E-04
  0.4011736332380E-04
  0.3928329485223E-04
  0.3826876610434E-04
  0.3762512254332E-04
  0.3983242436818E-04
  0.4463139353273E-04
  0.4844242394572E-04
  0.4756952686408E-04
  0.0000000000000E+00
  0.0000000000000E+00
  0.0000000000000E+00
  0.4181650310596E-04
  0.6153378828371E-04
  0.6409856070237E-04
  0.6190633330319E-04
  0.5842690910979E-04
  0.5434838786997E-04
  0.5010444977355E-04
  0.4630874021360E-04
  0.4423453326240E-04
  0.4261999433653E-04
  0.4288874587307E-04
  0.4207999891090E-04
  0.4170173037873E-04
  0.4167641982138E-04
  0.4181717657501E-04
  0.3659769734882E-04
  0.3604295319504E-04
  0.3543750265567E-04
  0.3651447777742E-04
  0.3672036377965E-04
  0.3679171779379E-04
  0.3688580851560E-04
  0.3703924011485E-04
  0.3718913191775E-04
  0.3719671515657E-04
  0.3701406798061E-04
  0.3662486623307E-04
  0.3586069455018E-04
  0.3489028760273E-04
  0.3551030510471E-04
  0.4050348982663E-04
  0.4504218003401E-04
  0.4944618457378E-04
  0.0000000000000E+00
  0.0000000000000E+00
  0.0000000000000E+00
  0.3304165651982E-04
  0.4465381129618E-04
  0.4753561743426E-04
  0.5030789791349E-04
  0.5175204897919E-04
  0.5131548116918E-04
  0.5035744536328E-04
  0.4871437988473E-04
  0.4656595896000E-04
  0.4438939253728E-04
  0.4243915392365E-04
  0.4079618936908E-04
  0.3938315075779E-04
  0.3814448321348E-04
  0.3724001807800E-04
  0.3555418779090E-04
  0.3503707518453E-04
  0.3451191467638E-04
  0.3391814304922E-04
  0.3338000386137E-04
  0.3299191843895E-04
  0.3281227419531E-04
  0.3291389000215E-04
  0.3324832703871E-04
  0.3350829111292E-04
  0.3372755973135E-04
  0.3372353990747E-04
  0.3337413373303E-04
  0.3291403896650E-04
  0.3231786615992E-04
  0.3465027756477E-04
  0.3863322102324E-04
  0.4888779002566E-04
  0.4196293718563E-04
  0.3584718406068E-04
  0.2929482670568E-04
  0.2782228550213E-04
  0.2748862044279E-04
  0.2921419716828E-04
  0.3254752720546E-04
  0.3487998473906E-04
  0.3799422133213E-04
  0.4012045430973E-04
  0.4051481576373E-04
  0.4079101358546E-04
  0.4042382503327E-04
  0.3965417328343E-04
  0.3878653760298E-04
  0.3796025724249E-04
  0.3646443004025E-04
  0.3591422835677E-04
  0.3082675420413E-04
  0.2996408530425E-04
  0.2997161230051E-04
  0.2997757505580E-04
  0.2986099601682E-04
  0.2969383801919E-04
  0.2965020008849E-04
  0.2974082542238E-04
  0.2999967928792E-04
  0.2934508674721E-04
  0.2958450533133E-04
  0.2983710615401E-04
  0.2996442199898E-04
  0.2992886235360E-04
  0.2945613747791E-04
  0.2918028919340E-04
  0.3074909623728E-04
  0.3333474802186E-04
  0.3195739700594E-04
  0.2885391737108E-04
  0.2547238473058E-04
  0.2282745209149E-04
  0.2159565170294E-04
  0.2147123355778E-04
  0.2136423768988E-04
  0.2191512779437E-04
  0.2370321450357E-04
  0.2567552709306E-04
  0.2760705054457E-04
  0.2891960866833E-04
  0.2965892237928E-04
  0.2987540536506E-04
  0.2982811231514E-04
  0.3039505699375E-04
  0.3064637825426E-04
  0.3071905184804E-04
  0.2101950766971E-04
  0.2152558390334E-04
  0.2180481065169E-04
  0.2195579730954E-04
  0.2189524311293E-04
  0.2180561958189E-04
  0.2186293084387E-04
  0.2183612684227E-04
  0.2155280413810E-04
  0.2143656035264E-04
  0.2175069512290E-04
  0.2200598935482E-04
  0.2212885900208E-04
  0.2207403941684E-04
  0.2180892029365E-04
  0.2112321756304E-04
  0.2161220033092E-04
  0.2359117355715E-04
  0.2318391541024E-04
  0.2223889330290E-04
  0.1995396395392E-04
  0.1916345975849E-04
  0.1798480375979E-04
  0.1691907840966E-04
  0.1586769215529E-04
  0.1494504932639E-04
  0.1451880261480E-04
  0.1514891345380E-04
  0.1650039003769E-04
  0.1779623352823E-04
  0.1884521070540E-04
  0.1960654650595E-04
  0.2005108995403E-04
  0.2047194419942E-04
  0.2087401767689E-04
  0.2073833584126E-04
  0.1114936722453E-04
  0.1113188905990E-04
  0.1108587754398E-04
  0.1103016822720E-04
  0.1079746951210E-04
  0.1072111941935E-04
  0.1068330324436E-04
  0.1068054129530E-04
  0.1070774614213E-04
  0.1077959380156E-04
  0.1091089317119E-04
  0.1099254148820E-04
  0.1092505923219E-04
  0.1100261592360E-04
  0.1106064425932E-04
  0.1106359904582E-04
  0.1107917026924E-04
  0.1108430244939E-04
  0.1108805680145E-04
  0.1109602716149E-04
  0.1111144687046E-04
  0.1109908442268E-04
  0.1105620970753E-04
  0.1104136841582E-04
  0.1104586901632E-04
  0.1109729872949E-04
  0.1124745434059E-04
  0.1131777011626E-04
  0.1131689975270E-04
  0.1127090712028E-04
  0.1119075707215E-04
  0.1111012229054E-04
  0.1107352806046E-04
  0.1107713529822E-04
  0.1111256682324E-04
  0.1114088284647E-04
  0.6180755016749E-05
  0.6140791035751E-05
  0.6097790779830E-05
  0.6147119246604E-05
  0.5359665707935E-05
  0.5441206572908E-05
  0.5609743202355E-05
  0.5891194672997E-05
  0.7664007427791E-05
  0.7450271792521E-05
  0.8059132242109E-05
  0.1032217389275E-04
  0.1030422858982E-04
  0.1030707331377E-04
  0.1032422714687E-04
  0.1035719711775E-04
  0.1041823652431E-04
  0.1051716302152E-04
  0.6861464466999E-05
  0.7641824360635E-05
  0.6309223803428E-05
  0.5446387722303E-05
  0.3146516251441E-05
  0.3032575222636E-05
  0.3050836758881E-05
  0.3182701482758E-05
  0.3362175438999E-05
  0.3575344186422E-05
  0.3689662268286E-05
  0.3691522906710E-05
  0.3617675652891E-05
  0.3540158319225E-05
  0.3493885756699E-05
  0.3495109929798E-05
  0.3532866380963E-05
  0.3608863751637E-05
  0.0000000000000E+00
  0.3492770426792E-05
  0.3737889731466E-05
  0.3709422157127E-05
  0.3411688139021E-05
  0.0000000000000E+00
  0.3741807428441E-05
  0.4310900778407E-05
  0.4420936355080E-05
  0.4001458240353E-05
  0.2874573202081E-05
  0.2895668784880E-06
  0.0000000000000E+00
  0.0000000000000E+00
  0.0000000000000E+00
  0.0000000000000E+00
  0.0000000000000E+00
  0.0000000000000E+00
  0.0000000000000E+00
  0.0000000000000E+00
  0.0000000000000E+00
  0.0000000000000E+00
  0.0000000000000E+00
  0.0000000000000E+00
  0.0000000000000E+00
  0.0000000000000E+00
  0.0000000000000E+00
  0.0000000000000E+00
  0.0000000000000E+00
  0.0000000000000E+00
  0.0000000000000E+00
  0.0000000000000E+00
  0.1733935874210E-05
  0.3930001528456E-05
  0.4508486894112E-05
  0.4052431208355E-05
  0.4245795502734E-05
  0.0000000000000E+00
  0.0000000000000E+00
  0.0000000000000E+00
  0.3833615345454E-05
  0.4781971163739E-05
  0.5236696103862E-05
  0.5333317305275E-05
  0.4849082915224E-05
  0.0000000000000E+00
  0.4284081298425E-05
  0.4366727173795E-05
  0.3668960078667E-05
  0.1399380551082E-05
  0.0000000000000E+00
  0.0000000000000E+00
  0.0000000000000E+00
  0.0000000000000E+00
  0.0000000000000E+00
  0.0000000000000E+00
  0.0000000000000E+00
  0.0000000000000E+00
  0.0000000000000E+00
  0.0000000000000E+00
  0.0000000000000E+00
  0.0000000000000E+00
  0.0000000000000E+00
  0.0000000000000E+00
  0.0000000000000E+00
  0.0000000000000E+00
  0.0000000000000E+00
  0.0000000000000E+00
  0.1158245556266E-05
  0.4531845944443E-05
  0.5455707064441E-05
  0.5346871582865E-05
  0.9761836849155E-05
  0.9393283121846E-05
  0.9187945477029E-05
  0.8340606103476E-05
  0.7724856416096E-05
  0.8146351695632E-05
  0.8847384177942E-05
  0.9575245779286E-05
  0.9944808123977E-05
  0.9681327304445E-05
  0.0000000000000E+00
  0.5412818809682E-05
  0.4847157604488E-05
  0.2671889875711E-05
  0.0000000000000E+00
  0.0000000000000E+00
  0.0000000000000E+00
  0.0000000000000E+00
  0.0000000000000E+00
  0.0000000000000E+00
  0.0000000000000E+00
  0.0000000000000E+00
  0.0000000000000E+00
  0.0000000000000E+00
  0.0000000000000E+00
  0.0000000000000E+00
  0.0000000000000E+00
  0.0000000000000E+00
  0.0000000000000E+00
  0.0000000000000E+00
  0.0000000000000E+00
  0.0000000000000E+00
  0.1582218937437E-05
  0.5662056388791E-05
  0.7972416205019E-05
  0.9647324419849E-05
  0.1640962319279E-04
  0.1581695547940E-04
  0.1512087556163E-04
  0.1443781238475E-04
  0.1335595145448E-04
  0.1314424202405E-04
  0.1379414584761E-04
  0.1444992772621E-04
  0.1451971955523E-04
  0.1323269398487E-04
  0.1144024412026E-04
  0.6585229034003E-05
  0.0000000000000E+00
  0.0000000000000E+00
  0.0000000000000E+00
  0.0000000000000E+00
  0.0000000000000E+00
  0.0000000000000E+00
  0.0000000000000E+00
  0.0000000000000E+00
  0.0000000000000E+00
  0.0000000000000E+00
  0.0000000000000E+00
  0.0000000000000E+00
  0.0000000000000E+00
  0.0000000000000E+00
  0.0000000000000E+00
  0.0000000000000E+00
  0.0000000000000E+00
  0.0000000000000E+00
  0.0000000000000E+00
  0.0000000000000E+00
  0.3475232650288E-05
  0.9616862028304E-05
  0.1344673879583E-04
  0.1554127156462E-04
  0.2308344473557E-04
  0.2174994398172E-04
  0.2010444909122E-04
  0.1903002956243E-04
  0.1805633057995E-04
  0.1752044126359E-04
  0.1753509933106E-04
  0.1760165506118E-04
  0.1712192337189E-04
  0.1570908908618E-04
  0.1254114617447E-04
  0.8044836685819E-05
  0.0000000000000E+00
  0.0000000000000E+00
  0.0000000000000E+00
  0.0000000000000E+00
  0.0000000000000E+00
  0.0000000000000E+00
  0.0000000000000E+00
  0.0000000000000E+00
  0.0000000000000E+00
  0.0000000000000E+00
  0.0000000000000E+00
  0.0000000000000E+00
  0.0000000000000E+00
  0.0000000000000E+00
  0.0000000000000E+00
  0.0000000000000E+00
  0.0000000000000E+00
  0.0000000000000E+00
  0.0000000000000E+00
  0.0000000000000E+00
  0.4911501467218E-05
  0.1257326523116E-04
  0.1896850382581E-04
  0.2262819404003E-04
  0.2752315084625E-04
  0.2507025006059E-04
  0.2279762285870E-04
  0.2154514989216E-04
  0.2084264237051E-04
  0.2030247322993E-04
  0.1985566381907E-04
  0.1937142677134E-04
  0.1852853943812E-04
  0.1742366610352E-04
  0.1535644192643E-04
  0.1061666449708E-04
  0.4660890676084E-05
  0.0000000000000E+00
  0.0000000000000E+00
  0.0000000000000E+00
  0.0000000000000E+00
  0.0000000000000E+00
  0.0000000000000E+00
  0.0000000000000E+00
  0.0000000000000E+00
  0.9396401258392E-06
  0.7515624707442E-06
  0.0000000000000E+00
  0.0000000000000E+00
  0.0000000000000E+00
  0.0000000000000E+00
  0.0000000000000E+00
  0.0000000000000E+00
  0.0000000000000E+00
  0.0000000000000E+00
  0.0000000000000E+00
  0.6797797681867E-05
  0.1686690899549E-04
  0.2528762772336E-04
  0.2825834146660E-04
  0.2875604367382E-04
  0.2570492572049E-04
  0.2352799101797E-04
  0.2258631398679E-04
  0.2223321627371E-04
  0.2185674287398E-04
  0.2123757418847E-04
  0.2046084034844E-04
  0.1967148148805E-04
  0.1921871279099E-04
  0.1826145672657E-04
  0.1395872764583E-04
  0.5752176579191E-05
  0.0000000000000E+00
  0.0000000000000E+00
  0.0000000000000E+00
  0.0000000000000E+00
  0.0000000000000E+00
  0.0000000000000E+00
  0.0000000000000E+00
  0.4792336525964E-05
  0.8540739950898E-05
  0.5450601343904E-05
  0.0000000000000E+00
  0.0000000000000E+00
  0.0000000000000E+00
  0.1055026384364E-05
  0.1384972799507E-05
  0.0000000000000E+00
  0.0000000000000E+00
  0.0000000000000E+00
  0.0000000000000E+00
  0.9171982483295E-05
  0.2291056724349E-04
  0.3034991097488E-04
  0.3097332937843E-04
  0.2834191768041E-04
  0.2621885479965E-04
  0.2514890926113E-04
  0.2503263060619E-04
  0.2485041698276E-04
  0.2442269528107E-04
  0.2357579129086E-04
  0.2253530441696E-04
  0.2163220763352E-04
  0.2145491608511E-04
  0.2114508595524E-04
  0.1704451454123E-04
  0.8839852601999E-05
  0.0000000000000E+00
  0.0000000000000E+00
  0.0000000000000E+00
  0.0000000000000E+00
  0.0000000000000E+00
  0.0000000000000E+00
  0.3555742438424E-05
  0.1351976561987E-04
  0.1575550877812E-04
  0.1052001635478E-04
  0.3047016779990E-05
  0.7069952117311E-06
  0.2551097007934E-05
  0.6191551450050E-05
  0.7125602817270E-05
  0.0000000000000E+00
  0.0000000000000E+00
  0.0000000000000E+00
  0.0000000000000E+00
  0.1369787645376E-04
  0.2737827309166E-04
  0.3035249963304E-04
  0.3033620850495E-04
  0.3027230404873E-04
  0.2994099400035E-04
  0.2981335844588E-04
  0.3013627272247E-04
  0.3023914110822E-04
  0.3014849234796E-04
  0.2972257013096E-04
  0.2911701324793E-04
  0.2845724906101E-04
  0.2749935276678E-04
  0.2561588571332E-04
  0.2045785406243E-04
  0.1312125506342E-04
  0.3912870822025E-05
  0.0000000000000E+00
  0.0000000000000E+00
  0.0000000000000E+00
  0.5369776276263E-05
  0.6800636160914E-05
  0.7510169360218E-05
  0.1827577815109E-04
  0.1940685408398E-04
  0.1457320686930E-04
  0.9980779455343E-05
  0.6835657726757E-05
  0.8967416557826E-05
  0.1127563627912E-04
  0.1145862089694E-04
  0.9405188455364E-06
  0.0000000000000E+00
  0.0000000000000E+00
  0.0000000000000E+00
  0.1864277215668E-04
  0.2802761054526E-04
  0.2870819605005E-04
  0.3030413090948E-04
  0.3361214640535E-04
  0.3401024709382E-04
  0.3425926371810E-04
  0.3469534495812E-04
  0.3515430719939E-04
  0.3553942547088E-04
  0.3565339390566E-04
  0.3538884816357E-04
  0.3489547950812E-04
  0.3364610802616E-04
  0.3124091067897E-04
  0.2636160323437E-04
  0.1710299673312E-04
  0.8662200864676E-05
  0.2996379786079E-05
  0.0000000000000E+00
  0.0000000000000E+00
  0.8992695816648E-05
  0.1596890060870E-04
  0.0000000000000E+00
  0.2262481372739E-04
  0.2289146656718E-04
  0.2024883870667E-04
  0.1612965881113E-04
  0.1310987420828E-04
  0.1555293677301E-04
  0.1637123973878E-04
  0.1513841791645E-04
  0.4609967163659E-05
  0.0000000000000E+00
  0.0000000000000E+00
  0.0000000000000E+00
  0.2374052409854E-04
  0.3104631008336E-04
  0.3054864026798E-04
  0.3268140330624E-04
  0.3756201962957E-04
  0.3802393558062E-04
  0.3841067998101E-04
  0.3896502781758E-04
  0.3990662279841E-04
  0.4080831565234E-04
  0.4146207817449E-04
  0.4142599315926E-04
  0.4075495148165E-04
  0.3892612556967E-04
  0.3581401285329E-04
  0.3064410985392E-04
  0.2210408591885E-04
  0.0000000000000E+00
  0.1388881131524E-04
  0.0000000000000E+00
  0.0000000000000E+00
  0.0000000000000E+00
  0.2336528719478E-04
  0.1885263971800E-04
  0.2767470095306E-04
  0.2802361877398E-04
  0.2521078222538E-04
  0.1987236676421E-04
  0.1406893585904E-04
  0.2057283571447E-04
  0.1991425647680E-04
  0.1897634873305E-04
  0.1044568980922E-04
  0.0000000000000E+00
  0.0000000000000E+00
  0.0000000000000E+00
  0.2978021828325E-04
  0.3505060999354E-04
  0.3426947953117E-04
  0.3648668311346E-04
  0.4126511505571E-04
  0.4159823482777E-04
  0.4206801135989E-04
  0.4287632423253E-04
  0.4425625644049E-04
  0.4562567332088E-04
  0.4672619268483E-04
  0.4678838943771E-04
  0.4568175984256E-04
  0.4313442094291E-04
  0.3922793811759E-04
  0.3415587249644E-04
  0.2866182277122E-04
  0.2241088221794E-04
  0.2387174139295E-04
  0.6148568715829E-05
  0.0000000000000E+00
  0.0000000000000E+00
  0.2472270706578E-04
  0.2606058056085E-04
  0.2995628605807E-04
  0.3260247603605E-04
  0.2984760651636E-04
  0.2347807001334E-04
  0.0000000000000E+00
  0.1866720680345E-04
  0.1900305589333E-04
  0.2313072371252E-04
  0.1788701100090E-04
  0.6115643843301E-05
  0.0000000000000E+00
  0.0000000000000E+00
  0.3590117877124E-04
  0.3905594324350E-04
  0.3827455233855E-04
  0.4029150686811E-04
  0.4504120675311E-04
  0.4527539134563E-04
  0.4575156577329E-04
  0.4664436821252E-04
  0.4797308130637E-04
  0.4941215089949E-04
  0.5062244642791E-04
  0.5057548148761E-04
  0.4904869122458E-04
  0.4617422645796E-04
  0.4236281302336E-04
  0.3887067099687E-04
  0.3586446390727E-04
  0.2840286634738E-04
  0.2831853585003E-04
  0.1821400329042E-04
  0.0000000000000E+00
  0.0000000000000E+00
  0.2034579503921E-04
  0.3263460859753E-04
  0.3460217122413E-04
  0.3730408893164E-04
  0.3490185601660E-04
  0.2886387660581E-04
  0.0000000000000E+00
  0.0000000000000E+00
  0.0000000000000E+00
  0.2404003267578E-04
  0.2604886328579E-04
  0.1533024170169E-04
  0.0000000000000E+00
  0.0000000000000E+00
  0.3827748670900E-04
  0.4196771745669E-04
  0.4255625636855E-04
  0.4423408610580E-04
  0.4883602224399E-04
  0.4907167370194E-04
  0.4948432077557E-04
  0.5000984281363E-04
  0.5065872854724E-04
  0.5167133788099E-04
  0.5283849604942E-04
  0.5289616704306E-04
  0.5137820710690E-04
  0.4908287870031E-04
  0.4658088340405E-04
  0.4455962694925E-04
  0.4129235342865E-04
  0.3434633547115E-04
  0.3347525625577E-04
  0.3038519068308E-04
  0.0000000000000E+00
  0.0000000000000E+00
  0.0000000000000E+00
  0.3491244230421E-04
  0.4007268841077E-04
  0.4163969437286E-04
  0.3961707488080E-04
  0.3654196049848E-04
  0.2143984397543E-04
  0.0000000000000E+00
  0.0000000000000E+00
  0.0000000000000E+00
  0.3438940725742E-04
  0.2546304172519E-04
  0.0000000000000E+00
  0.0000000000000E+00
  0.4125862191981E-04
  0.4568581183937E-04
  0.4714115686031E-04
  0.4825391489069E-04
  0.5182728899013E-04
  0.5222632218564E-04
  0.5262112488080E-04
  0.5266769727353E-04
  0.5260834261846E-04
  0.5341533665772E-04
  0.5471625262819E-04
  0.5483330160980E-04
  0.5339903593789E-04
  0.5173459504005E-04
  0.5041616717688E-04
  0.4888704394138E-04
  0.4441998681901E-04
  0.3808205453405E-04
  0.3837506575620E-04
  0.3816866681048E-04
  0.0000000000000E+00
  0.0000000000000E+00
  0.0000000000000E+00
  0.3535742059558E-04
  0.4351846593924E-04
  0.4512217932907E-04
  0.4358771789583E-04
  0.4156257947943E-04
  0.2718861741298E-04
  0.2305987020601E-04
  0.0000000000000E+00
  0.0000000000000E+00
  0.4049298396095E-04
  0.3645704249813E-04
  0.0000000000000E+00
  0.3110286022537E-04
  0.4493026139642E-04
  0.4934429402629E-04
  0.5074964536347E-04
  0.5134962861748E-04
  0.5122467663043E-04
  0.5163189408204E-04
  0.5191101753799E-04
  0.5187444242563E-04
  0.5192398430715E-04
  0.5267658332548E-04
  0.5370651731273E-04
  0.5370310602117E-04
  0.5262611085065E-04
  0.5152162522406E-04
  0.5061372121145E-04
  0.4928234906929E-04
  0.4491487159223E-04
  0.3884566620275E-04
  0.4063049282533E-04
  0.4018922868809E-04
  0.0000000000000E+00
  0.0000000000000E+00
  0.0000000000000E+00
  0.3501029886498E-04
  0.4595939114121E-04
  0.4895225952714E-04
  0.4698838818038E-04
  0.4384561291678E-04
  0.3274890348741E-04
  0.2769835614769E-04
  0.2532768135692E-04
  0.0000000000000E+00
  0.4027126502575E-04
  0.4356745681032E-04
  0.2855179747996E-04
  0.3887385472285E-04
  0.4674034422088E-04
  0.5031388743991E-04
  0.5061230578188E-04
  0.5078492407500E-04
  0.4467791051871E-04
  0.4442077451701E-04
  0.4395354303591E-04
  0.4344194460149E-04
  0.4346577402218E-04
  0.4429005612376E-04
  0.4550547427001E-04
  0.4607924927749E-04
  0.4617565782417E-04
  0.4645219144191E-04
  0.4654065255712E-04
  0.4600251071957E-04
  0.4347820319360E-04
  0.3763049956922E-04
  0.4140290252359E-04
  0.3932032630041E-04
  0.0000000000000E+00
  0.0000000000000E+00
  0.0000000000000E+00
  0.3893674195033E-04
  0.4787955876772E-04
  0.5106550337860E-04
  0.4984049239897E-04
  0.4549093085660E-04
  0.3768245157381E-04
  0.3568107983770E-04
  0.3315279929644E-04
  0.0000000000000E+00
  0.0000000000000E+00
  0.4461062569810E-04
  0.3565721376361E-04
  0.4096239992268E-04
  0.4465855902804E-04
  0.4594478922407E-04
  0.4524213045864E-04
  0.4482749650789E-04
  0.3626663187134E-04
  0.3562293100017E-04
  0.3500530226833E-04
  0.3468212896804E-04
  0.3480069984250E-04
  0.3531587213299E-04
  0.3605688301332E-04
  0.3664669569469E-04
  0.3746855135019E-04
  0.3864086668788E-04
  0.3982567992100E-04
  0.4097745500959E-04
  0.4120198997217E-04
  0.3646250474773E-04
  0.4287969707802E-04
  0.3844425038793E-04
  0.0000000000000E+00
  0.0000000000000E+00
  0.0000000000000E+00
  0.4151380146196E-04
  0.4665376944853E-04
  0.4834001715237E-04
  0.4946388741745E-04
  0.4663830970402E-04
  0.4140095403019E-04
  0.4173462034296E-04
  0.3972542619038E-04
  0.3588704458961E-04
  0.0000000000000E+00
  0.4272196729245E-04
  0.3877217802640E-04
  0.3978065655392E-04
  0.3921669957958E-04
  0.3883994510707E-04
  0.3770012115709E-04
  0.3690128538589E-04
  0.3231964524511E-04
  0.3152528390559E-04
  0.3087631709725E-04
  0.3066904825944E-04
  0.3079790103728E-04
  0.3116383726801E-04
  0.3163817176064E-04
  0.3201504081433E-04
  0.3265243927970E-04
  0.3365604495236E-04
  0.3502613788616E-04
  0.3701971584927E-04
  0.3982031608185E-04
  0.4112379969043E-04
  0.4547211392329E-04
  0.3620101039110E-04
  0.0000000000000E+00
  0.0000000000000E+00
  0.0000000000000E+00
  0.4640797116790E-04
  0.4666147489933E-04
  0.4327661217829E-04
  0.4649232884346E-04
  0.4774465762194E-04
  0.4359687888333E-04
  0.4565602992168E-04
  0.4631597472195E-04
  0.4697903387779E-04
  0.0000000000000E+00
  0.4261356802386E-04
  0.4075855991274E-04
  0.3854199828000E-04
  0.3605091928202E-04
  0.3517991391344E-04
  0.3408208147366E-04
  0.3314201686881E-04
  0.3686233844464E-04
  0.3559630826417E-04
  0.3455948721568E-04
  0.3396029639455E-04
  0.3379238751150E-04
  0.3397498108597E-04
  0.3446733467274E-04
  0.3501088001733E-04
  0.3582869776891E-04
  0.3701745064509E-04
  0.3850399709124E-04
  0.4056450908992E-04
  0.4386707176086E-04
  0.4741963839424E-04
  0.4972797209896E-04
  0.3672594389992E-04
  0.0000000000000E+00
  0.0000000000000E+00
  0.0000000000000E+00
  0.5064900318915E-04
  0.4837906673108E-04
  0.4190531142323E-04
  0.4104413815526E-04
  0.5189696762903E-04
  0.5046311242036E-04
  0.5210008738071E-04
  0.5245717970916E-04
  0.5230537242164E-04
  0.4606297924505E-04
  0.4997349364651E-04
  0.4862068034835E-04
  0.4530806066330E-04
  0.4247348129646E-04
  0.4125449566144E-04
  0.3978866030015E-04
  0.3823802614815E-04
  0.5008224589066E-04
  0.4836025427887E-04
  0.4663338038551E-04
  0.4518386611236E-04
  0.4429505781961E-04
  0.4395945823360E-04
  0.4417958087494E-04
  0.4452028287926E-04
  0.4497226372813E-04
  0.4561130276186E-04
  0.4607221950203E-04
  0.4640591842599E-04
  0.4722772542535E-04
  0.4855010586487E-04
  0.5384447753564E-04
  0.4633408952031E-04
  0.0000000000000E+00
  0.0000000000000E+00
  0.0000000000000E+00
  0.5424632395419E-04
  0.4907559219357E-04
  0.4047719749137E-04
  0.0000000000000E+00
  0.5403748442205E-04
  0.5662132219121E-04
  0.5683304376991E-04
  0.5621626793033E-04
  0.5406410887206E-04
  0.5269758920183E-04
  0.5741037689823E-04
  0.5879242463801E-04
  0.5718156367872E-04
  0.5586665483455E-04
  0.5499563998300E-04
  0.5357350152946E-04
  0.5185724758775E-04
  0.6446606127841E-04
  0.6362068833019E-04
  0.6204535631681E-04
  0.5992336148911E-04
  0.5796777557960E-04
  0.5630296338122E-04
  0.5498589212200E-04
  0.5387014533781E-04
  0.5297292930188E-04
  0.5237482748618E-04
  0.5162000828270E-04
  0.5047042303394E-04
  0.4876822420524E-04
  0.4650606669479E-04
  0.4915590731190E-04
  0.5481677768475E-04
  0.3284284729554E-04
  0.3377148580139E-04
  0.4243442856035E-04
  0.5529841350705E-04
  0.4936644425165E-04
  0.3544903235402E-04
  0.0000000000000E+00
  0.5525744144938E-04
  0.6064475157897E-04
  0.5870998861207E-04
  0.5766762484554E-04
  0.5526350118704E-04
  0.5478472274107E-04
  0.5928902328995E-04
  0.6274151078913E-04
  0.6378451702302E-04
  0.6495678671816E-04
  0.6600643456945E-04
  0.6576094384989E-04
  0.6521832811169E-04
  0.6766130036978E-04
  0.6832947704107E-04
  0.6847809979529E-04
  0.6751281841282E-04
  0.6588552713793E-04
  0.6360419116098E-04
  0.6070206491704E-04
  0.5797132985825E-04
  0.5589053688484E-04
  0.5447517354228E-04
  0.5332773748044E-04
  0.5218500805554E-04
  0.5038319459981E-04
  0.4707513256003E-04
  0.4336822916469E-04
  0.4634788789433E-04
  0.4325773126764E-04
  0.4235110405667E-04
  0.4232343757444E-04
  0.5162042621661E-04
  0.5054760815858E-04
  0.0000000000000E+00
  0.4703317349996E-04
  0.5821724942194E-04
  0.5991845337305E-04
  0.5832504117624E-04
  0.5722521605637E-04
  0.5478426179112E-04
  0.5334864520216E-04
  0.5568148511533E-04
  0.5907081848420E-04
  0.6126869635151E-04
  0.6377292319077E-04
  0.6615042212653E-04
  0.6686366280396E-04
  0.6729405504334E-04
  0.6216952465303E-04
  0.6311439999284E-04
  0.6442595226104E-04
  0.6555012147883E-04
  0.6589936486746E-04
  0.6502439043231E-04
  0.6258340454005E-04
  0.5946957843823E-04
  0.5663831350974E-04
  0.5447230464664E-04
  0.5293010012787E-04
  0.5175959569012E-04
  0.5043684216834E-04
  0.4844765823435E-04
  0.4655127926488E-04
  0.4872568840206E-04
  0.4673218965913E-04
  0.4459115280044E-04
  0.4366445882943E-04
  0.4787986376750E-04
  0.4930272134322E-04
  0.0000000000000E+00
  0.4835532856932E-04
  0.5454932265285E-04
  0.5568639300118E-04
  0.5601068231474E-04
  0.5548614603709E-04
  0.5337195046246E-04
  0.5147565607955E-04
  0.5232686861804E-04
  0.5454238033022E-04
  0.5624211181608E-04
  0.5834840192628E-04
  0.6043107031609E-04
  0.6129120148580E-04
  0.6177952264442E-04
  0.5591260740376E-04
  0.5632072377028E-04
  0.5738753120086E-04
  0.5913174930067E-04
  0.6084111130974E-04
  0.6185845103311E-04
  0.6144584402077E-04
  0.5957726721507E-04
  0.5690690664477E-04
  0.5407067310480E-04
  0.5180510172223E-04
  0.5010589468160E-04
  0.4851185879092E-04
  0.4661671709066E-04
  0.4543300518614E-04
  0.4711328430766E-04
  0.4604112939909E-04
  0.4355459758128E-04
  0.4122520351219E-04
  0.4349831723573E-04
  0.4551921737636E-04
  0.3786740069463E-04
  0.4719723952324E-04
  0.4991573001016E-04
  0.5097223751426E-04
  0.5213165084297E-04
  0.5238907128847E-04
  0.5119495930570E-04
  0.4961567520014E-04
  0.4966907157064E-04
  0.5095357385741E-04
  0.5205872719973E-04
  0.5346906398504E-04
  0.5468001801460E-04
  0.5535869432311E-04
  0.5575842570196E-04
  0.5038560616504E-04
  0.5035775353051E-04
  0.5078056940750E-04
  0.5196761276490E-04
  0.5349925997592E-04
  0.5495341893667E-04
  0.5598465044420E-04
  0.5596981725682E-04
  0.5471507030864E-04
  0.5243976045900E-04
  0.4994228494265E-04
  0.4771967933628E-04
  0.4582255888829E-04
  0.4422183230237E-04
  0.4331074437689E-04
  0.4371882896228E-04
  0.4277047476136E-04
  0.4095208458747E-04
  0.3710016164193E-04
  0.3808109398487E-04
  0.3971003546973E-04
  0.4150112815368E-04
  0.4552147412445E-04
  0.4541320844956E-04
  0.4610957018526E-04
  0.4714463330468E-04
  0.4789210993865E-04
  0.4772092960559E-04
  0.4686931735986E-04
  0.4666511233848E-04
  0.4722525246321E-04
  0.4776617314944E-04
  0.4862474690211E-04
  0.4933251790667E-04
  0.4990350781522E-04
  0.5029745599716E-04
  0.4538042071368E-04
  0.4524287252367E-04
  0.4523428188849E-04
  0.4568860810832E-04
  0.4651386230000E-04
  0.4747089231036E-04
  0.4849554761656E-04
  0.4918842449129E-04
  0.4909402688527E-04
  0.4801592546020E-04
  0.4628546484450E-04
  0.4403255077934E-04
  0.4186832607061E-04
  0.4049100361764E-04
  0.4011540659978E-04
  0.4017554418722E-04
  0.3941083983846E-04
  0.3774220056127E-04
  0.3238441019007E-04
  0.3176500948526E-04
  0.3452715612513E-04
  0.3932911443329E-04
  0.4482369514297E-04
  0.4306666114899E-04
  0.4244635699669E-04
  0.4259198437429E-04
  0.4311773783257E-04
  0.4335249386934E-04
  0.4321839309939E-04
  0.4324386101934E-04
  0.4337316180653E-04
  0.4346786006108E-04
  0.4385310604822E-04
  0.4423957857081E-04
  0.4474348947735E-04
  0.4524074574268E-04
  0.4016596686563E-04
  0.4005530357330E-04
  0.3986334785675E-04
  0.3986888756156E-04
  0.4020165424656E-04
  0.4068062684865E-04
  0.4116926778338E-04
  0.4178274202540E-04
  0.4201147723249E-04
  0.4165561744136E-04
  0.4074400580897E-04
  0.3893324064999E-04
  0.3669947775396E-04
  0.3570261065033E-04
  0.3642800253379E-04
  0.3746158615707E-04
  0.3753606059018E-04
  0.3559018637530E-04
  0.2696777446761E-04
  0.2332384778798E-04
  0.2862477988902E-04
  0.4278271098987E-04
  0.5005672457654E-04
  0.4575228862895E-04
  0.4208219645902E-04
  0.4030498951265E-04
  0.3971490816010E-04
  0.3940059701306E-04
  0.3914718464260E-04
  0.3926140089507E-04
  0.3920405082480E-04
  0.3898683339234E-04
  0.3900156100543E-04
  0.3917991391562E-04
  0.3954067683932E-04
  0.3998378689607E-04
  0.3714579544164E-04
  0.3688418698090E-04
  0.3651234875897E-04
  0.3631044808588E-04
  0.3627806338011E-04
  0.3637097963993E-04
  0.3640947446384E-04
  0.3658239564012E-04
  0.3670697091334E-04
  0.3671569217156E-04
  0.3688832615693E-04
  0.3671716403382E-04
  0.3581483105670E-04
  0.3529235257846E-04
  0.3627986254074E-04
  0.3826660979765E-04
  0.3916906537306E-04
  0.3697003158861E-04
  0.0000000000000E+00
  0.0000000000000E+00
  0.0000000000000E+00
  0.4400458537147E-04
  0.5610562135667E-04
  0.5373797195620E-04
  0.4855255845059E-04
  0.4514942420970E-04
  0.4307696773793E-04
  0.4152819079110E-04
  0.4019163416743E-04
  0.3926416129735E-04
  0.3848234611035E-04
  0.3765966010422E-04
  0.3714444241008E-04
  0.3694388175415E-04
  0.3700535898220E-04
  0.3716545462899E-04
  0.3698070362143E-04
  0.3679745243540E-04
  0.3652267362104E-04
  0.3623169220118E-04
  0.3599321408858E-04
  0.3586996939382E-04
  0.3580039226482E-04
  0.3581474722763E-04
  0.3601312372676E-04
  0.3612019430495E-04
  0.3618741518120E-04
  0.3605984653230E-04
  0.3536348324474E-04
  0.3475061562062E-04
  0.3537818726666E-04
  0.3791638802000E-04
  0.4055512297172E-04
  0.3910141838646E-04
  0.0000000000000E+00
  0.0000000000000E+00
  0.0000000000000E+00
  0.4365786396557E-04
  0.5561206165126E-04
  0.5667031198198E-04
  0.5339737989998E-04
  0.5060814411444E-04
  0.4799253757315E-04
  0.4534720701715E-04
  0.4296294726461E-04
  0.4120076468026E-04
  0.3993154572903E-04
  0.3874205959508E-04
  0.3777440692162E-04
  0.3716920339963E-04
  0.3691348761990E-04
  0.3694301314570E-04
  0.3684714212593E-04
  0.3641188587069E-04
  0.3594969634654E-04
  0.3586065512694E-04
  0.3563731218776E-04
  0.3546474726137E-04
  0.3538217602869E-04
  0.3539092157527E-04
  0.3548372429015E-04
  0.3557917070458E-04
  0.3566175739956E-04
  0.3559579760407E-04
  0.3523456110821E-04
  0.3489418797148E-04
  0.3527439175546E-04
  0.3746663425000E-04
  0.4120310039854E-04
  0.4322083602756E-04
  0.0000000000000E+00
  0.0000000000000E+00
  0.0000000000000E+00
  0.3666098054417E-04
  0.4536447257092E-04
  0.4902309662156E-04
  0.4914782825852E-04
  0.4907132312739E-04
  0.4850706253013E-04
  0.4706827724785E-04
  0.4534959176508E-04
  0.4354688644707E-04
  0.4185135556775E-04
  0.4038485808480E-04
  0.3914950639975E-04
  0.3820709779139E-04
  0.3754417102673E-04
  0.3715501199273E-04
  0.3651931242767E-04
  0.3601002812094E-04
  0.3551727468771E-04
  0.3509942847633E-04
  0.3466386681564E-04
  0.3440116411638E-04
  0.3430847456177E-04
  0.3439606522105E-04
  0.3452240133599E-04
  0.3467475535453E-04
  0.3485053283197E-04
  0.3495701076873E-04
  0.3500294767742E-04
  0.3493636486490E-04
  0.3523348466387E-04
  0.3665927209271E-04
  0.3980980180548E-04
  0.4457657867323E-04
  0.3167400564169E-04
  0.2851389934071E-04
  0.2568660470806E-04
  0.2943301714692E-04
  0.3168499507810E-04
  0.3470174041534E-04
  0.3696892813186E-04
  0.3895503421107E-04
  0.4092875218160E-04
  0.4207853537852E-04
  0.4228231236584E-04
  0.4190593942563E-04
  0.4098471639017E-04
  0.3993144195502E-04
  0.3888718389308E-04
  0.3806288160622E-04
  0.3732797160712E-04
  0.3688631082577E-04
  0.3351114724581E-04
  0.3317097179853E-04
  0.3291651915564E-04
  0.3266377109652E-04
  0.3236409218411E-04
  0.3214835682382E-04
  0.3208311175404E-04
  0.3216897787584E-04
  0.3229530560072E-04
  0.3226147344178E-04
  0.3241891609519E-04
  0.3259430216058E-04
  0.3277649664921E-04
  0.3294806532588E-04
  0.3319301023048E-04
  0.3399089072540E-04
  0.3581797401805E-04
  0.3830315511289E-04
  0.3377310087475E-04
  0.3018179822102E-04
  0.2672936358876E-04
  0.2551063659124E-04
  0.2519906160093E-04
  0.2624637416090E-04
  0.2750836529294E-04
  0.2894808055876E-04
  0.3086802117128E-04
  0.3279034464328E-04
  0.3408202412380E-04
  0.3470754314862E-04
  0.3470592112141E-04
  0.3433453275627E-04
  0.3390406448774E-04
  0.3376185179712E-04
  0.3368601484114E-04
  0.3360306975439E-04
  0.2629032809414E-04
  0.2647493380205E-04
  0.2651661531838E-04
  0.2646692514679E-04
  0.2631672205881E-04
  0.2614159970641E-04
  0.2602715207063E-04
  0.2596574122072E-04
  0.2590567102343E-04
  0.2587949987790E-04
  0.2598380499403E-04
  0.2610027753109E-04
  0.2622526723100E-04
  0.2635357840020E-04
  0.2653625403641E-04
  0.2699236026000E-04
  0.2822160108329E-04
  0.2961819059669E-04
  0.2793035351644E-04
  0.2542742925500E-04
  0.2329912784284E-04
  0.2186808044628E-04
  0.2093176079421E-04
  0.2056151210727E-04
  0.2051029137339E-04
  0.2076662091444E-04
  0.2155679947637E-04
  0.2278935916627E-04
  0.2405710496705E-04
  0.2496505997466E-04
  0.2544418053206E-04
  0.2566723861408E-04
  0.2577469961188E-04
  0.2594814047497E-04
  0.2614108622136E-04
  0.2622122141229E-04
  0.1669131907842E-04
  0.1685383172360E-04
  0.1690426512376E-04
  0.1685127252114E-04
  0.1670637341009E-04
  0.1651020504571E-04
  0.1632473416946E-04
  0.1620362555958E-04
  0.1614461958088E-04
  0.1615078645872E-04
  0.1614103855121E-04
  0.1611702232222E-04
  0.1613340046563E-04
  0.1625495570403E-04
  0.1651141790199E-04
  0.1699448584718E-04
  0.1776266257246E-04
  0.1855005222954E-04
  0.1865429553342E-04
  0.1801536938820E-04
  0.1697003010640E-04
  0.1579363719260E-04
  0.1472065993731E-04
  0.1392225611203E-04
  0.1350044499349E-04
  0.1351215655477E-04
  0.1390824056498E-04
  0.1453836696291E-04
  0.1522724856061E-04
  0.1578267004133E-04
  0.1608839838254E-04
  0.1619479917878E-04
  0.1622242083620E-04
  0.1628113512002E-04
  0.1638022677455E-04
  0.1651198819654E-04
  0.8032957039707E-05
  0.8185348484343E-05
  0.8428866566399E-05
  0.8811832623632E-05
  0.9394448896398E-05
  0.9831835938188E-05
  0.1020115053174E-04
  0.1054393443896E-04
  0.1085623733749E-04
  0.1144727851586E-04
  0.1181205747387E-04
  0.1202986088765E-04
  0.1215445279961E-04
  0.1222082579651E-04
  0.1223926101038E-04
  0.1219564366522E-04
  0.1204359807285E-04
  0.1169256902995E-04
  0.1101152978479E-04
  0.9876277040180E-05
  0.8946600672107E-05
  0.8239428259713E-05
  0.7753040291821E-05
  0.7463851212370E-05
  0.7344117124540E-05
  0.7358743582662E-05
  0.7461413451874E-05
  0.7602663971138E-05
  0.7729763399068E-05
  0.7811728557154E-05
  0.7844592808984E-05
  0.7846570139272E-05
  0.7841453189878E-05
  0.7848615393678E-05
  0.7878225936178E-05
  0.7937273124486E-05
  0.0000000000000E+00
  0.0000000000000E+00
  0.0000000000000E+00
  0.0000000000000E+00
  0.2675038684493E-05
  0.0000000000000E+00
  0.0000000000000E+00
  0.0000000000000E+00
  0.0000000000000E+00
  0.0000000000000E+00
  0.0000000000000E+00
  0.0000000000000E+00
  0.0000000000000E+00
  0.0000000000000E+00
  0.0000000000000E+00
  0.0000000000000E+00
  0.0000000000000E+00
  0.0000000000000E+00
  0.0000000000000E+00
  0.0000000000000E+00
  0.0000000000000E+00
  0.0000000000000E+00
  0.0000000000000E+00
  0.0000000000000E+00
  0.0000000000000E+00
  0.0000000000000E+00
  0.0000000000000E+00
  0.0000000000000E+00
  0.0000000000000E+00
  0.0000000000000E+00
  0.0000000000000E+00
  0.0000000000000E+00
  0.0000000000000E+00
  0.0000000000000E+00
  0.0000000000000E+00
  0.2809955541568E-05
  0.1618060438503E-05
  0.0000000000000E+00
  0.0000000000000E+00
  0.0000000000000E+00
  0.1524093326817E-05
  0.0000000000000E+00
  0.0000000000000E+00
  0.0000000000000E+00
  0.3150718159080E-05
  0.0000000000000E+00
  0.0000000000000E+00
  0.0000000000000E+00
  0.0000000000000E+00
  0.0000000000000E+00
  0.0000000000000E+00
  0.0000000000000E+00
  0.0000000000000E+00
  0.0000000000000E+00
  0.0000000000000E+00
  0.0000000000000E+00
  0.0000000000000E+00
  0.0000000000000E+00
  0.0000000000000E+00
  0.0000000000000E+00
  0.0000000000000E+00
  0.0000000000000E+00
  0.0000000000000E+00
  0.0000000000000E+00
  0.0000000000000E+00
  0.0000000000000E+00
  0.0000000000000E+00
  0.0000000000000E+00
  0.0000000000000E+00
  0.0000000000000E+00
  0.0000000000000E+00
  0.0000000000000E+00
  0.0000000000000E+00
  0.0000000000000E+00
  0.9243902765568E-06
  0.0000000000000E+00
  0.0000000000000E+00
  0.0000000000000E+00
  0.0000000000000E+00
  0.0000000000000E+00
  0.0000000000000E+00
  0.0000000000000E+00
  0.0000000000000E+00
  0.7655858053046E-05
  0.0000000000000E+00
  0.0000000000000E+00
  0.0000000000000E+00
  0.0000000000000E+00
  0.0000000000000E+00
  0.0000000000000E+00
  0.0000000000000E+00
  0.0000000000000E+00
  0.0000000000000E+00
  0.0000000000000E+00
  0.0000000000000E+00
  0.0000000000000E+00
  0.0000000000000E+00
  0.0000000000000E+00
  0.0000000000000E+00
  0.0000000000000E+00
  0.0000000000000E+00
  0.0000000000000E+00
  0.0000000000000E+00
  0.0000000000000E+00
  0.0000000000000E+00
  0.0000000000000E+00
  0.0000000000000E+00
  0.0000000000000E+00
  0.0000000000000E+00
  0.0000000000000E+00
  0.0000000000000E+00
  0.0000000000000E+00
  0.0000000000000E+00
  0.0000000000000E+00
  0.0000000000000E+00
  0.0000000000000E+00
  0.0000000000000E+00
  0.0000000000000E+00
  0.0000000000000E+00
  0.2906307754868E-05
  0.0000000000000E+00
  0.0000000000000E+00
  0.0000000000000E+00
  0.0000000000000E+00
  0.0000000000000E+00
  0.0000000000000E+00
  0.0000000000000E+00
  0.0000000000000E+00
  0.0000000000000E+00
  0.0000000000000E+00
  0.0000000000000E+00
  0.0000000000000E+00
  0.0000000000000E+00
  0.0000000000000E+00
  0.0000000000000E+00
  0.0000000000000E+00
  0.0000000000000E+00
  0.0000000000000E+00
  0.0000000000000E+00
  0.0000000000000E+00
  0.0000000000000E+00
  0.0000000000000E+00
  0.0000000000000E+00
  0.0000000000000E+00
  0.0000000000000E+00
  0.0000000000000E+00
  0.0000000000000E+00
  0.0000000000000E+00
  0.0000000000000E+00
  0.0000000000000E+00
  0.0000000000000E+00
  0.0000000000000E+00
  0.0000000000000E+00
  0.0000000000000E+00
  0.0000000000000E+00
  0.3261229675252E-05
  0.0000000000000E+00
  0.0000000000000E+00
  0.0000000000000E+00
  0.0000000000000E+00
  0.0000000000000E+00
  0.0000000000000E+00
  0.0000000000000E+00
  0.0000000000000E+00
  0.0000000000000E+00
  0.0000000000000E+00
  0.0000000000000E+00
  0.0000000000000E+00
  0.0000000000000E+00
  0.0000000000000E+00
  0.0000000000000E+00
  0.0000000000000E+00
  0.0000000000000E+00
  0.0000000000000E+00
  0.0000000000000E+00
  0.0000000000000E+00
  0.0000000000000E+00
  0.0000000000000E+00
  0.0000000000000E+00
  0.0000000000000E+00
  0.0000000000000E+00
  0.0000000000000E+00
  0.0000000000000E+00
  0.0000000000000E+00
  0.0000000000000E+00
  0.0000000000000E+00
  0.0000000000000E+00
  0.0000000000000E+00
  0.0000000000000E+00
  0.0000000000000E+00
  0.0000000000000E+00
  0.0000000000000E+00
  0.0000000000000E+00
  0.0000000000000E+00
  0.0000000000000E+00
  0.0000000000000E+00
  0.0000000000000E+00
  0.0000000000000E+00
  0.0000000000000E+00
  0.0000000000000E+00
  0.0000000000000E+00
  0.0000000000000E+00
  0.0000000000000E+00
  0.0000000000000E+00
  0.0000000000000E+00
  0.0000000000000E+00
  0.0000000000000E+00
  0.0000000000000E+00
  0.0000000000000E+00
  0.0000000000000E+00
  0.0000000000000E+00
  0.0000000000000E+00
  0.0000000000000E+00
  0.0000000000000E+00
  0.0000000000000E+00
  0.0000000000000E+00
  0.0000000000000E+00
  0.0000000000000E+00
  0.0000000000000E+00
  0.0000000000000E+00
  0.0000000000000E+00
  0.0000000000000E+00
  0.0000000000000E+00
  0.0000000000000E+00
  0.0000000000000E+00
  0.0000000000000E+00
  0.0000000000000E+00
  0.0000000000000E+00
  0.0000000000000E+00
  0.0000000000000E+00
  0.0000000000000E+00
  0.0000000000000E+00
  0.0000000000000E+00
  0.0000000000000E+00
  0.0000000000000E+00
  0.0000000000000E+00
  0.0000000000000E+00
  0.0000000000000E+00
  0.0000000000000E+00
  0.0000000000000E+00
  0.0000000000000E+00
  0.0000000000000E+00
  0.0000000000000E+00
  0.0000000000000E+00
  0.0000000000000E+00
  0.0000000000000E+00
  0.0000000000000E+00
  0.0000000000000E+00
  0.0000000000000E+00
  0.0000000000000E+00
  0.0000000000000E+00
  0.0000000000000E+00
  0.0000000000000E+00
  0.0000000000000E+00
  0.0000000000000E+00
  0.0000000000000E+00
  0.0000000000000E+00
  0.0000000000000E+00
  0.0000000000000E+00
  0.0000000000000E+00
  0.0000000000000E+00
  0.0000000000000E+00
  0.0000000000000E+00
  0.0000000000000E+00
  0.0000000000000E+00
  0.0000000000000E+00
  0.0000000000000E+00
  0.0000000000000E+00
  0.0000000000000E+00
  0.0000000000000E+00
  0.0000000000000E+00
  0.0000000000000E+00
  0.0000000000000E+00
  0.0000000000000E+00
  0.0000000000000E+00
  0.0000000000000E+00
  0.0000000000000E+00
  0.0000000000000E+00
  0.0000000000000E+00
  0.0000000000000E+00
  0.0000000000000E+00
  0.0000000000000E+00
  0.0000000000000E+00
  0.0000000000000E+00
  0.0000000000000E+00
  0.0000000000000E+00
  0.0000000000000E+00
  0.0000000000000E+00
  0.0000000000000E+00
  0.0000000000000E+00
  0.0000000000000E+00
  0.0000000000000E+00
  0.0000000000000E+00
  0.0000000000000E+00
  0.0000000000000E+00
  0.0000000000000E+00
  0.0000000000000E+00
  0.0000000000000E+00
  0.0000000000000E+00
  0.0000000000000E+00
  0.0000000000000E+00
  0.0000000000000E+00
  0.0000000000000E+00
  0.0000000000000E+00
  0.0000000000000E+00
  0.0000000000000E+00
  0.0000000000000E+00
  0.0000000000000E+00
  0.0000000000000E+00
  0.0000000000000E+00
  0.0000000000000E+00
  0.0000000000000E+00
  0.0000000000000E+00
  0.0000000000000E+00
  0.0000000000000E+00
  0.0000000000000E+00
  0.0000000000000E+00
  0.0000000000000E+00
  0.0000000000000E+00
  0.0000000000000E+00
  0.0000000000000E+00
  0.0000000000000E+00
  0.0000000000000E+00
  0.0000000000000E+00
  0.0000000000000E+00
  0.0000000000000E+00
  0.0000000000000E+00
  0.0000000000000E+00
  0.0000000000000E+00
  0.0000000000000E+00
  0.0000000000000E+00
  0.0000000000000E+00
  0.0000000000000E+00
  0.0000000000000E+00
  0.0000000000000E+00
  0.0000000000000E+00
  0.0000000000000E+00
  0.0000000000000E+00
  0.0000000000000E+00
  0.0000000000000E+00
  0.0000000000000E+00
  0.0000000000000E+00
  0.8691394576545E-05
  0.0000000000000E+00
  0.0000000000000E+00
  0.0000000000000E+00
  0.0000000000000E+00
  0.0000000000000E+00
  0.0000000000000E+00
  0.0000000000000E+00
  0.0000000000000E+00
  0.0000000000000E+00
  0.0000000000000E+00
  0.0000000000000E+00
  0.0000000000000E+00
  0.0000000000000E+00
  0.0000000000000E+00
  0.0000000000000E+00
  0.0000000000000E+00
  0.0000000000000E+00
  0.0000000000000E+00
  0.0000000000000E+00
  0.0000000000000E+00
  0.0000000000000E+00
  0.0000000000000E+00
  0.0000000000000E+00
  0.0000000000000E+00
  0.0000000000000E+00
  0.0000000000000E+00
  0.0000000000000E+00
  0.0000000000000E+00
  0.0000000000000E+00
  0.1256120807626E-04
  0.0000000000000E+00
  0.0000000000000E+00
  0.0000000000000E+00
  0.0000000000000E+00
  0.0000000000000E+00
  0.5047816948803E-05
  0.0000000000000E+00
  0.0000000000000E+00
  0.0000000000000E+00
  0.0000000000000E+00
  0.0000000000000E+00
  0.0000000000000E+00
  0.0000000000000E+00
  0.0000000000000E+00
  0.0000000000000E+00
  0.0000000000000E+00
  0.0000000000000E+00
  0.0000000000000E+00
  0.0000000000000E+00
  0.0000000000000E+00
  0.0000000000000E+00
  0.0000000000000E+00
  0.0000000000000E+00
  0.0000000000000E+00
  0.0000000000000E+00
  0.0000000000000E+00
  0.0000000000000E+00
  0.0000000000000E+00
  0.0000000000000E+00
  0.0000000000000E+00
  0.0000000000000E+00
  0.0000000000000E+00
  0.0000000000000E+00
  0.0000000000000E+00
  0.0000000000000E+00
  0.0000000000000E+00
  0.0000000000000E+00
  0.0000000000000E+00
  0.0000000000000E+00
  0.0000000000000E+00
  0.0000000000000E+00
  0.2038212826001E-05
  0.0000000000000E+00
  0.0000000000000E+00
  0.0000000000000E+00
  0.0000000000000E+00
  0.9335809497936E-05
  0.0000000000000E+00
  0.1548499930271E-04
  0.0000000000000E+00
  0.0000000000000E+00
  0.0000000000000E+00
  0.0000000000000E+00
  0.0000000000000E+00
  0.0000000000000E+00
  0.1654545583155E-05
  0.0000000000000E+00
  0.0000000000000E+00
  0.0000000000000E+00
  0.0000000000000E+00
  0.0000000000000E+00
  0.0000000000000E+00
  0.0000000000000E+00
  0.0000000000000E+00
  0.0000000000000E+00
  0.0000000000000E+00
  0.0000000000000E+00
  0.0000000000000E+00
  0.0000000000000E+00
  0.0000000000000E+00
  0.0000000000000E+00
  0.0000000000000E+00
  0.0000000000000E+00
  0.0000000000000E+00
  0.2899770474571E-05
  0.0000000000000E+00
  0.0000000000000E+00
  0.2808188084495E-05
  0.0000000000000E+00
  0.0000000000000E+00
  0.0000000000000E+00
  0.0000000000000E+00
  0.1176408381298E-04
  0.0000000000000E+00
  0.0000000000000E+00
  0.0000000000000E+00
  0.1286674144629E-04
  0.0000000000000E+00
  0.0000000000000E+00
  0.0000000000000E+00
  0.0000000000000E+00
  0.8362723412668E-05
  0.0000000000000E+00
  0.0000000000000E+00
  0.0000000000000E+00
  0.0000000000000E+00
  0.0000000000000E+00
  0.0000000000000E+00
  0.0000000000000E+00
  0.0000000000000E+00
  0.0000000000000E+00
  0.0000000000000E+00
  0.0000000000000E+00
  0.0000000000000E+00
  0.0000000000000E+00
  0.0000000000000E+00
  0.0000000000000E+00
  0.0000000000000E+00
  0.0000000000000E+00
  0.0000000000000E+00
  0.1261030062482E-04
  0.0000000000000E+00
  0.0000000000000E+00
  0.0000000000000E+00
  0.1177401135458E-04
  0.0000000000000E+00
  0.0000000000000E+00
  0.0000000000000E+00
  0.0000000000000E+00
  0.1767569379751E-04
  0.0000000000000E+00
  0.0000000000000E+00
  0.0000000000000E+00
  0.3189829891711E-04
  0.3757254387781E-05
  0.0000000000000E+00
  0.0000000000000E+00
  0.1729918345445E-04
  0.0000000000000E+00
  0.0000000000000E+00
  0.0000000000000E+00
  0.0000000000000E+00
  0.0000000000000E+00
  0.0000000000000E+00
  0.0000000000000E+00
  0.0000000000000E+00
  0.0000000000000E+00
  0.0000000000000E+00
  0.0000000000000E+00
  0.0000000000000E+00
  0.0000000000000E+00
  0.0000000000000E+00
  0.0000000000000E+00
  0.0000000000000E+00
  0.0000000000000E+00
  0.0000000000000E+00
  0.1100187963295E-04
  0.0000000000000E+00
  0.0000000000000E+00
  0.0000000000000E+00
  0.1116739801067E-04
  0.0000000000000E+00
  0.0000000000000E+00
  0.0000000000000E+00
  0.0000000000000E+00
  0.0000000000000E+00
  0.1641736341023E-04
  0.0000000000000E+00
  0.0000000000000E+00
  0.1745512631624E-04
  0.0000000000000E+00
  0.0000000000000E+00
  0.1443394166490E-04
  0.0000000000000E+00
  0.0000000000000E+00
  0.0000000000000E+00
  0.0000000000000E+00
  0.0000000000000E+00
  0.0000000000000E+00
  0.0000000000000E+00
  0.0000000000000E+00
  0.0000000000000E+00
  0.0000000000000E+00
  0.0000000000000E+00
  0.0000000000000E+00
  0.0000000000000E+00
  0.0000000000000E+00
  0.0000000000000E+00
  0.0000000000000E+00
  0.0000000000000E+00
  0.0000000000000E+00
  0.0000000000000E+00
  0.1305844842834E-04
  0.0000000000000E+00
  0.0000000000000E+00
  0.0000000000000E+00
  0.7315452055870E-05
  0.0000000000000E+00
  0.0000000000000E+00
  0.0000000000000E+00
  0.0000000000000E+00
  0.0000000000000E+00
  0.0000000000000E+00
  0.0000000000000E+00
  0.0000000000000E+00
  0.1955762611525E-04
  0.0000000000000E+00
  0.0000000000000E+00
  0.0000000000000E+00
  0.0000000000000E+00
  0.0000000000000E+00
  0.0000000000000E+00
  0.0000000000000E+00
  0.0000000000000E+00
  0.0000000000000E+00
  0.0000000000000E+00
  0.0000000000000E+00
  0.0000000000000E+00
  0.0000000000000E+00
  0.0000000000000E+00
  0.0000000000000E+00
  0.0000000000000E+00
  0.0000000000000E+00
  0.0000000000000E+00
  0.0000000000000E+00
  0.0000000000000E+00
  0.0000000000000E+00
  0.0000000000000E+00
  0.1526606979638E-04
  0.0000000000000E+00
  0.0000000000000E+00
  0.0000000000000E+00
  0.7540895226353E-05
  0.0000000000000E+00
  0.0000000000000E+00
  0.0000000000000E+00
  0.0000000000000E+00
  0.0000000000000E+00
  0.0000000000000E+00
  0.2487288090307E-04
  0.0000000000000E+00
  0.0000000000000E+00
  0.3208231462815E-04
  0.0000000000000E+00
  0.0000000000000E+00
  0.0000000000000E+00
  0.0000000000000E+00
  0.0000000000000E+00
  0.0000000000000E+00
  0.0000000000000E+00
  0.0000000000000E+00
  0.0000000000000E+00
  0.0000000000000E+00
  0.0000000000000E+00
  0.0000000000000E+00
  0.0000000000000E+00
  0.0000000000000E+00
  0.0000000000000E+00
  0.0000000000000E+00
  0.0000000000000E+00
  0.0000000000000E+00
  0.0000000000000E+00
  0.0000000000000E+00
  0.0000000000000E+00
  0.1261648177259E-04
  0.0000000000000E+00
  0.0000000000000E+00
  0.0000000000000E+00
  0.1743281997990E-04
  0.0000000000000E+00
  0.0000000000000E+00
  0.0000000000000E+00
  0.0000000000000E+00
  0.0000000000000E+00
  0.0000000000000E+00
  0.0000000000000E+00
  0.3024628666859E-04
  0.0000000000000E+00
  0.0000000000000E+00
  0.0000000000000E+00
  0.0000000000000E+00
  0.0000000000000E+00
  0.0000000000000E+00
  0.0000000000000E+00
  0.0000000000000E+00
  0.0000000000000E+00
  0.0000000000000E+00
  0.0000000000000E+00
  0.0000000000000E+00
  0.0000000000000E+00
  0.0000000000000E+00
  0.0000000000000E+00
  0.0000000000000E+00
  0.0000000000000E+00
  0.0000000000000E+00
  0.0000000000000E+00
  0.0000000000000E+00
  0.0000000000000E+00
  0.0000000000000E+00
  0.0000000000000E+00
  0.2831490922611E-04
  0.0000000000000E+00
  0.0000000000000E+00
  0.0000000000000E+00
  0.1290428498758E-04
  0.0000000000000E+00
  0.0000000000000E+00
  0.0000000000000E+00
  0.0000000000000E+00
  0.0000000000000E+00
  0.0000000000000E+00
  0.0000000000000E+00
  0.0000000000000E+00
  0.0000000000000E+00
  0.3396469256447E-04
  0.0000000000000E+00
  0.0000000000000E+00
  0.0000000000000E+00
  0.0000000000000E+00
  0.0000000000000E+00
  0.0000000000000E+00
  0.0000000000000E+00
  0.0000000000000E+00
  0.0000000000000E+00
  0.0000000000000E+00
  0.0000000000000E+00
  0.0000000000000E+00
  0.0000000000000E+00
  0.0000000000000E+00
  0.0000000000000E+00
  0.0000000000000E+00
  0.0000000000000E+00
  0.0000000000000E+00
  0.0000000000000E+00
  0.0000000000000E+00
  0.0000000000000E+00
  0.3541799725139E-04
  0.0000000000000E+00
  0.0000000000000E+00
  0.0000000000000E+00
  0.2038373561121E-04
  0.0000000000000E+00
  0.0000000000000E+00
  0.0000000000000E+00
  0.0000000000000E+00
  0.0000000000000E+00
  0.0000000000000E+00
  0.0000000000000E+00
  0.0000000000000E+00
  0.0000000000000E+00
  0.0000000000000E+00
  0.0000000000000E+00
  0.0000000000000E+00
  0.0000000000000E+00
  0.0000000000000E+00
  0.0000000000000E+00
  0.0000000000000E+00
  0.0000000000000E+00
  0.0000000000000E+00
  0.0000000000000E+00
  0.0000000000000E+00
  0.0000000000000E+00
  0.0000000000000E+00
  0.0000000000000E+00
  0.0000000000000E+00
  0.0000000000000E+00
  0.0000000000000E+00
  0.0000000000000E+00
  0.0000000000000E+00
  0.0000000000000E+00
  0.0000000000000E+00
  0.0000000000000E+00
  0.2266723752349E-04
  0.0000000000000E+00
  0.0000000000000E+00
  0.0000000000000E+00
  0.3209746886278E-04
  0.0000000000000E+00
  0.3382016021941E-04
  0.0000000000000E+00
  0.0000000000000E+00
  0.0000000000000E+00
  0.0000000000000E+00
  0.0000000000000E+00
  0.0000000000000E+00
  0.0000000000000E+00
  0.0000000000000E+00
  0.0000000000000E+00
  0.0000000000000E+00
  0.0000000000000E+00
  0.0000000000000E+00
  0.0000000000000E+00
  0.0000000000000E+00
  0.0000000000000E+00
  0.0000000000000E+00
  0.0000000000000E+00
  0.0000000000000E+00
  0.0000000000000E+00
  0.0000000000000E+00
  0.0000000000000E+00
  0.0000000000000E+00
  0.0000000000000E+00
  0.0000000000000E+00
  0.0000000000000E+00
  0.0000000000000E+00
  0.0000000000000E+00
  0.0000000000000E+00
  0.0000000000000E+00
  0.0000000000000E+00
  0.0000000000000E+00
  0.2314567157960E-04
  0.0000000000000E+00
  0.0000000000000E+00
  0.0000000000000E+00
  0.3743350944014E-04
  0.0000000000000E+00
  0.0000000000000E+00
  0.0000000000000E+00
  0.0000000000000E+00
  0.0000000000000E+00
  0.0000000000000E+00
  0.0000000000000E+00
  0.0000000000000E+00
  0.0000000000000E+00
  0.0000000000000E+00
  0.0000000000000E+00
  0.0000000000000E+00
  0.0000000000000E+00
  0.0000000000000E+00
  0.0000000000000E+00
  0.0000000000000E+00
  0.0000000000000E+00
  0.0000000000000E+00
  0.0000000000000E+00
  0.0000000000000E+00
  0.0000000000000E+00
  0.0000000000000E+00
  0.0000000000000E+00
  0.0000000000000E+00
  0.0000000000000E+00
  0.0000000000000E+00
  0.0000000000000E+00
  0.0000000000000E+00
  0.0000000000000E+00
  0.0000000000000E+00
  0.0000000000000E+00
  0.0000000000000E+00
  0.0000000000000E+00
  0.0000000000000E+00
  0.2716807306355E-04
  0.0000000000000E+00
  0.0000000000000E+00
  0.0000000000000E+00
  0.0000000000000E+00
  0.0000000000000E+00
  0.0000000000000E+00
  0.0000000000000E+00
  0.0000000000000E+00
  0.0000000000000E+00
  0.0000000000000E+00
  0.0000000000000E+00
  0.0000000000000E+00
  0.0000000000000E+00
  0.0000000000000E+00
  0.0000000000000E+00
  0.0000000000000E+00
  0.0000000000000E+00
  0.0000000000000E+00
  0.0000000000000E+00
  0.0000000000000E+00
  0.0000000000000E+00
  0.0000000000000E+00
  0.0000000000000E+00
  0.0000000000000E+00
  0.0000000000000E+00
  0.0000000000000E+00
  0.0000000000000E+00
  0.0000000000000E+00
  0.0000000000000E+00
  0.0000000000000E+00
  0.0000000000000E+00
  0.0000000000000E+00
  0.0000000000000E+00
  0.0000000000000E+00
  0.0000000000000E+00
  0.2770395399678E-04
  0.0000000000000E+00
  0.0000000000000E+00
  0.0000000000000E+00
  0.0000000000000E+00
  0.0000000000000E+00
  0.0000000000000E+00
  0.0000000000000E+00
  0.0000000000000E+00
  0.0000000000000E+00
  0.0000000000000E+00
  0.0000000000000E+00
  0.0000000000000E+00
  0.0000000000000E+00
  0.0000000000000E+00
  0.0000000000000E+00
  0.0000000000000E+00
  0.0000000000000E+00
  0.0000000000000E+00
  0.0000000000000E+00
  0.0000000000000E+00
  0.0000000000000E+00
  0.0000000000000E+00
  0.0000000000000E+00
  0.0000000000000E+00
  0.0000000000000E+00
  0.0000000000000E+00
  0.0000000000000E+00
  0.0000000000000E+00
  0.0000000000000E+00
  0.0000000000000E+00
  0.0000000000000E+00
  0.0000000000000E+00
  0.0000000000000E+00
  0.0000000000000E+00
  0.0000000000000E+00
  0.0000000000000E+00
  0.0000000000000E+00
  0.0000000000000E+00
  0.0000000000000E+00
  0.0000000000000E+00
  0.0000000000000E+00
  0.0000000000000E+00
  0.0000000000000E+00
  0.0000000000000E+00
  0.0000000000000E+00
  0.0000000000000E+00
  0.0000000000000E+00
  0.0000000000000E+00
  0.0000000000000E+00
  0.0000000000000E+00
  0.0000000000000E+00
  0.0000000000000E+00
  0.0000000000000E+00
  0.0000000000000E+00
  0.0000000000000E+00
  0.0000000000000E+00
  0.0000000000000E+00
  0.0000000000000E+00
  0.0000000000000E+00
  0.0000000000000E+00
  0.0000000000000E+00
  0.0000000000000E+00
  0.0000000000000E+00
  0.0000000000000E+00
  0.0000000000000E+00
  0.0000000000000E+00
  0.0000000000000E+00
  0.0000000000000E+00
  0.0000000000000E+00
  0.0000000000000E+00
  0.0000000000000E+00
  0.0000000000000E+00
  0.0000000000000E+00
  0.0000000000000E+00
  0.0000000000000E+00
  0.0000000000000E+00
  0.0000000000000E+00
  0.0000000000000E+00
  0.0000000000000E+00
  0.0000000000000E+00
  0.0000000000000E+00
  0.0000000000000E+00
  0.0000000000000E+00
  0.0000000000000E+00
  0.0000000000000E+00
  0.0000000000000E+00
  0.0000000000000E+00
  0.0000000000000E+00
  0.0000000000000E+00
  0.0000000000000E+00
  0.0000000000000E+00
  0.0000000000000E+00
  0.0000000000000E+00
  0.0000000000000E+00
  0.0000000000000E+00
  0.0000000000000E+00
  0.0000000000000E+00
  0.0000000000000E+00
  0.0000000000000E+00
  0.0000000000000E+00
  0.0000000000000E+00
  0.0000000000000E+00
  0.0000000000000E+00
  0.0000000000000E+00
  0.0000000000000E+00
  0.0000000000000E+00
  0.0000000000000E+00
  0.0000000000000E+00
  0.0000000000000E+00
  0.0000000000000E+00
  0.0000000000000E+00
  0.0000000000000E+00
  0.0000000000000E+00
  0.0000000000000E+00
  0.0000000000000E+00
  0.0000000000000E+00
  0.0000000000000E+00
  0.0000000000000E+00
  0.0000000000000E+00
  0.0000000000000E+00
  0.0000000000000E+00
  0.0000000000000E+00
  0.0000000000000E+00
  0.0000000000000E+00
  0.0000000000000E+00
  0.0000000000000E+00
  0.0000000000000E+00
  0.0000000000000E+00
  0.0000000000000E+00
  0.0000000000000E+00
  0.0000000000000E+00
  0.0000000000000E+00
  0.0000000000000E+00
  0.0000000000000E+00
  0.0000000000000E+00
  0.0000000000000E+00
  0.0000000000000E+00
  0.0000000000000E+00
  0.0000000000000E+00
  0.0000000000000E+00
  0.0000000000000E+00
  0.0000000000000E+00
  0.1119458592358E-04
  0.0000000000000E+00
  0.0000000000000E+00
  0.0000000000000E+00
  0.0000000000000E+00
  0.0000000000000E+00
  0.0000000000000E+00
  0.0000000000000E+00
  0.0000000000000E+00
  0.0000000000000E+00
  0.0000000000000E+00
  0.0000000000000E+00
  0.0000000000000E+00
  0.0000000000000E+00
  0.0000000000000E+00
  0.0000000000000E+00
  0.0000000000000E+00
  0.0000000000000E+00
  0.0000000000000E+00
  0.0000000000000E+00
  0.0000000000000E+00
  0.0000000000000E+00
  0.0000000000000E+00
  0.0000000000000E+00
  0.0000000000000E+00
  0.0000000000000E+00
  0.0000000000000E+00
  0.0000000000000E+00
  0.0000000000000E+00
  0.0000000000000E+00
  0.0000000000000E+00
  0.0000000000000E+00
  0.0000000000000E+00
  0.0000000000000E+00
  0.1538805497960E-04
  0.0000000000000E+00
  0.0000000000000E+00
  0.0000000000000E+00
  0.1824502944934E-04
  0.0000000000000E+00
  0.0000000000000E+00
  0.0000000000000E+00
  0.0000000000000E+00
  0.0000000000000E+00
  0.0000000000000E+00
  0.0000000000000E+00
  0.0000000000000E+00
  0.0000000000000E+00
  0.0000000000000E+00
  0.0000000000000E+00
  0.0000000000000E+00
  0.0000000000000E+00
  0.0000000000000E+00
  0.0000000000000E+00
  0.0000000000000E+00
  0.0000000000000E+00
  0.0000000000000E+00
  0.0000000000000E+00
  0.0000000000000E+00
  0.0000000000000E+00
  0.0000000000000E+00
  0.0000000000000E+00
  0.0000000000000E+00
  0.0000000000000E+00
  0.0000000000000E+00
  0.0000000000000E+00
  0.0000000000000E+00
  0.0000000000000E+00
  0.0000000000000E+00
  0.0000000000000E+00
  0.1495631851557E-04
  0.0000000000000E+00
  0.0000000000000E+00
  0.0000000000000E+00
  0.2260261599667E-04
  0.0000000000000E+00
  0.0000000000000E+00
  0.0000000000000E+00
  0.0000000000000E+00
  0.0000000000000E+00
  0.0000000000000E+00
  0.0000000000000E+00
  0.0000000000000E+00
  0.0000000000000E+00
  0.0000000000000E+00
  0.0000000000000E+00
  0.0000000000000E+00
  0.0000000000000E+00
  0.0000000000000E+00
  0.0000000000000E+00
  0.0000000000000E+00
  0.0000000000000E+00
  0.0000000000000E+00
  0.0000000000000E+00
  0.0000000000000E+00
  0.0000000000000E+00
  0.0000000000000E+00
  0.0000000000000E+00
  0.0000000000000E+00
  0.0000000000000E+00
  0.0000000000000E+00
  0.0000000000000E+00
  0.0000000000000E+00
  0.0000000000000E+00
  0.0000000000000E+00
  0.0000000000000E+00
  0.1873160486907E-04
  0.0000000000000E+00
  0.0000000000000E+00
  0.0000000000000E+00
  0.1635981755470E-04
  0.0000000000000E+00
  0.0000000000000E+00
  0.0000000000000E+00
  0.0000000000000E+00
  0.0000000000000E+00
  0.0000000000000E+00
  0.0000000000000E+00
  0.0000000000000E+00
  0.0000000000000E+00
  0.0000000000000E+00
  0.0000000000000E+00
  0.0000000000000E+00
  0.0000000000000E+00
  0.0000000000000E+00
  0.0000000000000E+00
  0.0000000000000E+00
  0.0000000000000E+00
  0.0000000000000E+00
  0.0000000000000E+00
  0.0000000000000E+00
  0.0000000000000E+00
  0.0000000000000E+00
  0.0000000000000E+00
  0.0000000000000E+00
  0.0000000000000E+00
  0.0000000000000E+00
  0.0000000000000E+00
  0.0000000000000E+00
  0.0000000000000E+00
  0.0000000000000E+00
  0.0000000000000E+00
  0.0000000000000E+00
  0.0000000000000E+00
  0.1353961341793E-04
  0.0000000000000E+00
  0.0000000000000E+00
  0.0000000000000E+00
  0.0000000000000E+00
  0.0000000000000E+00
  0.0000000000000E+00
  0.0000000000000E+00
  0.0000000000000E+00
  0.0000000000000E+00
  0.0000000000000E+00
  0.0000000000000E+00
  0.0000000000000E+00
  0.0000000000000E+00
  0.0000000000000E+00
  0.0000000000000E+00
  0.0000000000000E+00
  0.0000000000000E+00
  0.0000000000000E+00
  0.0000000000000E+00
  0.0000000000000E+00
  0.0000000000000E+00
  0.0000000000000E+00
  0.0000000000000E+00
  0.0000000000000E+00
  0.0000000000000E+00
  0.0000000000000E+00
  0.0000000000000E+00
  0.0000000000000E+00
  0.0000000000000E+00
  0.0000000000000E+00
  0.0000000000000E+00
  0.0000000000000E+00
  0.0000000000000E+00
  0.0000000000000E+00
  0.0000000000000E+00
  0.0000000000000E+00
  0.0000000000000E+00
  0.0000000000000E+00
  0.0000000000000E+00
  0.0000000000000E+00
  0.0000000000000E+00
  0.0000000000000E+00
  0.0000000000000E+00
  0.0000000000000E+00
  0.0000000000000E+00
  0.0000000000000E+00
  0.0000000000000E+00
  0.0000000000000E+00
  0.0000000000000E+00
  0.0000000000000E+00
  0.0000000000000E+00
  0.0000000000000E+00
  0.0000000000000E+00
  0.0000000000000E+00
  0.0000000000000E+00
  0.0000000000000E+00
  0.0000000000000E+00
  0.0000000000000E+00
  0.0000000000000E+00
  0.0000000000000E+00
  0.0000000000000E+00
  0.0000000000000E+00
  0.0000000000000E+00
  0.0000000000000E+00
  0.0000000000000E+00
  0.0000000000000E+00
  0.0000000000000E+00
  0.0000000000000E+00
  0.0000000000000E+00
  0.0000000000000E+00
  0.0000000000000E+00
  0.0000000000000E+00
  0.0000000000000E+00
  0.0000000000000E+00
  0.0000000000000E+00
  0.0000000000000E+00
  0.0000000000000E+00
  0.0000000000000E+00
  0.0000000000000E+00
  0.0000000000000E+00
  0.0000000000000E+00
  0.0000000000000E+00
  0.0000000000000E+00
  0.0000000000000E+00
  0.0000000000000E+00
  0.0000000000000E+00
  0.0000000000000E+00
  0.0000000000000E+00
  0.0000000000000E+00
  0.0000000000000E+00
  0.0000000000000E+00
  0.0000000000000E+00
  0.0000000000000E+00
  0.0000000000000E+00
  0.0000000000000E+00
  0.0000000000000E+00
  0.0000000000000E+00
  0.0000000000000E+00
  0.0000000000000E+00
  0.0000000000000E+00
  0.0000000000000E+00
  0.0000000000000E+00
  0.0000000000000E+00
  0.0000000000000E+00
  0.0000000000000E+00
  0.0000000000000E+00
  0.0000000000000E+00
  0.0000000000000E+00
  0.0000000000000E+00
  0.0000000000000E+00
  0.0000000000000E+00
  0.0000000000000E+00
  0.0000000000000E+00
  0.0000000000000E+00
  0.0000000000000E+00
  0.0000000000000E+00
  0.0000000000000E+00
  0.0000000000000E+00
  0.0000000000000E+00
  0.0000000000000E+00
  0.0000000000000E+00
  0.0000000000000E+00
  0.0000000000000E+00
  0.0000000000000E+00
  0.0000000000000E+00
  0.0000000000000E+00
  0.0000000000000E+00
  0.0000000000000E+00
  0.0000000000000E+00
  0.0000000000000E+00
  0.0000000000000E+00
  0.0000000000000E+00
  0.0000000000000E+00
  0.0000000000000E+00
  0.0000000000000E+00
  0.0000000000000E+00
  0.0000000000000E+00
  0.0000000000000E+00
  0.0000000000000E+00
  0.0000000000000E+00
  0.0000000000000E+00
  0.0000000000000E+00
  0.0000000000000E+00
  0.0000000000000E+00
  0.0000000000000E+00
  0.0000000000000E+00
  0.0000000000000E+00
  0.0000000000000E+00
  0.0000000000000E+00
  0.0000000000000E+00
  0.0000000000000E+00
  0.0000000000000E+00
  0.0000000000000E+00
  0.0000000000000E+00
  0.0000000000000E+00
  0.0000000000000E+00
  0.0000000000000E+00
  0.0000000000000E+00
  0.0000000000000E+00
  0.0000000000000E+00
  0.3976591000000E+00
  0.3889571022345E+00
  0.3983034596037E+00
  0.4061326489019E+00
  0.4071791919029E+00
  0.3976591000000E+00
  0.4119255741194E+00
  0.4099431083117E+00
  0.3990699612962E+00
  0.3855654742339E+00
  0.3976591000000E+00
  0.3976591000000E+00
  0.3976591000000E+00
  0.3976591000000E+00
  0.3976591000000E+00
  0.3976591000000E+00
  0.3976591000000E+00
  0.3976591000000E+00
  0.3976591000000E+00
  0.3976591000000E+00
  0.3976591000000E+00
  0.3976591000000E+00
  0.3976591000000E+00
  0.3976591000000E+00
  0.3976591000000E+00
  0.3976591000000E+00
  0.3976591000000E+00
  0.3976591000000E+00
  0.3976591000000E+00
  0.3976591000000E+00
  0.3976591000000E+00
  0.3976591000000E+00
  0.3976591000000E+00
  0.3976591000000E+00
  0.3976591000000E+00
  0.3976591000000E+00
  0.3805722000000E+00
  0.3805722000000E+00
  0.3805722000000E+00
  0.3805722000000E+00
  0.3805722000000E+00
  0.3805722000000E+00
  0.3805722000000E+00
  0.3805722000000E+00
  0.3805722000000E+00
  0.3805722000000E+00
  0.3805722000000E+00
  0.3805722000000E+00
  0.3805722000000E+00
  0.3805722000000E+00
  0.3805722000000E+00
  0.3805722000000E+00
  0.3805722000000E+00
  0.3805722000000E+00
  0.3805722000000E+00
  0.3805722000000E+00
  0.3805722000000E+00
  0.3805722000000E+00
  0.3805722000000E+00
  0.3805722000000E+00
  0.3805722000000E+00
  0.3805722000000E+00
  0.3805722000000E+00
  0.3805722000000E+00
  0.3805722000000E+00
  0.3805722000000E+00
  0.3805722000000E+00
  0.3805722000000E+00
  0.3805722000000E+00
  0.3805722000000E+00
  0.3805722000000E+00
  0.3805722000000E+00
  0.3742637000000E+00
  0.3742637000000E+00
  0.3742637000000E+00
  0.3742637000000E+00
  0.3742637000000E+00
  0.3742637000000E+00
  0.3742637000000E+00
  0.3742637000000E+00
  0.3742637000000E+00
  0.3742637000000E+00
  0.3742637000000E+00
  0.3742637000000E+00
  0.3742637000000E+00
  0.3742637000000E+00
  0.3742637000000E+00
  0.3742637000000E+00
  0.3742637000000E+00
  0.3742637000000E+00
  0.3742637000000E+00
  0.3742637000000E+00
  0.3742637000000E+00
  0.3742637000000E+00
  0.3742637000000E+00
  0.3742637000000E+00
  0.3742637000000E+00
  0.3742637000000E+00
  0.3742637000000E+00
  0.3742637000000E+00
  0.3742637000000E+00
  0.3742637000000E+00
  0.3742637000000E+00
  0.3742637000000E+00
  0.3742637000000E+00
  0.3742637000000E+00
  0.3742637000000E+00
  0.3742637000000E+00
  0.3586371000000E+00
  0.3586371000000E+00
  0.3586371000000E+00
  0.3586371000000E+00
  0.3586371000000E+00
  0.3586371000000E+00
  0.3586371000000E+00
  0.3586371000000E+00
  0.3586371000000E+00
  0.3586371000000E+00
  0.3586371000000E+00
  0.3586371000000E+00
  0.3586371000000E+00
  0.3586371000000E+00
  0.3586371000000E+00
  0.3586371000000E+00
  0.3586371000000E+00
  0.3586371000000E+00
  0.3586371000000E+00
  0.3586371000000E+00
  0.3586371000000E+00
  0.3586371000000E+00
  0.3586371000000E+00
  0.3586371000000E+00
  0.3586371000000E+00
  0.3586371000000E+00
  0.3586371000000E+00
  0.3586371000000E+00
  0.3586371000000E+00
  0.3586371000000E+00
  0.3586371000000E+00
  0.3586371000000E+00
  0.3586371000000E+00
  0.3586371000000E+00
  0.3586371000000E+00
  0.3586371000000E+00
  0.3404603000000E+00
  0.3404603000000E+00
  0.3404603000000E+00
  0.3404603000000E+00
  0.3404603000000E+00
  0.3404603000000E+00
  0.3404603000000E+00
  0.3404603000000E+00
  0.3404603000000E+00
  0.3404603000000E+00
  0.3404603000000E+00
  0.3404603000000E+00
  0.3404603000000E+00
  0.3404603000000E+00
  0.3404603000000E+00
  0.3404603000000E+00
  0.3404603000000E+00
  0.3404603000000E+00
  0.3404603000000E+00
  0.3404603000000E+00
  0.3404603000000E+00
  0.3404603000000E+00
  0.3404603000000E+00
  0.3404603000000E+00
  0.3404603000000E+00
  0.3404603000000E+00
  0.3404603000000E+00
  0.3404603000000E+00
  0.3404603000000E+00
  0.3404603000000E+00
  0.3404603000000E+00
  0.3404603000000E+00
  0.3404603000000E+00
  0.3404603000000E+00
  0.3404603000000E+00
  0.3404603000000E+00
  0.3138626000000E+00
  0.3138626000000E+00
  0.3138626000000E+00
  0.3138626000000E+00
  0.3138626000000E+00
  0.3138626000000E+00
  0.3138626000000E+00
  0.3138626000000E+00
  0.3138626000000E+00
  0.3138626000000E+00
  0.3138626000000E+00
  0.3138626000000E+00
  0.3138626000000E+00
  0.3138626000000E+00
  0.3138626000000E+00
  0.3138626000000E+00
  0.3138626000000E+00
  0.3138626000000E+00
  0.3138626000000E+00
  0.3138626000000E+00
  0.3138626000000E+00
  0.3138626000000E+00
  0.3138626000000E+00
  0.3138626000000E+00
  0.3138626000000E+00
  0.3138626000000E+00
  0.3138626000000E+00
  0.3138626000000E+00
  0.3138626000000E+00
  0.3138626000000E+00
  0.3138626000000E+00
  0.3138626000000E+00
  0.3138626000000E+00
  0.3138626000000E+00
  0.3138626000000E+00
  0.3138626000000E+00
  0.2854003000000E+00
  0.2854003000000E+00
  0.2854003000000E+00
  0.2854003000000E+00
  0.2854003000000E+00
  0.2854003000000E+00
  0.2854003000000E+00
  0.2854003000000E+00
  0.2854003000000E+00
  0.2854003000000E+00
  0.2854003000000E+00
  0.2854003000000E+00
  0.2854003000000E+00
  0.2854003000000E+00
  0.2854003000000E+00
  0.2854003000000E+00
  0.2854003000000E+00
  0.2854003000000E+00
  0.2854003000000E+00
  0.2854003000000E+00
  0.2854003000000E+00
  0.2854003000000E+00
  0.2854003000000E+00
  0.2854003000000E+00
  0.2854003000000E+00
  0.2854003000000E+00
  0.2854003000000E+00
  0.2854003000000E+00
  0.2854003000000E+00
  0.2854003000000E+00
  0.2854003000000E+00
  0.2854003000000E+00
  0.2854003000000E+00
  0.2854003000000E+00
  0.2854003000000E+00
  0.2854003000000E+00
  0.2582140000000E+00
  0.2582140000000E+00
  0.2582140000000E+00
  0.2582140000000E+00
  0.2582140000000E+00
  0.2582140000000E+00
  0.2582140000000E+00
  0.2582140000000E+00
  0.2582140000000E+00
  0.2582140000000E+00
  0.2582140000000E+00
  0.2582140000000E+00
  0.2582140000000E+00
  0.2582140000000E+00
  0.2582140000000E+00
  0.2582140000000E+00
  0.2582140000000E+00
  0.2582140000000E+00
  0.2582140000000E+00
  0.2582140000000E+00
  0.2582140000000E+00
  0.2582140000000E+00
  0.2582140000000E+00
  0.2582140000000E+00
  0.2582140000000E+00
  0.2582140000000E+00
  0.2582140000000E+00
  0.2582140000000E+00
  0.2582140000000E+00
  0.2582140000000E+00
  0.2582140000000E+00
  0.2582140000000E+00
  0.2582140000000E+00
  0.2582140000000E+00
  0.2582140000000E+00
  0.2582140000000E+00
  0.2333862000000E+00
  0.2333862000000E+00
  0.2333862000000E+00
  0.2333862000000E+00
  0.2333862000000E+00
  0.2333862000000E+00
  0.2333862000000E+00
  0.2333862000000E+00
  0.2333862000000E+00
  0.2333862000000E+00
  0.2333862000000E+00
  0.2333862000000E+00
  0.2333862000000E+00
  0.2333862000000E+00
  0.2333862000000E+00
  0.2333862000000E+00
  0.2333862000000E+00
  0.2333862000000E+00
  0.2333862000000E+00
  0.2333862000000E+00
  0.2333862000000E+00
  0.2333862000000E+00
  0.2333862000000E+00
  0.2333862000000E+00
  0.2333862000000E+00
  0.2333862000000E+00
  0.2333862000000E+00
  0.2333862000000E+00
  0.2333862000000E+00
  0.2333862000000E+00
  0.2333862000000E+00
  0.2333862000000E+00
  0.2333862000000E+00
  0.2333862000000E+00
  0.2333862000000E+00
  0.2333862000000E+00
  0.2195889000000E+00
  0.2195889000000E+00
  0.2195889000000E+00
  0.2195889000000E+00
  0.2195889000000E+00
  0.2195889000000E+00
  0.2195889000000E+00
  0.2195889000000E+00
  0.2195889000000E+00
  0.2195889000000E+00
  0.2195889000000E+00
  0.2195889000000E+00
  0.2195889000000E+00
  0.2195889000000E+00
  0.2195889000000E+00
  0.2195889000000E+00
  0.2195889000000E+00
  0.2195889000000E+00
  0.2195889000000E+00
  0.2195889000000E+00
  0.2195889000000E+00
  0.2195889000000E+00
  0.2195889000000E+00
  0.2195889000000E+00
  0.2195889000000E+00
  0.2195889000000E+00
  0.2195889000000E+00
  0.2195889000000E+00
  0.2195889000000E+00
  0.2195889000000E+00
  0.2195889000000E+00
  0.2195889000000E+00
  0.2195889000000E+00
  0.2195889000000E+00
  0.2195889000000E+00
  0.2195889000000E+00
  0.2069707000000E+00
  0.2069707000000E+00
  0.2069707000000E+00
  0.2069707000000E+00
  0.2069707000000E+00
  0.2069707000000E+00
  0.2069707000000E+00
  0.2069707000000E+00
  0.2069707000000E+00
  0.2069707000000E+00
  0.2069707000000E+00
  0.2069707000000E+00
  0.2069707000000E+00
  0.2069707000000E+00
  0.2069707000000E+00
  0.2069707000000E+00
  0.2069707000000E+00
  0.2069707000000E+00
  0.2069707000000E+00
  0.2069707000000E+00
  0.2069707000000E+00
  0.2069707000000E+00
  0.2069707000000E+00
  0.2069707000000E+00
  0.2069707000000E+00
  0.2069707000000E+00
  0.2069707000000E+00
  0.2069707000000E+00
  0.2069707000000E+00
  0.2069707000000E+00
  0.2069707000000E+00
  0.2069707000000E+00
  0.2069707000000E+00
  0.2069707000000E+00
  0.2069707000000E+00
  0.2069707000000E+00
  0.2035514000000E+00
  0.2035514000000E+00
  0.2035514000000E+00
  0.2035514000000E+00
  0.2035514000000E+00
  0.2035514000000E+00
  0.2035514000000E+00
  0.2035514000000E+00
  0.2035514000000E+00
  0.2035514000000E+00
  0.2035514000000E+00
  0.2035514000000E+00
  0.2035514000000E+00
  0.2035514000000E+00
  0.2035514000000E+00
  0.2035514000000E+00
  0.2035514000000E+00
  0.2035514000000E+00
  0.2035514000000E+00
  0.2035514000000E+00
  0.2035514000000E+00
  0.2035514000000E+00
  0.2035514000000E+00
  0.2035514000000E+00
  0.2035514000000E+00
  0.2035514000000E+00
  0.2035514000000E+00
  0.2035514000000E+00
  0.2035514000000E+00
  0.2035514000000E+00
  0.2035514000000E+00
  0.2035514000000E+00
  0.2035514000000E+00
  0.2035514000000E+00
  0.2035514000000E+00
  0.2035514000000E+00
  0.2097688000000E+00
  0.2097688000000E+00
  0.2097688000000E+00
  0.2097688000000E+00
  0.2097688000000E+00
  0.2097688000000E+00
  0.2097688000000E+00
  0.2097688000000E+00
  0.2097688000000E+00
  0.2097688000000E+00
  0.2097688000000E+00
  0.2097688000000E+00
  0.2097688000000E+00
  0.2097688000000E+00
  0.2097688000000E+00
  0.2097688000000E+00
  0.2097688000000E+00
  0.2097688000000E+00
  0.2097688000000E+00
  0.2097688000000E+00
  0.2097688000000E+00
  0.2097688000000E+00
  0.2097688000000E+00
  0.2097688000000E+00
  0.2097688000000E+00
  0.2097688000000E+00
  0.2097688000000E+00
  0.2097688000000E+00
  0.2097688000000E+00
  0.2097688000000E+00
  0.2097688000000E+00
  0.2097688000000E+00
  0.2097688000000E+00
  0.2097688000000E+00
  0.2097688000000E+00
  0.2097688000000E+00
  0.2242856000000E+00
  0.2242856000000E+00
  0.2242856000000E+00
  0.2242856000000E+00
  0.2242856000000E+00
  0.2242856000000E+00
  0.2242856000000E+00
  0.2242856000000E+00
  0.2242856000000E+00
  0.2242856000000E+00
  0.2242856000000E+00
  0.2242856000000E+00
  0.2242856000000E+00
  0.2242856000000E+00
  0.2242856000000E+00
  0.2242856000000E+00
  0.2242856000000E+00
  0.2242856000000E+00
  0.2242856000000E+00
  0.2242856000000E+00
  0.2242856000000E+00
  0.2242856000000E+00
  0.2242856000000E+00
  0.2242856000000E+00
  0.2242856000000E+00
  0.2242856000000E+00
  0.2242856000000E+00
  0.2242856000000E+00
  0.2242856000000E+00
  0.2242856000000E+00
  0.2242856000000E+00
  0.2242856000000E+00
  0.2242856000000E+00
  0.2242856000000E+00
  0.2242856000000E+00
  0.2242856000000E+00
  0.2356887000000E+00
  0.2356887000000E+00
  0.2356887000000E+00
  0.2356887000000E+00
  0.2356887000000E+00
  0.2356887000000E+00
  0.2356887000000E+00
  0.2356887000000E+00
  0.2356887000000E+00
  0.2356887000000E+00
  0.2356887000000E+00
  0.2356887000000E+00
  0.2356887000000E+00
  0.2356887000000E+00
  0.2356887000000E+00
  0.2356887000000E+00
  0.2356887000000E+00
  0.2356887000000E+00
  0.2356887000000E+00
  0.2356887000000E+00
  0.2356887000000E+00
  0.2356887000000E+00
  0.2356887000000E+00
  0.2356887000000E+00
  0.2356887000000E+00
  0.2356887000000E+00
  0.2356887000000E+00
  0.2356887000000E+00
  0.2356887000000E+00
  0.2356887000000E+00
  0.2356887000000E+00
  0.2356887000000E+00
  0.2356887000000E+00
  0.2356887000000E+00
  0.2356887000000E+00
  0.2356887000000E+00
  0.2349774000000E+00
  0.2349774000000E+00
  0.2349774000000E+00
  0.2349774000000E+00
  0.2349774000000E+00
  0.2349774000000E+00
  0.2349774000000E+00
  0.2349774000000E+00
  0.2349774000000E+00
  0.2349774000000E+00
  0.2349774000000E+00
  0.2349774000000E+00
  0.2349774000000E+00
  0.2349774000000E+00
  0.2349774000000E+00
  0.2349774000000E+00
  0.2349774000000E+00
  0.2349774000000E+00
  0.2349774000000E+00
  0.2349774000000E+00
  0.2349774000000E+00
  0.2349774000000E+00
  0.2349774000000E+00
  0.2349774000000E+00
  0.2349774000000E+00
  0.2349774000000E+00
  0.2349774000000E+00
  0.2349774000000E+00
  0.2349774000000E+00
  0.2349774000000E+00
  0.2349774000000E+00
  0.2349774000000E+00
  0.2349774000000E+00
  0.2349774000000E+00
  0.2349774000000E+00
  0.2349774000000E+00
  0.2177657000000E+00
  0.2177657000000E+00
  0.2177657000000E+00
  0.2177657000000E+00
  0.2177657000000E+00
  0.2177657000000E+00
  0.2177657000000E+00
  0.2177657000000E+00
  0.2177657000000E+00
  0.2177657000000E+00
  0.2177657000000E+00
  0.2177657000000E+00
  0.2177657000000E+00
  0.2177657000000E+00
  0.2177657000000E+00
  0.2177657000000E+00
  0.2177657000000E+00
  0.2177657000000E+00
  0.2177657000000E+00
  0.2177657000000E+00
  0.2177657000000E+00
  0.2177657000000E+00
  0.2177657000000E+00
  0.2177657000000E+00
  0.2177657000000E+00
  0.2177657000000E+00
  0.2177657000000E+00
  0.2177657000000E+00
  0.2177657000000E+00
  0.2177657000000E+00
  0.2177657000000E+00
  0.2177657000000E+00
  0.2177657000000E+00
  0.2177657000000E+00
  0.2177657000000E+00
  0.2177657000000E+00
  0.2056356000000E+00
  0.2056356000000E+00
  0.2056356000000E+00
  0.2056356000000E+00
  0.2056356000000E+00
  0.2056356000000E+00
  0.2056356000000E+00
  0.2056356000000E+00
  0.2056356000000E+00
  0.2056356000000E+00
  0.2056356000000E+00
  0.2056356000000E+00
  0.2056356000000E+00
  0.2056356000000E+00
  0.2056356000000E+00
  0.2056356000000E+00
  0.2056356000000E+00
  0.2056356000000E+00
  0.2056356000000E+00
  0.2056356000000E+00
  0.2056356000000E+00
  0.2056356000000E+00
  0.2056356000000E+00
  0.2056356000000E+00
  0.2056356000000E+00
  0.2056356000000E+00
  0.2056356000000E+00
  0.2056356000000E+00
  0.2056356000000E+00
  0.2056356000000E+00
  0.2056356000000E+00
  0.2056356000000E+00
  0.2056356000000E+00
  0.2056356000000E+00
  0.2056356000000E+00
  0.2056356000000E+00
  0.2025057000000E+00
  0.2025057000000E+00
  0.2025057000000E+00
  0.2025057000000E+00
  0.2025057000000E+00
  0.2025057000000E+00
  0.2025057000000E+00
  0.2025057000000E+00
  0.2025057000000E+00
  0.2025057000000E+00
  0.2025057000000E+00
  0.2025057000000E+00
  0.2025057000000E+00
  0.2025057000000E+00
  0.2025057000000E+00
  0.2025057000000E+00
  0.2025057000000E+00
  0.2025057000000E+00
  0.2025057000000E+00
  0.2025057000000E+00
  0.2025057000000E+00
  0.2025057000000E+00
  0.2025057000000E+00
  0.2025057000000E+00
  0.2025057000000E+00
  0.2025057000000E+00
  0.2025057000000E+00
  0.2025057000000E+00
  0.2025057000000E+00
  0.2025057000000E+00
  0.2025057000000E+00
  0.2025057000000E+00
  0.2025057000000E+00
  0.2025057000000E+00
  0.2025057000000E+00
  0.2025057000000E+00
  0.2079440000000E+00
  0.2079440000000E+00
  0.2079440000000E+00
  0.2079440000000E+00
  0.2079440000000E+00
  0.2079440000000E+00
  0.2079440000000E+00
  0.2079440000000E+00
  0.2079440000000E+00
  0.2079440000000E+00
  0.2079440000000E+00
  0.2079440000000E+00
  0.2079440000000E+00
  0.2079440000000E+00
  0.2079440000000E+00
  0.2079440000000E+00
  0.2079440000000E+00
  0.2079440000000E+00
  0.2079440000000E+00
  0.2079440000000E+00
  0.2079440000000E+00
  0.2079440000000E+00
  0.2079440000000E+00
  0.2079440000000E+00
  0.2079440000000E+00
  0.2079440000000E+00
  0.2079440000000E+00
  0.2079440000000E+00
  0.2079440000000E+00
  0.2079440000000E+00
  0.2079440000000E+00
  0.2079440000000E+00
  0.2079440000000E+00
  0.2079440000000E+00
  0.2079440000000E+00
  0.2079440000000E+00
  0.2245041000000E+00
  0.2245041000000E+00
  0.2245041000000E+00
  0.2245041000000E+00
  0.2245041000000E+00
  0.2245041000000E+00
  0.2245041000000E+00
  0.2245041000000E+00
  0.2245041000000E+00
  0.2245041000000E+00
  0.2245041000000E+00
  0.2245041000000E+00
  0.2245041000000E+00
  0.2245041000000E+00
  0.2245041000000E+00
  0.2245041000000E+00
  0.2245041000000E+00
  0.2245041000000E+00
  0.2245041000000E+00
  0.2245041000000E+00
  0.2245041000000E+00
  0.2245041000000E+00
  0.2245041000000E+00
  0.2245041000000E+00
  0.2245041000000E+00
  0.2245041000000E+00
  0.2245041000000E+00
  0.2245041000000E+00
  0.2245041000000E+00
  0.2245041000000E+00
  0.2245041000000E+00
  0.2245041000000E+00
  0.2245041000000E+00
  0.2245041000000E+00
  0.2245041000000E+00
  0.2245041000000E+00
  0.2194242000000E+00
  0.2194242000000E+00
  0.2194242000000E+00
  0.2194242000000E+00
  0.2194242000000E+00
  0.2194242000000E+00
  0.2194242000000E+00
  0.2194242000000E+00
  0.2194242000000E+00
  0.2194242000000E+00
  0.2194242000000E+00
  0.2194242000000E+00
  0.2194242000000E+00
  0.2194242000000E+00
  0.2194242000000E+00
  0.2194242000000E+00
  0.2194242000000E+00
  0.2194242000000E+00
  0.2194242000000E+00
  0.2194242000000E+00
  0.2194242000000E+00
  0.2194242000000E+00
  0.2194242000000E+00
  0.2194242000000E+00
  0.2194242000000E+00
  0.2194242000000E+00
  0.2194242000000E+00
  0.2194242000000E+00
  0.2194242000000E+00
  0.2194242000000E+00
  0.2194242000000E+00
  0.2194242000000E+00
  0.2194242000000E+00
  0.2194242000000E+00
  0.2194242000000E+00
  0.2194242000000E+00
  0.2130846000000E+00
  0.2130846000000E+00
  0.2130846000000E+00
  0.2130846000000E+00
  0.2130846000000E+00
  0.2130846000000E+00
  0.2130846000000E+00
  0.2130846000000E+00
  0.2130846000000E+00
  0.2130846000000E+00
  0.2130846000000E+00
  0.2130846000000E+00
  0.2130846000000E+00
  0.2130846000000E+00
  0.2130846000000E+00
  0.2130846000000E+00
  0.2130846000000E+00
  0.2130846000000E+00
  0.2130846000000E+00
  0.2130846000000E+00
  0.2130846000000E+00
  0.2130846000000E+00
  0.2130846000000E+00
  0.2130846000000E+00
  0.2130846000000E+00
  0.2130846000000E+00
  0.2130846000000E+00
  0.2130846000000E+00
  0.2130846000000E+00
  0.2130846000000E+00
  0.2130846000000E+00
  0.2130846000000E+00
  0.2130846000000E+00
  0.2130846000000E+00
  0.2130846000000E+00
  0.2130846000000E+00
  0.2099861000000E+00
  0.2099861000000E+00
  0.2099861000000E+00
  0.2099861000000E+00
  0.2099861000000E+00
  0.2099861000000E+00
  0.2099861000000E+00
  0.2099861000000E+00
  0.2099861000000E+00
  0.2099861000000E+00
  0.2099861000000E+00
  0.2099861000000E+00
  0.2099861000000E+00
  0.2099861000000E+00
  0.2099861000000E+00
  0.2099861000000E+00
  0.2099861000000E+00
  0.2099861000000E+00
  0.2099861000000E+00
  0.2099861000000E+00
  0.2099861000000E+00
  0.2099861000000E+00
  0.2099861000000E+00
  0.2099861000000E+00
  0.2099861000000E+00
  0.2099861000000E+00
  0.2099861000000E+00
  0.2099861000000E+00
  0.2099861000000E+00
  0.2099861000000E+00
  0.2099861000000E+00
  0.2099861000000E+00
  0.2099861000000E+00
  0.2099861000000E+00
  0.2099861000000E+00
  0.2099861000000E+00
  0.2158065000000E+00
  0.2158065000000E+00
  0.2158065000000E+00
  0.2158065000000E+00
  0.2158065000000E+00
  0.2158065000000E+00
  0.2158065000000E+00
  0.2158065000000E+00
  0.2158065000000E+00
  0.2158065000000E+00
  0.2158065000000E+00
  0.2158065000000E+00
  0.2158065000000E+00
  0.2158065000000E+00
  0.2158065000000E+00
  0.2158065000000E+00
  0.2158065000000E+00
  0.2158065000000E+00
  0.2158065000000E+00
  0.2158065000000E+00
  0.2158065000000E+00
  0.2158065000000E+00
  0.2158065000000E+00
  0.2158065000000E+00
  0.2158065000000E+00
  0.2158065000000E+00
  0.2158065000000E+00
  0.2158065000000E+00
  0.2158065000000E+00
  0.2158065000000E+00
  0.2158065000000E+00
  0.2158065000000E+00
  0.2158065000000E+00
  0.2158065000000E+00
  0.2158065000000E+00
  0.2158065000000E+00
  0.2247923000000E+00
  0.2247923000000E+00
  0.2247923000000E+00
  0.2247923000000E+00
  0.2247923000000E+00
  0.2247923000000E+00
  0.2247923000000E+00
  0.2247923000000E+00
  0.2247923000000E+00
  0.2247923000000E+00
  0.2247923000000E+00
  0.2247923000000E+00
  0.2247923000000E+00
  0.2247923000000E+00
  0.2247923000000E+00
  0.2247923000000E+00
  0.2247923000000E+00
  0.2247923000000E+00
  0.2247923000000E+00
  0.2247923000000E+00
  0.2247923000000E+00
  0.2247923000000E+00
  0.2247923000000E+00
  0.2247923000000E+00
  0.2247923000000E+00
  0.2247923000000E+00
  0.2247923000000E+00
  0.2247923000000E+00
  0.2247923000000E+00
  0.2247923000000E+00
  0.2247923000000E+00
  0.2247923000000E+00
  0.2247923000000E+00
  0.2247923000000E+00
  0.2247923000000E+00
  0.2247923000000E+00
  0.2364990000000E+00
  0.2364990000000E+00
  0.2364990000000E+00
  0.2364990000000E+00
  0.2364990000000E+00
  0.2364990000000E+00
  0.2364990000000E+00
  0.2364990000000E+00
  0.2364990000000E+00
  0.2364990000000E+00
  0.2364990000000E+00
  0.2364990000000E+00
  0.2364990000000E+00
  0.2364990000000E+00
  0.2364990000000E+00
  0.2364990000000E+00
  0.2364990000000E+00
  0.2364990000000E+00
  0.2364990000000E+00
  0.2364990000000E+00
  0.2364990000000E+00
  0.2364990000000E+00
  0.2364990000000E+00
  0.2364990000000E+00
  0.2364990000000E+00
  0.2364990000000E+00
  0.2364990000000E+00
  0.2364990000000E+00
  0.2364990000000E+00
  0.2364990000000E+00
  0.2364990000000E+00
  0.2364990000000E+00
  0.2364990000000E+00
  0.2364990000000E+00
  0.2364990000000E+00
  0.2364990000000E+00
  0.2514769000000E+00
  0.2514769000000E+00
  0.2514769000000E+00
  0.2514769000000E+00
  0.2514769000000E+00
  0.2514769000000E+00
  0.2514769000000E+00
  0.2514769000000E+00
  0.2514769000000E+00
  0.2514769000000E+00
  0.2514769000000E+00
  0.2514769000000E+00
  0.2514769000000E+00
  0.2514769000000E+00
  0.2514769000000E+00
  0.2514769000000E+00
  0.2514769000000E+00
  0.2514769000000E+00
  0.2514769000000E+00
  0.2514769000000E+00
  0.2514769000000E+00
  0.2514769000000E+00
  0.2514769000000E+00
  0.2514769000000E+00
  0.2514769000000E+00
  0.2514769000000E+00
  0.2514769000000E+00
  0.2514769000000E+00
  0.2514769000000E+00
  0.2514769000000E+00
  0.2514769000000E+00
  0.2514769000000E+00
  0.2514769000000E+00
  0.2514769000000E+00
  0.2514769000000E+00
  0.2514769000000E+00
  0.2847244000000E+00
  0.2847244000000E+00
  0.2847244000000E+00
  0.2847244000000E+00
  0.2847244000000E+00
  0.2847244000000E+00
  0.2847244000000E+00
  0.2847244000000E+00
  0.2847244000000E+00
  0.2847244000000E+00
  0.2847244000000E+00
  0.2847244000000E+00
  0.2847244000000E+00
  0.2847244000000E+00
  0.2847244000000E+00
  0.2847244000000E+00
  0.2847244000000E+00
  0.2847244000000E+00
  0.2847244000000E+00
  0.2847244000000E+00
  0.2847244000000E+00
  0.2847244000000E+00
  0.2847244000000E+00
  0.2847244000000E+00
  0.2847244000000E+00
  0.2847244000000E+00
  0.2847244000000E+00
  0.2847244000000E+00
  0.2847244000000E+00
  0.2847244000000E+00
  0.2847244000000E+00
  0.2847244000000E+00
  0.2847244000000E+00
  0.2847244000000E+00
  0.2847244000000E+00
  0.2847244000000E+00
  0.3245715000000E+00
  0.3245715000000E+00
  0.3245715000000E+00
  0.3245715000000E+00
  0.3245715000000E+00
  0.3245715000000E+00
  0.3245715000000E+00
  0.3245715000000E+00
  0.3245715000000E+00
  0.3245715000000E+00
  0.3245715000000E+00
  0.3245715000000E+00
  0.3245715000000E+00
  0.3245715000000E+00
  0.3245715000000E+00
  0.3245715000000E+00
  0.3245715000000E+00
  0.3245715000000E+00
  0.3245715000000E+00
  0.3245715000000E+00
  0.3245715000000E+00
  0.3245715000000E+00
  0.3245715000000E+00
  0.3245715000000E+00
  0.3245715000000E+00
  0.3245715000000E+00
  0.3245715000000E+00
  0.3245715000000E+00
  0.3245715000000E+00
  0.3245715000000E+00
  0.3245715000000E+00
  0.3245715000000E+00
  0.3245715000000E+00
  0.3245715000000E+00
  0.3245715000000E+00
  0.3245715000000E+00
  0.3664701000000E+00
  0.3664701000000E+00
  0.3664701000000E+00
  0.3664701000000E+00
  0.3664701000000E+00
  0.3664701000000E+00
  0.3664701000000E+00
  0.3664701000000E+00
  0.3664701000000E+00
  0.3664701000000E+00
  0.3664701000000E+00
  0.3664701000000E+00
  0.3664701000000E+00
  0.3664701000000E+00
  0.3664701000000E+00
  0.3664701000000E+00
  0.3664701000000E+00
  0.3664701000000E+00
  0.3664701000000E+00
  0.3664701000000E+00
  0.3664701000000E+00
  0.3664701000000E+00
  0.3664701000000E+00
  0.3664701000000E+00
  0.3664701000000E+00
  0.3664701000000E+00
  0.3664701000000E+00
  0.3664701000000E+00
  0.3664701000000E+00
  0.3664701000000E+00
  0.3664701000000E+00
  0.3664701000000E+00
  0.3664701000000E+00
  0.3664701000000E+00
  0.3664701000000E+00
  0.3664701000000E+00
  0.3898200000000E+00
  0.3898200000000E+00
  0.3898200000000E+00
  0.3898200000000E+00
  0.3898200000000E+00
  0.3898200000000E+00
  0.3898200000000E+00
  0.3898200000000E+00
  0.3898200000000E+00
  0.3898200000000E+00
  0.3898200000000E+00
  0.3898200000000E+00
  0.3898200000000E+00
  0.3898200000000E+00
  0.3898200000000E+00
  0.3898200000000E+00
  0.3898200000000E+00
  0.3898200000000E+00
  0.3898200000000E+00
  0.3898200000000E+00
  0.3898200000000E+00
  0.3898200000000E+00
  0.3898200000000E+00
  0.3898200000000E+00
  0.3898200000000E+00
  0.3898200000000E+00
  0.3898200000000E+00
  0.3898200000000E+00
  0.3898200000000E+00
  0.3898200000000E+00
  0.3898200000000E+00
  0.3898200000000E+00
  0.3898200000000E+00
  0.3898200000000E+00
  0.3898200000000E+00
  0.3898200000000E+00
  0.4108438000000E+00
  0.4108438000000E+00
  0.4108438000000E+00
  0.4108438000000E+00
  0.4108438000000E+00
  0.4108438000000E+00
  0.4108438000000E+00
  0.4108438000000E+00
  0.4108438000000E+00
  0.4108438000000E+00
  0.4108438000000E+00
  0.4108438000000E+00
  0.4108438000000E+00
  0.4108438000000E+00
  0.4108438000000E+00
  0.4108438000000E+00
  0.4108438000000E+00
  0.4108438000000E+00
  0.4108438000000E+00
  0.4108438000000E+00
  0.4108438000000E+00
  0.4108438000000E+00
  0.4108438000000E+00
  0.4108438000000E+00
  0.4108438000000E+00
  0.4108438000000E+00
  0.4108438000000E+00
  0.4108438000000E+00
  0.4108438000000E+00
  0.4108438000000E+00
  0.4108438000000E+00
  0.4108438000000E+00
  0.4108438000000E+00
  0.4108438000000E+00
  0.4108438000000E+00
  0.4108438000000E+00
  0.4173363000000E+00
  0.4173363000000E+00
  0.4173363000000E+00
  0.4173363000000E+00
  0.4173363000000E+00
  0.4173363000000E+00
  0.4173363000000E+00
  0.4173363000000E+00
  0.4173363000000E+00
  0.4173363000000E+00
  0.4173363000000E+00
  0.4173363000000E+00
  0.4173363000000E+00
  0.4173363000000E+00
  0.4173363000000E+00
  0.4173363000000E+00
  0.4173363000000E+00
  0.4173363000000E+00
  0.4173363000000E+00
  0.4173363000000E+00
  0.4173363000000E+00
  0.4173363000000E+00
  0.4173363000000E+00
  0.4173363000000E+00
  0.4173363000000E+00
  0.4173363000000E+00
  0.4173363000000E+00
  0.4173363000000E+00
  0.4173363000000E+00
  0.4173363000000E+00
  0.4173363000000E+00
  0.4173363000000E+00
  0.4173363000000E+00
  0.4173363000000E+00
  0.4173363000000E+00
  0.4173363000000E+00
  0.4320535000000E+00
  0.4320535000000E+00
  0.4320535000000E+00
  0.4320535000000E+00
  0.4320535000000E+00
  0.4320535000000E+00
  0.4320535000000E+00
  0.4320535000000E+00
  0.4320535000000E+00
  0.4320535000000E+00
  0.4320535000000E+00
  0.4320535000000E+00
  0.4320535000000E+00
  0.4320535000000E+00
  0.4320535000000E+00
  0.4320535000000E+00
  0.4320535000000E+00
  0.4320535000000E+00
  0.4320535000000E+00
  0.4320535000000E+00
  0.4320535000000E+00
  0.4320535000000E+00
  0.4320535000000E+00
  0.4320535000000E+00
  0.4320535000000E+00
  0.4320535000000E+00
  0.4320535000000E+00
  0.4320535000000E+00
  0.4320535000000E+00
  0.4320535000000E+00
  0.4320535000000E+00
  0.4320535000000E+00
  0.4320535000000E+00
  0.4320535000000E+00
  0.4320535000000E+00
  0.4320535000000E+00
  0.6666614167862E+00
  0.6670082672473E+00
  0.6675006284335E+00
  0.6662882557823E+00
  0.7000000000000E+00
  0.7000000000000E+00
  0.7000000000000E+00
  0.7000000000000E+00
  0.6695456080867E+00
  0.7000000000000E+00
  0.7000000000000E+00
  0.4698463000000E+00
  0.4698463000000E+00
  0.4698463000000E+00
  0.4698463000000E+00
  0.4698463000000E+00
  0.4698463000000E+00
  0.4698463000000E+00
  0.7000000000000E+00
  0.6507972081143E+00
  0.6676812539404E+00
  0.6751073614177E+00
  0.6997505776314E+00
  0.6997992783470E+00
  0.6998421973384E+00
  0.6998822308629E+00
  0.7000000000000E+00
  0.7000000000000E+00
  0.7000000000000E+00
  0.7000000000000E+00
  0.7000000000000E+00
  0.7000000000000E+00
  0.7000000000000E+00
  0.7000000000000E+00
  0.7000000000000E+00
  0.7000000000000E+00
  0.9247607875975E+00
  0.9247607875975E+00
  0.9247607875975E+00
  0.9247607875975E+00
  0.9247607875975E+00
  0.9247607875975E+00
  0.9247607875975E+00
  0.9247607875975E+00
  0.9247607875975E+00
  0.9247607875975E+00
  0.9247607875975E+00
  0.9247607875975E+00
  0.9247607875975E+00
  0.9247607875975E+00
  0.9247607875975E+00
  0.9247607875975E+00
  0.9247607875975E+00
  0.9247607875975E+00
  0.9247607875975E+00
  0.9247607875975E+00
  0.9247607875975E+00
  0.9247607875975E+00
  0.9247607875975E+00
  0.9247607875975E+00
  0.9247607875975E+00
  0.9247607875975E+00
  0.9247607875975E+00
  0.9247607875975E+00
  0.9247607875975E+00
  0.9247607875975E+00
  0.9247607875975E+00
  0.9247607875975E+00
  0.9247607875975E+00
  0.9247607875975E+00
  0.9247607875975E+00
  0.9247607875975E+00
  0.2072560339872E+01
  0.2072560339872E+01
  0.2072560339872E+01
  0.2072560339872E+01
  0.2072560339872E+01
  0.2072560339872E+01
  0.2072560339872E+01
  0.2072560339872E+01
  0.2072560339872E+01
  0.2072560339872E+01
  0.2072560339872E+01
  0.2072560339872E+01
  0.2072560339872E+01
  0.2072560339872E+01
  0.2072560339872E+01
  0.2072560339872E+01
  0.2072560339872E+01
  0.2072560339872E+01
  0.2072560339872E+01
  0.2072560339872E+01
  0.2072560339872E+01
  0.2072560339872E+01
  0.2072560339872E+01
  0.2072560339872E+01
  0.2072560339872E+01
  0.2072560339872E+01
  0.2072560339872E+01
  0.2072560339872E+01
  0.2072560339872E+01
  0.2072560339872E+01
  0.2072560339872E+01
  0.2072560339872E+01
  0.2072560339872E+01
  0.2072560339872E+01
  0.2072560339872E+01
  0.2072560339872E+01
  0.5522752096428E+01
  0.6026013690132E+01
  0.6192425123123E+01
  0.6262486869166E+01
  0.6529258131467E+01
  0.6538330636184E+01
  0.6635047954075E+01
  0.6682145676308E+01
  0.6664525657115E+01
  0.6547523652946E+01
  0.4558518247849E+01
  0.3757156323287E+01
  0.5424174187403E+01
  0.5714133331390E+01
  0.5766010935109E+01
  0.4042540899370E+01
  0.0000000000000E+00
  0.0000000000000E+00
  0.0000000000000E+00
  0.0000000000000E+00
  0.0000000000000E+00
  0.0000000000000E+00
  0.0000000000000E+00
  0.0000000000000E+00
  0.0000000000000E+00
  0.0000000000000E+00
  0.0000000000000E+00
  0.0000000000000E+00
  0.0000000000000E+00
  0.0000000000000E+00
  0.0000000000000E+00
  0.0000000000000E+00
  0.3733571160913E+01
  0.5189060502595E+01
  0.5263961700832E+01
  0.5203756776790E+01
  0.5765003632204E+01
  0.6301389071225E+01
  0.6726850249681E+01
  0.6973838414789E+01
  0.7229612391021E+01
  0.7462462924281E+01
  0.7609418228545E+01
  0.7694027088197E+01
  0.7752186266084E+01
  0.7749978870262E+01
  0.7052609593004E+01
  0.6270229455184E+01
  0.4421905532851E+01
  0.1810524360935E+01
  0.1585922163188E+01
  0.0000000000000E+00
  0.0000000000000E+00
  0.0000000000000E+00
  0.0000000000000E+00
  0.0000000000000E+00
  0.0000000000000E+00
  0.0000000000000E+00
  0.0000000000000E+00
  0.0000000000000E+00
  0.0000000000000E+00
  0.0000000000000E+00
  0.0000000000000E+00
  0.0000000000000E+00
  0.0000000000000E+00
  0.0000000000000E+00
  0.0000000000000E+00
  0.0000000000000E+00
  0.4072634669710E+01
  0.5573641623649E+01
  0.5468437423243E+01
  0.5467702690683E+01
  0.5793218416143E+01
  0.6005033983028E+01
  0.6216250218970E+01
  0.6421181548141E+01
  0.6696068516633E+01
  0.7015930929716E+01
  0.7274260988248E+01
  0.7457143050129E+01
  0.7583315531465E+01
  0.7665278155377E+01
  0.7675347004153E+01
  0.7379340526835E+01
  0.5023613164921E+01
  0.0000000000000E+00
  0.0000000000000E+00
  0.0000000000000E+00
  0.0000000000000E+00
  0.0000000000000E+00
  0.0000000000000E+00
  0.0000000000000E+00
  0.0000000000000E+00
  0.4704298369960E+01
  0.6585347586263E+01
  0.4601967539083E+01
  0.0000000000000E+00
  0.0000000000000E+00
  0.0000000000000E+00
  0.0000000000000E+00
  0.0000000000000E+00
  0.0000000000000E+00
  0.0000000000000E+00
  0.0000000000000E+00
  0.3997466517929E+01
  0.5738914436028E+01
  0.5797946059833E+01
  0.5635938516888E+01
  0.5378896459423E+01
  0.5206445239977E+01
  0.5091099828911E+01
  0.5170198103706E+01
  0.5400057283291E+01
  0.5699396308451E+01
  0.5983062065250E+01
  0.6194993657745E+01
  0.6355016483270E+01
  0.6514959800861E+01
  0.6675114218040E+01
  0.6617389952899E+01
  0.6025453379376E+01
  0.4003268895060E+01
  0.0000000000000E+00
  0.0000000000000E+00
  0.0000000000000E+00
  0.0000000000000E+00
  0.0000000000000E+00
  0.0000000000000E+00
  0.4553200934354E+01
  0.6593956175541E+01
  0.6588640783632E+01
  0.4466329623717E+01
  0.0000000000000E+00
  0.0000000000000E+00
  0.0000000000000E+00
  0.4456674337872E+01
  0.6213901887112E+01
  0.4289539512671E+01
  0.0000000000000E+00
  0.0000000000000E+00
  0.3893871457868E+01
  0.5563866259153E+01
  0.5480709129350E+01
  0.5358890891652E+01
  0.4434747092816E+01
  0.3849042246170E+01
  0.3383672428183E+01
  0.3249640301726E+01
  0.3389484331476E+01
  0.3617143396475E+01
  0.3899395645044E+01
  0.4161644405245E+01
  0.4395881216548E+01
  0.4651343927065E+01
  0.4992619869010E+01
  0.5254515851363E+01
  0.5318285961893E+01
  0.3776676275816E+01
  0.0000000000000E+00
  0.0000000000000E+00
  0.0000000000000E+00
  0.0000000000000E+00
  0.0000000000000E+00
  0.4344218711890E+01
  0.6102814687328E+01
  0.6040675842013E+01
  0.5781747079880E+01
  0.3841578842091E+01
  0.0000000000000E+00
  0.0000000000000E+00
  0.4473132295219E+01
  0.6096677523671E+01
  0.5704223782437E+01
  0.3656403950079E+01
  0.0000000000000E+00
  0.0000000000000E+00
  0.3644980256243E+01
  0.5221210383992E+01
  0.4857070238205E+01
  0.4730516175920E+01
  0.2968975862944E+01
  0.2531790362625E+01
  0.2445485693332E+01
  0.2509116726604E+01
  0.2512104827828E+01
  0.2442035077513E+01
  0.2299816691768E+01
  0.2047761467967E+01
  0.1743318848752E+01
  0.1869204336144E+01
  0.2594187910294E+01
  0.3186346518161E+01
  0.4272207273973E+01
  0.5060070169003E+01
  0.4759457012816E+01
  0.2949501704982E+01
  0.0000000000000E+00
  0.2025862551340E+01
  0.4179482006918E+01
  0.5413173131224E+01
  0.5221194392388E+01
  0.4675740451493E+01
  0.4219203588600E+01
  0.4322629298560E+01
  0.4777321439028E+01
  0.5067296028064E+01
  0.5334644369343E+01
  0.4888478898136E+01
  0.3848337755572E+01
  0.2180111359188E+01
  0.0000000000000E+00
  0.0000000000000E+00
  0.3427681690864E+01
  0.4079810835137E+01
  0.3382914645436E+01
  0.3403813763360E+01
  0.3288357808523E+01
  0.3653277897512E+01
  0.3893070425896E+01
  0.4046668136084E+01
  0.4165235496020E+01
  0.4229490663347E+01
  0.4185875252685E+01
  0.4028045812077E+01
  0.3730338277654E+01
  0.3270551192981E+01
  0.2667140541604E+01
  0.1681887235918E+01
  0.3100381696607E+01
  0.4174273842117E+01
  0.4353698669489E+01
  0.2834423289598E+01
  0.0000000000000E+00
  0.1349842842345E+01
  0.3082617937372E+01
  0.3785672629180E+01
  0.3126475746926E+01
  0.2789675740101E+01
  0.1215409438786E+01
  0.2021356733515E+01
  0.1670537831956E+01
  0.2359486824748E+01
  0.2817472775668E+01
  0.2493641791234E+01
  0.1366568618756E+01
  0.1356845912685E+01
  0.0000000000000E+00
  0.0000000000000E+00
  0.3313843708872E+01
  0.2224079721127E+01
  0.2273219875504E+01
  0.2855065401147E+01
  0.4484235152194E+01
  0.4706700924263E+01
  0.4892697286263E+01
  0.5060713104634E+01
  0.5232109939140E+01
  0.5337197725774E+01
  0.5328009264451E+01
  0.5178037684764E+01
  0.4899776632102E+01
  0.4557453847387E+01
  0.4241799995889E+01
  0.4027417731633E+01
  0.4214908090910E+01
  0.4026423556756E+01
  0.4233284089825E+01
  0.4062367417396E+01
  0.0000000000000E+00
  0.2864904031200E+01
  0.3146056817735E+01
  0.1832288752305E+01
  0.2438143438233E+01
  0.3568820272607E+01
  0.4209571069902E+01
  0.4766022102505E+01
  0.4635723252459E+01
  0.4078551909648E+01
  0.3581849748962E+01
  0.3675158568984E+01
  0.4293247165771E+01
  0.2979651709125E+01
  0.0000000000000E+00
  0.0000000000000E+00
  0.3308896673045E+01
  0.3624613177592E+01
  0.3811816830944E+01
  0.4181761814473E+01
  0.4977875388658E+01
  0.5133875924855E+01
  0.5304607648449E+01
  0.5481589380442E+01
  0.5651097746863E+01
  0.5725527763417E+01
  0.5685065857122E+01
  0.5503022093928E+01
  0.5238689356514E+01
  0.5018265079259E+01
  0.4941938525254E+01
  0.5020158823875E+01
  0.5172147092297E+01
  0.3671579387922E+01
  0.4897295964803E+01
  0.5749810811932E+01
  0.0000000000000E+00
  0.1980780498848E+01
  0.3371517616825E+01
  0.4123317587885E+01
  0.4277293779218E+01
  0.4689921076245E+01
  0.5246919674537E+01
  0.5695085530291E+01
  0.5552325938354E+01
  0.5259497494061E+01
  0.5031113523594E+01
  0.5098652200415E+01
  0.5427399935104E+01
  0.4482207647025E+01
  0.0000000000000E+00
  0.0000000000000E+00
  0.3585760411310E+01
  0.4558488113791E+01
  0.4564085997105E+01
  0.4805743671328E+01
  0.5167467409323E+01
  0.5259087668913E+01
  0.5374846213910E+01
  0.5481419620835E+01
  0.5543067122910E+01
  0.5524792759426E+01
  0.5431409013216E+01
  0.5287386453593E+01
  0.5216177957846E+01
  0.5297887363130E+01
  0.5510021438068E+01
  0.5687496327019E+01
  0.5629018465472E+01
  0.4640565582299E+01
  0.5779157834691E+01
  0.6041364607718E+01
  0.0000000000000E+00
  0.0000000000000E+00
  0.4054780849065E+01
  0.5060457086763E+01
  0.5021884476071E+01
  0.5272502898757E+01
  0.5503256695952E+01
  0.5552060926621E+01
  0.3426262342790E+01
  0.3977503454633E+01
  0.5605374136491E+01
  0.5859150354821E+01
  0.5971222530486E+01
  0.5940190433955E+01
  0.2157371834147E+01
  0.0000000000000E+00
  0.3661793157034E+01
  0.4930663846983E+01
  0.4990596939125E+01
  0.5098374137052E+01
  0.5044999459937E+01
  0.5067123170775E+01
  0.5067869120324E+01
  0.5000813623537E+01
  0.4853223705560E+01
  0.4698331968284E+01
  0.4605881004267E+01
  0.4703343243365E+01
  0.5049351610132E+01
  0.5501508283628E+01
  0.5860657781169E+01
  0.5958654295265E+01
  0.5841880693803E+01
  0.5138806767585E+01
  0.5819852403326E+01
  0.6270900041979E+01
  0.0000000000000E+00
  0.0000000000000E+00
  0.4116411196886E+01
  0.5280009160999E+01
  0.5167994483698E+01
  0.5210042338528E+01
  0.5195714091240E+01
  0.5213610835135E+01
  0.2298858579650E+01
  0.1659818803827E+01
  0.1171918269663E+01
  0.4548650808616E+01
  0.6119732079849E+01
  0.5589775937350E+01
  0.1817485922070E+01
  0.0000000000000E+00
  0.3657825973565E+01
  0.5114883438930E+01
  0.5117641352998E+01
  0.5062457896973E+01
  0.4554727956078E+01
  0.4510615605354E+01
  0.4374969982725E+01
  0.4087418867234E+01
  0.3698914970706E+01
  0.3462434399390E+01
  0.3597310729786E+01
  0.4141589614208E+01
  0.4823443686951E+01
  0.5434608960902E+01
  0.5812453485058E+01
  0.5833715190494E+01
  0.5524706928594E+01
  0.4976398768501E+01
  0.5370843941769E+01
  0.6117673081065E+01
  0.0000000000000E+00
  0.0000000000000E+00
  0.1734566724885E+01
  0.3229056134708E+01
  0.4775859685612E+01
  0.4808544242086E+01
  0.4684955321815E+01
  0.4609930551578E+01
  0.1887393469451E+01
  0.1643565636049E+01
  0.0000000000000E+00
  0.2665127735429E+01
  0.5160215871044E+01
  0.5165303404287E+01
  0.1688248313854E+01
  0.0000000000000E+00
  0.3522279322024E+01
  0.4939280391692E+01
  0.4813286733318E+01
  0.4630488051109E+01
  0.3588759026281E+01
  0.3455320524984E+01
  0.3178059615327E+01
  0.2723155227165E+01
  0.2357401259178E+01
  0.2539700758396E+01
  0.3156753340726E+01
  0.3882436535097E+01
  0.4554314167872E+01
  0.5065692699172E+01
  0.5336242841689E+01
  0.5259527752915E+01
  0.4791345836442E+01
  0.4271300508039E+01
  0.4733165084518E+01
  0.5322059406800E+01
  0.0000000000000E+00
  0.0000000000000E+00
  0.0000000000000E+00
  0.2944011507660E+01
  0.4353202786409E+01
  0.4439886430751E+01
  0.4215649757946E+01
  0.3974468012354E+01
  0.1936397542884E+01
  0.1494683007646E+01
  0.7203061315003E+00
  0.0000000000000E+00
  0.4874528724294E+01
  0.4621840109445E+01
  0.1202382391498E+01
  0.2878652183124E+01
  0.4180293765616E+01
  0.4281181641735E+01
  0.3970932776747E+01
  0.3706009095520E+01
  0.3340509411195E+01
  0.3330341323918E+01
  0.3344712331708E+01
  0.3485116712264E+01
  0.3732620611580E+01
  0.4036801486438E+01
  0.4381748430852E+01
  0.4705438651702E+01
  0.4962680846386E+01
  0.5124437362501E+01
  0.5108997897083E+01
  0.4752281071821E+01
  0.3989914344969E+01
  0.3313966809402E+01
  0.4096528128845E+01
  0.4145100111803E+01
  0.0000000000000E+00
  0.0000000000000E+00
  0.0000000000000E+00
  0.2593807750764E+01
  0.3692196172105E+01
  0.3968170870598E+01
  0.3741998608262E+01
  0.3340950370664E+01
  0.1730611562474E+01
  0.1253236921852E+01
  0.1620341384882E+01
  0.9064714175137E+00
  0.4449555715037E+01
  0.3877224348774E+01
  0.2676155780746E+01
  0.3555198410677E+01
  0.3643598706527E+01
  0.3552128459764E+01
  0.3350934528038E+01
  0.3325019157235E+01
  0.4546476784369E+01
  0.4708848006785E+01
  0.4900054302431E+01
  0.5124671931433E+01
  0.5379309903958E+01
  0.5671316367389E+01
  0.5958212347246E+01
  0.6122833529531E+01
  0.6086358966640E+01
  0.5869276203294E+01
  0.5457385048930E+01
  0.4720958637959E+01
  0.3482148982034E+01
  0.2321230297068E+01
  0.3821523603812E+01
  0.3293887961804E+01
  0.0000000000000E+00
  0.0000000000000E+00
  0.0000000000000E+00
  0.2395300741382E+01
  0.2997764374555E+01
  0.3235809208913E+01
  0.3090997417153E+01
  0.2841789999776E+01
  0.1870977980390E+01
  0.1809485256922E+01
  0.2219931056634E+01
  0.1064485646830E+01
  0.2901068768575E+01
  0.2756110772005E+01
  0.3157748865618E+01
  0.3510830269052E+01
  0.3690927813807E+01
  0.3917379482200E+01
  0.4161346701937E+01
  0.4378613747011E+01
  0.5059337362350E+01
  0.5216818041310E+01
  0.5384081081820E+01
  0.5572918616111E+01
  0.5822464759833E+01
  0.6133900171795E+01
  0.6439715563657E+01
  0.6616551044178E+01
  0.6574238701951E+01
  0.6290976729436E+01
  0.5754345774541E+01
  0.4940161060702E+01
  0.3692824644847E+01
  0.1094993983551E+01
  0.3779423394942E+01
  0.4247691829772E+01
  0.2908917535918E+01
  0.0000000000000E+00
  0.0000000000000E+00
  0.1801965395249E+01
  0.2408100944689E+01
  0.2064499956723E+01
  0.1948353981668E+01
  0.2069364544876E+01
  0.1829902692629E+01
  0.1857117304957E+01
  0.1791557402845E+01
  0.1599327369861E+01
  0.0000000000000E+00
  0.2186338292645E+01
  0.3304369027780E+01
  0.3622295066332E+01
  0.4035273736074E+01
  0.4412975314593E+01
  0.4692684739220E+01
  0.4895893152467E+01
  0.4909876019311E+01
  0.5076588125513E+01
  0.5251240986386E+01
  0.5451542972079E+01
  0.5715610414646E+01
  0.6032640230501E+01
  0.6343964021328E+01
  0.6552858804989E+01
  0.6572199811428E+01
  0.6375360078079E+01
  0.5949979175605E+01
  0.5313056182517E+01
  0.4429505933408E+01
  0.2806059706126E+01
  0.3112354201123E+01
  0.3927706913581E+01
  0.2672204678941E+01
  0.0000000000000E+00
  0.0000000000000E+00
  0.2569075079178E+01
  0.2643082342251E+01
  0.1513665094170E+01
  0.2184863938477E+01
  0.1364794294379E+01
  0.9135639961102E+00
  0.1270252715651E+01
  0.1714582434569E+01
  0.2960012875656E+01
  0.2381138383211E+01
  0.2006573099241E+01
  0.2968273809879E+01
  0.3314212652842E+01
  0.3780429553696E+01
  0.4210285531319E+01
  0.4522964937254E+01
  0.4739208551220E+01
  0.4293730268319E+01
  0.4492572203186E+01
  0.4711023829993E+01
  0.4963036665622E+01
  0.5285733017106E+01
  0.5663533942105E+01
  0.6041683031412E+01
  0.6347638322484E+01
  0.6492992849369E+01
  0.6469601862240E+01
  0.6291472144393E+01
  0.5956002770718E+01
  0.5501840999006E+01
  0.4742206397707E+01
  0.2752715743029E+01
  0.2966694976278E+01
  0.2460141772025E+01
  0.0000000000000E+00
  0.0000000000000E+00
  0.3249553760402E+01
  0.2930877213349E+01
  0.2524141696840E+01
  0.2645802189566E+01
  0.2978939304804E+01
  0.2424539813974E+01
  0.2732543700969E+01
  0.3380204741535E+01
  0.4125114133492E+01
  0.3815140133318E+01
  0.3133202411491E+01
  0.2850283419018E+01
  0.2872205324717E+01
  0.3145004326629E+01
  0.3535882535483E+01
  0.3858751844942E+01
  0.4098203195765E+01
  0.3625352254635E+01
  0.3705145944101E+01
  0.3829480572286E+01
  0.4019027373217E+01
  0.4319904720432E+01
  0.4733889979327E+01
  0.5205069215870E+01
  0.5660596670981E+01
  0.6006480563906E+01
  0.6247562215095E+01
  0.6431684033926E+01
  0.6537481002342E+01
  0.6593164025332E+01
  0.6725356997968E+01
  0.6222005007581E+01
  0.3583317952077E+01
  0.0000000000000E+00
  0.0000000000000E+00
  0.0000000000000E+00
  0.4006002357877E+01
  0.2763037057056E+01
  0.3144077971499E+01
  0.2326074879230E+01
  0.3710897219659E+01
  0.3966715622422E+01
  0.4220203783686E+01
  0.4671885917968E+01
  0.5109410967632E+01
  0.4928455238265E+01
  0.4550341809955E+01
  0.4118924125369E+01
  0.3725465821355E+01
  0.3471002785811E+01
  0.3454145730226E+01
  0.3507093618810E+01
  0.3571316258591E+01
  0.4223908279463E+01
  0.4074774856094E+01
  0.3933986693639E+01
  0.3878739037489E+01
  0.3955366961122E+01
  0.4209974407668E+01
  0.4623802313702E+01
  0.5115338439869E+01
  0.5570587044313E+01
  0.5974298879729E+01
  0.6356059876514E+01
  0.6684818244852E+01
  0.7010047821827E+01
  0.7739523542245E+01
  0.8829115658936E+01
  0.8374207975416E+01
  0.7144571049460E+01
  0.5636735997575E+01
  0.5229248131141E+01
  0.5307265860027E+01
  0.3083366848516E+01
  0.2801605731287E+01
  0.1975191285771E+01
  0.4564517139824E+01
  0.5390605769970E+01
  0.5566503951200E+01
  0.5829738563773E+01
  0.6114833045585E+01
  0.6254196617770E+01
  0.6230180734400E+01
  0.6042783473036E+01
  0.5738710689563E+01
  0.5299446477549E+01
  0.4877388426930E+01
  0.4562875085932E+01
  0.4369097255610E+01
  0.6074736843043E+01
  0.5916159554844E+01
  0.5617504244860E+01
  0.5212444275542E+01
  0.4836279066348E+01
  0.4641001577431E+01
  0.4684117018427E+01
  0.4949274784959E+01
  0.5358443211131E+01
  0.5807717579506E+01
  0.6243655630965E+01
  0.6640793757783E+01
  0.7061904938046E+01
  0.7743108741926E+01
  0.9063732657177E+01
  0.8631968168375E+01
  0.7528459708913E+01
  0.6497836601287E+01
  0.6494696893923E+01
  0.6288870525034E+01
  0.4543831264917E+01
  0.1791858077585E+01
  0.4305248496357E+01
  0.6502506675183E+01
  0.6480227122637E+01
  0.6555860046430E+01
  0.6633264900956E+01
  0.6791951032510E+01
  0.7014086870893E+01
  0.7220631037905E+01
  0.7284167118168E+01
  0.7204197569127E+01
  0.6973965508906E+01
  0.6673960949013E+01
  0.6387244677957E+01
  0.6191074226166E+01
  0.7176352772391E+01
  0.7160571996468E+01
  0.7053611240990E+01
  0.6787450097781E+01
  0.6387619653766E+01
  0.5929298001410E+01
  0.5530284224019E+01
  0.5330634256104E+01
  0.5414906644728E+01
  0.5718159732882E+01
  0.6126865889078E+01
  0.6567180401854E+01
  0.7057705133974E+01
  0.7701932024347E+01
  0.8519176414979E+01
  0.8401884989822E+01
  0.7617836888618E+01
  0.6967613125631E+01
  0.6915675617286E+01
  0.6882042913601E+01
  0.6023144332009E+01
  0.3341849372843E+01
  0.4439758904300E+01
  0.6706643268830E+01
  0.7013261616709E+01
  0.7085644500972E+01
  0.7051233121385E+01
  0.7075771108399E+01
  0.7268417717618E+01
  0.7553557970777E+01
  0.7761777982813E+01
  0.7834168577897E+01
  0.7761655269845E+01
  0.7593100497333E+01
  0.7382771440143E+01
  0.7225502057337E+01
  0.7524273768244E+01
  0.7578935755945E+01
  0.7643386196603E+01
  0.7615142300714E+01
  0.7440835119583E+01
  0.7115524022431E+01
  0.6663218837990E+01
  0.6204657490229E+01
  0.5897056505617E+01
  0.5823817367684E+01
  0.5978932904688E+01
  0.6285527934297E+01
  0.6670169664726E+01
  0.7148344180661E+01
  0.7633030648787E+01
  0.7649429977587E+01
  0.7248546651193E+01
  0.6879037065111E+01
  0.6748737054176E+01
  0.6859058073451E+01
  0.6779971782868E+01
  0.5727831284344E+01
  0.5910910562968E+01
  0.6479370967850E+01
  0.6998333904623E+01
  0.7163892150126E+01
  0.7138327427315E+01
  0.7082934154819E+01
  0.7189000121143E+01
  0.7452880336273E+01
  0.7727159143893E+01
  0.7902856048815E+01
  0.7935981733539E+01
  0.7854139103748E+01
  0.7696789990195E+01
  0.7559476871117E+01
  0.7181334091895E+01
  0.7242164381987E+01
  0.7386623969090E+01
  0.7519556429911E+01
  0.7534403924508E+01
  0.7411632128687E+01
  0.7139830025428E+01
  0.6758558813019E+01
  0.6345807337583E+01
  0.5998240957329E+01
  0.5808849615132E+01
  0.5818726272789E+01
  0.5966551649345E+01
  0.6179202055341E+01
  0.6378462639958E+01
  0.6382868897671E+01
  0.6255055909213E+01
  0.6061731391611E+01
  0.5862460390290E+01
  0.6067410140896E+01
  0.6183134184833E+01
  0.4682570740846E+01
  0.4882463088564E+01
  0.5562007090772E+01
  0.6211804876863E+01
  0.6538344876654E+01
  0.6624671968619E+01
  0.6598713784745E+01
  0.6659490054301E+01
  0.6864035071066E+01
  0.7134616120776E+01
  0.7358300360488E+01
  0.7464488967559E+01
  0.7447621613471E+01
  0.7339311803332E+01
  0.7222163090055E+01
  0.6318522470746E+01
  0.6361979415556E+01
  0.6505911074498E+01
  0.6698664814596E+01
  0.6804837535609E+01
  0.6815007249514E+01
  0.6713252918892E+01
  0.6477833223101E+01
  0.6134238623745E+01
  0.5737690982101E+01
  0.5354327235659E+01
  0.5073054658054E+01
  0.4929476799436E+01
  0.4869543690449E+01
  0.4808553044168E+01
  0.4714132851248E+01
  0.4795859361518E+01
  0.5048896053623E+01
  0.4841366775839E+01
  0.5154955589243E+01
  0.5043218539549E+01
  0.1554528881133E+01
  0.2676671444838E+01
  0.3737055596321E+01
  0.4600824710816E+01
  0.5100021238051E+01
  0.5342343735840E+01
  0.5440396746826E+01
  0.5589326362010E+01
  0.5804198156070E+01
  0.6051380607885E+01
  0.6287154097670E+01
  0.6436381176296E+01
  0.6479762911856E+01
  0.6434964976660E+01
  0.6354218362238E+01
  0.4376445428504E+01
  0.4416415688529E+01
  0.4543441363752E+01
  0.4776912684941E+01
  0.4958085241863E+01
  0.5054626378388E+01
  0.5044966539360E+01
  0.4896713078572E+01
  0.4614308666004E+01
  0.4212505315501E+01
  0.3641809502514E+01
  0.2962345435250E+01
  0.2375543659113E+01
  0.2288440402832E+01
  0.2621443125266E+01
  0.2958036537693E+01
  0.3548938098869E+01
  0.4397460981359E+01
  0.4737154875784E+01
  0.5348289059641E+01
  0.5364191587828E+01
  0.4788194698359E+01
  0.4639710956483E+01
  0.4149106194530E+01
  0.3940731761743E+01
  0.3806252845421E+01
  0.3593498761633E+01
  0.3304395060435E+01
  0.3252116998125E+01
  0.3469770032383E+01
  0.3780032430786E+01
  0.4097632322448E+01
  0.4324300653441E+01
  0.4465032806829E+01
  0.4489611234968E+01
  0.4420681523248E+01
  0.3535154460408E+01
  0.3293259576270E+01
  0.3128835124535E+01
  0.3181690642622E+01
  0.3258576478820E+01
  0.3295701922755E+01
  0.3280911066935E+01
  0.3183675955306E+01
  0.2985007089615E+01
  0.2938065240724E+01
  0.3219412830268E+01
  0.3756616525020E+01
  0.4336045220727E+01
  0.4853218480708E+01
  0.5349028192025E+01
  0.5670348534085E+01
  0.5676059268234E+01
  0.6519516941010E+01
  0.5170260661931E+01
  0.2853717413642E+01
  0.2763613632130E+01
  0.4325958174112E+01
  0.6264474666808E+01
  0.6479865319008E+01
  0.6670233195845E+01
  0.6694827324091E+01
  0.6463309149906E+01
  0.6034961150884E+01
  0.5488229457638E+01
  0.4932053017665E+01
  0.4515340476472E+01
  0.4296922314731E+01
  0.4215305949169E+01
  0.4179091415338E+01
  0.4065233057061E+01
  0.3830769236450E+01
  0.6481772887850E+01
  0.6315355637758E+01
  0.6187037780394E+01
  0.6087126798283E+01
  0.6011407034086E+01
  0.5990400526846E+01
  0.6025550002876E+01
  0.6081912546339E+01
  0.6184274232178E+01
  0.6369975539973E+01
  0.6637620994204E+01
  0.6991406723272E+01
  0.7394050273642E+01
  0.7792645349744E+01
  0.8163650416160E+01
  0.8422055155776E+01
  0.8161253165164E+01
  0.7639402233544E+01
  0.5263736198674E+01
  0.0000000000000E+00
  0.0000000000000E+00
  0.3784708171849E+01
  0.6135630893162E+01
  0.7365347913730E+01
  0.8162577685819E+01
  0.8604220742936E+01
  0.8684222210424E+01
  0.8520146414287E+01
  0.8195396908452E+01
  0.7798421272862E+01
  0.7460013921087E+01
  0.7222394376635E+01
  0.7067460783322E+01
  0.6952651662919E+01
  0.6824999197017E+01
  0.6662176354096E+01
  0.8362333095694E+01
  0.8248854890829E+01
  0.8166688264501E+01
  0.8097801067835E+01
  0.8055373540707E+01
  0.8071523565265E+01
  0.8133284749713E+01
  0.8234993610385E+01
  0.8389366982662E+01
  0.8593950369951E+01
  0.8858129350733E+01
  0.9179611298528E+01
  0.9515330006608E+01
  0.9825246247168E+01
  0.1004030099480E+02
  0.1010766588545E+02
  0.9713905690149E+01
  0.8599820438922E+01
  0.5548179188499E+01
  0.0000000000000E+00
  0.0000000000000E+00
  0.3765109451297E+01
  0.5634822143576E+01
  0.6821033898100E+01
  0.7868592996734E+01
  0.8627798452291E+01
  0.9074249998365E+01
  0.9294021865666E+01
  0.9345597637285E+01
  0.9267593974267E+01
  0.9137243974852E+01
  0.9000235708593E+01
  0.8878290986693E+01
  0.8763362579209E+01
  0.8629356876347E+01
  0.8489926284755E+01
  0.9110000973907E+01
  0.9093535594209E+01
  0.9094207220397E+01
  0.9107908179242E+01
  0.9132406733398E+01
  0.9177323694407E+01
  0.9242625846832E+01
  0.9354623115101E+01
  0.9514299923908E+01
  0.9711031572996E+01
  0.9947704005406E+01
  0.1019307908017E+02
  0.1041012588471E+02
  0.1057489069336E+02
  0.1064144714066E+02
  0.1056793735623E+02
  0.1030682707897E+02
  0.9813353538971E+01
  0.9062513510142E+01
  0.8049032719759E+01
  0.6853513963578E+01
  0.6412702818098E+01
  0.6753286635802E+01
  0.7034937205389E+01
  0.7560125917714E+01
  0.8138212525023E+01
  0.8636440546921E+01
  0.9011768734043E+01
  0.9251479588579E+01
  0.9366532324189E+01
  0.9391657276739E+01
  0.9370563122068E+01
  0.9327693539075E+01
  0.9273204598805E+01
  0.9205178397709E+01
  0.9145251885349E+01
  0.8556105664521E+01
  0.8613736659844E+01
  0.8676862841701E+01
  0.8749713400733E+01
  0.8809428048652E+01
  0.8850169260263E+01
  0.8896079802536E+01
  0.8970559107743E+01
  0.9076109410581E+01
  0.9199357167488E+01
  0.9319628176624E+01
  0.9419142046658E+01
  0.9472815457834E+01
  0.9457971554223E+01
  0.9377207719626E+01
  0.9259702096888E+01
  0.9189475114390E+01
  0.9212786142251E+01
  0.8811188035557E+01
  0.8079882285815E+01
  0.7466714679336E+01
  0.7197590662414E+01
  0.7108309944541E+01
  0.6899682905158E+01
  0.6766942936582E+01
  0.6812877857148E+01
  0.7022003968890E+01
  0.7355432156317E+01
  0.7728545740344E+01
  0.8034731950606E+01
  0.8235008524818E+01
  0.8366314265142E+01
  0.8435194284616E+01
  0.8457203771055E+01
  0.8470488884437E+01
  0.8504928800560E+01
  0.6471116740889E+01
  0.6630062913890E+01
  0.6751760089383E+01
  0.6844959143750E+01
  0.6891875568737E+01
  0.6912025462578E+01
  0.6944558551426E+01
  0.6982287616914E+01
  0.7015033076801E+01
  0.7021329504818E+01
  0.6986461886358E+01
  0.6912510888541E+01
  0.6778570234797E+01
  0.6576963921997E+01
  0.6359277569306E+01
  0.6232229691073E+01
  0.6360862852700E+01
  0.6834225348249E+01
  0.6755428032723E+01
  0.6688953010425E+01
  0.6562271807967E+01
  0.6330860958501E+01
  0.5944553907978E+01
  0.5468719566975E+01
  0.4999001711832E+01
  0.4543176163511E+01
  0.4260968893316E+01
  0.4424514868451E+01
  0.4918655453309E+01
  0.5416338362414E+01
  0.5751013555651E+01
  0.5960103093485E+01
  0.6098829561959E+01
  0.6183950776081E+01
  0.6246935866362E+01
  0.6333448424772E+01
  0.3075977686149E+01
  0.3075977686149E+01
  0.3075977686149E+01
  0.3075977686149E+01
  0.3075977686149E+01
  0.3075977686149E+01
  0.3075977686149E+01
  0.3075977686149E+01
  0.3075977686149E+01
  0.3075977686149E+01
  0.3075977686149E+01
  0.3075977686149E+01
  0.3075977686149E+01
  0.3075977686149E+01
  0.3075977686149E+01
  0.3075977686149E+01
  0.3075977686149E+01
  0.3075977686149E+01
  0.3075977686149E+01
  0.3075977686149E+01
  0.3075977686149E+01
  0.3075977686149E+01
  0.3075977686149E+01
  0.3075977686149E+01
  0.3075977686149E+01
  0.3075977686149E+01
  0.3075977686149E+01
  0.3075977686149E+01
  0.3075977686149E+01
  0.3075977686149E+01
  0.3075977686149E+01
  0.3075977686149E+01
  0.3075977686149E+01
  0.3075977686149E+01
  0.3075977686149E+01
  0.3075977686149E+01
  0.2866745135691E+01
  0.2866745135691E+01
  0.2866745135691E+01
  0.2866745135691E+01
  0.2866745135691E+01
  0.2866745135691E+01
  0.2866745135691E+01
  0.2866745135691E+01
  0.2866745135691E+01
  0.2866745135691E+01
  0.2866745135691E+01
  0.2866745135691E+01
  0.2866745135691E+01
  0.2866745135691E+01
  0.2866745135691E+01
  0.2866745135691E+01
  0.2866745135691E+01
  0.2866745135691E+01
  0.2866745135691E+01
  0.2866745135691E+01
  0.2866745135691E+01
  0.2866745135691E+01
  0.2866745135691E+01
  0.2866745135691E+01
  0.2866745135691E+01
  0.2866745135691E+01
  0.2866745135691E+01
  0.2866745135691E+01
  0.2866745135691E+01
  0.2866745135691E+01
  0.2866745135691E+01
  0.2866745135691E+01
  0.2866745135691E+01
  0.2866745135691E+01
  0.2866745135691E+01
  0.2866745135691E+01
  0.7027698809462E+01
  0.8735418837407E+01
  0.9348462218397E+01
  0.9277264814974E+01
  0.8532632035691E+01
  0.6690271749917E+01
  0.9358260378531E+01
  0.1078156284679E+02
  0.1105676182406E+02
  0.1000764705912E+02
  0.7189307578405E+01
  0.7242067630985E+00
  0.0000000000000E+00
  0.0000000000000E+00
  0.0000000000000E+00
  0.0000000000000E+00
  0.0000000000000E+00
  0.0000000000000E+00
  0.0000000000000E+00
  0.0000000000000E+00
  0.0000000000000E+00
  0.0000000000000E+00
  0.0000000000000E+00
  0.0000000000000E+00
  0.0000000000000E+00
  0.0000000000000E+00
  0.0000000000000E+00
  0.0000000000000E+00
  0.0000000000000E+00
  0.0000000000000E+00
  0.0000000000000E+00
  0.0000000000000E+00
  0.4336573621400E+01
  0.9828933822668E+01
  0.1127572572217E+02
  0.1013513045210E+02
  0.1061873455234E+02
  0.4046769156695E+01
  0.2311900081669E+01
  0.3811757410369E+01
  0.9587871978981E+01
  0.1195970988051E+02
  0.1309697695576E+02
  0.1333862658049E+02
  0.1212755637097E+02
  0.7879946115858E+01
  0.1071448732736E+02
  0.1092118466166E+02
  0.9176069156746E+01
  0.3499850758255E+01
  0.0000000000000E+00
  0.0000000000000E+00
  0.0000000000000E+00
  0.0000000000000E+00
  0.0000000000000E+00
  0.0000000000000E+00
  0.0000000000000E+00
  0.0000000000000E+00
  0.0000000000000E+00
  0.0000000000000E+00
  0.0000000000000E+00
  0.0000000000000E+00
  0.0000000000000E+00
  0.0000000000000E+00
  0.0000000000000E+00
  0.0000000000000E+00
  0.0000000000000E+00
  0.0000000000000E+00
  0.2896772136221E+01
  0.1133414670705E+02
  0.1364472336817E+02
  0.1337252582874E+02
  0.2441435395974E+02
  0.2349260108774E+02
  0.2297905163805E+02
  0.2085985586479E+02
  0.1931986589666E+02
  0.2037402559077E+02
  0.2212730782903E+02
  0.2394768969399E+02
  0.2487196511807E+02
  0.2421299958842E+02
  0.1914730099067E+02
  0.1353745984301E+02
  0.1212274116882E+02
  0.6682396579153E+01
  0.0000000000000E+00
  0.0000000000000E+00
  0.0000000000000E+00
  0.0000000000000E+00
  0.0000000000000E+00
  0.0000000000000E+00
  0.0000000000000E+00
  0.0000000000000E+00
  0.0000000000000E+00
  0.0000000000000E+00
  0.0000000000000E+00
  0.0000000000000E+00
  0.0000000000000E+00
  0.0000000000000E+00
  0.0000000000000E+00
  0.0000000000000E+00
  0.0000000000000E+00
  0.0000000000000E+00
  0.3957129562530E+01
  0.1416080302837E+02
  0.1993901292875E+02
  0.2412795837404E+02
  0.4104046760517E+02
  0.3955820565399E+02
  0.3781730977964E+02
  0.3610896877425E+02
  0.3340323458765E+02
  0.3287374930215E+02
  0.3449915876486E+02
  0.3613926924326E+02
  0.3631381860762E+02
  0.3309496765615E+02
  0.2861205054477E+02
  0.1646965781404E+02
  0.7268675694926E+01
  0.0000000000000E+00
  0.0000000000000E+00
  0.0000000000000E+00
  0.0000000000000E+00
  0.0000000000000E+00
  0.0000000000000E+00
  0.0000000000000E+00
  0.0000000000000E+00
  0.0000000000000E+00
  0.0000000000000E+00
  0.0000000000000E+00
  0.0000000000000E+00
  0.0000000000000E+00
  0.0000000000000E+00
  0.0000000000000E+00
  0.0000000000000E+00
  0.0000000000000E+00
  0.0000000000000E+00
  0.0000000000000E+00
  0.8691556858371E+01
  0.2405177193279E+02
  0.3363029372836E+02
  0.3886872018313E+02
  0.5773169528365E+02
  0.5439660989827E+02
  0.5028122717715E+02
  0.4759410393563E+02
  0.4515888278046E+02
  0.4381862360025E+02
  0.4385528342698E+02
  0.4402173930801E+02
  0.4282193035310E+02
  0.3928843180453E+02
  0.3136540658235E+02
  0.2012013655123E+02
  0.8156335417806E+01
  0.0000000000000E+00
  0.0000000000000E+00
  0.0000000000000E+00
  0.0000000000000E+00
  0.0000000000000E+00
  0.0000000000000E+00
  0.0000000000000E+00
  0.0000000000000E+00
  0.0000000000000E+00
  0.0000000000000E+00
  0.0000000000000E+00
  0.0000000000000E+00
  0.0000000000000E+00
  0.0000000000000E+00
  0.0000000000000E+00
  0.0000000000000E+00
  0.0000000000000E+00
  0.0000000000000E+00
  0.0000000000000E+00
  0.1228366516951E+02
  0.3144573634312E+02
  0.4744022806834E+02
  0.5659311329411E+02
  0.6883540026647E+02
  0.6270069540154E+02
  0.5701685476961E+02
  0.5388441988030E+02
  0.5212744856864E+02
  0.5077648554806E+02
  0.4965901521149E+02
  0.4844793835512E+02
  0.4633987713474E+02
  0.4357658892489E+02
  0.3840646125799E+02
  0.2655227790721E+02
  0.1165688758089E+02
  0.0000000000000E+00
  0.0000000000000E+00
  0.0000000000000E+00
  0.0000000000000E+00
  0.0000000000000E+00
  0.0000000000000E+00
  0.0000000000000E+00
  0.0000000000000E+00
  0.2350039954724E+01
  0.1879657739331E+01
  0.0000000000000E+00
  0.0000000000000E+00
  0.0000000000000E+00
  0.0000000000000E+00
  0.0000000000000E+00
  0.0000000000000E+00
  0.0000000000000E+00
  0.0000000000000E+00
  0.0000000000000E+00
  0.1700129200235E+02
  0.4218413939772E+02
  0.6324435693613E+02
  0.7067411200797E+02
  0.7191886522823E+02
  0.6428801922695E+02
  0.5884350553593E+02
  0.5648837128096E+02
  0.5560527390055E+02
  0.5466371392783E+02
  0.5311517304538E+02
  0.5117256171144E+02
  0.4919837520161E+02
  0.4806600069028E+02
  0.4567190327315E+02
  0.3491077784222E+02
  0.1438619362456E+02
  0.0000000000000E+00
  0.0000000000000E+00
  0.0000000000000E+00
  0.0000000000000E+00
  0.0000000000000E+00
  0.0000000000000E+00
  0.0000000000000E+00
  0.1198563365144E+02
  0.2136039061719E+02
  0.1363195396110E+02
  0.0000000000000E+00
  0.0000000000000E+00
  0.0000000000000E+00
  0.2638620987294E+01
  0.3463816971568E+01
  0.0000000000000E+00
  0.0000000000000E+00
  0.0000000000000E+00
  0.0000000000000E+00
  0.2293912819072E+02
  0.5729932867597E+02
  0.7590512734818E+02
  0.7746429677545E+02
  0.7088313611871E+02
  0.6557335585392E+02
  0.6289742206208E+02
  0.6260660914609E+02
  0.6215089287389E+02
  0.6108116089796E+02
  0.5896305401844E+02
  0.5636079634681E+02
  0.5410215129144E+02
  0.5365874512886E+02
  0.5288385997407E+02
  0.4262833086762E+02
  0.2210847135760E+02
  0.0000000000000E+00
  0.0000000000000E+00
  0.0000000000000E+00
  0.0000000000000E+00
  0.0000000000000E+00
  0.0000000000000E+00
  0.8892911838498E+01
  0.3381293381528E+02
  0.3940452745408E+02
  0.2631056090331E+02
  0.7620588966754E+01
  0.1768195024540E+01
  0.6380293616842E+01
  0.1548507017658E+02
  0.1782113264599E+02
  0.0000000000000E+00
  0.0000000000000E+00
  0.0000000000000E+00
  0.0000000000000E+00
  0.3425838901087E+02
  0.6847306100225E+02
  0.7591160158223E+02
  0.7587085747089E+02
  0.7571103242587E+02
  0.7488242599487E+02
  0.7456320947314E+02
  0.7537081807890E+02
  0.7562809191166E+02
  0.7540137936225E+02
  0.7433614789752E+02
  0.7282165013308E+02
  0.7117157990159E+02
  0.6877588126972E+02
  0.6406533016901E+02
  0.5116509301015E+02
  0.3281625891362E+02
  0.9786089925885E+01
  0.0000000000000E+00
  0.0000000000000E+00
  0.0000000000000E+00
  0.1342981046693E+02
  0.1700839103845E+02
  0.1878293356990E+02
  0.4570772115587E+02
  0.4853654206404E+02
  0.3644759038012E+02
  0.2496192941781E+02
  0.1709597997462E+02
  0.2242750881112E+02
  0.2820036633409E+02
  0.2865801086324E+02
  0.2352237632687E+01
  0.0000000000000E+00
  0.0000000000000E+00
  0.0000000000000E+00
  0.4662557316385E+02
  0.7009705397369E+02
  0.7179919832119E+02
  0.7579063140461E+02
  0.8406397815977E+02
  0.8505962798165E+02
  0.8568241855897E+02
  0.8677305774026E+02
  0.8792092230567E+02
  0.8888410310266E+02
  0.8916913815806E+02
  0.8850750925710E+02
  0.8727359424981E+02
  0.8414891617342E+02
  0.7813351760811E+02
  0.6593036968917E+02
  0.4277459482954E+02
  0.2166416436255E+02
  0.7493945844985E+01
  0.0000000000000E+00
  0.0000000000000E+00
  0.2249073223744E+02
  0.3993822042237E+02
  0.2173717783594E+02
  0.5658465913220E+02
  0.5725155788451E+02
  0.5064234560539E+02
  0.4034027668664E+02
  0.3278779539491E+02
  0.3889789486929E+02
  0.4094447058668E+02
  0.3786118320905E+02
  0.1152952787631E+02
  0.0000000000000E+00
  0.0000000000000E+00
  0.0000000000000E+00
  0.5937505077044E+02
  0.7764682151848E+02
  0.7640214931021E+02
  0.8173618966890E+02
  0.9394261109354E+02
  0.9509786288713E+02
  0.9606511063250E+02
  0.9745153457177E+02
  0.9980646361883E+02
  0.1020615974465E+03
  0.1036966575144E+03
  0.1036064088913E+03
  0.1019281336556E+03
  0.9735424004975E+02
  0.8957084614608E+02
  0.7664091874464E+02
  0.5528231888305E+02
  0.3141558139872E+02
  0.3473591709941E+02
  0.0000000000000E+00
  0.0000000000000E+00
  0.1262459018896E+02
  0.5843658327414E+02
  0.4715045193472E+02
  0.6921442708361E+02
  0.7008707055372E+02
  0.6305216634567E+02
  0.4970078927728E+02
  0.3518640858346E+02
  0.5145266212189E+02
  0.4980555544848E+02
  0.4745984818136E+02
  0.2612467021286E+02
  0.0000000000000E+00
  0.0000000000000E+00
  0.0000000000000E+00
  0.7448032592642E+02
  0.8766157559385E+02
  0.8570796830746E+02
  0.9125319446677E+02
  0.1032040527543E+03
  0.1040371853043E+03
  0.1052120964111E+03
  0.1072336869055E+03
  0.1106848973577E+03
  0.1141098089755E+03
  0.1168622079048E+03
  0.1170177619837E+03
  0.1142500813662E+03
  0.1078791867782E+03
  0.9810907323208E+02
  0.8542383711360E+02
  0.7168321875082E+02
  0.5604961642706E+02
  0.5970322522376E+02
  0.1537757035829E+02
  0.0000000000000E+00
  0.5097570277829E+01
  0.6183149037150E+02
  0.6517751198268E+02
  0.7492067143124E+02
  0.8153879256616E+02
  0.7464886389742E+02
  0.5871865310337E+02
  0.2334885955434E+02
  0.4668668421542E+02
  0.4752664278922E+02
  0.5784994000501E+02
  0.4473541451326E+02
  0.1529522525210E+02
  0.0000000000000E+00
  0.4138018503470E+01
  0.8978884810688E+02
  0.9767891405198E+02
  0.9572465539870E+02
  0.1007690586771E+03
  0.1126480580895E+03
  0.1132337537554E+03
  0.1144246659990E+03
  0.1166575648995E+03
  0.1199806763472E+03
  0.1235797893996E+03
  0.1266067385162E+03
  0.1264892792005E+03
  0.1226707767527E+03
  0.1154817403713E+03
  0.1059493953714E+03
  0.9721554816317E+02
  0.8969702423209E+02
  0.7103556873480E+02
  0.7082465816092E+02
  0.4555322222934E+02
  0.7252325956903E+01
  0.7023278399323E+01
  0.5088483339306E+02
  0.8161915610242E+02
  0.8654003023155E+02
  0.9329752641802E+02
  0.8728954189751E+02
  0.7218855539114E+02
  0.2942197361625E+02
  0.3872798325607E+02
  0.3217972035716E+02
  0.6012412172213E+02
  0.6514820707777E+02
  0.3834093449593E+02
  0.0000000000000E+00
  0.2091517125508E+02
  0.9573199425922E+02
  0.1049612613592E+03
  0.1064331971777E+03
  0.1106294493506E+03
  0.1221388916322E+03
  0.1227282559286E+03
  0.1237602862597E+03
  0.1250746168769E+03
  0.1266974800966E+03
  0.1292300160404E+03
  0.1321490786196E+03
  0.1322933137747E+03
  0.1284968959744E+03
  0.1227562796295E+03
  0.1164987893935E+03
  0.1114436270001E+03
  0.1032721759250E+03
  0.8590018501335E+02
  0.8372161589569E+02
  0.7599336189839E+02
  0.2436750692100E+02
  0.7170854941666E+01
  0.2944680239781E+02
  0.8731601820283E+02
  0.1002217937153E+03
  0.1041408756265E+03
  0.9908230427689E+02
  0.9139144320671E+02
  0.5362104978256E+02
  0.4420691018758E+02
  0.3244444307751E+02
  0.4733320251419E+02
  0.8600790755081E+02
  0.6368306735469E+02
  0.9396893223840E+01
  0.4326525781957E+02
  0.1031878134214E+03
  0.1142602154103E+03
  0.1179000333076E+03
  0.1206830411416E+03
  0.1296200497643E+03
  0.1306180317863E+03
  0.1316054333269E+03
  0.1317219108811E+03
  0.1315734648888E+03
  0.1335917569810E+03
  0.1368453478231E+03
  0.1371380873261E+03
  0.1335509888807E+03
  0.1293882221952E+03
  0.1260908341094E+03
  0.1222664968974E+03
  0.1110943870344E+03
  0.9524321838966E+02
  0.9597603945625E+02
  0.9545983569301E+02
  0.2751570096200E+02
  0.7487050402628E+01
  0.2044261202205E+02
  0.8842890890955E+02
  0.1088396833140E+03
  0.1128505705020E+03
  0.1090128824575E+03
  0.1039480112781E+03
  0.6799873214985E+02
  0.5767273538523E+02
  0.4105982588898E+02
  0.4365527091692E+02
  0.1012729528863E+03
  0.9117906328783E+02
  0.3609928810391E+02
  0.7778825342365E+02
  0.1123705837524E+03
  0.1234100793597E+03
  0.1269248630540E+03
  0.1284254211723E+03
  0.1281129162527E+03
  0.1291313670992E+03
  0.1298294548625E+03
  0.1297379805065E+03
  0.1298618847522E+03
  0.1317441348970E+03
  0.1343199997991E+03
  0.1343114681590E+03
  0.1316179032375E+03
  0.1288555846854E+03
  0.1265849167498E+03
  0.1232551550223E+03
  0.1123320938522E+03
  0.9715301117307E+02
  0.1016168625562E+03
  0.1005132609489E+03
  0.2431760748500E+02
  0.8341572034268E+01
  0.1829594559173E+02
  0.8756075746131E+02
  0.1149444372442E+03
  0.1224296010774E+03
  0.1175179588391E+03
  0.1096578779049E+03
  0.8190500762200E+02
  0.6927358872536E+02
  0.6334453107365E+02
  0.4891362291425E+02
  0.1007184338294E+03
  0.1089622094826E+03
  0.7140804549739E+02
  0.9722351066184E+02
  0.1168976008964E+03
  0.1258350324872E+03
  0.1265813767605E+03
  0.1270130951116E+03
  0.1117394542073E+03
  0.1110963570670E+03
  0.1099278111328E+03
  0.1086483034483E+03
  0.1087079008295E+03
  0.1107694303655E+03
  0.1138091911493E+03
  0.1152442024430E+03
  0.1154853202183E+03
  0.1161769307962E+03
  0.1163981720454E+03
  0.1150522793096E+03
  0.1087389861872E+03
  0.9411387942263E+02
  0.1035486592115E+03
  0.9834013607732E+02
  0.2538226479897E+02
  0.1279817576179E+02
  0.1885977896111E+02
  0.9738079161778E+02
  0.1197467764781E+03
  0.1277148239499E+03
  0.1246510714898E+03
  0.1137728180724E+03
  0.9424381138610E+02
  0.8923838067409E+02
  0.8291515104040E+02
  0.6220707513857E+02
  0.8023786888500E+02
  0.1115711748710E+03
  0.8917869162279E+02
  0.1024469622066E+03
  0.1116910561291E+03
  0.1149079178494E+03
  0.1131505682771E+03
  0.1121135687662E+03
  0.9070284631023E+02
  0.8909295043143E+02
  0.8754826097310E+02
  0.8674000454906E+02
  0.8703655030608E+02
  0.8832499620460E+02
  0.9017826441631E+02
  0.9165338593241E+02
  0.9370884692683E+02
  0.9664080758639E+02
  0.9960402548243E+02
  0.1024846149790E+03
  0.1030461769204E+03
  0.9119272437407E+02
  0.1072421223921E+03
  0.9614907022021E+02
  0.3155382091325E+02
  0.2117211364495E+02
  0.2242736912478E+02
  0.1038260174564E+03
  0.1166810773908E+03
  0.1208983828981E+03
  0.1237091824310E+03
  0.1166424125698E+03
  0.1035437860295E+03
  0.1043782854777E+03
  0.9935329090215E+02
  0.8975349851860E+02
  0.7564596295813E+02
  0.1068476401984E+03
  0.9696921724402E+02
  0.9949142204135E+02
  0.9808096564854E+02
  0.9713870271278E+02
  0.9428800301389E+02
  0.9229011475010E+02
  0.8083143275802E+02
  0.7884473504789E+02
  0.7722166906022E+02
  0.7670328969685E+02
  0.7702555049424E+02
  0.7794075700730E+02
  0.7912706757337E+02
  0.8006961707663E+02
  0.8166375063853E+02
  0.8417376842586E+02
  0.8760037085329E+02
  0.9258630933901E+02
  0.9959061052071E+02
  0.1028506230258E+03
  0.1137257569222E+03
  0.9053872698813E+02
  0.3953153494420E+02
  0.3128405303031E+02
  0.3227361675394E+02
  0.1160663358909E+03
  0.1167003487232E+03
  0.1082348070579E+03
  0.1162773144375E+03
  0.1194093887125E+03
  0.1090357940872E+03
  0.1141857308341E+03
  0.1158362527796E+03
  0.1174945637284E+03
  0.8494569610375E+02
  0.1065765336277E+03
  0.1019371583418E+03
  0.9639353769827E+02
  0.9016334912434E+02
  0.8798496469750E+02
  0.8523928576563E+02
  0.8288818418890E+02
  0.9219270845005E+02
  0.8902636696870E+02
  0.8643327752642E+02
  0.8493470128277E+02
  0.8451476116626E+02
  0.8497142769602E+02
  0.8620280401653E+02
  0.8756221092334E+02
  0.8960757312003E+02
  0.9258064406336E+02
  0.9629849672519E+02
  0.1014518372339E+03
  0.1097115464739E+03
  0.1185965156240E+03
  0.1243696582195E+03
  0.9185158569371E+02
  0.4861786933290E+02
  0.3996254179283E+02
  0.5097972276364E+02
  0.1266731569761E+03
  0.1209960458944E+03
  0.1048051838695E+03
  0.1026513895263E+03
  0.1297943160402E+03
  0.1262082441633E+03
  0.1303023185392E+03
  0.1311954064526E+03
  0.1308157364265E+03
  0.1152035110919E+03
  0.1249837076099E+03
  0.1216003215512E+03
  0.1133154597189E+03
  0.1062261767224E+03
  0.1031774936493E+03
  0.9951143941067E+02
  0.9563330339651E+02
  0.1252556969725E+03
  0.1209489959515E+03
  0.1166300843442E+03
  0.1130048491470E+03
  0.1107819396068E+03
  0.1099426050422E+03
  0.1104931317682E+03
  0.1113452274810E+03
  0.1124756315841E+03
  0.1140738682074E+03
  0.1152266209746E+03
  0.1160612019834E+03
  0.1181165412888E+03
  0.1214238147680E+03
  0.1346650383166E+03
  0.1158815578903E+03
  0.5669076104625E+02
  0.5788732462058E+02
  0.8027576962582E+02
  0.1356700562094E+03
  0.1227380560761E+03
  0.1012334709259E+03
  0.8458422070875E+02
  0.1351477485395E+03
  0.1416099268002E+03
  0.1421394424686E+03
  0.1405968860938E+03
  0.1352143362890E+03
  0.1317966705938E+03
  0.1435833526225E+03
  0.1470398540197E+03
  0.1430110907605E+03
  0.1397225037412E+03
  0.1375440955975E+03
  0.1339873273252E+03
  0.1296949762170E+03
  0.1612296192573E+03
  0.1591153415138E+03
  0.1551754361483E+03
  0.1498683270843E+03
  0.1449774067246E+03
  0.1408137114164E+03
  0.1375197161971E+03
  0.1347292334899E+03
  0.1324852961840E+03
  0.1309894435429E+03
  0.1291016407150E+03
  0.1262265280079E+03
  0.1219693287373E+03
  0.1163116728037E+03
  0.1229389241871E+03
  0.1370967609896E+03
  0.8213996108614E+02
  0.8446248598928E+02
  0.1061285058294E+03
  0.1383013321811E+03
  0.1234654770734E+03
  0.8865802991742E+02
  0.9362120710980E+02
  0.1381988610649E+03
  0.1516725236990E+03
  0.1468336815188E+03
  0.1442267297387E+03
  0.1382140164688E+03
  0.1370165915754E+03
  0.1482818472482E+03
  0.1569165184836E+03
  0.1595250770746E+03
  0.1624569235821E+03
  0.1650820928582E+03
  0.1644681205686E+03
  0.1631110386073E+03
  0.1692209122248E+03
  0.1708920220797E+03
  0.1712637275880E+03
  0.1688495588505E+03
  0.1647797033720E+03
  0.1590740820936E+03
  0.1518158643575E+03
  0.1449862959755E+03
  0.1397822327490E+03
  0.1362424090292E+03
  0.1333726714386E+03
  0.1305147051469E+03
  0.1260083696941E+03
  0.1177349065326E+03
  0.1084639411409E+03
  0.1159160676237E+03
  0.1081875859004E+03
  0.1059201112457E+03
  0.1058509173737E+03
  0.1291026859677E+03
  0.1264195680046E+03
  0.6794735073193E+02
  0.1176299669234E+03
  0.1456013408043E+03
  0.1498560518860E+03
  0.1458709279818E+03
  0.1431202653570E+03
  0.1370154387396E+03
  0.1334249616506E+03
  0.1392593942734E+03
  0.1477361170290E+03
  0.1532330095751E+03
  0.1594960809001E+03
  0.1654422057384E+03
  0.1672260206727E+03
  0.1683024316634E+03
  0.1554859811572E+03
  0.1578491143821E+03
  0.1611293066049E+03
  0.1639408538186E+03
  0.1648143115335E+03
  0.1626260004712E+03
  0.1565210947547E+03
  0.1487334156740E+03
  0.1416524220879E+03
  0.1362352339212E+03
  0.1323781804198E+03
  0.1294507488210E+03
  0.1261425422630E+03
  0.1211675932441E+03
  0.1164247494415E+03
  0.1218629466935E+03
  0.1168772063375E+03
  0.1115224731539E+03
  0.1092048115324E+03
  0.1197475392825E+03
  0.1233061060794E+03
  0.6928758894593E+02
  0.1209366767519E+03
  0.1364278559548E+03
  0.1392716688960E+03
  0.1400827164692E+03
  0.1387708512388E+03
  0.1334832481066E+03
  0.1287406158549E+03
  0.1308694984137E+03
  0.1364104932059E+03
  0.1406615216520E+03
  0.1459293532176E+03
  0.1511381068606E+03
  0.1532892949160E+03
  0.1545105861337E+03
  0.1398374311168E+03
  0.1408581301495E+03
  0.1435262155333E+03
  0.1478885050010E+03
  0.1521636193857E+03
  0.1547079860338E+03
  0.1536760558960E+03
  0.1490027453049E+03
  0.1423241735186E+03
  0.1352307534351E+03
  0.1295645594073E+03
  0.1253148425987E+03
  0.1213281588361E+03
  0.1165884094437E+03
  0.1136279459705E+03
  0.1178303240535E+03
  0.1151488646271E+03
  0.1089300485508E+03
  0.1031042339840E+03
  0.1087892914066E+03
  0.1138435626583E+03
  0.9470636913726E+02
  0.1180402960476E+03
  0.1248392407554E+03
  0.1274815660232E+03
  0.1303812587583E+03
  0.1310250672925E+03
  0.1280385932236E+03
  0.1240888036756E+03
  0.1242223479982E+03
  0.1274348882174E+03
  0.1301988767265E+03
  0.1337261290266E+03
  0.1367547250545E+03
  0.1384520945021E+03
  0.1394518226806E+03
  0.1260144010188E+03
  0.1259447415798E+03
  0.1270022040882E+03
  0.1299709995250E+03
  0.1338016491998E+03
  0.1374385007606E+03
  0.1400176107610E+03
  0.1399805129593E+03
  0.1368423908419E+03
  0.1311518409080E+03
  0.1249056546416E+03
  0.1193469180200E+03
  0.1146022197796E+03
  0.1105988025882E+03
  0.1083201716866E+03
  0.1093407912347E+03
  0.1069689573782E+03
  0.1024211635533E+03
  0.9278750426648E+02
  0.9524081605616E+02
  0.9931479870979E+02
  0.1037943215124E+03
  0.1138492067853E+03
  0.1135784343323E+03
  0.1153200350333E+03
  0.1179087278950E+03
  0.1197781669566E+03
  0.1193500449436E+03
  0.1172201627170E+03
  0.1167094459585E+03
  0.1181103564105E+03
  0.1194631990467E+03
  0.1216104920022E+03
  0.1233806272846E+03
  0.1248086730459E+03
  0.1257939374489E+03
  0.1134964322049E+03
  0.1131524241817E+03
  0.1131309390031E+03
  0.1142672088789E+03
  0.1163311696123E+03
  0.1187247016682E+03
  0.1212873645890E+03
  0.1230202496527E+03
  0.1227841612401E+03
  0.1200878295760E+03
  0.1157599475761E+03
  0.1101254094991E+03
  0.1047126835026E+03
  0.1012680000477E+03
  0.1003286319060E+03
  0.1004790360122E+03
  0.9856651043598E+02
  0.9439324360373E+02
  0.8099340988537E+02
  0.7944428872263E+02
  0.8635241746895E+02
  0.9836211519767E+02
  0.1121040615526E+03
  0.1077097195336E+03
  0.1061583388487E+03
  0.1065225529201E+03
  0.1078374623192E+03
  0.1084245871672E+03
  0.1080892011416E+03
  0.1081528964094E+03
  0.1084762776781E+03
  0.1087131180128E+03
  0.1096766182266E+03
  0.1106431860056E+03
  0.1119034671829E+03
  0.1131471051025E+03
  0.1004550831309E+03
  0.1001783142368E+03
  0.9969823298972E+02
  0.9971208779146E+02
  0.1005443372707E+03
  0.1017422477485E+03
  0.1029643387262E+03
  0.1044986378055E+03
  0.1050707045585E+03
  0.1041806992209E+03
  0.1019007585282E+03
  0.9737203486562E+02
  0.9178539386264E+02
  0.8929222923647E+02
  0.9110643433701E+02
  0.9369142697884E+02
  0.9387768753604E+02
  0.8901105612462E+02
  0.6744640394350E+02
  0.5833294331775E+02
  0.7159057450243E+02
  0.1069995601857E+03
  0.1251918681659E+03
  0.1144264738610E+03
  0.1052475733440E+03
  0.1008027787711E+03
  0.9932698530842E+02
  0.9854089312966E+02
  0.9790710879115E+02
  0.9819276363858E+02
  0.9804933111284E+02
  0.9750607031425E+02
  0.9754290407458E+02
  0.9798896470297E+02
  0.9889123277515E+02
  0.9999945102706E+02
  0.9290163439955E+02
  0.9224735163922E+02
  0.9131738424618E+02
  0.9081243066278E+02
  0.9073143651365E+02
  0.9096382007946E+02
  0.9106009563407E+02
  0.9149257149593E+02
  0.9180413425426E+02
  0.9182594612106E+02
  0.9225770371848E+02
  0.9182962724859E+02
  0.8957289247280E+02
  0.8826617379872E+02
  0.9073593621438E+02
  0.9570479110391E+02
  0.9796183249803E+02
  0.9246204900310E+02
  0.3848552550397E+02
  0.2799765939487E+02
  0.4563081865280E+02
  0.1100554680140E+03
  0.1403201590130E+03
  0.1343986678624E+03
  0.1214299486849E+03
  0.1129187099485E+03
  0.1077354963126E+03
  0.1038620051685E+03
  0.1005192770527E+03
  0.9819966740468E+02
  0.9624434762198E+02
  0.9418680992066E+02
  0.9289825046760E+02
  0.9239664826712E+02
  0.9255040281448E+02
  0.9295080202711E+02
  0.9248873975721E+02
  0.9203042854094E+02
  0.9134320672621E+02
  0.9061546219516E+02
  0.9001902843553E+02
  0.8971079345394E+02
  0.8953678105431E+02
  0.8957268281630E+02
  0.9006882244064E+02
  0.9033660595668E+02
  0.9050472536819E+02
  0.9018567617727E+02
  0.8844407159510E+02
  0.8691128966716E+02
  0.8848084635391E+02
  0.9482888643803E+02
  0.1014283625523E+03
  0.9779264738453E+02
  0.3740575260744E+02
  0.2282816289568E+02
  0.3370097971199E+02
  0.1091883177779E+03
  0.1390857661898E+03
  0.1417324502669E+03
  0.1335468471298E+03
  0.1265709684302E+03
  0.1200293364705E+03
  0.1134133647499E+03
  0.1074503311088E+03
  0.1030431124653E+03
  0.9986879586831E+02
  0.9689389104730E+02
  0.9447379171097E+02
  0.9296017770248E+02
  0.9232063253736E+02
  0.9239447587739E+02
  0.9215470245694E+02
  0.9106612656260E+02
  0.8991019056269E+02
  0.8968749847249E+02
  0.8912891778160E+02
  0.8869733290069E+02
  0.8849082224775E+02
  0.8851269485975E+02
  0.8874479444966E+02
  0.8898350593216E+02
  0.8919005525630E+02
  0.8902508980777E+02
  0.8812163733164E+02
  0.8727036411668E+02
  0.8822125378041E+02
  0.9370405225924E+02
  0.1030489540967E+03
  0.1080953109049E+03
  0.4684774377755E+02
  0.3386257315824E+02
  0.4091590370431E+02
  0.9168911234098E+02
  0.1134565458999E+03
  0.1226067646505E+03
  0.1229187184746E+03
  0.1227273791416E+03
  0.1213161633879E+03
  0.1177177613969E+03
  0.1134193290045E+03
  0.1089107630041E+03
  0.1046702402750E+03
  0.1010025300701E+03
  0.9791291550577E+02
  0.9555595157627E+02
  0.9389797173784E+02
  0.9292468499383E+02
  0.9133480038161E+02
  0.9006108033047E+02
  0.8882870399397E+02
  0.8778367061929E+02
  0.8669433090592E+02
  0.8603731145507E+02
  0.8580549487900E+02
  0.8602455911783E+02
  0.8634052574131E+02
  0.8672156314169E+02
  0.8716118261276E+02
  0.8742748393258E+02
  0.8754237214124E+02
  0.8737584852710E+02
  0.8811894514434E+02
  0.9168483950388E+02
  0.9956431431551E+02
  0.1114860232617E+03
  0.7921668810987E+02
  0.7131326225111E+02
  0.6424219837485E+02
  0.7361197588445E+02
  0.7924417269032E+02
  0.8678905277876E+02
  0.9245928925779E+02
  0.9742654056188E+02
  0.1023628092062E+03
  0.1052384169817E+03
  0.1057480632270E+03
  0.1048067545035E+03
  0.1025027756918E+03
  0.9986853632950E+02
  0.9725684691661E+02
  0.9519526689715E+02
  0.9335725698941E+02
  0.9225266337524E+02
  0.8381137926176E+02
  0.8296060046812E+02
  0.8232421440824E+02
  0.8169209151239E+02
  0.8094259455247E+02
  0.8040304041638E+02
  0.8023986249686E+02
  0.8045461366749E+02
  0.8077055930741E+02
  0.8068594507790E+02
  0.8107970915407E+02
  0.8151834970362E+02
  0.8197401811967E+02
  0.8240311138002E+02
  0.8301571858644E+02
  0.8501121770422E+02
  0.8958075301915E+02
  0.9579619093734E+02
  0.8446652528774E+02
  0.7548467735077E+02
  0.6685013833550E+02
  0.6380210211469E+02
  0.6302285306391E+02
  0.6564218177640E+02
  0.6879842159764E+02
  0.7239914947747E+02
  0.7720092094937E+02
  0.8200865195285E+02
  0.8523914233363E+02
  0.8680356541469E+02
  0.8679950872465E+02
  0.8587066642343E+02
  0.8479406528385E+02
  0.8443839134459E+02
  0.8424872311768E+02
  0.8404127745573E+02
  0.6575211056344E+02
  0.6621380943893E+02
  0.6631805491126E+02
  0.6619377979211E+02
  0.6581812186909E+02
  0.6538014086574E+02
  0.6509390732864E+02
  0.6494031879303E+02
  0.6479008322961E+02
  0.6472462919464E+02
  0.6498549629006E+02
  0.6527679410525E+02
  0.6558939334473E+02
  0.6591029957891E+02
  0.6636717134507E+02
  0.6750789301025E+02
  0.7058222430932E+02
  0.7407509468233E+02
  0.6985381414461E+02
  0.6359400056674E+02
  0.5827111873494E+02
  0.5469206919615E+02
  0.5235033374632E+02
  0.5142434178028E+02
  0.5129623872484E+02
  0.5193731890702E+02
  0.5391355549040E+02
  0.5699618727485E+02
  0.6016681952259E+02
  0.6243761499663E+02
  0.6363589551068E+02
  0.6419376377382E+02
  0.6446252372932E+02
  0.6489629932789E+02
  0.6537885663962E+02
  0.6557927475214E+02
  0.4174498901513E+02
  0.4215143314073E+02
  0.4227756707452E+02
  0.4214503257537E+02
  0.4178263989862E+02
  0.4129202281931E+02
  0.4082816015782E+02
  0.4052526752451E+02
  0.4037769357178E+02
  0.4039311693327E+02
  0.4036873741658E+02
  0.4030867282788E+02
  0.4034963456455E+02
  0.4065364421577E+02
  0.4129505617287E+02
  0.4250320910379E+02
  0.4442441909372E+02
  0.4639368062607E+02
  0.4665439312908E+02
  0.4505643883988E+02
  0.4244204529610E+02
  0.3949988661870E+02
  0.3681637050322E+02
  0.3481956253620E+02
  0.3376461292872E+02
  0.3379390354348E+02
  0.3478450965303E+02
  0.3636045577424E+02
  0.3808334865008E+02
  0.3947245777337E+02
  0.4023708435474E+02
  0.4050319274612E+02
  0.4057227451134E+02
  0.4071911893517E+02
  0.4096694716315E+02
  0.4129648247954E+02
  0.2009042555631E+02
  0.2047155655934E+02
  0.2108059528256E+02
  0.2203839339170E+02
  0.2349551668989E+02
  0.2458942168141E+02
  0.2551307747987E+02
  0.2637038003184E+02
  0.2715144958107E+02
  0.2862964356816E+02
  0.2954195574215E+02
  0.3008668208001E+02
  0.3039828645182E+02
  0.3056428531708E+02
  0.3061039178696E+02
  0.3050130480673E+02
  0.3012103878020E+02
  0.2924311514390E+02
  0.2753983599177E+02
  0.2470056887749E+02
  0.2237544828094E+02
  0.2060681007754E+02
  0.1939035376985E+02
  0.1866709188214E+02
  0.1836763692847E+02
  0.1840421770024E+02
  0.1866099504314E+02
  0.1901426259182E+02
  0.1933213826107E+02
  0.1953713312144E+02
  0.1961932661527E+02
  0.1962427191832E+02
  0.1961147442789E+02
  0.1962938709959E+02
  0.1970344306638E+02
  0.1985112008434E+02
  0.0000000000000E+00
 -0.1566664205870E+01
 -0.8467533305289E+00
 -0.3656160377189E+00
 -0.3026304578201E+00
  0.0000000000000E+00
 -0.5672598158000E-01
 -0.1568981191241E+00
 -0.8595742659062E+00
 -0.1747418165449E+01
 -0.2899591145761E+01
 -0.3465892042920E+01
  0.0000000000000E+00
  0.0000000000000E+00
  0.0000000000000E+00
  0.0000000000000E+00
  0.0000000000000E+00
  0.0000000000000E+00
  0.0000000000000E+00
  0.0000000000000E+00
  0.0000000000000E+00
  0.0000000000000E+00
  0.0000000000000E+00
  0.0000000000000E+00
  0.0000000000000E+00
  0.0000000000000E+00
  0.0000000000000E+00
  0.0000000000000E+00
  0.0000000000000E+00
  0.0000000000000E+00
  0.0000000000000E+00
 -0.2620170804519E+01
 -0.3479361101856E+01
 -0.3322450014259E+01
 -0.2868680278462E+01
 -0.2505282367433E+01
 -0.4049043704916E+01
  0.0000000000000E+00
  0.0000000000000E+00
  0.0000000000000E+00
 -0.2986018752900E+01
 -0.1302346044028E+01
 -0.1129817344167E+01
 -0.1318837234620E+01
 -0.2047445320865E+01
  0.0000000000000E+00
 -0.6913320946961E+01
 -0.7688802475701E+01
 -0.8297792813784E+01
 -0.7662257440560E+01
 -0.4246468655221E+01
  0.0000000000000E+00
  0.0000000000000E+00
  0.0000000000000E+00
  0.0000000000000E+00
  0.0000000000000E+00
  0.0000000000000E+00
  0.0000000000000E+00
  0.0000000000000E+00
  0.0000000000000E+00
  0.0000000000000E+00
  0.0000000000000E+00
  0.0000000000000E+00
  0.0000000000000E+00
  0.0000000000000E+00
  0.0000000000000E+00
  0.0000000000000E+00
  0.0000000000000E+00
 -0.7915314823521E+01
 -0.7748440917867E+01
 -0.5688232532194E+01
 -0.4250938394819E+01
 -0.5205735819976E+01
 -0.4838684593475E+01
 -0.4998120147767E+01
 -0.8335012894376E+01
 -0.1159164401528E+02
 -0.8028899965330E+01
 -0.6770552669201E+01
 -0.4158744226269E+01
 -0.3277432308854E+01
 -0.4727227160259E+01
  0.0000000000000E+00
 -0.1307218087771E+02
 -0.2548871900992E+02
 -0.2485077447029E+02
 -0.1483141594565E+02
  0.0000000000000E+00
  0.0000000000000E+00
  0.0000000000000E+00
  0.0000000000000E+00
  0.0000000000000E+00
  0.0000000000000E+00
  0.0000000000000E+00
  0.0000000000000E+00
  0.0000000000000E+00
  0.0000000000000E+00
  0.0000000000000E+00
  0.0000000000000E+00
  0.0000000000000E+00
  0.0000000000000E+00
  0.0000000000000E+00
  0.0000000000000E+00
  0.0000000000000E+00
 -0.1515134944904E+02
 -0.1699934762385E+02
 -0.9136129444285E+01
 -0.4627062576623E+01
  0.4256105773818E+01
  0.3455506310956E+01
  0.2334374285267E+01
  0.1002335592715E+01
 -0.4084593246411E+01
 -0.4583423202407E+01
 -0.2387715944667E+01
 -0.4391623123530E+00
  0.1186848514769E+00
 -0.2031240632769E+01
 -0.1278227464135E+02
 -0.2056445363406E+02
  0.0000000000000E+00
  0.0000000000000E+00
  0.0000000000000E+00
  0.0000000000000E+00
  0.0000000000000E+00
  0.0000000000000E+00
  0.0000000000000E+00
  0.0000000000000E+00
  0.0000000000000E+00
  0.0000000000000E+00
  0.0000000000000E+00
  0.0000000000000E+00
  0.0000000000000E+00
  0.0000000000000E+00
  0.0000000000000E+00
  0.0000000000000E+00
  0.0000000000000E+00
  0.0000000000000E+00
  0.0000000000000E+00
  0.0000000000000E+00
 -0.8342100731275E+01
 -0.6294896041371E+01
  0.8810348563629E+00
  0.3595774174211E+01
  0.1054790448418E+02
  0.1017212170721E+02
  0.8942334784999E+01
  0.8282505343341E+01
  0.6562585180079E+01
  0.5157443554960E+01
  0.4564120029951E+01
  0.4260612336926E+01
  0.3161596306206E+01
  0.1291711948428E+01
 -0.5018238443668E+01
 -0.1679485850714E+02
  0.0000000000000E+00
  0.0000000000000E+00
  0.0000000000000E+00
  0.0000000000000E+00
  0.0000000000000E+00
  0.0000000000000E+00
  0.0000000000000E+00
  0.0000000000000E+00
  0.0000000000000E+00
 -0.2109171369113E+02
 -0.3077905400054E+02
  0.0000000000000E+00
  0.0000000000000E+00
  0.0000000000000E+00
  0.0000000000000E+00
  0.0000000000000E+00
  0.0000000000000E+00
  0.0000000000000E+00
  0.0000000000000E+00
  0.0000000000000E+00
 -0.1600271872417E+01
  0.2027373096366E+01
  0.6237768785786E+01
  0.8963601632274E+01
  0.1580592686161E+02
  0.1530452826481E+02
  0.1430693723008E+02
  0.1408288527985E+02
  0.1380063809166E+02
  0.1312924067322E+02
  0.1222964846084E+02
  0.1109049700305E+02
  0.9376619730446E+01
  0.7581580288802E+01
  0.4154360387154E+01
 -0.4701875259529E+01
 -0.1151616081629E+02
  0.0000000000000E+00
  0.0000000000000E+00
  0.0000000000000E+00
  0.0000000000000E+00
  0.0000000000000E+00
  0.0000000000000E+00
  0.0000000000000E+00
 -0.1742919010949E+02
 -0.2838951927220E+02
 -0.3135303497921E+02
  0.0000000000000E+00
  0.0000000000000E+00
  0.0000000000000E+00
  0.0000000000000E+00
 -0.1934733202385E+02
 -0.3005803809185E+02
  0.0000000000000E+00
  0.0000000000000E+00
  0.0000000000000E+00
  0.2334346590017E+01
  0.6479791833028E+01
  0.1145166582198E+02
  0.1447031050088E+02
  0.1955558574656E+02
  0.1794827413420E+02
  0.1680325357619E+02
  0.1688941614900E+02
  0.1752144273686E+02
  0.1776958876903E+02
  0.1758499712057E+02
  0.1686895103617E+02
  0.1568300475913E+02
  0.1474622916649E+02
  0.1287892813232E+02
  0.7597679588805E+01
 -0.2139646527514E+01
  0.0000000000000E+00
  0.0000000000000E+00
  0.0000000000000E+00
  0.0000000000000E+00
  0.0000000000000E+00
  0.0000000000000E+00
 -0.1347402445256E+02
 -0.1436057715801E+02
 -0.1384268985330E+02
 -0.1815235647906E+02
  0.0000000000000E+00
  0.0000000000000E+00
  0.0000000000000E+00
 -0.1283900548991E+02
 -0.1998989146405E+02
 -0.2093847330274E+02
  0.0000000000000E+00
  0.0000000000000E+00
  0.0000000000000E+00
  0.3547459360530E+01
  0.1152146444949E+02
  0.1734896080574E+02
  0.1997295306051E+02
  0.1978802998141E+02
  0.1780730493383E+02
  0.1807101952164E+02
  0.1896905852982E+02
  0.1919095277669E+02
  0.1875004980830E+02
  0.1769332187982E+02
  0.1600134372326E+02
  0.1405498226782E+02
  0.1474043091393E+02
  0.1734648096263E+02
  0.1526091170752E+02
  0.6203585676691E+01
 -0.8578058739585E+00
 -0.7249919915354E+01
  0.0000000000000E+00
  0.0000000000000E+00
 -0.1680843915409E+01
 -0.5963981516677E+01
 -0.7473998237233E+01
 -0.7264098771373E-01
  0.2231906786384E+01
 -0.8488128351443E+00
 -0.4154484566083E+01
 -0.6779154630029E+01
 -0.7575999116110E+01
 -0.5480210779635E+01
 -0.4239631051401E+01
 -0.3249140379295E+01
  0.0000000000000E+00
  0.0000000000000E+00
  0.0000000000000E+00
  0.8831969899713E+01
  0.1796280760234E+02
  0.2081099650112E+02
  0.2202309238172E+02
  0.2082922459088E+02
  0.2141206082211E+02
  0.2240739155917E+02
  0.2306718044259E+02
  0.2348357943067E+02
  0.2367984453737E+02
  0.2361710127953E+02
  0.2349020689951E+02
  0.2315794188048E+02
  0.2212000301262E+02
  0.2003570905391E+02
  0.1504700367835E+02
  0.1245115787207E+02
  0.7746752016634E+01
  0.8475123893985E+00
  0.0000000000000E+00
  0.0000000000000E+00
  0.3073853316767E+01
  0.3037652049997E+01
  0.3014837943967E+01
  0.1053553909559E+02
  0.1103072525117E+02
  0.8005140965391E+01
  0.6913143766292E+01
  0.5759652583534E+01
  0.6174077591441E+01
  0.7209221864543E+01
  0.7489352812822E+01
  0.5357469386485E+01
  0.0000000000000E+00
  0.0000000000000E+00
  0.0000000000000E+00
  0.1075831428017E+02
  0.1420769994165E+02
  0.1755887974069E+02
  0.2078992286202E+02
  0.2126853055475E+02
  0.2215399631101E+02
  0.2295153068419E+02
  0.2356029523037E+02
  0.2397653229283E+02
  0.2428260224728E+02
  0.2442313333972E+02
  0.2440404036718E+02
  0.2422258969885E+02
  0.2390828429445E+02
  0.2334123139201E+02
  0.2266392359489E+02
  0.1683094017290E+02
  0.1203650716593E+02
  0.6789477590093E+01
 -0.8087231629657E+00
  0.0000000000000E+00
  0.1877614569559E+01
  0.6512216594705E+01
  0.0000000000000E+00
  0.1250857798933E+02
  0.1330490429748E+02
  0.1335851327529E+02
  0.9232042050230E+01
  0.7806314696480E+01
  0.8091442777674E+01
  0.8947127542625E+01
  0.8953927167348E+01
  0.6483084904903E+01
  0.0000000000000E+00
  0.0000000000000E+00
  0.0000000000000E+00
  0.1229649541132E+02
  0.1637424579964E+02
  0.1946952722205E+02
  0.2061277656751E+02
  0.2191111196111E+02
  0.2288453486255E+02
  0.2359580929591E+02
  0.2425447924814E+02
  0.2490738546237E+02
  0.2548158652730E+02
  0.2589380407625E+02
  0.2601871923296E+02
  0.2572632935603E+02
  0.2499627128769E+02
  0.2390278292168E+02
  0.2207580388742E+02
  0.1790941782106E+02
  0.0000000000000E+00
  0.1105420981757E+02
  0.1743527129713E+01
  0.0000000000000E+00
  0.0000000000000E+00
  0.8994248621192E+01
  0.1107351665796E+02
  0.1414998733071E+02
  0.1473177865171E+02
  0.1345142524914E+02
  0.1034386958808E+02
  0.6641405626669E+01
  0.9684111885136E+01
  0.8697004317860E+01
  0.9088662861252E+01
  0.5465564875888E+01
  0.2270759852092E+01
  0.0000000000000E+00
  0.0000000000000E+00
  0.1394037643059E+02
  0.1725488427692E+02
  0.1990448092981E+02
  0.2101232789890E+02
  0.2265459271731E+02
  0.2350902058117E+02
  0.2427140799600E+02
  0.2513676586640E+02
  0.2603959645305E+02
  0.2678109661148E+02
  0.2715822590496E+02
  0.2706575315181E+02
  0.2656911318140E+02
  0.2574523642867E+02
  0.2448770020338E+02
  0.2261012147028E+02
  0.1946394463058E+02
  0.1774142254905E+02
  0.1373653187485E+02
  0.6438092163195E+01
  0.0000000000000E+00
  0.0000000000000E+00
  0.1007594743718E+02
  0.1248012334511E+02
  0.1530584568636E+02
  0.1648573485666E+02
  0.1603541457919E+02
  0.1327890526227E+02
  0.0000000000000E+00
  0.9370645715132E+01
  0.6967240719576E+01
  0.1011544997245E+02
  0.7584673287102E+01
  0.4371419298599E+01
  0.0000000000000E+00
  0.0000000000000E+00
  0.1503336446721E+02
  0.1770969513377E+02
  0.2022353496711E+02
  0.2163341102521E+02
  0.2307206017742E+02
  0.2384146504423E+02
  0.2457088272454E+02
  0.2526372256937E+02
  0.2583919551279E+02
  0.2620243488784E+02
  0.2627536329623E+02
  0.2639082994150E+02
  0.2636611271165E+02
  0.2592765249741E+02
  0.2503379462917E+02
  0.2354302997239E+02
  0.2131770963643E+02
  0.1990003765533E+02
  0.1588216223889E+02
  0.9145778956433E+01
  0.0000000000000E+00
  0.0000000000000E+00
  0.8533180419574E+01
  0.1537873474926E+02
  0.1687658315457E+02
  0.1819002896468E+02
  0.1833412242091E+02
  0.1605577886526E+02
  0.0000000000000E+00
  0.0000000000000E+00
  0.0000000000000E+00
  0.8790341103038E+01
  0.9318537116707E+01
  0.8088174422877E+01
  0.0000000000000E+00
  0.0000000000000E+00
  0.1547703127446E+02
  0.1829488763092E+02
  0.2050872041583E+02
  0.2199117952670E+02
  0.2255814087821E+02
  0.2304438736939E+02
  0.2325511124553E+02
  0.2297158978123E+02
  0.2255332496068E+02
  0.2209285558196E+02
  0.2273720327384E+02
  0.2442377263654E+02
  0.2537031461333E+02
  0.2565287404500E+02
  0.2543283792010E+02
  0.2464408536888E+02
  0.2290200166142E+02
  0.2154048366282E+02
  0.1775492567401E+02
  0.1189540566065E+02
  0.0000000000000E+00
  0.0000000000000E+00
  0.0000000000000E+00
  0.1486175187306E+02
  0.1813016408302E+02
  0.1937369557982E+02
  0.1953993094881E+02
  0.2025646831848E+02
  0.1772929365793E+02
  0.0000000000000E+00
  0.0000000000000E+00
  0.0000000000000E+00
  0.1065223955964E+02
  0.1105759611417E+02
  0.0000000000000E+00
  0.0000000000000E+00
  0.1504436593774E+02
  0.1871537009985E+02
  0.2071364727793E+02
  0.2163873173680E+02
  0.1916714437859E+02
  0.1906579705338E+02
  0.1852069602689E+02
  0.1744999706802E+02
  0.1665203603668E+02
  0.1794446542748E+02
  0.2055881571002E+02
  0.2262777225443E+02
  0.2358442827526E+02
  0.2400783605350E+02
  0.2439124455037E+02
  0.2425880045450E+02
  0.2270532672706E+02
  0.2243505167735E+02
  0.1966876290772E+02
  0.1578655703174E+02
  0.0000000000000E+00
  0.0000000000000E+00
  0.0000000000000E+00
  0.1683665721711E+02
  0.1875645360640E+02
  0.1920004669292E+02
  0.2087058870030E+02
  0.2083943292595E+02
  0.1912785659878E+02
  0.1641521357840E+02
  0.0000000000000E+00
  0.0000000000000E+00
  0.1257474783013E+02
  0.1418814944669E+02
  0.0000000000000E+00
  0.1379485416982E+02
  0.1670829930433E+02
  0.1778057904522E+02
  0.1841066226342E+02
  0.1879175974219E+02
  0.1619605456157E+02
  0.1656099842541E+02
  0.1766599042406E+02
  0.1994000971069E+02
  0.2216222999552E+02
  0.2323528061466E+02
  0.2325998540385E+02
  0.2260256384171E+02
  0.2150869823984E+02
  0.2024155995022E+02
  0.1936018911608E+02
  0.2050850448374E+02
  0.2154939892365E+02
  0.2251360501120E+02
  0.2119242100779E+02
  0.1866286879232E+02
  0.0000000000000E+00
  0.0000000000000E+00
  0.0000000000000E+00
  0.1794479348623E+02
  0.2090195729131E+02
  0.2179397724416E+02
  0.2189236364358E+02
  0.2196922026090E+02
  0.1856943095948E+02
  0.1440069256814E+02
  0.1614385740349E+02
  0.0000000000000E+00
  0.1398625913539E+02
  0.1719499504873E+02
  0.1600034751171E+02
  0.1667716972700E+02
  0.1641670365624E+02
  0.1566094612021E+02
  0.1529180482061E+02
  0.1587690222038E+02
  0.2347257017648E+02
  0.2468478179757E+02
  0.2549457939552E+02
  0.2592242446946E+02
  0.2601892818755E+02
  0.2583568922505E+02
  0.2536489458180E+02
  0.2419133280414E+02
  0.2190334089075E+02
  0.1997322299780E+02
  0.1893274572641E+02
  0.1897792192739E+02
  0.2080941651214E+02
  0.2006808234757E+02
  0.2341918961461E+02
  0.1917231265005E+02
  0.0000000000000E+00
  0.0000000000000E+00
  0.0000000000000E+00
  0.1977579833020E+02
  0.2252363442095E+02
  0.2367158510523E+02
  0.2247946937972E+02
  0.2262181073618E+02
  0.2036876616808E+02
  0.2022435731109E+02
  0.1995437512869E+02
  0.0000000000000E+00
  0.0000000000000E+00
  0.1650441467779E+02
  0.1914645662877E+02
  0.1812540049147E+02
  0.1856123322172E+02
  0.1885187459001E+02
  0.2066864958770E+02
  0.2225228992611E+02
  0.2615243986471E+02
  0.2659132931433E+02
  0.2675606488487E+02
  0.2671982270932E+02
  0.2656817698006E+02
  0.2631524256863E+02
  0.2601320851698E+02
  0.2583893876060E+02
  0.2582972887589E+02
  0.2585005391091E+02
  0.2558742188164E+02
  0.2508393670337E+02
  0.2420853830773E+02
  0.1047517737032E+02
  0.2668739673997E+02
  0.2439472511643E+02
  0.0000000000000E+00
  0.0000000000000E+00
  0.0000000000000E+00
  0.1745250522042E+02
  0.2230458286807E+02
  0.2120250339192E+02
  0.1915358928224E+02
  0.2057739026516E+02
  0.2105314835727E+02
  0.2086860882359E+02
  0.1824323586827E+02
  0.1348102424550E+02
  0.0000000000000E+00
  0.1787256239381E+02
  0.2106673249364E+02
  0.2052977083733E+02
  0.2173330666888E+02
  0.2307252471667E+02
  0.2449239891284E+02
  0.2547556886585E+02
  0.2603035581903E+02
  0.2569676655436E+02
  0.2523575794249E+02
  0.2488822205948E+02
  0.2452615018271E+02
  0.2396027326633E+02
  0.2327429554959E+02
  0.2291506795464E+02
  0.2317667306583E+02
  0.2382474989882E+02
  0.2442804099478E+02
  0.2495425202477E+02
  0.2571955313070E+02
  0.2287090562718E+02
  0.2389919966663E+02
  0.2571641822725E+02
  0.0000000000000E+00
  0.0000000000000E+00
  0.0000000000000E+00
  0.2365924599338E+02
  0.2525100846346E+02
  0.1791965903408E+02
  0.2286726841563E+02
  0.1441167681136E+02
  0.1084365114259E+02
  0.1408304673930E+02
  0.1663920348819E+02
  0.2150478593639E+02
  0.0000000000000E+00
  0.1564895681795E+02
  0.2063342508588E+02
  0.2067178958289E+02
  0.2198884732315E+02
  0.2390963411273E+02
  0.2534178648387E+02
  0.2595902836342E+02
  0.2047884202723E+02
  0.2016379701598E+02
  0.1987445643121E+02
  0.1949292269072E+02
  0.1894719205613E+02
  0.1812177141916E+02
  0.1713831164324E+02
  0.1648254152437E+02
  0.1638715367013E+02
  0.1687154715285E+02
  0.1776623200119E+02
  0.1919291634676E+02
  0.2229645060466E+02
  0.2747060647102E+02
  0.1942484327805E+02
  0.1982404157068E+02
  0.0000000000000E+00
  0.0000000000000E+00
  0.0000000000000E+00
  0.2609647057080E+02
  0.2715217081312E+02
  0.2678664435303E+02
  0.2615063010290E+02
  0.2488782534564E+02
  0.2253628225149E+02
  0.2355426676957E+02
  0.2426584191072E+02
  0.2341628115059E+02
  0.1870528272922E+02
  0.2149898237547E+02
  0.1978694243264E+02
  0.1842802576096E+02
  0.1871161691225E+02
  0.2057082649329E+02
  0.2130147198966E+02
  0.2090847494948E+02
  0.2487011831319E+02
  0.2471831247606E+02
  0.2465108093930E+02
  0.2457618370431E+02
  0.2453335958327E+02
  0.2439639621508E+02
  0.2409073883148E+02
  0.2379131911697E+02
  0.2347763742540E+02
  0.2304637074331E+02
  0.2234982335038E+02
  0.2168620306308E+02
  0.2369584927412E+02
  0.2641462748773E+02
  0.2829710249955E+02
  0.1995027880417E+02
  0.0000000000000E+00
  0.0000000000000E+00
  0.0000000000000E+00
  0.2693496901948E+02
  0.2544184340156E+02
  0.2772805588265E+02
  0.0000000000000E+00
  0.2516698650571E+02
  0.2615273516928E+02
  0.2650430124294E+02
  0.2497403790422E+02
  0.2291304369479E+02
  0.2178539134450E+02
  0.2450484971551E+02
  0.2397296699856E+02
  0.2240702663264E+02
  0.2282022228220E+02
  0.2422920141709E+02
  0.2487635087583E+02
  0.2500770170363E+02
  0.2930634631133E+02
  0.2929032464785E+02
  0.2908730726923E+02
  0.2877644803963E+02
  0.2838817622096E+02
  0.2809428531495E+02
  0.2802654850539E+02
  0.2826875865458E+02
  0.2865388908487E+02
  0.2903646930026E+02
  0.2933127192336E+02
  0.2924606654663E+02
  0.2793955538550E+02
  0.2155034533386E+02
  0.2314188482248E+02
  0.2757822556491E+02
  0.1313328102539E+02
  0.1501105028903E+02
  0.2227095494578E+02
  0.2970433301594E+02
  0.2632305065313E+02
  0.2660438154203E+02
  0.0000000000000E+00
  0.2529708606623E+02
  0.2399582114046E+02
  0.2457328359020E+02
  0.2475428003114E+02
  0.2206061745763E+02
  0.2145813422161E+02
  0.2438600200817E+02
  0.2512825465555E+02
  0.2540683737914E+02
  0.2570317735870E+02
  0.2740683986295E+02
  0.2847703653326E+02
  0.2907980503335E+02
  0.2866835800748E+02
  0.2986530002198E+02
  0.3121472007650E+02
  0.3224608566819E+02
  0.3257116351476E+02
  0.3241827731210E+02
  0.3199411919658E+02
  0.3183530413255E+02
  0.3203681680128E+02
  0.3237782343555E+02
  0.3267419081142E+02
  0.3261277555965E+02
  0.3128122427662E+02
  0.2723438781429E+02
  0.1924275001816E+02
  0.1292409871858E+02
  0.2133476643985E+02
  0.2543406056977E+02
  0.2818787590648E+02
  0.3074324124390E+02
  0.3041989941935E+02
  0.0000000000000E+00
  0.2709183768170E+02
  0.2589080396540E+02
  0.2417741997003E+02
  0.2480492707512E+02
  0.2467188350844E+02
  0.2352257620404E+02
  0.2116848316458E+02
  0.2013244144920E+02
  0.2050702186465E+02
  0.2225584692521E+02
  0.2361106047164E+02
  0.2485908010129E+02
  0.2627111011036E+02
  0.2761389699017E+02
  0.2748070343422E+02
  0.2812700925006E+02
  0.2921357982030E+02
  0.3085395143215E+02
  0.3275740636154E+02
  0.3431373617633E+02
  0.3509820204361E+02
  0.3501469906994E+02
  0.3473344804035E+02
  0.3473263716768E+02
  0.3485591773096E+02
  0.3474884184465E+02
  0.3410707810503E+02
  0.3251264755991E+02
  0.3004143294294E+02
  0.2954368049785E+02
  0.3188655492498E+02
  0.3131940215486E+02
  0.3122569807280E+02
  0.3160051763595E+02
  0.3074610584515E+02
  0.0000000000000E+00
  0.2536099941593E+02
  0.2769309029525E+02
  0.2658481394167E+02
  0.2705935449433E+02
  0.2668417959962E+02
  0.2585775314164E+02
  0.2421782700759E+02
  0.2382466940235E+02
  0.2360260131013E+02
  0.2388913322769E+02
  0.2478366970114E+02
  0.2596586169394E+02
  0.2626965744493E+02
  0.2696685829149E+02
  0.3112450755926E+02
  0.3143726904896E+02
  0.3170605827018E+02
  0.3209639165359E+02
  0.3306289718736E+02
  0.3448918277460E+02
  0.3593963128942E+02
  0.3682386865570E+02
  0.3702185575494E+02
  0.3681371538190E+02
  0.3668500239946E+02
  0.3662517443110E+02
  0.3648802457405E+02
  0.3638185795510E+02
  0.3630220677142E+02
  0.3570994960458E+02
  0.3500670325001E+02
  0.3410672831764E+02
  0.3494605885319E+02
  0.3598505699400E+02
  0.3464394318098E+02
  0.2382642316584E+02
  0.3351436952066E+02
  0.3116431916071E+02
  0.3037007985567E+02
  0.2974746650305E+02
  0.2924492265440E+02
  0.2887102832203E+02
  0.2872365875362E+02
  0.2883618844412E+02
  0.2900363062301E+02
  0.2940593506218E+02
  0.2995499433481E+02
  0.3028641902369E+02
  0.3043910246685E+02
  0.3080570112532E+02
  0.3415500388750E+02
  0.3437076820140E+02
  0.3466037159907E+02
  0.3508516418529E+02
  0.3567334232674E+02
  0.3636383804592E+02
  0.3707058644461E+02
  0.3782822486132E+02
  0.3845551949090E+02
  0.3860483494397E+02
  0.3846614192943E+02
  0.3838530505383E+02
  0.3841143891763E+02
  0.3832956553612E+02
  0.3792353630869E+02
  0.3744566374605E+02
  0.3688899745275E+02
  0.3696406891601E+02
  0.3795646333176E+02
  0.3862340421853E+02
  0.3911042457264E+02
  0.3381437934628E+02
  0.3409529862103E+02
  0.3282485481707E+02
  0.3204915631117E+02
  0.3155126717191E+02
  0.3143351870883E+02
  0.3137540179820E+02
  0.3149670583802E+02
  0.3170198956127E+02
  0.3200583270349E+02
  0.3246337780202E+02
  0.3297701365874E+02
  0.3332937561648E+02
  0.3366017106905E+02
  0.3394669900379E+02
  0.3622264004634E+02
  0.3638328356924E+02
  0.3661082238650E+02
  0.3698961642709E+02
  0.3742132019283E+02
  0.3787591422720E+02
  0.3836783824691E+02
  0.3891890302484E+02
  0.3941263315386E+02
  0.3964571670656E+02
  0.3961860483300E+02
  0.3950714256153E+02
  0.3950618475065E+02
  0.3925724803920E+02
  0.3850216022888E+02
  0.3773916003883E+02
  0.3757696691685E+02
  0.3876388530502E+02
  0.3993860335082E+02
  0.4093429630397E+02
  0.4110609424461E+02
  0.2106405263405E+02
  0.2792059449104E+02
  0.3096755834185E+02
  0.3198061207467E+02
  0.3227641990997E+02
  0.3259374190439E+02
  0.3285117269749E+02
  0.3322895422944E+02
  0.3358626803831E+02
  0.3395456645844E+02
  0.3442332128706E+02
  0.3493051840853E+02
  0.3535023288289E+02
  0.3574710384084E+02
  0.3603035966893E+02
  0.3570702942045E+02
  0.3596296505605E+02
  0.3629755680187E+02
  0.3680754072265E+02
  0.3727254311621E+02
  0.3766460851116E+02
  0.3799108308148E+02
  0.3821264014276E+02
  0.3824205601922E+02
  0.3788664875463E+02
  0.3665251523789E+02
  0.3423229923483E+02
  0.3131817846955E+02
  0.3129855038301E+02
  0.3376573868041E+02
  0.3515934545901E+02
  0.3738929956989E+02
  0.4006132900412E+02
  0.4354906239711E+02
  0.4546854217506E+02
  0.4537997321563E+02
  0.5238583326388E+02
  0.4671430642841E+02
  0.3783091470145E+02
  0.3306297114947E+02
  0.3219171568465E+02
  0.3166308408227E+02
  0.3110258173596E+02
  0.3117286099502E+02
  0.3194451630546E+02
  0.3283997539329E+02
  0.3369301894932E+02
  0.3438704696976E+02
  0.3496803500054E+02
  0.3537375915514E+02
  0.3555237599444E+02
  0.3532779583017E+02
  0.3474383466450E+02
  0.3427984540264E+02
  0.3476731234760E+02
  0.3512810218203E+02
  0.3525663659892E+02
  0.3524233172987E+02
  0.3494981194041E+02
  0.3424391438082E+02
  0.3443917127561E+02
  0.3624630743314E+02
  0.3854544017443E+02
  0.3992374872993E+02
  0.4055158962179E+02
  0.4270082112050E+02
  0.4500023341660E+02
  0.4570346780933E+02
  0.4612035095281E+02
  0.0000000000000E+00
  0.0000000000000E+00
  0.0000000000000E+00
  0.4810041695444E+02
  0.6152106141610E+02
  0.5399257021526E+02
  0.4497289115835E+02
  0.3993978394521E+02
  0.3794722166331E+02
  0.3676120475190E+02
  0.3622461275839E+02
  0.3559137162692E+02
  0.3503833438152E+02
  0.3482378429823E+02
  0.3510644162998E+02
  0.3565033849176E+02
  0.3602401392083E+02
  0.3590071094128E+02
  0.3967801812130E+02
  0.4040995741820E+02
  0.4082743817808E+02
  0.4081992356492E+02
  0.4086461022354E+02
  0.4112869705205E+02
  0.4150325710865E+02
  0.4178933985008E+02
  0.4203378926813E+02
  0.4185140447004E+02
  0.4101032041399E+02
  0.3954346152664E+02
  0.3752008808973E+02
  0.3566537836893E+02
  0.3742557502873E+02
  0.4265221630504E+02
  0.4787527978930E+02
  0.4841028733468E+02
  0.0000000000000E+00
  0.0000000000000E+00
  0.0000000000000E+00
  0.4419372463748E+02
  0.6014558126661E+02
  0.5896569832163E+02
  0.5422222653309E+02
  0.4917149102987E+02
  0.4446608148068E+02
  0.4029091632615E+02
  0.3710105239249E+02
  0.3615242679862E+02
  0.3555274014707E+02
  0.3700475470346E+02
  0.3687113193715E+02
  0.3711502451842E+02
  0.3778083625032E+02
  0.3870143760360E+02
  0.3468065973645E+02
  0.3456914292772E+02
  0.3427231069536E+02
  0.3643758416934E+02
  0.3722915443634E+02
  0.3767136864916E+02
  0.3804125314877E+02
  0.3841814213753E+02
  0.3868297645402E+02
  0.3862680143664E+02
  0.3810536295471E+02
  0.3703777928769E+02
  0.3516790871348E+02
  0.3271760859622E+02
  0.3270099720714E+02
  0.3974236598878E+02
  0.4719895224974E+02
  0.5701932767892E+02
  0.0000000000000E+00
  0.0000000000000E+00
  0.0000000000000E+00
  0.3979663146340E+02
  0.4981829332952E+02
  0.4966005706126E+02
  0.5023088631842E+02
  0.5007283101705E+02
  0.4842147798009E+02
  0.4686359438175E+02
  0.4497728026771E+02
  0.4280204919711E+02
  0.4073354728652E+02
  0.3898018501529E+02
  0.3756258492606E+02
  0.3637108537763E+02
  0.3540788644637E+02
  0.3488095175151E+02
  0.3979823666685E+02
  0.3941356912930E+02
  0.3894046593657E+02
  0.3827744272125E+02
  0.3766883187404E+02
  0.3725074981342E+02
  0.3713005823808E+02
  0.3737759099126E+02
  0.3792633036850E+02
  0.3825829483512E+02
  0.3838040658758E+02
  0.3800574353699E+02
  0.3693468072847E+02
  0.3557794834741E+02
  0.3388332085901E+02
  0.3770164499582E+02
  0.4490309877052E+02
  0.6407274714893E+02
  0.5599437976424E+02
  0.4825250614334E+02
  0.3846296116397E+02
  0.3481028314807E+02
  0.3164235156292E+02
  0.3253704172656E+02
  0.3583509896165E+02
  0.3762887176482E+02
  0.4103453855157E+02
  0.4338256673676E+02
  0.4356754246290E+02
  0.4407457444918E+02
  0.4392823787760E+02
  0.4332759230578E+02
  0.4262397004873E+02
  0.4196592485927E+02
  0.4016586509720E+02
  0.3986618849685E+02
  0.4369529253038E+02
  0.4223832951045E+02
  0.4249104001519E+02
  0.4270431111387E+02
  0.4269788102248E+02
  0.4261888152667E+02
  0.4275680313175E+02
  0.4308367967265E+02
  0.4368477064905E+02
  0.4231128449851E+02
  0.4277077012107E+02
  0.4324061132369E+02
  0.4345487844725E+02
  0.4333145266672E+02
  0.4221276618770E+02
  0.4138616265703E+02
  0.4428791048610E+02
  0.4946721191646E+02
  0.4862340568816E+02
  0.4453992523121E+02
  0.3865718434545E+02
  0.3275458539590E+02
  0.2933811146659E+02
  0.2869464573081E+02
  0.2814908471728E+02
  0.2866057732715E+02
  0.3128755952635E+02
  0.3403439546429E+02
  0.3675557608467E+02
  0.3861041847582E+02
  0.3978964630398E+02
  0.4025270539288E+02
  0.4040581662833E+02
  0.4187065050813E+02
  0.4273822121178E+02
  0.4320026304700E+02
  0.3971159419035E+02
  0.4086221680002E+02
  0.4154647743578E+02
  0.4198065811045E+02
  0.4199308534635E+02
  0.4197583419413E+02
  0.4227577828812E+02
  0.4233863364618E+02
  0.4175450612368E+02
  0.4160911830320E+02
  0.4255567142378E+02
  0.4336803664891E+02
  0.4389185054375E+02
  0.4400769020888E+02
  0.4353442019599E+02
  0.4179919539287E+02
  0.4248236876562E+02
  0.4638219150152E+02
  0.4598911032305E+02
  0.4430372095737E+02
  0.3895069028600E+02
  0.3714462061903E+02
  0.3449153100435E+02
  0.3229237501548E+02
  0.3019458335490E+02
  0.2845690125957E+02
  0.2764383824516E+02
  0.2860238187024E+02
  0.3072840928427E+02
  0.3278326134195E+02
  0.3466106619365E+02
  0.3619094324163E+02
  0.3716249895790E+02
  0.3820847955416E+02
  0.3927478709590E+02
  0.3903903344758E+02
  0.3068201161916E+02
  0.3071475472912E+02
  0.3065753869901E+02
  0.3056446987883E+02
  0.2993590214629E+02
  0.2976086954948E+02
  0.2968566274977E+02
  0.2969816954242E+02
  0.2978242872960E+02
  0.2997752192566E+02
  0.3033313194574E+02
  0.3052911922856E+02
  0.3026864834953E+02
  0.3042300855277E+02
  0.3050721176628E+02
  0.3043253572563E+02
  0.3042963101792E+02
  0.3048223593254E+02
  0.3065201688661E+02
  0.3089453266278E+02
  0.3111698356053E+02
  0.3115935712619E+02
  0.3101384836733E+02
  0.3087643072347E+02
  0.3074459592902E+02
  0.3071631838765E+02
  0.3095968365833E+02
  0.3097648842977E+02
  0.3082565701311E+02
  0.3060485209264E+02
  0.3035012636262E+02
  0.3014657794760E+02
  0.3010430812393E+02
  0.3019591401355E+02
  0.3038884729432E+02
  0.3056564320846E+02
  0.2792329618955E+02
  0.2768144622831E+02
  0.2737290849858E+02
  0.2736102195593E+02
  0.2417960888832E+02
  0.2424971892431E+02
  0.2468688445855E+02
  0.2557668723131E+02
  0.3209852271997E+02
  0.3110169634210E+02
  0.3310611562341E+02
  0.4004314616463E+02
  0.3984470290981E+02
  0.3979686137625E+02
  0.3987916918919E+02
  0.4010997567315E+02
  0.4055751314031E+02
  0.4128896138138E+02
  0.2930832521030E+02
  0.3264130545585E+02
  0.2786731204084E+02
  0.2461665659070E+02
  0.1472379395025E+02
  0.1428624895109E+02
  0.1442738668804E+02
  0.1507220704720E+02
  0.1590736041242E+02
  0.1687144867687E+02
  0.1735727155624E+02
  0.1732643113885E+02
  0.1695928501929E+02
  0.1659100850414E+02
  0.1638003718205E+02
  0.1639722325784E+02
  0.1658350842323E+02
  0.1693948698618E+02
  0.3100559951415E+03
  0.9436060895458E+02
  0.9291729298431E+02
  0.9170826646179E+02
  0.9154665352882E+02
  0.3100559951415E+03
  0.9081369105120E+02
  0.9111983433760E+02
  0.9279892557225E+02
  0.9488436282629E+02
  0.9301679854245E+02
  0.9301679854245E+02
  0.3100559951415E+03
  0.3100559951415E+03
  0.3100559951415E+03
  0.3100559951415E+03
  0.3100559951415E+03
  0.3100559951415E+03
  0.3100559951415E+03
  0.3100559951415E+03
  0.3100559951415E+03
  0.3100559951415E+03
  0.3100559951415E+03
  0.3100559951415E+03
  0.3100559951415E+03
  0.3100559951415E+03
  0.3100559951415E+03
  0.3100559951415E+03
  0.3100559951415E+03
  0.3100559951415E+03
  0.3100559951415E+03
  0.9301679854245E+02
  0.9301679854245E+02
  0.9301679854245E+02
  0.9301679854245E+02
  0.9301679854245E+02
  0.9041207423993E+02
  0.3013735807998E+03
  0.3013735807998E+03
  0.3013735807998E+03
  0.9041207423993E+02
  0.9041207423993E+02
  0.9041207423993E+02
  0.9041207423993E+02
  0.9041207423993E+02
  0.3013735807998E+03
  0.9041207423993E+02
  0.9041207423993E+02
  0.9041207423993E+02
  0.9041207423993E+02
  0.9041207423993E+02
  0.3013735807998E+03
  0.3013735807998E+03
  0.3013735807998E+03
  0.3013735807998E+03
  0.3013735807998E+03
  0.3013735807998E+03
  0.3013735807998E+03
  0.3013735807998E+03
  0.3013735807998E+03
  0.3013735807998E+03
  0.3013735807998E+03
  0.3013735807998E+03
  0.3013735807998E+03
  0.3013735807998E+03
  0.3013735807998E+03
  0.3013735807998E+03
  0.3013735807998E+03
  0.9041207423993E+02
  0.9041207423993E+02
  0.9041207423993E+02
  0.9041207423993E+02
  0.9135312412029E+02
  0.9135312412029E+02
  0.9135312412029E+02
  0.9135312412029E+02
  0.9135312412029E+02
  0.9135312412029E+02
  0.9135312412029E+02
  0.9135312412029E+02
  0.9135312412029E+02
  0.9135312412029E+02
  0.3045104137343E+03
  0.9135312412029E+02
  0.9135312412029E+02
  0.9135312412029E+02
  0.9135312412029E+02
  0.3045104137343E+03
  0.3045104137343E+03
  0.3045104137343E+03
  0.3045104137343E+03
  0.3045104137343E+03
  0.3045104137343E+03
  0.3045104137343E+03
  0.3045104137343E+03
  0.3045104137343E+03
  0.3045104137343E+03
  0.3045104137343E+03
  0.3045104137343E+03
  0.3045104137343E+03
  0.3045104137343E+03
  0.3045104137343E+03
  0.3045104137343E+03
  0.3045104137343E+03
  0.9135312412029E+02
  0.9135312412029E+02
  0.9135312412029E+02
  0.9135312412029E+02
  0.9457819405734E+02
  0.9457819405734E+02
  0.9457819405734E+02
  0.9457819405734E+02
  0.9457819405734E+02
  0.9457819405734E+02
  0.9457819405734E+02
  0.9457819405734E+02
  0.9457819405734E+02
  0.9457819405734E+02
  0.9457819405734E+02
  0.9457819405734E+02
  0.3152606468578E+03
  0.3152606468578E+03
  0.3152606468578E+03
  0.3152606468578E+03
  0.3152606468578E+03
  0.3152606468578E+03
  0.3152606468578E+03
  0.3152606468578E+03
  0.3152606468578E+03
  0.3152606468578E+03
  0.3152606468578E+03
  0.3152606468578E+03
  0.3152606468578E+03
  0.3152606468578E+03
  0.3152606468578E+03
  0.3152606468578E+03
  0.3152606468578E+03
  0.3152606468578E+03
  0.3152606468578E+03
  0.3152606468578E+03
  0.9457819405734E+02
  0.9457819405734E+02
  0.9457819405734E+02
  0.9457819405734E+02
  0.9801825759687E+02
  0.9801825759687E+02
  0.9801825759687E+02
  0.9801825759687E+02
  0.9801825759687E+02
  0.9801825759687E+02
  0.9801825759687E+02
  0.9801825759687E+02
  0.9801825759687E+02
  0.9801825759687E+02
  0.9801825759687E+02
  0.9801825759687E+02
  0.3267275253229E+03
  0.3267275253229E+03
  0.3267275253229E+03
  0.3267275253229E+03
  0.3267275253229E+03
  0.3267275253229E+03
  0.3267275253229E+03
  0.3267275253229E+03
  0.3267275253229E+03
  0.9801825759687E+02
  0.9801825759687E+02
  0.3267275253229E+03
  0.3267275253229E+03
  0.3267275253229E+03
  0.3267275253229E+03
  0.3267275253229E+03
  0.3267275253229E+03
  0.3267275253229E+03
  0.3267275253229E+03
  0.3267275253229E+03
  0.9801825759687E+02
  0.9801825759687E+02
  0.9801825759687E+02
  0.9801825759687E+02
  0.1023943205395E+03
  0.1023943205395E+03
  0.1023943205395E+03
  0.1023943205395E+03
  0.1023943205395E+03
  0.1023943205395E+03
  0.1023943205395E+03
  0.1023943205395E+03
  0.1023943205395E+03
  0.1023943205395E+03
  0.1023943205395E+03
  0.1023943205395E+03
  0.1023943205395E+03
  0.3413144017984E+03
  0.3413144017984E+03
  0.3413144017984E+03
  0.3413144017984E+03
  0.3413144017984E+03
  0.3413144017984E+03
  0.3413144017984E+03
  0.1023943205395E+03
  0.1023943205395E+03
  0.1023943205395E+03
  0.3413144017984E+03
  0.3413144017984E+03
  0.3413144017984E+03
  0.3413144017984E+03
  0.1023943205395E+03
  0.1023943205395E+03
  0.3413144017984E+03
  0.3413144017984E+03
  0.3413144017984E+03
  0.1023943205395E+03
  0.1023943205395E+03
  0.1023943205395E+03
  0.1023943205395E+03
  0.1066951251672E+03
  0.1066951251672E+03
  0.1066951251672E+03
  0.1066951251672E+03
  0.1066951251672E+03
  0.1066951251672E+03
  0.1066951251672E+03
  0.1066951251672E+03
  0.1066951251672E+03
  0.1066951251672E+03
  0.1066951251672E+03
  0.1066951251672E+03
  0.1066951251672E+03
  0.3556504172239E+03
  0.3556504172239E+03
  0.3556504172239E+03
  0.3556504172239E+03
  0.3556504172239E+03
  0.3556504172239E+03
  0.1066951251672E+03
  0.1066951251672E+03
  0.1066951251672E+03
  0.1066951251672E+03
  0.3556504172239E+03
  0.3556504172239E+03
  0.3556504172239E+03
  0.1066951251672E+03
  0.1066951251672E+03
  0.1066951251672E+03
  0.3556504172239E+03
  0.3556504172239E+03
  0.3556504172239E+03
  0.1066951251672E+03
  0.1066951251672E+03
  0.1066951251672E+03
  0.1066951251672E+03
  0.1104322634548E+03
  0.1104322634548E+03
  0.1104322634548E+03
  0.1104322634548E+03
  0.1104322634548E+03
  0.1104322634548E+03
  0.1104322634548E+03
  0.1104322634548E+03
  0.1104322634548E+03
  0.1104322634548E+03
  0.1104322634548E+03
  0.1104322634548E+03
  0.1104322634548E+03
  0.1104322634548E+03
  0.1104322634548E+03
  0.3681075448494E+03
  0.3681075448494E+03
  0.1104322634548E+03
  0.1104322634548E+03
  0.1104322634548E+03
  0.1104322634548E+03
  0.1104322634548E+03
  0.1104322634548E+03
  0.1104322634548E+03
  0.1104322634548E+03
  0.1104322634548E+03
  0.1104322634548E+03
  0.1104322634548E+03
  0.1104322634548E+03
  0.3681075448494E+03
  0.3681075448494E+03
  0.3681075448494E+03
  0.1104322634548E+03
  0.1104322634548E+03
  0.1104322634548E+03
  0.1104322634548E+03
  0.1134355007604E+03
  0.1134355007604E+03
  0.1134355007604E+03
  0.1134355007604E+03
  0.1134355007604E+03
  0.1134355007604E+03
  0.1134355007604E+03
  0.1134355007604E+03
  0.1134355007604E+03
  0.1134355007604E+03
  0.1134355007604E+03
  0.1134355007604E+03
  0.1134355007604E+03
  0.1134355007604E+03
  0.1134355007604E+03
  0.3781183358681E+03
  0.3781183358681E+03
  0.1134355007604E+03
  0.1134355007604E+03
  0.1134355007604E+03
  0.1134355007604E+03
  0.1134355007604E+03
  0.1134355007604E+03
  0.1134355007604E+03
  0.1134355007604E+03
  0.1134355007604E+03
  0.1134355007604E+03
  0.1134355007604E+03
  0.1134355007604E+03
  0.3781183358681E+03
  0.3781183358681E+03
  0.3781183358681E+03
  0.1134355007604E+03
  0.1134355007604E+03
  0.1134355007604E+03
  0.1134355007604E+03
  0.1144324565225E+03
  0.1144324565225E+03
  0.1144324565225E+03
  0.1144324565225E+03
  0.1144324565225E+03
  0.1144324565225E+03
  0.1144324565225E+03
  0.1144324565225E+03
  0.1144324565225E+03
  0.1144324565225E+03
  0.1144324565225E+03
  0.1144324565225E+03
  0.1144324565225E+03
  0.1144324565225E+03
  0.1144324565225E+03
  0.1144324565225E+03
  0.3814415217416E+03
  0.1144324565225E+03
  0.1144324565225E+03
  0.3814415217416E+03
  0.1144324565225E+03
  0.1144324565225E+03
  0.1144324565225E+03
  0.1144324565225E+03
  0.1144324565225E+03
  0.1144324565225E+03
  0.1144324565225E+03
  0.1144324565225E+03
  0.1144324565225E+03
  0.3814415217416E+03
  0.3814415217416E+03
  0.3814415217416E+03
  0.1144324565225E+03
  0.1144324565225E+03
  0.1144324565225E+03
  0.1144324565225E+03
  0.1149002077831E+03
  0.1149002077831E+03
  0.1149002077831E+03
  0.1149002077831E+03
  0.1149002077831E+03
  0.1149002077831E+03
  0.1149002077831E+03
  0.1149002077831E+03
  0.1149002077831E+03
  0.1149002077831E+03
  0.1149002077831E+03
  0.1149002077831E+03
  0.1149002077831E+03
  0.3830006926104E+03
  0.1149002077831E+03
  0.1149002077831E+03
  0.3830006926104E+03
  0.3830006926104E+03
  0.1149002077831E+03
  0.1149002077831E+03
  0.1149002077831E+03
  0.1149002077831E+03
  0.1149002077831E+03
  0.1149002077831E+03
  0.1149002077831E+03
  0.1149002077831E+03
  0.1149002077831E+03
  0.1149002077831E+03
  0.1149002077831E+03
  0.1149002077831E+03
  0.3830006926104E+03
  0.3830006926104E+03
  0.1149002077831E+03
  0.1149002077831E+03
  0.1149002077831E+03
  0.1149002077831E+03
  0.1137045302193E+03
  0.1137045302193E+03
  0.1137045302193E+03
  0.1137045302193E+03
  0.1137045302193E+03
  0.1137045302193E+03
  0.1137045302193E+03
  0.1137045302193E+03
  0.1137045302193E+03
  0.1137045302193E+03
  0.1137045302193E+03
  0.1137045302193E+03
  0.1137045302193E+03
  0.1137045302193E+03
  0.1137045302193E+03
  0.1137045302193E+03
  0.3790151007312E+03
  0.3790151007312E+03
  0.1137045302193E+03
  0.1137045302193E+03
  0.1137045302193E+03
  0.1137045302193E+03
  0.1137045302193E+03
  0.1137045302193E+03
  0.3790151007312E+03
  0.1137045302193E+03
  0.1137045302193E+03
  0.1137045302193E+03
  0.1137045302193E+03
  0.1137045302193E+03
  0.3790151007312E+03
  0.3790151007312E+03
  0.1137045302193E+03
  0.1137045302193E+03
  0.1137045302193E+03
  0.1137045302193E+03
  0.1108545862659E+03
  0.1108545862659E+03
  0.1108545862659E+03
  0.1108545862659E+03
  0.1108545862659E+03
  0.1108545862659E+03
  0.1108545862659E+03
  0.1108545862659E+03
  0.1108545862659E+03
  0.1108545862659E+03
  0.1108545862659E+03
  0.1108545862659E+03
  0.1108545862659E+03
  0.1108545862659E+03
  0.1108545862659E+03
  0.1108545862659E+03
  0.3695152875531E+03
  0.3695152875531E+03
  0.1108545862659E+03
  0.1108545862659E+03
  0.1108545862659E+03
  0.1108545862659E+03
  0.1108545862659E+03
  0.1108545862659E+03
  0.3695152875531E+03
  0.3695152875531E+03
  0.3695152875531E+03
  0.1108545862659E+03
  0.1108545862659E+03
  0.1108545862659E+03
  0.3695152875531E+03
  0.3695152875531E+03
  0.1108545862659E+03
  0.1108545862659E+03
  0.1108545862659E+03
  0.1108545862659E+03
  0.1066251626843E+03
  0.1066251626843E+03
  0.1066251626843E+03
  0.1066251626843E+03
  0.1066251626843E+03
  0.1066251626843E+03
  0.1066251626843E+03
  0.1066251626843E+03
  0.1066251626843E+03
  0.1066251626843E+03
  0.1066251626843E+03
  0.1066251626843E+03
  0.1066251626843E+03
  0.1066251626843E+03
  0.1066251626843E+03
  0.1066251626843E+03
  0.3554172089476E+03
  0.3554172089476E+03
  0.3554172089476E+03
  0.1066251626843E+03
  0.1066251626843E+03
  0.1066251626843E+03
  0.1066251626843E+03
  0.1066251626843E+03
  0.1066251626843E+03
  0.3554172089476E+03
  0.3554172089476E+03
  0.3554172089476E+03
  0.1066251626843E+03
  0.1066251626843E+03
  0.3554172089476E+03
  0.3554172089476E+03
  0.1066251626843E+03
  0.1066251626843E+03
  0.1066251626843E+03
  0.1066251626843E+03
  0.1026438841580E+03
  0.1026438841580E+03
  0.1026438841580E+03
  0.1026438841580E+03
  0.1026438841580E+03
  0.1026438841580E+03
  0.1026438841580E+03
  0.1026438841580E+03
  0.1026438841580E+03
  0.1026438841580E+03
  0.1026438841580E+03
  0.1026438841580E+03
  0.1026438841580E+03
  0.1026438841580E+03
  0.1026438841580E+03
  0.1026438841580E+03
  0.3421462805266E+03
  0.3421462805266E+03
  0.3421462805266E+03
  0.1026438841580E+03
  0.1026438841580E+03
  0.1026438841580E+03
  0.1026438841580E+03
  0.1026438841580E+03
  0.1026438841580E+03
  0.1026438841580E+03
  0.3421462805266E+03
  0.3421462805266E+03
  0.1026438841580E+03
  0.1026438841580E+03
  0.3421462805266E+03
  0.1026438841580E+03
  0.1026438841580E+03
  0.1026438841580E+03
  0.1026438841580E+03
  0.1026438841580E+03
  0.1000773113500E+03
  0.1000773113500E+03
  0.1000773113500E+03
  0.1000773113500E+03
  0.1000773113500E+03
  0.1000773113500E+03
  0.1000773113500E+03
  0.1000773113500E+03
  0.1000773113500E+03
  0.1000773113500E+03
  0.1000773113500E+03
  0.1000773113500E+03
  0.1000773113500E+03
  0.1000773113500E+03
  0.1000773113500E+03
  0.1000773113500E+03
  0.3335910378334E+03
  0.3335910378334E+03
  0.3335910378334E+03
  0.1000773113500E+03
  0.1000773113500E+03
  0.1000773113500E+03
  0.1000773113500E+03
  0.1000773113500E+03
  0.1000773113500E+03
  0.1000773113500E+03
  0.1000773113500E+03
  0.3335910378334E+03
  0.1000773113500E+03
  0.1000773113500E+03
  0.1000773113500E+03
  0.1000773113500E+03
  0.1000773113500E+03
  0.1000773113500E+03
  0.1000773113500E+03
  0.1000773113500E+03
  0.9936083270009E+02
  0.9936083270009E+02
  0.9936083270009E+02
  0.9936083270009E+02
  0.9936083270009E+02
  0.9936083270009E+02
  0.9936083270009E+02
  0.9936083270009E+02
  0.9936083270009E+02
  0.9936083270009E+02
  0.9936083270009E+02
  0.9936083270009E+02
  0.9936083270009E+02
  0.9936083270009E+02
  0.9936083270009E+02
  0.9936083270009E+02
  0.3312027756670E+03
  0.3312027756670E+03
  0.3312027756670E+03
  0.9936083270009E+02
  0.9936083270009E+02
  0.9936083270009E+02
  0.9936083270009E+02
  0.9936083270009E+02
  0.9936083270009E+02
  0.9936083270009E+02
  0.9936083270009E+02
  0.3312027756670E+03
  0.3312027756670E+03
  0.9936083270009E+02
  0.9936083270009E+02
  0.9936083270009E+02
  0.9936083270009E+02
  0.9936083270009E+02
  0.9936083270009E+02
  0.9936083270009E+02
  0.9764126942111E+02
  0.9764126942111E+02
  0.9764126942111E+02
  0.9764126942111E+02
  0.9764126942111E+02
  0.9764126942111E+02
  0.9764126942111E+02
  0.9764126942111E+02
  0.9764126942111E+02
  0.9764126942111E+02
  0.9764126942111E+02
  0.9764126942111E+02
  0.9764126942111E+02
  0.9764126942111E+02
  0.9764126942111E+02
  0.9764126942111E+02
  0.3254708980704E+03
  0.3254708980704E+03
  0.3254708980704E+03
  0.9764126942111E+02
  0.9764126942111E+02
  0.9764126942111E+02
  0.9764126942111E+02
  0.9764126942111E+02
  0.9764126942111E+02
  0.9764126942111E+02
  0.9764126942111E+02
  0.9764126942111E+02
  0.3254708980704E+03
  0.9764126942111E+02
  0.9764126942111E+02
  0.9764126942111E+02
  0.9764126942111E+02
  0.9764126942111E+02
  0.9764126942111E+02
  0.9764126942111E+02
  0.9450731851923E+02
  0.9450731851923E+02
  0.9450731851923E+02
  0.9450731851923E+02
  0.9450731851923E+02
  0.9450731851923E+02
  0.9450731851923E+02
  0.9450731851923E+02
  0.9450731851923E+02
  0.9450731851923E+02
  0.9450731851923E+02
  0.9450731851923E+02
  0.9450731851923E+02
  0.9450731851923E+02
  0.9450731851923E+02
  0.9450731851923E+02
  0.3150243950641E+03
  0.3150243950641E+03
  0.3150243950641E+03
  0.9450731851923E+02
  0.9450731851923E+02
  0.9450731851923E+02
  0.9450731851923E+02
  0.9450731851923E+02
  0.9450731851923E+02
  0.9450731851923E+02
  0.9450731851923E+02
  0.9450731851923E+02
  0.3150243950641E+03
  0.9450731851923E+02
  0.9450731851923E+02
  0.9450731851923E+02
  0.9450731851923E+02
  0.9450731851923E+02
  0.9450731851923E+02
  0.9450731851923E+02
  0.9012437596092E+02
  0.9012437596092E+02
  0.9012437596092E+02
  0.9012437596092E+02
  0.9012437596092E+02
  0.9012437596092E+02
  0.9012437596092E+02
  0.9012437596092E+02
  0.9012437596092E+02
  0.9012437596092E+02
  0.9012437596092E+02
  0.9012437596092E+02
  0.9012437596092E+02
  0.9012437596092E+02
  0.9012437596092E+02
  0.9012437596092E+02
  0.3004145865364E+03
  0.3004145865364E+03
  0.3004145865364E+03
  0.9012437596092E+02
  0.9012437596092E+02
  0.9012437596092E+02
  0.9012437596092E+02
  0.9012437596092E+02
  0.9012437596092E+02
  0.9012437596092E+02
  0.9012437596092E+02
  0.9012437596092E+02
  0.9012437596092E+02
  0.9012437596092E+02
  0.9012437596092E+02
  0.9012437596092E+02
  0.9012437596092E+02
  0.9012437596092E+02
  0.9012437596092E+02
  0.9012437596092E+02
  0.8433933854835E+02
  0.8433933854835E+02
  0.8433933854835E+02
  0.8433933854835E+02
  0.8433933854835E+02
  0.8433933854835E+02
  0.8433933854835E+02
  0.8433933854835E+02
  0.8433933854835E+02
  0.8433933854835E+02
  0.8433933854835E+02
  0.8433933854835E+02
  0.8433933854835E+02
  0.8433933854835E+02
  0.8433933854835E+02
  0.8433933854835E+02
  0.2811311284945E+03
  0.2811311284945E+03
  0.2811311284945E+03
  0.8433933854835E+02
  0.8433933854835E+02
  0.8433933854835E+02
  0.2811311284945E+03
  0.8433933854835E+02
  0.8433933854835E+02
  0.8433933854835E+02
  0.8433933854835E+02
  0.8433933854835E+02
  0.8433933854835E+02
  0.8433933854835E+02
  0.8433933854835E+02
  0.8433933854835E+02
  0.8433933854835E+02
  0.8433933854835E+02
  0.8433933854835E+02
  0.8433933854835E+02
  0.8071997739288E+02
  0.8071997739288E+02
  0.8071997739288E+02
  0.8071997739288E+02
  0.8071997739288E+02
  0.8071997739288E+02
  0.8071997739288E+02
  0.8071997739288E+02
  0.8071997739288E+02
  0.8071997739288E+02
  0.8071997739288E+02
  0.8071997739288E+02
  0.8071997739288E+02
  0.8071997739288E+02
  0.8071997739288E+02
  0.8071997739288E+02
  0.8071997739288E+02
  0.8071997739288E+02
  0.8071997739288E+02
  0.8071997739288E+02
  0.8071997739288E+02
  0.8071997739288E+02
  0.2690665913096E+03
  0.8071997739288E+02
  0.8071997739288E+02
  0.8071997739288E+02
  0.8071997739288E+02
  0.8071997739288E+02
  0.8071997739288E+02
  0.8071997739288E+02
  0.8071997739288E+02
  0.8071997739288E+02
  0.8071997739288E+02
  0.8071997739288E+02
  0.8071997739288E+02
  0.8071997739288E+02
  0.7691683567368E+02
  0.7691683567368E+02
  0.7691683567368E+02
  0.7691683567368E+02
  0.7691683567368E+02
  0.7691683567368E+02
  0.7691683567368E+02
  0.7691683567368E+02
  0.7691683567368E+02
  0.7691683567368E+02
  0.7691683567368E+02
  0.7691683567368E+02
  0.7691683567368E+02
  0.7691683567368E+02
  0.7691683567368E+02
  0.7691683567368E+02
  0.7691683567368E+02
  0.7691683567368E+02
  0.7691683567368E+02
  0.7691683567368E+02
  0.7691683567368E+02
  0.2563894522456E+03
  0.7691683567368E+02
  0.7691683567368E+02
  0.7691683567368E+02
  0.7691683567368E+02
  0.7691683567368E+02
  0.7691683567368E+02
  0.7691683567368E+02
  0.7691683567368E+02
  0.7691683567368E+02
  0.7691683567368E+02
  0.7691683567368E+02
  0.7691683567368E+02
  0.7691683567368E+02
  0.7691683567368E+02
  0.7248178136617E+02
  0.7248178136617E+02
  0.7248178136617E+02
  0.7248178136617E+02
  0.7248178136617E+02
  0.7248178136617E+02
  0.7248178136617E+02
  0.7248178136617E+02
  0.7248178136617E+02
  0.7248178136617E+02
  0.7248178136617E+02
  0.7248178136617E+02
  0.7248178136617E+02
  0.7248178136617E+02
  0.7248178136617E+02
  0.7248178136617E+02
  0.7248178136617E+02
  0.7248178136617E+02
  0.7248178136617E+02
  0.7248178136617E+02
  0.7248178136617E+02
  0.2416059378872E+03
  0.7248178136617E+02
  0.7248178136617E+02
  0.7248178136617E+02
  0.7248178136617E+02
  0.7248178136617E+02
  0.7248178136617E+02
  0.7248178136617E+02
  0.7248178136617E+02
  0.7248178136617E+02
  0.7248178136617E+02
  0.7248178136617E+02
  0.7248178136617E+02
  0.7248178136617E+02
  0.7248178136617E+02
  0.6697513159396E+02
  0.6697513159396E+02
  0.6697513159396E+02
  0.6697513159396E+02
  0.6697513159396E+02
  0.6697513159396E+02
  0.6697513159396E+02
  0.6697513159396E+02
  0.6697513159396E+02
  0.6697513159396E+02
  0.6697513159396E+02
  0.6697513159396E+02
  0.6697513159396E+02
  0.6697513159396E+02
  0.6697513159396E+02
  0.6697513159396E+02
  0.6697513159396E+02
  0.6697513159396E+02
  0.6697513159396E+02
  0.6697513159396E+02
  0.6697513159396E+02
  0.6697513159396E+02
  0.6697513159396E+02
  0.6697513159396E+02
  0.6697513159396E+02
  0.6697513159396E+02
  0.6697513159396E+02
  0.6697513159396E+02
  0.6697513159396E+02
  0.6697513159396E+02
  0.6697513159396E+02
  0.6697513159396E+02
  0.6697513159396E+02
  0.6697513159396E+02
  0.6697513159396E+02
  0.6697513159396E+02
  0.6101300177199E+02
  0.6101300177199E+02
  0.6101300177199E+02
  0.6101300177199E+02
  0.6101300177199E+02
  0.6101300177199E+02
  0.6101300177199E+02
  0.6101300177199E+02
  0.6101300177199E+02
  0.6101300177199E+02
  0.6101300177199E+02
  0.6101300177199E+02
  0.6101300177199E+02
  0.6101300177199E+02
  0.6101300177199E+02
  0.6101300177199E+02
  0.6101300177199E+02
  0.6101300177199E+02
  0.6101300177199E+02
  0.6101300177199E+02
  0.6101300177199E+02
  0.6101300177199E+02
  0.6101300177199E+02
  0.6101300177199E+02
  0.6101300177199E+02
  0.6101300177199E+02
  0.6101300177199E+02
  0.6101300177199E+02
  0.6101300177199E+02
  0.6101300177199E+02
  0.6101300177199E+02
  0.6101300177199E+02
  0.6101300177199E+02
  0.6101300177199E+02
  0.6101300177199E+02
  0.6101300177199E+02
  0.5468524068779E+02
  0.5468524068779E+02
  0.5468524068779E+02
  0.5468524068779E+02
  0.5468524068779E+02
  0.5468524068779E+02
  0.5468524068779E+02
  0.5468524068779E+02
  0.5468524068779E+02
  0.5468524068779E+02
  0.5468524068779E+02
  0.5468524068779E+02
  0.5468524068779E+02
  0.5468524068779E+02
  0.5468524068779E+02
  0.5468524068779E+02
  0.5468524068779E+02
  0.5468524068779E+02
  0.5468524068779E+02
  0.5468524068779E+02
  0.5468524068779E+02
  0.5468524068779E+02
  0.5468524068779E+02
  0.5468524068779E+02
  0.5468524068779E+02
  0.5468524068779E+02
  0.5468524068779E+02
  0.5468524068779E+02
  0.5468524068779E+02
  0.5468524068779E+02
  0.5468524068779E+02
  0.5468524068779E+02
  0.5468524068779E+02
  0.5468524068779E+02
  0.5468524068779E+02
  0.5468524068779E+02
  0.4800919605416E+02
  0.4800919605416E+02
  0.4800919605416E+02
  0.4800919605416E+02
  0.4800919605416E+02
  0.4800919605416E+02
  0.4800919605416E+02
  0.4800919605416E+02
  0.4800919605416E+02
  0.4800919605416E+02
  0.4800919605416E+02
  0.4800919605416E+02
  0.4800919605416E+02
  0.4800919605416E+02
  0.4800919605416E+02
  0.4800919605416E+02
  0.4800919605416E+02
  0.4800919605416E+02
  0.4800919605416E+02
  0.4800919605416E+02
  0.4800919605416E+02
  0.4800919605416E+02
  0.4800919605416E+02
  0.4800919605416E+02
  0.4800919605416E+02
  0.4800919605416E+02
  0.4800919605416E+02
  0.4800919605416E+02
  0.4800919605416E+02
  0.4800919605416E+02
  0.4800919605416E+02
  0.4800919605416E+02
  0.4800919605416E+02
  0.4800919605416E+02
  0.4800919605416E+02
  0.4800919605416E+02
  0.4021148987084E+02
  0.4021148987084E+02
  0.4021148987084E+02
  0.4021148987084E+02
  0.4021148987084E+02
  0.4021148987084E+02
  0.4021148987084E+02
  0.4021148987084E+02
  0.4021148987084E+02
  0.4021148987084E+02
  0.4021148987084E+02
  0.4021148987084E+02
  0.4021148987084E+02
  0.4021148987084E+02
  0.4021148987084E+02
  0.4021148987084E+02
  0.4021148987084E+02
  0.4021148987084E+02
  0.1340382995695E+03
  0.1340382995695E+03
  0.1340382995695E+03
  0.4021148987084E+02
  0.4021148987084E+02
  0.4021148987084E+02
  0.4021148987084E+02
  0.4021148987084E+02
  0.4021148987084E+02
  0.4021148987084E+02
  0.4021148987084E+02
  0.4021148987084E+02
  0.4021148987084E+02
  0.4021148987084E+02
  0.4021148987084E+02
  0.4021148987084E+02
  0.4021148987084E+02
  0.4021148987084E+02
  0.3230434302986E+02
  0.3230434302986E+02
  0.3230434302986E+02
  0.3230434302986E+02
  0.3230434302986E+02
  0.3230434302986E+02
  0.3230434302986E+02
  0.3230434302986E+02
  0.3230434302986E+02
  0.3230434302986E+02
  0.3230434302986E+02
  0.3230434302986E+02
  0.3230434302986E+02
  0.3230434302986E+02
  0.3230434302986E+02
  0.3230434302986E+02
  0.3230434302986E+02
  0.3230434302986E+02
  0.1076811434329E+03
  0.1076811434329E+03
  0.1076811434329E+03
  0.3230434302986E+02
  0.3230434302986E+02
  0.3230434302986E+02
  0.3230434302986E+02
  0.3230434302986E+02
  0.3230434302986E+02
  0.3230434302986E+02
  0.3230434302986E+02
  0.3230434302986E+02
  0.3230434302986E+02
  0.3230434302986E+02
  0.3230434302986E+02
  0.3230434302986E+02
  0.3230434302986E+02
  0.3230434302986E+02
  0.2466270742501E+02
  0.2466270742501E+02
  0.2466270742501E+02
  0.2466270742501E+02
  0.2466270742501E+02
  0.2466270742501E+02
  0.2466270742501E+02
  0.2466270742501E+02
  0.2466270742501E+02
  0.2466270742501E+02
  0.2466270742501E+02
  0.2466270742501E+02
  0.2466270742501E+02
  0.2466270742501E+02
  0.2466270742501E+02
  0.2466270742501E+02
  0.2466270742501E+02
  0.2466270742501E+02
  0.8220902475003E+02
  0.8220902475003E+02
  0.8220902475003E+02
  0.2466270742501E+02
  0.2466270742501E+02
  0.2466270742501E+02
  0.2466270742501E+02
  0.2466270742501E+02
  0.2466270742501E+02
  0.2466270742501E+02
  0.2466270742501E+02
  0.2466270742501E+02
  0.2466270742501E+02
  0.2466270742501E+02
  0.2466270742501E+02
  0.2466270742501E+02
  0.2466270742501E+02
  0.2466270742501E+02
  0.1799293425688E+02
  0.1799293425688E+02
  0.1799293425688E+02
  0.1799293425688E+02
  0.1799293425688E+02
  0.1799293425688E+02
  0.1799293425688E+02
  0.1799293425688E+02
  0.1799293425688E+02
  0.1799293425688E+02
  0.1799293425688E+02
  0.1799293425688E+02
  0.1799293425688E+02
  0.1799293425688E+02
  0.1799293425688E+02
  0.1799293425688E+02
  0.1799293425688E+02
  0.1799293425688E+02
  0.1799293425688E+02
  0.1799293425688E+02
  0.1799293425688E+02
  0.1799293425688E+02
  0.1799293425688E+02
  0.1799293425688E+02
  0.1799293425688E+02
  0.1799293425688E+02
  0.1799293425688E+02
  0.1799293425688E+02
  0.1799293425688E+02
  0.1799293425688E+02
  0.1799293425688E+02
  0.1799293425688E+02
  0.1799293425688E+02
  0.1799293425688E+02
  0.1799293425688E+02
  0.1799293425688E+02
  0.1149551896262E+02
  0.1149551896262E+02
  0.1149551896262E+02
  0.1149551896262E+02
  0.1149551896262E+02
  0.1149551896262E+02
  0.1149551896262E+02
  0.1149551896262E+02
  0.1149551896262E+02
  0.1149551896262E+02
  0.1149551896262E+02
  0.1149551896262E+02
  0.1149551896262E+02
  0.1149551896262E+02
  0.1149551896262E+02
  0.1149551896262E+02
  0.1149551896262E+02
  0.1149551896262E+02
  0.1149551896262E+02
  0.1149551896262E+02
  0.1149551896262E+02
  0.1149551896262E+02
  0.1149551896262E+02
  0.1149551896262E+02
  0.1149551896262E+02
  0.1149551896262E+02
  0.1149551896262E+02
  0.1149551896262E+02
  0.1149551896262E+02
  0.1149551896262E+02
  0.1149551896262E+02
  0.1149551896262E+02
  0.1149551896262E+02
  0.1149551896262E+02
  0.1149551896262E+02
  0.1149551896262E+02
  0.5369904407050E+01
  0.5369904407050E+01
  0.5369904407050E+01
  0.5369904407050E+01
  0.5369904407050E+01
  0.5369904407050E+01
  0.5369904407050E+01
  0.5369904407050E+01
  0.5369904407050E+01
  0.5369904407050E+01
  0.5369904407050E+01
  0.5369904407050E+01
  0.5369904407050E+01
  0.5369904407050E+01
  0.5369904407050E+01
  0.5369904407050E+01
  0.5369904407050E+01
  0.5369904407050E+01
  0.5369904407050E+01
  0.5369904407050E+01
  0.5369904407050E+01
  0.5369904407050E+01
  0.5369904407050E+01
  0.5369904407050E+01
  0.5369904407050E+01
  0.5369904407050E+01
  0.5369904407050E+01
  0.5369904407050E+01
  0.5369904407050E+01
  0.5369904407050E+01
  0.5369904407050E+01
  0.5369904407050E+01
  0.5369904407050E+01
  0.5369904407050E+01
  0.5369904407050E+01
  0.5369904407050E+01
  0.2041437864029E+00
  0.2041437864029E+00
  0.2041437864029E+00
  0.2041437864029E+00
  0.2041437864029E+00
  0.2041437864029E+00
  0.2041437864029E+00
  0.2041437864029E+00
  0.2041437864029E+00
  0.2041437864029E+00
  0.2041437864029E+00
  0.2041437864029E+00
  0.2041437864029E+00
  0.2041437864029E+00
  0.2041437864029E+00
  0.2041437864029E+00
  0.2041437864029E+00
  0.2041437864029E+00
  0.2041437864029E+00
  0.2041437864029E+00
  0.2041437864029E+00
  0.2041437864029E+00
  0.2041437864029E+00
  0.2041437864029E+00
  0.2041437864029E+00
  0.2041437864029E+00
  0.2041437864029E+00
  0.2041437864029E+00
  0.2041437864029E+00
  0.2041437864029E+00
  0.2041437864029E+00
  0.2041437864029E+00
  0.2041437864029E+00
  0.2041437864029E+00
  0.2041437864029E+00
  0.2041437864029E+00
  0.0000000000000E+00
  0.0000000000000E+00
  0.0000000000000E+00
  0.0000000000000E+00
  0.0000000000000E+00
  0.0000000000000E+00
  0.0000000000000E+00
  0.0000000000000E+00
  0.0000000000000E+00
  0.0000000000000E+00
  0.0000000000000E+00
  0.0000000000000E+00
  0.0000000000000E+00
  0.0000000000000E+00
  0.0000000000000E+00
  0.0000000000000E+00
  0.0000000000000E+00
  0.0000000000000E+00
  0.0000000000000E+00
  0.0000000000000E+00
  0.0000000000000E+00
  0.0000000000000E+00
  0.0000000000000E+00
  0.0000000000000E+00
  0.0000000000000E+00
  0.0000000000000E+00
  0.0000000000000E+00
  0.0000000000000E+00
  0.0000000000000E+00
  0.0000000000000E+00
  0.0000000000000E+00
  0.0000000000000E+00
  0.0000000000000E+00
  0.0000000000000E+00
  0.0000000000000E+00
  0.0000000000000E+00
 -0.2244119047038E+03
 -0.2010281655656E+03
 -0.1966632158313E+03
 -0.1940922262860E+03
 -0.1937164912385E+03
 -0.2211898787795E+03
 -0.1925987178328E+03
 -0.1930168032281E+03
 -0.1965873643861E+03
 -0.2023140023863E+03
 -0.2120956052647E+03
 -0.2237858402298E+03
 -0.2370725540924E+03
 -0.2442283357159E+03
 -0.2507708258474E+03
 -0.2567614347561E+03
 -0.2618880894396E+03
 -0.2660490126704E+03
 -0.2692678491319E+03
 -0.2716275881980E+03
 -0.2732262894863E+03
 -0.2741575768236E+03
 -0.2744843066529E+03
 -0.2742171687539E+03
 -0.2733140226281E+03
 -0.2716881514582E+03
 -0.2692116142221E+03
 -0.2657242707918E+03
 -0.2610333139529E+03
 -0.2549125808010E+03
 -0.2471238700027E+03
 -0.2478456266747E+03
 -0.2305210106814E+03
 -0.2195166940743E+03
 -0.2121844009072E+03
 -0.2082066335331E+03
 -0.2071137648644E+03
 -0.2302864038787E+03
 -0.2299624474747E+03
 -0.2286348719409E+03
 -0.2021454732953E+03
 -0.1978666151667E+03
 -0.1972436216140E+03
 -0.1978696360734E+03
 -0.2001900679430E+03
 -0.2283231811117E+03
 -0.2153449963315E+03
 -0.2203514232057E+03
 -0.2290432149715E+03
 -0.2412951172604E+03
 -0.2593619613660E+03
 -0.2526545098636E+03
 -0.2598579535012E+03
 -0.2645172528695E+03
 -0.2674287176331E+03
 -0.2691972771216E+03
 -0.2700855093629E+03
 -0.2704722010261E+03
 -0.2706686173560E+03
 -0.2706988068309E+03
 -0.2704675353812E+03
 -0.2698793708440E+03
 -0.2686681167433E+03
 -0.2666891366907E+03
 -0.2638350950734E+03
 -0.2598440722668E+03
 -0.2542762375886E+03
 -0.2466732622099E+03
 -0.2409636990131E+03
 -0.2236335185705E+03
 -0.2128814331907E+03
 -0.2078499262597E+03
 -0.2051413764629E+03
 -0.2041517199533E+03
 -0.2035935342917E+03
 -0.2047827013558E+03
 -0.2056221934030E+03
 -0.2029564620484E+03
 -0.2020188312876E+03
 -0.2008110896802E+03
 -0.2009415886488E+03
 -0.2027800593366E+03
 -0.2334643163154E+03
 -0.2193278936036E+03
 -0.2343434813412E+03
 -0.2489244035859E+03
 -0.2665448376173E+03
 -0.2551538968874E+03
 -0.2610236059820E+03
 -0.2639463391794E+03
 -0.2653537422462E+03
 -0.2664362662463E+03
 -0.2662097735649E+03
 -0.2656437990992E+03
 -0.2657221080603E+03
 -0.2660238074174E+03
 -0.2661953903574E+03
 -0.2666126742053E+03
 -0.2661251830509E+03
 -0.2648014478089E+03
 -0.2630928565318E+03
 -0.2608087098956E+03
 -0.2570213468423E+03
 -0.2503772554042E+03
 -0.2313696668896E+03
 -0.2198474239752E+03
 -0.2100821124680E+03
 -0.2056003017001E+03
 -0.2022259026270E+03
 -0.2023082063450E+03
 -0.2023914871520E+03
 -0.2024340415622E+03
 -0.2042314689584E+03
 -0.2039640973344E+03
 -0.2027484143301E+03
 -0.2019526856244E+03
 -0.2020003290164E+03
 -0.2034565237312E+03
 -0.2101837837756E+03
 -0.2189509081909E+03
 -0.2415626243563E+03
 -0.2465525358525E+03
 -0.2531052827881E+03
 -0.2594557777326E+03
 -0.2634775013129E+03
 -0.2651185339170E+03
 -0.2652224632655E+03
 -0.2642578029936E+03
 -0.2621521180778E+03
 -0.2602713229544E+03
 -0.2605819465215E+03
 -0.2616960976096E+03
 -0.2630472865577E+03
 -0.2641515352284E+03
 -0.2630739476763E+03
 -0.2623595850750E+03
 -0.2618570651032E+03
 -0.2612632755440E+03
 -0.2587780557527E+03
 -0.2531077344469E+03
 -0.2187875717333E+03
 -0.2119445343093E+03
 -0.2056753656729E+03
 -0.2031156671497E+03
 -0.2012320297147E+03
 -0.2010923246350E+03
 -0.2013589274416E+03
 -0.2013120050313E+03
 -0.2018297553948E+03
 -0.2022692111869E+03
 -0.2024185847064E+03
 -0.2025504516706E+03
 -0.2031491035456E+03
 -0.2042433746324E+03
 -0.2076460304006E+03
 -0.2154145696120E+03
 -0.2439829535017E+03
 -0.2499188367659E+03
 -0.2564657783660E+03
 -0.2617586968954E+03
 -0.2645690310912E+03
 -0.2648996111868E+03
 -0.2639779988935E+03
 -0.2618089204251E+03
 -0.2576088750131E+03
 -0.2561051318035E+03
 -0.2618144283189E+03
 -0.2578105711119E+03
 -0.2611881180722E+03
 -0.2614772533051E+03
 -0.2599022211599E+03
 -0.2588083145781E+03
 -0.2597309358205E+03
 -0.2615074225767E+03
 -0.2607162569194E+03
 -0.2557631354989E+03
 -0.2131454669379E+03
 -0.2084376427447E+03
 -0.2049088906485E+03
 -0.2025227841957E+03
 -0.1996594708367E+03
 -0.1991149274124E+03
 -0.1989978098995E+03
 -0.1988353008462E+03
 -0.1989973707692E+03
 -0.1994979466198E+03
 -0.2001107536436E+03
 -0.2007945717264E+03
 -0.2017738134608E+03
 -0.2028996349631E+03
 -0.2050207431023E+03
 -0.2105816890403E+03
 -0.2175680507832E+03
 -0.2507223877326E+03
 -0.2572113207394E+03
 -0.2621819511588E+03
 -0.2642548038662E+03
 -0.2634395023183E+03
 -0.2621520499099E+03
 -0.2582775104180E+03
 -0.2369873018680E+03
 -0.2370152572147E+03
 -0.2432052718172E+03
 -0.2559741945064E+03
 -0.2589455659033E+03
 -0.2586107175624E+03
 -0.2566786522363E+03
 -0.2451969638333E+03
 -0.2514381376728E+03
 -0.2619196735356E+03
 -0.2624930233011E+03
 -0.2581078515135E+03
 -0.2106290102257E+03
 -0.2072774582008E+03
 -0.2033963154311E+03
 -0.2008959899699E+03
 -0.1965679830033E+03
 -0.1952631600273E+03
 -0.1938975141288E+03
 -0.1928875976124E+03
 -0.1927201755610E+03
 -0.1932492751376E+03
 -0.1942478602934E+03
 -0.1954552518874E+03
 -0.1968276592943E+03
 -0.1980703099065E+03
 -0.2000862434297E+03
 -0.2041861633695E+03
 -0.2119729176110E+03
 -0.2509436719533E+03
 -0.2561793006356E+03
 -0.2618344598782E+03
 -0.2628942464150E+03
 -0.2606812676394E+03
 -0.2590317891408E+03
 -0.2321047354498E+03
 -0.2246429011450E+03
 -0.2238531126463E+03
 -0.2291884602553E+03
 -0.2543414985489E+03
 -0.2562962782606E+03
 -0.2562830212998E+03
 -0.2298166087863E+03
 -0.2310676976189E+03
 -0.2362160065399E+03
 -0.2633192383790E+03
 -0.2643779888881E+03
 -0.2600450756359E+03
 -0.2103323742210E+03
 -0.2050552308886E+03
 -0.2000565738918E+03
 -0.1976293932201E+03
 -0.1909337673854E+03
 -0.1894715734543E+03
 -0.1882223447862E+03
 -0.1875629682677E+03
 -0.1871516727628E+03
 -0.1868453959011E+03
 -0.1865954014907E+03
 -0.1860654600559E+03
 -0.1852354949648E+03
 -0.1856895970519E+03
 -0.1890676876748E+03
 -0.1946169636299E+03
 -0.2058252279161E+03
 -0.2136076444238E+03
 -0.2223201234681E+03
 -0.2603924527694E+03
 -0.2611347976766E+03
 -0.2212125109541E+03
 -0.2226098526686E+03
 -0.2209974119949E+03
 -0.2144563039797E+03
 -0.2122179168871E+03
 -0.2150676390478E+03
 -0.2191525402497E+03
 -0.2217423117695E+03
 -0.2221681531147E+03
 -0.2195975115162E+03
 -0.2187689757470E+03
 -0.2197070454830E+03
 -0.2647883886149E+03
 -0.2657485223324E+03
 -0.2613417054874E+03
 -0.2054588469521E+03
 -0.1989247107557E+03
 -0.1932030310673E+03
 -0.1919612561840E+03
 -0.1927044325160E+03
 -0.1938321238751E+03
 -0.1939407894020E+03
 -0.1939232901423E+03
 -0.1939430157209E+03
 -0.1939038793828E+03
 -0.1936192670379E+03
 -0.1929146394741E+03
 -0.1916901271050E+03
 -0.1899920284474E+03
 -0.1878289780679E+03
 -0.1839473483402E+03
 -0.1980417653330E+03
 -0.2060281937994E+03
 -0.2141053202071E+03
 -0.2597858523980E+03
 -0.2603704595600E+03
 -0.2073648821739E+03
 -0.2118985731091E+03
 -0.2121978971211E+03
 -0.2025539495569E+03
 -0.2004064586165E+03
 -0.1921857226260E+03
 -0.2023100253160E+03
 -0.2024481986326E+03
 -0.2055229443231E+03
 -0.2057166735431E+03
 -0.2041078872708E+03
 -0.2011493398966E+03
 -0.2651386617895E+03
 -0.2660598212744E+03
 -0.2618037873593E+03
 -0.2038443391215E+03
 -0.1932822993072E+03
 -0.1892370974882E+03
 -0.1903072319039E+03
 -0.1981931316415E+03
 -0.1981004120142E+03
 -0.1979701075288E+03
 -0.1979266743595E+03
 -0.1980200894320E+03
 -0.1979975553498E+03
 -0.1977573439771E+03
 -0.1972065985293E+03
 -0.1963381441604E+03
 -0.1952734215788E+03
 -0.1943944016357E+03
 -0.1940028360324E+03
 -0.1989542682010E+03
 -0.2027072434046E+03
 -0.2081112508537E+03
 -0.2197299995130E+03
 -0.2600599585010E+03
 -0.2141461172621E+03
 -0.2081659121950E+03
 -0.2548871941984E+03
 -0.1972959622518E+03
 -0.2017203010676E+03
 -0.2036446995069E+03
 -0.2081081615603E+03
 -0.2093239099501E+03
 -0.2083140350300E+03
 -0.2064259122627E+03
 -0.2066422833369E+03
 -0.2102850755165E+03
 -0.2632590075824E+03
 -0.2651606222849E+03
 -0.2614385772880E+03
 -0.2027910215330E+03
 -0.1996788955832E+03
 -0.1975310151699E+03
 -0.1978456644496E+03
 -0.1998547249239E+03
 -0.1995043199752E+03
 -0.1993791516097E+03
 -0.1993287118457E+03
 -0.1992853232832E+03
 -0.1990569862841E+03
 -0.1986216143565E+03
 -0.1979365794528E+03
 -0.1971915993985E+03
 -0.1967810763014E+03
 -0.1970517175125E+03
 -0.1983002406681E+03
 -0.2012772036921E+03
 -0.2516417382334E+03
 -0.2062061098101E+03
 -0.2155377603424E+03
 -0.2602180649084E+03
 -0.2574281142791E+03
 -0.2064252687902E+03
 -0.2061322394249E+03
 -0.2037522198729E+03
 -0.2042269087895E+03
 -0.2062168237943E+03
 -0.2089917214037E+03
 -0.2116051533619E+03
 -0.2093787226042E+03
 -0.2097725717576E+03
 -0.2095566475639E+03
 -0.2125482405307E+03
 -0.2164593046228E+03
 -0.2631791452185E+03
 -0.2602269831549E+03
 -0.2026576210464E+03
 -0.2025944609296E+03
 -0.2004032973144E+03
 -0.2001456121844E+03
 -0.2003627107834E+03
 -0.1999304106782E+03
 -0.1996521248484E+03
 -0.1993302736543E+03
 -0.1989031818867E+03
 -0.1983607830067E+03
 -0.1977870634139E+03
 -0.1972738223160E+03
 -0.1971646120415E+03
 -0.1976841493549E+03
 -0.1987919418319E+03
 -0.2001452229980E+03
 -0.2017981757027E+03
 -0.2009227412277E+03
 -0.2061901588703E+03
 -0.2116906997066E+03
 -0.2593622063470E+03
 -0.2579793917704E+03
 -0.2074689252547E+03
 -0.2072706967631E+03
 -0.2050475333836E+03
 -0.2047333476061E+03
 -0.2054624011837E+03
 -0.2073442091581E+03
 -0.2562537500123E+03
 -0.2078040530220E+03
 -0.2120812779762E+03
 -0.2102871790177E+03
 -0.2119370750198E+03
 -0.2144444204033E+03
 -0.2614546223800E+03
 -0.2590494607090E+03
 -0.2022216647411E+03
 -0.2036079407401E+03
 -0.2018046619128E+03
 -0.2009893440740E+03
 -0.2000621976447E+03
 -0.1994965629762E+03
 -0.1989191668477E+03
 -0.1981782930474E+03
 -0.1972470862457E+03
 -0.1963881209822E+03
 -0.1958987983715E+03
 -0.1960609753477E+03
 -0.1970992650598E+03
 -0.1985043315717E+03
 -0.1997279619182E+03
 -0.2006259365887E+03
 -0.2015846381503E+03
 -0.2010735725835E+03
 -0.2052520447311E+03
 -0.2104584997225E+03
 -0.2577644163447E+03
 -0.2582866183091E+03
 -0.2091959344213E+03
 -0.2060382234458E+03
 -0.2046258973732E+03
 -0.2038382009499E+03
 -0.2037206861660E+03
 -0.2052947716035E+03
 -0.2567749289963E+03
 -0.2572309187472E+03
 -0.2574714626433E+03
 -0.2098064017055E+03
 -0.2113488226202E+03
 -0.2118578179196E+03
 -0.2600749430765E+03
 -0.2590686430165E+03
 -0.2019615956728E+03
 -0.2039190551936E+03
 -0.2022346334410E+03
 -0.2009549476449E+03
 -0.1989955123920E+03
 -0.1983579401899E+03
 -0.1975719752049E+03
 -0.1964859166963E+03
 -0.1949081911830E+03
 -0.1939482257527E+03
 -0.1940643836924E+03
 -0.1952953680300E+03
 -0.1971415036303E+03
 -0.1986890591801E+03
 -0.1996475968290E+03
 -0.2000336426831E+03
 -0.2002530470316E+03
 -0.1998201844950E+03
 -0.2034831048370E+03
 -0.2088827604947E+03
 -0.2578020684152E+03
 -0.2584061868983E+03
 -0.2576573051429E+03
 -0.2003116555145E+03
 -0.2030444057471E+03
 -0.2022746353800E+03
 -0.2018212595951E+03
 -0.2012217673171E+03
 -0.1864982690565E+03
 -0.2576037866291E+03
 -0.2580222571397E+03
 -0.2580144630025E+03
 -0.2095713110928E+03
 -0.2094319391748E+03
 -0.2590645503122E+03
 -0.2588654855834E+03
 -0.2018592943996E+03
 -0.2033438184073E+03
 -0.2014196225580E+03
 -0.2000328182381E+03
 -0.1976689917997E+03
 -0.1969548030636E+03
 -0.1958326502741E+03
 -0.1939127523061E+03
 -0.1918629501441E+03
 -0.1918369992652E+03
 -0.1934821485540E+03
 -0.1955090065797E+03
 -0.1974030790876E+03
 -0.1986521520518E+03
 -0.1990874705475E+03
 -0.1988965327746E+03
 -0.1984561352375E+03
 -0.1970259598198E+03
 -0.2008098658743E+03
 -0.2054072681808E+03
 -0.2577060818206E+03
 -0.2583580598985E+03
 -0.2578859526507E+03
 -0.1969478330950E+03
 -0.2014720768046E+03
 -0.2014215727866E+03
 -0.1994855422466E+03
 -0.1986296306526E+03
 -0.1853134888796E+03
 -0.1825041550728E+03
 -0.2581957373608E+03
 -0.2584637324048E+03
 -0.2079473707624E+03
 -0.2062387123352E+03
 -0.2587813758496E+03
 -0.2004597953755E+03
 -0.2029011903358E+03
 -0.2020988496429E+03
 -0.2002641537176E+03
 -0.1986765115591E+03
 -0.1990908956990E+03
 -0.1985572827080E+03
 -0.1975032533814E+03
 -0.1961445895704E+03
 -0.1954998315378E+03
 -0.1960124331961E+03
 -0.1972899496478E+03
 -0.1987115063383E+03
 -0.2000020174964E+03
 -0.2010362298189E+03
 -0.2014043912862E+03
 -0.1996937667782E+03
 -0.1963712530474E+03
 -0.1924475044035E+03
 -0.1976473250672E+03
 -0.2002931513466E+03
 -0.2574835498286E+03
 -0.2581684303160E+03
 -0.2578799205018E+03
 -0.1934091131637E+03
 -0.1972826175398E+03
 -0.1978635173502E+03
 -0.1967910577267E+03
 -0.1946502190497E+03
 -0.1831032730309E+03
 -0.1811257277882E+03
 -0.1852779264704E+03
 -0.2586178404922E+03
 -0.2061101077300E+03
 -0.2016773262278E+03
 -0.1967507898985E+03
 -0.2008173370784E+03
 -0.2011059675404E+03
 -0.2011021282827E+03
 -0.2003303097053E+03
 -0.1994796952474E+03
 -0.1984678619034E+03
 -0.1981273028472E+03
 -0.1981531197778E+03
 -0.1985059414558E+03
 -0.1991023742766E+03
 -0.1998905437103E+03
 -0.2007215373051E+03
 -0.2015257061100E+03
 -0.2024166139671E+03
 -0.2028185298679E+03
 -0.2024232743833E+03
 -0.2005481000392E+03
 -0.1945734221071E+03
 -0.1871681269425E+03
 -0.1948133517747E+03
 -0.1960643657222E+03
 -0.2571449421837E+03
 -0.2578485695937E+03
 -0.2576942092510E+03
 -0.1896499992694E+03
 -0.1918153436459E+03
 -0.1924610985014E+03
 -0.1925865348215E+03
 -0.1906774509311E+03
 -0.1827886841460E+03
 -0.1821516338928E+03
 -0.1880344484106E+03
 -0.2585224815493E+03
 -0.2584736390033E+03
 -0.1965922295638E+03
 -0.1965232460729E+03
 -0.1992072642811E+03
 -0.1994212611846E+03
 -0.1999037523112E+03
 -0.1992921373262E+03
 -0.1988251654225E+03
 -0.1985128312677E+03
 -0.1986076128998E+03
 -0.1988762603972E+03
 -0.1992993409111E+03
 -0.1999148009024E+03
 -0.2006720644951E+03
 -0.2013542680125E+03
 -0.2016409100786E+03
 -0.2013993231953E+03
 -0.2006614141628E+03
 -0.1994521802203E+03
 -0.1974027092683E+03
 -0.1929717964410E+03
 -0.1842610689793E+03
 -0.1921599020745E+03
 -0.1964568189718E+03
 -0.2566713555535E+03
 -0.2573795531252E+03
 -0.2573364105848E+03
 -0.1855962866546E+03
 -0.1868881234737E+03
 -0.1841995859313E+03
 -0.1853329657120E+03
 -0.1851548899063E+03
 -0.1812325897244E+03
 -0.1819929892726E+03
 -0.1846926725848E+03
 -0.1893418325304E+03
 -0.2583792181470E+03
 -0.1901340454130E+03
 -0.1955282984195E+03
 -0.1975784623557E+03
 -0.1983313108458E+03
 -0.1987002525567E+03
 -0.1986103437443E+03
 -0.1985342211597E+03
 -0.1979777489022E+03
 -0.1985619144890E+03
 -0.1992060521708E+03
 -0.1998230838231E+03
 -0.2005669161147E+03
 -0.2014612398498E+03
 -0.2022992641523E+03
 -0.2027032791845E+03
 -0.2024544929295E+03
 -0.2016407993354E+03
 -0.2003620160193E+03
 -0.1984677572738E+03
 -0.1951548885748E+03
 -0.1884731661752E+03
 -0.1901382687666E+03
 -0.1938953276812E+03
 -0.2560370486253E+03
 -0.2567362302573E+03
 -0.2568035466134E+03
 -0.1870316667393E+03
 -0.1861371370568E+03
 -0.1800124528649E+03
 -0.1837777116464E+03
 -0.1832287739697E+03
 -0.1798514120121E+03
 -0.1820197699116E+03
 -0.1857934956319E+03
 -0.1929357274517E+03
 -0.2579819435486E+03
 -0.1909699387636E+03
 -0.1936197842522E+03
 -0.1956527709616E+03
 -0.1968422356688E+03
 -0.1971951440653E+03
 -0.1973310361987E+03
 -0.1975851152968E+03
 -0.1992522377373E+03
 -0.1999875151613E+03
 -0.2007028321188E+03
 -0.2015034066732E+03
 -0.2024899741019E+03
 -0.2036222982657E+03
 -0.2046819050482E+03
 -0.2053265784091E+03
 -0.2054099510685E+03
 -0.2049911412657E+03
 -0.2041818237572E+03
 -0.2028595084363E+03
 -0.2003276846146E+03
 -0.1953008561017E+03
 -0.1914779741266E+03
 -0.1929405324339E+03
 -0.2552191106391E+03
 -0.2558938887451E+03
 -0.2560791871550E+03
 -0.1901939767541E+03
 -0.1868299416880E+03
 -0.1833225995391E+03
 -0.1853354039360E+03
 -0.1894887515672E+03
 -0.1868763574620E+03
 -0.1888503752316E+03
 -0.1930676207701E+03
 -0.1976676784048E+03
 -0.1999228751662E+03
 -0.1938308839891E+03
 -0.1934283117857E+03
 -0.1948112266800E+03
 -0.1960900845066E+03
 -0.1964425840270E+03
 -0.1972438466711E+03
 -0.1983756611585E+03
 -0.1929529486260E+03
 -0.1933602864480E+03
 -0.1939132214305E+03
 -0.1947385869358E+03
 -0.1959250588152E+03
 -0.1974050457777E+03
 -0.1989000194791E+03
 -0.2000942092399E+03
 -0.2008778127383E+03
 -0.2014395484961E+03
 -0.2020163352457E+03
 -0.2024778008575E+03
 -0.2017081943773E+03
 -0.2009014435845E+03
 -0.1992731337610E+03
 -0.1959633738924E+03
 -0.2541926988568E+03
 -0.2548342971176E+03
 -0.2551244288750E+03
 -0.1937097973618E+03
 -0.1866673455032E+03
 -0.1878877779790E+03
 -0.2557417744634E+03
 -0.1938412756007E+03
 -0.1945461363555E+03
 -0.1955951259008E+03
 -0.1984913975783E+03
 -0.2012236123940E+03
 -0.2013763532965E+03
 -0.1982888498777E+03
 -0.1968240914126E+03
 -0.1960356704414E+03
 -0.1942366460469E+03
 -0.1928856858767E+03
 -0.1925551061048E+03
 -0.1926857815321E+03
 -0.1927763869071E+03
 -0.1919288233510E+03
 -0.1912120543438E+03
 -0.1910085814256E+03
 -0.1915582809641E+03
 -0.1928652125477E+03
 -0.1945155692716E+03
 -0.1959767010350E+03
 -0.1970041455446E+03
 -0.1977564357288E+03
 -0.1984303395606E+03
 -0.1991306729054E+03
 -0.2003411940497E+03
 -0.2041778560194E+03
 -0.2051229319531E+03
 -0.2033913818212E+03
 -0.2082416314625E+03
 -0.2056029302491E+03
 -0.2006957174925E+03
 -0.1968534919737E+03
 -0.1882009579205E+03
 -0.1857541291280E+03
 -0.2550514131890E+03
 -0.1973504473295E+03
 -0.2009037359747E+03
 -0.2011382079617E+03
 -0.2017588998593E+03
 -0.2037940028115E+03
 -0.2043562956542E+03
 -0.2027871721493E+03
 -0.2019441374493E+03
 -0.2009705751641E+03
 -0.1994907931484E+03
 -0.1970308341185E+03
 -0.1950581414486E+03
 -0.1937221565406E+03
 -0.1992379510067E+03
 -0.1981290728623E+03
 -0.1964944007401E+03
 -0.1945230166380E+03
 -0.1928082687164E+03
 -0.1919504755481E+03
 -0.1922259944179E+03
 -0.1932038085211E+03
 -0.1943756375902E+03
 -0.1954407489436E+03
 -0.1963642650995E+03
 -0.1972734076339E+03
 -0.1987037471565E+03
 -0.2015357443298E+03
 -0.2061685975731E+03
 -0.2084721914016E+03
 -0.2044427394580E+03
 -0.2012154067251E+03
 -0.2001149369907E+03
 -0.1985901436484E+03
 -0.1931687661612E+03
 -0.2535021433504E+03
 -0.1946380274536E+03
 -0.2020757749290E+03
 -0.2029462094258E+03
 -0.2028724799550E+03
 -0.2031156275841E+03
 -0.2039179948051E+03
 -0.2053076814987E+03
 -0.2060151630480E+03
 -0.2058921452986E+03
 -0.2049417551041E+03
 -0.2038899737914E+03
 -0.2026959836611E+03
 -0.2013486170775E+03
 -0.2001499422784E+03
 -0.2016206593698E+03
 -0.2012110373260E+03
 -0.2004555333325E+03
 -0.1991260661804E+03
 -0.1972736498193E+03
 -0.1952080802217E+03
 -0.1934333346873E+03
 -0.1926104688482E+03
 -0.1928627612691E+03
 -0.1936837497041E+03
 -0.1946835136552E+03
 -0.1957727767268E+03
 -0.1971054379367E+03
 -0.1989865906278E+03
 -0.2012885869687E+03
 -0.2015779177502E+03
 -0.1997744819289E+03
 -0.1989346734881E+03
 -0.1989862064933E+03
 -0.1989018246109E+03
 -0.1974156929949E+03
 -0.2523503748866E+03
 -0.1957961049066E+03
 -0.2011621661208E+03
 -0.2023563538453E+03
 -0.2023522719798E+03
 -0.2024657971311E+03
 -0.2028278454335E+03
 -0.2037868816836E+03
 -0.2043274950643E+03
 -0.2046672784313E+03
 -0.2045915553500E+03
 -0.2040661104157E+03
 -0.2032662605618E+03
 -0.2027056057951E+03
 -0.2020392867247E+03
 -0.2001515790067E+03
 -0.2000237337894E+03
 -0.1999395423643E+03
 -0.1996540863329E+03
 -0.1988762418031E+03
 -0.1975617854662E+03
 -0.1958062712629E+03
 -0.1940562205388E+03
 -0.1928748287079E+03
 -0.1925565633229E+03
 -0.1929264872580E+03
 -0.1937040842450E+03
 -0.1946879017506E+03
 -0.1958418227347E+03
 -0.1969870766130E+03
 -0.1974626788254E+03
 -0.1971458853796E+03
 -0.1968339705412E+03
 -0.1962700546324E+03
 -0.1962584845548E+03
 -0.1968571821560E+03
 -0.1996241202776E+03
 -0.1957480093983E+03
 -0.1985121888255E+03
 -0.2001006821692E+03
 -0.2007388820371E+03
 -0.2009024749196E+03
 -0.2009074661751E+03
 -0.2010976428738E+03
 -0.2014611767352E+03
 -0.2018067852040E+03
 -0.2018782749342E+03
 -0.2016630774155E+03
 -0.2013356737405E+03
 -0.2009254893018E+03
 -0.2004457921516E+03
 -0.1975265432964E+03
 -0.1974678170305E+03
 -0.1975574893631E+03
 -0.1975797303359E+03
 -0.1973129576832E+03
 -0.1967195534152E+03
 -0.1957560628874E+03
 -0.1944208983609E+03
 -0.1929127383244E+03
 -0.1916537734465E+03
 -0.1909509099677E+03
 -0.1908817282500E+03
 -0.1912485383424E+03
 -0.1919078964833E+03
 -0.1927308749058E+03
 -0.1931265586035E+03
 -0.1931795741434E+03
 -0.1926771833736E+03
 -0.1916503631373E+03
 -0.1921231894888E+03
 -0.1925558185964E+03
 -0.1901575947595E+03
 -0.1912284252998E+03
 -0.1945221816077E+03
 -0.1968420929974E+03
 -0.1979021836142E+03
 -0.1981478012651E+03
 -0.1980654094442E+03
 -0.1980776704865E+03
 -0.1983696106526E+03
 -0.1987471321868E+03
 -0.1989438273594E+03
 -0.1988853020151E+03
 -0.1986490540231E+03
 -0.1982299651357E+03
 -0.1977919205737E+03
 -0.1937172584965E+03
 -0.1936695977545E+03
 -0.1938600613209E+03
 -0.1941097725864E+03
 -0.1941204560232E+03
 -0.1938820773449E+03
 -0.1933343928423E+03
 -0.1923755252865E+03
 -0.1910502434661E+03
 -0.1895369745468E+03
 -0.1880358239257E+03
 -0.1868534618429E+03
 -0.1861639907786E+03
 -0.1860146977553E+03
 -0.1862102046872E+03
 -0.1863348232584E+03
 -0.1869044841949E+03
 -0.1874006445116E+03
 -0.1858722548703E+03
 -0.1868236995405E+03
 -0.1866133094249E+03
 -0.1733189777418E+03
 -0.1811821633235E+03
 -0.1869635267218E+03
 -0.1907347442716E+03
 -0.1925438009849E+03
 -0.1932042053962E+03
 -0.1933468167395E+03
 -0.1935634611589E+03
 -0.1939720422263E+03
 -0.1944397722794E+03
 -0.1947955788802E+03
 -0.1948930895197E+03
 -0.1947551323019E+03
 -0.1943984936949E+03
 -0.1939855653447E+03
 -0.1859048372094E+03
 -0.1858698667409E+03
 -0.1862020435876E+03
 -0.1868942482720E+03
 -0.1873390281142E+03
 -0.1874514971797E+03
 -0.1871592258083E+03
 -0.1863318083320E+03
 -0.1849410180281E+03
 -0.1829900602854E+03
 -0.1801772063890E+03
 -0.1764752597951E+03
 -0.1726718592782E+03
 -0.1715954144068E+03
 -0.1734754836291E+03
 -0.1758676008133E+03
 -0.1791740626095E+03
 -0.1827135587158E+03
 -0.1824717905770E+03
 -0.1843428132277E+03
 -0.1848505178209E+03
 -0.1796358710352E+03
 -0.1820392477038E+03
 -0.1842747196329E+03
 -0.1860008279741E+03
 -0.1857771339538E+03
 -0.1848020370315E+03
 -0.1831900561157E+03
 -0.1826840878383E+03
 -0.1835881748528E+03
 -0.1848698560328E+03
 -0.1860329461313E+03
 -0.1866970062095E+03
 -0.1869671126380E+03
 -0.1867852002097E+03
 -0.1862863657776E+03
 -0.1801375111404E+03
 -0.1787103142864E+03
 -0.1776644138541E+03
 -0.1776743330787E+03
 -0.1779563064011E+03
 -0.1780766150475E+03
 -0.1778884051112E+03
 -0.1772343018689E+03
 -0.1759715011059E+03
 -0.1752973670560E+03
 -0.1762864882069E+03
 -0.1785598674601E+03
 -0.1810403096447E+03
 -0.1831549081039E+03
 -0.1842801710695E+03
 -0.1846578034436E+03
 -0.1845001513542E+03
 -0.1869982768338E+03
 -0.2405193210238E+03
 -0.2405047445302E+03
 -0.2413994768556E+03
 -0.1779835742168E+03
 -0.1822177626877E+03
 -0.1859689577226E+03
 -0.1899217763394E+03
 -0.1918571797129E+03
 -0.1919714099960E+03
 -0.1911943823571E+03
 -0.1896333138593E+03
 -0.1878154868929E+03
 -0.1862429904135E+03
 -0.1852337203020E+03
 -0.1845738971099E+03
 -0.1839941888026E+03
 -0.1830955659453E+03
 -0.1817484328463E+03
 -0.1888045196570E+03
 -0.1879791594457E+03
 -0.1873584006530E+03
 -0.1869790311609E+03
 -0.1866452724790E+03
 -0.1863841133832E+03
 -0.1862433688838E+03
 -0.1861927117238E+03
 -0.1862811739380E+03
 -0.1867467460192E+03
 -0.1876310659975E+03
 -0.1888729308221E+03
 -0.1903188699465E+03
 -0.1916475333800E+03
 -0.1918133753376E+03
 -0.1908634976165E+03
 -0.1889795575396E+03
 -0.1876090758778E+03
 -0.2375973016109E+03
 -0.2374526242524E+03
 -0.2383131348871E+03
 -0.1752271175191E+03
 -0.1808575326607E+03
 -0.1856587108735E+03
 -0.1892045509722E+03
 -0.1915767503474E+03
 -0.1930229343390E+03
 -0.1938843602716E+03
 -0.1942096475547E+03
 -0.1937051083106E+03
 -0.1931586470513E+03
 -0.1920421204848E+03
 -0.1916366898007E+03
 -0.1911830531632E+03
 -0.1905469165761E+03
 -0.1897231378411E+03
 -0.1923007436898E+03
 -0.1920527477426E+03
 -0.1919112481925E+03
 -0.1910261406252E+03
 -0.1906091980197E+03
 -0.1903967423531E+03
 -0.1902809064179E+03
 -0.1902242756265E+03
 -0.1902765740416E+03
 -0.1904843901275E+03
 -0.1908937740321E+03
 -0.1915091551105E+03
 -0.1923409399958E+03
 -0.1933150129816E+03
 -0.1936430302429E+03
 -0.1921532464291E+03
 -0.1899756346116E+03
 -0.1854778044342E+03
 -0.2345444568970E+03
 -0.2342976493286E+03
 -0.2349881692199E+03
 -0.1758391821675E+03
 -0.1809484469640E+03
 -0.1852629214207E+03
 -0.1878389631379E+03
 -0.1894772694692E+03
 -0.1907059058439E+03
 -0.1914104561173E+03
 -0.1918834868938E+03
 -0.1922226524252E+03
 -0.1924564274259E+03
 -0.1925982228621E+03
 -0.1926791272011E+03
 -0.1927236924656E+03
 -0.1926918729457E+03
 -0.1925364982052E+03
 -0.1895384244188E+03
 -0.1895008124756E+03
 -0.1895150248233E+03
 -0.1896039505464E+03
 -0.1896922471076E+03
 -0.1897568738733E+03
 -0.1897693253577E+03
 -0.1897426104560E+03
 -0.1896920946448E+03
 -0.1897348024565E+03
 -0.1898756290299E+03
 -0.1901489637561E+03
 -0.1905734407986E+03
 -0.1910537430562E+03
 -0.1916105282067E+03
 -0.1908411253254E+03
 -0.1890703492704E+03
 -0.1839812797185E+03
 -0.1841499254015E+03
 -0.1841392970258E+03
 -0.1849479401800E+03
 -0.1859197309940E+03
 -0.1884142563703E+03
 -0.1890464815095E+03
 -0.1891228309691E+03
 -0.1896722120085E+03
 -0.1895359052517E+03
 -0.1894751370738E+03
 -0.1897343501791E+03
 -0.1896795477934E+03
 -0.1896326865989E+03
 -0.1896176632415E+03
 -0.1895950822997E+03
 -0.1895535248426E+03
 -0.1898051308890E+03
 -0.1896840139908E+03
 -0.1847675810506E+03
 -0.1851421483881E+03
 -0.1850663756984E+03
 -0.1850191174087E+03
 -0.1850098038280E+03
 -0.1849939887348E+03
 -0.1849349504625E+03
 -0.1848736160525E+03
 -0.1847878634109E+03
 -0.1852236022093E+03
 -0.1852035331781E+03
 -0.1851719741463E+03
 -0.1851698927520E+03
 -0.1852023249901E+03
 -0.1854534394870E+03
 -0.1856483265429E+03
 -0.1849702963702E+03
 -0.1837482594166E+03
 -0.1830750938271E+03
 -0.1827448850458E+03
 -0.1834243817406E+03
 -0.1851547840241E+03
 -0.1865406222507E+03
 -0.1867532973137E+03
 -0.1869700523083E+03
 -0.1870396593787E+03
 -0.1866047667935E+03
 -0.1863500308392E+03
 -0.1861505954885E+03
 -0.1860754600117E+03
 -0.1859865256239E+03
 -0.1859610725858E+03
 -0.1859111827554E+03
 -0.1854284322787E+03
 -0.1851028761239E+03
 -0.1849258215034E+03
 -0.1782390284682E+03
 -0.1781472001791E+03
 -0.1781236793953E+03
 -0.1781153112305E+03
 -0.1781365916071E+03
 -0.1781114651859E+03
 -0.1780201930562E+03
 -0.1780196023889E+03
 -0.1782122375605E+03
 -0.1782218210765E+03
 -0.1778290029091E+03
 -0.1774086865092E+03
 -0.1769551483251E+03
 -0.1764788607133E+03
 -0.1761569443447E+03
 -0.1765051195785E+03
 -0.1766861832317E+03
 -0.1765976237541E+03
 -0.1764027191130E+03
 -0.1766244498807E+03
 -0.1780376435060E+03
 -0.1782213772843E+03
 -0.1784330818922E+03
 -0.1782669469720E+03
 -0.1780110921627E+03
 -0.1775390300694E+03
 -0.1770975536924E+03
 -0.1773070988210E+03
 -0.1780001746223E+03
 -0.1785954647653E+03
 -0.1787241196814E+03
 -0.1786299761308E+03
 -0.1785544531473E+03
 -0.1783178367266E+03
 -0.1780213178361E+03
 -0.1782293582570E+03
 -0.1646580930480E+03
 -0.1645972209778E+03
 -0.1645941374126E+03
 -0.1646162331126E+03
 -0.1649715375714E+03
 -0.1650531904414E+03
 -0.1650806807741E+03
 -0.1650625629047E+03
 -0.1650091632577E+03
 -0.1648987702151E+03
 -0.1646979606085E+03
 -0.1646007064966E+03
 -0.1647899211214E+03
 -0.1647321989969E+03
 -0.1647231709721E+03
 -0.1648097079700E+03
 -0.1648352963515E+03
 -0.1647846846162E+03
 -0.1646033282227E+03
 -0.1643490380611E+03
 -0.1641284350304E+03
 -0.1640646219136E+03
 -0.1641615641714E+03
 -0.1642902648904E+03
 -0.1644410904413E+03
 -0.1645460107867E+03
 -0.1644932307971E+03
 -0.1645737741808E+03
 -0.1647374700915E+03
 -0.1649150980127E+03
 -0.1650824300614E+03
 -0.1651926738855E+03
 -0.1651870438741E+03
 -0.1650906748209E+03
 -0.1649281812003E+03
 -0.1647738580287E+03
 -0.1583805988883E+03
 -0.1585683240669E+03
 -0.1588249052334E+03
 -0.1589368719900E+03
 -0.1609580206128E+03
 -0.1610626408530E+03
 -0.1609242252692E+03
 -0.1604934731902E+03
 -0.1566100763073E+03
 -0.1573421748735E+03
 -0.1562564837445E+03
 -0.1523202151812E+03
 -0.1524844883854E+03
 -0.1525350419986E+03
 -0.1524814769368E+03
 -0.1523087352111E+03
 -0.1519710971276E+03
 -0.1514227199149E+03
 -0.1582227539785E+03
 -0.1559902872174E+03
 -0.1586987408808E+03
 -0.1605896295074E+03
 -0.1670905426251E+03
 -0.1673186137185E+03
 -0.1671729070681E+03
 -0.1666999206089E+03
 -0.1661208549986E+03
 -0.1654713219554E+03
 -0.1651663104611E+03
 -0.1652161430195E+03
 -0.1654900666953E+03
 -0.1657537437822E+03
 -0.1658984098415E+03
 -0.1658777109907E+03
 -0.1657393079027E+03
 -0.1654884375679E+03
  0.0000000000000E+00
  0.1671275234333E-06
  0.3945259507400E-06
  0.5396583799055E-06
  0.5567740534399E-06
  0.0000000000000E+00
  0.6321423826474E-06
  0.6004281700890E-06
  0.3876930312416E-06
  0.1216619845744E-06
  0.0000000000000E+00
  0.0000000000000E+00
  0.0000000000000E+00
  0.0000000000000E+00
  0.0000000000000E+00
  0.0000000000000E+00
  0.0000000000000E+00
  0.0000000000000E+00
  0.0000000000000E+00
  0.0000000000000E+00
  0.0000000000000E+00
  0.0000000000000E+00
  0.0000000000000E+00
  0.0000000000000E+00
  0.0000000000000E+00
  0.0000000000000E+00
  0.0000000000000E+00
  0.0000000000000E+00
  0.0000000000000E+00
  0.0000000000000E+00
  0.0000000000000E+00
  0.0000000000000E+00
  0.0000000000000E+00
  0.0000000000000E+00
  0.0000000000000E+00
  0.0000000000000E+00
  0.3721249650814E-06
  0.0000000000000E+00
  0.0000000000000E+00
  0.0000000000000E+00
  0.7170800028834E-06
  0.1310754075037E-05
  0.1352295350948E-05
  0.1302332138438E-05
  0.1085221357004E-05
  0.0000000000000E+00
  0.0000000000000E+00
  0.0000000000000E+00
  0.0000000000000E+00
  0.0000000000000E+00
  0.0000000000000E+00
  0.0000000000000E+00
  0.0000000000000E+00
  0.0000000000000E+00
  0.0000000000000E+00
  0.0000000000000E+00
  0.0000000000000E+00
  0.0000000000000E+00
  0.0000000000000E+00
  0.0000000000000E+00
  0.0000000000000E+00
  0.0000000000000E+00
  0.0000000000000E+00
  0.0000000000000E+00
  0.0000000000000E+00
  0.0000000000000E+00
  0.0000000000000E+00
  0.0000000000000E+00
  0.0000000000000E+00
  0.0000000000000E+00
  0.0000000000000E+00
  0.2891566963931E-06
  0.4822151451876E-05
  0.5652312766144E-05
  0.5630644695051E-05
  0.3896017818629E-05
  0.2604704434875E-05
  0.4069340487889E-05
  0.4704102025000E-05
  0.5985784957123E-05
  0.6580243373196E-05
  0.6120158303074E-05
  0.0000000000000E+00
  0.0000000000000E+00
  0.0000000000000E+00
  0.0000000000000E+00
  0.0000000000000E+00
  0.0000000000000E+00
  0.0000000000000E+00
  0.0000000000000E+00
  0.0000000000000E+00
  0.0000000000000E+00
  0.0000000000000E+00
  0.0000000000000E+00
  0.0000000000000E+00
  0.0000000000000E+00
  0.0000000000000E+00
  0.0000000000000E+00
  0.0000000000000E+00
  0.0000000000000E+00
  0.0000000000000E+00
  0.0000000000000E+00
  0.0000000000000E+00
  0.0000000000000E+00
  0.0000000000000E+00
  0.0000000000000E+00
  0.2685094079178E-05
  0.4820760259588E-05
  0.1230626465790E-04
  0.1235531026074E-04
  0.1199989626819E-04
  0.1120722340596E-04
  0.8445678361281E-05
  0.8353727597018E-05
  0.9662668548477E-05
  0.1087720576421E-04
  0.1147103873791E-04
  0.1064972797551E-04
  0.3810088246420E-05
  0.0000000000000E+00
  0.0000000000000E+00
  0.0000000000000E+00
  0.0000000000000E+00
  0.0000000000000E+00
  0.0000000000000E+00
  0.0000000000000E+00
  0.0000000000000E+00
  0.0000000000000E+00
  0.0000000000000E+00
  0.0000000000000E+00
  0.0000000000000E+00
  0.0000000000000E+00
  0.0000000000000E+00
  0.0000000000000E+00
  0.0000000000000E+00
  0.0000000000000E+00
  0.0000000000000E+00
  0.0000000000000E+00
  0.0000000000000E+00
  0.0000000000000E+00
  0.2049175142073E-05
  0.6424147004591E-05
  0.1054691820063E-04
  0.1179343104881E-04
  0.1930330627250E-04
  0.1876841299280E-04
  0.1765740448880E-04
  0.1701718680093E-04
  0.1589828346369E-04
  0.1525399726012E-04
  0.1518118286651E-04
  0.1529418469684E-04
  0.1494097737028E-04
  0.1417434875953E-04
  0.1060081836127E-04
  0.2852782478510E-05
  0.0000000000000E+00
  0.0000000000000E+00
  0.0000000000000E+00
  0.0000000000000E+00
  0.0000000000000E+00
  0.0000000000000E+00
  0.0000000000000E+00
  0.0000000000000E+00
  0.0000000000000E+00
  0.0000000000000E+00
  0.0000000000000E+00
  0.0000000000000E+00
  0.0000000000000E+00
  0.0000000000000E+00
  0.0000000000000E+00
  0.0000000000000E+00
  0.0000000000000E+00
  0.0000000000000E+00
  0.0000000000000E+00
  0.0000000000000E+00
  0.8466994430424E-05
  0.1492152837516E-04
  0.1746392865061E-04
  0.1845097412109E-04
  0.2563816837139E-04
  0.2390361507782E-04
  0.2202660767796E-04
  0.2136513641700E-04
  0.2108045800503E-04
  0.2076326521239E-04
  0.2038524590839E-04
  0.1982347475179E-04
  0.1887810423443E-04
  0.1805377685199E-04
  0.1626509865237E-04
  0.1023985817819E-04
  0.4388564599480E-05
  0.0000000000000E+00
  0.0000000000000E+00
  0.0000000000000E+00
  0.0000000000000E+00
  0.0000000000000E+00
  0.0000000000000E+00
  0.0000000000000E+00
  0.0000000000000E+00
  0.0000000000000E+00
  0.0000000000000E+00
  0.0000000000000E+00
  0.0000000000000E+00
  0.0000000000000E+00
  0.0000000000000E+00
  0.0000000000000E+00
  0.0000000000000E+00
  0.0000000000000E+00
  0.0000000000000E+00
  0.0000000000000E+00
  0.1322267533645E-04
  0.2059970940746E-04
  0.2384206495217E-04
  0.2532533891181E-04
  0.2980353599541E-04
  0.2587663577111E-04
  0.2299766011143E-04
  0.2222483874499E-04
  0.2261681257137E-04
  0.2289428243988E-04
  0.2297409013498E-04
  0.2264921974689E-04
  0.2199439233113E-04
  0.2178097904109E-04
  0.2121605560040E-04
  0.1795564587777E-04
  0.1080419551753E-04
  0.0000000000000E+00
  0.0000000000000E+00
  0.0000000000000E+00
  0.0000000000000E+00
  0.0000000000000E+00
  0.0000000000000E+00
  0.7421932953408E-06
  0.3624664707667E-05
  0.3784251678148E-05
  0.0000000000000E+00
  0.0000000000000E+00
  0.0000000000000E+00
  0.0000000000000E+00
  0.0000000000000E+00
  0.0000000000000E+00
  0.0000000000000E+00
  0.0000000000000E+00
  0.0000000000000E+00
  0.0000000000000E+00
  0.1498489084988E-04
  0.2706212842657E-04
  0.3081267008128E-04
  0.3206016916825E-04
  0.2900721724345E-04
  0.2501515775186E-04
  0.2450166050751E-04
  0.2507825066129E-04
  0.2486851085431E-04
  0.2389184751982E-04
  0.2222201047792E-04
  0.1979934965671E-04
  0.1714384071377E-04
  0.1800138364627E-04
  0.2201851020114E-04
  0.2154393973984E-04
  0.1631569705156E-04
  0.1428687894717E-04
  0.1112897923793E-04
  0.0000000000000E+00
  0.0000000000000E+00
  0.5978041715235E-05
  0.7875008598092E-05
  0.9286308379251E-05
  0.1646946649587E-04
  0.1681803787758E-04
  0.1194315102246E-04
  0.9114652746044E-05
  0.8010435699191E-05
  0.8234576683260E-05
  0.1150471163502E-04
  0.1115622149523E-04
  0.1006602642728E-04
  0.0000000000000E+00
  0.0000000000000E+00
  0.0000000000000E+00
  0.2192532184842E-04
  0.3327126886600E-04
  0.3325250193506E-04
  0.3361015245182E-04
  0.3312577930805E-04
  0.3390566353582E-04
  0.3491804956180E-04
  0.3541176349292E-04
  0.3561840501500E-04
  0.3550469400908E-04
  0.3488530352358E-04
  0.3396865436849E-04
  0.3259265855725E-04
  0.3026044864651E-04
  0.2673462028746E-04
  0.1960434928592E-04
  0.2043041503588E-04
  0.1971795061366E-04
  0.1663695628015E-04
  0.0000000000000E+00
  0.0000000000000E+00
  0.8827762462113E-05
  0.1436450590584E-04
  0.1626413818755E-04
  0.2267659681322E-04
  0.2184942432485E-04
  0.1358347861186E-04
  0.1487483074378E-04
  0.1265792902439E-04
  0.1556939342189E-04
  0.1831772130255E-04
  0.1755690690112E-04
  0.1151708426086E-04
  0.0000000000000E+00
  0.0000000000000E+00
  0.0000000000000E+00
  0.2535780557713E-04
  0.2482858280524E-04
  0.2827342680633E-04
  0.3290999424163E-04
  0.3908019313778E-04
  0.3996634622468E-04
  0.4070859876054E-04
  0.4127209877784E-04
  0.4170576592736E-04
  0.4186853329230E-04
  0.4152232102595E-04
  0.4058911590332E-04
  0.3915140281187E-04
  0.3749768533642E-04
  0.3582133213391E-04
  0.3457390142576E-04
  0.2919675223557E-04
  0.2479385702219E-04
  0.2068930160924E-04
  0.2150849295675E-04
  0.0000000000000E+00
  0.1306546049313E-04
  0.1964370140981E-04
  0.0000000000000E+00
  0.2388425720003E-04
  0.2809410826677E-04
  0.3034238557955E-04
  0.2762522313541E-04
  0.2607047703148E-04
  0.2463165503222E-04
  0.2391200564454E-04
  0.2423297474211E-04
  0.2380413452648E-04
  0.0000000000000E+00
  0.0000000000000E+00
  0.0000000000000E+00
  0.2863041278916E-04
  0.3339421187120E-04
  0.3669930177696E-04
  0.3827422517848E-04
  0.4337820717623E-04
  0.4427107343823E-04
  0.4495919435691E-04
  0.4570592882203E-04
  0.4651197530035E-04
  0.4695928682410E-04
  0.4683393092280E-04
  0.4587165642148E-04
  0.4414985240490E-04
  0.4210578603857E-04
  0.4021842935915E-04
  0.3824679886595E-04
  0.3445778968623E-04
  0.0000000000000E+00
  0.2844681816586E-04
  0.2721610978314E-04
  0.0000000000000E+00
  0.0000000000000E+00
  0.2452328268733E-04
  0.2933081187818E-04
  0.3306194644920E-04
  0.3487296609586E-04
  0.3524153240286E-04
  0.3343680114222E-04
  0.2911186956200E-04
  0.3229695395649E-04
  0.3010719084864E-04
  0.3082208044217E-04
  0.2762785686850E-04
  0.2521997622411E-04
  0.0000000000000E+00
  0.0000000000000E+00
  0.3303219273718E-04
  0.3925959934618E-04
  0.4135362757289E-04
  0.4257367871706E-04
  0.4663611007591E-04
  0.4724119076808E-04
  0.4789359191622E-04
  0.4875046020171E-04
  0.4959658037695E-04
  0.5001349114903E-04
  0.4970008616600E-04
  0.4854407304302E-04
  0.4703718446276E-04
  0.4561096903946E-04
  0.4422165923439E-04
  0.4234910917082E-04
  0.3887396443694E-04
  0.3506525288061E-04
  0.3541143237828E-04
  0.2978923762648E-04
  0.0000000000000E+00
  0.0000000000000E+00
  0.2940537111091E-04
  0.3553764961973E-04
  0.3832083952492E-04
  0.4049885270604E-04
  0.4076489053582E-04
  0.3775886938988E-04
  0.0000000000000E+00
  0.2783693435201E-04
  0.3141679891823E-04
  0.3666084833058E-04
  0.3364411568362E-04
  0.3041237745619E-04
  0.0000000000000E+00
  0.0000000000000E+00
  0.3573568816202E-04
  0.4249054934332E-04
  0.4470407111156E-04
  0.4594524186913E-04
  0.4804787466571E-04
  0.4837035827083E-04
  0.4865487706605E-04
  0.4876904049545E-04
  0.4856821305090E-04
  0.4812716077846E-04
  0.4748412903493E-04
  0.4736578211912E-04
  0.4770873663652E-04
  0.4785721288667E-04
  0.4731653188038E-04
  0.4557583498851E-04
  0.4282894422826E-04
  0.3990505763001E-04
  0.3882257568727E-04
  0.3461188230473E-04
  0.0000000000000E+00
  0.0000000000000E+00
  0.2812736631223E-04
  0.4121032885701E-04
  0.4195717145448E-04
  0.4365580801517E-04
  0.4381652007448E-04
  0.4120953542116E-04
  0.0000000000000E+00
  0.0000000000000E+00
  0.0000000000000E+00
  0.3042975134021E-04
  0.3768047164241E-04
  0.3445071953666E-04
  0.0000000000000E+00
  0.0000000000000E+00
  0.3689108832967E-04
  0.4495152884462E-04
  0.4667957309915E-04
  0.4750576352180E-04
  0.4645495929834E-04
  0.4624883103174E-04
  0.4544841180792E-04
  0.4359726296211E-04
  0.4138956190765E-04
  0.3969532176866E-04
  0.4059259767920E-04
  0.4396558553784E-04
  0.4663992552842E-04
  0.4823607793075E-04
  0.4860895914808E-04
  0.4745376207816E-04
  0.4453524941642E-04
  0.4196000273466E-04
  0.4008112972683E-04
  0.3799086206342E-04
  0.0000000000000E+00
  0.0000000000000E+00
  0.0000000000000E+00
  0.3305802723483E-04
  0.4295850333809E-04
  0.4466329950068E-04
  0.4449975137622E-04
  0.4571452132453E-04
  0.3372148476425E-04
  0.0000000000000E+00
  0.0000000000000E+00
  0.0000000000000E+00
  0.3622839895697E-04
  0.3728282242888E-04
  0.0000000000000E+00
  0.0000000000000E+00
  0.3592181338427E-04
  0.4544500075858E-04
  0.4656296970715E-04
  0.4624070319753E-04
  0.3873548302219E-04
  0.3756667257530E-04
  0.3541681696505E-04
  0.3213105755744E-04
  0.2965315850640E-04
  0.3169165761832E-04
  0.3672119107925E-04
  0.4119628106327E-04
  0.4391159850127E-04
  0.4543845221388E-04
  0.4629017089903E-04
  0.4567571333648E-04
  0.4243365432414E-04
  0.4121680389945E-04
  0.4066755086302E-04
  0.4025771407690E-04
  0.0000000000000E+00
  0.0000000000000E+00
  0.0000000000000E+00
  0.3533376563954E-04
  0.4277768017956E-04
  0.4365472627563E-04
  0.4540075014449E-04
  0.4486839711728E-04
  0.3631826991861E-04
  0.3150738093630E-04
  0.0000000000000E+00
  0.0000000000000E+00
  0.3858122372526E-04
  0.3993338209077E-04
  0.0000000000000E+00
  0.3294668960439E-04
  0.4108119731231E-04
  0.4172793243467E-04
  0.4044124753860E-04
  0.3925681825405E-04
  0.3375150479252E-04
  0.3372538766538E-04
  0.3485632348569E-04
  0.3803830554565E-04
  0.4147930348781E-04
  0.4350153767568E-04
  0.4419245888304E-04
  0.4382175023600E-04
  0.4262045361201E-04
  0.4097495279792E-04
  0.3942565713831E-04
  0.3955618004709E-04
  0.3868970930225E-04
  0.3863466770111E-04
  0.4069545497369E-04
  0.3978873370803E-04
  0.0000000000000E+00
  0.0000000000000E+00
  0.0000000000000E+00
  0.3599439389582E-04
  0.4381395118320E-04
  0.4614541250640E-04
  0.4569698463777E-04
  0.4476818083558E-04
  0.3502815774458E-04
  0.2746717127561E-04
  0.3201295442180E-04
  0.0000000000000E+00
  0.3946813594354E-04
  0.4160503389855E-04
  0.3562593213409E-04
  0.3962130780364E-04
  0.3830364152776E-04
  0.3577588652594E-04
  0.3368376494929E-04
  0.3379968278157E-04
  0.4814245062495E-04
  0.4968621984808E-04
  0.5078813387081E-04
  0.5152471198162E-04
  0.5197202266058E-04
  0.5221476153471E-04
  0.5204330387291E-04
  0.5045098284162E-04
  0.4673246218202E-04
  0.4299232221052E-04
  0.3993324856420E-04
  0.3746762825314E-04
  0.3620474520777E-04
  0.3271543659671E-04
  0.4274986732757E-04
  0.3733481876563E-04
  0.0000000000000E+00
  0.0000000000000E+00
  0.0000000000000E+00
  0.3819825675748E-04
  0.4398404291419E-04
  0.4660221799821E-04
  0.4459411865401E-04
  0.4434984643798E-04
  0.3842257375322E-04
  0.3865240388931E-04
  0.3997913399823E-04
  0.0000000000000E+00
  0.0000000000000E+00
  0.3609421875022E-04
  0.4188981042707E-04
  0.4109277502810E-04
  0.4139226946179E-04
  0.4166687621475E-04
  0.4432538662130E-04
  0.4657510853536E-04
  0.5334252703948E-04
  0.5370290502610E-04
  0.5376594839091E-04
  0.5369798736368E-04
  0.5375482405073E-04
  0.5393352086584E-04
  0.5400911360741E-04
  0.5370917745680E-04
  0.5281081811362E-04
  0.5123032623145E-04
  0.4871946545488E-04
  0.4543785771130E-04
  0.4094639288424E-04
  0.1666669365536E-04
  0.4674913516861E-04
  0.4729230586828E-04
  0.0000000000000E+00
  0.0000000000000E+00
  0.0000000000000E+00
  0.3255800806199E-04
  0.4163860685011E-04
  0.3910724890503E-04
  0.3587605170132E-04
  0.3878462799193E-04
  0.3936986187535E-04
  0.3966730222851E-04
  0.3556539871288E-04
  0.2751463521735E-04
  0.0000000000000E+00
  0.3608649226283E-04
  0.4481896157812E-04
  0.4456502897834E-04
  0.4694307735102E-04
  0.4931859247114E-04
  0.5143211364135E-04
  0.5266001412536E-04
  0.5209665377781E-04
  0.5143310351710E-04
  0.5069368019278E-04
  0.5027288849521E-04
  0.5011732787116E-04
  0.4991535602914E-04
  0.4953461748233E-04
  0.4916020915999E-04
  0.4888011366570E-04
  0.4842444465683E-04
  0.4737513289721E-04
  0.4592330147972E-04
  0.4452496935855E-04
  0.3708393556019E-04
  0.4050091756432E-04
  0.4718122299355E-04
  0.0000000000000E+00
  0.0000000000000E+00
  0.0000000000000E+00
  0.4388752718238E-04
  0.4633816074024E-04
  0.3212909552559E-04
  0.4216993054141E-04
  0.2671795813778E-04
  0.2002530778417E-04
  0.2651633681899E-04
  0.3223300605210E-04
  0.4457037973828E-04
  0.0000000000000E+00
  0.3139329150359E-04
  0.4220004270836E-04
  0.4289069142114E-04
  0.4569282984585E-04
  0.4919284185234E-04
  0.5147932176550E-04
  0.5223783429942E-04
  0.4176550245879E-04
  0.4140378333946E-04
  0.4119192900896E-04
  0.4102558456394E-04
  0.4093867207375E-04
  0.4071817455414E-04
  0.4031078994496E-04
  0.4003860555446E-04
  0.3988449966896E-04
  0.3990347746652E-04
  0.4002788971799E-04
  0.4050844376209E-04
  0.4299803079273E-04
  0.4771884893328E-04
  0.3279760567654E-04
  0.3514510128464E-04
  0.0000000000000E+00
  0.0000000000000E+00
  0.0000000000000E+00
  0.4851699331210E-04
  0.4907696783810E-04
  0.4775394982574E-04
  0.4796210482722E-04
  0.4730081489824E-04
  0.4240190236017E-04
  0.4537252368152E-04
  0.4897109578453E-04
  0.5070221181375E-04
  0.4244313260692E-04
  0.4362895876243E-04
  0.3966683380011E-04
  0.3716507270320E-04
  0.3788737793977E-04
  0.4131262280469E-04
  0.4277522736696E-04
  0.4234653518553E-04
  0.4516998404418E-04
  0.4457509020470E-04
  0.4426654855330E-04
  0.4417686503853E-04
  0.4449388216693E-04
  0.4504221791170E-04
  0.4554502704142E-04
  0.4599341065588E-04
  0.4609518346716E-04
  0.4581688747984E-04
  0.4522049409640E-04
  0.4466565043238E-04
  0.4739753245922E-04
  0.5169035787141E-04
  0.5361506122439E-04
  0.3606040125666E-04
  0.0000000000000E+00
  0.0000000000000E+00
  0.0000000000000E+00
  0.5050899470268E-04
  0.4473338079515E-04
  0.4953031233008E-04
  0.0000000000000E+00
  0.4903331182406E-04
  0.5185258767362E-04
  0.5373191990730E-04
  0.5342419517316E-04
  0.5225104139881E-04
  0.4989595671766E-04
  0.5200380135557E-04
  0.4929724418012E-04
  0.4509788762784E-04
  0.4426912924724E-04
  0.4569543141562E-04
  0.4614964663296E-04
  0.4586047426073E-04
  0.5230878978520E-04
  0.5120268563816E-04
  0.4991607792046E-04
  0.4876180543179E-04
  0.4788428962105E-04
  0.4760886947152E-04
  0.4804367892117E-04
  0.4906857750711E-04
  0.5017179019395E-04
  0.5119820488759E-04
  0.5221545364964E-04
  0.5288014780217E-04
  0.5248013806289E-04
  0.4811024816599E-04
  0.5499187406069E-04
  0.6023126104295E-04
  0.4000400544913E-04
  0.3759793952102E-04
  0.4610405970228E-04
  0.5645509646281E-04
  0.4524210940905E-04
  0.4549560269994E-04
  0.0000000000000E+00
  0.5070525217988E-04
  0.5242027143963E-04
  0.5430498204783E-04
  0.5582912813085E-04
  0.5320169173821E-04
  0.5282648923187E-04
  0.5649215423826E-04
  0.5649668590730E-04
  0.5524628806131E-04
  0.5346461998246E-04
  0.5378051184528E-04
  0.5357736963542E-04
  0.5311948765891E-04
  0.5597541791071E-04
  0.5636027105281E-04
  0.5651823405544E-04
  0.5599391549264E-04
  0.5470881444792E-04
  0.5331489544672E-04
  0.5215693227668E-04
  0.5188221294446E-04
  0.5245597640432E-04
  0.5339295741167E-04
  0.5439744659910E-04
  0.5511925851846E-04
  0.5480442070192E-04
  0.5272709068165E-04
  0.4936763957142E-04
  0.4203778919809E-04
  0.4885386445944E-04
  0.5112719615495E-04
  0.5521569884891E-04
  0.5826751741924E-04
  0.5283786817410E-04
  0.0000000000000E+00
  0.4984483814314E-04
  0.5668863690395E-04
  0.5488329753305E-04
  0.5637297297212E-04
  0.5665063800115E-04
  0.5564080107042E-04
  0.5318437636576E-04
  0.5239599319400E-04
  0.5293076422019E-04
  0.5455758425999E-04
  0.5500006476940E-04
  0.5501981982995E-04
  0.5523207679830E-04
  0.5565549094621E-04
  0.5603060365399E-04
  0.5621674629816E-04
  0.5664841415316E-04
  0.5723220902016E-04
  0.5770976276263E-04
  0.5756720643942E-04
  0.5660713955686E-04
  0.5510063947200E-04
  0.5411673219971E-04
  0.5411385570439E-04
  0.5468600961355E-04
  0.5531603186122E-04
  0.5581029500768E-04
  0.5614881313640E-04
  0.5677882033249E-04
  0.5710714529257E-04
  0.5843723642237E-04
  0.5656013914600E-04
  0.5685657630961E-04
  0.5787398029710E-04
  0.5495141265083E-04
  0.0000000000000E+00
  0.4564354158132E-04
  0.5718749891199E-04
  0.5748796095507E-04
  0.5870026501506E-04
  0.5817287378050E-04
  0.5702869425223E-04
  0.5537721545982E-04
  0.5570274097162E-04
  0.5601528253274E-04
  0.5636136120696E-04
  0.5685321099631E-04
  0.5729557878546E-04
  0.5640053925986E-04
  0.5614416290225E-04
  0.5847901841764E-04
  0.5850939505921E-04
  0.5856384869799E-04
  0.5849085492691E-04
  0.5859160216690E-04
  0.5866746976484E-04
  0.5828266140036E-04
  0.5716889193667E-04
  0.5568391917564E-04
  0.5440636520039E-04
  0.5392408830601E-04
  0.5409787408375E-04
  0.5466128995742E-04
  0.5588580612622E-04
  0.5772331931520E-04
  0.5820948526543E-04
  0.5729052016698E-04
  0.5582227583703E-04
  0.5671282870930E-04
  0.5890702310228E-04
  0.5833605010065E-04
  0.4393733336492E-04
  0.5767914571362E-04
  0.5764854562261E-04
  0.5900417765970E-04
  0.5910335974623E-04
  0.5842978667152E-04
  0.5756062069108E-04
  0.5741593101346E-04
  0.5817434228678E-04
  0.5910189634702E-04
  0.5991715873862E-04
  0.6036754235856E-04
  0.6010914905244E-04
  0.5929427631092E-04
  0.5875594161101E-04
  0.5705363038911E-04
  0.5700468081647E-04
  0.5732457253152E-04
  0.5780305123978E-04
  0.5810756977750E-04
  0.5805097705392E-04
  0.5747006227870E-04
  0.5653452360520E-04
  0.5532948778476E-04
  0.5381095568064E-04
  0.5247823669077E-04
  0.5183301211642E-04
  0.5184521568089E-04
  0.5223252392457E-04
  0.5271487827909E-04
  0.5303363780012E-04
  0.5286031536562E-04
  0.5279120333565E-04
  0.5340009247016E-04
  0.5520567485938E-04
  0.5740996395268E-04
  0.4951215649521E-04
  0.5210164516083E-04
  0.5340739807515E-04
  0.5487776021281E-04
  0.5549784189482E-04
  0.5561644617207E-04
  0.5524238920232E-04
  0.5523328290679E-04
  0.5578480672310E-04
  0.5670478797179E-04
  0.5763405218312E-04
  0.5824281372750E-04
  0.5824886144263E-04
  0.5789042031511E-04
  0.5741618990112E-04
  0.5268889779921E-04
  0.5255837352517E-04
  0.5277747073643E-04
  0.5331855271301E-04
  0.5370267111221E-04
  0.5382168524010E-04
  0.5360929998501E-04
  0.5302984580238E-04
  0.5206846529819E-04
  0.5072648745241E-04
  0.4924200537045E-04
  0.4802690159114E-04
  0.4739576904925E-04
  0.4698450545748E-04
  0.4644996763233E-04
  0.4610259810765E-04
  0.4658531953687E-04
  0.4837874845718E-04
  0.4889408772108E-04
  0.5091173148202E-04
  0.5234752264732E-04
  0.2636036467515E-04
  0.3709955577193E-04
  0.4337988551266E-04
  0.4680675464751E-04
  0.4846106503910E-04
  0.4937077833584E-04
  0.4969092248241E-04
  0.5018183736079E-04
  0.5081689564340E-04
  0.5157041688383E-04
  0.5239556931769E-04
  0.5303368386683E-04
  0.5328351807582E-04
  0.5325032017129E-04
  0.5297597830200E-04
  0.4364902096400E-04
  0.4365964586152E-04
  0.4391478480568E-04
  0.4456762331393E-04
  0.4509096949469E-04
  0.4535876489486E-04
  0.4530564061862E-04
  0.4483096723441E-04
  0.4388598344332E-04
  0.4238216352670E-04
  0.3989198146523E-04
  0.3634558574480E-04
  0.3272438607158E-04
  0.3261415706445E-04
  0.3552301392296E-04
  0.3762148402740E-04
  0.4081203091219E-04
  0.4447862509585E-04
  0.4763463874955E-04
  0.5061464064102E-04
  0.5225625114523E-04
  0.6169297137425E-04
  0.5809368254655E-04
  0.4850653250544E-04
  0.4310002114164E-04
  0.4185800888861E-04
  0.4074987262666E-04
  0.3940856687671E-04
  0.3912528997712E-04
  0.4004558088086E-04
  0.4126500437394E-04
  0.4245468679033E-04
  0.4332258226491E-04
  0.4391756917689E-04
  0.4410748205203E-04
  0.4387820404581E-04
  0.3795431138309E-04
  0.3683551202283E-04
  0.3595334828911E-04
  0.3623927267519E-04
  0.3643449183829E-04
  0.3635724061394E-04
  0.3606307458698E-04
  0.3539386618779E-04
  0.3422178168281E-04
  0.3400917109389E-04
  0.3554510757859E-04
  0.3779107598937E-04
  0.3941057670853E-04
  0.4060061615235E-04
  0.4344802058044E-04
  0.4645726190656E-04
  0.4746955966285E-04
  0.4896214935072E-04
  0.0000000000000E+00
  0.0000000000000E+00
  0.0000000000000E+00
  0.5132143901743E-04
  0.7047586271636E-04
  0.6483851601512E-04
  0.5662200347215E-04
  0.5170970071291E-04
  0.4903809250931E-04
  0.4662600986738E-04
  0.4458101057538E-04
  0.4251356198519E-04
  0.4087624934583E-04
  0.3995843744558E-04
  0.3978129198297E-04
  0.3995601542109E-04
  0.3987084311677E-04
  0.3915745651654E-04
  0.4197715517857E-04
  0.4196388692569E-04
  0.4177822717053E-04
  0.4132745323942E-04
  0.4096705716697E-04
  0.4086574511099E-04
  0.4092202947236E-04
  0.4091483831287E-04
  0.4091505300180E-04
  0.4069298760231E-04
  0.4011736332380E-04
  0.3928329485223E-04
  0.3826876610434E-04
  0.3762512254332E-04
  0.3983242436818E-04
  0.4463139353273E-04
  0.4844242394572E-04
  0.4756952686408E-04
  0.0000000000000E+00
  0.0000000000000E+00
  0.0000000000000E+00
  0.4181650310596E-04
  0.6153378828371E-04
  0.6409856070237E-04
  0.6190633330319E-04
  0.5842690910979E-04
  0.5434838786997E-04
  0.5010444977355E-04
  0.4630874021360E-04
  0.4423453326240E-04
  0.4261999433653E-04
  0.4288874587307E-04
  0.4207999891090E-04
  0.4170173037873E-04
  0.4167641982138E-04
  0.4181717657501E-04
  0.3659769734882E-04
  0.3604295319504E-04
  0.3543750265567E-04
  0.3651447777742E-04
  0.3672036377965E-04
  0.3679171779379E-04
  0.3688580851560E-04
  0.3703924011485E-04
  0.3718913191775E-04
  0.3719671515657E-04
  0.3701406798061E-04
  0.3662486623307E-04
  0.3586069455018E-04
  0.3489028760273E-04
  0.3551030510471E-04
  0.4050348982663E-04
  0.4504218003401E-04
  0.4944618457378E-04
  0.0000000000000E+00
  0.0000000000000E+00
  0.0000000000000E+00
  0.3304165651982E-04
  0.4465381129618E-04
  0.4753561743426E-04
  0.5030789791349E-04
  0.5175204897919E-04
  0.5131548116918E-04
  0.5035744536328E-04
  0.4871437988473E-04
  0.4656595896000E-04
  0.4438939253728E-04
  0.4243915392365E-04
  0.4079618936908E-04
  0.3938315075779E-04
  0.3814448321348E-04
  0.3724001807800E-04
  0.3555418779090E-04
  0.3503707518453E-04
  0.3451191467638E-04
  0.3391814304922E-04
  0.3338000386137E-04
  0.3299191843895E-04
  0.3281227419531E-04
  0.3291389000215E-04
  0.3324832703871E-04
  0.3350829111292E-04
  0.3372755973135E-04
  0.3372353990747E-04
  0.3337413373303E-04
  0.3291403896650E-04
  0.3231786615992E-04
  0.3465027756477E-04
  0.3863322102324E-04
  0.4888779002566E-04
  0.4196293718563E-04
  0.3584718406068E-04
  0.2929482670568E-04
  0.2782228550213E-04
  0.2748862044279E-04
  0.2921419716828E-04
  0.3254752720546E-04
  0.3487998473906E-04
  0.3799422133213E-04
  0.4012045430973E-04
  0.4051481576373E-04
  0.4079101358546E-04
  0.4042382503327E-04
  0.3965417328343E-04
  0.3878653760298E-04
  0.3796025724249E-04
  0.3646443004025E-04
  0.3591422835677E-04
  0.3082675420413E-04
  0.2996408530425E-04
  0.2997161230051E-04
  0.2997757505580E-04
  0.2986099601682E-04
  0.2969383801919E-04
  0.2965020008849E-04
  0.2974082542238E-04
  0.2999967928792E-04
  0.2934508674721E-04
  0.2958450533133E-04
  0.2983710615401E-04
  0.2996442199898E-04
  0.2992886235360E-04
  0.2945613747791E-04
  0.2918028919340E-04
  0.3074909623728E-04
  0.3333474802186E-04
  0.3195739700594E-04
  0.2885391737108E-04
  0.2547238473058E-04
  0.2282745209149E-04
  0.2159565170294E-04
  0.2147123355778E-04
  0.2136423768988E-04
  0.2191512779437E-04
  0.2370321450357E-04
  0.2567552709306E-04
  0.2760705054457E-04
  0.2891960866833E-04
  0.2965892237928E-04
  0.2987540536506E-04
  0.2982811231514E-04
  0.3039505699375E-04
  0.3064637825426E-04
  0.3071905184804E-04
  0.2101950766971E-04
  0.2152558390334E-04
  0.2180481065169E-04
  0.2195579730954E-04
  0.2189524311293E-04
  0.2180561958189E-04
  0.2186293084387E-04
  0.2183612684227E-04
  0.2155280413810E-04
  0.2143656035264E-04
  0.2175069512290E-04
  0.2200598935482E-04
  0.2212885900208E-04
  0.2207403941684E-04
  0.2180892029365E-04
  0.2112321756304E-04
  0.2161220033092E-04
  0.2359117355715E-04
  0.2318391541024E-04
  0.2223889330290E-04
  0.1995396395392E-04
  0.1916345975849E-04
  0.1798480375979E-04
  0.1691907840966E-04
  0.1586769215529E-04
  0.1494504932639E-04
  0.1451880261480E-04
  0.1514891345380E-04
  0.1650039003769E-04
  0.1779623352823E-04
  0.1884521070540E-04
  0.1960654650595E-04
  0.2005108995403E-04
  0.2047194419942E-04
  0.2087401767689E-04
  0.2073833584126E-04
  0.1114936722453E-04
  0.1113188905990E-04
  0.1108587754398E-04
  0.1103016822720E-04
  0.1079746951210E-04
  0.1072111941935E-04
  0.1068330324436E-04
  0.1068054129530E-04
  0.1070774614213E-04
  0.1077959380156E-04
  0.1091089317119E-04
  0.1099254148820E-04
  0.1092505923219E-04
  0.1100261592360E-04
  0.1106064425932E-04
  0.1106359904582E-04
  0.1107917026924E-04
  0.1108430244939E-04
  0.1108805680145E-04
  0.1109602716149E-04
  0.1111144687046E-04
  0.1109908442268E-04
  0.1105620970753E-04
  0.1104136841582E-04
  0.1104586901632E-04
  0.1109729872949E-04
  0.1124745434059E-04
  0.1131777011626E-04
  0.1131689975270E-04
  0.1127090712028E-04
  0.1119075707215E-04
  0.1111012229054E-04
  0.1107352806046E-04
  0.1107713529822E-04
  0.1111256682324E-04
  0.1114088284647E-04
  0.6180755016749E-05
  0.6140791035751E-05
  0.6097790779830E-05
  0.6147119246604E-05
  0.5359665707935E-05
  0.5441206572908E-05
  0.5609743202355E-05
  0.5891194672997E-05
  0.7664007427791E-05
  0.7450271792521E-05
  0.8059132242109E-05
  0.1032217389275E-04
  0.1030422858982E-04
  0.1030707331377E-04
  0.1032422714687E-04
  0.1035719711775E-04
  0.1041823652431E-04
  0.1051716302152E-04
  0.6861464466999E-05
  0.7641824360635E-05
  0.6309223803428E-05
  0.5446387722303E-05
  0.3146516251441E-05
  0.3032575222636E-05
  0.3050836758881E-05
  0.3182701482758E-05
  0.3362175438999E-05
  0.3575344186422E-05
  0.3689662268286E-05
  0.3691522906710E-05
  0.3617675652891E-05
  0.3540158319225E-05
  0.3493885756699E-05
  0.3495109929798E-05
  0.3532866380963E-05
  0.3608863751637E-05
  0.2809955541568E-05
  0.3492770426792E-05
  0.3737889731466E-05
  0.3709422157127E-05
  0.3411688139021E-05
  0.2675038684493E-05
  0.3741807428441E-05
  0.4310900778407E-05
  0.4420936355080E-05
  0.4001458240353E-05
  0.2874573202081E-05
  0.2895668784880E-06
  0.0000000000000E+00
  0.0000000000000E+00
  0.0000000000000E+00
  0.0000000000000E+00
  0.0000000000000E+00
  0.0000000000000E+00
  0.0000000000000E+00
  0.0000000000000E+00
  0.0000000000000E+00
  0.0000000000000E+00
  0.0000000000000E+00
  0.0000000000000E+00
  0.0000000000000E+00
  0.0000000000000E+00
  0.0000000000000E+00
  0.0000000000000E+00
  0.0000000000000E+00
  0.0000000000000E+00
  0.0000000000000E+00
  0.0000000000000E+00
  0.1733935874210E-05
  0.3930001528456E-05
  0.4508486894112E-05
  0.4052431208355E-05
  0.4245795502734E-05
  0.1618060438503E-05
  0.9243902765568E-06
  0.1524093326817E-05
  0.3833615345454E-05
  0.4781971163739E-05
  0.5236696103862E-05
  0.5333317305275E-05
  0.4849082915224E-05
  0.3150718159080E-05
  0.4284081298425E-05
  0.4366727173795E-05
  0.3668960078667E-05
  0.1399380551082E-05
  0.0000000000000E+00
  0.0000000000000E+00
  0.0000000000000E+00
  0.0000000000000E+00
  0.0000000000000E+00
  0.0000000000000E+00
  0.0000000000000E+00
  0.0000000000000E+00
  0.0000000000000E+00
  0.0000000000000E+00
  0.0000000000000E+00
  0.0000000000000E+00
  0.0000000000000E+00
  0.0000000000000E+00
  0.0000000000000E+00
  0.0000000000000E+00
  0.0000000000000E+00
  0.0000000000000E+00
  0.1158245556266E-05
  0.4531845944443E-05
  0.5455707064441E-05
  0.5346871582865E-05
  0.9761836849155E-05
  0.9393283121846E-05
  0.9187945477029E-05
  0.8340606103476E-05
  0.7724856416096E-05
  0.8146351695632E-05
  0.8847384177942E-05
  0.9575245779286E-05
  0.9944808123977E-05
  0.9681327304445E-05
  0.7655858053046E-05
  0.5412818809682E-05
  0.4847157604488E-05
  0.2671889875711E-05
  0.0000000000000E+00
  0.0000000000000E+00
  0.0000000000000E+00
  0.0000000000000E+00
  0.0000000000000E+00
  0.0000000000000E+00
  0.0000000000000E+00
  0.0000000000000E+00
  0.0000000000000E+00
  0.0000000000000E+00
  0.0000000000000E+00
  0.0000000000000E+00
  0.0000000000000E+00
  0.0000000000000E+00
  0.0000000000000E+00
  0.0000000000000E+00
  0.0000000000000E+00
  0.0000000000000E+00
  0.1582218937437E-05
  0.5662056388791E-05
  0.7972416205019E-05
  0.9647324419849E-05
  0.1640962319279E-04
  0.1581695547940E-04
  0.1512087556163E-04
  0.1443781238475E-04
  0.1335595145448E-04
  0.1314424202405E-04
  0.1379414584761E-04
  0.1444992772621E-04
  0.1451971955523E-04
  0.1323269398487E-04
  0.1144024412026E-04
  0.6585229034003E-05
  0.2906307754868E-05
  0.0000000000000E+00
  0.0000000000000E+00
  0.0000000000000E+00
  0.0000000000000E+00
  0.0000000000000E+00
  0.0000000000000E+00
  0.0000000000000E+00
  0.0000000000000E+00
  0.0000000000000E+00
  0.0000000000000E+00
  0.0000000000000E+00
  0.0000000000000E+00
  0.0000000000000E+00
  0.0000000000000E+00
  0.0000000000000E+00
  0.0000000000000E+00
  0.0000000000000E+00
  0.0000000000000E+00
  0.0000000000000E+00
  0.3475232650288E-05
  0.9616862028304E-05
  0.1344673879583E-04
  0.1554127156462E-04
  0.2308344473557E-04
  0.2174994398172E-04
  0.2010444909122E-04
  0.1903002956243E-04
  0.1805633057995E-04
  0.1752044126359E-04
  0.1753509933106E-04
  0.1760165506118E-04
  0.1712192337189E-04
  0.1570908908618E-04
  0.1254114617447E-04
  0.8044836685819E-05
  0.3261229675252E-05
  0.0000000000000E+00
  0.0000000000000E+00
  0.0000000000000E+00
  0.0000000000000E+00
  0.0000000000000E+00
  0.0000000000000E+00
  0.0000000000000E+00
  0.0000000000000E+00
  0.0000000000000E+00
  0.0000000000000E+00
  0.0000000000000E+00
  0.0000000000000E+00
  0.0000000000000E+00
  0.0000000000000E+00
  0.0000000000000E+00
  0.0000000000000E+00
  0.0000000000000E+00
  0.0000000000000E+00
  0.0000000000000E+00
  0.4911501467218E-05
  0.1257326523116E-04
  0.1896850382581E-04
  0.2262819404003E-04
  0.2752315084625E-04
  0.2507025006059E-04
  0.2279762285870E-04
  0.2154514989216E-04
  0.2084264237051E-04
  0.2030247322993E-04
  0.1985566381907E-04
  0.1937142677134E-04
  0.1852853943812E-04
  0.1742366610352E-04
  0.1535644192643E-04
  0.1061666449708E-04
  0.4660890676084E-05
  0.0000000000000E+00
  0.0000000000000E+00
  0.0000000000000E+00
  0.0000000000000E+00
  0.0000000000000E+00
  0.0000000000000E+00
  0.0000000000000E+00
  0.0000000000000E+00
  0.9396401258392E-06
  0.7515624707442E-06
  0.0000000000000E+00
  0.0000000000000E+00
  0.0000000000000E+00
  0.0000000000000E+00
  0.0000000000000E+00
  0.0000000000000E+00
  0.0000000000000E+00
  0.0000000000000E+00
  0.0000000000000E+00
  0.6797797681867E-05
  0.1686690899549E-04
  0.2528762772336E-04
  0.2825834146660E-04
  0.2875604367382E-04
  0.2570492572049E-04
  0.2352799101797E-04
  0.2258631398679E-04
  0.2223321627371E-04
  0.2185674287398E-04
  0.2123757418847E-04
  0.2046084034844E-04
  0.1967148148805E-04
  0.1921871279099E-04
  0.1826145672657E-04
  0.1395872764583E-04
  0.5752176579191E-05
  0.0000000000000E+00
  0.0000000000000E+00
  0.0000000000000E+00
  0.0000000000000E+00
  0.0000000000000E+00
  0.0000000000000E+00
  0.0000000000000E+00
  0.4792336525964E-05
  0.8540739950898E-05
  0.5450601343904E-05
  0.0000000000000E+00
  0.0000000000000E+00
  0.0000000000000E+00
  0.1055026384364E-05
  0.1384972799507E-05
  0.0000000000000E+00
  0.0000000000000E+00
  0.0000000000000E+00
  0.0000000000000E+00
  0.9171982483295E-05
  0.2291056724349E-04
  0.3034991097488E-04
  0.3097332937843E-04
  0.2834191768041E-04
  0.2621885479965E-04
  0.2514890926113E-04
  0.2503263060619E-04
  0.2485041698276E-04
  0.2442269528107E-04
  0.2357579129086E-04
  0.2253530441696E-04
  0.2163220763352E-04
  0.2145491608511E-04
  0.2114508595524E-04
  0.1704451454123E-04
  0.8839852601999E-05
  0.0000000000000E+00
  0.0000000000000E+00
  0.0000000000000E+00
  0.0000000000000E+00
  0.0000000000000E+00
  0.0000000000000E+00
  0.3555742438424E-05
  0.1351976561987E-04
  0.1575550877812E-04
  0.1052001635478E-04
  0.3047016779990E-05
  0.7069952117311E-06
  0.2551097007934E-05
  0.6191551450050E-05
  0.7125602817270E-05
  0.0000000000000E+00
  0.0000000000000E+00
  0.0000000000000E+00
  0.0000000000000E+00
  0.1369787645376E-04
  0.2737827309166E-04
  0.3035249963304E-04
  0.3033620850495E-04
  0.3027230404873E-04
  0.2994099400035E-04
  0.2981335844588E-04
  0.3013627272247E-04
  0.3023914110822E-04
  0.3014849234796E-04
  0.2972257013096E-04
  0.2911701324793E-04
  0.2845724906101E-04
  0.2749935276678E-04
  0.2561588571332E-04
  0.2045785406243E-04
  0.1312125506342E-04
  0.3912870822025E-05
  0.0000000000000E+00
  0.0000000000000E+00
  0.0000000000000E+00
  0.5369776276263E-05
  0.6800636160914E-05
  0.7510169360218E-05
  0.1827577815109E-04
  0.1940685408398E-04
  0.1457320686930E-04
  0.9980779455343E-05
  0.6835657726757E-05
  0.8967416557826E-05
  0.1127563627912E-04
  0.1145862089694E-04
  0.9405188455364E-06
  0.0000000000000E+00
  0.0000000000000E+00
  0.0000000000000E+00
  0.1864277215668E-04
  0.2802761054526E-04
  0.2870819605005E-04
  0.3030413090948E-04
  0.3361214640535E-04
  0.3401024709382E-04
  0.3425926371810E-04
  0.3469534495812E-04
  0.3515430719939E-04
  0.3553942547088E-04
  0.3565339390566E-04
  0.3538884816357E-04
  0.3489547950812E-04
  0.3364610802616E-04
  0.3124091067897E-04
  0.2636160323437E-04
  0.1710299673312E-04
  0.8662200864676E-05
  0.2996379786079E-05
  0.0000000000000E+00
  0.0000000000000E+00
  0.8992695816648E-05
  0.1596890060870E-04
  0.8691394576545E-05
  0.2262481372739E-04
  0.2289146656718E-04
  0.2024883870667E-04
  0.1612965881113E-04
  0.1310987420828E-04
  0.1555293677301E-04
  0.1637123973878E-04
  0.1513841791645E-04
  0.4609967163659E-05
  0.0000000000000E+00
  0.0000000000000E+00
  0.0000000000000E+00
  0.2374052409854E-04
  0.3104631008336E-04
  0.3054864026798E-04
  0.3268140330624E-04
  0.3756201962957E-04
  0.3802393558062E-04
  0.3841067998101E-04
  0.3896502781758E-04
  0.3990662279841E-04
  0.4080831565234E-04
  0.4146207817449E-04
  0.4142599315926E-04
  0.4075495148165E-04
  0.3892612556967E-04
  0.3581401285329E-04
  0.3064410985392E-04
  0.2210408591885E-04
  0.1256120807626E-04
  0.1388881131524E-04
  0.0000000000000E+00
  0.0000000000000E+00
  0.5047816948803E-05
  0.2336528719478E-04
  0.1885263971800E-04
  0.2767470095306E-04
  0.2802361877398E-04
  0.2521078222538E-04
  0.1987236676421E-04
  0.1406893585904E-04
  0.2057283571447E-04
  0.1991425647680E-04
  0.1897634873305E-04
  0.1044568980922E-04
  0.0000000000000E+00
  0.0000000000000E+00
  0.0000000000000E+00
  0.2978021828325E-04
  0.3505060999354E-04
  0.3426947953117E-04
  0.3648668311346E-04
  0.4126511505571E-04
  0.4159823482777E-04
  0.4206801135989E-04
  0.4287632423253E-04
  0.4425625644049E-04
  0.4562567332088E-04
  0.4672619268483E-04
  0.4678838943771E-04
  0.4568175984256E-04
  0.4313442094291E-04
  0.3922793811759E-04
  0.3415587249644E-04
  0.2866182277122E-04
  0.2241088221794E-04
  0.2387174139295E-04
  0.6148568715829E-05
  0.0000000000000E+00
  0.2038212826001E-05
  0.2472270706578E-04
  0.2606058056085E-04
  0.2995628605807E-04
  0.3260247603605E-04
  0.2984760651636E-04
  0.2347807001334E-04
  0.9335809497936E-05
  0.1866720680345E-04
  0.1900305589333E-04
  0.2313072371252E-04
  0.1788701100090E-04
  0.6115643843301E-05
  0.0000000000000E+00
  0.1654545583155E-05
  0.3590117877124E-04
  0.3905594324350E-04
  0.3827455233855E-04
  0.4029150686811E-04
  0.4504120675311E-04
  0.4527539134563E-04
  0.4575156577329E-04
  0.4664436821252E-04
  0.4797308130637E-04
  0.4941215089949E-04
  0.5062244642791E-04
  0.5057548148761E-04
  0.4904869122458E-04
  0.4617422645796E-04
  0.4236281302336E-04
  0.3887067099687E-04
  0.3586446390727E-04
  0.2840286634738E-04
  0.2831853585003E-04
  0.1821400329042E-04
  0.2899770474571E-05
  0.2808188084495E-05
  0.2034579503921E-04
  0.3263460859753E-04
  0.3460217122413E-04
  0.3730408893164E-04
  0.3490185601660E-04
  0.2886387660581E-04
  0.1176408381298E-04
  0.1548499930271E-04
  0.1286674144629E-04
  0.2404003267578E-04
  0.2604886328579E-04
  0.1533024170169E-04
  0.0000000000000E+00
  0.8362723412668E-05
  0.3827748670900E-04
  0.4196771745669E-04
  0.4255625636855E-04
  0.4423408610580E-04
  0.4883602224399E-04
  0.4907167370194E-04
  0.4948432077557E-04
  0.5000984281363E-04
  0.5065872854724E-04
  0.5167133788099E-04
  0.5283849604942E-04
  0.5289616704306E-04
  0.5137820710690E-04
  0.4908287870031E-04
  0.4658088340405E-04
  0.4455962694925E-04
  0.4129235342865E-04
  0.3434633547115E-04
  0.3347525625577E-04
  0.3038519068308E-04
  0.9743105526190E-05
  0.2867195098627E-05
  0.1177401135458E-04
  0.3491244230421E-04
  0.4007268841077E-04
  0.4163969437286E-04
  0.3961707488080E-04
  0.3654196049848E-04
  0.2143984397543E-04
  0.1767569379751E-04
  0.1297258819572E-04
  0.1892571072139E-04
  0.3438940725742E-04
  0.2546304172519E-04
  0.3757254387781E-05
  0.1729918345445E-04
  0.4125862191981E-04
  0.4568581183937E-04
  0.4714115686031E-04
  0.4825391489069E-04
  0.5182728899013E-04
  0.5222632218564E-04
  0.5262112488080E-04
  0.5266769727353E-04
  0.5260834261846E-04
  0.5341533665772E-04
  0.5471625262819E-04
  0.5483330160980E-04
  0.5339903593789E-04
  0.5173459504005E-04
  0.5041616717688E-04
  0.4888704394138E-04
  0.4441998681901E-04
  0.3808205453405E-04
  0.3837506575620E-04
  0.3816866681048E-04
  0.1100187963295E-04
  0.2993622711966E-05
  0.8173775298700E-05
  0.3535742059558E-04
  0.4351846593924E-04
  0.4512217932907E-04
  0.4358771789583E-04
  0.4156257947943E-04
  0.2718861741298E-04
  0.2305987020601E-04
  0.1641736341023E-04
  0.1745512631624E-04
  0.4049298396095E-04
  0.3645704249813E-04
  0.1443394166490E-04
  0.3110286022537E-04
  0.4493026139642E-04
  0.4934429402629E-04
  0.5074964536347E-04
  0.5134962861748E-04
  0.5122467663043E-04
  0.5163189408204E-04
  0.5191101753799E-04
  0.5187444242563E-04
  0.5192398430715E-04
  0.5267658332548E-04
  0.5370651731273E-04
  0.5370310602117E-04
  0.5262611085065E-04
  0.5152162522406E-04
  0.5061372121145E-04
  0.4928234906929E-04
  0.4491487159223E-04
  0.3884566620275E-04
  0.4063049282533E-04
  0.4018922868809E-04
  0.9723153732507E-05
  0.3335294695829E-05
  0.7315452055870E-05
  0.3501029886498E-04
  0.4595939114121E-04
  0.4895225952714E-04
  0.4698838818038E-04
  0.4384561291678E-04
  0.3274890348741E-04
  0.2769835614769E-04
  0.2532768135692E-04
  0.1955762611525E-04
  0.4027126502575E-04
  0.4356745681032E-04
  0.2855179747996E-04
  0.3887385472285E-04
  0.4674034422088E-04
  0.5031388743991E-04
  0.5061230578188E-04
  0.5078492407500E-04
  0.4467791051871E-04
  0.4442077451701E-04
  0.4395354303591E-04
  0.4344194460149E-04
  0.4346577402218E-04
  0.4429005612376E-04
  0.4550547427001E-04
  0.4607924927749E-04
  0.4617565782417E-04
  0.4645219144191E-04
  0.4654065255712E-04
  0.4600251071957E-04
  0.4347820319360E-04
  0.3763049956922E-04
  0.4140290252359E-04
  0.3932032630041E-04
  0.1014884638104E-04
  0.5117223415348E-05
  0.7540895226353E-05
  0.3893674195033E-04
  0.4787955876772E-04
  0.5106550337860E-04
  0.4984049239897E-04
  0.4549093085660E-04
  0.3768245157381E-04
  0.3568107983770E-04
  0.3315279929644E-04
  0.2487288090307E-04
  0.3208231462815E-04
  0.4461062569810E-04
  0.3565721376361E-04
  0.4096239992268E-04
  0.4465855902804E-04
  0.4594478922407E-04
  0.4524213045864E-04
  0.4482749650789E-04
  0.3626663187134E-04
  0.3562293100017E-04
  0.3500530226833E-04
  0.3468212896804E-04
  0.3480069984250E-04
  0.3531587213299E-04
  0.3605688301332E-04
  0.3664669569469E-04
  0.3746855135019E-04
  0.3864086668788E-04
  0.3982567992100E-04
  0.4097745500959E-04
  0.4120198997217E-04
  0.3646250474773E-04
  0.4287969707802E-04
  0.3844425038793E-04
  0.1261648177259E-04
  0.8465459274269E-05
  0.8967360705631E-05
  0.4151380146196E-04
  0.4665376944853E-04
  0.4834001715237E-04
  0.4946388741745E-04
  0.4663830970402E-04
  0.4140095403019E-04
  0.4173462034296E-04
  0.3972542619038E-04
  0.3588704458961E-04
  0.3024628666859E-04
  0.4272196729245E-04
  0.3877217802640E-04
  0.3978065655392E-04
  0.3921669957958E-04
  0.3883994510707E-04
  0.3770012115709E-04
  0.3690128538589E-04
  0.3231964524511E-04
  0.3152528390559E-04
  0.3087631709725E-04
  0.3066904825944E-04
  0.3079790103728E-04
  0.3116383726801E-04
  0.3163817176064E-04
  0.3201504081433E-04
  0.3265243927970E-04
  0.3365604495236E-04
  0.3502613788616E-04
  0.3701971584927E-04
  0.3982031608185E-04
  0.4112379969043E-04
  0.4547211392329E-04
  0.3620101039110E-04
  0.1580629146110E-04
  0.1250861776502E-04
  0.1290428498758E-04
  0.4640797116790E-04
  0.4666147489933E-04
  0.4327661217829E-04
  0.4649232884346E-04
  0.4774465762194E-04
  0.4359687888333E-04
  0.4565602992168E-04
  0.4631597472195E-04
  0.4697903387779E-04
  0.3396469256447E-04
  0.4261356802386E-04
  0.4075855991274E-04
  0.3854199828000E-04
  0.3605091928202E-04
  0.3517991391344E-04
  0.3408208147366E-04
  0.3314201686881E-04
  0.3686233844464E-04
  0.3559630826417E-04
  0.3455948721568E-04
  0.3396029639455E-04
  0.3379238751150E-04
  0.3397498108597E-04
  0.3446733467274E-04
  0.3501088001733E-04
  0.3582869776891E-04
  0.3701745064509E-04
  0.3850399709124E-04
  0.4056450908992E-04
  0.4386707176086E-04
  0.4741963839424E-04
  0.4972797209896E-04
  0.3672594389992E-04
  0.1943937198436E-04
  0.1597862526703E-04
  0.2038373561121E-04
  0.5064900318915E-04
  0.4837906673108E-04
  0.4190531142323E-04
  0.4104413815526E-04
  0.5189696762903E-04
  0.5046311242036E-04
  0.5210008738071E-04
  0.5245717970916E-04
  0.5230537242164E-04
  0.4606297924505E-04
  0.4997349364651E-04
  0.4862068034835E-04
  0.4530806066330E-04
  0.4247348129646E-04
  0.4125449566144E-04
  0.3978866030015E-04
  0.3823802614815E-04
  0.5008224589066E-04
  0.4836025427887E-04
  0.4663338038551E-04
  0.4518386611236E-04
  0.4429505781961E-04
  0.4395945823360E-04
  0.4417958087494E-04
  0.4452028287926E-04
  0.4497226372813E-04
  0.4561130276186E-04
  0.4607221950203E-04
  0.4640591842599E-04
  0.4722772542535E-04
  0.4855010586487E-04
  0.5384447753564E-04
  0.4633408952031E-04
  0.2266723752349E-04
  0.2314567157960E-04
  0.3209746886278E-04
  0.5424632395419E-04
  0.4907559219357E-04
  0.4047719749137E-04
  0.3382016021941E-04
  0.5403748442205E-04
  0.5662132219121E-04
  0.5683304376991E-04
  0.5621626793033E-04
  0.5406410887206E-04
  0.5269758920183E-04
  0.5741037689823E-04
  0.5879242463801E-04
  0.5718156367872E-04
  0.5586665483455E-04
  0.5499563998300E-04
  0.5357350152946E-04
  0.5185724758775E-04
  0.6446606127841E-04
  0.6362068833019E-04
  0.6204535631681E-04
  0.5992336148911E-04
  0.5796777557960E-04
  0.5630296338122E-04
  0.5498589212200E-04
  0.5387014533781E-04
  0.5297292930188E-04
  0.5237482748618E-04
  0.5162000828270E-04
  0.5047042303394E-04
  0.4876822420524E-04
  0.4650606669479E-04
  0.4915590731190E-04
  0.5481677768475E-04
  0.3284284729554E-04
  0.3377148580139E-04
  0.4243442856035E-04
  0.5529841350705E-04
  0.4936644425165E-04
  0.3544903235402E-04
  0.3743350944014E-04
  0.5525744144938E-04
  0.6064475157897E-04
  0.5870998861207E-04
  0.5766762484554E-04
  0.5526350118704E-04
  0.5478472274107E-04
  0.5928902328995E-04
  0.6274151078913E-04
  0.6378451702302E-04
  0.6495678671816E-04
  0.6600643456945E-04
  0.6576094384989E-04
  0.6521832811169E-04
  0.6766130036978E-04
  0.6832947704107E-04
  0.6847809979529E-04
  0.6751281841282E-04
  0.6588552713793E-04
  0.6360419116098E-04
  0.6070206491704E-04
  0.5797132985825E-04
  0.5589053688484E-04
  0.5447517354228E-04
  0.5332773748044E-04
  0.5218500805554E-04
  0.5038319459981E-04
  0.4707513256003E-04
  0.4336822916469E-04
  0.4634788789433E-04
  0.4325773126764E-04
  0.4235110405667E-04
  0.4232343757444E-04
  0.5162042621661E-04
  0.5054760815858E-04
  0.2716807306355E-04
  0.4703317349996E-04
  0.5821724942194E-04
  0.5991845337305E-04
  0.5832504117624E-04
  0.5722521605637E-04
  0.5478426179112E-04
  0.5334864520216E-04
  0.5568148511533E-04
  0.5907081848420E-04
  0.6126869635151E-04
  0.6377292319077E-04
  0.6615042212653E-04
  0.6686366280396E-04
  0.6729405504334E-04
  0.6216952465303E-04
  0.6311439999284E-04
  0.6442595226104E-04
  0.6555012147883E-04
  0.6589936486746E-04
  0.6502439043231E-04
  0.6258340454005E-04
  0.5946957843823E-04
  0.5663831350974E-04
  0.5447230464664E-04
  0.5293010012787E-04
  0.5175959569012E-04
  0.5043684216834E-04
  0.4844765823435E-04
  0.4655127926488E-04
  0.4872568840206E-04
  0.4673218965913E-04
  0.4459115280044E-04
  0.4366445882943E-04
  0.4787986376750E-04
  0.4930272134322E-04
  0.2770395399678E-04
  0.4835532856932E-04
  0.5454932265285E-04
  0.5568639300118E-04
  0.5601068231474E-04
  0.5548614603709E-04
  0.5337195046246E-04
  0.5147565607955E-04
  0.5232686861804E-04
  0.5454238033022E-04
  0.5624211181608E-04
  0.5834840192628E-04
  0.6043107031609E-04
  0.6129120148580E-04
  0.6177952264442E-04
  0.5591260740376E-04
  0.5632072377028E-04
  0.5738753120086E-04
  0.5913174930067E-04
  0.6084111130974E-04
  0.6185845103311E-04
  0.6144584402077E-04
  0.5957726721507E-04
  0.5690690664477E-04
  0.5407067310480E-04
  0.5180510172223E-04
  0.5010589468160E-04
  0.4851185879092E-04
  0.4661671709066E-04
  0.4543300518614E-04
  0.4711328430766E-04
  0.4604112939909E-04
  0.4355459758128E-04
  0.4122520351219E-04
  0.4349831723573E-04
  0.4551921737636E-04
  0.3786740069463E-04
  0.4719723952324E-04
  0.4991573001016E-04
  0.5097223751426E-04
  0.5213165084297E-04
  0.5238907128847E-04
  0.5119495930570E-04
  0.4961567520014E-04
  0.4966907157064E-04
  0.5095357385741E-04
  0.5205872719973E-04
  0.5346906398504E-04
  0.5468001801460E-04
  0.5535869432311E-04
  0.5575842570196E-04
  0.5038560616504E-04
  0.5035775353051E-04
  0.5078056940750E-04
  0.5196761276490E-04
  0.5349925997592E-04
  0.5495341893667E-04
  0.5598465044420E-04
  0.5596981725682E-04
  0.5471507030864E-04
  0.5243976045900E-04
  0.4994228494265E-04
  0.4771967933628E-04
  0.4582255888829E-04
  0.4422183230237E-04
  0.4331074437689E-04
  0.4371882896228E-04
  0.4277047476136E-04
  0.4095208458747E-04
  0.3710016164193E-04
  0.3808109398487E-04
  0.3971003546973E-04
  0.4150112815368E-04
  0.4552147412445E-04
  0.4541320844956E-04
  0.4610957018526E-04
  0.4714463330468E-04
  0.4789210993865E-04
  0.4772092960559E-04
  0.4686931735986E-04
  0.4666511233848E-04
  0.4722525246321E-04
  0.4776617314944E-04
  0.4862474690211E-04
  0.4933251790667E-04
  0.4990350781522E-04
  0.5029745599716E-04
  0.4538042071368E-04
  0.4524287252367E-04
  0.4523428188849E-04
  0.4568860810832E-04
  0.4651386230000E-04
  0.4747089231036E-04
  0.4849554761656E-04
  0.4918842449129E-04
  0.4909402688527E-04
  0.4801592546020E-04
  0.4628546484450E-04
  0.4403255077934E-04
  0.4186832607061E-04
  0.4049100361764E-04
  0.4011540659978E-04
  0.4017554418722E-04
  0.3941083983846E-04
  0.3774220056127E-04
  0.3238441019007E-04
  0.3176500948526E-04
  0.3452715612513E-04
  0.3932911443329E-04
  0.4482369514297E-04
  0.4306666114899E-04
  0.4244635699669E-04
  0.4259198437429E-04
  0.4311773783257E-04
  0.4335249386934E-04
  0.4321839309939E-04
  0.4324386101934E-04
  0.4337316180653E-04
  0.4346786006108E-04
  0.4385310604822E-04
  0.4423957857081E-04
  0.4474348947735E-04
  0.4524074574268E-04
  0.4016596686563E-04
  0.4005530357330E-04
  0.3986334785675E-04
  0.3986888756156E-04
  0.4020165424656E-04
  0.4068062684865E-04
  0.4116926778338E-04
  0.4178274202540E-04
  0.4201147723249E-04
  0.4165561744136E-04
  0.4074400580897E-04
  0.3893324064999E-04
  0.3669947775396E-04
  0.3570261065033E-04
  0.3642800253379E-04
  0.3746158615707E-04
  0.3753606059018E-04
  0.3559018637530E-04
  0.2696777446761E-04
  0.2332384778798E-04
  0.2862477988902E-04
  0.4278271098987E-04
  0.5005672457654E-04
  0.4575228862895E-04
  0.4208219645902E-04
  0.4030498951265E-04
  0.3971490816010E-04
  0.3940059701306E-04
  0.3914718464260E-04
  0.3926140089507E-04
  0.3920405082480E-04
  0.3898683339234E-04
  0.3900156100543E-04
  0.3917991391562E-04
  0.3954067683932E-04
  0.3998378689607E-04
  0.3714579544164E-04
  0.3688418698090E-04
  0.3651234875897E-04
  0.3631044808588E-04
  0.3627806338011E-04
  0.3637097963993E-04
  0.3640947446384E-04
  0.3658239564012E-04
  0.3670697091334E-04
  0.3671569217156E-04
  0.3688832615693E-04
  0.3671716403382E-04
  0.3581483105670E-04
  0.3529235257846E-04
  0.3627986254074E-04
  0.3826660979765E-04
  0.3916906537306E-04
  0.3697003158861E-04
  0.1538805497960E-04
  0.1119458592358E-04
  0.1824502944934E-04
  0.4400458537147E-04
  0.5610562135667E-04
  0.5373797195620E-04
  0.4855255845059E-04
  0.4514942420970E-04
  0.4307696773793E-04
  0.4152819079110E-04
  0.4019163416743E-04
  0.3926416129735E-04
  0.3848234611035E-04
  0.3765966010422E-04
  0.3714444241008E-04
  0.3694388175415E-04
  0.3700535898220E-04
  0.3716545462899E-04
  0.3698070362143E-04
  0.3679745243540E-04
  0.3652267362104E-04
  0.3623169220118E-04
  0.3599321408858E-04
  0.3586996939382E-04
  0.3580039226482E-04
  0.3581474722763E-04
  0.3601312372676E-04
  0.3612019430495E-04
  0.3618741518120E-04
  0.3605984653230E-04
  0.3536348324474E-04
  0.3475061562062E-04
  0.3537818726666E-04
  0.3791638802000E-04
  0.4055512297172E-04
  0.3910141838646E-04
  0.1495631851557E-04
  0.9127614112627E-05
  0.1347500188404E-04
  0.4365786396557E-04
  0.5561206165126E-04
  0.5667031198198E-04
  0.5339737989998E-04
  0.5060814411444E-04
  0.4799253757315E-04
  0.4534720701715E-04
  0.4296294726461E-04
  0.4120076468026E-04
  0.3993154572903E-04
  0.3874205959508E-04
  0.3777440692162E-04
  0.3716920339963E-04
  0.3691348761990E-04
  0.3694301314570E-04
  0.3684714212593E-04
  0.3641188587069E-04
  0.3594969634654E-04
  0.3586065512694E-04
  0.3563731218776E-04
  0.3546474726137E-04
  0.3538217602869E-04
  0.3539092157527E-04
  0.3548372429015E-04
  0.3557917070458E-04
  0.3566175739956E-04
  0.3559579760407E-04
  0.3523456110821E-04
  0.3489418797148E-04
  0.3527439175546E-04
  0.3746663425000E-04
  0.4120310039854E-04
  0.4322083602756E-04
  0.1873160486907E-04
  0.1353961341793E-04
  0.1635981755470E-04
  0.3666098054417E-04
  0.4536447257092E-04
  0.4902309662156E-04
  0.4914782825852E-04
  0.4907132312739E-04
  0.4850706253013E-04
  0.4706827724785E-04
  0.4534959176508E-04
  0.4354688644707E-04
  0.4185135556775E-04
  0.4038485808480E-04
  0.3914950639975E-04
  0.3820709779139E-04
  0.3754417102673E-04
  0.3715501199273E-04
  0.3651931242767E-04
  0.3601002812094E-04
  0.3551727468771E-04
  0.3509942847633E-04
  0.3466386681564E-04
  0.3440116411638E-04
  0.3430847456177E-04
  0.3439606522105E-04
  0.3452240133599E-04
  0.3467475535453E-04
  0.3485053283197E-04
  0.3495701076873E-04
  0.3500294767742E-04
  0.3493636486490E-04
  0.3523348466387E-04
  0.3665927209271E-04
  0.3980980180548E-04
  0.4457657867323E-04
  0.3167400564169E-04
  0.2851389934071E-04
  0.2568660470806E-04
  0.2943301714692E-04
  0.3168499507810E-04
  0.3470174041534E-04
  0.3696892813186E-04
  0.3895503421107E-04
  0.4092875218160E-04
  0.4207853537852E-04
  0.4228231236584E-04
  0.4190593942563E-04
  0.4098471639017E-04
  0.3993144195502E-04
  0.3888718389308E-04
  0.3806288160622E-04
  0.3732797160712E-04
  0.3688631082577E-04
  0.3351114724581E-04
  0.3317097179853E-04
  0.3291651915564E-04
  0.3266377109652E-04
  0.3236409218411E-04
  0.3214835682382E-04
  0.3208311175404E-04
  0.3216897787584E-04
  0.3229530560072E-04
  0.3226147344178E-04
  0.3241891609519E-04
  0.3259430216058E-04
  0.3277649664921E-04
  0.3294806532588E-04
  0.3319301023048E-04
  0.3399089072540E-04
  0.3581797401805E-04
  0.3830315511289E-04
  0.3377310087475E-04
  0.3018179822102E-04
  0.2672936358876E-04
  0.2551063659124E-04
  0.2519906160093E-04
  0.2624637416090E-04
  0.2750836529294E-04
  0.2894808055876E-04
  0.3086802117128E-04
  0.3279034464328E-04
  0.3408202412380E-04
  0.3470754314862E-04
  0.3470592112141E-04
  0.3433453275627E-04
  0.3390406448774E-04
  0.3376185179712E-04
  0.3368601484114E-04
  0.3360306975439E-04
  0.2629032809414E-04
  0.2647493380205E-04
  0.2651661531838E-04
  0.2646692514679E-04
  0.2631672205881E-04
  0.2614159970641E-04
  0.2602715207063E-04
  0.2596574122072E-04
  0.2590567102343E-04
  0.2587949987790E-04
  0.2598380499403E-04
  0.2610027753109E-04
  0.2622526723100E-04
  0.2635357840020E-04
  0.2653625403641E-04
  0.2699236026000E-04
  0.2822160108329E-04
  0.2961819059669E-04
  0.2793035351644E-04
  0.2542742925500E-04
  0.2329912784284E-04
  0.2186808044628E-04
  0.2093176079421E-04
  0.2056151210727E-04
  0.2051029137339E-04
  0.2076662091444E-04
  0.2155679947637E-04
  0.2278935916627E-04
  0.2405710496705E-04
  0.2496505997466E-04
  0.2544418053206E-04
  0.2566723861408E-04
  0.2577469961188E-04
  0.2594814047497E-04
  0.2614108622136E-04
  0.2622122141229E-04
  0.1669131907842E-04
  0.1685383172360E-04
  0.1690426512376E-04
  0.1685127252114E-04
  0.1670637341009E-04
  0.1651020504571E-04
  0.1632473416946E-04
  0.1620362555958E-04
  0.1614461958088E-04
  0.1615078645872E-04
  0.1614103855121E-04
  0.1611702232222E-04
  0.1613340046563E-04
  0.1625495570403E-04
  0.1651141790199E-04
  0.1699448584718E-04
  0.1776266257246E-04
  0.1855005222954E-04
  0.1865429553342E-04
  0.1801536938820E-04
  0.1697003010640E-04
  0.1579363719260E-04
  0.1472065993731E-04
  0.1392225611203E-04
  0.1350044499349E-04
  0.1351215655477E-04
  0.1390824056498E-04
  0.1453836696291E-04
  0.1522724856061E-04
  0.1578267004133E-04
  0.1608839838254E-04
  0.1619479917878E-04
  0.1622242083620E-04
  0.1628113512002E-04
  0.1638022677455E-04
  0.1651198819654E-04
  0.8032957039707E-05
  0.8185348484343E-05
  0.8428866566399E-05
  0.8811832623632E-05
  0.9394448896398E-05
  0.9831835938188E-05
  0.1020115053174E-04
  0.1054393443896E-04
  0.1085623733749E-04
  0.1144727851586E-04
  0.1181205747387E-04
  0.1202986088765E-04
  0.1215445279961E-04
  0.1222082579651E-04
  0.1223926101038E-04
  0.1219564366522E-04
  0.1204359807285E-04
  0.1169256902995E-04
  0.1101152978479E-04
  0.9876277040180E-05
  0.8946600672107E-05
  0.8239428259713E-05
  0.7753040291821E-05
  0.7463851212370E-05
  0.7344117124540E-05
  0.7358743582662E-05
  0.7461413451874E-05
  0.7602663971138E-05
  0.7729763399068E-05
  0.7811728557154E-05
  0.7844592808984E-05
  0.7846570139272E-05
  0.7841453189878E-05
  0.7848615393678E-05
  0.7878225936178E-05
  0.7937273124486E-05
  0.2729523154164E-03
  0.2729523154164E-03
  0.2729523154164E-03
  0.2729523154164E-03
  0.2729523154164E-03
  0.2729523154164E-03
  0.2729523154164E-03
  0.2729523154164E-03
  0.2729523154164E-03
  0.2729523154164E-03
  0.2729523154164E-03
  0.2729523154164E-03
  0.2729523154164E-03
  0.2729523154164E-03
  0.2729523154164E-03
  0.2729523154164E-03
  0.2729523154164E-03
  0.2729523154164E-03
  0.2729523154164E-03
  0.2729523154164E-03
  0.2729523154164E-03
  0.2729523154164E-03
  0.2729523154164E-03
  0.2729523154164E-03
  0.2729523154164E-03
  0.2729523154164E-03
  0.2729523154164E-03
  0.2729523154164E-03
  0.2729523154164E-03
  0.2729523154164E-03
  0.2729523154164E-03
  0.2729523154164E-03
  0.2729523154164E-03
  0.2729523154164E-03
  0.2729523154164E-03
  0.2729523154164E-03
  0.2729523154164E-03
  0.2729523154164E-03
  0.2729523154164E-03
  0.2729523154164E-03
  0.2729523154164E-03
  0.2729523154164E-03
  0.2729523154164E-03
  0.2729523154164E-03
  0.2729523154164E-03
  0.2729523154164E-03
  0.2729523154164E-03
  0.2729523154164E-03
  0.2729523154164E-03
  0.2729523154164E-03
  0.2729523154164E-03
  0.2729523154164E-03
  0.2729523154164E-03
  0.2729523154164E-03
  0.2729523154164E-03
  0.2729523154164E-03
  0.2729523154164E-03
  0.2729523154164E-03
  0.2729523154164E-03
  0.2729523154164E-03
  0.2729523154164E-03
  0.2729523154164E-03
  0.2729523154164E-03
  0.2729523154164E-03
  0.2729523154164E-03
  0.2729523154164E-03
  0.2729523154164E-03
  0.2729523154164E-03
  0.2729523154164E-03
  0.2729523154164E-03
  0.2729523154164E-03
  0.2729523154164E-03
  0.2729523154164E-03
  0.2729523154164E-03
  0.2729523154164E-03
  0.2729523154164E-03
  0.2729523154164E-03
  0.2729523154164E-03
  0.2729523154164E-03
  0.2729523154164E-03
  0.2729523154164E-03
  0.2729523154164E-03
  0.2729523154164E-03
  0.2729523154164E-03
  0.2729523154164E-03
  0.2729523154164E-03
  0.2729523154164E-03
  0.2729523154164E-03
  0.2729523154164E-03
  0.2729523154164E-03
  0.2729523154164E-03
  0.2729523154164E-03
  0.2729523154164E-03
  0.2729523154164E-03
  0.2729523154164E-03
  0.2729523154164E-03
  0.2729523154164E-03
  0.2729523154164E-03
  0.2729523154164E-03
  0.2729523154164E-03
  0.2729523154164E-03
  0.2729523154164E-03
  0.2729523154164E-03
  0.2729523154164E-03
  0.2729523154164E-03
  0.2729523154164E-03
  0.2729523154164E-03
  0.2729523154164E-03
  0.2729523154164E-03
  0.2729523154164E-03
  0.2729523154164E-03
  0.2729523154164E-03
  0.2729523154164E-03
  0.2729523154164E-03
  0.2729523154164E-03
  0.2729523154164E-03
  0.2729523154164E-03
  0.2729523154164E-03
  0.2729523154164E-03
  0.2729523154164E-03
  0.2729523154164E-03
  0.2729523154164E-03
  0.2729523154164E-03
  0.2729523154164E-03
  0.2729523154164E-03
  0.2729523154164E-03
  0.2729523154164E-03
  0.2729523154164E-03
  0.2729523154164E-03
  0.2729523154164E-03
  0.2729523154164E-03
  0.2729523154164E-03
  0.2729523154164E-03
  0.2729523154164E-03
  0.2729523154164E-03
  0.2729523154164E-03
  0.2729523154164E-03
  0.2729523154164E-03
  0.2729523154164E-03
  0.2729523154164E-03
  0.2729523154164E-03
  0.2729523154164E-03
  0.2729523154164E-03
  0.2729523154164E-03
  0.2729523154164E-03
  0.2729523154164E-03
  0.2729523154164E-03
  0.2729523154164E-03
  0.2729523154164E-03
  0.2729523154164E-03
  0.2729523154164E-03
  0.2729523154164E-03
  0.2729523154164E-03
  0.2729523154164E-03
  0.2729523154164E-03
  0.2729523154164E-03
  0.2729523154164E-03
  0.2729523154164E-03
  0.2729523154164E-03
  0.2729523154164E-03
  0.2729523154164E-03
  0.2729523154164E-03
  0.2729523154164E-03
  0.2729523154164E-03
  0.2729523154164E-03
  0.2729523154164E-03
  0.2729523154164E-03
  0.2729523154164E-03
  0.2729523154164E-03
  0.2729523154164E-03
  0.2729523154164E-03
  0.2729523154164E-03
  0.2729523154164E-03
  0.2729523154164E-03
  0.2729523154164E-03
  0.2729523154164E-03
  0.2729523154164E-03
  0.2729523154164E-03
  0.2729523154164E-03
  0.2729523154164E-03
  0.2729523154164E-03
  0.2729523154164E-03
  0.2729523154164E-03
  0.2729523154164E-03
  0.2729523154164E-03
  0.2729523154164E-03
  0.2729523154164E-03
  0.2729523154164E-03
  0.2729523154164E-03
  0.2729523154164E-03
  0.2729523154164E-03
  0.2729523154164E-03
  0.2729523154164E-03
  0.2729523154164E-03
  0.2729523154164E-03
  0.2729523154164E-03
  0.2729523154164E-03
  0.2729523154164E-03
  0.2729523154164E-03
  0.2729523154164E-03
  0.2729523154164E-03
  0.2729523154164E-03
  0.2729523154164E-03
  0.2729523154164E-03
  0.2729523154164E-03
  0.2729523154164E-03
  0.2729523154164E-03
  0.2729523154164E-03
  0.2729523154164E-03
  0.2729523154164E-03
  0.2729523154164E-03
  0.2729523154164E-03
  0.2729523154164E-03
  0.2729523154164E-03
  0.2729523154164E-03
  0.2729523154164E-03
  0.2729523154164E-03
  0.2729523154164E-03
  0.2729523154164E-03
  0.2729523154164E-03
  0.2729523154164E-03
  0.2729523154164E-03
  0.2729523154164E-03
  0.2729523154164E-03
  0.2729523154164E-03
  0.2729523154164E-03
  0.2729523154164E-03
  0.2729523154164E-03
  0.2729523154164E-03
  0.2729523154164E-03
  0.2729523154164E-03
  0.2729523154164E-03
  0.2729523154164E-03
  0.2729523154164E-03
  0.2729523154164E-03
  0.2729523154164E-03
  0.2729523154164E-03
  0.2729523154164E-03
  0.2729523154164E-03
  0.2729523154164E-03
  0.2729523154164E-03
  0.2729523154164E-03
  0.2729523154164E-03
  0.2729523154164E-03
  0.2729523154164E-03
  0.2729523154164E-03
  0.2729523154164E-03
  0.2729523154164E-03
  0.2729523154164E-03
  0.2729523154164E-03
  0.2729523154164E-03
  0.2729523154164E-03
  0.2729523154164E-03
  0.2729523154164E-03
  0.2729523154164E-03
  0.2729523154164E-03
  0.2729523154164E-03
  0.2729523154164E-03
  0.2729523154164E-03
  0.2729523154164E-03
  0.2729523154164E-03
  0.2729523154164E-03
  0.2729523154164E-03
  0.2729523154164E-03
  0.2729523154164E-03
  0.2729523154164E-03
  0.2729523154164E-03
  0.2729523154164E-03
  0.2729523154164E-03
  0.2729523154164E-03
  0.2729523154164E-03
  0.2729523154164E-03
  0.2729523154164E-03
  0.2729523154164E-03
  0.2729523154164E-03
  0.2729523154164E-03
  0.2729523154164E-03
  0.2729523154164E-03
  0.2729523154164E-03
  0.2729523154164E-03
  0.2729523154164E-03
  0.2729523154164E-03
  0.2729523154164E-03
  0.2729523154164E-03
  0.2729523154164E-03
  0.2729523154164E-03
  0.2729523154164E-03
  0.2729523154164E-03
  0.2729523154164E-03
  0.2729523154164E-03
  0.2729523154164E-03
  0.2729523154164E-03
  0.2729523154164E-03
  0.2729523154164E-03
  0.2729523154164E-03
  0.2729523154164E-03
  0.2729523154164E-03
  0.2729523154164E-03
  0.2729523154164E-03
  0.2729523154164E-03
  0.2729523154164E-03
  0.2729523154164E-03
  0.2729523154164E-03
  0.2729523154164E-03
  0.2729523154164E-03
  0.2729523154164E-03
  0.2729523154164E-03
  0.2729523154164E-03
  0.2729523154164E-03
  0.2729523154164E-03
  0.2729523154164E-03
  0.2729523154164E-03
  0.2729523154164E-03
  0.2729523154164E-03
  0.2729523154164E-03
  0.2729523154164E-03
  0.2729523154164E-03
  0.2729523154164E-03
  0.2729523154164E-03
  0.2729523154164E-03
  0.2729523154164E-03
  0.2729523154164E-03
  0.2729523154164E-03
  0.2729523154164E-03
  0.2729523154164E-03
  0.2729523154164E-03
  0.2729523154164E-03
  0.2729523154164E-03
  0.2729523154164E-03
  0.2729523154164E-03
  0.2729523154164E-03
  0.2729523154164E-03
  0.2729523154164E-03
  0.2729523154164E-03
  0.2729523154164E-03
  0.2729523154164E-03
  0.2729523154164E-03
  0.2729523154164E-03
  0.2729523154164E-03
  0.2729523154164E-03
  0.2729523154164E-03
  0.2729523154164E-03
  0.2729523154164E-03
  0.2729523154164E-03
  0.2729523154164E-03
  0.2729523154164E-03
  0.2729523154164E-03
  0.2729523154164E-03
  0.2729523154164E-03
  0.2729523154164E-03
  0.2729523154164E-03
  0.2729523154164E-03
  0.2729523154164E-03
  0.2729523154164E-03
  0.2729523154164E-03
  0.2729523154164E-03
  0.2729523154164E-03
  0.2729523154164E-03
  0.2729523154164E-03
  0.2729523154164E-03
  0.2729523154164E-03
  0.2729523154164E-03
  0.2729523154164E-03
  0.2729523154164E-03
  0.2729523154164E-03
  0.2729523154164E-03
  0.2729523154164E-03
  0.2729523154164E-03
  0.2729523154164E-03
  0.2729523154164E-03
  0.2729523154164E-03
  0.2729523154164E-03
  0.2729523154164E-03
  0.2729523154164E-03
  0.2729523154164E-03
  0.2729523154164E-03
  0.2729523154164E-03
  0.2729523154164E-03
  0.2729523154164E-03
  0.2729523154164E-03
  0.2729523154164E-03
  0.2729523154164E-03
  0.2729523154164E-03
  0.2729523154164E-03
  0.2729523154164E-03
  0.2729523154164E-03
  0.2729523154164E-03
  0.2729523154164E-03
  0.2729523154164E-03
  0.2729523154164E-03
  0.2729523154164E-03
  0.2729523154164E-03
  0.2729523154164E-03
  0.2729523154164E-03
  0.2729523154164E-03
  0.2729523154164E-03
  0.2729523154164E-03
  0.2729523154164E-03
  0.2729523154164E-03
  0.2729523154164E-03
  0.2729523154164E-03
  0.2729523154164E-03
  0.2729523154164E-03
  0.2729523154164E-03
  0.2729523154164E-03
  0.2729523154164E-03
  0.2729523154164E-03
  0.2729523154164E-03
  0.2729523154164E-03
  0.2729523154164E-03
  0.2729523154164E-03
  0.2729523154164E-03
  0.2729523154164E-03
  0.2729523154164E-03
  0.2729523154164E-03
  0.2729523154164E-03
  0.2729523154164E-03
  0.2729523154164E-03
  0.2729523154164E-03
  0.2729523154164E-03
  0.2729523154164E-03
  0.2729523154164E-03
  0.2729523154164E-03
  0.2729523154164E-03
  0.2729523154164E-03
  0.2729523154164E-03
  0.2729523154164E-03
  0.2729523154164E-03
  0.2729523154164E-03
  0.2729523154164E-03
  0.2729523154164E-03
  0.2729523154164E-03
  0.2729523154164E-03
  0.2729523154164E-03
  0.2729523154164E-03
  0.2729523154164E-03
  0.2729523154164E-03
  0.2729523154164E-03
  0.2729523154164E-03
  0.2729523154164E-03
  0.2729523154164E-03
  0.2729523154164E-03
  0.2729523154164E-03
  0.2729523154164E-03
  0.2729523154164E-03
  0.2729523154164E-03
  0.2729523154164E-03
  0.2729523154164E-03
  0.2729523154164E-03
  0.2729523154164E-03
  0.2729523154164E-03
  0.2729523154164E-03
  0.2729523154164E-03
  0.2729523154164E-03
  0.2729523154164E-03
  0.2729523154164E-03
  0.2729523154164E-03
  0.2729523154164E-03
  0.2729523154164E-03
  0.2729523154164E-03
  0.2729523154164E-03
  0.2729523154164E-03
  0.2729523154164E-03
  0.2729523154164E-03
  0.2729523154164E-03
  0.2729523154164E-03
  0.2729523154164E-03
  0.2729523154164E-03
  0.2729523154164E-03
  0.2729523154164E-03
  0.2729523154164E-03
  0.2729523154164E-03
  0.2729523154164E-03
  0.2729523154164E-03
  0.2729523154164E-03
  0.2729523154164E-03
  0.2729523154164E-03
  0.2729523154164E-03
  0.2729523154164E-03
  0.2729523154164E-03
  0.2729523154164E-03
  0.2729523154164E-03
  0.2729523154164E-03
  0.2729523154164E-03
  0.2729523154164E-03
  0.2729523154164E-03
  0.2729523154164E-03
  0.2729523154164E-03
  0.2729523154164E-03
  0.2729523154164E-03
  0.2729523154164E-03
  0.2729523154164E-03
  0.2729523154164E-03
  0.2729523154164E-03
  0.2729523154164E-03
  0.2729523154164E-03
  0.2729523154164E-03
  0.2729523154164E-03
  0.2729523154164E-03
  0.2729523154164E-03
  0.2729523154164E-03
  0.2729523154164E-03
  0.2729523154164E-03
  0.2729523154164E-03
  0.2729523154164E-03
  0.2729523154164E-03
  0.2729523154164E-03
  0.2729523154164E-03
  0.2729523154164E-03
  0.2729523154164E-03
  0.2729523154164E-03
  0.2729523154164E-03
  0.2729523154164E-03
  0.2729523154164E-03
  0.2729523154164E-03
  0.2729523154164E-03
  0.2729523154164E-03
  0.2729523154164E-03
  0.2729523154164E-03
  0.2729523154164E-03
  0.2729523154164E-03
  0.2729523154164E-03
  0.2729523154164E-03
  0.2729523154164E-03
  0.2729523154164E-03
  0.2729523154164E-03
  0.2729523154164E-03
  0.2729523154164E-03
  0.2729523154164E-03
  0.2729523154164E-03
  0.2729523154164E-03
  0.2729523154164E-03
  0.2729523154164E-03
  0.2729523154164E-03
  0.2729523154164E-03
  0.2729523154164E-03
  0.2729523154164E-03
  0.2729523154164E-03
  0.2729523154164E-03
  0.2729523154164E-03
  0.2729523154164E-03
  0.2729523154164E-03
  0.2729523154164E-03
  0.2729523154164E-03
  0.2729523154164E-03
  0.2729523154164E-03
  0.2729523154164E-03
  0.2729523154164E-03
  0.2729523154164E-03
  0.2729523154164E-03
  0.2729523154164E-03
  0.2729523154164E-03
  0.2729523154164E-03
  0.2729523154164E-03
  0.2729523154164E-03
  0.2729523154164E-03
  0.2729523154164E-03
  0.2729523154164E-03
  0.2729523154164E-03
  0.2729523154164E-03
  0.2729523154164E-03
  0.2729523154164E-03
  0.2729523154164E-03
  0.2729523154164E-03
  0.2729523154164E-03
  0.2729523154164E-03
  0.2729523154164E-03
  0.2729523154164E-03
  0.2729523154164E-03
  0.2729523154164E-03
  0.2729523154164E-03
  0.2729523154164E-03
  0.2729523154164E-03
  0.2729523154164E-03
  0.2729523154164E-03
  0.2729523154164E-03
  0.2729523154164E-03
  0.2729523154164E-03
  0.2729523154164E-03
  0.2729523154164E-03
  0.2729523154164E-03
  0.2729523154164E-03
  0.2729523154164E-03
  0.2729523154164E-03
  0.2729523154164E-03
  0.2729523154164E-03
  0.2729523154164E-03
  0.2729523154164E-03
  0.2729523154164E-03
  0.2729523154164E-03
  0.2729523154164E-03
  0.2729523154164E-03
  0.2729523154164E-03
  0.2729523154164E-03
  0.2729523154164E-03
  0.2729523154164E-03
  0.2729523154164E-03
  0.2729523154164E-03
  0.2729523154164E-03
  0.2729523154164E-03
  0.2729523154164E-03
  0.2729523154164E-03
  0.2729523154164E-03
  0.2729523154164E-03
  0.2729523154164E-03
  0.2729523154164E-03
  0.2729523154164E-03
  0.2729523154164E-03
  0.2729523154164E-03
  0.2729523154164E-03
  0.2729523154164E-03
  0.2729523154164E-03
  0.2729523154164E-03
  0.2729523154164E-03
  0.2729523154164E-03
  0.2729523154164E-03
  0.2729523154164E-03
  0.2729523154164E-03
  0.2729523154164E-03
  0.2729523154164E-03
  0.2729523154164E-03
  0.2729523154164E-03
  0.2729523154164E-03
  0.2729523154164E-03
  0.2729523154164E-03
  0.2729523154164E-03
  0.2729523154164E-03
  0.2729523154164E-03
  0.2729523154164E-03
  0.2729523154164E-03
  0.2729523154164E-03
  0.2729523154164E-03
  0.2729523154164E-03
  0.2729523154164E-03
  0.2729523154164E-03
  0.2729523154164E-03
  0.2729523154164E-03
  0.2729523154164E-03
  0.2729523154164E-03
  0.2729523154164E-03
  0.2729523154164E-03
  0.2729523154164E-03
  0.2729523154164E-03
  0.2729523154164E-03
  0.2729523154164E-03
  0.2729523154164E-03
  0.2729523154164E-03
  0.2729523154164E-03
  0.2729523154164E-03
  0.2729523154164E-03
  0.2729523154164E-03
  0.2729523154164E-03
  0.2729523154164E-03
  0.2729523154164E-03
  0.2729523154164E-03
  0.2729523154164E-03
  0.2729523154164E-03
  0.2729523154164E-03
  0.2729523154164E-03
  0.2729523154164E-03
  0.2729523154164E-03
  0.2729523154164E-03
  0.2729523154164E-03
  0.2729523154164E-03
  0.2729523154164E-03
  0.2729523154164E-03
  0.2729523154164E-03
  0.2729523154164E-03
  0.2729523154164E-03
  0.2729523154164E-03
  0.2729523154164E-03
  0.2729523154164E-03
  0.2729523154164E-03
  0.2729523154164E-03
  0.2729523154164E-03
  0.2729523154164E-03
  0.2729523154164E-03
  0.2729523154164E-03
  0.2729523154164E-03
  0.2729523154164E-03
  0.2729523154164E-03
  0.2729523154164E-03
  0.2729523154164E-03
  0.2729523154164E-03
  0.2729523154164E-03
  0.2729523154164E-03
  0.2729523154164E-03
  0.2729523154164E-03
  0.2729523154164E-03
  0.2729523154164E-03
  0.2729523154164E-03
  0.2729523154164E-03
  0.2729523154164E-03
  0.2729523154164E-03
  0.2729523154164E-03
  0.2729523154164E-03
  0.2729523154164E-03
  0.2729523154164E-03
  0.2729523154164E-03
  0.2729523154164E-03
  0.2729523154164E-03
  0.2729523154164E-03
  0.2729523154164E-03
  0.2729523154164E-03
  0.2729523154164E-03
  0.2729523154164E-03
  0.2729523154164E-03
  0.2729523154164E-03
  0.2729523154164E-03
  0.2729523154164E-03
  0.2729523154164E-03
  0.2729523154164E-03
  0.2729523154164E-03
  0.2729523154164E-03
  0.2729523154164E-03
  0.2729523154164E-03
  0.2729523154164E-03
  0.2729523154164E-03
  0.2729523154164E-03
  0.2729523154164E-03
  0.2729523154164E-03
  0.2729523154164E-03
  0.2729523154164E-03
  0.2729523154164E-03
  0.2729523154164E-03
  0.2729523154164E-03
  0.2729523154164E-03
  0.2729523154164E-03
  0.2729523154164E-03
  0.2729523154164E-03
  0.2729523154164E-03
  0.2729523154164E-03
  0.2729523154164E-03
  0.2729523154164E-03
  0.2729523154164E-03
  0.2729523154164E-03
  0.2729523154164E-03
  0.2729523154164E-03
  0.2729523154164E-03
  0.2729523154164E-03
  0.2729523154164E-03
  0.2729523154164E-03
  0.2729523154164E-03
  0.2729523154164E-03
  0.2729523154164E-03
  0.2729523154164E-03
  0.2729523154164E-03
  0.2729523154164E-03
  0.2729523154164E-03
  0.2729523154164E-03
  0.2729523154164E-03
  0.2729523154164E-03
  0.2729523154164E-03
  0.2729523154164E-03
  0.2729523154164E-03
  0.2729523154164E-03
  0.2729523154164E-03
  0.2729523154164E-03
  0.2729523154164E-03
  0.2729523154164E-03
  0.2729523154164E-03
  0.2729523154164E-03
  0.2729523154164E-03
  0.2729523154164E-03
  0.2729523154164E-03
  0.2729523154164E-03
  0.2729523154164E-03
  0.2729523154164E-03
  0.2729523154164E-03
  0.2729523154164E-03
  0.2729523154164E-03
  0.2729523154164E-03
  0.2729523154164E-03
  0.2729523154164E-03
  0.2729523154164E-03
  0.2729523154164E-03
  0.2729523154164E-03
  0.2729523154164E-03
  0.2729523154164E-03
  0.2729523154164E-03
  0.2729523154164E-03
  0.2729523154164E-03
  0.2729523154164E-03
  0.2729523154164E-03
  0.2729523154164E-03
  0.2729523154164E-03
  0.2729523154164E-03
  0.2729523154164E-03
  0.2729523154164E-03
  0.2729523154164E-03
  0.2729523154164E-03
  0.2729523154164E-03
  0.2729523154164E-03
  0.2729523154164E-03
  0.2729523154164E-03
  0.2729523154164E-03
  0.2729523154164E-03
  0.2729523154164E-03
  0.2729523154164E-03
  0.2729523154164E-03
  0.2729523154164E-03
  0.2729523154164E-03
  0.2729523154164E-03
  0.2729523154164E-03
  0.2729523154164E-03
  0.2729523154164E-03
  0.2729523154164E-03
  0.2729523154164E-03
  0.2729523154164E-03
  0.2729523154164E-03
  0.2729523154164E-03
  0.2729523154164E-03
  0.2729523154164E-03
  0.2729523154164E-03
  0.2729523154164E-03
  0.2729523154164E-03
  0.2729523154164E-03
  0.2729523154164E-03
  0.2729523154164E-03
  0.2729523154164E-03
  0.2729523154164E-03
  0.2729523154164E-03
  0.2729523154164E-03
  0.2729523154164E-03
  0.2729523154164E-03
  0.2729523154164E-03
  0.2729523154164E-03
  0.2729523154164E-03
  0.2729523154164E-03
  0.2729523154164E-03
  0.2729523154164E-03
  0.2729523154164E-03
  0.2729523154164E-03
  0.2729523154164E-03
  0.2729523154164E-03
  0.2729523154164E-03
  0.2729523154164E-03
  0.2729523154164E-03
  0.2729523154164E-03
  0.2729523154164E-03
  0.2729523154164E-03
  0.2729523154164E-03
  0.2729523154164E-03
  0.2729523154164E-03
  0.2729523154164E-03
  0.2729523154164E-03
  0.2729523154164E-03
  0.2729523154164E-03
  0.2729523154164E-03
  0.2729523154164E-03
  0.2729523154164E-03
  0.2729523154164E-03
  0.2729523154164E-03
  0.2729523154164E-03
  0.2729523154164E-03
  0.2729523154164E-03
  0.2729523154164E-03
  0.2729523154164E-03
  0.2729523154164E-03
  0.2729523154164E-03
  0.2729523154164E-03
  0.2729523154164E-03
  0.2729523154164E-03
  0.2729523154164E-03
  0.2729523154164E-03
  0.2729523154164E-03
  0.2729523154164E-03
  0.2729523154164E-03
  0.2729523154164E-03
  0.2729523154164E-03
  0.2729523154164E-03
  0.2729523154164E-03
  0.2729523154164E-03
  0.2729523154164E-03
  0.2729523154164E-03
  0.2729523154164E-03
  0.2729523154164E-03
  0.2729523154164E-03
  0.2729523154164E-03
  0.2729523154164E-03
  0.2729523154164E-03
  0.2729523154164E-03
  0.2729523154164E-03
  0.2729523154164E-03
  0.2729523154164E-03
  0.2729523154164E-03
  0.2729523154164E-03
  0.2729523154164E-03
  0.2729523154164E-03
  0.2729523154164E-03
  0.2729523154164E-03
  0.2729523154164E-03
  0.2729523154164E-03
  0.2729523154164E-03
  0.2729523154164E-03
  0.2729523154164E-03
  0.2729523154164E-03
  0.2729523154164E-03
  0.2729523154164E-03
  0.2729523154164E-03
  0.2729523154164E-03
  0.2729523154164E-03
  0.2729523154164E-03
  0.2729523154164E-03
  0.2729523154164E-03
  0.2729523154164E-03
  0.2729523154164E-03
  0.2729523154164E-03
  0.2729523154164E-03
  0.2729523154164E-03
  0.2729523154164E-03
  0.2729523154164E-03
  0.2729523154164E-03
  0.2729523154164E-03
  0.2729523154164E-03
  0.2729523154164E-03
  0.2729523154164E-03
  0.2729523154164E-03
  0.2729523154164E-03
  0.2729523154164E-03
  0.2729523154164E-03
  0.2729523154164E-03
  0.2729523154164E-03
  0.2729523154164E-03
  0.2729523154164E-03
  0.2729523154164E-03
  0.2729523154164E-03
  0.2729523154164E-03
  0.2729523154164E-03
  0.2729523154164E-03
  0.2729523154164E-03
  0.2729523154164E-03
  0.2729523154164E-03
  0.2729523154164E-03
  0.2729523154164E-03
  0.2729523154164E-03
  0.2729523154164E-03
  0.2729523154164E-03
  0.2729523154164E-03
  0.2729523154164E-03
  0.2729523154164E-03
  0.2729523154164E-03
  0.2729523154164E-03
  0.2729523154164E-03
  0.2729523154164E-03
  0.2729523154164E-03
  0.2729523154164E-03
  0.2729523154164E-03
  0.2729523154164E-03
  0.2729523154164E-03
  0.2729523154164E-03
  0.2729523154164E-03
  0.2729523154164E-03
  0.2729523154164E-03
  0.2729523154164E-03
  0.2729523154164E-03
  0.2729523154164E-03
  0.2729523154164E-03
  0.2729523154164E-03
  0.2729523154164E-03
  0.2729523154164E-03
  0.2729523154164E-03
  0.2729523154164E-03
  0.2729523154164E-03
  0.2729523154164E-03
  0.2729523154164E-03
  0.2729523154164E-03
  0.2729523154164E-03
  0.2729523154164E-03
  0.2729523154164E-03
  0.2729523154164E-03
  0.2729523154164E-03
  0.2729523154164E-03
  0.2729523154164E-03
  0.2729523154164E-03
  0.2729523154164E-03
  0.2729523154164E-03
  0.2729523154164E-03
  0.2729523154164E-03
  0.2729523154164E-03
  0.2729523154164E-03
  0.2729523154164E-03
  0.2729523154164E-03
  0.2729523154164E-03
  0.2729523154164E-03
  0.2729523154164E-03
  0.2729523154164E-03
  0.2729523154164E-03
  0.2729523154164E-03
  0.2729523154164E-03
  0.2729523154164E-03
  0.2729523154164E-03
  0.2729523154164E-03
  0.2729523154164E-03
  0.2729523154164E-03
  0.2729523154164E-03
  0.2729523154164E-03
  0.2729523154164E-03
  0.2729523154164E-03
  0.2729523154164E-03
  0.2729523154164E-03
  0.2729523154164E-03
  0.2729523154164E-03
  0.2729523154164E-03
  0.2729523154164E-03
  0.2729523154164E-03
  0.2729523154164E-03
  0.2729523154164E-03
  0.2729523154164E-03
  0.2729523154164E-03
  0.2729523154164E-03
  0.2729523154164E-03
  0.2729523154164E-03
  0.2729523154164E-03
  0.2729523154164E-03
  0.2729523154164E-03
  0.2729523154164E-03
  0.2729523154164E-03
  0.2729523154164E-03
  0.2729523154164E-03
  0.2729523154164E-03
  0.2729523154164E-03
  0.2729523154164E-03
  0.2729523154164E-03
  0.2729523154164E-03
  0.2729523154164E-03
  0.2729523154164E-03
  0.2729523154164E-03
  0.2729523154164E-03
  0.2729523154164E-03
  0.2729523154164E-03
  0.2729523154164E-03
  0.2729523154164E-03
  0.2729523154164E-03
  0.2729523154164E-03
  0.2729523154164E-03
  0.2729523154164E-03
  0.2729523154164E-03
  0.2729523154164E-03
  0.2729523154164E-03
  0.2729523154164E-03
  0.2729523154164E-03
  0.2729523154164E-03
  0.2729523154164E-03
  0.2729523154164E-03
  0.2729523154164E-03
  0.2729523154164E-03
  0.2729523154164E-03
  0.2729523154164E-03
  0.2729523154164E-03
  0.2729523154164E-03
  0.2729523154164E-03
  0.2729523154164E-03
  0.2729523154164E-03
  0.2729523154164E-03
  0.2729523154164E-03
  0.2729523154164E-03
  0.2729523154164E-03
  0.2729523154164E-03
  0.2729523154164E-03
  0.2729523154164E-03
  0.2729523154164E-03
  0.2729523154164E-03
  0.2729523154164E-03
  0.2729523154164E-03
  0.2729523154164E-03
  0.2729523154164E-03
  0.2729523154164E-03
  0.2729523154164E-03
  0.2729523154164E-03
  0.2729523154164E-03
  0.2729523154164E-03
  0.2729523154164E-03
  0.2729523154164E-03
  0.2729523154164E-03
  0.2729523154164E-03
  0.2729523154164E-03
  0.2729523154164E-03
  0.2729523154164E-03
  0.2729523154164E-03
  0.2729523154164E-03
  0.2729523154164E-03
  0.2729523154164E-03
  0.2729523154164E-03
  0.2729523154164E-03
  0.2729523154164E-03
  0.2729523154164E-03
  0.2729523154164E-03
  0.2729523154164E-03
  0.2729523154164E-03
  0.2729523154164E-03
  0.2729523154164E-03
  0.2729523154164E-03
  0.2729523154164E-03
  0.2729523154164E-03
  0.2729523154164E-03
  0.2729523154164E-03
  0.2729523154164E-03
  0.2729523154164E-03
  0.2729523154164E-03
  0.2729523154164E-03
  0.2729523154164E-03
  0.2729523154164E-03
  0.2729523154164E-03
  0.2729523154164E-03
  0.2729523154164E-03
  0.2729523154164E-03
  0.2729523154164E-03
  0.2729523154164E-03
  0.2729523154164E-03
  0.2729523154164E-03
  0.2729523154164E-03
  0.2729523154164E-03
  0.2729523154164E-03
  0.2729523154164E-03
  0.2729523154164E-03
  0.2729523154164E-03
  0.2729523154164E-03
  0.2729523154164E-03
  0.2729523154164E-03
  0.2729523154164E-03
  0.2729523154164E-03
  0.2729523154164E-03
  0.2729523154164E-03
  0.2729523154164E-03
  0.2729523154164E-03
  0.2729523154164E-03
  0.2729523154164E-03
  0.2729523154164E-03
  0.2729523154164E-03
  0.2729523154164E-03
  0.2729523154164E-03
  0.2729523154164E-03
  0.2729523154164E-03
  0.2729523154164E-03
  0.2729523154164E-03
  0.2729523154164E-03
  0.2729523154164E-03
  0.2729523154164E-03
  0.2729523154164E-03
  0.2729523154164E-03
  0.2729523154164E-03
  0.2729523154164E-03
  0.2729523154164E-03
  0.2729523154164E-03
  0.2729523154164E-03
  0.2729523154164E-03
  0.2729523154164E-03
  0.2729523154164E-03
  0.2729523154164E-03
  0.2729523154164E-03
  0.2729523154164E-03
  0.2729523154164E-03
  0.2729523154164E-03
  0.2729523154164E-03
  0.2729523154164E-03
  0.2729523154164E-03
  0.2729523154164E-03
  0.2729523154164E-03
  0.2729523154164E-03
  0.2729523154164E-03
  0.2729523154164E-03
  0.2729523154164E-03
  0.2729523154164E-03
  0.2729523154164E-03
  0.2729523154164E-03
  0.2729523154164E-03
  0.2729523154164E-03
  0.2729523154164E-03
  0.2729523154164E-03
  0.2729523154164E-03
  0.2729523154164E-03
  0.2729523154164E-03
  0.2729523154164E-03
  0.2729523154164E-03
  0.2729523154164E-03
  0.2729523154164E-03
  0.2729523154164E-03
  0.2729523154164E-03
  0.2729523154164E-03
  0.2729523154164E-03
  0.2729523154164E-03
  0.2729523154164E-03
  0.2729523154164E-03
  0.2729523154164E-03
  0.2729523154164E-03
  0.2729523154164E-03
  0.2729523154164E-03
  0.2729523154164E-03
  0.2729523154164E-03
  0.2729523154164E-03
  0.2729523154164E-03
  0.2729523154164E-03
  0.2729523154164E-03
  0.2729523154164E-03
  0.2729523154164E-03
  0.2729523154164E-03
  0.2729523154164E-03
  0.2729523154164E-03
  0.2729523154164E-03
  0.2729523154164E-03
  0.2729523154164E-03
  0.2729523154164E-03
  0.2729523154164E-03
  0.2729523154164E-03
  0.2729523154164E-03
  0.2729523154164E-03
  0.2729523154164E-03
  0.2729523154164E-03
  0.2729523154164E-03
  0.2729523154164E-03
  0.2729523154164E-03
  0.2729523154164E-03
  0.2729523154164E-03
  0.2729523154164E-03
  0.2729523154164E-03
  0.2729523154164E-03
  0.2729523154164E-03
  0.2729523154164E-03
  0.2729523154164E-03
  0.2729523154164E-03
  0.2729523154164E-03
  0.2729523154164E-03
  0.2729523154164E-03
  0.2729523154164E-03
  0.2729523154164E-03
  0.2729523154164E-03
  0.2729523154164E-03
  0.2729523154164E-03
  0.2729523154164E-03
  0.2729523154164E-03
  0.2729523154164E-03
  0.2729523154164E-03
  0.2729523154164E-03
  0.2729523154164E-03
  0.2729523154164E-03
  0.2729523154164E-03
  0.2729523154164E-03
  0.2729523154164E-03
  0.2729523154164E-03
  0.2729523154164E-03
  0.2729523154164E-03
  0.2729523154164E-03
  0.2729523154164E-03
  0.2729523154164E-03
  0.2729523154164E-03
  0.2729523154164E-03
  0.2729523154164E-03
  0.2729523154164E-03
  0.2729523154164E-03
  0.2729523154164E-03
  0.2729523154164E-03
  0.2729523154164E-03
  0.2729523154164E-03
  0.2729523154164E-03
  0.2729523154164E-03
  0.2729523154164E-03
  0.2729523154164E-03
  0.2729523154164E-03
  0.2729523154164E-03
  0.2729523154164E-03
  0.2729523154164E-03
  0.2729523154164E-03
  0.2729523154164E-03
  0.2729523154164E-03
  0.2729523154164E-03
  0.2729523154164E-03
  0.2729523154164E-03
  0.2729523154164E-03
  0.2729523154164E-03
  0.2729523154164E-03
  0.2729523154164E-03
  0.2729523154164E-03
  0.2729523154164E-03
  0.2729523154164E-03
  0.2729523154164E-03
  0.2729523154164E-03
  0.2729523154164E-03
  0.2729523154164E-03
  0.2729523154164E-03
  0.2729523154164E-03
  0.2729523154164E-03
  0.2729523154164E-03
  0.2729523154164E-03
  0.2729523154164E-03
  0.2729523154164E-03
  0.2729523154164E-03
  0.2729523154164E-03
  0.2729523154164E-03
  0.2729523154164E-03
  0.2729523154164E-03
  0.2729523154164E-03
  0.2729523154164E-03
  0.2729523154164E-03
  0.2729523154164E-03
  0.2729523154164E-03
  0.0000000000000E+00
 -0.2961034533851E-06
 -0.3395157533057E-06
 -0.3616922036852E-06
 -0.3463082968612E-06
  0.0000000000000E+00
 -0.3857148187945E-06
 -0.3617864539220E-06
 -0.2808998840496E-06
 -0.3098394597341E-06
  0.0000000000000E+00
  0.0000000000000E+00
  0.0000000000000E+00
  0.0000000000000E+00
  0.0000000000000E+00
  0.0000000000000E+00
  0.0000000000000E+00
  0.0000000000000E+00
  0.0000000000000E+00
  0.0000000000000E+00
  0.0000000000000E+00
  0.0000000000000E+00
  0.0000000000000E+00
  0.0000000000000E+00
  0.0000000000000E+00
  0.0000000000000E+00
  0.0000000000000E+00
  0.0000000000000E+00
  0.0000000000000E+00
  0.0000000000000E+00
  0.0000000000000E+00
  0.0000000000000E+00
  0.0000000000000E+00
  0.0000000000000E+00
  0.0000000000000E+00
  0.0000000000000E+00
  0.0000000000000E+00
  0.0000000000000E+00
  0.0000000000000E+00
  0.0000000000000E+00
  0.0000000000000E+00
  0.0000000000000E+00
  0.0000000000000E+00
  0.0000000000000E+00
  0.0000000000000E+00
  0.0000000000000E+00
  0.0000000000000E+00
  0.0000000000000E+00
  0.0000000000000E+00
  0.0000000000000E+00
  0.0000000000000E+00
  0.0000000000000E+00
  0.0000000000000E+00
  0.0000000000000E+00
  0.0000000000000E+00
  0.0000000000000E+00
  0.0000000000000E+00
  0.0000000000000E+00
  0.0000000000000E+00
  0.0000000000000E+00
  0.0000000000000E+00
  0.0000000000000E+00
  0.0000000000000E+00
  0.0000000000000E+00
  0.0000000000000E+00
  0.0000000000000E+00
  0.0000000000000E+00
  0.0000000000000E+00
  0.0000000000000E+00
  0.0000000000000E+00
  0.0000000000000E+00
  0.0000000000000E+00
  0.0000000000000E+00
  0.0000000000000E+00
  0.0000000000000E+00
  0.0000000000000E+00
  0.0000000000000E+00
  0.0000000000000E+00
  0.0000000000000E+00
  0.0000000000000E+00
  0.0000000000000E+00
  0.0000000000000E+00
  0.0000000000000E+00
  0.0000000000000E+00
  0.0000000000000E+00
  0.0000000000000E+00
  0.0000000000000E+00
  0.0000000000000E+00
  0.0000000000000E+00
  0.0000000000000E+00
  0.0000000000000E+00
  0.0000000000000E+00
  0.0000000000000E+00
  0.0000000000000E+00
  0.0000000000000E+00
  0.0000000000000E+00
  0.0000000000000E+00
  0.0000000000000E+00
  0.0000000000000E+00
  0.0000000000000E+00
  0.0000000000000E+00
  0.0000000000000E+00
  0.0000000000000E+00
  0.0000000000000E+00
  0.0000000000000E+00
  0.0000000000000E+00
  0.0000000000000E+00
  0.0000000000000E+00
  0.0000000000000E+00
  0.0000000000000E+00
  0.0000000000000E+00
  0.0000000000000E+00
  0.0000000000000E+00
  0.0000000000000E+00
  0.0000000000000E+00
  0.0000000000000E+00
  0.0000000000000E+00
  0.0000000000000E+00
  0.0000000000000E+00
  0.0000000000000E+00
  0.0000000000000E+00
  0.0000000000000E+00
  0.0000000000000E+00
  0.0000000000000E+00
  0.0000000000000E+00
  0.0000000000000E+00
  0.0000000000000E+00
  0.0000000000000E+00
  0.0000000000000E+00
  0.0000000000000E+00
  0.0000000000000E+00
  0.0000000000000E+00
  0.0000000000000E+00
  0.0000000000000E+00
  0.0000000000000E+00
  0.0000000000000E+00
  0.0000000000000E+00
  0.0000000000000E+00
  0.0000000000000E+00
  0.0000000000000E+00
  0.0000000000000E+00
  0.0000000000000E+00
  0.0000000000000E+00
  0.0000000000000E+00
  0.0000000000000E+00
  0.0000000000000E+00
  0.0000000000000E+00
  0.0000000000000E+00
  0.0000000000000E+00
  0.0000000000000E+00
  0.0000000000000E+00
  0.0000000000000E+00
  0.0000000000000E+00
  0.0000000000000E+00
  0.0000000000000E+00
  0.0000000000000E+00
  0.0000000000000E+00
  0.0000000000000E+00
  0.0000000000000E+00
  0.0000000000000E+00
  0.0000000000000E+00
  0.0000000000000E+00
  0.0000000000000E+00
  0.0000000000000E+00
  0.0000000000000E+00
  0.0000000000000E+00
  0.0000000000000E+00
  0.0000000000000E+00
  0.0000000000000E+00
  0.0000000000000E+00
  0.0000000000000E+00
  0.0000000000000E+00
  0.0000000000000E+00
  0.0000000000000E+00
  0.0000000000000E+00
  0.0000000000000E+00
  0.0000000000000E+00
  0.0000000000000E+00
  0.0000000000000E+00
  0.0000000000000E+00
  0.0000000000000E+00
  0.0000000000000E+00
  0.0000000000000E+00
  0.0000000000000E+00
  0.0000000000000E+00
  0.0000000000000E+00
  0.0000000000000E+00
  0.0000000000000E+00
  0.0000000000000E+00
  0.0000000000000E+00
  0.0000000000000E+00
  0.0000000000000E+00
  0.0000000000000E+00
  0.0000000000000E+00
  0.0000000000000E+00
  0.0000000000000E+00
  0.0000000000000E+00
  0.0000000000000E+00
  0.0000000000000E+00
  0.0000000000000E+00
  0.0000000000000E+00
  0.0000000000000E+00
  0.0000000000000E+00
  0.0000000000000E+00
  0.0000000000000E+00
  0.0000000000000E+00
  0.0000000000000E+00
  0.0000000000000E+00
  0.0000000000000E+00
  0.0000000000000E+00
  0.0000000000000E+00
  0.0000000000000E+00
  0.0000000000000E+00
  0.0000000000000E+00
  0.0000000000000E+00
  0.0000000000000E+00
  0.0000000000000E+00
  0.0000000000000E+00
  0.0000000000000E+00
  0.0000000000000E+00
  0.0000000000000E+00
  0.0000000000000E+00
  0.0000000000000E+00
  0.0000000000000E+00
  0.0000000000000E+00
  0.0000000000000E+00
  0.0000000000000E+00
  0.0000000000000E+00
  0.0000000000000E+00
  0.0000000000000E+00
  0.0000000000000E+00
  0.0000000000000E+00
  0.0000000000000E+00
  0.0000000000000E+00
  0.0000000000000E+00
  0.0000000000000E+00
  0.0000000000000E+00
  0.0000000000000E+00
  0.0000000000000E+00
  0.0000000000000E+00
  0.0000000000000E+00
  0.0000000000000E+00
  0.0000000000000E+00
  0.0000000000000E+00
  0.0000000000000E+00
  0.0000000000000E+00
  0.0000000000000E+00
  0.0000000000000E+00
  0.0000000000000E+00
  0.0000000000000E+00
  0.0000000000000E+00
  0.0000000000000E+00
  0.0000000000000E+00
  0.0000000000000E+00
  0.0000000000000E+00
  0.0000000000000E+00
  0.0000000000000E+00
  0.0000000000000E+00
  0.0000000000000E+00
  0.0000000000000E+00
  0.0000000000000E+00
  0.0000000000000E+00
  0.0000000000000E+00
  0.0000000000000E+00
  0.0000000000000E+00
  0.0000000000000E+00
  0.0000000000000E+00
  0.0000000000000E+00
  0.0000000000000E+00
  0.0000000000000E+00
  0.0000000000000E+00
  0.0000000000000E+00
  0.0000000000000E+00
  0.0000000000000E+00
  0.0000000000000E+00
  0.0000000000000E+00
  0.0000000000000E+00
  0.0000000000000E+00
  0.0000000000000E+00
  0.0000000000000E+00
  0.0000000000000E+00
  0.0000000000000E+00
  0.0000000000000E+00
  0.0000000000000E+00
  0.0000000000000E+00
  0.0000000000000E+00
  0.0000000000000E+00
  0.0000000000000E+00
  0.0000000000000E+00
  0.0000000000000E+00
  0.0000000000000E+00
  0.0000000000000E+00
  0.0000000000000E+00
  0.0000000000000E+00
  0.0000000000000E+00
  0.0000000000000E+00
  0.0000000000000E+00
  0.0000000000000E+00
  0.0000000000000E+00
  0.0000000000000E+00
  0.0000000000000E+00
  0.0000000000000E+00
  0.0000000000000E+00
  0.0000000000000E+00
  0.0000000000000E+00
  0.0000000000000E+00
  0.0000000000000E+00
  0.0000000000000E+00
  0.0000000000000E+00
  0.0000000000000E+00
  0.0000000000000E+00
  0.0000000000000E+00
  0.0000000000000E+00
  0.0000000000000E+00
  0.0000000000000E+00
  0.0000000000000E+00
  0.0000000000000E+00
  0.0000000000000E+00
  0.0000000000000E+00
  0.0000000000000E+00
  0.0000000000000E+00
  0.0000000000000E+00
  0.0000000000000E+00
  0.0000000000000E+00
  0.0000000000000E+00
  0.0000000000000E+00
  0.0000000000000E+00
  0.0000000000000E+00
  0.0000000000000E+00
  0.0000000000000E+00
  0.0000000000000E+00
  0.0000000000000E+00
  0.0000000000000E+00
  0.0000000000000E+00
  0.0000000000000E+00
  0.0000000000000E+00
  0.0000000000000E+00
  0.0000000000000E+00
  0.0000000000000E+00
  0.0000000000000E+00
  0.0000000000000E+00
  0.0000000000000E+00
  0.0000000000000E+00
  0.0000000000000E+00
  0.0000000000000E+00
  0.0000000000000E+00
  0.0000000000000E+00
  0.0000000000000E+00
  0.0000000000000E+00
  0.0000000000000E+00
  0.0000000000000E+00
  0.0000000000000E+00
  0.0000000000000E+00
  0.0000000000000E+00
  0.0000000000000E+00
  0.0000000000000E+00
  0.0000000000000E+00
  0.0000000000000E+00
  0.0000000000000E+00
  0.0000000000000E+00
  0.0000000000000E+00
  0.0000000000000E+00
  0.0000000000000E+00
  0.0000000000000E+00
  0.0000000000000E+00
  0.0000000000000E+00
  0.0000000000000E+00
  0.0000000000000E+00
  0.0000000000000E+00
  0.0000000000000E+00
  0.0000000000000E+00
  0.0000000000000E+00
  0.0000000000000E+00
  0.0000000000000E+00
  0.0000000000000E+00
  0.0000000000000E+00
  0.0000000000000E+00
  0.0000000000000E+00
  0.0000000000000E+00
  0.0000000000000E+00
  0.0000000000000E+00
  0.0000000000000E+00
  0.0000000000000E+00
  0.0000000000000E+00
  0.0000000000000E+00
  0.0000000000000E+00
  0.0000000000000E+00
  0.0000000000000E+00
  0.0000000000000E+00
  0.0000000000000E+00
  0.0000000000000E+00
  0.0000000000000E+00
  0.0000000000000E+00
  0.0000000000000E+00
  0.0000000000000E+00
  0.0000000000000E+00
  0.0000000000000E+00
  0.0000000000000E+00
  0.0000000000000E+00
  0.0000000000000E+00
  0.0000000000000E+00
  0.0000000000000E+00
  0.0000000000000E+00
  0.0000000000000E+00
  0.0000000000000E+00
  0.0000000000000E+00
  0.0000000000000E+00
  0.0000000000000E+00
  0.0000000000000E+00
  0.0000000000000E+00
  0.0000000000000E+00
  0.0000000000000E+00
  0.0000000000000E+00
  0.0000000000000E+00
  0.0000000000000E+00
  0.0000000000000E+00
  0.0000000000000E+00
  0.0000000000000E+00
  0.0000000000000E+00
  0.0000000000000E+00
  0.0000000000000E+00
  0.0000000000000E+00
  0.0000000000000E+00
  0.0000000000000E+00
  0.0000000000000E+00
  0.0000000000000E+00
  0.0000000000000E+00
  0.0000000000000E+00
  0.0000000000000E+00
  0.0000000000000E+00
  0.0000000000000E+00
  0.0000000000000E+00
  0.0000000000000E+00
  0.0000000000000E+00
  0.0000000000000E+00
  0.0000000000000E+00
  0.0000000000000E+00
  0.0000000000000E+00
  0.0000000000000E+00
  0.0000000000000E+00
  0.0000000000000E+00
  0.0000000000000E+00
  0.0000000000000E+00
  0.0000000000000E+00
  0.0000000000000E+00
  0.0000000000000E+00
  0.0000000000000E+00
  0.0000000000000E+00
  0.0000000000000E+00
  0.0000000000000E+00
  0.0000000000000E+00
  0.0000000000000E+00
  0.0000000000000E+00
  0.0000000000000E+00
  0.0000000000000E+00
  0.0000000000000E+00
  0.0000000000000E+00
  0.0000000000000E+00
  0.0000000000000E+00
  0.0000000000000E+00
  0.0000000000000E+00
  0.0000000000000E+00
  0.0000000000000E+00
  0.0000000000000E+00
  0.0000000000000E+00
  0.0000000000000E+00
  0.0000000000000E+00
  0.0000000000000E+00
  0.0000000000000E+00
  0.0000000000000E+00
  0.0000000000000E+00
  0.0000000000000E+00
  0.0000000000000E+00
  0.0000000000000E+00
  0.0000000000000E+00
  0.0000000000000E+00
  0.0000000000000E+00
  0.0000000000000E+00
  0.0000000000000E+00
  0.0000000000000E+00
  0.0000000000000E+00
  0.0000000000000E+00
  0.0000000000000E+00
  0.0000000000000E+00
  0.0000000000000E+00
  0.0000000000000E+00
  0.0000000000000E+00
  0.0000000000000E+00
  0.0000000000000E+00
  0.0000000000000E+00
  0.0000000000000E+00
  0.0000000000000E+00
  0.0000000000000E+00
  0.0000000000000E+00
  0.0000000000000E+00
  0.0000000000000E+00
  0.0000000000000E+00
  0.0000000000000E+00
  0.0000000000000E+00
  0.0000000000000E+00
  0.0000000000000E+00
  0.0000000000000E+00
  0.0000000000000E+00
  0.0000000000000E+00
  0.0000000000000E+00
  0.0000000000000E+00
  0.0000000000000E+00
  0.0000000000000E+00
  0.0000000000000E+00
  0.0000000000000E+00
  0.0000000000000E+00
  0.0000000000000E+00
  0.0000000000000E+00
  0.0000000000000E+00
  0.0000000000000E+00
  0.0000000000000E+00
  0.0000000000000E+00
  0.0000000000000E+00
  0.0000000000000E+00
  0.0000000000000E+00
  0.0000000000000E+00
  0.0000000000000E+00
  0.0000000000000E+00
  0.0000000000000E+00
  0.0000000000000E+00
  0.0000000000000E+00
  0.0000000000000E+00
  0.0000000000000E+00
  0.0000000000000E+00
  0.0000000000000E+00
  0.0000000000000E+00
  0.0000000000000E+00
  0.0000000000000E+00
  0.0000000000000E+00
  0.0000000000000E+00
  0.0000000000000E+00
  0.0000000000000E+00
  0.0000000000000E+00
  0.0000000000000E+00
  0.0000000000000E+00
  0.0000000000000E+00
  0.0000000000000E+00
  0.0000000000000E+00
  0.0000000000000E+00
  0.0000000000000E+00
  0.0000000000000E+00
  0.0000000000000E+00
  0.0000000000000E+00
  0.0000000000000E+00
  0.0000000000000E+00
  0.0000000000000E+00
  0.0000000000000E+00
  0.0000000000000E+00
  0.0000000000000E+00
  0.0000000000000E+00
  0.0000000000000E+00
  0.0000000000000E+00
  0.0000000000000E+00
  0.0000000000000E+00
  0.0000000000000E+00
  0.0000000000000E+00
  0.0000000000000E+00
  0.0000000000000E+00
  0.0000000000000E+00
  0.0000000000000E+00
  0.0000000000000E+00
  0.0000000000000E+00
  0.0000000000000E+00
  0.0000000000000E+00
  0.0000000000000E+00
  0.0000000000000E+00
  0.0000000000000E+00
  0.0000000000000E+00
  0.0000000000000E+00
  0.0000000000000E+00
  0.0000000000000E+00
  0.0000000000000E+00
  0.0000000000000E+00
  0.0000000000000E+00
  0.0000000000000E+00
  0.0000000000000E+00
  0.0000000000000E+00
  0.0000000000000E+00
  0.0000000000000E+00
  0.0000000000000E+00
  0.0000000000000E+00
  0.0000000000000E+00
  0.0000000000000E+00
  0.0000000000000E+00
  0.0000000000000E+00
  0.0000000000000E+00
  0.0000000000000E+00
  0.0000000000000E+00
  0.0000000000000E+00
  0.0000000000000E+00
  0.0000000000000E+00
  0.0000000000000E+00
  0.0000000000000E+00
  0.0000000000000E+00
  0.0000000000000E+00
  0.0000000000000E+00
  0.0000000000000E+00
  0.0000000000000E+00
  0.0000000000000E+00
  0.0000000000000E+00
  0.0000000000000E+00
  0.0000000000000E+00
  0.0000000000000E+00
  0.0000000000000E+00
  0.0000000000000E+00
  0.0000000000000E+00
  0.0000000000000E+00
  0.0000000000000E+00
  0.0000000000000E+00
  0.0000000000000E+00
  0.0000000000000E+00
  0.0000000000000E+00
  0.0000000000000E+00
  0.0000000000000E+00
  0.0000000000000E+00
  0.0000000000000E+00
  0.0000000000000E+00
  0.0000000000000E+00
  0.0000000000000E+00
  0.0000000000000E+00
  0.0000000000000E+00
  0.0000000000000E+00
  0.0000000000000E+00
  0.0000000000000E+00
  0.0000000000000E+00
  0.0000000000000E+00
  0.0000000000000E+00
  0.0000000000000E+00
  0.0000000000000E+00
  0.0000000000000E+00
  0.0000000000000E+00
  0.0000000000000E+00
  0.0000000000000E+00
  0.0000000000000E+00
  0.0000000000000E+00
  0.0000000000000E+00
  0.0000000000000E+00
  0.0000000000000E+00
  0.0000000000000E+00
  0.0000000000000E+00
  0.0000000000000E+00
  0.0000000000000E+00
  0.0000000000000E+00
  0.0000000000000E+00
  0.0000000000000E+00
  0.0000000000000E+00
  0.0000000000000E+00
  0.0000000000000E+00
  0.0000000000000E+00
  0.0000000000000E+00
  0.0000000000000E+00
  0.0000000000000E+00
  0.0000000000000E+00
  0.0000000000000E+00
  0.0000000000000E+00
  0.0000000000000E+00
  0.0000000000000E+00
  0.0000000000000E+00
  0.0000000000000E+00
  0.0000000000000E+00
  0.0000000000000E+00
  0.0000000000000E+00
  0.0000000000000E+00
  0.0000000000000E+00
  0.0000000000000E+00
  0.0000000000000E+00
  0.0000000000000E+00
  0.0000000000000E+00
  0.0000000000000E+00
  0.0000000000000E+00
  0.0000000000000E+00
  0.0000000000000E+00
  0.0000000000000E+00
  0.0000000000000E+00
  0.0000000000000E+00
  0.0000000000000E+00
  0.0000000000000E+00
  0.0000000000000E+00
  0.0000000000000E+00
  0.0000000000000E+00
  0.0000000000000E+00
  0.0000000000000E+00
  0.0000000000000E+00
  0.0000000000000E+00
  0.0000000000000E+00
  0.0000000000000E+00
  0.0000000000000E+00
  0.0000000000000E+00
  0.0000000000000E+00
  0.0000000000000E+00
  0.0000000000000E+00
  0.0000000000000E+00
  0.0000000000000E+00
  0.0000000000000E+00
  0.0000000000000E+00
  0.0000000000000E+00
  0.0000000000000E+00
  0.0000000000000E+00
  0.0000000000000E+00
  0.0000000000000E+00
  0.0000000000000E+00
  0.0000000000000E+00
  0.0000000000000E+00
  0.0000000000000E+00
  0.0000000000000E+00
  0.0000000000000E+00
  0.0000000000000E+00
  0.0000000000000E+00
  0.0000000000000E+00
  0.0000000000000E+00
  0.0000000000000E+00
  0.0000000000000E+00
  0.0000000000000E+00
  0.0000000000000E+00
  0.0000000000000E+00
  0.0000000000000E+00
  0.0000000000000E+00
  0.0000000000000E+00
  0.0000000000000E+00
  0.0000000000000E+00
  0.0000000000000E+00
  0.0000000000000E+00
  0.0000000000000E+00
  0.0000000000000E+00
  0.0000000000000E+00
  0.0000000000000E+00
  0.0000000000000E+00
  0.0000000000000E+00
  0.0000000000000E+00
  0.0000000000000E+00
  0.0000000000000E+00
  0.0000000000000E+00
  0.0000000000000E+00
  0.0000000000000E+00
  0.0000000000000E+00
  0.0000000000000E+00
  0.0000000000000E+00
  0.0000000000000E+00
  0.0000000000000E+00
  0.0000000000000E+00
  0.0000000000000E+00
  0.0000000000000E+00
  0.0000000000000E+00
  0.0000000000000E+00
  0.0000000000000E+00
  0.0000000000000E+00
  0.0000000000000E+00
  0.0000000000000E+00
  0.0000000000000E+00
  0.0000000000000E+00
  0.0000000000000E+00
  0.0000000000000E+00
  0.0000000000000E+00
  0.0000000000000E+00
  0.0000000000000E+00
  0.0000000000000E+00
  0.0000000000000E+00
  0.0000000000000E+00
  0.0000000000000E+00
  0.0000000000000E+00
  0.0000000000000E+00
  0.0000000000000E+00
  0.0000000000000E+00
  0.0000000000000E+00
  0.0000000000000E+00
  0.0000000000000E+00
  0.0000000000000E+00
  0.0000000000000E+00
  0.0000000000000E+00
  0.0000000000000E+00
  0.0000000000000E+00
  0.0000000000000E+00
  0.0000000000000E+00
  0.0000000000000E+00
  0.0000000000000E+00
  0.0000000000000E+00
  0.0000000000000E+00
  0.0000000000000E+00
  0.0000000000000E+00
  0.0000000000000E+00
  0.0000000000000E+00
  0.0000000000000E+00
  0.0000000000000E+00
  0.0000000000000E+00
  0.0000000000000E+00
  0.0000000000000E+00
  0.0000000000000E+00
  0.0000000000000E+00
  0.0000000000000E+00
  0.0000000000000E+00
  0.0000000000000E+00
  0.0000000000000E+00
  0.0000000000000E+00
  0.0000000000000E+00
  0.0000000000000E+00
  0.0000000000000E+00
  0.0000000000000E+00
  0.0000000000000E+00
  0.0000000000000E+00
  0.0000000000000E+00
  0.0000000000000E+00
  0.0000000000000E+00
  0.0000000000000E+00
  0.0000000000000E+00
  0.0000000000000E+00
  0.0000000000000E+00
  0.0000000000000E+00
  0.0000000000000E+00
  0.0000000000000E+00
  0.0000000000000E+00
  0.0000000000000E+00
  0.0000000000000E+00
  0.0000000000000E+00
  0.0000000000000E+00
  0.0000000000000E+00
  0.0000000000000E+00
  0.0000000000000E+00
  0.0000000000000E+00
  0.0000000000000E+00
  0.0000000000000E+00
  0.0000000000000E+00
  0.0000000000000E+00
  0.0000000000000E+00
  0.0000000000000E+00
  0.0000000000000E+00
  0.0000000000000E+00
  0.0000000000000E+00
  0.0000000000000E+00
  0.0000000000000E+00
  0.0000000000000E+00
  0.0000000000000E+00
  0.0000000000000E+00
  0.0000000000000E+00
  0.0000000000000E+00
  0.0000000000000E+00
  0.0000000000000E+00
  0.0000000000000E+00
  0.0000000000000E+00
  0.0000000000000E+00
  0.0000000000000E+00
  0.0000000000000E+00
  0.0000000000000E+00
  0.0000000000000E+00
  0.0000000000000E+00
  0.0000000000000E+00
  0.0000000000000E+00
  0.0000000000000E+00
  0.0000000000000E+00
  0.0000000000000E+00
  0.0000000000000E+00
  0.0000000000000E+00
  0.0000000000000E+00
  0.0000000000000E+00
  0.0000000000000E+00
  0.0000000000000E+00
  0.0000000000000E+00
  0.0000000000000E+00
  0.0000000000000E+00
  0.0000000000000E+00
  0.0000000000000E+00
  0.0000000000000E+00
  0.0000000000000E+00
  0.0000000000000E+00
  0.0000000000000E+00
  0.0000000000000E+00
  0.0000000000000E+00
  0.0000000000000E+00
  0.0000000000000E+00
  0.0000000000000E+00
  0.0000000000000E+00
  0.0000000000000E+00
  0.0000000000000E+00
  0.0000000000000E+00
  0.0000000000000E+00
  0.0000000000000E+00
  0.0000000000000E+00
  0.0000000000000E+00
  0.0000000000000E+00
  0.0000000000000E+00
  0.0000000000000E+00
  0.0000000000000E+00
  0.0000000000000E+00
  0.0000000000000E+00
  0.0000000000000E+00
  0.0000000000000E+00
  0.0000000000000E+00
  0.0000000000000E+00
  0.0000000000000E+00
  0.0000000000000E+00
  0.0000000000000E+00
  0.0000000000000E+00
  0.0000000000000E+00
  0.0000000000000E+00
  0.0000000000000E+00
  0.0000000000000E+00
  0.0000000000000E+00
  0.0000000000000E+00
  0.0000000000000E+00
  0.0000000000000E+00
  0.0000000000000E+00
  0.0000000000000E+00
  0.0000000000000E+00
  0.0000000000000E+00
  0.0000000000000E+00
  0.0000000000000E+00
  0.0000000000000E+00
  0.0000000000000E+00
  0.0000000000000E+00
  0.0000000000000E+00
  0.0000000000000E+00
  0.0000000000000E+00
  0.0000000000000E+00
  0.0000000000000E+00
  0.0000000000000E+00
  0.0000000000000E+00
  0.0000000000000E+00
  0.0000000000000E+00
  0.0000000000000E+00
  0.0000000000000E+00
  0.0000000000000E+00
  0.0000000000000E+00
  0.0000000000000E+00
  0.0000000000000E+00
  0.0000000000000E+00
  0.0000000000000E+00
  0.0000000000000E+00
  0.0000000000000E+00
  0.0000000000000E+00
  0.0000000000000E+00
  0.0000000000000E+00
  0.0000000000000E+00
  0.0000000000000E+00
  0.0000000000000E+00
  0.0000000000000E+00
  0.0000000000000E+00
  0.0000000000000E+00
  0.0000000000000E+00
  0.0000000000000E+00
  0.0000000000000E+00
  0.0000000000000E+00
  0.0000000000000E+00
  0.0000000000000E+00
  0.0000000000000E+00
  0.0000000000000E+00
  0.0000000000000E+00
  0.0000000000000E+00
  0.0000000000000E+00
  0.0000000000000E+00
  0.0000000000000E+00
  0.0000000000000E+00
  0.0000000000000E+00
  0.0000000000000E+00
  0.0000000000000E+00
  0.0000000000000E+00
  0.0000000000000E+00
  0.0000000000000E+00
  0.0000000000000E+00
  0.0000000000000E+00
  0.0000000000000E+00
  0.0000000000000E+00
  0.0000000000000E+00
  0.0000000000000E+00
  0.0000000000000E+00
  0.0000000000000E+00
  0.0000000000000E+00
  0.0000000000000E+00
  0.0000000000000E+00
  0.0000000000000E+00
  0.0000000000000E+00
  0.0000000000000E+00
  0.0000000000000E+00
  0.0000000000000E+00
  0.0000000000000E+00
  0.0000000000000E+00
  0.0000000000000E+00
  0.0000000000000E+00
  0.0000000000000E+00
  0.0000000000000E+00
  0.0000000000000E+00
  0.0000000000000E+00
  0.0000000000000E+00
  0.0000000000000E+00
  0.0000000000000E+00
  0.0000000000000E+00
  0.0000000000000E+00
  0.0000000000000E+00
  0.0000000000000E+00
  0.0000000000000E+00
  0.0000000000000E+00
  0.0000000000000E+00
  0.0000000000000E+00
  0.0000000000000E+00
  0.0000000000000E+00
  0.0000000000000E+00
  0.0000000000000E+00
  0.0000000000000E+00
  0.0000000000000E+00
  0.0000000000000E+00
  0.0000000000000E+00
  0.0000000000000E+00
  0.0000000000000E+00
  0.0000000000000E+00
  0.0000000000000E+00
  0.0000000000000E+00
  0.0000000000000E+00
  0.0000000000000E+00
  0.0000000000000E+00
  0.0000000000000E+00
  0.0000000000000E+00
  0.0000000000000E+00
  0.0000000000000E+00
  0.0000000000000E+00
  0.0000000000000E+00
  0.0000000000000E+00
  0.0000000000000E+00
  0.0000000000000E+00
  0.0000000000000E+00
  0.0000000000000E+00
  0.0000000000000E+00
  0.0000000000000E+00
  0.0000000000000E+00
  0.0000000000000E+00
  0.0000000000000E+00
  0.0000000000000E+00
  0.0000000000000E+00
  0.0000000000000E+00
  0.0000000000000E+00
  0.0000000000000E+00
  0.0000000000000E+00
  0.0000000000000E+00
  0.0000000000000E+00
  0.0000000000000E+00
  0.0000000000000E+00
  0.0000000000000E+00
  0.0000000000000E+00
  0.0000000000000E+00
  0.0000000000000E+00
  0.0000000000000E+00
  0.0000000000000E+00
  0.0000000000000E+00
  0.0000000000000E+00
  0.0000000000000E+00
  0.0000000000000E+00
  0.0000000000000E+00
  0.0000000000000E+00
  0.0000000000000E+00
  0.0000000000000E+00
  0.0000000000000E+00
  0.0000000000000E+00
  0.0000000000000E+00
  0.0000000000000E+00
  0.0000000000000E+00
  0.0000000000000E+00
  0.0000000000000E+00
  0.0000000000000E+00
  0.0000000000000E+00
  0.0000000000000E+00
  0.0000000000000E+00
  0.0000000000000E+00
  0.0000000000000E+00
  0.0000000000000E+00
  0.0000000000000E+00
  0.0000000000000E+00
  0.0000000000000E+00
  0.0000000000000E+00
  0.0000000000000E+00
  0.0000000000000E+00
  0.0000000000000E+00
  0.0000000000000E+00
  0.0000000000000E+00
  0.0000000000000E+00
  0.0000000000000E+00
  0.0000000000000E+00
  0.0000000000000E+00
  0.0000000000000E+00
  0.0000000000000E+00
  0.0000000000000E+00
  0.0000000000000E+00
  0.0000000000000E+00
  0.0000000000000E+00
  0.0000000000000E+00
  0.0000000000000E+00
  0.0000000000000E+00
  0.0000000000000E+00
  0.0000000000000E+00
  0.0000000000000E+00
  0.0000000000000E+00
  0.0000000000000E+00
  0.0000000000000E+00
  0.0000000000000E+00
  0.0000000000000E+00
  0.0000000000000E+00
  0.0000000000000E+00
  0.0000000000000E+00
  0.0000000000000E+00
  0.0000000000000E+00
  0.0000000000000E+00
  0.0000000000000E+00
  0.0000000000000E+00
  0.0000000000000E+00
  0.0000000000000E+00
  0.0000000000000E+00
  0.0000000000000E+00
  0.0000000000000E+00
  0.0000000000000E+00
  0.0000000000000E+00
  0.0000000000000E+00
  0.0000000000000E+00
  0.0000000000000E+00
  0.0000000000000E+00
  0.0000000000000E+00
  0.0000000000000E+00
  0.0000000000000E+00
  0.0000000000000E+00
  0.0000000000000E+00
  0.0000000000000E+00
  0.0000000000000E+00
  0.0000000000000E+00
  0.0000000000000E+00
  0.0000000000000E+00
  0.0000000000000E+00
  0.0000000000000E+00
  0.0000000000000E+00
  0.0000000000000E+00
  0.0000000000000E+00
  0.0000000000000E+00
  0.0000000000000E+00
  0.0000000000000E+00
  0.0000000000000E+00
  0.0000000000000E+00
  0.0000000000000E+00
  0.0000000000000E+00
  0.0000000000000E+00
  0.0000000000000E+00
  0.0000000000000E+00
  0.0000000000000E+00
  0.0000000000000E+00
  0.0000000000000E+00
  0.0000000000000E+00
  0.0000000000000E+00
  0.0000000000000E+00
  0.0000000000000E+00
  0.0000000000000E+00
  0.0000000000000E+00
  0.0000000000000E+00
  0.0000000000000E+00
  0.0000000000000E+00
  0.0000000000000E+00
  0.0000000000000E+00
  0.0000000000000E+00
  0.0000000000000E+00
  0.0000000000000E+00
  0.0000000000000E+00
  0.0000000000000E+00
  0.0000000000000E+00
  0.0000000000000E+00
  0.0000000000000E+00
  0.0000000000000E+00
  0.0000000000000E+00
  0.0000000000000E+00
  0.0000000000000E+00
  0.0000000000000E+00
  0.0000000000000E+00
  0.0000000000000E+00
  0.0000000000000E+00
  0.0000000000000E+00
  0.0000000000000E+00
  0.0000000000000E+00
  0.0000000000000E+00
  0.0000000000000E+00
  0.0000000000000E+00
  0.0000000000000E+00
  0.0000000000000E+00
  0.0000000000000E+00
  0.0000000000000E+00
  0.0000000000000E+00
  0.0000000000000E+00
  0.0000000000000E+00
  0.0000000000000E+00
  0.0000000000000E+00
  0.0000000000000E+00
  0.0000000000000E+00
  0.0000000000000E+00
  0.0000000000000E+00
  0.0000000000000E+00
  0.0000000000000E+00
  0.0000000000000E+00
  0.0000000000000E+00
  0.0000000000000E+00
  0.0000000000000E+00
  0.0000000000000E+00
  0.0000000000000E+00
  0.0000000000000E+00
  0.0000000000000E+00
  0.0000000000000E+00
  0.0000000000000E+00
  0.0000000000000E+00
  0.0000000000000E+00
  0.0000000000000E+00
  0.0000000000000E+00
  0.0000000000000E+00
  0.0000000000000E+00
  0.0000000000000E+00
  0.0000000000000E+00
  0.0000000000000E+00
  0.0000000000000E+00
  0.0000000000000E+00
  0.0000000000000E+00
  0.0000000000000E+00
  0.0000000000000E+00
  0.0000000000000E+00
  0.0000000000000E+00
  0.0000000000000E+00
  0.0000000000000E+00
  0.0000000000000E+00
  0.0000000000000E+00
  0.0000000000000E+00
  0.0000000000000E+00
  0.0000000000000E+00
  0.0000000000000E+00
  0.0000000000000E+00
  0.0000000000000E+00
  0.0000000000000E+00
  0.0000000000000E+00
  0.0000000000000E+00
  0.0000000000000E+00
  0.0000000000000E+00
  0.0000000000000E+00
  0.0000000000000E+00
  0.0000000000000E+00
  0.0000000000000E+00
  0.0000000000000E+00
  0.0000000000000E+00
  0.0000000000000E+00
  0.0000000000000E+00
  0.0000000000000E+00
  0.0000000000000E+00
  0.0000000000000E+00
  0.0000000000000E+00
  0.0000000000000E+00
  0.0000000000000E+00
  0.0000000000000E+00
  0.0000000000000E+00
  0.0000000000000E+00
  0.0000000000000E+00
  0.0000000000000E+00
  0.0000000000000E+00
  0.0000000000000E+00
  0.0000000000000E+00
  0.0000000000000E+00
  0.0000000000000E+00
  0.0000000000000E+00
  0.0000000000000E+00
  0.0000000000000E+00
  0.0000000000000E+00
  0.4646246499621E-07
  0.4341382005790E-07
  0.4258823504175E-07
  0.4423905103230E-07
 -0.8829685503170E-08
 -0.9211156137085E-08
 -0.1177381326309E-07
 -0.1466685660445E-07
  0.2042004779755E-07
  0.7834115656730E-08
 -0.3994016735363E-08
  0.2445077191548E-07
  0.7274428533353E-08
  0.0000000000000E+00
  0.0000000000000E+00
  0.1528426163716E-08
  0.1956803706504E-07
  0.4891023167287E-07
 -0.2476094881337E-07
  0.6818368827209E-07
  0.5080757685775E-07
  0.4142690181135E-07
 -0.7942789869935E-07
 -0.7954663087442E-07
 -0.8165711072996E-07
 -0.8606599952373E-07
 -0.9693462687803E-07
 -0.1015306724492E-06
 -0.1028273543855E-06
 -0.1021651274501E-06
 -0.1002340751178E-06
 -0.9829141079933E-07
 -0.9708378432237E-07
 -0.9665031016829E-07
 -0.9629447126088E-07
 -0.9539592871604E-07
  0.0000000000000E+00
 -0.4121359625534E-06
 -0.3239310911589E-06
 -0.2863053916799E-06
 -0.2937857593316E-06
  0.0000000000000E+00
 -0.2691136365904E-06
 -0.2832948282906E-06
 -0.4037900746192E-06
 -0.4110030458868E-06
  0.0000000000000E+00
  0.0000000000000E+00
  0.0000000000000E+00
  0.0000000000000E+00
  0.0000000000000E+00
  0.0000000000000E+00
  0.0000000000000E+00
  0.0000000000000E+00
  0.0000000000000E+00
  0.0000000000000E+00
  0.0000000000000E+00
  0.0000000000000E+00
  0.0000000000000E+00
  0.0000000000000E+00
  0.0000000000000E+00
  0.0000000000000E+00
  0.0000000000000E+00
  0.0000000000000E+00
  0.0000000000000E+00
  0.0000000000000E+00
  0.0000000000000E+00
  0.0000000000000E+00
  0.0000000000000E+00
  0.0000000000000E+00
  0.0000000000000E+00
  0.0000000000000E+00
  0.0000000000000E+00
  0.0000000000000E+00
  0.0000000000000E+00
  0.0000000000000E+00
  0.0000000000000E+00
  0.0000000000000E+00
  0.0000000000000E+00
  0.0000000000000E+00
  0.0000000000000E+00
  0.0000000000000E+00
  0.0000000000000E+00
  0.0000000000000E+00
  0.0000000000000E+00
  0.0000000000000E+00
  0.0000000000000E+00
  0.0000000000000E+00
  0.0000000000000E+00
  0.0000000000000E+00
  0.0000000000000E+00
  0.0000000000000E+00
  0.0000000000000E+00
  0.0000000000000E+00
  0.0000000000000E+00
  0.0000000000000E+00
  0.0000000000000E+00
  0.0000000000000E+00
  0.0000000000000E+00
  0.0000000000000E+00
  0.0000000000000E+00
  0.0000000000000E+00
  0.0000000000000E+00
  0.0000000000000E+00
  0.0000000000000E+00
  0.0000000000000E+00
  0.0000000000000E+00
  0.0000000000000E+00
  0.0000000000000E+00
  0.0000000000000E+00
  0.0000000000000E+00
  0.0000000000000E+00
  0.0000000000000E+00
  0.0000000000000E+00
  0.0000000000000E+00
  0.0000000000000E+00
  0.0000000000000E+00
  0.0000000000000E+00
  0.0000000000000E+00
  0.0000000000000E+00
  0.0000000000000E+00
  0.0000000000000E+00
  0.0000000000000E+00
  0.0000000000000E+00
  0.0000000000000E+00
  0.0000000000000E+00
  0.0000000000000E+00
  0.0000000000000E+00
  0.0000000000000E+00
  0.0000000000000E+00
  0.0000000000000E+00
  0.0000000000000E+00
  0.0000000000000E+00
  0.0000000000000E+00
  0.0000000000000E+00
  0.0000000000000E+00
  0.0000000000000E+00
  0.0000000000000E+00
  0.0000000000000E+00
  0.0000000000000E+00
  0.0000000000000E+00
  0.0000000000000E+00
  0.0000000000000E+00
  0.0000000000000E+00
  0.0000000000000E+00
  0.0000000000000E+00
  0.0000000000000E+00
  0.0000000000000E+00
  0.0000000000000E+00
  0.0000000000000E+00
  0.0000000000000E+00
  0.0000000000000E+00
  0.0000000000000E+00
  0.0000000000000E+00
  0.0000000000000E+00
  0.0000000000000E+00
  0.0000000000000E+00
  0.0000000000000E+00
  0.0000000000000E+00
  0.0000000000000E+00
  0.0000000000000E+00
  0.0000000000000E+00
  0.0000000000000E+00
  0.0000000000000E+00
  0.0000000000000E+00
  0.0000000000000E+00
  0.0000000000000E+00
  0.0000000000000E+00
  0.0000000000000E+00
  0.0000000000000E+00
  0.0000000000000E+00
  0.0000000000000E+00
  0.0000000000000E+00
  0.0000000000000E+00
  0.0000000000000E+00
  0.0000000000000E+00
  0.0000000000000E+00
  0.0000000000000E+00
  0.0000000000000E+00
  0.0000000000000E+00
  0.0000000000000E+00
  0.0000000000000E+00
  0.0000000000000E+00
  0.0000000000000E+00
  0.0000000000000E+00
  0.0000000000000E+00
  0.0000000000000E+00
  0.0000000000000E+00
  0.0000000000000E+00
  0.0000000000000E+00
  0.0000000000000E+00
  0.0000000000000E+00
  0.0000000000000E+00
  0.0000000000000E+00
  0.0000000000000E+00
  0.0000000000000E+00
  0.0000000000000E+00
  0.0000000000000E+00
  0.0000000000000E+00
  0.0000000000000E+00
  0.0000000000000E+00
  0.0000000000000E+00
  0.0000000000000E+00
  0.0000000000000E+00
  0.0000000000000E+00
  0.0000000000000E+00
  0.0000000000000E+00
  0.0000000000000E+00
  0.0000000000000E+00
  0.0000000000000E+00
  0.0000000000000E+00
  0.0000000000000E+00
  0.0000000000000E+00
  0.0000000000000E+00
  0.0000000000000E+00
  0.0000000000000E+00
  0.0000000000000E+00
  0.0000000000000E+00
  0.0000000000000E+00
  0.0000000000000E+00
  0.0000000000000E+00
  0.0000000000000E+00
  0.0000000000000E+00
  0.0000000000000E+00
  0.0000000000000E+00
  0.0000000000000E+00
  0.0000000000000E+00
  0.0000000000000E+00
  0.0000000000000E+00
  0.0000000000000E+00
  0.0000000000000E+00
  0.0000000000000E+00
  0.0000000000000E+00
  0.0000000000000E+00
  0.0000000000000E+00
  0.0000000000000E+00
  0.0000000000000E+00
  0.0000000000000E+00
  0.0000000000000E+00
  0.0000000000000E+00
  0.0000000000000E+00
  0.0000000000000E+00
  0.0000000000000E+00
  0.0000000000000E+00
  0.0000000000000E+00
  0.0000000000000E+00
  0.0000000000000E+00
  0.0000000000000E+00
  0.0000000000000E+00
  0.0000000000000E+00
  0.0000000000000E+00
  0.0000000000000E+00
  0.0000000000000E+00
  0.0000000000000E+00
  0.0000000000000E+00
  0.0000000000000E+00
  0.0000000000000E+00
  0.0000000000000E+00
  0.0000000000000E+00
  0.0000000000000E+00
  0.0000000000000E+00
  0.0000000000000E+00
  0.0000000000000E+00
  0.0000000000000E+00
  0.0000000000000E+00
  0.0000000000000E+00
  0.0000000000000E+00
  0.0000000000000E+00
  0.0000000000000E+00
  0.0000000000000E+00
  0.0000000000000E+00
  0.0000000000000E+00
  0.0000000000000E+00
  0.0000000000000E+00
  0.0000000000000E+00
  0.0000000000000E+00
  0.0000000000000E+00
  0.0000000000000E+00
  0.0000000000000E+00
  0.0000000000000E+00
  0.0000000000000E+00
  0.0000000000000E+00
  0.0000000000000E+00
  0.0000000000000E+00
  0.0000000000000E+00
  0.0000000000000E+00
  0.0000000000000E+00
  0.0000000000000E+00
  0.0000000000000E+00
  0.0000000000000E+00
  0.0000000000000E+00
  0.0000000000000E+00
  0.0000000000000E+00
  0.0000000000000E+00
  0.0000000000000E+00
  0.0000000000000E+00
  0.0000000000000E+00
  0.0000000000000E+00
  0.0000000000000E+00
  0.0000000000000E+00
  0.0000000000000E+00
  0.0000000000000E+00
  0.0000000000000E+00
  0.0000000000000E+00
  0.0000000000000E+00
  0.0000000000000E+00
  0.0000000000000E+00
  0.0000000000000E+00
  0.0000000000000E+00
  0.0000000000000E+00
  0.0000000000000E+00
  0.0000000000000E+00
  0.0000000000000E+00
  0.0000000000000E+00
  0.0000000000000E+00
  0.0000000000000E+00
  0.0000000000000E+00
  0.0000000000000E+00
  0.0000000000000E+00
  0.0000000000000E+00
  0.0000000000000E+00
  0.0000000000000E+00
  0.0000000000000E+00
  0.0000000000000E+00
  0.0000000000000E+00
  0.0000000000000E+00
  0.0000000000000E+00
  0.0000000000000E+00
  0.0000000000000E+00
  0.0000000000000E+00
  0.0000000000000E+00
  0.0000000000000E+00
  0.0000000000000E+00
  0.0000000000000E+00
  0.0000000000000E+00
  0.0000000000000E+00
  0.0000000000000E+00
  0.0000000000000E+00
  0.0000000000000E+00
  0.0000000000000E+00
  0.0000000000000E+00
  0.0000000000000E+00
  0.0000000000000E+00
  0.0000000000000E+00
  0.0000000000000E+00
  0.0000000000000E+00
  0.0000000000000E+00
  0.0000000000000E+00
  0.0000000000000E+00
  0.0000000000000E+00
  0.0000000000000E+00
  0.0000000000000E+00
  0.0000000000000E+00
  0.0000000000000E+00
  0.0000000000000E+00
  0.0000000000000E+00
  0.0000000000000E+00
  0.0000000000000E+00
  0.0000000000000E+00
  0.0000000000000E+00
  0.0000000000000E+00
  0.0000000000000E+00
  0.0000000000000E+00
  0.0000000000000E+00
  0.0000000000000E+00
  0.0000000000000E+00
  0.0000000000000E+00
  0.0000000000000E+00
  0.0000000000000E+00
  0.0000000000000E+00
  0.0000000000000E+00
  0.0000000000000E+00
  0.0000000000000E+00
  0.0000000000000E+00
  0.0000000000000E+00
  0.0000000000000E+00
  0.0000000000000E+00
  0.0000000000000E+00
  0.0000000000000E+00
  0.0000000000000E+00
  0.0000000000000E+00
  0.0000000000000E+00
  0.0000000000000E+00
  0.0000000000000E+00
  0.0000000000000E+00
  0.0000000000000E+00
  0.0000000000000E+00
  0.0000000000000E+00
  0.0000000000000E+00
  0.0000000000000E+00
  0.0000000000000E+00
  0.0000000000000E+00
  0.0000000000000E+00
  0.0000000000000E+00
  0.0000000000000E+00
  0.0000000000000E+00
  0.0000000000000E+00
  0.0000000000000E+00
  0.0000000000000E+00
  0.0000000000000E+00
  0.0000000000000E+00
  0.0000000000000E+00
  0.0000000000000E+00
  0.0000000000000E+00
  0.0000000000000E+00
  0.0000000000000E+00
  0.0000000000000E+00
  0.0000000000000E+00
  0.0000000000000E+00
  0.0000000000000E+00
  0.0000000000000E+00
  0.0000000000000E+00
  0.0000000000000E+00
  0.0000000000000E+00
  0.0000000000000E+00
  0.0000000000000E+00
  0.0000000000000E+00
  0.0000000000000E+00
  0.0000000000000E+00
  0.0000000000000E+00
  0.0000000000000E+00
  0.0000000000000E+00
  0.0000000000000E+00
  0.0000000000000E+00
  0.0000000000000E+00
  0.0000000000000E+00
  0.0000000000000E+00
  0.0000000000000E+00
  0.0000000000000E+00
  0.0000000000000E+00
  0.0000000000000E+00
  0.0000000000000E+00
  0.0000000000000E+00
  0.0000000000000E+00
  0.0000000000000E+00
  0.0000000000000E+00
  0.0000000000000E+00
  0.0000000000000E+00
  0.0000000000000E+00
  0.0000000000000E+00
  0.0000000000000E+00
  0.0000000000000E+00
  0.0000000000000E+00
  0.0000000000000E+00
  0.0000000000000E+00
  0.0000000000000E+00
  0.0000000000000E+00
  0.0000000000000E+00
  0.0000000000000E+00
  0.0000000000000E+00
  0.0000000000000E+00
  0.0000000000000E+00
  0.0000000000000E+00
  0.0000000000000E+00
  0.0000000000000E+00
  0.0000000000000E+00
  0.0000000000000E+00
  0.0000000000000E+00
  0.0000000000000E+00
  0.0000000000000E+00
  0.0000000000000E+00
  0.0000000000000E+00
  0.0000000000000E+00
  0.0000000000000E+00
  0.0000000000000E+00
  0.0000000000000E+00
  0.0000000000000E+00
  0.0000000000000E+00
  0.0000000000000E+00
  0.0000000000000E+00
  0.0000000000000E+00
  0.0000000000000E+00
  0.0000000000000E+00
  0.0000000000000E+00
  0.0000000000000E+00
  0.0000000000000E+00
  0.0000000000000E+00
  0.0000000000000E+00
  0.0000000000000E+00
  0.0000000000000E+00
  0.0000000000000E+00
  0.0000000000000E+00
  0.0000000000000E+00
  0.0000000000000E+00
  0.0000000000000E+00
  0.0000000000000E+00
  0.0000000000000E+00
  0.0000000000000E+00
  0.0000000000000E+00
  0.0000000000000E+00
  0.0000000000000E+00
  0.0000000000000E+00
  0.0000000000000E+00
  0.0000000000000E+00
  0.0000000000000E+00
  0.0000000000000E+00
  0.0000000000000E+00
  0.0000000000000E+00
  0.0000000000000E+00
  0.0000000000000E+00
  0.0000000000000E+00
  0.0000000000000E+00
  0.0000000000000E+00
  0.0000000000000E+00
  0.0000000000000E+00
  0.0000000000000E+00
  0.0000000000000E+00
  0.0000000000000E+00
  0.0000000000000E+00
  0.0000000000000E+00
  0.0000000000000E+00
  0.0000000000000E+00
  0.0000000000000E+00
  0.0000000000000E+00
  0.0000000000000E+00
  0.0000000000000E+00
  0.0000000000000E+00
  0.0000000000000E+00
  0.0000000000000E+00
  0.0000000000000E+00
  0.0000000000000E+00
  0.0000000000000E+00
  0.0000000000000E+00
  0.0000000000000E+00
  0.0000000000000E+00
  0.0000000000000E+00
  0.0000000000000E+00
  0.0000000000000E+00
  0.0000000000000E+00
  0.0000000000000E+00
  0.0000000000000E+00
  0.0000000000000E+00
  0.0000000000000E+00
  0.0000000000000E+00
  0.0000000000000E+00
  0.0000000000000E+00
  0.0000000000000E+00
  0.0000000000000E+00
  0.0000000000000E+00
  0.0000000000000E+00
  0.0000000000000E+00
  0.0000000000000E+00
  0.0000000000000E+00
  0.0000000000000E+00
  0.0000000000000E+00
  0.0000000000000E+00
  0.0000000000000E+00
  0.0000000000000E+00
  0.0000000000000E+00
  0.0000000000000E+00
  0.0000000000000E+00
  0.0000000000000E+00
  0.0000000000000E+00
  0.0000000000000E+00
  0.0000000000000E+00
  0.0000000000000E+00
  0.0000000000000E+00
  0.0000000000000E+00
  0.0000000000000E+00
  0.0000000000000E+00
  0.0000000000000E+00
  0.0000000000000E+00
  0.0000000000000E+00
  0.0000000000000E+00
  0.0000000000000E+00
  0.0000000000000E+00
  0.0000000000000E+00
  0.0000000000000E+00
  0.0000000000000E+00
  0.0000000000000E+00
  0.0000000000000E+00
  0.0000000000000E+00
  0.0000000000000E+00
  0.0000000000000E+00
  0.0000000000000E+00
  0.0000000000000E+00
  0.0000000000000E+00
  0.0000000000000E+00
  0.0000000000000E+00
  0.0000000000000E+00
  0.0000000000000E+00
  0.0000000000000E+00
  0.0000000000000E+00
  0.0000000000000E+00
  0.0000000000000E+00
  0.0000000000000E+00
  0.0000000000000E+00
  0.0000000000000E+00
  0.0000000000000E+00
  0.0000000000000E+00
  0.0000000000000E+00
  0.0000000000000E+00
  0.0000000000000E+00
  0.0000000000000E+00
  0.0000000000000E+00
  0.0000000000000E+00
  0.0000000000000E+00
  0.0000000000000E+00
  0.0000000000000E+00
  0.0000000000000E+00
  0.0000000000000E+00
  0.0000000000000E+00
  0.0000000000000E+00
  0.0000000000000E+00
  0.0000000000000E+00
  0.0000000000000E+00
  0.0000000000000E+00
  0.0000000000000E+00
  0.0000000000000E+00
  0.0000000000000E+00
  0.0000000000000E+00
  0.0000000000000E+00
  0.0000000000000E+00
  0.0000000000000E+00
  0.0000000000000E+00
  0.0000000000000E+00
  0.0000000000000E+00
  0.0000000000000E+00
  0.0000000000000E+00
  0.0000000000000E+00
  0.0000000000000E+00
  0.0000000000000E+00
  0.0000000000000E+00
  0.0000000000000E+00
  0.0000000000000E+00
  0.0000000000000E+00
  0.0000000000000E+00
  0.0000000000000E+00
  0.0000000000000E+00
  0.0000000000000E+00
  0.0000000000000E+00
  0.0000000000000E+00
  0.0000000000000E+00
  0.0000000000000E+00
  0.0000000000000E+00
  0.0000000000000E+00
  0.0000000000000E+00
  0.0000000000000E+00
  0.0000000000000E+00
  0.0000000000000E+00
  0.0000000000000E+00
  0.0000000000000E+00
  0.0000000000000E+00
  0.0000000000000E+00
  0.0000000000000E+00
  0.0000000000000E+00
  0.0000000000000E+00
  0.0000000000000E+00
  0.0000000000000E+00
  0.0000000000000E+00
  0.0000000000000E+00
  0.0000000000000E+00
  0.0000000000000E+00
  0.0000000000000E+00
  0.0000000000000E+00
  0.0000000000000E+00
  0.0000000000000E+00
  0.0000000000000E+00
  0.0000000000000E+00
  0.0000000000000E+00
  0.0000000000000E+00
  0.0000000000000E+00
  0.0000000000000E+00
  0.0000000000000E+00
  0.0000000000000E+00
  0.0000000000000E+00
  0.0000000000000E+00
  0.0000000000000E+00
  0.0000000000000E+00
  0.0000000000000E+00
  0.0000000000000E+00
  0.0000000000000E+00
  0.0000000000000E+00
  0.0000000000000E+00
  0.0000000000000E+00
  0.0000000000000E+00
  0.0000000000000E+00
  0.0000000000000E+00
  0.0000000000000E+00
  0.0000000000000E+00
  0.0000000000000E+00
  0.0000000000000E+00
  0.0000000000000E+00
  0.0000000000000E+00
  0.0000000000000E+00
  0.0000000000000E+00
  0.0000000000000E+00
  0.0000000000000E+00
  0.0000000000000E+00
  0.0000000000000E+00
  0.0000000000000E+00
  0.0000000000000E+00
  0.0000000000000E+00
  0.0000000000000E+00
  0.0000000000000E+00
  0.0000000000000E+00
  0.0000000000000E+00
  0.0000000000000E+00
  0.0000000000000E+00
  0.0000000000000E+00
  0.0000000000000E+00
  0.0000000000000E+00
  0.0000000000000E+00
  0.0000000000000E+00
  0.0000000000000E+00
  0.0000000000000E+00
  0.0000000000000E+00
  0.0000000000000E+00
  0.0000000000000E+00
  0.0000000000000E+00
  0.0000000000000E+00
  0.0000000000000E+00
  0.0000000000000E+00
  0.0000000000000E+00
  0.0000000000000E+00
  0.0000000000000E+00
  0.0000000000000E+00
  0.0000000000000E+00
  0.0000000000000E+00
  0.0000000000000E+00
  0.0000000000000E+00
  0.0000000000000E+00
  0.0000000000000E+00
  0.0000000000000E+00
  0.0000000000000E+00
  0.0000000000000E+00
  0.0000000000000E+00
  0.0000000000000E+00
  0.0000000000000E+00
  0.0000000000000E+00
  0.0000000000000E+00
  0.0000000000000E+00
  0.0000000000000E+00
  0.0000000000000E+00
  0.0000000000000E+00
  0.0000000000000E+00
  0.0000000000000E+00
  0.0000000000000E+00
  0.0000000000000E+00
  0.0000000000000E+00
  0.0000000000000E+00
  0.0000000000000E+00
  0.0000000000000E+00
  0.0000000000000E+00
  0.0000000000000E+00
  0.0000000000000E+00
  0.0000000000000E+00
  0.0000000000000E+00
  0.0000000000000E+00
  0.0000000000000E+00
  0.0000000000000E+00
  0.0000000000000E+00
  0.0000000000000E+00
  0.0000000000000E+00
  0.0000000000000E+00
  0.0000000000000E+00
  0.0000000000000E+00
  0.0000000000000E+00
  0.0000000000000E+00
  0.0000000000000E+00
  0.0000000000000E+00
  0.0000000000000E+00
  0.0000000000000E+00
  0.0000000000000E+00
  0.0000000000000E+00
  0.0000000000000E+00
  0.0000000000000E+00
  0.0000000000000E+00
  0.0000000000000E+00
  0.0000000000000E+00
  0.0000000000000E+00
  0.0000000000000E+00
  0.0000000000000E+00
  0.0000000000000E+00
  0.0000000000000E+00
  0.0000000000000E+00
  0.0000000000000E+00
  0.0000000000000E+00
  0.0000000000000E+00
  0.0000000000000E+00
  0.0000000000000E+00
  0.0000000000000E+00
  0.0000000000000E+00
  0.0000000000000E+00
  0.0000000000000E+00
  0.0000000000000E+00
  0.0000000000000E+00
  0.0000000000000E+00
  0.0000000000000E+00
  0.0000000000000E+00
  0.0000000000000E+00
  0.0000000000000E+00
  0.0000000000000E+00
  0.0000000000000E+00
  0.0000000000000E+00
  0.0000000000000E+00
  0.0000000000000E+00
  0.0000000000000E+00
  0.0000000000000E+00
  0.0000000000000E+00
  0.0000000000000E+00
  0.0000000000000E+00
  0.0000000000000E+00
  0.0000000000000E+00
  0.0000000000000E+00
  0.0000000000000E+00
  0.0000000000000E+00
  0.0000000000000E+00
  0.0000000000000E+00
  0.0000000000000E+00
  0.0000000000000E+00
  0.0000000000000E+00
  0.0000000000000E+00
  0.0000000000000E+00
  0.0000000000000E+00
  0.0000000000000E+00
  0.0000000000000E+00
  0.0000000000000E+00
  0.0000000000000E+00
  0.0000000000000E+00
  0.0000000000000E+00
  0.0000000000000E+00
  0.0000000000000E+00
  0.0000000000000E+00
  0.0000000000000E+00
  0.0000000000000E+00
  0.0000000000000E+00
  0.0000000000000E+00
  0.0000000000000E+00
  0.0000000000000E+00
  0.0000000000000E+00
  0.0000000000000E+00
  0.0000000000000E+00
  0.0000000000000E+00
  0.0000000000000E+00
  0.0000000000000E+00
  0.0000000000000E+00
  0.0000000000000E+00
  0.0000000000000E+00
  0.0000000000000E+00
  0.0000000000000E+00
  0.0000000000000E+00
  0.0000000000000E+00
  0.0000000000000E+00
  0.0000000000000E+00
  0.0000000000000E+00
  0.0000000000000E+00
  0.0000000000000E+00
  0.0000000000000E+00
  0.0000000000000E+00
  0.0000000000000E+00
  0.0000000000000E+00
  0.0000000000000E+00
  0.0000000000000E+00
  0.0000000000000E+00
  0.0000000000000E+00
  0.0000000000000E+00
  0.0000000000000E+00
  0.0000000000000E+00
  0.0000000000000E+00
  0.0000000000000E+00
  0.0000000000000E+00
  0.0000000000000E+00
  0.0000000000000E+00
  0.0000000000000E+00
  0.0000000000000E+00
  0.0000000000000E+00
  0.0000000000000E+00
  0.0000000000000E+00
  0.0000000000000E+00
  0.0000000000000E+00
  0.0000000000000E+00
  0.0000000000000E+00
  0.0000000000000E+00
  0.0000000000000E+00
  0.0000000000000E+00
  0.0000000000000E+00
  0.0000000000000E+00
  0.0000000000000E+00
  0.0000000000000E+00
  0.0000000000000E+00
  0.0000000000000E+00
  0.0000000000000E+00
  0.0000000000000E+00
  0.0000000000000E+00
  0.0000000000000E+00
  0.0000000000000E+00
  0.0000000000000E+00
  0.0000000000000E+00
  0.0000000000000E+00
  0.0000000000000E+00
  0.0000000000000E+00
  0.0000000000000E+00
  0.0000000000000E+00
  0.0000000000000E+00
  0.0000000000000E+00
  0.0000000000000E+00
  0.0000000000000E+00
  0.0000000000000E+00
  0.0000000000000E+00
  0.0000000000000E+00
  0.0000000000000E+00
  0.0000000000000E+00
  0.0000000000000E+00
  0.0000000000000E+00
  0.0000000000000E+00
  0.0000000000000E+00
  0.0000000000000E+00
  0.0000000000000E+00
  0.0000000000000E+00
  0.0000000000000E+00
  0.0000000000000E+00
  0.0000000000000E+00
  0.0000000000000E+00
  0.0000000000000E+00
  0.0000000000000E+00
  0.0000000000000E+00
  0.0000000000000E+00
  0.0000000000000E+00
  0.0000000000000E+00
  0.0000000000000E+00
  0.0000000000000E+00
  0.0000000000000E+00
  0.0000000000000E+00
  0.0000000000000E+00
  0.0000000000000E+00
  0.0000000000000E+00
  0.0000000000000E+00
  0.0000000000000E+00
  0.0000000000000E+00
  0.0000000000000E+00
  0.0000000000000E+00
  0.0000000000000E+00
  0.0000000000000E+00
  0.0000000000000E+00
  0.0000000000000E+00
  0.0000000000000E+00
  0.0000000000000E+00
  0.0000000000000E+00
  0.0000000000000E+00
  0.0000000000000E+00
  0.0000000000000E+00
  0.0000000000000E+00
  0.0000000000000E+00
  0.0000000000000E+00
  0.0000000000000E+00
  0.0000000000000E+00
  0.0000000000000E+00
  0.0000000000000E+00
  0.0000000000000E+00
  0.0000000000000E+00
  0.0000000000000E+00
  0.0000000000000E+00
  0.0000000000000E+00
  0.0000000000000E+00
  0.0000000000000E+00
  0.0000000000000E+00
  0.0000000000000E+00
  0.0000000000000E+00
  0.0000000000000E+00
  0.0000000000000E+00
  0.0000000000000E+00
  0.0000000000000E+00
  0.0000000000000E+00
  0.0000000000000E+00
  0.0000000000000E+00
  0.0000000000000E+00
  0.0000000000000E+00
  0.0000000000000E+00
  0.0000000000000E+00
  0.0000000000000E+00
  0.0000000000000E+00
  0.0000000000000E+00
  0.0000000000000E+00
  0.0000000000000E+00
  0.0000000000000E+00
  0.0000000000000E+00
  0.0000000000000E+00
  0.0000000000000E+00
  0.0000000000000E+00
  0.0000000000000E+00
  0.0000000000000E+00
  0.0000000000000E+00
  0.0000000000000E+00
  0.0000000000000E+00
  0.0000000000000E+00
  0.0000000000000E+00
  0.0000000000000E+00
  0.0000000000000E+00
  0.0000000000000E+00
  0.0000000000000E+00
  0.0000000000000E+00
  0.0000000000000E+00
  0.0000000000000E+00
  0.0000000000000E+00
  0.0000000000000E+00
  0.0000000000000E+00
  0.0000000000000E+00
  0.0000000000000E+00
  0.0000000000000E+00
  0.0000000000000E+00
  0.0000000000000E+00
  0.0000000000000E+00
  0.0000000000000E+00
  0.0000000000000E+00
  0.0000000000000E+00
  0.0000000000000E+00
  0.0000000000000E+00
  0.0000000000000E+00
  0.0000000000000E+00
  0.0000000000000E+00
  0.0000000000000E+00
  0.0000000000000E+00
  0.0000000000000E+00
  0.0000000000000E+00
  0.0000000000000E+00
  0.0000000000000E+00
  0.0000000000000E+00
  0.0000000000000E+00
  0.0000000000000E+00
  0.0000000000000E+00
  0.0000000000000E+00
  0.0000000000000E+00
  0.0000000000000E+00
  0.0000000000000E+00
  0.0000000000000E+00
  0.0000000000000E+00
  0.0000000000000E+00
  0.0000000000000E+00
  0.0000000000000E+00
  0.0000000000000E+00
  0.0000000000000E+00
  0.0000000000000E+00
  0.0000000000000E+00
  0.0000000000000E+00
  0.0000000000000E+00
  0.0000000000000E+00
  0.0000000000000E+00
  0.0000000000000E+00
  0.0000000000000E+00
  0.0000000000000E+00
  0.0000000000000E+00
  0.0000000000000E+00
  0.0000000000000E+00
  0.0000000000000E+00
  0.0000000000000E+00
  0.0000000000000E+00
  0.0000000000000E+00
  0.0000000000000E+00
  0.0000000000000E+00
  0.0000000000000E+00
  0.0000000000000E+00
  0.0000000000000E+00
  0.0000000000000E+00
  0.0000000000000E+00
  0.0000000000000E+00
  0.0000000000000E+00
  0.0000000000000E+00
  0.0000000000000E+00
  0.0000000000000E+00
  0.0000000000000E+00
  0.0000000000000E+00
  0.0000000000000E+00
  0.0000000000000E+00
  0.0000000000000E+00
  0.0000000000000E+00
  0.0000000000000E+00
  0.0000000000000E+00
  0.0000000000000E+00
  0.0000000000000E+00
  0.0000000000000E+00
  0.0000000000000E+00
  0.0000000000000E+00
  0.0000000000000E+00
  0.0000000000000E+00
  0.0000000000000E+00
  0.0000000000000E+00
  0.0000000000000E+00
  0.0000000000000E+00
  0.0000000000000E+00
  0.0000000000000E+00
  0.0000000000000E+00
  0.0000000000000E+00
  0.0000000000000E+00
  0.0000000000000E+00
  0.0000000000000E+00
  0.0000000000000E+00
  0.0000000000000E+00
  0.0000000000000E+00
  0.0000000000000E+00
  0.0000000000000E+00
  0.0000000000000E+00
  0.0000000000000E+00
  0.0000000000000E+00
  0.0000000000000E+00
  0.0000000000000E+00
  0.0000000000000E+00
  0.0000000000000E+00
  0.0000000000000E+00
  0.0000000000000E+00
  0.0000000000000E+00
  0.0000000000000E+00
  0.0000000000000E+00
  0.0000000000000E+00
  0.0000000000000E+00
  0.0000000000000E+00
  0.0000000000000E+00
  0.0000000000000E+00
  0.0000000000000E+00
  0.0000000000000E+00
  0.0000000000000E+00
  0.0000000000000E+00
  0.0000000000000E+00
  0.0000000000000E+00
  0.0000000000000E+00
  0.0000000000000E+00
  0.0000000000000E+00
  0.0000000000000E+00
  0.0000000000000E+00
  0.0000000000000E+00
  0.0000000000000E+00
  0.0000000000000E+00
  0.0000000000000E+00
  0.0000000000000E+00
  0.0000000000000E+00
  0.0000000000000E+00
  0.0000000000000E+00
  0.0000000000000E+00
  0.0000000000000E+00
  0.0000000000000E+00
  0.0000000000000E+00
  0.0000000000000E+00
  0.0000000000000E+00
  0.0000000000000E+00
  0.0000000000000E+00
  0.0000000000000E+00
  0.0000000000000E+00
  0.0000000000000E+00
  0.0000000000000E+00
  0.0000000000000E+00
  0.0000000000000E+00
  0.0000000000000E+00
  0.0000000000000E+00
  0.0000000000000E+00
  0.0000000000000E+00
  0.0000000000000E+00
  0.0000000000000E+00
  0.0000000000000E+00
  0.0000000000000E+00
  0.0000000000000E+00
  0.0000000000000E+00
  0.0000000000000E+00
  0.0000000000000E+00
  0.0000000000000E+00
  0.0000000000000E+00
  0.0000000000000E+00
  0.0000000000000E+00
  0.0000000000000E+00
  0.0000000000000E+00
  0.0000000000000E+00
  0.0000000000000E+00
  0.0000000000000E+00
  0.0000000000000E+00
  0.0000000000000E+00
  0.0000000000000E+00
  0.0000000000000E+00
  0.0000000000000E+00
  0.0000000000000E+00
  0.0000000000000E+00
  0.0000000000000E+00
  0.0000000000000E+00
  0.0000000000000E+00
  0.0000000000000E+00
  0.0000000000000E+00
  0.0000000000000E+00
  0.0000000000000E+00
  0.0000000000000E+00
  0.0000000000000E+00
  0.0000000000000E+00
  0.0000000000000E+00
  0.0000000000000E+00
  0.0000000000000E+00
  0.0000000000000E+00
  0.0000000000000E+00
  0.0000000000000E+00
  0.0000000000000E+00
  0.0000000000000E+00
  0.0000000000000E+00
  0.0000000000000E+00
  0.0000000000000E+00
  0.0000000000000E+00
  0.0000000000000E+00
  0.0000000000000E+00
  0.0000000000000E+00
  0.0000000000000E+00
  0.0000000000000E+00
  0.0000000000000E+00
  0.0000000000000E+00
  0.0000000000000E+00
  0.0000000000000E+00
  0.0000000000000E+00
  0.0000000000000E+00
  0.0000000000000E+00
  0.0000000000000E+00
  0.0000000000000E+00
  0.0000000000000E+00
  0.0000000000000E+00
  0.0000000000000E+00
  0.0000000000000E+00
  0.0000000000000E+00
  0.0000000000000E+00
  0.0000000000000E+00
  0.0000000000000E+00
  0.0000000000000E+00
  0.0000000000000E+00
  0.0000000000000E+00
  0.0000000000000E+00
  0.0000000000000E+00
  0.0000000000000E+00
  0.0000000000000E+00
  0.0000000000000E+00
  0.0000000000000E+00
  0.0000000000000E+00
  0.0000000000000E+00
  0.0000000000000E+00
  0.0000000000000E+00
  0.0000000000000E+00
  0.0000000000000E+00
  0.0000000000000E+00
  0.0000000000000E+00
  0.0000000000000E+00
  0.0000000000000E+00
  0.0000000000000E+00
  0.0000000000000E+00
  0.0000000000000E+00
  0.0000000000000E+00
  0.0000000000000E+00
  0.0000000000000E+00
  0.0000000000000E+00
  0.0000000000000E+00
  0.0000000000000E+00
  0.0000000000000E+00
  0.0000000000000E+00
  0.0000000000000E+00
  0.0000000000000E+00
  0.0000000000000E+00
  0.0000000000000E+00
  0.0000000000000E+00
  0.0000000000000E+00
  0.0000000000000E+00
  0.0000000000000E+00
  0.0000000000000E+00
  0.0000000000000E+00
  0.0000000000000E+00
  0.0000000000000E+00
  0.0000000000000E+00
  0.0000000000000E+00
  0.0000000000000E+00
  0.0000000000000E+00
  0.0000000000000E+00
  0.0000000000000E+00
  0.0000000000000E+00
  0.0000000000000E+00
  0.0000000000000E+00
  0.0000000000000E+00
  0.0000000000000E+00
  0.0000000000000E+00
  0.0000000000000E+00
  0.0000000000000E+00
  0.0000000000000E+00
  0.0000000000000E+00
  0.0000000000000E+00
  0.0000000000000E+00
  0.0000000000000E+00
  0.0000000000000E+00
  0.0000000000000E+00
  0.0000000000000E+00
  0.0000000000000E+00
  0.0000000000000E+00
  0.0000000000000E+00
  0.0000000000000E+00
  0.0000000000000E+00
  0.0000000000000E+00
  0.0000000000000E+00
  0.0000000000000E+00
  0.0000000000000E+00
  0.0000000000000E+00
  0.0000000000000E+00
  0.0000000000000E+00
  0.0000000000000E+00
  0.0000000000000E+00
  0.0000000000000E+00
  0.0000000000000E+00
  0.0000000000000E+00
  0.0000000000000E+00
  0.0000000000000E+00
  0.2783684632793E-05
  0.2712340392021E-05
  0.2645482926311E-05
  0.2692591093692E-05
 -0.6611013072876E-07
 -0.7320718819857E-07
 -0.1030928075192E-06
 -0.1492916766526E-06
  0.1264033726405E-05
  0.0000000000000E+00
 -0.1956302569426E-06
  0.2445077191548E-05
  0.7274428533353E-06
  0.0000000000000E+00
  0.0000000000000E+00
  0.1528426163716E-06
  0.1956803706504E-05
  0.4891023167287E-05
 -0.4085925627521E-06
  0.3257579772622E-05
  0.2544785007355E-05
  0.2210283512697E-05
 -0.2286363157286E-06
 -0.2193420194152E-06
 -0.2298291880234E-06
 -0.2597379633659E-06
 -0.3246043270222E-06
 -0.3697685136909E-06
 -0.3923188507914E-06
 -0.3912042429584E-06
 -0.3739301441376E-06
 -0.3562396563019E-06
 -0.3455781290463E-06
 -0.3439102000803E-06
 -0.3473670085660E-06
 -0.3541605162985E-06
