   0.000000000000000E+00
   0.000000000000000E+00
   0.190730821439604E-01
   0.187574228272723E+00
   0.103237539043394E+00
   0.303413665926867E+00
   0.177047145105032E+00
   0.374873177870581E+00
   0.146782936779275E+00
   0.345472753851870E+00
   0.000000000000000E+00
   0.000000000000000E+00
   0.259596481673166E+00
   0.451092723017841E+00
   0.187228588795083E+00
   0.387306415587010E+00
   0.173724086193906E-01
   0.181735849457813E+00
   0.222613560385320E-01
   0.194252766955223E+00
   0.000000000000000E+00
   0.000000000000000E+00
   0.000000000000000E+00
   0.000000000000000E+00
   0.000000000000000E+00
   0.000000000000000E+00
   0.000000000000000E+00
   0.000000000000000E+00
   0.000000000000000E+00
   0.000000000000000E+00
   0.000000000000000E+00
   0.000000000000000E+00
   0.000000000000000E+00
   0.000000000000000E+00
   0.000000000000000E+00
   0.000000000000000E+00
   0.000000000000000E+00
   0.000000000000000E+00
   0.000000000000000E+00
   0.000000000000000E+00
   0.000000000000000E+00
   0.000000000000000E+00
   0.000000000000000E+00
   0.000000000000000E+00
   0.000000000000000E+00
   0.000000000000000E+00
   0.000000000000000E+00
   0.000000000000000E+00
   0.000000000000000E+00
   0.000000000000000E+00
   0.000000000000000E+00
   0.000000000000000E+00
   0.000000000000000E+00
   0.000000000000000E+00
   0.000000000000000E+00
   0.000000000000000E+00
   0.000000000000000E+00
   0.000000000000000E+00
   0.000000000000000E+00
   0.000000000000000E+00
   0.000000000000000E+00
   0.000000000000000E+00
   0.000000000000000E+00
   0.000000000000000E+00
   0.000000000000000E+00
   0.000000000000000E+00
   0.000000000000000E+00
   0.000000000000000E+00
   0.000000000000000E+00
   0.000000000000000E+00
   0.000000000000000E+00
   0.000000000000000E+00
   0.000000000000000E+00
   0.000000000000000E+00
   0.000000000000000E+00
   0.000000000000000E+00
   0.000000000000000E+00
   0.000000000000000E+00
   0.000000000000000E+00
   0.000000000000000E+00
   0.000000000000000E+00
   0.000000000000000E+00
   0.000000000000000E+00
   0.000000000000000E+00
   0.000000000000000E+00
   0.000000000000000E+00
   0.000000000000000E+00
   0.000000000000000E+00
   0.000000000000000E+00
   0.000000000000000E+00
   0.000000000000000E+00
   0.000000000000000E+00
   0.000000000000000E+00
   0.000000000000000E+00
   0.000000000000000E+00
   0.000000000000000E+00
   0.000000000000000E+00
   0.000000000000000E+00
   0.000000000000000E+00
   0.000000000000000E+00
   0.000000000000000E+00
   0.000000000000000E+00
   0.000000000000000E+00
   0.000000000000000E+00
   0.000000000000000E+00
   0.000000000000000E+00
   0.000000000000000E+00
   0.000000000000000E+00
   0.000000000000000E+00
   0.000000000000000E+00
   0.000000000000000E+00
   0.000000000000000E+00
   0.000000000000000E+00
   0.000000000000000E+00
   0.000000000000000E+00
   0.000000000000000E+00
   0.000000000000000E+00
   0.000000000000000E+00
   0.000000000000000E+00
   0.000000000000000E+00
   0.000000000000000E+00
   0.000000000000000E+00
   0.000000000000000E+00
   0.000000000000000E+00
   0.000000000000000E+00
   0.000000000000000E+00
   0.000000000000000E+00
   0.000000000000000E+00
   0.000000000000000E+00
   0.000000000000000E+00
   0.000000000000000E+00
   0.000000000000000E+00
   0.000000000000000E+00
   0.000000000000000E+00
   0.000000000000000E+00
   0.000000000000000E+00
   0.000000000000000E+00
   0.000000000000000E+00
   0.000000000000000E+00
   0.000000000000000E+00
   0.000000000000000E+00
   0.000000000000000E+00
   0.000000000000000E+00
   0.000000000000000E+00
   0.000000000000000E+00
   0.000000000000000E+00
   0.000000000000000E+00
   0.000000000000000E+00
   0.000000000000000E+00
   0.000000000000000E+00
   0.000000000000000E+00
   0.000000000000000E+00
   0.000000000000000E+00
   0.000000000000000E+00
   0.000000000000000E+00
   0.000000000000000E+00
   0.000000000000000E+00
   0.000000000000000E+00
   0.000000000000000E+00
   0.000000000000000E+00
   0.000000000000000E+00
   0.000000000000000E+00
   0.000000000000000E+00
   0.000000000000000E+00
   0.000000000000000E+00
   0.000000000000000E+00
   0.000000000000000E+00
   0.000000000000000E+00
   0.000000000000000E+00
   0.000000000000000E+00
   0.000000000000000E+00
   0.000000000000000E+00
   0.000000000000000E+00
   0.000000000000000E+00
   0.000000000000000E+00
   0.000000000000000E+00
   0.000000000000000E+00
   0.000000000000000E+00
   0.000000000000000E+00
   0.000000000000000E+00
   0.000000000000000E+00
   0.000000000000000E+00
   0.000000000000000E+00
   0.000000000000000E+00
   0.000000000000000E+00
   0.000000000000000E+00
   0.000000000000000E+00
   0.000000000000000E+00
   0.000000000000000E+00
   0.000000000000000E+00
   0.000000000000000E+00
   0.000000000000000E+00
   0.000000000000000E+00
   0.000000000000000E+00
   0.000000000000000E+00
   0.000000000000000E+00
   0.000000000000000E+00
   0.000000000000000E+00
   0.000000000000000E+00
   0.000000000000000E+00
   0.000000000000000E+00
   0.000000000000000E+00
   0.000000000000000E+00
   0.000000000000000E+00
   0.000000000000000E+00
   0.000000000000000E+00
   0.000000000000000E+00
   0.000000000000000E+00
   0.000000000000000E+00
   0.000000000000000E+00
   0.000000000000000E+00
   0.000000000000000E+00
   0.000000000000000E+00
   0.000000000000000E+00
   0.000000000000000E+00
   0.000000000000000E+00
   0.000000000000000E+00
   0.000000000000000E+00
   0.000000000000000E+00
   0.000000000000000E+00
   0.000000000000000E+00
   0.000000000000000E+00
   0.000000000000000E+00
   0.000000000000000E+00
   0.000000000000000E+00
   0.000000000000000E+00
   0.000000000000000E+00
   0.000000000000000E+00
   0.000000000000000E+00
   0.000000000000000E+00
   0.000000000000000E+00
   0.000000000000000E+00
   0.000000000000000E+00
   0.000000000000000E+00
   0.000000000000000E+00
   0.000000000000000E+00
   0.000000000000000E+00
   0.000000000000000E+00
   0.000000000000000E+00
   0.000000000000000E+00
   0.000000000000000E+00
   0.000000000000000E+00
   0.000000000000000E+00
   0.000000000000000E+00
   0.000000000000000E+00
   0.000000000000000E+00
   0.000000000000000E+00
   0.000000000000000E+00
   0.000000000000000E+00
   0.000000000000000E+00
   0.000000000000000E+00
   0.000000000000000E+00
   0.000000000000000E+00
   0.000000000000000E+00
   0.000000000000000E+00
   0.000000000000000E+00
   0.000000000000000E+00
   0.000000000000000E+00
   0.000000000000000E+00
   0.000000000000000E+00
   0.000000000000000E+00
   0.000000000000000E+00
   0.000000000000000E+00
   0.000000000000000E+00
   0.000000000000000E+00
   0.000000000000000E+00
   0.000000000000000E+00
   0.000000000000000E+00
   0.000000000000000E+00
   0.000000000000000E+00
   0.000000000000000E+00
   0.000000000000000E+00
   0.000000000000000E+00
   0.000000000000000E+00
   0.000000000000000E+00
   0.000000000000000E+00
   0.000000000000000E+00
   0.000000000000000E+00
   0.000000000000000E+00
   0.000000000000000E+00
   0.000000000000000E+00
   0.000000000000000E+00
   0.000000000000000E+00
   0.000000000000000E+00
   0.000000000000000E+00
   0.000000000000000E+00
   0.000000000000000E+00
   0.000000000000000E+00
   0.000000000000000E+00
   0.000000000000000E+00
   0.000000000000000E+00
   0.000000000000000E+00
   0.000000000000000E+00
   0.000000000000000E+00
   0.000000000000000E+00
   0.000000000000000E+00
   0.000000000000000E+00
   0.000000000000000E+00
   0.000000000000000E+00
   0.000000000000000E+00
   0.000000000000000E+00
   0.000000000000000E+00
   0.000000000000000E+00
   0.000000000000000E+00
   0.000000000000000E+00
   0.000000000000000E+00
   0.000000000000000E+00
   0.000000000000000E+00
   0.000000000000000E+00
   0.000000000000000E+00
   0.000000000000000E+00
   0.000000000000000E+00
   0.000000000000000E+00
   0.000000000000000E+00
   0.000000000000000E+00
   0.000000000000000E+00
   0.000000000000000E+00
   0.000000000000000E+00
   0.000000000000000E+00
   0.000000000000000E+00
   0.000000000000000E+00
   0.000000000000000E+00
   0.000000000000000E+00
   0.000000000000000E+00
   0.000000000000000E+00
   0.000000000000000E+00
   0.000000000000000E+00
   0.000000000000000E+00
   0.000000000000000E+00
   0.000000000000000E+00
   0.000000000000000E+00
   0.000000000000000E+00
   0.000000000000000E+00
   0.000000000000000E+00
   0.000000000000000E+00
   0.000000000000000E+00
   0.000000000000000E+00
   0.000000000000000E+00
   0.000000000000000E+00
   0.000000000000000E+00
   0.000000000000000E+00
   0.000000000000000E+00
   0.000000000000000E+00
   0.000000000000000E+00
   0.000000000000000E+00
   0.000000000000000E+00
   0.000000000000000E+00
   0.000000000000000E+00
   0.000000000000000E+00
   0.000000000000000E+00
   0.000000000000000E+00
   0.000000000000000E+00
   0.000000000000000E+00
   0.000000000000000E+00
   0.000000000000000E+00
   0.000000000000000E+00
   0.000000000000000E+00
   0.000000000000000E+00
   0.000000000000000E+00
   0.000000000000000E+00
   0.000000000000000E+00
   0.000000000000000E+00
   0.000000000000000E+00
   0.000000000000000E+00
   0.000000000000000E+00
   0.000000000000000E+00
   0.000000000000000E+00
   0.000000000000000E+00
   0.000000000000000E+00
   0.000000000000000E+00
   0.000000000000000E+00
   0.000000000000000E+00
   0.000000000000000E+00
   0.000000000000000E+00
   0.000000000000000E+00
   0.000000000000000E+00
   0.000000000000000E+00
   0.000000000000000E+00
   0.000000000000000E+00
   0.000000000000000E+00
   0.000000000000000E+00
   0.000000000000000E+00
   0.000000000000000E+00
   0.000000000000000E+00
   0.000000000000000E+00
   0.000000000000000E+00
   0.000000000000000E+00
   0.000000000000000E+00
   0.000000000000000E+00
   0.000000000000000E+00
   0.000000000000000E+00
   0.000000000000000E+00
   0.000000000000000E+00
   0.000000000000000E+00
   0.000000000000000E+00
   0.000000000000000E+00
   0.000000000000000E+00
   0.000000000000000E+00
   0.000000000000000E+00
   0.000000000000000E+00
   0.000000000000000E+00
   0.000000000000000E+00
   0.000000000000000E+00
   0.000000000000000E+00
   0.000000000000000E+00
   0.000000000000000E+00
   0.000000000000000E+00
   0.000000000000000E+00
   0.000000000000000E+00
   0.000000000000000E+00
   0.000000000000000E+00
   0.000000000000000E+00
   0.000000000000000E+00
   0.000000000000000E+00
   0.000000000000000E+00
   0.000000000000000E+00
   0.000000000000000E+00
   0.000000000000000E+00
   0.000000000000000E+00
   0.000000000000000E+00
   0.000000000000000E+00
   0.000000000000000E+00
   0.000000000000000E+00
   0.000000000000000E+00
   0.000000000000000E+00
   0.000000000000000E+00
   0.000000000000000E+00
   0.000000000000000E+00
   0.000000000000000E+00
   0.000000000000000E+00
   0.000000000000000E+00
   0.000000000000000E+00
   0.000000000000000E+00
   0.000000000000000E+00
   0.000000000000000E+00
   0.000000000000000E+00
   0.000000000000000E+00
   0.000000000000000E+00
   0.000000000000000E+00
   0.000000000000000E+00
   0.000000000000000E+00
   0.000000000000000E+00
   0.000000000000000E+00
   0.000000000000000E+00
   0.000000000000000E+00
   0.000000000000000E+00
   0.000000000000000E+00
   0.000000000000000E+00
   0.000000000000000E+00
   0.000000000000000E+00
   0.000000000000000E+00
   0.000000000000000E+00
   0.000000000000000E+00
   0.000000000000000E+00
   0.000000000000000E+00
   0.000000000000000E+00
   0.000000000000000E+00
   0.000000000000000E+00
   0.000000000000000E+00
   0.000000000000000E+00
   0.000000000000000E+00
   0.000000000000000E+00
   0.000000000000000E+00
   0.000000000000000E+00
   0.000000000000000E+00
   0.000000000000000E+00
   0.000000000000000E+00
   0.000000000000000E+00
   0.000000000000000E+00
   0.000000000000000E+00
   0.000000000000000E+00
   0.000000000000000E+00
   0.000000000000000E+00
   0.000000000000000E+00
   0.000000000000000E+00
   0.000000000000000E+00
   0.000000000000000E+00
   0.000000000000000E+00
   0.000000000000000E+00
   0.000000000000000E+00
   0.000000000000000E+00
   0.000000000000000E+00
   0.000000000000000E+00
   0.000000000000000E+00
   0.000000000000000E+00
   0.000000000000000E+00
   0.000000000000000E+00
   0.000000000000000E+00
   0.000000000000000E+00
   0.000000000000000E+00
   0.000000000000000E+00
   0.000000000000000E+00
   0.000000000000000E+00
   0.000000000000000E+00
   0.000000000000000E+00
   0.000000000000000E+00
   0.000000000000000E+00
   0.000000000000000E+00
   0.000000000000000E+00
   0.000000000000000E+00
   0.000000000000000E+00
   0.000000000000000E+00
   0.000000000000000E+00
   0.000000000000000E+00
   0.000000000000000E+00
   0.000000000000000E+00
   0.000000000000000E+00
   0.000000000000000E+00
   0.000000000000000E+00
   0.000000000000000E+00
   0.000000000000000E+00
   0.000000000000000E+00
   0.000000000000000E+00
   0.000000000000000E+00
   0.000000000000000E+00
   0.000000000000000E+00
   0.000000000000000E+00
   0.000000000000000E+00
   0.000000000000000E+00
   0.000000000000000E+00
   0.000000000000000E+00
   0.000000000000000E+00
   0.000000000000000E+00
   0.000000000000000E+00
   0.000000000000000E+00
   0.000000000000000E+00
   0.000000000000000E+00
   0.000000000000000E+00
   0.000000000000000E+00
   0.000000000000000E+00
   0.000000000000000E+00
   0.000000000000000E+00
   0.000000000000000E+00
   0.000000000000000E+00
   0.000000000000000E+00
   0.000000000000000E+00
   0.000000000000000E+00
   0.000000000000000E+00
   0.000000000000000E+00
   0.000000000000000E+00
   0.000000000000000E+00
   0.000000000000000E+00
   0.000000000000000E+00
   0.000000000000000E+00
   0.000000000000000E+00
   0.000000000000000E+00
   0.000000000000000E+00
   0.000000000000000E+00
   0.000000000000000E+00
   0.000000000000000E+00
   0.000000000000000E+00
   0.000000000000000E+00
   0.000000000000000E+00
   0.000000000000000E+00
   0.000000000000000E+00
   0.000000000000000E+00
   0.000000000000000E+00
   0.000000000000000E+00
   0.000000000000000E+00
   0.000000000000000E+00
   0.000000000000000E+00
   0.000000000000000E+00
   0.000000000000000E+00
   0.000000000000000E+00
   0.000000000000000E+00
   0.000000000000000E+00
   0.000000000000000E+00
   0.000000000000000E+00
   0.000000000000000E+00
   0.000000000000000E+00
   0.000000000000000E+00
   0.000000000000000E+00
   0.000000000000000E+00
   0.000000000000000E+00
   0.000000000000000E+00
   0.000000000000000E+00
   0.000000000000000E+00
   0.000000000000000E+00
   0.000000000000000E+00
   0.000000000000000E+00
   0.000000000000000E+00
   0.000000000000000E+00
   0.000000000000000E+00
   0.000000000000000E+00
   0.000000000000000E+00
   0.000000000000000E+00
   0.000000000000000E+00
   0.000000000000000E+00
   0.000000000000000E+00
   0.000000000000000E+00
   0.000000000000000E+00
   0.000000000000000E+00
   0.000000000000000E+00
   0.000000000000000E+00
   0.000000000000000E+00
   0.000000000000000E+00
   0.000000000000000E+00
   0.000000000000000E+00
   0.000000000000000E+00
   0.000000000000000E+00
   0.000000000000000E+00
   0.000000000000000E+00
   0.000000000000000E+00
   0.000000000000000E+00
   0.000000000000000E+00
   0.000000000000000E+00
   0.000000000000000E+00
   0.000000000000000E+00
   0.000000000000000E+00
   0.000000000000000E+00
   0.000000000000000E+00
   0.000000000000000E+00
   0.000000000000000E+00
   0.000000000000000E+00
   0.000000000000000E+00
   0.000000000000000E+00
   0.000000000000000E+00
   0.000000000000000E+00
   0.000000000000000E+00
   0.000000000000000E+00
   0.000000000000000E+00
   0.000000000000000E+00
   0.000000000000000E+00
   0.000000000000000E+00
   0.000000000000000E+00
   0.000000000000000E+00
   0.000000000000000E+00
   0.000000000000000E+00
   0.000000000000000E+00
   0.000000000000000E+00
   0.000000000000000E+00
   0.000000000000000E+00
   0.000000000000000E+00
   0.000000000000000E+00
   0.000000000000000E+00
   0.000000000000000E+00
   0.000000000000000E+00
   0.000000000000000E+00
   0.000000000000000E+00
   0.000000000000000E+00
   0.000000000000000E+00
   0.000000000000000E+00
   0.000000000000000E+00
   0.000000000000000E+00
   0.000000000000000E+00
   0.000000000000000E+00
   0.000000000000000E+00
   0.000000000000000E+00
   0.000000000000000E+00
   0.000000000000000E+00
   0.000000000000000E+00
   0.000000000000000E+00
   0.000000000000000E+00
   0.000000000000000E+00
   0.000000000000000E+00
   0.000000000000000E+00
   0.000000000000000E+00
   0.000000000000000E+00
   0.000000000000000E+00
   0.000000000000000E+00
   0.000000000000000E+00
   0.000000000000000E+00
   0.000000000000000E+00
   0.000000000000000E+00
   0.000000000000000E+00
   0.000000000000000E+00
   0.000000000000000E+00
   0.000000000000000E+00
   0.000000000000000E+00
   0.000000000000000E+00
   0.000000000000000E+00
   0.000000000000000E+00
   0.000000000000000E+00
   0.000000000000000E+00
   0.000000000000000E+00
   0.000000000000000E+00
   0.000000000000000E+00
   0.000000000000000E+00
   0.000000000000000E+00
   0.000000000000000E+00
   0.000000000000000E+00
   0.000000000000000E+00
   0.000000000000000E+00
   0.000000000000000E+00
   0.000000000000000E+00
   0.000000000000000E+00
   0.000000000000000E+00
   0.000000000000000E+00
   0.000000000000000E+00
   0.000000000000000E+00
   0.000000000000000E+00
   0.000000000000000E+00
   0.000000000000000E+00
   0.000000000000000E+00
   0.000000000000000E+00
   0.000000000000000E+00
   0.000000000000000E+00
   0.000000000000000E+00
   0.000000000000000E+00
   0.000000000000000E+00
   0.000000000000000E+00
   0.000000000000000E+00
   0.000000000000000E+00
   0.000000000000000E+00
   0.000000000000000E+00
   0.000000000000000E+00
   0.000000000000000E+00
   0.000000000000000E+00
   0.000000000000000E+00
   0.000000000000000E+00
   0.000000000000000E+00
   0.000000000000000E+00
   0.000000000000000E+00
   0.000000000000000E+00
   0.000000000000000E+00
   0.000000000000000E+00
   0.000000000000000E+00
   0.000000000000000E+00
   0.000000000000000E+00
   0.000000000000000E+00
   0.000000000000000E+00
   0.000000000000000E+00
   0.000000000000000E+00
   0.000000000000000E+00
   0.000000000000000E+00
   0.000000000000000E+00
   0.000000000000000E+00
   0.000000000000000E+00
   0.000000000000000E+00
   0.000000000000000E+00
   0.000000000000000E+00
   0.000000000000000E+00
   0.000000000000000E+00
   0.000000000000000E+00
   0.000000000000000E+00
   0.000000000000000E+00
   0.000000000000000E+00
   0.000000000000000E+00
   0.000000000000000E+00
   0.000000000000000E+00
   0.000000000000000E+00
   0.000000000000000E+00
   0.000000000000000E+00
   0.000000000000000E+00
   0.000000000000000E+00
   0.000000000000000E+00
   0.000000000000000E+00
   0.000000000000000E+00
   0.000000000000000E+00
   0.000000000000000E+00
   0.000000000000000E+00
   0.000000000000000E+00
   0.000000000000000E+00
   0.000000000000000E+00
   0.000000000000000E+00
   0.000000000000000E+00
   0.000000000000000E+00
   0.000000000000000E+00
   0.000000000000000E+00
   0.000000000000000E+00
   0.000000000000000E+00
   0.000000000000000E+00
   0.000000000000000E+00
   0.000000000000000E+00
   0.000000000000000E+00
   0.000000000000000E+00
   0.000000000000000E+00
   0.000000000000000E+00
   0.000000000000000E+00
   0.000000000000000E+00
   0.000000000000000E+00
   0.000000000000000E+00
   0.000000000000000E+00
   0.000000000000000E+00
   0.000000000000000E+00
   0.000000000000000E+00
   0.000000000000000E+00
   0.000000000000000E+00
   0.000000000000000E+00
   0.000000000000000E+00
   0.000000000000000E+00
   0.000000000000000E+00
   0.000000000000000E+00
   0.000000000000000E+00
   0.000000000000000E+00
   0.000000000000000E+00
   0.000000000000000E+00
   0.000000000000000E+00
   0.000000000000000E+00
   0.000000000000000E+00
   0.000000000000000E+00
   0.000000000000000E+00
   0.000000000000000E+00
   0.000000000000000E+00
   0.000000000000000E+00
   0.000000000000000E+00
   0.000000000000000E+00
   0.000000000000000E+00
   0.000000000000000E+00
   0.000000000000000E+00
   0.000000000000000E+00
   0.000000000000000E+00
   0.000000000000000E+00
   0.000000000000000E+00
   0.000000000000000E+00
   0.000000000000000E+00
   0.000000000000000E+00
   0.000000000000000E+00
   0.000000000000000E+00
   0.000000000000000E+00
   0.000000000000000E+00
   0.000000000000000E+00
   0.000000000000000E+00
   0.000000000000000E+00
   0.000000000000000E+00
   0.000000000000000E+00
   0.000000000000000E+00
   0.000000000000000E+00
   0.000000000000000E+00
   0.000000000000000E+00
   0.000000000000000E+00
   0.000000000000000E+00
   0.000000000000000E+00
   0.000000000000000E+00
   0.000000000000000E+00
   0.000000000000000E+00
   0.000000000000000E+00
   0.000000000000000E+00
   0.000000000000000E+00
   0.000000000000000E+00
   0.000000000000000E+00
   0.000000000000000E+00
   0.000000000000000E+00
   0.000000000000000E+00
   0.000000000000000E+00
   0.000000000000000E+00
   0.000000000000000E+00
   0.000000000000000E+00
   0.000000000000000E+00
   0.000000000000000E+00
   0.000000000000000E+00
   0.000000000000000E+00
   0.000000000000000E+00
   0.000000000000000E+00
   0.000000000000000E+00
   0.000000000000000E+00
   0.000000000000000E+00
   0.000000000000000E+00
   0.000000000000000E+00
   0.000000000000000E+00
   0.000000000000000E+00
   0.000000000000000E+00
   0.000000000000000E+00
   0.000000000000000E+00
   0.000000000000000E+00
   0.000000000000000E+00
   0.000000000000000E+00
   0.000000000000000E+00
   0.000000000000000E+00
   0.000000000000000E+00
   0.000000000000000E+00
   0.000000000000000E+00
   0.000000000000000E+00
   0.000000000000000E+00
   0.000000000000000E+00
   0.000000000000000E+00
   0.000000000000000E+00
   0.000000000000000E+00
   0.000000000000000E+00
   0.000000000000000E+00
   0.000000000000000E+00
   0.000000000000000E+00
   0.000000000000000E+00
   0.000000000000000E+00
   0.000000000000000E+00
   0.000000000000000E+00
   0.000000000000000E+00
   0.000000000000000E+00
   0.000000000000000E+00
   0.000000000000000E+00
   0.000000000000000E+00
   0.000000000000000E+00
   0.000000000000000E+00
   0.000000000000000E+00
   0.000000000000000E+00
   0.000000000000000E+00
   0.000000000000000E+00
   0.000000000000000E+00
   0.000000000000000E+00
   0.000000000000000E+00
   0.000000000000000E+00
   0.000000000000000E+00
   0.000000000000000E+00
   0.000000000000000E+00
   0.000000000000000E+00
   0.000000000000000E+00
   0.000000000000000E+00
   0.000000000000000E+00
   0.000000000000000E+00
   0.000000000000000E+00
   0.000000000000000E+00
   0.000000000000000E+00
   0.000000000000000E+00
   0.000000000000000E+00
   0.000000000000000E+00
   0.000000000000000E+00
   0.000000000000000E+00
   0.000000000000000E+00
   0.000000000000000E+00
   0.000000000000000E+00
   0.000000000000000E+00
   0.000000000000000E+00
   0.000000000000000E+00
   0.000000000000000E+00
   0.000000000000000E+00
   0.000000000000000E+00
   0.000000000000000E+00
   0.000000000000000E+00
   0.000000000000000E+00
   0.000000000000000E+00
   0.000000000000000E+00
   0.000000000000000E+00
   0.000000000000000E+00
   0.000000000000000E+00
   0.000000000000000E+00
   0.000000000000000E+00
   0.000000000000000E+00
   0.000000000000000E+00
   0.000000000000000E+00
   0.000000000000000E+00
   0.000000000000000E+00
   0.000000000000000E+00
   0.000000000000000E+00
   0.000000000000000E+00
   0.000000000000000E+00
   0.000000000000000E+00
   0.000000000000000E+00
   0.000000000000000E+00
   0.000000000000000E+00
   0.000000000000000E+00
   0.000000000000000E+00
   0.000000000000000E+00
   0.000000000000000E+00
   0.000000000000000E+00
   0.000000000000000E+00
   0.000000000000000E+00
   0.000000000000000E+00
   0.000000000000000E+00
   0.000000000000000E+00
   0.000000000000000E+00
   0.000000000000000E+00
   0.000000000000000E+00
   0.000000000000000E+00
   0.000000000000000E+00
   0.000000000000000E+00
   0.000000000000000E+00
   0.000000000000000E+00
   0.000000000000000E+00
   0.000000000000000E+00
   0.000000000000000E+00
   0.000000000000000E+00
   0.000000000000000E+00
   0.000000000000000E+00
   0.000000000000000E+00
   0.000000000000000E+00
   0.000000000000000E+00
   0.000000000000000E+00
   0.000000000000000E+00
   0.000000000000000E+00
   0.000000000000000E+00
   0.000000000000000E+00
   0.000000000000000E+00
   0.000000000000000E+00
   0.000000000000000E+00
   0.000000000000000E+00
   0.000000000000000E+00
   0.000000000000000E+00
   0.000000000000000E+00
   0.000000000000000E+00
   0.000000000000000E+00
   0.000000000000000E+00
   0.000000000000000E+00
   0.000000000000000E+00
   0.000000000000000E+00
   0.000000000000000E+00
   0.000000000000000E+00
   0.000000000000000E+00
   0.000000000000000E+00
   0.000000000000000E+00
   0.000000000000000E+00
   0.000000000000000E+00
   0.000000000000000E+00
   0.000000000000000E+00
   0.000000000000000E+00
   0.000000000000000E+00
   0.000000000000000E+00
   0.000000000000000E+00
   0.000000000000000E+00
   0.000000000000000E+00
   0.000000000000000E+00
   0.000000000000000E+00
   0.000000000000000E+00
   0.000000000000000E+00
   0.000000000000000E+00
   0.000000000000000E+00
   0.000000000000000E+00
   0.000000000000000E+00
   0.000000000000000E+00
   0.000000000000000E+00
   0.000000000000000E+00
   0.000000000000000E+00
   0.000000000000000E+00
   0.000000000000000E+00
   0.000000000000000E+00
   0.000000000000000E+00
   0.000000000000000E+00
   0.000000000000000E+00
   0.000000000000000E+00
   0.000000000000000E+00
   0.000000000000000E+00
   0.000000000000000E+00
   0.000000000000000E+00
   0.000000000000000E+00
   0.000000000000000E+00
   0.000000000000000E+00
   0.000000000000000E+00
   0.000000000000000E+00
   0.000000000000000E+00
   0.000000000000000E+00
   0.000000000000000E+00
   0.000000000000000E+00
   0.000000000000000E+00
   0.000000000000000E+00
   0.000000000000000E+00
   0.000000000000000E+00
   0.000000000000000E+00
   0.000000000000000E+00
   0.000000000000000E+00
   0.000000000000000E+00
   0.000000000000000E+00
   0.000000000000000E+00
   0.000000000000000E+00
   0.000000000000000E+00
   0.000000000000000E+00
   0.000000000000000E+00
   0.000000000000000E+00
   0.000000000000000E+00
   0.000000000000000E+00
   0.000000000000000E+00
   0.000000000000000E+00
   0.000000000000000E+00
   0.000000000000000E+00
   0.000000000000000E+00
   0.000000000000000E+00
   0.000000000000000E+00
   0.000000000000000E+00
   0.000000000000000E+00
   0.000000000000000E+00
   0.000000000000000E+00
   0.000000000000000E+00
   0.000000000000000E+00
   0.000000000000000E+00
   0.000000000000000E+00
   0.000000000000000E+00
   0.000000000000000E+00
   0.000000000000000E+00
   0.000000000000000E+00
   0.000000000000000E+00
   0.000000000000000E+00
   0.000000000000000E+00
   0.000000000000000E+00
   0.000000000000000E+00
   0.000000000000000E+00
   0.000000000000000E+00
   0.000000000000000E+00
   0.000000000000000E+00
   0.000000000000000E+00
   0.000000000000000E+00
   0.000000000000000E+00
   0.000000000000000E+00
   0.000000000000000E+00
   0.000000000000000E+00
   0.000000000000000E+00
   0.000000000000000E+00
   0.000000000000000E+00
   0.000000000000000E+00
   0.000000000000000E+00
   0.000000000000000E+00
   0.000000000000000E+00
   0.000000000000000E+00
   0.000000000000000E+00
   0.000000000000000E+00
   0.000000000000000E+00
   0.000000000000000E+00
   0.000000000000000E+00
   0.000000000000000E+00
   0.000000000000000E+00
   0.000000000000000E+00
   0.000000000000000E+00
   0.000000000000000E+00
   0.000000000000000E+00
   0.000000000000000E+00
   0.000000000000000E+00
   0.000000000000000E+00
   0.000000000000000E+00
   0.000000000000000E+00
   0.000000000000000E+00
   0.000000000000000E+00
   0.000000000000000E+00
   0.000000000000000E+00
   0.000000000000000E+00
   0.000000000000000E+00
   0.000000000000000E+00
   0.000000000000000E+00
   0.000000000000000E+00
   0.000000000000000E+00
   0.000000000000000E+00
   0.000000000000000E+00
   0.000000000000000E+00
   0.000000000000000E+00
   0.000000000000000E+00
   0.000000000000000E+00
   0.000000000000000E+00
   0.000000000000000E+00
   0.000000000000000E+00
   0.000000000000000E+00
   0.000000000000000E+00
   0.000000000000000E+00
   0.000000000000000E+00
   0.000000000000000E+00
   0.000000000000000E+00
   0.000000000000000E+00
   0.000000000000000E+00
   0.000000000000000E+00
   0.000000000000000E+00
   0.000000000000000E+00
   0.000000000000000E+00
   0.000000000000000E+00
   0.000000000000000E+00
   0.000000000000000E+00
   0.000000000000000E+00
   0.000000000000000E+00
   0.000000000000000E+00
   0.000000000000000E+00
   0.000000000000000E+00
   0.000000000000000E+00
   0.000000000000000E+00
   0.000000000000000E+00
   0.000000000000000E+00
   0.000000000000000E+00
   0.000000000000000E+00
   0.000000000000000E+00
   0.000000000000000E+00
   0.000000000000000E+00
   0.000000000000000E+00
   0.000000000000000E+00
   0.000000000000000E+00
   0.000000000000000E+00
   0.000000000000000E+00
   0.000000000000000E+00
   0.000000000000000E+00
   0.000000000000000E+00
   0.000000000000000E+00
   0.000000000000000E+00
   0.000000000000000E+00
   0.000000000000000E+00
   0.000000000000000E+00
   0.000000000000000E+00
   0.000000000000000E+00
   0.000000000000000E+00
   0.000000000000000E+00
   0.000000000000000E+00
   0.000000000000000E+00
   0.000000000000000E+00
   0.000000000000000E+00
   0.000000000000000E+00
   0.000000000000000E+00
   0.000000000000000E+00
   0.000000000000000E+00
   0.000000000000000E+00
   0.000000000000000E+00
   0.000000000000000E+00
   0.000000000000000E+00
   0.000000000000000E+00
   0.000000000000000E+00
   0.000000000000000E+00
   0.000000000000000E+00
   0.000000000000000E+00
   0.000000000000000E+00
   0.000000000000000E+00
   0.000000000000000E+00
   0.000000000000000E+00
   0.000000000000000E+00
   0.000000000000000E+00
   0.000000000000000E+00
   0.000000000000000E+00
   0.000000000000000E+00
   0.000000000000000E+00
   0.000000000000000E+00
   0.000000000000000E+00
   0.000000000000000E+00
   0.000000000000000E+00
   0.000000000000000E+00
   0.000000000000000E+00
   0.000000000000000E+00
   0.000000000000000E+00
   0.000000000000000E+00
   0.000000000000000E+00
   0.000000000000000E+00
   0.000000000000000E+00
   0.000000000000000E+00
   0.000000000000000E+00
   0.000000000000000E+00
   0.000000000000000E+00
   0.000000000000000E+00
   0.000000000000000E+00
   0.000000000000000E+00
   0.000000000000000E+00
   0.000000000000000E+00
   0.000000000000000E+00
   0.000000000000000E+00
   0.000000000000000E+00
   0.000000000000000E+00
   0.000000000000000E+00
   0.000000000000000E+00
   0.000000000000000E+00
   0.000000000000000E+00
   0.000000000000000E+00
   0.000000000000000E+00
   0.000000000000000E+00
   0.000000000000000E+00
   0.000000000000000E+00
   0.000000000000000E+00
   0.000000000000000E+00
   0.000000000000000E+00
   0.000000000000000E+00
   0.000000000000000E+00
   0.000000000000000E+00
   0.000000000000000E+00
   0.000000000000000E+00
   0.000000000000000E+00
   0.000000000000000E+00
   0.000000000000000E+00
   0.000000000000000E+00
   0.000000000000000E+00
   0.000000000000000E+00
   0.000000000000000E+00
   0.000000000000000E+00
   0.000000000000000E+00
   0.000000000000000E+00
   0.000000000000000E+00
   0.000000000000000E+00
   0.000000000000000E+00
   0.000000000000000E+00
   0.000000000000000E+00
   0.000000000000000E+00
   0.000000000000000E+00
   0.000000000000000E+00
   0.000000000000000E+00
   0.000000000000000E+00
   0.000000000000000E+00
   0.000000000000000E+00
   0.000000000000000E+00
   0.000000000000000E+00
   0.000000000000000E+00
   0.000000000000000E+00
   0.000000000000000E+00
   0.000000000000000E+00
   0.000000000000000E+00
   0.000000000000000E+00
   0.000000000000000E+00
   0.000000000000000E+00
   0.000000000000000E+00
   0.000000000000000E+00
   0.000000000000000E+00
   0.000000000000000E+00
   0.000000000000000E+00
   0.000000000000000E+00
   0.000000000000000E+00
   0.000000000000000E+00
   0.000000000000000E+00
   0.000000000000000E+00
   0.000000000000000E+00
   0.000000000000000E+00
   0.000000000000000E+00
   0.000000000000000E+00
   0.000000000000000E+00
   0.000000000000000E+00
   0.000000000000000E+00
   0.000000000000000E+00
   0.000000000000000E+00
   0.000000000000000E+00
   0.000000000000000E+00
   0.000000000000000E+00
   0.000000000000000E+00
   0.000000000000000E+00
   0.000000000000000E+00
   0.000000000000000E+00
   0.000000000000000E+00
   0.000000000000000E+00
   0.000000000000000E+00
   0.000000000000000E+00
   0.000000000000000E+00
   0.000000000000000E+00
   0.000000000000000E+00
   0.000000000000000E+00
   0.000000000000000E+00
   0.000000000000000E+00
   0.000000000000000E+00
   0.000000000000000E+00
   0.000000000000000E+00
   0.000000000000000E+00
   0.000000000000000E+00
   0.000000000000000E+00
   0.000000000000000E+00
   0.000000000000000E+00
   0.000000000000000E+00
   0.000000000000000E+00
   0.000000000000000E+00
   0.000000000000000E+00
   0.000000000000000E+00
   0.000000000000000E+00
   0.000000000000000E+00
   0.000000000000000E+00
   0.000000000000000E+00
   0.000000000000000E+00
   0.000000000000000E+00
   0.000000000000000E+00
   0.000000000000000E+00
   0.000000000000000E+00
   0.000000000000000E+00
   0.000000000000000E+00
   0.000000000000000E+00
   0.000000000000000E+00
   0.000000000000000E+00
   0.000000000000000E+00
   0.000000000000000E+00
   0.000000000000000E+00
   0.000000000000000E+00
   0.000000000000000E+00
   0.000000000000000E+00
   0.000000000000000E+00
   0.000000000000000E+00
   0.000000000000000E+00
   0.000000000000000E+00
   0.000000000000000E+00
   0.000000000000000E+00
   0.000000000000000E+00
   0.000000000000000E+00
   0.000000000000000E+00
   0.000000000000000E+00
   0.000000000000000E+00
   0.000000000000000E+00
   0.000000000000000E+00
   0.000000000000000E+00
   0.000000000000000E+00
   0.000000000000000E+00
   0.000000000000000E+00
   0.000000000000000E+00
   0.000000000000000E+00
   0.000000000000000E+00
   0.000000000000000E+00
   0.000000000000000E+00
   0.000000000000000E+00
   0.000000000000000E+00
   0.000000000000000E+00
   0.000000000000000E+00
   0.000000000000000E+00
   0.000000000000000E+00
   0.000000000000000E+00
   0.000000000000000E+00
   0.000000000000000E+00
   0.000000000000000E+00
   0.000000000000000E+00
   0.000000000000000E+00
   0.000000000000000E+00
   0.000000000000000E+00
   0.000000000000000E+00
   0.000000000000000E+00
   0.000000000000000E+00
   0.000000000000000E+00
   0.000000000000000E+00
   0.000000000000000E+00
   0.000000000000000E+00
   0.000000000000000E+00
   0.000000000000000E+00
   0.000000000000000E+00
   0.000000000000000E+00
   0.000000000000000E+00
   0.000000000000000E+00
   0.000000000000000E+00
   0.000000000000000E+00
   0.000000000000000E+00
   0.000000000000000E+00
   0.000000000000000E+00
   0.000000000000000E+00
   0.000000000000000E+00
   0.000000000000000E+00
   0.000000000000000E+00
   0.000000000000000E+00
   0.000000000000000E+00
   0.000000000000000E+00
   0.000000000000000E+00
   0.000000000000000E+00
   0.000000000000000E+00
   0.000000000000000E+00
   0.000000000000000E+00
   0.000000000000000E+00
   0.000000000000000E+00
   0.000000000000000E+00
   0.000000000000000E+00
   0.000000000000000E+00
   0.000000000000000E+00
   0.000000000000000E+00
   0.000000000000000E+00
   0.000000000000000E+00
   0.000000000000000E+00
   0.000000000000000E+00
   0.000000000000000E+00
   0.000000000000000E+00
   0.000000000000000E+00
   0.000000000000000E+00
   0.000000000000000E+00
   0.000000000000000E+00
   0.000000000000000E+00
   0.000000000000000E+00
   0.000000000000000E+00
   0.000000000000000E+00
   0.000000000000000E+00
   0.000000000000000E+00
   0.000000000000000E+00
   0.000000000000000E+00
   0.000000000000000E+00
   0.000000000000000E+00
   0.000000000000000E+00
   0.000000000000000E+00
   0.000000000000000E+00
   0.000000000000000E+00
   0.000000000000000E+00
   0.000000000000000E+00
   0.000000000000000E+00
   0.000000000000000E+00
   0.000000000000000E+00
   0.000000000000000E+00
   0.000000000000000E+00
   0.000000000000000E+00
   0.000000000000000E+00
   0.000000000000000E+00
   0.000000000000000E+00
   0.000000000000000E+00
   0.000000000000000E+00
   0.000000000000000E+00
   0.000000000000000E+00
   0.000000000000000E+00
   0.000000000000000E+00
   0.000000000000000E+00
   0.000000000000000E+00
   0.000000000000000E+00
   0.000000000000000E+00
   0.000000000000000E+00
   0.000000000000000E+00
   0.000000000000000E+00
   0.000000000000000E+00
   0.000000000000000E+00
   0.000000000000000E+00
   0.000000000000000E+00
   0.000000000000000E+00
   0.000000000000000E+00
   0.000000000000000E+00
   0.000000000000000E+00
   0.000000000000000E+00
   0.000000000000000E+00
   0.000000000000000E+00
   0.000000000000000E+00
   0.000000000000000E+00
   0.000000000000000E+00
   0.000000000000000E+00
   0.000000000000000E+00
   0.000000000000000E+00
   0.000000000000000E+00
   0.000000000000000E+00
   0.000000000000000E+00
   0.000000000000000E+00
   0.000000000000000E+00
   0.000000000000000E+00
   0.000000000000000E+00
   0.000000000000000E+00
   0.000000000000000E+00
   0.000000000000000E+00
   0.000000000000000E+00
   0.000000000000000E+00
   0.000000000000000E+00
   0.000000000000000E+00
   0.000000000000000E+00
   0.000000000000000E+00
   0.000000000000000E+00
   0.000000000000000E+00
   0.000000000000000E+00
   0.000000000000000E+00
   0.000000000000000E+00
   0.000000000000000E+00
   0.000000000000000E+00
   0.000000000000000E+00
   0.000000000000000E+00
   0.000000000000000E+00
   0.000000000000000E+00
   0.000000000000000E+00
   0.000000000000000E+00
   0.000000000000000E+00
   0.000000000000000E+00
   0.000000000000000E+00
   0.000000000000000E+00
   0.000000000000000E+00
   0.000000000000000E+00
   0.000000000000000E+00
   0.000000000000000E+00
   0.000000000000000E+00
   0.000000000000000E+00
   0.000000000000000E+00
   0.000000000000000E+00
   0.000000000000000E+00
   0.000000000000000E+00
   0.000000000000000E+00
   0.000000000000000E+00
   0.000000000000000E+00
   0.000000000000000E+00
   0.000000000000000E+00
   0.000000000000000E+00
   0.000000000000000E+00
   0.000000000000000E+00
   0.000000000000000E+00
   0.000000000000000E+00
   0.000000000000000E+00
   0.000000000000000E+00
   0.000000000000000E+00
   0.000000000000000E+00
   0.000000000000000E+00
   0.000000000000000E+00
   0.000000000000000E+00
   0.000000000000000E+00
   0.000000000000000E+00
   0.000000000000000E+00
   0.000000000000000E+00
   0.000000000000000E+00
   0.000000000000000E+00
   0.000000000000000E+00
   0.000000000000000E+00
   0.000000000000000E+00
   0.000000000000000E+00
   0.000000000000000E+00
   0.000000000000000E+00
   0.000000000000000E+00
   0.000000000000000E+00
   0.000000000000000E+00
   0.000000000000000E+00
   0.000000000000000E+00
   0.000000000000000E+00
   0.000000000000000E+00
   0.000000000000000E+00
   0.000000000000000E+00
   0.000000000000000E+00
   0.000000000000000E+00
   0.000000000000000E+00
   0.000000000000000E+00
   0.000000000000000E+00
   0.000000000000000E+00
   0.000000000000000E+00
   0.000000000000000E+00
   0.000000000000000E+00
   0.000000000000000E+00
   0.000000000000000E+00
   0.000000000000000E+00
   0.000000000000000E+00
   0.000000000000000E+00
   0.000000000000000E+00
   0.000000000000000E+00
   0.000000000000000E+00
   0.000000000000000E+00
   0.000000000000000E+00
   0.000000000000000E+00
   0.000000000000000E+00
   0.000000000000000E+00
   0.000000000000000E+00
   0.000000000000000E+00
   0.000000000000000E+00
   0.000000000000000E+00
   0.000000000000000E+00
   0.000000000000000E+00
   0.000000000000000E+00
   0.000000000000000E+00
   0.000000000000000E+00
   0.000000000000000E+00
   0.000000000000000E+00
   0.000000000000000E+00
   0.000000000000000E+00
   0.000000000000000E+00
   0.000000000000000E+00
   0.000000000000000E+00
   0.000000000000000E+00
   0.000000000000000E+00
   0.000000000000000E+00
   0.000000000000000E+00
   0.000000000000000E+00
   0.000000000000000E+00
   0.000000000000000E+00
   0.000000000000000E+00
   0.000000000000000E+00
   0.000000000000000E+00
   0.000000000000000E+00
   0.000000000000000E+00
   0.000000000000000E+00
   0.000000000000000E+00
   0.000000000000000E+00
   0.000000000000000E+00
   0.000000000000000E+00
   0.000000000000000E+00
   0.000000000000000E+00
   0.000000000000000E+00
   0.000000000000000E+00
   0.000000000000000E+00
   0.000000000000000E+00
   0.000000000000000E+00
   0.000000000000000E+00
   0.000000000000000E+00
   0.000000000000000E+00
   0.000000000000000E+00
   0.000000000000000E+00
   0.000000000000000E+00
   0.000000000000000E+00
   0.000000000000000E+00
   0.000000000000000E+00
   0.000000000000000E+00
   0.000000000000000E+00
   0.000000000000000E+00
   0.000000000000000E+00
   0.000000000000000E+00
   0.000000000000000E+00
   0.000000000000000E+00
   0.000000000000000E+00
   0.000000000000000E+00
   0.000000000000000E+00
   0.000000000000000E+00
   0.000000000000000E+00
   0.000000000000000E+00
   0.000000000000000E+00
   0.000000000000000E+00
   0.000000000000000E+00
   0.000000000000000E+00
   0.000000000000000E+00
   0.000000000000000E+00
   0.000000000000000E+00
   0.000000000000000E+00
   0.000000000000000E+00
   0.000000000000000E+00
   0.000000000000000E+00
   0.000000000000000E+00
   0.000000000000000E+00
   0.000000000000000E+00
   0.000000000000000E+00
   0.000000000000000E+00
   0.000000000000000E+00
   0.000000000000000E+00
   0.000000000000000E+00
   0.000000000000000E+00
   0.000000000000000E+00
   0.000000000000000E+00
   0.000000000000000E+00
   0.000000000000000E+00
   0.000000000000000E+00
   0.000000000000000E+00
   0.000000000000000E+00
   0.000000000000000E+00
   0.000000000000000E+00
   0.000000000000000E+00
   0.000000000000000E+00
   0.000000000000000E+00
   0.000000000000000E+00
   0.000000000000000E+00
   0.000000000000000E+00
   0.000000000000000E+00
   0.000000000000000E+00
   0.000000000000000E+00
   0.000000000000000E+00
   0.000000000000000E+00
   0.000000000000000E+00
   0.000000000000000E+00
   0.000000000000000E+00
   0.000000000000000E+00
   0.000000000000000E+00
   0.000000000000000E+00
   0.000000000000000E+00
   0.000000000000000E+00
   0.000000000000000E+00
   0.000000000000000E+00
   0.000000000000000E+00
   0.000000000000000E+00
   0.000000000000000E+00
   0.000000000000000E+00
   0.000000000000000E+00
   0.000000000000000E+00
   0.000000000000000E+00
   0.000000000000000E+00
   0.000000000000000E+00
   0.000000000000000E+00
   0.000000000000000E+00
   0.000000000000000E+00
   0.000000000000000E+00
   0.000000000000000E+00
   0.000000000000000E+00
   0.000000000000000E+00
   0.000000000000000E+00
   0.000000000000000E+00
   0.000000000000000E+00
   0.000000000000000E+00
   0.000000000000000E+00
   0.000000000000000E+00
   0.000000000000000E+00
   0.000000000000000E+00
   0.000000000000000E+00
   0.000000000000000E+00
   0.000000000000000E+00
   0.000000000000000E+00
   0.000000000000000E+00
   0.000000000000000E+00
   0.000000000000000E+00
   0.000000000000000E+00
   0.000000000000000E+00
   0.000000000000000E+00
   0.000000000000000E+00
   0.000000000000000E+00
   0.000000000000000E+00
   0.000000000000000E+00
   0.000000000000000E+00
   0.000000000000000E+00
   0.000000000000000E+00
   0.000000000000000E+00
   0.000000000000000E+00
   0.000000000000000E+00
   0.000000000000000E+00
   0.000000000000000E+00
   0.000000000000000E+00
   0.000000000000000E+00
   0.000000000000000E+00
   0.000000000000000E+00
   0.000000000000000E+00
   0.000000000000000E+00
   0.000000000000000E+00
   0.000000000000000E+00
   0.000000000000000E+00
   0.000000000000000E+00
   0.000000000000000E+00
   0.000000000000000E+00
   0.000000000000000E+00
   0.000000000000000E+00
   0.000000000000000E+00
   0.000000000000000E+00
   0.000000000000000E+00
   0.000000000000000E+00
   0.000000000000000E+00
   0.000000000000000E+00
   0.000000000000000E+00
   0.000000000000000E+00
   0.000000000000000E+00
   0.000000000000000E+00
   0.000000000000000E+00
   0.000000000000000E+00
   0.000000000000000E+00
   0.000000000000000E+00
   0.000000000000000E+00
   0.000000000000000E+00
   0.000000000000000E+00
   0.000000000000000E+00
   0.000000000000000E+00
   0.000000000000000E+00
   0.000000000000000E+00
   0.000000000000000E+00
   0.000000000000000E+00
   0.000000000000000E+00
   0.000000000000000E+00
   0.000000000000000E+00
   0.000000000000000E+00
   0.000000000000000E+00
   0.000000000000000E+00
   0.000000000000000E+00
   0.000000000000000E+00
   0.000000000000000E+00
   0.000000000000000E+00
   0.000000000000000E+00
   0.000000000000000E+00
   0.000000000000000E+00
   0.000000000000000E+00
   0.000000000000000E+00
   0.000000000000000E+00
   0.000000000000000E+00
   0.000000000000000E+00
   0.000000000000000E+00
   0.000000000000000E+00
   0.000000000000000E+00
   0.000000000000000E+00
   0.000000000000000E+00
   0.000000000000000E+00
   0.000000000000000E+00
   0.000000000000000E+00
   0.000000000000000E+00
   0.000000000000000E+00
   0.000000000000000E+00
   0.000000000000000E+00
   0.000000000000000E+00
   0.000000000000000E+00
   0.000000000000000E+00
   0.000000000000000E+00
   0.000000000000000E+00
   0.000000000000000E+00
   0.000000000000000E+00
   0.000000000000000E+00
   0.000000000000000E+00
   0.000000000000000E+00
   0.000000000000000E+00
   0.000000000000000E+00
   0.000000000000000E+00
   0.000000000000000E+00
   0.000000000000000E+00
   0.000000000000000E+00
   0.000000000000000E+00
   0.000000000000000E+00
   0.000000000000000E+00
   0.000000000000000E+00
   0.000000000000000E+00
   0.000000000000000E+00
   0.000000000000000E+00
   0.000000000000000E+00
   0.000000000000000E+00
   0.000000000000000E+00
   0.000000000000000E+00
   0.000000000000000E+00
   0.000000000000000E+00
   0.000000000000000E+00
   0.000000000000000E+00
   0.000000000000000E+00
   0.000000000000000E+00
   0.000000000000000E+00
   0.000000000000000E+00
   0.000000000000000E+00
   0.000000000000000E+00
   0.000000000000000E+00
   0.000000000000000E+00
   0.000000000000000E+00
   0.000000000000000E+00
   0.000000000000000E+00
   0.000000000000000E+00
   0.000000000000000E+00
   0.000000000000000E+00
   0.000000000000000E+00
   0.000000000000000E+00
   0.000000000000000E+00
   0.000000000000000E+00
   0.000000000000000E+00
   0.000000000000000E+00
   0.000000000000000E+00
   0.000000000000000E+00
   0.000000000000000E+00
   0.000000000000000E+00
   0.000000000000000E+00
   0.000000000000000E+00
   0.000000000000000E+00
   0.000000000000000E+00
   0.000000000000000E+00
   0.000000000000000E+00
   0.000000000000000E+00
   0.000000000000000E+00
   0.000000000000000E+00
   0.000000000000000E+00
   0.000000000000000E+00
   0.000000000000000E+00
   0.000000000000000E+00
   0.000000000000000E+00
   0.000000000000000E+00
   0.000000000000000E+00
   0.000000000000000E+00
   0.000000000000000E+00
   0.000000000000000E+00
   0.000000000000000E+00
   0.000000000000000E+00
   0.000000000000000E+00
   0.000000000000000E+00
   0.000000000000000E+00
   0.000000000000000E+00
   0.000000000000000E+00
   0.000000000000000E+00
   0.000000000000000E+00
   0.000000000000000E+00
   0.000000000000000E+00
   0.000000000000000E+00
   0.000000000000000E+00
   0.000000000000000E+00
   0.000000000000000E+00
   0.000000000000000E+00
   0.000000000000000E+00
   0.000000000000000E+00
   0.000000000000000E+00
   0.000000000000000E+00
   0.000000000000000E+00
   0.000000000000000E+00
   0.000000000000000E+00
   0.000000000000000E+00
   0.000000000000000E+00
   0.000000000000000E+00
   0.000000000000000E+00
   0.000000000000000E+00
   0.000000000000000E+00
   0.000000000000000E+00
   0.000000000000000E+00
   0.000000000000000E+00
   0.000000000000000E+00
   0.000000000000000E+00
   0.000000000000000E+00
   0.000000000000000E+00
   0.000000000000000E+00
   0.000000000000000E+00
   0.000000000000000E+00
   0.000000000000000E+00
   0.000000000000000E+00
   0.000000000000000E+00
   0.000000000000000E+00
   0.000000000000000E+00
   0.000000000000000E+00
   0.000000000000000E+00
   0.000000000000000E+00
   0.000000000000000E+00
   0.000000000000000E+00
   0.000000000000000E+00
   0.000000000000000E+00
   0.000000000000000E+00
   0.000000000000000E+00
   0.000000000000000E+00
   0.000000000000000E+00
   0.000000000000000E+00
   0.000000000000000E+00
   0.000000000000000E+00
   0.000000000000000E+00
   0.000000000000000E+00
   0.000000000000000E+00
   0.000000000000000E+00
   0.000000000000000E+00
   0.000000000000000E+00
   0.000000000000000E+00
   0.000000000000000E+00
   0.000000000000000E+00
   0.000000000000000E+00
   0.000000000000000E+00
   0.000000000000000E+00
   0.000000000000000E+00
   0.000000000000000E+00
   0.000000000000000E+00
   0.000000000000000E+00
   0.000000000000000E+00
   0.000000000000000E+00
   0.000000000000000E+00
   0.000000000000000E+00
   0.000000000000000E+00
   0.000000000000000E+00
   0.000000000000000E+00
   0.000000000000000E+00
   0.000000000000000E+00
   0.000000000000000E+00
   0.000000000000000E+00
   0.000000000000000E+00
   0.000000000000000E+00
   0.000000000000000E+00
   0.000000000000000E+00
   0.000000000000000E+00
   0.000000000000000E+00
   0.000000000000000E+00
   0.000000000000000E+00
   0.000000000000000E+00
   0.000000000000000E+00
   0.000000000000000E+00
   0.000000000000000E+00
   0.000000000000000E+00
   0.000000000000000E+00
   0.000000000000000E+00
   0.000000000000000E+00
   0.000000000000000E+00
   0.000000000000000E+00
   0.000000000000000E+00
   0.000000000000000E+00
   0.000000000000000E+00
   0.000000000000000E+00
   0.000000000000000E+00
   0.000000000000000E+00
   0.000000000000000E+00
   0.000000000000000E+00
   0.000000000000000E+00
   0.000000000000000E+00
   0.000000000000000E+00
   0.000000000000000E+00
   0.000000000000000E+00
   0.000000000000000E+00
   0.000000000000000E+00
   0.000000000000000E+00
   0.000000000000000E+00
   0.000000000000000E+00
   0.000000000000000E+00
   0.000000000000000E+00
   0.000000000000000E+00
   0.000000000000000E+00
   0.000000000000000E+00
   0.000000000000000E+00
   0.000000000000000E+00
   0.000000000000000E+00
   0.000000000000000E+00
   0.000000000000000E+00
   0.000000000000000E+00
   0.000000000000000E+00
   0.000000000000000E+00
   0.000000000000000E+00
   0.000000000000000E+00
   0.000000000000000E+00
   0.000000000000000E+00
   0.000000000000000E+00
   0.000000000000000E+00
   0.000000000000000E+00
   0.000000000000000E+00
   0.000000000000000E+00
   0.000000000000000E+00
   0.000000000000000E+00
   0.000000000000000E+00
   0.000000000000000E+00
   0.000000000000000E+00
   0.000000000000000E+00
   0.000000000000000E+00
   0.000000000000000E+00
   0.000000000000000E+00
   0.000000000000000E+00
   0.000000000000000E+00
   0.000000000000000E+00
   0.000000000000000E+00
   0.000000000000000E+00
   0.000000000000000E+00
   0.000000000000000E+00
   0.000000000000000E+00
   0.000000000000000E+00
   0.000000000000000E+00
   0.000000000000000E+00
   0.000000000000000E+00
   0.000000000000000E+00
   0.000000000000000E+00
   0.000000000000000E+00
   0.000000000000000E+00
   0.000000000000000E+00
   0.000000000000000E+00
   0.000000000000000E+00
   0.000000000000000E+00
   0.000000000000000E+00
   0.000000000000000E+00
   0.000000000000000E+00
   0.000000000000000E+00
   0.000000000000000E+00
   0.000000000000000E+00
   0.000000000000000E+00
   0.000000000000000E+00
   0.000000000000000E+00
   0.000000000000000E+00
   0.000000000000000E+00
   0.000000000000000E+00
   0.000000000000000E+00
   0.000000000000000E+00
   0.000000000000000E+00
   0.000000000000000E+00
   0.000000000000000E+00
   0.000000000000000E+00
   0.000000000000000E+00
   0.000000000000000E+00
   0.000000000000000E+00
   0.000000000000000E+00
   0.000000000000000E+00
   0.000000000000000E+00
   0.000000000000000E+00
   0.000000000000000E+00
   0.000000000000000E+00
   0.000000000000000E+00
   0.000000000000000E+00
   0.000000000000000E+00
   0.000000000000000E+00
   0.000000000000000E+00
   0.000000000000000E+00
   0.000000000000000E+00
   0.000000000000000E+00
   0.000000000000000E+00
   0.000000000000000E+00
   0.000000000000000E+00
   0.000000000000000E+00
   0.000000000000000E+00
   0.000000000000000E+00
   0.000000000000000E+00
   0.000000000000000E+00
   0.000000000000000E+00
   0.000000000000000E+00
   0.000000000000000E+00
   0.000000000000000E+00
   0.000000000000000E+00
   0.000000000000000E+00
   0.000000000000000E+00
   0.000000000000000E+00
   0.000000000000000E+00
   0.000000000000000E+00
   0.000000000000000E+00
   0.000000000000000E+00
   0.000000000000000E+00
   0.000000000000000E+00
   0.000000000000000E+00
   0.000000000000000E+00
   0.000000000000000E+00
   0.000000000000000E+00
   0.000000000000000E+00
   0.000000000000000E+00
   0.000000000000000E+00
   0.000000000000000E+00
   0.000000000000000E+00
   0.000000000000000E+00
   0.000000000000000E+00
   0.000000000000000E+00
   0.000000000000000E+00
   0.000000000000000E+00
   0.000000000000000E+00
   0.000000000000000E+00
   0.000000000000000E+00
   0.000000000000000E+00
   0.000000000000000E+00
   0.000000000000000E+00
   0.000000000000000E+00
   0.000000000000000E+00
   0.000000000000000E+00
   0.000000000000000E+00
   0.000000000000000E+00
   0.000000000000000E+00
   0.000000000000000E+00
   0.000000000000000E+00
   0.000000000000000E+00
   0.000000000000000E+00
   0.000000000000000E+00
   0.000000000000000E+00
   0.000000000000000E+00
   0.000000000000000E+00
   0.000000000000000E+00
   0.000000000000000E+00
   0.000000000000000E+00
   0.000000000000000E+00
   0.000000000000000E+00
   0.000000000000000E+00
   0.000000000000000E+00
   0.000000000000000E+00
   0.000000000000000E+00
   0.000000000000000E+00
   0.000000000000000E+00
   0.000000000000000E+00
   0.000000000000000E+00
   0.000000000000000E+00
   0.000000000000000E+00
   0.000000000000000E+00
   0.000000000000000E+00
   0.000000000000000E+00
   0.000000000000000E+00
   0.000000000000000E+00
   0.000000000000000E+00
   0.000000000000000E+00
   0.000000000000000E+00
   0.000000000000000E+00
   0.000000000000000E+00
   0.000000000000000E+00
   0.000000000000000E+00
   0.000000000000000E+00
   0.000000000000000E+00
   0.000000000000000E+00
   0.000000000000000E+00
   0.000000000000000E+00
   0.000000000000000E+00
   0.000000000000000E+00
   0.000000000000000E+00
   0.000000000000000E+00
   0.000000000000000E+00
   0.000000000000000E+00
   0.000000000000000E+00
   0.000000000000000E+00
   0.000000000000000E+00
   0.000000000000000E+00
   0.000000000000000E+00
   0.000000000000000E+00
   0.000000000000000E+00
   0.000000000000000E+00
   0.000000000000000E+00
   0.000000000000000E+00
   0.000000000000000E+00
   0.000000000000000E+00
   0.000000000000000E+00
   0.000000000000000E+00
   0.000000000000000E+00
   0.000000000000000E+00
   0.000000000000000E+00
   0.000000000000000E+00
   0.000000000000000E+00
   0.000000000000000E+00
   0.000000000000000E+00
   0.000000000000000E+00
   0.000000000000000E+00
   0.000000000000000E+00
   0.000000000000000E+00
   0.000000000000000E+00
   0.000000000000000E+00
   0.000000000000000E+00
   0.000000000000000E+00
   0.000000000000000E+00
   0.000000000000000E+00
   0.000000000000000E+00
   0.000000000000000E+00
   0.000000000000000E+00
   0.000000000000000E+00
   0.000000000000000E+00
   0.000000000000000E+00
   0.000000000000000E+00
   0.000000000000000E+00
   0.000000000000000E+00
   0.000000000000000E+00
   0.000000000000000E+00
   0.000000000000000E+00
   0.000000000000000E+00
   0.000000000000000E+00
   0.000000000000000E+00
   0.000000000000000E+00
   0.000000000000000E+00
   0.000000000000000E+00
   0.000000000000000E+00
   0.000000000000000E+00
   0.000000000000000E+00
   0.000000000000000E+00
   0.000000000000000E+00
   0.000000000000000E+00
   0.000000000000000E+00
   0.000000000000000E+00
   0.000000000000000E+00
   0.000000000000000E+00
   0.000000000000000E+00
   0.000000000000000E+00
   0.000000000000000E+00
   0.000000000000000E+00
   0.000000000000000E+00
   0.000000000000000E+00
   0.000000000000000E+00
   0.000000000000000E+00
   0.000000000000000E+00
   0.000000000000000E+00
   0.000000000000000E+00
   0.000000000000000E+00
   0.000000000000000E+00
   0.000000000000000E+00
   0.000000000000000E+00
   0.000000000000000E+00
   0.000000000000000E+00
   0.000000000000000E+00
   0.000000000000000E+00
   0.000000000000000E+00
   0.000000000000000E+00
   0.000000000000000E+00
   0.000000000000000E+00
   0.000000000000000E+00
   0.000000000000000E+00
   0.000000000000000E+00
   0.000000000000000E+00
   0.000000000000000E+00
   0.000000000000000E+00
   0.000000000000000E+00
   0.000000000000000E+00
   0.000000000000000E+00
   0.000000000000000E+00
   0.000000000000000E+00
   0.000000000000000E+00
   0.000000000000000E+00
   0.000000000000000E+00
   0.000000000000000E+00
   0.000000000000000E+00
   0.000000000000000E+00
   0.000000000000000E+00
   0.000000000000000E+00
   0.000000000000000E+00
   0.000000000000000E+00
   0.000000000000000E+00
   0.000000000000000E+00
   0.000000000000000E+00
   0.000000000000000E+00
   0.000000000000000E+00
   0.000000000000000E+00
   0.000000000000000E+00
   0.000000000000000E+00
   0.000000000000000E+00
   0.000000000000000E+00
   0.000000000000000E+00
   0.000000000000000E+00
   0.000000000000000E+00
   0.000000000000000E+00
   0.000000000000000E+00
   0.000000000000000E+00
   0.000000000000000E+00
   0.000000000000000E+00
   0.000000000000000E+00
   0.000000000000000E+00
   0.000000000000000E+00
   0.000000000000000E+00
   0.000000000000000E+00
   0.000000000000000E+00
   0.000000000000000E+00
   0.000000000000000E+00
   0.000000000000000E+00
   0.000000000000000E+00
   0.000000000000000E+00
   0.000000000000000E+00
   0.000000000000000E+00
   0.000000000000000E+00
   0.000000000000000E+00
   0.000000000000000E+00
   0.000000000000000E+00
   0.000000000000000E+00
   0.000000000000000E+00
   0.000000000000000E+00
   0.000000000000000E+00
   0.000000000000000E+00
   0.000000000000000E+00
   0.000000000000000E+00
   0.000000000000000E+00
   0.000000000000000E+00
   0.000000000000000E+00
   0.000000000000000E+00
   0.000000000000000E+00
   0.000000000000000E+00
   0.000000000000000E+00
   0.000000000000000E+00
   0.000000000000000E+00
   0.000000000000000E+00
   0.000000000000000E+00
   0.000000000000000E+00
   0.000000000000000E+00
   0.000000000000000E+00
   0.000000000000000E+00
   0.000000000000000E+00
   0.000000000000000E+00
   0.000000000000000E+00
   0.000000000000000E+00
   0.000000000000000E+00
   0.000000000000000E+00
   0.000000000000000E+00
   0.000000000000000E+00
   0.000000000000000E+00
   0.000000000000000E+00
   0.000000000000000E+00
   0.000000000000000E+00
   0.000000000000000E+00
   0.000000000000000E+00
   0.000000000000000E+00
   0.000000000000000E+00
   0.000000000000000E+00
   0.000000000000000E+00
   0.000000000000000E+00
   0.000000000000000E+00
   0.000000000000000E+00
   0.000000000000000E+00
   0.000000000000000E+00
   0.000000000000000E+00
   0.000000000000000E+00
   0.000000000000000E+00
   0.000000000000000E+00
   0.000000000000000E+00
   0.000000000000000E+00
   0.000000000000000E+00
   0.000000000000000E+00
   0.000000000000000E+00
   0.000000000000000E+00
   0.000000000000000E+00
   0.000000000000000E+00
   0.000000000000000E+00
   0.000000000000000E+00
   0.000000000000000E+00
   0.000000000000000E+00
   0.000000000000000E+00
   0.000000000000000E+00
   0.000000000000000E+00
   0.000000000000000E+00
   0.000000000000000E+00
   0.000000000000000E+00
   0.000000000000000E+00
   0.000000000000000E+00
   0.000000000000000E+00
   0.000000000000000E+00
   0.000000000000000E+00
   0.000000000000000E+00
   0.000000000000000E+00
   0.000000000000000E+00
   0.000000000000000E+00
   0.000000000000000E+00
   0.000000000000000E+00
   0.000000000000000E+00
   0.000000000000000E+00
   0.000000000000000E+00
   0.000000000000000E+00
   0.000000000000000E+00
   0.000000000000000E+00
   0.000000000000000E+00
   0.000000000000000E+00
   0.000000000000000E+00
   0.000000000000000E+00
   0.000000000000000E+00
   0.000000000000000E+00
   0.000000000000000E+00
   0.000000000000000E+00
   0.000000000000000E+00
   0.000000000000000E+00
   0.000000000000000E+00
   0.000000000000000E+00
   0.000000000000000E+00
   0.000000000000000E+00
   0.000000000000000E+00
   0.000000000000000E+00
   0.000000000000000E+00
   0.000000000000000E+00
   0.000000000000000E+00
   0.000000000000000E+00
   0.000000000000000E+00
   0.000000000000000E+00
   0.000000000000000E+00
   0.000000000000000E+00
   0.000000000000000E+00
   0.000000000000000E+00
   0.000000000000000E+00
   0.000000000000000E+00
   0.000000000000000E+00
   0.000000000000000E+00
   0.000000000000000E+00
   0.000000000000000E+00
   0.000000000000000E+00
   0.000000000000000E+00
   0.000000000000000E+00
   0.000000000000000E+00
   0.000000000000000E+00
   0.000000000000000E+00
   0.000000000000000E+00
   0.000000000000000E+00
   0.000000000000000E+00
   0.000000000000000E+00
   0.000000000000000E+00
   0.000000000000000E+00
   0.000000000000000E+00
   0.000000000000000E+00
   0.000000000000000E+00
   0.000000000000000E+00
   0.000000000000000E+00
   0.000000000000000E+00
   0.000000000000000E+00
   0.000000000000000E+00
   0.000000000000000E+00
   0.000000000000000E+00
   0.000000000000000E+00
   0.000000000000000E+00
   0.000000000000000E+00
   0.000000000000000E+00
   0.000000000000000E+00
   0.000000000000000E+00
   0.000000000000000E+00
   0.000000000000000E+00
   0.000000000000000E+00
   0.000000000000000E+00
   0.000000000000000E+00
   0.000000000000000E+00
   0.000000000000000E+00
   0.000000000000000E+00
   0.000000000000000E+00
   0.000000000000000E+00
   0.000000000000000E+00
   0.000000000000000E+00
   0.000000000000000E+00
   0.000000000000000E+00
   0.000000000000000E+00
   0.000000000000000E+00
   0.000000000000000E+00
   0.000000000000000E+00
   0.000000000000000E+00
   0.000000000000000E+00
   0.000000000000000E+00
   0.000000000000000E+00
   0.000000000000000E+00
   0.000000000000000E+00
   0.000000000000000E+00
   0.000000000000000E+00
   0.000000000000000E+00
   0.000000000000000E+00
   0.000000000000000E+00
   0.000000000000000E+00
   0.000000000000000E+00
   0.000000000000000E+00
   0.000000000000000E+00
   0.000000000000000E+00
   0.000000000000000E+00
   0.000000000000000E+00
   0.000000000000000E+00
   0.000000000000000E+00
   0.000000000000000E+00
   0.000000000000000E+00
   0.000000000000000E+00
   0.000000000000000E+00
   0.000000000000000E+00
   0.000000000000000E+00
   0.000000000000000E+00
   0.000000000000000E+00
   0.000000000000000E+00
   0.000000000000000E+00
   0.000000000000000E+00
   0.000000000000000E+00
   0.000000000000000E+00
   0.000000000000000E+00
   0.000000000000000E+00
   0.000000000000000E+00
   0.000000000000000E+00
   0.000000000000000E+00
   0.889610346338683E-01
   0.100000000000000E+01
   0.878316223200899E-01
   0.100000000000000E+01
   0.873167459074985E-01
   0.100000000000000E+01
   0.858336689180757E-01
   0.100000000000000E+01
   0.638093248910250E-01
   0.976511729342655E+00
   0.598071734086567E-01
   0.974869553806361E+00
   0.531604071162732E-01
   0.965030686799159E+00
   0.439290367203830E-01
   0.943186041196558E+00
   0.313443294455445E-01
   0.100000000000000E+01
   0.217223416758920E-01
   0.998404279170174E+00
   0.000000000000000E+00
   0.000000000000000E+00
   0.000000000000000E+00
   0.000000000000000E+00
   0.000000000000000E+00
   0.000000000000000E+00
   0.000000000000000E+00
   0.000000000000000E+00
   0.000000000000000E+00
   0.000000000000000E+00
   0.000000000000000E+00
   0.000000000000000E+00
   0.000000000000000E+00
   0.000000000000000E+00
   0.162251091135451E-01
   0.100000000000000E+01
   0.216624185788807E-01
   0.849407151151353E+00
   0.575449314084834E-01
   0.100000000000000E+01
   0.796419067716495E-01
   0.100000000000000E+01
   0.102202305330358E+00
   0.100000000000000E+01
   0.134555462845501E+00
   0.922162405469219E+00
   0.143437233028765E+00
   0.926153113143255E+00
   0.142078431405593E+00
   0.923078490452313E+00
   0.132180521232477E+00
   0.913597978959111E+00
   0.117387155934475E+00
   0.892915144212631E+00
   0.103897969880116E+00
   0.878127777452074E+00
   0.972315388004568E-01
   0.870689525481765E+00
   0.969547074898339E-01
   0.870958430458278E+00
   0.101001980110751E+00
   0.876492571397783E+00
   0.105542960600548E+00
   0.882198060459322E+00
   0.108431493828126E+00
   0.885627679879752E+00
   0.108622497307952E+00
   0.886141166931277E+00
   0.106827777689054E+00
   0.884987330873525E+00
   0.102413117999051E+00
   0.877443465121190E+00
   0.000000000000000E+00
   0.000000000000000E+00
   0.000000000000000E+00
   0.000000000000000E+00
   0.000000000000000E+00
   0.000000000000000E+00
   0.000000000000000E+00
   0.000000000000000E+00
   0.000000000000000E+00
   0.000000000000000E+00
   0.000000000000000E+00
   0.000000000000000E+00
   0.000000000000000E+00
   0.000000000000000E+00
   0.000000000000000E+00
   0.000000000000000E+00
   0.000000000000000E+00
   0.000000000000000E+00
   0.000000000000000E+00
   0.000000000000000E+00
   0.000000000000000E+00
   0.000000000000000E+00
   0.000000000000000E+00
   0.000000000000000E+00
   0.000000000000000E+00
   0.000000000000000E+00
   0.000000000000000E+00
   0.000000000000000E+00
   0.000000000000000E+00
   0.000000000000000E+00
   0.000000000000000E+00
   0.000000000000000E+00
   0.000000000000000E+00
   0.000000000000000E+00
   0.000000000000000E+00
   0.000000000000000E+00
   0.000000000000000E+00
   0.000000000000000E+00
   0.000000000000000E+00
   0.000000000000000E+00
   0.000000000000000E+00
   0.000000000000000E+00
   0.000000000000000E+00
   0.000000000000000E+00
   0.000000000000000E+00
   0.000000000000000E+00
   0.000000000000000E+00
   0.000000000000000E+00
   0.000000000000000E+00
   0.000000000000000E+00
   0.000000000000000E+00
   0.000000000000000E+00
   0.000000000000000E+00
   0.000000000000000E+00
   0.000000000000000E+00
   0.000000000000000E+00
   0.000000000000000E+00
   0.000000000000000E+00
   0.000000000000000E+00
   0.000000000000000E+00
   0.000000000000000E+00
   0.000000000000000E+00
   0.000000000000000E+00
   0.000000000000000E+00
   0.000000000000000E+00
   0.000000000000000E+00
   0.000000000000000E+00
   0.000000000000000E+00
   0.000000000000000E+00
   0.000000000000000E+00
   0.000000000000000E+00
   0.000000000000000E+00
   0.000000000000000E+00
   0.000000000000000E+00
   0.000000000000000E+00
   0.000000000000000E+00
   0.000000000000000E+00
   0.000000000000000E+00
   0.000000000000000E+00
   0.000000000000000E+00
   0.000000000000000E+00
   0.000000000000000E+00
   0.000000000000000E+00
   0.000000000000000E+00
   0.000000000000000E+00
   0.000000000000000E+00
   0.000000000000000E+00
   0.000000000000000E+00
   0.000000000000000E+00
   0.000000000000000E+00
   0.000000000000000E+00
   0.000000000000000E+00
   0.000000000000000E+00
   0.000000000000000E+00
   0.000000000000000E+00
   0.000000000000000E+00
   0.000000000000000E+00
   0.000000000000000E+00
   0.000000000000000E+00
   0.000000000000000E+00
   0.000000000000000E+00
   0.000000000000000E+00
   0.000000000000000E+00
   0.000000000000000E+00
   0.000000000000000E+00
   0.000000000000000E+00
   0.000000000000000E+00
   0.000000000000000E+00
   0.000000000000000E+00
   0.000000000000000E+00
   0.000000000000000E+00
   0.000000000000000E+00
   0.000000000000000E+00
   0.000000000000000E+00
   0.000000000000000E+00
   0.000000000000000E+00
   0.000000000000000E+00
   0.000000000000000E+00
   0.000000000000000E+00
   0.000000000000000E+00
   0.000000000000000E+00
   0.000000000000000E+00
   0.000000000000000E+00
   0.000000000000000E+00
   0.000000000000000E+00
   0.000000000000000E+00
   0.000000000000000E+00
   0.000000000000000E+00
   0.000000000000000E+00
   0.000000000000000E+00
   0.000000000000000E+00
   0.000000000000000E+00
   0.000000000000000E+00
   0.000000000000000E+00
   0.000000000000000E+00
   0.000000000000000E+00
   0.000000000000000E+00
   0.000000000000000E+00
   0.000000000000000E+00
   0.000000000000000E+00
   0.000000000000000E+00
   0.000000000000000E+00
   0.000000000000000E+00
   0.000000000000000E+00
   0.000000000000000E+00
   0.000000000000000E+00
   0.000000000000000E+00
   0.000000000000000E+00
   0.000000000000000E+00
   0.000000000000000E+00
   0.000000000000000E+00
   0.000000000000000E+00
   0.000000000000000E+00
   0.000000000000000E+00
   0.000000000000000E+00
   0.000000000000000E+00
   0.000000000000000E+00
   0.000000000000000E+00
   0.000000000000000E+00
   0.000000000000000E+00
   0.000000000000000E+00
   0.000000000000000E+00
   0.000000000000000E+00
   0.000000000000000E+00
   0.000000000000000E+00
   0.000000000000000E+00
   0.000000000000000E+00
   0.000000000000000E+00
   0.000000000000000E+00
   0.000000000000000E+00
   0.000000000000000E+00
   0.000000000000000E+00
   0.000000000000000E+00
   0.000000000000000E+00
   0.000000000000000E+00
   0.000000000000000E+00
   0.000000000000000E+00
   0.000000000000000E+00
   0.000000000000000E+00
   0.000000000000000E+00
   0.000000000000000E+00
   0.000000000000000E+00
   0.000000000000000E+00
   0.000000000000000E+00
   0.000000000000000E+00
   0.000000000000000E+00
   0.000000000000000E+00
   0.000000000000000E+00
   0.000000000000000E+00
   0.000000000000000E+00
   0.000000000000000E+00
   0.000000000000000E+00
   0.000000000000000E+00
   0.000000000000000E+00
   0.000000000000000E+00
   0.000000000000000E+00
   0.000000000000000E+00
   0.000000000000000E+00
   0.000000000000000E+00
   0.000000000000000E+00
   0.000000000000000E+00
   0.000000000000000E+00
   0.000000000000000E+00
   0.000000000000000E+00
   0.000000000000000E+00
   0.000000000000000E+00
   0.000000000000000E+00
   0.000000000000000E+00
   0.000000000000000E+00
   0.000000000000000E+00
   0.000000000000000E+00
   0.000000000000000E+00
   0.000000000000000E+00
   0.000000000000000E+00
   0.000000000000000E+00
   0.000000000000000E+00
   0.000000000000000E+00
   0.000000000000000E+00
   0.000000000000000E+00
   0.000000000000000E+00
   0.000000000000000E+00
   0.000000000000000E+00
   0.000000000000000E+00
   0.000000000000000E+00
   0.000000000000000E+00
   0.000000000000000E+00
   0.000000000000000E+00
   0.000000000000000E+00
   0.000000000000000E+00
   0.000000000000000E+00
   0.000000000000000E+00
   0.000000000000000E+00
   0.000000000000000E+00
   0.000000000000000E+00
   0.000000000000000E+00
   0.000000000000000E+00
   0.000000000000000E+00
   0.000000000000000E+00
   0.000000000000000E+00
   0.000000000000000E+00
   0.000000000000000E+00
   0.000000000000000E+00
   0.000000000000000E+00
   0.000000000000000E+00
   0.000000000000000E+00
   0.000000000000000E+00
   0.000000000000000E+00
   0.000000000000000E+00
   0.000000000000000E+00
   0.000000000000000E+00
   0.000000000000000E+00
   0.000000000000000E+00
   0.000000000000000E+00
   0.000000000000000E+00
   0.000000000000000E+00
   0.000000000000000E+00
   0.000000000000000E+00
   0.000000000000000E+00
   0.000000000000000E+00
   0.000000000000000E+00
   0.000000000000000E+00
   0.000000000000000E+00
   0.000000000000000E+00
   0.000000000000000E+00
   0.000000000000000E+00
   0.000000000000000E+00
   0.000000000000000E+00
   0.000000000000000E+00
   0.000000000000000E+00
   0.000000000000000E+00
   0.000000000000000E+00
   0.000000000000000E+00
   0.000000000000000E+00
   0.000000000000000E+00
   0.000000000000000E+00
   0.000000000000000E+00
   0.000000000000000E+00
   0.000000000000000E+00
   0.000000000000000E+00
   0.000000000000000E+00
   0.000000000000000E+00
   0.000000000000000E+00
   0.000000000000000E+00
   0.000000000000000E+00
   0.000000000000000E+00
   0.000000000000000E+00
   0.000000000000000E+00
   0.000000000000000E+00
   0.000000000000000E+00
   0.000000000000000E+00
   0.000000000000000E+00
   0.000000000000000E+00
   0.000000000000000E+00
   0.000000000000000E+00
   0.000000000000000E+00
   0.000000000000000E+00
   0.000000000000000E+00
   0.000000000000000E+00
   0.000000000000000E+00
   0.000000000000000E+00
   0.000000000000000E+00
   0.000000000000000E+00
   0.000000000000000E+00
   0.000000000000000E+00
   0.000000000000000E+00
   0.000000000000000E+00
   0.000000000000000E+00
   0.000000000000000E+00
   0.000000000000000E+00
   0.000000000000000E+00
   0.000000000000000E+00
   0.000000000000000E+00
   0.000000000000000E+00
   0.000000000000000E+00
   0.000000000000000E+00
   0.000000000000000E+00
   0.000000000000000E+00
   0.000000000000000E+00
   0.000000000000000E+00
   0.000000000000000E+00
   0.000000000000000E+00
   0.000000000000000E+00
   0.000000000000000E+00
   0.000000000000000E+00
   0.000000000000000E+00
   0.000000000000000E+00
   0.000000000000000E+00
   0.000000000000000E+00
   0.000000000000000E+00
   0.000000000000000E+00
   0.000000000000000E+00
   0.000000000000000E+00
   0.000000000000000E+00
   0.000000000000000E+00
   0.000000000000000E+00
   0.000000000000000E+00
   0.000000000000000E+00
   0.000000000000000E+00
   0.000000000000000E+00
   0.000000000000000E+00
   0.000000000000000E+00
   0.000000000000000E+00
   0.000000000000000E+00
   0.000000000000000E+00
   0.000000000000000E+00
   0.000000000000000E+00
   0.000000000000000E+00
   0.000000000000000E+00
   0.000000000000000E+00
   0.000000000000000E+00
   0.000000000000000E+00
   0.000000000000000E+00
   0.000000000000000E+00
   0.000000000000000E+00
   0.000000000000000E+00
   0.000000000000000E+00
   0.000000000000000E+00
   0.000000000000000E+00
   0.000000000000000E+00
   0.000000000000000E+00
   0.000000000000000E+00
   0.000000000000000E+00
   0.000000000000000E+00
   0.000000000000000E+00
   0.000000000000000E+00
   0.000000000000000E+00
   0.000000000000000E+00
   0.000000000000000E+00
   0.000000000000000E+00
   0.000000000000000E+00
   0.000000000000000E+00
   0.000000000000000E+00
   0.000000000000000E+00
   0.000000000000000E+00
   0.000000000000000E+00
   0.000000000000000E+00
   0.000000000000000E+00
   0.000000000000000E+00
   0.000000000000000E+00
   0.000000000000000E+00
   0.000000000000000E+00
   0.000000000000000E+00
   0.000000000000000E+00
   0.000000000000000E+00
   0.000000000000000E+00
   0.000000000000000E+00
   0.000000000000000E+00
   0.000000000000000E+00
   0.000000000000000E+00
   0.000000000000000E+00
   0.000000000000000E+00
   0.000000000000000E+00
   0.000000000000000E+00
   0.000000000000000E+00
   0.000000000000000E+00
   0.000000000000000E+00
   0.000000000000000E+00
   0.000000000000000E+00
   0.000000000000000E+00
   0.000000000000000E+00
   0.000000000000000E+00
   0.000000000000000E+00
   0.000000000000000E+00
   0.000000000000000E+00
   0.000000000000000E+00
   0.000000000000000E+00
   0.000000000000000E+00
   0.000000000000000E+00
   0.000000000000000E+00
   0.000000000000000E+00
   0.000000000000000E+00
   0.000000000000000E+00
   0.000000000000000E+00
   0.000000000000000E+00
   0.000000000000000E+00
   0.000000000000000E+00
   0.000000000000000E+00
   0.000000000000000E+00
   0.000000000000000E+00
   0.000000000000000E+00
   0.000000000000000E+00
   0.000000000000000E+00
   0.000000000000000E+00
   0.000000000000000E+00
   0.000000000000000E+00
   0.000000000000000E+00
   0.000000000000000E+00
   0.000000000000000E+00
   0.000000000000000E+00
   0.000000000000000E+00
   0.000000000000000E+00
   0.000000000000000E+00
   0.000000000000000E+00
   0.000000000000000E+00
   0.000000000000000E+00
   0.000000000000000E+00
   0.000000000000000E+00
   0.000000000000000E+00
   0.000000000000000E+00
   0.000000000000000E+00
   0.000000000000000E+00
   0.000000000000000E+00
   0.000000000000000E+00
   0.000000000000000E+00
   0.000000000000000E+00
   0.000000000000000E+00
   0.000000000000000E+00
   0.000000000000000E+00
   0.000000000000000E+00
   0.000000000000000E+00
   0.000000000000000E+00
   0.000000000000000E+00
   0.000000000000000E+00
   0.000000000000000E+00
   0.000000000000000E+00
   0.000000000000000E+00
   0.000000000000000E+00
   0.000000000000000E+00
   0.000000000000000E+00
   0.000000000000000E+00
   0.000000000000000E+00
   0.000000000000000E+00
   0.000000000000000E+00
   0.000000000000000E+00
   0.000000000000000E+00
   0.000000000000000E+00
   0.000000000000000E+00
   0.000000000000000E+00
   0.000000000000000E+00
   0.000000000000000E+00
   0.000000000000000E+00
   0.000000000000000E+00
   0.000000000000000E+00
   0.000000000000000E+00
   0.000000000000000E+00
   0.000000000000000E+00
   0.000000000000000E+00
   0.000000000000000E+00
   0.000000000000000E+00
   0.000000000000000E+00
   0.000000000000000E+00
   0.000000000000000E+00
   0.000000000000000E+00
   0.000000000000000E+00
   0.000000000000000E+00
   0.000000000000000E+00
   0.000000000000000E+00
   0.000000000000000E+00
   0.000000000000000E+00
   0.000000000000000E+00
   0.000000000000000E+00
   0.000000000000000E+00
   0.000000000000000E+00
   0.000000000000000E+00
   0.000000000000000E+00
   0.000000000000000E+00
   0.000000000000000E+00
   0.000000000000000E+00
   0.000000000000000E+00
   0.000000000000000E+00
   0.000000000000000E+00
   0.000000000000000E+00
   0.000000000000000E+00
   0.000000000000000E+00
   0.000000000000000E+00
   0.000000000000000E+00
   0.000000000000000E+00
   0.000000000000000E+00
   0.000000000000000E+00
   0.000000000000000E+00
   0.000000000000000E+00
   0.000000000000000E+00
   0.000000000000000E+00
   0.000000000000000E+00
   0.000000000000000E+00
   0.000000000000000E+00
   0.000000000000000E+00
   0.000000000000000E+00
   0.000000000000000E+00
   0.000000000000000E+00
   0.000000000000000E+00
   0.000000000000000E+00
   0.000000000000000E+00
   0.000000000000000E+00
   0.000000000000000E+00
   0.000000000000000E+00
   0.000000000000000E+00
   0.000000000000000E+00
   0.000000000000000E+00
   0.000000000000000E+00
   0.000000000000000E+00
   0.000000000000000E+00
   0.000000000000000E+00
   0.000000000000000E+00
   0.000000000000000E+00
   0.000000000000000E+00
   0.000000000000000E+00
   0.000000000000000E+00
   0.000000000000000E+00
   0.000000000000000E+00
   0.000000000000000E+00
   0.000000000000000E+00
   0.000000000000000E+00
   0.000000000000000E+00
   0.000000000000000E+00
   0.000000000000000E+00
   0.000000000000000E+00
   0.000000000000000E+00
   0.000000000000000E+00
   0.000000000000000E+00
   0.000000000000000E+00
   0.000000000000000E+00
   0.000000000000000E+00
   0.000000000000000E+00
   0.000000000000000E+00
   0.000000000000000E+00
   0.000000000000000E+00
   0.000000000000000E+00
   0.000000000000000E+00
   0.000000000000000E+00
   0.000000000000000E+00
   0.000000000000000E+00
   0.000000000000000E+00
   0.000000000000000E+00
   0.000000000000000E+00
   0.000000000000000E+00
   0.000000000000000E+00
   0.000000000000000E+00
   0.000000000000000E+00
   0.000000000000000E+00
   0.000000000000000E+00
   0.000000000000000E+00
   0.000000000000000E+00
   0.000000000000000E+00
   0.000000000000000E+00
   0.000000000000000E+00
   0.000000000000000E+00
   0.000000000000000E+00
   0.000000000000000E+00
   0.000000000000000E+00
   0.000000000000000E+00
   0.000000000000000E+00
   0.000000000000000E+00
   0.000000000000000E+00
   0.000000000000000E+00
   0.000000000000000E+00
   0.000000000000000E+00
   0.000000000000000E+00
   0.000000000000000E+00
   0.000000000000000E+00
   0.000000000000000E+00
   0.000000000000000E+00
   0.000000000000000E+00
   0.000000000000000E+00
   0.000000000000000E+00
   0.000000000000000E+00
   0.000000000000000E+00
   0.000000000000000E+00
   0.000000000000000E+00
   0.000000000000000E+00
   0.000000000000000E+00
   0.000000000000000E+00
   0.000000000000000E+00
   0.000000000000000E+00
   0.000000000000000E+00
   0.000000000000000E+00
   0.000000000000000E+00
   0.000000000000000E+00
   0.000000000000000E+00
   0.000000000000000E+00
   0.000000000000000E+00
   0.000000000000000E+00
   0.000000000000000E+00
   0.000000000000000E+00
   0.000000000000000E+00
   0.000000000000000E+00
   0.000000000000000E+00
   0.000000000000000E+00
   0.000000000000000E+00
   0.000000000000000E+00
   0.000000000000000E+00
   0.000000000000000E+00
   0.000000000000000E+00
   0.000000000000000E+00
   0.000000000000000E+00
   0.000000000000000E+00
   0.000000000000000E+00
   0.000000000000000E+00
   0.000000000000000E+00
   0.000000000000000E+00
   0.000000000000000E+00
   0.000000000000000E+00
   0.000000000000000E+00
   0.000000000000000E+00
   0.000000000000000E+00
   0.000000000000000E+00
   0.000000000000000E+00
   0.000000000000000E+00
   0.000000000000000E+00
   0.000000000000000E+00
   0.000000000000000E+00
   0.000000000000000E+00
   0.000000000000000E+00
   0.000000000000000E+00
   0.000000000000000E+00
   0.000000000000000E+00
   0.000000000000000E+00
   0.000000000000000E+00
   0.000000000000000E+00
   0.000000000000000E+00
   0.000000000000000E+00
   0.000000000000000E+00
   0.000000000000000E+00
   0.000000000000000E+00
   0.000000000000000E+00
   0.000000000000000E+00
   0.000000000000000E+00
   0.000000000000000E+00
   0.000000000000000E+00
   0.000000000000000E+00
   0.000000000000000E+00
   0.000000000000000E+00
   0.000000000000000E+00
   0.000000000000000E+00
   0.000000000000000E+00
   0.000000000000000E+00
   0.000000000000000E+00
   0.000000000000000E+00
   0.000000000000000E+00
   0.000000000000000E+00
   0.000000000000000E+00
   0.000000000000000E+00
   0.000000000000000E+00
   0.000000000000000E+00
   0.000000000000000E+00
   0.000000000000000E+00
   0.000000000000000E+00
   0.000000000000000E+00
   0.000000000000000E+00
   0.000000000000000E+00
   0.000000000000000E+00
   0.000000000000000E+00
   0.000000000000000E+00
   0.000000000000000E+00
   0.000000000000000E+00
   0.000000000000000E+00
   0.000000000000000E+00
   0.000000000000000E+00
   0.000000000000000E+00
   0.000000000000000E+00
   0.000000000000000E+00
   0.000000000000000E+00
   0.000000000000000E+00
   0.000000000000000E+00
   0.000000000000000E+00
   0.000000000000000E+00
   0.000000000000000E+00
   0.000000000000000E+00
   0.000000000000000E+00
   0.000000000000000E+00
   0.000000000000000E+00
   0.000000000000000E+00
   0.000000000000000E+00
   0.000000000000000E+00
   0.000000000000000E+00
   0.000000000000000E+00
   0.000000000000000E+00
   0.000000000000000E+00
   0.000000000000000E+00
   0.000000000000000E+00
   0.000000000000000E+00
   0.000000000000000E+00
   0.000000000000000E+00
   0.000000000000000E+00
   0.000000000000000E+00
   0.000000000000000E+00
   0.000000000000000E+00
   0.000000000000000E+00
   0.000000000000000E+00
   0.000000000000000E+00
   0.000000000000000E+00
   0.000000000000000E+00
   0.000000000000000E+00
   0.000000000000000E+00
   0.000000000000000E+00
   0.000000000000000E+00
   0.000000000000000E+00
   0.000000000000000E+00
   0.000000000000000E+00
   0.000000000000000E+00
   0.000000000000000E+00
   0.000000000000000E+00
   0.000000000000000E+00
   0.000000000000000E+00
   0.000000000000000E+00
   0.000000000000000E+00
   0.000000000000000E+00
   0.000000000000000E+00
   0.000000000000000E+00
   0.000000000000000E+00
   0.000000000000000E+00
   0.000000000000000E+00
   0.000000000000000E+00
   0.000000000000000E+00
   0.000000000000000E+00
   0.000000000000000E+00
   0.000000000000000E+00
   0.000000000000000E+00
   0.000000000000000E+00
   0.000000000000000E+00
   0.000000000000000E+00
   0.000000000000000E+00
   0.000000000000000E+00
   0.000000000000000E+00
   0.000000000000000E+00
   0.000000000000000E+00
   0.000000000000000E+00
   0.000000000000000E+00
   0.000000000000000E+00
   0.000000000000000E+00
   0.000000000000000E+00
   0.000000000000000E+00
   0.000000000000000E+00
   0.000000000000000E+00
   0.000000000000000E+00
   0.000000000000000E+00
   0.000000000000000E+00
   0.000000000000000E+00
   0.000000000000000E+00
   0.000000000000000E+00
   0.000000000000000E+00
   0.000000000000000E+00
   0.000000000000000E+00
   0.000000000000000E+00
   0.000000000000000E+00
   0.000000000000000E+00
   0.000000000000000E+00
   0.000000000000000E+00
   0.000000000000000E+00
   0.000000000000000E+00
   0.000000000000000E+00
   0.000000000000000E+00
   0.000000000000000E+00
   0.000000000000000E+00
   0.000000000000000E+00
   0.000000000000000E+00
   0.000000000000000E+00
   0.000000000000000E+00
   0.000000000000000E+00
   0.000000000000000E+00
   0.000000000000000E+00
   0.000000000000000E+00
   0.000000000000000E+00
   0.000000000000000E+00
   0.000000000000000E+00
   0.000000000000000E+00
   0.000000000000000E+00
   0.000000000000000E+00
   0.000000000000000E+00
   0.000000000000000E+00
   0.000000000000000E+00
   0.000000000000000E+00
   0.000000000000000E+00
   0.000000000000000E+00
   0.000000000000000E+00
   0.000000000000000E+00
   0.000000000000000E+00
   0.000000000000000E+00
   0.000000000000000E+00
   0.000000000000000E+00
   0.000000000000000E+00
   0.000000000000000E+00
   0.000000000000000E+00
   0.000000000000000E+00
   0.000000000000000E+00
   0.000000000000000E+00
   0.000000000000000E+00
   0.000000000000000E+00
   0.000000000000000E+00
   0.000000000000000E+00
   0.000000000000000E+00
   0.000000000000000E+00
   0.000000000000000E+00
   0.000000000000000E+00
   0.000000000000000E+00
   0.000000000000000E+00
   0.000000000000000E+00
   0.000000000000000E+00
   0.000000000000000E+00
   0.000000000000000E+00
   0.000000000000000E+00
   0.000000000000000E+00
   0.000000000000000E+00
   0.000000000000000E+00
   0.000000000000000E+00
   0.000000000000000E+00
   0.000000000000000E+00
   0.000000000000000E+00
   0.000000000000000E+00
   0.000000000000000E+00
   0.000000000000000E+00
   0.000000000000000E+00
   0.000000000000000E+00
   0.000000000000000E+00
   0.000000000000000E+00
   0.000000000000000E+00
   0.000000000000000E+00
   0.000000000000000E+00
   0.000000000000000E+00
   0.000000000000000E+00
   0.000000000000000E+00
   0.000000000000000E+00
   0.000000000000000E+00
   0.000000000000000E+00
   0.000000000000000E+00
   0.000000000000000E+00
   0.000000000000000E+00
   0.000000000000000E+00
   0.000000000000000E+00
   0.000000000000000E+00
   0.000000000000000E+00
   0.000000000000000E+00
   0.000000000000000E+00
   0.000000000000000E+00
   0.000000000000000E+00
   0.000000000000000E+00
   0.000000000000000E+00
   0.000000000000000E+00
   0.000000000000000E+00
   0.000000000000000E+00
   0.000000000000000E+00
   0.000000000000000E+00
   0.000000000000000E+00
   0.000000000000000E+00
   0.000000000000000E+00
   0.000000000000000E+00
   0.000000000000000E+00
   0.000000000000000E+00
   0.000000000000000E+00
   0.000000000000000E+00
   0.000000000000000E+00
   0.000000000000000E+00
   0.000000000000000E+00
   0.000000000000000E+00
   0.000000000000000E+00
   0.000000000000000E+00
   0.000000000000000E+00
   0.000000000000000E+00
   0.000000000000000E+00
   0.000000000000000E+00
   0.000000000000000E+00
   0.000000000000000E+00
   0.000000000000000E+00
   0.000000000000000E+00
   0.000000000000000E+00
   0.000000000000000E+00
   0.000000000000000E+00
   0.000000000000000E+00
   0.000000000000000E+00
   0.000000000000000E+00
   0.000000000000000E+00
   0.000000000000000E+00
   0.000000000000000E+00
   0.000000000000000E+00
   0.000000000000000E+00
   0.000000000000000E+00
   0.000000000000000E+00
   0.000000000000000E+00
   0.000000000000000E+00
   0.000000000000000E+00
   0.000000000000000E+00
   0.000000000000000E+00
   0.000000000000000E+00
   0.000000000000000E+00
   0.000000000000000E+00
   0.000000000000000E+00
   0.000000000000000E+00
   0.000000000000000E+00
   0.000000000000000E+00
   0.000000000000000E+00
   0.000000000000000E+00
   0.000000000000000E+00
   0.000000000000000E+00
   0.000000000000000E+00
   0.000000000000000E+00
   0.000000000000000E+00
   0.000000000000000E+00
   0.000000000000000E+00
   0.000000000000000E+00
   0.000000000000000E+00
   0.000000000000000E+00
   0.000000000000000E+00
   0.000000000000000E+00
   0.000000000000000E+00
   0.000000000000000E+00
   0.000000000000000E+00
   0.000000000000000E+00
   0.000000000000000E+00
   0.000000000000000E+00
   0.000000000000000E+00
   0.000000000000000E+00
   0.000000000000000E+00
   0.000000000000000E+00
   0.000000000000000E+00
   0.000000000000000E+00
   0.000000000000000E+00
   0.000000000000000E+00
   0.000000000000000E+00
   0.000000000000000E+00
   0.000000000000000E+00
   0.000000000000000E+00
   0.000000000000000E+00
   0.000000000000000E+00
   0.000000000000000E+00
   0.000000000000000E+00
   0.000000000000000E+00
   0.000000000000000E+00
   0.000000000000000E+00
   0.000000000000000E+00
   0.000000000000000E+00
   0.000000000000000E+00
   0.000000000000000E+00
   0.000000000000000E+00
   0.000000000000000E+00
   0.000000000000000E+00
   0.000000000000000E+00
   0.000000000000000E+00
   0.000000000000000E+00
   0.000000000000000E+00
   0.000000000000000E+00
   0.000000000000000E+00
   0.000000000000000E+00
   0.000000000000000E+00
   0.000000000000000E+00
   0.000000000000000E+00
   0.000000000000000E+00
   0.000000000000000E+00
   0.000000000000000E+00
   0.000000000000000E+00
   0.000000000000000E+00
   0.000000000000000E+00
   0.000000000000000E+00
   0.000000000000000E+00
   0.000000000000000E+00
   0.000000000000000E+00
   0.000000000000000E+00
   0.000000000000000E+00
   0.000000000000000E+00
   0.000000000000000E+00
   0.000000000000000E+00
   0.000000000000000E+00
   0.000000000000000E+00
   0.000000000000000E+00
   0.000000000000000E+00
   0.000000000000000E+00
   0.000000000000000E+00
   0.000000000000000E+00
   0.000000000000000E+00
   0.000000000000000E+00
   0.000000000000000E+00
   0.000000000000000E+00
   0.000000000000000E+00
   0.000000000000000E+00
   0.000000000000000E+00
   0.000000000000000E+00
   0.000000000000000E+00
   0.000000000000000E+00
   0.000000000000000E+00
   0.000000000000000E+00
   0.000000000000000E+00
   0.000000000000000E+00
   0.000000000000000E+00
   0.000000000000000E+00
   0.000000000000000E+00
   0.000000000000000E+00
   0.000000000000000E+00
   0.000000000000000E+00
   0.000000000000000E+00
   0.000000000000000E+00
   0.000000000000000E+00
   0.000000000000000E+00
   0.000000000000000E+00
   0.000000000000000E+00
   0.000000000000000E+00
   0.000000000000000E+00
   0.000000000000000E+00
   0.000000000000000E+00
   0.000000000000000E+00
   0.000000000000000E+00
   0.000000000000000E+00
   0.000000000000000E+00
   0.000000000000000E+00
   0.000000000000000E+00
   0.000000000000000E+00
   0.000000000000000E+00
   0.000000000000000E+00
   0.000000000000000E+00
   0.000000000000000E+00
   0.000000000000000E+00
   0.000000000000000E+00
   0.000000000000000E+00
   0.000000000000000E+00
   0.000000000000000E+00
   0.000000000000000E+00
   0.000000000000000E+00
   0.000000000000000E+00
   0.000000000000000E+00
   0.000000000000000E+00
   0.000000000000000E+00
   0.000000000000000E+00
   0.000000000000000E+00
   0.000000000000000E+00
   0.000000000000000E+00
   0.000000000000000E+00
   0.000000000000000E+00
   0.000000000000000E+00
   0.000000000000000E+00
   0.000000000000000E+00
   0.000000000000000E+00
   0.000000000000000E+00
   0.000000000000000E+00
   0.000000000000000E+00
   0.000000000000000E+00
   0.000000000000000E+00
   0.000000000000000E+00
   0.000000000000000E+00
   0.000000000000000E+00
   0.000000000000000E+00
   0.000000000000000E+00
   0.000000000000000E+00
   0.000000000000000E+00
   0.000000000000000E+00
   0.000000000000000E+00
   0.000000000000000E+00
   0.000000000000000E+00
   0.000000000000000E+00
   0.000000000000000E+00
   0.000000000000000E+00
   0.000000000000000E+00
   0.000000000000000E+00
   0.000000000000000E+00
   0.000000000000000E+00
   0.000000000000000E+00
   0.000000000000000E+00
   0.000000000000000E+00
   0.000000000000000E+00
   0.000000000000000E+00
   0.000000000000000E+00
   0.000000000000000E+00
   0.000000000000000E+00
   0.000000000000000E+00
   0.000000000000000E+00
   0.000000000000000E+00
   0.000000000000000E+00
   0.000000000000000E+00
   0.000000000000000E+00
   0.000000000000000E+00
   0.000000000000000E+00
   0.000000000000000E+00
   0.000000000000000E+00
   0.000000000000000E+00
   0.000000000000000E+00
   0.000000000000000E+00
   0.000000000000000E+00
   0.000000000000000E+00
   0.000000000000000E+00
   0.000000000000000E+00
   0.000000000000000E+00
   0.000000000000000E+00
   0.000000000000000E+00
   0.000000000000000E+00
   0.000000000000000E+00
   0.000000000000000E+00
   0.000000000000000E+00
   0.000000000000000E+00
   0.000000000000000E+00
   0.000000000000000E+00
   0.000000000000000E+00
   0.000000000000000E+00
   0.000000000000000E+00
   0.000000000000000E+00
   0.000000000000000E+00
   0.000000000000000E+00
   0.000000000000000E+00
   0.000000000000000E+00
   0.000000000000000E+00
   0.000000000000000E+00
   0.000000000000000E+00
   0.000000000000000E+00
   0.000000000000000E+00
   0.000000000000000E+00
   0.000000000000000E+00
   0.000000000000000E+00
   0.000000000000000E+00
   0.000000000000000E+00
   0.000000000000000E+00
   0.000000000000000E+00
   0.000000000000000E+00
   0.000000000000000E+00
   0.000000000000000E+00
   0.000000000000000E+00
   0.000000000000000E+00
   0.000000000000000E+00
   0.000000000000000E+00
   0.000000000000000E+00
   0.000000000000000E+00
   0.000000000000000E+00
   0.000000000000000E+00
   0.000000000000000E+00
   0.000000000000000E+00
   0.000000000000000E+00
   0.000000000000000E+00
   0.000000000000000E+00
   0.000000000000000E+00
   0.000000000000000E+00
   0.000000000000000E+00
   0.000000000000000E+00
   0.000000000000000E+00
   0.000000000000000E+00
   0.000000000000000E+00
   0.000000000000000E+00
   0.000000000000000E+00
   0.000000000000000E+00
   0.000000000000000E+00
   0.000000000000000E+00
   0.000000000000000E+00
   0.000000000000000E+00
   0.000000000000000E+00
   0.000000000000000E+00
   0.000000000000000E+00
   0.000000000000000E+00
   0.000000000000000E+00
   0.000000000000000E+00
   0.000000000000000E+00
   0.000000000000000E+00
   0.000000000000000E+00
   0.000000000000000E+00
   0.000000000000000E+00
   0.000000000000000E+00
   0.000000000000000E+00
   0.000000000000000E+00
   0.000000000000000E+00
   0.000000000000000E+00
   0.000000000000000E+00
   0.000000000000000E+00
   0.000000000000000E+00
   0.000000000000000E+00
   0.000000000000000E+00
   0.000000000000000E+00
   0.000000000000000E+00
   0.000000000000000E+00
   0.000000000000000E+00
   0.000000000000000E+00
   0.000000000000000E+00
   0.000000000000000E+00
   0.000000000000000E+00
   0.000000000000000E+00
   0.000000000000000E+00
   0.000000000000000E+00
   0.000000000000000E+00
   0.000000000000000E+00
   0.000000000000000E+00
   0.000000000000000E+00
   0.000000000000000E+00
   0.000000000000000E+00
   0.000000000000000E+00
   0.000000000000000E+00
   0.000000000000000E+00
   0.000000000000000E+00
   0.000000000000000E+00
   0.000000000000000E+00
   0.000000000000000E+00
   0.000000000000000E+00
   0.000000000000000E+00
   0.000000000000000E+00
   0.000000000000000E+00
   0.000000000000000E+00
   0.000000000000000E+00
   0.000000000000000E+00
   0.000000000000000E+00
   0.000000000000000E+00
   0.000000000000000E+00
   0.000000000000000E+00
   0.000000000000000E+00
   0.000000000000000E+00
   0.000000000000000E+00
   0.000000000000000E+00
   0.000000000000000E+00
   0.000000000000000E+00
   0.000000000000000E+00
   0.000000000000000E+00
   0.000000000000000E+00
   0.000000000000000E+00
   0.000000000000000E+00
   0.000000000000000E+00
   0.000000000000000E+00
   0.000000000000000E+00
   0.000000000000000E+00
   0.000000000000000E+00
   0.000000000000000E+00
   0.000000000000000E+00
   0.000000000000000E+00
   0.000000000000000E+00
   0.000000000000000E+00
   0.000000000000000E+00
   0.000000000000000E+00
   0.000000000000000E+00
   0.000000000000000E+00
   0.000000000000000E+00
   0.000000000000000E+00
   0.000000000000000E+00
   0.000000000000000E+00
   0.000000000000000E+00
   0.000000000000000E+00
   0.000000000000000E+00
   0.000000000000000E+00
   0.000000000000000E+00
   0.000000000000000E+00
   0.000000000000000E+00
   0.000000000000000E+00
  -0.473235627628270E+01
  -0.473177162560470E+01
  -0.470922765621736E+01
  -0.462003852257449E+01
  -0.447244061193048E+01
  -0.433554407485210E+01
  -0.414399656497833E+01
  -0.388294957691146E+01
  -0.301463996797487E+01
  -0.279236927573363E+01
  -0.239678559340983E+01
   0.000000000000000E+00
   0.000000000000000E+00
   0.000000000000000E+00
   0.000000000000000E+00
   0.000000000000000E+00
   0.000000000000000E+00
   0.000000000000000E+00
  -0.324648671606749E+01
  -0.346455785903791E+01
  -0.438777844826591E+01
  -0.505580718543636E+01
  -0.643517833017349E+01
  -0.659084829030236E+01
  -0.659441864311771E+01
  -0.647015051838972E+01
  -0.628818358123919E+01
  -0.607925036918245E+01
  -0.596020396667927E+01
  -0.594338209367308E+01
  -0.599874553632879E+01
  -0.606472135758639E+01
  -0.610830699439336E+01
  -0.611180587217686E+01
  -0.608180675926311E+01
  -0.601482837969802E+01
   0.000000000000000E+00
   0.370658743366737E+00
   0.399230883387837E+00
   0.415714422813552E+00
   0.419166160802691E+00
   0.000000000000000E+00
   0.424199387422126E+00
   0.423165105232732E+00
   0.402133847189782E+00
   0.361176180663492E+00
   0.000000000000000E+00
   0.000000000000000E+00
   0.000000000000000E+00
   0.000000000000000E+00
   0.000000000000000E+00
   0.000000000000000E+00
   0.000000000000000E+00
   0.000000000000000E+00
   0.000000000000000E+00
   0.000000000000000E+00
   0.000000000000000E+00
   0.000000000000000E+00
   0.000000000000000E+00
   0.000000000000000E+00
   0.000000000000000E+00
   0.000000000000000E+00
   0.000000000000000E+00
   0.000000000000000E+00
   0.000000000000000E+00
   0.000000000000000E+00
   0.000000000000000E+00
   0.000000000000000E+00
   0.000000000000000E+00
   0.000000000000000E+00
   0.000000000000000E+00
   0.000000000000000E+00
   0.000000000000000E+00
   0.000000000000000E+00
   0.000000000000000E+00
   0.000000000000000E+00
   0.000000000000000E+00
   0.000000000000000E+00
   0.000000000000000E+00
   0.000000000000000E+00
   0.000000000000000E+00
   0.000000000000000E+00
   0.000000000000000E+00
   0.000000000000000E+00
   0.000000000000000E+00
   0.000000000000000E+00
   0.000000000000000E+00
   0.000000000000000E+00
   0.000000000000000E+00
   0.000000000000000E+00
   0.000000000000000E+00
   0.000000000000000E+00
   0.000000000000000E+00
   0.000000000000000E+00
   0.000000000000000E+00
   0.000000000000000E+00
   0.000000000000000E+00
   0.000000000000000E+00
   0.000000000000000E+00
   0.000000000000000E+00
   0.000000000000000E+00
   0.000000000000000E+00
   0.000000000000000E+00
   0.000000000000000E+00
   0.000000000000000E+00
   0.000000000000000E+00
   0.000000000000000E+00
   0.000000000000000E+00
   0.000000000000000E+00
   0.000000000000000E+00
   0.000000000000000E+00
   0.000000000000000E+00
   0.000000000000000E+00
   0.000000000000000E+00
   0.000000000000000E+00
   0.000000000000000E+00
   0.000000000000000E+00
   0.000000000000000E+00
   0.000000000000000E+00
   0.000000000000000E+00
   0.000000000000000E+00
   0.000000000000000E+00
   0.000000000000000E+00
   0.000000000000000E+00
   0.000000000000000E+00
   0.000000000000000E+00
   0.000000000000000E+00
   0.000000000000000E+00
   0.000000000000000E+00
   0.000000000000000E+00
   0.000000000000000E+00
   0.000000000000000E+00
   0.000000000000000E+00
   0.000000000000000E+00
   0.000000000000000E+00
   0.000000000000000E+00
   0.000000000000000E+00
   0.000000000000000E+00
   0.000000000000000E+00
   0.000000000000000E+00
   0.000000000000000E+00
   0.000000000000000E+00
   0.000000000000000E+00
   0.000000000000000E+00
   0.000000000000000E+00
   0.000000000000000E+00
   0.000000000000000E+00
   0.000000000000000E+00
   0.000000000000000E+00
   0.000000000000000E+00
   0.000000000000000E+00
   0.000000000000000E+00
   0.000000000000000E+00
   0.000000000000000E+00
   0.000000000000000E+00
   0.000000000000000E+00
   0.000000000000000E+00
   0.000000000000000E+00
   0.000000000000000E+00
   0.000000000000000E+00
   0.000000000000000E+00
   0.000000000000000E+00
   0.000000000000000E+00
   0.000000000000000E+00
   0.000000000000000E+00
   0.000000000000000E+00
   0.000000000000000E+00
   0.000000000000000E+00
   0.000000000000000E+00
   0.000000000000000E+00
   0.000000000000000E+00
   0.000000000000000E+00
   0.000000000000000E+00
   0.000000000000000E+00
   0.000000000000000E+00
   0.000000000000000E+00
   0.000000000000000E+00
   0.000000000000000E+00
   0.000000000000000E+00
   0.000000000000000E+00
   0.000000000000000E+00
   0.000000000000000E+00
   0.000000000000000E+00
   0.000000000000000E+00
   0.000000000000000E+00
   0.000000000000000E+00
   0.000000000000000E+00
   0.000000000000000E+00
   0.000000000000000E+00
   0.000000000000000E+00
   0.000000000000000E+00
   0.000000000000000E+00
   0.000000000000000E+00
   0.000000000000000E+00
   0.000000000000000E+00
   0.000000000000000E+00
   0.000000000000000E+00
   0.000000000000000E+00
   0.000000000000000E+00
   0.000000000000000E+00
   0.000000000000000E+00
   0.000000000000000E+00
   0.000000000000000E+00
   0.000000000000000E+00
   0.000000000000000E+00
   0.000000000000000E+00
   0.000000000000000E+00
   0.000000000000000E+00
   0.000000000000000E+00
   0.000000000000000E+00
   0.000000000000000E+00
   0.000000000000000E+00
   0.000000000000000E+00
   0.000000000000000E+00
   0.000000000000000E+00
   0.000000000000000E+00
   0.000000000000000E+00
   0.000000000000000E+00
   0.000000000000000E+00
   0.000000000000000E+00
   0.000000000000000E+00
   0.000000000000000E+00
   0.000000000000000E+00
   0.000000000000000E+00
   0.000000000000000E+00
   0.000000000000000E+00
   0.000000000000000E+00
   0.000000000000000E+00
   0.000000000000000E+00
   0.000000000000000E+00
   0.000000000000000E+00
   0.000000000000000E+00
   0.000000000000000E+00
   0.000000000000000E+00
   0.000000000000000E+00
   0.000000000000000E+00
   0.000000000000000E+00
   0.000000000000000E+00
   0.000000000000000E+00
   0.000000000000000E+00
   0.000000000000000E+00
   0.000000000000000E+00
   0.000000000000000E+00
   0.000000000000000E+00
   0.000000000000000E+00
   0.000000000000000E+00
   0.000000000000000E+00
   0.000000000000000E+00
   0.000000000000000E+00
   0.000000000000000E+00
   0.000000000000000E+00
   0.000000000000000E+00
   0.000000000000000E+00
   0.000000000000000E+00
   0.000000000000000E+00
   0.000000000000000E+00
   0.000000000000000E+00
   0.000000000000000E+00
   0.000000000000000E+00
   0.000000000000000E+00
   0.000000000000000E+00
   0.000000000000000E+00
   0.000000000000000E+00
   0.000000000000000E+00
   0.000000000000000E+00
   0.000000000000000E+00
   0.000000000000000E+00
   0.000000000000000E+00
   0.000000000000000E+00
   0.000000000000000E+00
   0.000000000000000E+00
   0.000000000000000E+00
   0.000000000000000E+00
   0.000000000000000E+00
   0.000000000000000E+00
   0.000000000000000E+00
   0.000000000000000E+00
   0.000000000000000E+00
   0.000000000000000E+00
   0.000000000000000E+00
   0.000000000000000E+00
   0.000000000000000E+00
   0.000000000000000E+00
   0.000000000000000E+00
   0.000000000000000E+00
   0.000000000000000E+00
   0.000000000000000E+00
   0.000000000000000E+00
   0.000000000000000E+00
   0.000000000000000E+00
   0.000000000000000E+00
   0.000000000000000E+00
   0.000000000000000E+00
   0.000000000000000E+00
   0.000000000000000E+00
   0.000000000000000E+00
   0.000000000000000E+00
   0.000000000000000E+00
   0.000000000000000E+00
   0.000000000000000E+00
   0.000000000000000E+00
   0.000000000000000E+00
   0.000000000000000E+00
   0.000000000000000E+00
   0.000000000000000E+00
   0.000000000000000E+00
   0.000000000000000E+00
   0.000000000000000E+00
   0.000000000000000E+00
   0.000000000000000E+00
   0.000000000000000E+00
   0.000000000000000E+00
   0.000000000000000E+00
   0.000000000000000E+00
   0.000000000000000E+00
   0.000000000000000E+00
   0.000000000000000E+00
   0.000000000000000E+00
   0.000000000000000E+00
   0.000000000000000E+00
   0.000000000000000E+00
   0.000000000000000E+00
   0.000000000000000E+00
   0.000000000000000E+00
   0.000000000000000E+00
   0.000000000000000E+00
   0.000000000000000E+00
   0.000000000000000E+00
   0.000000000000000E+00
   0.000000000000000E+00
   0.000000000000000E+00
   0.000000000000000E+00
   0.000000000000000E+00
   0.000000000000000E+00
   0.000000000000000E+00
   0.000000000000000E+00
   0.000000000000000E+00
   0.000000000000000E+00
   0.000000000000000E+00
   0.000000000000000E+00
   0.000000000000000E+00
   0.000000000000000E+00
   0.000000000000000E+00
   0.000000000000000E+00
   0.000000000000000E+00
   0.000000000000000E+00
   0.000000000000000E+00
   0.000000000000000E+00
   0.000000000000000E+00
   0.000000000000000E+00
   0.000000000000000E+00
   0.000000000000000E+00
   0.000000000000000E+00
   0.000000000000000E+00
   0.000000000000000E+00
   0.000000000000000E+00
   0.000000000000000E+00
   0.000000000000000E+00
   0.000000000000000E+00
   0.000000000000000E+00
   0.000000000000000E+00
   0.000000000000000E+00
   0.000000000000000E+00
   0.000000000000000E+00
   0.000000000000000E+00
   0.000000000000000E+00
   0.000000000000000E+00
   0.000000000000000E+00
   0.000000000000000E+00
   0.000000000000000E+00
   0.000000000000000E+00
   0.000000000000000E+00
   0.000000000000000E+00
   0.000000000000000E+00
   0.000000000000000E+00
   0.000000000000000E+00
   0.000000000000000E+00
   0.000000000000000E+00
   0.000000000000000E+00
   0.000000000000000E+00
   0.000000000000000E+00
   0.000000000000000E+00
   0.000000000000000E+00
   0.000000000000000E+00
   0.000000000000000E+00
   0.000000000000000E+00
   0.000000000000000E+00
   0.000000000000000E+00
   0.000000000000000E+00
   0.000000000000000E+00
   0.000000000000000E+00
   0.000000000000000E+00
   0.000000000000000E+00
   0.000000000000000E+00
   0.000000000000000E+00
   0.000000000000000E+00
   0.000000000000000E+00
   0.000000000000000E+00
   0.000000000000000E+00
   0.000000000000000E+00
   0.000000000000000E+00
   0.000000000000000E+00
   0.000000000000000E+00
   0.000000000000000E+00
   0.000000000000000E+00
   0.000000000000000E+00
   0.000000000000000E+00
   0.000000000000000E+00
   0.000000000000000E+00
   0.000000000000000E+00
   0.000000000000000E+00
   0.000000000000000E+00
   0.000000000000000E+00
   0.000000000000000E+00
   0.000000000000000E+00
   0.000000000000000E+00
   0.000000000000000E+00
   0.000000000000000E+00
   0.000000000000000E+00
   0.000000000000000E+00
   0.000000000000000E+00
   0.000000000000000E+00
   0.000000000000000E+00
   0.000000000000000E+00
   0.000000000000000E+00
   0.000000000000000E+00
   0.000000000000000E+00
   0.000000000000000E+00
   0.000000000000000E+00
   0.000000000000000E+00
   0.000000000000000E+00
   0.000000000000000E+00
   0.000000000000000E+00
   0.000000000000000E+00
   0.000000000000000E+00
   0.000000000000000E+00
   0.000000000000000E+00
   0.000000000000000E+00
   0.000000000000000E+00
   0.000000000000000E+00
   0.000000000000000E+00
   0.000000000000000E+00
   0.000000000000000E+00
   0.000000000000000E+00
   0.000000000000000E+00
   0.000000000000000E+00
   0.000000000000000E+00
   0.000000000000000E+00
   0.000000000000000E+00
   0.000000000000000E+00
   0.000000000000000E+00
   0.000000000000000E+00
   0.000000000000000E+00
   0.000000000000000E+00
   0.000000000000000E+00
   0.000000000000000E+00
   0.000000000000000E+00
   0.000000000000000E+00
   0.000000000000000E+00
   0.000000000000000E+00
   0.000000000000000E+00
   0.000000000000000E+00
   0.000000000000000E+00
   0.000000000000000E+00
   0.000000000000000E+00
   0.000000000000000E+00
   0.000000000000000E+00
   0.000000000000000E+00
   0.000000000000000E+00
   0.000000000000000E+00
   0.000000000000000E+00
   0.000000000000000E+00
   0.000000000000000E+00
   0.000000000000000E+00
   0.000000000000000E+00
   0.000000000000000E+00
   0.000000000000000E+00
   0.000000000000000E+00
   0.000000000000000E+00
   0.000000000000000E+00
   0.000000000000000E+00
   0.000000000000000E+00
   0.000000000000000E+00
   0.000000000000000E+00
   0.000000000000000E+00
   0.000000000000000E+00
   0.000000000000000E+00
   0.000000000000000E+00
   0.000000000000000E+00
   0.000000000000000E+00
   0.000000000000000E+00
   0.000000000000000E+00
   0.000000000000000E+00
   0.000000000000000E+00
   0.000000000000000E+00
   0.000000000000000E+00
   0.000000000000000E+00
   0.000000000000000E+00
   0.000000000000000E+00
   0.000000000000000E+00
   0.000000000000000E+00
   0.000000000000000E+00
   0.000000000000000E+00
   0.000000000000000E+00
   0.000000000000000E+00
   0.000000000000000E+00
   0.000000000000000E+00
   0.000000000000000E+00
   0.000000000000000E+00
   0.000000000000000E+00
   0.000000000000000E+00
   0.000000000000000E+00
   0.000000000000000E+00
   0.000000000000000E+00
   0.000000000000000E+00
   0.000000000000000E+00
   0.000000000000000E+00
   0.000000000000000E+00
   0.000000000000000E+00
   0.000000000000000E+00
   0.000000000000000E+00
   0.000000000000000E+00
   0.000000000000000E+00
   0.000000000000000E+00
   0.000000000000000E+00
   0.000000000000000E+00
   0.000000000000000E+00
   0.000000000000000E+00
   0.000000000000000E+00
   0.000000000000000E+00
   0.000000000000000E+00
   0.000000000000000E+00
   0.000000000000000E+00
   0.000000000000000E+00
   0.000000000000000E+00
   0.000000000000000E+00
   0.000000000000000E+00
   0.000000000000000E+00
   0.000000000000000E+00
   0.000000000000000E+00
   0.000000000000000E+00
   0.000000000000000E+00
   0.000000000000000E+00
   0.000000000000000E+00
   0.000000000000000E+00
   0.000000000000000E+00
   0.000000000000000E+00
   0.000000000000000E+00
   0.000000000000000E+00
   0.000000000000000E+00
   0.000000000000000E+00
   0.000000000000000E+00
   0.000000000000000E+00
   0.000000000000000E+00
   0.000000000000000E+00
   0.000000000000000E+00
   0.000000000000000E+00
   0.000000000000000E+00
   0.000000000000000E+00
   0.000000000000000E+00
   0.000000000000000E+00
   0.000000000000000E+00
   0.000000000000000E+00
   0.000000000000000E+00
   0.000000000000000E+00
   0.000000000000000E+00
   0.000000000000000E+00
   0.000000000000000E+00
   0.000000000000000E+00
   0.000000000000000E+00
   0.000000000000000E+00
   0.000000000000000E+00
   0.000000000000000E+00
   0.000000000000000E+00
   0.000000000000000E+00
   0.000000000000000E+00
   0.000000000000000E+00
   0.000000000000000E+00
   0.000000000000000E+00
   0.000000000000000E+00
   0.000000000000000E+00
   0.000000000000000E+00
   0.000000000000000E+00
   0.000000000000000E+00
   0.000000000000000E+00
   0.000000000000000E+00
   0.000000000000000E+00
   0.000000000000000E+00
   0.000000000000000E+00
   0.000000000000000E+00
   0.000000000000000E+00
   0.000000000000000E+00
   0.000000000000000E+00
   0.000000000000000E+00
   0.000000000000000E+00
   0.000000000000000E+00
   0.000000000000000E+00
   0.000000000000000E+00
   0.000000000000000E+00
   0.000000000000000E+00
   0.000000000000000E+00
   0.000000000000000E+00
   0.000000000000000E+00
   0.000000000000000E+00
   0.000000000000000E+00
   0.000000000000000E+00
   0.000000000000000E+00
   0.000000000000000E+00
   0.000000000000000E+00
   0.000000000000000E+00
   0.000000000000000E+00
   0.000000000000000E+00
   0.000000000000000E+00
   0.000000000000000E+00
   0.000000000000000E+00
   0.000000000000000E+00
   0.000000000000000E+00
   0.000000000000000E+00
   0.000000000000000E+00
   0.000000000000000E+00
   0.000000000000000E+00
   0.000000000000000E+00
   0.000000000000000E+00
   0.000000000000000E+00
   0.000000000000000E+00
   0.000000000000000E+00
   0.000000000000000E+00
   0.000000000000000E+00
   0.000000000000000E+00
   0.000000000000000E+00
   0.000000000000000E+00
   0.000000000000000E+00
   0.000000000000000E+00
   0.000000000000000E+00
   0.000000000000000E+00
   0.000000000000000E+00
   0.000000000000000E+00
   0.000000000000000E+00
   0.000000000000000E+00
   0.000000000000000E+00
   0.000000000000000E+00
   0.000000000000000E+00
   0.000000000000000E+00
   0.000000000000000E+00
   0.000000000000000E+00
   0.000000000000000E+00
   0.000000000000000E+00
   0.000000000000000E+00
   0.000000000000000E+00
   0.000000000000000E+00
   0.000000000000000E+00
   0.000000000000000E+00
   0.000000000000000E+00
   0.000000000000000E+00
   0.000000000000000E+00
   0.000000000000000E+00
   0.000000000000000E+00
   0.000000000000000E+00
   0.000000000000000E+00
   0.000000000000000E+00
   0.000000000000000E+00
   0.000000000000000E+00
   0.000000000000000E+00
   0.000000000000000E+00
   0.000000000000000E+00
   0.000000000000000E+00
   0.000000000000000E+00
   0.000000000000000E+00
   0.000000000000000E+00
   0.000000000000000E+00
   0.000000000000000E+00
   0.000000000000000E+00
   0.000000000000000E+00
   0.000000000000000E+00
   0.000000000000000E+00
   0.000000000000000E+00
   0.000000000000000E+00
   0.000000000000000E+00
   0.000000000000000E+00
   0.000000000000000E+00
   0.000000000000000E+00
   0.000000000000000E+00
   0.000000000000000E+00
   0.000000000000000E+00
   0.000000000000000E+00
   0.000000000000000E+00
   0.000000000000000E+00
   0.000000000000000E+00
   0.000000000000000E+00
   0.000000000000000E+00
   0.000000000000000E+00
   0.000000000000000E+00
   0.000000000000000E+00
   0.000000000000000E+00
   0.000000000000000E+00
   0.000000000000000E+00
   0.000000000000000E+00
   0.000000000000000E+00
   0.000000000000000E+00
   0.000000000000000E+00
   0.000000000000000E+00
   0.000000000000000E+00
   0.000000000000000E+00
   0.000000000000000E+00
   0.000000000000000E+00
   0.000000000000000E+00
   0.000000000000000E+00
   0.000000000000000E+00
   0.000000000000000E+00
   0.000000000000000E+00
   0.000000000000000E+00
   0.000000000000000E+00
   0.000000000000000E+00
   0.000000000000000E+00
   0.000000000000000E+00
   0.000000000000000E+00
   0.000000000000000E+00
   0.000000000000000E+00
   0.000000000000000E+00
   0.000000000000000E+00
   0.000000000000000E+00
   0.000000000000000E+00
   0.000000000000000E+00
   0.000000000000000E+00
   0.000000000000000E+00
   0.000000000000000E+00
   0.000000000000000E+00
   0.000000000000000E+00
   0.000000000000000E+00
   0.000000000000000E+00
   0.000000000000000E+00
   0.000000000000000E+00
   0.000000000000000E+00
   0.000000000000000E+00
   0.000000000000000E+00
   0.000000000000000E+00
   0.000000000000000E+00
   0.000000000000000E+00
   0.000000000000000E+00
   0.000000000000000E+00
   0.000000000000000E+00
   0.000000000000000E+00
   0.000000000000000E+00
   0.000000000000000E+00
   0.000000000000000E+00
   0.000000000000000E+00
   0.000000000000000E+00
   0.000000000000000E+00
   0.000000000000000E+00
   0.000000000000000E+00
   0.000000000000000E+00
   0.000000000000000E+00
   0.000000000000000E+00
   0.000000000000000E+00
   0.000000000000000E+00
   0.000000000000000E+00
   0.000000000000000E+00
   0.000000000000000E+00
   0.000000000000000E+00
   0.000000000000000E+00
   0.000000000000000E+00
   0.000000000000000E+00
   0.000000000000000E+00
   0.000000000000000E+00
   0.000000000000000E+00
   0.000000000000000E+00
   0.000000000000000E+00
   0.000000000000000E+00
   0.000000000000000E+00
   0.000000000000000E+00
   0.000000000000000E+00
   0.000000000000000E+00
   0.000000000000000E+00
   0.000000000000000E+00
   0.000000000000000E+00
   0.000000000000000E+00
   0.000000000000000E+00
   0.000000000000000E+00
   0.000000000000000E+00
   0.000000000000000E+00
   0.000000000000000E+00
   0.000000000000000E+00
   0.000000000000000E+00
   0.000000000000000E+00
   0.000000000000000E+00
   0.000000000000000E+00
   0.000000000000000E+00
   0.000000000000000E+00
   0.000000000000000E+00
   0.000000000000000E+00
   0.000000000000000E+00
   0.000000000000000E+00
   0.000000000000000E+00
   0.000000000000000E+00
   0.000000000000000E+00
   0.000000000000000E+00
   0.000000000000000E+00
   0.000000000000000E+00
   0.000000000000000E+00
   0.000000000000000E+00
   0.000000000000000E+00
   0.000000000000000E+00
   0.000000000000000E+00
   0.000000000000000E+00
   0.000000000000000E+00
   0.000000000000000E+00
   0.000000000000000E+00
   0.000000000000000E+00
   0.000000000000000E+00
   0.000000000000000E+00
   0.000000000000000E+00
   0.000000000000000E+00
   0.000000000000000E+00
   0.000000000000000E+00
   0.000000000000000E+00
   0.000000000000000E+00
   0.000000000000000E+00
   0.000000000000000E+00
   0.000000000000000E+00
   0.000000000000000E+00
   0.000000000000000E+00
   0.000000000000000E+00
   0.000000000000000E+00
   0.000000000000000E+00
   0.000000000000000E+00
   0.000000000000000E+00
   0.000000000000000E+00
   0.000000000000000E+00
   0.000000000000000E+00
   0.000000000000000E+00
   0.000000000000000E+00
   0.000000000000000E+00
   0.000000000000000E+00
   0.000000000000000E+00
   0.000000000000000E+00
   0.000000000000000E+00
   0.000000000000000E+00
   0.000000000000000E+00
   0.000000000000000E+00
   0.000000000000000E+00
   0.000000000000000E+00
   0.000000000000000E+00
   0.000000000000000E+00
   0.000000000000000E+00
   0.000000000000000E+00
   0.000000000000000E+00
   0.000000000000000E+00
   0.000000000000000E+00
   0.000000000000000E+00
   0.000000000000000E+00
   0.000000000000000E+00
   0.000000000000000E+00
   0.000000000000000E+00
   0.000000000000000E+00
   0.000000000000000E+00
   0.000000000000000E+00
   0.000000000000000E+00
   0.000000000000000E+00
   0.000000000000000E+00
   0.000000000000000E+00
   0.000000000000000E+00
   0.000000000000000E+00
   0.000000000000000E+00
   0.000000000000000E+00
   0.000000000000000E+00
   0.000000000000000E+00
   0.000000000000000E+00
   0.000000000000000E+00
   0.000000000000000E+00
   0.000000000000000E+00
   0.000000000000000E+00
   0.000000000000000E+00
   0.000000000000000E+00
   0.000000000000000E+00
   0.000000000000000E+00
   0.000000000000000E+00
   0.000000000000000E+00
   0.000000000000000E+00
   0.000000000000000E+00
   0.000000000000000E+00
   0.000000000000000E+00
   0.000000000000000E+00
   0.000000000000000E+00
   0.000000000000000E+00
   0.000000000000000E+00
   0.000000000000000E+00
   0.000000000000000E+00
   0.000000000000000E+00
   0.000000000000000E+00
   0.000000000000000E+00
   0.000000000000000E+00
   0.000000000000000E+00
   0.000000000000000E+00
   0.000000000000000E+00
   0.000000000000000E+00
   0.000000000000000E+00
   0.000000000000000E+00
   0.000000000000000E+00
   0.000000000000000E+00
   0.000000000000000E+00
   0.000000000000000E+00
   0.000000000000000E+00
   0.000000000000000E+00
   0.000000000000000E+00
   0.000000000000000E+00
   0.000000000000000E+00
   0.000000000000000E+00
   0.000000000000000E+00
   0.000000000000000E+00
   0.000000000000000E+00
   0.000000000000000E+00
   0.000000000000000E+00
   0.000000000000000E+00
   0.000000000000000E+00
   0.000000000000000E+00
   0.000000000000000E+00
   0.000000000000000E+00
   0.000000000000000E+00
   0.000000000000000E+00
   0.000000000000000E+00
   0.000000000000000E+00
   0.000000000000000E+00
   0.000000000000000E+00
   0.000000000000000E+00
   0.000000000000000E+00
   0.000000000000000E+00
   0.000000000000000E+00
   0.000000000000000E+00
   0.000000000000000E+00
   0.000000000000000E+00
   0.000000000000000E+00
   0.000000000000000E+00
   0.000000000000000E+00
   0.000000000000000E+00
   0.000000000000000E+00
   0.000000000000000E+00
   0.000000000000000E+00
   0.000000000000000E+00
   0.000000000000000E+00
   0.000000000000000E+00
   0.000000000000000E+00
   0.000000000000000E+00
   0.000000000000000E+00
   0.000000000000000E+00
   0.000000000000000E+00
   0.000000000000000E+00
   0.000000000000000E+00
   0.000000000000000E+00
   0.000000000000000E+00
   0.000000000000000E+00
   0.000000000000000E+00
   0.000000000000000E+00
   0.000000000000000E+00
   0.000000000000000E+00
   0.000000000000000E+00
   0.000000000000000E+00
   0.000000000000000E+00
   0.000000000000000E+00
   0.000000000000000E+00
   0.000000000000000E+00
   0.000000000000000E+00
   0.000000000000000E+00
   0.000000000000000E+00
   0.000000000000000E+00
   0.000000000000000E+00
   0.000000000000000E+00
   0.000000000000000E+00
   0.000000000000000E+00
   0.000000000000000E+00
   0.000000000000000E+00
   0.000000000000000E+00
   0.000000000000000E+00
   0.000000000000000E+00
   0.000000000000000E+00
   0.000000000000000E+00
   0.000000000000000E+00
   0.000000000000000E+00
   0.000000000000000E+00
   0.000000000000000E+00
   0.000000000000000E+00
   0.000000000000000E+00
   0.000000000000000E+00
   0.000000000000000E+00
   0.000000000000000E+00
   0.000000000000000E+00
   0.000000000000000E+00
   0.000000000000000E+00
   0.000000000000000E+00
   0.000000000000000E+00
   0.000000000000000E+00
   0.000000000000000E+00
   0.000000000000000E+00
   0.000000000000000E+00
   0.000000000000000E+00
   0.000000000000000E+00
   0.000000000000000E+00
   0.000000000000000E+00
   0.000000000000000E+00
   0.000000000000000E+00
   0.000000000000000E+00
   0.000000000000000E+00
   0.000000000000000E+00
   0.000000000000000E+00
   0.000000000000000E+00
   0.000000000000000E+00
   0.000000000000000E+00
   0.000000000000000E+00
   0.000000000000000E+00
   0.000000000000000E+00
   0.000000000000000E+00
   0.000000000000000E+00
   0.000000000000000E+00
   0.000000000000000E+00
   0.000000000000000E+00
   0.000000000000000E+00
   0.000000000000000E+00
   0.000000000000000E+00
   0.000000000000000E+00
   0.000000000000000E+00
   0.000000000000000E+00
   0.000000000000000E+00
   0.000000000000000E+00
   0.000000000000000E+00
   0.000000000000000E+00
   0.000000000000000E+00
   0.000000000000000E+00
   0.000000000000000E+00
   0.000000000000000E+00
   0.000000000000000E+00
   0.000000000000000E+00
   0.000000000000000E+00
   0.000000000000000E+00
   0.000000000000000E+00
   0.000000000000000E+00
   0.000000000000000E+00
   0.000000000000000E+00
   0.000000000000000E+00
   0.000000000000000E+00
   0.000000000000000E+00
   0.000000000000000E+00
   0.000000000000000E+00
   0.000000000000000E+00
   0.000000000000000E+00
   0.000000000000000E+00
   0.000000000000000E+00
   0.000000000000000E+00
   0.000000000000000E+00
   0.000000000000000E+00
   0.000000000000000E+00
   0.000000000000000E+00
   0.000000000000000E+00
   0.000000000000000E+00
   0.000000000000000E+00
   0.000000000000000E+00
   0.000000000000000E+00
   0.000000000000000E+00
   0.000000000000000E+00
   0.000000000000000E+00
   0.000000000000000E+00
   0.000000000000000E+00
   0.000000000000000E+00
   0.000000000000000E+00
   0.000000000000000E+00
   0.000000000000000E+00
   0.000000000000000E+00
   0.000000000000000E+00
   0.000000000000000E+00
   0.000000000000000E+00
   0.000000000000000E+00
   0.000000000000000E+00
   0.000000000000000E+00
   0.000000000000000E+00
   0.000000000000000E+00
   0.000000000000000E+00
   0.000000000000000E+00
   0.000000000000000E+00
   0.000000000000000E+00
   0.000000000000000E+00
   0.000000000000000E+00
   0.000000000000000E+00
   0.000000000000000E+00
   0.000000000000000E+00
   0.000000000000000E+00
   0.000000000000000E+00
   0.000000000000000E+00
   0.000000000000000E+00
   0.000000000000000E+00
   0.000000000000000E+00
   0.000000000000000E+00
   0.000000000000000E+00
   0.000000000000000E+00
   0.000000000000000E+00
   0.000000000000000E+00
   0.000000000000000E+00
   0.000000000000000E+00
   0.000000000000000E+00
   0.000000000000000E+00
   0.000000000000000E+00
   0.000000000000000E+00
   0.000000000000000E+00
   0.000000000000000E+00
   0.000000000000000E+00
   0.000000000000000E+00
   0.000000000000000E+00
   0.000000000000000E+00
   0.000000000000000E+00
   0.000000000000000E+00
   0.000000000000000E+00
   0.000000000000000E+00
   0.000000000000000E+00
   0.000000000000000E+00
   0.000000000000000E+00
   0.000000000000000E+00
   0.000000000000000E+00
   0.000000000000000E+00
   0.000000000000000E+00
   0.000000000000000E+00
   0.000000000000000E+00
   0.000000000000000E+00
   0.000000000000000E+00
   0.000000000000000E+00
   0.000000000000000E+00
   0.000000000000000E+00
   0.000000000000000E+00
   0.000000000000000E+00
   0.000000000000000E+00
   0.000000000000000E+00
   0.000000000000000E+00
   0.000000000000000E+00
   0.000000000000000E+00
   0.000000000000000E+00
   0.000000000000000E+00
   0.000000000000000E+00
   0.000000000000000E+00
   0.000000000000000E+00
   0.000000000000000E+00
   0.000000000000000E+00
   0.000000000000000E+00
   0.000000000000000E+00
   0.000000000000000E+00
   0.000000000000000E+00
   0.000000000000000E+00
   0.000000000000000E+00
   0.000000000000000E+00
   0.000000000000000E+00
   0.000000000000000E+00
   0.000000000000000E+00
   0.000000000000000E+00
   0.000000000000000E+00
   0.000000000000000E+00
   0.000000000000000E+00
   0.000000000000000E+00
   0.000000000000000E+00
   0.000000000000000E+00
   0.000000000000000E+00
   0.000000000000000E+00
   0.000000000000000E+00
   0.000000000000000E+00
   0.000000000000000E+00
   0.000000000000000E+00
   0.000000000000000E+00
   0.000000000000000E+00
   0.000000000000000E+00
   0.000000000000000E+00
   0.000000000000000E+00
   0.000000000000000E+00
   0.000000000000000E+00
   0.000000000000000E+00
   0.000000000000000E+00
   0.000000000000000E+00
   0.000000000000000E+00
   0.000000000000000E+00
   0.000000000000000E+00
   0.000000000000000E+00
   0.000000000000000E+00
   0.000000000000000E+00
   0.000000000000000E+00
   0.000000000000000E+00
   0.000000000000000E+00
   0.000000000000000E+00
   0.000000000000000E+00
   0.000000000000000E+00
   0.000000000000000E+00
   0.000000000000000E+00
   0.000000000000000E+00
   0.000000000000000E+00
   0.000000000000000E+00
   0.000000000000000E+00
   0.000000000000000E+00
   0.000000000000000E+00
   0.000000000000000E+00
   0.000000000000000E+00
   0.000000000000000E+00
   0.000000000000000E+00
   0.000000000000000E+00
   0.000000000000000E+00
   0.000000000000000E+00
   0.000000000000000E+00
   0.000000000000000E+00
   0.000000000000000E+00
   0.000000000000000E+00
   0.000000000000000E+00
   0.000000000000000E+00
   0.000000000000000E+00
   0.000000000000000E+00
   0.000000000000000E+00
   0.000000000000000E+00
   0.000000000000000E+00
   0.000000000000000E+00
   0.000000000000000E+00
   0.000000000000000E+00
   0.000000000000000E+00
   0.000000000000000E+00
   0.000000000000000E+00
   0.000000000000000E+00
   0.000000000000000E+00
   0.000000000000000E+00
   0.000000000000000E+00
   0.000000000000000E+00
   0.000000000000000E+00
   0.000000000000000E+00
   0.000000000000000E+00
   0.000000000000000E+00
   0.000000000000000E+00
   0.000000000000000E+00
   0.000000000000000E+00
   0.000000000000000E+00
   0.000000000000000E+00
   0.000000000000000E+00
   0.000000000000000E+00
   0.000000000000000E+00
   0.000000000000000E+00
   0.000000000000000E+00
   0.000000000000000E+00
   0.000000000000000E+00
   0.000000000000000E+00
   0.000000000000000E+00
   0.000000000000000E+00
   0.000000000000000E+00
   0.000000000000000E+00
   0.000000000000000E+00
   0.000000000000000E+00
   0.000000000000000E+00
   0.000000000000000E+00
   0.000000000000000E+00
   0.000000000000000E+00
   0.000000000000000E+00
   0.000000000000000E+00
   0.000000000000000E+00
   0.000000000000000E+00
   0.000000000000000E+00
   0.000000000000000E+00
   0.000000000000000E+00
   0.000000000000000E+00
   0.000000000000000E+00
   0.000000000000000E+00
   0.000000000000000E+00
   0.000000000000000E+00
   0.000000000000000E+00
   0.000000000000000E+00
   0.000000000000000E+00
   0.000000000000000E+00
   0.000000000000000E+00
   0.000000000000000E+00
   0.000000000000000E+00
   0.000000000000000E+00
   0.000000000000000E+00
   0.000000000000000E+00
   0.000000000000000E+00
   0.000000000000000E+00
   0.000000000000000E+00
   0.000000000000000E+00
   0.000000000000000E+00
   0.000000000000000E+00
   0.000000000000000E+00
   0.000000000000000E+00
   0.000000000000000E+00
   0.000000000000000E+00
   0.000000000000000E+00
   0.000000000000000E+00
   0.000000000000000E+00
   0.000000000000000E+00
   0.000000000000000E+00
   0.000000000000000E+00
   0.000000000000000E+00
   0.000000000000000E+00
   0.000000000000000E+00
   0.000000000000000E+00
   0.000000000000000E+00
   0.000000000000000E+00
   0.000000000000000E+00
   0.000000000000000E+00
   0.000000000000000E+00
   0.000000000000000E+00
   0.000000000000000E+00
   0.000000000000000E+00
   0.700000000000000E+00
   0.700000000000000E+00
   0.700000000000000E+00
   0.700000000000000E+00
   0.700000000000000E+00
   0.700000000000000E+00
   0.700000000000000E+00
   0.700000000000000E+00
   0.700000000000000E+00
   0.700000000000000E+00
   0.700000000000000E+00
   0.000000000000000E+00
   0.000000000000000E+00
   0.000000000000000E+00
   0.000000000000000E+00
   0.000000000000000E+00
   0.000000000000000E+00
   0.000000000000000E+00
   0.700000000000000E+00
   0.700000000000000E+00
   0.700000000000000E+00
   0.700000000000000E+00
   0.700000000000000E+00
   0.700000000000000E+00
   0.700000000000000E+00
   0.700000000000000E+00
   0.700000000000000E+00
   0.700000000000000E+00
   0.700000000000000E+00
   0.700000000000000E+00
   0.700000000000000E+00
   0.700000000000000E+00
   0.700000000000000E+00
   0.700000000000000E+00
   0.700000000000000E+00
   0.700000000000000E+00
