  0.0000000000000E+00
 -0.2571151846272E+02
 -0.2739866820493E+02
 -0.2707338667982E+02
 -0.2799090681359E+02
  0.0000000000000E+00
 -0.2453605147509E+02
 -0.2679003521142E+02
 -0.2788783795593E+02
 -0.2639324643313E+02
  0.0000000000000E+00
  0.0000000000000E+00
  0.0000000000000E+00
  0.0000000000000E+00
  0.0000000000000E+00
  0.0000000000000E+00
  0.0000000000000E+00
  0.0000000000000E+00
  0.0000000000000E+00
  0.0000000000000E+00
  0.0000000000000E+00
  0.0000000000000E+00
  0.0000000000000E+00
  0.0000000000000E+00
  0.0000000000000E+00
  0.0000000000000E+00
  0.0000000000000E+00
  0.0000000000000E+00
  0.0000000000000E+00
  0.0000000000000E+00
  0.0000000000000E+00
  0.0000000000000E+00
  0.0000000000000E+00
  0.0000000000000E+00
  0.0000000000000E+00
  0.0000000000000E+00
 -0.9465894510333E+00
  0.0000000000000E+00
  0.0000000000000E+00
  0.0000000000000E+00
 -0.1794894427225E+01
 -0.3276415234984E+01
 -0.3381144942812E+01
 -0.3255062856403E+01
 -0.2709270199931E+01
  0.0000000000000E+00
  0.0000000000000E+00
  0.0000000000000E+00
  0.0000000000000E+00
  0.0000000000000E+00
  0.0000000000000E+00
  0.0000000000000E+00
  0.0000000000000E+00
  0.0000000000000E+00
  0.0000000000000E+00
  0.0000000000000E+00
  0.0000000000000E+00
  0.0000000000000E+00
  0.0000000000000E+00
  0.0000000000000E+00
  0.0000000000000E+00
  0.0000000000000E+00
  0.0000000000000E+00
  0.0000000000000E+00
  0.0000000000000E+00
  0.0000000000000E+00
  0.0000000000000E+00
  0.0000000000000E+00
  0.0000000000000E+00
  0.0000000000000E+00
  0.0000000000000E+00
 -0.7381574309480E+00
 -0.1210369056403E+02
 -0.1415067547352E+02
 -0.1406067090629E+02
 -0.9735636516358E+01
 -0.6512191484204E+01
 -0.1016620478462E+02
 -0.1174825351906E+02
 -0.1492942039288E+02
 -0.1640385573241E+02
 -0.1524387587140E+02
  0.0000000000000E+00
  0.0000000000000E+00
  0.0000000000000E+00
  0.0000000000000E+00
  0.0000000000000E+00
  0.0000000000000E+00
  0.0000000000000E+00
  0.0000000000000E+00
  0.0000000000000E+00
  0.0000000000000E+00
  0.0000000000000E+00
  0.0000000000000E+00
  0.0000000000000E+00
  0.0000000000000E+00
  0.0000000000000E+00
  0.0000000000000E+00
  0.0000000000000E+00
  0.0000000000000E+00
  0.0000000000000E+00
  0.0000000000000E+00
  0.0000000000000E+00
  0.0000000000000E+00
  0.0000000000000E+00
  0.0000000000000E+00
 -0.6452043990692E+01
 -0.1201455199922E+02
 -0.3085261993718E+02
 -0.3094094745527E+02
 -0.3000107829104E+02
 -0.2799536819771E+02
 -0.2109740301452E+02
 -0.2086849554545E+02
 -0.2412461313047E+02
 -0.2716694283828E+02
 -0.2863940682177E+02
 -0.2656935111559E+02
 -0.9526659519247E+01
  0.0000000000000E+00
  0.0000000000000E+00
  0.0000000000000E+00
  0.0000000000000E+00
  0.0000000000000E+00
  0.0000000000000E+00
  0.0000000000000E+00
  0.0000000000000E+00
  0.0000000000000E+00
  0.0000000000000E+00
  0.0000000000000E+00
  0.0000000000000E+00
  0.0000000000000E+00
  0.0000000000000E+00
  0.0000000000000E+00
  0.0000000000000E+00
  0.0000000000000E+00
  0.0000000000000E+00
  0.0000000000000E+00
  0.0000000000000E+00
  0.0000000000000E+00
 -0.5083628098911E+01
 -0.1605046427469E+02
 -0.2644246603384E+02
 -0.2954330903777E+02
 -0.4831350111788E+02
 -0.4695834395281E+02
 -0.4415549253944E+02
 -0.4253420933709E+02
 -0.3972339746132E+02
 -0.3811335827967E+02
 -0.3792754396064E+02
 -0.3821135616478E+02
 -0.3732214012352E+02
 -0.3539552505798E+02
 -0.2647969507334E+02
 -0.7117810696404E+01
  0.0000000000000E+00
  0.0000000000000E+00
  0.0000000000000E+00
  0.0000000000000E+00
  0.0000000000000E+00
  0.0000000000000E+00
  0.0000000000000E+00
  0.0000000000000E+00
  0.0000000000000E+00
  0.0000000000000E+00
  0.0000000000000E+00
  0.0000000000000E+00
  0.0000000000000E+00
  0.0000000000000E+00
  0.0000000000000E+00
  0.0000000000000E+00
  0.0000000000000E+00
  0.0000000000000E+00
  0.0000000000000E+00
  0.0000000000000E+00
 -0.2120056245029E+02
 -0.3735949979410E+02
 -0.4368879565713E+02
 -0.4617575421672E+02
 -0.6411437870769E+02
 -0.5977652922127E+02
 -0.5507516374664E+02
 -0.5341013674204E+02
 -0.5268877985353E+02
 -0.5189088913959E+02
 -0.5094322358924E+02
 -0.4953812173188E+02
 -0.4717296217876E+02
 -0.4510490875607E+02
 -0.4063820392380E+02
 -0.2555350867646E+02
 -0.1095535348738E+02
  0.0000000000000E+00
  0.0000000000000E+00
  0.0000000000000E+00
  0.0000000000000E+00
  0.0000000000000E+00
  0.0000000000000E+00
  0.0000000000000E+00
  0.0000000000000E+00
  0.0000000000000E+00
  0.0000000000000E+00
  0.0000000000000E+00
  0.0000000000000E+00
  0.0000000000000E+00
  0.0000000000000E+00
  0.0000000000000E+00
  0.0000000000000E+00
  0.0000000000000E+00
  0.0000000000000E+00
  0.0000000000000E+00
 -0.3308218169423E+02
 -0.5152805223246E+02
 -0.5961829327509E+02
 -0.6333138728955E+02
 -0.7452898910357E+02
 -0.6470621969285E+02
 -0.5749928094518E+02
 -0.5555982345303E+02
 -0.5653466562500E+02
 -0.5722469223467E+02
 -0.5742187509122E+02
 -0.5660826698993E+02
 -0.5496931814266E+02
 -0.5442959447519E+02
 -0.5301948781157E+02
 -0.4485961030426E+02
 -0.2698695977777E+02
  0.0000000000000E+00
  0.0000000000000E+00
  0.0000000000000E+00
  0.0000000000000E+00
  0.0000000000000E+00
  0.0000000000000E+00
 -0.1860610578084E+01
 -0.9068359111108E+01
 -0.9474574794336E+01
  0.0000000000000E+00
  0.0000000000000E+00
  0.0000000000000E+00
  0.0000000000000E+00
  0.0000000000000E+00
  0.0000000000000E+00
  0.0000000000000E+00
  0.0000000000000E+00
  0.0000000000000E+00
  0.0000000000000E+00
 -0.3749311901682E+02
 -0.6767253063122E+02
 -0.7704440091331E+02
 -0.8017016649389E+02
 -0.7253405621740E+02
 -0.6254779552265E+02
 -0.6125716488189E+02
 -0.6269478805205E+02
 -0.6216843327124E+02
 -0.5972538882768E+02
 -0.5554968997818E+02
 -0.4949202466535E+02
 -0.4285218284059E+02
 -0.4499422576801E+02
 -0.5503354186947E+02
 -0.5384271637619E+02
 -0.4076288074938E+02
 -0.3570222500284E+02
 -0.2781793399937E+02
  0.0000000000000E+00
  0.0000000000000E+00
 -0.1495196273286E+02
 -0.1968960474963E+02
 -0.2322352136096E+02
 -0.4117979591729E+02
 -0.4205126452872E+02
 -0.2986567265702E+02
 -0.2279295895177E+02
 -0.2003889065216E+02
 -0.2060301272493E+02
 -0.2877851700605E+02
 -0.2791510451254E+02
 -0.2517454018493E+02
  0.0000000000000E+00
  0.0000000000000E+00
  0.0000000000000E+00
 -0.5483998782851E+02
 -0.8319881818050E+02
 -0.8314634331232E+02
 -0.8404477541594E+02
 -0.8282855900795E+02
 -0.8477632004648E+02
 -0.8730294018065E+02
 -0.8853545021670E+02
 -0.8905056315464E+02
 -0.8876534622776E+02
 -0.8721515175414E+02
 -0.8492338925136E+02
 -0.8148272479975E+02
 -0.7565178419786E+02
 -0.6683758579162E+02
 -0.4900748908874E+02
 -0.5105224077725E+02
 -0.4928492000201E+02
 -0.4158599739466E+02
  0.0000000000000E+00
  0.0000000000000E+00
 -0.2207740501101E+02
 -0.3591793518488E+02
 -0.4066949054872E+02
 -0.5669971737371E+02
 -0.5463074237811E+02
 -0.3396142928843E+02
 -0.3719468629889E+02
 -0.3165292064758E+02
 -0.3893458659881E+02
 -0.4580875849820E+02
 -0.4390917964625E+02
 -0.2880317460799E+02
  0.0000000000000E+00
  0.0000000000000E+00
  0.0000000000000E+00
 -0.6342162933129E+02
 -0.6209085399513E+02
 -0.7070363908593E+02
 -0.8229368374805E+02
 -0.9771730095764E+02
 -0.9992843441883E+02
 -0.1017805520775E+03
 -0.1031874964410E+03
 -0.1042706345421E+03
 -0.1046767947885E+03
 -0.1038104694368E+03
 -0.1014770833474E+03
 -0.9788382390680E+02
 -0.9374981964164E+02
 -0.8955976993742E+02
 -0.8644014330083E+02
 -0.7298830528516E+02
 -0.6198685930357E+02
 -0.5172938808235E+02
 -0.5376319167450E+02
  0.0000000000000E+00
 -0.3267830713086E+02
 -0.4911996955026E+02
  0.0000000000000E+00
 -0.5972112538018E+02
 -0.7024630541799E+02
 -0.7587029414152E+02
 -0.6907876935526E+02
 -0.6519594490615E+02
 -0.6159807364922E+02
 -0.5979848082703E+02
 -0.6060239566810E+02
 -0.5953452700837E+02
  0.0000000000000E+00
  0.0000000000000E+00
  0.0000000000000E+00
 -0.7160222700469E+02
 -0.8350345651365E+02
 -0.9176430535443E+02
 -0.9570657613933E+02
 -0.1084613925157E+03
 -0.1106906978232E+03
 -0.1124084618613E+03
 -0.1142737404798E+03
 -0.1162880452831E+03
 -0.1174059884200E+03
 -0.1170924346965E+03
 -0.1146864577128E+03
 -0.1103818182805E+03
 -0.1052716966341E+03
 -0.1005539615250E+03
 -0.9562406082821E+02
 -0.8614473975812E+02
  0.0000000000000E+00
 -0.7112407269079E+02
 -0.6802623022789E+02
  0.0000000000000E+00
  0.0000000000000E+00
 -0.6132127862620E+02
 -0.7333866784523E+02
 -0.8266851026427E+02
 -0.8719406879339E+02
 -0.8811579424602E+02
 -0.8360336636646E+02
 -0.7280224755830E+02
 -0.8076532296286E+02
 -0.7529076970634E+02
 -0.7707635167920E+02
 -0.6909234329514E+02
 -0.6304664939536E+02
  0.0000000000000E+00
  0.0000000000000E+00
 -0.8260436245122E+02
 -0.9816615407108E+02
 -0.1033994288675E+03
 -0.1064554876307E+03
 -0.1166060419110E+03
 -0.1181164152018E+03
 -0.1197452348465E+03
 -0.1218860412120E+03
 -0.1240006567727E+03
 -0.1250428071190E+03
 -0.1242592566408E+03
 -0.1213687903641E+03
 -0.1176009096159E+03
 -0.1140349983097E+03
 -0.1105625174424E+03
 -0.1058813707300E+03
 -0.9718565929066E+02
 -0.8766234723259E+02
 -0.8853017651419E+02
 -0.7448140929911E+02
  0.0000000000000E+00
  0.0000000000000E+00
 -0.7352792260174E+02
 -0.8885908121949E+02
 -0.9581743107487E+02
 -0.1012618386893E+03
 -0.1019242625752E+03
 -0.9440633700691E+02
  0.0000000000000E+00
 -0.6961896352497E+02
 -0.7857156290881E+02
 -0.9167675180748E+02
 -0.8413159430004E+02
 -0.7605122039601E+02
  0.0000000000000E+00
  0.0000000000000E+00
 -0.8935970128475E+02
 -0.1062446501289E+03
 -0.1117773895225E+03
 -0.1148839608875E+03
 -0.1201344476631E+03
 -0.1209383871084E+03
 -0.1216473259159E+03
 -0.1219307592380E+03
 -0.1214274692204E+03
 -0.1203248264146E+03
 -0.1187178011937E+03
 -0.1184223604881E+03
 -0.1192796771611E+03
 -0.1196509376702E+03
 -0.1182990563995E+03
 -0.1139468495695E+03
 -0.1070764951197E+03
 -0.9976623454075E+02
 -0.9705911338381E+02
 -0.8653916656568E+02
  0.0000000000000E+00
  0.0000000000000E+00
 -0.7033637429063E+02
 -0.1030447523797E+03
 -0.1049097065840E+03
 -0.1091552891721E+03
 -0.1095526480706E+03
 -0.1030310442396E+03
  0.0000000000000E+00
  0.0000000000000E+00
  0.0000000000000E+00
 -0.7610537845759E+02
 -0.9422602683772E+02
 -0.8614692461801E+02
  0.0000000000000E+00
  0.0000000000000E+00
 -0.9224717398437E+02
 -0.1123979109703E+03
 -0.1167173203639E+03
 -0.1187838169841E+03
 -0.1161486926447E+03
 -0.1156304716439E+03
 -0.1136261043061E+03
 -0.1089954425244E+03
 -0.1034751582736E+03
 -0.9924064608865E+02
 -0.1014860769394E+03
 -0.1099205376911E+03
 -0.1166070247088E+03
 -0.1205975231382E+03
 -0.1215295652662E+03
 -0.1186409625634E+03
 -0.1113424625191E+03
 -0.1049039647089E+03
 -0.1002048222148E+03
 -0.9498512383182E+02
  0.0000000000000E+00
  0.0000000000000E+00
  0.0000000000000E+00
 -0.8266307979638E+02
 -0.1074137354686E+03
 -0.1116739881567E+03
 -0.1112596585528E+03
 -0.1142960955598E+03
 -0.8430925972871E+02
  0.0000000000000E+00
  0.0000000000000E+00
  0.0000000000000E+00
 -0.9059594488131E+02
 -0.9322979340896E+02
  0.0000000000000E+00
  0.0000000000000E+00
 -0.8982505155788E+02
 -0.1136307269811E+03
 -0.1164255183538E+03
 -0.1156177169772E+03
 -0.9684448919225E+02
 -0.9391908024567E+02
 -0.8854108007883E+02
 -0.8032521749531E+02
 -0.7413140660118E+02
 -0.7923032982198E+02
 -0.9180712387098E+02
 -0.1029961114902E+03
 -0.1097839445728E+03
 -0.1135997300236E+03
 -0.1157278025228E+03
 -0.1141898367716E+03
 -0.1060795823754E+03
 -0.1030377129016E+03
 -0.1016721002821E+03
 -0.1006512372549E+03
  0.0000000000000E+00
  0.0000000000000E+00
  0.0000000000000E+00
 -0.8835414993203E+02
 -0.1069622410031E+03
 -0.1091515316773E+03
 -0.1135122826680E+03
 -0.1121779903126E+03
 -0.9080402716567E+02
 -0.7877180908902E+02
  0.0000000000000E+00
  0.0000000000000E+00
 -0.9648114457459E+02
 -0.9985763794527E+02
  0.0000000000000E+00
 -0.8238864383892E+02
 -0.1027250200753E+03
 -0.1043342339337E+03
 -0.1011157982843E+03
 -0.9815221256888E+02
 -0.8438500114971E+02
 -0.8431645882766E+02
 -0.8714177422774E+02
 -0.9509827298089E+02
 -0.1037048639786E+03
 -0.1087626087610E+03
 -0.1104888944262E+03
 -0.1095594806106E+03
 -0.1065520807213E+03
 -0.1024329709133E+03
 -0.9855413742358E+02
 -0.9887879022235E+02
 -0.9671344130807E+02
 -0.9657749600363E+02
 -0.1017322080788E+03
 -0.9947516414918E+02
  0.0000000000000E+00
  0.0000000000000E+00
  0.0000000000000E+00
 -0.9000193808160E+02
 -0.1095529296109E+03
 -0.1153802827057E+03
 -0.1142525114635E+03
 -0.1119255655651E+03
 -0.8757730287344E+02
 -0.6866866610730E+02
 -0.8003514150419E+02
  0.0000000000000E+00
 -0.9870250792579E+02
 -0.1040373157504E+03
 -0.8908622917317E+02
 -0.9907745584160E+02
 -0.9577838473262E+02
 -0.8945332472477E+02
 -0.8422344279121E+02
 -0.8450967732180E+02
 -0.1203604854592E+03
 -0.1242215719268E+03
 -0.1269797362601E+03
 -0.1288221604738E+03
 -0.1299402673406E+03
 -0.1305461516305E+03
 -0.1301152713295E+03
 -0.1261292475959E+03
 -0.1168293104009E+03
 -0.1074748485409E+03
 -0.9982224476874E+02
 -0.9365511892476E+02
 -0.9050145512004E+02
 -0.8177689108982E+02
 -0.1068693644424E+03
 -0.9333650159180E+02
  0.0000000000000E+00
  0.0000000000000E+00
  0.0000000000000E+00
 -0.9550899679603E+02
 -0.1099773242841E+03
 -0.1165223169886E+03
 -0.1114965262005E+03
 -0.1108810867918E+03
 -0.9606608557799E+02
 -0.9664181328597E+02
 -0.9996435426731E+02
  0.0000000000000E+00
  0.0000000000000E+00
 -0.9025901866923E+02
 -0.1047478590027E+03
 -0.1027535798088E+03
 -0.1034964021243E+03
 -0.1041797308701E+03
 -0.1108265227650E+03
 -0.1164453801511E+03
 -0.1333654968664E+03
 -0.1342669714720E+03
 -0.1344240672936E+03
 -0.1342526215698E+03
 -0.1343932370184E+03
 -0.1348386335586E+03
 -0.1350256805745E+03
 -0.1342729653961E+03
 -0.1320238703345E+03
 -0.1280703850367E+03
 -0.1217915429981E+03
 -0.1135868297320E+03
 -0.1023590215829E+03
 -0.4165957209026E+02
 -0.1168770153381E+03
 -0.1182425498568E+03
  0.0000000000000E+00
  0.0000000000000E+00
  0.0000000000000E+00
 -0.8140207695731E+02
 -0.1041112940604E+03
 -0.9777911571131E+02
 -0.8969836729048E+02
 -0.9696578735076E+02
 -0.9843190848340E+02
 -0.9917998551980E+02
 -0.8892295616457E+02
 -0.6878872767455E+02
  0.0000000000000E+00
 -0.9023705377397E+02
 -0.1120701265988E+03
 -0.1114292764039E+03
 -0.1173676476409E+03
 -0.1233063136654E+03
 -0.1285918109706E+03
 -0.1316597617108E+03
 -0.1302467299536E+03
 -0.1285888129617E+03
 -0.1267380828369E+03
 -0.1256839554524E+03
 -0.1252936994106E+03
 -0.1247877051252E+03
 -0.1238348853921E+03
 -0.1228981306662E+03
 -0.1221968306508E+03
 -0.1210564524716E+03
 -0.1184320915662E+03
 -0.1148020932339E+03
 -0.1113073535946E+03
 -0.9270259322210E+02
 -0.1012527900085E+03
 -0.1179655830638E+03
  0.0000000000000E+00
  0.0000000000000E+00
  0.0000000000000E+00
 -0.1097355415938E+03
 -0.1158620137572E+03
 -0.8032926893676E+02
 -0.1054372714458E+03
 -0.6679682321392E+02
 -0.5006284091823E+02
 -0.6629483687251E+02
 -0.8058926753681E+02
 -0.1114395442394E+03
  0.0000000000000E+00
 -0.7849801571327E+02
 -0.1055205258943E+03
 -0.1072377028068E+03
 -0.1142316168210E+03
 -0.1229809239005E+03
 -0.1287019093982E+03
 -0.1305984694370E+03
 -0.1044238056119E+03
 -0.1035147649397E+03
 -0.1029813203204E+03
 -0.1025635280491E+03
 -0.1023453914064E+03
 -0.1017936927385E+03
 -0.1007747610661E+03
 -0.1000937555666E+03
 -0.9970765772239E+02
 -0.9975395013859E+02
 -0.1000637469795E+03
 -0.1012645255486E+03
 -0.1074901502899E+03
 -0.1192968331416E+03
 -0.8199238063911E+02
 -0.8786680508280E+02
  0.0000000000000E+00
  0.0000000000000E+00
  0.0000000000000E+00
 -0.1213132709882E+03
 -0.1227106989329E+03
 -0.1193984451224E+03
 -0.1199234889670E+03
 -0.1182659983896E+03
 -0.1060124057284E+03
 -0.1134450411151E+03
 -0.1224463549639E+03
 -0.1267744988401E+03
 -0.1061167772045E+03
 -0.1090906278091E+03
 -0.9918696029823E+02
 -0.9292396837162E+02
 -0.9472006489243E+02
 -0.1032857868230E+03
 -0.1069520160446E+03
 -0.1058799270803E+03
 -0.1129419594470E+03
 -0.1114515603729E+03
 -0.1106768564379E+03
 -0.1104508615413E+03
 -0.1112427313646E+03
 -0.1126134692454E+03
 -0.1138705541411E+03
 -0.1149914575945E+03
 -0.1152453898274E+03
 -0.1145486100012E+03
 -0.1130559239556E+03
 -0.1116669108296E+03
 -0.1184981365816E+03
 -0.1292342653497E+03
 -0.1340476623616E+03
 -0.9015126416549E+02
  0.0000000000000E+00
  0.0000000000000E+00
  0.0000000000000E+00
 -0.1262935067427E+03
 -0.1118498081883E+03
 -0.1238436971580E+03
  0.0000000000000E+00
 -0.1225962565115E+03
 -0.1296510943807E+03
 -0.1343536490439E+03
 -0.1335836031686E+03
 -0.1306468355467E+03
 -0.1247562200252E+03
 -0.1300298792497E+03
 -0.1232674252537E+03
 -0.1127654083240E+03
 -0.1106866617389E+03
 -0.1142523677047E+03
 -0.1153878858566E+03
 -0.1146683619101E+03
 -0.1307903526946E+03
 -0.1280234720246E+03
 -0.1248044866939E+03
 -0.1219168506636E+03
 -0.1197225508464E+03
 -0.1190340275297E+03
 -0.1201214411303E+03
 -0.1226841101026E+03
 -0.1254422902849E+03
 -0.1280081524887E+03
 -0.1305507931056E+03
 -0.1322119987583E+03
 -0.1312122385789E+03
 -0.1202816915283E+03
 -0.1374889466745E+03
 -0.1505923784690E+03
 -0.1000053049306E+03
 -0.9399401929642E+02
 -0.1152732303952E+03
 -0.1411592816727E+03
 -0.1131183203074E+03
 -0.1137565171814E+03
  0.0000000000000E+00
 -0.1267736045012E+03
 -0.1310654198943E+03
 -0.1357808781318E+03
 -0.1395951919299E+03
 -0.1330206555688E+03
 -0.1320809375876E+03
 -0.1412502713939E+03
 -0.1412644140401E+03
 -0.1381392397088E+03
 -0.1336930220181E+03
 -0.1344750555277E+03
 -0.1339606884356E+03
 -0.1328164486351E+03
 -0.1399581401762E+03
 -0.1409218132975E+03
 -0.1413180494298E+03
 -0.1400050518024E+03
 -0.1367900299635E+03
 -0.1333039519776E+03
 -0.1304077426658E+03
 -0.1297199404613E+03
 -0.1311544241571E+03
 -0.1334973710084E+03
 -0.1360090304272E+03
 -0.1378137949312E+03
 -0.1370262816059E+03
 -0.1318287742365E+03
 -0.1234209558452E+03
 -0.1050910490875E+03
 -0.1221397236733E+03
 -0.1278272468597E+03
 -0.1380532949726E+03
 -0.1456850090382E+03
 -0.1321073674238E+03
  0.0000000000000E+00
 -0.1246232203469E+03
 -0.1417254919170E+03
 -0.1372165415356E+03
 -0.1409461303511E+03
 -0.1416474631647E+03
 -0.1391176515222E+03
 -0.1329684137236E+03
 -0.1309931542392E+03
 -0.1323265977186E+03
 -0.1364007601293E+03
 -0.1375158020068E+03
 -0.1375667724102E+03
 -0.1380972300324E+03
 -0.1391563644886E+03
 -0.1400916108350E+03
 -0.1405576046333E+03
 -0.1416387635171E+03
 -0.1431006110771E+03
 -0.1442967531597E+03
 -0.1439409304516E+03
 -0.1415369687970E+03
 -0.1377693615577E+03
 -0.1353077896524E+03
 -0.1353003991145E+03
 -0.1367313066164E+03
 -0.1383071236807E+03
 -0.1395433705767E+03
 -0.1403889074186E+03
 -0.1419614537536E+03
 -0.1427809876355E+03
 -0.1461099728135E+03
 -0.1414158356818E+03
 -0.1421553341690E+03
 -0.1446977041371E+03
 -0.1373883941508E+03
  0.0000000000000E+00
 -0.1141093498098E+03
 -0.1429735377092E+03
 -0.1437289951288E+03
 -0.1467627869213E+03
 -0.1454493877686E+03
 -0.1425875844118E+03
 -0.1384504672320E+03
 -0.1392590631461E+03
 -0.1400337326445E+03
 -0.1409066791626E+03
 -0.1421408540036E+03
 -0.1432507988150E+03
 -0.1410159996297E+03
 -0.1403751605890E+03
 -0.1462132748047E+03
 -0.1462892840240E+03
 -0.1464260356634E+03
 -0.1462453679961E+03
 -0.1465003736395E+03
 -0.1466925699835E+03
 -0.1457299892036E+03
 -0.1429433423604E+03
 -0.1392280468397E+03
 -0.1360325138231E+03
 -0.1348262717196E+03
 -0.1352611427664E+03
 -0.1366708488668E+03
 -0.1397331639142E+03
 -0.1443274120626E+03
 -0.1455431010457E+03
 -0.1432452838735E+03
 -0.1395714557355E+03
 -0.1417973725636E+03
 -0.1472820410166E+03
 -0.1458466142396E+03
 -0.1098385559686E+03
 -0.1442021986381E+03
 -0.1441289659448E+03
 -0.1475232486315E+03
 -0.1477705970844E+03
 -0.1460897603277E+03
 -0.1439165625530E+03
 -0.1435517726970E+03
 -0.1454457574443E+03
 -0.1477612291931E+03
 -0.1498025153563E+03
 -0.1509300055941E+03
 -0.1502863955025E+03
 -0.1482511887695E+03
 -0.1469054528883E+03
 -0.1426506013881E+03
 -0.1425279394552E+03
 -0.1433274042253E+03
 -0.1445244830324E+03
 -0.1452879318398E+03
 -0.1451489202069E+03
 -0.1436977399638E+03
 -0.1413583601321E+03
 -0.1383438016451E+03
 -0.1345448911908E+03
 -0.1312109115414E+03
 -0.1295967406410E+03
 -0.1296277203050E+03
 -0.1305972027117E+03
 -0.1318041345081E+03
 -0.1326006200496E+03
 -0.1321664589731E+03
 -0.1319925166008E+03
 -0.1335154548043E+03
 -0.1380296163291E+03
 -0.1435403180273E+03
 -0.1237911473537E+03
 -0.1302613741827E+03
 -0.1335265827360E+03
 -0.1372054095166E+03
 -0.1387546752334E+03
 -0.1390542047351E+03
 -0.1381206338718E+03
 -0.1380970277614E+03
 -0.1394741762529E+03
 -0.1417715797709E+03
 -0.1440969169068E+03
 -0.1456199411884E+03
 -0.1456367596510E+03
 -0.1447420695507E+03
 -0.1435568179307E+03
 -0.1317393755138E+03
 -0.1314126282477E+03
 -0.1319595934870E+03
 -0.1333123684742E+03
 -0.1342736271160E+03
 -0.1345723596016E+03
 -0.1340421919256E+03
 -0.1325938470172E+03
 -0.1301896180932E+03
 -0.1268322422427E+03
 -0.1231175289767E+03
 -0.1200762614143E+03
 -0.1184967142223E+03
 -0.1174684770237E+03
 -0.1161329208623E+03
 -0.1152645306434E+03
 -0.1164725429036E+03
 -0.1209591326570E+03
 -0.1222479690329E+03
 -0.1272948233678E+03
 -0.1308984417629E+03
 -0.6590962060148E+02
 -0.9275431054562E+02
 -0.1084557491410E+03
 -0.1170231712839E+03
 -0.1211592872668E+03
 -0.1234376781333E+03
 -0.1242407376411E+03
 -0.1254681121026E+03
 -0.1270549627459E+03
 -0.1289372618930E+03
 -0.1310018626305E+03
 -0.1325983297845E+03
 -0.1332241992082E+03
 -0.1331421940926E+03
 -0.1324568110857E+03
 -0.1091354615582E+03
 -0.1091622286905E+03
 -0.1097998927048E+03
 -0.1114310529261E+03
 -0.1127390163898E+03
 -0.1134082754858E+03
 -0.1132749640776E+03
 -0.1120875827823E+03
 -0.1097245371119E+03
 -0.1059623457217E+03
 -0.9973247825419E+02
 -0.9086219576422E+02
 -0.8180750567027E+02
 -0.8153168364481E+02
 -0.8880465660713E+02
 -0.9405439700612E+02
 -0.1020354832974E+03
 -0.1112100929090E+03
 -0.1191000788113E+03
 -0.1265518936358E+03
 -0.1306648054798E+03
 -0.1542634447466E+03
 -0.1452471371690E+03
 -0.1212590764990E+03
 -0.1077324992615E+03
 -0.1046368161813E+03
 -0.1018593589767E+03
 -0.9852182873369E+02
 -0.9781528783491E+02
 -0.1001191727737E+03
 -0.1031697889759E+03
 -0.1061473970847E+03
 -0.1083188916302E+03
 -0.1098072034451E+03
 -0.1102820677794E+03
 -0.1097084896634E+03
 -0.9489351334440E+02
 -0.9209567848545E+02
 -0.8988875035671E+02
 -0.9060437073089E+02
 -0.9109385513819E+02
 -0.9090168995222E+02
 -0.9016688691401E+02
 -0.8849411809021E+02
 -0.8556420224400E+02
 -0.8503822894231E+02
 -0.8889051683165E+02
 -0.9451708354251E+02
 -0.9856902295121E+02
 -0.1015333994949E+03
 -0.1086331235755E+03
 -0.1161623010626E+03
 -0.1186999050878E+03
 -0.1224457415699E+03
  0.0000000000000E+00
  0.0000000000000E+00
  0.0000000000000E+00
 -0.1283318586713E+03
 -0.1762265482906E+03
 -0.1620560957352E+03
 -0.1414809540120E+03
 -0.1292076352120E+03
 -0.1224800900067E+03
 -0.1164911056047E+03
 -0.1113923197739E+03
 -0.1062371752028E+03
 -0.1021543410261E+03
 -0.9987412304455E+02
 -0.9944341841835E+02
 -0.9988906055837E+02
 -0.9968160135443E+02
 -0.9790085908957E+02
 -0.1049111643586E+03
 -0.1048839300799E+03
 -0.1044219511109E+03
 -0.1032978364986E+03
 -0.1024023723346E+03
 -0.1021566983651E+03
 -0.1023061845311E+03
 -0.1022979809835E+03
 -0.1023089290803E+03
 -0.1017628912942E+03
 -0.1003295270436E+03
 -0.9824668160050E+02
 -0.9571342230205E+02
 -0.9410292779028E+02
 -0.9960039431091E+02
 -0.1115910384834E+03
 -0.1211314891130E+03
 -0.1189747268838E+03
  0.0000000000000E+00
  0.0000000000000E+00
  0.0000000000000E+00
 -0.1045913322214E+03
 -0.1538989434836E+03
 -0.1602334408377E+03
 -0.1547075485969E+03
 -0.1460414987685E+03
 -0.1357943318855E+03
 -0.1251775964291E+03
 -0.1156771835165E+03
 -0.1104932907429E+03
 -0.1070119187458E+03
 -0.1071348013448E+03
 -0.1051198544756E+03
 -0.1041872824580E+03
 -0.1041377706898E+03
 -0.1045017803356E+03
 -0.9140299559704E+02
 -0.9001377761974E+02
 -0.8849676437189E+02
 -0.9121428148166E+02
 -0.9173231444709E+02
 -0.9190771761406E+02
 -0.9214307240343E+02
 -0.9253087155494E+02
 -0.9291477844557E+02
 -0.9294090184655E+02
 -0.9248557156729E+02
 -0.9151529463884E+02
 -0.8961374268827E+02
 -0.8720644824040E+02
 -0.8877395781971E+02
 -0.1012630447833E+03
 -0.1126168142634E+03
 -0.1236660166880E+03
  0.0000000000000E+00
  0.0000000000000E+00
  0.0000000000000E+00
 -0.8273959402650E+02
 -0.1117878092812E+03
 -0.1189274999902E+03
 -0.1258193408231E+03
 -0.1294343366678E+03
 -0.1282993379319E+03
 -0.1258808754906E+03
 -0.1217560957485E+03
 -0.1163672818351E+03
 -0.1109065281493E+03
 -0.1060191243594E+03
 -0.1019031452095E+03
 -0.9836394887118E+02
 -0.9526774471513E+02
 -0.9300732114331E+02
 -0.8879618353780E+02
 -0.8749494452651E+02
 -0.8616227947335E+02
 -0.8466834192291E+02
 -0.8330490762789E+02
 -0.8232544804943E+02
 -0.8186564057966E+02
 -0.8211427702454E+02
 -0.8293714160362E+02
 -0.8357922373230E+02
 -0.8411932352537E+02
 -0.8408377698279E+02
 -0.8346978498899E+02
 -0.8212729666338E+02
 -0.8071339990441E+02
 -0.8658658192972E+02
 -0.9655179374368E+02
 -0.1223348702733E+03
 -0.1049488494079E+03
 -0.8966659685679E+02
 -0.7327069767642E+02
 -0.6969210311266E+02
 -0.6885734877665E+02
 -0.7314945278116E+02
 -0.8146416306408E+02
 -0.8729642168478E+02
 -0.9506197495481E+02
 -0.1003659589104E+03
 -0.1013346320711E+03
 -0.1020101726932E+03
 -0.1010747320151E+03
 -0.9912681228690E+02
 -0.9694345470768E+02
 -0.9484928737584E+02
 -0.9109583515720E+02
 -0.8971592823068E+02
 -0.7703836972571E+02
 -0.7483752074139E+02
 -0.7483880121081E+02
 -0.7483088818478E+02
 -0.7452330412045E+02
 -0.7409090544994E+02
 -0.7396633510953E+02
 -0.7416816454723E+02
 -0.7480889652642E+02
 -0.7313327608308E+02
 -0.7371309741870E+02
 -0.7433056378757E+02
 -0.7465436635255E+02
 -0.7459255143333E+02
 -0.7344996341484E+02
 -0.7281914606514E+02
 -0.7678031262091E+02
 -0.8331893596527E+02
 -0.7988366631035E+02
 -0.7217936885012E+02
 -0.6374277655452E+02
 -0.5715444760715E+02
 -0.5408307144043E+02
 -0.5377275773317E+02
 -0.5350068910350E+02
 -0.5487944091180E+02
 -0.5934459167473E+02
 -0.6429180851509E+02
 -0.6911938101645E+02
 -0.7239777416230E+02
 -0.7423591259832E+02
 -0.7474629028233E+02
 -0.7461647793614E+02
 -0.7602366496124E+02
 -0.7662985091707E+02
 -0.7678164501068E+02
 -0.5255718806481E+02
 -0.5382234176956E+02
 -0.5449331121012E+02
 -0.5484902631367E+02
 -0.5468268723115E+02
 -0.5444719845861E+02
 -0.5458111674413E+02
 -0.5448935681834E+02
 -0.5372905414224E+02
 -0.5341927810897E+02
 -0.5417913498023E+02
 -0.5479532630117E+02
 -0.5510059244973E+02
 -0.5498225588412E+02
 -0.5435215370541E+02
 -0.5265772693680E+02
 -0.5391535173668E+02
 -0.5888560877160E+02
 -0.5789797966929E+02
 -0.5556792105921E+02
 -0.4994049262363E+02
 -0.4800810595342E+02
 -0.4507813290216E+02
 -0.4241628210421E+02
 -0.3978427634931E+02
 -0.3747526192704E+02
 -0.3640934919167E+02
 -0.3799017751097E+02
 -0.4137843606102E+02
 -0.4461908241119E+02
 -0.4721455144070E+02
 -0.4923727209923E+02
 -0.5026294979063E+02
 -0.5128617242743E+02
 -0.5228089892900E+02
 -0.5176343225380E+02
 -0.2799764786565E+02
 -0.2793529019325E+02
 -0.2779894272736E+02
 -0.2764308614917E+02
 -0.2707525178376E+02
 -0.2689535325372E+02
 -0.2680917245598E+02
 -0.2680445792064E+02
 -0.2686313013283E+02
 -0.2703143196440E+02
 -0.2732073675921E+02
 -0.2746498950017E+02
 -0.2730643733865E+02
 -0.2749463349138E+02
 -0.2763767999078E+02
 -0.2765433663874E+02
 -0.2770573156209E+02
 -0.2773416405513E+02
 -0.2775814565475E+02
 -0.2779720504486E+02
 -0.2786588780435E+02
 -0.2785787919703E+02
 -0.2776882750627E+02
 -0.2774778403022E+02
 -0.2777452275573E+02
 -0.2791769700036E+02
 -0.2830536471875E+02
 -0.2848689359761E+02
 -0.2848638218953E+02
 -0.2836886459108E+02
 -0.2816256106204E+02
 -0.2795403708160E+02
 -0.2785527055906E+02
 -0.2785461125647E+02
 -0.2793298796290E+02
 -0.2799078735624E+02
 -0.6023428017778E+02
 -0.6021246699492E+02
 -0.5941888087982E+02
 -0.8149461983856E+02
 -0.8089974430218E+02
 -0.8164836659445E+02
 -0.8353388764682E+02
 -0.7886604175131E+02
 -0.8146526158138E+02
 -0.7803665945901E+02
 -0.9995539285790E+02
 -0.1145325724946E+03
 -0.1538157519289E+02
 -0.1893946428863E+02
 -0.1953814734918E+02
 -0.1691687050822E+02
 -0.1149126263794E+02
 -0.1049712796325E+03
 -0.9670131674739E+02
 -0.8815530910926E+02
 -0.5962038069359E+02
 -0.5742455612389E+02
 -0.8133588514169E+02
 -0.8005315634716E+02
 -0.8077585317720E+02
 -0.8358300598613E+02
 -0.8901616152117E+02
 -0.9225434175958E+02
 -0.9381177125766E+02
 -0.9365740852949E+02
 -0.9238794271282E+02
 -0.9133681090839E+02
 -0.9054961406334E+02
 -0.9033979124091E+02
 -0.9060240602520E+02
 -0.5947552103828E+02
  0.0000000000000E+00
  0.1304408298705E+01
  0.8273610170660E+00
  0.5696192623688E+00
  0.5402710171105E+00
  0.0000000000000E+00
  0.4313270341016E+00
  0.4761190436539E+00
  0.8680689497241E+00
  0.1403785475661E+01
  0.2897026375057E+01
  0.3465215832926E+01
  0.0000000000000E+00
  0.0000000000000E+00
  0.0000000000000E+00
  0.0000000000000E+00
  0.0000000000000E+00
  0.0000000000000E+00
  0.0000000000000E+00
  0.0000000000000E+00
  0.0000000000000E+00
  0.0000000000000E+00
  0.0000000000000E+00
  0.0000000000000E+00
  0.0000000000000E+00
  0.0000000000000E+00
  0.0000000000000E+00
  0.0000000000000E+00
  0.0000000000000E+00
  0.0000000000000E+00
  0.0000000000000E+00
  0.2627526755284E+01
  0.3480541883713E+01
  0.3319264821738E+01
  0.2862757992220E+01
  0.2498183406084E+01
  0.4032982836670E+01
  0.0000000000000E+00
  0.0000000000000E+00
  0.0000000000000E+00
  0.2982107480216E+01
  0.1300139987187E+01
  0.1126582437625E+01
  0.1316968792213E+01
  0.2049085494817E+01
  0.0000000000000E+00
  0.6907480533755E+01
  0.7685024391672E+01
  0.8297065437210E+01
  0.7667274934228E+01
  0.4259727518066E+01
  0.0000000000000E+00
  0.0000000000000E+00
  0.0000000000000E+00
  0.0000000000000E+00
  0.0000000000000E+00
  0.0000000000000E+00
  0.0000000000000E+00
  0.0000000000000E+00
  0.0000000000000E+00
  0.0000000000000E+00
  0.0000000000000E+00
  0.0000000000000E+00
  0.0000000000000E+00
  0.0000000000000E+00
  0.0000000000000E+00
  0.0000000000000E+00
  0.0000000000000E+00
  0.7911234309212E+01
  0.7749669474240E+01
  0.5682448940609E+01
  0.4235891083886E+01
  0.5159519368254E+01
  0.4813704688374E+01
  0.5001677549176E+01
  0.8331461115660E+01
  0.1158536883279E+02
  0.8027092794091E+01
  0.6771934534747E+01
  0.4178503378308E+01
  0.3305759571463E+01
  0.4763413292772E+01
  0.0000000000000E+00
  0.1307226537382E+02
  0.2548882410377E+02
  0.2486377627769E+02
  0.1486700285266E+02
  0.0000000000000E+00
  0.0000000000000E+00
  0.0000000000000E+00
  0.0000000000000E+00
  0.0000000000000E+00
  0.0000000000000E+00
  0.0000000000000E+00
  0.0000000000000E+00
  0.0000000000000E+00
  0.0000000000000E+00
  0.0000000000000E+00
  0.0000000000000E+00
  0.0000000000000E+00
  0.0000000000000E+00
  0.0000000000000E+00
  0.0000000000000E+00
  0.0000000000000E+00
  0.1574725842038E+02
  0.1757369598665E+02
  0.9313378466467E+01
  0.4643326447857E+01
 -0.4324826137966E+01
 -0.3503665048453E+01
 -0.2349756010453E+01
 -0.1001154054540E+01
  0.4084336559449E+01
  0.4582107640718E+01
  0.2396531694255E+01
  0.4414587178697E+00
 -0.1083265836718E+00
  0.2055032917043E+01
  0.1277473293175E+02
  0.2056662186126E+02
  0.0000000000000E+00
  0.0000000000000E+00
  0.0000000000000E+00
  0.0000000000000E+00
  0.0000000000000E+00
  0.0000000000000E+00
  0.0000000000000E+00
  0.0000000000000E+00
  0.0000000000000E+00
  0.0000000000000E+00
  0.0000000000000E+00
  0.0000000000000E+00
  0.0000000000000E+00
  0.0000000000000E+00
  0.0000000000000E+00
  0.0000000000000E+00
  0.0000000000000E+00
  0.0000000000000E+00
  0.0000000000000E+00
  0.0000000000000E+00
  0.8355989937624E+01
  0.6286286523272E+01
 -0.9427164872737E+00
 -0.3648177078276E+01
 -0.1059402472390E+02
 -0.1020892555880E+02
 -0.8965704695884E+01
 -0.8294768943205E+01
 -0.6566796569679E+01
 -0.5162226814287E+01
 -0.4567086655845E+01
 -0.4264883632803E+01
 -0.3161594727749E+01
 -0.1284147995637E+01
  0.5019132054931E+01
  0.1679872102818E+02
  0.0000000000000E+00
  0.0000000000000E+00
  0.0000000000000E+00
  0.0000000000000E+00
  0.0000000000000E+00
  0.0000000000000E+00
  0.0000000000000E+00
  0.0000000000000E+00
  0.0000000000000E+00
  0.2109263120008E+02
  0.3078142500322E+02
  0.0000000000000E+00
  0.0000000000000E+00
  0.0000000000000E+00
  0.0000000000000E+00
  0.0000000000000E+00
  0.0000000000000E+00
  0.0000000000000E+00
  0.0000000000000E+00
  0.0000000000000E+00
  0.1576025858091E+01
 -0.2072117667049E+01
 -0.6271895283179E+01
 -0.9006443432988E+01
 -0.1583298001329E+02
 -0.1532994276423E+02
 -0.1432791184791E+02
 -0.1409907519746E+02
 -0.1381293729222E+02
 -0.1313973780444E+02
 -0.1223919920864E+02
 -0.1109962459305E+02
 -0.9384064294548E+01
 -0.7584006104808E+01
 -0.4157124355818E+01
  0.4716517048777E+01
  0.1151960535550E+02
  0.0000000000000E+00
  0.0000000000000E+00
  0.0000000000000E+00
  0.0000000000000E+00
  0.0000000000000E+00
  0.0000000000000E+00
  0.0000000000000E+00
  0.1742781039117E+02
  0.2838366894926E+02
  0.3135071851336E+02
  0.0000000000000E+00
  0.0000000000000E+00
  0.0000000000000E+00
  0.0000000000000E+00
  0.1934399944318E+02
  0.3005329025549E+02
  0.0000000000000E+00
  0.0000000000000E+00
  0.0000000000000E+00
 -0.2354976830457E+01
 -0.6509897129237E+01
 -0.1147721635866E+02
 -0.1449762607414E+02
 -0.1958155255574E+02
 -0.1796991687952E+02
 -0.1681986818548E+02
 -0.1690322044642E+02
 -0.1753420181922E+02
 -0.1778178931881E+02
 -0.1759695064495E+02
 -0.1688053116057E+02
 -0.1569345944353E+02
 -0.1475345728911E+02
 -0.1288618800904E+02
 -0.7597655541351E+01
  0.2142395713825E+01
  0.0000000000000E+00
  0.0000000000000E+00
  0.0000000000000E+00
  0.0000000000000E+00
  0.0000000000000E+00
  0.0000000000000E+00
  0.1347088230231E+02
  0.1435556272722E+02
  0.1383470675377E+02
  0.1814648715150E+02
  0.0000000000000E+00
  0.0000000000000E+00
  0.0000000000000E+00
  0.1283111833185E+02
  0.1997838150519E+02
  0.2092565304615E+02
  0.0000000000000E+00
  0.0000000000000E+00
  0.0000000000000E+00
 -0.3568078037523E+01
 -0.1154631123347E+02
 -0.1737390134454E+02
 -0.2000044167091E+02
 -0.1980853771026E+02
 -0.1782386150634E+02
 -0.1808533568932E+02
 -0.1898295432373E+02
 -0.1920465930196E+02
 -0.1876321538037E+02
 -0.1770543419849E+02
 -0.1601169606966E+02
 -0.1406316437761E+02
 -0.1474831253625E+02
 -0.1735532556437E+02
 -0.1526733781303E+02
 -0.6202767845486E+01
  0.8537407061581E+00
  0.7244346788819E+01
  0.0000000000000E+00
  0.0000000000000E+00
  0.1676526030364E+01
  0.5958585460641E+01
  0.7467377052927E+01
  0.6435662606810E-01
 -0.2240309873170E+01
  0.8413729543223E+00
  0.4148589806055E+01
  0.6771360096761E+01
  0.7566711005622E+01
  0.5469387303020E+01
  0.4226046639720E+01
  0.3237014337104E+01
  0.0000000000000E+00
  0.0000000000000E+00
  0.0000000000000E+00
 -0.8852033596922E+01
 -0.1798768260711E+02
 -0.2083351959551E+02
 -0.2204709519886E+02
 -0.2085004999790E+02
 -0.2143349030388E+02
 -0.2242875540922E+02
 -0.2308915757835E+02
 -0.2350608363004E+02
 -0.2370274699435E+02
 -0.2363956476775E+02
 -0.2351229330002E+02
 -0.2317877289609E+02
 -0.2213867393732E+02
 -0.2005146747328E+02
 -0.1505600589638E+02
 -0.1245320795907E+02
 -0.7752899325686E+01
 -0.8572828853195E+00
  0.0000000000000E+00
  0.0000000000000E+00
 -0.3078664068179E+01
 -0.3044280421957E+01
 -0.3023194159610E+01
 -0.1054512855336E+02
 -0.1103978938428E+02
 -0.8009825488587E+01
 -0.6920091704402E+01
 -0.5765936955457E+01
 -0.6182470955871E+01
 -0.7219910811693E+01
 -0.7500712325084E+01
 -0.5364555833646E+01
  0.0000000000000E+00
  0.0000000000000E+00
  0.0000000000000E+00
 -0.1077828030947E+02
 -0.1422499091432E+02
 -0.1757801778897E+02
 -0.2081127339735E+02
 -0.2129324330174E+02
 -0.2217852296000E+02
 -0.2297618561379E+02
 -0.2358562665302E+02
 -0.2400272296402E+02
 -0.2430943788883E+02
 -0.2445006704974E+02
 -0.2443055337405E+02
 -0.2424851854995E+02
 -0.2393285746843E+02
 -0.2336430801011E+02
 -0.2268481378793E+02
 -0.1684512168966E+02
 -0.1204904792764E+02
 -0.6800612149444E+01
  0.7994580728764E+00
  0.0000000000000E+00
 -0.1886050258594E+01
 -0.6521454456671E+01
  0.0000000000000E+00
 -0.1251868420554E+02
 -0.1331723960572E+02
 -0.1337292674482E+02
 -0.9246417597188E+01
 -0.7821259293609E+01
 -0.8105552453013E+01
 -0.8960897004204E+01
 -0.8968651295154E+01
 -0.6499547961129E+01
  0.0000000000000E+00
  0.0000000000000E+00
  0.0000000000000E+00
 -0.1231639790213E+02
 -0.1639497691935E+02
 -0.1949165999289E+02
 -0.2063774679137E+02
 -0.2193727305285E+02
 -0.2291098610116E+02
 -0.2362272407090E+02
 -0.2428224642894E+02
 -0.2493622497590E+02
 -0.2551127918317E+02
 -0.2592385807689E+02
 -0.2604833359778E+02
 -0.2575485972403E+02
 -0.2502338256427E+02
 -0.2392859306759E+02
 -0.2209959132646E+02
 -0.1792793670178E+02
  0.0000000000000E+00
 -0.1106895621655E+02
 -0.1759199860083E+01
  0.0000000000000E+00
  0.0000000000000E+00
 -0.9005563792249E+01
 -0.1108621329982E+02
 -0.1416468230030E+02
 -0.1474688527421E+02
 -0.1346720891402E+02
 -0.1035917691654E+02
 -0.6658585716762E+01
 -0.9702177003930E+01
 -0.8714606237545E+01
 -0.9106431770183E+01
 -0.5483355318051E+01
 -0.2287333389188E+01
  0.0000000000000E+00
  0.0000000000000E+00
 -0.1396084257039E+02
 -0.1727786286681E+02
 -0.1992836241257E+02
 -0.2103912761139E+02
 -0.2268205288174E+02
 -0.2353682701435E+02
 -0.2429974180894E+02
 -0.2516596714013E+02
 -0.2606975942456E+02
 -0.2681199556436E+02
 -0.2718932240924E+02
 -0.2709630251986E+02
 -0.2659877047327E+02
 -0.2577404679068E+02
 -0.2451587465683E+02
 -0.2263682885778E+02
 -0.1948504325979E+02
 -0.1775773969170E+02
 -0.1375295678342E+02
 -0.6453052223749E+01
  0.0000000000000E+00
  0.0000000000000E+00
 -0.1008944744610E+02
 -0.1249624606408E+02
 -0.1532312104924E+02
 -0.1650385617977E+02
 -0.1605313939198E+02
 -0.1329495227017E+02
  0.0000000000000E+00
 -0.9387756339866E+01
 -0.6987490327446E+01
 -0.1013640211760E+02
 -0.7604270439457E+01
 -0.4389654121319E+01
  0.0000000000000E+00
  0.0000000000000E+00
 -0.1505368150092E+02
 -0.1773424999461E+02
 -0.2024938942797E+02
 -0.2166143252883E+02
 -0.2309980405228E+02
 -0.2386941666134E+02
 -0.2459901980215E+02
 -0.2529197754144E+02
 -0.2586745786513E+02
 -0.2623081616164E+02
 -0.2630389073465E+02
 -0.2641981988834E+02
 -0.2639579822557E+02
 -0.2595786806607E+02
 -0.2506365973739E+02
 -0.2357119973910E+02
 -0.2134220994876E+02
 -0.1992064860683E+02
 -0.1590081286885E+02
 -0.9163378220860E+01
  0.0000000000000E+00
  0.0000000000000E+00
 -0.8547568704760E+01
 -0.1539797493880E+02
 -0.1689567589800E+02
 -0.1820960017792E+02
 -0.1835265321597E+02
 -0.1607243105969E+02
  0.0000000000000E+00
  0.0000000000000E+00
  0.0000000000000E+00
 -0.8810372485005E+01
 -0.9340683606087E+01
 -0.8107691969440E+01
  0.0000000000000E+00
  0.0000000000000E+00
 -0.1549754766687E+02
 -0.1832077710059E+02
 -0.2053583135508E+02
 -0.2201942448340E+02
 -0.2258411959539E+02
 -0.2307007698374E+02
 -0.2328003346350E+02
 -0.2299519055019E+02
 -0.2257568456611E+02
 -0.2211486714488E+02
 -0.2276073214287E+02
 -0.2445034834842E+02
 -0.2539932899331E+02
 -0.2568335893939E+02
 -0.2546349617958E+02
 -0.2467323331573E+02
 -0.2292756352080E+02
 -0.2156256276692E+02
 -0.1777419361282E+02
 -0.1191429014157E+02
  0.0000000000000E+00
  0.0000000000000E+00
  0.0000000000000E+00
 -0.1487740317189E+02
 -0.1814986006897E+02
 -0.1939367035920E+02
 -0.1955846111581E+02
 -0.2027517703419E+02
 -0.1774068782545E+02
  0.0000000000000E+00
  0.0000000000000E+00
  0.0000000000000E+00
 -0.1067356465627E+02
 -0.1107881722410E+02
  0.0000000000000E+00
  0.0000000000000E+00
 -0.1506501940921E+02
 -0.1874133293646E+02
 -0.2074061927125E+02
 -0.2166539436351E+02
 -0.1918793748125E+02
 -0.1908554203853E+02
 -0.1853876580475E+02
 -0.1746611506730E+02
 -0.1666719733184E+02
 -0.1796177295656E+02
 -0.2058029178187E+02
 -0.2265285925397E+02
 -0.2361167337290E+02
 -0.2403599620053E+02
 -0.2441941486957E+02
 -0.2428528670320E+02
 -0.2272708696100E+02
 -0.2245432131637E+02
 -0.1968885978653E+02
 -0.1580611981692E+02
  0.0000000000000E+00
  0.0000000000000E+00
  0.0000000000000E+00
 -0.1685345284766E+02
 -0.1877643080289E+02
 -0.1921971380649E+02
 -0.2088959097038E+02
 -0.2085724544990E+02
 -0.1914116972850E+02
 -0.1642550594347E+02
  0.0000000000000E+00
  0.0000000000000E+00
 -0.1259782756634E+02
 -0.1421067763627E+02
  0.0000000000000E+00
 -0.1381343411674E+02
 -0.1673233807897E+02
 -0.1780395282190E+02
 -0.1843340282875E+02
 -0.1881358143840E+02
 -0.1621524300078E+02
 -0.1657971760093E+02
 -0.1768509504339E+02
 -0.1996156063170E+02
 -0.2218723070017E+02
 -0.2326263886406E+02
 -0.2328819847975E+02
 -0.2263053323153E+02
 -0.2153530865332E+02
 -0.2026583935856E+02
 -0.1938159571826E+02
 -0.2052846884650E+02
 -0.2156744880951E+02
 -0.2253009116378E+02
 -0.2120984136509E+02
 -0.1868103334670E+02
  0.0000000000000E+00
  0.0000000000000E+00
  0.0000000000000E+00
 -0.1796087405452E+02
 -0.2092214661551E+02
 -0.2181504229112E+02
 -0.2191155637395E+02
 -0.2198656191058E+02
 -0.1858234980674E+02
 -0.1440953898245E+02
 -0.1615492724355E+02
  0.0000000000000E+00
 -0.1401080793779E+02
 -0.1721811376676E+02
 -0.1601936771332E+02
 -0.1670004007634E+02
 -0.1643911658173E+02
 -0.1568168113170E+02
 -0.1531218619644E+02
 -0.1589679334485E+02
 -0.2349939056448E+02
 -0.2471361448663E+02
 -0.2552582095523E+02
 -0.2595526220288E+02
 -0.2605287218718E+02
 -0.2587038274186E+02
 -0.2539966249124E+02
 -0.2422426216672E+02
 -0.2193338501608E+02
 -0.1999973798226E+02
 -0.1895533589716E+02
 -0.1899690322280E+02
 -0.2082667596501E+02
 -0.2008090834495E+02
 -0.2343835879399E+02
 -0.1918851387465E+02
  0.0000000000000E+00
  0.0000000000000E+00
  0.0000000000000E+00
 -0.1979212132906E+02
 -0.2254346586528E+02
 -0.2369260064102E+02
 -0.2249861082169E+02
 -0.2263952053819E+02
 -0.2038408052446E+02
 -0.2023989136288E+02
 -0.1997242571279E+02
  0.0000000000000E+00
  0.0000000000000E+00
 -0.1652486597006E+02
 -0.1916945214434E+02
 -0.1814900628299E+02
 -0.1858468003504E+02
 -0.1887570158507E+02
 -0.2069458438699E+02
 -0.2227851283131E+02
 -0.2618461762693E+02
 -0.2662479502701E+02
 -0.2679040861485E+02
 -0.2675465873233E+02
 -0.2660357713008E+02
 -0.2635130409466E+02
 -0.2604960673678E+02
 -0.2587490389659E+02
 -0.2586438739630E+02
 -0.2588278751960E+02
 -0.2561728784150E+02
 -0.2511017321924E+02
 -0.2423019895811E+02
 -0.1048157014138E+02
 -0.2671192173386E+02
 -0.2442018004384E+02
  0.0000000000000E+00
  0.0000000000000E+00
  0.0000000000000E+00
 -0.1746556004556E+02
 -0.2232303679430E+02
 -0.2121895725322E+02
 -0.1916854860286E+02
 -0.2059256886707E+02
 -0.2106880473538E+02
 -0.2088548207319E+02
 -0.1825844251326E+02
 -0.1349204948010E+02
  0.0000000000000E+00
 -0.1789223377592E+02
 -0.2109186168524E+02
 -0.2055457742012E+02
 -0.2175879984658E+02
 -0.2310026475107E+02
 -0.2452250604112E+02
 -0.2550665212861E+02
 -0.2606201078615E+02
 -0.2572937011112E+02
 -0.2526834800433E+02
 -0.2492091501783E+02
 -0.2455930859510E+02
 -0.2399394201120E+02
 -0.2330830842911E+02
 -0.2294926140145E+02
 -0.2321060097031E+02
 -0.2385776204815E+02
 -0.2445924642198E+02
 -0.2498301574588E+02
 -0.2574569394563E+02
 -0.2288929041912E+02
 -0.2392035917092E+02
 -0.2574301126988E+02
  0.0000000000000E+00
  0.0000000000000E+00
  0.0000000000000E+00
 -0.2367993580787E+02
 -0.2527254158052E+02
 -0.1793281214927E+02
 -0.2288619610994E+02
 -0.1442230481451E+02
 -0.1085099546657E+02
 -0.1409402472264E+02
 -0.1665345802210E+02
 -0.2152691375294E+02
  0.0000000000000E+00
 -0.1566627593110E+02
 -0.2065782156692E+02
 -0.2069533003120E+02
 -0.2201201678901E+02
 -0.2393536316197E+02
 -0.2537083760471E+02
 -0.2598944900229E+02
 -0.2050774152809E+02
 -0.2019203215413E+02
 -0.1990234922192E+02
 -0.1952103365278E+02
 -0.1897590287420E+02
 -0.1815112049921E+02
 -0.1716809983258E+02
 -0.1651263182527E+02
 -0.1641719399966E+02
 -0.1690114123982E+02
 -0.1779496979101E+02
 -0.1922071055277E+02
 -0.2232465947546E+02
 -0.2750036501741E+02
 -0.1944273584033E+02
 -0.1984352546115E+02
  0.0000000000000E+00
  0.0000000000000E+00
  0.0000000000000E+00
 -0.2612205010032E+02
 -0.2717669473414E+02
 -0.2680893351751E+02
 -0.2617465654885E+02
 -0.2491155145626E+02
 -0.2255596358675E+02
 -0.2357705127018E+02
 -0.2429238407361E+02
 -0.2344511279834E+02
 -0.1872847415025E+02
 -0.2152456343939E+02
 -0.1981147674732E+02
 -0.1845008432057E+02
 -0.1873252125204E+02
 -0.2059508419337E+02
 -0.2133009736917E+02
 -0.2093776138154E+02
 -0.2490325463931E+02
 -0.2475108754681E+02
 -0.2468361971905E+02
 -0.2460911002283E+02
 -0.2456734831906E+02
 -0.2443187827588E+02
 -0.2412775953453E+02
 -0.2382966291948E+02
 -0.2351659616381E+02
 -0.2308510314550E+02
 -0.2238747364879E+02
 -0.2172221846277E+02
 -0.2373290853419E+02
 -0.2645407654812E+02
 -0.2833527774056E+02
 -0.1997133361626E+02
  0.0000000000000E+00
  0.0000000000000E+00
  0.0000000000000E+00
 -0.2696424642861E+02
 -0.2546567841568E+02
 -0.2775473712910E+02
  0.0000000000000E+00
 -0.2519370908739E+02
 -0.2618283771990E+02
 -0.2653672622132E+02
 -0.2500715607505E+02
 -0.2294585247775E+02
 -0.2181686982858E+02
 -0.2453845246396E+02
 -0.2400646918085E+02
 -0.2243792377201E+02
 -0.2284925153343E+02
 -0.2425948188562E+02
 -0.2490753052222E+02
 -0.2504044210280E+02
 -0.2934698485936E+02
 -0.2933037296644E+02
 -0.2912637475834E+02
 -0.2881486153682E+02
 -0.2842671926741E+02
 -0.2813376952878E+02
 -0.2806775163206E+02
 -0.2831207010536E+02
 -0.2869900051132E+02
 -0.2908282873977E+02
 -0.2937832233118E+02
 -0.2929298378026E+02
 -0.2798543151934E+02
 -0.2159076329922E+02
 -0.2318682512465E+02
 -0.2762461443134E+02
 -0.1315867835171E+02
 -0.1503376163258E+02
 -0.2230050652154E+02
 -0.2974031536832E+02
 -0.2634849549519E+02
 -0.2663061826475E+02
  0.0000000000000E+00
 -0.2532687429518E+02
 -0.2402890512258E+02
 -0.2460863769550E+02
 -0.2479218573115E+02
 -0.2209678861427E+02
 -0.2149469876218E+02
 -0.2442663787829E+02
 -0.2517030033648E+02
 -0.2544902106604E+02
 -0.2574701164353E+02
 -0.2744873950571E+02
 -0.2851715499116E+02
 -0.2912019649519E+02
 -0.2871843597848E+02
 -0.2991672416915E+02
 -0.3126694139992E+02
 -0.3229724359897E+02
 -0.3262068003190E+02
 -0.3246669721202E+02
 -0.3204206038488E+02
 -0.3188378019559E+02
 -0.3208681162145E+02
 -0.3242945571793E+02
 -0.3272700468127E+02
 -0.3266590882791E+02
 -0.3133327534747E+02
 -0.2728284161621E+02
 -0.1928518607692E+02
 -0.1295713601065E+02
 -0.2137156024476E+02
 -0.2547039954648E+02
 -0.2822647581816E+02
 -0.3078292639182E+02
 -0.3045317511629E+02
  0.0000000000000E+00
 -0.2712303345377E+02
 -0.2592638300315E+02
 -0.2421370379592E+02
 -0.2484395728635E+02
 -0.2471385498174E+02
 -0.2356363729150E+02
 -0.2120714980343E+02
 -0.2017058309084E+02
 -0.2054542108130E+02
 -0.2229823219892E+02
 -0.2365707558881E+02
 -0.2490608893396E+02
 -0.2631864646083E+02
 -0.2766245228678E+02
 -0.2753598664285E+02
 -0.2818360290495E+02
 -0.2927187926666E+02
 -0.3091381034115E+02
 -0.3281831131881E+02
 -0.3437441606555E+02
 -0.3515664639024E+02
 -0.3507163099151E+02
 -0.3478953048590E+02
 -0.3478926300817E+02
 -0.3491350514934E+02
 -0.3480702809815E+02
 -0.3416525018253E+02
 -0.3256997334585E+02
 -0.3009714758342E+02
 -0.2959616856989E+02
 -0.3193714479207E+02
 -0.3136526975495E+02
 -0.3126967573476E+02
 -0.3164370161269E+02
 -0.3078515707861E+02
  0.0000000000000E+00
 -0.2538985509346E+02
 -0.2773259785522E+02
 -0.2662663590839E+02
 -0.2710338371268E+02
 -0.2673025340734E+02
 -0.2590392113601E+02
 -0.2426192322847E+02
 -0.2386885850587E+02
 -0.2364624814889E+02
 -0.2393664993406E+02
 -0.2483393942021E+02
 -0.2601852342990E+02
 -0.2632332689309E+02
 -0.2702116143237E+02
 -0.3118872991504E+02
 -0.3150276615787E+02
 -0.3177295870861E+02
 -0.3216473464954E+02
 -0.3313288304378E+02
 -0.3456016305667E+02
 -0.3600975073717E+02
 -0.3689172896893E+02
 -0.3708701505084E+02
 -0.3687697051488E+02
 -0.3674746628448E+02
 -0.3668753561911E+02
 -0.3655050492228E+02
 -0.3644456569990E+02
 -0.3636474538500E+02
 -0.3576989923610E+02
 -0.3506215760188E+02
 -0.3415723686382E+02
 -0.3499532288452E+02
 -0.3603444880049E+02
 -0.3468934760575E+02
 -0.2385764572671E+02
 -0.3355647512568E+02
 -0.3120857634548E+02
 -0.3041818793409E+02
 -0.2979645981444E+02
 -0.2929557030078E+02
 -0.2892226751234E+02
 -0.2877540506715E+02
 -0.2888954901941E+02
 -0.2905825192234E+02
 -0.2946373589744E+02
 -0.3001495756452E+02
 -0.3034809099393E+02
 -0.3050178144393E+02
 -0.3086897094543E+02
 -0.3422595879725E+02
 -0.3444292037752E+02
 -0.3473411753301E+02
 -0.3516095140875E+02
 -0.3575110104753E+02
 -0.3644294721621E+02
 -0.3714959997251E+02
 -0.3790574178496E+02
 -0.3853036448353E+02
 -0.3867622527968E+02
 -0.3853430910769E+02
 -0.3845129166868E+02
 -0.3847631090664E+02
 -0.3839357886450E+02
 -0.3798608575942E+02
 -0.3750521537640E+02
 -0.3694486534036E+02
 -0.3701690747395E+02
 -0.3800838368306E+02
 -0.3867587348376E+02
 -0.3916330353124E+02
 -0.3385674232540E+02
 -0.3413776805036E+02
 -0.3286997631068E+02
 -0.3209816393030E+02
 -0.3160194172183E+02
 -0.3148685950664E+02
 -0.3143045750048E+02
 -0.3155313657439E+02
 -0.3176012266814E+02
 -0.3206573010501E+02
 -0.3252664744505E+02
 -0.3304281946431E+02
 -0.3339715994131E+02
 -0.3372932200630E+02
 -0.3401668036089E+02
 -0.3629822228552E+02
 -0.3645994590598E+02
 -0.3668888908437E+02
 -0.3706978481210E+02
 -0.3750342185064E+02
 -0.3795941177647E+02
 -0.3845181096026E+02
 -0.3900219280239E+02
 -0.3949377956395E+02
 -0.3972302673635E+02
 -0.3969096636670E+02
 -0.3957462801232E+02
 -0.3957013875339E+02
 -0.3931837106328E+02
 -0.3856019941496E+02
 -0.3779360069912E+02
 -0.3762965836699E+02
 -0.3881782363113E+02
 -0.3999180371728E+02
 -0.4098976117840E+02
 -0.4116591818414E+02
 -0.2108757154350E+02
 -0.2795249809501E+02
 -0.3100686224353E+02
 -0.3202534561296E+02
 -0.3232471278869E+02
 -0.3264638948637E+02
 -0.3290685367157E+02
 -0.3328704150058E+02
 -0.3364665892513E+02
 -0.3401715373752E+02
 -0.3448946626295E+02
 -0.3499965915716E+02
 -0.3542175061685E+02
 -0.3582037238492E+02
 -0.3610481743757E+02
 -0.3577750115529E+02
 -0.3603485411497E+02
 -0.3637112571511E+02
 -0.3688327112250E+02
 -0.3735018595132E+02
 -0.3774352070771E+02
 -0.3807025204953E+02
 -0.3829075840202E+02
 -0.3831777864456E+02
 -0.3795749734853E+02
 -0.3671530361960E+02
 -0.3428496749001E+02
 -0.3136204708037E+02
 -0.3134014104786E+02
 -0.3380993169241E+02
 -0.3520571111642E+02
 -0.3744001518615E+02
 -0.4011967088277E+02
 -0.4361126389530E+02
 -0.4553496516556E+02
 -0.4544887835566E+02
 -0.5245846281161E+02
 -0.4677504602656E+02
 -0.3787647528884E+02
 -0.3310135131295E+02
 -0.3223344330927E+02
 -0.3170255763159E+02
 -0.3114725315029E+02
 -0.3121915333510E+02
 -0.3199493667210E+02
 -0.3289476524517E+02
 -0.3375301434548E+02
 -0.3445101685155E+02
 -0.3503500636289E+02
 -0.3544256012216E+02
 -0.3562196701025E+02
 -0.3539965812608E+02
 -0.3481372743328E+02
 -0.3434786565096E+02
 -0.3483712461279E+02
 -0.3519988337531E+02
 -0.3532949395221E+02
 -0.3531539287971E+02
 -0.3502174601377E+02
 -0.3431318445672E+02
 -0.3450992061405E+02
 -0.3632546128659E+02
 -0.3863455427731E+02
 -0.4001777292286E+02
 -0.4064203027391E+02
 -0.4278443804072E+02
 -0.4508697244612E+02
 -0.4578998315238E+02
 -0.4621583165309E+02
  0.0000000000000E+00
  0.0000000000000E+00
  0.0000000000000E+00
 -0.4817407243812E+02
 -0.6161894078766E+02
 -0.5405644086442E+02
 -0.4501754420295E+02
 -0.3998424696579E+02
 -0.3797088915638E+02
 -0.3680089502358E+02
 -0.3626853209034E+02
 -0.3563889254975E+02
 -0.3508871682599E+02
 -0.3488054139082E+02
 -0.3516984795804E+02
 -0.3571943933627E+02
 -0.3609658760880E+02
 -0.3597402536200E+02
 -0.3977172879286E+02
 -0.4050780798703E+02
 -0.4092676089415E+02
 -0.4092046590852E+02
 -0.4096787308441E+02
 -0.4123638627767E+02
 -0.4161637267727E+02
 -0.4190813222502E+02
 -0.4215852954430E+02
 -0.4198083539768E+02
 -0.4114135139253E+02
 -0.3967302983246E+02
 -0.3764813437565E+02
 -0.3578923951678E+02
 -0.3753806550012E+02
 -0.4276397589947E+02
 -0.4799291788535E+02
 -0.4853481611192E+02
  0.0000000000000E+00
  0.0000000000000E+00
  0.0000000000000E+00
 -0.4428049767372E+02
 -0.6026647367667E+02
 -0.5906090778665E+02
 -0.5429985399336E+02
 -0.4926405758983E+02
 -0.4453357527829E+02
 -0.4035167112520E+02
 -0.3715248801377E+02
 -0.3620301351789E+02
 -0.3587775101047E+02
 -0.3706103191961E+02
 -0.3693225016616E+02
 -0.3718459071295E+02
 -0.3785961229196E+02
 -0.3878856713202E+02
 -0.3476465790875E+02
 -0.3465176935937E+02
 -0.3435200582352E+02
 -0.3653703824846E+02
 -0.3733237793089E+02
 -0.3777413536907E+02
 -0.3814536863520E+02
 -0.3852605855280E+02
 -0.3879748655880E+02
 -0.3874561246405E+02
 -0.3822287763716E+02
 -0.3715249669952E+02
 -0.3528303265155E+02
 -0.3283822542340E+02
 -0.3282861244461E+02
 -0.3987872326217E+02
 -0.4734021563520E+02
 -0.5718352473176E+02
  0.0000000000000E+00
  0.0000000000000E+00
  0.0000000000000E+00
 -0.3993839136002E+02
 -0.4999086773801E+02
 -0.4980913125974E+02
 -0.5037145032644E+02
 -0.5022505936481E+02
 -0.4855658502278E+02
 -0.4698996225935E+02
 -0.4509584669396E+02
 -0.4291039802652E+02
 -0.4083019373725E+02
 -0.3907048231763E+02
 -0.3764838231606E+02
 -0.3645318172683E+02
 -0.3549016197948E+02
 -0.3496388782391E+02
 -0.3992654449645E+02
 -0.3953684477552E+02
 -0.3904975822114E+02
 -0.3837910459028E+02
 -0.3775688868875E+02
 -0.3733186591587E+02
 -0.3720381215031E+02
 -0.3744881612853E+02
 -0.3798995760905E+02
 -0.3831666978809E+02
 -0.3843058526489E+02
 -0.3802919701616E+02
 -0.3714771633915E+02
 -0.3563751948732E+02
 -0.3398923287417E+02
 -0.3783736913913E+02
 -0.4504688264107E+02
 -0.6433893268173E+02
 -0.5618827222760E+02
 -0.4842850619962E+02
 -0.3859929340200E+02
 -0.3500283039081E+02
 -0.3182917158427E+02
 -0.3271305544838E+02
 -0.3601076621165E+02
 -0.3781635144429E+02
 -0.4122360541896E+02
 -0.4357626288553E+02
 -0.4375746948524E+02
 -0.4426189557564E+02
 -0.4410984579012E+02
 -0.4349883778413E+02
 -0.4279008502818E+02
 -0.4211619718853E+02
 -0.4030646018383E+02
 -0.4000638276406E+02
 -0.4391515004572E+02
 -0.4242147495150E+02
 -0.4266291232345E+02
 -0.4286014354994E+02
 -0.4284246588698E+02
 -0.4275295958306E+02
 -0.4287993455686E+02
 -0.4318848968150E+02
 -0.4378684356753E+02
 -0.4237371137881E+02
 -0.4281394854371E+02
 -0.4326511452149E+02
 -0.4347627849202E+02
 -0.4336644318659E+02
 -0.4226697627466E+02
 -0.4147657161458E+02
 -0.4440865047967E+02
 -0.4965445870427E+02
 -0.4880750693530E+02
 -0.4475131583928E+02
 -0.3886219525665E+02
 -0.3296148836136E+02
 -0.2954279883278E+02
 -0.2889720343308E+02
 -0.2834740047932E+02
 -0.2886419821249E+02
 -0.3149827770375E+02
 -0.3427108948243E+02
 -0.3700571484366E+02
 -0.3887098330251E+02
 -0.4005377930957E+02
 -0.4050326571772E+02
 -0.4065605722483E+02
 -0.4212259480797E+02
 -0.4298143158680E+02
 -0.4342720883049E+02
 -0.3998948339548E+02
 -0.4115219434930E+02
 -0.4181533697415E+02
 -0.4223210319609E+02
 -0.4223342154212E+02
 -0.4220860214764E+02
 -0.4250406567502E+02
 -0.4254477137864E+02
 -0.4190526027569E+02
 -0.4173530257355E+02
 -0.4264976918730E+02
 -0.4342888849467E+02
 -0.4393788745209E+02
 -0.4405868207028E+02
 -0.4360324093801E+02
 -0.4187083322243E+02
 -0.4258512487121E+02
 -0.4652108693087E+02
 -0.4615325833449E+02
 -0.4449554840273E+02
 -0.3920925397337E+02
 -0.3744110710912E+02
 -0.3479415530586E+02
 -0.3258652588983E+02
 -0.3047429504414E+02
 -0.2872390585413E+02
 -0.2790537806239E+02
 -0.2887718814579E+02
 -0.3103040867214E+02
 -0.3310540003405E+02
 -0.3497489340058E+02
 -0.3663493506227E+02
 -0.3753953457668E+02
 -0.3856499548104E+02
 -0.3963209980371E+02
 -0.3923151930715E+02
 -0.3110531711183E+02
 -0.3111248604016E+02
 -0.3102507115851E+02
 -0.3090946880079E+02
 -0.3030133844696E+02
 -0.3014731176055E+02
 -0.3008895573390E+02
 -0.3010813356276E+02
 -0.3017933899408E+02
 -0.3035498465342E+02
 -0.3064752116457E+02
 -0.3074909912822E+02
 -0.3047871909314E+02
 -0.3061190194440E+02
 -0.3068430911941E+02
 -0.3061454406774E+02
 -0.3062324469787E+02
 -0.3069324044982E+02
 -0.3088151896220E+02
 -0.3115249755121E+02
 -0.3142548803684E+02
 -0.3150987127709E+02
 -0.3139782404753E+02
 -0.3128849779337E+02
 -0.3118143243541E+02
 -0.3117528331641E+02
 -0.3143790655506E+02
 -0.3146472548522E+02
 -0.3131787696821E+02
 -0.3109551194443E+02
 -0.3083503168319E+02
 -0.3062491886673E+02
 -0.3057674713015E+02
 -0.3065991700556E+02
 -0.3084420467973E+02
 -0.3100764040092E+02
 -0.6015193934032E+01
 -0.5893148474672E+01
 -0.6001469821883E+01
 -0.0000000000000E+00
 -0.0000000000000E+00
 -0.0000000000000E+00
 -0.0000000000000E+00
 -0.1603477171682E+01
 -0.2591014135394E+01
 -0.5431422518189E+01
 -0.4054697535584E+00
 -0.0000000000000E+00
 -0.4105202623433E+02
 -0.4077706207154E+02
 -0.4071295317556E+02
 -0.4085862627112E+02
 -0.4126609269397E+02
 -0.0000000000000E+00
 -0.0000000000000E+00
 -0.0000000000000E+00
 -0.5350438730642E+01
 -0.4579795792037E+01
 -0.5386765920646E-01
 -0.4436349246145E-01
 -0.3525437101020E-01
 -0.2637370688027E-01
 -0.1967921565285E-01
 -0.0000000000000E+00
 -0.0000000000000E+00
 -0.0000000000000E+00
 -0.0000000000000E+00
 -0.3574378075192E-01
 -0.3944277696815E-01
 -0.4125296600953E-01
 -0.4215652730007E-01
 -0.6006304977677E+01
  0.0000000000000E+00
  0.1463473960657E+03
  0.1273836167773E+03
  0.1145339966481E+03
  0.1202660162833E+03
  0.0000000000000E+00
  0.9983247656835E+02
  0.1119458020200E+03
  0.1477611796989E+03
  0.1443708234096E+03
  0.2170391965990E+03
  0.2170391965990E+03
  0.0000000000000E+00
  0.0000000000000E+00
  0.0000000000000E+00
  0.0000000000000E+00
  0.0000000000000E+00
  0.0000000000000E+00
  0.0000000000000E+00
  0.0000000000000E+00
  0.0000000000000E+00
  0.0000000000000E+00
  0.0000000000000E+00
  0.0000000000000E+00
  0.0000000000000E+00
  0.0000000000000E+00
  0.0000000000000E+00
  0.0000000000000E+00
  0.0000000000000E+00
  0.0000000000000E+00
  0.0000000000000E+00
  0.2170391965990E+03
  0.2170391965990E+03
  0.2170391965990E+03
  0.2170391965990E+03
  0.2170391965990E+03
  0.2109615065598E+03
  0.0000000000000E+00
  0.0000000000000E+00
  0.0000000000000E+00
  0.2109615065598E+03
  0.2109615065598E+03
  0.2109615065598E+03
  0.2109615065598E+03
  0.2109615065598E+03
  0.0000000000000E+00
  0.2109615065598E+03
  0.2109615065598E+03
  0.2109615065598E+03
  0.2109615065598E+03
  0.2109615065598E+03
  0.0000000000000E+00
  0.0000000000000E+00
  0.0000000000000E+00
  0.0000000000000E+00
  0.0000000000000E+00
  0.0000000000000E+00
  0.0000000000000E+00
  0.0000000000000E+00
  0.0000000000000E+00
  0.0000000000000E+00
  0.0000000000000E+00
  0.0000000000000E+00
  0.0000000000000E+00
  0.0000000000000E+00
  0.0000000000000E+00
  0.0000000000000E+00
  0.0000000000000E+00
  0.2109615065598E+03
  0.2109615065598E+03
  0.2109615065598E+03
  0.2109615065598E+03
  0.2131572896140E+03
  0.2131572896140E+03
  0.2131572896140E+03
  0.2131572896140E+03
  0.2131572896140E+03
  0.2131572896140E+03
  0.2131572896140E+03
  0.2131572896140E+03
  0.2131572896140E+03
  0.2131572896140E+03
  0.0000000000000E+00
  0.2131572896140E+03
  0.2131572896140E+03
  0.2131572896140E+03
  0.2131572896140E+03
  0.0000000000000E+00
  0.0000000000000E+00
  0.0000000000000E+00
  0.0000000000000E+00
  0.0000000000000E+00
  0.0000000000000E+00
  0.0000000000000E+00
  0.0000000000000E+00
  0.0000000000000E+00
  0.0000000000000E+00
  0.0000000000000E+00
  0.0000000000000E+00
  0.0000000000000E+00
  0.0000000000000E+00
  0.0000000000000E+00
  0.0000000000000E+00
  0.0000000000000E+00
  0.2131572896140E+03
  0.2131572896140E+03
  0.2131572896140E+03
  0.2131572896140E+03
  0.2206824528005E+03
  0.2206824528005E+03
  0.2206824528005E+03
  0.2206824528005E+03
  0.2206824528005E+03
  0.2206824528005E+03
  0.2206824528005E+03
  0.2206824528005E+03
  0.2206824528005E+03
  0.2206824528005E+03
  0.2206824528005E+03
  0.2206824528005E+03
  0.0000000000000E+00
  0.0000000000000E+00
  0.0000000000000E+00
  0.0000000000000E+00
  0.0000000000000E+00
  0.0000000000000E+00
  0.0000000000000E+00
  0.0000000000000E+00
  0.0000000000000E+00
  0.0000000000000E+00
  0.0000000000000E+00
  0.0000000000000E+00
  0.0000000000000E+00
  0.0000000000000E+00
  0.0000000000000E+00
  0.0000000000000E+00
  0.0000000000000E+00
  0.0000000000000E+00
  0.0000000000000E+00
  0.0000000000000E+00
  0.2206824528005E+03
  0.2206824528005E+03
  0.2206824528005E+03
  0.2206824528005E+03
  0.2287092677260E+03
  0.2287092677260E+03
  0.2287092677260E+03
  0.2287092677260E+03
  0.2287092677260E+03
  0.2287092677260E+03
  0.2287092677260E+03
  0.2287092677260E+03
  0.2287092677260E+03
  0.2287092677260E+03
  0.2287092677260E+03
  0.2287092677260E+03
  0.0000000000000E+00
  0.0000000000000E+00
  0.0000000000000E+00
  0.0000000000000E+00
  0.0000000000000E+00
  0.0000000000000E+00
  0.0000000000000E+00
  0.0000000000000E+00
  0.0000000000000E+00
  0.2287092677260E+03
  0.2287092677260E+03
  0.0000000000000E+00
  0.0000000000000E+00
  0.0000000000000E+00
  0.0000000000000E+00
  0.0000000000000E+00
  0.0000000000000E+00
  0.0000000000000E+00
  0.0000000000000E+00
  0.0000000000000E+00
  0.2287092677260E+03
  0.2287092677260E+03
  0.2287092677260E+03
  0.2287092677260E+03
  0.2389200812589E+03
  0.2389200812589E+03
  0.2389200812589E+03
  0.2389200812589E+03
  0.2389200812589E+03
  0.2389200812589E+03
  0.2389200812589E+03
  0.2389200812589E+03
  0.2389200812589E+03
  0.2389200812589E+03
  0.2389200812589E+03
  0.2389200812589E+03
  0.2389200812589E+03
  0.0000000000000E+00
  0.0000000000000E+00
  0.0000000000000E+00
  0.0000000000000E+00
  0.0000000000000E+00
  0.0000000000000E+00
  0.0000000000000E+00
  0.2389200812589E+03
  0.2389200812589E+03
  0.2389200812589E+03
  0.0000000000000E+00
  0.0000000000000E+00
  0.0000000000000E+00
  0.0000000000000E+00
  0.2389200812589E+03
  0.2389200812589E+03
  0.0000000000000E+00
  0.0000000000000E+00
  0.0000000000000E+00
  0.2389200812589E+03
  0.2389200812589E+03
  0.2389200812589E+03
  0.2389200812589E+03
  0.2489552920568E+03
  0.2489552920568E+03
  0.2489552920568E+03
  0.2489552920568E+03
  0.2489552920568E+03
  0.2489552920568E+03
  0.2489552920568E+03
  0.2489552920568E+03
  0.2489552920568E+03
  0.2489552920568E+03
  0.2489552920568E+03
  0.2489552920568E+03
  0.2489552920568E+03
  0.0000000000000E+00
  0.0000000000000E+00
  0.0000000000000E+00
  0.0000000000000E+00
  0.0000000000000E+00
  0.0000000000000E+00
  0.2489552920568E+03
  0.2489552920568E+03
  0.2489552920568E+03
  0.2489552920568E+03
  0.0000000000000E+00
  0.0000000000000E+00
  0.0000000000000E+00
  0.2489552920568E+03
  0.2489552920568E+03
  0.2489552920568E+03
  0.0000000000000E+00
  0.0000000000000E+00
  0.0000000000000E+00
  0.2489552920568E+03
  0.2489552920568E+03
  0.2489552920568E+03
  0.2489552920568E+03
  0.2576752813946E+03
  0.2576752813946E+03
  0.2576752813946E+03
  0.2576752813946E+03
  0.2576752813946E+03
  0.2576752813946E+03
  0.2576752813946E+03
  0.2576752813946E+03
  0.2576752813946E+03
  0.2576752813946E+03
  0.2576752813946E+03
  0.2576752813946E+03
  0.2576752813946E+03
  0.2576752813946E+03
  0.2576752813946E+03
  0.0000000000000E+00
  0.0000000000000E+00
  0.2576752813946E+03
  0.2576752813946E+03
  0.2576752813946E+03
  0.2576752813946E+03
  0.2576752813946E+03
  0.2576752813946E+03
  0.2576752813946E+03
  0.2576752813946E+03
  0.2576752813946E+03
  0.2576752813946E+03
  0.2576752813946E+03
  0.2576752813946E+03
  0.0000000000000E+00
  0.0000000000000E+00
  0.0000000000000E+00
  0.2576752813946E+03
  0.2576752813946E+03
  0.2576752813946E+03
  0.2576752813946E+03
  0.2646828351077E+03
  0.2646828351077E+03
  0.2646828351077E+03
  0.2646828351077E+03
  0.2646828351077E+03
  0.2646828351077E+03
  0.2646828351077E+03
  0.2646828351077E+03
  0.2646828351077E+03
  0.2646828351077E+03
  0.2646828351077E+03
  0.2646828351077E+03
  0.2646828351077E+03
  0.2646828351077E+03
  0.2646828351077E+03
  0.0000000000000E+00
  0.0000000000000E+00
  0.2646828351077E+03
  0.2646828351077E+03
  0.2646828351077E+03
  0.2646828351077E+03
  0.2646828351077E+03
  0.2646828351077E+03
  0.2646828351077E+03
  0.2646828351077E+03
  0.2646828351077E+03
  0.2646828351077E+03
  0.2646828351077E+03
  0.2646828351077E+03
  0.0000000000000E+00
  0.0000000000000E+00
  0.0000000000000E+00
  0.2646828351077E+03
  0.2646828351077E+03
  0.2646828351077E+03
  0.2646828351077E+03
  0.2670090652191E+03
  0.2670090652191E+03
  0.2670090652191E+03
  0.2670090652191E+03
  0.2670090652191E+03
  0.2670090652191E+03
  0.2670090652191E+03
  0.2670090652191E+03
  0.2670090652191E+03
  0.2670090652191E+03
  0.2670090652191E+03
  0.2670090652191E+03
  0.2670090652191E+03
  0.2670090652191E+03
  0.2670090652191E+03
  0.2670090652191E+03
  0.0000000000000E+00
  0.2670090652191E+03
  0.2670090652191E+03
  0.0000000000000E+00
  0.2670090652191E+03
  0.2670090652191E+03
  0.2670090652191E+03
  0.2670090652191E+03
  0.2670090652191E+03
  0.2670090652191E+03
  0.2670090652191E+03
  0.2670090652191E+03
  0.2670090652191E+03
  0.0000000000000E+00
  0.0000000000000E+00
  0.0000000000000E+00
  0.2670090652191E+03
  0.2670090652191E+03
  0.2670090652191E+03
  0.2670090652191E+03
  0.2681004848273E+03
  0.2681004848273E+03
  0.2681004848273E+03
  0.2681004848273E+03
  0.2681004848273E+03
  0.2681004848273E+03
  0.2681004848273E+03
  0.2681004848273E+03
  0.2681004848273E+03
  0.2681004848273E+03
  0.2681004848273E+03
  0.2681004848273E+03
  0.2681004848273E+03
  0.0000000000000E+00
  0.2681004848273E+03
  0.2681004848273E+03
  0.0000000000000E+00
  0.0000000000000E+00
  0.2681004848273E+03
  0.2681004848273E+03
  0.2681004848273E+03
  0.2681004848273E+03
  0.2681004848273E+03
  0.2681004848273E+03
  0.2681004848273E+03
  0.2681004848273E+03
  0.2681004848273E+03
  0.2681004848273E+03
  0.2681004848273E+03
  0.2681004848273E+03
  0.0000000000000E+00
  0.0000000000000E+00
  0.2681004848273E+03
  0.2681004848273E+03
  0.2681004848273E+03
  0.2681004848273E+03
  0.2653105705118E+03
  0.2653105705118E+03
  0.2653105705118E+03
  0.2653105705118E+03
  0.2653105705118E+03
  0.2653105705118E+03
  0.2653105705118E+03
  0.2653105705118E+03
  0.2653105705118E+03
  0.2653105705118E+03
  0.2653105705118E+03
  0.2653105705118E+03
  0.2653105705118E+03
  0.2653105705118E+03
  0.2653105705118E+03
  0.2653105705118E+03
  0.0000000000000E+00
  0.0000000000000E+00
  0.2653105705118E+03
  0.2653105705118E+03
  0.2653105705118E+03
  0.2653105705118E+03
  0.2653105705118E+03
  0.2653105705118E+03
  0.0000000000000E+00
  0.2653105705118E+03
  0.2653105705118E+03
  0.2653105705118E+03
  0.2653105705118E+03
  0.2653105705118E+03
  0.0000000000000E+00
  0.0000000000000E+00
  0.2653105705118E+03
  0.2653105705118E+03
  0.2653105705118E+03
  0.2653105705118E+03
  0.2586607012871E+03
  0.2586607012871E+03
  0.2586607012871E+03
  0.2586607012871E+03
  0.2586607012871E+03
  0.2586607012871E+03
  0.2586607012871E+03
  0.2586607012871E+03
  0.2586607012871E+03
  0.2586607012871E+03
  0.2586607012871E+03
  0.2586607012871E+03
  0.2586607012871E+03
  0.2586607012871E+03
  0.2586607012871E+03
  0.2586607012871E+03
  0.0000000000000E+00
  0.0000000000000E+00
  0.2586607012871E+03
  0.2586607012871E+03
  0.2586607012871E+03
  0.2586607012871E+03
  0.2586607012871E+03
  0.2586607012871E+03
  0.0000000000000E+00
  0.0000000000000E+00
  0.0000000000000E+00
  0.2586607012871E+03
  0.2586607012871E+03
  0.2586607012871E+03
  0.0000000000000E+00
  0.0000000000000E+00
  0.2586607012871E+03
  0.2586607012871E+03
  0.2586607012871E+03
  0.2586607012871E+03
  0.2487920462633E+03
  0.2487920462633E+03
  0.2487920462633E+03
  0.2487920462633E+03
  0.2487920462633E+03
  0.2487920462633E+03
  0.2487920462633E+03
  0.2487920462633E+03
  0.2487920462633E+03
  0.2487920462633E+03
  0.2487920462633E+03
  0.2487920462633E+03
  0.2487920462633E+03
  0.2487920462633E+03
  0.2487920462633E+03
  0.2487920462633E+03
  0.0000000000000E+00
  0.0000000000000E+00
  0.0000000000000E+00
  0.2487920462633E+03
  0.2487920462633E+03
  0.2487920462633E+03
  0.2487920462633E+03
  0.2487920462633E+03
  0.2487920462633E+03
  0.0000000000000E+00
  0.0000000000000E+00
  0.0000000000000E+00
  0.2487920462633E+03
  0.2487920462633E+03
  0.0000000000000E+00
  0.0000000000000E+00
  0.2487920462633E+03
  0.2487920462633E+03
  0.2487920462633E+03
  0.2487920462633E+03
  0.2395023963687E+03
  0.2395023963687E+03
  0.2395023963687E+03
  0.2395023963687E+03
  0.2395023963687E+03
  0.2395023963687E+03
  0.2395023963687E+03
  0.2395023963687E+03
  0.2395023963687E+03
  0.2395023963687E+03
  0.2395023963687E+03
  0.2395023963687E+03
  0.2395023963687E+03
  0.2395023963687E+03
  0.2395023963687E+03
  0.2395023963687E+03
  0.0000000000000E+00
  0.0000000000000E+00
  0.0000000000000E+00
  0.2395023963687E+03
  0.2395023963687E+03
  0.2395023963687E+03
  0.2395023963687E+03
  0.2395023963687E+03
  0.2395023963687E+03
  0.2395023963687E+03
  0.0000000000000E+00
  0.0000000000000E+00
  0.2395023963687E+03
  0.2395023963687E+03
  0.0000000000000E+00
  0.2395023963687E+03
  0.2395023963687E+03
  0.2395023963687E+03
  0.2395023963687E+03
  0.2395023963687E+03
  0.2335137264834E+03
  0.2335137264834E+03
  0.2335137264834E+03
  0.2335137264834E+03
  0.2335137264834E+03
  0.2335137264834E+03
  0.2335137264834E+03
  0.2335137264834E+03
  0.2335137264834E+03
  0.2335137264834E+03
  0.2335137264834E+03
  0.2335137264834E+03
  0.2335137264834E+03
  0.2335137264834E+03
  0.2335137264834E+03
  0.2335137264834E+03
  0.0000000000000E+00
  0.0000000000000E+00
  0.0000000000000E+00
  0.2335137264834E+03
  0.2335137264834E+03
  0.2335137264834E+03
  0.2335137264834E+03
  0.2335137264834E+03
  0.2335137264834E+03
  0.2335137264834E+03
  0.2335137264834E+03
  0.0000000000000E+00
  0.2335137264834E+03
  0.2335137264834E+03
  0.2335137264834E+03
  0.2335137264834E+03
  0.2335137264834E+03
  0.2335137264834E+03
  0.2335137264834E+03
  0.2335137264834E+03
  0.2318419429669E+03
  0.2318419429669E+03
  0.2318419429669E+03
  0.2318419429669E+03
  0.2318419429669E+03
  0.2318419429669E+03
  0.2318419429669E+03
  0.2318419429669E+03
  0.2318419429669E+03
  0.2318419429669E+03
  0.2318419429669E+03
  0.2318419429669E+03
  0.2318419429669E+03
  0.2318419429669E+03
  0.2318419429669E+03
  0.2318419429669E+03
  0.0000000000000E+00
  0.0000000000000E+00
  0.0000000000000E+00
  0.2318419429669E+03
  0.2318419429669E+03
  0.2318419429669E+03
  0.2318419429669E+03
  0.2318419429669E+03
  0.2318419429669E+03
  0.2318419429669E+03
  0.2318419429669E+03
  0.0000000000000E+00
  0.0000000000000E+00
  0.2318419429669E+03
  0.2318419429669E+03
  0.2318419429669E+03
  0.2318419429669E+03
  0.2318419429669E+03
  0.2318419429669E+03
  0.2318419429669E+03
  0.2278296286493E+03
  0.2278296286493E+03
  0.2278296286493E+03
  0.2278296286493E+03
  0.2278296286493E+03
  0.2278296286493E+03
  0.2278296286493E+03
  0.2278296286493E+03
  0.2278296286493E+03
  0.2278296286493E+03
  0.2278296286493E+03
  0.2278296286493E+03
  0.2278296286493E+03
  0.2278296286493E+03
  0.2278296286493E+03
  0.2278296286493E+03
  0.0000000000000E+00
  0.0000000000000E+00
  0.0000000000000E+00
  0.2278296286493E+03
  0.2278296286493E+03
  0.2278296286493E+03
  0.2278296286493E+03
  0.2278296286493E+03
  0.2278296286493E+03
  0.2278296286493E+03
  0.2278296286493E+03
  0.2278296286493E+03
  0.0000000000000E+00
  0.2278296286493E+03
  0.2278296286493E+03
  0.2278296286493E+03
  0.2278296286493E+03
  0.2278296286493E+03
  0.2278296286493E+03
  0.2278296286493E+03
  0.2205170765449E+03
  0.2205170765449E+03
  0.2205170765449E+03
  0.2205170765449E+03
  0.2205170765449E+03
  0.2205170765449E+03
  0.2205170765449E+03
  0.2205170765449E+03
  0.2205170765449E+03
  0.2205170765449E+03
  0.2205170765449E+03
  0.2205170765449E+03
  0.2205170765449E+03
  0.2205170765449E+03
  0.2205170765449E+03
  0.2205170765449E+03
  0.0000000000000E+00
  0.0000000000000E+00
  0.0000000000000E+00
  0.2205170765449E+03
  0.2205170765449E+03
  0.2205170765449E+03
  0.2205170765449E+03
  0.2205170765449E+03
  0.2205170765449E+03
  0.2205170765449E+03
  0.2205170765449E+03
  0.2205170765449E+03
  0.0000000000000E+00
  0.2205170765449E+03
  0.2205170765449E+03
  0.2205170765449E+03
  0.2205170765449E+03
  0.2205170765449E+03
  0.2205170765449E+03
  0.2205170765449E+03
  0.2102902105755E+03
  0.2102902105755E+03
  0.2102902105755E+03
  0.2102902105755E+03
  0.2102902105755E+03
  0.2102902105755E+03
  0.2102902105755E+03
  0.2102902105755E+03
  0.2102902105755E+03
  0.2102902105755E+03
  0.2102902105755E+03
  0.2102902105755E+03
  0.2102902105755E+03
  0.2102902105755E+03
  0.2102902105755E+03
  0.2102902105755E+03
  0.0000000000000E+00
  0.0000000000000E+00
  0.0000000000000E+00
  0.2102902105755E+03
  0.2102902105755E+03
  0.2102902105755E+03
  0.2102902105755E+03
  0.2102902105755E+03
  0.2102902105755E+03
  0.2102902105755E+03
  0.2102902105755E+03
  0.2102902105755E+03
  0.2102902105755E+03
  0.2102902105755E+03
  0.2102902105755E+03
  0.2102902105755E+03
  0.2102902105755E+03
  0.2102902105755E+03
  0.2102902105755E+03
  0.2102902105755E+03
  0.1967917899461E+03
  0.1967917899461E+03
  0.1967917899461E+03
  0.1967917899461E+03
  0.1967917899461E+03
  0.1967917899461E+03
  0.1967917899461E+03
  0.1967917899461E+03
  0.1967917899461E+03
  0.1967917899461E+03
  0.1967917899461E+03
  0.1967917899461E+03
  0.1967917899461E+03
  0.1967917899461E+03
  0.1967917899461E+03
  0.1967917899461E+03
  0.0000000000000E+00
  0.0000000000000E+00
  0.0000000000000E+00
  0.1967917899461E+03
  0.1967917899461E+03
  0.1967917899461E+03
  0.0000000000000E+00
  0.1967917899461E+03
  0.1967917899461E+03
  0.1967917899461E+03
  0.1967917899461E+03
  0.1967917899461E+03
  0.1967917899461E+03
  0.1967917899461E+03
  0.1967917899461E+03
  0.1967917899461E+03
  0.1967917899461E+03
  0.1967917899461E+03
  0.1967917899461E+03
  0.1967917899461E+03
  0.1883466139167E+03
  0.1883466139167E+03
  0.1883466139167E+03
  0.1883466139167E+03
  0.1883466139167E+03
  0.1883466139167E+03
  0.1883466139167E+03
  0.1883466139167E+03
  0.1883466139167E+03
  0.1883466139167E+03
  0.1883466139167E+03
  0.1883466139167E+03
  0.1883466139167E+03
  0.1883466139167E+03
  0.1883466139167E+03
  0.1883466139167E+03
  0.1883466139167E+03
  0.1883466139167E+03
  0.1883466139167E+03
  0.1883466139167E+03
  0.1883466139167E+03
  0.1883466139167E+03
  0.0000000000000E+00
  0.1883466139167E+03
  0.1883466139167E+03
  0.1883466139167E+03
  0.1883466139167E+03
  0.1883466139167E+03
  0.1883466139167E+03
  0.1883466139167E+03
  0.1883466139167E+03
  0.1883466139167E+03
  0.1883466139167E+03
  0.1883466139167E+03
  0.1883466139167E+03
  0.1883466139167E+03
  0.1794726165719E+03
  0.1794726165719E+03
  0.1794726165719E+03
  0.1794726165719E+03
  0.1794726165719E+03
  0.1794726165719E+03
  0.1794726165719E+03
  0.1794726165719E+03
  0.1794726165719E+03
  0.1794726165719E+03
  0.1794726165719E+03
  0.1794726165719E+03
  0.1794726165719E+03
  0.1794726165719E+03
  0.1794726165719E+03
  0.1794726165719E+03
  0.1794726165719E+03
  0.1794726165719E+03
  0.1794726165719E+03
  0.1794726165719E+03
  0.1794726165719E+03
  0.0000000000000E+00
  0.1794726165719E+03
  0.1794726165719E+03
  0.1794726165719E+03
  0.1794726165719E+03
  0.1794726165719E+03
  0.1794726165719E+03
  0.1794726165719E+03
  0.1794726165719E+03
  0.1794726165719E+03
  0.1794726165719E+03
  0.1794726165719E+03
  0.1794726165719E+03
  0.1794726165719E+03
  0.1794726165719E+03
  0.1691241565211E+03
  0.1691241565211E+03
  0.1691241565211E+03
  0.1691241565211E+03
  0.1691241565211E+03
  0.1691241565211E+03
  0.1691241565211E+03
  0.1691241565211E+03
  0.1691241565211E+03
  0.1691241565211E+03
  0.1691241565211E+03
  0.1691241565211E+03
  0.1691241565211E+03
  0.1691241565211E+03
  0.1691241565211E+03
  0.1691241565211E+03
  0.1691241565211E+03
  0.1691241565211E+03
  0.1691241565211E+03
  0.1691241565211E+03
  0.1691241565211E+03
  0.0000000000000E+00
  0.1691241565211E+03
  0.1691241565211E+03
  0.1691241565211E+03
  0.1691241565211E+03
  0.1691241565211E+03
  0.1691241565211E+03
  0.1691241565211E+03
  0.1691241565211E+03
  0.1691241565211E+03
  0.1691241565211E+03
  0.1691241565211E+03
  0.1691241565211E+03
  0.1691241565211E+03
  0.1691241565211E+03
  0.1562753070526E+03
  0.1562753070526E+03
  0.1562753070526E+03
  0.1562753070526E+03
  0.1562753070526E+03
  0.1562753070526E+03
  0.1562753070526E+03
  0.1562753070526E+03
  0.1562753070526E+03
  0.1562753070526E+03
  0.1562753070526E+03
  0.1562753070526E+03
  0.1562753070526E+03
  0.1562753070526E+03
  0.1562753070526E+03
  0.1562753070526E+03
  0.1562753070526E+03
  0.1562753070526E+03
  0.1562753070526E+03
  0.1562753070526E+03
  0.1562753070526E+03
  0.1562753070526E+03
  0.1562753070526E+03
  0.1562753070526E+03
  0.1562753070526E+03
  0.1562753070526E+03
  0.1562753070526E+03
  0.1562753070526E+03
  0.1562753070526E+03
  0.1562753070526E+03
  0.1562753070526E+03
  0.1562753070526E+03
  0.1562753070526E+03
  0.1562753070526E+03
  0.1562753070526E+03
  0.1562753070526E+03
  0.1423636708013E+03
  0.1423636708013E+03
  0.1423636708013E+03
  0.1423636708013E+03
  0.1423636708013E+03
  0.1423636708013E+03
  0.1423636708013E+03
  0.1423636708013E+03
  0.1423636708013E+03
  0.1423636708013E+03
  0.1423636708013E+03
  0.1423636708013E+03
  0.1423636708013E+03
  0.1423636708013E+03
  0.1423636708013E+03
  0.1423636708013E+03
  0.1423636708013E+03
  0.1423636708013E+03
  0.1423636708013E+03
  0.1423636708013E+03
  0.1423636708013E+03
  0.1423636708013E+03
  0.1423636708013E+03
  0.1423636708013E+03
  0.1423636708013E+03
  0.1423636708013E+03
  0.1423636708013E+03
  0.1423636708013E+03
  0.1423636708013E+03
  0.1423636708013E+03
  0.1423636708013E+03
  0.1423636708013E+03
  0.1423636708013E+03
  0.1423636708013E+03
  0.1423636708013E+03
  0.1423636708013E+03
  0.1275988949382E+03
  0.1275988949382E+03
  0.1275988949382E+03
  0.1275988949382E+03
  0.1275988949382E+03
  0.1275988949382E+03
  0.1275988949382E+03
  0.1275988949382E+03
  0.1275988949382E+03
  0.1275988949382E+03
  0.1275988949382E+03
  0.1275988949382E+03
  0.1275988949382E+03
  0.1275988949382E+03
  0.1275988949382E+03
  0.1275988949382E+03
  0.1275988949382E+03
  0.1275988949382E+03
  0.1275988949382E+03
  0.1275988949382E+03
  0.1275988949382E+03
  0.1275988949382E+03
  0.1275988949382E+03
  0.1275988949382E+03
  0.1275988949382E+03
  0.1275988949382E+03
  0.1275988949382E+03
  0.1275988949382E+03
  0.1275988949382E+03
  0.1275988949382E+03
  0.1275988949382E+03
  0.1275988949382E+03
  0.1275988949382E+03
  0.1275988949382E+03
  0.1275988949382E+03
  0.1275988949382E+03
  0.1120214574597E+03
  0.1120214574597E+03
  0.1120214574597E+03
  0.1120214574597E+03
  0.1120214574597E+03
  0.1120214574597E+03
  0.1120214574597E+03
  0.1120214574597E+03
  0.1120214574597E+03
  0.1120214574597E+03
  0.1120214574597E+03
  0.1120214574597E+03
  0.1120214574597E+03
  0.1120214574597E+03
  0.1120214574597E+03
  0.1120214574597E+03
  0.1120214574597E+03
  0.1120214574597E+03
  0.1120214574597E+03
  0.1120214574597E+03
  0.1120214574597E+03
  0.1120214574597E+03
  0.1120214574597E+03
  0.1120214574597E+03
  0.1120214574597E+03
  0.1120214574597E+03
  0.1120214574597E+03
  0.1120214574597E+03
  0.1120214574597E+03
  0.1120214574597E+03
  0.1120214574597E+03
  0.1120214574597E+03
  0.1120214574597E+03
  0.1120214574597E+03
  0.1120214574597E+03
  0.1120214574597E+03
  0.9382680969862E+02
  0.9382680969862E+02
  0.9382680969862E+02
  0.9382680969862E+02
  0.9382680969862E+02
  0.9382680969862E+02
  0.9382680969862E+02
  0.9382680969862E+02
  0.9382680969862E+02
  0.9382680969862E+02
  0.9382680969862E+02
  0.9382680969862E+02
  0.9382680969862E+02
  0.9382680969862E+02
  0.9382680969862E+02
  0.9382680969862E+02
  0.9382680969862E+02
  0.9382680969862E+02
  0.0000000000000E+00
  0.0000000000000E+00
  0.0000000000000E+00
  0.9382680969862E+02
  0.9382680969862E+02
  0.9382680969862E+02
  0.9382680969862E+02
  0.9382680969862E+02
  0.9382680969862E+02
  0.9382680969862E+02
  0.9382680969862E+02
  0.9382680969862E+02
  0.9382680969862E+02
  0.9382680969862E+02
  0.9382680969862E+02
  0.9382680969862E+02
  0.9382680969862E+02
  0.9382680969862E+02
  0.7537680040300E+02
  0.7537680040300E+02
  0.7537680040300E+02
  0.7537680040300E+02
  0.7537680040300E+02
  0.7537680040300E+02
  0.7537680040300E+02
  0.7537680040300E+02
  0.7537680040300E+02
  0.7537680040300E+02
  0.7537680040300E+02
  0.7537680040300E+02
  0.7537680040300E+02
  0.7537680040300E+02
  0.7537680040300E+02
  0.7537680040300E+02
  0.7537680040300E+02
  0.7537680040300E+02
  0.0000000000000E+00
  0.0000000000000E+00
  0.0000000000000E+00
  0.7537680040300E+02
  0.7537680040300E+02
  0.7537680040300E+02
  0.7537680040300E+02
  0.7537680040300E+02
  0.7537680040300E+02
  0.7537680040300E+02
  0.7537680040300E+02
  0.7537680040300E+02
  0.7537680040300E+02
  0.7537680040300E+02
  0.7537680040300E+02
  0.7537680040300E+02
  0.7537680040300E+02
  0.7537680040300E+02
  0.5754631732502E+02
  0.5754631732502E+02
  0.5754631732502E+02
  0.5754631732502E+02
  0.5754631732502E+02
  0.5754631732502E+02
  0.5754631732502E+02
  0.5754631732502E+02
  0.5754631732502E+02
  0.5754631732502E+02
  0.5754631732502E+02
  0.5754631732502E+02
  0.5754631732502E+02
  0.5754631732502E+02
  0.5754631732502E+02
  0.5754631732502E+02
  0.5754631732502E+02
  0.5754631732502E+02
  0.0000000000000E+00
  0.0000000000000E+00
  0.0000000000000E+00
  0.5754631732502E+02
  0.5754631732502E+02
  0.5754631732502E+02
  0.5754631732502E+02
  0.5754631732502E+02
  0.5754631732502E+02
  0.5754631732502E+02
  0.5754631732502E+02
  0.5754631732502E+02
  0.5754631732502E+02
  0.5754631732502E+02
  0.5754631732502E+02
  0.5754631732502E+02
  0.5754631732502E+02
  0.5754631732502E+02
  0.4198351326606E+02
  0.4198351326606E+02
  0.4198351326606E+02
  0.4198351326606E+02
  0.4198351326606E+02
  0.4198351326606E+02
  0.4198351326606E+02
  0.4198351326606E+02
  0.4198351326606E+02
  0.4198351326606E+02
  0.4198351326606E+02
  0.4198351326606E+02
  0.4198351326606E+02
  0.4198351326606E+02
  0.4198351326606E+02
  0.4198351326606E+02
  0.4198351326606E+02
  0.4198351326606E+02
  0.4198351326606E+02
  0.4198351326606E+02
  0.4198351326606E+02
  0.4198351326606E+02
  0.4198351326606E+02
  0.4198351326606E+02
  0.4198351326606E+02
  0.4198351326606E+02
  0.4198351326606E+02
  0.4198351326606E+02
  0.4198351326606E+02
  0.4198351326606E+02
  0.4198351326606E+02
  0.4198351326606E+02
  0.4198351326606E+02
  0.4198351326606E+02
  0.4198351326606E+02
  0.4198351326606E+02
  0.2682287757944E+02
  0.2682287757944E+02
  0.2682287757944E+02
  0.2682287757944E+02
  0.2682287757944E+02
  0.2682287757944E+02
  0.2682287757944E+02
  0.2682287757944E+02
  0.2682287757944E+02
  0.2682287757944E+02
  0.2682287757944E+02
  0.2682287757944E+02
  0.2682287757944E+02
  0.2682287757944E+02
  0.2682287757944E+02
  0.2682287757944E+02
  0.2682287757944E+02
  0.2682287757944E+02
  0.2682287757944E+02
  0.2682287757944E+02
  0.2682287757944E+02
  0.2682287757944E+02
  0.2682287757944E+02
  0.2682287757944E+02
  0.2682287757944E+02
  0.2682287757944E+02
  0.2682287757944E+02
  0.2682287757944E+02
  0.2682287757944E+02
  0.2682287757944E+02
  0.2682287757944E+02
  0.2682287757944E+02
  0.2682287757944E+02
  0.2682287757944E+02
  0.2682287757944E+02
  0.2682287757944E+02
  0.1252977694978E+02
  0.1252977694978E+02
  0.1252977694978E+02
  0.1252977694978E+02
  0.1252977694978E+02
  0.1252977694978E+02
  0.1252977694978E+02
  0.1252977694978E+02
  0.1252977694978E+02
  0.1252977694978E+02
  0.1252977694978E+02
  0.1252977694978E+02
  0.1252977694978E+02
  0.1252977694978E+02
  0.1252977694978E+02
  0.1252977694978E+02
  0.1252977694978E+02
  0.1252977694978E+02
  0.1252977694978E+02
  0.1252977694978E+02
  0.1252977694978E+02
  0.1252977694978E+02
  0.1252977694978E+02
  0.1252977694978E+02
  0.1252977694978E+02
  0.1252977694978E+02
  0.1252977694978E+02
  0.1252977694978E+02
  0.1252977694978E+02
  0.1252977694978E+02
  0.1252977694978E+02
  0.1252977694978E+02
  0.1252977694978E+02
  0.1252977694978E+02
  0.1252977694978E+02
  0.1252977694978E+02
  0.4763355016067E+00
  0.4763355016067E+00
  0.4763355016067E+00
  0.4763355016067E+00
  0.4763355016067E+00
  0.4763355016067E+00
  0.4763355016067E+00
  0.4763355016067E+00
  0.4763355016067E+00
  0.4763355016067E+00
  0.4763355016067E+00
  0.4763355016067E+00
  0.4763355016067E+00
  0.4763355016067E+00
  0.4763355016067E+00
  0.4763355016067E+00
  0.4763355016067E+00
  0.4763355016067E+00
  0.4763355016067E+00
  0.4763355016067E+00
  0.4763355016067E+00
  0.4763355016067E+00
  0.4763355016067E+00
  0.4763355016067E+00
  0.4763355016067E+00
  0.4763355016067E+00
  0.4763355016067E+00
  0.4763355016067E+00
  0.4763355016067E+00
  0.4763355016067E+00
  0.4763355016067E+00
  0.4763355016067E+00
  0.4763355016067E+00
  0.4763355016067E+00
  0.4763355016067E+00
  0.4763355016067E+00
  0.0000000000000E+00
  0.0000000000000E+00
  0.0000000000000E+00
  0.0000000000000E+00
  0.0000000000000E+00
  0.0000000000000E+00
  0.0000000000000E+00
  0.0000000000000E+00
  0.0000000000000E+00
  0.0000000000000E+00
  0.0000000000000E+00
  0.0000000000000E+00
  0.0000000000000E+00
  0.0000000000000E+00
  0.0000000000000E+00
  0.0000000000000E+00
  0.0000000000000E+00
  0.0000000000000E+00
  0.0000000000000E+00
  0.0000000000000E+00
  0.0000000000000E+00
  0.0000000000000E+00
  0.0000000000000E+00
  0.0000000000000E+00
  0.0000000000000E+00
  0.0000000000000E+00
  0.0000000000000E+00
  0.0000000000000E+00
  0.0000000000000E+00
  0.0000000000000E+00
  0.0000000000000E+00
  0.0000000000000E+00
  0.0000000000000E+00
  0.0000000000000E+00
  0.0000000000000E+00
  0.0000000000000E+00
  0.0000000000000E+00
 -0.1331365116439E+02
 -0.1308111455084E+02
 -0.1251369720539E+02
 -0.1338529929406E+02
  0.0000000000000E+00
 -0.1116659067545E+02
 -0.1256013512106E+02
 -0.1560296943258E+02
 -0.1249571777301E+02
 -0.1345265288841E+02
 -0.5400680343067E+01
  0.0000000000000E+00
  0.0000000000000E+00
  0.0000000000000E+00
  0.0000000000000E+00
  0.0000000000000E+00
  0.0000000000000E+00
  0.0000000000000E+00
  0.0000000000000E+00
  0.0000000000000E+00
  0.0000000000000E+00
  0.0000000000000E+00
  0.0000000000000E+00
  0.0000000000000E+00
  0.0000000000000E+00
  0.0000000000000E+00
  0.0000000000000E+00
  0.0000000000000E+00
  0.0000000000000E+00
  0.0000000000000E+00
  0.1030674499699E+02
 -0.1087097229812E+01
 -0.8766108078341E+01
 -0.1383157455837E+02
 -0.1653817620812E+02
 -0.2222013928576E+02
  0.0000000000000E+00
  0.0000000000000E+00
  0.0000000000000E+00
 -0.2388584165525E+02
 -0.2694715842873E+02
 -0.2717048434778E+02
 -0.2690702186547E+02
 -0.2579221632160E+02
  0.0000000000000E+00
 -0.1337880999408E+02
 -0.9740961574796E+01
 -0.3523374272591E+01
  0.5354259679380E+01
  0.1721877740557E+02
  0.0000000000000E+00
  0.0000000000000E+00
  0.0000000000000E+00
  0.0000000000000E+00
  0.0000000000000E+00
  0.0000000000000E+00
  0.0000000000000E+00
  0.0000000000000E+00
  0.0000000000000E+00
  0.0000000000000E+00
  0.0000000000000E+00
  0.0000000000000E+00
  0.0000000000000E+00
  0.0000000000000E+00
  0.0000000000000E+00
  0.0000000000000E+00
  0.0000000000000E+00
  0.3626417969062E+01
 -0.9776221970136E+01
 -0.1807853293726E+02
 -0.2178792635047E+02
 -0.2815728947534E+02
 -0.2855808187385E+02
 -0.2833654061241E+02
 -0.2610125666843E+02
 -0.2410182577355E+02
 -0.2607600429377E+02
 -0.2680077668135E+02
 -0.2828794824923E+02
 -0.2894216159473E+02
 -0.2848136996689E+02
  0.0000000000000E+00
 -0.1465976173435E+02
 -0.2062618417209E+01
  0.9244090520786E+01
  0.2134115205998E+02
  0.0000000000000E+00
  0.0000000000000E+00
  0.0000000000000E+00
  0.0000000000000E+00
  0.0000000000000E+00
  0.0000000000000E+00
  0.0000000000000E+00
  0.0000000000000E+00
  0.0000000000000E+00
  0.0000000000000E+00
  0.0000000000000E+00
  0.0000000000000E+00
  0.0000000000000E+00
  0.0000000000000E+00
  0.0000000000000E+00
  0.0000000000000E+00
  0.0000000000000E+00
 -0.7351987394729E+01
 -0.1711767235031E+02
 -0.2524724507272E+02
 -0.2851953634379E+02
 -0.3541701100835E+02
 -0.3447968202410E+02
 -0.3350958934328E+02
 -0.3254228225897E+02
 -0.2985075748977E+02
 -0.2952577538991E+02
 -0.3050235200451E+02
 -0.3139656012757E+02
 -0.3174860401852E+02
 -0.3102307087321E+02
 -0.2546014346342E+02
 -0.1839339871081E+02
  0.0000000000000E+00
  0.0000000000000E+00
  0.0000000000000E+00
  0.0000000000000E+00
  0.0000000000000E+00
  0.0000000000000E+00
  0.0000000000000E+00
  0.0000000000000E+00
  0.0000000000000E+00
  0.0000000000000E+00
  0.0000000000000E+00
  0.0000000000000E+00
  0.0000000000000E+00
  0.0000000000000E+00
  0.0000000000000E+00
  0.0000000000000E+00
  0.0000000000000E+00
  0.0000000000000E+00
  0.0000000000000E+00
  0.0000000000000E+00
 -0.2602187616144E+02
 -0.2969822339440E+02
 -0.3412497939026E+02
 -0.3545538048312E+02
 -0.4020166739475E+02
 -0.3945489364931E+02
 -0.3831466025888E+02
 -0.3753778676539E+02
 -0.3627542751682E+02
 -0.3528705160025E+02
 -0.3482477874276E+02
 -0.3460853909163E+02
 -0.3413871272771E+02
 -0.3342925748806E+02
 -0.3078646423734E+02
 -0.2459291569230E+02
  0.0000000000000E+00
  0.0000000000000E+00
  0.0000000000000E+00
  0.0000000000000E+00
  0.0000000000000E+00
  0.0000000000000E+00
  0.0000000000000E+00
  0.0000000000000E+00
  0.0000000000000E+00
  0.2316403758829E+01
  0.8073082064303E+01
  0.0000000000000E+00
  0.0000000000000E+00
  0.0000000000000E+00
  0.0000000000000E+00
  0.0000000000000E+00
  0.0000000000000E+00
  0.0000000000000E+00
  0.0000000000000E+00
  0.0000000000000E+00
 -0.3453391338803E+02
 -0.3651967908250E+02
 -0.3847982655783E+02
 -0.3981508648542E+02
 -0.4490859028370E+02
 -0.4459421400385E+02
 -0.4390027096596E+02
 -0.4334162124538E+02
 -0.4255346066625E+02
 -0.4155491052186E+02
 -0.4059196455149E+02
 -0.3970825339670E+02
 -0.3868700761629E+02
 -0.3773164290283E+02
 -0.3609686144617E+02
 -0.3163610681865E+02
 -0.2721817687406E+02
  0.0000000000000E+00
  0.0000000000000E+00
  0.0000000000000E+00
  0.0000000000000E+00
  0.0000000000000E+00
  0.0000000000000E+00
  0.0000000000000E+00
 -0.1587893937818E+02
 -0.1367100919771E+02
 -0.8009519052049E+01
  0.0000000000000E+00
  0.0000000000000E+00
  0.0000000000000E+00
  0.0000000000000E+00
 -0.9172058647702E+01
 -0.4885598933973E+01
  0.0000000000000E+00
  0.0000000000000E+00
  0.0000000000000E+00
 -0.3936016806654E+02
 -0.4039857920907E+02
 -0.4298051320419E+02
 -0.4454168659568E+02
 -0.5053461740558E+02
 -0.5103961445207E+02
 -0.5168419546862E+02
 -0.5207854775675E+02
 -0.5172038963212E+02
 -0.5075134493157E+02
 -0.4940027987218E+02
 -0.4793431314103E+02
 -0.4641922976517E+02
 -0.4520714661017E+02
 -0.4346952734612E+02
 -0.4007770260787E+02
 -0.3397578405857E+02
  0.0000000000000E+00
  0.0000000000000E+00
  0.0000000000000E+00
  0.0000000000000E+00
  0.0000000000000E+00
  0.0000000000000E+00
 -0.2204094350028E+02
 -0.2704767493319E+02
 -0.2714648931310E+02
 -0.2223239127080E+02
  0.0000000000000E+00
  0.0000000000000E+00
  0.0000000000000E+00
 -0.2386862462465E+02
 -0.2193107797432E+02
 -0.1895326903933E+02
  0.0000000000000E+00
  0.0000000000000E+00
  0.0000000000000E+00
 -0.4156170971337E+02
 -0.4487559597531E+02
 -0.4874407397392E+02
 -0.5030170569457E+02
 -0.5820070837190E+02
 -0.5895316145268E+02
 -0.5958464361642E+02
 -0.5972657931466E+02
 -0.5969425660465E+02
 -0.5961608070552E+02
 -0.5953141022054E+02
 -0.5978065652083E+02
 -0.6040837475915E+02
 -0.5988352718479E+02
 -0.5661747507981E+02
 -0.5146906119890E+02
 -0.4129628748153E+02
 -0.3606437546256E+02
 -0.3088379338735E+02
  0.0000000000000E+00
  0.0000000000000E+00
 -0.3531271629953E+02
 -0.3226747287953E+02
 -0.3224943134587E+02
 -0.3779346369763E+02
 -0.3954529725347E+02
 -0.3691501513590E+02
 -0.3403613460576E+02
 -0.3220197520098E+02
 -0.3194262714991E+02
 -0.3399750547454E+02
 -0.3458544288696E+02
 -0.3487971786177E+02
  0.0000000000000E+00
  0.0000000000000E+00
  0.0000000000000E+00
 -0.4801297453437E+02
 -0.5283008056142E+02
 -0.5749815478949E+02
 -0.5793304597160E+02
 -0.5806472035751E+02
 -0.5632788907569E+02
 -0.5569324149092E+02
 -0.5527189791963E+02
 -0.5487721380556E+02
 -0.5458651752169E+02
 -0.5456838954968E+02
 -0.5499374082334E+02
 -0.5597930011840E+02
 -0.5751573126000E+02
 -0.5964492825748E+02
 -0.6370951142935E+02
 -0.5025064770086E+02
 -0.4380312577106E+02
 -0.3839387723020E+02
  0.0000000000000E+00
  0.0000000000000E+00
 -0.4849604393355E+02
 -0.4288077346029E+02
 -0.4171512849115E+02
 -0.5049378843275E+02
 -0.5222954420897E+02
 -0.6054700468341E+02
 -0.5108883115512E+02
 -0.5157864689966E+02
 -0.4872214189035E+02
 -0.4834515225280E+02
 -0.4989809846315E+02
 -0.5355130763074E+02
  0.0000000000000E+00
  0.0000000000000E+00
  0.0000000000000E+00
 -0.5088457609983E+02
 -0.5988243276326E+02
 -0.6293311214259E+02
 -0.6113134017433E+02
 -0.5389417420757E+02
 -0.5346470320919E+02
 -0.5314251278410E+02
 -0.5280909219354E+02
 -0.5239838435463E+02
 -0.5214005451595E+02
 -0.5210985010241E+02
 -0.5238395857622E+02
 -0.5298002550579E+02
 -0.5380689029916E+02
 -0.5453702547355E+02
 -0.5496007029095E+02
 -0.5041755264134E+02
 -0.4794644707334E+02
 -0.4381004431950E+02
 -0.3783258350099E+02
  0.0000000000000E+00
 -0.4233285583726E+02
 -0.4718113375316E+02
  0.0000000000000E+00
 -0.5654526330677E+02
 -0.5173637029375E+02
 -0.4982860785562E+02
 -0.4578356235590E+02
 -0.4519690146127E+02
 -0.4645664463136E+02
 -0.4831986438756E+02
 -0.4807983246351E+02
 -0.4492965956224E+02
  0.0000000000000E+00
  0.0000000000000E+00
  0.0000000000000E+00
 -0.5291602480735E+02
 -0.5458064137127E+02
 -0.5579308833876E+02
 -0.5482023606818E+02
 -0.5329851284168E+02
 -0.5319151646802E+02
 -0.5291965431888E+02
 -0.5264130220475E+02
 -0.5241398900171E+02
 -0.5240199594310E+02
 -0.5259444449924E+02
 -0.5300435995827E+02
 -0.5344541135239E+02
 -0.5355466325365E+02
 -0.5304752382878E+02
 -0.5172421634226E+02
 -0.4903399943824E+02
  0.0000000000000E+00
 -0.4616847051720E+02
 -0.3986006234913E+02
  0.0000000000000E+00
  0.0000000000000E+00
 -0.4954126789146E+02
 -0.4908550346167E+02
 -0.5076088779960E+02
 -0.4998257190375E+02
 -0.4797474959819E+02
 -0.4551469687678E+02
 -0.4366861327431E+02
 -0.4612450345031E+02
 -0.4577988581589E+02
 -0.4593281899688E+02
 -0.4318542313096E+02
 -0.4196479473429E+02
  0.0000000000000E+00
  0.0000000000000E+00
 -0.5378841352167E+02
 -0.5252445501720E+02
 -0.5385193497264E+02
 -0.5351609316370E+02
 -0.5362741151147E+02
 -0.5364775093702E+02
 -0.5356931200765E+02
 -0.5359753087136E+02
 -0.5378642019017E+02
 -0.5411632846332E+02
 -0.5446516610688E+02
 -0.5470092739141E+02
 -0.5447868756154E+02
 -0.5361293979948E+02
 -0.5221529065483E+02
 -0.5073177296218E+02
 -0.4927870164227E+02
 -0.5103806627536E+02
 -0.4662331802975E+02
 -0.4279946650563E+02
  0.0000000000000E+00
  0.0000000000000E+00
 -0.4906160149235E+02
 -0.4838633604158E+02
 -0.5005090935255E+02
 -0.5014713363633E+02
 -0.4940416391570E+02
 -0.4780382777604E+02
  0.0000000000000E+00
 -0.4853203569170E+02
 -0.4437197528757E+02
 -0.4601578926398E+02
 -0.4436470206270E+02
 -0.4280067569179E+02
  0.0000000000000E+00
  0.0000000000000E+00
 -0.5474293219275E+02
 -0.5216270157694E+02
 -0.5318157961768E+02
 -0.5345769564399E+02
 -0.5455254665789E+02
 -0.5473745045170E+02
 -0.5498484960417E+02
 -0.5545243704943E+02
 -0.5616045114009E+02
 -0.5681905160002E+02
 -0.5709077459582E+02
 -0.5664651593636E+02
 -0.5525810626311E+02
 -0.5348577332920E+02
 -0.5195655094806E+02
 -0.5091686008986E+02
 -0.5010684885318E+02
 -0.5124932735640E+02
 -0.4794256105054E+02
 -0.4431048915477E+02
  0.0000000000000E+00
  0.0000000000000E+00
 -0.4786566515842E+02
 -0.5005345137625E+02
 -0.5098219405406E+02
 -0.5161738981701E+02
 -0.5174287675972E+02
 -0.5042632628581E+02
  0.0000000000000E+00
  0.0000000000000E+00
  0.0000000000000E+00
 -0.4733808571271E+02
 -0.4553160600692E+02
 -0.4558548035369E+02
  0.0000000000000E+00
  0.0000000000000E+00
 -0.5531229797128E+02
 -0.5231308184092E+02
 -0.5329748617081E+02
 -0.5408065144954E+02
 -0.5604334728028E+02
 -0.5632023839795E+02
 -0.5679079541327E+02
 -0.5760986324578E+02
 -0.5896434106908E+02
 -0.5972279147744E+02
 -0.5938844525556E+02
 -0.5787139442677E+02
 -0.5566808282489E+02
 -0.5375556987454E+02
 -0.5250616745245E+02
 -0.5199298643647E+02
 -0.5189090346108E+02
 -0.5281890028796E+02
 -0.5001952111643E+02
 -0.4613586971590E+02
  0.0000000000000E+00
  0.0000000000000E+00
  0.0000000000000E+00
 -0.5613134974794E+02
 -0.5297681781853E+02
 -0.5364425053648E+02
 -0.5413509486974E+02
 -0.5496976096104E+02
 -0.7037299536361E+02
  0.0000000000000E+00
  0.0000000000000E+00
  0.0000000000000E+00
 -0.4784783192600E+02
 -0.4824322040624E+02
  0.0000000000000E+00
  0.0000000000000E+00
 -0.5555179363900E+02
 -0.5318344460901E+02
 -0.5448373497474E+02
 -0.5540385936286E+02
 -0.5760245181116E+02
 -0.5796740162606E+02
 -0.5878027467906E+02
 -0.6043248983733E+02
 -0.6225217609123E+02
 -0.6206947657826E+02
 -0.6019887732683E+02
 -0.5787928542744E+02
 -0.5562880839217E+02
 -0.5403027199623E+02
 -0.5333268418410E+02
 -0.5342258284074E+02
 -0.5397026869857E+02
 -0.5582980374031E+02
 -0.5290388970675E+02
 -0.4975737212078E+02
  0.0000000000000E+00
  0.0000000000000E+00
  0.0000000000000E+00
 -0.5971605516764E+02
 -0.5484153013712E+02
 -0.5483759897835E+02
 -0.5684743545990E+02
 -0.5790978006550E+02
 -0.7167745218869E+02
 -0.7505388853766E+02
  0.0000000000000E+00
  0.0000000000000E+00
 -0.4991195988259E+02
 -0.5162543632891E+02
  0.0000000000000E+00
 -0.5793566530792E+02
 -0.5450626281756E+02
 -0.5456930589976E+02
 -0.5583777103169E+02
 -0.5697957850375E+02
 -0.5623791274135E+02
 -0.5642710697328E+02
 -0.5717260385979E+02
 -0.5826050043517E+02
 -0.5866625923066E+02
 -0.5792990871000E+02
 -0.5641014547885E+02
 -0.5468682523693E+02
 -0.5304636907049E+02
 -0.5168383160345E+02
 -0.5108277116821E+02
 -0.5272508967501E+02
 -0.5617539945270E+02
 -0.6050225278887E+02
 -0.5615376928129E+02
 -0.5487196285337E+02
  0.0000000000000E+00
  0.0000000000000E+00
  0.0000000000000E+00
 -0.6334256812388E+02
 -0.5919732555438E+02
 -0.5861258680828E+02
 -0.5979355519262E+02
 -0.6211555170400E+02
 -0.7398168862839E+02
 -0.7640134498673E+02
 -0.7276094483773E+02
  0.0000000000000E+00
 -0.5208529041028E+02
 -0.5627249444701E+02
 -0.6155941762589E+02
 -0.5720388259019E+02
 -0.5618937017999E+02
 -0.5556123338453E+02
 -0.5580865130321E+02
 -0.5622737649490E+02
 -0.5677889536173E+02
 -0.5677426413589E+02
 -0.5643190620856E+02
 -0.5579329862422E+02
 -0.5493949825601E+02
 -0.5390827528204E+02
 -0.5281921588118E+02
 -0.5170953262944E+02
 -0.5048359610485E+02
 -0.4978268199270E+02
 -0.4997855163932E+02
 -0.5181529445159E+02
 -0.5795017352631E+02
 -0.6574642146650E+02
 -0.5894909402951E+02
 -0.5894631334493E+02
  0.0000000000000E+00
  0.0000000000000E+00
  0.0000000000000E+00
 -0.6706553350734E+02
 -0.6468852871421E+02
 -0.6408023162161E+02
 -0.6411366399600E+02
 -0.6619038084395E+02
 -0.7432882042258E+02
 -0.7533929781365E+02
 -0.6986776804429E+02
  0.0000000000000E+00
  0.0000000000000E+00
 -0.6131364824119E+02
 -0.6141956627010E+02
 -0.5845983923313E+02
 -0.5766367055490E+02
 -0.5662691167497E+02
 -0.5675071272655E+02
 -0.5679712677539E+02
 -0.5654648061255E+02
 -0.5610131555547E+02
 -0.5550700414708E+02
 -0.5478682608574E+02
 -0.5389921055052E+02
 -0.5287978994294E+02
 -0.5192171258443E+02
 -0.5132605801058E+02
 -0.5124936562736E+02
 -0.5171582654166E+02
 -0.5275447433703E+02
 -0.5479098107698E+02
 -0.5940533620434E+02
 -0.6849670574638E+02
 -0.6143454442530E+02
 -0.5825286752793E+02
  0.0000000000000E+00
  0.0000000000000E+00
  0.0000000000000E+00
 -0.7093014195907E+02
 -0.6947195699883E+02
 -0.7222593962191E+02
 -0.7132681538367E+02
 -0.7167806842452E+02
 -0.7581640618621E+02
 -0.7538284991527E+02
 -0.7301168266856E+02
 -0.6878178010840E+02
  0.0000000000000E+00
 -0.6758116167791E+02
 -0.6205585718520E+02
 -0.5971381884430E+02
 -0.5845868674494E+02
 -0.5759853652368E+02
 -0.5723405252438E+02
 -0.5690050783010E+02
 -0.5684503151489E+02
 -0.5590911440656E+02
 -0.5493490170898E+02
 -0.5401376758533E+02
 -0.5298599916526E+02
 -0.5181192300123E+02
 -0.5067947991236E+02
 -0.4995727330618E+02
 -0.4989194559140E+02
 -0.5044475195389E+02
 -0.5156364404725E+02
 -0.5345289315322E+02
 -0.5696113770103E+02
 -0.6404468914004E+02
 -0.6314297434202E+02
 -0.6036170712249E+02
  0.0000000000000E+00
  0.0000000000000E+00
  0.0000000000000E+00
 -0.6915064826148E+02
 -0.6991457352139E+02
 -0.7612100588790E+02
 -0.7269191367951E+02
 -0.7342538084655E+02
 -0.7700146875208E+02
 -0.7512515086987E+02
 -0.7162137399091E+02
 -0.6477646041726E+02
  0.0000000000000E+00
 -0.6640937649431E+02
 -0.6356852721683E+02
 -0.6123213234864E+02
 -0.5959892768478E+02
 -0.5881362794724E+02
 -0.5825964854423E+02
 -0.5760991862575E+02
 -0.5532207747426E+02
 -0.5424090391294E+02
 -0.5319874477812E+02
 -0.5209215326682E+02
 -0.5081377779610E+02
 -0.4938754374638E+02
 -0.4801670973537E+02
 -0.4704105378345E+02
 -0.4663623833135E+02
 -0.4678783494562E+02
 -0.4742636774769E+02
 -0.4872454592903E+02
 -0.5142972823426E+02
 -0.5684337516064E+02
 -0.6134225739046E+02
 -0.6072495034434E+02
  0.0000000000000E+00
  0.0000000000000E+00
  0.0000000000000E+00
 -0.6545345358496E+02
 -0.6874438679462E+02
 -0.7237450841236E+02
 -0.7081402867403E+02
 -0.6685819525773E+02
 -0.6967677760723E+02
 -0.6795191782445E+02
 -0.6393857321928E+02
 -0.5951549254058E+02
 -0.5735218637784E+02
 -0.6309515111168E+02
 -0.6330642246011E+02
 -0.6163399239288E+02
 -0.5997336243927E+02
 -0.5924938900561E+02
 -0.5807009546651E+02
 -0.5656181760989E+02
 -0.6135722209993E+02
 -0.6062406637718E+02
 -0.5975884948513E+02
 -0.5863443042463E+02
 -0.5715578917418E+02
 -0.5537365191482E+02
 -0.5355315656343E+02
 -0.5201193850878E+02
 -0.5088921962933E+02
 -0.5003754065087E+02
 -0.4925669417762E+02
 -0.4872135063963E+02
 -0.4959652457991E+02
 -0.5070510667296E+02
 -0.5293292031003E+02
 -0.5699806792340E+02
  0.0000000000000E+00
  0.0000000000000E+00
  0.0000000000000E+00
 -0.6119664705267E+02
 -0.6824761122033E+02
 -0.6721575836466E+02
  0.0000000000000E+00
 -0.6202635332626E+02
 -0.6154466429947E+02
 -0.6070138990912E+02
 -0.5794660251948E+02
 -0.5529178864224E+02
 -0.5514967579696E+02
 -0.5803433625321E+02
 -0.5934640927597E+02
 -0.5989259989989E+02
 -0.6138777617976E+02
 -0.6243397203666E+02
 -0.6243397826966E+02
 -0.6196261283048E+02
 -0.6112848353432E+02
 -0.6168571050723E+02
 -0.6212063660339E+02
 -0.6204683308603E+02
 -0.6121706932533E+02
 -0.5960841839604E+02
 -0.5762128558791E+02
 -0.5579535078798E+02
 -0.5440608525057E+02
 -0.5333473089344E+02
 -0.5241855207486E+02
 -0.5158946499373E+02
 -0.5039691837522E+02
 -0.4673995595322E+02
 -0.4627667845782E+02
 -0.4871802013231E+02
 -0.4469188924075E+02
 -0.4791266436301E+02
 -0.5317343337968E+02
 -0.5709729169307E+02
 -0.6587189065353E+02
 -0.6860930776115E+02
  0.0000000000000E+00
 -0.5785588172914E+02
 -0.5453423615464E+02
 -0.5446720386269E+02
 -0.5394338049825E+02
 -0.5191327699292E+02
 -0.5130557522436E+02
 -0.5274446537326E+02
 -0.5347508340950E+02
 -0.5426506579798E+02
 -0.5551914899282E+02
 -0.5774283324933E+02
 -0.5944061006268E+02
 -0.6048236480216E+02
 -0.5398748605421E+02
 -0.5484644521856E+02
 -0.5624221976214E+02
 -0.5797693376522E+02
 -0.5944451708131E+02
 -0.6002068814736E+02
 -0.5941142565514E+02
 -0.5805918079417E+02
 -0.5650630598328E+02
 -0.5509360295124E+02
 -0.5389097892306E+02
 -0.5280405973181E+02
 -0.5132141080917E+02
 -0.4858155333825E+02
 -0.4428831094327E+02
 -0.4258770563004E+02
 -0.4730321016483E+02
 -0.5102242749973E+02
 -0.5243245997717E+02
 -0.5418553521883E+02
 -0.5986747852280E+02
  0.0000000000000E+00
 -0.5941599541802E+02
 -0.5227790337823E+02
 -0.5163942888122E+02
 -0.5185694762127E+02
 -0.5167505082578E+02
 -0.5083115797233E+02
 -0.4934707869533E+02
 -0.4852310954984E+02
 -0.4855327897388E+02
 -0.4936634665693E+02
 -0.5025206890589E+02
 -0.5126480604243E+02
 -0.5238652460052E+02
 -0.5333539047645E+02
 -0.5062521686921E+02
 -0.5081271443002E+02
 -0.5136289738487E+02
 -0.5249786477234E+02
 -0.5414752702501E+02
 -0.5597145243254E+02
 -0.5744082109679E+02
 -0.5790210510322E+02
 -0.5726416994506E+02
 -0.5607532157305E+02
 -0.5476529497143E+02
 -0.5345661726600E+02
 -0.5202057806954E+02
 -0.5017995658243E+02
 -0.4814515749681E+02
 -0.4837360012087E+02
 -0.5072487506391E+02
 -0.5193887281833E+02
 -0.5212487607076E+02
 -0.5248843886386E+02
 -0.5435475715411E+02
  0.0000000000000E+00
 -0.5712594906210E+02
 -0.5213873594793E+02
 -0.5117393059000E+02
 -0.5130745279819E+02
 -0.5122901262826E+02
 -0.5079693054918E+02
 -0.4971309489016E+02
 -0.4905322640762E+02
 -0.4862022879174E+02
 -0.4857749073889E+02
 -0.4896898608189E+02
 -0.4962010872602E+02
 -0.4998855295844E+02
 -0.5043757312987E+02
 -0.5084220330349E+02
 -0.5076435383329E+02
 -0.5066108886021E+02
 -0.5077775242989E+02
 -0.5138638136128E+02
 -0.5249901748063E+02
 -0.5399156949431E+02
 -0.5541449091819E+02
 -0.5622758711993E+02
 -0.5617365775415E+02
 -0.5547285374354E+02
 -0.5444290600627E+02
 -0.5331684080111E+02
 -0.5216888542697E+02
 -0.5124486961316E+02
 -0.5120490028831E+02
 -0.5194959741554E+02
 -0.5252223148190E+02
 -0.5323185776566E+02
 -0.5353016069027E+02
 -0.5341323773523E+02
 -0.5127942467273E+02
 -0.5589350159475E+02
 -0.5354398967065E+02
 -0.5217496018072E+02
 -0.5164533068296E+02
 -0.5149621379169E+02
 -0.5140648486319E+02
 -0.5107805232790E+02
 -0.5058563533006E+02
 -0.5013609895461E+02
 -0.4994791480915E+02
 -0.5003993679265E+02
 -0.5023068506213E+02
 -0.5047096400253E+02
 -0.5075755783153E+02
 -0.5194436555198E+02
 -0.5180760758649E+02
 -0.5153815427781E+02
 -0.5135811213631E+02
 -0.5147281767804E+02
 -0.5189047067290E+02
 -0.5262840025041E+02
 -0.5367858068780E+02
 -0.5485290329724E+02
 -0.5575627720354E+02
 -0.5612499771906E+02
 -0.5592162206689E+02
 -0.5538523959408E+02
 -0.5470909387985E+02
 -0.5407404875484E+02
 -0.5404161539148E+02
 -0.5431989323892E+02
 -0.5497837295446E+02
 -0.5602995550522E+02
 -0.5581591124315E+02
 -0.5597279597561E+02
 -0.5920349100282E+02
 -0.5896407367148E+02
 -0.5610047777885E+02
 -0.5397592320751E+02
 -0.5299340821784E+02
 -0.5274055721817E+02
 -0.5272879381503E+02
 -0.5257075950122E+02
 -0.5213690980954E+02
 -0.5163654359856E+02
 -0.5131236981116E+02
 -0.5124398982058E+02
 -0.5134519841575E+02
 -0.5160861065151E+02
 -0.5187189103601E+02
 -0.5395117962706E+02
 -0.5381110869650E+02
 -0.5344294514972E+02
 -0.5303540850914E+02
 -0.5287578403052E+02
 -0.5294982922278E+02
 -0.5329626038694E+02
 -0.5400621460850E+02
 -0.5503601967443E+02
 -0.5622438660575E+02
 -0.5740672331811E+02
 -0.5831223904083E+02
 -0.5881648477585E+02
 -0.5893679971463E+02
 -0.5891250283656E+02
 -0.5910202856062E+02
 -0.5879145439946E+02
 -0.5834449074493E+02
 -0.5973686608726E+02
 -0.5898355895126E+02
 -0.5990071613389E+02
 -0.7428139192406E+02
 -0.6738017668009E+02
 -0.6204155391695E+02
 -0.5842566004282E+02
 -0.5665018779833E+02
 -0.5595199982197E+02
 -0.5570071404248E+02
 -0.5532964760368E+02
 -0.5476458109318E+02
 -0.5415057009666E+02
 -0.5364718341327E+02
 -0.5340804084668E+02
 -0.5340436501355E+02
 -0.5361148515801E+02
 -0.5386257306664E+02
 -0.5966192374458E+02
 -0.5951583213696E+02
 -0.5900672875444E+02
 -0.5815222615573E+02
 -0.5755394403442E+02
 -0.5727862810866E+02
 -0.5738127312314E+02
 -0.5798444717228E+02
 -0.5911256329806E+02
 -0.6077217888212E+02
 -0.6329191361898E+02
 -0.6672688642072E+02
 -0.7034031913434E+02
 -0.7138424269653E+02
 -0.6967584210320E+02
 -0.6758136032106E+02
 -0.6449230816437E+02
 -0.6089202966619E+02
 -0.6077247853808E+02
 -0.5900274787890E+02
 -0.5931577271406E+02
 -0.6597492927909E+02
 -0.6469534679884E+02
 -0.6290862201491E+02
 -0.6128183649742E+02
 -0.6148780659338E+02
 -0.6238246112910E+02
 -0.6386467247130E+02
 -0.6419992711617E+02
 -0.6312111375836E+02
 -0.6166769916811E+02
 -0.6033121813058E+02
 -0.5950292031716E+02
 -0.5907740875604E+02
 -0.5910757034428E+02
 -0.5945065474710E+02
 -0.6299550372079E+02
 -0.6424670020915E+02
 -0.6511730909451E+02
 -0.6494350182814E+02
 -0.6450277039673E+02
 -0.6421742431190E+02
 -0.6422153138264E+02
 -0.6466693810933E+02
 -0.6569243868621E+02
 -0.6610739338665E+02
 -0.6485780427724E+02
 -0.6234046650226E+02
 -0.5967490827716E+02
 -0.5751876824260E+02
 -0.5656342383815E+02
 -0.5649753423526E+02
 -0.5687037957198E+02
 -0.5421930077208E+02
  0.0000000000000E+00
  0.0000000000000E+00
  0.0000000000000E+00
 -0.6521504943618E+02
 -0.6231867863091E+02
 -0.5908021282649E+02
 -0.5520023656029E+02
 -0.5319794278126E+02
 -0.5295322464607E+02
 -0.5356782254465E+02
 -0.5493288965187E+02
 -0.5655253176719E+02
 -0.5792867431339E+02
 -0.5873942851714E+02
 -0.5921107620906E+02
 -0.5961842628043E+02
 -0.6035758604880E+02
 -0.6154938304209E+02
 -0.5149195227485E+02
 -0.5214441951698E+02
 -0.5259221486260E+02
 -0.5280762587533E+02
 -0.5297980428587E+02
 -0.5307637096234E+02
 -0.5304112877664E+02
 -0.5289944918146E+02
 -0.5259871378178E+02
 -0.5189930868608E+02
 -0.5077417462455E+02
 -0.4930430366579E+02
 -0.4768338637596E+02
 -0.4631260110246E+02
 -0.4631620044119E+02
 -0.4760472027907E+02
 -0.4974984401792E+02
 -0.5094975452651E+02
  0.0000000000000E+00
  0.0000000000000E+00
  0.0000000000000E+00
 -0.6506188006948E+02
 -0.6085953181966E+02
 -0.5668203591156E+02
 -0.5328174523276E+02
 -0.5087137556601E+02
 -0.4929037441585E+02
 -0.4823963937376E+02
 -0.4768858156021E+02
 -0.4796730154223E+02
 -0.4838610918410E+02
 -0.4917731657510E+02
 -0.4936128245987E+02
 -0.4961609708668E+02
 -0.5007525435409E+02
 -0.5073682009327E+02
 -0.4470634653609E+02
 -0.4477004128934E+02
 -0.4473225044228E+02
 -0.4546417167035E+02
 -0.4571876334521E+02
 -0.4576473464887E+02
 -0.4571056009525E+02
 -0.4559080578452E+02
 -0.4535094571977E+02
 -0.4494053465865E+02
 -0.4432534297256E+02
 -0.4351877988691E+02
 -0.4254444078561E+02
 -0.4154205907939E+02
 -0.4137887969552E+02
 -0.4321991285373E+02
 -0.4570842319204E+02
 -0.5013255378389E+02
  0.0000000000000E+00
  0.0000000000000E+00
  0.0000000000000E+00
 -0.6093841803977E+02
 -0.5713154157728E+02
 -0.5350927986693E+02
 -0.5121499560927E+02
 -0.4965473211129E+02
 -0.4838314342115E+02
 -0.4755392125484E+02
 -0.4689271571661E+02
 -0.4633098731337E+02
 -0.4585378703997E+02
 -0.4545742139953E+02
 -0.4512775058349E+02
 -0.4485457571419E+02
 -0.4467985622576E+02
 -0.4464987396915E+02
 -0.4370331420702E+02
 -0.4355115361629E+02
 -0.4335186460676E+02
 -0.4308898041188E+02
 -0.4282594947118E+02
 -0.4259266361287E+02
 -0.4241744460830E+02
 -0.4228653753570E+02
 -0.4217546053814E+02
 -0.4196487079976E+02
 -0.4166535778979E+02
 -0.4125032343655E+02
 -0.4078217822530E+02
 -0.4026157561251E+02
 -0.3985976645388E+02
 -0.4094305878640E+02
 -0.4303204738226E+02
 -0.4821372782549E+02
 -0.4732285728405E+02
 -0.4703882267759E+02
 -0.4656592952496E+02
 -0.4665923185633E+02
 -0.4511635592206E+02
 -0.4515173310289E+02
 -0.4547213115219E+02
 -0.4514061879800E+02
 -0.4539170577898E+02
 -0.4547148617781E+02
 -0.4513254996456E+02
 -0.4504350591865E+02
 -0.4489323111067E+02
 -0.4467734600712E+02
 -0.4446352822476E+02
 -0.4427916530171E+02
 -0.4381301142096E+02
 -0.4374401440874E+02
 -0.4394922357239E+02
 -0.4338904471611E+02
 -0.4329928408785E+02
 -0.4318553500229E+02
 -0.4303563111863E+02
 -0.4289823673037E+02
 -0.4281486829787E+02
 -0.4274079190057E+02
 -0.4269780864060E+02
 -0.4211824679365E+02
 -0.4203165699220E+02
 -0.4198698143081E+02
 -0.4195837567260E+02
 -0.4196362269879E+02
 -0.4184087995268E+02
 -0.4187335979571E+02
 -0.4279706880866E+02
 -0.4409321554009E+02
 -0.4438166785957E+02
 -0.4444343399327E+02
 -0.4383839445016E+02
 -0.4258447835257E+02
 -0.4176847329941E+02
 -0.4206407662623E+02
 -0.4222346269399E+02
 -0.4242785102644E+02
 -0.4307437587448E+02
 -0.4348016862894E+02
 -0.4373019700305E+02
 -0.4377165248563E+02
 -0.4375159888547E+02
 -0.4361187400314E+02
 -0.4348149129900E+02
 -0.4379546800455E+02
 -0.4395122508438E+02
 -0.4395799201936E+02
 -0.4471343695977E+02
 -0.4469327017349E+02
 -0.4459266003985E+02
 -0.4447741378577E+02
 -0.4433217594583E+02
 -0.4423958479682E+02
 -0.4422543024543E+02
 -0.4412331486988E+02
 -0.4382271846104E+02
 -0.4373107119876E+02
 -0.4407838162822E+02
 -0.4448117469316E+02
 -0.4495311010552E+02
 -0.4549199210157E+02
 -0.4592251271114E+02
 -0.4570929591978E+02
 -0.4567625785189E+02
 -0.4580715385094E+02
 -0.4580715720892E+02
 -0.4535364830697E+02
 -0.4389197927698E+02
 -0.4385975537522E+02
 -0.4390163222185E+02
 -0.4434851769785E+02
 -0.4486155086026E+02
 -0.4556428157203E+02
 -0.4621788856845E+02
 -0.4618924008451E+02
 -0.4561868169963E+02
 -0.4507030937972E+02
 -0.4491025188819E+02
 -0.4497675591222E+02
 -0.4492462978376E+02
 -0.4504380608238E+02
 -0.4522294823533E+02
 -0.4482447427951E+02
 -0.5083992783622E+02
 -0.5082014800221E+02
 -0.5074435886266E+02
 -0.5065258070821E+02
 -0.5025719019176E+02
 -0.5014341457160E+02
 -0.5009367706180E+02
 -0.5009803394750E+02
 -0.5014186166912E+02
 -0.5025831894554E+02
 -0.5045482094229E+02
 -0.5053851635436E+02
 -0.5039642763424E+02
 -0.5050584912545E+02
 -0.5057970122727E+02
 -0.5056360784178E+02
 -0.5058462367775E+02
 -0.5061681747135E+02
 -0.5068469319509E+02
 -0.5078379777344E+02
 -0.5089380974135E+02
 -0.5091739464278E+02
 -0.5085067761840E+02
 -0.5080892648554E+02
 -0.5078483087862E+02
 -0.5083366194337E+02
 -0.5105267679399E+02
 -0.5112459670967E+02
 -0.5107828833079E+02
 -0.5096727083180E+02
 -0.5081284430420E+02
 -0.5067306722513E+02
 -0.5062294264013E+02
 -0.5064898923853E+02
 -0.5073486092106E+02
 -0.5080676915133E+02
 -0.7068075118900E+01
 -0.6957645270364E+01
 -0.7143169541415E+01
 -0.0000000000000E+00
 -0.0000000000000E+00
 -0.0000000000000E+00
 -0.0000000000000E+00
 -0.2009838725208E+01
 -0.3286070292480E+01
 -0.6989988065420E+01
 -0.5287956469259E+00
 -0.0000000000000E+00
 -0.5478690916331E+02
 -0.5466927573087E+02
 -0.5464101900636E+02
 -0.5470099486450E+02
 -0.5487441357202E+02
 -0.0000000000000E+00
 -0.0000000000000E+00
 -0.0000000000000E+00
 -0.6557038713313E+01
 -0.5490342406499E+01
 -0.6313625076700E-01
 -0.5150419284423E-01
 -0.4072657728837E-01
 -0.3041619486090E-01
 -0.2269210894144E-01
 -0.0000000000000E+00
 -0.0000000000000E+00
 -0.0000000000000E+00
 -0.0000000000000E+00
 -0.4158547466463E-01
 -0.4588955768451E-01
 -0.4797633894534E-01
 -0.4901549715993E-01
 -0.7043308113198E+01
  0.0000000000000E+00
  0.1721466832286E-06
  0.3998596605410E-06
  0.5451527566964E-06
  0.5622282301809E-06
  0.0000000000000E+00
  0.6373925339113E-06
  0.6054459388260E-06
  0.3923423865151E-06
  0.1240752198484E-06
  0.0000000000000E+00
  0.0000000000000E+00
  0.0000000000000E+00
  0.0000000000000E+00
  0.0000000000000E+00
  0.0000000000000E+00
  0.0000000000000E+00
  0.0000000000000E+00
  0.0000000000000E+00
  0.0000000000000E+00
  0.0000000000000E+00
  0.0000000000000E+00
  0.0000000000000E+00
  0.0000000000000E+00
  0.0000000000000E+00
  0.0000000000000E+00
  0.0000000000000E+00
  0.0000000000000E+00
  0.0000000000000E+00
  0.0000000000000E+00
  0.0000000000000E+00
  0.0000000000000E+00
  0.0000000000000E+00
  0.0000000000000E+00
  0.0000000000000E+00
  0.0000000000000E+00
  0.3784843866586E-06
  0.0000000000000E+00
  0.0000000000000E+00
  0.0000000000000E+00
  0.7176707026090E-06
  0.1310042077163E-05
  0.1351917210241E-05
  0.1301504540745E-05
  0.1083274770064E-05
  0.0000000000000E+00
  0.0000000000000E+00
  0.0000000000000E+00
  0.0000000000000E+00
  0.0000000000000E+00
  0.0000000000000E+00
  0.0000000000000E+00
  0.0000000000000E+00
  0.0000000000000E+00
  0.0000000000000E+00
  0.0000000000000E+00
  0.0000000000000E+00
  0.0000000000000E+00
  0.0000000000000E+00
  0.0000000000000E+00
  0.0000000000000E+00
  0.0000000000000E+00
  0.0000000000000E+00
  0.0000000000000E+00
  0.0000000000000E+00
  0.0000000000000E+00
  0.0000000000000E+00
  0.0000000000000E+00
  0.0000000000000E+00
  0.0000000000000E+00
  0.0000000000000E+00
  0.2951449144135E-06
  0.4839540409447E-05
  0.5658006986612E-05
  0.5622019554692E-05
  0.3892697527532E-05
  0.2603835059658E-05
  0.4064855971459E-05
  0.4697422438648E-05
  0.5969380404991E-05
  0.6558918725472E-05
  0.6095112303640E-05
  0.0000000000000E+00
  0.0000000000000E+00
  0.0000000000000E+00
  0.0000000000000E+00
  0.0000000000000E+00
  0.0000000000000E+00
  0.0000000000000E+00
  0.0000000000000E+00
  0.0000000000000E+00
  0.0000000000000E+00
  0.0000000000000E+00
  0.0000000000000E+00
  0.0000000000000E+00
  0.0000000000000E+00
  0.0000000000000E+00
  0.0000000000000E+00
  0.0000000000000E+00
  0.0000000000000E+00
  0.0000000000000E+00
  0.0000000000000E+00
  0.0000000000000E+00
  0.0000000000000E+00
  0.0000000000000E+00
  0.0000000000000E+00
  0.2579785682004E-05
  0.4803899239992E-05
  0.1233611352946E-04
  0.1237143040994E-04
  0.1199563306319E-04
  0.1119366981116E-04
  0.8435586971019E-05
  0.8344060593941E-05
  0.9645986857445E-05
  0.1086243216245E-04
  0.1145118225580E-04
  0.1062349104982E-04
  0.3809140151638E-05
  0.0000000000000E+00
  0.0000000000000E+00
  0.0000000000000E+00
  0.0000000000000E+00
  0.0000000000000E+00
  0.0000000000000E+00
  0.0000000000000E+00
  0.0000000000000E+00
  0.0000000000000E+00
  0.0000000000000E+00
  0.0000000000000E+00
  0.0000000000000E+00
  0.0000000000000E+00
  0.0000000000000E+00
  0.0000000000000E+00
  0.0000000000000E+00
  0.0000000000000E+00
  0.0000000000000E+00
  0.0000000000000E+00
  0.0000000000000E+00
  0.0000000000000E+00
  0.2032638184291E-05
  0.6417618662413E-05
  0.1057275731061E-04
  0.1181259857568E-04
  0.1931767337780E-04
  0.1877582725022E-04
  0.1765513496179E-04
  0.1700688098244E-04
  0.1588300578222E-04
  0.1523924761282E-04
  0.1516495160361E-04
  0.1527843109347E-04
  0.1492288689465E-04
  0.1415254900359E-04
  0.1058764297215E-04
  0.2845985884208E-05
  0.0000000000000E+00
  0.0000000000000E+00
  0.0000000000000E+00
  0.0000000000000E+00
  0.0000000000000E+00
  0.0000000000000E+00
  0.0000000000000E+00
  0.0000000000000E+00
  0.0000000000000E+00
  0.0000000000000E+00
  0.0000000000000E+00
  0.0000000000000E+00
  0.0000000000000E+00
  0.0000000000000E+00
  0.0000000000000E+00
  0.0000000000000E+00
  0.0000000000000E+00
  0.0000000000000E+00
  0.0000000000000E+00
  0.0000000000000E+00
  0.8476834246416E-05
  0.1493782478772E-04
  0.1746853085051E-04
  0.1846291652008E-04
  0.2563549728416E-04
  0.2390105126800E-04
  0.2202125699586E-04
  0.2135551249182E-04
  0.2106708510737E-04
  0.2074805643326E-04
  0.2036914177898E-04
  0.1980732576245E-04
  0.1886164021542E-04
  0.1803474960259E-04
  0.1624878205670E-04
  0.1021731654396E-04
  0.4380389239256E-05
  0.0000000000000E+00
  0.0000000000000E+00
  0.0000000000000E+00
  0.0000000000000E+00
  0.0000000000000E+00
  0.0000000000000E+00
  0.0000000000000E+00
  0.0000000000000E+00
  0.0000000000000E+00
  0.0000000000000E+00
  0.0000000000000E+00
  0.0000000000000E+00
  0.0000000000000E+00
  0.0000000000000E+00
  0.0000000000000E+00
  0.0000000000000E+00
  0.0000000000000E+00
  0.0000000000000E+00
  0.0000000000000E+00
  0.1322758164503E-04
  0.2060297970110E-04
  0.2383778219716E-04
  0.2532242594544E-04
  0.2979967577112E-04
  0.2587213902153E-04
  0.2299051617160E-04
  0.2221504336387E-04
  0.2260482432027E-04
  0.2288072460402E-04
  0.2295956621001E-04
  0.2263425309473E-04
  0.2197893568279E-04
  0.2176313253706E-04
  0.2119931539847E-04
  0.1793666945392E-04
  0.1079046772402E-04
  0.0000000000000E+00
  0.0000000000000E+00
  0.0000000000000E+00
  0.0000000000000E+00
  0.0000000000000E+00
  0.0000000000000E+00
  0.7439466525724E-06
  0.3625893287128E-05
  0.3788314591898E-05
  0.0000000000000E+00
  0.0000000000000E+00
  0.0000000000000E+00
  0.0000000000000E+00
  0.0000000000000E+00
  0.0000000000000E+00
  0.0000000000000E+00
  0.0000000000000E+00
  0.0000000000000E+00
  0.0000000000000E+00
  0.1499125110628E-04
  0.2705818897690E-04
  0.3080543819005E-04
  0.3205524449975E-04
  0.2900202167829E-04
  0.2500911456324E-04
  0.2449306872527E-04
  0.2506788806560E-04
  0.2485743033636E-04
  0.2388060328976E-04
  0.2221099159464E-04
  0.1978889430842E-04
  0.1713401952843E-04
  0.1799049410956E-04
  0.2200461490183E-04
  0.2152847516041E-04
  0.1629863284661E-04
  0.1427517992917E-04
  0.1112272450995E-04
  0.0000000000000E+00
  0.0000000000000E+00
  0.5978393735648E-05
  0.7872692822721E-05
  0.9285694266679E-05
  0.1646533223402E-04
  0.1681378029937E-04
  0.1194149246582E-04
  0.9113538165442E-05
  0.8012351320337E-05
  0.8237909926001E-05
  0.1150680408079E-04
  0.1116157717414E-04
  0.1006578975807E-04
  0.0000000000000E+00
  0.0000000000000E+00
  0.0000000000000E+00
  0.2192722424171E-04
  0.3326622078389E-04
  0.3324523922924E-04
  0.3360446837902E-04
  0.3311817633265E-04
  0.3389696923090E-04
  0.3490721318698E-04
  0.3540002007865E-04
  0.3560598286871E-04
  0.3549194171442E-04
  0.3487211185691E-04
  0.3395577339119E-04
  0.3258005789674E-04
  0.3024861423345E-04
  0.2672434457882E-04
  0.1959515757247E-04
  0.2041273121841E-04
  0.1970608556658E-04
  0.1662774785872E-04
  0.0000000000000E+00
  0.0000000000000E+00
  0.8827431031993E-05
  0.1436142950215E-04
  0.1626129170281E-04
  0.2267081862203E-04
  0.2184355952743E-04
  0.1357914005935E-04
  0.1487192574926E-04
  0.1265610581671E-04
  0.1556760759648E-04
  0.1831617692851E-04
  0.1755664919882E-04
  0.1151666317792E-04
  0.0000000000000E+00
  0.0000000000000E+00
  0.0000000000000E+00
  0.2535850832918E-04
  0.2482641103364E-04
  0.2827014757534E-04
  0.3290431177451E-04
  0.3907129186631E-04
  0.3995539161089E-04
  0.4069594245402E-04
  0.4125849517833E-04
  0.4169157718595E-04
  0.4185397632489E-04
  0.4150758474084E-04
  0.4057460349757E-04
  0.3913787441295E-04
  0.3748493388310E-04
  0.3580958414131E-04
  0.3456223242736E-04
  0.2918364865460E-04
  0.2478482978951E-04
  0.2068348184020E-04
  0.2149667799860E-04
  0.0000000000000E+00
  0.1306609641378E-04
  0.1964013176740E-04
  0.0000000000000E+00
  0.2387889859264E-04
  0.2808728725230E-04
  0.3033598326330E-04
  0.2762045955828E-04
  0.2606795078215E-04
  0.2462937770860E-04
  0.2390982839945E-04
  0.2423126576094E-04
  0.2380428908771E-04
  0.0000000000000E+00
  0.0000000000000E+00
  0.0000000000000E+00
  0.2862943902627E-04
  0.3338802739450E-04
  0.3669104572348E-04
  0.3826732352632E-04
  0.4336721012222E-04
  0.4425857569900E-04
  0.4494540658190E-04
  0.4569121970405E-04
  0.4649661946547E-04
  0.4694361792082E-04
  0.4681824657998E-04
  0.4585624058889E-04
  0.4413507328290E-04
  0.4209184191689E-04
  0.4020550240905E-04
  0.3823433059904E-04
  0.3444411825594E-04
  0.0000000000000E+00
  0.2843825377481E-04
  0.2719961224626E-04
  0.0000000000000E+00
  0.0000000000000E+00
  0.2451870396889E-04
  0.2932373764304E-04
  0.3305418243273E-04
  0.3486368204454E-04
  0.3523222480849E-04
  0.3342797535644E-04
  0.2910925532119E-04
  0.3229321190038E-04
  0.3010426617607E-04
  0.3081821338633E-04
  0.2762588696327E-04
  0.2520857632761E-04
  0.0000000000000E+00
  0.0000000000000E+00
  0.3302853356706E-04
  0.3925076132390E-04
  0.4134323425329E-04
  0.4256516898469E-04
  0.4662376725750E-04
  0.4722767501073E-04
  0.4787894236167E-04
  0.4873492251579E-04
  0.4958043053685E-04
  0.4999712399799E-04
  0.4968382912466E-04
  0.4852810490367E-04
  0.4702155522428E-04
  0.4559576101949E-04
  0.4420732404732E-04
  0.4233561404639E-04
  0.3885872022817E-04
  0.3505091852563E-04
  0.3539791144110E-04
  0.2978065145906E-04
  0.0000000000000E+00
  0.0000000000000E+00
  0.2939940927698E-04
  0.3552942071951E-04
  0.3831164777084E-04
  0.4048854005970E-04
  0.4075340366862E-04
  0.3774743582843E-04
  0.0000000000000E+00
  0.2783645082966E-04
  0.3141605874003E-04
  0.3665603830767E-04
  0.3363918204720E-04
  0.3040832482847E-04
  0.0000000000000E+00
  0.0000000000000E+00
  0.3572958867843E-04
  0.4248086770450E-04
  0.4469307857756E-04
  0.4593521027087E-04
  0.4803456523916E-04
  0.4835601243838E-04
  0.4863947457654E-04
  0.4875280257418E-04
  0.4855156706134E-04
  0.4811068629133E-04
  0.4746813322418E-04
  0.4735000419355E-04
  0.4769279374695E-04
  0.4784123857266E-04
  0.4730070227888E-04
  0.4556051562154E-04
  0.4281347265880E-04
  0.3989053760126E-04
  0.3880812210468E-04
  0.3460182589591E-04
  0.0000000000000E+00
  0.0000000000000E+00
  0.2812330039609E-04
  0.4120142038373E-04
  0.4194710379209E-04
  0.4364465780573E-04
  0.4380353781312E-04
  0.4119593932013E-04
  0.0000000000000E+00
  0.0000000000000E+00
  0.0000000000000E+00
  0.3042997939128E-04
  0.3767534059885E-04
  0.3444499185047E-04
  0.0000000000000E+00
  0.0000000000000E+00
  0.3688411594737E-04
  0.4494118791295E-04
  0.4666826084122E-04
  0.4749452898206E-04
  0.4644090069761E-04
  0.4623369517950E-04
  0.4543226881491E-04
  0.4358074471186E-04
  0.4137351390390E-04
  0.3968038628095E-04
  0.4057819949597E-04
  0.4395063482251E-04
  0.4662416021943E-04
  0.4821972136673E-04
  0.4859238915083E-04
  0.4743741006132E-04
  0.4451917733669E-04
  0.4194480796036E-04
  0.4006590252490E-04
  0.3797885798953E-04
  0.0000000000000E+00
  0.0000000000000E+00
  0.0000000000000E+00
  0.3305201111411E-04
  0.4294831486151E-04
  0.4465173456886E-04
  0.4448606899353E-04
  0.4570015816068E-04
  0.3371021980356E-04
  0.0000000000000E+00
  0.0000000000000E+00
  0.0000000000000E+00
  0.3622388839716E-04
  0.3727700656096E-04
  0.0000000000000E+00
  0.0000000000000E+00
  0.3591565436141E-04
  0.4543411714557E-04
  0.4655158670682E-04
  0.4622859535274E-04
  0.3872230675420E-04
  0.3755261105385E-04
  0.3540227112308E-04
  0.3211724010208E-04
  0.2964070635793E-04
  0.3167946014474E-04
  0.3670816628188E-04
  0.4118197180734E-04
  0.4389601942135E-04
  0.4542172332010E-04
  0.4627261196435E-04
  0.4565767163997E-04
  0.4241486700338E-04
  0.4119860571835E-04
  0.4065257908119E-04
  0.4024439714310E-04
  0.0000000000000E+00
  0.0000000000000E+00
  0.0000000000000E+00
  0.3532752896123E-04
  0.4276778928551E-04
  0.4364315540874E-04
  0.4538675836386E-04
  0.4485325482311E-04
  0.3630708803106E-04
  0.3149612518553E-04
  0.0000000000000E+00
  0.0000000000000E+00
  0.3857702701903E-04
  0.3992708434437E-04
  0.0000000000000E+00
  0.3294228062332E-04
  0.4107357859866E-04
  0.4171700677078E-04
  0.4043014725482E-04
  0.3924518695277E-04
  0.3374050425818E-04
  0.3371309829175E-04
  0.3484277258206E-04
  0.3802409955254E-04
  0.4146535944768E-04
  0.4348764844501E-04
  0.4417788661585E-04
  0.4380626973633E-04
  0.4260379077222E-04
  0.4095680564306E-04
  0.3940589261239E-04
  0.3953570180822E-04
  0.3866990855980E-04
  0.3861555218058E-04
  0.4067661258648E-04
  0.3977415599727E-04
  0.0000000000000E+00
  0.0000000000000E+00
  0.0000000000000E+00
  0.3598638068037E-04
  0.4380365038421E-04
  0.4613365961843E-04
  0.4568273149282E-04
  0.4475232529590E-04
  0.3501691438362E-04
  0.2745648384938E-04
  0.3200125609924E-04
  0.0000000000000E+00
  0.3946521708348E-04
  0.4159828698536E-04
  0.3562024357184E-04
  0.3961513628213E-04
  0.3829603547885E-04
  0.3576702308068E-04
  0.3367590675378E-04
  0.3379035478681E-04
  0.4812494420599E-04
  0.4966876126622E-04
  0.5077158586970E-04
  0.5150826088516E-04
  0.5195532480632E-04
  0.5219758161955E-04
  0.5202529841244E-04
  0.5043152642779E-04
  0.4671303894477E-04
  0.4297275031625E-04
  0.3991293273440E-04
  0.3744706874241E-04
  0.3618610760497E-04
  0.3269767736498E-04
  0.4273065351554E-04
  0.3731967276761E-04
  0.0000000000000E+00
  0.0000000000000E+00
  0.0000000000000E+00
  0.3818832338906E-04
  0.4397334037749E-04
  0.4659029067916E-04
  0.4458077816894E-04
  0.4433470083640E-04
  0.3841106980328E-04
  0.3864126880687E-04
  0.3996975380540E-04
  0.0000000000000E+00
  0.0000000000000E+00
  0.3608917179897E-04
  0.4188239064482E-04
  0.4108499792436E-04
  0.4138200804649E-04
  0.4165523025595E-04
  0.4431288395243E-04
  0.4655952824914E-04
  0.5332486879906E-04
  0.5368531446300E-04
  0.5374812766639E-04
  0.5367957679721E-04
  0.5373580048716E-04
  0.5391388786829E-04
  0.5398867675908E-04
  0.5368771107400E-04
  0.5278843276068E-04
  0.5120767094628E-04
  0.4869713834391E-04
  0.4541656526670E-04
  0.4092723773807E-04
  0.1665716596972E-04
  0.4673211328993E-04
  0.4727810869925E-04
  0.0000000000000E+00
  0.0000000000000E+00
  0.0000000000000E+00
  0.3254781165826E-04
  0.4162786647756E-04
  0.3909600788137E-04
  0.3586500091583E-04
  0.3877080661766E-04
  0.3935702058512E-04
  0.3965613175522E-04
  0.3555496048163E-04
  0.2750448927411E-04
  0.0000000000000E+00
  0.3608038935385E-04
  0.4481012658889E-04
  0.4455388900597E-04
  0.4692828774127E-04
  0.4930280434442E-04
  0.5141615792508E-04
  0.5264284754528E-04
  0.5207786083712E-04
  0.5141495920100E-04
  0.5067496314949E-04
  0.5025348078864E-04
  0.5009744078793E-04
  0.4989512400046E-04
  0.4951414849743E-04
  0.4913959642790E-04
  0.4885918858488E-04
  0.4840321970076E-04
  0.4735389506846E-04
  0.4590247630304E-04
  0.4450513938209E-04
  0.3706621080452E-04
  0.4048492203457E-04
  0.4716736627901E-04
  0.0000000000000E+00
  0.0000000000000E+00
  0.0000000000000E+00
  0.4387666597113E-04
  0.4632627499290E-04
  0.3211886003069E-04
  0.4215804536016E-04
  0.2670804606714E-04
  0.2001712951548E-04
  0.2650733181628E-04
  0.3222281788757E-04
  0.4455799449797E-04
  0.0000000000000E+00
  0.3138665162466E-04
  0.4219133382418E-04
  0.4287792995073E-04
  0.4567437697762E-04
  0.4917270048000E-04
  0.5146017968741E-04
  0.5221850037465E-04
  0.4175282111630E-04
  0.4138935023578E-04
  0.4117605770507E-04
  0.4100900761658E-04
  0.4092178784743E-04
  0.4070119661673E-04
  0.4029378691167E-04
  0.4002149362918E-04
  0.3986711624246E-04
  0.3988562580511E-04
  0.4000949499378E-04
  0.4048961437370E-04
  0.4297886856853E-04
  0.4769965339529E-04
  0.3278383872015E-04
  0.3513266896554E-04
  0.0000000000000E+00
  0.0000000000000E+00
  0.0000000000000E+00
  0.4850590603289E-04
  0.4906465371169E-04
  0.4774028193618E-04
  0.4795021550061E-04
  0.4728748436211E-04
  0.4238800708853E-04
  0.4535987249704E-04
  0.4895895840218E-04
  0.5068952372656E-04
  0.4242973898622E-04
  0.4361880360221E-04
  0.3965892055107E-04
  0.3715472545847E-04
  0.3787287680625E-04
  0.4129779561096E-04
  0.4276370093747E-04
  0.4233503681741E-04
  0.4515872029067E-04
  0.4456279902954E-04
  0.4425304135862E-04
  0.4416267954469E-04
  0.4447930082553E-04
  0.4502737674747E-04
  0.4553000965257E-04
  0.4597819176110E-04
  0.4607972404136E-04
  0.4580112355104E-04
  0.4520428786708E-04
  0.4464890476994E-04
  0.4738030251162E-04
  0.5167303692511E-04
  0.5359762589429E-04
  0.3604608723130E-04
  0.0000000000000E+00
  0.0000000000000E+00
  0.0000000000000E+00
  0.5049720381557E-04
  0.4472203446155E-04
  0.4951767179448E-04
  0.0000000000000E+00
  0.4901889504658E-04
  0.5183970187154E-04
  0.5371997162890E-04
  0.5341207643687E-04
  0.5223783908304E-04
  0.4988253499608E-04
  0.5199115523780E-04
  0.4928725519939E-04
  0.4508812807835E-04
  0.4425696191079E-04
  0.4568267401229E-04
  0.4613669966277E-04
  0.4584900516197E-04
  0.5229522298863E-04
  0.5118891324454E-04
  0.4990183394397E-04
  0.4874724136890E-04
  0.4786987238962E-04
  0.4759457318261E-04
  0.4802936470623E-04
  0.4905402243207E-04
  0.5015685337263E-04
  0.5118278788031E-04
  0.5219943746724E-04
  0.5286365404172E-04
  0.5246390986761E-04
  0.4809343923562E-04
  0.5497358923413E-04
  0.6021286624109E-04
  0.3998612752122E-04
  0.3758257468869E-04
  0.4609085581574E-04
  0.5644113621461E-04
  0.4522923642838E-04
  0.4548441310731E-04
  0.0000000000000E+00
  0.5068916613402E-04
  0.5240520587539E-04
  0.5429063499873E-04
  0.5581575047178E-04
  0.5318698743254E-04
  0.5281125053484E-04
  0.5647751755054E-04
  0.5648317234708E-04
  0.5523360244254E-04
  0.5345582647666E-04
  0.5376851480517E-04
  0.5356285023414E-04
  0.5310533731910E-04
  0.5596087172178E-04
  0.5634618684427E-04
  0.5650461792476E-04
  0.5597962886940E-04
  0.5469413433167E-04
  0.5330026068676E-04
  0.5214224017024E-04
  0.5186722929281E-04
  0.5244079334549E-04
  0.5337759736441E-04
  0.5438185942709E-04
  0.5510347658185E-04
  0.5478859720347E-04
  0.5271042552440E-04
  0.4934864288094E-04
  0.4201961179027E-04
  0.4883635492734E-04
  0.5111045456204E-04
  0.5519923829374E-04
  0.5825070333396E-04
  0.5282181824224E-04
  0.0000000000000E+00
  0.4982935639622E-04
  0.5666752975491E-04
  0.5486467074592E-04
  0.5635590977652E-04
  0.5663633073360E-04
  0.5562481068461E-04
  0.5316609904981E-04
  0.5237631117121E-04
  0.5290947529733E-04
  0.5453848865625E-04
  0.5498432707190E-04
  0.5500470708126E-04
  0.5521680529086E-04
  0.5564028967958E-04
  0.5601423863853E-04
  0.5620056162869E-04
  0.5663285226595E-04
  0.5721735748783E-04
  0.5769562301468E-04
  0.5755335084031E-04
  0.5659215065853E-04
  0.5508571033895E-04
  0.5410147527087E-04
  0.5409852023771E-04
  0.5467065438481E-04
  0.5530072918062E-04
  0.5579503021860E-04
  0.5613310972353E-04
  0.5676187675075E-04
  0.5708955923052E-04
  0.5842062087705E-04
  0.5654371678603E-04
  0.5683939790843E-04
  0.5785593927914E-04
  0.5493338430659E-04
  0.0000000000000E+00
  0.4562548972803E-04
  0.5716654846429E-04
  0.5746861060728E-04
  0.5868164211168E-04
  0.5815649251042E-04
  0.5701222887316E-04
  0.5535804367531E-04
  0.5568135271735E-04
  0.5599109661916E-04
  0.5634013561079E-04
  0.5683360815819E-04
  0.5727740856258E-04
  0.5638384631334E-04
  0.5612761319031E-04
  0.5846192515183E-04
  0.5849231668293E-04
  0.5854699546718E-04
  0.5847475729554E-04
  0.5857671876830E-04
  0.5865356656677E-04
  0.5826868820616E-04
  0.5715447515412E-04
  0.5566895115542E-04
  0.5439124902964E-04
  0.5390894510978E-04
  0.5408282397697E-04
  0.5464648095433E-04
  0.5587091719878E-04
  0.5770788167237E-04
  0.5819396283316E-04
  0.5727520346802E-04
  0.5580625979026E-04
  0.5669627051722E-04
  0.5888926070235E-04
  0.5831531956803E-04
  0.4391785524533E-04
  0.5765781632871E-04
  0.5762853496392E-04
  0.5898570517054E-04
  0.5908460499176E-04
  0.5841253911545E-04
  0.5754360757815E-04
  0.5739774997881E-04
  0.5815504096132E-04
  0.5908085933349E-04
  0.5989704732358E-04
  0.6034786309239E-04
  0.6009052199220E-04
  0.5927676480188E-04
  0.5873868568105E-04
  0.5703742558502E-04
  0.5698838042991E-04
  0.5730803847472E-04
  0.5778667854155E-04
  0.5809193596153E-04
  0.5803635354135E-04
  0.5745611354010E-04
  0.5652073575854E-04
  0.5531539450024E-04
  0.5379643790116E-04
  0.5246337926485E-04
  0.5181796906877E-04
  0.5183035597962E-04
  0.5221799388712E-04
  0.5270057357380E-04
  0.5301904040368E-04
  0.5284544541107E-04
  0.5277589628181E-04
  0.5338482799053E-04
  0.5518977062337E-04
  0.5739316994296E-04
  0.4949666027737E-04
  0.5208371618661E-04
  0.5338927738346E-04
  0.5486021971877E-04
  0.5547967822206E-04
  0.5559944211719E-04
  0.5522616308350E-04
  0.5521672441479E-04
  0.5576736355572E-04
  0.5668595752535E-04
  0.5761572047453E-04
  0.5822468660070E-04
  0.5823141129589E-04
  0.5787367834895E-04
  0.5739976726539E-04
  0.5267468033337E-04
  0.5254403368561E-04
  0.5276273230187E-04
  0.5330362593930E-04
  0.5368797565614E-04
  0.5380742087230E-04
  0.5359543859478E-04
  0.5301633227398E-04
  0.5205502522719E-04
  0.5071261185234E-04
  0.4922732066243E-04
  0.4801130004570E-04
  0.4737973379541E-04
  0.4696860336812E-04
  0.4643459450712E-04
  0.4608737730642E-04
  0.4657038900586E-04
  0.4836430733985E-04
  0.4887963575886E-04
  0.5089757031899E-04
  0.5233844132864E-04
  0.2635330691783E-04
  0.3708688946246E-04
  0.4336495367494E-04
  0.4679055229264E-04
  0.4844433717184E-04
  0.4935532912166E-04
  0.4967642448663E-04
  0.5016717796984E-04
  0.5080166443261E-04
  0.5155428304399E-04
  0.5237979313494E-04
  0.5301812466394E-04
  0.5326837233435E-04
  0.5323558340368E-04
  0.5296153981835E-04
  0.4363672993131E-04
  0.4364743250318E-04
  0.4390239612349E-04
  0.4455459933072E-04
  0.4507757552572E-04
  0.4534517212548E-04
  0.4529186888349E-04
  0.4481710627039E-04
  0.4387226593837E-04
  0.4236799109224E-04
  0.3987704048548E-04
  0.3633034616722E-04
  0.3270991830079E-04
  0.3259963360448E-04
  0.3550765957902E-04
  0.3760671611600E-04
  0.4079787416931E-04
  0.4446625066332E-04
  0.4762098313125E-04
  0.5060051724743E-04
  0.5224502418224E-04
  0.6168070561638E-04
  0.5807562461773E-04
  0.4848423690483E-04
  0.4307576939683E-04
  0.4183799127602E-04
  0.4072745260964E-04
  0.3939297430376E-04
  0.3911047094558E-04
  0.4003165644688E-04
  0.4125141502435E-04
  0.4244198204107E-04
  0.4331023255904E-04
  0.4390531925036E-04
  0.4409518903615E-04
  0.4386584952555E-04
  0.3794222844638E-04
  0.3682354197739E-04
  0.3594112369321E-04
  0.3622725738940E-04
  0.3642297286613E-04
  0.3634613752588E-04
  0.3605233383207E-04
  0.3538349383855E-04
  0.3421199609916E-04
  0.3400169090056E-04
  0.3554198993668E-04
  0.3779171673031E-04
  0.3941184444271E-04
  0.4059712094959E-04
  0.4343587508015E-04
  0.4644634188830E-04
  0.4746097764407E-04
  0.4895871314271E-04
  0.0000000000000E+00
  0.0000000000000E+00
  0.0000000000000E+00
  0.5131221858108E-04
  0.7046243434250E-04
  0.6479651968620E-04
  0.5656975370332E-04
  0.5166238912915E-04
  0.4897244702388E-04
  0.4657781111743E-04
  0.4453911226467E-04
  0.4247787892955E-04
  0.4084539825113E-04
  0.3993367574752E-04
  0.3976146278223E-04
  0.3993964836400E-04
  0.3985669786263E-04
  0.3914468576152E-04
  0.4194768666877E-04
  0.4193679731304E-04
  0.4175207961250E-04
  0.4130261355401E-04
  0.4094457110539E-04
  0.4084634080973E-04
  0.4090611136788E-04
  0.4090283126091E-04
  0.4090720874863E-04
  0.4068888096531E-04
  0.4011576451164E-04
  0.3928295945642E-04
  0.3827006089646E-04
  0.3762612066784E-04
  0.3982422803315E-04
  0.4461856796616E-04
  0.4843322235624E-04
  0.4757086240857E-04
  0.0000000000000E+00
  0.0000000000000E+00
  0.0000000000000E+00
  0.4181980496659E-04
  0.6153496340807E-04
  0.6406774923538E-04
  0.6185827612832E-04
  0.5839324221052E-04
  0.5429601434844E-04
  0.5005101816438E-04
  0.4625237245763E-04
  0.4417964443937E-04
  0.4278765243736E-04
  0.4283678582358E-04
  0.4203112933849E-04
  0.4165824968332E-04
  0.4163845289475E-04
  0.4178399853483E-04
  0.3654657960697E-04
  0.3599111460205E-04
  0.3538455192798E-04
  0.3647112414301E-04
  0.3667825447704E-04
  0.3674838769055E-04
  0.3684249196459E-04
  0.3699754960214E-04
  0.3715105095784E-04
  0.3716149614016E-04
  0.3697943685217E-04
  0.3659148126303E-04
  0.3583116460946E-04
  0.3486863184342E-04
  0.3549538497389E-04
  0.4048902230440E-04
  0.4502871421968E-04
  0.4944662802397E-04
  0.0000000000000E+00
  0.0000000000000E+00
  0.0000000000000E+00
  0.3308260456877E-04
  0.4469724481454E-04
  0.4755197920439E-04
  0.5030761328394E-04
  0.5175303345373E-04
  0.5129921548655E-04
  0.5033221730931E-04
  0.4868296511335E-04
  0.4652830141345E-04
  0.4434487331040E-04
  0.4239069346637E-04
  0.4074496009975E-04
  0.3932984760943E-04
  0.3809186114159E-04
  0.3718805323603E-04
  0.3550427170644E-04
  0.3498398421692E-04
  0.3445113133681E-04
  0.3385379525106E-04
  0.3330863959532E-04
  0.3291701241481E-04
  0.3273316296668E-04
  0.3283257777870E-04
  0.3316159200465E-04
  0.3341832216405E-04
  0.3363427569987E-04
  0.3362006276801E-04
  0.3337456416993E-04
  0.3283778355193E-04
  0.3227245098137E-04
  0.3462078445811E-04
  0.3860527538732E-04
  0.4891438235639E-04
  0.4196275466129E-04
  0.3585229782359E-04
  0.2929656044639E-04
  0.2786569496708E-04
  0.2753192673996E-04
  0.2924808187971E-04
  0.3257263617116E-04
  0.3490460683118E-04
  0.3800958614747E-04
  0.4013033143160E-04
  0.4051764577014E-04
  0.4078775397570E-04
  0.4041372731513E-04
  0.3963487096637E-04
  0.3876187713222E-04
  0.3792454513228E-04
  0.3642376455706E-04
  0.3587202248328E-04
  0.3080302667961E-04
  0.2992303908093E-04
  0.2992355106390E-04
  0.2992038711907E-04
  0.2979740268710E-04
  0.2962451237503E-04
  0.2957470416215E-04
  0.2965540365743E-04
  0.2991159397298E-04
  0.2924161378772E-04
  0.2947344958764E-04
  0.2972033738008E-04
  0.2984980661837E-04
  0.2982509053712E-04
  0.2936823807071E-04
  0.2911601202125E-04
  0.3069984511032E-04
  0.3331424868663E-04
  0.3194069024804E-04
  0.2886020345867E-04
  0.2548691585547E-04
  0.2285263798767E-04
  0.2162457874468E-04
  0.2150050289211E-04
  0.2139171895382E-04
  0.2194299916505E-04
  0.2372834533176E-04
  0.2570644082971E-04
  0.2763669772749E-04
  0.2894753065266E-04
  0.2968249204251E-04
  0.2988656148834E-04
  0.2983465731153E-04
  0.3039730706167E-04
  0.3063968449303E-04
  0.3070037785313E-04
  0.2101446943815E-04
  0.2152032857639E-04
  0.2178860904043E-04
  0.2193083819019E-04
  0.2186432916080E-04
  0.2177017131492E-04
  0.2182371721077E-04
  0.2178702791617E-04
  0.2148302844552E-04
  0.2135916757656E-04
  0.2166298879657E-04
  0.2190936677376E-04
  0.2203142441013E-04
  0.2198410871016E-04
  0.2173216861472E-04
  0.2105466890716E-04
  0.2155751768759E-04
  0.2354482557841E-04
  0.2314993189496E-04
  0.2221828111124E-04
  0.1996820976555E-04
  0.1919556415571E-04
  0.1802404354345E-04
  0.1695972895010E-04
  0.1590734760068E-04
  0.1498411112636E-04
  0.1455791651006E-04
  0.1518999500638E-04
  0.1654475652180E-04
  0.1784049676577E-04
  0.1887826926857E-04
  0.1968703402608E-04
  0.2009714105983E-04
  0.2050626646439E-04
  0.2090399797241E-04
  0.2069709406389E-04
  0.1119458131373E-04
  0.1116964821801E-04
  0.1111513103853E-04
  0.1105281333433E-04
  0.1082577040534E-04
  0.1075383976558E-04
  0.1071938122990E-04
  0.1071749616979E-04
  0.1074095567086E-04
  0.1080824948596E-04
  0.1092392513363E-04
  0.1098160315881E-04
  0.1091820765240E-04
  0.1099345601415E-04
  0.1105065173562E-04
  0.1105731173081E-04
  0.1107786148024E-04
  0.1108922993008E-04
  0.1109881873440E-04
  0.1111443624344E-04
  0.1114189836239E-04
  0.1113869620033E-04
  0.1110308976660E-04
  0.1109467574179E-04
  0.1110536695551E-04
  0.1116261375464E-04
  0.1131761883996E-04
  0.1139020135850E-04
  0.1138999687706E-04
  0.1134300863298E-04
  0.1126052021673E-04
  0.1117714397505E-04
  0.1113765316236E-04
  0.1113738954677E-04
  0.1116872769408E-04
  0.1119183820721E-04
  0.5524774990023E-05
  0.5481176716694E-05
  0.5477636678513E-05
  0.4897436239891E-05
  0.4875405018414E-05
  0.4938443861989E-05
  0.5091137947206E-05
  0.6351336529365E-05
  0.6959067729566E-05
  0.7694351747174E-05
  0.8355225382914E-05
  0.8081672759063E-05
  0.1048921795440E-04
  0.1045294487692E-04
  0.1044368194325E-04
  0.1046045320606E-04
  0.1051348344607E-04
  0.6977828764556E-05
  0.6412550851010E-05
  0.5781327004145E-05
  0.5593641363930E-05
  0.4947910521468E-05
  0.2851942515711E-05
  0.2735742940416E-05
  0.2752902244335E-05
  0.2884822389396E-05
  0.3087457555115E-05
  0.3205645889719E-05
  0.3307906518334E-05
  0.3309948611153E-05
  0.3255910483559E-05
  0.3270586842359E-05
  0.3246278732510E-05
  0.3233395979892E-05
  0.3238696211280E-05
  0.5514077892218E-05
  0.0000000000000E+00
  0.3488852680323E-05
  0.3734966111766E-05
  0.3707354977989E-05
  0.3410231552470E-05
  0.0000000000000E+00
  0.3740170444962E-05
  0.4308432934592E-05
  0.4417431043197E-05
  0.3996849445558E-05
  0.2869014229067E-05
  0.2847696302628E-06
  0.0000000000000E+00
  0.0000000000000E+00
  0.0000000000000E+00
  0.0000000000000E+00
  0.0000000000000E+00
  0.0000000000000E+00
  0.0000000000000E+00
  0.0000000000000E+00
  0.0000000000000E+00
  0.0000000000000E+00
  0.0000000000000E+00
  0.0000000000000E+00
  0.0000000000000E+00
  0.0000000000000E+00
  0.0000000000000E+00
  0.0000000000000E+00
  0.0000000000000E+00
  0.0000000000000E+00
  0.0000000000000E+00
  0.0000000000000E+00
  0.1726999896499E-05
  0.3921002186966E-05
  0.4499406372778E-05
  0.4044954376982E-05
  0.4242161533905E-05
  0.0000000000000E+00
  0.0000000000000E+00
  0.0000000000000E+00
  0.3829961731391E-05
  0.4777223966801E-05
  0.5231139899674E-05
  0.5326918874899E-05
  0.4842353221528E-05
  0.0000000000000E+00
  0.4277793424085E-05
  0.4360516313374E-05
  0.3662775799718E-05
  0.1393726574638E-05
  0.0000000000000E+00
  0.0000000000000E+00
  0.0000000000000E+00
  0.0000000000000E+00
  0.0000000000000E+00
  0.0000000000000E+00
  0.0000000000000E+00
  0.0000000000000E+00
  0.0000000000000E+00
  0.0000000000000E+00
  0.0000000000000E+00
  0.0000000000000E+00
  0.0000000000000E+00
  0.0000000000000E+00
  0.0000000000000E+00
  0.0000000000000E+00
  0.0000000000000E+00
  0.0000000000000E+00
  0.1167954725928E-05
  0.4530017942239E-05
  0.5446022962672E-05
  0.5339163831213E-05
  0.9760149574201E-05
  0.9391991849988E-05
  0.9181913117436E-05
  0.8333597773124E-05
  0.7717818371463E-05
  0.8137785111064E-05
  0.8836336370718E-05
  0.9560457073858E-05
  0.9927073153846E-05
  0.9662817596496E-05
  0.0000000000000E+00
  0.5405725678579E-05
  0.4840642481539E-05
  0.2665920678342E-05
  0.0000000000000E+00
  0.0000000000000E+00
  0.0000000000000E+00
  0.0000000000000E+00
  0.0000000000000E+00
  0.0000000000000E+00
  0.0000000000000E+00
  0.0000000000000E+00
  0.0000000000000E+00
  0.0000000000000E+00
  0.0000000000000E+00
  0.0000000000000E+00
  0.0000000000000E+00
  0.0000000000000E+00
  0.0000000000000E+00
  0.0000000000000E+00
  0.0000000000000E+00
  0.0000000000000E+00
  0.1645733851584E-05
  0.5683672013502E-05
  0.7948658429180E-05
  0.9632598703741E-05
  0.1641533325788E-04
  0.1581947363865E-04
  0.1511531759484E-04
  0.1442689192739E-04
  0.1334385431418E-04
  0.1313111559695E-04
  0.1377801590915E-04
  0.1443226833740E-04
  0.1449956299626E-04
  0.1321176006288E-04
  0.1142593164919E-04
  0.6576796742280E-05
  0.0000000000000E+00
  0.0000000000000E+00
  0.0000000000000E+00
  0.0000000000000E+00
  0.0000000000000E+00
  0.0000000000000E+00
  0.0000000000000E+00
  0.0000000000000E+00
  0.0000000000000E+00
  0.0000000000000E+00
  0.0000000000000E+00
  0.0000000000000E+00
  0.0000000000000E+00
  0.0000000000000E+00
  0.0000000000000E+00
  0.0000000000000E+00
  0.0000000000000E+00
  0.0000000000000E+00
  0.0000000000000E+00
  0.0000000000000E+00
  0.3491905441510E-05
  0.9621633024223E-05
  0.1344563403691E-04
  0.1554137494921E-04
  0.2308463941630E-04
  0.2174890889797E-04
  0.2009816014374E-04
  0.1901889442981E-04
  0.1804242752746E-04
  0.1750557410522E-04
  0.1751870990508E-04
  0.1758448469969E-04
  0.1710333935221E-04
  0.1568971266230E-04
  0.1252659703775E-04
  0.8033764592297E-05
  0.0000000000000E+00
  0.0000000000000E+00
  0.0000000000000E+00
  0.0000000000000E+00
  0.0000000000000E+00
  0.0000000000000E+00
  0.0000000000000E+00
  0.0000000000000E+00
  0.0000000000000E+00
  0.0000000000000E+00
  0.0000000000000E+00
  0.0000000000000E+00
  0.0000000000000E+00
  0.0000000000000E+00
  0.0000000000000E+00
  0.0000000000000E+00
  0.0000000000000E+00
  0.0000000000000E+00
  0.0000000000000E+00
  0.0000000000000E+00
  0.4923930703823E-05
  0.1258057037640E-04
  0.1896753283446E-04
  0.2262705073526E-04
  0.2751831468009E-04
  0.2506525007969E-04
  0.2279025195684E-04
  0.2153476970066E-04
  0.2082993551343E-04
  0.2028865409096E-04
  0.1984108502154E-04
  0.1935650163957E-04
  0.1851302980443E-04
  0.1740722137475E-04
  0.1534177402814E-04
  0.1060278226192E-04
  0.4653374871543E-05
  0.0000000000000E+00
  0.0000000000000E+00
  0.0000000000000E+00
  0.0000000000000E+00
  0.0000000000000E+00
  0.0000000000000E+00
  0.0000000000000E+00
  0.0000000000000E+00
  0.9378260606582E-06
  0.7489789110129E-06
  0.0000000000000E+00
  0.0000000000000E+00
  0.0000000000000E+00
  0.0000000000000E+00
  0.0000000000000E+00
  0.0000000000000E+00
  0.0000000000000E+00
  0.0000000000000E+00
  0.0000000000000E+00
  0.6807683970017E-05
  0.1687039907910E-04
  0.2528215961534E-04
  0.2825214430433E-04
  0.2875033590021E-04
  0.2569923702969E-04
  0.2352072546136E-04
  0.2257713250030E-04
  0.2222250100375E-04
  0.2184516727306E-04
  0.2122561886186E-04
  0.2044875298925E-04
  0.1965892383500E-04
  0.1920498391204E-04
  0.1824800185039E-04
  0.1394596360043E-04
  0.5745571748354E-05
  0.0000000000000E+00
  0.0000000000000E+00
  0.0000000000000E+00
  0.0000000000000E+00
  0.0000000000000E+00
  0.0000000000000E+00
  0.0000000000000E+00
  0.4791152766875E-05
  0.8537730768365E-05
  0.5447684105592E-05
  0.0000000000000E+00
  0.0000000000000E+00
  0.0000000000000E+00
  0.1055484826241E-05
  0.1386362779267E-05
  0.0000000000000E+00
  0.0000000000000E+00
  0.0000000000000E+00
  0.0000000000000E+00
  0.9180385661766E-05
  0.2290904665405E-04
  0.3034172255096E-04
  0.3096627431481E-04
  0.2833690253632E-04
  0.2621323641750E-04
  0.2514182080189E-04
  0.2502408071671E-04
  0.2484097966237E-04
  0.2441280435992E-04
  0.2356579583688E-04
  0.2252531899004E-04
  0.2162190293736E-04
  0.2144376054680E-04
  0.2113350847077E-04
  0.1703385188577E-04
  0.8833365070929E-05
  0.0000000000000E+00
  0.0000000000000E+00
  0.0000000000000E+00
  0.0000000000000E+00
  0.0000000000000E+00
  0.0000000000000E+00
  0.3557116908432E-05
  0.1351580003901E-04
  0.1575051422034E-04
  0.1051741733726E-04
  0.3049207796793E-05
  0.7113158909315E-06
  0.2555058413647E-05
  0.6193866061204E-05
  0.7128535714424E-05
  0.0000000000000E+00
  0.0000000000000E+00
  0.0000000000000E+00
  0.0000000000000E+00
  0.1370330689206E-04
  0.2737413037061E-04
  0.3034598645336E-04
  0.3033091124883E-04
  0.3026698060871E-04
  0.2993446606022E-04
  0.2980544719275E-04
  0.3012721682795E-04
  0.3022942238958E-04
  0.3013835837656E-04
  0.2971214037139E-04
  0.2910644470140E-04
  0.2844641329964E-04
  0.2748845109731E-04
  0.2560562304345E-04
  0.2044920786090E-04
  0.1311495299158E-04
  0.3914921128045E-05
  0.0000000000000E+00
  0.0000000000000E+00
  0.0000000000000E+00
  0.5369030353101E-05
  0.6801377210505E-05
  0.7510977344917E-05
  0.1827132957874E-04
  0.1940211820583E-04
  0.1457067121934E-04
  0.9981473486117E-05
  0.6838589914843E-05
  0.8969945108974E-05
  0.1127759105642E-04
  0.1146143938005E-04
  0.9503204732524E-06
  0.0000000000000E+00
  0.0000000000000E+00
  0.0000000000000E+00
  0.1864498074191E-04
  0.2802331554277E-04
  0.2870430959102E-04
  0.3030003102264E-04
  0.3360596615672E-04
  0.3400256514986E-04
  0.3425034052371E-04
  0.3468550095726E-04
  0.3514376403676E-04
  0.3552827758518E-04
  0.3564171063437E-04
  0.3537686568843E-04
  0.3488332493693E-04
  0.3363434765207E-04
  0.3123045704296E-04
  0.2635330616035E-04
  0.1709864555806E-04
  0.8663571463457E-05
  0.3003773437839E-05
  0.0000000000000E+00
  0.0000000000000E+00
  0.8990006342457E-05
  0.1596516151355E-04
  0.0000000000000E+00
  0.2261978428808E-04
  0.2288717025058E-04
  0.2024625963465E-04
  0.1612955772968E-04
  0.1311132608976E-04
  0.1555357746396E-04
  0.1637193017139E-04
  0.1514120991958E-04
  0.4620774719209E-05
  0.0000000000000E+00
  0.0000000000000E+00
  0.0000000000000E+00
  0.2373941196436E-04
  0.3104101632013E-04
  0.3054486771047E-04
  0.3267710790478E-04
  0.3755403129656E-04
  0.3801463803987E-04
  0.3840026936231E-04
  0.3895371807681E-04
  0.3989430237490E-04
  0.4079508223607E-04
  0.4144803728137E-04
  0.4141159507114E-04
  0.4074062804543E-04
  0.3891285698044E-04
  0.3580287113993E-04
  0.3063582208998E-04
  0.2209935329833E-04
  0.0000000000000E+00
  0.1389037911755E-04
  0.0000000000000E+00
  0.0000000000000E+00
  0.0000000000000E+00
  0.2335767231397E-04
  0.1885055192088E-04
  0.2766892950529E-04
  0.2801821639402E-04
  0.2520718139019E-04
  0.1987154976077E-04
  0.1407009113756E-04
  0.2057091036646E-04
  0.1991347027368E-04
  0.1897810065566E-04
  0.1045452700809E-04
  0.0000000000000E+00
  0.0000000000000E+00
  0.0000000000000E+00
  0.2977477289797E-04
  0.3504357852459E-04
  0.3426417111272E-04
  0.3648072712804E-04
  0.4125480823168E-04
  0.4158680076962E-04
  0.4205542461676E-04
  0.4286254544224E-04
  0.4424100207996E-04
  0.4560912733077E-04
  0.4670861753024E-04
  0.4677062392007E-04
  0.4566470950699E-04
  0.4311934318483E-04
  0.3921594696541E-04
  0.3414705545998E-04
  0.2865443139168E-04
  0.2240602274020E-04
  0.2386746008994E-04
  0.6156834070449E-05
  0.0000000000000E+00
  0.0000000000000E+00
  0.2471471053335E-04
  0.2605621784023E-04
  0.2995129806507E-04
  0.3259601259537E-04
  0.2984254501503E-04
  0.2347581620936E-04
  0.0000000000000E+00
  0.1866503416168E-04
  0.1900163081026E-04
  0.2312970964607E-04
  0.1789209519540E-04
  0.6127141432359E-05
  0.0000000000000E+00
  0.0000000000000E+00
  0.3589099117193E-04
  0.3904684361432E-04
  0.3826713506478E-04
  0.4028320020123E-04
  0.4502735896873E-04
  0.4526041181062E-04
  0.4573524750848E-04
  0.4662647777217E-04
  0.4795350299795E-04
  0.4939121443444E-04
  0.5060069672422E-04
  0.5055419202343E-04
  0.4902900327291E-04
  0.4615718724096E-04
  0.4234897106099E-04
  0.3885891724262E-04
  0.3585283972459E-04
  0.2839586986243E-04
  0.2831235970381E-04
  0.1821462250039E-04
  0.0000000000000E+00
  0.0000000000000E+00
  0.2033981465574E-04
  0.3262703769231E-04
  0.3459550018034E-04
  0.3729572157436E-04
  0.3489432310428E-04
  0.2885871531537E-04
  0.0000000000000E+00
  0.0000000000000E+00
  0.0000000000000E+00
  0.2403586489771E-04
  0.2604881770458E-04
  0.1533681318179E-04
  0.0000000000000E+00
  0.0000000000000E+00
  0.3826589500203E-04
  0.4195684490166E-04
  0.4254562462090E-04
  0.4422219888301E-04
  0.4881727307951E-04
  0.4905159766537E-04
  0.4946268312692E-04
  0.4998665703395E-04
  0.5063435659956E-04
  0.5164620449895E-04
  0.5281314321155E-04
  0.5287178994438E-04
  0.5135576258173E-04
  0.4906267764494E-04
  0.4656276585286E-04
  0.4454254489890E-04
  0.4127629852105E-04
  0.3433528309988E-04
  0.3346564281457E-04
  0.3037681402115E-04
  0.0000000000000E+00
  0.0000000000000E+00
  0.0000000000000E+00
  0.3490311432849E-04
  0.4006288793974E-04
  0.4162889645390E-04
  0.3960665547137E-04
  0.3653212126020E-04
  0.2143522576014E-04
  0.0000000000000E+00
  0.0000000000000E+00
  0.0000000000000E+00
  0.3438247733784E-04
  0.2546301088851E-04
  0.0000000000000E+00
  0.0000000000000E+00
  0.4124517566685E-04
  0.4567142651323E-04
  0.4712581286793E-04
  0.4823707311887E-04
  0.5180370510980E-04
  0.5220119492909E-04
  0.5259446190325E-04
  0.5264015763161E-04
  0.5258071983319E-04
  0.5338769297645E-04
  0.5468856783786E-04
  0.5480634223309E-04
  0.5337351125362E-04
  0.5171022999139E-04
  0.5039244579843E-04
  0.4886399949839E-04
  0.4439955903061E-04
  0.3806678662108E-04
  0.3836136706140E-04
  0.3815402056141E-04
  0.0000000000000E+00
  0.0000000000000E+00
  0.0000000000000E+00
  0.3534774440772E-04
  0.4350648227847E-04
  0.4510894707557E-04
  0.4357444378071E-04
  0.4154913077267E-04
  0.2718194372792E-04
  0.2305210937986E-04
  0.0000000000000E+00
  0.0000000000000E+00
  0.4047978123613E-04
  0.3644885150217E-04
  0.0000000000000E+00
  0.3109245808085E-04
  0.4491458383215E-04
  0.4932546428560E-04
  0.5072936674341E-04
  0.5132789932940E-04
  0.5120126395419E-04
  0.5160735449614E-04
  0.5188573803914E-04
  0.5184930647111E-04
  0.5189943925814E-04
  0.5265202500387E-04
  0.5368134023705E-04
  0.5367758383131E-04
  0.5260054907758E-04
  0.5149564921774E-04
  0.5058714058024E-04
  0.4925617022274E-04
  0.4489201567583E-04
  0.3882786789576E-04
  0.4061416265472E-04
  0.4017264855575E-04
  0.0000000000000E+00
  0.0000000000000E+00
  0.0000000000000E+00
  0.3500062993064E-04
  0.4594564346894E-04
  0.4893604080962E-04
  0.4697207096248E-04
  0.4383008708336E-04
  0.3273894216210E-04
  0.2768933118818E-04
  0.2531833265855E-04
  0.0000000000000E+00
  0.4025495397946E-04
  0.4355349456653E-04
  0.2854583143036E-04
  0.3886144860650E-04
  0.4672329602324E-04
  0.5029326866218E-04
  0.5059140617849E-04
  0.5076303941543E-04
  0.4466301828292E-04
  0.4440608632055E-04
  0.4393938499863E-04
  0.4342842282628E-04
  0.4345250434039E-04
  0.4427615006843E-04
  0.4549010802252E-04
  0.4606221531319E-04
  0.4615682728928E-04
  0.4643111045776E-04
  0.4651753634240E-04
  0.4597857204482E-04
  0.4345593930407E-04
  0.3761201494200E-04
  0.4138591759019E-04
  0.3930472171095E-04
  0.0000000000000E+00
  0.0000000000000E+00
  0.0000000000000E+00
  0.3892356645250E-04
  0.4786412459289E-04
  0.5104690578644E-04
  0.4982086332315E-04
  0.4547334344119E-04
  0.3766916713188E-04
  0.3566827580004E-04
  0.3314105654212E-04
  0.0000000000000E+00
  0.0000000000000E+00
  0.4459501881735E-04
  0.3564960895434E-04
  0.4095073320553E-04
  0.4464382175481E-04
  0.4592887111325E-04
  0.4522766530346E-04
  0.4481299923740E-04
  0.3626213955333E-04
  0.3561902790665E-04
  0.3500182362199E-04
  0.3467877166392E-04
  0.3479714840013E-04
  0.3531167303953E-04
  0.3605148256333E-04
  0.3663970606204E-04
  0.3745930276647E-04
  0.3862879957235E-04
  0.3981069871748E-04
  0.4095989770972E-04
  0.4118302694930E-04
  0.3644461149564E-04
  0.4286203075438E-04
  0.3843111925108E-04
  0.0000000000000E+00
  0.0000000000000E+00
  0.0000000000000E+00
  0.4149846546447E-04
  0.4663917075707E-04
  0.4832219307587E-04
  0.4944290595763E-04
  0.4661841394847E-04
  0.4138432443903E-04
  0.4171815556861E-04
  0.3971012671221E-04
  0.3586928424402E-04
  0.0000000000000E+00
  0.4270764696466E-04
  0.3876421915811E-04
  0.3977128389259E-04
  0.3920741578982E-04
  0.3883180661204E-04
  0.3769443769510E-04
  0.3689637269043E-04
  0.3231984668619E-04
  0.3152596508996E-04
  0.3087708409601E-04
  0.3066957052644E-04
  0.3079804086028E-04
  0.3116334210359E-04
  0.3163672704301E-04
  0.3201248949762E-04
  0.3264824717549E-04
  0.3364966031828E-04
  0.3501707690850E-04
  0.3700756868660E-04
  0.3980468949098E-04
  0.4110457562085E-04
  0.4545186892096E-04
  0.3619031900987E-04
  0.0000000000000E+00
  0.0000000000000E+00
  0.0000000000000E+00
  0.4639064772843E-04
  0.4664743898389E-04
  0.4326228723280E-04
  0.4647312063461E-04
  0.4772310244884E-04
  0.4357776941072E-04
  0.4563695554757E-04
  0.4629725158009E-04
  0.4695765678999E-04
  0.0000000000000E+00
  0.4259960413279E-04
  0.4074970399069E-04
  0.3853397889851E-04
  0.3604434960999E-04
  0.3517543106652E-04
  0.3408046554618E-04
  0.3314157344811E-04
  0.3685825486912E-04
  0.3559272698821E-04
  0.3455613320979E-04
  0.3395698997031E-04
  0.3378896005965E-04
  0.3397112032048E-04
  0.3446259722446E-04
  0.3500510867111E-04
  0.3582143270369E-04
  0.3700816789135E-04
  0.3849233116708E-04
  0.4055016084283E-04
  0.4384962620270E-04
  0.4739842179198E-04
  0.4970436764461E-04
  0.3671382679695E-04
  0.0000000000000E+00
  0.0000000000000E+00
  0.0000000000000E+00
  0.5063033623367E-04
  0.4836398920503E-04
  0.4189311947154E-04
  0.4102810527296E-04
  0.5187419789864E-04
  0.5044138791859E-04
  0.5207928381229E-04
  0.5243752483735E-04
  0.5228438658009E-04
  0.4604144196643E-04
  0.4995507503749E-04
  0.4860508623962E-04
  0.4529379541984E-04
  0.4246080303470E-04
  0.4124438369461E-04
  0.3978184987445E-04
  0.3823301883937E-04
  0.5006611546728E-04
  0.4834499223849E-04
  0.4661898185587E-04
  0.4517034178219E-04
  0.4428217088925E-04
  0.4394678066951E-04
  0.4416649946037E-04
  0.4450668016028E-04
  0.4495789775548E-04
  0.4559583800656E-04
  0.4605576509365E-04
  0.4638880568111E-04
  0.4721031768141E-04
  0.4853144448723E-04
  0.5382050248435E-04
  0.4631357058078E-04
  0.0000000000000E+00
  0.0000000000000E+00
  0.0000000000000E+00
  0.5422651104797E-04
  0.4905944630930E-04
  0.4046563535855E-04
  0.0000000000000E+00
  0.5401430626334E-04
  0.5659775802935E-04
  0.5681176819405E-04
  0.5619667373685E-04
  0.5404480058103E-04
  0.5267557192964E-04
  0.5738739229526E-04
  0.5876863049311E-04
  0.5715769696074E-04
  0.5584314726200E-04
  0.5497370144701E-04
  0.5355385845224E-04
  0.5183969866177E-04
  0.6443693503610E-04
  0.6359167397778E-04
  0.6201716292249E-04
  0.5989671168803E-04
  0.5794282053152E-04
  0.5627959762803E-04
  0.5496379263684E-04
  0.5384926357285E-04
  0.5295304201953E-04
  0.5235557356251E-04
  0.5160150585854E-04
  0.5045308927908E-04
  0.4875269648710E-04
  0.4649162983424E-04
  0.4913875719179E-04
  0.5479175063340E-04
  0.3283088324561E-04
  0.3375869033672E-04
  0.4241811691523E-04
  0.5527951965445E-04
  0.4934951612414E-04
  0.3543891161637E-04
  0.0000000000000E+00
  0.5523432490450E-04
  0.6061920916125E-04
  0.5868867876078E-04
  0.5764863327676E-04
  0.5524486147494E-04
  0.5476386679953E-04
  0.5926548359138E-04
  0.6271464349301E-04
  0.6375621381201E-04
  0.6492752363318E-04
  0.6597599444096E-04
  0.6573064722269E-04
  0.6518870460791E-04
  0.6763053190709E-04
  0.6829775548806E-04
  0.6844597672723E-04
  0.6748131329942E-04
  0.6585545568373E-04
  0.6357629359587E-04
  0.6067683654095E-04
  0.5794879531913E-04
  0.5587015637509E-04
  0.5445636200722E-04
  0.5331023054908E-04
  0.5216873025594E-04
  0.5036856629115E-04
  0.4706257189410E-04
  0.4335802967574E-04
  0.4633248613445E-04
  0.4324314942637E-04
  0.4233803477519E-04
  0.4231341842775E-04
  0.5160557493441E-04
  0.5052961175023E-04
  0.0000000000000E+00
  0.4701081844007E-04
  0.5819262123573E-04
  0.5989453989069E-04
  0.5830478641619E-04
  0.5720743124523E-04
  0.5476727284841E-04
  0.5333056122363E-04
  0.5566102813722E-04
  0.5904659588664E-04
  0.6124325907511E-04
  0.6374599284187E-04
  0.6612125437062E-04
  0.6683369051004E-04
  0.6726369694570E-04
  0.6214559231504E-04
  0.6308945272123E-04
  0.6439976944137E-04
  0.6552295597047E-04
  0.6587215161863E-04
  0.6499814724683E-04
  0.6255914079948E-04
  0.5944805296669E-04
  0.5661923622368E-04
  0.5445522329465E-04
  0.5291450742268E-04
  0.5174513886049E-04
  0.5042357000782E-04
  0.4843575320196E-04
  0.4654061473466E-04
  0.4871192387901E-04
  0.4671991299985E-04
  0.4458075218024E-04
  0.4365601076817E-04
  0.4786860711806E-04
  0.4928622351786E-04
  0.0000000000000E+00
  0.4833483668464E-04
  0.5452931245138E-04
  0.5566733037941E-04
  0.5599281524933E-04
  0.5546998366348E-04
  0.5335700465076E-04
  0.5146065560737E-04
  0.5231052576096E-04
  0.5452329201295E-04
  0.5622268675479E-04
  0.5832789977323E-04
  0.6040895151172E-04
  0.6126825271126E-04
  0.6175602049609E-04
  0.5589616176852E-04
  0.5630392511830E-04
  0.5736986961727E-04
  0.5911268345463E-04
  0.6082086690488E-04
  0.6183742528946E-04
  0.6142479203298E-04
  0.5955740968879E-04
  0.5688889541584E-04
  0.5405479454672E-04
  0.5179095465051E-04
  0.5009311414612E-04
  0.4850052109988E-04
  0.4660715093502E-04
  0.4542461288558E-04
  0.4710298405948E-04
  0.4603161422591E-04
  0.4354690275717E-04
  0.4121982285485E-04
  0.4349122630360E-04
  0.4550751018667E-04
  0.3785353229036E-04
  0.4718139092796E-04
  0.4990077203153E-04
  0.5095781887409E-04
  0.5211687121534E-04
  0.5237498976363E-04
  0.5118197334398E-04
  0.4960340735335E-04
  0.4965659824267E-04
  0.5093968143339E-04
  0.5204490112385E-04
  0.5345462260448E-04
  0.5466483376346E-04
  0.5534292873225E-04
  0.5574216574266E-04
  0.5037457718683E-04
  0.5034685988173E-04
  0.5076959076862E-04
  0.5195604561407E-04
  0.5348689072767E-04
  0.5493994569500E-04
  0.5596976600366E-04
  0.5595413639194E-04
  0.5469953830017E-04
  0.5242528748045E-04
  0.4992921137432E-04
  0.4770805418281E-04
  0.4581244879798E-04
  0.4421322377357E-04
  0.4330318756152E-04
  0.4371099460762E-04
  0.4276364699854E-04
  0.4094678139125E-04
  0.3709773885405E-04
  0.3807823699152E-04
  0.3970526625170E-04
  0.4148851218849E-04
  0.4550872512083E-04
  0.4540196408196E-04
  0.4609817401327E-04
  0.4713258216070E-04
  0.4788004471308E-04
  0.4770974428849E-04
  0.4685895759097E-04
  0.4665520282593E-04
  0.4721511134580E-04
  0.4775643949135E-04
  0.4861484068450E-04
  0.4932240812017E-04
  0.4989303373901E-04
  0.5028654780126E-04
  0.4537238939996E-04
  0.4523505315504E-04
  0.4522685608023E-04
  0.4568156186568E-04
  0.4650692198652E-04
  0.4746352045201E-04
  0.4848701265892E-04
  0.4917850281892E-04
  0.4908304657816E-04
  0.4800452706903E-04
  0.4627428398828E-04
  0.4402247930938E-04
  0.4185969614529E-04
  0.4048336448050E-04
  0.4010815908536E-04
  0.4016880734002E-04
  0.3940577844622E-04
  0.3773936659592E-04
  0.3238396912693E-04
  0.3176581451754E-04
  0.3452706307969E-04
  0.3932080754812E-04
  0.4481256974378E-04
  0.4305627795948E-04
  0.4243523423617E-04
  0.4258072665923E-04
  0.4310590580189E-04
  0.4334188129239E-04
  0.4320842137317E-04
  0.4323455827540E-04
  0.4336475456652E-04
  0.4346000840074E-04
  0.4384555766391E-04
  0.4423228976427E-04
  0.4473607929873E-04
  0.4523289464426E-04
  0.4015898869468E-04
  0.4004842574561E-04
  0.3985700022357E-04
  0.3986361967163E-04
  0.4019720448997E-04
  0.4067642794521E-04
  0.4116480706578E-04
  0.4177726255748E-04
  0.4200488820584E-04
  0.4164815381576E-04
  0.4073618058472E-04
  0.3892629328971E-04
  0.3669394948751E-04
  0.3569736341625E-04
  0.3642186161003E-04
  0.3745578990065E-04
  0.3753237073130E-04
  0.3558986220394E-04
  0.2696828106910E-04
  0.2332802092003E-04
  0.2862629173470E-04
  0.4277741936673E-04
  0.5004638377783E-04
  0.4573945562940E-04
  0.4206754034003E-04
  0.4029135174567E-04
  0.3969926866622E-04
  0.3938752388580E-04
  0.3913511081942E-04
  0.3925042778046E-04
  0.3919545765489E-04
  0.3897844626156E-04
  0.3899385686896E-04
  0.3917297420787E-04
  0.3953410486650E-04
  0.3997703298892E-04
  0.3713588718929E-04
  0.3687430444104E-04
  0.3650288092029E-04
  0.3630277395661E-04
  0.3627207624229E-04
  0.3636604736641E-04
  0.3640534683211E-04
  0.3657845905886E-04
  0.3670281861954E-04
  0.3671160076121E-04
  0.3688464877427E-04
  0.3671476860400E-04
  0.3581340432117E-04
  0.3528999300678E-04
  0.3627509526885E-04
  0.3826175134499E-04
  0.3916637687773E-04
  0.3697120327011E-04
  0.0000000000000E+00
  0.0000000000000E+00
  0.0000000000000E+00
  0.4399938347314E-04
  0.5609677696958E-04
  0.5371887411912E-04
  0.4852913157370E-04
  0.4512722280730E-04
  0.4305020171405E-04
  0.4150546564340E-04
  0.4017097695197E-04
  0.3924588165817E-04
  0.3846933410731E-04
  0.3764501283562E-04
  0.3713061266357E-04
  0.3693166085488E-04
  0.3699455837916E-04
  0.3715539636116E-04
  0.3696176792674E-04
  0.3677860122032E-04
  0.3650406293687E-04
  0.3621601868717E-04
  0.3598024532741E-04
  0.3585895409335E-04
  0.3579114621979E-04
  0.3580713482741E-04
  0.3600658697054E-04
  0.3611410399566E-04
  0.3618137414133E-04
  0.3605544602993E-04
  0.3535982938003E-04
  0.3474617820122E-04
  0.3537242042818E-04
  0.3791041334165E-04
  0.4055125256293E-04
  0.3910246307221E-04
  0.0000000000000E+00
  0.0000000000000E+00
  0.0000000000000E+00
  0.4365570345560E-04
  0.5561052637517E-04
  0.5665476650398E-04
  0.5337543002087E-04
  0.5058736000182E-04
  0.4796562286571E-04
  0.4532064879862E-04
  0.4293651558178E-04
  0.4117628035591E-04
  0.3991764119988E-04
  0.3871847923570E-04
  0.3774953593053E-04
  0.3714560599104E-04
  0.3689204860468E-04
  0.3692331717939E-04
  0.3681573195434E-04
  0.3637919256026E-04
  0.3591598895875E-04
  0.3583120893203E-04
  0.3561037002798E-04
  0.3543874189076E-04
  0.3535682566848E-04
  0.3536652148356E-04
  0.3546019627389E-04
  0.3555529805454E-04
  0.3563728285410E-04
  0.3557656314685E-04
  0.3521619716101E-04
  0.3487444138524E-04
  0.3525773155060E-04
  0.3745417062176E-04
  0.4119411431973E-04
  0.4321850064696E-04
  0.0000000000000E+00
  0.0000000000000E+00
  0.0000000000000E+00
  0.3667362686127E-04
  0.4538115735703E-04
  0.4902625771314E-04
  0.4914251978629E-04
  0.4906450636787E-04
  0.4849301876306E-04
  0.4705109465951E-04
  0.4533012725880E-04
  0.4352606993549E-04
  0.4183150002244E-04
  0.4035821743430E-04
  0.3911875533170E-04
  0.3817456721921E-04
  0.3751193596318E-04
  0.3712351705027E-04
  0.3648690183396E-04
  0.3597331998487E-04
  0.3547610231972E-04
  0.3505794796958E-04
  0.3462164563268E-04
  0.3435747224423E-04
  0.3426252742181E-04
  0.3434780069412E-04
  0.3447131971926E-04
  0.3461980977248E-04
  0.3479392569755E-04
  0.3491890164895E-04
  0.3496375236577E-04
  0.3488868599842E-04
  0.3519341691789E-04
  0.3663073667527E-04
  0.3979093342897E-04
  0.4457391136219E-04
  0.3167413985153E-04
  0.2851122498130E-04
  0.2568814434499E-04
  0.2945447967397E-04
  0.3171221720607E-04
  0.3472195960099E-04
  0.3698249981339E-04
  0.3896560462463E-04
  0.4093339899376E-04
  0.4207931559474E-04
  0.4227940095239E-04
  0.4189958004511E-04
  0.4097462516067E-04
  0.3991324242005E-04
  0.3886226238811E-04
  0.3803358412540E-04
  0.3729697633292E-04
  0.3685462777484E-04
  0.3349820889618E-04
  0.3314620007911E-04
  0.3288221364486E-04
  0.3262409063780E-04
  0.3232019281429E-04
  0.3209949592452E-04
  0.3202807025951E-04
  0.3210613758629E-04
  0.3222535948921E-04
  0.3218215845644E-04
  0.3233379653078E-04
  0.3251173323915E-04
  0.3269518729482E-04
  0.3286914327112E-04
  0.3312493242861E-04
  0.3393957733337E-04
  0.3578316117826E-04
  0.3828611059095E-04
  0.3376294201563E-04
  0.3017770156848E-04
  0.2673283124031E-04
  0.2553084845259E-04
  0.2522514005649E-04
  0.2627064491424E-04
  0.2752917528968E-04
  0.2896686183544E-04
  0.3088407168845E-04
  0.3280566828554E-04
  0.3409599096476E-04
  0.3471913852263E-04
  0.3471237037375E-04
  0.3433008298377E-04
  0.3388935070692E-04
  0.3374674100074E-04
  0.3366968446277E-04
  0.3358378519999E-04
  0.2632948792221E-04
  0.2648072886461E-04
  0.2650458914430E-04
  0.2644550060382E-04
  0.2628525344388E-04
  0.2609886129322E-04
  0.2597211303034E-04
  0.2589629551133E-04
  0.2582137169754E-04
  0.2578447028272E-04
  0.2588438821944E-04
  0.2600420327143E-04
  0.2613597763529E-04
  0.2627356788872E-04
  0.2646903778194E-04
  0.2693961994038E-04
  0.2818494725371E-04
  0.2959507564894E-04
  0.2791638020084E-04
  0.2541230544087E-04
  0.2331021758219E-04
  0.2189153741275E-04
  0.2095887397151E-04
  0.2058789433233E-04
  0.2053475865033E-04
  0.2078977214010E-04
  0.2157898408096E-04
  0.2281163190888E-04
  0.2407974150123E-04
  0.2498634541867E-04
  0.2545907999166E-04
  0.2566693520804E-04
  0.2574856357994E-04
  0.2594163196566E-04
  0.2613871648491E-04
  0.2620811348516E-04
  0.1668801389392E-04
  0.1685030787928E-04
  0.1690065007292E-04
  0.1684227912128E-04
  0.1666642119167E-04
  0.1643447811024E-04
  0.1621418255806E-04
  0.1606155386326E-04
  0.1598377172400E-04
  0.1597705591602E-04
  0.1598922146072E-04
  0.1600819508335E-04
  0.1606313988132E-04
  0.1621220243645E-04
  0.1648825086244E-04
  0.1698750104929E-04
  0.1777159157011E-04
  0.1857522114800E-04
  0.1869447612788E-04
  0.1806328863053E-04
  0.1700524538966E-04
  0.1581528002161E-04
  0.1473335592424E-04
  0.1393083507139E-04
  0.1350789242027E-04
  0.1351939801922E-04
  0.1391472972144E-04
  0.1454273390729E-04
  0.1522911555593E-04
  0.1578200959616E-04
  0.1608499317533E-04
  0.1618786265423E-04
  0.1621143796469E-04
  0.1627071325496E-04
  0.1636970522210E-04
  0.1650169548044E-04
  0.7781482428689E-05
  0.7976216834511E-05
  0.8277001969002E-05
  0.8731037452523E-05
  0.9015984734228E-05
  0.9210198890212E-05
  0.9362490154354E-05
  0.9492145972514E-05
  0.9766592630025E-05
  0.1019180074201E-04
  0.1080870252574E-04
  0.1145100786945E-04
  0.1185679053467E-04
  0.1210453994764E-04
  0.1224112510341E-04
  0.1228134970696E-04
  0.1219904222757E-04
  0.1191414351033E-04
  0.1131467752935E-04
  0.1026166589362E-04
  0.9067803590787E-05
  0.8193193738013E-05
  0.7596852453781E-05
  0.7239168150609E-05
  0.7078052656887E-05
  0.7066885450916E-05
  0.7150905831044E-05
  0.7270062181548E-05
  0.7386271200139E-05
  0.7468852477757E-05
  0.7513345531567E-05
  0.7535175432238E-05
  0.7543249285856E-05
  0.7556097262815E-05
  0.7589684820908E-05
  0.7659831513126E-05
  0.0000000000000E+00
  0.0000000000000E+00
  0.0000000000000E+00
  0.0000000000000E+00
  0.2674112554998E-05
  0.0000000000000E+00
  0.0000000000000E+00
  0.0000000000000E+00
  0.0000000000000E+00
  0.0000000000000E+00
  0.0000000000000E+00
  0.0000000000000E+00
  0.0000000000000E+00
  0.0000000000000E+00
  0.0000000000000E+00
  0.0000000000000E+00
  0.0000000000000E+00
  0.0000000000000E+00
  0.0000000000000E+00
  0.0000000000000E+00
  0.0000000000000E+00
  0.0000000000000E+00
  0.0000000000000E+00
  0.0000000000000E+00
  0.0000000000000E+00
  0.0000000000000E+00
  0.0000000000000E+00
  0.0000000000000E+00
  0.0000000000000E+00
  0.0000000000000E+00
  0.0000000000000E+00
  0.0000000000000E+00
  0.0000000000000E+00
  0.0000000000000E+00
  0.0000000000000E+00
  0.2805307530647E-05
  0.1617273776742E-05
  0.0000000000000E+00
  0.0000000000000E+00
  0.0000000000000E+00
  0.1522541456377E-05
  0.0000000000000E+00
  0.0000000000000E+00
  0.0000000000000E+00
  0.3145281883454E-05
  0.0000000000000E+00
  0.0000000000000E+00
  0.0000000000000E+00
  0.0000000000000E+00
  0.0000000000000E+00
  0.0000000000000E+00
  0.0000000000000E+00
  0.0000000000000E+00
  0.0000000000000E+00
  0.0000000000000E+00
  0.0000000000000E+00
  0.0000000000000E+00
  0.0000000000000E+00
  0.0000000000000E+00
  0.0000000000000E+00
  0.0000000000000E+00
  0.0000000000000E+00
  0.0000000000000E+00
  0.0000000000000E+00
  0.0000000000000E+00
  0.0000000000000E+00
  0.0000000000000E+00
  0.0000000000000E+00
  0.0000000000000E+00
  0.0000000000000E+00
  0.0000000000000E+00
  0.0000000000000E+00
  0.0000000000000E+00
  0.0000000000000E+00
  0.9236564842593E-06
  0.0000000000000E+00
  0.0000000000000E+00
  0.0000000000000E+00
  0.0000000000000E+00
  0.0000000000000E+00
  0.0000000000000E+00
  0.0000000000000E+00
  0.0000000000000E+00
  0.7644254907211E-05
  0.0000000000000E+00
  0.0000000000000E+00
  0.0000000000000E+00
  0.0000000000000E+00
  0.0000000000000E+00
  0.0000000000000E+00
  0.0000000000000E+00
  0.0000000000000E+00
  0.0000000000000E+00
  0.0000000000000E+00
  0.0000000000000E+00
  0.0000000000000E+00
  0.0000000000000E+00
  0.0000000000000E+00
  0.0000000000000E+00
  0.0000000000000E+00
  0.0000000000000E+00
  0.0000000000000E+00
  0.0000000000000E+00
  0.0000000000000E+00
  0.0000000000000E+00
  0.0000000000000E+00
  0.0000000000000E+00
  0.0000000000000E+00
  0.0000000000000E+00
  0.0000000000000E+00
  0.0000000000000E+00
  0.0000000000000E+00
  0.0000000000000E+00
  0.0000000000000E+00
  0.0000000000000E+00
  0.0000000000000E+00
  0.0000000000000E+00
  0.0000000000000E+00
  0.0000000000000E+00
  0.2900880387727E-05
  0.0000000000000E+00
  0.0000000000000E+00
  0.0000000000000E+00
  0.0000000000000E+00
  0.0000000000000E+00
  0.0000000000000E+00
  0.0000000000000E+00
  0.0000000000000E+00
  0.0000000000000E+00
  0.0000000000000E+00
  0.0000000000000E+00
  0.0000000000000E+00
  0.0000000000000E+00
  0.0000000000000E+00
  0.0000000000000E+00
  0.0000000000000E+00
  0.0000000000000E+00
  0.0000000000000E+00
  0.0000000000000E+00
  0.0000000000000E+00
  0.0000000000000E+00
  0.0000000000000E+00
  0.0000000000000E+00
  0.0000000000000E+00
  0.0000000000000E+00
  0.0000000000000E+00
  0.0000000000000E+00
  0.0000000000000E+00
  0.0000000000000E+00
  0.0000000000000E+00
  0.0000000000000E+00
  0.0000000000000E+00
  0.0000000000000E+00
  0.0000000000000E+00
  0.0000000000000E+00
  0.3254928359508E-05
  0.0000000000000E+00
  0.0000000000000E+00
  0.0000000000000E+00
  0.0000000000000E+00
  0.0000000000000E+00
  0.0000000000000E+00
  0.0000000000000E+00
  0.0000000000000E+00
  0.0000000000000E+00
  0.0000000000000E+00
  0.0000000000000E+00
  0.0000000000000E+00
  0.0000000000000E+00
  0.0000000000000E+00
  0.0000000000000E+00
  0.0000000000000E+00
  0.0000000000000E+00
  0.0000000000000E+00
  0.0000000000000E+00
  0.0000000000000E+00
  0.0000000000000E+00
  0.0000000000000E+00
  0.0000000000000E+00
  0.0000000000000E+00
  0.0000000000000E+00
  0.0000000000000E+00
  0.0000000000000E+00
  0.0000000000000E+00
  0.0000000000000E+00
  0.0000000000000E+00
  0.0000000000000E+00
  0.0000000000000E+00
  0.0000000000000E+00
  0.0000000000000E+00
  0.0000000000000E+00
  0.0000000000000E+00
  0.0000000000000E+00
  0.0000000000000E+00
  0.0000000000000E+00
  0.0000000000000E+00
  0.0000000000000E+00
  0.0000000000000E+00
  0.0000000000000E+00
  0.0000000000000E+00
  0.0000000000000E+00
  0.0000000000000E+00
  0.0000000000000E+00
  0.0000000000000E+00
  0.0000000000000E+00
  0.0000000000000E+00
  0.0000000000000E+00
  0.0000000000000E+00
  0.0000000000000E+00
  0.0000000000000E+00
  0.0000000000000E+00
  0.0000000000000E+00
  0.0000000000000E+00
  0.0000000000000E+00
  0.0000000000000E+00
  0.0000000000000E+00
  0.0000000000000E+00
  0.0000000000000E+00
  0.0000000000000E+00
  0.0000000000000E+00
  0.0000000000000E+00
  0.0000000000000E+00
  0.0000000000000E+00
  0.0000000000000E+00
  0.0000000000000E+00
  0.0000000000000E+00
  0.0000000000000E+00
  0.0000000000000E+00
  0.0000000000000E+00
  0.0000000000000E+00
  0.0000000000000E+00
  0.0000000000000E+00
  0.0000000000000E+00
  0.0000000000000E+00
  0.0000000000000E+00
  0.0000000000000E+00
  0.0000000000000E+00
  0.0000000000000E+00
  0.0000000000000E+00
  0.0000000000000E+00
  0.0000000000000E+00
  0.0000000000000E+00
  0.0000000000000E+00
  0.0000000000000E+00
  0.0000000000000E+00
  0.0000000000000E+00
  0.0000000000000E+00
  0.0000000000000E+00
  0.0000000000000E+00
  0.0000000000000E+00
  0.0000000000000E+00
  0.0000000000000E+00
  0.0000000000000E+00
  0.0000000000000E+00
  0.0000000000000E+00
  0.0000000000000E+00
  0.0000000000000E+00
  0.0000000000000E+00
  0.0000000000000E+00
  0.0000000000000E+00
  0.0000000000000E+00
  0.0000000000000E+00
  0.0000000000000E+00
  0.0000000000000E+00
  0.0000000000000E+00
  0.0000000000000E+00
  0.0000000000000E+00
  0.0000000000000E+00
  0.0000000000000E+00
  0.0000000000000E+00
  0.0000000000000E+00
  0.0000000000000E+00
  0.0000000000000E+00
  0.0000000000000E+00
  0.0000000000000E+00
  0.0000000000000E+00
  0.0000000000000E+00
  0.0000000000000E+00
  0.0000000000000E+00
  0.0000000000000E+00
  0.0000000000000E+00
  0.0000000000000E+00
  0.0000000000000E+00
  0.0000000000000E+00
  0.0000000000000E+00
  0.0000000000000E+00
  0.0000000000000E+00
  0.0000000000000E+00
  0.0000000000000E+00
  0.0000000000000E+00
  0.0000000000000E+00
  0.0000000000000E+00
  0.0000000000000E+00
  0.0000000000000E+00
  0.0000000000000E+00
  0.0000000000000E+00
  0.0000000000000E+00
  0.0000000000000E+00
  0.0000000000000E+00
  0.0000000000000E+00
  0.0000000000000E+00
  0.0000000000000E+00
  0.0000000000000E+00
  0.0000000000000E+00
  0.0000000000000E+00
  0.0000000000000E+00
  0.0000000000000E+00
  0.0000000000000E+00
  0.0000000000000E+00
  0.0000000000000E+00
  0.0000000000000E+00
  0.0000000000000E+00
  0.0000000000000E+00
  0.0000000000000E+00
  0.0000000000000E+00
  0.0000000000000E+00
  0.0000000000000E+00
  0.0000000000000E+00
  0.0000000000000E+00
  0.0000000000000E+00
  0.0000000000000E+00
  0.0000000000000E+00
  0.0000000000000E+00
  0.0000000000000E+00
  0.0000000000000E+00
  0.0000000000000E+00
  0.0000000000000E+00
  0.0000000000000E+00
  0.0000000000000E+00
  0.0000000000000E+00
  0.0000000000000E+00
  0.0000000000000E+00
  0.0000000000000E+00
  0.0000000000000E+00
  0.0000000000000E+00
  0.0000000000000E+00
  0.0000000000000E+00
  0.0000000000000E+00
  0.0000000000000E+00
  0.0000000000000E+00
  0.0000000000000E+00
  0.0000000000000E+00
  0.8692558993173E-05
  0.0000000000000E+00
  0.0000000000000E+00
  0.0000000000000E+00
  0.0000000000000E+00
  0.0000000000000E+00
  0.0000000000000E+00
  0.0000000000000E+00
  0.0000000000000E+00
  0.0000000000000E+00
  0.0000000000000E+00
  0.0000000000000E+00
  0.0000000000000E+00
  0.0000000000000E+00
  0.0000000000000E+00
  0.0000000000000E+00
  0.0000000000000E+00
  0.0000000000000E+00
  0.0000000000000E+00
  0.0000000000000E+00
  0.0000000000000E+00
  0.0000000000000E+00
  0.0000000000000E+00
  0.0000000000000E+00
  0.0000000000000E+00
  0.0000000000000E+00
  0.0000000000000E+00
  0.0000000000000E+00
  0.0000000000000E+00
  0.0000000000000E+00
  0.1256048485065E-04
  0.0000000000000E+00
  0.0000000000000E+00
  0.0000000000000E+00
  0.0000000000000E+00
  0.0000000000000E+00
  0.5046449075776E-05
  0.0000000000000E+00
  0.0000000000000E+00
  0.0000000000000E+00
  0.0000000000000E+00
  0.0000000000000E+00
  0.0000000000000E+00
  0.0000000000000E+00
  0.0000000000000E+00
  0.0000000000000E+00
  0.0000000000000E+00
  0.0000000000000E+00
  0.0000000000000E+00
  0.0000000000000E+00
  0.0000000000000E+00
  0.0000000000000E+00
  0.0000000000000E+00
  0.0000000000000E+00
  0.0000000000000E+00
  0.0000000000000E+00
  0.0000000000000E+00
  0.0000000000000E+00
  0.0000000000000E+00
  0.0000000000000E+00
  0.0000000000000E+00
  0.0000000000000E+00
  0.0000000000000E+00
  0.0000000000000E+00
  0.0000000000000E+00
  0.0000000000000E+00
  0.0000000000000E+00
  0.0000000000000E+00
  0.0000000000000E+00
  0.0000000000000E+00
  0.0000000000000E+00
  0.0000000000000E+00
  0.2038368290067E-05
  0.0000000000000E+00
  0.0000000000000E+00
  0.0000000000000E+00
  0.0000000000000E+00
  0.9337505700678E-05
  0.0000000000000E+00
  0.1548059942559E-04
  0.0000000000000E+00
  0.0000000000000E+00
  0.0000000000000E+00
  0.0000000000000E+00
  0.0000000000000E+00
  0.0000000000000E+00
  0.1658259877334E-05
  0.0000000000000E+00
  0.0000000000000E+00
  0.0000000000000E+00
  0.0000000000000E+00
  0.0000000000000E+00
  0.0000000000000E+00
  0.0000000000000E+00
  0.0000000000000E+00
  0.0000000000000E+00
  0.0000000000000E+00
  0.0000000000000E+00
  0.0000000000000E+00
  0.0000000000000E+00
  0.0000000000000E+00
  0.0000000000000E+00
  0.0000000000000E+00
  0.0000000000000E+00
  0.0000000000000E+00
  0.2899262617495E-05
  0.0000000000000E+00
  0.0000000000000E+00
  0.2806810294558E-05
  0.0000000000000E+00
  0.0000000000000E+00
  0.0000000000000E+00
  0.0000000000000E+00
  0.1176371804415E-04
  0.0000000000000E+00
  0.0000000000000E+00
  0.0000000000000E+00
  0.1286462739046E-04
  0.0000000000000E+00
  0.0000000000000E+00
  0.0000000000000E+00
  0.0000000000000E+00
  0.8361750717446E-05
  0.0000000000000E+00
  0.0000000000000E+00
  0.0000000000000E+00
  0.0000000000000E+00
  0.0000000000000E+00
  0.0000000000000E+00
  0.0000000000000E+00
  0.0000000000000E+00
  0.0000000000000E+00
  0.0000000000000E+00
  0.0000000000000E+00
  0.0000000000000E+00
  0.0000000000000E+00
  0.0000000000000E+00
  0.0000000000000E+00
  0.0000000000000E+00
  0.0000000000000E+00
  0.0000000000000E+00
  0.1260135266090E-04
  0.0000000000000E+00
  0.0000000000000E+00
  0.0000000000000E+00
  0.1177049721137E-04
  0.0000000000000E+00
  0.0000000000000E+00
  0.0000000000000E+00
  0.0000000000000E+00
  0.1766890088977E-04
  0.0000000000000E+00
  0.0000000000000E+00
  0.0000000000000E+00
  0.3188740606744E-04
  0.3761644161947E-05
  0.0000000000000E+00
  0.0000000000000E+00
  0.1729386133223E-04
  0.0000000000000E+00
  0.0000000000000E+00
  0.0000000000000E+00
  0.0000000000000E+00
  0.0000000000000E+00
  0.0000000000000E+00
  0.0000000000000E+00
  0.0000000000000E+00
  0.0000000000000E+00
  0.0000000000000E+00
  0.0000000000000E+00
  0.0000000000000E+00
  0.0000000000000E+00
  0.0000000000000E+00
  0.0000000000000E+00
  0.0000000000000E+00
  0.0000000000000E+00
  0.0000000000000E+00
  0.1099400236316E-04
  0.0000000000000E+00
  0.0000000000000E+00
  0.0000000000000E+00
  0.1116172503334E-04
  0.0000000000000E+00
  0.0000000000000E+00
  0.0000000000000E+00
  0.0000000000000E+00
  0.0000000000000E+00
  0.1641082940231E-04
  0.0000000000000E+00
  0.0000000000000E+00
  0.1744701899491E-04
  0.0000000000000E+00
  0.0000000000000E+00
  0.1443303846343E-04
  0.0000000000000E+00
  0.0000000000000E+00
  0.0000000000000E+00
  0.0000000000000E+00
  0.0000000000000E+00
  0.0000000000000E+00
  0.0000000000000E+00
  0.0000000000000E+00
  0.0000000000000E+00
  0.0000000000000E+00
  0.0000000000000E+00
  0.0000000000000E+00
  0.0000000000000E+00
  0.0000000000000E+00
  0.0000000000000E+00
  0.0000000000000E+00
  0.0000000000000E+00
  0.0000000000000E+00
  0.0000000000000E+00
  0.1304872853815E-04
  0.0000000000000E+00
  0.0000000000000E+00
  0.0000000000000E+00
  0.7312049187930E-05
  0.0000000000000E+00
  0.0000000000000E+00
  0.0000000000000E+00
  0.0000000000000E+00
  0.0000000000000E+00
  0.0000000000000E+00
  0.0000000000000E+00
  0.0000000000000E+00
  0.1954702576012E-04
  0.0000000000000E+00
  0.0000000000000E+00
  0.0000000000000E+00
  0.0000000000000E+00
  0.0000000000000E+00
  0.0000000000000E+00
  0.0000000000000E+00
  0.0000000000000E+00
  0.0000000000000E+00
  0.0000000000000E+00
  0.0000000000000E+00
  0.0000000000000E+00
  0.0000000000000E+00
  0.0000000000000E+00
  0.0000000000000E+00
  0.0000000000000E+00
  0.0000000000000E+00
  0.0000000000000E+00
  0.0000000000000E+00
  0.0000000000000E+00
  0.0000000000000E+00
  0.0000000000000E+00
  0.1525448743443E-04
  0.0000000000000E+00
  0.0000000000000E+00
  0.0000000000000E+00
  0.7536930866747E-05
  0.0000000000000E+00
  0.0000000000000E+00
  0.0000000000000E+00
  0.0000000000000E+00
  0.0000000000000E+00
  0.0000000000000E+00
  0.2485944550545E-04
  0.0000000000000E+00
  0.0000000000000E+00
  0.3206615354156E-04
  0.0000000000000E+00
  0.0000000000000E+00
  0.0000000000000E+00
  0.0000000000000E+00
  0.0000000000000E+00
  0.0000000000000E+00
  0.0000000000000E+00
  0.0000000000000E+00
  0.0000000000000E+00
  0.0000000000000E+00
  0.0000000000000E+00
  0.0000000000000E+00
  0.0000000000000E+00
  0.0000000000000E+00
  0.0000000000000E+00
  0.0000000000000E+00
  0.0000000000000E+00
  0.0000000000000E+00
  0.0000000000000E+00
  0.0000000000000E+00
  0.0000000000000E+00
  0.1260784062439E-04
  0.0000000000000E+00
  0.0000000000000E+00
  0.0000000000000E+00
  0.1742012782894E-04
  0.0000000000000E+00
  0.0000000000000E+00
  0.0000000000000E+00
  0.0000000000000E+00
  0.0000000000000E+00
  0.0000000000000E+00
  0.0000000000000E+00
  0.3022955823195E-04
  0.0000000000000E+00
  0.0000000000000E+00
  0.0000000000000E+00
  0.0000000000000E+00
  0.0000000000000E+00
  0.0000000000000E+00
  0.0000000000000E+00
  0.0000000000000E+00
  0.0000000000000E+00
  0.0000000000000E+00
  0.0000000000000E+00
  0.0000000000000E+00
  0.0000000000000E+00
  0.0000000000000E+00
  0.0000000000000E+00
  0.0000000000000E+00
  0.0000000000000E+00
  0.0000000000000E+00
  0.0000000000000E+00
  0.0000000000000E+00
  0.0000000000000E+00
  0.0000000000000E+00
  0.0000000000000E+00
  0.2829346973217E-04
  0.0000000000000E+00
  0.0000000000000E+00
  0.0000000000000E+00
  0.1289698885712E-04
  0.0000000000000E+00
  0.0000000000000E+00
  0.0000000000000E+00
  0.0000000000000E+00
  0.0000000000000E+00
  0.0000000000000E+00
  0.0000000000000E+00
  0.0000000000000E+00
  0.0000000000000E+00
  0.3394700486856E-04
  0.0000000000000E+00
  0.0000000000000E+00
  0.0000000000000E+00
  0.0000000000000E+00
  0.0000000000000E+00
  0.0000000000000E+00
  0.0000000000000E+00
  0.0000000000000E+00
  0.0000000000000E+00
  0.0000000000000E+00
  0.0000000000000E+00
  0.0000000000000E+00
  0.0000000000000E+00
  0.0000000000000E+00
  0.0000000000000E+00
  0.0000000000000E+00
  0.0000000000000E+00
  0.0000000000000E+00
  0.0000000000000E+00
  0.0000000000000E+00
  0.0000000000000E+00
  0.3539464456556E-04
  0.0000000000000E+00
  0.0000000000000E+00
  0.0000000000000E+00
  0.2037230796887E-04
  0.0000000000000E+00
  0.0000000000000E+00
  0.0000000000000E+00
  0.0000000000000E+00
  0.0000000000000E+00
  0.0000000000000E+00
  0.0000000000000E+00
  0.0000000000000E+00
  0.0000000000000E+00
  0.0000000000000E+00
  0.0000000000000E+00
  0.0000000000000E+00
  0.0000000000000E+00
  0.0000000000000E+00
  0.0000000000000E+00
  0.0000000000000E+00
  0.0000000000000E+00
  0.0000000000000E+00
  0.0000000000000E+00
  0.0000000000000E+00
  0.0000000000000E+00
  0.0000000000000E+00
  0.0000000000000E+00
  0.0000000000000E+00
  0.0000000000000E+00
  0.0000000000000E+00
  0.0000000000000E+00
  0.0000000000000E+00
  0.0000000000000E+00
  0.0000000000000E+00
  0.0000000000000E+00
  0.2265652364443E-04
  0.0000000000000E+00
  0.0000000000000E+00
  0.0000000000000E+00
  0.3208073293896E-04
  0.0000000000000E+00
  0.3380524874763E-04
  0.0000000000000E+00
  0.0000000000000E+00
  0.0000000000000E+00
  0.0000000000000E+00
  0.0000000000000E+00
  0.0000000000000E+00
  0.0000000000000E+00
  0.0000000000000E+00
  0.0000000000000E+00
  0.0000000000000E+00
  0.0000000000000E+00
  0.0000000000000E+00
  0.0000000000000E+00
  0.0000000000000E+00
  0.0000000000000E+00
  0.0000000000000E+00
  0.0000000000000E+00
  0.0000000000000E+00
  0.0000000000000E+00
  0.0000000000000E+00
  0.0000000000000E+00
  0.0000000000000E+00
  0.0000000000000E+00
  0.0000000000000E+00
  0.0000000000000E+00
  0.0000000000000E+00
  0.0000000000000E+00
  0.0000000000000E+00
  0.0000000000000E+00
  0.0000000000000E+00
  0.0000000000000E+00
  0.2313347840538E-04
  0.0000000000000E+00
  0.0000000000000E+00
  0.0000000000000E+00
  0.3741467544123E-04
  0.0000000000000E+00
  0.0000000000000E+00
  0.0000000000000E+00
  0.0000000000000E+00
  0.0000000000000E+00
  0.0000000000000E+00
  0.0000000000000E+00
  0.0000000000000E+00
  0.0000000000000E+00
  0.0000000000000E+00
  0.0000000000000E+00
  0.0000000000000E+00
  0.0000000000000E+00
  0.0000000000000E+00
  0.0000000000000E+00
  0.0000000000000E+00
  0.0000000000000E+00
  0.0000000000000E+00
  0.0000000000000E+00
  0.0000000000000E+00
  0.0000000000000E+00
  0.0000000000000E+00
  0.0000000000000E+00
  0.0000000000000E+00
  0.0000000000000E+00
  0.0000000000000E+00
  0.0000000000000E+00
  0.0000000000000E+00
  0.0000000000000E+00
  0.0000000000000E+00
  0.0000000000000E+00
  0.0000000000000E+00
  0.0000000000000E+00
  0.0000000000000E+00
  0.2715966182187E-04
  0.0000000000000E+00
  0.0000000000000E+00
  0.0000000000000E+00
  0.0000000000000E+00
  0.0000000000000E+00
  0.0000000000000E+00
  0.0000000000000E+00
  0.0000000000000E+00
  0.0000000000000E+00
  0.0000000000000E+00
  0.0000000000000E+00
  0.0000000000000E+00
  0.0000000000000E+00
  0.0000000000000E+00
  0.0000000000000E+00
  0.0000000000000E+00
  0.0000000000000E+00
  0.0000000000000E+00
  0.0000000000000E+00
  0.0000000000000E+00
  0.0000000000000E+00
  0.0000000000000E+00
  0.0000000000000E+00
  0.0000000000000E+00
  0.0000000000000E+00
  0.0000000000000E+00
  0.0000000000000E+00
  0.0000000000000E+00
  0.0000000000000E+00
  0.0000000000000E+00
  0.0000000000000E+00
  0.0000000000000E+00
  0.0000000000000E+00
  0.0000000000000E+00
  0.0000000000000E+00
  0.2769457719514E-04
  0.0000000000000E+00
  0.0000000000000E+00
  0.0000000000000E+00
  0.0000000000000E+00
  0.0000000000000E+00
  0.0000000000000E+00
  0.0000000000000E+00
  0.0000000000000E+00
  0.0000000000000E+00
  0.0000000000000E+00
  0.0000000000000E+00
  0.0000000000000E+00
  0.0000000000000E+00
  0.0000000000000E+00
  0.0000000000000E+00
  0.0000000000000E+00
  0.0000000000000E+00
  0.0000000000000E+00
  0.0000000000000E+00
  0.0000000000000E+00
  0.0000000000000E+00
  0.0000000000000E+00
  0.0000000000000E+00
  0.0000000000000E+00
  0.0000000000000E+00
  0.0000000000000E+00
  0.0000000000000E+00
  0.0000000000000E+00
  0.0000000000000E+00
  0.0000000000000E+00
  0.0000000000000E+00
  0.0000000000000E+00
  0.0000000000000E+00
  0.0000000000000E+00
  0.0000000000000E+00
  0.0000000000000E+00
  0.0000000000000E+00
  0.0000000000000E+00
  0.0000000000000E+00
  0.0000000000000E+00
  0.0000000000000E+00
  0.0000000000000E+00
  0.0000000000000E+00
  0.0000000000000E+00
  0.0000000000000E+00
  0.0000000000000E+00
  0.0000000000000E+00
  0.0000000000000E+00
  0.0000000000000E+00
  0.0000000000000E+00
  0.0000000000000E+00
  0.0000000000000E+00
  0.0000000000000E+00
  0.0000000000000E+00
  0.0000000000000E+00
  0.0000000000000E+00
  0.0000000000000E+00
  0.0000000000000E+00
  0.0000000000000E+00
  0.0000000000000E+00
  0.0000000000000E+00
  0.0000000000000E+00
  0.0000000000000E+00
  0.0000000000000E+00
  0.0000000000000E+00
  0.0000000000000E+00
  0.0000000000000E+00
  0.0000000000000E+00
  0.0000000000000E+00
  0.0000000000000E+00
  0.0000000000000E+00
  0.0000000000000E+00
  0.0000000000000E+00
  0.0000000000000E+00
  0.0000000000000E+00
  0.0000000000000E+00
  0.0000000000000E+00
  0.0000000000000E+00
  0.0000000000000E+00
  0.0000000000000E+00
  0.0000000000000E+00
  0.0000000000000E+00
  0.0000000000000E+00
  0.0000000000000E+00
  0.0000000000000E+00
  0.0000000000000E+00
  0.0000000000000E+00
  0.0000000000000E+00
  0.0000000000000E+00
  0.0000000000000E+00
  0.0000000000000E+00
  0.0000000000000E+00
  0.0000000000000E+00
  0.0000000000000E+00
  0.0000000000000E+00
  0.0000000000000E+00
  0.0000000000000E+00
  0.0000000000000E+00
  0.0000000000000E+00
  0.0000000000000E+00
  0.0000000000000E+00
  0.0000000000000E+00
  0.0000000000000E+00
  0.0000000000000E+00
  0.0000000000000E+00
  0.0000000000000E+00
  0.0000000000000E+00
  0.0000000000000E+00
  0.0000000000000E+00
  0.0000000000000E+00
  0.0000000000000E+00
  0.0000000000000E+00
  0.0000000000000E+00
  0.0000000000000E+00
  0.0000000000000E+00
  0.0000000000000E+00
  0.0000000000000E+00
  0.0000000000000E+00
  0.0000000000000E+00
  0.0000000000000E+00
  0.0000000000000E+00
  0.0000000000000E+00
  0.0000000000000E+00
  0.0000000000000E+00
  0.0000000000000E+00
  0.0000000000000E+00
  0.0000000000000E+00
  0.0000000000000E+00
  0.0000000000000E+00
  0.0000000000000E+00
  0.0000000000000E+00
  0.0000000000000E+00
  0.0000000000000E+00
  0.0000000000000E+00
  0.0000000000000E+00
  0.0000000000000E+00
  0.0000000000000E+00
  0.0000000000000E+00
  0.0000000000000E+00
  0.0000000000000E+00
  0.0000000000000E+00
  0.0000000000000E+00
  0.1119986779289E-04
  0.0000000000000E+00
  0.0000000000000E+00
  0.0000000000000E+00
  0.0000000000000E+00
  0.0000000000000E+00
  0.0000000000000E+00
  0.0000000000000E+00
  0.0000000000000E+00
  0.0000000000000E+00
  0.0000000000000E+00
  0.0000000000000E+00
  0.0000000000000E+00
  0.0000000000000E+00
  0.0000000000000E+00
  0.0000000000000E+00
  0.0000000000000E+00
  0.0000000000000E+00
  0.0000000000000E+00
  0.0000000000000E+00
  0.0000000000000E+00
  0.0000000000000E+00
  0.0000000000000E+00
  0.0000000000000E+00
  0.0000000000000E+00
  0.0000000000000E+00
  0.0000000000000E+00
  0.0000000000000E+00
  0.0000000000000E+00
  0.0000000000000E+00
  0.0000000000000E+00
  0.0000000000000E+00
  0.0000000000000E+00
  0.0000000000000E+00
  0.1539193072230E-04
  0.0000000000000E+00
  0.0000000000000E+00
  0.0000000000000E+00
  0.1824569850304E-04
  0.0000000000000E+00
  0.0000000000000E+00
  0.0000000000000E+00
  0.0000000000000E+00
  0.0000000000000E+00
  0.0000000000000E+00
  0.0000000000000E+00
  0.0000000000000E+00
  0.0000000000000E+00
  0.0000000000000E+00
  0.0000000000000E+00
  0.0000000000000E+00
  0.0000000000000E+00
  0.0000000000000E+00
  0.0000000000000E+00
  0.0000000000000E+00
  0.0000000000000E+00
  0.0000000000000E+00
  0.0000000000000E+00
  0.0000000000000E+00
  0.0000000000000E+00
  0.0000000000000E+00
  0.0000000000000E+00
  0.0000000000000E+00
  0.0000000000000E+00
  0.0000000000000E+00
  0.0000000000000E+00
  0.0000000000000E+00
  0.0000000000000E+00
  0.0000000000000E+00
  0.0000000000000E+00
  0.1495824246966E-04
  0.0000000000000E+00
  0.0000000000000E+00
  0.0000000000000E+00
  0.2260761695675E-04
  0.0000000000000E+00
  0.0000000000000E+00
  0.0000000000000E+00
  0.0000000000000E+00
  0.0000000000000E+00
  0.0000000000000E+00
  0.0000000000000E+00
  0.0000000000000E+00
  0.0000000000000E+00
  0.0000000000000E+00
  0.0000000000000E+00
  0.0000000000000E+00
  0.0000000000000E+00
  0.0000000000000E+00
  0.0000000000000E+00
  0.0000000000000E+00
  0.0000000000000E+00
  0.0000000000000E+00
  0.0000000000000E+00
  0.0000000000000E+00
  0.0000000000000E+00
  0.0000000000000E+00
  0.0000000000000E+00
  0.0000000000000E+00
  0.0000000000000E+00
  0.0000000000000E+00
  0.0000000000000E+00
  0.0000000000000E+00
  0.0000000000000E+00
  0.0000000000000E+00
  0.0000000000000E+00
  0.1873310894275E-04
  0.0000000000000E+00
  0.0000000000000E+00
  0.0000000000000E+00
  0.1636083005985E-04
  0.0000000000000E+00
  0.0000000000000E+00
  0.0000000000000E+00
  0.0000000000000E+00
  0.0000000000000E+00
  0.0000000000000E+00
  0.0000000000000E+00
  0.0000000000000E+00
  0.0000000000000E+00
  0.0000000000000E+00
  0.0000000000000E+00
  0.0000000000000E+00
  0.0000000000000E+00
  0.0000000000000E+00
  0.0000000000000E+00
  0.0000000000000E+00
  0.0000000000000E+00
  0.0000000000000E+00
  0.0000000000000E+00
  0.0000000000000E+00
  0.0000000000000E+00
  0.0000000000000E+00
  0.0000000000000E+00
  0.0000000000000E+00
  0.0000000000000E+00
  0.0000000000000E+00
  0.0000000000000E+00
  0.0000000000000E+00
  0.0000000000000E+00
  0.0000000000000E+00
  0.0000000000000E+00
  0.0000000000000E+00
  0.0000000000000E+00
  0.1354012705423E-04
  0.0000000000000E+00
  0.0000000000000E+00
  0.0000000000000E+00
  0.0000000000000E+00
  0.0000000000000E+00
  0.0000000000000E+00
  0.0000000000000E+00
  0.0000000000000E+00
  0.0000000000000E+00
  0.0000000000000E+00
  0.0000000000000E+00
  0.0000000000000E+00
  0.0000000000000E+00
  0.0000000000000E+00
  0.0000000000000E+00
  0.0000000000000E+00
  0.0000000000000E+00
  0.0000000000000E+00
  0.0000000000000E+00
  0.0000000000000E+00
  0.0000000000000E+00
  0.0000000000000E+00
  0.0000000000000E+00
  0.0000000000000E+00
  0.0000000000000E+00
  0.0000000000000E+00
  0.0000000000000E+00
  0.0000000000000E+00
  0.0000000000000E+00
  0.0000000000000E+00
  0.0000000000000E+00
  0.0000000000000E+00
  0.0000000000000E+00
  0.0000000000000E+00
  0.0000000000000E+00
  0.0000000000000E+00
  0.0000000000000E+00
  0.0000000000000E+00
  0.0000000000000E+00
  0.0000000000000E+00
  0.0000000000000E+00
  0.0000000000000E+00
  0.0000000000000E+00
  0.0000000000000E+00
  0.0000000000000E+00
  0.0000000000000E+00
  0.0000000000000E+00
  0.0000000000000E+00
  0.0000000000000E+00
  0.0000000000000E+00
  0.0000000000000E+00
  0.0000000000000E+00
  0.0000000000000E+00
  0.0000000000000E+00
  0.0000000000000E+00
  0.0000000000000E+00
  0.0000000000000E+00
  0.0000000000000E+00
  0.0000000000000E+00
  0.0000000000000E+00
  0.0000000000000E+00
  0.0000000000000E+00
  0.0000000000000E+00
  0.0000000000000E+00
  0.0000000000000E+00
  0.0000000000000E+00
  0.0000000000000E+00
  0.0000000000000E+00
  0.0000000000000E+00
  0.0000000000000E+00
  0.0000000000000E+00
  0.0000000000000E+00
  0.0000000000000E+00
  0.0000000000000E+00
  0.0000000000000E+00
  0.0000000000000E+00
  0.0000000000000E+00
  0.0000000000000E+00
  0.0000000000000E+00
  0.0000000000000E+00
  0.0000000000000E+00
  0.0000000000000E+00
  0.0000000000000E+00
  0.0000000000000E+00
  0.0000000000000E+00
  0.0000000000000E+00
  0.0000000000000E+00
  0.0000000000000E+00
  0.0000000000000E+00
  0.0000000000000E+00
  0.0000000000000E+00
  0.0000000000000E+00
  0.0000000000000E+00
  0.0000000000000E+00
  0.0000000000000E+00
  0.0000000000000E+00
  0.0000000000000E+00
  0.0000000000000E+00
  0.0000000000000E+00
  0.0000000000000E+00
  0.0000000000000E+00
  0.0000000000000E+00
  0.0000000000000E+00
  0.0000000000000E+00
  0.0000000000000E+00
  0.0000000000000E+00
  0.0000000000000E+00
  0.0000000000000E+00
  0.0000000000000E+00
  0.0000000000000E+00
  0.0000000000000E+00
  0.0000000000000E+00
  0.0000000000000E+00
  0.0000000000000E+00
  0.0000000000000E+00
  0.0000000000000E+00
  0.0000000000000E+00
  0.0000000000000E+00
  0.0000000000000E+00
  0.0000000000000E+00
  0.0000000000000E+00
  0.0000000000000E+00
  0.0000000000000E+00
  0.0000000000000E+00
  0.0000000000000E+00
  0.0000000000000E+00
  0.0000000000000E+00
  0.0000000000000E+00
  0.0000000000000E+00
  0.0000000000000E+00
  0.0000000000000E+00
  0.0000000000000E+00
  0.0000000000000E+00
  0.0000000000000E+00
  0.0000000000000E+00
  0.0000000000000E+00
  0.0000000000000E+00
  0.0000000000000E+00
  0.0000000000000E+00
  0.0000000000000E+00
  0.0000000000000E+00
  0.0000000000000E+00
  0.0000000000000E+00
  0.0000000000000E+00
  0.0000000000000E+00
  0.0000000000000E+00
  0.0000000000000E+00
  0.0000000000000E+00
  0.0000000000000E+00
  0.0000000000000E+00
  0.0000000000000E+00
  0.0000000000000E+00
  0.0000000000000E+00
  0.0000000000000E+00
  0.0000000000000E+00
  0.0000000000000E+00
  0.0000000000000E+00
  0.0000000000000E+00
  0.0000000000000E+00
  0.0000000000000E+00
  0.3976591000000E+00
  0.3890651587128E+00
  0.3985515809521E+00
  0.4064559149969E+00
  0.4074969019714E+00
  0.3976591000000E+00
  0.4122775330795E+00
  0.4102567558786E+00
  0.3992433770666E+00
  0.3856001912562E+00
  0.3976591000000E+00
  0.3976591000000E+00
  0.3976591000000E+00
  0.3976591000000E+00
  0.3976591000000E+00
  0.3976591000000E+00
  0.3976591000000E+00
  0.3976591000000E+00
  0.3976591000000E+00
  0.3976591000000E+00
  0.3976591000000E+00
  0.3976591000000E+00
  0.3976591000000E+00
  0.3976591000000E+00
  0.3976591000000E+00
  0.3976591000000E+00
  0.3976591000000E+00
  0.3976591000000E+00
  0.3976591000000E+00
  0.3976591000000E+00
  0.3976591000000E+00
  0.3976591000000E+00
  0.3976591000000E+00
  0.3976591000000E+00
  0.3976591000000E+00
  0.3976591000000E+00
  0.3805722000000E+00
  0.3805722000000E+00
  0.3805722000000E+00
  0.3805722000000E+00
  0.3805722000000E+00
  0.3805722000000E+00
  0.3805722000000E+00
  0.3805722000000E+00
  0.3805722000000E+00
  0.3805722000000E+00
  0.3805722000000E+00
  0.3805722000000E+00
  0.3805722000000E+00
  0.3805722000000E+00
  0.3805722000000E+00
  0.3805722000000E+00
  0.3805722000000E+00
  0.3805722000000E+00
  0.3805722000000E+00
  0.3805722000000E+00
  0.3805722000000E+00
  0.3805722000000E+00
  0.3805722000000E+00
  0.3805722000000E+00
  0.3805722000000E+00
  0.3805722000000E+00
  0.3805722000000E+00
  0.3805722000000E+00
  0.3805722000000E+00
  0.3805722000000E+00
  0.3805722000000E+00
  0.3805722000000E+00
  0.3805722000000E+00
  0.3805722000000E+00
  0.3805722000000E+00
  0.3805722000000E+00
  0.3742637000000E+00
  0.3742637000000E+00
  0.3742637000000E+00
  0.3742637000000E+00
  0.3742637000000E+00
  0.3742637000000E+00
  0.3742637000000E+00
  0.3742637000000E+00
  0.3742637000000E+00
  0.3742637000000E+00
  0.3742637000000E+00
  0.3742637000000E+00
  0.3742637000000E+00
  0.3742637000000E+00
  0.3742637000000E+00
  0.3742637000000E+00
  0.3742637000000E+00
  0.3742637000000E+00
  0.3742637000000E+00
  0.3742637000000E+00
  0.3742637000000E+00
  0.3742637000000E+00
  0.3742637000000E+00
  0.3742637000000E+00
  0.3742637000000E+00
  0.3742637000000E+00
  0.3742637000000E+00
  0.3742637000000E+00
  0.3742637000000E+00
  0.3742637000000E+00
  0.3742637000000E+00
  0.3742637000000E+00
  0.3742637000000E+00
  0.3742637000000E+00
  0.3742637000000E+00
  0.3742637000000E+00
  0.3586371000000E+00
  0.3586371000000E+00
  0.3586371000000E+00
  0.3586371000000E+00
  0.3586371000000E+00
  0.3586371000000E+00
  0.3586371000000E+00
  0.3586371000000E+00
  0.3586371000000E+00
  0.3586371000000E+00
  0.3586371000000E+00
  0.3586371000000E+00
  0.3586371000000E+00
  0.3586371000000E+00
  0.3586371000000E+00
  0.3586371000000E+00
  0.3586371000000E+00
  0.3586371000000E+00
  0.3586371000000E+00
  0.3586371000000E+00
  0.3586371000000E+00
  0.3586371000000E+00
  0.3586371000000E+00
  0.3586371000000E+00
  0.3586371000000E+00
  0.3586371000000E+00
  0.3586371000000E+00
  0.3586371000000E+00
  0.3586371000000E+00
  0.3586371000000E+00
  0.3586371000000E+00
  0.3586371000000E+00
  0.3586371000000E+00
  0.3586371000000E+00
  0.3586371000000E+00
  0.3586371000000E+00
  0.3404603000000E+00
  0.3404603000000E+00
  0.3404603000000E+00
  0.3404603000000E+00
  0.3404603000000E+00
  0.3404603000000E+00
  0.3404603000000E+00
  0.3404603000000E+00
  0.3404603000000E+00
  0.3404603000000E+00
  0.3404603000000E+00
  0.3404603000000E+00
  0.3404603000000E+00
  0.3404603000000E+00
  0.3404603000000E+00
  0.3404603000000E+00
  0.3404603000000E+00
  0.3404603000000E+00
  0.3404603000000E+00
  0.3404603000000E+00
  0.3404603000000E+00
  0.3404603000000E+00
  0.3404603000000E+00
  0.3404603000000E+00
  0.3404603000000E+00
  0.3404603000000E+00
  0.3404603000000E+00
  0.3404603000000E+00
  0.3404603000000E+00
  0.3404603000000E+00
  0.3404603000000E+00
  0.3404603000000E+00
  0.3404603000000E+00
  0.3404603000000E+00
  0.3404603000000E+00
  0.3404603000000E+00
  0.3138626000000E+00
  0.3138626000000E+00
  0.3138626000000E+00
  0.3138626000000E+00
  0.3138626000000E+00
  0.3138626000000E+00
  0.3138626000000E+00
  0.3138626000000E+00
  0.3138626000000E+00
  0.3138626000000E+00
  0.3138626000000E+00
  0.3138626000000E+00
  0.3138626000000E+00
  0.3138626000000E+00
  0.3138626000000E+00
  0.3138626000000E+00
  0.3138626000000E+00
  0.3138626000000E+00
  0.3138626000000E+00
  0.3138626000000E+00
  0.3138626000000E+00
  0.3138626000000E+00
  0.3138626000000E+00
  0.3138626000000E+00
  0.3138626000000E+00
  0.3138626000000E+00
  0.3138626000000E+00
  0.3138626000000E+00
  0.3138626000000E+00
  0.3138626000000E+00
  0.3138626000000E+00
  0.3138626000000E+00
  0.3138626000000E+00
  0.3138626000000E+00
  0.3138626000000E+00
  0.3138626000000E+00
  0.2854003000000E+00
  0.2854003000000E+00
  0.2854003000000E+00
  0.2854003000000E+00
  0.2854003000000E+00
  0.2854003000000E+00
  0.2854003000000E+00
  0.2854003000000E+00
  0.2854003000000E+00
  0.2854003000000E+00
  0.2854003000000E+00
  0.2854003000000E+00
  0.2854003000000E+00
  0.2854003000000E+00
  0.2854003000000E+00
  0.2854003000000E+00
  0.2854003000000E+00
  0.2854003000000E+00
  0.2854003000000E+00
  0.2854003000000E+00
  0.2854003000000E+00
  0.2854003000000E+00
  0.2854003000000E+00
  0.2854003000000E+00
  0.2854003000000E+00
  0.2854003000000E+00
  0.2854003000000E+00
  0.2854003000000E+00
  0.2854003000000E+00
  0.2854003000000E+00
  0.2854003000000E+00
  0.2854003000000E+00
  0.2854003000000E+00
  0.2854003000000E+00
  0.2854003000000E+00
  0.2854003000000E+00
  0.2582140000000E+00
  0.2582140000000E+00
  0.2582140000000E+00
  0.2582140000000E+00
  0.2582140000000E+00
  0.2582140000000E+00
  0.2582140000000E+00
  0.2582140000000E+00
  0.2582140000000E+00
  0.2582140000000E+00
  0.2582140000000E+00
  0.2582140000000E+00
  0.2582140000000E+00
  0.2582140000000E+00
  0.2582140000000E+00
  0.2582140000000E+00
  0.2582140000000E+00
  0.2582140000000E+00
  0.2582140000000E+00
  0.2582140000000E+00
  0.2582140000000E+00
  0.2582140000000E+00
  0.2582140000000E+00
  0.2582140000000E+00
  0.2582140000000E+00
  0.2582140000000E+00
  0.2582140000000E+00
  0.2582140000000E+00
  0.2582140000000E+00
  0.2582140000000E+00
  0.2582140000000E+00
  0.2582140000000E+00
  0.2582140000000E+00
  0.2582140000000E+00
  0.2582140000000E+00
  0.2582140000000E+00
  0.2333862000000E+00
  0.2333862000000E+00
  0.2333862000000E+00
  0.2333862000000E+00
  0.2333862000000E+00
  0.2333862000000E+00
  0.2333862000000E+00
  0.2333862000000E+00
  0.2333862000000E+00
  0.2333862000000E+00
  0.2333862000000E+00
  0.2333862000000E+00
  0.2333862000000E+00
  0.2333862000000E+00
  0.2333862000000E+00
  0.2333862000000E+00
  0.2333862000000E+00
  0.2333862000000E+00
  0.2333862000000E+00
  0.2333862000000E+00
  0.2333862000000E+00
  0.2333862000000E+00
  0.2333862000000E+00
  0.2333862000000E+00
  0.2333862000000E+00
  0.2333862000000E+00
  0.2333862000000E+00
  0.2333862000000E+00
  0.2333862000000E+00
  0.2333862000000E+00
  0.2333862000000E+00
  0.2333862000000E+00
  0.2333862000000E+00
  0.2333862000000E+00
  0.2333862000000E+00
  0.2333862000000E+00
  0.2195889000000E+00
  0.2195889000000E+00
  0.2195889000000E+00
  0.2195889000000E+00
  0.2195889000000E+00
  0.2195889000000E+00
  0.2195889000000E+00
  0.2195889000000E+00
  0.2195889000000E+00
  0.2195889000000E+00
  0.2195889000000E+00
  0.2195889000000E+00
  0.2195889000000E+00
  0.2195889000000E+00
  0.2195889000000E+00
  0.2195889000000E+00
  0.2195889000000E+00
  0.2195889000000E+00
  0.2195889000000E+00
  0.2195889000000E+00
  0.2195889000000E+00
  0.2195889000000E+00
  0.2195889000000E+00
  0.2195889000000E+00
  0.2195889000000E+00
  0.2195889000000E+00
  0.2195889000000E+00
  0.2195889000000E+00
  0.2195889000000E+00
  0.2195889000000E+00
  0.2195889000000E+00
  0.2195889000000E+00
  0.2195889000000E+00
  0.2195889000000E+00
  0.2195889000000E+00
  0.2195889000000E+00
  0.2069707000000E+00
  0.2069707000000E+00
  0.2069707000000E+00
  0.2069707000000E+00
  0.2069707000000E+00
  0.2069707000000E+00
  0.2069707000000E+00
  0.2069707000000E+00
  0.2069707000000E+00
  0.2069707000000E+00
  0.2069707000000E+00
  0.2069707000000E+00
  0.2069707000000E+00
  0.2069707000000E+00
  0.2069707000000E+00
  0.2069707000000E+00
  0.2069707000000E+00
  0.2069707000000E+00
  0.2069707000000E+00
  0.2069707000000E+00
  0.2069707000000E+00
  0.2069707000000E+00
  0.2069707000000E+00
  0.2069707000000E+00
  0.2069707000000E+00
  0.2069707000000E+00
  0.2069707000000E+00
  0.2069707000000E+00
  0.2069707000000E+00
  0.2069707000000E+00
  0.2069707000000E+00
  0.2069707000000E+00
  0.2069707000000E+00
  0.2069707000000E+00
  0.2069707000000E+00
  0.2069707000000E+00
  0.2035514000000E+00
  0.2035514000000E+00
  0.2035514000000E+00
  0.2035514000000E+00
  0.2035514000000E+00
  0.2035514000000E+00
  0.2035514000000E+00
  0.2035514000000E+00
  0.2035514000000E+00
  0.2035514000000E+00
  0.2035514000000E+00
  0.2035514000000E+00
  0.2035514000000E+00
  0.2035514000000E+00
  0.2035514000000E+00
  0.2035514000000E+00
  0.2035514000000E+00
  0.2035514000000E+00
  0.2035514000000E+00
  0.2035514000000E+00
  0.2035514000000E+00
  0.2035514000000E+00
  0.2035514000000E+00
  0.2035514000000E+00
  0.2035514000000E+00
  0.2035514000000E+00
  0.2035514000000E+00
  0.2035514000000E+00
  0.2035514000000E+00
  0.2035514000000E+00
  0.2035514000000E+00
  0.2035514000000E+00
  0.2035514000000E+00
  0.2035514000000E+00
  0.2035514000000E+00
  0.2035514000000E+00
  0.2097688000000E+00
  0.2097688000000E+00
  0.2097688000000E+00
  0.2097688000000E+00
  0.2097688000000E+00
  0.2097688000000E+00
  0.2097688000000E+00
  0.2097688000000E+00
  0.2097688000000E+00
  0.2097688000000E+00
  0.2097688000000E+00
  0.2097688000000E+00
  0.2097688000000E+00
  0.2097688000000E+00
  0.2097688000000E+00
  0.2097688000000E+00
  0.2097688000000E+00
  0.2097688000000E+00
  0.2097688000000E+00
  0.2097688000000E+00
  0.2097688000000E+00
  0.2097688000000E+00
  0.2097688000000E+00
  0.2097688000000E+00
  0.2097688000000E+00
  0.2097688000000E+00
  0.2097688000000E+00
  0.2097688000000E+00
  0.2097688000000E+00
  0.2097688000000E+00
  0.2097688000000E+00
  0.2097688000000E+00
  0.2097688000000E+00
  0.2097688000000E+00
  0.2097688000000E+00
  0.2097688000000E+00
  0.2242856000000E+00
  0.2242856000000E+00
  0.2242856000000E+00
  0.2242856000000E+00
  0.2242856000000E+00
  0.2242856000000E+00
  0.2242856000000E+00
  0.2242856000000E+00
  0.2242856000000E+00
  0.2242856000000E+00
  0.2242856000000E+00
  0.2242856000000E+00
  0.2242856000000E+00
  0.2242856000000E+00
  0.2242856000000E+00
  0.2242856000000E+00
  0.2242856000000E+00
  0.2242856000000E+00
  0.2242856000000E+00
  0.2242856000000E+00
  0.2242856000000E+00
  0.2242856000000E+00
  0.2242856000000E+00
  0.2242856000000E+00
  0.2242856000000E+00
  0.2242856000000E+00
  0.2242856000000E+00
  0.2242856000000E+00
  0.2242856000000E+00
  0.2242856000000E+00
  0.2242856000000E+00
  0.2242856000000E+00
  0.2242856000000E+00
  0.2242856000000E+00
  0.2242856000000E+00
  0.2242856000000E+00
  0.2356887000000E+00
  0.2356887000000E+00
  0.2356887000000E+00
  0.2356887000000E+00
  0.2356887000000E+00
  0.2356887000000E+00
  0.2356887000000E+00
  0.2356887000000E+00
  0.2356887000000E+00
  0.2356887000000E+00
  0.2356887000000E+00
  0.2356887000000E+00
  0.2356887000000E+00
  0.2356887000000E+00
  0.2356887000000E+00
  0.2356887000000E+00
  0.2356887000000E+00
  0.2356887000000E+00
  0.2356887000000E+00
  0.2356887000000E+00
  0.2356887000000E+00
  0.2356887000000E+00
  0.2356887000000E+00
  0.2356887000000E+00
  0.2356887000000E+00
  0.2356887000000E+00
  0.2356887000000E+00
  0.2356887000000E+00
  0.2356887000000E+00
  0.2356887000000E+00
  0.2356887000000E+00
  0.2356887000000E+00
  0.2356887000000E+00
  0.2356887000000E+00
  0.2356887000000E+00
  0.2356887000000E+00
  0.2349774000000E+00
  0.2349774000000E+00
  0.2349774000000E+00
  0.2349774000000E+00
  0.2349774000000E+00
  0.2349774000000E+00
  0.2349774000000E+00
  0.2349774000000E+00
  0.2349774000000E+00
  0.2349774000000E+00
  0.2349774000000E+00
  0.2349774000000E+00
  0.2349774000000E+00
  0.2349774000000E+00
  0.2349774000000E+00
  0.2349774000000E+00
  0.2349774000000E+00
  0.2349774000000E+00
  0.2349774000000E+00
  0.2349774000000E+00
  0.2349774000000E+00
  0.2349774000000E+00
  0.2349774000000E+00
  0.2349774000000E+00
  0.2349774000000E+00
  0.2349774000000E+00
  0.2349774000000E+00
  0.2349774000000E+00
  0.2349774000000E+00
  0.2349774000000E+00
  0.2349774000000E+00
  0.2349774000000E+00
  0.2349774000000E+00
  0.2349774000000E+00
  0.2349774000000E+00
  0.2349774000000E+00
  0.2177657000000E+00
  0.2177657000000E+00
  0.2177657000000E+00
  0.2177657000000E+00
  0.2177657000000E+00
  0.2177657000000E+00
  0.2177657000000E+00
  0.2177657000000E+00
  0.2177657000000E+00
  0.2177657000000E+00
  0.2177657000000E+00
  0.2177657000000E+00
  0.2177657000000E+00
  0.2177657000000E+00
  0.2177657000000E+00
  0.2177657000000E+00
  0.2177657000000E+00
  0.2177657000000E+00
  0.2177657000000E+00
  0.2177657000000E+00
  0.2177657000000E+00
  0.2177657000000E+00
  0.2177657000000E+00
  0.2177657000000E+00
  0.2177657000000E+00
  0.2177657000000E+00
  0.2177657000000E+00
  0.2177657000000E+00
  0.2177657000000E+00
  0.2177657000000E+00
  0.2177657000000E+00
  0.2177657000000E+00
  0.2177657000000E+00
  0.2177657000000E+00
  0.2177657000000E+00
  0.2177657000000E+00
  0.2056356000000E+00
  0.2056356000000E+00
  0.2056356000000E+00
  0.2056356000000E+00
  0.2056356000000E+00
  0.2056356000000E+00
  0.2056356000000E+00
  0.2056356000000E+00
  0.2056356000000E+00
  0.2056356000000E+00
  0.2056356000000E+00
  0.2056356000000E+00
  0.2056356000000E+00
  0.2056356000000E+00
  0.2056356000000E+00
  0.2056356000000E+00
  0.2056356000000E+00
  0.2056356000000E+00
  0.2056356000000E+00
  0.2056356000000E+00
  0.2056356000000E+00
  0.2056356000000E+00
  0.2056356000000E+00
  0.2056356000000E+00
  0.2056356000000E+00
  0.2056356000000E+00
  0.2056356000000E+00
  0.2056356000000E+00
  0.2056356000000E+00
  0.2056356000000E+00
  0.2056356000000E+00
  0.2056356000000E+00
  0.2056356000000E+00
  0.2056356000000E+00
  0.2056356000000E+00
  0.2056356000000E+00
  0.2025057000000E+00
  0.2025057000000E+00
  0.2025057000000E+00
  0.2025057000000E+00
  0.2025057000000E+00
  0.2025057000000E+00
  0.2025057000000E+00
  0.2025057000000E+00
  0.2025057000000E+00
  0.2025057000000E+00
  0.2025057000000E+00
  0.2025057000000E+00
  0.2025057000000E+00
  0.2025057000000E+00
  0.2025057000000E+00
  0.2025057000000E+00
  0.2025057000000E+00
  0.2025057000000E+00
  0.2025057000000E+00
  0.2025057000000E+00
  0.2025057000000E+00
  0.2025057000000E+00
  0.2025057000000E+00
  0.2025057000000E+00
  0.2025057000000E+00
  0.2025057000000E+00
  0.2025057000000E+00
  0.2025057000000E+00
  0.2025057000000E+00
  0.2025057000000E+00
  0.2025057000000E+00
  0.2025057000000E+00
  0.2025057000000E+00
  0.2025057000000E+00
  0.2025057000000E+00
  0.2025057000000E+00
  0.2079440000000E+00
  0.2079440000000E+00
  0.2079440000000E+00
  0.2079440000000E+00
  0.2079440000000E+00
  0.2079440000000E+00
  0.2079440000000E+00
  0.2079440000000E+00
  0.2079440000000E+00
  0.2079440000000E+00
  0.2079440000000E+00
  0.2079440000000E+00
  0.2079440000000E+00
  0.2079440000000E+00
  0.2079440000000E+00
  0.2079440000000E+00
  0.2079440000000E+00
  0.2079440000000E+00
  0.2079440000000E+00
  0.2079440000000E+00
  0.2079440000000E+00
  0.2079440000000E+00
  0.2079440000000E+00
  0.2079440000000E+00
  0.2079440000000E+00
  0.2079440000000E+00
  0.2079440000000E+00
  0.2079440000000E+00
  0.2079440000000E+00
  0.2079440000000E+00
  0.2079440000000E+00
  0.2079440000000E+00
  0.2079440000000E+00
  0.2079440000000E+00
  0.2079440000000E+00
  0.2079440000000E+00
  0.2245041000000E+00
  0.2245041000000E+00
  0.2245041000000E+00
  0.2245041000000E+00
  0.2245041000000E+00
  0.2245041000000E+00
  0.2245041000000E+00
  0.2245041000000E+00
  0.2245041000000E+00
  0.2245041000000E+00
  0.2245041000000E+00
  0.2245041000000E+00
  0.2245041000000E+00
  0.2245041000000E+00
  0.2245041000000E+00
  0.2245041000000E+00
  0.2245041000000E+00
  0.2245041000000E+00
  0.2245041000000E+00
  0.2245041000000E+00
  0.2245041000000E+00
  0.2245041000000E+00
  0.2245041000000E+00
  0.2245041000000E+00
  0.2245041000000E+00
  0.2245041000000E+00
  0.2245041000000E+00
  0.2245041000000E+00
  0.2245041000000E+00
  0.2245041000000E+00
  0.2245041000000E+00
  0.2245041000000E+00
  0.2245041000000E+00
  0.2245041000000E+00
  0.2245041000000E+00
  0.2245041000000E+00
  0.2194242000000E+00
  0.2194242000000E+00
  0.2194242000000E+00
  0.2194242000000E+00
  0.2194242000000E+00
  0.2194242000000E+00
  0.2194242000000E+00
  0.2194242000000E+00
  0.2194242000000E+00
  0.2194242000000E+00
  0.2194242000000E+00
  0.2194242000000E+00
  0.2194242000000E+00
  0.2194242000000E+00
  0.2194242000000E+00
  0.2194242000000E+00
  0.2194242000000E+00
  0.2194242000000E+00
  0.2194242000000E+00
  0.2194242000000E+00
  0.2194242000000E+00
  0.2194242000000E+00
  0.2194242000000E+00
  0.2194242000000E+00
  0.2194242000000E+00
  0.2194242000000E+00
  0.2194242000000E+00
  0.2194242000000E+00
  0.2194242000000E+00
  0.2194242000000E+00
  0.2194242000000E+00
  0.2194242000000E+00
  0.2194242000000E+00
  0.2194242000000E+00
  0.2194242000000E+00
  0.2194242000000E+00
  0.2130846000000E+00
  0.2130846000000E+00
  0.2130846000000E+00
  0.2130846000000E+00
  0.2130846000000E+00
  0.2130846000000E+00
  0.2130846000000E+00
  0.2130846000000E+00
  0.2130846000000E+00
  0.2130846000000E+00
  0.2130846000000E+00
  0.2130846000000E+00
  0.2130846000000E+00
  0.2130846000000E+00
  0.2130846000000E+00
  0.2130846000000E+00
  0.2130846000000E+00
  0.2130846000000E+00
  0.2130846000000E+00
  0.2130846000000E+00
  0.2130846000000E+00
  0.2130846000000E+00
  0.2130846000000E+00
  0.2130846000000E+00
  0.2130846000000E+00
  0.2130846000000E+00
  0.2130846000000E+00
  0.2130846000000E+00
  0.2130846000000E+00
  0.2130846000000E+00
  0.2130846000000E+00
  0.2130846000000E+00
  0.2130846000000E+00
  0.2130846000000E+00
  0.2130846000000E+00
  0.2130846000000E+00
  0.2099861000000E+00
  0.2099861000000E+00
  0.2099861000000E+00
  0.2099861000000E+00
  0.2099861000000E+00
  0.2099861000000E+00
  0.2099861000000E+00
  0.2099861000000E+00
  0.2099861000000E+00
  0.2099861000000E+00
  0.2099861000000E+00
  0.2099861000000E+00
  0.2099861000000E+00
  0.2099861000000E+00
  0.2099861000000E+00
  0.2099861000000E+00
  0.2099861000000E+00
  0.2099861000000E+00
  0.2099861000000E+00
  0.2099861000000E+00
  0.2099861000000E+00
  0.2099861000000E+00
  0.2099861000000E+00
  0.2099861000000E+00
  0.2099861000000E+00
  0.2099861000000E+00
  0.2099861000000E+00
  0.2099861000000E+00
  0.2099861000000E+00
  0.2099861000000E+00
  0.2099861000000E+00
  0.2099861000000E+00
  0.2099861000000E+00
  0.2099861000000E+00
  0.2099861000000E+00
  0.2099861000000E+00
  0.2158065000000E+00
  0.2158065000000E+00
  0.2158065000000E+00
  0.2158065000000E+00
  0.2158065000000E+00
  0.2158065000000E+00
  0.2158065000000E+00
  0.2158065000000E+00
  0.2158065000000E+00
  0.2158065000000E+00
  0.2158065000000E+00
  0.2158065000000E+00
  0.2158065000000E+00
  0.2158065000000E+00
  0.2158065000000E+00
  0.2158065000000E+00
  0.2158065000000E+00
  0.2158065000000E+00
  0.2158065000000E+00
  0.2158065000000E+00
  0.2158065000000E+00
  0.2158065000000E+00
  0.2158065000000E+00
  0.2158065000000E+00
  0.2158065000000E+00
  0.2158065000000E+00
  0.2158065000000E+00
  0.2158065000000E+00
  0.2158065000000E+00
  0.2158065000000E+00
  0.2158065000000E+00
  0.2158065000000E+00
  0.2158065000000E+00
  0.2158065000000E+00
  0.2158065000000E+00
  0.2158065000000E+00
  0.2247923000000E+00
  0.2247923000000E+00
  0.2247923000000E+00
  0.2247923000000E+00
  0.2247923000000E+00
  0.2247923000000E+00
  0.2247923000000E+00
  0.2247923000000E+00
  0.2247923000000E+00
  0.2247923000000E+00
  0.2247923000000E+00
  0.2247923000000E+00
  0.2247923000000E+00
  0.2247923000000E+00
  0.2247923000000E+00
  0.2247923000000E+00
  0.2247923000000E+00
  0.2247923000000E+00
  0.2247923000000E+00
  0.2247923000000E+00
  0.2247923000000E+00
  0.2247923000000E+00
  0.2247923000000E+00
  0.2247923000000E+00
  0.2247923000000E+00
  0.2247923000000E+00
  0.2247923000000E+00
  0.2247923000000E+00
  0.2247923000000E+00
  0.2247923000000E+00
  0.2247923000000E+00
  0.2247923000000E+00
  0.2247923000000E+00
  0.2247923000000E+00
  0.2247923000000E+00
  0.2247923000000E+00
  0.2364990000000E+00
  0.2364990000000E+00
  0.2364990000000E+00
  0.2364990000000E+00
  0.2364990000000E+00
  0.2364990000000E+00
  0.2364990000000E+00
  0.2364990000000E+00
  0.2364990000000E+00
  0.2364990000000E+00
  0.2364990000000E+00
  0.2364990000000E+00
  0.2364990000000E+00
  0.2364990000000E+00
  0.2364990000000E+00
  0.2364990000000E+00
  0.2364990000000E+00
  0.2364990000000E+00
  0.2364990000000E+00
  0.2364990000000E+00
  0.2364990000000E+00
  0.2364990000000E+00
  0.2364990000000E+00
  0.2364990000000E+00
  0.2364990000000E+00
  0.2364990000000E+00
  0.2364990000000E+00
  0.2364990000000E+00
  0.2364990000000E+00
  0.2364990000000E+00
  0.2364990000000E+00
  0.2364990000000E+00
  0.2364990000000E+00
  0.2364990000000E+00
  0.2364990000000E+00
  0.2364990000000E+00
  0.2514769000000E+00
  0.2514769000000E+00
  0.2514769000000E+00
  0.2514769000000E+00
  0.2514769000000E+00
  0.2514769000000E+00
  0.2514769000000E+00
  0.2514769000000E+00
  0.2514769000000E+00
  0.2514769000000E+00
  0.2514769000000E+00
  0.2514769000000E+00
  0.2514769000000E+00
  0.2514769000000E+00
  0.2514769000000E+00
  0.2514769000000E+00
  0.2514769000000E+00
  0.2514769000000E+00
  0.2514769000000E+00
  0.2514769000000E+00
  0.2514769000000E+00
  0.2514769000000E+00
  0.2514769000000E+00
  0.2514769000000E+00
  0.2514769000000E+00
  0.2514769000000E+00
  0.2514769000000E+00
  0.2514769000000E+00
  0.2514769000000E+00
  0.2514769000000E+00
  0.2514769000000E+00
  0.2514769000000E+00
  0.2514769000000E+00
  0.2514769000000E+00
  0.2514769000000E+00
  0.2514769000000E+00
  0.2847244000000E+00
  0.2847244000000E+00
  0.2847244000000E+00
  0.2847244000000E+00
  0.2847244000000E+00
  0.2847244000000E+00
  0.2847244000000E+00
  0.2847244000000E+00
  0.2847244000000E+00
  0.2847244000000E+00
  0.2847244000000E+00
  0.2847244000000E+00
  0.2847244000000E+00
  0.2847244000000E+00
  0.2847244000000E+00
  0.2847244000000E+00
  0.2847244000000E+00
  0.2847244000000E+00
  0.2847244000000E+00
  0.2847244000000E+00
  0.2847244000000E+00
  0.2847244000000E+00
  0.2847244000000E+00
  0.2847244000000E+00
  0.2847244000000E+00
  0.2847244000000E+00
  0.2847244000000E+00
  0.2847244000000E+00
  0.2847244000000E+00
  0.2847244000000E+00
  0.2847244000000E+00
  0.2847244000000E+00
  0.2847244000000E+00
  0.2847244000000E+00
  0.2847244000000E+00
  0.2847244000000E+00
  0.3245715000000E+00
  0.3245715000000E+00
  0.3245715000000E+00
  0.3245715000000E+00
  0.3245715000000E+00
  0.3245715000000E+00
  0.3245715000000E+00
  0.3245715000000E+00
  0.3245715000000E+00
  0.3245715000000E+00
  0.3245715000000E+00
  0.3245715000000E+00
  0.3245715000000E+00
  0.3245715000000E+00
  0.3245715000000E+00
  0.3245715000000E+00
  0.3245715000000E+00
  0.3245715000000E+00
  0.3245715000000E+00
  0.3245715000000E+00
  0.3245715000000E+00
  0.3245715000000E+00
  0.3245715000000E+00
  0.3245715000000E+00
  0.3245715000000E+00
  0.3245715000000E+00
  0.3245715000000E+00
  0.3245715000000E+00
  0.3245715000000E+00
  0.3245715000000E+00
  0.3245715000000E+00
  0.3245715000000E+00
  0.3245715000000E+00
  0.3245715000000E+00
  0.3245715000000E+00
  0.3245715000000E+00
  0.3664701000000E+00
  0.3664701000000E+00
  0.3664701000000E+00
  0.3664701000000E+00
  0.3664701000000E+00
  0.3664701000000E+00
  0.3664701000000E+00
  0.3664701000000E+00
  0.3664701000000E+00
  0.3664701000000E+00
  0.3664701000000E+00
  0.3664701000000E+00
  0.3664701000000E+00
  0.3664701000000E+00
  0.3664701000000E+00
  0.3664701000000E+00
  0.3664701000000E+00
  0.3664701000000E+00
  0.3664701000000E+00
  0.3664701000000E+00
  0.3664701000000E+00
  0.3664701000000E+00
  0.3664701000000E+00
  0.3664701000000E+00
  0.3664701000000E+00
  0.3664701000000E+00
  0.3664701000000E+00
  0.3664701000000E+00
  0.3664701000000E+00
  0.3664701000000E+00
  0.3664701000000E+00
  0.3664701000000E+00
  0.3664701000000E+00
  0.3664701000000E+00
  0.3664701000000E+00
  0.3664701000000E+00
  0.3898200000000E+00
  0.3898200000000E+00
  0.3898200000000E+00
  0.3898200000000E+00
  0.3898200000000E+00
  0.3898200000000E+00
  0.3898200000000E+00
  0.3898200000000E+00
  0.3898200000000E+00
  0.3898200000000E+00
  0.3898200000000E+00
  0.3898200000000E+00
  0.3898200000000E+00
  0.3898200000000E+00
  0.3898200000000E+00
  0.3898200000000E+00
  0.3898200000000E+00
  0.3898200000000E+00
  0.3898200000000E+00
  0.3898200000000E+00
  0.3898200000000E+00
  0.3898200000000E+00
  0.3898200000000E+00
  0.3898200000000E+00
  0.3898200000000E+00
  0.3898200000000E+00
  0.3898200000000E+00
  0.3898200000000E+00
  0.3898200000000E+00
  0.3898200000000E+00
  0.3898200000000E+00
  0.3898200000000E+00
  0.3898200000000E+00
  0.3898200000000E+00
  0.3898200000000E+00
  0.3898200000000E+00
  0.4108438000000E+00
  0.4108438000000E+00
  0.4108438000000E+00
  0.4108438000000E+00
  0.4108438000000E+00
  0.4108438000000E+00
  0.4108438000000E+00
  0.4108438000000E+00
  0.4108438000000E+00
  0.4108438000000E+00
  0.4108438000000E+00
  0.4108438000000E+00
  0.4108438000000E+00
  0.4108438000000E+00
  0.4108438000000E+00
  0.4108438000000E+00
  0.4108438000000E+00
  0.4108438000000E+00
  0.4108438000000E+00
  0.4108438000000E+00
  0.4108438000000E+00
  0.4108438000000E+00
  0.4108438000000E+00
  0.4108438000000E+00
  0.4108438000000E+00
  0.4108438000000E+00
  0.4108438000000E+00
  0.4108438000000E+00
  0.4108438000000E+00
  0.4108438000000E+00
  0.4108438000000E+00
  0.4108438000000E+00
  0.4108438000000E+00
  0.4108438000000E+00
  0.4108438000000E+00
  0.4108438000000E+00
  0.4173363000000E+00
  0.4173363000000E+00
  0.4173363000000E+00
  0.4173363000000E+00
  0.4173363000000E+00
  0.4173363000000E+00
  0.4173363000000E+00
  0.4173363000000E+00
  0.4173363000000E+00
  0.4173363000000E+00
  0.4173363000000E+00
  0.4173363000000E+00
  0.4173363000000E+00
  0.4173363000000E+00
  0.4173363000000E+00
  0.4173363000000E+00
  0.4173363000000E+00
  0.4173363000000E+00
  0.4173363000000E+00
  0.4173363000000E+00
  0.4173363000000E+00
  0.4173363000000E+00
  0.4173363000000E+00
  0.4173363000000E+00
  0.4173363000000E+00
  0.4173363000000E+00
  0.4173363000000E+00
  0.4173363000000E+00
  0.4173363000000E+00
  0.4173363000000E+00
  0.4173363000000E+00
  0.4173363000000E+00
  0.4173363000000E+00
  0.4173363000000E+00
  0.4173363000000E+00
  0.4173363000000E+00
  0.4320535000000E+00
  0.4320535000000E+00
  0.4320535000000E+00
  0.4320535000000E+00
  0.4320535000000E+00
  0.4320535000000E+00
  0.4320535000000E+00
  0.4320535000000E+00
  0.4320535000000E+00
  0.4320535000000E+00
  0.4320535000000E+00
  0.4320535000000E+00
  0.4320535000000E+00
  0.4320535000000E+00
  0.4320535000000E+00
  0.4320535000000E+00
  0.4320535000000E+00
  0.4320535000000E+00
  0.4320535000000E+00
  0.4320535000000E+00
  0.4320535000000E+00
  0.4320535000000E+00
  0.4320535000000E+00
  0.4320535000000E+00
  0.4320535000000E+00
  0.4320535000000E+00
  0.4320535000000E+00
  0.4320535000000E+00
  0.4320535000000E+00
  0.4320535000000E+00
  0.4320535000000E+00
  0.4320535000000E+00
  0.4320535000000E+00
  0.4320535000000E+00
  0.4320535000000E+00
  0.4320535000000E+00
  0.6722190561841E+00
  0.6725789454631E+00
  0.6717176938534E+00
  0.7000000000000E+00
  0.7000000000000E+00
  0.7000000000000E+00
  0.7000000000000E+00
  0.6918175868534E+00
  0.6865412652533E+00
  0.6711500604216E+00
  0.6978038468333E+00
  0.7000000000000E+00
  0.4698463000000E+00
  0.4698463000000E+00
  0.4698463000000E+00
  0.4698463000000E+00
  0.4698463000000E+00
  0.7000000000000E+00
  0.7000000000000E+00
  0.7000000000000E+00
  0.6736083525948E+00
  0.6781634660795E+00
  0.6997523807682E+00
  0.6997990648625E+00
  0.6998415698817E+00
  0.6998818226745E+00
  0.6999118858115E+00
  0.7000000000000E+00
  0.7000000000000E+00
  0.7000000000000E+00
  0.7000000000000E+00
  0.6998377369704E+00
  0.6998209284224E+00
  0.6998128242103E+00
  0.6998088003463E+00
  0.6723461889351E+00
  0.9247607875975E+00
  0.9247607875975E+00
  0.9247607875975E+00
  0.9247607875975E+00
  0.9247607875975E+00
  0.9247607875975E+00
  0.9247607875975E+00
  0.9247607875975E+00
  0.9247607875975E+00
  0.9247607875975E+00
  0.9247607875975E+00
  0.9247607875975E+00
  0.9247607875975E+00
  0.9247607875975E+00
  0.9247607875975E+00
  0.9247607875975E+00
  0.9247607875975E+00
  0.9247607875975E+00
  0.9247607875975E+00
  0.9247607875975E+00
  0.9247607875975E+00
  0.9247607875975E+00
  0.9247607875975E+00
  0.9247607875975E+00
  0.9247607875975E+00
  0.9247607875975E+00
  0.9247607875975E+00
  0.9247607875975E+00
  0.9247607875975E+00
  0.9247607875975E+00
  0.9247607875975E+00
  0.9247607875975E+00
  0.9247607875975E+00
  0.9247607875975E+00
  0.9247607875975E+00
  0.9247607875975E+00
  0.2072560339872E+01
  0.2072560339872E+01
  0.2072560339872E+01
  0.2072560339872E+01
  0.2072560339872E+01
  0.2072560339872E+01
  0.2072560339872E+01
  0.2072560339872E+01
  0.2072560339872E+01
  0.2072560339872E+01
  0.2072560339872E+01
  0.2072560339872E+01
  0.2072560339872E+01
  0.2072560339872E+01
  0.2072560339872E+01
  0.2072560339872E+01
  0.2072560339872E+01
  0.2072560339872E+01
  0.2072560339872E+01
  0.2072560339872E+01
  0.2072560339872E+01
  0.2072560339872E+01
  0.2072560339872E+01
  0.2072560339872E+01
  0.2072560339872E+01
  0.2072560339872E+01
  0.2072560339872E+01
  0.2072560339872E+01
  0.2072560339872E+01
  0.2072560339872E+01
  0.2072560339872E+01
  0.2072560339872E+01
  0.2072560339872E+01
  0.2072560339872E+01
  0.2072560339872E+01
  0.2072560339872E+01
  0.5522752096428E+01
  0.6026013690132E+01
  0.6192425123123E+01
  0.6262486869166E+01
  0.6529258131467E+01
  0.6538330636184E+01
  0.6635047954075E+01
  0.6682145676308E+01
  0.6664525657115E+01
  0.6547523652946E+01
  0.4558518247849E+01
  0.3757156323287E+01
  0.5424174187403E+01
  0.5714133331390E+01
  0.5766010935109E+01
  0.4042540899370E+01
  0.0000000000000E+00
  0.0000000000000E+00
  0.0000000000000E+00
  0.0000000000000E+00
  0.0000000000000E+00
  0.0000000000000E+00
  0.0000000000000E+00
  0.0000000000000E+00
  0.0000000000000E+00
  0.0000000000000E+00
  0.0000000000000E+00
  0.0000000000000E+00
  0.0000000000000E+00
  0.0000000000000E+00
  0.0000000000000E+00
  0.0000000000000E+00
  0.3733571160913E+01
  0.5189060502595E+01
  0.5263961700832E+01
  0.5203756776790E+01
  0.5765003632204E+01
  0.6301389071225E+01
  0.6726850249681E+01
  0.6973838414789E+01
  0.7229612391021E+01
  0.7462462924281E+01
  0.7609418228545E+01
  0.7694027088197E+01
  0.7752186266084E+01
  0.7749978870262E+01
  0.7052609593004E+01
  0.6270229455184E+01
  0.4421905532851E+01
  0.1810524360935E+01
  0.1585922163188E+01
  0.0000000000000E+00
  0.0000000000000E+00
  0.0000000000000E+00
  0.0000000000000E+00
  0.0000000000000E+00
  0.0000000000000E+00
  0.0000000000000E+00
  0.0000000000000E+00
  0.0000000000000E+00
  0.0000000000000E+00
  0.0000000000000E+00
  0.0000000000000E+00
  0.0000000000000E+00
  0.0000000000000E+00
  0.0000000000000E+00
  0.0000000000000E+00
  0.0000000000000E+00
  0.4072634669710E+01
  0.5573641623649E+01
  0.5468437423243E+01
  0.5467702690683E+01
  0.5793218416143E+01
  0.6005033983028E+01
  0.6216250218970E+01
  0.6421181548141E+01
  0.6696068516633E+01
  0.7015930929716E+01
  0.7274260988248E+01
  0.7457143050129E+01
  0.7583315531465E+01
  0.7665278155377E+01
  0.7675347004153E+01
  0.7379340526835E+01
  0.5023613164921E+01
  0.0000000000000E+00
  0.0000000000000E+00
  0.0000000000000E+00
  0.0000000000000E+00
  0.0000000000000E+00
  0.0000000000000E+00
  0.0000000000000E+00
  0.0000000000000E+00
  0.4704298369960E+01
  0.6585347586263E+01
  0.4601967539083E+01
  0.0000000000000E+00
  0.0000000000000E+00
  0.0000000000000E+00
  0.0000000000000E+00
  0.0000000000000E+00
  0.0000000000000E+00
  0.0000000000000E+00
  0.0000000000000E+00
  0.3997466517929E+01
  0.5738914436028E+01
  0.5797946059833E+01
  0.5635938516888E+01
  0.5378896459423E+01
  0.5206445239977E+01
  0.5091099828911E+01
  0.5170198103706E+01
  0.5400057283291E+01
  0.5699396308451E+01
  0.5983062065250E+01
  0.6194993657745E+01
  0.6355016483270E+01
  0.6514959800861E+01
  0.6675114218040E+01
  0.6617389952899E+01
  0.6025453379376E+01
  0.4003268895060E+01
  0.0000000000000E+00
  0.0000000000000E+00
  0.0000000000000E+00
  0.0000000000000E+00
  0.0000000000000E+00
  0.0000000000000E+00
  0.4553200934354E+01
  0.6593956175541E+01
  0.6588640783632E+01
  0.4466329623717E+01
  0.0000000000000E+00
  0.0000000000000E+00
  0.0000000000000E+00
  0.4456674337872E+01
  0.6213901887112E+01
  0.4289539512671E+01
  0.0000000000000E+00
  0.0000000000000E+00
  0.3893871457868E+01
  0.5563866259153E+01
  0.5480709129350E+01
  0.5358890891652E+01
  0.4434747092816E+01
  0.3849042246170E+01
  0.3383672428183E+01
  0.3249640301726E+01
  0.3389484331476E+01
  0.3617143396475E+01
  0.3899395645044E+01
  0.4161644405245E+01
  0.4395881216548E+01
  0.4651343927065E+01
  0.4992619869010E+01
  0.5254515851363E+01
  0.5318285961893E+01
  0.3776676275816E+01
  0.0000000000000E+00
  0.0000000000000E+00
  0.0000000000000E+00
  0.0000000000000E+00
  0.0000000000000E+00
  0.4344218711890E+01
  0.6102814687328E+01
  0.6040675842013E+01
  0.5781747079880E+01
  0.3841578842091E+01
  0.0000000000000E+00
  0.0000000000000E+00
  0.4473132295219E+01
  0.6096677523671E+01
  0.5704223782437E+01
  0.3656403950079E+01
  0.0000000000000E+00
  0.0000000000000E+00
  0.3644980256243E+01
  0.5221210383992E+01
  0.4857070238205E+01
  0.4730516175920E+01
  0.2968975862944E+01
  0.2531790362625E+01
  0.2445485693332E+01
  0.2509116726604E+01
  0.2512104827828E+01
  0.2442035077513E+01
  0.2299816691768E+01
  0.2047761467967E+01
  0.1743318848752E+01
  0.1869204336144E+01
  0.2594187910294E+01
  0.3186346518161E+01
  0.4272207273973E+01
  0.5060070169003E+01
  0.4759457012816E+01
  0.2949501704982E+01
  0.0000000000000E+00
  0.2025862551340E+01
  0.4179482006918E+01
  0.5413173131224E+01
  0.5221194392388E+01
  0.4675740451493E+01
  0.4219203588600E+01
  0.4322629298560E+01
  0.4777321439028E+01
  0.5067296028064E+01
  0.5334644369343E+01
  0.4888478898136E+01
  0.3848337755572E+01
  0.2180111359188E+01
  0.0000000000000E+00
  0.0000000000000E+00
  0.3427681690864E+01
  0.4079810835137E+01
  0.3382914645436E+01
  0.3403813763360E+01
  0.3288357808523E+01
  0.3653277897512E+01
  0.3893070425896E+01
  0.4046668136084E+01
  0.4165235496020E+01
  0.4229490663347E+01
  0.4185875252685E+01
  0.4028045812077E+01
  0.3730338277654E+01
  0.3270551192981E+01
  0.2667140541604E+01
  0.1681887235918E+01
  0.3100381696607E+01
  0.4174273842117E+01
  0.4353698669489E+01
  0.2834423289598E+01
  0.0000000000000E+00
  0.1349842842345E+01
  0.3082617937372E+01
  0.3785672629180E+01
  0.3126475746926E+01
  0.2789675740101E+01
  0.1215409438786E+01
  0.2021356733515E+01
  0.1670537831956E+01
  0.2359486824748E+01
  0.2817472775668E+01
  0.2493641791234E+01
  0.1366568618756E+01
  0.1356845912685E+01
  0.0000000000000E+00
  0.0000000000000E+00
  0.3313843708872E+01
  0.2224079721127E+01
  0.2273219875504E+01
  0.2855065401147E+01
  0.4484235152194E+01
  0.4706700924263E+01
  0.4892697286263E+01
  0.5060713104634E+01
  0.5232109939140E+01
  0.5337197725774E+01
  0.5328009264451E+01
  0.5178037684764E+01
  0.4899776632102E+01
  0.4557453847387E+01
  0.4241799995889E+01
  0.4027417731633E+01
  0.4214908090910E+01
  0.4026423556756E+01
  0.4233284089825E+01
  0.4062367417396E+01
  0.0000000000000E+00
  0.2864904031200E+01
  0.3146056817735E+01
  0.1832288752305E+01
  0.2438143438233E+01
  0.3568820272607E+01
  0.4209571069902E+01
  0.4766022102505E+01
  0.4635723252459E+01
  0.4078551909648E+01
  0.3581849748962E+01
  0.3675158568984E+01
  0.4293247165771E+01
  0.2979651709125E+01
  0.0000000000000E+00
  0.0000000000000E+00
  0.3308896673045E+01
  0.3624613177592E+01
  0.3811816830944E+01
  0.4181761814473E+01
  0.4977875388658E+01
  0.5133875924855E+01
  0.5304607648449E+01
  0.5481589380442E+01
  0.5651097746863E+01
  0.5725527763417E+01
  0.5685065857122E+01
  0.5503022093928E+01
  0.5238689356514E+01
  0.5018265079259E+01
  0.4941938525254E+01
  0.5020158823875E+01
  0.5172147092297E+01
  0.3671579387922E+01
  0.4897295964803E+01
  0.5749810811932E+01
  0.0000000000000E+00
  0.1980780498848E+01
  0.3371517616825E+01
  0.4123317587885E+01
  0.4277293779218E+01
  0.4689921076245E+01
  0.5246919674537E+01
  0.5695085530291E+01
  0.5552325938354E+01
  0.5259497494061E+01
  0.5031113523594E+01
  0.5098652200415E+01
  0.5427399935104E+01
  0.4482207647025E+01
  0.0000000000000E+00
  0.0000000000000E+00
  0.3585760411310E+01
  0.4558488113791E+01
  0.4564085997105E+01
  0.4805743671328E+01
  0.5167467409323E+01
  0.5259087668913E+01
  0.5374846213910E+01
  0.5481419620835E+01
  0.5543067122910E+01
  0.5524792759426E+01
  0.5431409013216E+01
  0.5287386453593E+01
  0.5216177957846E+01
  0.5297887363130E+01
  0.5510021438068E+01
  0.5687496327019E+01
  0.5629018465472E+01
  0.4640565582299E+01
  0.5779157834691E+01
  0.6041364607718E+01
  0.0000000000000E+00
  0.0000000000000E+00
  0.4054780849065E+01
  0.5060457086763E+01
  0.5021884476071E+01
  0.5272502898757E+01
  0.5503256695952E+01
  0.5552060926621E+01
  0.3426262342790E+01
  0.3977503454633E+01
  0.5605374136491E+01
  0.5859150354821E+01
  0.5971222530486E+01
  0.5940190433955E+01
  0.2157371834147E+01
  0.0000000000000E+00
  0.3661793157034E+01
  0.4930663846983E+01
  0.4990596939125E+01
  0.5098374137052E+01
  0.5044999459937E+01
  0.5067123170775E+01
  0.5067869120324E+01
  0.5000813623537E+01
  0.4853223705560E+01
  0.4698331968284E+01
  0.4605881004267E+01
  0.4703343243365E+01
  0.5049351610132E+01
  0.5501508283628E+01
  0.5860657781169E+01
  0.5958654295265E+01
  0.5841880693803E+01
  0.5138806767585E+01
  0.5819852403326E+01
  0.6270900041979E+01
  0.0000000000000E+00
  0.0000000000000E+00
  0.4116411196886E+01
  0.5280009160999E+01
  0.5167994483698E+01
  0.5210042338528E+01
  0.5195714091240E+01
  0.5213610835135E+01
  0.2298858579650E+01
  0.1659818803827E+01
  0.1171918269663E+01
  0.4548650808616E+01
  0.6119732079849E+01
  0.5589775937350E+01
  0.1817485922070E+01
  0.0000000000000E+00
  0.3657825973565E+01
  0.5114883438930E+01
  0.5117641352998E+01
  0.5062457896973E+01
  0.4554727956078E+01
  0.4510615605354E+01
  0.4374969982725E+01
  0.4087418867234E+01
  0.3698914970706E+01
  0.3462434399390E+01
  0.3597310729786E+01
  0.4141589614208E+01
  0.4823443686951E+01
  0.5434608960902E+01
  0.5812453485058E+01
  0.5833715190494E+01
  0.5524706928594E+01
  0.4976398768501E+01
  0.5370843941769E+01
  0.6117673081065E+01
  0.0000000000000E+00
  0.0000000000000E+00
  0.1734566724885E+01
  0.3229056134708E+01
  0.4775859685612E+01
  0.4808544242086E+01
  0.4684955321815E+01
  0.4609930551578E+01
  0.1887393469451E+01
  0.1643565636049E+01
  0.0000000000000E+00
  0.2665127735429E+01
  0.5160215871044E+01
  0.5165303404287E+01
  0.1688248313854E+01
  0.0000000000000E+00
  0.3522279322024E+01
  0.4939280391692E+01
  0.4813286733318E+01
  0.4630488051109E+01
  0.3588759026281E+01
  0.3455320524984E+01
  0.3178059615327E+01
  0.2723155227165E+01
  0.2357401259178E+01
  0.2539700758396E+01
  0.3156753340726E+01
  0.3882436535097E+01
  0.4554314167872E+01
  0.5065692699172E+01
  0.5336242841689E+01
  0.5259527752915E+01
  0.4791345836442E+01
  0.4271300508039E+01
  0.4733165084518E+01
  0.5322059406800E+01
  0.0000000000000E+00
  0.0000000000000E+00
  0.0000000000000E+00
  0.2944011507660E+01
  0.4353202786409E+01
  0.4439886430751E+01
  0.4215649757946E+01
  0.3974468012354E+01
  0.1936397542884E+01
  0.1494683007646E+01
  0.7203061315003E+00
  0.0000000000000E+00
  0.4874528724294E+01
  0.4621840109445E+01
  0.1202382391498E+01
  0.2878652183124E+01
  0.4180293765616E+01
  0.4281181641735E+01
  0.3970932776747E+01
  0.3706009095520E+01
  0.3340509411195E+01
  0.3330341323918E+01
  0.3344712331708E+01
  0.3485116712264E+01
  0.3732620611580E+01
  0.4036801486438E+01
  0.4381748430852E+01
  0.4705438651702E+01
  0.4962680846386E+01
  0.5124437362501E+01
  0.5108997897083E+01
  0.4752281071821E+01
  0.3989914344969E+01
  0.3313966809402E+01
  0.4096528128845E+01
  0.4145100111803E+01
  0.0000000000000E+00
  0.0000000000000E+00
  0.0000000000000E+00
  0.2593807750764E+01
  0.3692196172105E+01
  0.3968170870598E+01
  0.3741998608262E+01
  0.3340950370664E+01
  0.1730611562474E+01
  0.1253236921852E+01
  0.1620341384882E+01
  0.9064714175137E+00
  0.4449555715037E+01
  0.3877224348774E+01
  0.2676155780746E+01
  0.3555198410677E+01
  0.3643598706527E+01
  0.3552128459764E+01
  0.3350934528038E+01
  0.3325019157235E+01
  0.4546476784369E+01
  0.4708848006785E+01
  0.4900054302431E+01
  0.5124671931433E+01
  0.5379309903958E+01
  0.5671316367389E+01
  0.5958212347246E+01
  0.6122833529531E+01
  0.6086358966640E+01
  0.5869276203294E+01
  0.5457385048930E+01
  0.4720958637959E+01
  0.3482148982034E+01
  0.2321230297068E+01
  0.3821523603812E+01
  0.3293887961804E+01
  0.0000000000000E+00
  0.0000000000000E+00
  0.0000000000000E+00
  0.2395300741382E+01
  0.2997764374555E+01
  0.3235809208913E+01
  0.3090997417153E+01
  0.2841789999776E+01
  0.1870977980390E+01
  0.1809485256922E+01
  0.2219931056634E+01
  0.1064485646830E+01
  0.2901068768575E+01
  0.2756110772005E+01
  0.3157748865618E+01
  0.3510830269052E+01
  0.3690927813807E+01
  0.3917379482200E+01
  0.4161346701937E+01
  0.4378613747011E+01
  0.5059337362350E+01
  0.5216818041310E+01
  0.5384081081820E+01
  0.5572918616111E+01
  0.5822464759833E+01
  0.6133900171795E+01
  0.6439715563657E+01
  0.6616551044178E+01
  0.6574238701951E+01
  0.6290976729436E+01
  0.5754345774541E+01
  0.4940161060702E+01
  0.3692824644847E+01
  0.1094993983551E+01
  0.3779423394942E+01
  0.4247691829772E+01
  0.2908917535918E+01
  0.0000000000000E+00
  0.0000000000000E+00
  0.1801965395249E+01
  0.2408100944689E+01
  0.2064499956723E+01
  0.1948353981668E+01
  0.2069364544876E+01
  0.1829902692629E+01
  0.1857117304957E+01
  0.1791557402845E+01
  0.1599327369861E+01
  0.0000000000000E+00
  0.2186338292645E+01
  0.3304369027780E+01
  0.3622295066332E+01
  0.4035273736074E+01
  0.4412975314593E+01
  0.4692684739220E+01
  0.4895893152467E+01
  0.4909876019311E+01
  0.5076588125513E+01
  0.5251240986386E+01
  0.5451542972079E+01
  0.5715610414646E+01
  0.6032640230501E+01
  0.6343964021328E+01
  0.6552858804989E+01
  0.6572199811428E+01
  0.6375360078079E+01
  0.5949979175605E+01
  0.5313056182517E+01
  0.4429505933408E+01
  0.2806059706126E+01
  0.3112354201123E+01
  0.3927706913581E+01
  0.2672204678941E+01
  0.0000000000000E+00
  0.0000000000000E+00
  0.2569075079178E+01
  0.2643082342251E+01
  0.1513665094170E+01
  0.2184863938477E+01
  0.1364794294379E+01
  0.9135639961102E+00
  0.1270252715651E+01
  0.1714582434569E+01
  0.2960012875656E+01
  0.2381138383211E+01
  0.2006573099241E+01
  0.2968273809879E+01
  0.3314212652842E+01
  0.3780429553696E+01
  0.4210285531319E+01
  0.4522964937254E+01
  0.4739208551220E+01
  0.4293730268319E+01
  0.4492572203186E+01
  0.4711023829993E+01
  0.4963036665622E+01
  0.5285733017106E+01
  0.5663533942105E+01
  0.6041683031412E+01
  0.6347638322484E+01
  0.6492992849369E+01
  0.6469601862240E+01
  0.6291472144393E+01
  0.5956002770718E+01
  0.5501840999006E+01
  0.4742206397707E+01
  0.2752715743029E+01
  0.2966694976278E+01
  0.2460141772025E+01
  0.0000000000000E+00
  0.0000000000000E+00
  0.3249553760402E+01
  0.2930877213349E+01
  0.2524141696840E+01
  0.2645802189566E+01
  0.2978939304804E+01
  0.2424539813974E+01
  0.2732543700969E+01
  0.3380204741535E+01
  0.4125114133492E+01
  0.3815140133318E+01
  0.3133202411491E+01
  0.2850283419018E+01
  0.2872205324717E+01
  0.3145004326629E+01
  0.3535882535483E+01
  0.3858751844942E+01
  0.4098203195765E+01
  0.3625352254635E+01
  0.3705145944101E+01
  0.3829480572286E+01
  0.4019027373217E+01
  0.4319904720432E+01
  0.4733889979327E+01
  0.5205069215870E+01
  0.5660596670981E+01
  0.6006480563906E+01
  0.6247562215095E+01
  0.6431684033926E+01
  0.6537481002342E+01
  0.6593164025332E+01
  0.6725356997968E+01
  0.6222005007581E+01
  0.3583317952077E+01
  0.0000000000000E+00
  0.0000000000000E+00
  0.0000000000000E+00
  0.4006002357877E+01
  0.2763037057056E+01
  0.3144077971499E+01
  0.2326074879230E+01
  0.3710897219659E+01
  0.3966715622422E+01
  0.4220203783686E+01
  0.4671885917968E+01
  0.5109410967632E+01
  0.4928455238265E+01
  0.4550341809955E+01
  0.4118924125369E+01
  0.3725465821355E+01
  0.3471002785811E+01
  0.3454145730226E+01
  0.3507093618810E+01
  0.3571316258591E+01
  0.4223908279463E+01
  0.4074774856094E+01
  0.3933986693639E+01
  0.3878739037489E+01
  0.3955366961122E+01
  0.4209974407668E+01
  0.4623802313702E+01
  0.5115338439869E+01
  0.5570587044313E+01
  0.5974298879729E+01
  0.6356059876514E+01
  0.6684818244852E+01
  0.7010047821827E+01
  0.7739523542245E+01
  0.8829115658936E+01
  0.8374207975416E+01
  0.7144571049460E+01
  0.5636735997575E+01
  0.5229248131141E+01
  0.5307265860027E+01
  0.3083366848516E+01
  0.2801605731287E+01
  0.1975191285771E+01
  0.4564517139824E+01
  0.5390605769970E+01
  0.5566503951200E+01
  0.5829738563773E+01
  0.6114833045585E+01
  0.6254196617770E+01
  0.6230180734400E+01
  0.6042783473036E+01
  0.5738710689563E+01
  0.5299446477549E+01
  0.4877388426930E+01
  0.4562875085932E+01
  0.4369097255610E+01
  0.6074736843043E+01
  0.5916159554844E+01
  0.5617504244860E+01
  0.5212444275542E+01
  0.4836279066348E+01
  0.4641001577431E+01
  0.4684117018427E+01
  0.4949274784959E+01
  0.5358443211131E+01
  0.5807717579506E+01
  0.6243655630965E+01
  0.6640793757783E+01
  0.7061904938046E+01
  0.7743108741926E+01
  0.9063732657177E+01
  0.8631968168375E+01
  0.7528459708913E+01
  0.6497836601287E+01
  0.6494696893923E+01
  0.6288870525034E+01
  0.4543831264917E+01
  0.1791858077585E+01
  0.4305248496357E+01
  0.6502506675183E+01
  0.6480227122637E+01
  0.6555860046430E+01
  0.6633264900956E+01
  0.6791951032510E+01
  0.7014086870893E+01
  0.7220631037905E+01
  0.7284167118168E+01
  0.7204197569127E+01
  0.6973965508906E+01
  0.6673960949013E+01
  0.6387244677957E+01
  0.6191074226166E+01
  0.7176352772391E+01
  0.7160571996468E+01
  0.7053611240990E+01
  0.6787450097781E+01
  0.6387619653766E+01
  0.5929298001410E+01
  0.5530284224019E+01
  0.5330634256104E+01
  0.5414906644728E+01
  0.5718159732882E+01
  0.6126865889078E+01
  0.6567180401854E+01
  0.7057705133974E+01
  0.7701932024347E+01
  0.8519176414979E+01
  0.8401884989822E+01
  0.7617836888618E+01
  0.6967613125631E+01
  0.6915675617286E+01
  0.6882042913601E+01
  0.6023144332009E+01
  0.3341849372843E+01
  0.4439758904300E+01
  0.6706643268830E+01
  0.7013261616709E+01
  0.7085644500972E+01
  0.7051233121385E+01
  0.7075771108399E+01
  0.7268417717618E+01
  0.7553557970777E+01
  0.7761777982813E+01
  0.7834168577897E+01
  0.7761655269845E+01
  0.7593100497333E+01
  0.7382771440143E+01
  0.7225502057337E+01
  0.7524273768244E+01
  0.7578935755945E+01
  0.7643386196603E+01
  0.7615142300714E+01
  0.7440835119583E+01
  0.7115524022431E+01
  0.6663218837990E+01
  0.6204657490229E+01
  0.5897056505617E+01
  0.5823817367684E+01
  0.5978932904688E+01
  0.6285527934297E+01
  0.6670169664726E+01
  0.7148344180661E+01
  0.7633030648787E+01
  0.7649429977587E+01
  0.7248546651193E+01
  0.6879037065111E+01
  0.6748737054176E+01
  0.6859058073451E+01
  0.6779971782868E+01
  0.5727831284344E+01
  0.5910910562968E+01
  0.6479370967850E+01
  0.6998333904623E+01
  0.7163892150126E+01
  0.7138327427315E+01
  0.7082934154819E+01
  0.7189000121143E+01
  0.7452880336273E+01
  0.7727159143893E+01
  0.7902856048815E+01
  0.7935981733539E+01
  0.7854139103748E+01
  0.7696789990195E+01
  0.7559476871117E+01
  0.7181334091895E+01
  0.7242164381987E+01
  0.7386623969090E+01
  0.7519556429911E+01
  0.7534403924508E+01
  0.7411632128687E+01
  0.7139830025428E+01
  0.6758558813019E+01
  0.6345807337583E+01
  0.5998240957329E+01
  0.5808849615132E+01
  0.5818726272789E+01
  0.5966551649345E+01
  0.6179202055341E+01
  0.6378462639958E+01
  0.6382868897671E+01
  0.6255055909213E+01
  0.6061731391611E+01
  0.5862460390290E+01
  0.6067410140896E+01
  0.6183134184833E+01
  0.4682570740846E+01
  0.4882463088564E+01
  0.5562007090772E+01
  0.6211804876863E+01
  0.6538344876654E+01
  0.6624671968619E+01
  0.6598713784745E+01
  0.6659490054301E+01
  0.6864035071066E+01
  0.7134616120776E+01
  0.7358300360488E+01
  0.7464488967559E+01
  0.7447621613471E+01
  0.7339311803332E+01
  0.7222163090055E+01
  0.6318522470746E+01
  0.6361979415556E+01
  0.6505911074498E+01
  0.6698664814596E+01
  0.6804837535609E+01
  0.6815007249514E+01
  0.6713252918892E+01
  0.6477833223101E+01
  0.6134238623745E+01
  0.5737690982101E+01
  0.5354327235659E+01
  0.5073054658054E+01
  0.4929476799436E+01
  0.4869543690449E+01
  0.4808553044168E+01
  0.4714132851248E+01
  0.4795859361518E+01
  0.5048896053623E+01
  0.4841366775839E+01
  0.5154955589243E+01
  0.5043218539549E+01
  0.1554528881133E+01
  0.2676671444838E+01
  0.3737055596321E+01
  0.4600824710816E+01
  0.5100021238051E+01
  0.5342343735840E+01
  0.5440396746826E+01
  0.5589326362010E+01
  0.5804198156070E+01
  0.6051380607885E+01
  0.6287154097670E+01
  0.6436381176296E+01
  0.6479762911856E+01
  0.6434964976660E+01
  0.6354218362238E+01
  0.4376445428504E+01
  0.4416415688529E+01
  0.4543441363752E+01
  0.4776912684941E+01
  0.4958085241863E+01
  0.5054626378388E+01
  0.5044966539360E+01
  0.4896713078572E+01
  0.4614308666004E+01
  0.4212505315501E+01
  0.3641809502514E+01
  0.2962345435250E+01
  0.2375543659113E+01
  0.2288440402832E+01
  0.2621443125266E+01
  0.2958036537693E+01
  0.3548938098869E+01
  0.4397460981359E+01
  0.4737154875784E+01
  0.5348289059641E+01
  0.5364191587828E+01
  0.4788194698359E+01
  0.4639710956483E+01
  0.4149106194530E+01
  0.3940731761743E+01
  0.3806252845421E+01
  0.3593498761633E+01
  0.3304395060435E+01
  0.3252116998125E+01
  0.3469770032383E+01
  0.3780032430786E+01
  0.4097632322448E+01
  0.4324300653441E+01
  0.4465032806829E+01
  0.4489611234968E+01
  0.4420681523248E+01
  0.3535154460408E+01
  0.3293259576270E+01
  0.3128835124535E+01
  0.3181690642622E+01
  0.3258576478820E+01
  0.3295701922755E+01
  0.3280911066935E+01
  0.3183675955306E+01
  0.2985007089615E+01
  0.2938065240724E+01
  0.3219412830268E+01
  0.3756616525020E+01
  0.4336045220727E+01
  0.4853218480708E+01
  0.5349028192025E+01
  0.5670348534085E+01
  0.5676059268234E+01
  0.6519516941010E+01
  0.5170260661931E+01
  0.2853717413642E+01
  0.2763613632130E+01
  0.4325958174112E+01
  0.6264474666808E+01
  0.6479865319008E+01
  0.6670233195845E+01
  0.6694827324091E+01
  0.6463309149906E+01
  0.6034961150884E+01
  0.5488229457638E+01
  0.4932053017665E+01
  0.4515340476472E+01
  0.4296922314731E+01
  0.4215305949169E+01
  0.4179091415338E+01
  0.4065233057061E+01
  0.3830769236450E+01
  0.6481772887850E+01
  0.6315355637758E+01
  0.6187037780394E+01
  0.6087126798283E+01
  0.6011407034086E+01
  0.5990400526846E+01
  0.6025550002876E+01
  0.6081912546339E+01
  0.6184274232178E+01
  0.6369975539973E+01
  0.6637620994204E+01
  0.6991406723272E+01
  0.7394050273642E+01
  0.7792645349744E+01
  0.8163650416160E+01
  0.8422055155776E+01
  0.8161253165164E+01
  0.7639402233544E+01
  0.5263736198674E+01
  0.0000000000000E+00
  0.0000000000000E+00
  0.3784708171849E+01
  0.6135630893162E+01
  0.7365347913730E+01
  0.8162577685819E+01
  0.8604220742936E+01
  0.8684222210424E+01
  0.8520146414287E+01
  0.8195396908452E+01
  0.7798421272862E+01
  0.7460013921087E+01
  0.7222394376635E+01
  0.7067460783322E+01
  0.6952651662919E+01
  0.6824999197017E+01
  0.6662176354096E+01
  0.8362333095694E+01
  0.8248854890829E+01
  0.8166688264501E+01
  0.8097801067835E+01
  0.8055373540707E+01
  0.8071523565265E+01
  0.8133284749713E+01
  0.8234993610385E+01
  0.8389366982662E+01
  0.8593950369951E+01
  0.8858129350733E+01
  0.9179611298528E+01
  0.9515330006608E+01
  0.9825246247168E+01
  0.1004030099480E+02
  0.1010766588545E+02
  0.9713905690149E+01
  0.8599820438922E+01
  0.5548179188499E+01
  0.0000000000000E+00
  0.0000000000000E+00
  0.3765109451297E+01
  0.5634822143576E+01
  0.6821033898100E+01
  0.7868592996734E+01
  0.8627798452291E+01
  0.9074249998365E+01
  0.9294021865666E+01
  0.9345597637285E+01
  0.9267593974267E+01
  0.9137243974852E+01
  0.9000235708593E+01
  0.8878290986693E+01
  0.8763362579209E+01
  0.8629356876347E+01
  0.8489926284755E+01
  0.9110000973907E+01
  0.9093535594209E+01
  0.9094207220397E+01
  0.9107908179242E+01
  0.9132406733398E+01
  0.9177323694407E+01
  0.9242625846832E+01
  0.9354623115101E+01
  0.9514299923908E+01
  0.9711031572996E+01
  0.9947704005406E+01
  0.1019307908017E+02
  0.1041012588471E+02
  0.1057489069336E+02
  0.1064144714066E+02
  0.1056793735623E+02
  0.1030682707897E+02
  0.9813353538971E+01
  0.9062513510142E+01
  0.8049032719759E+01
  0.6853513963578E+01
  0.6412702818098E+01
  0.6753286635802E+01
  0.7034937205389E+01
  0.7560125917714E+01
  0.8138212525023E+01
  0.8636440546921E+01
  0.9011768734043E+01
  0.9251479588579E+01
  0.9366532324189E+01
  0.9391657276739E+01
  0.9370563122068E+01
  0.9327693539075E+01
  0.9273204598805E+01
  0.9205178397709E+01
  0.9145251885349E+01
  0.8556105664521E+01
  0.8613736659844E+01
  0.8676862841701E+01
  0.8749713400733E+01
  0.8809428048652E+01
  0.8850169260263E+01
  0.8896079802536E+01
  0.8970559107743E+01
  0.9076109410581E+01
  0.9199357167488E+01
  0.9319628176624E+01
  0.9419142046658E+01
  0.9472815457834E+01
  0.9457971554223E+01
  0.9377207719626E+01
  0.9259702096888E+01
  0.9189475114390E+01
  0.9212786142251E+01
  0.8811188035557E+01
  0.8079882285815E+01
  0.7466714679336E+01
  0.7197590662414E+01
  0.7108309944541E+01
  0.6899682905158E+01
  0.6766942936582E+01
  0.6812877857148E+01
  0.7022003968890E+01
  0.7355432156317E+01
  0.7728545740344E+01
  0.8034731950606E+01
  0.8235008524818E+01
  0.8366314265142E+01
  0.8435194284616E+01
  0.8457203771055E+01
  0.8470488884437E+01
  0.8504928800560E+01
  0.6471116740889E+01
  0.6630062913890E+01
  0.6751760089383E+01
  0.6844959143750E+01
  0.6891875568737E+01
  0.6912025462578E+01
  0.6944558551426E+01
  0.6982287616914E+01
  0.7015033076801E+01
  0.7021329504818E+01
  0.6986461886358E+01
  0.6912510888541E+01
  0.6778570234797E+01
  0.6576963921997E+01
  0.6359277569306E+01
  0.6232229691073E+01
  0.6360862852700E+01
  0.6834225348249E+01
  0.6755428032723E+01
  0.6688953010425E+01
  0.6562271807967E+01
  0.6330860958501E+01
  0.5944553907978E+01
  0.5468719566975E+01
  0.4999001711832E+01
  0.4543176163511E+01
  0.4260968893316E+01
  0.4424514868451E+01
  0.4918655453309E+01
  0.5416338362414E+01
  0.5751013555651E+01
  0.5960103093485E+01
  0.6098829561959E+01
  0.6183950776081E+01
  0.6246935866362E+01
  0.6333448424772E+01
  0.3075977686149E+01
  0.3075977686149E+01
  0.3075977686149E+01
  0.3075977686149E+01
  0.3075977686149E+01
  0.3075977686149E+01
  0.3075977686149E+01
  0.3075977686149E+01
  0.3075977686149E+01
  0.3075977686149E+01
  0.3075977686149E+01
  0.3075977686149E+01
  0.3075977686149E+01
  0.3075977686149E+01
  0.3075977686149E+01
  0.3075977686149E+01
  0.3075977686149E+01
  0.3075977686149E+01
  0.3075977686149E+01
  0.3075977686149E+01
  0.3075977686149E+01
  0.3075977686149E+01
  0.3075977686149E+01
  0.3075977686149E+01
  0.3075977686149E+01
  0.3075977686149E+01
  0.3075977686149E+01
  0.3075977686149E+01
  0.3075977686149E+01
  0.3075977686149E+01
  0.3075977686149E+01
  0.3075977686149E+01
  0.3075977686149E+01
  0.3075977686149E+01
  0.3075977686149E+01
  0.3075977686149E+01
  0.2866745135691E+01
  0.2866745135691E+01
  0.2866745135691E+01
  0.2866745135691E+01
  0.2866745135691E+01
  0.2866745135691E+01
  0.2866745135691E+01
  0.2866745135691E+01
  0.2866745135691E+01
  0.2866745135691E+01
  0.2866745135691E+01
  0.2866745135691E+01
  0.2866745135691E+01
  0.2866745135691E+01
  0.2866745135691E+01
  0.2866745135691E+01
  0.2866745135691E+01
  0.2866745135691E+01
  0.2866745135691E+01
  0.2866745135691E+01
  0.2866745135691E+01
  0.2866745135691E+01
  0.2866745135691E+01
  0.2866745135691E+01
  0.2866745135691E+01
  0.2866745135691E+01
  0.2866745135691E+01
  0.2866745135691E+01
  0.2866745135691E+01
  0.2866745135691E+01
  0.2866745135691E+01
  0.2866745135691E+01
  0.2866745135691E+01
  0.2866745135691E+01
  0.2866745135691E+01
  0.2866745135691E+01
  0.7016074134147E+01
  0.8725620553487E+01
  0.9341150245527E+01
  0.9272094799949E+01
  0.8528989112728E+01
  0.6687955500049E+01
  0.9354166282849E+01
  0.1077539076942E+02
  0.1104799503904E+02
  0.9996120463342E+01
  0.7175404586897E+01
  0.7122088452872E+00
  0.0000000000000E+00
  0.0000000000000E+00
  0.0000000000000E+00
  0.0000000000000E+00
  0.0000000000000E+00
  0.0000000000000E+00
  0.0000000000000E+00
  0.0000000000000E+00
  0.0000000000000E+00
  0.0000000000000E+00
  0.0000000000000E+00
  0.0000000000000E+00
  0.0000000000000E+00
  0.0000000000000E+00
  0.0000000000000E+00
  0.0000000000000E+00
  0.0000000000000E+00
  0.0000000000000E+00
  0.0000000000000E+00
  0.0000000000000E+00
  0.4319226741143E+01
  0.9806426469601E+01
  0.1125301533832E+02
  0.1011643089683E+02
  0.1060964599630E+02
  0.4044801715632E+01
  0.2310064867133E+01
  0.3807876182398E+01
  0.9578734290208E+01
  0.1194783714097E+02
  0.1308308088908E+02
  0.1332262410612E+02
  0.1211072540704E+02
  0.7866349990518E+01
  0.1069876135364E+02
  0.1090565129975E+02
  0.9160602275095E+01
  0.3485710163171E+01
  0.0000000000000E+00
  0.0000000000000E+00
  0.0000000000000E+00
  0.0000000000000E+00
  0.0000000000000E+00
  0.0000000000000E+00
  0.0000000000000E+00
  0.0000000000000E+00
  0.0000000000000E+00
  0.0000000000000E+00
  0.0000000000000E+00
  0.0000000000000E+00
  0.0000000000000E+00
  0.0000000000000E+00
  0.0000000000000E+00
  0.0000000000000E+00
  0.0000000000000E+00
  0.0000000000000E+00
  0.2921054769546E+01
  0.1132957487354E+02
  0.1362050342964E+02
  0.1335324874186E+02
  0.2441013408508E+02
  0.2348937161682E+02
  0.2296396470671E+02
  0.2084232803058E+02
  0.1930226374703E+02
  0.2035260056277E+02
  0.2209967726317E+02
  0.2391070314172E+02
  0.2482760995777E+02
  0.2416670680884E+02
  0.1911828152294E+02
  0.1351971992213E+02
  0.1210644684633E+02
  0.6667467616534E+01
  0.0000000000000E+00
  0.0000000000000E+00
  0.0000000000000E+00
  0.0000000000000E+00
  0.0000000000000E+00
  0.0000000000000E+00
  0.0000000000000E+00
  0.0000000000000E+00
  0.0000000000000E+00
  0.0000000000000E+00
  0.0000000000000E+00
  0.0000000000000E+00
  0.0000000000000E+00
  0.0000000000000E+00
  0.0000000000000E+00
  0.0000000000000E+00
  0.0000000000000E+00
  0.0000000000000E+00
  0.4115980362812E+01
  0.1421486370577E+02
  0.1987959473138E+02
  0.2409112935806E+02
  0.4105474847796E+02
  0.3956450357027E+02
  0.3780340930470E+02
  0.3608165671041E+02
  0.3337297963977E+02
  0.3284092010797E+02
  0.3445881778878E+02
  0.3609510311185E+02
  0.3626340705364E+02
  0.3304261191726E+02
  0.2857625505462E+02
  0.1644856865244E+02
  0.7255101849706E+01
  0.0000000000000E+00
  0.0000000000000E+00
  0.0000000000000E+00
  0.0000000000000E+00
  0.0000000000000E+00
  0.0000000000000E+00
  0.0000000000000E+00
  0.0000000000000E+00
  0.0000000000000E+00
  0.0000000000000E+00
  0.0000000000000E+00
  0.0000000000000E+00
  0.0000000000000E+00
  0.0000000000000E+00
  0.0000000000000E+00
  0.0000000000000E+00
  0.0000000000000E+00
  0.0000000000000E+00
  0.0000000000000E+00
  0.8733255509218E+01
  0.2406370419358E+02
  0.3362753072630E+02
  0.3886897874797E+02
  0.5773468318016E+02
  0.5439402115381E+02
  0.5026549851949E+02
  0.4756625496895E+02
  0.4512411124618E+02
  0.4378144083715E+02
  0.4381429347261E+02
  0.4397879623393E+02
  0.4277545171988E+02
  0.3923997136841E+02
  0.3132901919141E+02
  0.2009244524533E+02
  0.8140575827129E+01
  0.0000000000000E+00
  0.0000000000000E+00
  0.0000000000000E+00
  0.0000000000000E+00
  0.0000000000000E+00
  0.0000000000000E+00
  0.0000000000000E+00
  0.0000000000000E+00
  0.0000000000000E+00
  0.0000000000000E+00
  0.0000000000000E+00
  0.0000000000000E+00
  0.0000000000000E+00
  0.0000000000000E+00
  0.0000000000000E+00
  0.0000000000000E+00
  0.0000000000000E+00
  0.0000000000000E+00
  0.0000000000000E+00
  0.1231475069026E+02
  0.3146400651136E+02
  0.4743779961897E+02
  0.5659025388890E+02
  0.6882330501491E+02
  0.6268819044931E+02
  0.5699842014405E+02
  0.5385845902136E+02
  0.5209566871910E+02
  0.5074192388149E+02
  0.4962255363888E+02
  0.4841061060056E+02
  0.4630108754089E+02
  0.4353546065824E+02
  0.3836977684438E+02
  0.2651755843706E+02
  0.1163809055373E+02
  0.0000000000000E+00
  0.0000000000000E+00
  0.0000000000000E+00
  0.0000000000000E+00
  0.0000000000000E+00
  0.0000000000000E+00
  0.0000000000000E+00
  0.0000000000000E+00
  0.2345502977706E+01
  0.1873196256443E+01
  0.0000000000000E+00
  0.0000000000000E+00
  0.0000000000000E+00
  0.0000000000000E+00
  0.0000000000000E+00
  0.0000000000000E+00
  0.0000000000000E+00
  0.0000000000000E+00
  0.0000000000000E+00
  0.1702601760901E+02
  0.4219286809683E+02
  0.6323068119796E+02
  0.7065861290513E+02
  0.7190459008643E+02
  0.6427379181126E+02
  0.5882533437886E+02
  0.5646540838325E+02
  0.5557847501037E+02
  0.5463476334992E+02
  0.5308527277350E+02
  0.5114233122612E+02
  0.4916696851133E+02
  0.4803166476401E+02
  0.4563825262784E+02
  0.3487885496466E+02
  0.1436967494263E+02
  0.0000000000000E+00
  0.0000000000000E+00
  0.0000000000000E+00
  0.0000000000000E+00
  0.0000000000000E+00
  0.0000000000000E+00
  0.0000000000000E+00
  0.1198267306995E+02
  0.2135286465168E+02
  0.1362465794808E+02
  0.0000000000000E+00
  0.0000000000000E+00
  0.0000000000000E+00
  0.2639767550430E+01
  0.3467293310946E+01
  0.0000000000000E+00
  0.0000000000000E+00
  0.0000000000000E+00
  0.0000000000000E+00
  0.2296014454008E+02
  0.5729552568179E+02
  0.7588464809996E+02
  0.7744665206133E+02
  0.7087059324334E+02
  0.6555930428017E+02
  0.6287969382553E+02
  0.6258522587249E+02
  0.6212729013558E+02
  0.6105642370417E+02
  0.5893805538803E+02
  0.5633582279408E+02
  0.5407637924633E+02
  0.5363084512755E+02
  0.5285490468539E+02
  0.4260166356630E+02
  0.2209224604239E+02
  0.0000000000000E+00
  0.0000000000000E+00
  0.0000000000000E+00
  0.0000000000000E+00
  0.0000000000000E+00
  0.0000000000000E+00
  0.8896349387987E+01
  0.3380301589756E+02
  0.3939203606507E+02
  0.2630406076049E+02
  0.7626068699779E+01
  0.1779001043220E+01
  0.6390201092531E+01
  0.1549085901907E+02
  0.1782846782177E+02
  0.0000000000000E+00
  0.0000000000000E+00
  0.0000000000000E+00
  0.0000000000000E+00
  0.3427197053704E+02
  0.6846270005689E+02
  0.7589531211985E+02
  0.7585760903333E+02
  0.7569771850237E+02
  0.7486609961661E+02
  0.7454342342908E+02
  0.7534816928671E+02
  0.7560378539634E+02
  0.7537603429979E+02
  0.7431006306886E+02
  0.7279521819820E+02
  0.7114447966241E+02
  0.6874861619438E+02
  0.6403966323167E+02
  0.5114346886012E+02
  0.3280049743195E+02
  0.9791217741241E+01
  0.0000000000000E+00
  0.0000000000000E+00
  0.0000000000000E+00
  0.1342794491311E+02
  0.1701024440347E+02
  0.1878495433964E+02
  0.4569659527643E+02
  0.4852469763279E+02
  0.3644124871956E+02
  0.2496366518878E+02
  0.1710331337702E+02
  0.2243383271754E+02
  0.2820525523211E+02
  0.2866505988950E+02
  0.2376751503604E+01
  0.0000000000000E+00
  0.0000000000000E+00
  0.0000000000000E+00
  0.4663109683551E+02
  0.7008631217247E+02
  0.7178947828715E+02
  0.7578037758761E+02
  0.8404852135796E+02
  0.8504041543979E+02
  0.8566010164981E+02
  0.8674843789411E+02
  0.8789455385593E+02
  0.8885622224053E+02
  0.8913991829657E+02
  0.8847754108676E+02
  0.8724319566726E+02
  0.8411950347782E+02
  0.7810737306445E+02
  0.6590961870703E+02
  0.4276371254071E+02
  0.2166759223011E+02
  0.7512437368036E+01
  0.0000000000000E+00
  0.0000000000000E+00
  0.2248400586249E+02
  0.3992886894538E+02
  0.2174009004193E+02
  0.5657208050449E+02
  0.5724081279669E+02
  0.5063589534626E+02
  0.4034002388192E+02
  0.3279142655049E+02
  0.3889949723737E+02
  0.4094619735865E+02
  0.3786816600888E+02
  0.1155655757274E+02
  0.0000000000000E+00
  0.0000000000000E+00
  0.0000000000000E+00
  0.5937226932288E+02
  0.7763358181663E+02
  0.7639271414388E+02
  0.8172544686986E+02
  0.9392263227269E+02
  0.9507460973770E+02
  0.9603907367514E+02
  0.9742324891009E+02
  0.9977565023962E+02
  0.1020285006724E+03
  0.1036615412407E+03
  0.1035703992729E+03
  0.1018923107416E+03
  0.9732105530808E+02
  0.8954298072095E+02
  0.7662019104705E+02
  0.5527048259912E+02
  0.3141377261149E+02
  0.3473983817300E+02
  0.0000000000000E+00
  0.0000000000000E+00
  0.1262116913852E+02
  0.5841753845723E+02
  0.4714523035411E+02
  0.6919999269274E+02
  0.7007355920143E+02
  0.6304316065686E+02
  0.4969874595168E+02
  0.3518929793503E+02
  0.5144784682651E+02
  0.4980358915447E+02
  0.4746422973980E+02
  0.2614677204723E+02
  0.0000000000000E+00
  0.0000000000000E+00
  0.0000000000000E+00
  0.7446670701783E+02
  0.8764398989000E+02
  0.8569469195292E+02
  0.9123829854723E+02
  0.1031782753874E+03
  0.1040085887248E+03
  0.1051806169665E+03
  0.1071992261510E+03
  0.1106467462020E+03
  0.1140684274542E+03
  0.1168182524431E+03
  0.1169733304241E+03
  0.1142074384770E+03
  0.1078414773053E+03
  0.9807908336049E+02
  0.8540178570542E+02
  0.7166473291059E+02
  0.5603746287324E+02
  0.5969251768495E+02
  0.1539824201019E+02
  0.0000000000000E+00
  0.5097959093458E+01
  0.6181149104391E+02
  0.6516660081842E+02
  0.7490819646075E+02
  0.8152262750101E+02
  0.7463620508259E+02
  0.5871301633960E+02
  0.2335310175740E+02
  0.4668125043837E+02
  0.4752307865645E+02
  0.5784740382482E+02
  0.4474813008369E+02
  0.1532398072233E+02
  0.0000000000000E+00
  0.4147307953211E+01
  0.8976336892101E+02
  0.9765615587942E+02
  0.9570610479702E+02
  0.1007482837033E+03
  0.1126134247808E+03
  0.1131962899383E+03
  0.1143838540187E+03
  0.1166128209082E+03
  0.1199317109979E+03
  0.1235274273005E+03
  0.1265523425073E+03
  0.1264360342506E+03
  0.1226215371855E+03
  0.1154391252897E+03
  0.1059147766235E+03
  0.9718615202378E+02
  0.8966795215120E+02
  0.7101807052593E+02
  0.7080921161923E+02
  0.4555477087349E+02
  0.7251055806356E+01
  0.7019832546689E+01
  0.5086987645400E+02
  0.8160022126847E+02
  0.8652334595104E+02
  0.9327659965749E+02
  0.8727070208380E+02
  0.7217564700375E+02
  0.2942105882842E+02
  0.3871697916340E+02
  0.3217443310354E+02
  0.6011369810918E+02
  0.6514809307915E+02
  0.3835736976767E+02
  0.0000000000000E+00
  0.2091273854433E+02
  0.9570300340009E+02
  0.1049340690991E+03
  0.1064066071769E+03
  0.1105997194064E+03
  0.1220919999718E+03
  0.1226780457611E+03
  0.1237061705004E+03
  0.1250166292419E+03
  0.1266365258555E+03
  0.1291671574519E+03
  0.1320856711721E+03
  0.1322323466509E+03
  0.1284407622169E+03
  0.1227057567900E+03
  0.1164534773980E+03
  0.1114009047922E+03
  0.1032320226011E+03
  0.8587254303280E+02
  0.8369757267924E+02
  0.7597241186689E+02
  0.2435055662089E+02
  0.7165426384027E+01
  0.2943801352564E+02
  0.8729268893554E+02
  0.1001972827373E+03
  0.1041138700312E+03
  0.9905624533390E+02
  0.9136683527175E+02
  0.5360949962610E+02
  0.4418992112530E+02
  0.3243266428430E+02
  0.4731773829037E+02
  0.8599057582195E+02
  0.6368299023216E+02
  0.9407872049030E+01
  0.4325194719190E+02
  0.1031541843428E+03
  0.1142242377096E+03
  0.1178616579827E+03
  0.1206409198703E+03
  0.1295610664796E+03
  0.1305551885176E+03
  0.1315387492200E+03
  0.1316530342366E+03
  0.1315043803028E+03
  0.1335226201341E+03
  0.1367761081625E+03
  0.1370706619250E+03
  0.1334871516453E+03
  0.1293272852085E+03
  0.1260315069419E+03
  0.1222088627455E+03
  0.1110432971356E+03
  0.9520503333931E+02
  0.9594177902057E+02
  0.9542320542410E+02
  0.2749599991026E+02
  0.7480243653518E+01
  0.2043523065485E+02
  0.8840470876371E+02
  0.1088097121785E+03
  0.1128174766360E+03
  0.1089796838956E+03
  0.1039143760624E+03
  0.6798204126353E+02
  0.5765332555902E+02
  0.4104348433518E+02
  0.4363499450627E+02
  0.1012399328716E+03
  0.9115857760693E+02
  0.3609702919704E+02
  0.7776223766021E+02
  0.1123313741642E+03
  0.1233629861783E+03
  0.1268741462253E+03
  0.1283710762228E+03
  0.1280543611494E+03
  0.1290699935949E+03
  0.1297662308359E+03
  0.1296751154842E+03
  0.1298004975846E+03
  0.1316827145347E+03
  0.1342570319329E+03
  0.1342476371621E+03
  0.1315539732430E+03
  0.1287906186936E+03
  0.1265184385912E+03
  0.1231896817271E+03
  0.1122749312053E+03
  0.9710849760730E+02
  0.1015760207994E+03
  0.1004717940379E+03
  0.2430129930390E+02
  0.8333570770011E+01
  0.1828743501901E+02
  0.8753657545654E+02
  0.1149100543158E+03
  0.1223890380649E+03
  0.1174771494772E+03
  0.1096190477955E+03
  0.8188009434742E+02
  0.6925101730165E+02
  0.6332114997904E+02
  0.4888711142607E+02
  0.1006776399026E+03
  0.1089272899109E+03
  0.7139312440733E+02
  0.9719248296485E+02
  0.1168549633541E+03
  0.1257834649241E+03
  0.1265291068524E+03
  0.1269583615780E+03
  0.1117022087256E+03
  0.1110596218877E+03
  0.1098924018816E+03
  0.1086144854885E+03
  0.1086747133553E+03
  0.1107346513211E+03
  0.1137707601643E+03
  0.1152016004983E+03
  0.1154382250505E+03
  0.1161242072548E+03
  0.1163403583923E+03
  0.1149924086841E+03
  0.1086833041995E+03
  0.9406764936995E+02
  0.1035061798931E+03
  0.9830110899908E+02
  0.2536547102124E+02
  0.1278600205226E+02
  0.1884986409773E+02
  0.9734783969770E+02
  0.1197081756068E+03
  0.1276683113719E+03
  0.1246019791712E+03
  0.1137288319464E+03
  0.9421058699684E+02
  0.8920635777590E+02
  0.8288578241185E+02
  0.6217347320914E+02
  0.8019745000745E+02
  0.1115321420622E+03
  0.8915967199480E+02
  0.1024177837470E+03
  0.1116541982088E+03
  0.1148681066542E+03
  0.1131143909239E+03
  0.1120773110927E+03
  0.9069161102289E+02
  0.8908318879454E+02
  0.8753956087860E+02
  0.8673160793146E+02
  0.8702766814873E+02
  0.8831449427185E+02
  0.9016475789089E+02
  0.9163590486116E+02
  0.9368571621895E+02
  0.9661062773044E+02
  0.9956655749243E+02
  0.1024407041720E+03
  0.1029987504002E+03
  0.9114797335060E+02
  0.1071979389167E+03
  0.9611622924695E+02
  0.3153220940160E+02
  0.2115270202359E+02
  0.2241503767660E+02
  0.1037876621266E+03
  0.1166445660634E+03
  0.1208538048827E+03
  0.1236567078000E+03
  0.1165926532851E+03
  0.1035021954220E+03
  0.1043371070771E+03
  0.9931502690724E+02
  0.8970907989429E+02
  0.7560412513812E+02
  0.1068118250586E+03
  0.9694931211442E+02
  0.9946798101536E+02
  0.9805774689034E+02
  0.9711834833670E+02
  0.9427378867544E+02
  0.9227782809877E+02
  0.8083193656216E+02
  0.7884643868998E+02
  0.7722358732412E+02
  0.7670459588662E+02
  0.7702590019156E+02
  0.7793951860109E+02
  0.7912345433456E+02
  0.8006323623356E+02
  0.8165326618591E+02
  0.8415780045601E+02
  0.8757770934815E+02
  0.9255592928518E+02
  0.9955152841695E+02
  0.1028025436277E+03
  0.1136751241713E+03
  0.9051198784370E+02
  0.3950429223624E+02
  0.3125767556391E+02
  0.3225536913167E+02
  0.1160230099688E+03
  0.1166652448987E+03
  0.1081989803692E+03
  0.1162292747072E+03
  0.1193554792246E+03
  0.1089880012962E+03
  0.1141380258245E+03
  0.1157894262018E+03
  0.1174410996318E+03
  0.8490145917628E+02
  0.1065416099361E+03
  0.1019150096807E+03
  0.9637348122517E+02
  0.9014691837458E+02
  0.8797375309736E+02
  0.8523524433100E+02
  0.8288707519372E+02
  0.9218249542767E+02
  0.8901741019751E+02
  0.8642488915769E+02
  0.8492643191573E+02
  0.8450618910919E+02
  0.8496177192153E+02
  0.8619095565839E+02
  0.8754777678645E+02
  0.8958940319194E+02
  0.9255742789626E+02
  0.9626932024886E+02
  0.1014159522679E+03
  0.1096679151330E+03
  0.1185434529017E+03
  0.1243106234792E+03
  0.9182128081918E+02
  0.4858678879330E+02
  0.3993521726516E+02
  0.5095114223014E+02
  0.1266264709204E+03
  0.1209583370018E+03
  0.1047746917983E+03
  0.1026112912877E+03
  0.1297373689445E+03
  0.1261539111844E+03
  0.1302502888145E+03
  0.1311462496182E+03
  0.1307632508368E+03
  0.1151496463580E+03
  0.1249376426688E+03
  0.1215613206853E+03
  0.1132797823450E+03
  0.1061944683898E+03
  0.1031522036202E+03
  0.9949440653600E+02
  0.9562078011726E+02
  0.1252153547837E+03
  0.1209108255885E+03
  0.1165940736215E+03
  0.1129710247973E+03
  0.1107497093940E+03
  0.1099108984544E+03
  0.1104604151504E+03
  0.1113112070809E+03
  0.1124397022865E+03
  0.1140351908544E+03
  0.1151854684992E+03
  0.1160184030085E+03
  0.1180730045212E+03
  0.1213771426626E+03
  0.1346050767134E+03
  0.1158302400225E+03
  0.5666396563472E+02
  0.5785682949185E+02
  0.8023391308034E+02
  0.1356205041310E+03
  0.1226976752196E+03
  0.1012045540317E+03
  0.8454692711782E+02
  0.1350897799646E+03
  0.1415509928314E+03
  0.1420862322533E+03
  0.1405478810159E+03
  0.1351660462532E+03
  0.1317416053960E+03
  0.1435258681304E+03
  0.1469803448633E+03
  0.1429514000988E+03
  0.1396637113023E+03
  0.1374892273190E+03
  0.1339381999890E+03
  0.1296510863531E+03
  0.1611567745253E+03
  0.1590427766184E+03
  0.1551049244692E+03
  0.1498016759318E+03
  0.1449149941493E+03
  0.1407552736677E+03
  0.1374644453847E+03
  0.1346770081957E+03
  0.1324355580909E+03
  0.1309412894798E+03
  0.1290553661522E+03
  0.1261831762870E+03
  0.1219304939142E+03
  0.1162755662154E+03
  0.1228960317367E+03
  0.1370341683341E+03
  0.8211003899727E+02
  0.8443048453213E+02
  0.1060877104050E+03
  0.1382540786558E+03
  0.1234231398265E+03
  0.8863271795254E+02
  0.9357410327852E+02
  0.1381410465862E+03
  0.1516086421123E+03
  0.1467803855807E+03
  0.1441792318252E+03
  0.1381673985488E+03
  0.1369644308656E+03
  0.1482229744620E+03
  0.1568493233760E+03
  0.1594542907438E+03
  0.1623837366066E+03
  0.1650059620968E+03
  0.1643923487039E+03
  0.1630369502244E+03
  0.1691439602996E+03
  0.1708126864756E+03
  0.1711833877948E+03
  0.1687707645618E+03
  0.1647044946650E+03
  0.1590043102833E+03
  0.1517527681889E+03
  0.1449299370932E+03
  0.1397312610941E+03
  0.1361953613800E+03
  0.1333288866033E+03
  0.1304739943701E+03
  0.1259717842942E+03
  0.1177034923071E+03
  0.1084384322190E+03
  0.1158775478223E+03
  0.1081511167154E+03
  0.1058874249728E+03
  0.1058258594878E+03
  0.1290655429110E+03
  0.1263745589873E+03
  0.6792631421650E+02
  0.1175740569186E+03
  0.1455397457106E+03
  0.1497962442666E+03
  0.1458202708269E+03
  0.1430757855443E+03
  0.1369729493939E+03
  0.1333797336203E+03
  0.1392082313712E+03
  0.1476755363125E+03
  0.1531693909469E+03
  0.1594287280975E+03
  0.1653692571809E+03
  0.1671510599656E+03
  0.1682265060612E+03
  0.1554261263799E+03
  0.1577867212558E+03
  0.1610638233729E+03
  0.1638729128821E+03
  0.1647462511982E+03
  0.1625603662643E+03
  0.1564604111395E+03
  0.1486795804697E+03
  0.1416047097954E+03
  0.1361925134599E+03
  0.1323391830641E+03
  0.1294145922901E+03
  0.1261093485896E+03
  0.1211378187581E+03
  0.1163980774514E+03
  0.1218285216214E+03
  0.1168465024126E+03
  0.1114964612028E+03
  0.1091836829312E+03
  0.1197193864023E+03
  0.1232648450182E+03
  0.6926413756504E+02
  0.1208854265483E+03
  0.1363778104409E+03
  0.1392239932789E+03
  0.1400380309386E+03
  0.1387304291424E+03
  0.1334458686316E+03
  0.1287030996740E+03
  0.1308286249282E+03
  0.1363627533244E+03
  0.1406129395737E+03
  0.1458780773328E+03
  0.1510827877308E+03
  0.1532319000309E+03
  0.1544518072607E+03
  0.1397963005831E+03
  0.1408161167209E+03
  0.1434820439128E+03
  0.1478408213200E+03
  0.1521129881291E+03
  0.1546554006489E+03
  0.1536234048745E+03
  0.1489530816317E+03
  0.1422791274350E+03
  0.1351910411614E+03
  0.1295291775809E+03
  0.1252828784794E+03
  0.1212998032708E+03
  0.1165644844885E+03
  0.1136069568268E+03
  0.1178045631328E+03
  0.1151250671790E+03
  0.1089108037957E+03
  0.1030907769600E+03
  0.1087715569853E+03
  0.1138142829769E+03
  0.9467168425820E+02
  0.1180006587108E+03
  0.1248018308509E+03
  0.1274455050041E+03
  0.1303442949096E+03
  0.1309898493988E+03
  0.1280061153333E+03
  0.1240581217907E+03
  0.1241911522049E+03
  0.1274001432649E+03
  0.1301642977108E+03
  0.1336900111338E+03
  0.1367167492424E+03
  0.1384126647594E+03
  0.1394111565224E+03
  0.1259868175443E+03
  0.1259174965642E+03
  0.1269747465123E+03
  0.1299420700808E+03
  0.1337707137099E+03
  0.1374048041832E+03
  0.1399803847752E+03
  0.1399412951162E+03
  0.1368035452887E+03
  0.1311156439886E+03
  0.1248729576472E+03
  0.1193178435112E+03
  0.1145769344437E+03
  0.1105772726577E+03
  0.1083012720914E+03
  0.1093211975137E+03
  0.1069518811434E+03
  0.1024079002595E+03
  0.9278144487398E+02
  0.9523367071580E+02
  0.9930287089551E+02
  0.1037627689834E+03
  0.1138173215272E+03
  0.1135503121690E+03
  0.1152915332072E+03
  0.1178785879839E+03
  0.1197479918274E+03
  0.1193220704655E+03
  0.1171942529350E+03
  0.1166846622677E+03
  0.1180849934758E+03
  0.1194388551679E+03
  0.1215857165519E+03
  0.1233553427085E+03
  0.1247824773813E+03
  0.1257666560509E+03
  0.1134763458893E+03
  0.1131328679408E+03
  0.1131123670567E+03
  0.1142495862261E+03
  0.1163138118883E+03
  0.1187062646505E+03
  0.1212660186599E+03
  0.1229954355501E+03
  0.1227566994920E+03
  0.1200593221997E+03
  0.1157319842547E+03
  0.1101002207528E+03
  0.1046911000594E+03
  0.1012488945657E+03
  0.1003105058725E+03
  0.1004621871574E+03
  0.9855385189399E+02
  0.9438615585640E+02
  0.8099230678645E+02
  0.7944630210838E+02
  0.8635218476230E+02
  0.9834133967784E+02
  0.1120762369292E+03
  0.1076837511767E+03
  0.1061305208247E+03
  0.1064943973747E+03
  0.1078078704105E+03
  0.1083980451123E+03
  0.1080642618543E+03
  0.1081296302468E+03
  0.1084552511709E+03
  0.1086934810102E+03
  0.1096577397174E+03
  0.1106249567004E+03
  0.1118849343261E+03
  0.1131274695053E+03
  0.1004376307254E+03
  0.1001611127898E+03
  0.9968235755914E+02
  0.9969891279875E+02
  0.1005332084294E+03
  0.1017317462910E+03
  0.1029531824715E+03
  0.1044849336563E+03
  0.1050542254028E+03
  0.1041620326932E+03
  0.1018811876424E+03
  0.9735465951755E+02
  0.9177156766826E+02
  0.8927910590405E+02
  0.9109107588668E+02
  0.9367693054153E+02
  0.9386845919898E+02
  0.8901024537206E+02
  0.6744767095382E+02
  0.5834338032100E+02
  0.7159435562847E+02
  0.1069863258362E+03
  0.1251660058284E+03
  0.1143943785291E+03
  0.1052109183904E+03
  0.1007686707159E+03
  0.9928787093422E+02
  0.9850819723839E+02
  0.9787691215937E+02
  0.9816531987893E+02
  0.9802783959488E+02
  0.9748509410016E+02
  0.9752363602927E+02
  0.9797160849389E+02
  0.9887479627112E+02
  0.9998255950528E+02
  0.9287685386041E+02
  0.9222263540704E+02
  0.9129370518164E+02
  0.9079323766548E+02
  0.9071646268197E+02
  0.9095148446339E+02
  0.9104977242711E+02
  0.9148272610621E+02
  0.9179374936746E+02
  0.9181571350379E+02
  0.9224850658445E+02
  0.9182363627860E+02
  0.8956932420726E+02
  0.8826027250996E+02
  0.9072401326739E+02
  0.9569264011382E+02
  0.9795510857120E+02
  0.9246497937855E+02
  0.3849521873646E+02
  0.2801086935001E+02
  0.4563249195611E+02
  0.1100424580663E+03
  0.1402980392009E+03
  0.1343509041719E+03
  0.1213713580658E+03
  0.1128631842411E+03
  0.1076685544868E+03
  0.1038051695742E+03
  0.1004676133569E+03
  0.9815395002707E+02
  0.9621180460239E+02
  0.9415017710189E+02
  0.9286366227158E+02
  0.9236608379806E+02
  0.9252339050627E+02
  0.9292564629925E+02
  0.9244138158479E+02
  0.9198328165203E+02
  0.9129666140512E+02
  0.9057626273661E+02
  0.8998659356385E+02
  0.8968324418746E+02
  0.8951365669569E+02
  0.8955364420335E+02
  0.9005247401332E+02
  0.9032137409314E+02
  0.9048961672747E+02
  0.9017467052086E+02
  0.8843493327944E+02
  0.8690019168124E+02
  0.8846642349087E+02
  0.9481394376747E+02
  0.1014186826599E+03
  0.9779526014360E+02
  0.3741056441662E+02
  0.2283506972567E+02
  0.3370658028316E+02
  0.1091829143425E+03
  0.1390819264643E+03
  0.1416935710265E+03
  0.1334919504822E+03
  0.1265189873646E+03
  0.1199620227871E+03
  0.1133469426454E+03
  0.1073842254700E+03
  0.1029818771701E+03
  0.9983402064091E+02
  0.9683491656849E+02
  0.9441158936225E+02
  0.9290116058360E+02
  0.9226701356031E+02
  0.9234521626565E+02
  0.9207614561782E+02
  0.9098436059320E+02
  0.8982588838584E+02
  0.8961385353900E+02
  0.8906153543998E+02
  0.8863229346880E+02
  0.8842742099687E+02
  0.8845167023038E+02
  0.8868595088101E+02
  0.8892380043440E+02
  0.8912884441810E+02
  0.8897698443027E+02
  0.8807570909968E+02
  0.8722097790449E+02
  0.8817958660806E+02
  0.9367288072501E+02
  0.1030264799137E+03
  0.1080894701181E+03
  0.4685150546582E+02
  0.3386385776263E+02
  0.4091843597970E+02
  0.9172074078002E+02
  0.1134982745499E+03
  0.1226146705406E+03
  0.1229054419855E+03
  0.1227103304260E+03
  0.1212810399264E+03
  0.1176747877434E+03
  0.1133706482743E+03
  0.1088587009087E+03
  0.1046205815561E+03
  0.1009359018032E+03
  0.9783600708458E+02
  0.9547459261525E+02
  0.9381735184391E+02
  0.9284591614273E+02
  0.9125374148672E+02
  0.8996927328215E+02
  0.8872573190162E+02
  0.8767992787191E+02
  0.8658873572734E+02
  0.8592803808281E+02
  0.8569058108196E+02
  0.8590384953600E+02
  0.8621277061787E+02
  0.8658414424097E+02
  0.8701960816958E+02
  0.8733217302403E+02
  0.8744434466679E+02
  0.8725660368206E+02
  0.8801873571163E+02
  0.9161347242484E+02
  0.9951712450585E+02
  0.1114793523168E+03
  0.7921702376869E+02
  0.7130657367824E+02
  0.6424604900682E+02
  0.7366565366459E+02
  0.7931225523237E+02
  0.8683962096207E+02
  0.9249323203330E+02
  0.9745297716619E+02
  0.1023744308834E+03
  0.1052403683024E+03
  0.1057407817819E+03
  0.1047908496928E+03
  0.1024775375268E+03
  0.9982301929254E+02
  0.9719451823266E+02
  0.9512199389762E+02
  0.9327973780864E+02
  0.9217342406488E+02
  0.8377902044934E+02
  0.8289864639786E+02
  0.8223841632580E+02
  0.8159285068514E+02
  0.8083280222855E+02
  0.8028083930722E+02
  0.8010220371903E+02
  0.8029745010330E+02
  0.8059562408250E+02
  0.8048757829957E+02
  0.8086682512348E+02
  0.8131184483112E+02
  0.8177066342435E+02
  0.8220572732106E+02
  0.8284545600395E+02
  0.8488288291077E+02
  0.8949368610683E+02
  0.9575356258797E+02
  0.8444111798109E+02
  0.7547443162278E+02
  0.6685881093201E+02
  0.6385265197994E+02
  0.6308807528128E+02
  0.6570288293050E+02
  0.6885046739949E+02
  0.7244612145043E+02
  0.7724106329283E+02
  0.8204697638214E+02
  0.8527407340286E+02
  0.8683256544511E+02
  0.8681563830474E+02
  0.8585953754240E+02
  0.8475726611799E+02
  0.8440059924285E+02
  0.8420788084138E+02
  0.8399304678517E+02
  0.6585004929346E+02
  0.6622830289039E+02
  0.6628797744990E+02
  0.6614019701016E+02
  0.6573941886314E+02
  0.6527325209435E+02
  0.6495625468889E+02
  0.6476663507383E+02
  0.6457925061555E+02
  0.6448696017707E+02
  0.6473685493681E+02
  0.6503651238184E+02
  0.6536608006585E+02
  0.6571019328969E+02
  0.6619906349262E+02
  0.6737598947089E+02
  0.7049055308153E+02
  0.7401728419801E+02
  0.6981886688231E+02
  0.6355617590763E+02
  0.5829885417305E+02
  0.5475073506930E+02
  0.5241814380274E+02
  0.5149032372517E+02
  0.5135743138447E+02
  0.5199522012240E+02
  0.5396903918647E+02
  0.5705189140410E+02
  0.6022343349458E+02
  0.6249084989209E+02
  0.6367315905914E+02
  0.6419300495531E+02
  0.6439715751342E+02
  0.6488002154611E+02
  0.6537292992875E+02
  0.6554649182639E+02
  0.4173672274869E+02
  0.4214262000609E+02
  0.4226852583237E+02
  0.4212254008231E+02
  0.4168271940036E+02
  0.4110262975372E+02
  0.4055167057771E+02
  0.4016994621201E+02
  0.3997541308172E+02
  0.3995861684596E+02
  0.3998904287325E+02
  0.4003649590346E+02
  0.4017391284319E+02
  0.4054671829355E+02
  0.4123711540697E+02
  0.4248574012427E+02
  0.4444675051685E+02
  0.4645662809115E+02
  0.4675488479583E+02
  0.4517628486495E+02
  0.4253011871954E+02
  0.3955401533405E+02
  0.3684812316653E+02
  0.3484101851355E+02
  0.3378323894310E+02
  0.3381201444606E+02
  0.3480073903331E+02
  0.3637137750212E+02
  0.3808801800539E+02
  0.3947080600001E+02
  0.4022856793150E+02
  0.4048584449823E+02
  0.4054480634968E+02
  0.4069305385065E+02
  0.4094063276047E+02
  0.4127074039658E+02
  0.1946148755415E+02
  0.1994851830311E+02
  0.2070078192447E+02
  0.2183632466876E+02
  0.2254897782030E+02
  0.2303470742442E+02
  0.2341558787604E+02
  0.2373985707726E+02
  0.2442624816769E+02
  0.2548969365576E+02
  0.2703256501688E+02
  0.2863897068151E+02
  0.2965383312722E+02
  0.3027345440905E+02
  0.3061505388364E+02
  0.3071565561711E+02
  0.3050980461115E+02
  0.2979727291932E+02
  0.2829800850092E+02
  0.2566442639994E+02
  0.2267857678056E+02
  0.2049117753877E+02
  0.1899972798691E+02
  0.1810515954467E+02
  0.1770220969488E+02
  0.1767428051274E+02
  0.1788441548344E+02
  0.1818242551605E+02
  0.1847306427155E+02
  0.1867960004687E+02
  0.1879087717445E+02
  0.1884547375603E+02
  0.1886566646393E+02
  0.1889779925430E+02
  0.1898180173709E+02
  0.1915723861433E+02
  0.0000000000000E+00
 -0.1551364584684E+01
 -0.8294468468524E+00
 -0.3472108672091E+00
 -0.2842780291143E+00
  0.0000000000000E+00
 -0.3883935958887E-01
 -0.1398596492838E+00
 -0.8445042333948E+00
 -0.1735827667712E+01
 -0.2897026375057E+01
 -0.3465215832926E+01
  0.0000000000000E+00
  0.0000000000000E+00
  0.0000000000000E+00
  0.0000000000000E+00
  0.0000000000000E+00
  0.0000000000000E+00
  0.0000000000000E+00
  0.0000000000000E+00
  0.0000000000000E+00
  0.0000000000000E+00
  0.0000000000000E+00
  0.0000000000000E+00
  0.0000000000000E+00
  0.0000000000000E+00
  0.0000000000000E+00
  0.0000000000000E+00
  0.0000000000000E+00
  0.0000000000000E+00
  0.0000000000000E+00
 -0.2627526755284E+01
 -0.3480541883713E+01
 -0.3319264821738E+01
 -0.2862757992220E+01
 -0.2498183406084E+01
 -0.4032982836670E+01
  0.0000000000000E+00
  0.0000000000000E+00
  0.0000000000000E+00
 -0.2982107480216E+01
 -0.1300139987187E+01
 -0.1126582437625E+01
 -0.1316968792213E+01
 -0.2049085494817E+01
  0.0000000000000E+00
 -0.6907480533755E+01
 -0.7685024391672E+01
 -0.8297065437210E+01
 -0.7667274934228E+01
 -0.4259727518066E+01
  0.0000000000000E+00
  0.0000000000000E+00
  0.0000000000000E+00
  0.0000000000000E+00
  0.0000000000000E+00
  0.0000000000000E+00
  0.0000000000000E+00
  0.0000000000000E+00
  0.0000000000000E+00
  0.0000000000000E+00
  0.0000000000000E+00
  0.0000000000000E+00
  0.0000000000000E+00
  0.0000000000000E+00
  0.0000000000000E+00
  0.0000000000000E+00
  0.0000000000000E+00
 -0.7911234309212E+01
 -0.7749669474240E+01
 -0.5682448940609E+01
 -0.4235891083886E+01
 -0.5159519368254E+01
 -0.4813704688374E+01
 -0.5001677549176E+01
 -0.8331461115660E+01
 -0.1158536883279E+02
 -0.8027092794091E+01
 -0.6771934534747E+01
 -0.4178503378308E+01
 -0.3305759571463E+01
 -0.4763413292772E+01
  0.0000000000000E+00
 -0.1307226537382E+02
 -0.2548882410377E+02
 -0.2486377627769E+02
 -0.1486700285266E+02
  0.0000000000000E+00
  0.0000000000000E+00
  0.0000000000000E+00
  0.0000000000000E+00
  0.0000000000000E+00
  0.0000000000000E+00
  0.0000000000000E+00
  0.0000000000000E+00
  0.0000000000000E+00
  0.0000000000000E+00
  0.0000000000000E+00
  0.0000000000000E+00
  0.0000000000000E+00
  0.0000000000000E+00
  0.0000000000000E+00
  0.0000000000000E+00
  0.0000000000000E+00
 -0.1574725842038E+02
 -0.1757369598665E+02
 -0.9313378466467E+01
 -0.4643326447857E+01
  0.4324826137966E+01
  0.3503665048453E+01
  0.2349756010453E+01
  0.1001154054540E+01
 -0.4084336559449E+01
 -0.4582107640718E+01
 -0.2396531694255E+01
 -0.4414587178697E+00
  0.1083265836718E+00
 -0.2055032917043E+01
 -0.1277473293175E+02
 -0.2056662186126E+02
  0.0000000000000E+00
  0.0000000000000E+00
  0.0000000000000E+00
  0.0000000000000E+00
  0.0000000000000E+00
  0.0000000000000E+00
  0.0000000000000E+00
  0.0000000000000E+00
  0.0000000000000E+00
  0.0000000000000E+00
  0.0000000000000E+00
  0.0000000000000E+00
  0.0000000000000E+00
  0.0000000000000E+00
  0.0000000000000E+00
  0.0000000000000E+00
  0.0000000000000E+00
  0.0000000000000E+00
  0.0000000000000E+00
  0.0000000000000E+00
 -0.8355989937624E+01
 -0.6286286523272E+01
  0.9427164872737E+00
  0.3648177078276E+01
  0.1059402472390E+02
  0.1020892555880E+02
  0.8965704695884E+01
  0.8294768943205E+01
  0.6566796569679E+01
  0.5162226814287E+01
  0.4567086655845E+01
  0.4264883632803E+01
  0.3161594727749E+01
  0.1284147995637E+01
 -0.5019132054931E+01
 -0.1679872102818E+02
  0.0000000000000E+00
  0.0000000000000E+00
  0.0000000000000E+00
  0.0000000000000E+00
  0.0000000000000E+00
  0.0000000000000E+00
  0.0000000000000E+00
  0.0000000000000E+00
  0.0000000000000E+00
 -0.2109263120008E+02
 -0.3078142500322E+02
  0.0000000000000E+00
  0.0000000000000E+00
  0.0000000000000E+00
  0.0000000000000E+00
  0.0000000000000E+00
  0.0000000000000E+00
  0.0000000000000E+00
  0.0000000000000E+00
  0.0000000000000E+00
 -0.1576025858091E+01
  0.2072117667049E+01
  0.6271895283179E+01
  0.9006443432988E+01
  0.1583298001329E+02
  0.1532994276423E+02
  0.1432791184791E+02
  0.1409907519746E+02
  0.1381293729222E+02
  0.1313973780444E+02
  0.1223919920864E+02
  0.1109962459305E+02
  0.9384064294548E+01
  0.7584006104808E+01
  0.4157124355818E+01
 -0.4716517048777E+01
 -0.1151960535550E+02
  0.0000000000000E+00
  0.0000000000000E+00
  0.0000000000000E+00
  0.0000000000000E+00
  0.0000000000000E+00
  0.0000000000000E+00
  0.0000000000000E+00
 -0.1742781039117E+02
 -0.2838366894926E+02
 -0.3135071851336E+02
  0.0000000000000E+00
  0.0000000000000E+00
  0.0000000000000E+00
  0.0000000000000E+00
 -0.1934399944318E+02
 -0.3005329025549E+02
  0.0000000000000E+00
  0.0000000000000E+00
  0.0000000000000E+00
  0.2354976830457E+01
  0.6509897129237E+01
  0.1147721635866E+02
  0.1449762607414E+02
  0.1958155255574E+02
  0.1796991687952E+02
  0.1681986818548E+02
  0.1690322044642E+02
  0.1753420181922E+02
  0.1778178931881E+02
  0.1759695064495E+02
  0.1688053116057E+02
  0.1569345944353E+02
  0.1475345728911E+02
  0.1288618800904E+02
  0.7597655541351E+01
 -0.2142395713825E+01
  0.0000000000000E+00
  0.0000000000000E+00
  0.0000000000000E+00
  0.0000000000000E+00
  0.0000000000000E+00
  0.0000000000000E+00
 -0.1347088230231E+02
 -0.1435556272722E+02
 -0.1383470675377E+02
 -0.1814648715150E+02
  0.0000000000000E+00
  0.0000000000000E+00
  0.0000000000000E+00
 -0.1283111833185E+02
 -0.1997838150519E+02
 -0.2092565304615E+02
  0.0000000000000E+00
  0.0000000000000E+00
  0.0000000000000E+00
  0.3568078037523E+01
  0.1154631123347E+02
  0.1737390134454E+02
  0.2000044167091E+02
  0.1980853771026E+02
  0.1782386150634E+02
  0.1808533568932E+02
  0.1898295432373E+02
  0.1920465930196E+02
  0.1876321538037E+02
  0.1770543419849E+02
  0.1601169606966E+02
  0.1406316437761E+02
  0.1474831253625E+02
  0.1735532556437E+02
  0.1526733781303E+02
  0.6202767845486E+01
 -0.8537407061581E+00
 -0.7244346788819E+01
  0.0000000000000E+00
  0.0000000000000E+00
 -0.1676526030364E+01
 -0.5958585460641E+01
 -0.7467377052927E+01
 -0.6435662606810E-01
  0.2240309873170E+01
 -0.8413729543223E+00
 -0.4148589806055E+01
 -0.6771360096761E+01
 -0.7566711005622E+01
 -0.5469387303020E+01
 -0.4226046639720E+01
 -0.3237014337104E+01
  0.0000000000000E+00
  0.0000000000000E+00
  0.0000000000000E+00
  0.8852033596922E+01
  0.1798768260711E+02
  0.2083351959551E+02
  0.2204709519886E+02
  0.2085004999790E+02
  0.2143349030388E+02
  0.2242875540922E+02
  0.2308915757835E+02
  0.2350608363004E+02
  0.2370274699435E+02
  0.2363956476775E+02
  0.2351229330002E+02
  0.2317877289609E+02
  0.2213867393732E+02
  0.2005146747328E+02
  0.1505600589638E+02
  0.1245320795907E+02
  0.7752899325686E+01
  0.8572828853195E+00
  0.0000000000000E+00
  0.0000000000000E+00
  0.3078664068179E+01
  0.3044280421957E+01
  0.3023194159610E+01
  0.1054512855336E+02
  0.1103978938428E+02
  0.8009825488587E+01
  0.6920091704402E+01
  0.5765936955457E+01
  0.6182470955871E+01
  0.7219910811693E+01
  0.7500712325084E+01
  0.5364555833646E+01
  0.0000000000000E+00
  0.0000000000000E+00
  0.0000000000000E+00
  0.1077828030947E+02
  0.1422499091432E+02
  0.1757801778897E+02
  0.2081127339735E+02
  0.2129324330174E+02
  0.2217852296000E+02
  0.2297618561379E+02
  0.2358562665302E+02
  0.2400272296402E+02
  0.2430943788883E+02
  0.2445006704974E+02
  0.2443055337405E+02
  0.2424851854995E+02
  0.2393285746843E+02
  0.2336430801011E+02
  0.2268481378793E+02
  0.1684512168966E+02
  0.1204904792764E+02
  0.6800612149444E+01
 -0.7994580728764E+00
  0.0000000000000E+00
  0.1886050258594E+01
  0.6521454456671E+01
  0.0000000000000E+00
  0.1251868420554E+02
  0.1331723960572E+02
  0.1337292674482E+02
  0.9246417597188E+01
  0.7821259293609E+01
  0.8105552453013E+01
  0.8960897004204E+01
  0.8968651295154E+01
  0.6499547961129E+01
  0.0000000000000E+00
  0.0000000000000E+00
  0.0000000000000E+00
  0.1231639790213E+02
  0.1639497691935E+02
  0.1949165999289E+02
  0.2063774679137E+02
  0.2193727305285E+02
  0.2291098610116E+02
  0.2362272407090E+02
  0.2428224642894E+02
  0.2493622497590E+02
  0.2551127918317E+02
  0.2592385807689E+02
  0.2604833359778E+02
  0.2575485972403E+02
  0.2502338256427E+02
  0.2392859306759E+02
  0.2209959132646E+02
  0.1792793670178E+02
  0.0000000000000E+00
  0.1106895621655E+02
  0.1759199860083E+01
  0.0000000000000E+00
  0.0000000000000E+00
  0.9005563792249E+01
  0.1108621329982E+02
  0.1416468230030E+02
  0.1474688527421E+02
  0.1346720891402E+02
  0.1035917691654E+02
  0.6658585716762E+01
  0.9702177003930E+01
  0.8714606237545E+01
  0.9106431770183E+01
  0.5483355318051E+01
  0.2287333389188E+01
  0.0000000000000E+00
  0.0000000000000E+00
  0.1396084257039E+02
  0.1727786286681E+02
  0.1992836241257E+02
  0.2103912761139E+02
  0.2268205288174E+02
  0.2353682701435E+02
  0.2429974180894E+02
  0.2516596714013E+02
  0.2606975942456E+02
  0.2681199556436E+02
  0.2718932240924E+02
  0.2709630251986E+02
  0.2659877047327E+02
  0.2577404679068E+02
  0.2451587465683E+02
  0.2263682885778E+02
  0.1948504325979E+02
  0.1775773969170E+02
  0.1375295678342E+02
  0.6453052223749E+01
  0.0000000000000E+00
  0.0000000000000E+00
  0.1008944744610E+02
  0.1249624606408E+02
  0.1532312104924E+02
  0.1650385617977E+02
  0.1605313939198E+02
  0.1329495227017E+02
  0.0000000000000E+00
  0.9387756339866E+01
  0.6987490327446E+01
  0.1013640211760E+02
  0.7604270439457E+01
  0.4389654121319E+01
  0.0000000000000E+00
  0.0000000000000E+00
  0.1505368150092E+02
  0.1773424999461E+02
  0.2024938942797E+02
  0.2166143252883E+02
  0.2309980405228E+02
  0.2386941666134E+02
  0.2459901980215E+02
  0.2529197754144E+02
  0.2586745786513E+02
  0.2623081616164E+02
  0.2630389073465E+02
  0.2641981988834E+02
  0.2639579822557E+02
  0.2595786806607E+02
  0.2506365973739E+02
  0.2357119973910E+02
  0.2134220994876E+02
  0.1992064860683E+02
  0.1590081286885E+02
  0.9163378220860E+01
  0.0000000000000E+00
  0.0000000000000E+00
  0.8547568704760E+01
  0.1539797493880E+02
  0.1689567589800E+02
  0.1820960017792E+02
  0.1835265321597E+02
  0.1607243105969E+02
  0.0000000000000E+00
  0.0000000000000E+00
  0.0000000000000E+00
  0.8810372485005E+01
  0.9340683606087E+01
  0.8107691969440E+01
  0.0000000000000E+00
  0.0000000000000E+00
  0.1549754766687E+02
  0.1832077710059E+02
  0.2053583135508E+02
  0.2201942448340E+02
  0.2258411959539E+02
  0.2307007698374E+02
  0.2328003346350E+02
  0.2299519055019E+02
  0.2257568456611E+02
  0.2211486714488E+02
  0.2276073214287E+02
  0.2445034834842E+02
  0.2539932899331E+02
  0.2568335893939E+02
  0.2546349617958E+02
  0.2467323331573E+02
  0.2292756352080E+02
  0.2156256276692E+02
  0.1777419361282E+02
  0.1191429014157E+02
  0.0000000000000E+00
  0.0000000000000E+00
  0.0000000000000E+00
  0.1487740317189E+02
  0.1814986006897E+02
  0.1939367035920E+02
  0.1955846111581E+02
  0.2027517703419E+02
  0.1774068782545E+02
  0.0000000000000E+00
  0.0000000000000E+00
  0.0000000000000E+00
  0.1067356465627E+02
  0.1107881722410E+02
  0.0000000000000E+00
  0.0000000000000E+00
  0.1506501940921E+02
  0.1874133293646E+02
  0.2074061927125E+02
  0.2166539436351E+02
  0.1918793748125E+02
  0.1908554203853E+02
  0.1853876580475E+02
  0.1746611506730E+02
  0.1666719733184E+02
  0.1796177295656E+02
  0.2058029178187E+02
  0.2265285925397E+02
  0.2361167337290E+02
  0.2403599620053E+02
  0.2441941486957E+02
  0.2428528670320E+02
  0.2272708696100E+02
  0.2245432131637E+02
  0.1968885978653E+02
  0.1580611981692E+02
  0.0000000000000E+00
  0.0000000000000E+00
  0.0000000000000E+00
  0.1685345284766E+02
  0.1877643080289E+02
  0.1921971380649E+02
  0.2088959097038E+02
  0.2085724544990E+02
  0.1914116972850E+02
  0.1642550594347E+02
  0.0000000000000E+00
  0.0000000000000E+00
  0.1259782756634E+02
  0.1421067763627E+02
  0.0000000000000E+00
  0.1381343411674E+02
  0.1673233807897E+02
  0.1780395282190E+02
  0.1843340282875E+02
  0.1881358143840E+02
  0.1621524300078E+02
  0.1657971760093E+02
  0.1768509504339E+02
  0.1996156063170E+02
  0.2218723070017E+02
  0.2326263886406E+02
  0.2328819847975E+02
  0.2263053323153E+02
  0.2153530865332E+02
  0.2026583935856E+02
  0.1938159571826E+02
  0.2052846884650E+02
  0.2156744880951E+02
  0.2253009116378E+02
  0.2120984136509E+02
  0.1868103334670E+02
  0.0000000000000E+00
  0.0000000000000E+00
  0.0000000000000E+00
  0.1796087405452E+02
  0.2092214661551E+02
  0.2181504229112E+02
  0.2191155637395E+02
  0.2198656191058E+02
  0.1858234980674E+02
  0.1440953898245E+02
  0.1615492724355E+02
  0.0000000000000E+00
  0.1401080793779E+02
  0.1721811376676E+02
  0.1601936771332E+02
  0.1670004007634E+02
  0.1643911658173E+02
  0.1568168113170E+02
  0.1531218619644E+02
  0.1589679334485E+02
  0.2349939056448E+02
  0.2471361448663E+02
  0.2552582095523E+02
  0.2595526220288E+02
  0.2605287218718E+02
  0.2587038274186E+02
  0.2539966249124E+02
  0.2422426216672E+02
  0.2193338501608E+02
  0.1999973798226E+02
  0.1895533589716E+02
  0.1899690322280E+02
  0.2082667596501E+02
  0.2008090834495E+02
  0.2343835879399E+02
  0.1918851387465E+02
  0.0000000000000E+00
  0.0000000000000E+00
  0.0000000000000E+00
  0.1979212132906E+02
  0.2254346586528E+02
  0.2369260064102E+02
  0.2249861082169E+02
  0.2263952053819E+02
  0.2038408052446E+02
  0.2023989136288E+02
  0.1997242571279E+02
  0.0000000000000E+00
  0.0000000000000E+00
  0.1652486597006E+02
  0.1916945214434E+02
  0.1814900628299E+02
  0.1858468003504E+02
  0.1887570158507E+02
  0.2069458438699E+02
  0.2227851283131E+02
  0.2618461762693E+02
  0.2662479502701E+02
  0.2679040861485E+02
  0.2675465873233E+02
  0.2660357713008E+02
  0.2635130409466E+02
  0.2604960673678E+02
  0.2587490389659E+02
  0.2586438739630E+02
  0.2588278751960E+02
  0.2561728784150E+02
  0.2511017321924E+02
  0.2423019895811E+02
  0.1048157014138E+02
  0.2671192173386E+02
  0.2442018004384E+02
  0.0000000000000E+00
  0.0000000000000E+00
  0.0000000000000E+00
  0.1746556004556E+02
  0.2232303679430E+02
  0.2121895725322E+02
  0.1916854860286E+02
  0.2059256886707E+02
  0.2106880473538E+02
  0.2088548207319E+02
  0.1825844251326E+02
  0.1349204948010E+02
  0.0000000000000E+00
  0.1789223377592E+02
  0.2109186168524E+02
  0.2055457742012E+02
  0.2175879984658E+02
  0.2310026475107E+02
  0.2452250604112E+02
  0.2550665212861E+02
  0.2606201078615E+02
  0.2572937011112E+02
  0.2526834800433E+02
  0.2492091501783E+02
  0.2455930859510E+02
  0.2399394201120E+02
  0.2330830842911E+02
  0.2294926140145E+02
  0.2321060097031E+02
  0.2385776204815E+02
  0.2445924642198E+02
  0.2498301574588E+02
  0.2574569394563E+02
  0.2288929041912E+02
  0.2392035917092E+02
  0.2574301126988E+02
  0.0000000000000E+00
  0.0000000000000E+00
  0.0000000000000E+00
  0.2367993580787E+02
  0.2527254158052E+02
  0.1793281214927E+02
  0.2288619610994E+02
  0.1442230481451E+02
  0.1085099546657E+02
  0.1409402472264E+02
  0.1665345802210E+02
  0.2152691375294E+02
  0.0000000000000E+00
  0.1566627593110E+02
  0.2065782156692E+02
  0.2069533003120E+02
  0.2201201678901E+02
  0.2393536316197E+02
  0.2537083760471E+02
  0.2598944900229E+02
  0.2050774152809E+02
  0.2019203215413E+02
  0.1990234922192E+02
  0.1952103365278E+02
  0.1897590287420E+02
  0.1815112049921E+02
  0.1716809983258E+02
  0.1651263182527E+02
  0.1641719399966E+02
  0.1690114123982E+02
  0.1779496979101E+02
  0.1922071055277E+02
  0.2232465947546E+02
  0.2750036501741E+02
  0.1944273584033E+02
  0.1984352546115E+02
  0.0000000000000E+00
  0.0000000000000E+00
  0.0000000000000E+00
  0.2612205010032E+02
  0.2717669473414E+02
  0.2680893351751E+02
  0.2617465654885E+02
  0.2491155145626E+02
  0.2255596358675E+02
  0.2357705127018E+02
  0.2429238407361E+02
  0.2344511279834E+02
  0.1872847415025E+02
  0.2152456343939E+02
  0.1981147674732E+02
  0.1845008432057E+02
  0.1873252125204E+02
  0.2059508419337E+02
  0.2133009736917E+02
  0.2093776138154E+02
  0.2490325463931E+02
  0.2475108754681E+02
  0.2468361971905E+02
  0.2460911002283E+02
  0.2456734831906E+02
  0.2443187827588E+02
  0.2412775953453E+02
  0.2382966291948E+02
  0.2351659616381E+02
  0.2308510314550E+02
  0.2238747364879E+02
  0.2172221846277E+02
  0.2373290853419E+02
  0.2645407654812E+02
  0.2833527774056E+02
  0.1997133361626E+02
  0.0000000000000E+00
  0.0000000000000E+00
  0.0000000000000E+00
  0.2696424642861E+02
  0.2546567841568E+02
  0.2775473712910E+02
  0.0000000000000E+00
  0.2519370908739E+02
  0.2618283771990E+02
  0.2653672622132E+02
  0.2500715607505E+02
  0.2294585247775E+02
  0.2181686982858E+02
  0.2453845246396E+02
  0.2400646918085E+02
  0.2243792377201E+02
  0.2284925153343E+02
  0.2425948188562E+02
  0.2490753052222E+02
  0.2504044210280E+02
  0.2934698485936E+02
  0.2933037296644E+02
  0.2912637475834E+02
  0.2881486153682E+02
  0.2842671926741E+02
  0.2813376952878E+02
  0.2806775163206E+02
  0.2831207010536E+02
  0.2869900051132E+02
  0.2908282873977E+02
  0.2937832233118E+02
  0.2929298378026E+02
  0.2798543151934E+02
  0.2159076329922E+02
  0.2318682512465E+02
  0.2762461443134E+02
  0.1315867835171E+02
  0.1503376163258E+02
  0.2230050652154E+02
  0.2974031536832E+02
  0.2634849549519E+02
  0.2663061826475E+02
  0.0000000000000E+00
  0.2532687429518E+02
  0.2402890512258E+02
  0.2460863769550E+02
  0.2479218573115E+02
  0.2209678861427E+02
  0.2149469876218E+02
  0.2442663787829E+02
  0.2517030033648E+02
  0.2544902106604E+02
  0.2574701164353E+02
  0.2744873950571E+02
  0.2851715499116E+02
  0.2912019649519E+02
  0.2871843597848E+02
  0.2991672416915E+02
  0.3126694139992E+02
  0.3229724359897E+02
  0.3262068003190E+02
  0.3246669721202E+02
  0.3204206038488E+02
  0.3188378019559E+02
  0.3208681162145E+02
  0.3242945571793E+02
  0.3272700468127E+02
  0.3266590882791E+02
  0.3133327534747E+02
  0.2728284161621E+02
  0.1928518607692E+02
  0.1295713601065E+02
  0.2137156024476E+02
  0.2547039954648E+02
  0.2822647581816E+02
  0.3078292639182E+02
  0.3045317511629E+02
  0.0000000000000E+00
  0.2712303345377E+02
  0.2592638300315E+02
  0.2421370379592E+02
  0.2484395728635E+02
  0.2471385498174E+02
  0.2356363729150E+02
  0.2120714980343E+02
  0.2017058309084E+02
  0.2054542108130E+02
  0.2229823219892E+02
  0.2365707558881E+02
  0.2490608893396E+02
  0.2631864646083E+02
  0.2766245228678E+02
  0.2753598664285E+02
  0.2818360290495E+02
  0.2927187926666E+02
  0.3091381034115E+02
  0.3281831131881E+02
  0.3437441606555E+02
  0.3515664639024E+02
  0.3507163099151E+02
  0.3478953048590E+02
  0.3478926300817E+02
  0.3491350514934E+02
  0.3480702809815E+02
  0.3416525018253E+02
  0.3256997334585E+02
  0.3009714758342E+02
  0.2959616856989E+02
  0.3193714479207E+02
  0.3136526975495E+02
  0.3126967573476E+02
  0.3164370161269E+02
  0.3078515707861E+02
  0.0000000000000E+00
  0.2538985509346E+02
  0.2773259785522E+02
  0.2662663590839E+02
  0.2710338371268E+02
  0.2673025340734E+02
  0.2590392113601E+02
  0.2426192322847E+02
  0.2386885850587E+02
  0.2364624814889E+02
  0.2393664993406E+02
  0.2483393942021E+02
  0.2601852342990E+02
  0.2632332689309E+02
  0.2702116143237E+02
  0.3118872991504E+02
  0.3150276615787E+02
  0.3177295870861E+02
  0.3216473464954E+02
  0.3313288304378E+02
  0.3456016305667E+02
  0.3600975073717E+02
  0.3689172896893E+02
  0.3708701505084E+02
  0.3687697051488E+02
  0.3674746628448E+02
  0.3668753561911E+02
  0.3655050492228E+02
  0.3644456569990E+02
  0.3636474538500E+02
  0.3576989923610E+02
  0.3506215760188E+02
  0.3415723686382E+02
  0.3499532288452E+02
  0.3603444880049E+02
  0.3468934760575E+02
  0.2385764572671E+02
  0.3355647512568E+02
  0.3120857634548E+02
  0.3041818793409E+02
  0.2979645981444E+02
  0.2929557030078E+02
  0.2892226751234E+02
  0.2877540506715E+02
  0.2888954901941E+02
  0.2905825192234E+02
  0.2946373589744E+02
  0.3001495756452E+02
  0.3034809099393E+02
  0.3050178144393E+02
  0.3086897094543E+02
  0.3422595879725E+02
  0.3444292037752E+02
  0.3473411753301E+02
  0.3516095140875E+02
  0.3575110104753E+02
  0.3644294721621E+02
  0.3714959997251E+02
  0.3790574178496E+02
  0.3853036448353E+02
  0.3867622527968E+02
  0.3853430910769E+02
  0.3845129166868E+02
  0.3847631090664E+02
  0.3839357886450E+02
  0.3798608575942E+02
  0.3750521537640E+02
  0.3694486534036E+02
  0.3701690747395E+02
  0.3800838368306E+02
  0.3867587348376E+02
  0.3916330353124E+02
  0.3385674232540E+02
  0.3413776805036E+02
  0.3286997631068E+02
  0.3209816393030E+02
  0.3160194172183E+02
  0.3148685950664E+02
  0.3143045750048E+02
  0.3155313657439E+02
  0.3176012266814E+02
  0.3206573010501E+02
  0.3252664744505E+02
  0.3304281946431E+02
  0.3339715994131E+02
  0.3372932200630E+02
  0.3401668036089E+02
  0.3629822228552E+02
  0.3645994590598E+02
  0.3668888908437E+02
  0.3706978481210E+02
  0.3750342185064E+02
  0.3795941177647E+02
  0.3845181096026E+02
  0.3900219280239E+02
  0.3949377956395E+02
  0.3972302673635E+02
  0.3969096636670E+02
  0.3957462801232E+02
  0.3957013875339E+02
  0.3931837106328E+02
  0.3856019941496E+02
  0.3779360069912E+02
  0.3762965836699E+02
  0.3881782363113E+02
  0.3999180371728E+02
  0.4098976117840E+02
  0.4116591818414E+02
  0.2108757154350E+02
  0.2795249809501E+02
  0.3100686224353E+02
  0.3202534561296E+02
  0.3232471278869E+02
  0.3264638948637E+02
  0.3290685367157E+02
  0.3328704150058E+02
  0.3364665892513E+02
  0.3401715373752E+02
  0.3448946626295E+02
  0.3499965915716E+02
  0.3542175061685E+02
  0.3582037238492E+02
  0.3610481743757E+02
  0.3577750115529E+02
  0.3603485411497E+02
  0.3637112571511E+02
  0.3688327112250E+02
  0.3735018595132E+02
  0.3774352070771E+02
  0.3807025204953E+02
  0.3829075840202E+02
  0.3831777864456E+02
  0.3795749734853E+02
  0.3671530361960E+02
  0.3428496749001E+02
  0.3136204708037E+02
  0.3134014104786E+02
  0.3380993169241E+02
  0.3520571111642E+02
  0.3744001518615E+02
  0.4011967088277E+02
  0.4361126389530E+02
  0.4553496516556E+02
  0.4544887835566E+02
  0.5245846281161E+02
  0.4677504602656E+02
  0.3787647528884E+02
  0.3310135131295E+02
  0.3223344330927E+02
  0.3170255763159E+02
  0.3114725315029E+02
  0.3121915333510E+02
  0.3199493667210E+02
  0.3289476524517E+02
  0.3375301434548E+02
  0.3445101685155E+02
  0.3503500636289E+02
  0.3544256012216E+02
  0.3562196701025E+02
  0.3539965812608E+02
  0.3481372743328E+02
  0.3434786565096E+02
  0.3483712461279E+02
  0.3519988337531E+02
  0.3532949395221E+02
  0.3531539287971E+02
  0.3502174601377E+02
  0.3431318445672E+02
  0.3450992061405E+02
  0.3632546128659E+02
  0.3863455427731E+02
  0.4001777292286E+02
  0.4064203027391E+02
  0.4278443804072E+02
  0.4508697244612E+02
  0.4578998315238E+02
  0.4621583165309E+02
  0.0000000000000E+00
  0.0000000000000E+00
  0.0000000000000E+00
  0.4817407243812E+02
  0.6161894078766E+02
  0.5405644086442E+02
  0.4501754420295E+02
  0.3998424696579E+02
  0.3797088915638E+02
  0.3680089502358E+02
  0.3626853209034E+02
  0.3563889254975E+02
  0.3508871682599E+02
  0.3488054139082E+02
  0.3516984795804E+02
  0.3571943933627E+02
  0.3609658760880E+02
  0.3597402536200E+02
  0.3977172879286E+02
  0.4050780798703E+02
  0.4092676089415E+02
  0.4092046590852E+02
  0.4096787308441E+02
  0.4123638627767E+02
  0.4161637267727E+02
  0.4190813222502E+02
  0.4215852954430E+02
  0.4198083539768E+02
  0.4114135139253E+02
  0.3967302983246E+02
  0.3764813437565E+02
  0.3578923951678E+02
  0.3753806550012E+02
  0.4276397589947E+02
  0.4799291788535E+02
  0.4853481611192E+02
  0.0000000000000E+00
  0.0000000000000E+00
  0.0000000000000E+00
  0.4428049767372E+02
  0.6026647367667E+02
  0.5906090778665E+02
  0.5429985399336E+02
  0.4926405758983E+02
  0.4453357527829E+02
  0.4035167112520E+02
  0.3715248801377E+02
  0.3620301351789E+02
  0.3587775101047E+02
  0.3706103191961E+02
  0.3693225016616E+02
  0.3718459071295E+02
  0.3785961229196E+02
  0.3878856713202E+02
  0.3476465790875E+02
  0.3465176935937E+02
  0.3435200582352E+02
  0.3653703824846E+02
  0.3733237793089E+02
  0.3777413536907E+02
  0.3814536863520E+02
  0.3852605855280E+02
  0.3879748655880E+02
  0.3874561246405E+02
  0.3822287763716E+02
  0.3715249669952E+02
  0.3528303265155E+02
  0.3283822542340E+02
  0.3282861244461E+02
  0.3987872326217E+02
  0.4734021563520E+02
  0.5718352473176E+02
  0.0000000000000E+00
  0.0000000000000E+00
  0.0000000000000E+00
  0.3993839136002E+02
  0.4999086773801E+02
  0.4980913125974E+02
  0.5037145032644E+02
  0.5022505936481E+02
  0.4855658502278E+02
  0.4698996225935E+02
  0.4509584669396E+02
  0.4291039802652E+02
  0.4083019373725E+02
  0.3907048231763E+02
  0.3764838231606E+02
  0.3645318172683E+02
  0.3549016197948E+02
  0.3496388782391E+02
  0.3992654449645E+02
  0.3953684477552E+02
  0.3904975822114E+02
  0.3837910459028E+02
  0.3775688868875E+02
  0.3733186591587E+02
  0.3720381215031E+02
  0.3744881612853E+02
  0.3798995760905E+02
  0.3831666978809E+02
  0.3843058526489E+02
  0.3802919701616E+02
  0.3714771633915E+02
  0.3563751948732E+02
  0.3398923287417E+02
  0.3783736913913E+02
  0.4504688264107E+02
  0.6433893268173E+02
  0.5618827222760E+02
  0.4842850619962E+02
  0.3859929340200E+02
  0.3500283039081E+02
  0.3182917158427E+02
  0.3271305544838E+02
  0.3601076621165E+02
  0.3781635144429E+02
  0.4122360541896E+02
  0.4357626288553E+02
  0.4375746948524E+02
  0.4426189557564E+02
  0.4410984579012E+02
  0.4349883778413E+02
  0.4279008502818E+02
  0.4211619718853E+02
  0.4030646018383E+02
  0.4000638276406E+02
  0.4391515004572E+02
  0.4242147495150E+02
  0.4266291232345E+02
  0.4286014354994E+02
  0.4284246588698E+02
  0.4275295958306E+02
  0.4287993455686E+02
  0.4318848968150E+02
  0.4378684356753E+02
  0.4237371137881E+02
  0.4281394854371E+02
  0.4326511452149E+02
  0.4347627849202E+02
  0.4336644318659E+02
  0.4226697627466E+02
  0.4147657161458E+02
  0.4440865047967E+02
  0.4965445870427E+02
  0.4880750693530E+02
  0.4475131583928E+02
  0.3886219525665E+02
  0.3296148836136E+02
  0.2954279883278E+02
  0.2889720343308E+02
  0.2834740047932E+02
  0.2886419821249E+02
  0.3149827770375E+02
  0.3427108948243E+02
  0.3700571484366E+02
  0.3887098330251E+02
  0.4005377930957E+02
  0.4050326571772E+02
  0.4065605722483E+02
  0.4212259480797E+02
  0.4298143158680E+02
  0.4342720883049E+02
  0.3998948339548E+02
  0.4115219434930E+02
  0.4181533697415E+02
  0.4223210319609E+02
  0.4223342154212E+02
  0.4220860214764E+02
  0.4250406567502E+02
  0.4254477137864E+02
  0.4190526027569E+02
  0.4173530257355E+02
  0.4264976918730E+02
  0.4342888849467E+02
  0.4393788745209E+02
  0.4405868207028E+02
  0.4360324093801E+02
  0.4187083322243E+02
  0.4258512487121E+02
  0.4652108693087E+02
  0.4615325833449E+02
  0.4449554840273E+02
  0.3920925397337E+02
  0.3744110710912E+02
  0.3479415530586E+02
  0.3258652588983E+02
  0.3047429504414E+02
  0.2872390585413E+02
  0.2790537806239E+02
  0.2887718814579E+02
  0.3103040867214E+02
  0.3310540003405E+02
  0.3497489340058E+02
  0.3663493506227E+02
  0.3753953457668E+02
  0.3856499548104E+02
  0.3963209980371E+02
  0.3923151930715E+02
  0.3110531711183E+02
  0.3111248604016E+02
  0.3102507115851E+02
  0.3090946880079E+02
  0.3030133844696E+02
  0.3014731176055E+02
  0.3008895573390E+02
  0.3010813356276E+02
  0.3017933899408E+02
  0.3035498465342E+02
  0.3064752116457E+02
  0.3074909912822E+02
  0.3047871909314E+02
  0.3061190194440E+02
  0.3068430911941E+02
  0.3061454406774E+02
  0.3062324469787E+02
  0.3069324044982E+02
  0.3088151896220E+02
  0.3115249755121E+02
  0.3142548803684E+02
  0.3150987127709E+02
  0.3139782404753E+02
  0.3128849779337E+02
  0.3118143243541E+02
  0.3117528331641E+02
  0.3143790655506E+02
  0.3146472548522E+02
  0.3131787696821E+02
  0.3109551194443E+02
  0.3083503168319E+02
  0.3062491886673E+02
  0.3057674713015E+02
  0.3065991700556E+02
  0.3084420467973E+02
  0.3100764040092E+02
  0.2567721449413E+02
  0.2539414201701E+02
  0.2520547297504E+02
  0.2293244372864E+02
  0.2262617974391E+02
  0.2270470990207E+02
  0.2316516051662E+02
  0.2817679746908E+02
  0.3030262730479E+02
  0.3273576191540E+02
  0.3502251071271E+02
  0.3361474752407E+02
  0.4105202623433E+02
  0.4077706207154E+02
  0.4071295317556E+02
  0.4085862627112E+02
  0.4126609269397E+02
  0.2959713164099E+02
  0.2781264627548E+02
  0.2581891291032E+02
  0.2521707932695E+02
  0.2282950419365E+02
  0.1362205609812E+02
  0.1317776723188E+02
  0.1333483592715E+02
  0.1401857966908E+02
  0.1501223061372E+02
  0.1555695813777E+02
  0.1601445677510E+02
  0.1598874027396E+02
  0.1570352641783E+02
  0.1576515436561E+02
  0.1564947196782E+02
  0.1559322349029E+02
  0.1562141571011E+02
  0.2567863547499E+02
  0.3100559951415E+03
  0.9434392227820E+02
  0.9287897671942E+02
  0.9165834593135E+02
  0.9149759099059E+02
  0.3100559951415E+03
  0.9075933961054E+02
  0.9107139915322E+02
  0.9277214575407E+02
  0.9487900163253E+02
  0.9301679854245E+02
  0.9301679854245E+02
  0.3100559951415E+03
  0.3100559951415E+03
  0.3100559951415E+03
  0.3100559951415E+03
  0.3100559951415E+03
  0.3100559951415E+03
  0.3100559951415E+03
  0.3100559951415E+03
  0.3100559951415E+03
  0.3100559951415E+03
  0.3100559951415E+03
  0.3100559951415E+03
  0.3100559951415E+03
  0.3100559951415E+03
  0.3100559951415E+03
  0.3100559951415E+03
  0.3100559951415E+03
  0.3100559951415E+03
  0.3100559951415E+03
  0.9301679854245E+02
  0.9301679854245E+02
  0.9301679854245E+02
  0.9301679854245E+02
  0.9301679854245E+02
  0.9041207423993E+02
  0.3013735807998E+03
  0.3013735807998E+03
  0.3013735807998E+03
  0.9041207423993E+02
  0.9041207423993E+02
  0.9041207423993E+02
  0.9041207423993E+02
  0.9041207423993E+02
  0.3013735807998E+03
  0.9041207423993E+02
  0.9041207423993E+02
  0.9041207423993E+02
  0.9041207423993E+02
  0.9041207423993E+02
  0.3013735807998E+03
  0.3013735807998E+03
  0.3013735807998E+03
  0.3013735807998E+03
  0.3013735807998E+03
  0.3013735807998E+03
  0.3013735807998E+03
  0.3013735807998E+03
  0.3013735807998E+03
  0.3013735807998E+03
  0.3013735807998E+03
  0.3013735807998E+03
  0.3013735807998E+03
  0.3013735807998E+03
  0.3013735807998E+03
  0.3013735807998E+03
  0.3013735807998E+03
  0.9041207423993E+02
  0.9041207423993E+02
  0.9041207423993E+02
  0.9041207423993E+02
  0.9135312412029E+02
  0.9135312412029E+02
  0.9135312412029E+02
  0.9135312412029E+02
  0.9135312412029E+02
  0.9135312412029E+02
  0.9135312412029E+02
  0.9135312412029E+02
  0.9135312412029E+02
  0.9135312412029E+02
  0.3045104137343E+03
  0.9135312412029E+02
  0.9135312412029E+02
  0.9135312412029E+02
  0.9135312412029E+02
  0.3045104137343E+03
  0.3045104137343E+03
  0.3045104137343E+03
  0.3045104137343E+03
  0.3045104137343E+03
  0.3045104137343E+03
  0.3045104137343E+03
  0.3045104137343E+03
  0.3045104137343E+03
  0.3045104137343E+03
  0.3045104137343E+03
  0.3045104137343E+03
  0.3045104137343E+03
  0.3045104137343E+03
  0.3045104137343E+03
  0.3045104137343E+03
  0.3045104137343E+03
  0.9135312412029E+02
  0.9135312412029E+02
  0.9135312412029E+02
  0.9135312412029E+02
  0.9457819405734E+02
  0.9457819405734E+02
  0.9457819405734E+02
  0.9457819405734E+02
  0.9457819405734E+02
  0.9457819405734E+02
  0.9457819405734E+02
  0.9457819405734E+02
  0.9457819405734E+02
  0.9457819405734E+02
  0.9457819405734E+02
  0.9457819405734E+02
  0.3152606468578E+03
  0.3152606468578E+03
  0.3152606468578E+03
  0.3152606468578E+03
  0.3152606468578E+03
  0.3152606468578E+03
  0.3152606468578E+03
  0.3152606468578E+03
  0.3152606468578E+03
  0.3152606468578E+03
  0.3152606468578E+03
  0.3152606468578E+03
  0.3152606468578E+03
  0.3152606468578E+03
  0.3152606468578E+03
  0.3152606468578E+03
  0.3152606468578E+03
  0.3152606468578E+03
  0.3152606468578E+03
  0.3152606468578E+03
  0.9457819405734E+02
  0.9457819405734E+02
  0.9457819405734E+02
  0.9457819405734E+02
  0.9801825759687E+02
  0.9801825759687E+02
  0.9801825759687E+02
  0.9801825759687E+02
  0.9801825759687E+02
  0.9801825759687E+02
  0.9801825759687E+02
  0.9801825759687E+02
  0.9801825759687E+02
  0.9801825759687E+02
  0.9801825759687E+02
  0.9801825759687E+02
  0.3267275253229E+03
  0.3267275253229E+03
  0.3267275253229E+03
  0.3267275253229E+03
  0.3267275253229E+03
  0.3267275253229E+03
  0.3267275253229E+03
  0.3267275253229E+03
  0.3267275253229E+03
  0.9801825759687E+02
  0.9801825759687E+02
  0.3267275253229E+03
  0.3267275253229E+03
  0.3267275253229E+03
  0.3267275253229E+03
  0.3267275253229E+03
  0.3267275253229E+03
  0.3267275253229E+03
  0.3267275253229E+03
  0.3267275253229E+03
  0.9801825759687E+02
  0.9801825759687E+02
  0.9801825759687E+02
  0.9801825759687E+02
  0.1023943205395E+03
  0.1023943205395E+03
  0.1023943205395E+03
  0.1023943205395E+03
  0.1023943205395E+03
  0.1023943205395E+03
  0.1023943205395E+03
  0.1023943205395E+03
  0.1023943205395E+03
  0.1023943205395E+03
  0.1023943205395E+03
  0.1023943205395E+03
  0.1023943205395E+03
  0.3413144017984E+03
  0.3413144017984E+03
  0.3413144017984E+03
  0.3413144017984E+03
  0.3413144017984E+03
  0.3413144017984E+03
  0.3413144017984E+03
  0.1023943205395E+03
  0.1023943205395E+03
  0.1023943205395E+03
  0.3413144017984E+03
  0.3413144017984E+03
  0.3413144017984E+03
  0.3413144017984E+03
  0.1023943205395E+03
  0.1023943205395E+03
  0.3413144017984E+03
  0.3413144017984E+03
  0.3413144017984E+03
  0.1023943205395E+03
  0.1023943205395E+03
  0.1023943205395E+03
  0.1023943205395E+03
  0.1066951251672E+03
  0.1066951251672E+03
  0.1066951251672E+03
  0.1066951251672E+03
  0.1066951251672E+03
  0.1066951251672E+03
  0.1066951251672E+03
  0.1066951251672E+03
  0.1066951251672E+03
  0.1066951251672E+03
  0.1066951251672E+03
  0.1066951251672E+03
  0.1066951251672E+03
  0.3556504172239E+03
  0.3556504172239E+03
  0.3556504172239E+03
  0.3556504172239E+03
  0.3556504172239E+03
  0.3556504172239E+03
  0.1066951251672E+03
  0.1066951251672E+03
  0.1066951251672E+03
  0.1066951251672E+03
  0.3556504172239E+03
  0.3556504172239E+03
  0.3556504172239E+03
  0.1066951251672E+03
  0.1066951251672E+03
  0.1066951251672E+03
  0.3556504172239E+03
  0.3556504172239E+03
  0.3556504172239E+03
  0.1066951251672E+03
  0.1066951251672E+03
  0.1066951251672E+03
  0.1066951251672E+03
  0.1104322634548E+03
  0.1104322634548E+03
  0.1104322634548E+03
  0.1104322634548E+03
  0.1104322634548E+03
  0.1104322634548E+03
  0.1104322634548E+03
  0.1104322634548E+03
  0.1104322634548E+03
  0.1104322634548E+03
  0.1104322634548E+03
  0.1104322634548E+03
  0.1104322634548E+03
  0.1104322634548E+03
  0.1104322634548E+03
  0.3681075448494E+03
  0.3681075448494E+03
  0.1104322634548E+03
  0.1104322634548E+03
  0.1104322634548E+03
  0.1104322634548E+03
  0.1104322634548E+03
  0.1104322634548E+03
  0.1104322634548E+03
  0.1104322634548E+03
  0.1104322634548E+03
  0.1104322634548E+03
  0.1104322634548E+03
  0.1104322634548E+03
  0.3681075448494E+03
  0.3681075448494E+03
  0.3681075448494E+03
  0.1104322634548E+03
  0.1104322634548E+03
  0.1104322634548E+03
  0.1104322634548E+03
  0.1134355007604E+03
  0.1134355007604E+03
  0.1134355007604E+03
  0.1134355007604E+03
  0.1134355007604E+03
  0.1134355007604E+03
  0.1134355007604E+03
  0.1134355007604E+03
  0.1134355007604E+03
  0.1134355007604E+03
  0.1134355007604E+03
  0.1134355007604E+03
  0.1134355007604E+03
  0.1134355007604E+03
  0.1134355007604E+03
  0.3781183358681E+03
  0.3781183358681E+03
  0.1134355007604E+03
  0.1134355007604E+03
  0.1134355007604E+03
  0.1134355007604E+03
  0.1134355007604E+03
  0.1134355007604E+03
  0.1134355007604E+03
  0.1134355007604E+03
  0.1134355007604E+03
  0.1134355007604E+03
  0.1134355007604E+03
  0.1134355007604E+03
  0.3781183358681E+03
  0.3781183358681E+03
  0.3781183358681E+03
  0.1134355007604E+03
  0.1134355007604E+03
  0.1134355007604E+03
  0.1134355007604E+03
  0.1144324565225E+03
  0.1144324565225E+03
  0.1144324565225E+03
  0.1144324565225E+03
  0.1144324565225E+03
  0.1144324565225E+03
  0.1144324565225E+03
  0.1144324565225E+03
  0.1144324565225E+03
  0.1144324565225E+03
  0.1144324565225E+03
  0.1144324565225E+03
  0.1144324565225E+03
  0.1144324565225E+03
  0.1144324565225E+03
  0.1144324565225E+03
  0.3814415217416E+03
  0.1144324565225E+03
  0.1144324565225E+03
  0.3814415217416E+03
  0.1144324565225E+03
  0.1144324565225E+03
  0.1144324565225E+03
  0.1144324565225E+03
  0.1144324565225E+03
  0.1144324565225E+03
  0.1144324565225E+03
  0.1144324565225E+03
  0.1144324565225E+03
  0.3814415217416E+03
  0.3814415217416E+03
  0.3814415217416E+03
  0.1144324565225E+03
  0.1144324565225E+03
  0.1144324565225E+03
  0.1144324565225E+03
  0.1149002077831E+03
  0.1149002077831E+03
  0.1149002077831E+03
  0.1149002077831E+03
  0.1149002077831E+03
  0.1149002077831E+03
  0.1149002077831E+03
  0.1149002077831E+03
  0.1149002077831E+03
  0.1149002077831E+03
  0.1149002077831E+03
  0.1149002077831E+03
  0.1149002077831E+03
  0.3830006926104E+03
  0.1149002077831E+03
  0.1149002077831E+03
  0.3830006926104E+03
  0.3830006926104E+03
  0.1149002077831E+03
  0.1149002077831E+03
  0.1149002077831E+03
  0.1149002077831E+03
  0.1149002077831E+03
  0.1149002077831E+03
  0.1149002077831E+03
  0.1149002077831E+03
  0.1149002077831E+03
  0.1149002077831E+03
  0.1149002077831E+03
  0.1149002077831E+03
  0.3830006926104E+03
  0.3830006926104E+03
  0.1149002077831E+03
  0.1149002077831E+03
  0.1149002077831E+03
  0.1149002077831E+03
  0.1137045302193E+03
  0.1137045302193E+03
  0.1137045302193E+03
  0.1137045302193E+03
  0.1137045302193E+03
  0.1137045302193E+03
  0.1137045302193E+03
  0.1137045302193E+03
  0.1137045302193E+03
  0.1137045302193E+03
  0.1137045302193E+03
  0.1137045302193E+03
  0.1137045302193E+03
  0.1137045302193E+03
  0.1137045302193E+03
  0.1137045302193E+03
  0.3790151007312E+03
  0.3790151007312E+03
  0.1137045302193E+03
  0.1137045302193E+03
  0.1137045302193E+03
  0.1137045302193E+03
  0.1137045302193E+03
  0.1137045302193E+03
  0.3790151007312E+03
  0.1137045302193E+03
  0.1137045302193E+03
  0.1137045302193E+03
  0.1137045302193E+03
  0.1137045302193E+03
  0.3790151007312E+03
  0.3790151007312E+03
  0.1137045302193E+03
  0.1137045302193E+03
  0.1137045302193E+03
  0.1137045302193E+03
  0.1108545862659E+03
  0.1108545862659E+03
  0.1108545862659E+03
  0.1108545862659E+03
  0.1108545862659E+03
  0.1108545862659E+03
  0.1108545862659E+03
  0.1108545862659E+03
  0.1108545862659E+03
  0.1108545862659E+03
  0.1108545862659E+03
  0.1108545862659E+03
  0.1108545862659E+03
  0.1108545862659E+03
  0.1108545862659E+03
  0.1108545862659E+03
  0.3695152875531E+03
  0.3695152875531E+03
  0.1108545862659E+03
  0.1108545862659E+03
  0.1108545862659E+03
  0.1108545862659E+03
  0.1108545862659E+03
  0.1108545862659E+03
  0.3695152875531E+03
  0.3695152875531E+03
  0.3695152875531E+03
  0.1108545862659E+03
  0.1108545862659E+03
  0.1108545862659E+03
  0.3695152875531E+03
  0.3695152875531E+03
  0.1108545862659E+03
  0.1108545862659E+03
  0.1108545862659E+03
  0.1108545862659E+03
  0.1066251626843E+03
  0.1066251626843E+03
  0.1066251626843E+03
  0.1066251626843E+03
  0.1066251626843E+03
  0.1066251626843E+03
  0.1066251626843E+03
  0.1066251626843E+03
  0.1066251626843E+03
  0.1066251626843E+03
  0.1066251626843E+03
  0.1066251626843E+03
  0.1066251626843E+03
  0.1066251626843E+03
  0.1066251626843E+03
  0.1066251626843E+03
  0.3554172089476E+03
  0.3554172089476E+03
  0.3554172089476E+03
  0.1066251626843E+03
  0.1066251626843E+03
  0.1066251626843E+03
  0.1066251626843E+03
  0.1066251626843E+03
  0.1066251626843E+03
  0.3554172089476E+03
  0.3554172089476E+03
  0.3554172089476E+03
  0.1066251626843E+03
  0.1066251626843E+03
  0.3554172089476E+03
  0.3554172089476E+03
  0.1066251626843E+03
  0.1066251626843E+03
  0.1066251626843E+03
  0.1066251626843E+03
  0.1026438841580E+03
  0.1026438841580E+03
  0.1026438841580E+03
  0.1026438841580E+03
  0.1026438841580E+03
  0.1026438841580E+03
  0.1026438841580E+03
  0.1026438841580E+03
  0.1026438841580E+03
  0.1026438841580E+03
  0.1026438841580E+03
  0.1026438841580E+03
  0.1026438841580E+03
  0.1026438841580E+03
  0.1026438841580E+03
  0.1026438841580E+03
  0.3421462805266E+03
  0.3421462805266E+03
  0.3421462805266E+03
  0.1026438841580E+03
  0.1026438841580E+03
  0.1026438841580E+03
  0.1026438841580E+03
  0.1026438841580E+03
  0.1026438841580E+03
  0.1026438841580E+03
  0.3421462805266E+03
  0.3421462805266E+03
  0.1026438841580E+03
  0.1026438841580E+03
  0.3421462805266E+03
  0.1026438841580E+03
  0.1026438841580E+03
  0.1026438841580E+03
  0.1026438841580E+03
  0.1026438841580E+03
  0.1000773113500E+03
  0.1000773113500E+03
  0.1000773113500E+03
  0.1000773113500E+03
  0.1000773113500E+03
  0.1000773113500E+03
  0.1000773113500E+03
  0.1000773113500E+03
  0.1000773113500E+03
  0.1000773113500E+03
  0.1000773113500E+03
  0.1000773113500E+03
  0.1000773113500E+03
  0.1000773113500E+03
  0.1000773113500E+03
  0.1000773113500E+03
  0.3335910378334E+03
  0.3335910378334E+03
  0.3335910378334E+03
  0.1000773113500E+03
  0.1000773113500E+03
  0.1000773113500E+03
  0.1000773113500E+03
  0.1000773113500E+03
  0.1000773113500E+03
  0.1000773113500E+03
  0.1000773113500E+03
  0.3335910378334E+03
  0.1000773113500E+03
  0.1000773113500E+03
  0.1000773113500E+03
  0.1000773113500E+03
  0.1000773113500E+03
  0.1000773113500E+03
  0.1000773113500E+03
  0.1000773113500E+03
  0.9936083270009E+02
  0.9936083270009E+02
  0.9936083270009E+02
  0.9936083270009E+02
  0.9936083270009E+02
  0.9936083270009E+02
  0.9936083270009E+02
  0.9936083270009E+02
  0.9936083270009E+02
  0.9936083270009E+02
  0.9936083270009E+02
  0.9936083270009E+02
  0.9936083270009E+02
  0.9936083270009E+02
  0.9936083270009E+02
  0.9936083270009E+02
  0.3312027756670E+03
  0.3312027756670E+03
  0.3312027756670E+03
  0.9936083270009E+02
  0.9936083270009E+02
  0.9936083270009E+02
  0.9936083270009E+02
  0.9936083270009E+02
  0.9936083270009E+02
  0.9936083270009E+02
  0.9936083270009E+02
  0.3312027756670E+03
  0.3312027756670E+03
  0.9936083270009E+02
  0.9936083270009E+02
  0.9936083270009E+02
  0.9936083270009E+02
  0.9936083270009E+02
  0.9936083270009E+02
  0.9936083270009E+02
  0.9764126942111E+02
  0.9764126942111E+02
  0.9764126942111E+02
  0.9764126942111E+02
  0.9764126942111E+02
  0.9764126942111E+02
  0.9764126942111E+02
  0.9764126942111E+02
  0.9764126942111E+02
  0.9764126942111E+02
  0.9764126942111E+02
  0.9764126942111E+02
  0.9764126942111E+02
  0.9764126942111E+02
  0.9764126942111E+02
  0.9764126942111E+02
  0.3254708980704E+03
  0.3254708980704E+03
  0.3254708980704E+03
  0.9764126942111E+02
  0.9764126942111E+02
  0.9764126942111E+02
  0.9764126942111E+02
  0.9764126942111E+02
  0.9764126942111E+02
  0.9764126942111E+02
  0.9764126942111E+02
  0.9764126942111E+02
  0.3254708980704E+03
  0.9764126942111E+02
  0.9764126942111E+02
  0.9764126942111E+02
  0.9764126942111E+02
  0.9764126942111E+02
  0.9764126942111E+02
  0.9764126942111E+02
  0.9450731851923E+02
  0.9450731851923E+02
  0.9450731851923E+02
  0.9450731851923E+02
  0.9450731851923E+02
  0.9450731851923E+02
  0.9450731851923E+02
  0.9450731851923E+02
  0.9450731851923E+02
  0.9450731851923E+02
  0.9450731851923E+02
  0.9450731851923E+02
  0.9450731851923E+02
  0.9450731851923E+02
  0.9450731851923E+02
  0.9450731851923E+02
  0.3150243950641E+03
  0.3150243950641E+03
  0.3150243950641E+03
  0.9450731851923E+02
  0.9450731851923E+02
  0.9450731851923E+02
  0.9450731851923E+02
  0.9450731851923E+02
  0.9450731851923E+02
  0.9450731851923E+02
  0.9450731851923E+02
  0.9450731851923E+02
  0.3150243950641E+03
  0.9450731851923E+02
  0.9450731851923E+02
  0.9450731851923E+02
  0.9450731851923E+02
  0.9450731851923E+02
  0.9450731851923E+02
  0.9450731851923E+02
  0.9012437596092E+02
  0.9012437596092E+02
  0.9012437596092E+02
  0.9012437596092E+02
  0.9012437596092E+02
  0.9012437596092E+02
  0.9012437596092E+02
  0.9012437596092E+02
  0.9012437596092E+02
  0.9012437596092E+02
  0.9012437596092E+02
  0.9012437596092E+02
  0.9012437596092E+02
  0.9012437596092E+02
  0.9012437596092E+02
  0.9012437596092E+02
  0.3004145865364E+03
  0.3004145865364E+03
  0.3004145865364E+03
  0.9012437596092E+02
  0.9012437596092E+02
  0.9012437596092E+02
  0.9012437596092E+02
  0.9012437596092E+02
  0.9012437596092E+02
  0.9012437596092E+02
  0.9012437596092E+02
  0.9012437596092E+02
  0.9012437596092E+02
  0.9012437596092E+02
  0.9012437596092E+02
  0.9012437596092E+02
  0.9012437596092E+02
  0.9012437596092E+02
  0.9012437596092E+02
  0.9012437596092E+02
  0.8433933854835E+02
  0.8433933854835E+02
  0.8433933854835E+02
  0.8433933854835E+02
  0.8433933854835E+02
  0.8433933854835E+02
  0.8433933854835E+02
  0.8433933854835E+02
  0.8433933854835E+02
  0.8433933854835E+02
  0.8433933854835E+02
  0.8433933854835E+02
  0.8433933854835E+02
  0.8433933854835E+02
  0.8433933854835E+02
  0.8433933854835E+02
  0.2811311284945E+03
  0.2811311284945E+03
  0.2811311284945E+03
  0.8433933854835E+02
  0.8433933854835E+02
  0.8433933854835E+02
  0.2811311284945E+03
  0.8433933854835E+02
  0.8433933854835E+02
  0.8433933854835E+02
  0.8433933854835E+02
  0.8433933854835E+02
  0.8433933854835E+02
  0.8433933854835E+02
  0.8433933854835E+02
  0.8433933854835E+02
  0.8433933854835E+02
  0.8433933854835E+02
  0.8433933854835E+02
  0.8433933854835E+02
  0.8071997739288E+02
  0.8071997739288E+02
  0.8071997739288E+02
  0.8071997739288E+02
  0.8071997739288E+02
  0.8071997739288E+02
  0.8071997739288E+02
  0.8071997739288E+02
  0.8071997739288E+02
  0.8071997739288E+02
  0.8071997739288E+02
  0.8071997739288E+02
  0.8071997739288E+02
  0.8071997739288E+02
  0.8071997739288E+02
  0.8071997739288E+02
  0.8071997739288E+02
  0.8071997739288E+02
  0.8071997739288E+02
  0.8071997739288E+02
  0.8071997739288E+02
  0.8071997739288E+02
  0.2690665913096E+03
  0.8071997739288E+02
  0.8071997739288E+02
  0.8071997739288E+02
  0.8071997739288E+02
  0.8071997739288E+02
  0.8071997739288E+02
  0.8071997739288E+02
  0.8071997739288E+02
  0.8071997739288E+02
  0.8071997739288E+02
  0.8071997739288E+02
  0.8071997739288E+02
  0.8071997739288E+02
  0.7691683567368E+02
  0.7691683567368E+02
  0.7691683567368E+02
  0.7691683567368E+02
  0.7691683567368E+02
  0.7691683567368E+02
  0.7691683567368E+02
  0.7691683567368E+02
  0.7691683567368E+02
  0.7691683567368E+02
  0.7691683567368E+02
  0.7691683567368E+02
  0.7691683567368E+02
  0.7691683567368E+02
  0.7691683567368E+02
  0.7691683567368E+02
  0.7691683567368E+02
  0.7691683567368E+02
  0.7691683567368E+02
  0.7691683567368E+02
  0.7691683567368E+02
  0.2563894522456E+03
  0.7691683567368E+02
  0.7691683567368E+02
  0.7691683567368E+02
  0.7691683567368E+02
  0.7691683567368E+02
  0.7691683567368E+02
  0.7691683567368E+02
  0.7691683567368E+02
  0.7691683567368E+02
  0.7691683567368E+02
  0.7691683567368E+02
  0.7691683567368E+02
  0.7691683567368E+02
  0.7691683567368E+02
  0.7248178136617E+02
  0.7248178136617E+02
  0.7248178136617E+02
  0.7248178136617E+02
  0.7248178136617E+02
  0.7248178136617E+02
  0.7248178136617E+02
  0.7248178136617E+02
  0.7248178136617E+02
  0.7248178136617E+02
  0.7248178136617E+02
  0.7248178136617E+02
  0.7248178136617E+02
  0.7248178136617E+02
  0.7248178136617E+02
  0.7248178136617E+02
  0.7248178136617E+02
  0.7248178136617E+02
  0.7248178136617E+02
  0.7248178136617E+02
  0.7248178136617E+02
  0.2416059378872E+03
  0.7248178136617E+02
  0.7248178136617E+02
  0.7248178136617E+02
  0.7248178136617E+02
  0.7248178136617E+02
  0.7248178136617E+02
  0.7248178136617E+02
  0.7248178136617E+02
  0.7248178136617E+02
  0.7248178136617E+02
  0.7248178136617E+02
  0.7248178136617E+02
  0.7248178136617E+02
  0.7248178136617E+02
  0.6697513159396E+02
  0.6697513159396E+02
  0.6697513159396E+02
  0.6697513159396E+02
  0.6697513159396E+02
  0.6697513159396E+02
  0.6697513159396E+02
  0.6697513159396E+02
  0.6697513159396E+02
  0.6697513159396E+02
  0.6697513159396E+02
  0.6697513159396E+02
  0.6697513159396E+02
  0.6697513159396E+02
  0.6697513159396E+02
  0.6697513159396E+02
  0.6697513159396E+02
  0.6697513159396E+02
  0.6697513159396E+02
  0.6697513159396E+02
  0.6697513159396E+02
  0.6697513159396E+02
  0.6697513159396E+02
  0.6697513159396E+02
  0.6697513159396E+02
  0.6697513159396E+02
  0.6697513159396E+02
  0.6697513159396E+02
  0.6697513159396E+02
  0.6697513159396E+02
  0.6697513159396E+02
  0.6697513159396E+02
  0.6697513159396E+02
  0.6697513159396E+02
  0.6697513159396E+02
  0.6697513159396E+02
  0.6101300177199E+02
  0.6101300177199E+02
  0.6101300177199E+02
  0.6101300177199E+02
  0.6101300177199E+02
  0.6101300177199E+02
  0.6101300177199E+02
  0.6101300177199E+02
  0.6101300177199E+02
  0.6101300177199E+02
  0.6101300177199E+02
  0.6101300177199E+02
  0.6101300177199E+02
  0.6101300177199E+02
  0.6101300177199E+02
  0.6101300177199E+02
  0.6101300177199E+02
  0.6101300177199E+02
  0.6101300177199E+02
  0.6101300177199E+02
  0.6101300177199E+02
  0.6101300177199E+02
  0.6101300177199E+02
  0.6101300177199E+02
  0.6101300177199E+02
  0.6101300177199E+02
  0.6101300177199E+02
  0.6101300177199E+02
  0.6101300177199E+02
  0.6101300177199E+02
  0.6101300177199E+02
  0.6101300177199E+02
  0.6101300177199E+02
  0.6101300177199E+02
  0.6101300177199E+02
  0.6101300177199E+02
  0.5468524068779E+02
  0.5468524068779E+02
  0.5468524068779E+02
  0.5468524068779E+02
  0.5468524068779E+02
  0.5468524068779E+02
  0.5468524068779E+02
  0.5468524068779E+02
  0.5468524068779E+02
  0.5468524068779E+02
  0.5468524068779E+02
  0.5468524068779E+02
  0.5468524068779E+02
  0.5468524068779E+02
  0.5468524068779E+02
  0.5468524068779E+02
  0.5468524068779E+02
  0.5468524068779E+02
  0.5468524068779E+02
  0.5468524068779E+02
  0.5468524068779E+02
  0.5468524068779E+02
  0.5468524068779E+02
  0.5468524068779E+02
  0.5468524068779E+02
  0.5468524068779E+02
  0.5468524068779E+02
  0.5468524068779E+02
  0.5468524068779E+02
  0.5468524068779E+02
  0.5468524068779E+02
  0.5468524068779E+02
  0.5468524068779E+02
  0.5468524068779E+02
  0.5468524068779E+02
  0.5468524068779E+02
  0.4800919605416E+02
  0.4800919605416E+02
  0.4800919605416E+02
  0.4800919605416E+02
  0.4800919605416E+02
  0.4800919605416E+02
  0.4800919605416E+02
  0.4800919605416E+02
  0.4800919605416E+02
  0.4800919605416E+02
  0.4800919605416E+02
  0.4800919605416E+02
  0.4800919605416E+02
  0.4800919605416E+02
  0.4800919605416E+02
  0.4800919605416E+02
  0.4800919605416E+02
  0.4800919605416E+02
  0.4800919605416E+02
  0.4800919605416E+02
  0.4800919605416E+02
  0.4800919605416E+02
  0.4800919605416E+02
  0.4800919605416E+02
  0.4800919605416E+02
  0.4800919605416E+02
  0.4800919605416E+02
  0.4800919605416E+02
  0.4800919605416E+02
  0.4800919605416E+02
  0.4800919605416E+02
  0.4800919605416E+02
  0.4800919605416E+02
  0.4800919605416E+02
  0.4800919605416E+02
  0.4800919605416E+02
  0.4021148987084E+02
  0.4021148987084E+02
  0.4021148987084E+02
  0.4021148987084E+02
  0.4021148987084E+02
  0.4021148987084E+02
  0.4021148987084E+02
  0.4021148987084E+02
  0.4021148987084E+02
  0.4021148987084E+02
  0.4021148987084E+02
  0.4021148987084E+02
  0.4021148987084E+02
  0.4021148987084E+02
  0.4021148987084E+02
  0.4021148987084E+02
  0.4021148987084E+02
  0.4021148987084E+02
  0.1340382995695E+03
  0.1340382995695E+03
  0.1340382995695E+03
  0.4021148987084E+02
  0.4021148987084E+02
  0.4021148987084E+02
  0.4021148987084E+02
  0.4021148987084E+02
  0.4021148987084E+02
  0.4021148987084E+02
  0.4021148987084E+02
  0.4021148987084E+02
  0.4021148987084E+02
  0.4021148987084E+02
  0.4021148987084E+02
  0.4021148987084E+02
  0.4021148987084E+02
  0.4021148987084E+02
  0.3230434302986E+02
  0.3230434302986E+02
  0.3230434302986E+02
  0.3230434302986E+02
  0.3230434302986E+02
  0.3230434302986E+02
  0.3230434302986E+02
  0.3230434302986E+02
  0.3230434302986E+02
  0.3230434302986E+02
  0.3230434302986E+02
  0.3230434302986E+02
  0.3230434302986E+02
  0.3230434302986E+02
  0.3230434302986E+02
  0.3230434302986E+02
  0.3230434302986E+02
  0.3230434302986E+02
  0.1076811434329E+03
  0.1076811434329E+03
  0.1076811434329E+03
  0.3230434302986E+02
  0.3230434302986E+02
  0.3230434302986E+02
  0.3230434302986E+02
  0.3230434302986E+02
  0.3230434302986E+02
  0.3230434302986E+02
  0.3230434302986E+02
  0.3230434302986E+02
  0.3230434302986E+02
  0.3230434302986E+02
  0.3230434302986E+02
  0.3230434302986E+02
  0.3230434302986E+02
  0.3230434302986E+02
  0.2466270742501E+02
  0.2466270742501E+02
  0.2466270742501E+02
  0.2466270742501E+02
  0.2466270742501E+02
  0.2466270742501E+02
  0.2466270742501E+02
  0.2466270742501E+02
  0.2466270742501E+02
  0.2466270742501E+02
  0.2466270742501E+02
  0.2466270742501E+02
  0.2466270742501E+02
  0.2466270742501E+02
  0.2466270742501E+02
  0.2466270742501E+02
  0.2466270742501E+02
  0.2466270742501E+02
  0.8220902475003E+02
  0.8220902475003E+02
  0.8220902475003E+02
  0.2466270742501E+02
  0.2466270742501E+02
  0.2466270742501E+02
  0.2466270742501E+02
  0.2466270742501E+02
  0.2466270742501E+02
  0.2466270742501E+02
  0.2466270742501E+02
  0.2466270742501E+02
  0.2466270742501E+02
  0.2466270742501E+02
  0.2466270742501E+02
  0.2466270742501E+02
  0.2466270742501E+02
  0.2466270742501E+02
  0.1799293425688E+02
  0.1799293425688E+02
  0.1799293425688E+02
  0.1799293425688E+02
  0.1799293425688E+02
  0.1799293425688E+02
  0.1799293425688E+02
  0.1799293425688E+02
  0.1799293425688E+02
  0.1799293425688E+02
  0.1799293425688E+02
  0.1799293425688E+02
  0.1799293425688E+02
  0.1799293425688E+02
  0.1799293425688E+02
  0.1799293425688E+02
  0.1799293425688E+02
  0.1799293425688E+02
  0.1799293425688E+02
  0.1799293425688E+02
  0.1799293425688E+02
  0.1799293425688E+02
  0.1799293425688E+02
  0.1799293425688E+02
  0.1799293425688E+02
  0.1799293425688E+02
  0.1799293425688E+02
  0.1799293425688E+02
  0.1799293425688E+02
  0.1799293425688E+02
  0.1799293425688E+02
  0.1799293425688E+02
  0.1799293425688E+02
  0.1799293425688E+02
  0.1799293425688E+02
  0.1799293425688E+02
  0.1149551896262E+02
  0.1149551896262E+02
  0.1149551896262E+02
  0.1149551896262E+02
  0.1149551896262E+02
  0.1149551896262E+02
  0.1149551896262E+02
  0.1149551896262E+02
  0.1149551896262E+02
  0.1149551896262E+02
  0.1149551896262E+02
  0.1149551896262E+02
  0.1149551896262E+02
  0.1149551896262E+02
  0.1149551896262E+02
  0.1149551896262E+02
  0.1149551896262E+02
  0.1149551896262E+02
  0.1149551896262E+02
  0.1149551896262E+02
  0.1149551896262E+02
  0.1149551896262E+02
  0.1149551896262E+02
  0.1149551896262E+02
  0.1149551896262E+02
  0.1149551896262E+02
  0.1149551896262E+02
  0.1149551896262E+02
  0.1149551896262E+02
  0.1149551896262E+02
  0.1149551896262E+02
  0.1149551896262E+02
  0.1149551896262E+02
  0.1149551896262E+02
  0.1149551896262E+02
  0.1149551896262E+02
  0.5369904407050E+01
  0.5369904407050E+01
  0.5369904407050E+01
  0.5369904407050E+01
  0.5369904407050E+01
  0.5369904407050E+01
  0.5369904407050E+01
  0.5369904407050E+01
  0.5369904407050E+01
  0.5369904407050E+01
  0.5369904407050E+01
  0.5369904407050E+01
  0.5369904407050E+01
  0.5369904407050E+01
  0.5369904407050E+01
  0.5369904407050E+01
  0.5369904407050E+01
  0.5369904407050E+01
  0.5369904407050E+01
  0.5369904407050E+01
  0.5369904407050E+01
  0.5369904407050E+01
  0.5369904407050E+01
  0.5369904407050E+01
  0.5369904407050E+01
  0.5369904407050E+01
  0.5369904407050E+01
  0.5369904407050E+01
  0.5369904407050E+01
  0.5369904407050E+01
  0.5369904407050E+01
  0.5369904407050E+01
  0.5369904407050E+01
  0.5369904407050E+01
  0.5369904407050E+01
  0.5369904407050E+01
  0.2041437864029E+00
  0.2041437864029E+00
  0.2041437864029E+00
  0.2041437864029E+00
  0.2041437864029E+00
  0.2041437864029E+00
  0.2041437864029E+00
  0.2041437864029E+00
  0.2041437864029E+00
  0.2041437864029E+00
  0.2041437864029E+00
  0.2041437864029E+00
  0.2041437864029E+00
  0.2041437864029E+00
  0.2041437864029E+00
  0.2041437864029E+00
  0.2041437864029E+00
  0.2041437864029E+00
  0.2041437864029E+00
  0.2041437864029E+00
  0.2041437864029E+00
  0.2041437864029E+00
  0.2041437864029E+00
  0.2041437864029E+00
  0.2041437864029E+00
  0.2041437864029E+00
  0.2041437864029E+00
  0.2041437864029E+00
  0.2041437864029E+00
  0.2041437864029E+00
  0.2041437864029E+00
  0.2041437864029E+00
  0.2041437864029E+00
  0.2041437864029E+00
  0.2041437864029E+00
  0.2041437864029E+00
  0.0000000000000E+00
  0.0000000000000E+00
  0.0000000000000E+00
  0.0000000000000E+00
  0.0000000000000E+00
  0.0000000000000E+00
  0.0000000000000E+00
  0.0000000000000E+00
  0.0000000000000E+00
  0.0000000000000E+00
  0.0000000000000E+00
  0.0000000000000E+00
  0.0000000000000E+00
  0.0000000000000E+00
  0.0000000000000E+00
  0.0000000000000E+00
  0.0000000000000E+00
  0.0000000000000E+00
  0.0000000000000E+00
  0.0000000000000E+00
  0.0000000000000E+00
  0.0000000000000E+00
  0.0000000000000E+00
  0.0000000000000E+00
  0.0000000000000E+00
  0.0000000000000E+00
  0.0000000000000E+00
  0.0000000000000E+00
  0.0000000000000E+00
  0.0000000000000E+00
  0.0000000000000E+00
  0.0000000000000E+00
  0.0000000000000E+00
  0.0000000000000E+00
  0.0000000000000E+00
  0.0000000000000E+00
 -0.2243842225339E+03
 -0.2009291968369E+03
 -0.1965676165289E+03
 -0.1939987382009E+03
 -0.1936246426502E+03
 -0.2211663286245E+03
 -0.1925116875976E+03
 -0.1929329555522E+03
 -0.1965055140348E+03
 -0.2022360812580E+03
 -0.2120557116144E+03
 -0.2237422528000E+03
 -0.2370570052142E+03
 -0.2442132952775E+03
 -0.2507562697647E+03
 -0.2567472589321E+03
 -0.2618741789329E+03
 -0.2660352406930E+03
 -0.2692540748778E+03
 -0.2716136569965E+03
 -0.2732120337646E+03
 -0.2741428125762E+03
 -0.2744688313575E+03
 -0.2742007629288E+03
 -0.2732964548489E+03
 -0.2716691906177E+03
 -0.2691910530811E+03
 -0.2657019599160E+03
 -0.2610092132127E+03
 -0.2548868348324E+03
 -0.2470968841519E+03
 -0.2477611715548E+03
 -0.2304291650191E+03
 -0.2194348856147E+03
 -0.2121051377524E+03
 -0.2081313938479E+03
 -0.2070498875628E+03
 -0.2302574656386E+03
 -0.2299349395651E+03
 -0.2286079406832E+03
 -0.2021160707450E+03
 -0.1978418588470E+03
 -0.1972170323470E+03
 -0.1978455643921E+03
 -0.2001729751128E+03
 -0.2282980136063E+03
 -0.2153007953915E+03
 -0.2203086538834E+03
 -0.2289958348266E+03
 -0.2412456268765E+03
 -0.2593128231925E+03
 -0.2526392247243E+03
 -0.2598432784116E+03
 -0.2645030291143E+03
 -0.2674147337523E+03
 -0.2691833071370E+03
 -0.2700714092418E+03
 -0.2704578258467E+03
 -0.2706537807084E+03
 -0.2706832722570E+03
 -0.2704509583473E+03
 -0.2698612792259E+03
 -0.2686479640318E+03
 -0.2666662120447E+03
 -0.2638084341247E+03
 -0.2598124476580E+03
 -0.2542382481440E+03
 -0.2466277352331E+03
 -0.2409505442732E+03
 -0.2236011428322E+03
 -0.2128294163961E+03
 -0.2077838830448E+03
 -0.2050864273864E+03
 -0.2041155298643E+03
 -0.2035751845897E+03
 -0.2047596157995E+03
 -0.2055967902118E+03
 -0.2029338982892E+03
 -0.2019977995457E+03
 -0.2007995930093E+03
 -0.2009347149593E+03
 -0.2027789886085E+03
 -0.2334383355817E+03
 -0.2193078204412E+03
 -0.2343239410505E+03
 -0.2488790200987E+03
 -0.2664963567194E+03
 -0.2551377310061E+03
 -0.2610083274930E+03
 -0.2639317851762E+03
 -0.2653395498797E+03
 -0.2664218931100E+03
 -0.2661952847692E+03
 -0.2656291684078E+03
 -0.2657071923243E+03
 -0.2660085454594E+03
 -0.2661794545351E+03
 -0.2665953429618E+03
 -0.2661060068327E+03
 -0.2647797708317E+03
 -0.2630674437708E+03
 -0.2607775038062E+03
 -0.2569806816280E+03
 -0.2503193772163E+03
 -0.2339549561799E+03
 -0.2205189654724E+03
 -0.2101945757591E+03
 -0.2055849577500E+03
 -0.2021673487743E+03
 -0.2022646331762E+03
 -0.2023653135500E+03
 -0.2024153694064E+03
 -0.2042111241317E+03
 -0.2039427330787E+03
 -0.2027313467846E+03
 -0.2019326438719E+03
 -0.2019837973149E+03
 -0.2034463815882E+03
 -0.2101590513333E+03
 -0.2189328982201E+03
 -0.2415399420664E+03
 -0.2465330424662E+03
 -0.2530870983649E+03
 -0.2594386140447E+03
 -0.2634611732160E+03
 -0.2651028418976E+03
 -0.2652071000920E+03
 -0.2642425058850E+03
 -0.2621368459806E+03
 -0.2602559245408E+03
 -0.2605662987259E+03
 -0.2616804973788E+03
 -0.2630311231479E+03
 -0.2641341679638E+03
 -0.2630553810344E+03
 -0.2623388424172E+03
 -0.2618332299291E+03
 -0.2612349950255E+03
 -0.2587435642096E+03
 -0.2530650917710E+03
 -0.2187731738166E+03
 -0.2119078232092E+03
 -0.2056097597236E+03
 -0.2030616945565E+03
 -0.2011902369599E+03
 -0.2010566084510E+03
 -0.2013300674646E+03
 -0.2012882925607E+03
 -0.2018092822104E+03
 -0.2022479050035E+03
 -0.2023977019561E+03
 -0.2025288103931E+03
 -0.2031292327637E+03
 -0.2042270243904E+03
 -0.2076272432822E+03
 -0.2153978800938E+03
 -0.2439600044105E+03
 -0.2498988212721E+03
 -0.2564467523659E+03
 -0.2617405893018E+03
 -0.2645517922549E+03
 -0.2648830100636E+03
 -0.2639616526797E+03
 -0.2617925751901E+03
 -0.2575926673410E+03
 -0.2560843212767E+03
 -0.2617933213651E+03
 -0.2577944118743E+03
 -0.2611711867147E+03
 -0.2614596582501E+03
 -0.2598837544119E+03
 -0.2587881184234E+03
 -0.2597081302146E+03
 -0.2614812539592E+03
 -0.2606858835479E+03
 -0.2557283011344E+03
 -0.2130978736085E+03
 -0.2083873833261E+03
 -0.2048688538576E+03
 -0.2024800942088E+03
 -0.1996291637051E+03
 -0.1990852358601E+03
 -0.1989699562813E+03
 -0.1988098492685E+03
 -0.1989738296426E+03
 -0.1994750790107E+03
 -0.2000880902730E+03
 -0.2007718979449E+03
 -0.2017518095285E+03
 -0.2028802034189E+03
 -0.2050014664892E+03
 -0.2105724663807E+03
 -0.2175537935076E+03
 -0.2507018905426E+03
 -0.2571915247927E+03
 -0.2621630807687E+03
 -0.2642368820773E+03
 -0.2634221577077E+03
 -0.2621347323292E+03
 -0.2582603080897E+03
 -0.2369707189778E+03
 -0.2369919550796E+03
 -0.2431838318945E+03
 -0.2559570984296E+03
 -0.2589279385909E+03
 -0.2585926869807E+03
 -0.2566598431225E+03
 -0.2451649778513E+03
 -0.2513916629982E+03
 -0.2618946317263E+03
 -0.2624651528168E+03
 -0.2580772183472E+03
 -0.2105908389293E+03
 -0.2072406293137E+03
 -0.2033642609730E+03
 -0.2008644148656E+03
 -0.1965376062502E+03
 -0.1952337122809E+03
 -0.1938701233146E+03
 -0.1928618971180E+03
 -0.1926953899040E+03
 -0.1932249902220E+03
 -0.1942238011066E+03
 -0.1954314229258E+03
 -0.1968045347093E+03
 -0.1980494564216E+03
 -0.2000656913250E+03
 -0.2041701905192E+03
 -0.2119591342639E+03
 -0.2509222539618E+03
 -0.2561586728634E+03
 -0.2618147162748E+03
 -0.2628758297188E+03
 -0.2606633141422E+03
 -0.2590137243897E+03
 -0.2320860294510E+03
 -0.2246258068295E+03
 -0.2238332615791E+03
 -0.2291682628623E+03
 -0.2543233617322E+03
 -0.2562778275574E+03
 -0.2562640342553E+03
 -0.2297909404657E+03
 -0.2310401101016E+03
 -0.2361806548156E+03
 -0.2632944005364E+03
 -0.2643514364479E+03
 -0.2600168037279E+03
 -0.2102953996445E+03
 -0.2050241018956E+03
 -0.2000264615090E+03
 -0.1975986137233E+03
 -0.1909034857942E+03
 -0.1894425735543E+03
 -0.1881952719058E+03
 -0.1875365755317E+03
 -0.1871252596392E+03
 -0.1868189170013E+03
 -0.1865690431780E+03
 -0.1860396191501E+03
 -0.1852107606602E+03
 -0.1856660323308E+03
 -0.1890455148555E+03
 -0.1945975730550E+03
 -0.2058113371486E+03
 -0.2135895987964E+03
 -0.2222994619581E+03
 -0.2603719582760E+03
 -0.2611159690664E+03
 -0.2211901270757E+03
 -0.2225908094019E+03
 -0.2209796823527E+03
 -0.2144384875639E+03
 -0.2121996107782E+03
 -0.2150485170816E+03
 -0.2191342902612E+03
 -0.2217221736912E+03
 -0.2221467743786E+03
 -0.2195757820703E+03
 -0.2187436057355E+03
 -0.2196769375758E+03
 -0.2647632772297E+03
 -0.2657227070143E+03
 -0.2613148757678E+03
 -0.2054256276533E+03
 -0.1988935680591E+03
 -0.1931725734849E+03
 -0.1919303062496E+03
 -0.1926755558084E+03
 -0.1938038780016E+03
 -0.1939132567515E+03
 -0.1938955862763E+03
 -0.1939150556121E+03
 -0.1938756129330E+03
 -0.1935910020870E+03
 -0.1928861620711E+03
 -0.1916617748586E+03
 -0.1899640403447E+03
 -0.1878014860423E+03
 -0.1839229521673E+03
 -0.1980268272949E+03
 -0.2060101768636E+03
 -0.2140814504633E+03
 -0.2597640480511E+03
 -0.2603510063065E+03
 -0.2073422552451E+03
 -0.2118796636439E+03
 -0.2121785260900E+03
 -0.2025342272954E+03
 -0.2003865943117E+03
 -0.1921663609829E+03
 -0.2022889811864E+03
 -0.2024261138331E+03
 -0.2055004659981E+03
 -0.2056931238981E+03
 -0.2040820538648E+03
 -0.2011223574377E+03
 -0.2651133141518E+03
 -0.2660346054703E+03
 -0.2617779999840E+03
 -0.2038123039341E+03
 -0.1932494155136E+03
 -0.1892042264897E+03
 -0.1902764005987E+03
 -0.1981648632826E+03
 -0.1980728429665E+03
 -0.1979428090149E+03
 -0.1978991910650E+03
 -0.1979922892912E+03
 -0.1979694539780E+03
 -0.1977290499260E+03
 -0.1971781742457E+03
 -0.1963094863310E+03
 -0.1952449257195E+03
 -0.1943662890130E+03
 -0.1939759183685E+03
 -0.1989313667034E+03
 -0.2026848972784E+03
 -0.2080897446495E+03
 -0.2197049414186E+03
 -0.2600398674256E+03
 -0.2141234431571E+03
 -0.2081453046603E+03
 -0.2548685116885E+03
 -0.1972745700625E+03
 -0.2016995585380E+03
 -0.2036235016550E+03
 -0.2080870029156E+03
 -0.2093017178307E+03
 -0.2082912072367E+03
 -0.2064021758597E+03
 -0.2066176932450E+03
 -0.2102595937896E+03
 -0.2632336990497E+03
 -0.2651360414988E+03
 -0.2614136456148E+03
 -0.2027601264804E+03
 -0.1996498246376E+03
 -0.1975023862089E+03
 -0.1978163364705E+03
 -0.1998268724603E+03
 -0.1994766887850E+03
 -0.1993515366829E+03
 -0.1993008760180E+03
 -0.1992571556011E+03
 -0.1990284590111E+03
 -0.1985927900934E+03
 -0.1979076076075E+03
 -0.1971626440595E+03
 -0.1967524054375E+03
 -0.1970235892123E+03
 -0.1982733235724E+03
 -0.2012531621686E+03
 -0.2516191618739E+03
 -0.2061839725098E+03
 -0.2155117752385E+03
 -0.2601973590647E+03
 -0.2574091085617E+03
 -0.2064038350107E+03
 -0.2061118079251E+03
 -0.2037311732423E+03
 -0.2042063106406E+03
 -0.2061963089884E+03
 -0.2089715300586E+03
 -0.2115827808812E+03
 -0.2093558703062E+03
 -0.2097491291932E+03
 -0.2095331375907E+03
 -0.2125242007531E+03
 -0.2164287367218E+03
 -0.2631552557635E+03
 -0.2602028503575E+03
 -0.2026281840549E+03
 -0.2025667499464E+03
 -0.2003756181144E+03
 -0.2001168622334E+03
 -0.2003346491979E+03
 -0.1999023657347E+03
 -0.1996239829444E+03
 -0.1993018522176E+03
 -0.1988743822235E+03
 -0.1983315782458E+03
 -0.1977575500492E+03
 -0.1972442323815E+03
 -0.1971352422980E+03
 -0.1976552817561E+03
 -0.1987637040588E+03
 -0.2001179525987E+03
 -0.2017735728978E+03
 -0.2008998523876E+03
 -0.2061685915675E+03
 -0.2116696738665E+03
 -0.2593412850043E+03
 -0.2579599788366E+03
 -0.2074473078664E+03
 -0.2072495912755E+03
 -0.2050261337101E+03
 -0.2047119761143E+03
 -0.2054414598329E+03
 -0.2073237921130E+03
 -0.2562338229879E+03
 -0.2077785273887E+03
 -0.2120566903935E+03
 -0.2102633078580E+03
 -0.2119134212417E+03
 -0.2144206265922E+03
 -0.2614310180275E+03
 -0.2590269605031E+03
 -0.2021931091579E+03
 -0.2035802496781E+03
 -0.2017768104269E+03
 -0.2009606887308E+03
 -0.2000337140050E+03
 -0.1994680133700E+03
 -0.1988904899215E+03
 -0.1981493830976E+03
 -0.1972178349066E+03
 -0.1963584207624E+03
 -0.1958687216946E+03
 -0.1960308160469E+03
 -0.1970694391225E+03
 -0.1984750773272E+03
 -0.1996995048188E+03
 -0.2005984482312E+03
 -0.2015587684649E+03
 -0.2010490513432E+03
 -0.2052294404602E+03
 -0.2104365267225E+03
 -0.2577440458599E+03
 -0.2582667172971E+03
 -0.2091730322654E+03
 -0.2060159751293E+03
 -0.2046037814873E+03
 -0.2038160550294E+03
 -0.2036991116431E+03
 -0.2052738893371E+03
 -0.2567544744458E+03
 -0.2572102833936E+03
 -0.2574506071712E+03
 -0.2097794860214E+03
 -0.2113241953610E+03
 -0.2118333297370E+03
 -0.2600511707254E+03
 -0.2590458446396E+03
 -0.2019329715007E+03
 -0.2038910630289E+03
 -0.2022063158826E+03
 -0.2009260847372E+03
 -0.1989667089010E+03
 -0.1983291668828E+03
 -0.1975432481015E+03
 -0.1964571343357E+03
 -0.1948790485466E+03
 -0.1939184219111E+03
 -0.1940339156612E+03
 -0.1952646943619E+03
 -0.1971111854614E+03
 -0.1986593202458E+03
 -0.1996185722233E+03
 -0.2000054926286E+03
 -0.2002262277004E+03
 -0.1997946390229E+03
 -0.2034596171203E+03
 -0.2088600899700E+03
 -0.2577810649768E+03
 -0.2583857349297E+03
 -0.2576369075083E+03
 -0.2002871840581E+03
 -0.2030213104000E+03
 -0.2022516295090E+03
 -0.2017989384743E+03
 -0.2011993553100E+03
 -0.1864753116613E+03
 -0.2575825721418E+03
 -0.2580008702590E+03
 -0.2579927456529E+03
 -0.2095452953642E+03
 -0.2094060303697E+03
 -0.2590419579251E+03
 -0.2588422367714E+03
 -0.2018297597068E+03
 -0.2033153630519E+03
 -0.2013906055072E+03
 -0.2000036619728E+03
 -0.1976401245136E+03
 -0.1969261917593E+03
 -0.1958042982482E+03
 -0.1938842552835E+03
 -0.1918336772662E+03
 -0.1918065801807E+03
 -0.1934510075616E+03
 -0.1954779162065E+03
 -0.1973725235251E+03
 -0.1986223243606E+03
 -0.1990583913744E+03
 -0.1988684384707E+03
 -0.1984299421170E+03
 -0.1970009100941E+03
 -0.2007849818623E+03
 -0.2053834937569E+03
 -0.2576844155614E+03
 -0.2583370001998E+03
 -0.2578650417460E+03
 -0.1969219264116E+03
 -0.2014478866874E+03
 -0.2013978085914E+03
 -0.1994621647518E+03
 -0.1986066027822E+03
 -0.1852886535175E+03
 -0.1824803839415E+03
 -0.2581737206153E+03
 -0.2584414315660E+03
 -0.2079197981720E+03
 -0.2062112852331E+03
 -0.2587582093512E+03
 -0.2004293744785E+03
 -0.2028714958873E+03
 -0.2020699971079E+03
 -0.2002349224603E+03
 -0.1986471966410E+03
 -0.1990612176436E+03
 -0.1985279568512E+03
 -0.1974739014846E+03
 -0.1961143227743E+03
 -0.1954682895804E+03
 -0.1959803318326E+03
 -0.1972581232369E+03
 -0.1986803595231E+03
 -0.1999719142364E+03
 -0.2010075028639E+03
 -0.2013772160089E+03
 -0.1996674101610E+03
 -0.1963455255080E+03
 -0.1924224764349E+03
 -0.1976232277740E+03
 -0.2002685882675E+03
 -0.2574611924272E+03
 -0.2581467091944E+03
 -0.2578584197923E+03
 -0.1933829701455E+03
 -0.1972571264880E+03
 -0.1978382335965E+03
 -0.1967666043049E+03
 -0.1946263193311E+03
 -0.1830775837127E+03
 -0.1811017884118E+03
 -0.1852531605850E+03
 -0.2585948742289E+03
 -0.2060804787170E+03
 -0.2016480865349E+03
 -0.1967201652351E+03
 -0.2007866335190E+03
 -0.2010754665844E+03
 -0.2010721285286E+03
 -0.2002995477297E+03
 -0.1994493775410E+03
 -0.1984381036282E+03
 -0.1980968346611E+03
 -0.1981217027469E+03
 -0.1984740837662E+03
 -0.1990703663502E+03
 -0.1998586032355E+03
 -0.2006899261423E+03
 -0.2014949495456E+03
 -0.2023866235859E+03
 -0.2027895179206E+03
 -0.2023955607206E+03
 -0.2005215976968E+03
 -0.1945467947095E+03
 -0.1871431948871E+03
 -0.1947878008211E+03
 -0.1960393551006E+03
 -0.2571218506812E+03
 -0.2578261293847E+03
 -0.2576720521046E+03
 -0.1896234430069E+03
 -0.1917884867102E+03
 -0.1924342878922E+03
 -0.1925604056100E+03
 -0.1906519108325E+03
 -0.1827611693809E+03
 -0.1821234623181E+03
 -0.1880050170994E+03
 -0.2584987794561E+03
 -0.2584496059099E+03
 -0.1965604569699E+03
 -0.1964919746525E+03
 -0.1991760726783E+03
 -0.1993906728885E+03
 -0.1998734119632E+03
 -0.1992614224933E+03
 -0.1987951949015E+03
 -0.1984815096626E+03
 -0.1985758621775E+03
 -0.1988442655021E+03
 -0.1992673147793E+03
 -0.1998828182284E+03
 -0.2006401852120E+03
 -0.2013226262669E+03
 -0.2016096575044E+03
 -0.2013685386928E+03
 -0.2006310578965E+03
 -0.1994223482096E+03
 -0.1973734688563E+03
 -0.1929430511601E+03
 -0.1842359018282E+03
 -0.1921310506011E+03
 -0.1964283747288E+03
 -0.2566474722688E+03
 -0.2573563297600E+03
 -0.2573135280931E+03
 -0.1855698409581E+03
 -0.1868601588740E+03
 -0.1841718391918E+03
 -0.1853054145305E+03
 -0.1851282880954E+03
 -0.1812045751655E+03
 -0.1819634216621E+03
 -0.1846634132559E+03
 -0.1893146694568E+03
 -0.2583544235970E+03
 -0.1901006413536E+03
 -0.1954962179818E+03
 -0.1975473216696E+03
 -0.1983010721450E+03
 -0.1986696829728E+03
 -0.1985792395925E+03
 -0.1985031432866E+03
 -0.1979459634246E+03
 -0.1985296785594E+03
 -0.1991738983285E+03
 -0.1997910350900E+03
 -0.2005349160710E+03
 -0.2014293270579E+03
 -0.2022674873397E+03
 -0.2026716262575E+03
 -0.2024230180908E+03
 -0.2016095828763E+03
 -0.2003311786797E+03
 -0.1984373759923E+03
 -0.1951248177594E+03
 -0.1884444394725E+03
 -0.1901088874753E+03
 -0.1938652885842E+03
 -0.2560123078972E+03
 -0.2567121594660E+03
 -0.2567798659918E+03
 -0.1870023929893E+03
 -0.1861080001377E+03
 -0.1799842738173E+03
 -0.1837481446268E+03
 -0.1832013709686E+03
 -0.1798247108562E+03
 -0.1819908167311E+03
 -0.1857638150538E+03
 -0.1929052605624E+03
 -0.2579562999504E+03
 -0.1909366149552E+03
 -0.1935863652607E+03
 -0.1956212718467E+03
 -0.1968127238932E+03
 -0.1971653159753E+03
 -0.1973000652293E+03
 -0.1975538295502E+03
 -0.1992182109657E+03
 -0.1999542024343E+03
 -0.2006700233633E+03
 -0.2014707689044E+03
 -0.2024573881833E+03
 -0.2035897872714E+03
 -0.2046495432010E+03
 -0.2052944049237E+03
 -0.2053780234430E+03
 -0.2049595559258E+03
 -0.2041507014663E+03
 -0.2028288700866E+03
 -0.2002971467150E+03
 -0.1952697438870E+03
 -0.1914481588100E+03
 -0.1929106386806E+03
 -0.2551934433667E+03
 -0.2558689073928E+03
 -0.2560546335985E+03
 -0.1901634775517E+03
 -0.1867996014806E+03
 -0.1832925519306E+03
 -0.1853038640292E+03
 -0.1894581672461E+03
 -0.1868464406880E+03
 -0.1888190754093E+03
 -0.1930357365291E+03
 -0.1976360647928E+03
 -0.1998926017365E+03
 -0.1937972076997E+03
 -0.1933933172070E+03
 -0.1947778076147E+03
 -0.1960587094560E+03
 -0.1964102376738E+03
 -0.1972093005826E+03
 -0.1983410999126E+03
 -0.1929148125862E+03
 -0.1933224829435E+03
 -0.1938758409926E+03
 -0.1947013922244E+03
 -0.1958879642557E+03
 -0.1973680843233E+03
 -0.1988632640356E+03
 -0.2000577471570E+03
 -0.2008417603206E+03
 -0.2014040891292E+03
 -0.2019817464211E+03
 -0.2024442758673E+03
 -0.2016751460241E+03
 -0.2008686381709E+03
 -0.1992408857451E+03
 -0.1959334716892E+03
 -0.2541660320125E+03
 -0.2548083313082E+03
 -0.2550989306589E+03
 -0.1936787853040E+03
 -0.1866358561431E+03
 -0.1878561770525E+03
 -0.2557159498283E+03
 -0.1938103917370E+03
 -0.1945138965339E+03
 -0.1955621727717E+03
 -0.1984587302481E+03
 -0.2011914928229E+03
 -0.2013439971421E+03
 -0.1982548143550E+03
 -0.1967883272905E+03
 -0.1959994634740E+03
 -0.1942008723888E+03
 -0.1928492945155E+03
 -0.1925183429040E+03
 -0.1926479648359E+03
 -0.1927365604918E+03
 -0.1918886493928E+03
 -0.1911717501951E+03
 -0.1909682225614E+03
 -0.1915178205599E+03
 -0.1928248182221E+03
 -0.1944753909861E+03
 -0.1959368714766E+03
 -0.1969647813004E+03
 -0.1977176984636E+03
 -0.1983924464190E+03
 -0.1990938124349E+03
 -0.2003054993068E+03
 -0.2041447618103E+03
 -0.2050907350627E+03
 -0.2033593191588E+03
 -0.2082140369103E+03
 -0.2055752170134E+03
 -0.2006655233804E+03
 -0.1968220656834E+03
 -0.1881691523996E+03
 -0.1857206436039E+03
 -0.2550246310721E+03
 -0.1973193628687E+03
 -0.2008722380447E+03
 -0.2011059792079E+03
 -0.2017258767155E+03
 -0.2037615773254E+03
 -0.2043235669926E+03
 -0.2027529424834E+03
 -0.2019087427089E+03
 -0.2009341616447E+03
 -0.1994520742434E+03
 -0.1969922722133E+03
 -0.1950198342256E+03
 -0.1936830854781E+03
 -0.1991976762656E+03
 -0.1980878878631E+03
 -0.1964522031139E+03
 -0.1944802850548E+03
 -0.1927651550419E+03
 -0.1919071312472E+03
 -0.1921828226482E+03
 -0.1931611178146E+03
 -0.1943334969281E+03
 -0.1953992838058E+03
 -0.1963236714374E+03
 -0.1972339029863E+03
 -0.1986656711535E+03
 -0.2014999591387E+03
 -0.2061361402754E+03
 -0.2084419820288E+03
 -0.2044116236163E+03
 -0.2011840556846E+03
 -0.2000834943084E+03
 -0.1985585526520E+03
 -0.1931366133624E+03
 -0.2534746155352E+03
 -0.1946054257038E+03
 -0.2020452098086E+03
 -0.2029147808809E+03
 -0.2028399703474E+03
 -0.2030817275045E+03
 -0.2038843160679E+03
 -0.2052746674878E+03
 -0.2059822632300E+03
 -0.2058590761633E+03
 -0.2049069620085E+03
 -0.2038531968250E+03
 -0.2026581705640E+03
 -0.2013100462334E+03
 -0.2001105822492E+03
 -0.2015795337120E+03
 -0.2011693007661E+03
 -0.2004129382147E+03
 -0.1990824263489E+03
 -0.1972288810095E+03
 -0.1951624270955E+03
 -0.1933876540244E+03
 -0.1925648115929E+03
 -0.1928177136532E+03
 -0.1936394648174E+03
 -0.1946401861648E+03
 -0.1957306146329E+03
 -0.1970646831498E+03
 -0.1989476356127E+03
 -0.2012517702388E+03
 -0.2015424782717E+03
 -0.1997393895154E+03
 -0.1989005541529E+03
 -0.1989530615711E+03
 -0.1988692061535E+03
 -0.1973831281854E+03
 -0.2523215875471E+03
 -0.1957640816999E+03
 -0.2011298656820E+03
 -0.2023232482809E+03
 -0.2023183300622E+03
 -0.2024306211716E+03
 -0.2027922028699E+03
 -0.2037518014824E+03
 -0.2042925401406E+03
 -0.2046325858199E+03
 -0.2045552662926E+03
 -0.2040285450887E+03
 -0.2032274347906E+03
 -0.2026657498325E+03
 -0.2019987631394E+03
 -0.2001074472320E+03
 -0.1999791160835E+03
 -0.1998944314164E+03
 -0.1996082953758E+03
 -0.1988295017462E+03
 -0.1975140693013E+03
 -0.1957579485527E+03
 -0.1940077021861E+03
 -0.1928266295335E+03
 -0.1925090411586E+03
 -0.1928799707348E+03
 -0.1936587995823E+03
 -0.1946439710094E+03
 -0.1957994337740E+03
 -0.1969463665897E+03
 -0.1974233996391E+03
 -0.1971078956572E+03
 -0.1967974271915E+03
 -0.1962342441530E+03
 -0.1962232621822E+03
 -0.1968232297806E+03
 -0.1995921803688E+03
 -0.1957135823663E+03
 -0.1984773023213E+03
 -0.2000648598683E+03
 -0.2007026866932E+03
 -0.2008651605884E+03
 -0.2008693839905E+03
 -0.2010592131737E+03
 -0.2014223801656E+03
 -0.2017678091396E+03
 -0.2018382778590E+03
 -0.2016222024175E+03
 -0.2012938013693E+03
 -0.2008826624458E+03
 -0.2004022614904E+03
 -0.1974781901770E+03
 -0.1974190035500E+03
 -0.1975083500951E+03
 -0.1975301356804E+03
 -0.1972626995632E+03
 -0.1966685372607E+03
 -0.1957044215144E+03
 -0.1943688878622E+03
 -0.1928607539967E+03
 -0.1916023147549E+03
 -0.1909004516370E+03
 -0.1908326045005E+03
 -0.1912008149074E+03
 -0.1918616573725E+03
 -0.1926862728799E+03
 -0.1930837169894E+03
 -0.1931384358258E+03
 -0.1926373740711E+03
 -0.1916110110735E+03
 -0.1920844655666E+03
 -0.1925174708196E+03
 -0.1901191266326E+03
 -0.1911905973774E+03
 -0.1944842573380E+03
 -0.1968034824543E+03
 -0.1978632059875E+03
 -0.1981075035253E+03
 -0.1980239471314E+03
 -0.1980354493147E+03
 -0.1983269078915E+03
 -0.1987041315331E+03
 -0.1988998499753E+03
 -0.1988404399351E+03
 -0.1986031999205E+03
 -0.1981831193058E+03
 -0.1977442505328E+03
 -0.1936630938259E+03
 -0.1936149399061E+03
 -0.1938051805434E+03
 -0.1940546251972E+03
 -0.1940648865306E+03
 -0.1938260299430E+03
 -0.1932779089903E+03
 -0.1923186827502E+03
 -0.1909933101706E+03
 -0.1894805016105E+03
 -0.1879804426896E+03
 -0.1867997003126E+03
 -0.1861119088613E+03
 -0.1859642732992E+03
 -0.1861614885205E+03
 -0.1862880578040E+03
 -0.1868595063185E+03
 -0.1873567102242E+03
 -0.1858286416944E+03
 -0.1867804550929E+03
 -0.1865679442864E+03
 -0.1732736562238E+03
 -0.1811400023151E+03
 -0.1869215798677E+03
 -0.1906925440544E+03
 -0.1925009990793E+03
 -0.1931595863376E+03
 -0.1933006920317E+03
 -0.1935163822847E+03
 -0.1939243133069E+03
 -0.1943915788288E+03
 -0.1947463275521E+03
 -0.1948428257259E+03
 -0.1947038085278E+03
 -0.1943461078903E+03
 -0.1939322067837E+03
 -0.1858424785940E+03
 -0.1858068071987E+03
 -0.1861386892043E+03
 -0.1868309781644E+03
 -0.1872757194130E+03
 -0.1873880740426E+03
 -0.1870957112980E+03
 -0.1862682201282E+03
 -0.1848773933166E+03
 -0.1829270657716E+03
 -0.1801155984385E+03
 -0.1764155449507E+03
 -0.1726138406410E+03
 -0.1715393051291E+03
 -0.1734215631047E+03
 -0.1758154569913E+03
 -0.1791236796245E+03
 -0.1826639091526E+03
 -0.1824227561784E+03
 -0.1842946758846E+03
 -0.1848016809364E+03
 -0.1795859644686E+03
 -0.1819928470900E+03
 -0.1842315106647E+03
 -0.1859591070606E+03
 -0.1857321372179E+03
 -0.1847569686462E+03
 -0.1831394410296E+03
 -0.1826316656438E+03
 -0.1835340296651E+03
 -0.1848145213639E+03
 -0.1859759832568E+03
 -0.1866387646169E+03
 -0.1869077676273E+03
 -0.1867248039394E+03
 -0.1862249434045E+03
 -0.1800660427652E+03
 -0.1786377566199E+03
 -0.1775913865734E+03
 -0.1776006460928E+03
 -0.1778819882890E+03
 -0.1780018503760E+03
 -0.1778133307073E+03
 -0.1771590358231E+03
 -0.1758960617750E+03
 -0.1752208247308E+03
 -0.1762083050602E+03
 -0.1784819935974E+03
 -0.1809653270465E+03
 -0.1830858220403E+03
 -0.1842182927427E+03
 -0.1845977453278E+03
 -0.1844414534777E+03
 -0.1869399609623E+03
 -0.2404764446948E+03
 -0.2404623182186E+03
 -0.2413579108771E+03
 -0.1779280558097E+03
 -0.1821638460573E+03
 -0.1859256204741E+03
 -0.1898833008950E+03
 -0.1918172211804E+03
 -0.1919381271748E+03
 -0.1911532454771E+03
 -0.1895887029095E+03
 -0.1877672353456E+03
 -0.1861914307993E+03
 -0.1851772024498E+03
 -0.1845128837535E+03
 -0.1839295743768E+03
 -0.1830281179937E+03
 -0.1816786896212E+03
 -0.1887340066538E+03
 -0.1879063716537E+03
 -0.1872844854542E+03
 -0.1869040280729E+03
 -0.1865687278397E+03
 -0.1863057072408E+03
 -0.1861630859751E+03
 -0.1861106362607E+03
 -0.1861975681227E+03
 -0.1866625474121E+03
 -0.1875478337722E+03
 -0.1887921553485E+03
 -0.1902405040728E+03
 -0.1915725274330E+03
 -0.1917451952633E+03
 -0.1907993233230E+03
 -0.1889156949216E+03
 -0.1875424728921E+03
 -0.2375486817822E+03
 -0.2374044418676E+03
 -0.2382660845819E+03
 -0.1751575737052E+03
 -0.1807922195958E+03
 -0.1856051705334E+03
 -0.1891562439784E+03
 -0.1915231789092E+03
 -0.1929748044193E+03
 -0.1938363152941E+03
 -0.1941626207735E+03
 -0.1936569245718E+03
 -0.1930133475102E+03
 -0.1919896812221E+03
 -0.1915813453387E+03
 -0.1911237246249E+03
 -0.1904834354295E+03
 -0.1896558119085E+03
 -0.1922299458134E+03
 -0.1919815639567E+03
 -0.1918404015318E+03
 -0.1909493659455E+03
 -0.1905311545125E+03
 -0.1903188362588E+03
 -0.1902027663683E+03
 -0.1901453897091E+03
 -0.1901963898778E+03
 -0.1904038986016E+03
 -0.1908150078909E+03
 -0.1914329693328E+03
 -0.1922661195625E+03
 -0.1932401606785E+03
 -0.1935687156063E+03
 -0.1920808069211E+03
 -0.1899046624610E+03
 -0.1854013499607E+03
 -0.2344883775814E+03
 -0.2342420102069E+03
 -0.2349338131200E+03
 -0.1757328558229E+03
 -0.1808533088891E+03
 -0.1851832519756E+03
 -0.1877659777532E+03
 -0.1894028355042E+03
 -0.1906360886082E+03
 -0.1913421865602E+03
 -0.1918159796143E+03
 -0.1921561907891E+03
 -0.1923913419887E+03
 -0.1925328844809E+03
 -0.1926132329894E+03
 -0.1926572440800E+03
 -0.1926238596157E+03
 -0.1924669956504E+03
 -0.1894484550175E+03
 -0.1894113243822E+03
 -0.1894286854458E+03
 -0.1895190944352E+03
 -0.1896105271438E+03
 -0.1896766276488E+03
 -0.1896908558708E+03
 -0.1896648891437E+03
 -0.1896167104050E+03
 -0.1896613674660E+03
 -0.1898054334615E+03
 -0.1900873430729E+03
 -0.1904678920925E+03
 -0.1909861375039E+03
 -0.1915340807499E+03
 -0.1907611392438E+03
 -0.1889921360529E+03
 -0.1838807105068E+03
 -0.1840610364503E+03
 -0.1840486498154E+03
 -0.1848608675163E+03
 -0.1858088607724E+03
 -0.1883065419811E+03
 -0.1889446361451E+03
 -0.1890252504810E+03
 -0.1895740870821E+03
 -0.1894402296120E+03
 -0.1893797959671E+03
 -0.1896400653044E+03
 -0.1895854597639E+03
 -0.1895387954855E+03
 -0.1895245494049E+03
 -0.1895013208867E+03
 -0.1894621179172E+03
 -0.1897141393966E+03
 -0.1895916843567E+03
 -0.1846382021866E+03
 -0.1850214138942E+03
 -0.1849485237806E+03
 -0.1849054441820E+03
 -0.1848987309294E+03
 -0.1848851944399E+03
 -0.1848287108267E+03
 -0.1847720617674E+03
 -0.1846873513831E+03
 -0.1851333185750E+03
 -0.1851196346883E+03
 -0.1850950336698E+03
 -0.1850960026240E+03
 -0.1851275036366E+03
 -0.1853764758476E+03
 -0.1855650728941E+03
 -0.1848829085688E+03
 -0.1836481401420E+03
 -0.1829747165924E+03
 -0.1826325506110E+03
 -0.1833078675264E+03
 -0.1850331083819E+03
 -0.1864166471638E+03
 -0.1866270425712E+03
 -0.1868426421396E+03
 -0.1869098833937E+03
 -0.1864748860872E+03
 -0.1862148976237E+03
 -0.1860148624250E+03
 -0.1859388244301E+03
 -0.1858494540492E+03
 -0.1858270522119E+03
 -0.1857758128435E+03
 -0.1852921352624E+03
 -0.1849679320572E+03
 -0.1847942490352E+03
 -0.1780517735350E+03
 -0.1779571161639E+03
 -0.1779420499267E+03
 -0.1779401521390E+03
 -0.1779643681953E+03
 -0.1779405814651E+03
 -0.1778501528646E+03
 -0.1778560929361E+03
 -0.1780657601526E+03
 -0.1780841106773E+03
 -0.1777046395599E+03
 -0.1772989999082E+03
 -0.1768543741552E+03
 -0.1763802456629E+03
 -0.1760554948602E+03
 -0.1764048253188E+03
 -0.1765784256190E+03
 -0.1764830136172E+03
 -0.1762802170745E+03
 -0.1764913036225E+03
 -0.1778784172850E+03
 -0.1780443659892E+03
 -0.1782447441719E+03
 -0.1780705449582E+03
 -0.1778084200407E+03
 -0.1773294269433E+03
 -0.1768819071422E+03
 -0.1770885390720E+03
 -0.1777809883312E+03
 -0.1783784277455E+03
 -0.1785165351990E+03
 -0.1783764555353E+03
 -0.1783266182922E+03
 -0.1780995449152E+03
 -0.1778031939065E+03
 -0.1780670830763E+03
 -0.1642590211209E+03
 -0.1642157952876E+03
 -0.1642332935647E+03
 -0.1642700711438E+03
 -0.1646075445037E+03
 -0.1646715100901E+03
 -0.1646849119838E+03
 -0.1646608281745E+03
 -0.1646168685009E+03
 -0.1645224303759E+03
 -0.1643702010979E+03
 -0.1643426815329E+03
 -0.1645474973095E+03
 -0.1645104298906E+03
 -0.1645135403688E+03
 -0.1645997439539E+03
 -0.1646197322022E+03
 -0.1645591941502E+03
 -0.1643667029310E+03
 -0.1640934950097E+03
 -0.1638364409382E+03
 -0.1637405942048E+03
 -0.1638109486317E+03
 -0.1639174240750E+03
 -0.1640490447403E+03
 -0.1641374471243E+03
 -0.1640713444536E+03
 -0.1641436238410E+03
 -0.1643024658809E+03
 -0.1644787195882E+03
 -0.1646473875249E+03
 -0.1647597817850E+03
 -0.1647564700944E+03
 -0.1646646960063E+03
 -0.1645073443092E+03
 -0.1643616018225E+03
 -0.1595229948201E+03
 -0.1597527773740E+03
 -0.1599638708255E+03
 -0.1613427766973E+03
 -0.1616641087540E+03
 -0.1617272489584E+03
 -0.1615415287043E+03
 -0.1584784089235E+03
 -0.1573121415129E+03
 -0.1560105393522E+03
 -0.1547927937565E+03
 -0.1557792683846E+03
 -0.1516052372617E+03
 -0.1518127956571E+03
 -0.1518601070438E+03
 -0.1517463028986E+03
 -0.1514383461772E+03
 -0.1581206190559E+03
 -0.1590153786646E+03
 -0.1599782537954E+03
 -0.1602155517697E+03
 -0.1615451347450E+03
 -0.1676200594308E+03
 -0.1678326601895E+03
 -0.1676551254072E+03
 -0.1671331434828E+03
 -0.1664211621847E+03
 -0.1660585840358E+03
 -0.1657634921553E+03
 -0.1658089281002E+03
 -0.1660300036877E+03
 -0.1659922073359E+03
 -0.1660729442066E+03
 -0.1661081834797E+03
 -0.1660861055952E+03
 -0.1594968644563E+03
  0.0000000000000E+00
  0.1721466832286E-06
  0.3998596605410E-06
  0.5451527566964E-06
  0.5622282301809E-06
  0.0000000000000E+00
  0.6373925339113E-06
  0.6054459388260E-06
  0.3923423865151E-06
  0.1240752198484E-06
  0.0000000000000E+00
  0.0000000000000E+00
  0.0000000000000E+00
  0.0000000000000E+00
  0.0000000000000E+00
  0.0000000000000E+00
  0.0000000000000E+00
  0.0000000000000E+00
  0.0000000000000E+00
  0.0000000000000E+00
  0.0000000000000E+00
  0.0000000000000E+00
  0.0000000000000E+00
  0.0000000000000E+00
  0.0000000000000E+00
  0.0000000000000E+00
  0.0000000000000E+00
  0.0000000000000E+00
  0.0000000000000E+00
  0.0000000000000E+00
  0.0000000000000E+00
  0.0000000000000E+00
  0.0000000000000E+00
  0.0000000000000E+00
  0.0000000000000E+00
  0.0000000000000E+00
  0.3784843866586E-06
  0.0000000000000E+00
  0.0000000000000E+00
  0.0000000000000E+00
  0.7176707026090E-06
  0.1310042077163E-05
  0.1351917210241E-05
  0.1301504540745E-05
  0.1083274770064E-05
  0.0000000000000E+00
  0.0000000000000E+00
  0.0000000000000E+00
  0.0000000000000E+00
  0.0000000000000E+00
  0.0000000000000E+00
  0.0000000000000E+00
  0.0000000000000E+00
  0.0000000000000E+00
  0.0000000000000E+00
  0.0000000000000E+00
  0.0000000000000E+00
  0.0000000000000E+00
  0.0000000000000E+00
  0.0000000000000E+00
  0.0000000000000E+00
  0.0000000000000E+00
  0.0000000000000E+00
  0.0000000000000E+00
  0.0000000000000E+00
  0.0000000000000E+00
  0.0000000000000E+00
  0.0000000000000E+00
  0.0000000000000E+00
  0.0000000000000E+00
  0.0000000000000E+00
  0.2951449144135E-06
  0.4839540409447E-05
  0.5658006986612E-05
  0.5622019554692E-05
  0.3892697527532E-05
  0.2603835059658E-05
  0.4064855971459E-05
  0.4697422438648E-05
  0.5969380404991E-05
  0.6558918725472E-05
  0.6095112303640E-05
  0.0000000000000E+00
  0.0000000000000E+00
  0.0000000000000E+00
  0.0000000000000E+00
  0.0000000000000E+00
  0.0000000000000E+00
  0.0000000000000E+00
  0.0000000000000E+00
  0.0000000000000E+00
  0.0000000000000E+00
  0.0000000000000E+00
  0.0000000000000E+00
  0.0000000000000E+00
  0.0000000000000E+00
  0.0000000000000E+00
  0.0000000000000E+00
  0.0000000000000E+00
  0.0000000000000E+00
  0.0000000000000E+00
  0.0000000000000E+00
  0.0000000000000E+00
  0.0000000000000E+00
  0.0000000000000E+00
  0.0000000000000E+00
  0.2579785682004E-05
  0.4803899239992E-05
  0.1233611352946E-04
  0.1237143040994E-04
  0.1199563306319E-04
  0.1119366981116E-04
  0.8435586971019E-05
  0.8344060593941E-05
  0.9645986857445E-05
  0.1086243216245E-04
  0.1145118225580E-04
  0.1062349104982E-04
  0.3809140151638E-05
  0.0000000000000E+00
  0.0000000000000E+00
  0.0000000000000E+00
  0.0000000000000E+00
  0.0000000000000E+00
  0.0000000000000E+00
  0.0000000000000E+00
  0.0000000000000E+00
  0.0000000000000E+00
  0.0000000000000E+00
  0.0000000000000E+00
  0.0000000000000E+00
  0.0000000000000E+00
  0.0000000000000E+00
  0.0000000000000E+00
  0.0000000000000E+00
  0.0000000000000E+00
  0.0000000000000E+00
  0.0000000000000E+00
  0.0000000000000E+00
  0.0000000000000E+00
  0.2032638184291E-05
  0.6417618662413E-05
  0.1057275731061E-04
  0.1181259857568E-04
  0.1931767337780E-04
  0.1877582725022E-04
  0.1765513496179E-04
  0.1700688098244E-04
  0.1588300578222E-04
  0.1523924761282E-04
  0.1516495160361E-04
  0.1527843109347E-04
  0.1492288689465E-04
  0.1415254900359E-04
  0.1058764297215E-04
  0.2845985884208E-05
  0.0000000000000E+00
  0.0000000000000E+00
  0.0000000000000E+00
  0.0000000000000E+00
  0.0000000000000E+00
  0.0000000000000E+00
  0.0000000000000E+00
  0.0000000000000E+00
  0.0000000000000E+00
  0.0000000000000E+00
  0.0000000000000E+00
  0.0000000000000E+00
  0.0000000000000E+00
  0.0000000000000E+00
  0.0000000000000E+00
  0.0000000000000E+00
  0.0000000000000E+00
  0.0000000000000E+00
  0.0000000000000E+00
  0.0000000000000E+00
  0.8476834246416E-05
  0.1493782478772E-04
  0.1746853085051E-04
  0.1846291652008E-04
  0.2563549728416E-04
  0.2390105126800E-04
  0.2202125699586E-04
  0.2135551249182E-04
  0.2106708510737E-04
  0.2074805643326E-04
  0.2036914177898E-04
  0.1980732576245E-04
  0.1886164021542E-04
  0.1803474960259E-04
  0.1624878205670E-04
  0.1021731654396E-04
  0.4380389239256E-05
  0.0000000000000E+00
  0.0000000000000E+00
  0.0000000000000E+00
  0.0000000000000E+00
  0.0000000000000E+00
  0.0000000000000E+00
  0.0000000000000E+00
  0.0000000000000E+00
  0.0000000000000E+00
  0.0000000000000E+00
  0.0000000000000E+00
  0.0000000000000E+00
  0.0000000000000E+00
  0.0000000000000E+00
  0.0000000000000E+00
  0.0000000000000E+00
  0.0000000000000E+00
  0.0000000000000E+00
  0.0000000000000E+00
  0.1322758164503E-04
  0.2060297970110E-04
  0.2383778219716E-04
  0.2532242594544E-04
  0.2979967577112E-04
  0.2587213902153E-04
  0.2299051617160E-04
  0.2221504336387E-04
  0.2260482432027E-04
  0.2288072460402E-04
  0.2295956621001E-04
  0.2263425309473E-04
  0.2197893568279E-04
  0.2176313253706E-04
  0.2119931539847E-04
  0.1793666945392E-04
  0.1079046772402E-04
  0.0000000000000E+00
  0.0000000000000E+00
  0.0000000000000E+00
  0.0000000000000E+00
  0.0000000000000E+00
  0.0000000000000E+00
  0.7439466525724E-06
  0.3625893287128E-05
  0.3788314591898E-05
  0.0000000000000E+00
  0.0000000000000E+00
  0.0000000000000E+00
  0.0000000000000E+00
  0.0000000000000E+00
  0.0000000000000E+00
  0.0000000000000E+00
  0.0000000000000E+00
  0.0000000000000E+00
  0.0000000000000E+00
  0.1499125110628E-04
  0.2705818897690E-04
  0.3080543819005E-04
  0.3205524449975E-04
  0.2900202167829E-04
  0.2500911456324E-04
  0.2449306872527E-04
  0.2506788806560E-04
  0.2485743033636E-04
  0.2388060328976E-04
  0.2221099159464E-04
  0.1978889430842E-04
  0.1713401952843E-04
  0.1799049410956E-04
  0.2200461490183E-04
  0.2152847516041E-04
  0.1629863284661E-04
  0.1427517992917E-04
  0.1112272450995E-04
  0.0000000000000E+00
  0.0000000000000E+00
  0.5978393735648E-05
  0.7872692822721E-05
  0.9285694266679E-05
  0.1646533223402E-04
  0.1681378029937E-04
  0.1194149246582E-04
  0.9113538165442E-05
  0.8012351320337E-05
  0.8237909926001E-05
  0.1150680408079E-04
  0.1116157717414E-04
  0.1006578975807E-04
  0.0000000000000E+00
  0.0000000000000E+00
  0.0000000000000E+00
  0.2192722424171E-04
  0.3326622078389E-04
  0.3324523922924E-04
  0.3360446837902E-04
  0.3311817633265E-04
  0.3389696923090E-04
  0.3490721318698E-04
  0.3540002007865E-04
  0.3560598286871E-04
  0.3549194171442E-04
  0.3487211185691E-04
  0.3395577339119E-04
  0.3258005789674E-04
  0.3024861423345E-04
  0.2672434457882E-04
  0.1959515757247E-04
  0.2041273121841E-04
  0.1970608556658E-04
  0.1662774785872E-04
  0.0000000000000E+00
  0.0000000000000E+00
  0.8827431031993E-05
  0.1436142950215E-04
  0.1626129170281E-04
  0.2267081862203E-04
  0.2184355952743E-04
  0.1357914005935E-04
  0.1487192574926E-04
  0.1265610581671E-04
  0.1556760759648E-04
  0.1831617692851E-04
  0.1755664919882E-04
  0.1151666317792E-04
  0.0000000000000E+00
  0.0000000000000E+00
  0.0000000000000E+00
  0.2535850832918E-04
  0.2482641103364E-04
  0.2827014757534E-04
  0.3290431177451E-04
  0.3907129186631E-04
  0.3995539161089E-04
  0.4069594245402E-04
  0.4125849517833E-04
  0.4169157718595E-04
  0.4185397632489E-04
  0.4150758474084E-04
  0.4057460349757E-04
  0.3913787441295E-04
  0.3748493388310E-04
  0.3580958414131E-04
  0.3456223242736E-04
  0.2918364865460E-04
  0.2478482978951E-04
  0.2068348184020E-04
  0.2149667799860E-04
  0.0000000000000E+00
  0.1306609641378E-04
  0.1964013176740E-04
  0.0000000000000E+00
  0.2387889859264E-04
  0.2808728725230E-04
  0.3033598326330E-04
  0.2762045955828E-04
  0.2606795078215E-04
  0.2462937770860E-04
  0.2390982839945E-04
  0.2423126576094E-04
  0.2380428908771E-04
  0.0000000000000E+00
  0.0000000000000E+00
  0.0000000000000E+00
  0.2862943902627E-04
  0.3338802739450E-04
  0.3669104572348E-04
  0.3826732352632E-04
  0.4336721012222E-04
  0.4425857569900E-04
  0.4494540658190E-04
  0.4569121970405E-04
  0.4649661946547E-04
  0.4694361792082E-04
  0.4681824657998E-04
  0.4585624058889E-04
  0.4413507328290E-04
  0.4209184191689E-04
  0.4020550240905E-04
  0.3823433059904E-04
  0.3444411825594E-04
  0.0000000000000E+00
  0.2843825377481E-04
  0.2719961224626E-04
  0.0000000000000E+00
  0.0000000000000E+00
  0.2451870396889E-04
  0.2932373764304E-04
  0.3305418243273E-04
  0.3486368204454E-04
  0.3523222480849E-04
  0.3342797535644E-04
  0.2910925532119E-04
  0.3229321190038E-04
  0.3010426617607E-04
  0.3081821338633E-04
  0.2762588696327E-04
  0.2520857632761E-04
  0.0000000000000E+00
  0.0000000000000E+00
  0.3302853356706E-04
  0.3925076132390E-04
  0.4134323425329E-04
  0.4256516898469E-04
  0.4662376725750E-04
  0.4722767501073E-04
  0.4787894236167E-04
  0.4873492251579E-04
  0.4958043053685E-04
  0.4999712399799E-04
  0.4968382912466E-04
  0.4852810490367E-04
  0.4702155522428E-04
  0.4559576101949E-04
  0.4420732404732E-04
  0.4233561404639E-04
  0.3885872022817E-04
  0.3505091852563E-04
  0.3539791144110E-04
  0.2978065145906E-04
  0.0000000000000E+00
  0.0000000000000E+00
  0.2939940927698E-04
  0.3552942071951E-04
  0.3831164777084E-04
  0.4048854005970E-04
  0.4075340366862E-04
  0.3774743582843E-04
  0.0000000000000E+00
  0.2783645082966E-04
  0.3141605874003E-04
  0.3665603830767E-04
  0.3363918204720E-04
  0.3040832482847E-04
  0.0000000000000E+00
  0.0000000000000E+00
  0.3572958867843E-04
  0.4248086770450E-04
  0.4469307857756E-04
  0.4593521027087E-04
  0.4803456523916E-04
  0.4835601243838E-04
  0.4863947457654E-04
  0.4875280257418E-04
  0.4855156706134E-04
  0.4811068629133E-04
  0.4746813322418E-04
  0.4735000419355E-04
  0.4769279374695E-04
  0.4784123857266E-04
  0.4730070227888E-04
  0.4556051562154E-04
  0.4281347265880E-04
  0.3989053760126E-04
  0.3880812210468E-04
  0.3460182589591E-04
  0.0000000000000E+00
  0.0000000000000E+00
  0.2812330039609E-04
  0.4120142038373E-04
  0.4194710379209E-04
  0.4364465780573E-04
  0.4380353781312E-04
  0.4119593932013E-04
  0.0000000000000E+00
  0.0000000000000E+00
  0.0000000000000E+00
  0.3042997939128E-04
  0.3767534059885E-04
  0.3444499185047E-04
  0.0000000000000E+00
  0.0000000000000E+00
  0.3688411594737E-04
  0.4494118791295E-04
  0.4666826084122E-04
  0.4749452898206E-04
  0.4644090069761E-04
  0.4623369517950E-04
  0.4543226881491E-04
  0.4358074471186E-04
  0.4137351390390E-04
  0.3968038628095E-04
  0.4057819949597E-04
  0.4395063482251E-04
  0.4662416021943E-04
  0.4821972136673E-04
  0.4859238915083E-04
  0.4743741006132E-04
  0.4451917733669E-04
  0.4194480796036E-04
  0.4006590252490E-04
  0.3797885798953E-04
  0.0000000000000E+00
  0.0000000000000E+00
  0.0000000000000E+00
  0.3305201111411E-04
  0.4294831486151E-04
  0.4465173456886E-04
  0.4448606899353E-04
  0.4570015816068E-04
  0.3371021980356E-04
  0.0000000000000E+00
  0.0000000000000E+00
  0.0000000000000E+00
  0.3622388839716E-04
  0.3727700656096E-04
  0.0000000000000E+00
  0.0000000000000E+00
  0.3591565436141E-04
  0.4543411714557E-04
  0.4655158670682E-04
  0.4622859535274E-04
  0.3872230675420E-04
  0.3755261105385E-04
  0.3540227112308E-04
  0.3211724010208E-04
  0.2964070635793E-04
  0.3167946014474E-04
  0.3670816628188E-04
  0.4118197180734E-04
  0.4389601942135E-04
  0.4542172332010E-04
  0.4627261196435E-04
  0.4565767163997E-04
  0.4241486700338E-04
  0.4119860571835E-04
  0.4065257908119E-04
  0.4024439714310E-04
  0.0000000000000E+00
  0.0000000000000E+00
  0.0000000000000E+00
  0.3532752896123E-04
  0.4276778928551E-04
  0.4364315540874E-04
  0.4538675836386E-04
  0.4485325482311E-04
  0.3630708803106E-04
  0.3149612518553E-04
  0.0000000000000E+00
  0.0000000000000E+00
  0.3857702701903E-04
  0.3992708434437E-04
  0.0000000000000E+00
  0.3294228062332E-04
  0.4107357859866E-04
  0.4171700677078E-04
  0.4043014725482E-04
  0.3924518695277E-04
  0.3374050425818E-04
  0.3371309829175E-04
  0.3484277258206E-04
  0.3802409955254E-04
  0.4146535944768E-04
  0.4348764844501E-04
  0.4417788661585E-04
  0.4380626973633E-04
  0.4260379077222E-04
  0.4095680564306E-04
  0.3940589261239E-04
  0.3953570180822E-04
  0.3866990855980E-04
  0.3861555218058E-04
  0.4067661258648E-04
  0.3977415599727E-04
  0.0000000000000E+00
  0.0000000000000E+00
  0.0000000000000E+00
  0.3598638068037E-04
  0.4380365038421E-04
  0.4613365961843E-04
  0.4568273149282E-04
  0.4475232529590E-04
  0.3501691438362E-04
  0.2745648384938E-04
  0.3200125609924E-04
  0.0000000000000E+00
  0.3946521708348E-04
  0.4159828698536E-04
  0.3562024357184E-04
  0.3961513628213E-04
  0.3829603547885E-04
  0.3576702308068E-04
  0.3367590675378E-04
  0.3379035478681E-04
  0.4812494420599E-04
  0.4966876126622E-04
  0.5077158586970E-04
  0.5150826088516E-04
  0.5195532480632E-04
  0.5219758161955E-04
  0.5202529841244E-04
  0.5043152642779E-04
  0.4671303894477E-04
  0.4297275031625E-04
  0.3991293273440E-04
  0.3744706874241E-04
  0.3618610760497E-04
  0.3269767736498E-04
  0.4273065351554E-04
  0.3731967276761E-04
  0.0000000000000E+00
  0.0000000000000E+00
  0.0000000000000E+00
  0.3818832338906E-04
  0.4397334037749E-04
  0.4659029067916E-04
  0.4458077816894E-04
  0.4433470083640E-04
  0.3841106980328E-04
  0.3864126880687E-04
  0.3996975380540E-04
  0.0000000000000E+00
  0.0000000000000E+00
  0.3608917179897E-04
  0.4188239064482E-04
  0.4108499792436E-04
  0.4138200804649E-04
  0.4165523025595E-04
  0.4431288395243E-04
  0.4655952824914E-04
  0.5332486879906E-04
  0.5368531446300E-04
  0.5374812766639E-04
  0.5367957679721E-04
  0.5373580048716E-04
  0.5391388786829E-04
  0.5398867675908E-04
  0.5368771107400E-04
  0.5278843276068E-04
  0.5120767094628E-04
  0.4869713834391E-04
  0.4541656526670E-04
  0.4092723773807E-04
  0.1665716596972E-04
  0.4673211328993E-04
  0.4727810869925E-04
  0.0000000000000E+00
  0.0000000000000E+00
  0.0000000000000E+00
  0.3254781165826E-04
  0.4162786647756E-04
  0.3909600788137E-04
  0.3586500091583E-04
  0.3877080661766E-04
  0.3935702058512E-04
  0.3965613175522E-04
  0.3555496048163E-04
  0.2750448927411E-04
  0.0000000000000E+00
  0.3608038935385E-04
  0.4481012658889E-04
  0.4455388900597E-04
  0.4692828774127E-04
  0.4930280434442E-04
  0.5141615792508E-04
  0.5264284754528E-04
  0.5207786083712E-04
  0.5141495920100E-04
  0.5067496314949E-04
  0.5025348078864E-04
  0.5009744078793E-04
  0.4989512400046E-04
  0.4951414849743E-04
  0.4913959642790E-04
  0.4885918858488E-04
  0.4840321970076E-04
  0.4735389506846E-04
  0.4590247630304E-04
  0.4450513938209E-04
  0.3706621080452E-04
  0.4048492203457E-04
  0.4716736627901E-04
  0.0000000000000E+00
  0.0000000000000E+00
  0.0000000000000E+00
  0.4387666597113E-04
  0.4632627499290E-04
  0.3211886003069E-04
  0.4215804536016E-04
  0.2670804606714E-04
  0.2001712951548E-04
  0.2650733181628E-04
  0.3222281788757E-04
  0.4455799449797E-04
  0.0000000000000E+00
  0.3138665162466E-04
  0.4219133382418E-04
  0.4287792995073E-04
  0.4567437697762E-04
  0.4917270048000E-04
  0.5146017968741E-04
  0.5221850037465E-04
  0.4175282111630E-04
  0.4138935023578E-04
  0.4117605770507E-04
  0.4100900761658E-04
  0.4092178784743E-04
  0.4070119661673E-04
  0.4029378691167E-04
  0.4002149362918E-04
  0.3986711624246E-04
  0.3988562580511E-04
  0.4000949499378E-04
  0.4048961437370E-04
  0.4297886856853E-04
  0.4769965339529E-04
  0.3278383872015E-04
  0.3513266896554E-04
  0.0000000000000E+00
  0.0000000000000E+00
  0.0000000000000E+00
  0.4850590603289E-04
  0.4906465371169E-04
  0.4774028193618E-04
  0.4795021550061E-04
  0.4728748436211E-04
  0.4238800708853E-04
  0.4535987249704E-04
  0.4895895840218E-04
  0.5068952372656E-04
  0.4242973898622E-04
  0.4361880360221E-04
  0.3965892055107E-04
  0.3715472545847E-04
  0.3787287680625E-04
  0.4129779561096E-04
  0.4276370093747E-04
  0.4233503681741E-04
  0.4515872029067E-04
  0.4456279902954E-04
  0.4425304135862E-04
  0.4416267954469E-04
  0.4447930082553E-04
  0.4502737674747E-04
  0.4553000965257E-04
  0.4597819176110E-04
  0.4607972404136E-04
  0.4580112355104E-04
  0.4520428786708E-04
  0.4464890476994E-04
  0.4738030251162E-04
  0.5167303692511E-04
  0.5359762589429E-04
  0.3604608723130E-04
  0.0000000000000E+00
  0.0000000000000E+00
  0.0000000000000E+00
  0.5049720381557E-04
  0.4472203446155E-04
  0.4951767179448E-04
  0.0000000000000E+00
  0.4901889504658E-04
  0.5183970187154E-04
  0.5371997162890E-04
  0.5341207643687E-04
  0.5223783908304E-04
  0.4988253499608E-04
  0.5199115523780E-04
  0.4928725519939E-04
  0.4508812807835E-04
  0.4425696191079E-04
  0.4568267401229E-04
  0.4613669966277E-04
  0.4584900516197E-04
  0.5229522298863E-04
  0.5118891324454E-04
  0.4990183394397E-04
  0.4874724136890E-04
  0.4786987238962E-04
  0.4759457318261E-04
  0.4802936470623E-04
  0.4905402243207E-04
  0.5015685337263E-04
  0.5118278788031E-04
  0.5219943746724E-04
  0.5286365404172E-04
  0.5246390986761E-04
  0.4809343923562E-04
  0.5497358923413E-04
  0.6021286624109E-04
  0.3998612752122E-04
  0.3758257468869E-04
  0.4609085581574E-04
  0.5644113621461E-04
  0.4522923642838E-04
  0.4548441310731E-04
  0.0000000000000E+00
  0.5068916613402E-04
  0.5240520587539E-04
  0.5429063499873E-04
  0.5581575047178E-04
  0.5318698743254E-04
  0.5281125053484E-04
  0.5647751755054E-04
  0.5648317234708E-04
  0.5523360244254E-04
  0.5345582647666E-04
  0.5376851480517E-04
  0.5356285023414E-04
  0.5310533731910E-04
  0.5596087172178E-04
  0.5634618684427E-04
  0.5650461792476E-04
  0.5597962886940E-04
  0.5469413433167E-04
  0.5330026068676E-04
  0.5214224017024E-04
  0.5186722929281E-04
  0.5244079334549E-04
  0.5337759736441E-04
  0.5438185942709E-04
  0.5510347658185E-04
  0.5478859720347E-04
  0.5271042552440E-04
  0.4934864288094E-04
  0.4201961179027E-04
  0.4883635492734E-04
  0.5111045456204E-04
  0.5519923829374E-04
  0.5825070333396E-04
  0.5282181824224E-04
  0.0000000000000E+00
  0.4982935639622E-04
  0.5666752975491E-04
  0.5486467074592E-04
  0.5635590977652E-04
  0.5663633073360E-04
  0.5562481068461E-04
  0.5316609904981E-04
  0.5237631117121E-04
  0.5290947529733E-04
  0.5453848865625E-04
  0.5498432707190E-04
  0.5500470708126E-04
  0.5521680529086E-04
  0.5564028967958E-04
  0.5601423863853E-04
  0.5620056162869E-04
  0.5663285226595E-04
  0.5721735748783E-04
  0.5769562301468E-04
  0.5755335084031E-04
  0.5659215065853E-04
  0.5508571033895E-04
  0.5410147527087E-04
  0.5409852023771E-04
  0.5467065438481E-04
  0.5530072918062E-04
  0.5579503021860E-04
  0.5613310972353E-04
  0.5676187675075E-04
  0.5708955923052E-04
  0.5842062087705E-04
  0.5654371678603E-04
  0.5683939790843E-04
  0.5785593927914E-04
  0.5493338430659E-04
  0.0000000000000E+00
  0.4562548972803E-04
  0.5716654846429E-04
  0.5746861060728E-04
  0.5868164211168E-04
  0.5815649251042E-04
  0.5701222887316E-04
  0.5535804367531E-04
  0.5568135271735E-04
  0.5599109661916E-04
  0.5634013561079E-04
  0.5683360815819E-04
  0.5727740856258E-04
  0.5638384631334E-04
  0.5612761319031E-04
  0.5846192515183E-04
  0.5849231668293E-04
  0.5854699546718E-04
  0.5847475729554E-04
  0.5857671876830E-04
  0.5865356656677E-04
  0.5826868820616E-04
  0.5715447515412E-04
  0.5566895115542E-04
  0.5439124902964E-04
  0.5390894510978E-04
  0.5408282397697E-04
  0.5464648095433E-04
  0.5587091719878E-04
  0.5770788167237E-04
  0.5819396283316E-04
  0.5727520346802E-04
  0.5580625979026E-04
  0.5669627051722E-04
  0.5888926070235E-04
  0.5831531956803E-04
  0.4391785524533E-04
  0.5765781632871E-04
  0.5762853496392E-04
  0.5898570517054E-04
  0.5908460499176E-04
  0.5841253911545E-04
  0.5754360757815E-04
  0.5739774997881E-04
  0.5815504096132E-04
  0.5908085933349E-04
  0.5989704732358E-04
  0.6034786309239E-04
  0.6009052199220E-04
  0.5927676480188E-04
  0.5873868568105E-04
  0.5703742558502E-04
  0.5698838042991E-04
  0.5730803847472E-04
  0.5778667854155E-04
  0.5809193596153E-04
  0.5803635354135E-04
  0.5745611354010E-04
  0.5652073575854E-04
  0.5531539450024E-04
  0.5379643790116E-04
  0.5246337926485E-04
  0.5181796906877E-04
  0.5183035597962E-04
  0.5221799388712E-04
  0.5270057357380E-04
  0.5301904040368E-04
  0.5284544541107E-04
  0.5277589628181E-04
  0.5338482799053E-04
  0.5518977062337E-04
  0.5739316994296E-04
  0.4949666027737E-04
  0.5208371618661E-04
  0.5338927738346E-04
  0.5486021971877E-04
  0.5547967822206E-04
  0.5559944211719E-04
  0.5522616308350E-04
  0.5521672441479E-04
  0.5576736355572E-04
  0.5668595752535E-04
  0.5761572047453E-04
  0.5822468660070E-04
  0.5823141129589E-04
  0.5787367834895E-04
  0.5739976726539E-04
  0.5267468033337E-04
  0.5254403368561E-04
  0.5276273230187E-04
  0.5330362593930E-04
  0.5368797565614E-04
  0.5380742087230E-04
  0.5359543859478E-04
  0.5301633227398E-04
  0.5205502522719E-04
  0.5071261185234E-04
  0.4922732066243E-04
  0.4801130004570E-04
  0.4737973379541E-04
  0.4696860336812E-04
  0.4643459450712E-04
  0.4608737730642E-04
  0.4657038900586E-04
  0.4836430733985E-04
  0.4887963575886E-04
  0.5089757031899E-04
  0.5233844132864E-04
  0.2635330691783E-04
  0.3708688946246E-04
  0.4336495367494E-04
  0.4679055229264E-04
  0.4844433717184E-04
  0.4935532912166E-04
  0.4967642448663E-04
  0.5016717796984E-04
  0.5080166443261E-04
  0.5155428304399E-04
  0.5237979313494E-04
  0.5301812466394E-04
  0.5326837233435E-04
  0.5323558340368E-04
  0.5296153981835E-04
  0.4363672993131E-04
  0.4364743250318E-04
  0.4390239612349E-04
  0.4455459933072E-04
  0.4507757552572E-04
  0.4534517212548E-04
  0.4529186888349E-04
  0.4481710627039E-04
  0.4387226593837E-04
  0.4236799109224E-04
  0.3987704048548E-04
  0.3633034616722E-04
  0.3270991830079E-04
  0.3259963360448E-04
  0.3550765957902E-04
  0.3760671611600E-04
  0.4079787416931E-04
  0.4446625066332E-04
  0.4762098313125E-04
  0.5060051724743E-04
  0.5224502418224E-04
  0.6168070561638E-04
  0.5807562461773E-04
  0.4848423690483E-04
  0.4307576939683E-04
  0.4183799127602E-04
  0.4072745260964E-04
  0.3939297430376E-04
  0.3911047094558E-04
  0.4003165644688E-04
  0.4125141502435E-04
  0.4244198204107E-04
  0.4331023255904E-04
  0.4390531925036E-04
  0.4409518903615E-04
  0.4386584952555E-04
  0.3794222844638E-04
  0.3682354197739E-04
  0.3594112369321E-04
  0.3622725738940E-04
  0.3642297286613E-04
  0.3634613752588E-04
  0.3605233383207E-04
  0.3538349383855E-04
  0.3421199609916E-04
  0.3400169090056E-04
  0.3554198993668E-04
  0.3779171673031E-04
  0.3941184444271E-04
  0.4059712094959E-04
  0.4343587508015E-04
  0.4644634188830E-04
  0.4746097764407E-04
  0.4895871314271E-04
  0.0000000000000E+00
  0.0000000000000E+00
  0.0000000000000E+00
  0.5131221858108E-04
  0.7046243434250E-04
  0.6479651968620E-04
  0.5656975370332E-04
  0.5166238912915E-04
  0.4897244702388E-04
  0.4657781111743E-04
  0.4453911226467E-04
  0.4247787892955E-04
  0.4084539825113E-04
  0.3993367574752E-04
  0.3976146278223E-04
  0.3993964836400E-04
  0.3985669786263E-04
  0.3914468576152E-04
  0.4194768666877E-04
  0.4193679731304E-04
  0.4175207961250E-04
  0.4130261355401E-04
  0.4094457110539E-04
  0.4084634080973E-04
  0.4090611136788E-04
  0.4090283126091E-04
  0.4090720874863E-04
  0.4068888096531E-04
  0.4011576451164E-04
  0.3928295945642E-04
  0.3827006089646E-04
  0.3762612066784E-04
  0.3982422803315E-04
  0.4461856796616E-04
  0.4843322235624E-04
  0.4757086240857E-04
  0.0000000000000E+00
  0.0000000000000E+00
  0.0000000000000E+00
  0.4181980496659E-04
  0.6153496340807E-04
  0.6406774923538E-04
  0.6185827612832E-04
  0.5839324221052E-04
  0.5429601434844E-04
  0.5005101816438E-04
  0.4625237245763E-04
  0.4417964443937E-04
  0.4278765243736E-04
  0.4283678582358E-04
  0.4203112933849E-04
  0.4165824968332E-04
  0.4163845289475E-04
  0.4178399853483E-04
  0.3654657960697E-04
  0.3599111460205E-04
  0.3538455192798E-04
  0.3647112414301E-04
  0.3667825447704E-04
  0.3674838769055E-04
  0.3684249196459E-04
  0.3699754960214E-04
  0.3715105095784E-04
  0.3716149614016E-04
  0.3697943685217E-04
  0.3659148126303E-04
  0.3583116460946E-04
  0.3486863184342E-04
  0.3549538497389E-04
  0.4048902230440E-04
  0.4502871421968E-04
  0.4944662802397E-04
  0.0000000000000E+00
  0.0000000000000E+00
  0.0000000000000E+00
  0.3308260456877E-04
  0.4469724481454E-04
  0.4755197920439E-04
  0.5030761328394E-04
  0.5175303345373E-04
  0.5129921548655E-04
  0.5033221730931E-04
  0.4868296511335E-04
  0.4652830141345E-04
  0.4434487331040E-04
  0.4239069346637E-04
  0.4074496009975E-04
  0.3932984760943E-04
  0.3809186114159E-04
  0.3718805323603E-04
  0.3550427170644E-04
  0.3498398421692E-04
  0.3445113133681E-04
  0.3385379525106E-04
  0.3330863959532E-04
  0.3291701241481E-04
  0.3273316296668E-04
  0.3283257777870E-04
  0.3316159200465E-04
  0.3341832216405E-04
  0.3363427569987E-04
  0.3362006276801E-04
  0.3337456416993E-04
  0.3283778355193E-04
  0.3227245098137E-04
  0.3462078445811E-04
  0.3860527538732E-04
  0.4891438235639E-04
  0.4196275466129E-04
  0.3585229782359E-04
  0.2929656044639E-04
  0.2786569496708E-04
  0.2753192673996E-04
  0.2924808187971E-04
  0.3257263617116E-04
  0.3490460683118E-04
  0.3800958614747E-04
  0.4013033143160E-04
  0.4051764577014E-04
  0.4078775397570E-04
  0.4041372731513E-04
  0.3963487096637E-04
  0.3876187713222E-04
  0.3792454513228E-04
  0.3642376455706E-04
  0.3587202248328E-04
  0.3080302667961E-04
  0.2992303908093E-04
  0.2992355106390E-04
  0.2992038711907E-04
  0.2979740268710E-04
  0.2962451237503E-04
  0.2957470416215E-04
  0.2965540365743E-04
  0.2991159397298E-04
  0.2924161378772E-04
  0.2947344958764E-04
  0.2972033738008E-04
  0.2984980661837E-04
  0.2982509053712E-04
  0.2936823807071E-04
  0.2911601202125E-04
  0.3069984511032E-04
  0.3331424868663E-04
  0.3194069024804E-04
  0.2886020345867E-04
  0.2548691585547E-04
  0.2285263798767E-04
  0.2162457874468E-04
  0.2150050289211E-04
  0.2139171895382E-04
  0.2194299916505E-04
  0.2372834533176E-04
  0.2570644082971E-04
  0.2763669772749E-04
  0.2894753065266E-04
  0.2968249204251E-04
  0.2988656148834E-04
  0.2983465731153E-04
  0.3039730706167E-04
  0.3063968449303E-04
  0.3070037785313E-04
  0.2101446943815E-04
  0.2152032857639E-04
  0.2178860904043E-04
  0.2193083819019E-04
  0.2186432916080E-04
  0.2177017131492E-04
  0.2182371721077E-04
  0.2178702791617E-04
  0.2148302844552E-04
  0.2135916757656E-04
  0.2166298879657E-04
  0.2190936677376E-04
  0.2203142441013E-04
  0.2198410871016E-04
  0.2173216861472E-04
  0.2105466890716E-04
  0.2155751768759E-04
  0.2354482557841E-04
  0.2314993189496E-04
  0.2221828111124E-04
  0.1996820976555E-04
  0.1919556415571E-04
  0.1802404354345E-04
  0.1695972895010E-04
  0.1590734760068E-04
  0.1498411112636E-04
  0.1455791651006E-04
  0.1518999500638E-04
  0.1654475652180E-04
  0.1784049676577E-04
  0.1887826926857E-04
  0.1968703402608E-04
  0.2009714105983E-04
  0.2050626646439E-04
  0.2090399797241E-04
  0.2069709406389E-04
  0.1119458131373E-04
  0.1116964821801E-04
  0.1111513103853E-04
  0.1105281333433E-04
  0.1082577040534E-04
  0.1075383976558E-04
  0.1071938122990E-04
  0.1071749616979E-04
  0.1074095567086E-04
  0.1080824948596E-04
  0.1092392513363E-04
  0.1098160315881E-04
  0.1091820765240E-04
  0.1099345601415E-04
  0.1105065173562E-04
  0.1105731173081E-04
  0.1107786148024E-04
  0.1108922993008E-04
  0.1109881873440E-04
  0.1111443624344E-04
  0.1114189836239E-04
  0.1113869620033E-04
  0.1110308976660E-04
  0.1109467574179E-04
  0.1110536695551E-04
  0.1116261375464E-04
  0.1131761883996E-04
  0.1139020135850E-04
  0.1138999687706E-04
  0.1134300863298E-04
  0.1126052021673E-04
  0.1117714397505E-04
  0.1113765316236E-04
  0.1113738954677E-04
  0.1116872769408E-04
  0.1119183820721E-04
  0.5524774990023E-05
  0.5481176716694E-05
  0.5477636678513E-05
  0.4897436239891E-05
  0.4875405018414E-05
  0.4938443861989E-05
  0.5091137947206E-05
  0.6351336529365E-05
  0.6959067729566E-05
  0.7694351747174E-05
  0.8355225382914E-05
  0.8081672759063E-05
  0.1048921795440E-04
  0.1045294487692E-04
  0.1044368194325E-04
  0.1046045320606E-04
  0.1051348344607E-04
  0.6977828764556E-05
  0.6412550851010E-05
  0.5781327004145E-05
  0.5593641363930E-05
  0.4947910521468E-05
  0.2851942515711E-05
  0.2735742940416E-05
  0.2752902244335E-05
  0.2884822389396E-05
  0.3087457555115E-05
  0.3205645889719E-05
  0.3307906518334E-05
  0.3309948611153E-05
  0.3255910483559E-05
  0.3270586842359E-05
  0.3246278732510E-05
  0.3233395979892E-05
  0.3238696211280E-05
  0.5514077892218E-05
  0.2805307530647E-05
  0.3488852680323E-05
  0.3734966111766E-05
  0.3707354977989E-05
  0.3410231552470E-05
  0.2674112554998E-05
  0.3740170444962E-05
  0.4308432934592E-05
  0.4417431043197E-05
  0.3996849445558E-05
  0.2869014229067E-05
  0.2847696302628E-06
  0.0000000000000E+00
  0.0000000000000E+00
  0.0000000000000E+00
  0.0000000000000E+00
  0.0000000000000E+00
  0.0000000000000E+00
  0.0000000000000E+00
  0.0000000000000E+00
  0.0000000000000E+00
  0.0000000000000E+00
  0.0000000000000E+00
  0.0000000000000E+00
  0.0000000000000E+00
  0.0000000000000E+00
  0.0000000000000E+00
  0.0000000000000E+00
  0.0000000000000E+00
  0.0000000000000E+00
  0.0000000000000E+00
  0.0000000000000E+00
  0.1726999896499E-05
  0.3921002186966E-05
  0.4499406372778E-05
  0.4044954376982E-05
  0.4242161533905E-05
  0.1617273776742E-05
  0.9236564842593E-06
  0.1522541456377E-05
  0.3829961731391E-05
  0.4777223966801E-05
  0.5231139899674E-05
  0.5326918874899E-05
  0.4842353221528E-05
  0.3145281883454E-05
  0.4277793424085E-05
  0.4360516313374E-05
  0.3662775799718E-05
  0.1393726574638E-05
  0.0000000000000E+00
  0.0000000000000E+00
  0.0000000000000E+00
  0.0000000000000E+00
  0.0000000000000E+00
  0.0000000000000E+00
  0.0000000000000E+00
  0.0000000000000E+00
  0.0000000000000E+00
  0.0000000000000E+00
  0.0000000000000E+00
  0.0000000000000E+00
  0.0000000000000E+00
  0.0000000000000E+00
  0.0000000000000E+00
  0.0000000000000E+00
  0.0000000000000E+00
  0.0000000000000E+00
  0.1167954725928E-05
  0.4530017942239E-05
  0.5446022962672E-05
  0.5339163831213E-05
  0.9760149574201E-05
  0.9391991849988E-05
  0.9181913117436E-05
  0.8333597773124E-05
  0.7717818371463E-05
  0.8137785111064E-05
  0.8836336370718E-05
  0.9560457073858E-05
  0.9927073153846E-05
  0.9662817596496E-05
  0.7644254907211E-05
  0.5405725678579E-05
  0.4840642481539E-05
  0.2665920678342E-05
  0.0000000000000E+00
  0.0000000000000E+00
  0.0000000000000E+00
  0.0000000000000E+00
  0.0000000000000E+00
  0.0000000000000E+00
  0.0000000000000E+00
  0.0000000000000E+00
  0.0000000000000E+00
  0.0000000000000E+00
  0.0000000000000E+00
  0.0000000000000E+00
  0.0000000000000E+00
  0.0000000000000E+00
  0.0000000000000E+00
  0.0000000000000E+00
  0.0000000000000E+00
  0.0000000000000E+00
  0.1645733851584E-05
  0.5683672013502E-05
  0.7948658429180E-05
  0.9632598703741E-05
  0.1641533325788E-04
  0.1581947363865E-04
  0.1511531759484E-04
  0.1442689192739E-04
  0.1334385431418E-04
  0.1313111559695E-04
  0.1377801590915E-04
  0.1443226833740E-04
  0.1449956299626E-04
  0.1321176006288E-04
  0.1142593164919E-04
  0.6576796742280E-05
  0.2900880387727E-05
  0.0000000000000E+00
  0.0000000000000E+00
  0.0000000000000E+00
  0.0000000000000E+00
  0.0000000000000E+00
  0.0000000000000E+00
  0.0000000000000E+00
  0.0000000000000E+00
  0.0000000000000E+00
  0.0000000000000E+00
  0.0000000000000E+00
  0.0000000000000E+00
  0.0000000000000E+00
  0.0000000000000E+00
  0.0000000000000E+00
  0.0000000000000E+00
  0.0000000000000E+00
  0.0000000000000E+00
  0.0000000000000E+00
  0.3491905441510E-05
  0.9621633024223E-05
  0.1344563403691E-04
  0.1554137494921E-04
  0.2308463941630E-04
  0.2174890889797E-04
  0.2009816014374E-04
  0.1901889442981E-04
  0.1804242752746E-04
  0.1750557410522E-04
  0.1751870990508E-04
  0.1758448469969E-04
  0.1710333935221E-04
  0.1568971266230E-04
  0.1252659703775E-04
  0.8033764592297E-05
  0.3254928359508E-05
  0.0000000000000E+00
  0.0000000000000E+00
  0.0000000000000E+00
  0.0000000000000E+00
  0.0000000000000E+00
  0.0000000000000E+00
  0.0000000000000E+00
  0.0000000000000E+00
  0.0000000000000E+00
  0.0000000000000E+00
  0.0000000000000E+00
  0.0000000000000E+00
  0.0000000000000E+00
  0.0000000000000E+00
  0.0000000000000E+00
  0.0000000000000E+00
  0.0000000000000E+00
  0.0000000000000E+00
  0.0000000000000E+00
  0.4923930703823E-05
  0.1258057037640E-04
  0.1896753283446E-04
  0.2262705073526E-04
  0.2751831468009E-04
  0.2506525007969E-04
  0.2279025195684E-04
  0.2153476970066E-04
  0.2082993551343E-04
  0.2028865409096E-04
  0.1984108502154E-04
  0.1935650163957E-04
  0.1851302980443E-04
  0.1740722137475E-04
  0.1534177402814E-04
  0.1060278226192E-04
  0.4653374871543E-05
  0.0000000000000E+00
  0.0000000000000E+00
  0.0000000000000E+00
  0.0000000000000E+00
  0.0000000000000E+00
  0.0000000000000E+00
  0.0000000000000E+00
  0.0000000000000E+00
  0.9378260606582E-06
  0.7489789110129E-06
  0.0000000000000E+00
  0.0000000000000E+00
  0.0000000000000E+00
  0.0000000000000E+00
  0.0000000000000E+00
  0.0000000000000E+00
  0.0000000000000E+00
  0.0000000000000E+00
  0.0000000000000E+00
  0.6807683970017E-05
  0.1687039907910E-04
  0.2528215961534E-04
  0.2825214430433E-04
  0.2875033590021E-04
  0.2569923702969E-04
  0.2352072546136E-04
  0.2257713250030E-04
  0.2222250100375E-04
  0.2184516727306E-04
  0.2122561886186E-04
  0.2044875298925E-04
  0.1965892383500E-04
  0.1920498391204E-04
  0.1824800185039E-04
  0.1394596360043E-04
  0.5745571748354E-05
  0.0000000000000E+00
  0.0000000000000E+00
  0.0000000000000E+00
  0.0000000000000E+00
  0.0000000000000E+00
  0.0000000000000E+00
  0.0000000000000E+00
  0.4791152766875E-05
  0.8537730768365E-05
  0.5447684105592E-05
  0.0000000000000E+00
  0.0000000000000E+00
  0.0000000000000E+00
  0.1055484826241E-05
  0.1386362779267E-05
  0.0000000000000E+00
  0.0000000000000E+00
  0.0000000000000E+00
  0.0000000000000E+00
  0.9180385661766E-05
  0.2290904665405E-04
  0.3034172255096E-04
  0.3096627431481E-04
  0.2833690253632E-04
  0.2621323641750E-04
  0.2514182080189E-04
  0.2502408071671E-04
  0.2484097966237E-04
  0.2441280435992E-04
  0.2356579583688E-04
  0.2252531899004E-04
  0.2162190293736E-04
  0.2144376054680E-04
  0.2113350847077E-04
  0.1703385188577E-04
  0.8833365070929E-05
  0.0000000000000E+00
  0.0000000000000E+00
  0.0000000000000E+00
  0.0000000000000E+00
  0.0000000000000E+00
  0.0000000000000E+00
  0.3557116908432E-05
  0.1351580003901E-04
  0.1575051422034E-04
  0.1051741733726E-04
  0.3049207796793E-05
  0.7113158909315E-06
  0.2555058413647E-05
  0.6193866061204E-05
  0.7128535714424E-05
  0.0000000000000E+00
  0.0000000000000E+00
  0.0000000000000E+00
  0.0000000000000E+00
  0.1370330689206E-04
  0.2737413037061E-04
  0.3034598645336E-04
  0.3033091124883E-04
  0.3026698060871E-04
  0.2993446606022E-04
  0.2980544719275E-04
  0.3012721682795E-04
  0.3022942238958E-04
  0.3013835837656E-04
  0.2971214037139E-04
  0.2910644470140E-04
  0.2844641329964E-04
  0.2748845109731E-04
  0.2560562304345E-04
  0.2044920786090E-04
  0.1311495299158E-04
  0.3914921128045E-05
  0.0000000000000E+00
  0.0000000000000E+00
  0.0000000000000E+00
  0.5369030353101E-05
  0.6801377210505E-05
  0.7510977344917E-05
  0.1827132957874E-04
  0.1940211820583E-04
  0.1457067121934E-04
  0.9981473486117E-05
  0.6838589914843E-05
  0.8969945108974E-05
  0.1127759105642E-04
  0.1146143938005E-04
  0.9503204732524E-06
  0.0000000000000E+00
  0.0000000000000E+00
  0.0000000000000E+00
  0.1864498074191E-04
  0.2802331554277E-04
  0.2870430959102E-04
  0.3030003102264E-04
  0.3360596615672E-04
  0.3400256514986E-04
  0.3425034052371E-04
  0.3468550095726E-04
  0.3514376403676E-04
  0.3552827758518E-04
  0.3564171063437E-04
  0.3537686568843E-04
  0.3488332493693E-04
  0.3363434765207E-04
  0.3123045704296E-04
  0.2635330616035E-04
  0.1709864555806E-04
  0.8663571463457E-05
  0.3003773437839E-05
  0.0000000000000E+00
  0.0000000000000E+00
  0.8990006342457E-05
  0.1596516151355E-04
  0.8692558993173E-05
  0.2261978428808E-04
  0.2288717025058E-04
  0.2024625963465E-04
  0.1612955772968E-04
  0.1311132608976E-04
  0.1555357746396E-04
  0.1637193017139E-04
  0.1514120991958E-04
  0.4620774719209E-05
  0.0000000000000E+00
  0.0000000000000E+00
  0.0000000000000E+00
  0.2373941196436E-04
  0.3104101632013E-04
  0.3054486771047E-04
  0.3267710790478E-04
  0.3755403129656E-04
  0.3801463803987E-04
  0.3840026936231E-04
  0.3895371807681E-04
  0.3989430237490E-04
  0.4079508223607E-04
  0.4144803728137E-04
  0.4141159507114E-04
  0.4074062804543E-04
  0.3891285698044E-04
  0.3580287113993E-04
  0.3063582208998E-04
  0.2209935329833E-04
  0.1256048485065E-04
  0.1389037911755E-04
  0.0000000000000E+00
  0.0000000000000E+00
  0.5046449075776E-05
  0.2335767231397E-04
  0.1885055192088E-04
  0.2766892950529E-04
  0.2801821639402E-04
  0.2520718139019E-04
  0.1987154976077E-04
  0.1407009113756E-04
  0.2057091036646E-04
  0.1991347027368E-04
  0.1897810065566E-04
  0.1045452700809E-04
  0.0000000000000E+00
  0.0000000000000E+00
  0.0000000000000E+00
  0.2977477289797E-04
  0.3504357852459E-04
  0.3426417111272E-04
  0.3648072712804E-04
  0.4125480823168E-04
  0.4158680076962E-04
  0.4205542461676E-04
  0.4286254544224E-04
  0.4424100207996E-04
  0.4560912733077E-04
  0.4670861753024E-04
  0.4677062392007E-04
  0.4566470950699E-04
  0.4311934318483E-04
  0.3921594696541E-04
  0.3414705545998E-04
  0.2865443139168E-04
  0.2240602274020E-04
  0.2386746008994E-04
  0.6156834070449E-05
  0.0000000000000E+00
  0.2038368290067E-05
  0.2471471053335E-04
  0.2605621784023E-04
  0.2995129806507E-04
  0.3259601259537E-04
  0.2984254501503E-04
  0.2347581620936E-04
  0.9337505700678E-05
  0.1866503416168E-04
  0.1900163081026E-04
  0.2312970964607E-04
  0.1789209519540E-04
  0.6127141432359E-05
  0.0000000000000E+00
  0.1658259877334E-05
  0.3589099117193E-04
  0.3904684361432E-04
  0.3826713506478E-04
  0.4028320020123E-04
  0.4502735896873E-04
  0.4526041181062E-04
  0.4573524750848E-04
  0.4662647777217E-04
  0.4795350299795E-04
  0.4939121443444E-04
  0.5060069672422E-04
  0.5055419202343E-04
  0.4902900327291E-04
  0.4615718724096E-04
  0.4234897106099E-04
  0.3885891724262E-04
  0.3585283972459E-04
  0.2839586986243E-04
  0.2831235970381E-04
  0.1821462250039E-04
  0.2899262617495E-05
  0.2806810294558E-05
  0.2033981465574E-04
  0.3262703769231E-04
  0.3459550018034E-04
  0.3729572157436E-04
  0.3489432310428E-04
  0.2885871531537E-04
  0.1176371804415E-04
  0.1548059942559E-04
  0.1286462739046E-04
  0.2403586489771E-04
  0.2604881770458E-04
  0.1533681318179E-04
  0.0000000000000E+00
  0.8361750717446E-05
  0.3826589500203E-04
  0.4195684490166E-04
  0.4254562462090E-04
  0.4422219888301E-04
  0.4881727307951E-04
  0.4905159766537E-04
  0.4946268312692E-04
  0.4998665703395E-04
  0.5063435659956E-04
  0.5164620449895E-04
  0.5281314321155E-04
  0.5287178994438E-04
  0.5135576258173E-04
  0.4906267764494E-04
  0.4656276585286E-04
  0.4454254489890E-04
  0.4127629852105E-04
  0.3433528309988E-04
  0.3346564281457E-04
  0.3037681402115E-04
  0.9736328117108E-05
  0.2865024543793E-05
  0.1177049721137E-04
  0.3490311432849E-04
  0.4006288793974E-04
  0.4162889645390E-04
  0.3960665547137E-04
  0.3653212126020E-04
  0.2143522576014E-04
  0.1766890088977E-04
  0.1296787856229E-04
  0.1891952750515E-04
  0.3438247733784E-04
  0.2546301088851E-04
  0.3761644161947E-05
  0.1729386133223E-04
  0.4124517566685E-04
  0.4567142651323E-04
  0.4712581286793E-04
  0.4823707311887E-04
  0.5180370510980E-04
  0.5220119492909E-04
  0.5259446190325E-04
  0.5264015763161E-04
  0.5258071983319E-04
  0.5338769297645E-04
  0.5468856783786E-04
  0.5480634223309E-04
  0.5337351125362E-04
  0.5171022999139E-04
  0.5039244579843E-04
  0.4886399949839E-04
  0.4439955903061E-04
  0.3806678662108E-04
  0.3836136706140E-04
  0.3815402056141E-04
  0.1099400236316E-04
  0.2990901100967E-05
  0.8170823932368E-05
  0.3534774440772E-04
  0.4350648227847E-04
  0.4510894707557E-04
  0.4357444378071E-04
  0.4154913077267E-04
  0.2718194372792E-04
  0.2305210937986E-04
  0.1641082940231E-04
  0.1744701899491E-04
  0.4047978123613E-04
  0.3644885150217E-04
  0.1443303846343E-04
  0.3109245808085E-04
  0.4491458383215E-04
  0.4932546428560E-04
  0.5072936674341E-04
  0.5132789932940E-04
  0.5120126395419E-04
  0.5160735449614E-04
  0.5188573803914E-04
  0.5184930647111E-04
  0.5189943925814E-04
  0.5265202500387E-04
  0.5368134023705E-04
  0.5367758383131E-04
  0.5260054907758E-04
  0.5149564921774E-04
  0.5058714058024E-04
  0.4925617022274E-04
  0.4489201567583E-04
  0.3882786789576E-04
  0.4061416265472E-04
  0.4017264855575E-04
  0.9716633068333E-05
  0.3332095469816E-05
  0.7312049187930E-05
  0.3500062993064E-04
  0.4594564346894E-04
  0.4893604080962E-04
  0.4697207096248E-04
  0.4383008708336E-04
  0.3273894216210E-04
  0.2768933118818E-04
  0.2531833265855E-04
  0.1954702576012E-04
  0.4025495397946E-04
  0.4355349456653E-04
  0.2854583143036E-04
  0.3886144860650E-04
  0.4672329602324E-04
  0.5029326866218E-04
  0.5059140617849E-04
  0.5076303941543E-04
  0.4466301828292E-04
  0.4440608632055E-04
  0.4393938499863E-04
  0.4342842282628E-04
  0.4345250434039E-04
  0.4427615006843E-04
  0.4549010802252E-04
  0.4606221531319E-04
  0.4615682728928E-04
  0.4643111045776E-04
  0.4651753634240E-04
  0.4597857204482E-04
  0.4345593930407E-04
  0.3761201494200E-04
  0.4138591759019E-04
  0.3930472171095E-04
  0.1014213155587E-04
  0.5112355878553E-05
  0.7536930866747E-05
  0.3892356645250E-04
  0.4786412459289E-04
  0.5104690578644E-04
  0.4982086332315E-04
  0.4547334344119E-04
  0.3766916713188E-04
  0.3566827580004E-04
  0.3314105654212E-04
  0.2485944550545E-04
  0.3206615354156E-04
  0.4459501881735E-04
  0.3564960895434E-04
  0.4095073320553E-04
  0.4464382175481E-04
  0.4592887111325E-04
  0.4522766530346E-04
  0.4481299923740E-04
  0.3626213955333E-04
  0.3561902790665E-04
  0.3500182362199E-04
  0.3467877166392E-04
  0.3479714840013E-04
  0.3531167303953E-04
  0.3605148256333E-04
  0.3663970606204E-04
  0.3745930276647E-04
  0.3862879957235E-04
  0.3981069871748E-04
  0.4095989770972E-04
  0.4118302694930E-04
  0.3644461149564E-04
  0.4286203075438E-04
  0.3843111925108E-04
  0.1260784062439E-04
  0.8457697730342E-05
  0.8962430098599E-05
  0.4149846546447E-04
  0.4663917075707E-04
  0.4832219307587E-04
  0.4944290595763E-04
  0.4661841394847E-04
  0.4138432443903E-04
  0.4171815556861E-04
  0.3971012671221E-04
  0.3586928424402E-04
  0.3022955823195E-04
  0.4270764696466E-04
  0.3876421915811E-04
  0.3977128389259E-04
  0.3920741578982E-04
  0.3883180661204E-04
  0.3769443769510E-04
  0.3689637269043E-04
  0.3231984668619E-04
  0.3152596508996E-04
  0.3087708409601E-04
  0.3066957052644E-04
  0.3079804086028E-04
  0.3116334210359E-04
  0.3163672704301E-04
  0.3201248949762E-04
  0.3264824717549E-04
  0.3364966031828E-04
  0.3501707690850E-04
  0.3700756868660E-04
  0.3980468949098E-04
  0.4110457562085E-04
  0.4545186892096E-04
  0.3619031900987E-04
  0.1579539873500E-04
  0.1249807099716E-04
  0.1289698885712E-04
  0.4639064772843E-04
  0.4664743898389E-04
  0.4326228723280E-04
  0.4647312063461E-04
  0.4772310244884E-04
  0.4357776941072E-04
  0.4563695554757E-04
  0.4629725158009E-04
  0.4695765678999E-04
  0.3394700486856E-04
  0.4259960413279E-04
  0.4074970399069E-04
  0.3853397889851E-04
  0.3604434960999E-04
  0.3517543106652E-04
  0.3408046554618E-04
  0.3314157344811E-04
  0.3685825486912E-04
  0.3559272698821E-04
  0.3455613320979E-04
  0.3395698997031E-04
  0.3378896005965E-04
  0.3397112032048E-04
  0.3446259722446E-04
  0.3500510867111E-04
  0.3582143270369E-04
  0.3700816789135E-04
  0.3849233116708E-04
  0.4055016084283E-04
  0.4384962620270E-04
  0.4739842179198E-04
  0.4970436764461E-04
  0.3671382679695E-04
  0.1942694473942E-04
  0.1596769982613E-04
  0.2037230796887E-04
  0.5063033623367E-04
  0.4836398920503E-04
  0.4189311947154E-04
  0.4102810527296E-04
  0.5187419789864E-04
  0.5044138791859E-04
  0.5207928381229E-04
  0.5243752483735E-04
  0.5228438658009E-04
  0.4604144196643E-04
  0.4995507503749E-04
  0.4860508623962E-04
  0.4529379541984E-04
  0.4246080303470E-04
  0.4124438369461E-04
  0.3978184987445E-04
  0.3823301883937E-04
  0.5006611546728E-04
  0.4834499223849E-04
  0.4661898185587E-04
  0.4517034178219E-04
  0.4428217088925E-04
  0.4394678066951E-04
  0.4416649946037E-04
  0.4450668016028E-04
  0.4495789775548E-04
  0.4559583800656E-04
  0.4605576509365E-04
  0.4638880568111E-04
  0.4721031768141E-04
  0.4853144448723E-04
  0.5382050248435E-04
  0.4631357058078E-04
  0.2265652364443E-04
  0.2313347840538E-04
  0.3208073293896E-04
  0.5422651104797E-04
  0.4905944630930E-04
  0.4046563535855E-04
  0.3380524874763E-04
  0.5401430626334E-04
  0.5659775802935E-04
  0.5681176819405E-04
  0.5619667373685E-04
  0.5404480058103E-04
  0.5267557192964E-04
  0.5738739229526E-04
  0.5876863049311E-04
  0.5715769696074E-04
  0.5584314726200E-04
  0.5497370144701E-04
  0.5355385845224E-04
  0.5183969866177E-04
  0.6443693503610E-04
  0.6359167397778E-04
  0.6201716292249E-04
  0.5989671168803E-04
  0.5794282053152E-04
  0.5627959762803E-04
  0.5496379263684E-04
  0.5384926357285E-04
  0.5295304201953E-04
  0.5235557356251E-04
  0.5160150585854E-04
  0.5045308927908E-04
  0.4875269648710E-04
  0.4649162983424E-04
  0.4913875719179E-04
  0.5479175063340E-04
  0.3283088324561E-04
  0.3375869033672E-04
  0.4241811691523E-04
  0.5527951965445E-04
  0.4934951612414E-04
  0.3543891161637E-04
  0.3741467544123E-04
  0.5523432490450E-04
  0.6061920916125E-04
  0.5868867876078E-04
  0.5764863327676E-04
  0.5524486147494E-04
  0.5476386679953E-04
  0.5926548359138E-04
  0.6271464349301E-04
  0.6375621381201E-04
  0.6492752363318E-04
  0.6597599444096E-04
  0.6573064722269E-04
  0.6518870460791E-04
  0.6763053190709E-04
  0.6829775548806E-04
  0.6844597672723E-04
  0.6748131329942E-04
  0.6585545568373E-04
  0.6357629359587E-04
  0.6067683654095E-04
  0.5794879531913E-04
  0.5587015637509E-04
  0.5445636200722E-04
  0.5331023054908E-04
  0.5216873025594E-04
  0.5036856629115E-04
  0.4706257189410E-04
  0.4335802967574E-04
  0.4633248613445E-04
  0.4324314942637E-04
  0.4233803477519E-04
  0.4231341842775E-04
  0.5160557493441E-04
  0.5052961175023E-04
  0.2715966182187E-04
  0.4701081844007E-04
  0.5819262123573E-04
  0.5989453989069E-04
  0.5830478641619E-04
  0.5720743124523E-04
  0.5476727284841E-04
  0.5333056122363E-04
  0.5566102813722E-04
  0.5904659588664E-04
  0.6124325907511E-04
  0.6374599284187E-04
  0.6612125437062E-04
  0.6683369051004E-04
  0.6726369694570E-04
  0.6214559231504E-04
  0.6308945272123E-04
  0.6439976944137E-04
  0.6552295597047E-04
  0.6587215161863E-04
  0.6499814724683E-04
  0.6255914079948E-04
  0.5944805296669E-04
  0.5661923622368E-04
  0.5445522329465E-04
  0.5291450742268E-04
  0.5174513886049E-04
  0.5042357000782E-04
  0.4843575320196E-04
  0.4654061473466E-04
  0.4871192387901E-04
  0.4671991299985E-04
  0.4458075218024E-04
  0.4365601076817E-04
  0.4786860711806E-04
  0.4928622351786E-04
  0.2769457719514E-04
  0.4833483668464E-04
  0.5452931245138E-04
  0.5566733037941E-04
  0.5599281524933E-04
  0.5546998366348E-04
  0.5335700465076E-04
  0.5146065560737E-04
  0.5231052576096E-04
  0.5452329201295E-04
  0.5622268675479E-04
  0.5832789977323E-04
  0.6040895151172E-04
  0.6126825271126E-04
  0.6175602049609E-04
  0.5589616176852E-04
  0.5630392511830E-04
  0.5736986961727E-04
  0.5911268345463E-04
  0.6082086690488E-04
  0.6183742528946E-04
  0.6142479203298E-04
  0.5955740968879E-04
  0.5688889541584E-04
  0.5405479454672E-04
  0.5179095465051E-04
  0.5009311414612E-04
  0.4850052109988E-04
  0.4660715093502E-04
  0.4542461288558E-04
  0.4710298405948E-04
  0.4603161422591E-04
  0.4354690275717E-04
  0.4121982285485E-04
  0.4349122630360E-04
  0.4550751018667E-04
  0.3785353229036E-04
  0.4718139092796E-04
  0.4990077203153E-04
  0.5095781887409E-04
  0.5211687121534E-04
  0.5237498976363E-04
  0.5118197334398E-04
  0.4960340735335E-04
  0.4965659824267E-04
  0.5093968143339E-04
  0.5204490112385E-04
  0.5345462260448E-04
  0.5466483376346E-04
  0.5534292873225E-04
  0.5574216574266E-04
  0.5037457718683E-04
  0.5034685988173E-04
  0.5076959076862E-04
  0.5195604561407E-04
  0.5348689072767E-04
  0.5493994569500E-04
  0.5596976600366E-04
  0.5595413639194E-04
  0.5469953830017E-04
  0.5242528748045E-04
  0.4992921137432E-04
  0.4770805418281E-04
  0.4581244879798E-04
  0.4421322377357E-04
  0.4330318756152E-04
  0.4371099460762E-04
  0.4276364699854E-04
  0.4094678139125E-04
  0.3709773885405E-04
  0.3807823699152E-04
  0.3970526625170E-04
  0.4148851218849E-04
  0.4550872512083E-04
  0.4540196408196E-04
  0.4609817401327E-04
  0.4713258216070E-04
  0.4788004471308E-04
  0.4770974428849E-04
  0.4685895759097E-04
  0.4665520282593E-04
  0.4721511134580E-04
  0.4775643949135E-04
  0.4861484068450E-04
  0.4932240812017E-04
  0.4989303373901E-04
  0.5028654780126E-04
  0.4537238939996E-04
  0.4523505315504E-04
  0.4522685608023E-04
  0.4568156186568E-04
  0.4650692198652E-04
  0.4746352045201E-04
  0.4848701265892E-04
  0.4917850281892E-04
  0.4908304657816E-04
  0.4800452706903E-04
  0.4627428398828E-04
  0.4402247930938E-04
  0.4185969614529E-04
  0.4048336448050E-04
  0.4010815908536E-04
  0.4016880734002E-04
  0.3940577844622E-04
  0.3773936659592E-04
  0.3238396912693E-04
  0.3176581451754E-04
  0.3452706307969E-04
  0.3932080754812E-04
  0.4481256974378E-04
  0.4305627795948E-04
  0.4243523423617E-04
  0.4258072665923E-04
  0.4310590580189E-04
  0.4334188129239E-04
  0.4320842137317E-04
  0.4323455827540E-04
  0.4336475456652E-04
  0.4346000840074E-04
  0.4384555766391E-04
  0.4423228976427E-04
  0.4473607929873E-04
  0.4523289464426E-04
  0.4015898869468E-04
  0.4004842574561E-04
  0.3985700022357E-04
  0.3986361967163E-04
  0.4019720448997E-04
  0.4067642794521E-04
  0.4116480706578E-04
  0.4177726255748E-04
  0.4200488820584E-04
  0.4164815381576E-04
  0.4073618058472E-04
  0.3892629328971E-04
  0.3669394948751E-04
  0.3569736341625E-04
  0.3642186161003E-04
  0.3745578990065E-04
  0.3753237073130E-04
  0.3558986220394E-04
  0.2696828106910E-04
  0.2332802092003E-04
  0.2862629173470E-04
  0.4277741936673E-04
  0.5004638377783E-04
  0.4573945562940E-04
  0.4206754034003E-04
  0.4029135174567E-04
  0.3969926866622E-04
  0.3938752388580E-04
  0.3913511081942E-04
  0.3925042778046E-04
  0.3919545765489E-04
  0.3897844626156E-04
  0.3899385686896E-04
  0.3917297420787E-04
  0.3953410486650E-04
  0.3997703298892E-04
  0.3713588718929E-04
  0.3687430444104E-04
  0.3650288092029E-04
  0.3630277395661E-04
  0.3627207624229E-04
  0.3636604736641E-04
  0.3640534683211E-04
  0.3657845905886E-04
  0.3670281861954E-04
  0.3671160076121E-04
  0.3688464877427E-04
  0.3671476860400E-04
  0.3581340432117E-04
  0.3528999300678E-04
  0.3627509526885E-04
  0.3826175134499E-04
  0.3916637687773E-04
  0.3697120327011E-04
  0.1539193072230E-04
  0.1119986779289E-04
  0.1824569850304E-04
  0.4399938347314E-04
  0.5609677696958E-04
  0.5371887411912E-04
  0.4852913157370E-04
  0.4512722280730E-04
  0.4305020171405E-04
  0.4150546564340E-04
  0.4017097695197E-04
  0.3924588165817E-04
  0.3846933410731E-04
  0.3764501283562E-04
  0.3713061266357E-04
  0.3693166085488E-04
  0.3699455837916E-04
  0.3715539636116E-04
  0.3696176792674E-04
  0.3677860122032E-04
  0.3650406293687E-04
  0.3621601868717E-04
  0.3598024532741E-04
  0.3585895409335E-04
  0.3579114621979E-04
  0.3580713482741E-04
  0.3600658697054E-04
  0.3611410399566E-04
  0.3618137414133E-04
  0.3605544602993E-04
  0.3535982938003E-04
  0.3474617820122E-04
  0.3537242042818E-04
  0.3791041334165E-04
  0.4055125256293E-04
  0.3910246307221E-04
  0.1495824246966E-04
  0.9130375739973E-05
  0.1347724121678E-04
  0.4365570345560E-04
  0.5561052637517E-04
  0.5665476650398E-04
  0.5337543002087E-04
  0.5058736000182E-04
  0.4796562286571E-04
  0.4532064879862E-04
  0.4293651558178E-04
  0.4117628035591E-04
  0.3991764119988E-04
  0.3871847923570E-04
  0.3774953593053E-04
  0.3714560599104E-04
  0.3689204860468E-04
  0.3692331717939E-04
  0.3681573195434E-04
  0.3637919256026E-04
  0.3591598895875E-04
  0.3583120893203E-04
  0.3561037002798E-04
  0.3543874189076E-04
  0.3535682566848E-04
  0.3536652148356E-04
  0.3546019627389E-04
  0.3555529805454E-04
  0.3563728285410E-04
  0.3557656314685E-04
  0.3521619716101E-04
  0.3487444138524E-04
  0.3525773155060E-04
  0.3745417062176E-04
  0.4119411431973E-04
  0.4321850064696E-04
  0.1873310894275E-04
  0.1354012705423E-04
  0.1636083005985E-04
  0.3667362686127E-04
  0.4538115735703E-04
  0.4902625771314E-04
  0.4914251978629E-04
  0.4906450636787E-04
  0.4849301876306E-04
  0.4705109465951E-04
  0.4533012725880E-04
  0.4352606993549E-04
  0.4183150002244E-04
  0.4035821743430E-04
  0.3911875533170E-04
  0.3817456721921E-04
  0.3751193596318E-04
  0.3712351705027E-04
  0.3648690183396E-04
  0.3597331998487E-04
  0.3547610231972E-04
  0.3505794796958E-04
  0.3462164563268E-04
  0.3435747224423E-04
  0.3426252742181E-04
  0.3434780069412E-04
  0.3447131971926E-04
  0.3461980977248E-04
  0.3479392569755E-04
  0.3491890164895E-04
  0.3496375236577E-04
  0.3488868599842E-04
  0.3519341691789E-04
  0.3663073667527E-04
  0.3979093342897E-04
  0.4457391136219E-04
  0.3167413985153E-04
  0.2851122498130E-04
  0.2568814434499E-04
  0.2945447967397E-04
  0.3171221720607E-04
  0.3472195960099E-04
  0.3698249981339E-04
  0.3896560462463E-04
  0.4093339899376E-04
  0.4207931559474E-04
  0.4227940095239E-04
  0.4189958004511E-04
  0.4097462516067E-04
  0.3991324242005E-04
  0.3886226238811E-04
  0.3803358412540E-04
  0.3729697633292E-04
  0.3685462777484E-04
  0.3349820889618E-04
  0.3314620007911E-04
  0.3288221364486E-04
  0.3262409063780E-04
  0.3232019281429E-04
  0.3209949592452E-04
  0.3202807025951E-04
  0.3210613758629E-04
  0.3222535948921E-04
  0.3218215845644E-04
  0.3233379653078E-04
  0.3251173323915E-04
  0.3269518729482E-04
  0.3286914327112E-04
  0.3312493242861E-04
  0.3393957733337E-04
  0.3578316117826E-04
  0.3828611059095E-04
  0.3376294201563E-04
  0.3017770156848E-04
  0.2673283124031E-04
  0.2553084845259E-04
  0.2522514005649E-04
  0.2627064491424E-04
  0.2752917528968E-04
  0.2896686183544E-04
  0.3088407168845E-04
  0.3280566828554E-04
  0.3409599096476E-04
  0.3471913852263E-04
  0.3471237037375E-04
  0.3433008298377E-04
  0.3388935070692E-04
  0.3374674100074E-04
  0.3366968446277E-04
  0.3358378519999E-04
  0.2632948792221E-04
  0.2648072886461E-04
  0.2650458914430E-04
  0.2644550060382E-04
  0.2628525344388E-04
  0.2609886129322E-04
  0.2597211303034E-04
  0.2589629551133E-04
  0.2582137169754E-04
  0.2578447028272E-04
  0.2588438821944E-04
  0.2600420327143E-04
  0.2613597763529E-04
  0.2627356788872E-04
  0.2646903778194E-04
  0.2693961994038E-04
  0.2818494725371E-04
  0.2959507564894E-04
  0.2791638020084E-04
  0.2541230544087E-04
  0.2331021758219E-04
  0.2189153741275E-04
  0.2095887397151E-04
  0.2058789433233E-04
  0.2053475865033E-04
  0.2078977214010E-04
  0.2157898408096E-04
  0.2281163190888E-04
  0.2407974150123E-04
  0.2498634541867E-04
  0.2545907999166E-04
  0.2566693520804E-04
  0.2574856357994E-04
  0.2594163196566E-04
  0.2613871648491E-04
  0.2620811348516E-04
  0.1668801389392E-04
  0.1685030787928E-04
  0.1690065007292E-04
  0.1684227912128E-04
  0.1666642119167E-04
  0.1643447811024E-04
  0.1621418255806E-04
  0.1606155386326E-04
  0.1598377172400E-04
  0.1597705591602E-04
  0.1598922146072E-04
  0.1600819508335E-04
  0.1606313988132E-04
  0.1621220243645E-04
  0.1648825086244E-04
  0.1698750104929E-04
  0.1777159157011E-04
  0.1857522114800E-04
  0.1869447612788E-04
  0.1806328863053E-04
  0.1700524538966E-04
  0.1581528002161E-04
  0.1473335592424E-04
  0.1393083507139E-04
  0.1350789242027E-04
  0.1351939801922E-04
  0.1391472972144E-04
  0.1454273390729E-04
  0.1522911555593E-04
  0.1578200959616E-04
  0.1608499317533E-04
  0.1618786265423E-04
  0.1621143796469E-04
  0.1627071325496E-04
  0.1636970522210E-04
  0.1650169548044E-04
  0.7781482428689E-05
  0.7976216834511E-05
  0.8277001969002E-05
  0.8731037452523E-05
  0.9015984734228E-05
  0.9210198890212E-05
  0.9362490154354E-05
  0.9492145972514E-05
  0.9766592630025E-05
  0.1019180074201E-04
  0.1080870252574E-04
  0.1145100786945E-04
  0.1185679053467E-04
  0.1210453994764E-04
  0.1224112510341E-04
  0.1228134970696E-04
  0.1219904222757E-04
  0.1191414351033E-04
  0.1131467752935E-04
  0.1026166589362E-04
  0.9067803590787E-05
  0.8193193738013E-05
  0.7596852453781E-05
  0.7239168150609E-05
  0.7078052656887E-05
  0.7066885450916E-05
  0.7150905831044E-05
  0.7270062181548E-05
  0.7386271200139E-05
  0.7468852477757E-05
  0.7513345531567E-05
  0.7535175432238E-05
  0.7543249285856E-05
  0.7556097262815E-05
  0.7589684820908E-05
  0.7659831513126E-05
  0.2729790128839E-03
  0.2729790128839E-03
  0.2729790128839E-03
  0.2729790128839E-03
  0.2729790128839E-03
  0.2729790128839E-03
  0.2729790128839E-03
  0.2729790128839E-03
  0.2729790128839E-03
  0.2729790128839E-03
  0.2729790128839E-03
  0.2729790128839E-03
  0.2729790128839E-03
  0.2729790128839E-03
  0.2729790128839E-03
  0.2729790128839E-03
  0.2729790128839E-03
  0.2729790128839E-03
  0.2729790128839E-03
  0.2729790128839E-03
  0.2729790128839E-03
  0.2729790128839E-03
  0.2729790128839E-03
  0.2729790128839E-03
  0.2729790128839E-03
  0.2729790128839E-03
  0.2729790128839E-03
  0.2729790128839E-03
  0.2729790128839E-03
  0.2729790128839E-03
  0.2729790128839E-03
  0.2729790128839E-03
  0.2729790128839E-03
  0.2729790128839E-03
  0.2729790128839E-03
  0.2729790128839E-03
  0.2729790128839E-03
  0.2729790128839E-03
  0.2729790128839E-03
  0.2729790128839E-03
  0.2729790128839E-03
  0.2729790128839E-03
  0.2729790128839E-03
  0.2729790128839E-03
  0.2729790128839E-03
  0.2729790128839E-03
  0.2729790128839E-03
  0.2729790128839E-03
  0.2729790128839E-03
  0.2729790128839E-03
  0.2729790128839E-03
  0.2729790128839E-03
  0.2729790128839E-03
  0.2729790128839E-03
  0.2729790128839E-03
  0.2729790128839E-03
  0.2729790128839E-03
  0.2729790128839E-03
  0.2729790128839E-03
  0.2729790128839E-03
  0.2729790128839E-03
  0.2729790128839E-03
  0.2729790128839E-03
  0.2729790128839E-03
  0.2729790128839E-03
  0.2729790128839E-03
  0.2729790128839E-03
  0.2729790128839E-03
  0.2729790128839E-03
  0.2729790128839E-03
  0.2729790128839E-03
  0.2729790128839E-03
  0.2729790128839E-03
  0.2729790128839E-03
  0.2729790128839E-03
  0.2729790128839E-03
  0.2729790128839E-03
  0.2729790128839E-03
  0.2729790128839E-03
  0.2729790128839E-03
  0.2729790128839E-03
  0.2729790128839E-03
  0.2729790128839E-03
  0.2729790128839E-03
  0.2729790128839E-03
  0.2729790128839E-03
  0.2729790128839E-03
  0.2729790128839E-03
  0.2729790128839E-03
  0.2729790128839E-03
  0.2729790128839E-03
  0.2729790128839E-03
  0.2729790128839E-03
  0.2729790128839E-03
  0.2729790128839E-03
  0.2729790128839E-03
  0.2729790128839E-03
  0.2729790128839E-03
  0.2729790128839E-03
  0.2729790128839E-03
  0.2729790128839E-03
  0.2729790128839E-03
  0.2729790128839E-03
  0.2729790128839E-03
  0.2729790128839E-03
  0.2729790128839E-03
  0.2729790128839E-03
  0.2729790128839E-03
  0.2729790128839E-03
  0.2729790128839E-03
  0.2729790128839E-03
  0.2729790128839E-03
  0.2729790128839E-03
  0.2729790128839E-03
  0.2729790128839E-03
  0.2729790128839E-03
  0.2729790128839E-03
  0.2729790128839E-03
  0.2729790128839E-03
  0.2729790128839E-03
  0.2729790128839E-03
  0.2729790128839E-03
  0.2729790128839E-03
  0.2729790128839E-03
  0.2729790128839E-03
  0.2729790128839E-03
  0.2729790128839E-03
  0.2729790128839E-03
  0.2729790128839E-03
  0.2729790128839E-03
  0.2729790128839E-03
  0.2729790128839E-03
  0.2729790128839E-03
  0.2729790128839E-03
  0.2729790128839E-03
  0.2729790128839E-03
  0.2729790128839E-03
  0.2729790128839E-03
  0.2729790128839E-03
  0.2729790128839E-03
  0.2729790128839E-03
  0.2729790128839E-03
  0.2729790128839E-03
  0.2729790128839E-03
  0.2729790128839E-03
  0.2729790128839E-03
  0.2729790128839E-03
  0.2729790128839E-03
  0.2729790128839E-03
  0.2729790128839E-03
  0.2729790128839E-03
  0.2729790128839E-03
  0.2729790128839E-03
  0.2729790128839E-03
  0.2729790128839E-03
  0.2729790128839E-03
  0.2729790128839E-03
  0.2729790128839E-03
  0.2729790128839E-03
  0.2729790128839E-03
  0.2729790128839E-03
  0.2729790128839E-03
  0.2729790128839E-03
  0.2729790128839E-03
  0.2729790128839E-03
  0.2729790128839E-03
  0.2729790128839E-03
  0.2729790128839E-03
  0.2729790128839E-03
  0.2729790128839E-03
  0.2729790128839E-03
  0.2729790128839E-03
  0.2729790128839E-03
  0.2729790128839E-03
  0.2729790128839E-03
  0.2729790128839E-03
  0.2729790128839E-03
  0.2729790128839E-03
  0.2729790128839E-03
  0.2729790128839E-03
  0.2729790128839E-03
  0.2729790128839E-03
  0.2729790128839E-03
  0.2729790128839E-03
  0.2729790128839E-03
  0.2729790128839E-03
  0.2729790128839E-03
  0.2729790128839E-03
  0.2729790128839E-03
  0.2729790128839E-03
  0.2729790128839E-03
  0.2729790128839E-03
  0.2729790128839E-03
  0.2729790128839E-03
  0.2729790128839E-03
  0.2729790128839E-03
  0.2729790128839E-03
  0.2729790128839E-03
  0.2729790128839E-03
  0.2729790128839E-03
  0.2729790128839E-03
  0.2729790128839E-03
  0.2729790128839E-03
  0.2729790128839E-03
  0.2729790128839E-03
  0.2729790128839E-03
  0.2729790128839E-03
  0.2729790128839E-03
  0.2729790128839E-03
  0.2729790128839E-03
  0.2729790128839E-03
  0.2729790128839E-03
  0.2729790128839E-03
  0.2729790128839E-03
  0.2729790128839E-03
  0.2729790128839E-03
  0.2729790128839E-03
  0.2729790128839E-03
  0.2729790128839E-03
  0.2729790128839E-03
  0.2729790128839E-03
  0.2729790128839E-03
  0.2729790128839E-03
  0.2729790128839E-03
  0.2729790128839E-03
  0.2729790128839E-03
  0.2729790128839E-03
  0.2729790128839E-03
  0.2729790128839E-03
  0.2729790128839E-03
  0.2729790128839E-03
  0.2729790128839E-03
  0.2729790128839E-03
  0.2729790128839E-03
  0.2729790128839E-03
  0.2729790128839E-03
  0.2729790128839E-03
  0.2729790128839E-03
  0.2729790128839E-03
  0.2729790128839E-03
  0.2729790128839E-03
  0.2729790128839E-03
  0.2729790128839E-03
  0.2729790128839E-03
  0.2729790128839E-03
  0.2729790128839E-03
  0.2729790128839E-03
  0.2729790128839E-03
  0.2729790128839E-03
  0.2729790128839E-03
  0.2729790128839E-03
  0.2729790128839E-03
  0.2729790128839E-03
  0.2729790128839E-03
  0.2729790128839E-03
  0.2729790128839E-03
  0.2729790128839E-03
  0.2729790128839E-03
  0.2729790128839E-03
  0.2729790128839E-03
  0.2729790128839E-03
  0.2729790128839E-03
  0.2729790128839E-03
  0.2729790128839E-03
  0.2729790128839E-03
  0.2729790128839E-03
  0.2729790128839E-03
  0.2729790128839E-03
  0.2729790128839E-03
  0.2729790128839E-03
  0.2729790128839E-03
  0.2729790128839E-03
  0.2729790128839E-03
  0.2729790128839E-03
  0.2729790128839E-03
  0.2729790128839E-03
  0.2729790128839E-03
  0.2729790128839E-03
  0.2729790128839E-03
  0.2729790128839E-03
  0.2729790128839E-03
  0.2729790128839E-03
  0.2729790128839E-03
  0.2729790128839E-03
  0.2729790128839E-03
  0.2729790128839E-03
  0.2729790128839E-03
  0.2729790128839E-03
  0.2729790128839E-03
  0.2729790128839E-03
  0.2729790128839E-03
  0.2729790128839E-03
  0.2729790128839E-03
  0.2729790128839E-03
  0.2729790128839E-03
  0.2729790128839E-03
  0.2729790128839E-03
  0.2729790128839E-03
  0.2729790128839E-03
  0.2729790128839E-03
  0.2729790128839E-03
  0.2729790128839E-03
  0.2729790128839E-03
  0.2729790128839E-03
  0.2729790128839E-03
  0.2729790128839E-03
  0.2729790128839E-03
  0.2729790128839E-03
  0.2729790128839E-03
  0.2729790128839E-03
  0.2729790128839E-03
  0.2729790128839E-03
  0.2729790128839E-03
  0.2729790128839E-03
  0.2729790128839E-03
  0.2729790128839E-03
  0.2729790128839E-03
  0.2729790128839E-03
  0.2729790128839E-03
  0.2729790128839E-03
  0.2729790128839E-03
  0.2729790128839E-03
  0.2729790128839E-03
  0.2729790128839E-03
  0.2729790128839E-03
  0.2729790128839E-03
  0.2729790128839E-03
  0.2729790128839E-03
  0.2729790128839E-03
  0.2729790128839E-03
  0.2729790128839E-03
  0.2729790128839E-03
  0.2729790128839E-03
  0.2729790128839E-03
  0.2729790128839E-03
  0.2729790128839E-03
  0.2729790128839E-03
  0.2729790128839E-03
  0.2729790128839E-03
  0.2729790128839E-03
  0.2729790128839E-03
  0.2729790128839E-03
  0.2729790128839E-03
  0.2729790128839E-03
  0.2729790128839E-03
  0.2729790128839E-03
  0.2729790128839E-03
  0.2729790128839E-03
  0.2729790128839E-03
  0.2729790128839E-03
  0.2729790128839E-03
  0.2729790128839E-03
  0.2729790128839E-03
  0.2729790128839E-03
  0.2729790128839E-03
  0.2729790128839E-03
  0.2729790128839E-03
  0.2729790128839E-03
  0.2729790128839E-03
  0.2729790128839E-03
  0.2729790128839E-03
  0.2729790128839E-03
  0.2729790128839E-03
  0.2729790128839E-03
  0.2729790128839E-03
  0.2729790128839E-03
  0.2729790128839E-03
  0.2729790128839E-03
  0.2729790128839E-03
  0.2729790128839E-03
  0.2729790128839E-03
  0.2729790128839E-03
  0.2729790128839E-03
  0.2729790128839E-03
  0.2729790128839E-03
  0.2729790128839E-03
  0.2729790128839E-03
  0.2729790128839E-03
  0.2729790128839E-03
  0.2729790128839E-03
  0.2729790128839E-03
  0.2729790128839E-03
  0.2729790128839E-03
  0.2729790128839E-03
  0.2729790128839E-03
  0.2729790128839E-03
  0.2729790128839E-03
  0.2729790128839E-03
  0.2729790128839E-03
  0.2729790128839E-03
  0.2729790128839E-03
  0.2729790128839E-03
  0.2729790128839E-03
  0.2729790128839E-03
  0.2729790128839E-03
  0.2729790128839E-03
  0.2729790128839E-03
  0.2729790128839E-03
  0.2729790128839E-03
  0.2729790128839E-03
  0.2729790128839E-03
  0.2729790128839E-03
  0.2729790128839E-03
  0.2729790128839E-03
  0.2729790128839E-03
  0.2729790128839E-03
  0.2729790128839E-03
  0.2729790128839E-03
  0.2729790128839E-03
  0.2729790128839E-03
  0.2729790128839E-03
  0.2729790128839E-03
  0.2729790128839E-03
  0.2729790128839E-03
  0.2729790128839E-03
  0.2729790128839E-03
  0.2729790128839E-03
  0.2729790128839E-03
  0.2729790128839E-03
  0.2729790128839E-03
  0.2729790128839E-03
  0.2729790128839E-03
  0.2729790128839E-03
  0.2729790128839E-03
  0.2729790128839E-03
  0.2729790128839E-03
  0.2729790128839E-03
  0.2729790128839E-03
  0.2729790128839E-03
  0.2729790128839E-03
  0.2729790128839E-03
  0.2729790128839E-03
  0.2729790128839E-03
  0.2729790128839E-03
  0.2729790128839E-03
  0.2729790128839E-03
  0.2729790128839E-03
  0.2729790128839E-03
  0.2729790128839E-03
  0.2729790128839E-03
  0.2729790128839E-03
  0.2729790128839E-03
  0.2729790128839E-03
  0.2729790128839E-03
  0.2729790128839E-03
  0.2729790128839E-03
  0.2729790128839E-03
  0.2729790128839E-03
  0.2729790128839E-03
  0.2729790128839E-03
  0.2729790128839E-03
  0.2729790128839E-03
  0.2729790128839E-03
  0.2729790128839E-03
  0.2729790128839E-03
  0.2729790128839E-03
  0.2729790128839E-03
  0.2729790128839E-03
  0.2729790128839E-03
  0.2729790128839E-03
  0.2729790128839E-03
  0.2729790128839E-03
  0.2729790128839E-03
  0.2729790128839E-03
  0.2729790128839E-03
  0.2729790128839E-03
  0.2729790128839E-03
  0.2729790128839E-03
  0.2729790128839E-03
  0.2729790128839E-03
  0.2729790128839E-03
  0.2729790128839E-03
  0.2729790128839E-03
  0.2729790128839E-03
  0.2729790128839E-03
  0.2729790128839E-03
  0.2729790128839E-03
  0.2729790128839E-03
  0.2729790128839E-03
  0.2729790128839E-03
  0.2729790128839E-03
  0.2729790128839E-03
  0.2729790128839E-03
  0.2729790128839E-03
  0.2729790128839E-03
  0.2729790128839E-03
  0.2729790128839E-03
  0.2729790128839E-03
  0.2729790128839E-03
  0.2729790128839E-03
  0.2729790128839E-03
  0.2729790128839E-03
  0.2729790128839E-03
  0.2729790128839E-03
  0.2729790128839E-03
  0.2729790128839E-03
  0.2729790128839E-03
  0.2729790128839E-03
  0.2729790128839E-03
  0.2729790128839E-03
  0.2729790128839E-03
  0.2729790128839E-03
  0.2729790128839E-03
  0.2729790128839E-03
  0.2729790128839E-03
  0.2729790128839E-03
  0.2729790128839E-03
  0.2729790128839E-03
  0.2729790128839E-03
  0.2729790128839E-03
  0.2729790128839E-03
  0.2729790128839E-03
  0.2729790128839E-03
  0.2729790128839E-03
  0.2729790128839E-03
  0.2729790128839E-03
  0.2729790128839E-03
  0.2729790128839E-03
  0.2729790128839E-03
  0.2729790128839E-03
  0.2729790128839E-03
  0.2729790128839E-03
  0.2729790128839E-03
  0.2729790128839E-03
  0.2729790128839E-03
  0.2729790128839E-03
  0.2729790128839E-03
  0.2729790128839E-03
  0.2729790128839E-03
  0.2729790128839E-03
  0.2729790128839E-03
  0.2729790128839E-03
  0.2729790128839E-03
  0.2729790128839E-03
  0.2729790128839E-03
  0.2729790128839E-03
  0.2729790128839E-03
  0.2729790128839E-03
  0.2729790128839E-03
  0.2729790128839E-03
  0.2729790128839E-03
  0.2729790128839E-03
  0.2729790128839E-03
  0.2729790128839E-03
  0.2729790128839E-03
  0.2729790128839E-03
  0.2729790128839E-03
  0.2729790128839E-03
  0.2729790128839E-03
  0.2729790128839E-03
  0.2729790128839E-03
  0.2729790128839E-03
  0.2729790128839E-03
  0.2729790128839E-03
  0.2729790128839E-03
  0.2729790128839E-03
  0.2729790128839E-03
  0.2729790128839E-03
  0.2729790128839E-03
  0.2729790128839E-03
  0.2729790128839E-03
  0.2729790128839E-03
  0.2729790128839E-03
  0.2729790128839E-03
  0.2729790128839E-03
  0.2729790128839E-03
  0.2729790128839E-03
  0.2729790128839E-03
  0.2729790128839E-03
  0.2729790128839E-03
  0.2729790128839E-03
  0.2729790128839E-03
  0.2729790128839E-03
  0.2729790128839E-03
  0.2729790128839E-03
  0.2729790128839E-03
  0.2729790128839E-03
  0.2729790128839E-03
  0.2729790128839E-03
  0.2729790128839E-03
  0.2729790128839E-03
  0.2729790128839E-03
  0.2729790128839E-03
  0.2729790128839E-03
  0.2729790128839E-03
  0.2729790128839E-03
  0.2729790128839E-03
  0.2729790128839E-03
  0.2729790128839E-03
  0.2729790128839E-03
  0.2729790128839E-03
  0.2729790128839E-03
  0.2729790128839E-03
  0.2729790128839E-03
  0.2729790128839E-03
  0.2729790128839E-03
  0.2729790128839E-03
  0.2729790128839E-03
  0.2729790128839E-03
  0.2729790128839E-03
  0.2729790128839E-03
  0.2729790128839E-03
  0.2729790128839E-03
  0.2729790128839E-03
  0.2729790128839E-03
  0.2729790128839E-03
  0.2729790128839E-03
  0.2729790128839E-03
  0.2729790128839E-03
  0.2729790128839E-03
  0.2729790128839E-03
  0.2729790128839E-03
  0.2729790128839E-03
  0.2729790128839E-03
  0.2729790128839E-03
  0.2729790128839E-03
  0.2729790128839E-03
  0.2729790128839E-03
  0.2729790128839E-03
  0.2729790128839E-03
  0.2729790128839E-03
  0.2729790128839E-03
  0.2729790128839E-03
  0.2729790128839E-03
  0.2729790128839E-03
  0.2729790128839E-03
  0.2729790128839E-03
  0.2729790128839E-03
  0.2729790128839E-03
  0.2729790128839E-03
  0.2729790128839E-03
  0.2729790128839E-03
  0.2729790128839E-03
  0.2729790128839E-03
  0.2729790128839E-03
  0.2729790128839E-03
  0.2729790128839E-03
  0.2729790128839E-03
  0.2729790128839E-03
  0.2729790128839E-03
  0.2729790128839E-03
  0.2729790128839E-03
  0.2729790128839E-03
  0.2729790128839E-03
  0.2729790128839E-03
  0.2729790128839E-03
  0.2729790128839E-03
  0.2729790128839E-03
  0.2729790128839E-03
  0.2729790128839E-03
  0.2729790128839E-03
  0.2729790128839E-03
  0.2729790128839E-03
  0.2729790128839E-03
  0.2729790128839E-03
  0.2729790128839E-03
  0.2729790128839E-03
  0.2729790128839E-03
  0.2729790128839E-03
  0.2729790128839E-03
  0.2729790128839E-03
  0.2729790128839E-03
  0.2729790128839E-03
  0.2729790128839E-03
  0.2729790128839E-03
  0.2729790128839E-03
  0.2729790128839E-03
  0.2729790128839E-03
  0.2729790128839E-03
  0.2729790128839E-03
  0.2729790128839E-03
  0.2729790128839E-03
  0.2729790128839E-03
  0.2729790128839E-03
  0.2729790128839E-03
  0.2729790128839E-03
  0.2729790128839E-03
  0.2729790128839E-03
  0.2729790128839E-03
  0.2729790128839E-03
  0.2729790128839E-03
  0.2729790128839E-03
  0.2729790128839E-03
  0.2729790128839E-03
  0.2729790128839E-03
  0.2729790128839E-03
  0.2729790128839E-03
  0.2729790128839E-03
  0.2729790128839E-03
  0.2729790128839E-03
  0.2729790128839E-03
  0.2729790128839E-03
  0.2729790128839E-03
  0.2729790128839E-03
  0.2729790128839E-03
  0.2729790128839E-03
  0.2729790128839E-03
  0.2729790128839E-03
  0.2729790128839E-03
  0.2729790128839E-03
  0.2729790128839E-03
  0.2729790128839E-03
  0.2729790128839E-03
  0.2729790128839E-03
  0.2729790128839E-03
  0.2729790128839E-03
  0.2729790128839E-03
  0.2729790128839E-03
  0.2729790128839E-03
  0.2729790128839E-03
  0.2729790128839E-03
  0.2729790128839E-03
  0.2729790128839E-03
  0.2729790128839E-03
  0.2729790128839E-03
  0.2729790128839E-03
  0.2729790128839E-03
  0.2729790128839E-03
  0.2729790128839E-03
  0.2729790128839E-03
  0.2729790128839E-03
  0.2729790128839E-03
  0.2729790128839E-03
  0.2729790128839E-03
  0.2729790128839E-03
  0.2729790128839E-03
  0.2729790128839E-03
  0.2729790128839E-03
  0.2729790128839E-03
  0.2729790128839E-03
  0.2729790128839E-03
  0.2729790128839E-03
  0.2729790128839E-03
  0.2729790128839E-03
  0.2729790128839E-03
  0.2729790128839E-03
  0.2729790128839E-03
  0.2729790128839E-03
  0.2729790128839E-03
  0.2729790128839E-03
  0.2729790128839E-03
  0.2729790128839E-03
  0.2729790128839E-03
  0.2729790128839E-03
  0.2729790128839E-03
  0.2729790128839E-03
  0.2729790128839E-03
  0.2729790128839E-03
  0.2729790128839E-03
  0.2729790128839E-03
  0.2729790128839E-03
  0.2729790128839E-03
  0.2729790128839E-03
  0.2729790128839E-03
  0.2729790128839E-03
  0.2729790128839E-03
  0.2729790128839E-03
  0.2729790128839E-03
  0.2729790128839E-03
  0.2729790128839E-03
  0.2729790128839E-03
  0.2729790128839E-03
  0.2729790128839E-03
  0.2729790128839E-03
  0.2729790128839E-03
  0.2729790128839E-03
  0.2729790128839E-03
  0.2729790128839E-03
  0.2729790128839E-03
  0.2729790128839E-03
  0.2729790128839E-03
  0.2729790128839E-03
  0.2729790128839E-03
  0.2729790128839E-03
  0.2729790128839E-03
  0.2729790128839E-03
  0.2729790128839E-03
  0.2729790128839E-03
  0.2729790128839E-03
  0.2729790128839E-03
  0.2729790128839E-03
  0.2729790128839E-03
  0.2729790128839E-03
  0.2729790128839E-03
  0.2729790128839E-03
  0.2729790128839E-03
  0.2729790128839E-03
  0.2729790128839E-03
  0.2729790128839E-03
  0.2729790128839E-03
  0.2729790128839E-03
  0.2729790128839E-03
  0.2729790128839E-03
  0.2729790128839E-03
  0.2729790128839E-03
  0.2729790128839E-03
  0.2729790128839E-03
  0.2729790128839E-03
  0.2729790128839E-03
  0.2729790128839E-03
  0.2729790128839E-03
  0.2729790128839E-03
  0.2729790128839E-03
  0.2729790128839E-03
  0.2729790128839E-03
  0.2729790128839E-03
  0.2729790128839E-03
  0.2729790128839E-03
  0.2729790128839E-03
  0.2729790128839E-03
  0.2729790128839E-03
  0.2729790128839E-03
  0.2729790128839E-03
  0.2729790128839E-03
  0.2729790128839E-03
  0.2729790128839E-03
  0.2729790128839E-03
  0.2729790128839E-03
  0.2729790128839E-03
  0.2729790128839E-03
  0.2729790128839E-03
  0.2729790128839E-03
  0.2729790128839E-03
  0.2729790128839E-03
  0.2729790128839E-03
  0.2729790128839E-03
  0.2729790128839E-03
  0.2729790128839E-03
  0.2729790128839E-03
  0.2729790128839E-03
  0.2729790128839E-03
  0.2729790128839E-03
  0.2729790128839E-03
  0.2729790128839E-03
  0.2729790128839E-03
  0.2729790128839E-03
  0.2729790128839E-03
  0.2729790128839E-03
  0.2729790128839E-03
  0.2729790128839E-03
  0.2729790128839E-03
  0.2729790128839E-03
  0.2729790128839E-03
  0.2729790128839E-03
  0.2729790128839E-03
  0.2729790128839E-03
  0.2729790128839E-03
  0.2729790128839E-03
  0.2729790128839E-03
  0.2729790128839E-03
  0.2729790128839E-03
  0.2729790128839E-03
  0.2729790128839E-03
  0.2729790128839E-03
  0.2729790128839E-03
  0.2729790128839E-03
  0.2729790128839E-03
  0.2729790128839E-03
  0.2729790128839E-03
  0.2729790128839E-03
  0.2729790128839E-03
  0.2729790128839E-03
  0.2729790128839E-03
  0.2729790128839E-03
  0.2729790128839E-03
  0.2729790128839E-03
  0.2729790128839E-03
  0.2729790128839E-03
  0.2729790128839E-03
  0.2729790128839E-03
  0.2729790128839E-03
  0.2729790128839E-03
  0.2729790128839E-03
  0.2729790128839E-03
  0.2729790128839E-03
  0.2729790128839E-03
  0.2729790128839E-03
  0.2729790128839E-03
  0.2729790128839E-03
  0.2729790128839E-03
  0.2729790128839E-03
  0.2729790128839E-03
  0.2729790128839E-03
  0.2729790128839E-03
  0.2729790128839E-03
  0.2729790128839E-03
  0.2729790128839E-03
  0.2729790128839E-03
  0.2729790128839E-03
  0.2729790128839E-03
  0.2729790128839E-03
  0.2729790128839E-03
  0.2729790128839E-03
  0.2729790128839E-03
  0.2729790128839E-03
  0.2729790128839E-03
  0.2729790128839E-03
  0.2729790128839E-03
  0.2729790128839E-03
  0.2729790128839E-03
  0.2729790128839E-03
  0.2729790128839E-03
  0.2729790128839E-03
  0.2729790128839E-03
  0.2729790128839E-03
  0.2729790128839E-03
  0.2729790128839E-03
  0.2729790128839E-03
  0.2729790128839E-03
  0.2729790128839E-03
  0.2729790128839E-03
  0.2729790128839E-03
  0.2729790128839E-03
  0.2729790128839E-03
  0.2729790128839E-03
  0.2729790128839E-03
  0.2729790128839E-03
  0.2729790128839E-03
  0.2729790128839E-03
  0.2729790128839E-03
  0.2729790128839E-03
  0.2729790128839E-03
  0.2729790128839E-03
  0.2729790128839E-03
  0.2729790128839E-03
  0.2729790128839E-03
  0.2729790128839E-03
  0.2729790128839E-03
  0.2729790128839E-03
  0.2729790128839E-03
  0.2729790128839E-03
  0.2729790128839E-03
  0.2729790128839E-03
  0.2729790128839E-03
  0.2729790128839E-03
  0.2729790128839E-03
  0.2729790128839E-03
  0.2729790128839E-03
  0.2729790128839E-03
  0.2729790128839E-03
  0.2729790128839E-03
  0.2729790128839E-03
  0.2729790128839E-03
  0.2729790128839E-03
  0.2729790128839E-03
  0.2729790128839E-03
  0.2729790128839E-03
  0.2729790128839E-03
  0.2729790128839E-03
  0.2729790128839E-03
  0.2729790128839E-03
  0.2729790128839E-03
  0.2729790128839E-03
  0.2729790128839E-03
  0.2729790128839E-03
  0.2729790128839E-03
  0.2729790128839E-03
  0.2729790128839E-03
  0.2729790128839E-03
  0.2729790128839E-03
  0.2729790128839E-03
  0.2729790128839E-03
  0.2729790128839E-03
  0.2729790128839E-03
  0.2729790128839E-03
  0.2729790128839E-03
  0.2729790128839E-03
  0.2729790128839E-03
  0.2729790128839E-03
  0.2729790128839E-03
  0.2729790128839E-03
  0.2729790128839E-03
  0.2729790128839E-03
  0.2729790128839E-03
  0.2729790128839E-03
  0.2729790128839E-03
  0.2729790128839E-03
  0.2729790128839E-03
  0.2729790128839E-03
  0.2729790128839E-03
  0.2729790128839E-03
  0.2729790128839E-03
  0.2729790128839E-03
  0.2729790128839E-03
  0.2729790128839E-03
  0.2729790128839E-03
  0.2729790128839E-03
  0.2729790128839E-03
  0.2729790128839E-03
  0.2729790128839E-03
  0.2729790128839E-03
  0.2729790128839E-03
  0.2729790128839E-03
  0.2729790128839E-03
  0.2729790128839E-03
  0.2729790128839E-03
  0.2729790128839E-03
  0.2729790128839E-03
  0.2729790128839E-03
  0.2729790128839E-03
  0.2729790128839E-03
  0.2729790128839E-03
  0.2729790128839E-03
  0.2729790128839E-03
  0.2729790128839E-03
  0.2729790128839E-03
  0.2729790128839E-03
  0.2729790128839E-03
  0.2729790128839E-03
  0.2729790128839E-03
  0.2729790128839E-03
  0.2729790128839E-03
  0.2729790128839E-03
  0.2729790128839E-03
  0.2729790128839E-03
  0.2729790128839E-03
  0.2729790128839E-03
  0.2729790128839E-03
  0.2729790128839E-03
  0.2729790128839E-03
  0.2729790128839E-03
  0.2729790128839E-03
  0.2729790128839E-03
  0.2729790128839E-03
  0.2729790128839E-03
  0.2729790128839E-03
  0.2729790128839E-03
  0.2729790128839E-03
  0.2729790128839E-03
  0.2729790128839E-03
  0.2729790128839E-03
  0.2729790128839E-03
  0.2729790128839E-03
  0.2729790128839E-03
  0.2729790128839E-03
  0.2729790128839E-03
  0.2729790128839E-03
  0.2729790128839E-03
  0.2729790128839E-03
  0.2729790128839E-03
  0.2729790128839E-03
  0.2729790128839E-03
  0.2729790128839E-03
  0.2729790128839E-03
  0.2729790128839E-03
  0.2729790128839E-03
  0.2729790128839E-03
  0.2729790128839E-03
  0.2729790128839E-03
  0.2729790128839E-03
  0.2729790128839E-03
  0.2729790128839E-03
  0.2729790128839E-03
  0.2729790128839E-03
  0.2729790128839E-03
  0.2729790128839E-03
  0.2729790128839E-03
  0.2729790128839E-03
  0.2729790128839E-03
  0.2729790128839E-03
  0.2729790128839E-03
  0.2729790128839E-03
  0.2729790128839E-03
  0.2729790128839E-03
  0.2729790128839E-03
  0.2729790128839E-03
  0.2729790128839E-03
  0.2729790128839E-03
  0.2729790128839E-03
  0.2729790128839E-03
  0.2729790128839E-03
  0.2729790128839E-03
  0.2729790128839E-03
  0.2729790128839E-03
  0.2729790128839E-03
  0.2729790128839E-03
  0.2729790128839E-03
  0.2729790128839E-03
  0.2729790128839E-03
  0.2729790128839E-03
  0.2729790128839E-03
  0.2729790128839E-03
  0.2729790128839E-03
  0.2729790128839E-03
  0.2729790128839E-03
  0.2729790128839E-03
  0.2729790128839E-03
  0.2729790128839E-03
  0.2729790128839E-03
  0.2729790128839E-03
  0.2729790128839E-03
  0.2729790128839E-03
  0.2729790128839E-03
  0.2729790128839E-03
  0.2729790128839E-03
  0.2729790128839E-03
  0.2729790128839E-03
  0.2729790128839E-03
  0.2729790128839E-03
  0.2729790128839E-03
  0.2729790128839E-03
  0.2729790128839E-03
  0.2729790128839E-03
  0.2729790128839E-03
  0.2729790128839E-03
  0.2729790128839E-03
  0.2729790128839E-03
  0.2729790128839E-03
  0.2729790128839E-03
  0.2729790128839E-03
  0.2729790128839E-03
  0.2729790128839E-03
  0.2729790128839E-03
  0.2729790128839E-03
  0.2729790128839E-03
  0.2729790128839E-03
  0.2729790128839E-03
  0.2729790128839E-03
  0.2729790128839E-03
  0.2729790128839E-03
  0.2729790128839E-03
  0.2729790128839E-03
  0.2729790128839E-03
  0.2729790128839E-03
  0.2729790128839E-03
  0.2729790128839E-03
  0.2729790128839E-03
  0.2729790128839E-03
  0.2729790128839E-03
  0.2729790128839E-03
  0.2729790128839E-03
  0.2729790128839E-03
  0.2729790128839E-03
  0.2729790128839E-03
  0.2729790128839E-03
  0.2729790128839E-03
  0.2729790128839E-03
  0.2729790128839E-03
  0.2729790128839E-03
  0.2729790128839E-03
  0.2729790128839E-03
  0.2729790128839E-03
  0.2729790128839E-03
  0.2729790128839E-03
  0.2729790128839E-03
  0.2729790128839E-03
  0.2729790128839E-03
  0.2729790128839E-03
  0.2729790128839E-03
  0.2729790128839E-03
  0.2729790128839E-03
  0.2729790128839E-03
  0.2729790128839E-03
  0.2729790128839E-03
  0.2729790128839E-03
  0.2729790128839E-03
  0.2729790128839E-03
  0.2729790128839E-03
  0.2729790128839E-03
  0.2729790128839E-03
  0.2729790128839E-03
  0.2729790128839E-03
  0.2729790128839E-03
  0.2729790128839E-03
  0.2729790128839E-03
  0.2729790128839E-03
  0.2729790128839E-03
  0.2729790128839E-03
  0.2729790128839E-03
  0.2729790128839E-03
  0.2729790128839E-03
  0.2729790128839E-03
  0.2729790128839E-03
  0.2729790128839E-03
  0.2729790128839E-03
  0.2729790128839E-03
  0.2729790128839E-03
  0.2729790128839E-03
  0.2729790128839E-03
  0.2729790128839E-03
  0.2729790128839E-03
  0.2729790128839E-03
  0.2729790128839E-03
  0.2729790128839E-03
  0.2729790128839E-03
  0.2729790128839E-03
  0.2729790128839E-03
  0.2729790128839E-03
  0.2729790128839E-03
  0.2729790128839E-03
  0.2729790128839E-03
  0.2729790128839E-03
  0.2729790128839E-03
  0.2729790128839E-03
  0.2729790128839E-03
  0.2729790128839E-03
  0.2729790128839E-03
  0.2729790128839E-03
  0.2729790128839E-03
  0.2729790128839E-03
  0.2729790128839E-03
  0.2729790128839E-03
  0.2729790128839E-03
  0.2729790128839E-03
  0.2729790128839E-03
  0.2729790128839E-03
  0.2729790128839E-03
  0.2729790128839E-03
  0.2729790128839E-03
  0.2729790128839E-03
  0.2729790128839E-03
  0.2729790128839E-03
  0.2729790128839E-03
  0.2729790128839E-03
  0.2729790128839E-03
  0.2729790128839E-03
  0.2729790128839E-03
  0.2729790128839E-03
  0.2729790128839E-03
  0.2729790128839E-03
  0.2729790128839E-03
  0.2729790128839E-03
  0.2729790128839E-03
  0.2729790128839E-03
  0.2729790128839E-03
  0.2729790128839E-03
  0.2729790128839E-03
  0.2729790128839E-03
  0.2729790128839E-03
  0.2729790128839E-03
  0.2729790128839E-03
  0.2729790128839E-03
  0.2729790128839E-03
  0.2729790128839E-03
  0.2729790128839E-03
  0.2729790128839E-03
  0.2729790128839E-03
  0.2729790128839E-03
  0.2729790128839E-03
  0.2729790128839E-03
  0.2729790128839E-03
  0.2729790128839E-03
  0.2729790128839E-03
  0.2729790128839E-03
  0.2729790128839E-03
  0.2729790128839E-03
  0.2729790128839E-03
  0.2729790128839E-03
  0.2729790128839E-03
  0.2729790128839E-03
  0.2729790128839E-03
  0.2729790128839E-03
  0.2729790128839E-03
  0.2729790128839E-03
  0.2729790128839E-03
  0.2729790128839E-03
  0.2729790128839E-03
  0.2729790128839E-03
  0.2729790128839E-03
  0.2729790128839E-03
  0.2729790128839E-03
  0.2729790128839E-03
  0.2729790128839E-03
  0.2729790128839E-03
  0.2729790128839E-03
  0.2729790128839E-03
  0.2729790128839E-03
  0.2729790128839E-03
  0.2729790128839E-03
  0.2729790128839E-03
  0.2729790128839E-03
  0.2729790128839E-03
  0.2729790128839E-03
  0.2729790128839E-03
  0.2729790128839E-03
  0.2729790128839E-03
  0.2729790128839E-03
  0.2729790128839E-03
  0.2729790128839E-03
  0.2729790128839E-03
  0.2729790128839E-03
  0.2729790128839E-03
  0.2729790128839E-03
  0.2729790128839E-03
  0.2729790128839E-03
  0.2729790128839E-03
  0.2729790128839E-03
  0.2729790128839E-03
  0.2729790128839E-03
  0.2729790128839E-03
  0.2729790128839E-03
  0.2729790128839E-03
  0.2729790128839E-03
  0.2729790128839E-03
  0.2729790128839E-03
  0.2729790128839E-03
  0.0000000000000E+00
 -0.2983729370335E-06
 -0.3410726808257E-06
 -0.3628650942071E-06
 -0.3477037979242E-06
  0.0000000000000E+00
 -0.3864369224238E-06
 -0.3627446929699E-06
 -0.2834653627597E-06
 -0.3121423806673E-06
  0.0000000000000E+00
  0.0000000000000E+00
  0.0000000000000E+00
  0.0000000000000E+00
  0.0000000000000E+00
  0.0000000000000E+00
  0.0000000000000E+00
  0.0000000000000E+00
  0.0000000000000E+00
  0.0000000000000E+00
  0.0000000000000E+00
  0.0000000000000E+00
  0.0000000000000E+00
  0.0000000000000E+00
  0.0000000000000E+00
  0.0000000000000E+00
  0.0000000000000E+00
  0.0000000000000E+00
  0.0000000000000E+00
  0.0000000000000E+00
  0.0000000000000E+00
  0.0000000000000E+00
  0.0000000000000E+00
  0.0000000000000E+00
  0.0000000000000E+00
  0.0000000000000E+00
  0.0000000000000E+00
  0.0000000000000E+00
  0.0000000000000E+00
  0.0000000000000E+00
  0.0000000000000E+00
  0.0000000000000E+00
  0.0000000000000E+00
  0.0000000000000E+00
  0.0000000000000E+00
  0.0000000000000E+00
  0.0000000000000E+00
  0.0000000000000E+00
  0.0000000000000E+00
  0.0000000000000E+00
  0.0000000000000E+00
  0.0000000000000E+00
  0.0000000000000E+00
  0.0000000000000E+00
  0.0000000000000E+00
  0.0000000000000E+00
  0.0000000000000E+00
  0.0000000000000E+00
  0.0000000000000E+00
  0.0000000000000E+00
  0.0000000000000E+00
  0.0000000000000E+00
  0.0000000000000E+00
  0.0000000000000E+00
  0.0000000000000E+00
  0.0000000000000E+00
  0.0000000000000E+00
  0.0000000000000E+00
  0.0000000000000E+00
  0.0000000000000E+00
  0.0000000000000E+00
  0.0000000000000E+00
  0.0000000000000E+00
  0.0000000000000E+00
  0.0000000000000E+00
  0.0000000000000E+00
  0.0000000000000E+00
  0.0000000000000E+00
  0.0000000000000E+00
  0.0000000000000E+00
  0.0000000000000E+00
  0.0000000000000E+00
  0.0000000000000E+00
  0.0000000000000E+00
  0.0000000000000E+00
  0.0000000000000E+00
  0.0000000000000E+00
  0.0000000000000E+00
  0.0000000000000E+00
  0.0000000000000E+00
  0.0000000000000E+00
  0.0000000000000E+00
  0.0000000000000E+00
  0.0000000000000E+00
  0.0000000000000E+00
  0.0000000000000E+00
  0.0000000000000E+00
  0.0000000000000E+00
  0.0000000000000E+00
  0.0000000000000E+00
  0.0000000000000E+00
  0.0000000000000E+00
  0.0000000000000E+00
  0.0000000000000E+00
  0.0000000000000E+00
  0.0000000000000E+00
  0.0000000000000E+00
  0.0000000000000E+00
  0.0000000000000E+00
  0.0000000000000E+00
  0.0000000000000E+00
  0.0000000000000E+00
  0.0000000000000E+00
  0.0000000000000E+00
  0.0000000000000E+00
  0.0000000000000E+00
  0.0000000000000E+00
  0.0000000000000E+00
  0.0000000000000E+00
  0.0000000000000E+00
  0.0000000000000E+00
  0.0000000000000E+00
  0.0000000000000E+00
  0.0000000000000E+00
  0.0000000000000E+00
  0.0000000000000E+00
  0.0000000000000E+00
  0.0000000000000E+00
  0.0000000000000E+00
  0.0000000000000E+00
  0.0000000000000E+00
  0.0000000000000E+00
  0.0000000000000E+00
  0.0000000000000E+00
  0.0000000000000E+00
  0.0000000000000E+00
  0.0000000000000E+00
  0.0000000000000E+00
  0.0000000000000E+00
  0.0000000000000E+00
  0.0000000000000E+00
  0.0000000000000E+00
  0.0000000000000E+00
  0.0000000000000E+00
  0.0000000000000E+00
  0.0000000000000E+00
  0.0000000000000E+00
  0.0000000000000E+00
  0.0000000000000E+00
  0.0000000000000E+00
  0.0000000000000E+00
  0.0000000000000E+00
  0.0000000000000E+00
  0.0000000000000E+00
  0.0000000000000E+00
  0.0000000000000E+00
  0.0000000000000E+00
  0.0000000000000E+00
  0.0000000000000E+00
  0.0000000000000E+00
  0.0000000000000E+00
  0.0000000000000E+00
  0.0000000000000E+00
  0.0000000000000E+00
  0.0000000000000E+00
  0.0000000000000E+00
  0.0000000000000E+00
  0.0000000000000E+00
  0.0000000000000E+00
  0.0000000000000E+00
  0.0000000000000E+00
  0.0000000000000E+00
  0.0000000000000E+00
  0.0000000000000E+00
  0.0000000000000E+00
  0.0000000000000E+00
  0.0000000000000E+00
  0.0000000000000E+00
  0.0000000000000E+00
  0.0000000000000E+00
  0.0000000000000E+00
  0.0000000000000E+00
  0.0000000000000E+00
  0.0000000000000E+00
  0.0000000000000E+00
  0.0000000000000E+00
  0.0000000000000E+00
  0.0000000000000E+00
  0.0000000000000E+00
  0.0000000000000E+00
  0.0000000000000E+00
  0.0000000000000E+00
  0.0000000000000E+00
  0.0000000000000E+00
  0.0000000000000E+00
  0.0000000000000E+00
  0.0000000000000E+00
  0.0000000000000E+00
  0.0000000000000E+00
  0.0000000000000E+00
  0.0000000000000E+00
  0.0000000000000E+00
  0.0000000000000E+00
  0.0000000000000E+00
  0.0000000000000E+00
  0.0000000000000E+00
  0.0000000000000E+00
  0.0000000000000E+00
  0.0000000000000E+00
  0.0000000000000E+00
  0.0000000000000E+00
  0.0000000000000E+00
  0.0000000000000E+00
  0.0000000000000E+00
  0.0000000000000E+00
  0.0000000000000E+00
  0.0000000000000E+00
  0.0000000000000E+00
  0.0000000000000E+00
  0.0000000000000E+00
  0.0000000000000E+00
  0.0000000000000E+00
  0.0000000000000E+00
  0.0000000000000E+00
  0.0000000000000E+00
  0.0000000000000E+00
  0.0000000000000E+00
  0.0000000000000E+00
  0.0000000000000E+00
  0.0000000000000E+00
  0.0000000000000E+00
  0.0000000000000E+00
  0.0000000000000E+00
  0.0000000000000E+00
  0.0000000000000E+00
  0.0000000000000E+00
  0.0000000000000E+00
  0.0000000000000E+00
  0.0000000000000E+00
  0.0000000000000E+00
  0.0000000000000E+00
  0.0000000000000E+00
  0.0000000000000E+00
  0.0000000000000E+00
  0.0000000000000E+00
  0.0000000000000E+00
  0.0000000000000E+00
  0.0000000000000E+00
  0.0000000000000E+00
  0.0000000000000E+00
  0.0000000000000E+00
  0.0000000000000E+00
  0.0000000000000E+00
  0.0000000000000E+00
  0.0000000000000E+00
  0.0000000000000E+00
  0.0000000000000E+00
  0.0000000000000E+00
  0.0000000000000E+00
  0.0000000000000E+00
  0.0000000000000E+00
  0.0000000000000E+00
  0.0000000000000E+00
  0.0000000000000E+00
  0.0000000000000E+00
  0.0000000000000E+00
  0.0000000000000E+00
  0.0000000000000E+00
  0.0000000000000E+00
  0.0000000000000E+00
  0.0000000000000E+00
  0.0000000000000E+00
  0.0000000000000E+00
  0.0000000000000E+00
  0.0000000000000E+00
  0.0000000000000E+00
  0.0000000000000E+00
  0.0000000000000E+00
  0.0000000000000E+00
  0.0000000000000E+00
  0.0000000000000E+00
  0.0000000000000E+00
  0.0000000000000E+00
  0.0000000000000E+00
  0.0000000000000E+00
  0.0000000000000E+00
  0.0000000000000E+00
  0.0000000000000E+00
  0.0000000000000E+00
  0.0000000000000E+00
  0.0000000000000E+00
  0.0000000000000E+00
  0.0000000000000E+00
  0.0000000000000E+00
  0.0000000000000E+00
  0.0000000000000E+00
  0.0000000000000E+00
  0.0000000000000E+00
  0.0000000000000E+00
  0.0000000000000E+00
  0.0000000000000E+00
  0.0000000000000E+00
  0.0000000000000E+00
  0.0000000000000E+00
  0.0000000000000E+00
  0.0000000000000E+00
  0.0000000000000E+00
  0.0000000000000E+00
  0.0000000000000E+00
  0.0000000000000E+00
  0.0000000000000E+00
  0.0000000000000E+00
  0.0000000000000E+00
  0.0000000000000E+00
  0.0000000000000E+00
  0.0000000000000E+00
  0.0000000000000E+00
  0.0000000000000E+00
  0.0000000000000E+00
  0.0000000000000E+00
  0.0000000000000E+00
  0.0000000000000E+00
  0.0000000000000E+00
  0.0000000000000E+00
  0.0000000000000E+00
  0.0000000000000E+00
  0.0000000000000E+00
  0.0000000000000E+00
  0.0000000000000E+00
  0.0000000000000E+00
  0.0000000000000E+00
  0.0000000000000E+00
  0.0000000000000E+00
  0.0000000000000E+00
  0.0000000000000E+00
  0.0000000000000E+00
  0.0000000000000E+00
  0.0000000000000E+00
  0.0000000000000E+00
  0.0000000000000E+00
  0.0000000000000E+00
  0.0000000000000E+00
  0.0000000000000E+00
  0.0000000000000E+00
  0.0000000000000E+00
  0.0000000000000E+00
  0.0000000000000E+00
  0.0000000000000E+00
  0.0000000000000E+00
  0.0000000000000E+00
  0.0000000000000E+00
  0.0000000000000E+00
  0.0000000000000E+00
  0.0000000000000E+00
  0.0000000000000E+00
  0.0000000000000E+00
  0.0000000000000E+00
  0.0000000000000E+00
  0.0000000000000E+00
  0.0000000000000E+00
  0.0000000000000E+00
  0.0000000000000E+00
  0.0000000000000E+00
  0.0000000000000E+00
  0.0000000000000E+00
  0.0000000000000E+00
  0.0000000000000E+00
  0.0000000000000E+00
  0.0000000000000E+00
  0.0000000000000E+00
  0.0000000000000E+00
  0.0000000000000E+00
  0.0000000000000E+00
  0.0000000000000E+00
  0.0000000000000E+00
  0.0000000000000E+00
  0.0000000000000E+00
  0.0000000000000E+00
  0.0000000000000E+00
  0.0000000000000E+00
  0.0000000000000E+00
  0.0000000000000E+00
  0.0000000000000E+00
  0.0000000000000E+00
  0.0000000000000E+00
  0.0000000000000E+00
  0.0000000000000E+00
  0.0000000000000E+00
  0.0000000000000E+00
  0.0000000000000E+00
  0.0000000000000E+00
  0.0000000000000E+00
  0.0000000000000E+00
  0.0000000000000E+00
  0.0000000000000E+00
  0.0000000000000E+00
  0.0000000000000E+00
  0.0000000000000E+00
  0.0000000000000E+00
  0.0000000000000E+00
  0.0000000000000E+00
  0.0000000000000E+00
  0.0000000000000E+00
  0.0000000000000E+00
  0.0000000000000E+00
  0.0000000000000E+00
  0.0000000000000E+00
  0.0000000000000E+00
  0.0000000000000E+00
  0.0000000000000E+00
  0.0000000000000E+00
  0.0000000000000E+00
  0.0000000000000E+00
  0.0000000000000E+00
  0.0000000000000E+00
  0.0000000000000E+00
  0.0000000000000E+00
  0.0000000000000E+00
  0.0000000000000E+00
  0.0000000000000E+00
  0.0000000000000E+00
  0.0000000000000E+00
  0.0000000000000E+00
  0.0000000000000E+00
  0.0000000000000E+00
  0.0000000000000E+00
  0.0000000000000E+00
  0.0000000000000E+00
  0.0000000000000E+00
  0.0000000000000E+00
  0.0000000000000E+00
  0.0000000000000E+00
  0.0000000000000E+00
  0.0000000000000E+00
  0.0000000000000E+00
  0.0000000000000E+00
  0.0000000000000E+00
  0.0000000000000E+00
  0.0000000000000E+00
  0.0000000000000E+00
  0.0000000000000E+00
  0.0000000000000E+00
  0.0000000000000E+00
  0.0000000000000E+00
  0.0000000000000E+00
  0.0000000000000E+00
  0.0000000000000E+00
  0.0000000000000E+00
  0.0000000000000E+00
  0.0000000000000E+00
  0.0000000000000E+00
  0.0000000000000E+00
  0.0000000000000E+00
  0.0000000000000E+00
  0.0000000000000E+00
  0.0000000000000E+00
  0.0000000000000E+00
  0.0000000000000E+00
  0.0000000000000E+00
  0.0000000000000E+00
  0.0000000000000E+00
  0.0000000000000E+00
  0.0000000000000E+00
  0.0000000000000E+00
  0.0000000000000E+00
  0.0000000000000E+00
  0.0000000000000E+00
  0.0000000000000E+00
  0.0000000000000E+00
  0.0000000000000E+00
  0.0000000000000E+00
  0.0000000000000E+00
  0.0000000000000E+00
  0.0000000000000E+00
  0.0000000000000E+00
  0.0000000000000E+00
  0.0000000000000E+00
  0.0000000000000E+00
  0.0000000000000E+00
  0.0000000000000E+00
  0.0000000000000E+00
  0.0000000000000E+00
  0.0000000000000E+00
  0.0000000000000E+00
  0.0000000000000E+00
  0.0000000000000E+00
  0.0000000000000E+00
  0.0000000000000E+00
  0.0000000000000E+00
  0.0000000000000E+00
  0.0000000000000E+00
  0.0000000000000E+00
  0.0000000000000E+00
  0.0000000000000E+00
  0.0000000000000E+00
  0.0000000000000E+00
  0.0000000000000E+00
  0.0000000000000E+00
  0.0000000000000E+00
  0.0000000000000E+00
  0.0000000000000E+00
  0.0000000000000E+00
  0.0000000000000E+00
  0.0000000000000E+00
  0.0000000000000E+00
  0.0000000000000E+00
  0.0000000000000E+00
  0.0000000000000E+00
  0.0000000000000E+00
  0.0000000000000E+00
  0.0000000000000E+00
  0.0000000000000E+00
  0.0000000000000E+00
  0.0000000000000E+00
  0.0000000000000E+00
  0.0000000000000E+00
  0.0000000000000E+00
  0.0000000000000E+00
  0.0000000000000E+00
  0.0000000000000E+00
  0.0000000000000E+00
  0.0000000000000E+00
  0.0000000000000E+00
  0.0000000000000E+00
  0.0000000000000E+00
  0.0000000000000E+00
  0.0000000000000E+00
  0.0000000000000E+00
  0.0000000000000E+00
  0.0000000000000E+00
  0.0000000000000E+00
  0.0000000000000E+00
  0.0000000000000E+00
  0.0000000000000E+00
  0.0000000000000E+00
  0.0000000000000E+00
  0.0000000000000E+00
  0.0000000000000E+00
  0.0000000000000E+00
  0.0000000000000E+00
  0.0000000000000E+00
  0.0000000000000E+00
  0.0000000000000E+00
  0.0000000000000E+00
  0.0000000000000E+00
  0.0000000000000E+00
  0.0000000000000E+00
  0.0000000000000E+00
  0.0000000000000E+00
  0.0000000000000E+00
  0.0000000000000E+00
  0.0000000000000E+00
  0.0000000000000E+00
  0.0000000000000E+00
  0.0000000000000E+00
  0.0000000000000E+00
  0.0000000000000E+00
  0.0000000000000E+00
  0.0000000000000E+00
  0.0000000000000E+00
  0.0000000000000E+00
  0.0000000000000E+00
  0.0000000000000E+00
  0.0000000000000E+00
  0.0000000000000E+00
  0.0000000000000E+00
  0.0000000000000E+00
  0.0000000000000E+00
  0.0000000000000E+00
  0.0000000000000E+00
  0.0000000000000E+00
  0.0000000000000E+00
  0.0000000000000E+00
  0.0000000000000E+00
  0.0000000000000E+00
  0.0000000000000E+00
  0.0000000000000E+00
  0.0000000000000E+00
  0.0000000000000E+00
  0.0000000000000E+00
  0.0000000000000E+00
  0.0000000000000E+00
  0.0000000000000E+00
  0.0000000000000E+00
  0.0000000000000E+00
  0.0000000000000E+00
  0.0000000000000E+00
  0.0000000000000E+00
  0.0000000000000E+00
  0.0000000000000E+00
  0.0000000000000E+00
  0.0000000000000E+00
  0.0000000000000E+00
  0.0000000000000E+00
  0.0000000000000E+00
  0.0000000000000E+00
  0.0000000000000E+00
  0.0000000000000E+00
  0.0000000000000E+00
  0.0000000000000E+00
  0.0000000000000E+00
  0.0000000000000E+00
  0.0000000000000E+00
  0.0000000000000E+00
  0.0000000000000E+00
  0.0000000000000E+00
  0.0000000000000E+00
  0.0000000000000E+00
  0.0000000000000E+00
  0.0000000000000E+00
  0.0000000000000E+00
  0.0000000000000E+00
  0.0000000000000E+00
  0.0000000000000E+00
  0.0000000000000E+00
  0.0000000000000E+00
  0.0000000000000E+00
  0.0000000000000E+00
  0.0000000000000E+00
  0.0000000000000E+00
  0.0000000000000E+00
  0.0000000000000E+00
  0.0000000000000E+00
  0.0000000000000E+00
  0.0000000000000E+00
  0.0000000000000E+00
  0.0000000000000E+00
  0.0000000000000E+00
  0.0000000000000E+00
  0.0000000000000E+00
  0.0000000000000E+00
  0.0000000000000E+00
  0.0000000000000E+00
  0.0000000000000E+00
  0.0000000000000E+00
  0.0000000000000E+00
  0.0000000000000E+00
  0.0000000000000E+00
  0.0000000000000E+00
  0.0000000000000E+00
  0.0000000000000E+00
  0.0000000000000E+00
  0.0000000000000E+00
  0.0000000000000E+00
  0.0000000000000E+00
  0.0000000000000E+00
  0.0000000000000E+00
  0.0000000000000E+00
  0.0000000000000E+00
  0.0000000000000E+00
  0.0000000000000E+00
  0.0000000000000E+00
  0.0000000000000E+00
  0.0000000000000E+00
  0.0000000000000E+00
  0.0000000000000E+00
  0.0000000000000E+00
  0.0000000000000E+00
  0.0000000000000E+00
  0.0000000000000E+00
  0.0000000000000E+00
  0.0000000000000E+00
  0.0000000000000E+00
  0.0000000000000E+00
  0.0000000000000E+00
  0.0000000000000E+00
  0.0000000000000E+00
  0.0000000000000E+00
  0.0000000000000E+00
  0.0000000000000E+00
  0.0000000000000E+00
  0.0000000000000E+00
  0.0000000000000E+00
  0.0000000000000E+00
  0.0000000000000E+00
  0.0000000000000E+00
  0.0000000000000E+00
  0.0000000000000E+00
  0.0000000000000E+00
  0.0000000000000E+00
  0.0000000000000E+00
  0.0000000000000E+00
  0.0000000000000E+00
  0.0000000000000E+00
  0.0000000000000E+00
  0.0000000000000E+00
  0.0000000000000E+00
  0.0000000000000E+00
  0.0000000000000E+00
  0.0000000000000E+00
  0.0000000000000E+00
  0.0000000000000E+00
  0.0000000000000E+00
  0.0000000000000E+00
  0.0000000000000E+00
  0.0000000000000E+00
  0.0000000000000E+00
  0.0000000000000E+00
  0.0000000000000E+00
  0.0000000000000E+00
  0.0000000000000E+00
  0.0000000000000E+00
  0.0000000000000E+00
  0.0000000000000E+00
  0.0000000000000E+00
  0.0000000000000E+00
  0.0000000000000E+00
  0.0000000000000E+00
  0.0000000000000E+00
  0.0000000000000E+00
  0.0000000000000E+00
  0.0000000000000E+00
  0.0000000000000E+00
  0.0000000000000E+00
  0.0000000000000E+00
  0.0000000000000E+00
  0.0000000000000E+00
  0.0000000000000E+00
  0.0000000000000E+00
  0.0000000000000E+00
  0.0000000000000E+00
  0.0000000000000E+00
  0.0000000000000E+00
  0.0000000000000E+00
  0.0000000000000E+00
  0.0000000000000E+00
  0.0000000000000E+00
  0.0000000000000E+00
  0.0000000000000E+00
  0.0000000000000E+00
  0.0000000000000E+00
  0.0000000000000E+00
  0.0000000000000E+00
  0.0000000000000E+00
  0.0000000000000E+00
  0.0000000000000E+00
  0.0000000000000E+00
  0.0000000000000E+00
  0.0000000000000E+00
  0.0000000000000E+00
  0.0000000000000E+00
  0.0000000000000E+00
  0.0000000000000E+00
  0.0000000000000E+00
  0.0000000000000E+00
  0.0000000000000E+00
  0.0000000000000E+00
  0.0000000000000E+00
  0.0000000000000E+00
  0.0000000000000E+00
  0.0000000000000E+00
  0.0000000000000E+00
  0.0000000000000E+00
  0.0000000000000E+00
  0.0000000000000E+00
  0.0000000000000E+00
  0.0000000000000E+00
  0.0000000000000E+00
  0.0000000000000E+00
  0.0000000000000E+00
  0.0000000000000E+00
  0.0000000000000E+00
  0.0000000000000E+00
  0.0000000000000E+00
  0.0000000000000E+00
  0.0000000000000E+00
  0.0000000000000E+00
  0.0000000000000E+00
  0.0000000000000E+00
  0.0000000000000E+00
  0.0000000000000E+00
  0.0000000000000E+00
  0.0000000000000E+00
  0.0000000000000E+00
  0.0000000000000E+00
  0.0000000000000E+00
  0.0000000000000E+00
  0.0000000000000E+00
  0.0000000000000E+00
  0.0000000000000E+00
  0.0000000000000E+00
  0.0000000000000E+00
  0.0000000000000E+00
  0.0000000000000E+00
  0.0000000000000E+00
  0.0000000000000E+00
  0.0000000000000E+00
  0.0000000000000E+00
  0.0000000000000E+00
  0.0000000000000E+00
  0.0000000000000E+00
  0.0000000000000E+00
  0.0000000000000E+00
  0.0000000000000E+00
  0.0000000000000E+00
  0.0000000000000E+00
  0.0000000000000E+00
  0.0000000000000E+00
  0.0000000000000E+00
  0.0000000000000E+00
  0.0000000000000E+00
  0.0000000000000E+00
  0.0000000000000E+00
  0.0000000000000E+00
  0.0000000000000E+00
  0.0000000000000E+00
  0.0000000000000E+00
  0.0000000000000E+00
  0.0000000000000E+00
  0.0000000000000E+00
  0.0000000000000E+00
  0.0000000000000E+00
  0.0000000000000E+00
  0.0000000000000E+00
  0.0000000000000E+00
  0.0000000000000E+00
  0.0000000000000E+00
  0.0000000000000E+00
  0.0000000000000E+00
  0.0000000000000E+00
  0.0000000000000E+00
  0.0000000000000E+00
  0.0000000000000E+00
  0.0000000000000E+00
  0.0000000000000E+00
  0.0000000000000E+00
  0.0000000000000E+00
  0.0000000000000E+00
  0.0000000000000E+00
  0.0000000000000E+00
  0.0000000000000E+00
  0.0000000000000E+00
  0.0000000000000E+00
  0.0000000000000E+00
  0.0000000000000E+00
  0.0000000000000E+00
  0.0000000000000E+00
  0.0000000000000E+00
  0.0000000000000E+00
  0.0000000000000E+00
  0.0000000000000E+00
  0.0000000000000E+00
  0.0000000000000E+00
  0.0000000000000E+00
  0.0000000000000E+00
  0.0000000000000E+00
  0.0000000000000E+00
  0.0000000000000E+00
  0.0000000000000E+00
  0.0000000000000E+00
  0.0000000000000E+00
  0.0000000000000E+00
  0.0000000000000E+00
  0.0000000000000E+00
  0.0000000000000E+00
  0.0000000000000E+00
  0.0000000000000E+00
  0.0000000000000E+00
  0.0000000000000E+00
  0.0000000000000E+00
  0.0000000000000E+00
  0.0000000000000E+00
  0.0000000000000E+00
  0.0000000000000E+00
  0.0000000000000E+00
  0.0000000000000E+00
  0.0000000000000E+00
  0.0000000000000E+00
  0.0000000000000E+00
  0.0000000000000E+00
  0.0000000000000E+00
  0.0000000000000E+00
  0.0000000000000E+00
  0.0000000000000E+00
  0.0000000000000E+00
  0.0000000000000E+00
  0.0000000000000E+00
  0.0000000000000E+00
  0.0000000000000E+00
  0.0000000000000E+00
  0.0000000000000E+00
  0.0000000000000E+00
  0.0000000000000E+00
  0.0000000000000E+00
  0.0000000000000E+00
  0.0000000000000E+00
  0.0000000000000E+00
  0.0000000000000E+00
  0.0000000000000E+00
  0.0000000000000E+00
  0.0000000000000E+00
  0.0000000000000E+00
  0.0000000000000E+00
  0.0000000000000E+00
  0.0000000000000E+00
  0.0000000000000E+00
  0.0000000000000E+00
  0.0000000000000E+00
  0.0000000000000E+00
  0.0000000000000E+00
  0.0000000000000E+00
  0.0000000000000E+00
  0.0000000000000E+00
  0.0000000000000E+00
  0.0000000000000E+00
  0.0000000000000E+00
  0.0000000000000E+00
  0.0000000000000E+00
  0.0000000000000E+00
  0.0000000000000E+00
  0.0000000000000E+00
  0.0000000000000E+00
  0.0000000000000E+00
  0.0000000000000E+00
  0.0000000000000E+00
  0.0000000000000E+00
  0.0000000000000E+00
  0.0000000000000E+00
  0.0000000000000E+00
  0.0000000000000E+00
  0.0000000000000E+00
  0.0000000000000E+00
  0.0000000000000E+00
  0.0000000000000E+00
  0.0000000000000E+00
  0.0000000000000E+00
  0.0000000000000E+00
  0.0000000000000E+00
  0.0000000000000E+00
  0.0000000000000E+00
  0.0000000000000E+00
  0.0000000000000E+00
  0.0000000000000E+00
  0.0000000000000E+00
  0.0000000000000E+00
  0.0000000000000E+00
  0.0000000000000E+00
  0.0000000000000E+00
  0.0000000000000E+00
  0.0000000000000E+00
  0.0000000000000E+00
  0.0000000000000E+00
  0.0000000000000E+00
  0.0000000000000E+00
  0.0000000000000E+00
  0.0000000000000E+00
  0.0000000000000E+00
  0.0000000000000E+00
  0.0000000000000E+00
  0.0000000000000E+00
  0.0000000000000E+00
  0.0000000000000E+00
  0.0000000000000E+00
  0.0000000000000E+00
  0.0000000000000E+00
  0.0000000000000E+00
  0.0000000000000E+00
  0.0000000000000E+00
  0.0000000000000E+00
  0.0000000000000E+00
  0.0000000000000E+00
  0.0000000000000E+00
  0.0000000000000E+00
  0.0000000000000E+00
  0.0000000000000E+00
  0.0000000000000E+00
  0.0000000000000E+00
  0.0000000000000E+00
  0.0000000000000E+00
  0.0000000000000E+00
  0.0000000000000E+00
  0.0000000000000E+00
  0.0000000000000E+00
  0.0000000000000E+00
  0.0000000000000E+00
  0.0000000000000E+00
  0.0000000000000E+00
  0.0000000000000E+00
  0.0000000000000E+00
  0.0000000000000E+00
  0.0000000000000E+00
  0.0000000000000E+00
  0.0000000000000E+00
  0.0000000000000E+00
  0.0000000000000E+00
  0.0000000000000E+00
  0.0000000000000E+00
  0.0000000000000E+00
  0.0000000000000E+00
  0.0000000000000E+00
  0.0000000000000E+00
  0.0000000000000E+00
  0.0000000000000E+00
  0.0000000000000E+00
  0.0000000000000E+00
  0.0000000000000E+00
  0.0000000000000E+00
  0.0000000000000E+00
  0.0000000000000E+00
  0.0000000000000E+00
  0.0000000000000E+00
  0.0000000000000E+00
  0.0000000000000E+00
  0.0000000000000E+00
  0.0000000000000E+00
  0.0000000000000E+00
  0.0000000000000E+00
  0.0000000000000E+00
  0.0000000000000E+00
  0.0000000000000E+00
  0.0000000000000E+00
  0.0000000000000E+00
  0.0000000000000E+00
  0.0000000000000E+00
  0.0000000000000E+00
  0.0000000000000E+00
  0.0000000000000E+00
  0.0000000000000E+00
  0.0000000000000E+00
  0.0000000000000E+00
  0.0000000000000E+00
  0.0000000000000E+00
  0.0000000000000E+00
  0.0000000000000E+00
  0.0000000000000E+00
  0.0000000000000E+00
  0.0000000000000E+00
  0.0000000000000E+00
  0.0000000000000E+00
  0.0000000000000E+00
  0.0000000000000E+00
  0.0000000000000E+00
  0.0000000000000E+00
  0.0000000000000E+00
  0.0000000000000E+00
  0.0000000000000E+00
  0.0000000000000E+00
  0.0000000000000E+00
  0.0000000000000E+00
  0.0000000000000E+00
  0.0000000000000E+00
  0.0000000000000E+00
  0.0000000000000E+00
  0.0000000000000E+00
  0.0000000000000E+00
  0.0000000000000E+00
  0.0000000000000E+00
  0.0000000000000E+00
  0.0000000000000E+00
  0.0000000000000E+00
  0.0000000000000E+00
  0.0000000000000E+00
  0.0000000000000E+00
  0.0000000000000E+00
  0.0000000000000E+00
  0.0000000000000E+00
  0.0000000000000E+00
  0.0000000000000E+00
  0.0000000000000E+00
  0.0000000000000E+00
  0.0000000000000E+00
  0.0000000000000E+00
  0.0000000000000E+00
  0.0000000000000E+00
  0.0000000000000E+00
  0.0000000000000E+00
  0.0000000000000E+00
  0.0000000000000E+00
  0.0000000000000E+00
  0.0000000000000E+00
  0.0000000000000E+00
  0.0000000000000E+00
  0.0000000000000E+00
  0.0000000000000E+00
  0.0000000000000E+00
  0.0000000000000E+00
  0.0000000000000E+00
  0.0000000000000E+00
  0.0000000000000E+00
  0.0000000000000E+00
  0.0000000000000E+00
  0.0000000000000E+00
  0.0000000000000E+00
  0.0000000000000E+00
  0.0000000000000E+00
  0.0000000000000E+00
  0.0000000000000E+00
  0.0000000000000E+00
  0.0000000000000E+00
  0.0000000000000E+00
  0.0000000000000E+00
  0.0000000000000E+00
  0.0000000000000E+00
  0.0000000000000E+00
  0.0000000000000E+00
  0.0000000000000E+00
  0.0000000000000E+00
  0.0000000000000E+00
  0.0000000000000E+00
  0.0000000000000E+00
  0.0000000000000E+00
  0.0000000000000E+00
  0.0000000000000E+00
  0.0000000000000E+00
  0.0000000000000E+00
  0.0000000000000E+00
  0.0000000000000E+00
  0.0000000000000E+00
  0.0000000000000E+00
  0.0000000000000E+00
  0.0000000000000E+00
  0.0000000000000E+00
  0.0000000000000E+00
  0.0000000000000E+00
  0.0000000000000E+00
  0.0000000000000E+00
  0.0000000000000E+00
  0.0000000000000E+00
  0.0000000000000E+00
  0.0000000000000E+00
  0.0000000000000E+00
  0.0000000000000E+00
  0.0000000000000E+00
  0.0000000000000E+00
  0.0000000000000E+00
  0.0000000000000E+00
  0.0000000000000E+00
  0.0000000000000E+00
  0.0000000000000E+00
  0.0000000000000E+00
  0.0000000000000E+00
  0.0000000000000E+00
  0.0000000000000E+00
  0.0000000000000E+00
  0.0000000000000E+00
  0.0000000000000E+00
  0.0000000000000E+00
  0.0000000000000E+00
  0.0000000000000E+00
  0.0000000000000E+00
  0.0000000000000E+00
  0.0000000000000E+00
  0.0000000000000E+00
  0.0000000000000E+00
  0.0000000000000E+00
  0.0000000000000E+00
  0.0000000000000E+00
  0.0000000000000E+00
  0.0000000000000E+00
  0.0000000000000E+00
  0.0000000000000E+00
  0.0000000000000E+00
  0.0000000000000E+00
  0.0000000000000E+00
  0.0000000000000E+00
  0.0000000000000E+00
  0.0000000000000E+00
  0.0000000000000E+00
  0.0000000000000E+00
  0.0000000000000E+00
  0.0000000000000E+00
  0.0000000000000E+00
  0.0000000000000E+00
  0.0000000000000E+00
  0.0000000000000E+00
  0.0000000000000E+00
  0.0000000000000E+00
  0.0000000000000E+00
  0.0000000000000E+00
  0.0000000000000E+00
  0.0000000000000E+00
  0.0000000000000E+00
  0.0000000000000E+00
  0.0000000000000E+00
  0.0000000000000E+00
  0.0000000000000E+00
  0.0000000000000E+00
  0.0000000000000E+00
  0.0000000000000E+00
  0.0000000000000E+00
  0.0000000000000E+00
  0.0000000000000E+00
  0.0000000000000E+00
  0.0000000000000E+00
  0.0000000000000E+00
  0.0000000000000E+00
  0.0000000000000E+00
  0.0000000000000E+00
  0.0000000000000E+00
  0.0000000000000E+00
  0.0000000000000E+00
  0.0000000000000E+00
  0.0000000000000E+00
  0.0000000000000E+00
  0.0000000000000E+00
  0.0000000000000E+00
  0.0000000000000E+00
  0.0000000000000E+00
  0.0000000000000E+00
  0.0000000000000E+00
  0.0000000000000E+00
  0.0000000000000E+00
  0.0000000000000E+00
  0.0000000000000E+00
  0.0000000000000E+00
  0.0000000000000E+00
  0.0000000000000E+00
  0.0000000000000E+00
  0.0000000000000E+00
  0.0000000000000E+00
  0.0000000000000E+00
  0.0000000000000E+00
  0.0000000000000E+00
  0.0000000000000E+00
  0.0000000000000E+00
  0.0000000000000E+00
  0.0000000000000E+00
  0.0000000000000E+00
  0.0000000000000E+00
  0.0000000000000E+00
  0.0000000000000E+00
  0.0000000000000E+00
  0.0000000000000E+00
  0.0000000000000E+00
  0.0000000000000E+00
  0.0000000000000E+00
  0.0000000000000E+00
  0.0000000000000E+00
  0.0000000000000E+00
  0.0000000000000E+00
  0.0000000000000E+00
  0.0000000000000E+00
  0.0000000000000E+00
  0.0000000000000E+00
  0.0000000000000E+00
  0.0000000000000E+00
  0.0000000000000E+00
  0.0000000000000E+00
  0.0000000000000E+00
  0.0000000000000E+00
  0.0000000000000E+00
  0.0000000000000E+00
  0.0000000000000E+00
  0.0000000000000E+00
  0.0000000000000E+00
  0.0000000000000E+00
  0.0000000000000E+00
  0.0000000000000E+00
  0.0000000000000E+00
  0.0000000000000E+00
  0.0000000000000E+00
  0.0000000000000E+00
  0.0000000000000E+00
  0.0000000000000E+00
  0.0000000000000E+00
  0.0000000000000E+00
  0.0000000000000E+00
  0.0000000000000E+00
  0.0000000000000E+00
  0.0000000000000E+00
  0.3530812730911E-07
  0.3435859961884E-07
  0.3508948650845E-07
 -0.1026251782161E-07
 -0.9973637238667E-08
 -0.1130168944606E-07
 -0.1353510623557E-07
  0.2733144113294E-07
  0.2788231375676E-07
  0.3675440261326E-07
  0.2036814916870E-07
 -0.3363916007440E-07
  0.3558696050744E-07
  0.2362203582498E-07
  0.2158279669866E-07
  0.3031633215544E-07
  0.4854352454132E-07
 -0.3265818170384E-07
 -0.2005502265380E-07
 -0.8406944159922E-08
  0.4018987623784E-07
  0.3465669996504E-07
 -0.7932983544946E-07
 -0.7872326122580E-07
 -0.8005142481620E-07
 -0.8418599189671E-07
 -0.9457934471929E-07
 -0.1009363606165E-06
 -0.1025624331190E-06
 -0.1021483996735E-06
 -0.1000251342273E-06
 -0.9636729016023E-07
 -0.9467371450838E-07
 -0.9443181910909E-07
 -0.9509838421233E-07
  0.3777817782408E-07
  0.0000000000000E+00
 -0.4076899374206E-06
 -0.3215994227220E-06
 -0.2844800725603E-06
 -0.2916782319377E-06
  0.0000000000000E+00
 -0.2677054559046E-06
 -0.2816684141535E-06
 -0.3986767921500E-06
 -0.4067394580984E-06
  0.0000000000000E+00
  0.0000000000000E+00
  0.0000000000000E+00
  0.0000000000000E+00
  0.0000000000000E+00
  0.0000000000000E+00
  0.0000000000000E+00
  0.0000000000000E+00
  0.0000000000000E+00
  0.0000000000000E+00
  0.0000000000000E+00
  0.0000000000000E+00
  0.0000000000000E+00
  0.0000000000000E+00
  0.0000000000000E+00
  0.0000000000000E+00
  0.0000000000000E+00
  0.0000000000000E+00
  0.0000000000000E+00
  0.0000000000000E+00
  0.0000000000000E+00
  0.0000000000000E+00
  0.0000000000000E+00
  0.0000000000000E+00
  0.0000000000000E+00
  0.0000000000000E+00
  0.0000000000000E+00
  0.0000000000000E+00
  0.0000000000000E+00
  0.0000000000000E+00
  0.0000000000000E+00
  0.0000000000000E+00
  0.0000000000000E+00
  0.0000000000000E+00
  0.0000000000000E+00
  0.0000000000000E+00
  0.0000000000000E+00
  0.0000000000000E+00
  0.0000000000000E+00
  0.0000000000000E+00
  0.0000000000000E+00
  0.0000000000000E+00
  0.0000000000000E+00
  0.0000000000000E+00
  0.0000000000000E+00
  0.0000000000000E+00
  0.0000000000000E+00
  0.0000000000000E+00
  0.0000000000000E+00
  0.0000000000000E+00
  0.0000000000000E+00
  0.0000000000000E+00
  0.0000000000000E+00
  0.0000000000000E+00
  0.0000000000000E+00
  0.0000000000000E+00
  0.0000000000000E+00
  0.0000000000000E+00
  0.0000000000000E+00
  0.0000000000000E+00
  0.0000000000000E+00
  0.0000000000000E+00
  0.0000000000000E+00
  0.0000000000000E+00
  0.0000000000000E+00
  0.0000000000000E+00
  0.0000000000000E+00
  0.0000000000000E+00
  0.0000000000000E+00
  0.0000000000000E+00
  0.0000000000000E+00
  0.0000000000000E+00
  0.0000000000000E+00
  0.0000000000000E+00
  0.0000000000000E+00
  0.0000000000000E+00
  0.0000000000000E+00
  0.0000000000000E+00
  0.0000000000000E+00
  0.0000000000000E+00
  0.0000000000000E+00
  0.0000000000000E+00
  0.0000000000000E+00
  0.0000000000000E+00
  0.0000000000000E+00
  0.0000000000000E+00
  0.0000000000000E+00
  0.0000000000000E+00
  0.0000000000000E+00
  0.0000000000000E+00
  0.0000000000000E+00
  0.0000000000000E+00
  0.0000000000000E+00
  0.0000000000000E+00
  0.0000000000000E+00
  0.0000000000000E+00
  0.0000000000000E+00
  0.0000000000000E+00
  0.0000000000000E+00
  0.0000000000000E+00
  0.0000000000000E+00
  0.0000000000000E+00
  0.0000000000000E+00
  0.0000000000000E+00
  0.0000000000000E+00
  0.0000000000000E+00
  0.0000000000000E+00
  0.0000000000000E+00
  0.0000000000000E+00
  0.0000000000000E+00
  0.0000000000000E+00
  0.0000000000000E+00
  0.0000000000000E+00
  0.0000000000000E+00
  0.0000000000000E+00
  0.0000000000000E+00
  0.0000000000000E+00
  0.0000000000000E+00
  0.0000000000000E+00
  0.0000000000000E+00
  0.0000000000000E+00
  0.0000000000000E+00
  0.0000000000000E+00
  0.0000000000000E+00
  0.0000000000000E+00
  0.0000000000000E+00
  0.0000000000000E+00
  0.0000000000000E+00
  0.0000000000000E+00
  0.0000000000000E+00
  0.0000000000000E+00
  0.0000000000000E+00
  0.0000000000000E+00
  0.0000000000000E+00
  0.0000000000000E+00
  0.0000000000000E+00
  0.0000000000000E+00
  0.0000000000000E+00
  0.0000000000000E+00
  0.0000000000000E+00
  0.0000000000000E+00
  0.0000000000000E+00
  0.0000000000000E+00
  0.0000000000000E+00
  0.0000000000000E+00
  0.0000000000000E+00
  0.0000000000000E+00
  0.0000000000000E+00
  0.0000000000000E+00
  0.0000000000000E+00
  0.0000000000000E+00
  0.0000000000000E+00
  0.0000000000000E+00
  0.0000000000000E+00
  0.0000000000000E+00
  0.0000000000000E+00
  0.0000000000000E+00
  0.0000000000000E+00
  0.0000000000000E+00
  0.0000000000000E+00
  0.0000000000000E+00
  0.0000000000000E+00
  0.0000000000000E+00
  0.0000000000000E+00
  0.0000000000000E+00
  0.0000000000000E+00
  0.0000000000000E+00
  0.0000000000000E+00
  0.0000000000000E+00
  0.0000000000000E+00
  0.0000000000000E+00
  0.0000000000000E+00
  0.0000000000000E+00
  0.0000000000000E+00
  0.0000000000000E+00
  0.0000000000000E+00
  0.0000000000000E+00
  0.0000000000000E+00
  0.0000000000000E+00
  0.0000000000000E+00
  0.0000000000000E+00
  0.0000000000000E+00
  0.0000000000000E+00
  0.0000000000000E+00
  0.0000000000000E+00
  0.0000000000000E+00
  0.0000000000000E+00
  0.0000000000000E+00
  0.0000000000000E+00
  0.0000000000000E+00
  0.0000000000000E+00
  0.0000000000000E+00
  0.0000000000000E+00
  0.0000000000000E+00
  0.0000000000000E+00
  0.0000000000000E+00
  0.0000000000000E+00
  0.0000000000000E+00
  0.0000000000000E+00
  0.0000000000000E+00
  0.0000000000000E+00
  0.0000000000000E+00
  0.0000000000000E+00
  0.0000000000000E+00
  0.0000000000000E+00
  0.0000000000000E+00
  0.0000000000000E+00
  0.0000000000000E+00
  0.0000000000000E+00
  0.0000000000000E+00
  0.0000000000000E+00
  0.0000000000000E+00
  0.0000000000000E+00
  0.0000000000000E+00
  0.0000000000000E+00
  0.0000000000000E+00
  0.0000000000000E+00
  0.0000000000000E+00
  0.0000000000000E+00
  0.0000000000000E+00
  0.0000000000000E+00
  0.0000000000000E+00
  0.0000000000000E+00
  0.0000000000000E+00
  0.0000000000000E+00
  0.0000000000000E+00
  0.0000000000000E+00
  0.0000000000000E+00
  0.0000000000000E+00
  0.0000000000000E+00
  0.0000000000000E+00
  0.0000000000000E+00
  0.0000000000000E+00
  0.0000000000000E+00
  0.0000000000000E+00
  0.0000000000000E+00
  0.0000000000000E+00
  0.0000000000000E+00
  0.0000000000000E+00
  0.0000000000000E+00
  0.0000000000000E+00
  0.0000000000000E+00
  0.0000000000000E+00
  0.0000000000000E+00
  0.0000000000000E+00
  0.0000000000000E+00
  0.0000000000000E+00
  0.0000000000000E+00
  0.0000000000000E+00
  0.0000000000000E+00
  0.0000000000000E+00
  0.0000000000000E+00
  0.0000000000000E+00
  0.0000000000000E+00
  0.0000000000000E+00
  0.0000000000000E+00
  0.0000000000000E+00
  0.0000000000000E+00
  0.0000000000000E+00
  0.0000000000000E+00
  0.0000000000000E+00
  0.0000000000000E+00
  0.0000000000000E+00
  0.0000000000000E+00
  0.0000000000000E+00
  0.0000000000000E+00
  0.0000000000000E+00
  0.0000000000000E+00
  0.0000000000000E+00
  0.0000000000000E+00
  0.0000000000000E+00
  0.0000000000000E+00
  0.0000000000000E+00
  0.0000000000000E+00
  0.0000000000000E+00
  0.0000000000000E+00
  0.0000000000000E+00
  0.0000000000000E+00
  0.0000000000000E+00
  0.0000000000000E+00
  0.0000000000000E+00
  0.0000000000000E+00
  0.0000000000000E+00
  0.0000000000000E+00
  0.0000000000000E+00
  0.0000000000000E+00
  0.0000000000000E+00
  0.0000000000000E+00
  0.0000000000000E+00
  0.0000000000000E+00
  0.0000000000000E+00
  0.0000000000000E+00
  0.0000000000000E+00
  0.0000000000000E+00
  0.0000000000000E+00
  0.0000000000000E+00
  0.0000000000000E+00
  0.0000000000000E+00
  0.0000000000000E+00
  0.0000000000000E+00
  0.0000000000000E+00
  0.0000000000000E+00
  0.0000000000000E+00
  0.0000000000000E+00
  0.0000000000000E+00
  0.0000000000000E+00
  0.0000000000000E+00
  0.0000000000000E+00
  0.0000000000000E+00
  0.0000000000000E+00
  0.0000000000000E+00
  0.0000000000000E+00
  0.0000000000000E+00
  0.0000000000000E+00
  0.0000000000000E+00
  0.0000000000000E+00
  0.0000000000000E+00
  0.0000000000000E+00
  0.0000000000000E+00
  0.0000000000000E+00
  0.0000000000000E+00
  0.0000000000000E+00
  0.0000000000000E+00
  0.0000000000000E+00
  0.0000000000000E+00
  0.0000000000000E+00
  0.0000000000000E+00
  0.0000000000000E+00
  0.0000000000000E+00
  0.0000000000000E+00
  0.0000000000000E+00
  0.0000000000000E+00
  0.0000000000000E+00
  0.0000000000000E+00
  0.0000000000000E+00
  0.0000000000000E+00
  0.0000000000000E+00
  0.0000000000000E+00
  0.0000000000000E+00
  0.0000000000000E+00
  0.0000000000000E+00
  0.0000000000000E+00
  0.0000000000000E+00
  0.0000000000000E+00
  0.0000000000000E+00
  0.0000000000000E+00
  0.0000000000000E+00
  0.0000000000000E+00
  0.0000000000000E+00
  0.0000000000000E+00
  0.0000000000000E+00
  0.0000000000000E+00
  0.0000000000000E+00
  0.0000000000000E+00
  0.0000000000000E+00
  0.0000000000000E+00
  0.0000000000000E+00
  0.0000000000000E+00
  0.0000000000000E+00
  0.0000000000000E+00
  0.0000000000000E+00
  0.0000000000000E+00
  0.0000000000000E+00
  0.0000000000000E+00
  0.0000000000000E+00
  0.0000000000000E+00
  0.0000000000000E+00
  0.0000000000000E+00
  0.0000000000000E+00
  0.0000000000000E+00
  0.0000000000000E+00
  0.0000000000000E+00
  0.0000000000000E+00
  0.0000000000000E+00
  0.0000000000000E+00
  0.0000000000000E+00
  0.0000000000000E+00
  0.0000000000000E+00
  0.0000000000000E+00
  0.0000000000000E+00
  0.0000000000000E+00
  0.0000000000000E+00
  0.0000000000000E+00
  0.0000000000000E+00
  0.0000000000000E+00
  0.0000000000000E+00
  0.0000000000000E+00
  0.0000000000000E+00
  0.0000000000000E+00
  0.0000000000000E+00
  0.0000000000000E+00
  0.0000000000000E+00
  0.0000000000000E+00
  0.0000000000000E+00
  0.0000000000000E+00
  0.0000000000000E+00
  0.0000000000000E+00
  0.0000000000000E+00
  0.0000000000000E+00
  0.0000000000000E+00
  0.0000000000000E+00
  0.0000000000000E+00
  0.0000000000000E+00
  0.0000000000000E+00
  0.0000000000000E+00
  0.0000000000000E+00
  0.0000000000000E+00
  0.0000000000000E+00
  0.0000000000000E+00
  0.0000000000000E+00
  0.0000000000000E+00
  0.0000000000000E+00
  0.0000000000000E+00
  0.0000000000000E+00
  0.0000000000000E+00
  0.0000000000000E+00
  0.0000000000000E+00
  0.0000000000000E+00
  0.0000000000000E+00
  0.0000000000000E+00
  0.0000000000000E+00
  0.0000000000000E+00
  0.0000000000000E+00
  0.0000000000000E+00
  0.0000000000000E+00
  0.0000000000000E+00
  0.0000000000000E+00
  0.0000000000000E+00
  0.0000000000000E+00
  0.0000000000000E+00
  0.0000000000000E+00
  0.0000000000000E+00
  0.0000000000000E+00
  0.0000000000000E+00
  0.0000000000000E+00
  0.0000000000000E+00
  0.0000000000000E+00
  0.0000000000000E+00
  0.0000000000000E+00
  0.0000000000000E+00
  0.0000000000000E+00
  0.0000000000000E+00
  0.0000000000000E+00
  0.0000000000000E+00
  0.0000000000000E+00
  0.0000000000000E+00
  0.0000000000000E+00
  0.0000000000000E+00
  0.0000000000000E+00
  0.0000000000000E+00
  0.0000000000000E+00
  0.0000000000000E+00
  0.0000000000000E+00
  0.0000000000000E+00
  0.0000000000000E+00
  0.0000000000000E+00
  0.0000000000000E+00
  0.0000000000000E+00
  0.0000000000000E+00
  0.0000000000000E+00
  0.0000000000000E+00
  0.0000000000000E+00
  0.0000000000000E+00
  0.0000000000000E+00
  0.0000000000000E+00
  0.0000000000000E+00
  0.0000000000000E+00
  0.0000000000000E+00
  0.0000000000000E+00
  0.0000000000000E+00
  0.0000000000000E+00
  0.0000000000000E+00
  0.0000000000000E+00
  0.0000000000000E+00
  0.0000000000000E+00
  0.0000000000000E+00
  0.0000000000000E+00
  0.0000000000000E+00
  0.0000000000000E+00
  0.0000000000000E+00
  0.0000000000000E+00
  0.0000000000000E+00
  0.0000000000000E+00
  0.0000000000000E+00
  0.0000000000000E+00
  0.0000000000000E+00
  0.0000000000000E+00
  0.0000000000000E+00
  0.0000000000000E+00
  0.0000000000000E+00
  0.0000000000000E+00
  0.0000000000000E+00
  0.0000000000000E+00
  0.0000000000000E+00
  0.0000000000000E+00
  0.0000000000000E+00
  0.0000000000000E+00
  0.0000000000000E+00
  0.0000000000000E+00
  0.0000000000000E+00
  0.0000000000000E+00
  0.0000000000000E+00
  0.0000000000000E+00
  0.0000000000000E+00
  0.0000000000000E+00
  0.0000000000000E+00
  0.0000000000000E+00
  0.0000000000000E+00
  0.0000000000000E+00
  0.0000000000000E+00
  0.0000000000000E+00
  0.0000000000000E+00
  0.0000000000000E+00
  0.0000000000000E+00
  0.0000000000000E+00
  0.0000000000000E+00
  0.0000000000000E+00
  0.0000000000000E+00
  0.0000000000000E+00
  0.0000000000000E+00
  0.0000000000000E+00
  0.0000000000000E+00
  0.0000000000000E+00
  0.0000000000000E+00
  0.0000000000000E+00
  0.0000000000000E+00
  0.0000000000000E+00
  0.0000000000000E+00
  0.0000000000000E+00
  0.0000000000000E+00
  0.0000000000000E+00
  0.0000000000000E+00
  0.0000000000000E+00
  0.0000000000000E+00
  0.0000000000000E+00
  0.0000000000000E+00
  0.0000000000000E+00
  0.0000000000000E+00
  0.0000000000000E+00
  0.0000000000000E+00
  0.0000000000000E+00
  0.0000000000000E+00
  0.0000000000000E+00
  0.0000000000000E+00
  0.0000000000000E+00
  0.0000000000000E+00
  0.0000000000000E+00
  0.0000000000000E+00
  0.0000000000000E+00
  0.0000000000000E+00
  0.0000000000000E+00
  0.0000000000000E+00
  0.0000000000000E+00
  0.0000000000000E+00
  0.0000000000000E+00
  0.0000000000000E+00
  0.0000000000000E+00
  0.0000000000000E+00
  0.0000000000000E+00
  0.0000000000000E+00
  0.0000000000000E+00
  0.0000000000000E+00
  0.0000000000000E+00
  0.0000000000000E+00
  0.0000000000000E+00
  0.0000000000000E+00
  0.0000000000000E+00
  0.0000000000000E+00
  0.0000000000000E+00
  0.0000000000000E+00
  0.0000000000000E+00
  0.0000000000000E+00
  0.0000000000000E+00
  0.0000000000000E+00
  0.0000000000000E+00
  0.0000000000000E+00
  0.0000000000000E+00
  0.0000000000000E+00
  0.0000000000000E+00
  0.0000000000000E+00
  0.0000000000000E+00
  0.0000000000000E+00
  0.0000000000000E+00
  0.0000000000000E+00
  0.0000000000000E+00
  0.0000000000000E+00
  0.0000000000000E+00
  0.0000000000000E+00
  0.0000000000000E+00
  0.0000000000000E+00
  0.0000000000000E+00
  0.0000000000000E+00
  0.0000000000000E+00
  0.0000000000000E+00
  0.0000000000000E+00
  0.0000000000000E+00
  0.0000000000000E+00
  0.0000000000000E+00
  0.0000000000000E+00
  0.0000000000000E+00
  0.0000000000000E+00
  0.0000000000000E+00
  0.0000000000000E+00
  0.0000000000000E+00
  0.0000000000000E+00
  0.0000000000000E+00
  0.0000000000000E+00
  0.0000000000000E+00
  0.0000000000000E+00
  0.0000000000000E+00
  0.0000000000000E+00
  0.0000000000000E+00
  0.0000000000000E+00
  0.0000000000000E+00
  0.0000000000000E+00
  0.0000000000000E+00
  0.0000000000000E+00
  0.0000000000000E+00
  0.0000000000000E+00
  0.0000000000000E+00
  0.0000000000000E+00
  0.0000000000000E+00
  0.0000000000000E+00
  0.0000000000000E+00
  0.0000000000000E+00
  0.0000000000000E+00
  0.0000000000000E+00
  0.0000000000000E+00
  0.0000000000000E+00
  0.0000000000000E+00
  0.0000000000000E+00
  0.0000000000000E+00
  0.0000000000000E+00
  0.0000000000000E+00
  0.0000000000000E+00
  0.0000000000000E+00
  0.0000000000000E+00
  0.0000000000000E+00
  0.0000000000000E+00
  0.0000000000000E+00
  0.0000000000000E+00
  0.0000000000000E+00
  0.0000000000000E+00
  0.0000000000000E+00
  0.0000000000000E+00
  0.0000000000000E+00
  0.0000000000000E+00
  0.0000000000000E+00
  0.0000000000000E+00
  0.0000000000000E+00
  0.0000000000000E+00
  0.0000000000000E+00
  0.0000000000000E+00
  0.0000000000000E+00
  0.0000000000000E+00
  0.0000000000000E+00
  0.0000000000000E+00
  0.0000000000000E+00
  0.0000000000000E+00
  0.0000000000000E+00
  0.0000000000000E+00
  0.0000000000000E+00
  0.0000000000000E+00
  0.0000000000000E+00
  0.0000000000000E+00
  0.0000000000000E+00
  0.0000000000000E+00
  0.0000000000000E+00
  0.0000000000000E+00
  0.0000000000000E+00
  0.0000000000000E+00
  0.0000000000000E+00
  0.0000000000000E+00
  0.0000000000000E+00
  0.0000000000000E+00
  0.0000000000000E+00
  0.0000000000000E+00
  0.0000000000000E+00
  0.0000000000000E+00
  0.0000000000000E+00
  0.0000000000000E+00
  0.0000000000000E+00
  0.0000000000000E+00
  0.0000000000000E+00
  0.0000000000000E+00
  0.0000000000000E+00
  0.0000000000000E+00
  0.0000000000000E+00
  0.0000000000000E+00
  0.0000000000000E+00
  0.0000000000000E+00
  0.0000000000000E+00
  0.0000000000000E+00
  0.0000000000000E+00
  0.0000000000000E+00
  0.0000000000000E+00
  0.0000000000000E+00
  0.0000000000000E+00
  0.0000000000000E+00
  0.0000000000000E+00
  0.0000000000000E+00
  0.0000000000000E+00
  0.0000000000000E+00
  0.0000000000000E+00
  0.0000000000000E+00
  0.0000000000000E+00
  0.0000000000000E+00
  0.0000000000000E+00
  0.0000000000000E+00
  0.0000000000000E+00
  0.0000000000000E+00
  0.0000000000000E+00
  0.0000000000000E+00
  0.0000000000000E+00
  0.0000000000000E+00
  0.0000000000000E+00
  0.0000000000000E+00
  0.0000000000000E+00
  0.0000000000000E+00
  0.0000000000000E+00
  0.0000000000000E+00
  0.0000000000000E+00
  0.0000000000000E+00
  0.0000000000000E+00
  0.0000000000000E+00
  0.0000000000000E+00
  0.0000000000000E+00
  0.0000000000000E+00
  0.0000000000000E+00
  0.0000000000000E+00
  0.0000000000000E+00
  0.0000000000000E+00
  0.0000000000000E+00
  0.0000000000000E+00
  0.0000000000000E+00
  0.0000000000000E+00
  0.0000000000000E+00
  0.0000000000000E+00
  0.0000000000000E+00
  0.0000000000000E+00
  0.0000000000000E+00
  0.0000000000000E+00
  0.0000000000000E+00
  0.0000000000000E+00
  0.0000000000000E+00
  0.0000000000000E+00
  0.0000000000000E+00
  0.0000000000000E+00
  0.0000000000000E+00
  0.0000000000000E+00
  0.0000000000000E+00
  0.0000000000000E+00
  0.0000000000000E+00
  0.0000000000000E+00
  0.0000000000000E+00
  0.0000000000000E+00
  0.0000000000000E+00
  0.0000000000000E+00
  0.0000000000000E+00
  0.0000000000000E+00
  0.0000000000000E+00
  0.0000000000000E+00
  0.0000000000000E+00
  0.0000000000000E+00
  0.0000000000000E+00
  0.0000000000000E+00
  0.0000000000000E+00
  0.0000000000000E+00
  0.0000000000000E+00
  0.0000000000000E+00
  0.0000000000000E+00
  0.0000000000000E+00
  0.0000000000000E+00
  0.0000000000000E+00
  0.0000000000000E+00
  0.0000000000000E+00
  0.0000000000000E+00
  0.0000000000000E+00
  0.0000000000000E+00
  0.0000000000000E+00
  0.0000000000000E+00
  0.0000000000000E+00
  0.0000000000000E+00
  0.0000000000000E+00
  0.0000000000000E+00
  0.0000000000000E+00
  0.0000000000000E+00
  0.0000000000000E+00
  0.0000000000000E+00
  0.0000000000000E+00
  0.0000000000000E+00
  0.0000000000000E+00
  0.0000000000000E+00
  0.0000000000000E+00
  0.0000000000000E+00
  0.0000000000000E+00
  0.0000000000000E+00
  0.0000000000000E+00
  0.0000000000000E+00
  0.0000000000000E+00
  0.0000000000000E+00
  0.0000000000000E+00
  0.0000000000000E+00
  0.0000000000000E+00
  0.0000000000000E+00
  0.0000000000000E+00
  0.0000000000000E+00
  0.0000000000000E+00
  0.0000000000000E+00
  0.0000000000000E+00
  0.0000000000000E+00
  0.0000000000000E+00
  0.0000000000000E+00
  0.0000000000000E+00
  0.0000000000000E+00
  0.0000000000000E+00
  0.0000000000000E+00
  0.0000000000000E+00
  0.0000000000000E+00
  0.0000000000000E+00
  0.0000000000000E+00
  0.0000000000000E+00
  0.0000000000000E+00
  0.0000000000000E+00
  0.0000000000000E+00
  0.0000000000000E+00
  0.0000000000000E+00
  0.0000000000000E+00
  0.0000000000000E+00
  0.0000000000000E+00
  0.0000000000000E+00
  0.0000000000000E+00
  0.0000000000000E+00
  0.0000000000000E+00
  0.0000000000000E+00
  0.0000000000000E+00
  0.0000000000000E+00
  0.0000000000000E+00
  0.0000000000000E+00
  0.0000000000000E+00
  0.0000000000000E+00
  0.0000000000000E+00
  0.0000000000000E+00
  0.0000000000000E+00
  0.0000000000000E+00
  0.0000000000000E+00
  0.0000000000000E+00
  0.0000000000000E+00
  0.0000000000000E+00
  0.0000000000000E+00
  0.0000000000000E+00
  0.0000000000000E+00
  0.0000000000000E+00
  0.0000000000000E+00
  0.0000000000000E+00
  0.0000000000000E+00
  0.0000000000000E+00
  0.0000000000000E+00
  0.0000000000000E+00
  0.0000000000000E+00
  0.0000000000000E+00
  0.0000000000000E+00
  0.0000000000000E+00
  0.0000000000000E+00
  0.0000000000000E+00
  0.0000000000000E+00
  0.0000000000000E+00
  0.0000000000000E+00
  0.0000000000000E+00
  0.0000000000000E+00
  0.0000000000000E+00
  0.0000000000000E+00
  0.0000000000000E+00
  0.0000000000000E+00
  0.0000000000000E+00
  0.0000000000000E+00
  0.0000000000000E+00
  0.0000000000000E+00
  0.0000000000000E+00
  0.0000000000000E+00
  0.0000000000000E+00
  0.0000000000000E+00
  0.0000000000000E+00
  0.0000000000000E+00
  0.0000000000000E+00
  0.0000000000000E+00
  0.0000000000000E+00
  0.0000000000000E+00
  0.0000000000000E+00
  0.0000000000000E+00
  0.0000000000000E+00
  0.0000000000000E+00
  0.0000000000000E+00
  0.0000000000000E+00
  0.0000000000000E+00
  0.0000000000000E+00
  0.0000000000000E+00
  0.0000000000000E+00
  0.0000000000000E+00
  0.0000000000000E+00
  0.0000000000000E+00
  0.0000000000000E+00
  0.0000000000000E+00
  0.0000000000000E+00
  0.0000000000000E+00
  0.0000000000000E+00
  0.0000000000000E+00
  0.0000000000000E+00
  0.0000000000000E+00
  0.0000000000000E+00
  0.0000000000000E+00
  0.0000000000000E+00
  0.0000000000000E+00
  0.0000000000000E+00
  0.0000000000000E+00
  0.0000000000000E+00
  0.0000000000000E+00
  0.0000000000000E+00
  0.0000000000000E+00
  0.0000000000000E+00
  0.0000000000000E+00
  0.0000000000000E+00
  0.0000000000000E+00
  0.0000000000000E+00
  0.0000000000000E+00
  0.0000000000000E+00
  0.0000000000000E+00
  0.0000000000000E+00
  0.0000000000000E+00
  0.0000000000000E+00
  0.0000000000000E+00
  0.0000000000000E+00
  0.0000000000000E+00
  0.0000000000000E+00
  0.0000000000000E+00
  0.0000000000000E+00
  0.0000000000000E+00
  0.0000000000000E+00
  0.0000000000000E+00
  0.0000000000000E+00
  0.0000000000000E+00
  0.0000000000000E+00
  0.0000000000000E+00
  0.0000000000000E+00
  0.0000000000000E+00
  0.0000000000000E+00
  0.0000000000000E+00
  0.0000000000000E+00
  0.0000000000000E+00
  0.0000000000000E+00
  0.0000000000000E+00
  0.0000000000000E+00
  0.0000000000000E+00
  0.0000000000000E+00
  0.0000000000000E+00
  0.0000000000000E+00
  0.0000000000000E+00
  0.0000000000000E+00
  0.0000000000000E+00
  0.0000000000000E+00
  0.0000000000000E+00
  0.0000000000000E+00
  0.0000000000000E+00
  0.0000000000000E+00
  0.0000000000000E+00
  0.0000000000000E+00
  0.0000000000000E+00
  0.0000000000000E+00
  0.0000000000000E+00
  0.0000000000000E+00
  0.0000000000000E+00
  0.0000000000000E+00
  0.0000000000000E+00
  0.0000000000000E+00
  0.0000000000000E+00
  0.0000000000000E+00
  0.0000000000000E+00
  0.0000000000000E+00
  0.0000000000000E+00
  0.0000000000000E+00
  0.0000000000000E+00
  0.0000000000000E+00
  0.0000000000000E+00
  0.0000000000000E+00
  0.0000000000000E+00
  0.0000000000000E+00
  0.0000000000000E+00
  0.0000000000000E+00
  0.0000000000000E+00
  0.0000000000000E+00
  0.0000000000000E+00
  0.0000000000000E+00
  0.0000000000000E+00
  0.0000000000000E+00
  0.0000000000000E+00
  0.0000000000000E+00
  0.0000000000000E+00
  0.0000000000000E+00
  0.0000000000000E+00
  0.0000000000000E+00
  0.0000000000000E+00
  0.0000000000000E+00
  0.0000000000000E+00
  0.0000000000000E+00
  0.0000000000000E+00
  0.0000000000000E+00
  0.0000000000000E+00
  0.0000000000000E+00
  0.0000000000000E+00
  0.0000000000000E+00
  0.0000000000000E+00
  0.0000000000000E+00
  0.0000000000000E+00
  0.0000000000000E+00
  0.0000000000000E+00
  0.0000000000000E+00
  0.0000000000000E+00
  0.0000000000000E+00
  0.0000000000000E+00
  0.0000000000000E+00
  0.0000000000000E+00
  0.0000000000000E+00
  0.0000000000000E+00
  0.0000000000000E+00
  0.0000000000000E+00
  0.0000000000000E+00
  0.0000000000000E+00
  0.0000000000000E+00
  0.0000000000000E+00
  0.0000000000000E+00
  0.0000000000000E+00
  0.0000000000000E+00
  0.0000000000000E+00
  0.0000000000000E+00
  0.0000000000000E+00
  0.0000000000000E+00
  0.0000000000000E+00
  0.0000000000000E+00
  0.0000000000000E+00
  0.0000000000000E+00
  0.0000000000000E+00
  0.0000000000000E+00
  0.0000000000000E+00
  0.0000000000000E+00
  0.0000000000000E+00
  0.0000000000000E+00
  0.0000000000000E+00
  0.0000000000000E+00
  0.0000000000000E+00
  0.0000000000000E+00
  0.0000000000000E+00
  0.0000000000000E+00
  0.0000000000000E+00
  0.0000000000000E+00
  0.0000000000000E+00
  0.0000000000000E+00
  0.0000000000000E+00
  0.0000000000000E+00
  0.0000000000000E+00
  0.0000000000000E+00
  0.0000000000000E+00
  0.0000000000000E+00
  0.0000000000000E+00
  0.0000000000000E+00
  0.0000000000000E+00
  0.0000000000000E+00
  0.0000000000000E+00
  0.0000000000000E+00
  0.0000000000000E+00
  0.0000000000000E+00
  0.0000000000000E+00
  0.0000000000000E+00
  0.0000000000000E+00
  0.0000000000000E+00
  0.0000000000000E+00
  0.0000000000000E+00
  0.0000000000000E+00
  0.0000000000000E+00
  0.0000000000000E+00
  0.0000000000000E+00
  0.0000000000000E+00
  0.0000000000000E+00
  0.0000000000000E+00
  0.0000000000000E+00
  0.0000000000000E+00
  0.0000000000000E+00
  0.0000000000000E+00
  0.0000000000000E+00
  0.0000000000000E+00
  0.0000000000000E+00
  0.0000000000000E+00
  0.0000000000000E+00
  0.0000000000000E+00
  0.0000000000000E+00
  0.0000000000000E+00
  0.0000000000000E+00
  0.0000000000000E+00
  0.0000000000000E+00
  0.0000000000000E+00
  0.0000000000000E+00
  0.0000000000000E+00
  0.0000000000000E+00
  0.0000000000000E+00
  0.0000000000000E+00
  0.0000000000000E+00
  0.0000000000000E+00
  0.0000000000000E+00
  0.0000000000000E+00
  0.0000000000000E+00
  0.0000000000000E+00
  0.0000000000000E+00
  0.0000000000000E+00
  0.0000000000000E+00
  0.0000000000000E+00
  0.0000000000000E+00
  0.0000000000000E+00
  0.0000000000000E+00
  0.0000000000000E+00
  0.0000000000000E+00
  0.0000000000000E+00
  0.0000000000000E+00
  0.0000000000000E+00
  0.0000000000000E+00
  0.0000000000000E+00
  0.0000000000000E+00
  0.0000000000000E+00
  0.0000000000000E+00
  0.0000000000000E+00
  0.0000000000000E+00
  0.0000000000000E+00
  0.0000000000000E+00
  0.0000000000000E+00
  0.0000000000000E+00
  0.0000000000000E+00
  0.0000000000000E+00
  0.0000000000000E+00
  0.0000000000000E+00
  0.0000000000000E+00
  0.0000000000000E+00
  0.0000000000000E+00
  0.0000000000000E+00
  0.0000000000000E+00
  0.0000000000000E+00
  0.0000000000000E+00
  0.0000000000000E+00
  0.0000000000000E+00
  0.0000000000000E+00
  0.0000000000000E+00
  0.0000000000000E+00
  0.0000000000000E+00
  0.0000000000000E+00
  0.0000000000000E+00
  0.0000000000000E+00
  0.0000000000000E+00
  0.0000000000000E+00
  0.0000000000000E+00
  0.0000000000000E+00
  0.0000000000000E+00
  0.0000000000000E+00
  0.0000000000000E+00
  0.0000000000000E+00
  0.0000000000000E+00
  0.0000000000000E+00
  0.0000000000000E+00
  0.0000000000000E+00
  0.0000000000000E+00
  0.0000000000000E+00
  0.0000000000000E+00
  0.0000000000000E+00
  0.0000000000000E+00
  0.0000000000000E+00
  0.0000000000000E+00
  0.0000000000000E+00
  0.0000000000000E+00
  0.0000000000000E+00
  0.0000000000000E+00
  0.0000000000000E+00
  0.0000000000000E+00
  0.0000000000000E+00
  0.0000000000000E+00
  0.0000000000000E+00
  0.0000000000000E+00
  0.0000000000000E+00
  0.0000000000000E+00
  0.0000000000000E+00
  0.0000000000000E+00
  0.0000000000000E+00
  0.0000000000000E+00
  0.0000000000000E+00
  0.0000000000000E+00
  0.0000000000000E+00
  0.0000000000000E+00
  0.0000000000000E+00
  0.0000000000000E+00
  0.0000000000000E+00
  0.0000000000000E+00
  0.0000000000000E+00
  0.0000000000000E+00
  0.0000000000000E+00
  0.0000000000000E+00
  0.0000000000000E+00
  0.0000000000000E+00
  0.0000000000000E+00
  0.0000000000000E+00
  0.0000000000000E+00
  0.0000000000000E+00
  0.0000000000000E+00
  0.0000000000000E+00
  0.0000000000000E+00
  0.0000000000000E+00
  0.0000000000000E+00
  0.0000000000000E+00
  0.0000000000000E+00
  0.0000000000000E+00
  0.0000000000000E+00
  0.0000000000000E+00
  0.0000000000000E+00
  0.0000000000000E+00
  0.0000000000000E+00
  0.0000000000000E+00
  0.0000000000000E+00
  0.0000000000000E+00
  0.0000000000000E+00
  0.0000000000000E+00
  0.0000000000000E+00
  0.0000000000000E+00
  0.0000000000000E+00
  0.0000000000000E+00
  0.0000000000000E+00
  0.0000000000000E+00
  0.0000000000000E+00
  0.0000000000000E+00
  0.0000000000000E+00
  0.0000000000000E+00
  0.0000000000000E+00
  0.0000000000000E+00
  0.0000000000000E+00
  0.0000000000000E+00
  0.0000000000000E+00
  0.0000000000000E+00
  0.0000000000000E+00
  0.0000000000000E+00
  0.0000000000000E+00
  0.0000000000000E+00
  0.0000000000000E+00
  0.0000000000000E+00
  0.0000000000000E+00
  0.0000000000000E+00
  0.0000000000000E+00
  0.0000000000000E+00
  0.2555907624605E-05
  0.2506246051734E-05
  0.2558907053228E-05
 -0.6044792203849E-07
 -0.5929421277723E-07
 -0.6994457274136E-07
 -0.9031562748733E-07
  0.5459989035191E-06
  0.7776619050625E-06
  0.1465443847127E-05
  0.7439477992245E-07
 -0.1423752592419E-05
  0.3558696050744E-05
  0.2362203582498E-05
  0.2158279669866E-05
  0.3031633215544E-05
  0.4854352454132E-05
 -0.5915851841793E-06
 -0.2535889542218E-06
 -0.7538168862702E-07
  0.2275993383395E-05
  0.2099070288266E-05
 -0.1941604718130E-06
 -0.1841355390232E-06
 -0.1916763693501E-06
 -0.2174787743111E-06
 -0.2698488469915E-06
 -0.3096841361358E-06
 -0.3279895720870E-06
 -0.3277016025408E-06
 -0.3148787021301E-06
 -0.2934122940174E-06
 -0.2838537558618E-06
 -0.2808595687960E-06
 -0.2832461146911E-06
  0.2586160449292E-05
