pO2,PO4,mscore,State,pCO2,efolding (m),globe_avg_temp (C),dissolved_O2_sur (molkg-1x1E6),file,benthic_anoxia
1.2,0.5,0.069040101,Background,10,0.5,26.68,159.4692294,250109.pO2xPO4_5x5a.dat.40,0.0
1.1,0.5,0.069066691,Background,10,0.5,26.68,144.5160742,250109.pO2xPO4_5x5a.dat.30,0.0
1.0,0.5,0.06909934,Background,10,0.5,26.68,129.9221476,250109.pO2xPO4_5x5a.dat.20,0.0
0.9,0.5,0.069140504,Background,10,0.5,26.68,115.9043168,250109.pO2xPO4_5x5a.dat.10,0.0
0.8,0.5,0.069194242,Background,10,0.5,26.68,102.7115577,250109.pO2xPO4_5x5a.dat.00,0.0
1.2,0.6,0.070913833,Background,10,0.5,26.68,182.2131744,250109.pO2xPO4_5x5a.dat.41,0.0
1.1,0.6,0.070962993,Background,10,0.5,26.68,167.2402577,250109.pO2xPO4_5x5a.dat.31,0.0
1.0,0.6,0.07102651,Background,10,0.5,26.68,152.576511,250109.pO2xPO4_5x5a.dat.21,0.0
0.9,0.6,0.074001889,Background,10,0.5,26.68,138.319665,250109.pO2xPO4_5x5a.dat.11,0.0
0.8,0.6,0.069169601,Background,10,0.5,26.68,124.6912434,250109.pO2xPO4_5x5a.dat.01,0.09
1.2,0.7,0.075396391,Background,10,0.5,26.68,204.9571049,250109.pO2xPO4_5x5a.dat.42,0.0
1.1,0.7,0.074973947,Background,10,0.5,26.68,189.9808121,250109.pO2xPO4_5x5a.dat.32,0.09
1.0,0.7,0.070749683,Background,10,0.5,26.68,175.2609387,250109.pO2xPO4_5x5a.dat.22,0.09
0.9,0.7,0.0733141,Background,10,0.5,26.68,160.8799939,250109.pO2xPO4_5x5a.dat.12,0.18
0.8,0.7,0.046781744,Background,10,0.5,26.68,147.0044954,250109.pO2xPO4_5x5a.dat.02,0.55
1.2,0.8,0.071792935,Background,10,0.5,26.68,227.7010062,250109.pO2xPO4_5x5a.dat.43,0.09
1.1,0.8,0.074289711,Background,10,0.5,26.68,212.7246553,250109.pO2xPO4_5x5a.dat.33,0.18
1.0,0.8,0.043785502,Background,10,0.5,26.68,197.9688968,250109.pO2xPO4_5x5a.dat.23,0.55
0.9,0.8,0.023270508,Background,10,0.5,26.68,183.5335133,250109.pO2xPO4_5x5a.dat.13,0.73
0.8,0.8,0.033260788,Background,10,0.5,26.68,169.4634557,250109.pO2xPO4_5x5a.dat.03,1.1
1.2,0.9,0.050199964,Background,10,0.5,26.68,250.444893,250109.pO2xPO4_5x5a.dat.44,0.55
1.1,0.9,0.02880502,Background,10,0.5,26.68,235.4685857,250109.pO2xPO4_5x5a.dat.34,0.73
1.0,0.9,0.006147045,Background,10,0.5,26.68,220.6958306,250109.pO2xPO4_5x5a.dat.24,0.82
0.9,0.9,0.114272279,Background,10,0.5,26.68,206.2118438,250109.pO2xPO4_5x5a.dat.14,1.1
0.8,0.9,0.137966098,Background,10,0.5,26.68,192.0415525,250109.pO2xPO4_5x5a.dat.04,1.74
1.2,0.5,0.016517032,Kellwasser,10,0.5,26.68,159.4692294,250109.pO2xPO4_5x5a.dat.40,0.0
1.1,0.5,0.016522398,Kellwasser,10,0.5,26.68,144.5160742,250109.pO2xPO4_5x5a.dat.30,0.0
1.0,0.5,0.016528918,Kellwasser,10,0.5,26.68,129.9221476,250109.pO2xPO4_5x5a.dat.20,0.0
0.9,0.5,0.016537201,Kellwasser,10,0.5,26.68,115.9043168,250109.pO2xPO4_5x5a.dat.10,0.0
0.8,0.5,0.016548183,Kellwasser,10,0.5,26.68,102.7115577,250109.pO2xPO4_5x5a.dat.00,0.0
1.2,0.6,0.017315231,Kellwasser,10,0.5,26.68,182.2131744,250109.pO2xPO4_5x5a.dat.41,0.0
1.1,0.6,0.017326049,Kellwasser,10,0.5,26.68,167.2402577,250109.pO2xPO4_5x5a.dat.31,0.0
1.0,0.6,0.017340147,Kellwasser,10,0.5,26.68,152.576511,250109.pO2xPO4_5x5a.dat.21,0.0
0.9,0.6,0.017371611,Kellwasser,10,0.5,26.68,138.319665,250109.pO2xPO4_5x5a.dat.11,0.0
0.8,0.6,0.018081508,Kellwasser,10,0.5,26.68,124.6912434,250109.pO2xPO4_5x5a.dat.01,0.09
1.2,0.7,0.018126883,Kellwasser,10,0.5,26.68,204.9571049,250109.pO2xPO4_5x5a.dat.42,0.0
1.1,0.7,0.018454418,Kellwasser,10,0.5,26.68,189.9808121,250109.pO2xPO4_5x5a.dat.32,0.09
1.0,0.7,0.01925091,Kellwasser,10,0.5,26.68,175.2609387,250109.pO2xPO4_5x5a.dat.22,0.09
0.9,0.7,0.019866211,Kellwasser,10,0.5,26.68,160.8799939,250109.pO2xPO4_5x5a.dat.12,0.18
0.8,0.7,0.021512352,Kellwasser,10,0.5,26.68,147.0044954,250109.pO2xPO4_5x5a.dat.02,0.55
1.2,0.8,0.02020009,Kellwasser,10,0.5,26.68,227.7010062,250109.pO2xPO4_5x5a.dat.43,0.09
1.1,0.8,0.020803063,Kellwasser,10,0.5,26.68,212.7246553,250109.pO2xPO4_5x5a.dat.33,0.18
1.0,0.8,0.022154109,Kellwasser,10,0.5,26.68,197.9688968,250109.pO2xPO4_5x5a.dat.23,0.55
0.9,0.8,0.023654615,Kellwasser,10,0.5,26.68,183.5335133,250109.pO2xPO4_5x5a.dat.13,0.73
0.8,0.8,0.024498445,Kellwasser,10,0.5,26.68,169.4634557,250109.pO2xPO4_5x5a.dat.03,1.1
1.2,0.9,0.022663106,Kellwasser,10,0.5,26.68,250.444893,250109.pO2xPO4_5x5a.dat.44,0.55
1.1,0.9,0.024144222,Kellwasser,10,0.5,26.68,235.4685857,250109.pO2xPO4_5x5a.dat.34,0.73
1.0,0.9,0.025680694,Kellwasser,10,0.5,26.68,220.6958306,250109.pO2xPO4_5x5a.dat.24,0.82
0.9,0.9,0.024980418,Kellwasser,10,0.5,26.68,206.2118438,250109.pO2xPO4_5x5a.dat.14,1.1
0.8,0.9,0.113528221,Kellwasser,10,0.5,26.68,192.0415525,250109.pO2xPO4_5x5a.dat.04,1.74
1.2,1.0,0.0028036508917153,Background,10,0.5,26.68,91.08202357310802,250109.pO2xPO4_5x5b.dat.40,0.82
1.1,1.0,0.0606544954808275,Background,10,0.5,26.68,82.39946328103542,250109.pO2xPO4_5x5b.dat.30,1.19
1.0,1.0,0.0869861941082566,Background,10,0.5,26.68,75.95313945785165,250109.pO2xPO4_5x5b.dat.20,1.46
0.9,1.0,0.2094771242680562,Background,10,0.5,26.68,70.77117334119976,250109.pO2xPO4_5x5b.dat.10,1.92
0.8,1.0,0.1293209699425771,Background,10,0.5,26.68,66.49350689258426,250109.pO2xPO4_5x5b.dat.00,2.93
1.2,1.1,0.1167513438756149,Background,10,0.5,26.68,111.9589142035693,250109.pO2xPO4_5x5b.dat.41,1.1
1.1,1.1,0.0444534905668557,Background,10,0.5,26.68,100.91776493936776,250109.pO2xPO4_5x5b.dat.31,1.65
1.0,1.1,0.1828197964698536,Background,10,0.5,26.68,92.62526873499156,250109.pO2xPO4_5x5b.dat.21,2.1
0.9,1.1,0.1144669306027221,Background,10,0.5,26.68,86.22975292382762,250109.pO2xPO4_5x5b.dat.11,3.02
0.8,1.1,0.0833460557369968,Background,10,0.5,26.68,80.99499973468482,250109.pO2xPO4_5x5b.dat.01,4.57
1.2,1.2,0.0828800476725795,Background,10,0.5,26.68,133.75544222071767,250109.pO2xPO4_5x5b.dat.42,1.83
1.1,1.2,0.1585875232281913,Background,10,0.5,26.68,121.46861990913747,250109.pO2xPO4_5x5b.dat.32,2.29
1.0,1.2,0.1235874634192303,Background,10,0.5,26.68,110.980290628504,250109.pO2xPO4_5x5b.dat.22,3.47
0.9,1.2,0.0769628409240344,Background,10,0.5,26.68,102.98314737156034,250109.pO2xPO4_5x5b.dat.12,4.66
0.8,1.2,0.0539479109978048,Background,10,0.5,26.68,96.63627861300483,250109.pO2xPO4_5x5b.dat.02,7.22
1.2,1.3,0.1283125201505617,Background,10,0.5,26.68,155.93745047226548,250109.pO2xPO4_5x5b.dat.43,2.29
1.1,1.3,0.1095636631282493,Background,10,0.5,26.68,143.06984667200595,250109.pO2xPO4_5x5b.dat.33,3.66
1.0,1.3,0.0700502592001438,Background,10,0.5,26.68,131.22263771947473,250109.pO2xPO4_5x5b.dat.23,4.66
0.9,1.3,0.0467793296616738,Background,10,0.5,26.68,121.23702617827804,250109.pO2xPO4_5x5b.dat.13,7.22
0.8,1.3,0.0343165992155324,Background,10,0.5,26.68,113.475565740373,250109.pO2xPO4_5x5b.dat.03,7.95
1.2,1.4,0.0980918414195057,Background,10,0.5,26.68,178.32736193668097,250109.pO2xPO4_5x5b.dat.44,3.56
1.1,1.4,0.0635753440167224,Background,10,0.5,26.68,165.12171714566648,250109.pO2xPO4_5x5b.dat.34,4.75
1.0,1.4,0.0431529083203847,Background,10,0.5,26.68,152.62977103702724,250109.pO2xPO4_5x5b.dat.24,7.13
0.9,1.4,0.0323901514286852,Background,10,0.5,26.68,141.22406719252467,250109.pO2xPO4_5x5b.dat.14,7.59
0.8,1.4,0.0253488622272728,Background,10,0.5,26.68,131.6735433647409,250109.pO2xPO4_5x5b.dat.04,9.32
1.2,1.0,0.0265778937756961,Kellwasser,10,0.5,26.68,91.08202357310802,250109.pO2xPO4_5x5b.dat.40,0.82
1.1,1.0,0.0252419231302042,Kellwasser,10,0.5,26.68,82.39946328103542,250109.pO2xPO4_5x5b.dat.30,1.19
1.0,1.0,0.049175372043609,Kellwasser,10,0.5,26.68,75.95313945785165,250109.pO2xPO4_5x5b.dat.20,1.46
0.9,1.0,0.2214228884389103,Kellwasser,10,0.5,26.68,70.77117334119976,250109.pO2xPO4_5x5b.dat.10,1.92
0.8,1.0,0.5052122124021091,Kellwasser,10,0.5,26.68,66.49350689258426,250109.pO2xPO4_5x5b.dat.00,2.93
1.2,1.1,0.0248127011361924,Kellwasser,10,0.5,26.68,111.9589142035693,250109.pO2xPO4_5x5b.dat.41,1.1
1.1,1.1,0.0569348663897281,Kellwasser,10,0.5,26.68,100.91776493936776,250109.pO2xPO4_5x5b.dat.31,1.65
1.0,1.1,0.2796376369686568,Kellwasser,10,0.5,26.68,92.62526873499156,250109.pO2xPO4_5x5b.dat.21,2.1
0.9,1.1,0.5579771447963838,Kellwasser,10,0.5,26.68,86.22975292382762,250109.pO2xPO4_5x5b.dat.11,3.02
0.8,1.1,0.6073365811270276,Kellwasser,10,0.5,26.68,80.99499973468482,250109.pO2xPO4_5x5b.dat.01,4.57
1.2,1.2,0.1328708680221464,Kellwasser,10,0.5,26.68,133.75544222071767,250109.pO2xPO4_5x5b.dat.42,1.83
1.1,1.2,0.3403007771076333,Kellwasser,10,0.5,26.68,121.46861990913747,250109.pO2xPO4_5x5b.dat.32,2.29
1.0,1.2,0.6397340692520906,Kellwasser,10,0.5,26.68,110.980290628504,250109.pO2xPO4_5x5b.dat.22,3.47
0.9,1.2,0.5825852198802669,Kellwasser,10,0.5,26.68,102.98314737156034,250109.pO2xPO4_5x5b.dat.12,4.66
0.8,1.2,0.3421485356506847,Kellwasser,10,0.5,26.68,96.63627861300483,250109.pO2xPO4_5x5b.dat.02,7.22
1.2,1.3,0.4865536900171416,Kellwasser,10,0.5,26.68,155.93745047226548,250109.pO2xPO4_5x5b.dat.43,2.29
1.1,1.3,0.6495726875960333,Kellwasser,10,0.5,26.68,143.06984667200595,250109.pO2xPO4_5x5b.dat.33,3.66
1.0,1.3,0.5488380426124199,Kellwasser,10,0.5,26.68,131.22263771947473,250109.pO2xPO4_5x5b.dat.23,4.66
0.9,1.3,0.3640238989734116,Kellwasser,10,0.5,26.68,121.23702617827804,250109.pO2xPO4_5x5b.dat.13,7.22
0.8,1.3,0.1834847212101848,Kellwasser,10,0.5,26.68,113.475565740373,250109.pO2xPO4_5x5b.dat.03,7.95
1.2,1.4,0.6468385345788056,Kellwasser,10,0.5,26.68,178.32736193668097,250109.pO2xPO4_5x5b.dat.44,3.56
1.1,1.4,0.512313461385685,Kellwasser,10,0.5,26.68,165.12171714566648,250109.pO2xPO4_5x5b.dat.34,4.75
1.0,1.4,0.3349960696690983,Kellwasser,10,0.5,26.68,152.62977103702724,250109.pO2xPO4_5x5b.dat.24,7.13
0.9,1.4,0.1729519525052333,Kellwasser,10,0.5,26.68,141.22406719252467,250109.pO2xPO4_5x5b.dat.14,7.59
0.8,1.4,0.1068018548478618,Kellwasser,10,0.5,26.68,131.6735433647409,250109.pO2xPO4_5x5b.dat.04,9.32
1.2,1.5,0.060820112,Background,10,0.5,26.68,62.82250251,250109.pO2xPO4_5x5c.dat.40,4.84
1.1,1.5,0.03920924,Background,10,0.5,26.68,59.63547301,250109.pO2xPO4_5x5c.dat.30,6.86
1.0,1.5,0.029320724,Background,10,0.5,26.68,56.79879905,250109.pO2xPO4_5x5c.dat.20,7.5
0.9,1.5,0.024159429,Background,10,0.5,26.68,54.29277371,250109.pO2xPO4_5x5c.dat.10,8.68
0.8,1.5,0.017472914,Background,10,0.5,26.68,52.02748071,250109.pO2xPO4_5x5c.dat.00,13.07
1.2,1.6,0.033866416,Background,10,0.5,26.68,76.60887786,250109.pO2xPO4_5x5c.dat.41,6.67
1.1,1.6,0.02861664,Background,10,0.5,26.68,72.76566612,250109.pO2xPO4_5x5c.dat.31,7.4
1.0,1.6,0.021239306,Background,10,0.5,26.68,69.44717461,250109.pO2xPO4_5x5c.dat.21,8.23
0.9,1.6,0.018105625,Background,10,0.5,26.68,66.48809358,250109.pO2xPO4_5x5c.dat.11,11.24
0.8,1.6,0.013563907,Background,10,0.5,26.68,63.80066043,250109.pO2xPO4_5x5c.dat.01,20.57
1.2,1.7,0.025071418,Background,10,0.5,26.68,91.36772132,250109.pO2xPO4_5x5c.dat.42,7.31
1.1,1.7,0.019341519,Background,10,0.5,26.68,86.87834634,250109.pO2xPO4_5x5c.dat.32,7.95
1.0,1.7,0.016287427,Background,10,0.5,26.68,82.95325824,250109.pO2xPO4_5x5c.dat.22,10.15
0.9,1.7,0.011974906,Background,10,0.5,26.68,79.46975529,250109.pO2xPO4_5x5c.dat.12,16.64
0.8,1.7,0.011737555,Background,10,0.5,26.68,76.40620606,250109.pO2xPO4_5x5c.dat.02,28.43
1.2,1.8,0.017489484,Background,10,0.5,26.68,107.1900333,250109.pO2xPO4_5x5c.dat.43,7.77
1.1,1.8,0.014661208,Background,10,0.5,26.68,101.9074407,250109.pO2xPO4_5x5c.dat.33,8.87
1.0,1.8,0.010987649,Background,10,0.5,26.68,97.31308819,250109.pO2xPO4_5x5c.dat.23,13.71
0.9,1.8,0.00932393,Background,10,0.5,26.68,93.32605987,250109.pO2xPO4_5x5c.dat.13,22.39
0.8,1.8,0.00815526,Background,10,0.5,26.68,89.71161151,250109.pO2xPO4_5x5c.dat.03,36.93
1.2,1.9,0.01294284,Background,10,0.5,26.68,124.107406,250109.pO2xPO4_5x5c.dat.44,8.32
1.1,1.9,0.010972998,Background,10,0.5,26.68,117.8776001,250109.pO2xPO4_5x5c.dat.34,11.7
1.0,1.9,0.008172772,Background,10,0.5,26.68,112.5930503,250109.pO2xPO4_5x5c.dat.24,19.47
0.9,1.9,0.007257543,Background,10,0.5,26.68,107.9300346,250109.pO2xPO4_5x5c.dat.14,29.34
0.8,1.9,0.005062518,Background,10,0.5,26.68,103.8643677,250109.pO2xPO4_5x5c.dat.04,44.88
1.2,1.5,0.476395178,Kellwasser,10,0.5,26.68,62.82250251,250109.pO2xPO4_5x5c.dat.40,4.84
1.1,1.5,0.309337152,Kellwasser,10,0.5,26.68,59.63547301,250109.pO2xPO4_5x5c.dat.30,6.86
1.0,1.5,0.18189137,Kellwasser,10,0.5,26.68,56.79879905,250109.pO2xPO4_5x5c.dat.20,7.5
0.9,1.5,0.104696224,Kellwasser,10,0.5,26.68,54.29277371,250109.pO2xPO4_5x5c.dat.10,8.68
0.8,1.5,0.060561571,Kellwasser,10,0.5,26.68,52.02748071,250109.pO2xPO4_5x5c.dat.00,13.07
1.2,1.6,0.279671021,Kellwasser,10,0.5,26.68,76.60887786,250109.pO2xPO4_5x5c.dat.41,6.67
1.1,1.6,0.168782993,Kellwasser,10,0.5,26.68,72.76566612,250109.pO2xPO4_5x5c.dat.31,7.4
1.0,1.6,0.097907101,Kellwasser,10,0.5,26.68,69.44717461,250109.pO2xPO4_5x5c.dat.21,8.23
0.9,1.6,0.060621872,Kellwasser,10,0.5,26.68,66.48809358,250109.pO2xPO4_5x5c.dat.11,11.24
0.8,1.6,0.036426481,Kellwasser,10,0.5,26.68,63.80066043,250109.pO2xPO4_5x5c.dat.01,20.57
1.2,1.7,0.146149112,Kellwasser,10,0.5,26.68,91.36772132,250109.pO2xPO4_5x5c.dat.42,7.31
1.1,1.7,0.090272218,Kellwasser,10,0.5,26.68,86.87834634,250109.pO2xPO4_5x5c.dat.32,7.95
1.0,1.7,0.055126744,Kellwasser,10,0.5,26.68,82.95325824,250109.pO2xPO4_5x5c.dat.22,10.15
0.9,1.7,0.033594083,Kellwasser,10,0.5,26.68,79.46975529,250109.pO2xPO4_5x5c.dat.12,16.64
0.8,1.7,0.014227266,Kellwasser,10,0.5,26.68,76.40620606,250109.pO2xPO4_5x5c.dat.02,28.43
1.2,1.8,0.07808832,Kellwasser,10,0.5,26.68,107.1900333,250109.pO2xPO4_5x5c.dat.43,7.77
1.1,1.8,0.050990615,Kellwasser,10,0.5,26.68,101.9074407,250109.pO2xPO4_5x5c.dat.33,8.87
1.0,1.8,0.029822625,Kellwasser,10,0.5,26.68,97.31308819,250109.pO2xPO4_5x5c.dat.23,13.71
0.9,1.8,0.020150259,Kellwasser,10,0.5,26.68,93.32605987,250109.pO2xPO4_5x5c.dat.13,22.39
0.8,1.8,0.010214904,Kellwasser,10,0.5,26.68,89.71161151,250109.pO2xPO4_5x5c.dat.03,36.93
1.2,1.9,0.044122915,Kellwasser,10,0.5,26.68,124.107406,250109.pO2xPO4_5x5c.dat.44,8.32
1.1,1.9,0.029373121,Kellwasser,10,0.5,26.68,117.8776001,250109.pO2xPO4_5x5c.dat.34,11.7
1.0,1.9,0.017534791,Kellwasser,10,0.5,26.68,112.5930503,250109.pO2xPO4_5x5c.dat.24,19.47
0.9,1.9,0.009399354,Kellwasser,10,0.5,26.68,107.9300346,250109.pO2xPO4_5x5c.dat.14,29.34
0.8,1.9,0.005519351,Kellwasser,10,0.5,26.68,103.8643677,250109.pO2xPO4_5x5c.dat.04,44.88
0.7,0.5,0.091744517,Background,10,0.5,26.68,16.91662692,250109.pO2xPO4_5x5d.dat.40,4.39
0.6,0.5,0.056487052,Background,10,0.5,26.68,15.03886506,250109.pO2xPO4_5x5d.dat.30,7.77
0.5,0.5,0.036325849,Background,10,0.5,26.68,13.42330597,250109.pO2xPO4_5x5d.dat.20,8.68
0.4,0.5,0.028986874,Background,10,0.5,26.68,12.07466266,250109.pO2xPO4_5x5d.dat.10,14.72
0.3,0.5,0.014206617,Background,10,0.5,26.68,10.87574128,250109.pO2xPO4_5x5d.dat.00,52.29
0.7,0.6,0.054608682,Background,10,0.5,26.68,28.1459379,250109.pO2xPO4_5x5d.dat.41,7.4
0.6,0.6,0.03703563,Background,10,0.5,26.68,25.39178058,250109.pO2xPO4_5x5d.dat.31,8.41
0.5,0.6,0.024269959,Background,10,0.5,26.68,23.12525248,250109.pO2xPO4_5x5d.dat.21,12.43
0.4,0.6,0.018145662,Background,10,0.5,26.68,21.23307058,250109.pO2xPO4_5x5d.dat.11,33.27
0.3,0.6,0.01106729,Background,10,0.5,26.68,19.55290827,250109.pO2xPO4_5x5d.dat.01,66.36
0.7,0.7,0.036307968,Background,10,0.5,26.68,41.06672714,250109.pO2xPO4_5x5d.dat.42,8.23
0.6,0.7,0.024204393,Background,10,0.5,26.68,37.3461844,250109.pO2xPO4_5x5d.dat.32,10.69
0.5,0.7,0.02310765,Background,10,0.5,26.68,34.33574966,250109.pO2xPO4_5x5d.dat.22,25.87
0.4,0.7,0.012859663,Background,10,0.5,26.68,31.73981167,250109.pO2xPO4_5x5d.dat.12,54.75
0.3,0.7,0.004163096,Background,10,0.5,26.68,29.5276659,250109.pO2xPO4_5x5d.dat.02,72.94
0.7,0.8,0.025799458,Background,10,0.5,26.68,55.75557589,250109.pO2xPO4_5x5d.dat.43,9.6
0.6,0.8,0.0187615,Background,10,0.5,26.68,50.80752089,250109.pO2xPO4_5x5d.dat.33,19.84
0.5,0.8,0.01614097,Background,10,0.5,26.68,46.8523649,250109.pO2xPO4_5x5d.dat.23,43.05
0.4,0.8,0.009649722,Background,10,0.5,26.68,43.56296267,250109.pO2xPO4_5x5d.dat.13,63.8
0.3,0.8,0.001716661,Background,10,0.5,26.68,40.76293044,250109.pO2xPO4_5x5d.dat.03,85.83
0.7,0.9,0.018591698,Background,10,0.5,26.68,72.3031917,250109.pO2xPO4_5x5d.dat.44,15.72
0.6,0.9,0.018118691,Background,10,0.5,26.68,65.79612818,250109.pO2xPO4_5x5d.dat.34,31.17
0.5,0.9,0.010399918,Background,10,0.5,26.68,60.70925883,250109.pO2xPO4_5x5d.dat.24,55.03
0.4,0.9,0.006834557,Background,10,0.5,26.68,56.56157009,250109.pO2xPO4_5x5d.dat.14,69.29
0.3,0.9,0.000412627,Background,10,0.5,26.68,53.07339234,250109.pO2xPO4_5x5d.dat.04,87.66
0.7,0.5,0.626559345,Kellwasser,10,0.5,26.68,16.91662692,250109.pO2xPO4_5x5d.dat.40,4.39
0.6,0.5,0.360128668,Kellwasser,10,0.5,26.68,15.03886506,250109.pO2xPO4_5x5d.dat.30,7.77
0.5,0.5,0.159520087,Kellwasser,10,0.5,26.68,13.42330597,250109.pO2xPO4_5x5d.dat.20,8.68
0.4,0.5,0.051637762,Kellwasser,10,0.5,26.68,12.07466266,250109.pO2xPO4_5x5d.dat.10,14.72
0.3,0.5,0.019612253,Kellwasser,10,0.5,26.68,10.87574128,250109.pO2xPO4_5x5d.dat.00,52.29
0.7,0.6,0.351682169,Kellwasser,10,0.5,26.68,28.1459379,250109.pO2xPO4_5x5d.dat.41,7.4
0.6,0.6,0.188628652,Kellwasser,10,0.5,26.68,25.39178058,250109.pO2xPO4_5x5d.dat.31,8.41
0.5,0.6,0.091095903,Kellwasser,10,0.5,26.68,23.12525248,250109.pO2xPO4_5x5d.dat.21,12.43
0.4,0.6,0.023752498,Kellwasser,10,0.5,26.68,21.23307058,250109.pO2xPO4_5x5d.dat.11,33.27
0.3,0.6,0.011849538,Kellwasser,10,0.5,26.68,19.55290827,250109.pO2xPO4_5x5d.dat.01,66.36
0.7,0.7,0.19191156,Kellwasser,10,0.5,26.68,41.06672714,250109.pO2xPO4_5x5d.dat.42,8.23
0.6,0.7,0.100370171,Kellwasser,10,0.5,26.68,37.3461844,250109.pO2xPO4_5x5d.dat.32,10.69
0.5,0.7,0.033002161,Kellwasser,10,0.5,26.68,34.33574966,250109.pO2xPO4_5x5d.dat.22,25.87
0.4,0.7,0.012577744,Kellwasser,10,0.5,26.68,31.73981167,250109.pO2xPO4_5x5d.dat.12,54.75
0.3,0.7,0.004241456,Kellwasser,10,0.5,26.68,29.5276659,250109.pO2xPO4_5x5d.dat.02,72.94
0.7,0.8,0.102027328,Kellwasser,10,0.5,26.68,55.75557589,250109.pO2xPO4_5x5d.dat.43,9.6
0.6,0.8,0.059766333,Kellwasser,10,0.5,26.68,50.80752089,250109.pO2xPO4_5x5d.dat.33,19.84
0.5,0.8,0.016572983,Kellwasser,10,0.5,26.68,46.8523649,250109.pO2xPO4_5x5d.dat.23,43.05
0.4,0.8,0.008985862,Kellwasser,10,0.5,26.68,43.56296267,250109.pO2xPO4_5x5d.dat.13,63.8
0.3,0.8,0.001663043,Kellwasser,10,0.5,26.68,40.76293044,250109.pO2xPO4_5x5d.dat.03,85.83
0.7,0.9,0.060403094,Kellwasser,10,0.5,26.68,72.3031917,250109.pO2xPO4_5x5d.dat.44,15.72
0.6,0.9,0.020605387,Kellwasser,10,0.5,26.68,65.79612818,250109.pO2xPO4_5x5d.dat.34,31.17
0.5,0.9,0.00944632,Kellwasser,10,0.5,26.68,60.70925883,250109.pO2xPO4_5x5d.dat.24,55.03
0.4,0.9,0.006049924,Kellwasser,10,0.5,26.68,56.56157009,250109.pO2xPO4_5x5d.dat.14,69.29
0.3,0.9,0.000305413,Kellwasser,10,0.5,26.68,53.07339234,250109.pO2xPO4_5x5d.dat.04,87.66
0.7,1.0,0.0174391428884201,Background,10,0.5,26.68,9.77269337454345,250109.pO2xPO4_5x5e.dat.40,24.31
0.6,1.0,0.0121775143729681,Background,10,0.5,26.68,8.843604518915527,250109.pO2xPO4_5x5e.dat.30,45.52
0.5,1.0,0.0072745896512436,Background,10,0.5,26.68,8.0798508861335,250109.pO2xPO4_5x5e.dat.20,61.88
0.4,1.0,0.0018567481152954,Background,10,0.5,26.68,7.458107575075701,250109.pO2xPO4_5x5e.dat.10,72.76
0.3,1.0,7.2178128514342e-05,Background,10,0.5,26.68,6.93840183885186,250109.pO2xPO4_5x5e.dat.00,89.4
0.7,1.1,0.0127792746332941,Background,10,0.5,26.68,18.100763554684814,250109.pO2xPO4_5x5e.dat.41,34.73
0.6,1.1,0.0075060851411735,Background,10,0.5,26.68,16.827309082145803,250109.pO2xPO4_5x5e.dat.31,53.93
0.5,1.1,0.0049462449454941,Background,10,0.5,26.68,15.66069113323465,250109.pO2xPO4_5x5e.dat.21,66.18
0.4,1.1,0.0002321067815801,Background,10,0.5,26.68,14.5573267218424,250109.pO2xPO4_5x5e.dat.11,75.78
0.3,1.1,2.352987165227377e-05,Background,10,0.5,26.68,13.574402146332432,250109.pO2xPO4_5x5e.dat.01,89.21
0.7,1.2,0.0084052487067143,Background,10,0.5,26.68,27.63714292086661,250109.pO2xPO4_5x5e.dat.42,45.61
0.6,1.2,0.0050263505490549,Background,10,0.5,26.68,25.92784221633337,250109.pO2xPO4_5x5e.dat.32,59.6
0.5,1.2,0.002857025933652,Background,10,0.5,26.68,24.41471406200435,250109.pO2xPO4_5x5e.dat.22,68.92
0.4,1.2,2.9785860855957032e-05,Background,10,0.5,26.68,23.07923205080442,250109.pO2xPO4_5x5e.dat.12,85.65
0.3,1.2,1.7433443019787028e-05,Background,10,0.5,26.68,21.87180143664591,250109.pO2xPO4_5x5e.dat.02,90.68
0.7,1.3,0.0051113828967516,Background,10,0.5,26.68,38.29287379630841,250109.pO2xPO4_5x5e.dat.43,52.29
0.6,1.3,0.0029041893732007,Background,10,0.5,26.68,36.131852539256215,250109.pO2xPO4_5x5e.dat.33,63.62
0.5,1.3,0.0001172741068605,Background,10,0.5,26.68,34.2383464158047,250109.pO2xPO4_5x5e.dat.23,72.49
0.4,1.3,2.253834742967032e-05,Background,10,0.5,26.68,32.53836257499643,250109.pO2xPO4_5x5e.dat.13,86.65
0.3,1.3,1.6901161884580695e-05,Background,10,0.5,26.68,30.97818625974469,250109.pO2xPO4_5x5e.dat.03,90.59
0.7,1.4,0.0028021394686589,Background,10,0.5,26.68,50.0476271554362,250109.pO2xPO4_5x5e.dat.44,57.5
0.6,1.4,0.0010467556526562,Background,10,0.5,26.68,47.41362135973759,250109.pO2xPO4_5x5e.dat.34,66.54
0.5,1.4,2.7344984085390187e-05,Background,10,0.5,26.68,45.05564720602706,250109.pO2xPO4_5x5e.dat.24,74.22
0.4,1.4,2.1107366336329605e-05,Background,10,0.5,26.68,42.952971853083,250109.pO2xPO4_5x5e.dat.14,87.75
0.3,1.4,1.6862522427768864e-05,Background,10,0.5,26.68,41.05956759303808,250109.pO2xPO4_5x5e.dat.04,90.31
0.7,1.0,0.0206567927934172,Kellwasser,10,0.5,26.68,9.77269337454345,250109.pO2xPO4_5x5e.dat.40,24.31
0.6,1.0,0.012701264334318,Kellwasser,10,0.5,26.68,8.843604518915527,250109.pO2xPO4_5x5e.dat.30,45.52
0.5,1.0,0.0064192607288473,Kellwasser,10,0.5,26.68,8.0798508861335,250109.pO2xPO4_5x5e.dat.20,61.88
0.4,1.0,0.0030350490740908,Kellwasser,10,0.5,26.68,7.458107575075701,250109.pO2xPO4_5x5e.dat.10,72.76
0.3,1.0,8.600251600352313e-05,Kellwasser,10,0.5,26.68,6.93840183885186,250109.pO2xPO4_5x5e.dat.00,89.4
0.7,1.1,0.0149197070548482,Kellwasser,10,0.5,26.68,18.100763554684814,250109.pO2xPO4_5x5e.dat.41,34.73
0.6,1.1,0.0064881809276816,Kellwasser,10,0.5,26.68,16.827309082145803,250109.pO2xPO4_5x5e.dat.31,53.93
0.5,1.1,0.00409917542523,Kellwasser,10,0.5,26.68,15.66069113323465,250109.pO2xPO4_5x5e.dat.21,66.18
0.4,1.1,0.0002450151396957,Kellwasser,10,0.5,26.68,14.5573267218424,250109.pO2xPO4_5x5e.dat.11,75.78
0.3,1.1,4.9798120356818085e-05,Kellwasser,10,0.5,26.68,13.574402146332432,250109.pO2xPO4_5x5e.dat.01,89.21
0.7,1.2,0.0091339325692097,Kellwasser,10,0.5,26.68,27.63714292086661,250109.pO2xPO4_5x5e.dat.42,45.61
0.6,1.2,0.0040803369641596,Kellwasser,10,0.5,26.68,25.92784221633337,250109.pO2xPO4_5x5e.dat.32,59.6
0.5,1.2,0.0020714389384141,Kellwasser,10,0.5,26.68,24.41471406200435,250109.pO2xPO4_5x5e.dat.22,68.92
0.4,1.2,6.0434794583282286e-05,Kellwasser,10,0.5,26.68,23.07923205080442,250109.pO2xPO4_5x5e.dat.12,85.65
0.3,1.2,4.136825497546231e-05,Kellwasser,10,0.5,26.68,21.87180143664591,250109.pO2xPO4_5x5e.dat.02,90.68
0.7,1.3,0.0040504278735406,Kellwasser,10,0.5,26.68,38.29287379630841,250109.pO2xPO4_5x5e.dat.43,52.29
0.6,1.3,0.0020360459624338,Kellwasser,10,0.5,26.68,36.131852539256215,250109.pO2xPO4_5x5e.dat.33,63.62
0.5,1.3,0.0003744738143684,Kellwasser,10,0.5,26.68,34.2383464158047,250109.pO2xPO4_5x5e.dat.23,72.49
0.4,1.3,5.266674350464933e-05,Kellwasser,10,0.5,26.68,32.53836257499643,250109.pO2xPO4_5x5e.dat.13,86.65
0.3,1.3,3.98783584059784e-05,Kellwasser,10,0.5,26.68,30.97818625974469,250109.pO2xPO4_5x5e.dat.03,90.59
0.7,1.4,0.001844998477172,Kellwasser,10,0.5,26.68,50.0476271554362,250109.pO2xPO4_5x5e.dat.44,57.5
0.6,1.4,0.0006210359158293,Kellwasser,10,0.5,26.68,47.41362135973759,250109.pO2xPO4_5x5e.dat.34,66.54
0.5,1.4,6.322747870356531e-05,Kellwasser,10,0.5,26.68,45.05564720602706,250109.pO2xPO4_5x5e.dat.24,74.22
0.4,1.4,4.9083035734053626e-05,Kellwasser,10,0.5,26.68,42.952971853083,250109.pO2xPO4_5x5e.dat.14,87.75
0.3,1.4,3.935659774729981e-05,Kellwasser,10,0.5,26.68,41.05956759303808,250109.pO2xPO4_5x5e.dat.04,90.31
1.2,0.5,0.0082960011724331,Background,1.0,0.5,18.18,149.32654448784888,Devon370Ma_050xRemin_1xpCO2.pO2xPO4_5x5a.dat.40,0.0
1.1,0.5,0.0125634318997991,Background,1.0,0.5,18.18,135.7504806946963,Devon370Ma_050xRemin_1xpCO2.pO2xPO4_5x5a.dat.30,0.0
1.0,0.5,0.0214308142778667,Background,1.0,0.5,18.18,122.84782133065164,Devon370Ma_050xRemin_1xpCO2.pO2xPO4_5x5a.dat.20,0.0
0.9,0.5,0.0631106786413757,Background,1.0,0.5,18.18,111.13318760180846,Devon370Ma_050xRemin_1xpCO2.pO2xPO4_5x5a.dat.10,0.0
0.8,0.5,0.0921344594558737,Background,1.0,0.5,18.18,101.97709343628958,Devon370Ma_050xRemin_1xpCO2.pO2xPO4_5x5a.dat.00,0.18
1.2,0.6,0.0263850972030801,Background,1.0,0.5,18.18,176.83193436823785,Devon370Ma_050xRemin_1xpCO2.pO2xPO4_5x5a.dat.41,0.0
1.1,0.6,0.0624386211379288,Background,1.0,0.5,18.18,163.07388432323933,Devon370Ma_050xRemin_1xpCO2.pO2xPO4_5x5a.dat.31,0.0
1.0,0.6,0.1050441162006834,Background,1.0,0.5,18.18,149.80236301198602,Devon370Ma_050xRemin_1xpCO2.pO2xPO4_5x5a.dat.21,0.0
0.9,0.6,0.1291997263006748,Background,1.0,0.5,18.18,137.18195259571075,Devon370Ma_050xRemin_1xpCO2.pO2xPO4_5x5a.dat.11,0.46
0.8,0.6,0.2331326415502822,Background,1.0,0.5,18.18,125.66665827762336,Devon370Ma_050xRemin_1xpCO2.pO2xPO4_5x5a.dat.01,0.92
1.2,0.7,0.1150284090803727,Background,1.0,0.5,18.18,204.4309803750366,Devon370Ma_050xRemin_1xpCO2.pO2xPO4_5x5a.dat.42,0.0
1.1,0.7,0.1334741957307065,Background,1.0,0.5,18.18,190.52713469136503,Devon370Ma_050xRemin_1xpCO2.pO2xPO4_5x5a.dat.32,0.28
1.0,0.7,0.1854318036894122,Background,1.0,0.5,18.18,177.07073129713535,Devon370Ma_050xRemin_1xpCO2.pO2xPO4_5x5a.dat.22,0.55
0.9,0.7,0.2877166932337682,Background,1.0,0.5,18.18,164.09906675107777,Devon370Ma_050xRemin_1xpCO2.pO2xPO4_5x5a.dat.12,1.1
0.8,0.7,0.0208243508875258,Background,1.0,0.5,18.18,151.75256703514606,Devon370Ma_050xRemin_1xpCO2.pO2xPO4_5x5a.dat.02,1.47
1.2,0.8,0.1605945386377159,Background,1.0,0.5,18.18,232.0639614481479,Devon370Ma_050xRemin_1xpCO2.pO2xPO4_5x5a.dat.43,0.46
1.1,0.8,0.2493120385364689,Background,1.0,0.5,18.18,218.08102610521016,Devon370Ma_050xRemin_1xpCO2.pO2xPO4_5x5a.dat.33,0.55
1.0,0.8,0.3387854277922417,Background,1.0,0.5,18.18,204.4996072072536,Devon370Ma_050xRemin_1xpCO2.pO2xPO4_5x5a.dat.23,1.1
0.9,0.8,0.0125268177122549,Background,1.0,0.5,18.18,191.33284513372928,Devon370Ma_050xRemin_1xpCO2.pO2xPO4_5x5a.dat.13,1.47
0.8,0.8,0.1379011164773597,Background,1.0,0.5,18.18,178.64935216493905,Devon370Ma_050xRemin_1xpCO2.pO2xPO4_5x5a.dat.03,2.48
1.2,0.9,0.293251605546876,Background,1.0,0.5,18.18,259.7358834464103,Devon370Ma_050xRemin_1xpCO2.pO2xPO4_5x5a.dat.44,0.73
1.1,0.9,0.3359147289966053,Background,1.0,0.5,18.18,245.6922666169703,Devon370Ma_050xRemin_1xpCO2.pO2xPO4_5x5a.dat.34,1.19
1.0,0.9,0.0032115704167344,Background,1.0,0.5,18.18,232.0020430488512,Devon370Ma_050xRemin_1xpCO2.pO2xPO4_5x5a.dat.24,1.38
0.9,0.9,0.122643244935735,Background,1.0,0.5,18.18,218.73123478144407,Devon370Ma_050xRemin_1xpCO2.pO2xPO4_5x5a.dat.14,2.48
0.8,0.9,0.0993520660490472,Background,1.0,0.5,18.18,205.85881429724395,Devon370Ma_050xRemin_1xpCO2.pO2xPO4_5x5a.dat.04,3.21
1.2,0.5,0.0116947451023762,Kellwasser,1.0,0.5,18.18,149.32654448784888,Devon370Ma_050xRemin_1xpCO2.pO2xPO4_5x5a.dat.40,0.0
1.1,0.5,0.0111092750131127,Kellwasser,1.0,0.5,18.18,135.7504806946963,Devon370Ma_050xRemin_1xpCO2.pO2xPO4_5x5a.dat.30,0.0
1.0,0.5,0.0108730388195844,Kellwasser,1.0,0.5,18.18,122.84782133065164,Devon370Ma_050xRemin_1xpCO2.pO2xPO4_5x5a.dat.20,0.0
0.9,0.5,0.0108425892225308,Kellwasser,1.0,0.5,18.18,111.13318760180846,Devon370Ma_050xRemin_1xpCO2.pO2xPO4_5x5a.dat.10,0.0
0.8,0.5,0.0115771168823243,Kellwasser,1.0,0.5,18.18,101.97709343628958,Devon370Ma_050xRemin_1xpCO2.pO2xPO4_5x5a.dat.00,0.18
1.2,0.6,0.0109199941035608,Kellwasser,1.0,0.5,18.18,176.83193436823785,Devon370Ma_050xRemin_1xpCO2.pO2xPO4_5x5a.dat.41,0.0
1.1,0.6,0.0104288073984751,Kellwasser,1.0,0.5,18.18,163.07388432323933,Devon370Ma_050xRemin_1xpCO2.pO2xPO4_5x5a.dat.31,0.0
1.0,0.6,0.0111156956521334,Kellwasser,1.0,0.5,18.18,149.80236301198602,Devon370Ma_050xRemin_1xpCO2.pO2xPO4_5x5a.dat.21,0.0
0.9,0.6,0.0125626214412411,Kellwasser,1.0,0.5,18.18,137.18195259571075,Devon370Ma_050xRemin_1xpCO2.pO2xPO4_5x5a.dat.11,0.46
0.8,0.6,0.0160475132576011,Kellwasser,1.0,0.5,18.18,125.66665827762336,Devon370Ma_050xRemin_1xpCO2.pO2xPO4_5x5a.dat.01,0.92
1.2,0.7,0.0102953726321469,Kellwasser,1.0,0.5,18.18,204.4309803750366,Devon370Ma_050xRemin_1xpCO2.pO2xPO4_5x5a.dat.42,0.0
1.1,0.7,0.0113021863570251,Kellwasser,1.0,0.5,18.18,190.52713469136503,Devon370Ma_050xRemin_1xpCO2.pO2xPO4_5x5a.dat.32,0.28
1.0,0.7,0.0132259731378934,Kellwasser,1.0,0.5,18.18,177.07073129713535,Devon370Ma_050xRemin_1xpCO2.pO2xPO4_5x5a.dat.22,0.55
0.9,0.7,0.0162839303021907,Kellwasser,1.0,0.5,18.18,164.09906675107777,Devon370Ma_050xRemin_1xpCO2.pO2xPO4_5x5a.dat.12,1.1
0.8,0.7,0.1606189404820946,Kellwasser,1.0,0.5,18.18,151.75256703514606,Devon370Ma_050xRemin_1xpCO2.pO2xPO4_5x5a.dat.02,1.47
1.2,0.8,0.0120002181012883,Kellwasser,1.0,0.5,18.18,232.0639614481479,Devon370Ma_050xRemin_1xpCO2.pO2xPO4_5x5a.dat.43,0.46
1.1,0.8,0.0127664977735248,Kellwasser,1.0,0.5,18.18,218.08102610521016,Devon370Ma_050xRemin_1xpCO2.pO2xPO4_5x5a.dat.33,0.55
1.0,0.8,0.0165116402838823,Kellwasser,1.0,0.5,18.18,204.4996072072536,Devon370Ma_050xRemin_1xpCO2.pO2xPO4_5x5a.dat.23,1.1
0.9,0.8,0.1830853501664693,Kellwasser,1.0,0.5,18.18,191.33284513372928,Devon370Ma_050xRemin_1xpCO2.pO2xPO4_5x5a.dat.13,1.47
0.8,0.8,0.4583818692146663,Kellwasser,1.0,0.5,18.18,178.64935216493905,Devon370Ma_050xRemin_1xpCO2.pO2xPO4_5x5a.dat.03,2.48
1.2,0.9,0.0135684571069502,Kellwasser,1.0,0.5,18.18,259.7358834464103,Devon370Ma_050xRemin_1xpCO2.pO2xPO4_5x5a.dat.44,0.73
1.1,0.9,0.0428057470994744,Kellwasser,1.0,0.5,18.18,245.6922666169703,Devon370Ma_050xRemin_1xpCO2.pO2xPO4_5x5a.dat.34,1.19
1.0,0.9,0.2136141461921377,Kellwasser,1.0,0.5,18.18,232.0020430488512,Devon370Ma_050xRemin_1xpCO2.pO2xPO4_5x5a.dat.24,1.38
0.9,0.9,0.4825870952079232,Kellwasser,1.0,0.5,18.18,218.73123478144407,Devon370Ma_050xRemin_1xpCO2.pO2xPO4_5x5a.dat.14,2.48
0.8,0.9,0.6524921553038747,Kellwasser,1.0,0.5,18.18,205.85881429724395,Devon370Ma_050xRemin_1xpCO2.pO2xPO4_5x5a.dat.04,3.21
1.2,1.0,0.3720155808194959,Background,1.0,0.5,18.18,95.15988494968042,Devon370Ma_050xRemin_1xpCO2.pO2xPO4_5x5b.dat.40,1.19
1.1,1.0,0.005178840267694,Background,1.0,0.5,18.18,89.61083949543536,Devon370Ma_050xRemin_1xpCO2.pO2xPO4_5x5b.dat.30,1.47
1.0,1.0,0.1210733985438249,Background,1.0,0.5,18.18,84.89287574775517,Devon370Ma_050xRemin_1xpCO2.pO2xPO4_5x5b.dat.20,2.48
0.9,1.0,0.0949142785155137,Background,1.0,0.5,18.18,80.84876753855497,Devon370Ma_050xRemin_1xpCO2.pO2xPO4_5x5b.dat.10,3.03
0.8,1.0,0.0745260823219287,Background,1.0,0.5,18.18,77.31209916528314,Devon370Ma_050xRemin_1xpCO2.pO2xPO4_5x5b.dat.00,5.32
1.2,1.1,0.0065611531692729,Background,1.0,0.5,18.18,116.42662138910964,Devon370Ma_050xRemin_1xpCO2.pO2xPO4_5x5b.dat.41,1.47
1.1,1.1,0.0795748527587993,Background,1.0,0.5,18.18,109.43933739326894,Devon370Ma_050xRemin_1xpCO2.pO2xPO4_5x5b.dat.31,2.48
1.0,1.1,0.0913641771169516,Background,1.0,0.5,18.18,103.68508083047344,Devon370Ma_050xRemin_1xpCO2.pO2xPO4_5x5b.dat.21,2.75
0.9,1.1,0.0688025866991409,Background,1.0,0.5,18.18,98.78275886876509,Devon370Ma_050xRemin_1xpCO2.pO2xPO4_5x5b.dat.11,4.95
0.8,1.1,0.0551967346097244,Background,1.0,0.5,18.18,94.47151387576014,Devon370Ma_050xRemin_1xpCO2.pO2xPO4_5x5b.dat.01,8.26
1.2,1.2,0.0790100644322154,Background,1.0,0.5,18.18,140.43225382920355,Devon370Ma_050xRemin_1xpCO2.pO2xPO4_5x5b.dat.42,2.02
1.1,1.2,0.0914199488364819,Background,1.0,0.5,18.18,131.1238156631589,Devon370Ma_050xRemin_1xpCO2.pO2xPO4_5x5b.dat.32,2.66
1.0,1.2,0.0700234157116706,Background,1.0,0.5,18.18,123.97857790347187,Devon370Ma_050xRemin_1xpCO2.pO2xPO4_5x5b.dat.22,4.4
0.9,1.2,0.0540182966668291,Background,1.0,0.5,18.18,118.04466339526698,Devon370Ma_050xRemin_1xpCO2.pO2xPO4_5x5b.dat.12,5.78
0.8,1.2,0.0464453142891721,Background,1.0,0.5,18.18,112.95962030999362,Devon370Ma_050xRemin_1xpCO2.pO2xPO4_5x5b.dat.02,15.14
1.2,1.3,0.086403324992157,Background,1.0,0.5,18.18,166.57132073305547,Devon370Ma_050xRemin_1xpCO2.pO2xPO4_5x5b.dat.43,2.66
1.1,1.3,0.0636097527560534,Background,1.0,0.5,18.18,155.43783956672996,Devon370Ma_050xRemin_1xpCO2.pO2xPO4_5x5b.dat.33,4.04
1.0,1.3,0.0501074588494653,Background,1.0,0.5,18.18,146.08883066102862,Devon370Ma_050xRemin_1xpCO2.pO2xPO4_5x5b.dat.23,5.32
0.9,1.3,0.0427366692215151,Background,1.0,0.5,18.18,138.77201126888394,Devon370Ma_050xRemin_1xpCO2.pO2xPO4_5x5b.dat.13,9.17
0.8,1.3,0.0384818078917724,Background,1.0,0.5,18.18,132.683664560318,Devon370Ma_050xRemin_1xpCO2.pO2xPO4_5x5b.dat.03,22.66
1.2,1.4,0.0613501322181747,Background,1.0,0.5,18.18,193.45605687703937,Devon370Ma_050xRemin_1xpCO2.pO2xPO4_5x5b.dat.44,3.76
1.1,1.4,0.0466492501167194,Background,1.0,0.5,18.18,181.6488365875557,Devon370Ma_050xRemin_1xpCO2.pO2xPO4_5x5b.dat.34,5.14
1.0,1.4,0.0389492630397502,Background,1.0,0.5,18.18,170.70001922547817,Devon370Ma_050xRemin_1xpCO2.pO2xPO4_5x5b.dat.24,6.51
0.9,1.4,0.0379059453865646,Background,1.0,0.5,18.18,161.3502827240154,Devon370Ma_050xRemin_1xpCO2.pO2xPO4_5x5b.dat.14,15.14
0.8,1.4,0.029771075107662,Background,1.0,0.5,18.18,153.85322330985218,Devon370Ma_050xRemin_1xpCO2.pO2xPO4_5x5b.dat.04,28.99
1.2,1.0,0.0470746281156235,Kellwasser,1.0,0.5,18.18,95.15988494968042,Devon370Ma_050xRemin_1xpCO2.pO2xPO4_5x5b.dat.40,1.19
1.1,1.0,0.2342342938498263,Kellwasser,1.0,0.5,18.18,89.61083949543536,Devon370Ma_050xRemin_1xpCO2.pO2xPO4_5x5b.dat.30,1.47
1.0,1.0,0.5115950836966588,Kellwasser,1.0,0.5,18.18,84.89287574775517,Devon370Ma_050xRemin_1xpCO2.pO2xPO4_5x5b.dat.20,2.48
0.9,1.0,0.6712186312736985,Kellwasser,1.0,0.5,18.18,80.84876753855497,Devon370Ma_050xRemin_1xpCO2.pO2xPO4_5x5b.dat.10,3.03
0.8,1.0,0.6428601076221634,Kellwasser,1.0,0.5,18.18,77.31209916528314,Devon370Ma_050xRemin_1xpCO2.pO2xPO4_5x5b.dat.00,5.32
1.2,1.1,0.2539978316277989,Kellwasser,1.0,0.5,18.18,116.42662138910964,Devon370Ma_050xRemin_1xpCO2.pO2xPO4_5x5b.dat.41,1.47
1.1,1.1,0.4864578431810749,Kellwasser,1.0,0.5,18.18,109.43933739326894,Devon370Ma_050xRemin_1xpCO2.pO2xPO4_5x5b.dat.31,2.48
1.0,1.1,0.6995804227804692,Kellwasser,1.0,0.5,18.18,103.68508083047344,Devon370Ma_050xRemin_1xpCO2.pO2xPO4_5x5b.dat.21,2.75
0.9,1.1,0.6588607094476091,Kellwasser,1.0,0.5,18.18,98.78275886876509,Devon370Ma_050xRemin_1xpCO2.pO2xPO4_5x5b.dat.11,4.95
0.8,1.1,0.5121404925926122,Kellwasser,1.0,0.5,18.18,94.47151387576014,Devon370Ma_050xRemin_1xpCO2.pO2xPO4_5x5b.dat.01,8.26
1.2,1.2,0.5127504010821511,Kellwasser,1.0,0.5,18.18,140.43225382920355,Devon370Ma_050xRemin_1xpCO2.pO2xPO4_5x5b.dat.42,2.02
1.1,1.2,0.7285729768174144,Kellwasser,1.0,0.5,18.18,131.1238156631589,Devon370Ma_050xRemin_1xpCO2.pO2xPO4_5x5b.dat.32,2.66
1.0,1.2,0.6679838576582415,Kellwasser,1.0,0.5,18.18,123.97857790347187,Devon370Ma_050xRemin_1xpCO2.pO2xPO4_5x5b.dat.22,4.4
0.9,1.2,0.5039820133838198,Kellwasser,1.0,0.5,18.18,118.04466339526698,Devon370Ma_050xRemin_1xpCO2.pO2xPO4_5x5b.dat.12,5.78
0.8,1.2,0.2873390884650736,Kellwasser,1.0,0.5,18.18,112.95962030999362,Devon370Ma_050xRemin_1xpCO2.pO2xPO4_5x5b.dat.02,15.14
1.2,1.3,0.7523746949630669,Kellwasser,1.0,0.5,18.18,166.57132073305547,Devon370Ma_050xRemin_1xpCO2.pO2xPO4_5x5b.dat.43,2.66
1.1,1.3,0.663361675550425,Kellwasser,1.0,0.5,18.18,155.43783956672996,Devon370Ma_050xRemin_1xpCO2.pO2xPO4_5x5b.dat.33,4.04
1.0,1.3,0.504734813996393,Kellwasser,1.0,0.5,18.18,146.08883066102862,Devon370Ma_050xRemin_1xpCO2.pO2xPO4_5x5b.dat.23,5.32
0.9,1.3,0.2970004970816384,Kellwasser,1.0,0.5,18.18,138.77201126888394,Devon370Ma_050xRemin_1xpCO2.pO2xPO4_5x5b.dat.13,9.17
0.8,1.3,0.181349199374627,Kellwasser,1.0,0.5,18.18,132.683664560318,Devon370Ma_050xRemin_1xpCO2.pO2xPO4_5x5b.dat.03,22.66
1.2,1.4,0.674309811507022,Kellwasser,1.0,0.5,18.18,193.45605687703937,Devon370Ma_050xRemin_1xpCO2.pO2xPO4_5x5b.dat.44,3.76
1.1,1.4,0.4852366663177239,Kellwasser,1.0,0.5,18.18,181.6488365875557,Devon370Ma_050xRemin_1xpCO2.pO2xPO4_5x5b.dat.34,5.14
1.0,1.4,0.3480955035728926,Kellwasser,1.0,0.5,18.18,170.70001922547817,Devon370Ma_050xRemin_1xpCO2.pO2xPO4_5x5b.dat.24,6.51
0.9,1.4,0.174695410809979,Kellwasser,1.0,0.5,18.18,161.3502827240154,Devon370Ma_050xRemin_1xpCO2.pO2xPO4_5x5b.dat.14,15.14
0.8,1.4,0.127752537804145,Kellwasser,1.0,0.5,18.18,153.85322330985218,Devon370Ma_050xRemin_1xpCO2.pO2xPO4_5x5b.dat.04,28.99
1.2,1.5,0.0427484571874509,Background,1.0,0.5,18.18,74.15882282657549,Devon370Ma_050xRemin_1xpCO2.pO2xPO4_5x5c.dat.40,4.77
1.1,1.5,0.0348760338123541,Background,1.0,0.5,18.18,71.35547639336437,Devon370Ma_050xRemin_1xpCO2.pO2xPO4_5x5c.dat.30,5.5
1.0,1.5,0.0332380369737159,Background,1.0,0.5,18.18,68.86844494147226,Devon370Ma_050xRemin_1xpCO2.pO2xPO4_5x5c.dat.20,9.82
0.9,1.5,0.0291417612942582,Background,1.0,0.5,18.18,66.5276893414557,Devon370Ma_050xRemin_1xpCO2.pO2xPO4_5x5c.dat.10,21.56
0.8,1.5,0.019778294865343,Background,1.0,0.5,18.18,64.47481428040192,Devon370Ma_050xRemin_1xpCO2.pO2xPO4_5x5c.dat.00,33.49
1.2,1.6,0.0323877731202385,Background,1.0,0.5,18.18,90.74696572497488,Devon370Ma_050xRemin_1xpCO2.pO2xPO4_5x5c.dat.41,5.32
1.1,1.6,0.0307666716692203,Background,1.0,0.5,18.18,87.4126490089111,Devon370Ma_050xRemin_1xpCO2.pO2xPO4_5x5c.dat.31,6.61
1.0,1.6,0.0276782087422794,Background,1.0,0.5,18.18,84.43032129434869,Devon370Ma_050xRemin_1xpCO2.pO2xPO4_5x5c.dat.21,14.86
0.9,1.6,0.0220683749354533,Background,1.0,0.5,18.18,81.7276886664331,Devon370Ma_050xRemin_1xpCO2.pO2xPO4_5x5c.dat.11,27.61
0.8,1.6,0.0149482186665181,Background,1.0,0.5,18.18,79.32083826744929,Devon370Ma_050xRemin_1xpCO2.pO2xPO4_5x5c.dat.01,36.97
1.2,1.7,0.0261735826868531,Background,1.0,0.5,18.18,108.51944534806536,Devon370Ma_050xRemin_1xpCO2.pO2xPO4_5x5c.dat.42,6.06
1.1,1.7,0.0264045678933103,Background,1.0,0.5,18.18,104.54254515934736,Devon370Ma_050xRemin_1xpCO2.pO2xPO4_5x5c.dat.32,9.54
1.0,1.7,0.020951708942403,Background,1.0,0.5,18.18,101.07312846230344,Devon370Ma_050xRemin_1xpCO2.pO2xPO4_5x5c.dat.22,20.46
0.9,1.7,0.0148153919700014,Background,1.0,0.5,18.18,97.93657955015078,Devon370Ma_050xRemin_1xpCO2.pO2xPO4_5x5c.dat.12,31.47
0.8,1.7,0.0107289883435422,Background,1.0,0.5,18.18,95.1015026657842,Devon370Ma_050xRemin_1xpCO2.pO2xPO4_5x5c.dat.02,42.84
1.2,1.8,0.0222288482807164,Background,1.0,0.5,18.18,127.4797978112474,Devon370Ma_050xRemin_1xpCO2.pO2xPO4_5x5c.dat.43,6.61
1.1,1.8,0.0193792179709768,Background,1.0,0.5,18.18,122.87904974073172,Devon370Ma_050xRemin_1xpCO2.pO2xPO4_5x5c.dat.33,14.04
1.0,1.8,0.0154815928973658,Background,1.0,0.5,18.18,118.78387158503756,Devon370Ma_050xRemin_1xpCO2.pO2xPO4_5x5c.dat.23,25.14
0.9,1.8,0.0103817711356286,Background,1.0,0.5,18.18,115.1013348135166,Devon370Ma_050xRemin_1xpCO2.pO2xPO4_5x5c.dat.13,34.68
0.8,1.8,0.0040252934332066,Background,1.0,0.5,18.18,111.84769391547889,Devon370Ma_050xRemin_1xpCO2.pO2xPO4_5x5c.dat.03,45.41
1.2,1.9,0.0180808782849342,Background,1.0,0.5,18.18,147.65365631319582,Devon370Ma_050xRemin_1xpCO2.pO2xPO4_5x5c.dat.44,8.99
1.1,1.9,0.0147281329584174,Background,1.0,0.5,18.18,142.2919740434736,Devon370Ma_050xRemin_1xpCO2.pO2xPO4_5x5c.dat.34,17.98
1.0,1.9,0.0110680693669517,Background,1.0,0.5,18.18,137.60320143774152,Devon370Ma_050xRemin_1xpCO2.pO2xPO4_5x5c.dat.24,29.54
0.9,1.9,0.006966994223999,Background,1.0,0.5,18.18,133.38844291865826,Devon370Ma_050xRemin_1xpCO2.pO2xPO4_5x5c.dat.14,37.71
0.8,1.9,0.0012705349054557,Background,1.0,0.5,18.18,129.59515152033418,Devon370Ma_050xRemin_1xpCO2.pO2xPO4_5x5c.dat.04,48.72
1.2,1.5,0.460949806789761,Kellwasser,1.0,0.5,18.18,74.15882282657549,Devon370Ma_050xRemin_1xpCO2.pO2xPO4_5x5c.dat.40,4.77
1.1,1.5,0.3472370264674205,Kellwasser,1.0,0.5,18.18,71.35547639336437,Devon370Ma_050xRemin_1xpCO2.pO2xPO4_5x5c.dat.30,5.5
1.0,1.5,0.1884808979049894,Kellwasser,1.0,0.5,18.18,68.86844494147226,Devon370Ma_050xRemin_1xpCO2.pO2xPO4_5x5c.dat.20,9.82
0.9,1.5,0.1254708261132041,Kellwasser,1.0,0.5,18.18,66.5276893414557,Devon370Ma_050xRemin_1xpCO2.pO2xPO4_5x5c.dat.10,21.56
0.8,1.5,0.0897154991172826,Kellwasser,1.0,0.5,18.18,64.47481428040192,Devon370Ma_050xRemin_1xpCO2.pO2xPO4_5x5c.dat.00,33.49
1.2,1.6,0.3256952598944208,Kellwasser,1.0,0.5,18.18,90.74696572497488,Devon370Ma_050xRemin_1xpCO2.pO2xPO4_5x5c.dat.41,5.32
1.1,1.6,0.1877507632313054,Kellwasser,1.0,0.5,18.18,87.4126490089111,Devon370Ma_050xRemin_1xpCO2.pO2xPO4_5x5c.dat.31,6.61
1.0,1.6,0.116073782270672,Kellwasser,1.0,0.5,18.18,84.43032129434869,Devon370Ma_050xRemin_1xpCO2.pO2xPO4_5x5c.dat.21,14.86
0.9,1.6,0.0889323500829156,Kellwasser,1.0,0.5,18.18,81.7276886664331,Devon370Ma_050xRemin_1xpCO2.pO2xPO4_5x5c.dat.11,27.61
0.8,1.6,0.064734578463912,Kellwasser,1.0,0.5,18.18,79.32083826744929,Devon370Ma_050xRemin_1xpCO2.pO2xPO4_5x5c.dat.01,36.97
1.2,1.7,0.2140207368724482,Kellwasser,1.0,0.5,18.18,108.51944534806536,Devon370Ma_050xRemin_1xpCO2.pO2xPO4_5x5c.dat.42,6.06
1.1,1.7,0.1039020152758775,Kellwasser,1.0,0.5,18.18,104.54254515934736,Devon370Ma_050xRemin_1xpCO2.pO2xPO4_5x5c.dat.32,9.54
1.0,1.7,0.083249934592357,Kellwasser,1.0,0.5,18.18,101.07312846230344,Devon370Ma_050xRemin_1xpCO2.pO2xPO4_5x5c.dat.22,20.46
0.9,1.7,0.0617148341074374,Kellwasser,1.0,0.5,18.18,97.93657955015078,Devon370Ma_050xRemin_1xpCO2.pO2xPO4_5x5c.dat.12,31.47
0.8,1.7,0.0460863941447436,Kellwasser,1.0,0.5,18.18,95.1015026657842,Devon370Ma_050xRemin_1xpCO2.pO2xPO4_5x5c.dat.02,42.84
1.2,1.8,0.1135146018726434,Kellwasser,1.0,0.5,18.18,127.4797978112474,Devon370Ma_050xRemin_1xpCO2.pO2xPO4_5x5c.dat.43,6.61
1.1,1.8,0.0749619957694057,Kellwasser,1.0,0.5,18.18,122.87904974073172,Devon370Ma_050xRemin_1xpCO2.pO2xPO4_5x5c.dat.33,14.04
1.0,1.8,0.0581219545677293,Kellwasser,1.0,0.5,18.18,118.78387158503756,Devon370Ma_050xRemin_1xpCO2.pO2xPO4_5x5c.dat.23,25.14
0.9,1.8,0.0433044259658597,Kellwasser,1.0,0.5,18.18,115.1013348135166,Devon370Ma_050xRemin_1xpCO2.pO2xPO4_5x5c.dat.13,34.68
0.8,1.8,0.0252141415401522,Kellwasser,1.0,0.5,18.18,111.84769391547889,Devon370Ma_050xRemin_1xpCO2.pO2xPO4_5x5c.dat.03,45.41
1.2,1.9,0.0652165285031645,Kellwasser,1.0,0.5,18.18,147.65365631319582,Devon370Ma_050xRemin_1xpCO2.pO2xPO4_5x5c.dat.44,8.99
1.1,1.9,0.053535090667795,Kellwasser,1.0,0.5,18.18,142.2919740434736,Devon370Ma_050xRemin_1xpCO2.pO2xPO4_5x5c.dat.34,17.98
1.0,1.9,0.0417161294638999,Kellwasser,1.0,0.5,18.18,137.60320143774152,Devon370Ma_050xRemin_1xpCO2.pO2xPO4_5x5c.dat.24,29.54
0.9,1.9,0.0292772450708653,Kellwasser,1.0,0.5,18.18,133.38844291865826,Devon370Ma_050xRemin_1xpCO2.pO2xPO4_5x5c.dat.14,37.71
0.8,1.9,0.0039822458812122,Kellwasser,1.0,0.5,18.18,129.59515152033418,Devon370Ma_050xRemin_1xpCO2.pO2xPO4_5x5c.dat.04,48.72
0.7,0.5,0.1805474590495283,Background,1.0,0.5,18.18,28.380580261000432,Devon370Ma_050xRemin_1xpCO2.pO2xPO4_5x5d.dat.40,0.83
0.6,0.5,0.020136383308809,Background,1.0,0.5,18.18,24.80267903592903,Devon370Ma_050xRemin_1xpCO2.pO2xPO4_5x5d.dat.30,1.38
0.5,0.5,0.166534905608873,Background,1.0,0.5,18.18,21.99063055741135,Devon370Ma_050xRemin_1xpCO2.pO2xPO4_5x5d.dat.20,2.48
0.4,0.5,0.1119752887316765,Background,1.0,0.5,18.18,19.70223820535466,Devon370Ma_050xRemin_1xpCO2.pO2xPO4_5x5d.dat.10,7.52
0.3,0.5,0.0604436285666784,Background,1.0,0.5,18.18,17.775122614693828,Devon370Ma_050xRemin_1xpCO2.pO2xPO4_5x5d.dat.00,36.79
0.7,0.6,0.0079048789790598,Background,1.0,0.5,18.18,46.50648406823166,Devon370Ma_050xRemin_1xpCO2.pO2xPO4_5x5d.dat.41,1.47
0.6,0.6,0.1586102754929826,Background,1.0,0.5,18.18,40.95215990673751,Devon370Ma_050xRemin_1xpCO2.pO2xPO4_5x5d.dat.31,2.48
0.5,0.6,0.1084247670062922,Background,1.0,0.5,18.18,36.80420923046768,Devon370Ma_050xRemin_1xpCO2.pO2xPO4_5x5d.dat.21,4.86
0.4,0.6,0.073587265394708,Background,1.0,0.5,18.18,33.460979466326535,Devon370Ma_050xRemin_1xpCO2.pO2xPO4_5x5d.dat.11,26.42
0.3,0.6,0.0307343838477954,Background,1.0,0.5,18.18,30.6625479424838,Devon370Ma_050xRemin_1xpCO2.pO2xPO4_5x5d.dat.01,52.29
0.7,0.7,0.1470227986878048,Background,1.0,0.5,18.18,68.72935773571953,Devon370Ma_050xRemin_1xpCO2.pO2xPO4_5x5d.dat.42,2.48
0.6,0.7,0.110894936523928,Background,1.0,0.5,18.18,60.02521695336327,Devon370Ma_050xRemin_1xpCO2.pO2xPO4_5x5d.dat.32,4.22
0.5,0.7,0.0774606891094433,Background,1.0,0.5,18.18,54.02154420153238,Devon370Ma_050xRemin_1xpCO2.pO2xPO4_5x5d.dat.22,14.95
0.4,0.7,0.0500910715731429,Background,1.0,0.5,18.18,49.35094329994172,Devon370Ma_050xRemin_1xpCO2.pO2xPO4_5x5d.dat.12,37.71
0.3,0.7,0.0250413296979068,Background,1.0,0.5,18.18,45.60360321193002,Devon370Ma_050xRemin_1xpCO2.pO2xPO4_5x5d.dat.02,62.94
0.7,0.8,0.1044939564811315,Background,1.0,0.5,18.18,94.84904876444487,Devon370Ma_050xRemin_1xpCO2.pO2xPO4_5x5d.dat.43,3.94
0.6,0.8,0.0795372054389106,Background,1.0,0.5,18.18,82.6752875582315,Devon370Ma_050xRemin_1xpCO2.pO2xPO4_5x5d.dat.33,8.62
0.5,0.8,0.0591034569702551,Background,1.0,0.5,18.18,73.78806185442954,Devon370Ma_050xRemin_1xpCO2.pO2xPO4_5x5d.dat.23,29.36
0.4,0.8,0.032346586251366,Background,1.0,0.5,18.18,67.44072015862912,Devon370Ma_050xRemin_1xpCO2.pO2xPO4_5x5d.dat.13,49.27
0.3,0.8,0.0183991461892428,Background,1.0,0.5,18.18,62.4111489742063,Devon370Ma_050xRemin_1xpCO2.pO2xPO4_5x5d.dat.03,69.08
0.7,0.9,0.0776268871397991,Background,1.0,0.5,18.18,121.93778820801526,Devon370Ma_050xRemin_1xpCO2.pO2xPO4_5x5d.dat.44,5.87
0.6,0.9,0.0616510921775247,Background,1.0,0.5,18.18,108.73579594772308,Devon370Ma_050xRemin_1xpCO2.pO2xPO4_5x5d.dat.34,20.64
0.5,0.9,0.0425553567798204,Background,1.0,0.5,18.18,96.80701623437926,Devon370Ma_050xRemin_1xpCO2.pO2xPO4_5x5d.dat.24,37.52
0.4,0.9,0.0184091711177267,Background,1.0,0.5,18.18,87.77233597356826,Devon370Ma_050xRemin_1xpCO2.pO2xPO4_5x5d.dat.14,57.52
0.3,0.9,0.0103187127889809,Background,1.0,0.5,18.18,81.17195102386177,Devon370Ma_050xRemin_1xpCO2.pO2xPO4_5x5d.dat.04,74.04
0.7,0.5,0.0134779991233992,Kellwasser,1.0,0.5,18.18,28.380580261000432,Devon370Ma_050xRemin_1xpCO2.pO2xPO4_5x5d.dat.40,0.83
0.6,0.5,0.1240198614862093,Kellwasser,1.0,0.5,18.18,24.80267903592903,Devon370Ma_050xRemin_1xpCO2.pO2xPO4_5x5d.dat.30,1.38
0.5,0.5,0.4015775331874762,Kellwasser,1.0,0.5,18.18,21.99063055741135,Devon370Ma_050xRemin_1xpCO2.pO2xPO4_5x5d.dat.20,2.48
0.4,0.5,0.5874789193202627,Kellwasser,1.0,0.5,18.18,19.70223820535466,Devon370Ma_050xRemin_1xpCO2.pO2xPO4_5x5d.dat.10,7.52
0.3,0.5,0.3244034379513921,Kellwasser,1.0,0.5,18.18,17.775122614693828,Devon370Ma_050xRemin_1xpCO2.pO2xPO4_5x5d.dat.00,36.79
0.7,0.6,0.1402224273623098,Kellwasser,1.0,0.5,18.18,46.50648406823166,Devon370Ma_050xRemin_1xpCO2.pO2xPO4_5x5d.dat.41,1.47
0.6,0.6,0.413693025095745,Kellwasser,1.0,0.5,18.18,40.95215990673751,Devon370Ma_050xRemin_1xpCO2.pO2xPO4_5x5d.dat.31,2.48
0.5,0.6,0.6034719830697407,Kellwasser,1.0,0.5,18.18,36.80420923046768,Devon370Ma_050xRemin_1xpCO2.pO2xPO4_5x5d.dat.21,4.86
0.4,0.6,0.3981032198359769,Kellwasser,1.0,0.5,18.18,33.460979466326535,Devon370Ma_050xRemin_1xpCO2.pO2xPO4_5x5d.dat.11,26.42
0.3,0.6,0.1786230287281574,Kellwasser,1.0,0.5,18.18,30.6625479424838,Devon370Ma_050xRemin_1xpCO2.pO2xPO4_5x5d.dat.01,52.29
0.7,0.7,0.4363868849430024,Kellwasser,1.0,0.5,18.18,68.72935773571953,Devon370Ma_050xRemin_1xpCO2.pO2xPO4_5x5d.dat.42,2.48
0.6,0.7,0.6147082661164139,Kellwasser,1.0,0.5,18.18,60.02521695336327,Devon370Ma_050xRemin_1xpCO2.pO2xPO4_5x5d.dat.32,4.22
0.5,0.7,0.4971755432360978,Kellwasser,1.0,0.5,18.18,54.02154420153238,Devon370Ma_050xRemin_1xpCO2.pO2xPO4_5x5d.dat.22,14.95
0.4,0.7,0.2751846520878784,Kellwasser,1.0,0.5,18.18,49.35094329994172,Devon370Ma_050xRemin_1xpCO2.pO2xPO4_5x5d.dat.12,37.71
0.3,0.7,0.071911240967398,Kellwasser,1.0,0.5,18.18,45.60360321193002,Devon370Ma_050xRemin_1xpCO2.pO2xPO4_5x5d.dat.02,62.94
0.7,0.8,0.6339661430112302,Kellwasser,1.0,0.5,18.18,94.84904876444487,Devon370Ma_050xRemin_1xpCO2.pO2xPO4_5x5d.dat.43,3.94
0.6,0.8,0.6024205557873294,Kellwasser,1.0,0.5,18.18,82.6752875582315,Devon370Ma_050xRemin_1xpCO2.pO2xPO4_5x5d.dat.33,8.62
0.5,0.8,0.3148680254545055,Kellwasser,1.0,0.5,18.18,73.78806185442954,Devon370Ma_050xRemin_1xpCO2.pO2xPO4_5x5d.dat.23,29.36
0.4,0.8,0.1596447599608833,Kellwasser,1.0,0.5,18.18,67.44072015862912,Devon370Ma_050xRemin_1xpCO2.pO2xPO4_5x5d.dat.13,49.27
0.3,0.8,0.045123303789296,Kellwasser,1.0,0.5,18.18,62.4111489742063,Devon370Ma_050xRemin_1xpCO2.pO2xPO4_5x5d.dat.03,69.08
0.7,0.9,0.6344593416021138,Kellwasser,1.0,0.5,18.18,121.93778820801526,Devon370Ma_050xRemin_1xpCO2.pO2xPO4_5x5d.dat.44,5.87
0.6,0.9,0.3647095225055887,Kellwasser,1.0,0.5,18.18,108.73579594772308,Devon370Ma_050xRemin_1xpCO2.pO2xPO4_5x5d.dat.34,20.64
0.5,0.9,0.222367249210757,Kellwasser,1.0,0.5,18.18,96.80701623437926,Devon370Ma_050xRemin_1xpCO2.pO2xPO4_5x5d.dat.24,37.52
0.4,0.9,0.0976386735180271,Kellwasser,1.0,0.5,18.18,87.77233597356826,Devon370Ma_050xRemin_1xpCO2.pO2xPO4_5x5d.dat.14,57.52
0.3,0.9,0.0262242134828074,Kellwasser,1.0,0.5,18.18,81.17195102386177,Devon370Ma_050xRemin_1xpCO2.pO2xPO4_5x5d.dat.04,74.04
0.7,1.0,0.0586167755002295,Background,1.0,0.5,18.18,16.138827049871907,Devon370Ma_050xRemin_1xpCO2.pO2xPO4_5x5e.dat.40,13.58
0.6,1.0,0.0472838527198569,Background,1.0,0.5,18.18,14.69170911150286,Devon370Ma_050xRemin_1xpCO2.pO2xPO4_5x5e.dat.30,30.09
0.5,1.0,0.0329446991389873,Background,1.0,0.5,18.18,13.43658095720457,Devon370Ma_050xRemin_1xpCO2.pO2xPO4_5x5e.dat.20,46.42
0.4,1.0,0.0163249723796643,Background,1.0,0.5,18.18,12.376834092719946,Devon370Ma_050xRemin_1xpCO2.pO2xPO4_5x5e.dat.10,63.21
0.3,1.0,0.0071347124028112,Background,1.0,0.5,18.18,11.515306141518522,Devon370Ma_050xRemin_1xpCO2.pO2xPO4_5x5e.dat.00,78.53
0.7,1.1,0.0489437887436788,Background,1.0,0.5,18.18,28.32070640579332,Devon370Ma_050xRemin_1xpCO2.pO2xPO4_5x5e.dat.41,22.39
0.6,1.1,0.0349029134464025,Background,1.0,0.5,18.18,26.333334972150624,Devon370Ma_050xRemin_1xpCO2.pO2xPO4_5x5e.dat.31,36.33
0.5,1.1,0.0158197063957909,Background,1.0,0.5,18.18,24.521039449609816,Devon370Ma_050xRemin_1xpCO2.pO2xPO4_5x5e.dat.21,52.29
0.4,1.1,0.0117649748121394,Background,1.0,0.5,18.18,22.9788292926969,Devon370Ma_050xRemin_1xpCO2.pO2xPO4_5x5e.dat.11,67.52
0.3,1.1,0.004951376671232,Background,1.0,0.5,18.18,21.57021481252741,Devon370Ma_050xRemin_1xpCO2.pO2xPO4_5x5e.dat.01,82.57
0.7,1.2,0.0383148235747115,Background,1.0,0.5,18.18,42.43703733664006,Devon370Ma_050xRemin_1xpCO2.pO2xPO4_5x5e.dat.42,29.82
0.6,1.2,0.0273025426767151,Background,1.0,0.5,18.18,39.69704994233325,Devon370Ma_050xRemin_1xpCO2.pO2xPO4_5x5e.dat.32,44.4
0.5,1.2,0.0148328572228183,Background,1.0,0.5,18.18,37.31983815669082,Devon370Ma_050xRemin_1xpCO2.pO2xPO4_5x5e.dat.22,58.07
0.4,1.2,0.0061481344201383,Background,1.0,0.5,18.18,35.251006920589134,Devon370Ma_050xRemin_1xpCO2.pO2xPO4_5x5e.dat.12,70.28
0.3,1.2,0.0015243885857011,Background,1.0,0.5,18.18,33.42995478305966,Devon370Ma_050xRemin_1xpCO2.pO2xPO4_5x5e.dat.02,82.66
0.7,1.3,0.0267971944956311,Background,1.0,0.5,18.18,58.26640699524432,Devon370Ma_050xRemin_1xpCO2.pO2xPO4_5x5e.dat.43,34.95
0.6,1.3,0.0122525946883153,Background,1.0,0.5,18.18,54.75668876897544,Devon370Ma_050xRemin_1xpCO2.pO2xPO4_5x5e.dat.33,48.99
0.5,1.3,0.0094478923666741,Background,1.0,0.5,18.18,51.73406316316687,Devon370Ma_050xRemin_1xpCO2.pO2xPO4_5x5e.dat.23,61.38
0.4,1.3,0.0030493644951512,Background,1.0,0.5,18.18,49.05944661004469,Devon370Ma_050xRemin_1xpCO2.pO2xPO4_5x5e.dat.13,73.21
0.3,1.3,0.0001737465363986,Background,1.0,0.5,18.18,46.69310146709904,Devon370Ma_050xRemin_1xpCO2.pO2xPO4_5x5e.dat.03,87.61
0.7,1.4,0.0208242472703,Background,1.0,0.5,18.18,75.86237188661471,Devon370Ma_050xRemin_1xpCO2.pO2xPO4_5x5e.dat.44,41.38
0.6,1.4,0.0077505329692017,Background,1.0,0.5,18.18,71.39024819480255,Devon370Ma_050xRemin_1xpCO2.pO2xPO4_5x5e.dat.34,53.3
0.5,1.4,0.0058481243626011,Background,1.0,0.5,18.18,67.60087853763252,Devon370Ma_050xRemin_1xpCO2.pO2xPO4_5x5e.dat.24,65.41
0.4,1.4,0.0005659599322773,Background,1.0,0.5,18.18,64.2722297925502,Devon370Ma_050xRemin_1xpCO2.pO2xPO4_5x5e.dat.14,75.6
0.3,1.4,9.83287186715308e-05,Background,1.0,0.5,18.18,61.3631127635017,Devon370Ma_050xRemin_1xpCO2.pO2xPO4_5x5e.dat.04,89.91
0.7,1.0,0.4120328421486017,Kellwasser,1.0,0.5,18.18,16.138827049871907,Devon370Ma_050xRemin_1xpCO2.pO2xPO4_5x5e.dat.40,13.58
0.6,1.0,0.2460171882303214,Kellwasser,1.0,0.5,18.18,14.69170911150286,Devon370Ma_050xRemin_1xpCO2.pO2xPO4_5x5e.dat.30,30.09
0.5,1.0,0.1619528539013769,Kellwasser,1.0,0.5,18.18,13.43658095720457,Devon370Ma_050xRemin_1xpCO2.pO2xPO4_5x5e.dat.20,46.42
0.4,1.0,0.0357327168740507,Kellwasser,1.0,0.5,18.18,12.376834092719946,Devon370Ma_050xRemin_1xpCO2.pO2xPO4_5x5e.dat.10,63.21
0.3,1.0,0.016109888938602,Kellwasser,1.0,0.5,18.18,11.515306141518522,Devon370Ma_050xRemin_1xpCO2.pO2xPO4_5x5e.dat.00,78.53
0.7,1.1,0.2560698188644819,Kellwasser,1.0,0.5,18.18,28.32070640579332,Devon370Ma_050xRemin_1xpCO2.pO2xPO4_5x5e.dat.41,22.39
0.6,1.1,0.1731236202390444,Kellwasser,1.0,0.5,18.18,26.333334972150624,Devon370Ma_050xRemin_1xpCO2.pO2xPO4_5x5e.dat.31,36.33
0.5,1.1,0.0833470418398144,Kellwasser,1.0,0.5,18.18,24.521039449609816,Devon370Ma_050xRemin_1xpCO2.pO2xPO4_5x5e.dat.21,52.29
0.4,1.1,0.0227137551915114,Kellwasser,1.0,0.5,18.18,22.9788292926969,Devon370Ma_050xRemin_1xpCO2.pO2xPO4_5x5e.dat.11,67.52
0.3,1.1,0.0079765216617961,Kellwasser,1.0,0.5,18.18,21.57021481252741,Devon370Ma_050xRemin_1xpCO2.pO2xPO4_5x5e.dat.01,82.57
0.7,1.2,0.1749531526658428,Kellwasser,1.0,0.5,18.18,42.43703733664006,Devon370Ma_050xRemin_1xpCO2.pO2xPO4_5x5e.dat.42,29.82
0.6,1.2,0.1277965310325178,Kellwasser,1.0,0.5,18.18,39.69704994233325,Devon370Ma_050xRemin_1xpCO2.pO2xPO4_5x5e.dat.32,44.4
0.5,1.2,0.0292648907085988,Kellwasser,1.0,0.5,18.18,37.31983815669082,Devon370Ma_050xRemin_1xpCO2.pO2xPO4_5x5e.dat.22,58.07
0.4,1.2,0.0112647554197492,Kellwasser,1.0,0.5,18.18,35.251006920589134,Devon370Ma_050xRemin_1xpCO2.pO2xPO4_5x5e.dat.12,70.28
0.3,1.2,0.0033220931147495,Kellwasser,1.0,0.5,18.18,33.42995478305966,Devon370Ma_050xRemin_1xpCO2.pO2xPO4_5x5e.dat.02,82.66
0.7,1.3,0.1290032067970548,Kellwasser,1.0,0.5,18.18,58.26640699524432,Devon370Ma_050xRemin_1xpCO2.pO2xPO4_5x5e.dat.43,34.95
0.6,1.3,0.0656203929154205,Kellwasser,1.0,0.5,18.18,54.75668876897544,Devon370Ma_050xRemin_1xpCO2.pO2xPO4_5x5e.dat.33,48.99
0.5,1.3,0.0144340957283768,Kellwasser,1.0,0.5,18.18,51.73406316316687,Devon370Ma_050xRemin_1xpCO2.pO2xPO4_5x5e.dat.23,61.38
0.4,1.3,0.0061353623753865,Kellwasser,1.0,0.5,18.18,49.05944661004469,Devon370Ma_050xRemin_1xpCO2.pO2xPO4_5x5e.dat.13,73.21
0.3,1.3,0.0010475861458028,Kellwasser,1.0,0.5,18.18,46.69310146709904,Devon370Ma_050xRemin_1xpCO2.pO2xPO4_5x5e.dat.03,87.61
0.7,1.4,0.0938275487558014,Kellwasser,1.0,0.5,18.18,75.86237188661471,Devon370Ma_050xRemin_1xpCO2.pO2xPO4_5x5e.dat.44,41.38
0.6,1.4,0.0423900891138353,Kellwasser,1.0,0.5,18.18,71.39024819480255,Devon370Ma_050xRemin_1xpCO2.pO2xPO4_5x5e.dat.34,53.3
0.5,1.4,0.0083638820819023,Kellwasser,1.0,0.5,18.18,67.60087853763252,Devon370Ma_050xRemin_1xpCO2.pO2xPO4_5x5e.dat.24,65.41
0.4,1.4,0.0026271922962298,Kellwasser,1.0,0.5,18.18,64.2722297925502,Devon370Ma_050xRemin_1xpCO2.pO2xPO4_5x5e.dat.14,75.6
0.3,1.4,0.0006190996992778,Kellwasser,1.0,0.5,18.18,61.3631127635017,Devon370Ma_050xRemin_1xpCO2.pO2xPO4_5x5e.dat.04,89.91
0.7,1.5,0.013475500311315,Background,1.0,0.5,18.18,10.77764591173036,Devon370Ma_050xRemin_1xpCO2.pO2xPO4_5x5f.dat.40,46.06
0.6,1.5,0.0063318341116406,Background,1.0,0.5,18.18,10.140617632714566,Devon370Ma_050xRemin_1xpCO2.pO2xPO4_5x5f.dat.30,56.88
0.5,1.5,0.0009316749504028,Background,1.0,0.5,18.18,9.57286738412222,Devon370Ma_050xRemin_1xpCO2.pO2xPO4_5x5f.dat.20,67.71
0.4,1.5,0.0001441172278348,Background,1.0,0.5,18.18,9.06446439330466,Devon370Ma_050xRemin_1xpCO2.pO2xPO4_5x5f.dat.10,76.97
0.3,1.5,7.174108547209131e-05,Background,1.0,0.5,18.18,8.609657925262582,Devon370Ma_050xRemin_1xpCO2.pO2xPO4_5x5f.dat.00,90.0
0.7,1.6,0.0054410100070273,Background,1.0,0.5,18.18,20.325067453086376,Devon370Ma_050xRemin_1xpCO2.pO2xPO4_5x5f.dat.41,49.36
0.6,1.6,0.0027734537721766,Background,1.0,0.5,18.18,19.199136659153737,Devon370Ma_050xRemin_1xpCO2.pO2xPO4_5x5f.dat.31,59.72
0.5,1.6,0.0002144844853989,Background,1.0,0.5,18.18,18.14480492612347,Devon370Ma_050xRemin_1xpCO2.pO2xPO4_5x5f.dat.21,69.45
0.4,1.6,0.0001081147691712,Background,1.0,0.5,18.18,17.2117433976382,Devon370Ma_050xRemin_1xpCO2.pO2xPO4_5x5f.dat.11,81.19
0.3,1.6,6.147575553482014e-05,Background,1.0,0.5,18.18,16.348238204955123,Devon370Ma_050xRemin_1xpCO2.pO2xPO4_5x5f.dat.01,89.91
0.7,1.7,0.0044941100924042,Background,1.0,0.5,18.18,31.762327125761654,Devon370Ma_050xRemin_1xpCO2.pO2xPO4_5x5f.dat.42,52.75
0.6,1.7,0.0003850705433741,Background,1.0,0.5,18.18,30.28856190212537,Devon370Ma_050xRemin_1xpCO2.pO2xPO4_5x5f.dat.32,62.39
0.5,1.7,0.0001286626425759,Background,1.0,0.5,18.18,28.93196142395027,Devon370Ma_050xRemin_1xpCO2.pO2xPO4_5x5f.dat.22,71.01
0.4,1.7,9.86206357369579e-05,Background,1.0,0.5,18.18,27.71844265225809,Devon370Ma_050xRemin_1xpCO2.pO2xPO4_5x5f.dat.12,82.66
0.3,1.7,5.620446483502832e-05,Background,1.0,0.5,18.18,26.632125809555877,Devon370Ma_050xRemin_1xpCO2.pO2xPO4_5x5f.dat.02,90.0
0.7,1.8,0.0005198080838547,Background,1.0,0.5,18.18,44.60044874576852,Devon370Ma_050xRemin_1xpCO2.pO2xPO4_5x5f.dat.43,55.78
0.6,1.8,0.0001399184573687,Background,1.0,0.5,18.18,42.72867590771057,Devon370Ma_050xRemin_1xpCO2.pO2xPO4_5x5f.dat.33,64.86
0.5,1.8,0.0001135231323217,Background,1.0,0.5,18.18,41.01877129869536,Devon370Ma_050xRemin_1xpCO2.pO2xPO4_5x5f.dat.23,72.94
0.4,1.8,8.925911818496326e-05,Background,1.0,0.5,18.18,39.45437492802739,Devon370Ma_050xRemin_1xpCO2.pO2xPO4_5x5f.dat.13,83.49
0.3,1.8,5.167150948984375e-05,Background,1.0,0.5,18.18,38.10298221651465,Devon370Ma_050xRemin_1xpCO2.pO2xPO4_5x5f.dat.03,90.0
0.7,1.9,0.0001625825038558,Background,1.0,0.5,18.18,58.77629155293107,Devon370Ma_050xRemin_1xpCO2.pO2xPO4_5x5f.dat.44,58.07
0.6,1.9,0.0001196878773845,Background,1.0,0.5,18.18,56.41254028887488,Devon370Ma_050xRemin_1xpCO2.pO2xPO4_5x5f.dat.34,66.24
0.5,1.9,0.0001024973738224,Background,1.0,0.5,18.18,54.34215199784376,Devon370Ma_050xRemin_1xpCO2.pO2xPO4_5x5f.dat.24,74.5
0.4,1.9,8.266372055669277e-05,Background,1.0,0.5,18.18,52.46122236712836,Devon370Ma_050xRemin_1xpCO2.pO2xPO4_5x5f.dat.14,82.75
0.3,1.9,4.852583335158453e-05,Background,1.0,0.5,18.18,50.75076478533447,Devon370Ma_050xRemin_1xpCO2.pO2xPO4_5x5f.dat.04,89.91
0.7,1.5,0.0603908936605778,Kellwasser,1.0,0.5,18.18,10.77764591173036,Devon370Ma_050xRemin_1xpCO2.pO2xPO4_5x5f.dat.40,46.06
0.6,1.5,0.0089546747101483,Kellwasser,1.0,0.5,18.18,10.140617632714566,Devon370Ma_050xRemin_1xpCO2.pO2xPO4_5x5f.dat.30,56.88
0.5,1.5,0.0038896740192424,Kellwasser,1.0,0.5,18.18,9.57286738412222,Devon370Ma_050xRemin_1xpCO2.pO2xPO4_5x5f.dat.20,67.71
0.4,1.5,0.0008937905439728,Kellwasser,1.0,0.5,18.18,9.06446439330466,Devon370Ma_050xRemin_1xpCO2.pO2xPO4_5x5f.dat.10,76.97
0.3,1.5,0.0004251451157118,Kellwasser,1.0,0.5,18.18,8.609657925262582,Devon370Ma_050xRemin_1xpCO2.pO2xPO4_5x5f.dat.00,90.0
0.7,1.6,0.0301919492715733,Kellwasser,1.0,0.5,18.18,20.325067453086376,Devon370Ma_050xRemin_1xpCO2.pO2xPO4_5x5f.dat.41,49.36
0.6,1.6,0.0046002633880871,Kellwasser,1.0,0.5,18.18,19.199136659153737,Devon370Ma_050xRemin_1xpCO2.pO2xPO4_5x5f.dat.31,59.72
0.5,1.6,0.0013430265172058,Kellwasser,1.0,0.5,18.18,18.14480492612347,Devon370Ma_050xRemin_1xpCO2.pO2xPO4_5x5f.dat.21,69.45
0.4,1.6,0.0006585341927408,Kellwasser,1.0,0.5,18.18,17.2117433976382,Devon370Ma_050xRemin_1xpCO2.pO2xPO4_5x5f.dat.11,81.19
0.3,1.6,0.0003510752639382,Kellwasser,1.0,0.5,18.18,16.348238204955123,Devon370Ma_050xRemin_1xpCO2.pO2xPO4_5x5f.dat.01,89.91
0.7,1.7,0.0062984570206483,Kellwasser,1.0,0.5,18.18,31.762327125761654,Devon370Ma_050xRemin_1xpCO2.pO2xPO4_5x5f.dat.42,52.75
0.6,1.7,0.0017561329869054,Kellwasser,1.0,0.5,18.18,30.28856190212537,Devon370Ma_050xRemin_1xpCO2.pO2xPO4_5x5f.dat.32,62.39
0.5,1.7,0.0008100539070155,Kellwasser,1.0,0.5,18.18,28.93196142395027,Devon370Ma_050xRemin_1xpCO2.pO2xPO4_5x5f.dat.22,71.01
0.4,1.7,0.0005926939682869,Kellwasser,1.0,0.5,18.18,27.71844265225809,Devon370Ma_050xRemin_1xpCO2.pO2xPO4_5x5f.dat.12,82.66
0.3,1.7,0.0003130656328377,Kellwasser,1.0,0.5,18.18,26.632125809555877,Devon370Ma_050xRemin_1xpCO2.pO2xPO4_5x5f.dat.02,90.0
0.7,1.8,0.002136498836229,Kellwasser,1.0,0.5,18.18,44.60044874576852,Devon370Ma_050xRemin_1xpCO2.pO2xPO4_5x5f.dat.43,55.78
0.6,1.8,0.0008837414249867,Kellwasser,1.0,0.5,18.18,42.72867590771057,Devon370Ma_050xRemin_1xpCO2.pO2xPO4_5x5f.dat.33,64.86
0.5,1.8,0.0006995830123016,Kellwasser,1.0,0.5,18.18,41.01877129869536,Devon370Ma_050xRemin_1xpCO2.pO2xPO4_5x5f.dat.23,72.94
0.4,1.8,0.0005408590207937,Kellwasser,1.0,0.5,18.18,39.45437492802739,Devon370Ma_050xRemin_1xpCO2.pO2xPO4_5x5f.dat.13,83.49
0.3,1.8,0.0002810196857974,Kellwasser,1.0,0.5,18.18,38.10298221651465,Devon370Ma_050xRemin_1xpCO2.pO2xPO4_5x5f.dat.03,90.0
0.7,1.9,0.0009178771130588,Kellwasser,1.0,0.5,18.18,58.77629155293107,Devon370Ma_050xRemin_1xpCO2.pO2xPO4_5x5f.dat.44,58.07
0.6,1.9,0.0007400505082858,Kellwasser,1.0,0.5,18.18,56.41254028887488,Devon370Ma_050xRemin_1xpCO2.pO2xPO4_5x5f.dat.34,66.24
0.5,1.9,0.000617763059008,Kellwasser,1.0,0.5,18.18,54.34215199784376,Devon370Ma_050xRemin_1xpCO2.pO2xPO4_5x5f.dat.24,74.5
0.4,1.9,0.0004964511258668,Kellwasser,1.0,0.5,18.18,52.46122236712836,Devon370Ma_050xRemin_1xpCO2.pO2xPO4_5x5f.dat.14,82.75
0.3,1.9,0.0002577771296683,Kellwasser,1.0,0.5,18.18,50.75076478533447,Devon370Ma_050xRemin_1xpCO2.pO2xPO4_5x5f.dat.04,89.91
1.2,2.0,0.0133191548571265,Background,1.0,0.5,18.21,63.02953261183575,Devon370Ma_050xRemin_1.0xpCO2.pO2xPO4_5x5g.dat.40,7.16
1.1,2.0,0.0106684532335273,Background,1.0,0.5,18.21,61.371480114758015,Devon370Ma_050xRemin_1.0xpCO2.pO2xPO4_5x5g.dat.30,11.74
1.0,2.0,0.0063926430887977,Background,1.0,0.5,18.21,59.85539246466942,Devon370Ma_050xRemin_1.0xpCO2.pO2xPO4_5x5g.dat.20,20.64
0.9,2.0,0.0019700575186963,Background,1.0,0.5,18.21,58.45807027071714,Devon370Ma_050xRemin_1.0xpCO2.pO2xPO4_5x5g.dat.10,33.49
0.8,2.0,0.000220931518705,Background,1.0,0.5,18.21,57.122368161799386,Devon370Ma_050xRemin_1.0xpCO2.pO2xPO4_5x5g.dat.00,45.14
1.2,2.1,0.0097596421136747,Background,1.0,0.5,18.21,77.47050403850153,Devon370Ma_050xRemin_1.0xpCO2.pO2xPO4_5x5g.dat.41,7.61
1.1,2.1,0.0068580437653943,Background,1.0,0.5,18.21,75.46207052655518,Devon370Ma_050xRemin_1.0xpCO2.pO2xPO4_5x5g.dat.31,15.14
1.0,2.1,0.0031071307339448,Background,1.0,0.5,18.21,73.69043305516243,Devon370Ma_050xRemin_1.0xpCO2.pO2xPO4_5x5g.dat.21,26.7
0.9,2.1,0.0007273449585308,Background,1.0,0.5,18.21,72.07773887785152,Devon370Ma_050xRemin_1.0xpCO2.pO2xPO4_5x5g.dat.11,37.25
0.8,2.1,0.0001488991153856,Background,1.0,0.5,18.21,70.59714698698372,Devon370Ma_050xRemin_1.0xpCO2.pO2xPO4_5x5g.dat.01,47.89
1.2,2.2,0.0062263173565814,Background,1.0,0.5,18.21,92.90411981055512,Devon370Ma_050xRemin_1.0xpCO2.pO2xPO4_5x5g.dat.42,10.0
1.1,2.2,0.0029200713163808,Background,1.0,0.5,18.21,90.6156565179117,Devon370Ma_050xRemin_1.0xpCO2.pO2xPO4_5x5g.dat.32,18.53
1.0,2.2,0.001061894841761,Background,1.0,0.5,18.21,88.54033512761816,Devon370Ma_050xRemin_1.0xpCO2.pO2xPO4_5x5g.dat.22,30.18
0.9,2.2,0.0001818966541666,Background,1.0,0.5,18.21,86.60003368277103,Devon370Ma_050xRemin_1.0xpCO2.pO2xPO4_5x5g.dat.12,40.37
0.8,2.2,0.000105641695934,Background,1.0,0.5,18.21,84.80984979541972,Devon370Ma_050xRemin_1.0xpCO2.pO2xPO4_5x5g.dat.02,50.55
1.2,2.3,0.0025244821651736,Background,1.0,0.5,18.21,109.27417315542698,Devon370Ma_050xRemin_1.0xpCO2.pO2xPO4_5x5g.dat.43,11.65
1.1,2.3,0.0011139840332315,Background,1.0,0.5,18.21,106.62477870937435,Devon370Ma_050xRemin_1.0xpCO2.pO2xPO4_5x5g.dat.33,20.73
1.0,2.3,0.0006349517904395,Background,1.0,0.5,18.21,104.212092992384,Devon370Ma_050xRemin_1.0xpCO2.pO2xPO4_5x5g.dat.23,32.29
0.9,2.3,0.0001403572757574,Background,1.0,0.5,18.21,102.0447089103982,Devon370Ma_050xRemin_1.0xpCO2.pO2xPO4_5x5g.dat.13,42.84
0.8,2.3,0.0001008516671223,Background,1.0,0.5,18.21,100.04980867961422,Devon370Ma_050xRemin_1.0xpCO2.pO2xPO4_5x5g.dat.03,53.03
1.2,2.4,0.0011792518252785,Background,1.0,0.5,18.21,126.50617281906308,Devon370Ma_050xRemin_1.0xpCO2.pO2xPO4_5x5g.dat.44,15.05
1.1,2.4,0.0006973851078883,Background,1.0,0.5,18.21,123.47572192084044,Devon370Ma_050xRemin_1.0xpCO2.pO2xPO4_5x5g.dat.34,24.5
1.0,2.4,0.0002490844287933,Background,1.0,0.5,18.21,120.77832070644943,Devon370Ma_050xRemin_1.0xpCO2.pO2xPO4_5x5g.dat.24,34.31
0.9,2.4,0.0001304849438901,Background,1.0,0.5,18.21,118.30351286334916,Devon370Ma_050xRemin_1.0xpCO2.pO2xPO4_5x5g.dat.14,44.77
0.8,2.4,9.956360086262074e-05,Background,1.0,0.5,18.21,116.0087194875814,Devon370Ma_050xRemin_1.0xpCO2.pO2xPO4_5x5g.dat.04,54.5
1.2,2.0,0.0440203560115849,Kellwasser,1.0,0.5,18.21,63.02953261183575,Devon370Ma_050xRemin_1.0xpCO2.pO2xPO4_5x5g.dat.40,7.16
1.1,2.0,0.0347514287528136,Kellwasser,1.0,0.5,18.21,61.371480114758015,Devon370Ma_050xRemin_1.0xpCO2.pO2xPO4_5x5g.dat.30,11.74
1.0,2.0,0.0239565545974941,Kellwasser,1.0,0.5,18.21,59.85539246466942,Devon370Ma_050xRemin_1.0xpCO2.pO2xPO4_5x5g.dat.20,20.64
0.9,2.0,0.0137753868277323,Kellwasser,1.0,0.5,18.21,58.45807027071714,Devon370Ma_050xRemin_1.0xpCO2.pO2xPO4_5x5g.dat.10,33.49
0.8,2.0,0.0012849442729793,Kellwasser,1.0,0.5,18.21,57.122368161799386,Devon370Ma_050xRemin_1.0xpCO2.pO2xPO4_5x5g.dat.00,45.14
1.2,2.1,0.0294250131602782,Kellwasser,1.0,0.5,18.21,77.47050403850153,Devon370Ma_050xRemin_1.0xpCO2.pO2xPO4_5x5g.dat.41,7.61
1.1,2.1,0.0231107551986961,Kellwasser,1.0,0.5,18.21,75.46207052655518,Devon370Ma_050xRemin_1.0xpCO2.pO2xPO4_5x5g.dat.31,15.14
1.0,2.1,0.014547998234458,Kellwasser,1.0,0.5,18.21,73.69043305516243,Devon370Ma_050xRemin_1.0xpCO2.pO2xPO4_5x5g.dat.21,26.7
0.9,2.1,0.0062254178998823,Kellwasser,1.0,0.5,18.21,72.07773887785152,Devon370Ma_050xRemin_1.0xpCO2.pO2xPO4_5x5g.dat.11,37.25
0.8,2.1,0.0009613486423514,Kellwasser,1.0,0.5,18.21,70.59714698698372,Devon370Ma_050xRemin_1.0xpCO2.pO2xPO4_5x5g.dat.01,47.89
1.2,2.2,0.0206475243622058,Kellwasser,1.0,0.5,18.21,92.90411981055512,Devon370Ma_050xRemin_1.0xpCO2.pO2xPO4_5x5g.dat.42,10.0
1.1,2.2,0.0144238605286998,Kellwasser,1.0,0.5,18.21,90.6156565179117,Devon370Ma_050xRemin_1.0xpCO2.pO2xPO4_5x5g.dat.32,18.53
1.0,2.2,0.0084788786075678,Kellwasser,1.0,0.5,18.21,88.54033512761816,Devon370Ma_050xRemin_1.0xpCO2.pO2xPO4_5x5g.dat.22,30.18
0.9,2.2,0.001103735232223,Kellwasser,1.0,0.5,18.21,86.60003368277103,Devon370Ma_050xRemin_1.0xpCO2.pO2xPO4_5x5g.dat.12,40.37
0.8,2.2,0.0006654129377819,Kellwasser,1.0,0.5,18.21,84.80984979541972,Devon370Ma_050xRemin_1.0xpCO2.pO2xPO4_5x5g.dat.02,50.55
1.2,2.3,0.0135303896264786,Kellwasser,1.0,0.5,18.21,109.27417315542698,Devon370Ma_050xRemin_1.0xpCO2.pO2xPO4_5x5g.dat.43,11.65
1.1,2.3,0.0090343083042874,Kellwasser,1.0,0.5,18.21,106.62477870937435,Devon370Ma_050xRemin_1.0xpCO2.pO2xPO4_5x5g.dat.33,20.73
1.0,2.3,0.0054468893377811,Kellwasser,1.0,0.5,18.21,104.212092992384,Devon370Ma_050xRemin_1.0xpCO2.pO2xPO4_5x5g.dat.23,32.29
0.9,2.3,0.0009134713880111,Kellwasser,1.0,0.5,18.21,102.0447089103982,Devon370Ma_050xRemin_1.0xpCO2.pO2xPO4_5x5g.dat.13,42.84
0.8,2.3,0.0006291160502075,Kellwasser,1.0,0.5,18.21,100.04980867961422,Devon370Ma_050xRemin_1.0xpCO2.pO2xPO4_5x5g.dat.03,53.03
1.2,2.4,0.0093685780741201,Kellwasser,1.0,0.5,18.21,126.50617281906308,Devon370Ma_050xRemin_1.0xpCO2.pO2xPO4_5x5g.dat.44,15.05
1.1,2.4,0.0059868789826708,Kellwasser,1.0,0.5,18.21,123.47572192084044,Devon370Ma_050xRemin_1.0xpCO2.pO2xPO4_5x5g.dat.34,24.5
1.0,2.4,0.0016893445673184,Kellwasser,1.0,0.5,18.21,120.77832070644943,Devon370Ma_050xRemin_1.0xpCO2.pO2xPO4_5x5g.dat.24,34.31
0.9,2.4,0.000844938171882,Kellwasser,1.0,0.5,18.21,118.30351286334916,Devon370Ma_050xRemin_1.0xpCO2.pO2xPO4_5x5g.dat.14,44.77
0.8,2.4,0.000599020179164,Kellwasser,1.0,0.5,18.21,116.0087194875814,Devon370Ma_050xRemin_1.0xpCO2.pO2xPO4_5x5g.dat.04,54.5
0.7,2.0,0.0001152487059935,Background,1.0,0.5,18.21,8.272661943919957,Devon370Ma_050xRemin_1.0xpCO2.pO2xPO4_5x5h.dat.40,55.41
0.6,2.0,0.0001102708701452,Background,1.0,0.5,18.21,7.914298294053879,Devon370Ma_050xRemin_1.0xpCO2.pO2xPO4_5x5h.dat.30,64.31
0.5,2.0,9.584061004744097e-05,Background,1.0,0.5,18.21,7.597268904646626,Devon370Ma_050xRemin_1.0xpCO2.pO2xPO4_5x5h.dat.20,72.11
0.4,2.0,7.640264523997372e-05,Background,1.0,0.5,18.21,7.314760296139866,Devon370Ma_050xRemin_1.0xpCO2.pO2xPO4_5x5h.dat.10,82.66
0.3,2.0,4.4151629716689415e-05,Background,1.0,0.5,18.21,7.060459665808594,Devon370Ma_050xRemin_1.0xpCO2.pO2xPO4_5x5h.dat.00,89.91
0.7,2.1,0.0001084609333017,Background,1.0,0.5,18.21,15.999037714209408,Devon370Ma_050xRemin_1.0xpCO2.pO2xPO4_5x5h.dat.41,57.43
0.6,2.1,0.0001053359855286,Background,1.0,0.5,18.21,15.306201021303425,Devon370Ma_050xRemin_1.0xpCO2.pO2xPO4_5x5h.dat.31,65.78
0.5,2.1,9.10135953452552e-05,Background,1.0,0.5,18.21,14.682235814689191,Devon370Ma_050xRemin_1.0xpCO2.pO2xPO4_5x5h.dat.21,73.49
0.4,2.1,7.107760510486985e-05,Background,1.0,0.5,18.21,14.12760502716992,Devon370Ma_050xRemin_1.0xpCO2.pO2xPO4_5x5h.dat.11,83.67
0.3,2.1,4.193320488789742e-05,Background,1.0,0.5,18.21,13.643638339999598,Devon370Ma_050xRemin_1.0xpCO2.pO2xPO4_5x5h.dat.01,89.91
0.7,2.2,0.0001040093749498,Background,1.0,0.5,18.21,26.04772635095287,Devon370Ma_050xRemin_1.0xpCO2.pO2xPO4_5x5h.dat.42,58.44
0.6,2.2,0.0001006376815068,Background,1.0,0.5,18.21,25.146629923256118,Devon370Ma_050xRemin_1.0xpCO2.pO2xPO4_5x5h.dat.32,67.06
0.5,2.2,8.47242280719784e-05,Background,1.0,0.5,18.21,24.33435111015569,Devon370Ma_050xRemin_1.0xpCO2.pO2xPO4_5x5h.dat.22,74.68
0.4,2.2,6.752485960154831e-05,Background,1.0,0.5,18.21,23.588037947774865,Devon370Ma_050xRemin_1.0xpCO2.pO2xPO4_5x5h.dat.12,83.58
0.3,2.2,3.6566336522131215e-05,Background,1.0,0.5,18.21,22.896074369782585,Devon370Ma_050xRemin_1.0xpCO2.pO2xPO4_5x5h.dat.02,89.17
0.7,2.3,0.0001029831579026,Background,1.0,0.5,18.21,37.27113289642148,Devon370Ma_050xRemin_1.0xpCO2.pO2xPO4_5x5h.dat.43,59.91
0.6,2.3,9.652893056298776e-05,Background,1.0,0.5,18.21,36.10922794905491,Devon370Ma_050xRemin_1.0xpCO2.pO2xPO4_5x5h.dat.33,68.53
0.5,2.3,8.067352043614709e-05,Background,1.0,0.5,18.21,35.0823174812831,Devon370Ma_050xRemin_1.0xpCO2.pO2xPO4_5x5h.dat.23,75.32
0.4,2.3,5.7051152339555406e-05,Background,1.0,0.5,18.21,34.151315048802644,Devon370Ma_050xRemin_1.0xpCO2.pO2xPO4_5x5h.dat.13,82.84
0.3,2.3,3.5000206778424546e-05,Background,1.0,0.5,18.21,33.28951424919069,Devon370Ma_050xRemin_1.0xpCO2.pO2xPO4_5x5h.dat.03,87.8
0.7,2.4,9.942383392281278e-05,Background,1.0,0.5,18.21,49.57412238582037,Devon370Ma_050xRemin_1.0xpCO2.pO2xPO4_5x5h.dat.44,61.65
0.6,2.4,9.358408613402102e-05,Background,1.0,0.5,18.21,48.1598217447754,Devon370Ma_050xRemin_1.0xpCO2.pO2xPO4_5x5h.dat.34,69.17
0.5,2.4,7.677283803017225e-05,Background,1.0,0.5,18.21,46.92589209298603,Devon370Ma_050xRemin_1.0xpCO2.pO2xPO4_5x5h.dat.24,76.24
0.4,2.4,5.4473109688848e-05,Background,1.0,0.5,18.21,45.79195592668839,Devon370Ma_050xRemin_1.0xpCO2.pO2xPO4_5x5h.dat.14,84.77
0.3,2.4,2.118742150483876e-05,Background,1.0,0.5,18.21,44.73901572055183,Devon370Ma_050xRemin_1.0xpCO2.pO2xPO4_5x5h.dat.04,87.34
0.7,2.0,0.000724725406119,Kellwasser,1.0,0.5,18.21,8.272661943919957,Devon370Ma_050xRemin_1.0xpCO2.pO2xPO4_5x5h.dat.40,55.41
0.6,2.0,0.0006738225091664,Kellwasser,1.0,0.5,18.21,7.914298294053879,Devon370Ma_050xRemin_1.0xpCO2.pO2xPO4_5x5h.dat.30,64.31
0.5,2.0,0.0005717158717361,Kellwasser,1.0,0.5,18.21,7.597268904646626,Devon370Ma_050xRemin_1.0xpCO2.pO2xPO4_5x5h.dat.20,72.11
0.4,2.0,0.0004537222956581,Kellwasser,1.0,0.5,18.21,7.314760296139866,Devon370Ma_050xRemin_1.0xpCO2.pO2xPO4_5x5h.dat.10,82.66
0.3,2.0,0.000226130333127,Kellwasser,1.0,0.5,18.21,7.060459665808594,Devon370Ma_050xRemin_1.0xpCO2.pO2xPO4_5x5h.dat.00,89.91
0.7,2.1,0.0006592374921832,Kellwasser,1.0,0.5,18.21,15.999037714209408,Devon370Ma_050xRemin_1.0xpCO2.pO2xPO4_5x5h.dat.41,57.43
0.6,2.1,0.000638486039564,Kellwasser,1.0,0.5,18.21,15.306201021303425,Devon370Ma_050xRemin_1.0xpCO2.pO2xPO4_5x5h.dat.31,65.78
0.5,2.1,0.0005394293608568,Kellwasser,1.0,0.5,18.21,14.682235814689191,Devon370Ma_050xRemin_1.0xpCO2.pO2xPO4_5x5h.dat.21,73.49
0.4,2.1,0.0004165110610044,Kellwasser,1.0,0.5,18.21,14.12760502716992,Devon370Ma_050xRemin_1.0xpCO2.pO2xPO4_5x5h.dat.11,83.67
0.3,2.1,0.0002098802048328,Kellwasser,1.0,0.5,18.21,13.643638339999598,Devon370Ma_050xRemin_1.0xpCO2.pO2xPO4_5x5h.dat.01,89.91
0.7,2.2,0.000627567161445,Kellwasser,1.0,0.5,18.21,26.04772635095287,Devon370Ma_050xRemin_1.0xpCO2.pO2xPO4_5x5h.dat.42,58.44
0.6,2.2,0.0006052965387896,Kellwasser,1.0,0.5,18.21,25.146629923256118,Devon370Ma_050xRemin_1.0xpCO2.pO2xPO4_5x5h.dat.32,67.06
0.5,2.2,0.0005086918523892,Kellwasser,1.0,0.5,18.21,24.33435111015569,Devon370Ma_050xRemin_1.0xpCO2.pO2xPO4_5x5h.dat.22,74.68
0.4,2.2,0.0003917185184306,Kellwasser,1.0,0.5,18.21,23.588037947774865,Devon370Ma_050xRemin_1.0xpCO2.pO2xPO4_5x5h.dat.12,83.58
0.3,2.2,0.0001718186103162,Kellwasser,1.0,0.5,18.21,22.896074369782585,Devon370Ma_050xRemin_1.0xpCO2.pO2xPO4_5x5h.dat.02,89.17
0.7,2.3,0.0006230174103438,Kellwasser,1.0,0.5,18.21,37.27113289642148,Devon370Ma_050xRemin_1.0xpCO2.pO2xPO4_5x5h.dat.43,59.91
0.6,2.3,0.000577567081746,Kellwasser,1.0,0.5,18.21,36.10922794905491,Devon370Ma_050xRemin_1.0xpCO2.pO2xPO4_5x5h.dat.33,68.53
0.5,2.3,0.0004819956400676,Kellwasser,1.0,0.5,18.21,35.0823174812831,Devon370Ma_050xRemin_1.0xpCO2.pO2xPO4_5x5h.dat.23,75.32
0.4,2.3,0.000318025233581,Kellwasser,1.0,0.5,18.21,34.151315048802644,Devon370Ma_050xRemin_1.0xpCO2.pO2xPO4_5x5h.dat.13,82.84
0.3,2.3,0.0001600815081245,Kellwasser,1.0,0.5,18.21,33.28951424919069,Devon370Ma_050xRemin_1.0xpCO2.pO2xPO4_5x5h.dat.03,87.8
0.7,2.4,0.0005992011221391,Kellwasser,1.0,0.5,18.21,49.57412238582037,Devon370Ma_050xRemin_1.0xpCO2.pO2xPO4_5x5h.dat.44,61.65
0.6,2.4,0.0005562907103542,Kellwasser,1.0,0.5,18.21,48.1598217447754,Devon370Ma_050xRemin_1.0xpCO2.pO2xPO4_5x5h.dat.34,69.17
0.5,2.4,0.0004568059861879,Kellwasser,1.0,0.5,18.21,46.92589209298603,Devon370Ma_050xRemin_1.0xpCO2.pO2xPO4_5x5h.dat.24,76.24
0.4,2.4,0.0002997204127547,Kellwasser,1.0,0.5,18.21,45.79195592668839,Devon370Ma_050xRemin_1.0xpCO2.pO2xPO4_5x5h.dat.14,84.77
0.3,2.4,6.33180064961857e-05,Kellwasser,1.0,0.5,18.21,44.73901572055183,Devon370Ma_050xRemin_1.0xpCO2.pO2xPO4_5x5h.dat.04,87.34
1.2,0.5,0.023091861,Background,2.5,0.5,21.46,136.1971372,251104.pO2xPO4_5x5a.dat.40,0.0
1.1,0.5,0.001294784,Background,2.5,0.5,21.46,122.7804605,251104.pO2xPO4_5x5a.dat.30,0.0
1.0,0.5,0.030630702,Background,2.5,0.5,21.46,110.2186361,251104.pO2xPO4_5x5a.dat.20,0.0
0.9,0.5,0.072816005,Background,2.5,0.5,21.46,99.50524691,251104.pO2xPO4_5x5a.dat.10,0.18
0.8,0.5,0.1044757,Background,2.5,0.5,21.46,91.79027984,251104.pO2xPO4_5x5a.dat.00,0.46
1.2,0.6,0.034034058,Background,2.5,0.5,21.46,161.8671376,251104.pO2xPO4_5x5a.dat.41,0.0
1.1,0.6,0.079602584,Background,2.5,0.5,21.46,148.1932122,251104.pO2xPO4_5x5a.dat.31,0.09
1.0,0.6,0.092736483,Background,2.5,0.5,21.46,135.1074898,251104.pO2xPO4_5x5a.dat.21,0.46
0.9,0.6,0.176642735,Background,2.5,0.5,21.46,122.8408073,251104.pO2xPO4_5x5a.dat.11,0.73
0.8,0.6,0.277461433,Background,2.5,0.5,21.46,112.366477,251104.pO2xPO4_5x5a.dat.01,1.28
1.2,0.7,0.111998789,Background,2.5,0.5,21.46,187.634243,251104.pO2xPO4_5x5a.dat.42,0.28
1.1,0.7,0.146632532,Background,2.5,0.5,21.46,173.8141291,251104.pO2xPO4_5x5a.dat.32,0.55
1.0,0.7,0.238060678,Background,2.5,0.5,21.46,160.4353456,251104.pO2xPO4_5x5a.dat.22,0.83
0.9,0.7,0.265352505,Background,2.5,0.5,21.46,147.6531033,251104.pO2xPO4_5x5a.dat.12,1.47
0.8,0.7,0.060339248,Background,2.5,0.5,21.46,135.6687717,251104.pO2xPO4_5x5a.dat.02,1.83
1.2,0.8,0.197034009,Background,2.5,0.5,21.46,213.4613314,251104.pO2xPO4_5x5a.dat.43,0.55
1.1,0.8,0.311712947,Background,2.5,0.5,21.46,199.5179482,251104.pO2xPO4_5x5a.dat.33,1.01
1.0,0.8,0.291525982,Background,2.5,0.5,21.46,185.9985205,251104.pO2xPO4_5x5a.dat.23,1.47
0.9,0.8,0.091531252,Background,2.5,0.5,21.46,172.9190262,251104.pO2xPO4_5x5a.dat.13,1.83
0.8,0.8,0.123822693,Background,2.5,0.5,21.46,160.4257122,251104.pO2xPO4_5x5a.dat.03,2.66
1.2,0.9,0.364158016,Background,2.5,0.5,21.46,239.3142786,251104.pO2xPO4_5x5a.dat.44,1.1
1.1,0.9,0.18662517,Background,2.5,0.5,21.46,225.3035636,251104.pO2xPO4_5x5a.dat.34,1.47
1.0,0.9,0.097655787,Background,2.5,0.5,21.46,211.6662799,251104.pO2xPO4_5x5a.dat.24,1.83
0.9,0.9,0.114362442,Background,2.5,0.5,21.46,198.4280098,251104.pO2xPO4_5x5a.dat.14,2.66
0.8,0.9,0.080217161,Background,2.5,0.5,21.46,185.6357412,251104.pO2xPO4_5x5a.dat.04,4.86
1.2,0.5,0.014574442,Kellwasser,2.5,0.5,21.46,136.1971372,251104.pO2xPO4_5x5a.dat.40,0.0
1.1,0.5,0.013908599,Kellwasser,2.5,0.5,21.46,122.7804605,251104.pO2xPO4_5x5a.dat.30,0.0
1.0,0.5,0.013393122,Kellwasser,2.5,0.5,21.46,110.2186361,251104.pO2xPO4_5x5a.dat.20,0.0
0.9,0.5,0.014043363,Kellwasser,2.5,0.5,21.46,99.50524691,251104.pO2xPO4_5x5a.dat.10,0.18
0.8,0.5,0.0160894,Kellwasser,2.5,0.5,21.46,91.79027984,251104.pO2xPO4_5x5a.dat.00,0.46
1.2,0.6,0.013656854,Kellwasser,2.5,0.5,21.46,161.8671376,251104.pO2xPO4_5x5a.dat.41,0.0
1.1,0.6,0.014038078,Kellwasser,2.5,0.5,21.46,148.1932122,251104.pO2xPO4_5x5a.dat.31,0.09
1.0,0.6,0.01471204,Kellwasser,2.5,0.5,21.46,135.1074898,251104.pO2xPO4_5x5a.dat.21,0.46
0.9,0.6,0.017401115,Kellwasser,2.5,0.5,21.46,122.8408073,251104.pO2xPO4_5x5a.dat.11,0.73
0.8,0.6,0.020783637,Kellwasser,2.5,0.5,21.46,112.366477,251104.pO2xPO4_5x5a.dat.01,1.28
1.2,0.7,0.014531646,Kellwasser,2.5,0.5,21.46,187.634243,251104.pO2xPO4_5x5a.dat.42,0.28
1.1,0.7,0.016348542,Kellwasser,2.5,0.5,21.46,173.8141291,251104.pO2xPO4_5x5a.dat.32,0.55
1.0,0.7,0.017596627,Kellwasser,2.5,0.5,21.46,160.4353456,251104.pO2xPO4_5x5a.dat.22,0.83
0.9,0.7,0.048367675,Kellwasser,2.5,0.5,21.46,147.6531033,251104.pO2xPO4_5x5a.dat.12,1.47
0.8,0.7,0.22549411,Kellwasser,2.5,0.5,21.46,135.6687717,251104.pO2xPO4_5x5a.dat.02,1.83
1.2,0.8,0.017066668,Kellwasser,2.5,0.5,21.46,213.4613314,251104.pO2xPO4_5x5a.dat.43,0.55
1.1,0.8,0.019117047,Kellwasser,2.5,0.5,21.46,199.5179482,251104.pO2xPO4_5x5a.dat.33,1.01
1.0,0.8,0.052715917,Kellwasser,2.5,0.5,21.46,185.9985205,251104.pO2xPO4_5x5a.dat.23,1.47
0.9,0.8,0.286315629,Kellwasser,2.5,0.5,21.46,172.9190262,251104.pO2xPO4_5x5a.dat.13,1.83
0.8,0.8,0.572669842,Kellwasser,2.5,0.5,21.46,160.4257122,251104.pO2xPO4_5x5a.dat.03,2.66
1.2,0.9,0.020290017,Kellwasser,2.5,0.5,21.46,239.3142786,251104.pO2xPO4_5x5a.dat.44,1.1
1.1,0.9,0.105161558,Kellwasser,2.5,0.5,21.46,225.3035636,251104.pO2xPO4_5x5a.dat.34,1.47
1.0,0.9,0.327348215,Kellwasser,2.5,0.5,21.46,211.6662799,251104.pO2xPO4_5x5a.dat.24,1.83
0.9,0.9,0.606559379,Kellwasser,2.5,0.5,21.46,198.4280098,251104.pO2xPO4_5x5a.dat.14,2.66
0.8,0.9,0.680150741,Kellwasser,2.5,0.5,21.46,185.6357412,251104.pO2xPO4_5x5a.dat.04,4.86
1.2,1.0,0.069970633,Background,2.5,0.5,21.46,85.76673281,251104.pO2xPO4_5x5b.dat.40,1.47
1.1,1.0,0.090503542,Background,2.5,0.5,21.46,80.79762483,251104.pO2xPO4_5x5b.dat.30,1.93
1.0,1.0,0.104122365,Background,2.5,0.5,21.46,76.57097012,251104.pO2xPO4_5x5b.dat.20,2.66
0.9,1.0,0.074163481,Background,2.5,0.5,21.46,72.93320232,251104.pO2xPO4_5x5b.dat.10,4.68
0.8,1.0,0.064774146,Background,2.5,0.5,21.46,69.70229151,251104.pO2xPO4_5x5b.dat.00,6.33
1.2,1.1,0.086503639,Background,2.5,0.5,21.46,104.6251782,251104.pO2xPO4_5x5b.dat.41,1.83
1.1,1.1,0.094303896,Background,2.5,0.5,21.46,98.47920592,251104.pO2xPO4_5x5b.dat.31,2.66
1.0,1.1,0.074549592,Background,2.5,0.5,21.46,93.34900096,251104.pO2xPO4_5x5b.dat.21,4.31
0.9,1.1,0.059288084,Background,2.5,0.5,21.46,88.9297371,251104.pO2xPO4_5x5b.dat.11,5.78
0.8,1.1,0.048682882,Background,2.5,0.5,21.46,85.10148473,251104.pO2xPO4_5x5b.dat.01,7.71
1.2,1.2,0.094469127,Background,2.5,0.5,21.46,125.4061935,251104.pO2xPO4_5x5b.dat.42,2.57
1.1,1.2,0.073140428,Background,2.5,0.5,21.46,117.6500955,251104.pO2xPO4_5x5b.dat.32,4.13
1.0,1.2,0.053820349,Background,2.5,0.5,21.46,111.4123006,251104.pO2xPO4_5x5b.dat.22,5.5
0.9,1.2,0.044303706,Background,2.5,0.5,21.46,106.1396324,251104.pO2xPO4_5x5b.dat.12,7.52
0.8,1.2,0.042591222,Background,2.5,0.5,21.46,101.5595044,251104.pO2xPO4_5x5b.dat.02,12.11
1.2,1.3,0.065239766,Background,2.5,0.5,21.46,148.7117115,251104.pO2xPO4_5x5b.dat.43,3.67
1.1,1.3,0.048929335,Background,2.5,0.5,21.46,138.6338699,251104.pO2xPO4_5x5b.dat.33,5.41
1.0,1.3,0.042240641,Background,2.5,0.5,21.46,130.8665378,251104.pO2xPO4_5x5b.dat.23,6.61
0.9,1.3,0.038366877,Background,2.5,0.5,21.46,124.5375461,251104.pO2xPO4_5x5b.dat.13,8.07
0.8,1.3,0.032810324,Background,2.5,0.5,21.46,119.1621704,251104.pO2xPO4_5x5b.dat.03,17.06
1.2,1.4,0.04560525,Background,2.5,0.5,21.46,173.4295365,251104.pO2xPO4_5x5b.dat.44,5.23
1.1,1.4,0.037701563,Background,2.5,0.5,21.46,161.9755931,251104.pO2xPO4_5x5b.dat.34,6.06
1.0,1.4,0.034430074,Background,2.5,0.5,21.46,152.0700462,251104.pO2xPO4_5x5b.dat.24,7.52
0.9,1.4,0.032299813,Background,2.5,0.5,21.46,144.2839712,251104.pO2xPO4_5x5b.dat.14,12.84
0.8,1.4,0.023659291,Background,2.5,0.5,21.46,137.8566085,251104.pO2xPO4_5x5b.dat.04,25.69
1.2,1.0,0.169442013,Kellwasser,2.5,0.5,21.46,85.76673281,251104.pO2xPO4_5x5b.dat.40,1.47
1.1,1.0,0.372671827,Kellwasser,2.5,0.5,21.46,80.79762483,251104.pO2xPO4_5x5b.dat.30,1.93
1.0,1.0,0.641293766,Kellwasser,2.5,0.5,21.46,76.57097012,251104.pO2xPO4_5x5b.dat.20,2.66
0.9,1.0,0.693024109,Kellwasser,2.5,0.5,21.46,72.93320232,251104.pO2xPO4_5x5b.dat.10,4.68
0.8,1.0,0.57165605,Kellwasser,2.5,0.5,21.46,69.70229151,251104.pO2xPO4_5x5b.dat.00,6.33
1.2,1.1,0.414096264,Kellwasser,2.5,0.5,21.46,104.6251782,251104.pO2xPO4_5x5b.dat.41,1.83
1.1,1.1,0.680763047,Kellwasser,2.5,0.5,21.46,98.47920592,251104.pO2xPO4_5x5b.dat.31,2.66
1.0,1.1,0.706800983,Kellwasser,2.5,0.5,21.46,93.34900096,251104.pO2xPO4_5x5b.dat.21,4.31
0.9,1.1,0.570486527,Kellwasser,2.5,0.5,21.46,88.9297371,251104.pO2xPO4_5x5b.dat.11,5.78
0.8,1.1,0.355755058,Kellwasser,2.5,0.5,21.46,85.10148473,251104.pO2xPO4_5x5b.dat.01,7.71
1.2,1.2,0.71286611,Kellwasser,2.5,0.5,21.46,125.4061935,251104.pO2xPO4_5x5b.dat.42,2.57
1.1,1.2,0.711842141,Kellwasser,2.5,0.5,21.46,117.6500955,251104.pO2xPO4_5x5b.dat.32,4.13
1.0,1.2,0.562467964,Kellwasser,2.5,0.5,21.46,111.4123006,251104.pO2xPO4_5x5b.dat.22,5.5
0.9,1.2,0.41210689,Kellwasser,2.5,0.5,21.46,106.1396324,251104.pO2xPO4_5x5b.dat.12,7.52
0.8,1.2,0.217453843,Kellwasser,2.5,0.5,21.46,101.5595044,251104.pO2xPO4_5x5b.dat.02,12.11
1.2,1.3,0.71241574,Kellwasser,2.5,0.5,21.46,148.7117115,251104.pO2xPO4_5x5b.dat.43,3.67
1.1,1.3,0.54683352,Kellwasser,2.5,0.5,21.46,138.6338699,251104.pO2xPO4_5x5b.dat.33,5.41
1.0,1.3,0.413312788,Kellwasser,2.5,0.5,21.46,130.8665378,251104.pO2xPO4_5x5b.dat.23,6.61
0.9,1.3,0.22020293,Kellwasser,2.5,0.5,21.46,124.5375461,251104.pO2xPO4_5x5b.dat.13,8.07
0.8,1.3,0.149530187,Kellwasser,2.5,0.5,21.46,119.1621704,251104.pO2xPO4_5x5b.dat.03,17.06
1.2,1.4,0.518120954,Kellwasser,2.5,0.5,21.46,173.4295365,251104.pO2xPO4_5x5b.dat.44,5.23
1.1,1.4,0.389649756,Kellwasser,2.5,0.5,21.46,161.9755931,251104.pO2xPO4_5x5b.dat.34,6.06
1.0,1.4,0.236511355,Kellwasser,2.5,0.5,21.46,152.0700462,251104.pO2xPO4_5x5b.dat.24,7.52
0.9,1.4,0.145669118,Kellwasser,2.5,0.5,21.46,144.2839712,251104.pO2xPO4_5x5b.dat.14,12.84
0.8,1.4,0.109488799,Kellwasser,2.5,0.5,21.46,137.8566085,251104.pO2xPO4_5x5b.dat.04,25.69
1.2,1.5,0.035608835,Background,2.5,0.5,21.46,66.43799861,251104.pO2xPO4_5x5c.dat.40,5.78
1.1,1.5,0.032849694,Background,2.5,0.5,21.46,63.84038716,251104.pO2xPO4_5x5c.dat.30,7.34
1.0,1.5,0.030317779,Background,2.5,0.5,21.46,61.9370112,251104.pO2xPO4_5x5c.dat.20,8.44
0.9,1.5,0.024668038,Background,2.5,0.5,21.46,59.8338338,251104.pO2xPO4_5x5c.dat.10,16.79
0.8,1.5,0.01775239,Background,2.5,0.5,21.46,57.96534606,251104.pO2xPO4_5x5c.dat.00,30.92
1.2,1.6,0.026679591,Background,2.5,0.5,21.46,81.26984176,251104.pO2xPO4_5x5c.dat.41,6.79
1.1,1.6,0.027159956,Background,2.5,0.5,21.46,78.2091447,251104.pO2xPO4_5x5c.dat.31,7.61
1.0,1.6,0.023865055,Background,2.5,0.5,21.46,75.94905765,251104.pO2xPO4_5x5c.dat.21,12.84
0.9,1.6,0.016974798,Background,2.5,0.5,21.46,73.46679922,251104.pO2xPO4_5x5c.dat.11,24.13
0.8,1.6,0.012986142,Background,2.5,0.5,21.46,71.21478848,251104.pO2xPO4_5x5c.dat.01,35.05
1.2,1.7,0.02359011,Background,2.5,0.5,21.46,97.12964675,251104.pO2xPO4_5x5c.dat.42,7.34
1.1,1.7,0.021744302,Background,2.5,0.5,21.46,93.5648859,251104.pO2xPO4_5x5c.dat.32,8.17
1.0,1.7,0.01684911,Background,2.5,0.5,21.46,90.82028555,251104.pO2xPO4_5x5c.dat.22,17.06
0.9,1.7,0.012754407,Background,2.5,0.5,21.46,87.96587645,251104.pO2xPO4_5x5c.dat.12,28.44
0.8,1.7,0.006574837,Background,2.5,0.5,21.46,85.38185648,251104.pO2xPO4_5x5c.dat.02,40.09
1.2,1.8,0.019435219,Background,2.5,0.5,21.46,114.0633467,251104.pO2xPO4_5x5c.dat.43,7.43
1.1,1.8,0.016265127,Background,2.5,0.5,21.46,109.8599096,251104.pO2xPO4_5x5c.dat.33,11.74
1.0,1.8,0.011652205,Background,2.5,0.5,21.46,106.6175028,251104.pO2xPO4_5x5c.dat.23,20.37
0.9,1.8,0.008848781,Background,2.5,0.5,21.46,103.3192457,251104.pO2xPO4_5x5c.dat.13,32.48
0.8,1.8,0.004510358,Background,2.5,0.5,21.46,100.3228244,251104.pO2xPO4_5x5c.dat.03,43.76
1.2,1.9,0.014592862,Background,2.5,0.5,21.46,132.0199226,251104.pO2xPO4_5x5c.dat.44,8.35
1.1,1.9,0.011397365,Background,2.5,0.5,21.46,127.1864749,251104.pO2xPO4_5x5c.dat.34,14.5
1.0,1.9,0.008174854,Background,2.5,0.5,21.46,123.3597723,251104.pO2xPO4_5x5c.dat.24,26.15
0.9,1.9,0.003255144,Background,2.5,0.5,21.46,119.5445511,251104.pO2xPO4_5x5c.dat.14,35.32
0.8,1.9,0.001176816,Background,2.5,0.5,21.46,116.12862,251104.pO2xPO4_5x5c.dat.04,46.51
1.2,1.5,0.366825485,Kellwasser,2.5,0.5,21.46,66.43799861,251104.pO2xPO4_5x5c.dat.40,5.78
1.1,1.5,0.227851822,Kellwasser,2.5,0.5,21.46,63.84038716,251104.pO2xPO4_5x5c.dat.30,7.34
1.0,1.5,0.139443979,Kellwasser,2.5,0.5,21.46,61.9370112,251104.pO2xPO4_5x5c.dat.20,8.44
0.9,1.5,0.104160565,Kellwasser,2.5,0.5,21.46,59.8338338,251104.pO2xPO4_5x5c.dat.10,16.79
0.8,1.5,0.078798541,Kellwasser,2.5,0.5,21.46,57.96534606,251104.pO2xPO4_5x5c.dat.00,30.92
1.2,1.6,0.250516438,Kellwasser,2.5,0.5,21.46,81.26984176,251104.pO2xPO4_5x5c.dat.41,6.79
1.1,1.6,0.135661472,Kellwasser,2.5,0.5,21.46,78.2091447,251104.pO2xPO4_5x5c.dat.31,7.61
1.0,1.6,0.098981694,Kellwasser,2.5,0.5,21.46,75.94905765,251104.pO2xPO4_5x5c.dat.21,12.84
0.9,1.6,0.076532097,Kellwasser,2.5,0.5,21.46,73.46679922,251104.pO2xPO4_5x5c.dat.11,24.13
0.8,1.6,0.05741992,Kellwasser,2.5,0.5,21.46,71.21478848,251104.pO2xPO4_5x5c.dat.01,35.05
1.2,1.7,0.137489883,Kellwasser,2.5,0.5,21.46,97.12964675,251104.pO2xPO4_5x5c.dat.42,7.34
1.1,1.7,0.087261909,Kellwasser,2.5,0.5,21.46,93.5648859,251104.pO2xPO4_5x5c.dat.32,8.17
1.0,1.7,0.06855638,Kellwasser,2.5,0.5,21.46,90.82028555,251104.pO2xPO4_5x5c.dat.22,17.06
0.9,1.7,0.053596424,Kellwasser,2.5,0.5,21.46,87.96587645,251104.pO2xPO4_5x5c.dat.12,28.44
0.8,1.7,0.037467859,Kellwasser,2.5,0.5,21.46,85.38185648,251104.pO2xPO4_5x5c.dat.02,40.09
1.2,1.8,0.075517929,Kellwasser,2.5,0.5,21.46,114.0633467,251104.pO2xPO4_5x5c.dat.43,7.43
1.1,1.8,0.060636932,Kellwasser,2.5,0.5,21.46,109.8599096,251104.pO2xPO4_5x5c.dat.33,11.74
1.0,1.8,0.048505393,Kellwasser,2.5,0.5,21.46,106.6175028,251104.pO2xPO4_5x5c.dat.23,20.37
0.9,1.8,0.037516608,Kellwasser,2.5,0.5,21.46,103.3192457,251104.pO2xPO4_5x5c.dat.13,32.48
0.8,1.8,0.015528802,Kellwasser,2.5,0.5,21.46,100.3228244,251104.pO2xPO4_5x5c.dat.03,43.76
1.2,1.9,0.054738198,Kellwasser,2.5,0.5,21.46,132.0199226,251104.pO2xPO4_5x5c.dat.44,8.35
1.1,1.9,0.043768132,Kellwasser,2.5,0.5,21.46,127.1864749,251104.pO2xPO4_5x5c.dat.34,14.5
1.0,1.9,0.033856532,Kellwasser,2.5,0.5,21.46,123.3597723,251104.pO2xPO4_5x5c.dat.24,26.15
0.9,1.9,0.022479386,Kellwasser,2.5,0.5,21.46,119.5445511,251104.pO2xPO4_5x5c.dat.14,35.32
0.8,1.9,0.008031536,Kellwasser,2.5,0.5,21.46,116.12862,251104.pO2xPO4_5x5c.dat.04,46.51
0.7,0.5,0.227501458,Background,2.5,0.5,21.46,25.93744466,251104.pO2xPO4_5x5d.dat.40,1.01
0.6,0.5,0.030900667,Background,2.5,0.5,21.46,22.72060374,251104.pO2xPO4_5x5d.dat.30,1.56
0.5,0.5,0.137553989,Background,2.5,0.5,21.46,20.14149322,251104.pO2xPO4_5x5d.dat.20,2.66
0.4,0.5,0.092280912,Background,2.5,0.5,21.46,18.05316606,251104.pO2xPO4_5x5d.dat.10,6.88
0.3,0.5,0.05524466,Background,2.5,0.5,21.46,16.27680103,251104.pO2xPO4_5x5d.dat.00,30.46
0.7,0.6,0.057916729,Background,2.5,0.5,21.46,42.23345968,251104.pO2xPO4_5x5d.dat.41,1.65
0.6,0.6,0.134063618,Background,2.5,0.5,21.46,37.27751027,251104.pO2xPO4_5x5d.dat.31,2.66
0.5,0.6,0.100132015,Background,2.5,0.5,21.46,33.50967381,251104.pO2xPO4_5x5d.dat.21,5.87
0.4,0.6,0.065340104,Background,2.5,0.5,21.46,30.50145824,251104.pO2xPO4_5x5d.dat.11,18.26
0.3,0.6,0.035577672,Background,2.5,0.5,21.46,27.96400622,251104.pO2xPO4_5x5d.dat.01,47.52
0.7,0.7,0.12935183,Background,2.5,0.5,21.46,61.87378312,251104.pO2xPO4_5x5d.dat.42,2.66
0.6,0.7,0.091939121,Background,2.5,0.5,21.46,54.3392016,251104.pO2xPO4_5x5d.dat.32,5.69
0.5,0.7,0.070915659,Background,2.5,0.5,21.46,48.97420877,251104.pO2xPO4_5x5d.dat.22,10.83
0.4,0.7,0.046511483,Background,2.5,0.5,21.46,44.8186147,251104.pO2xPO4_5x5d.dat.12,33.85
0.3,0.7,0.022710859,Background,2.5,0.5,21.46,41.4260212,251104.pO2xPO4_5x5d.dat.02,59.08
0.7,0.8,0.088485347,Background,2.5,0.5,21.46,85.58431,251104.pO2xPO4_5x5d.dat.43,5.23
0.6,0.8,0.066780213,Background,2.5,0.5,21.46,74.26519005,251104.pO2xPO4_5x5d.dat.33,7.8
0.5,0.8,0.049599709,Background,2.5,0.5,21.46,66.64526154,251104.pO2xPO4_5x5d.dat.23,23.58
0.4,0.8,0.031358035,Background,2.5,0.5,21.46,61.0063762,251104.pO2xPO4_5x5d.dat.13,45.41
0.3,0.8,0.01449284,Background,2.5,0.5,21.46,56.50873209,251104.pO2xPO4_5x5d.dat.03,67.98
0.7,0.9,0.065236729,Background,2.5,0.5,21.46,110.687055,251104.pO2xPO4_5x5d.dat.44,6.97
0.6,0.9,0.055648688,Background,2.5,0.5,21.46,97.80248365,251104.pO2xPO4_5x5d.dat.34,15.69
0.5,0.9,0.038856518,Background,2.5,0.5,21.46,86.8074203,251104.pO2xPO4_5x5d.dat.24,34.4
0.4,0.9,0.02071228,Background,2.5,0.5,21.46,79.13583249,251104.pO2xPO4_5x5d.dat.14,53.76
0.3,0.9,0.00981546,Background,2.5,0.5,21.46,73.28362699,251104.pO2xPO4_5x5d.dat.04,73.12
0.7,0.5,0.019520131,Kellwasser,2.5,0.5,21.46,25.93744466,251104.pO2xPO4_5x5d.dat.40,1.01
0.6,0.5,0.164837468,Kellwasser,2.5,0.5,21.46,22.72060374,251104.pO2xPO4_5x5d.dat.30,1.56
0.5,0.5,0.507414607,Kellwasser,2.5,0.5,21.46,20.14149322,251104.pO2xPO4_5x5d.dat.20,2.66
0.4,0.5,0.593775,Kellwasser,2.5,0.5,21.46,18.05316606,251104.pO2xPO4_5x5d.dat.10,6.88
0.3,0.5,0.287229362,Kellwasser,2.5,0.5,21.46,16.27680103,251104.pO2xPO4_5x5d.dat.00,30.46
0.7,0.6,0.198236832,Kellwasser,2.5,0.5,21.46,42.23345968,251104.pO2xPO4_5x5d.dat.41,1.65
0.6,0.6,0.522663062,Kellwasser,2.5,0.5,21.46,37.27751027,251104.pO2xPO4_5x5d.dat.31,2.66
0.5,0.6,0.605005426,Kellwasser,2.5,0.5,21.46,33.50967381,251104.pO2xPO4_5x5d.dat.21,5.87
0.4,0.6,0.353889317,Kellwasser,2.5,0.5,21.46,30.50145824,251104.pO2xPO4_5x5d.dat.11,18.26
0.3,0.6,0.193506471,Kellwasser,2.5,0.5,21.46,27.96400622,251104.pO2xPO4_5x5d.dat.01,47.52
0.7,0.7,0.549252928,Kellwasser,2.5,0.5,21.46,61.87378312,251104.pO2xPO4_5x5d.dat.42,2.66
0.6,0.7,0.641765587,Kellwasser,2.5,0.5,21.46,54.3392016,251104.pO2xPO4_5x5d.dat.32,5.69
0.5,0.7,0.402729113,Kellwasser,2.5,0.5,21.46,48.97420877,251104.pO2xPO4_5x5d.dat.22,10.83
0.4,0.7,0.238513172,Kellwasser,2.5,0.5,21.46,44.8186147,251104.pO2xPO4_5x5d.dat.12,33.85
0.3,0.7,0.062592262,Kellwasser,2.5,0.5,21.46,41.4260212,251104.pO2xPO4_5x5d.dat.02,59.08
0.7,0.8,0.653590311,Kellwasser,2.5,0.5,21.46,85.58431,251104.pO2xPO4_5x5d.dat.43,5.23
0.6,0.8,0.467740658,Kellwasser,2.5,0.5,21.46,74.26519005,251104.pO2xPO4_5x5d.dat.33,7.8
0.5,0.8,0.269663625,Kellwasser,2.5,0.5,21.46,66.64526154,251104.pO2xPO4_5x5d.dat.23,23.58
0.4,0.8,0.168984042,Kellwasser,2.5,0.5,21.46,61.0063762,251104.pO2xPO4_5x5d.dat.13,45.41
0.3,0.8,0.037614239,Kellwasser,2.5,0.5,21.46,56.50873209,251104.pO2xPO4_5x5d.dat.03,67.98
0.7,0.9,0.566613959,Kellwasser,2.5,0.5,21.46,110.687055,251104.pO2xPO4_5x5d.dat.44,6.97
0.6,0.9,0.298611506,Kellwasser,2.5,0.5,21.46,97.80248365,251104.pO2xPO4_5x5d.dat.34,15.69
0.5,0.9,0.192530759,Kellwasser,2.5,0.5,21.46,86.8074203,251104.pO2xPO4_5x5d.dat.24,34.4
0.4,0.9,0.060160697,Kellwasser,2.5,0.5,21.46,79.13583249,251104.pO2xPO4_5x5d.dat.14,53.76
0.3,0.9,0.025369952,Kellwasser,2.5,0.5,21.46,73.28362699,251104.pO2xPO4_5x5d.dat.04,73.12
0.7,1.0,0.053041599,Background,2.5,0.5,21.46,14.76851048,251104.pO2xPO4_5x5e.dat.40,9.63
0.6,1.0,0.039700894,Background,2.5,0.5,21.46,13.44870634,251104.pO2xPO4_5x5e.dat.30,25.69
0.5,1.0,0.026117322,Background,2.5,0.5,21.46,12.25218693,251104.pO2xPO4_5x5e.dat.20,43.49
0.4,1.0,0.015065566,Background,2.5,0.5,21.46,11.24863775,251104.pO2xPO4_5x5e.dat.10,60.92
0.3,1.0,0.007064937,Background,2.5,0.5,21.46,10.4422852,251104.pO2xPO4_5x5e.dat.00,76.15
0.7,1.1,0.042467706,Background,2.5,0.5,21.46,25.8278651,251104.pO2xPO4_5x5e.dat.41,16.7
0.6,1.1,0.031587189,Background,2.5,0.5,21.46,23.97233402,251104.pO2xPO4_5x5e.dat.31,33.85
0.5,1.1,0.022243349,Background,2.5,0.5,21.46,22.31596409,251104.pO2xPO4_5x5e.dat.21,49.54
0.4,1.1,0.008404025,Background,2.5,0.5,21.46,20.89300142,251104.pO2xPO4_5x5e.dat.11,66.24
0.3,1.1,0.003619684,Background,2.5,0.5,21.46,19.62282113,251104.pO2xPO4_5x5e.dat.01,81.19
0.7,1.2,0.031799089,Background,2.5,0.5,21.46,38.53549424,251104.pO2xPO4_5x5e.dat.42,26.51
0.6,1.2,0.020268164,Background,2.5,0.5,21.46,36.06580867,251104.pO2xPO4_5x5e.dat.32,40.28
0.5,1.2,0.012529629,Background,2.5,0.5,21.46,33.90417987,251104.pO2xPO4_5x5e.dat.22,55.32
0.4,1.2,0.005501465,Background,2.5,0.5,21.46,32.00879291,251104.pO2xPO4_5x5e.dat.12,69.63
0.3,1.2,0.000829487,Background,2.5,0.5,21.46,30.29553227,251104.pO2xPO4_5x5e.dat.02,85.23
0.7,1.3,0.024565752,Background,2.5,0.5,21.46,52.75700823,251104.pO2xPO4_5x5e.dat.43,32.57
0.6,1.3,0.014178465,Background,2.5,0.5,21.46,49.61967716,251104.pO2xPO4_5x5e.dat.33,46.51
0.5,1.3,0.008305746,Background,2.5,0.5,21.46,46.84006126,251104.pO2xPO4_5x5e.dat.23,59.91
0.4,1.3,0.002636667,Background,2.5,0.5,21.46,44.41573037,251104.pO2xPO4_5x5e.dat.13,72.84
0.3,1.3,0.000281519,Background,2.5,0.5,21.46,42.27841055,251104.pO2xPO4_5x5e.dat.03,88.17
0.7,1.4,0.014870487,Background,2.5,0.5,21.46,68.50372301,251104.pO2xPO4_5x5e.dat.44,37.16
0.6,1.4,0.010655005,Background,2.5,0.5,21.46,64.53441893,251104.pO2xPO4_5x5e.dat.34,50.83
0.5,1.4,0.003268534,Background,2.5,0.5,21.46,61.06146611,251104.pO2xPO4_5x5e.dat.24,63.94
0.4,1.4,0.000570764,Background,2.5,0.5,21.46,58.10456423,251104.pO2xPO4_5x5e.dat.14,75.14
0.3,1.4,0.000114616,Background,2.5,0.5,21.46,55.43631414,251104.pO2xPO4_5x5e.dat.04,89.45
0.7,1.0,0.317826931,Kellwasser,2.5,0.5,21.46,14.76851048,251104.pO2xPO4_5x5e.dat.40,9.63
0.6,1.0,0.206063632,Kellwasser,2.5,0.5,21.46,13.44870634,251104.pO2xPO4_5x5e.dat.30,25.69
0.5,1.0,0.138708028,Kellwasser,2.5,0.5,21.46,12.25218693,251104.pO2xPO4_5x5e.dat.20,43.49
0.4,1.0,0.032094733,Kellwasser,2.5,0.5,21.46,11.24863775,251104.pO2xPO4_5x5e.dat.10,60.92
0.3,1.0,0.014114387,Kellwasser,2.5,0.5,21.46,10.4422852,251104.pO2xPO4_5x5e.dat.00,76.15
0.7,1.1,0.216059324,Kellwasser,2.5,0.5,21.46,25.8278651,251104.pO2xPO4_5x5e.dat.41,16.7
0.6,1.1,0.146248371,Kellwasser,2.5,0.5,21.46,23.97233402,251104.pO2xPO4_5x5e.dat.31,33.85
0.5,1.1,0.060577956,Kellwasser,2.5,0.5,21.46,22.31596409,251104.pO2xPO4_5x5e.dat.21,49.54
0.4,1.1,0.018351422,Kellwasser,2.5,0.5,21.46,20.89300142,251104.pO2xPO4_5x5e.dat.11,66.24
0.3,1.1,0.007253017,Kellwasser,2.5,0.5,21.46,19.62282113,251104.pO2xPO4_5x5e.dat.01,81.19
0.7,1.2,0.152020799,Kellwasser,2.5,0.5,21.46,38.53549424,251104.pO2xPO4_5x5e.dat.42,26.51
0.6,1.2,0.109381357,Kellwasser,2.5,0.5,21.46,36.06580867,251104.pO2xPO4_5x5e.dat.32,40.28
0.5,1.2,0.025639889,Kellwasser,2.5,0.5,21.46,33.90417987,251104.pO2xPO4_5x5e.dat.22,55.32
0.4,1.2,0.010890434,Kellwasser,2.5,0.5,21.46,32.00879291,251104.pO2xPO4_5x5e.dat.12,69.63
0.3,1.2,0.003836643,Kellwasser,2.5,0.5,21.46,30.29553227,251104.pO2xPO4_5x5e.dat.02,85.23
0.7,1.3,0.110274276,Kellwasser,2.5,0.5,21.46,52.75700823,251104.pO2xPO4_5x5e.dat.43,32.57
0.6,1.3,0.075426953,Kellwasser,2.5,0.5,21.46,49.61967716,251104.pO2xPO4_5x5e.dat.33,46.51
0.5,1.3,0.01288613,Kellwasser,2.5,0.5,21.46,46.84006126,251104.pO2xPO4_5x5e.dat.23,59.91
0.4,1.3,0.006623207,Kellwasser,2.5,0.5,21.46,44.41573037,251104.pO2xPO4_5x5e.dat.13,72.84
0.3,1.3,0.001881629,Kellwasser,2.5,0.5,21.46,42.27841055,251104.pO2xPO4_5x5e.dat.03,88.17
0.7,1.4,0.079731638,Kellwasser,2.5,0.5,21.46,68.50372301,251104.pO2xPO4_5x5e.dat.44,37.16
0.6,1.4,0.027084534,Kellwasser,2.5,0.5,21.46,64.53441893,251104.pO2xPO4_5x5e.dat.34,50.83
0.5,1.4,0.00768879,Kellwasser,2.5,0.5,21.46,61.06146611,251104.pO2xPO4_5x5e.dat.24,63.94
0.4,1.4,0.003183706,Kellwasser,2.5,0.5,21.46,58.10456423,251104.pO2xPO4_5x5e.dat.14,75.14
0.3,1.4,0.00072503,Kellwasser,2.5,0.5,21.46,55.43631414,251104.pO2xPO4_5x5e.dat.04,89.45
0.7,1.5,0.010566932,Background,2.5,0.5,21.46,9.512417819,251104.pO2xPO4_5x5f.dat.40,43.85
0.6,1.5,0.005544598,Background,2.5,0.5,21.46,8.940522093,251104.pO2xPO4_5x5f.dat.30,55.32
0.5,1.5,0.000662381,Background,2.5,0.5,21.46,8.595793588,251104.pO2xPO4_5x5f.dat.20,67.52
0.4,1.5,0.000150694,Background,2.5,0.5,21.46,8.138833437,251104.pO2xPO4_5x5f.dat.10,77.16
0.3,1.5,8.03e-05,Background,2.5,0.5,21.46,7.72763633,251104.pO2xPO4_5x5f.dat.00,90.0
0.7,1.6,0.006958571,Background,2.5,0.5,21.46,18.00629434,251104.pO2xPO4_5x5f.dat.41,47.8
0.6,1.6,0.001785426,Background,2.5,0.5,21.46,16.90247518,251104.pO2xPO4_5x5f.dat.31,58.9
0.5,1.6,0.000251759,Background,2.5,0.5,21.46,16.3377772,251104.pO2xPO4_5x5f.dat.21,69.63
0.4,1.6,0.00011456,Background,2.5,0.5,21.46,15.446014,251104.pO2xPO4_5x5f.dat.11,81.01
0.3,1.6,6.71e-05,Background,2.5,0.5,21.46,14.63788067,251104.pO2xPO4_5x5f.dat.01,90.0
0.7,1.7,0.002046841,Background,2.5,0.5,21.46,28.30651829,251104.pO2xPO4_5x5f.dat.42,50.37
0.6,1.7,0.000304884,Background,2.5,0.5,21.46,26.92773342,251104.pO2xPO4_5x5f.dat.32,61.56
0.5,1.7,0.000133784,Background,2.5,0.5,21.46,26.14158075,251104.pO2xPO4_5x5f.dat.22,70.92
0.4,1.7,0.000102538,Background,2.5,0.5,21.46,25.0226276,251104.pO2xPO4_5x5f.dat.12,82.66
0.3,1.7,5.96e-05,Background,2.5,0.5,21.46,23.98706238,251104.pO2xPO4_5x5f.dat.02,90.0
0.7,1.8,0.000481221,Background,2.5,0.5,21.46,39.93539212,251104.pO2xPO4_5x5f.dat.43,53.49
0.6,1.8,0.000134739,Background,2.5,0.5,21.46,38.15531818,251104.pO2xPO4_5x5f.dat.33,64.04
0.5,1.8,0.00011826,Background,2.5,0.5,21.46,36.97126158,251104.pO2xPO4_5x5f.dat.23,72.84
0.4,1.8,9.37e-05,Background,2.5,0.5,21.46,35.56892625,251104.pO2xPO4_5x5f.dat.13,82.57
0.3,1.8,5.47e-05,Background,2.5,0.5,21.46,34.29705976,251104.pO2xPO4_5x5f.dat.03,89.54
0.7,1.9,0.000182029,Background,2.5,0.5,21.46,52.59290629,251104.pO2xPO4_5x5f.dat.44,56.51
0.6,1.9,0.000118138,Background,2.5,0.5,21.46,50.4429845,251104.pO2xPO4_5x5f.dat.34,66.15
0.5,1.9,0.000105877,Background,2.5,0.5,21.46,48.99974374,251104.pO2xPO4_5x5f.dat.24,74.68
0.4,1.9,8.58e-05,Background,2.5,0.5,21.46,47.26379484,251104.pO2xPO4_5x5f.dat.14,85.5
0.3,1.9,5.04e-05,Background,2.5,0.5,21.46,45.65727795,251104.pO2xPO4_5x5f.dat.04,89.27
0.7,1.5,0.05614316,Kellwasser,2.5,0.5,21.46,9.512417819,251104.pO2xPO4_5x5f.dat.40,43.85
0.6,1.5,0.01037691,Kellwasser,2.5,0.5,21.46,8.940522093,251104.pO2xPO4_5x5f.dat.30,55.32
0.5,1.5,0.003746945,Kellwasser,2.5,0.5,21.46,8.595793588,251104.pO2xPO4_5x5f.dat.20,67.52
0.4,1.5,0.000958062,Kellwasser,2.5,0.5,21.46,8.138833437,251104.pO2xPO4_5x5f.dat.10,77.16
0.3,1.5,0.000483147,Kellwasser,2.5,0.5,21.46,7.72763633,251104.pO2xPO4_5x5f.dat.00,90.0
0.7,1.6,0.018969821,Kellwasser,2.5,0.5,21.46,18.00629434,251104.pO2xPO4_5x5f.dat.41,47.8
0.6,1.6,0.004764991,Kellwasser,2.5,0.5,21.46,16.90247518,251104.pO2xPO4_5x5f.dat.31,58.9
0.5,1.6,0.001677809,Kellwasser,2.5,0.5,21.46,16.3377772,251104.pO2xPO4_5x5f.dat.21,69.63
0.4,1.6,0.000718739,Kellwasser,2.5,0.5,21.46,15.446014,251104.pO2xPO4_5x5f.dat.11,81.01
0.3,1.6,0.000389688,Kellwasser,2.5,0.5,21.46,14.63788067,251104.pO2xPO4_5x5f.dat.01,90.0
0.7,1.7,0.006779226,Kellwasser,2.5,0.5,21.46,28.30651829,251104.pO2xPO4_5x5f.dat.42,50.37
0.6,1.7,0.002024863,Kellwasser,2.5,0.5,21.46,26.92773342,251104.pO2xPO4_5x5f.dat.32,61.56
0.5,1.7,0.000836791,Kellwasser,2.5,0.5,21.46,26.14158075,251104.pO2xPO4_5x5f.dat.22,70.92
0.4,1.7,0.000632666,Kellwasser,2.5,0.5,21.46,25.0226276,251104.pO2xPO4_5x5f.dat.12,82.66
0.3,1.7,0.000336146,Kellwasser,2.5,0.5,21.46,23.98706238,251104.pO2xPO4_5x5f.dat.02,90.0
0.7,1.8,0.003022462,Kellwasser,2.5,0.5,21.46,39.93539212,251104.pO2xPO4_5x5f.dat.43,53.49
0.6,1.8,0.000851512,Kellwasser,2.5,0.5,21.46,38.15531818,251104.pO2xPO4_5x5f.dat.33,64.04
0.5,1.8,0.000730035,Kellwasser,2.5,0.5,21.46,36.97126158,251104.pO2xPO4_5x5f.dat.23,72.84
0.4,1.8,0.000570373,Kellwasser,2.5,0.5,21.46,35.56892625,251104.pO2xPO4_5x5f.dat.13,82.57
0.3,1.8,0.000301051,Kellwasser,2.5,0.5,21.46,34.29705976,251104.pO2xPO4_5x5f.dat.03,89.54
0.7,1.9,0.001180101,Kellwasser,2.5,0.5,21.46,52.59290629,251104.pO2xPO4_5x5f.dat.44,56.51
0.6,1.9,0.000729444,Kellwasser,2.5,0.5,21.46,50.4429845,251104.pO2xPO4_5x5f.dat.34,66.15
0.5,1.9,0.00064283,Kellwasser,2.5,0.5,21.46,48.99974374,251104.pO2xPO4_5x5f.dat.24,74.68
0.4,1.9,0.000517648,Kellwasser,2.5,0.5,21.46,47.26379484,251104.pO2xPO4_5x5f.dat.14,85.5
0.3,1.9,0.000269972,Kellwasser,2.5,0.5,21.46,45.65727795,251104.pO2xPO4_5x5f.dat.04,89.27
1.2,2.0,0.010827188,Background,2.5,0.5,21.46,56.26658094,Devon370Ma_050xRemin_2.5xpCO2.pO2xPO4_5x5g.dat.40,10.64
1.1,2.0,0.007173468,Background,2.5,0.5,21.46,54.66654329,Devon370Ma_050xRemin_2.5xpCO2.pO2xPO4_5x5g.dat.30,17.89
1.0,2.0,0.004725089,Background,2.5,0.5,21.46,53.20126002,Devon370Ma_050xRemin_2.5xpCO2.pO2xPO4_5x5g.dat.20,29.82
0.9,2.0,0.001718131,Background,2.5,0.5,21.46,51.84358088,Devon370Ma_050xRemin_2.5xpCO2.pO2xPO4_5x5g.dat.10,40.0
0.8,2.0,0.000221191,Background,2.5,0.5,21.46,50.61382763,Devon370Ma_050xRemin_2.5xpCO2.pO2xPO4_5x5g.dat.00,49.27
1.2,2.1,0.006987027,Background,2.5,0.5,21.46,69.13417747,Devon370Ma_050xRemin_2.5xpCO2.pO2xPO4_5x5g.dat.41,13.03
1.1,2.1,0.003970974,Background,2.5,0.5,21.46,67.27199798,Devon370Ma_050xRemin_2.5xpCO2.pO2xPO4_5x5g.dat.31,23.3
1.0,2.1,0.001392529,Background,2.5,0.5,21.46,65.6070406,Devon370Ma_050xRemin_2.5xpCO2.pO2xPO4_5x5g.dat.21,32.29
0.9,2.1,0.000904364,Background,2.5,0.5,21.46,64.0806029,Devon370Ma_050xRemin_2.5xpCO2.pO2xPO4_5x5g.dat.11,43.03
0.8,2.1,0.00015164,Background,2.5,0.5,21.46,62.63014075,Devon370Ma_050xRemin_2.5xpCO2.pO2xPO4_5x5g.dat.01,51.65
1.2,2.2,0.002938983,Background,2.5,0.5,21.46,82.99949695,Devon370Ma_050xRemin_2.5xpCO2.pO2xPO4_5x5g.dat.42,17.06
1.1,2.2,0.001438252,Background,2.5,0.5,21.46,80.81885608,Devon370Ma_050xRemin_2.5xpCO2.pO2xPO4_5x5g.dat.32,26.97
1.0,2.2,0.000951007,Background,2.5,0.5,21.46,78.8348334,Devon370Ma_050xRemin_2.5xpCO2.pO2xPO4_5x5g.dat.22,35.05
0.9,2.2,0.000361198,Background,2.5,0.5,21.46,77.0120314,Devon370Ma_050xRemin_2.5xpCO2.pO2xPO4_5x5g.dat.12,45.05
0.8,2.2,0.000140801,Background,2.5,0.5,21.46,75.3450804,Devon370Ma_050xRemin_2.5xpCO2.pO2xPO4_5x5g.dat.02,54.04
1.2,2.3,0.001284649,Background,2.5,0.5,21.46,97.63792332,Devon370Ma_050xRemin_2.5xpCO2.pO2xPO4_5x5g.dat.43,19.45
1.1,2.3,0.000875104,Background,2.5,0.5,21.46,95.18064326,Devon370Ma_050xRemin_2.5xpCO2.pO2xPO4_5x5g.dat.33,30.09
1.0,2.3,0.000670178,Background,2.5,0.5,21.46,92.90817979,Devon370Ma_050xRemin_2.5xpCO2.pO2xPO4_5x5g.dat.23,38.99
0.9,2.3,0.000203332,Background,2.5,0.5,21.46,90.80571181,Devon370Ma_050xRemin_2.5xpCO2.pO2xPO4_5x5g.dat.13,47.71
0.8,2.3,0.000109114,Background,2.5,0.5,21.46,88.89549645,Devon370Ma_050xRemin_2.5xpCO2.pO2xPO4_5x5g.dat.03,55.96
1.2,2.4,0.000792694,Background,2.5,0.5,21.46,113.0414239,Devon370Ma_050xRemin_2.5xpCO2.pO2xPO4_5x5g.dat.44,22.84
1.1,2.4,0.00057328,Background,2.5,0.5,21.46,110.2214155,Devon370Ma_050xRemin_2.5xpCO2.pO2xPO4_5x5g.dat.34,31.65
1.0,2.4,0.000337423,Background,2.5,0.5,21.46,107.6856497,Devon370Ma_050xRemin_2.5xpCO2.pO2xPO4_5x5g.dat.24,41.93
0.9,2.4,0.00013364,Background,2.5,0.5,21.46,105.3762026,Devon370Ma_050xRemin_2.5xpCO2.pO2xPO4_5x5g.dat.14,49.54
0.8,2.4,0.000101765,Background,2.5,0.5,21.46,103.2240179,Devon370Ma_050xRemin_2.5xpCO2.pO2xPO4_5x5g.dat.04,57.8
1.2,2.0,0.037688951,Kellwasser,2.5,0.5,21.46,56.26658094,Devon370Ma_050xRemin_2.5xpCO2.pO2xPO4_5x5g.dat.40,10.64
1.1,2.0,0.029556695,Kellwasser,2.5,0.5,21.46,54.66654329,Devon370Ma_050xRemin_2.5xpCO2.pO2xPO4_5x5g.dat.30,17.89
1.0,2.0,0.021480297,Kellwasser,2.5,0.5,21.46,53.20126002,Devon370Ma_050xRemin_2.5xpCO2.pO2xPO4_5x5g.dat.20,29.82
0.9,2.0,0.010950967,Kellwasser,2.5,0.5,21.46,51.84358088,Devon370Ma_050xRemin_2.5xpCO2.pO2xPO4_5x5g.dat.10,40.0
0.8,2.0,0.001458462,Kellwasser,2.5,0.5,21.46,50.61382763,Devon370Ma_050xRemin_2.5xpCO2.pO2xPO4_5x5g.dat.00,49.27
1.2,2.1,0.025895756,Kellwasser,2.5,0.5,21.46,69.13417747,Devon370Ma_050xRemin_2.5xpCO2.pO2xPO4_5x5g.dat.41,13.03
1.1,2.1,0.01849901,Kellwasser,2.5,0.5,21.46,67.27199798,Devon370Ma_050xRemin_2.5xpCO2.pO2xPO4_5x5g.dat.31,23.3
1.0,2.1,0.01198082,Kellwasser,2.5,0.5,21.46,65.6070406,Devon370Ma_050xRemin_2.5xpCO2.pO2xPO4_5x5g.dat.21,32.29
0.9,2.1,0.006341389,Kellwasser,2.5,0.5,21.46,64.0806029,Devon370Ma_050xRemin_2.5xpCO2.pO2xPO4_5x5g.dat.11,43.03
0.8,2.1,0.00098531,Kellwasser,2.5,0.5,21.46,62.63014075,Devon370Ma_050xRemin_2.5xpCO2.pO2xPO4_5x5g.dat.01,51.65
1.2,2.2,0.016615506,Kellwasser,2.5,0.5,21.46,82.99949695,Devon370Ma_050xRemin_2.5xpCO2.pO2xPO4_5x5g.dat.42,17.06
1.1,2.2,0.011381894,Kellwasser,2.5,0.5,21.46,80.81885608,Devon370Ma_050xRemin_2.5xpCO2.pO2xPO4_5x5g.dat.32,26.97
1.0,2.2,0.007806314,Kellwasser,2.5,0.5,21.46,78.8348334,Devon370Ma_050xRemin_2.5xpCO2.pO2xPO4_5x5g.dat.22,35.05
0.9,2.2,0.002466299,Kellwasser,2.5,0.5,21.46,77.0120314,Devon370Ma_050xRemin_2.5xpCO2.pO2xPO4_5x5g.dat.12,45.05
0.8,2.2,0.000888192,Kellwasser,2.5,0.5,21.46,75.3450804,Devon370Ma_050xRemin_2.5xpCO2.pO2xPO4_5x5g.dat.02,54.04
1.2,2.3,0.010637169,Kellwasser,2.5,0.5,21.46,97.63792332,Devon370Ma_050xRemin_2.5xpCO2.pO2xPO4_5x5g.dat.43,19.45
1.1,2.3,0.007673331,Kellwasser,2.5,0.5,21.46,95.18064326,Devon370Ma_050xRemin_2.5xpCO2.pO2xPO4_5x5g.dat.33,30.09
1.0,2.3,0.004671256,Kellwasser,2.5,0.5,21.46,92.90817979,Devon370Ma_050xRemin_2.5xpCO2.pO2xPO4_5x5g.dat.23,38.99
0.9,2.3,0.00135084,Kellwasser,2.5,0.5,21.46,90.80571181,Devon370Ma_050xRemin_2.5xpCO2.pO2xPO4_5x5g.dat.13,47.71
0.8,2.3,0.000664528,Kellwasser,2.5,0.5,21.46,88.89549645,Devon370Ma_050xRemin_2.5xpCO2.pO2xPO4_5x5g.dat.03,55.96
1.2,2.4,0.007060265,Kellwasser,2.5,0.5,21.46,113.0414239,Devon370Ma_050xRemin_2.5xpCO2.pO2xPO4_5x5g.dat.44,22.84
1.1,2.4,0.004925619,Kellwasser,2.5,0.5,21.46,110.2214155,Devon370Ma_050xRemin_2.5xpCO2.pO2xPO4_5x5g.dat.34,31.65
1.0,2.4,0.002299584,Kellwasser,2.5,0.5,21.46,107.6856497,Devon370Ma_050xRemin_2.5xpCO2.pO2xPO4_5x5g.dat.24,41.93
0.9,2.4,0.000860997,Kellwasser,2.5,0.5,21.46,105.3762026,Devon370Ma_050xRemin_2.5xpCO2.pO2xPO4_5x5g.dat.14,49.54
0.8,2.4,0.000613061,Kellwasser,2.5,0.5,21.46,103.2240179,Devon370Ma_050xRemin_2.5xpCO2.pO2xPO4_5x5g.dat.04,57.8
0.7,2.0,0.000118817,Background,2.5,0.5,21.46,7.358802577,Devon370Ma_050xRemin_2.5xpCO2.pO2xPO4_5x5h.dat.40,58.44
0.6,2.0,0.000113653,Background,2.5,0.5,21.46,7.023643775,Devon370Ma_050xRemin_2.5xpCO2.pO2xPO4_5x5h.dat.30,67.61
0.5,2.0,9.73e-05,Background,2.5,0.5,21.46,6.725713774,Devon370Ma_050xRemin_2.5xpCO2.pO2xPO4_5x5h.dat.20,75.69
0.4,2.0,7.98e-05,Background,2.5,0.5,21.46,6.458761163,Devon370Ma_050xRemin_2.5xpCO2.pO2xPO4_5x5h.dat.10,87.8
0.3,2.0,4.61e-05,Background,2.5,0.5,21.46,6.217964255,Devon370Ma_050xRemin_2.5xpCO2.pO2xPO4_5x5h.dat.00,88.81
0.7,2.1,0.000111544,Background,2.5,0.5,21.46,13.92463037,Devon370Ma_050xRemin_2.5xpCO2.pO2xPO4_5x5h.dat.41,60.83
0.6,2.1,0.000108052,Background,2.5,0.5,21.46,13.31171643,Devon370Ma_050xRemin_2.5xpCO2.pO2xPO4_5x5h.dat.31,68.99
0.5,2.1,9.16e-05,Background,2.5,0.5,21.46,12.77930642,Devon370Ma_050xRemin_2.5xpCO2.pO2xPO4_5x5h.dat.21,76.51
0.4,2.1,7.37e-05,Background,2.5,0.5,21.46,12.31081023,Devon370Ma_050xRemin_2.5xpCO2.pO2xPO4_5x5h.dat.11,88.81
0.3,2.1,4.38e-05,Background,2.5,0.5,21.46,11.88460283,Devon370Ma_050xRemin_2.5xpCO2.pO2xPO4_5x5h.dat.01,88.72
0.7,2.2,0.000106251,Background,2.5,0.5,21.46,22.98120671,Devon370Ma_050xRemin_2.5xpCO2.pO2xPO4_5x5h.dat.42,62.39
0.6,2.2,0.000102242,Background,2.5,0.5,21.46,22.10352795,Devon370Ma_050xRemin_2.5xpCO2.pO2xPO4_5x5h.dat.32,70.28
0.5,2.2,8.63e-05,Background,2.5,0.5,21.46,21.29646236,Devon370Ma_050xRemin_2.5xpCO2.pO2xPO4_5x5h.dat.22,77.43
0.4,2.2,6.95e-05,Background,2.5,0.5,21.46,20.54941615,Devon370Ma_050xRemin_2.5xpCO2.pO2xPO4_5x5h.dat.12,89.45
0.3,2.2,3.86e-05,Background,2.5,0.5,21.46,19.87448559,Devon370Ma_050xRemin_2.5xpCO2.pO2xPO4_5x5h.dat.02,88.62
0.7,2.3,0.000101199,Background,2.5,0.5,21.46,33.12572881,Devon370Ma_050xRemin_2.5xpCO2.pO2xPO4_5x5h.dat.43,64.31
0.6,2.3,9.8e-05,Background,2.5,0.5,21.46,32.04818495,Devon370Ma_050xRemin_2.5xpCO2.pO2xPO4_5x5h.dat.33,71.56
0.5,2.3,8.22e-05,Background,2.5,0.5,21.46,31.06195436,Devon370Ma_050xRemin_2.5xpCO2.pO2xPO4_5x5h.dat.23,78.62
0.4,2.3,5.84e-05,Background,2.5,0.5,21.46,30.14449976,Devon370Ma_050xRemin_2.5xpCO2.pO2xPO4_5x5h.dat.13,89.36
0.3,2.3,3.61e-05,Background,2.5,0.5,21.46,29.26045454,Devon370Ma_050xRemin_2.5xpCO2.pO2xPO4_5x5h.dat.03,88.53
0.7,2.4,9.73e-05,Background,2.5,0.5,21.46,44.16171942,Devon370Ma_050xRemin_2.5xpCO2.pO2xPO4_5x5h.dat.44,65.69
0.6,2.4,9.25e-05,Background,2.5,0.5,21.46,42.8338426,Devon370Ma_050xRemin_2.5xpCO2.pO2xPO4_5x5h.dat.34,72.48
0.5,2.4,7.78e-05,Background,2.5,0.5,21.46,41.6634357,Devon370Ma_050xRemin_2.5xpCO2.pO2xPO4_5x5h.dat.24,81.28
0.4,2.4,5.55e-05,Background,2.5,0.5,21.46,40.56668331,Devon370Ma_050xRemin_2.5xpCO2.pO2xPO4_5x5h.dat.14,89.54
0.3,2.4,3.48e-05,Background,2.5,0.5,21.46,39.55645661,Devon370Ma_050xRemin_2.5xpCO2.pO2xPO4_5x5h.dat.04,88.53
0.7,2.0,0.000732861,Kellwasser,2.5,0.5,21.46,7.358802577,Devon370Ma_050xRemin_2.5xpCO2.pO2xPO4_5x5h.dat.40,58.44
0.6,2.0,0.000698468,Kellwasser,2.5,0.5,21.46,7.023643775,Devon370Ma_050xRemin_2.5xpCO2.pO2xPO4_5x5h.dat.30,67.61
0.5,2.0,0.000594592,Kellwasser,2.5,0.5,21.46,6.725713774,Devon370Ma_050xRemin_2.5xpCO2.pO2xPO4_5x5h.dat.20,75.69
0.4,2.0,0.000476324,Kellwasser,2.5,0.5,21.46,6.458761163,Devon370Ma_050xRemin_2.5xpCO2.pO2xPO4_5x5h.dat.10,87.8
0.3,2.0,0.000237365,Kellwasser,2.5,0.5,21.46,6.217964255,Devon370Ma_050xRemin_2.5xpCO2.pO2xPO4_5x5h.dat.00,88.81
0.7,2.1,0.000681063,Kellwasser,2.5,0.5,21.46,13.92463037,Devon370Ma_050xRemin_2.5xpCO2.pO2xPO4_5x5h.dat.41,60.83
0.6,2.1,0.000656089,Kellwasser,2.5,0.5,21.46,13.31171643,Devon370Ma_050xRemin_2.5xpCO2.pO2xPO4_5x5h.dat.31,68.99
0.5,2.1,0.000555513,Kellwasser,2.5,0.5,21.46,12.77930642,Devon370Ma_050xRemin_2.5xpCO2.pO2xPO4_5x5h.dat.21,76.51
0.4,2.1,0.000433604,Kellwasser,2.5,0.5,21.46,12.31081023,Devon370Ma_050xRemin_2.5xpCO2.pO2xPO4_5x5h.dat.11,88.81
0.3,2.1,0.000222676,Kellwasser,2.5,0.5,21.46,11.88460283,Devon370Ma_050xRemin_2.5xpCO2.pO2xPO4_5x5h.dat.01,88.72
0.7,2.2,0.000643619,Kellwasser,2.5,0.5,21.46,22.98120671,Devon370Ma_050xRemin_2.5xpCO2.pO2xPO4_5x5h.dat.42,62.39
0.6,2.2,0.000617836,Kellwasser,2.5,0.5,21.46,22.10352795,Devon370Ma_050xRemin_2.5xpCO2.pO2xPO4_5x5h.dat.32,70.28
0.5,2.2,0.000519029,Kellwasser,2.5,0.5,21.46,21.29646236,Devon370Ma_050xRemin_2.5xpCO2.pO2xPO4_5x5h.dat.22,77.43
0.4,2.2,0.000403977,Kellwasser,2.5,0.5,21.46,20.54941615,Devon370Ma_050xRemin_2.5xpCO2.pO2xPO4_5x5h.dat.12,89.45
0.3,2.2,0.000184994,Kellwasser,2.5,0.5,21.46,19.87448559,Devon370Ma_050xRemin_2.5xpCO2.pO2xPO4_5x5h.dat.02,88.62
0.7,2.3,0.000610281,Kellwasser,2.5,0.5,21.46,33.12572881,Devon370Ma_050xRemin_2.5xpCO2.pO2xPO4_5x5h.dat.43,64.31
0.6,2.3,0.000588171,Kellwasser,2.5,0.5,21.46,32.04818495,Devon370Ma_050xRemin_2.5xpCO2.pO2xPO4_5x5h.dat.33,71.56
0.5,2.3,0.000490591,Kellwasser,2.5,0.5,21.46,31.06195436,Devon370Ma_050xRemin_2.5xpCO2.pO2xPO4_5x5h.dat.23,78.62
0.4,2.3,0.000326377,Kellwasser,2.5,0.5,21.46,30.14449976,Devon370Ma_050xRemin_2.5xpCO2.pO2xPO4_5x5h.dat.13,89.36
0.3,2.3,0.000166202,Kellwasser,2.5,0.5,21.46,29.26045454,Devon370Ma_050xRemin_2.5xpCO2.pO2xPO4_5x5h.dat.03,88.53
0.7,2.4,0.000582237,Kellwasser,2.5,0.5,21.46,44.16171942,Devon370Ma_050xRemin_2.5xpCO2.pO2xPO4_5x5h.dat.44,65.69
0.6,2.4,0.000560598,Kellwasser,2.5,0.5,21.46,42.8338426,Devon370Ma_050xRemin_2.5xpCO2.pO2xPO4_5x5h.dat.34,72.48
0.5,2.4,0.000462068,Kellwasser,2.5,0.5,21.46,41.6634357,Devon370Ma_050xRemin_2.5xpCO2.pO2xPO4_5x5h.dat.24,81.28
0.4,2.4,0.000305126,Kellwasser,2.5,0.5,21.46,40.56668331,Devon370Ma_050xRemin_2.5xpCO2.pO2xPO4_5x5h.dat.14,89.54
0.3,2.4,0.000156565,Kellwasser,2.5,0.5,21.46,39.55645661,Devon370Ma_050xRemin_2.5xpCO2.pO2xPO4_5x5h.dat.04,88.53
1.2,0.5,0.0370715859038057,Background,5.0,0.5,24.06,125.0835630344227,Devon370Ma_050xRemin_5xpCO2.pO2xPO4_5x5a.dat.40,0.0
1.1,0.5,0.0002510501445583,Background,5.0,0.5,24.06,111.49833881063388,Devon370Ma_050xRemin_5xpCO2.pO2xPO4_5x5a.dat.30,0.0
1.0,0.5,0.010548406084793,Background,5.0,0.5,24.06,99.09598156809808,Devon370Ma_050xRemin_5xpCO2.pO2xPO4_5x5a.dat.20,0.09
0.9,0.5,0.0574753660653996,Background,5.0,0.5,24.06,89.68394104158506,Devon370Ma_050xRemin_5xpCO2.pO2xPO4_5x5a.dat.10,0.37
0.8,0.5,0.1409302029132332,Background,5.0,0.5,24.06,82.8425181680359,Devon370Ma_050xRemin_5xpCO2.pO2xPO4_5x5a.dat.00,0.73
1.2,0.6,0.0224196528953241,Background,5.0,0.5,24.06,149.6825134381652,Devon370Ma_050xRemin_5xpCO2.pO2xPO4_5x5a.dat.41,0.09
1.1,0.6,0.0705782011530807,Background,5.0,0.5,24.06,135.7178553007543,Devon370Ma_050xRemin_5xpCO2.pO2xPO4_5x5a.dat.31,0.28
1.0,0.6,0.1086806961305463,Background,5.0,0.5,24.06,122.48833081685008,Devon370Ma_050xRemin_5xpCO2.pO2xPO4_5x5a.dat.21,0.55
0.9,0.6,0.2377802756899554,Background,5.0,0.5,24.06,110.4812981793657,Devon370Ma_050xRemin_5xpCO2.pO2xPO4_5x5a.dat.11,0.83
0.8,0.6,0.2349192292086675,Background,5.0,0.5,24.06,101.3245855574496,Devon370Ma_050xRemin_5xpCO2.pO2xPO4_5x5a.dat.01,1.38
1.2,0.7,0.0963720186523835,Background,5.0,0.5,24.06,174.3762259138748,Devon370Ma_050xRemin_5xpCO2.pO2xPO4_5x5a.dat.42,0.46
1.1,0.7,0.1584847476294959,Background,5.0,0.5,24.06,160.23150237742811,Devon370Ma_050xRemin_5xpCO2.pO2xPO4_5x5a.dat.32,0.73
1.0,0.7,0.2796719706120192,Background,5.0,0.5,24.06,146.60203305538744,Devon370Ma_050xRemin_5xpCO2.pO2xPO4_5x5a.dat.22,1.1
0.9,0.7,0.1499106538570473,Background,5.0,0.5,24.06,133.69895168580115,Devon370Ma_050xRemin_5xpCO2.pO2xPO4_5x5a.dat.12,1.47
0.8,0.7,0.0702598291284192,Background,5.0,0.5,24.06,122.05975508550182,Devon370Ma_050xRemin_5xpCO2.pO2xPO4_5x5a.dat.02,2.11
1.2,0.8,0.2562611770180136,Background,5.0,0.5,24.06,199.15307348128408,Devon370Ma_050xRemin_5xpCO2.pO2xPO4_5x5a.dat.43,0.83
1.1,0.8,0.3435284214023961,Background,5.0,0.5,24.06,184.8710089689121,Devon370Ma_050xRemin_5xpCO2.pO2xPO4_5x5a.dat.33,1.28
1.0,0.8,0.0215379322676775,Background,5.0,0.5,24.06,171.02817946579307,Devon370Ma_050xRemin_5xpCO2.pO2xPO4_5x5a.dat.23,1.65
0.9,0.8,0.0653614450427467,Background,5.0,0.5,24.06,157.72525512147695,Devon370Ma_050xRemin_5xpCO2.pO2xPO4_5x5a.dat.13,2.02
0.8,0.8,0.0906717357632859,Background,5.0,0.5,24.06,145.12949564959854,Devon370Ma_050xRemin_5xpCO2.pO2xPO4_5x5a.dat.03,3.94
1.2,0.9,0.3524797837215508,Background,5.0,0.5,24.06,223.95962150767448,Devon370Ma_050xRemin_5xpCO2.pO2xPO4_5x5a.dat.44,1.19
1.1,0.9,0.0418603293723366,Background,5.0,0.5,24.06,209.58918321412057,Devon370Ma_050xRemin_5xpCO2.pO2xPO4_5x5a.dat.34,1.65
1.0,0.9,0.0609903943334434,Background,5.0,0.5,24.06,195.62103261705488,Devon370Ma_050xRemin_5xpCO2.pO2xPO4_5x5a.dat.24,2.11
0.9,0.9,0.0902128529895702,Background,5.0,0.5,24.06,182.06954700872305,Devon370Ma_050xRemin_5xpCO2.pO2xPO4_5x5a.dat.14,3.94
0.8,0.9,0.0674699365750472,Background,5.0,0.5,24.06,169.07977988012135,Devon370Ma_050xRemin_5xpCO2.pO2xPO4_5x5a.dat.04,6.06
1.2,0.5,0.0171472978372628,Kellwasser,5.0,0.5,24.06,125.0835630344227,Devon370Ma_050xRemin_5xpCO2.pO2xPO4_5x5a.dat.40,0.0
1.1,0.5,0.0162020792040842,Kellwasser,5.0,0.5,24.06,111.49833881063388,Devon370Ma_050xRemin_5xpCO2.pO2xPO4_5x5a.dat.30,0.0
1.0,0.5,0.0169302961715174,Kellwasser,5.0,0.5,24.06,99.09598156809808,Devon370Ma_050xRemin_5xpCO2.pO2xPO4_5x5a.dat.20,0.09
0.9,0.5,0.0174877620151945,Kellwasser,5.0,0.5,24.06,89.68394104158506,Devon370Ma_050xRemin_5xpCO2.pO2xPO4_5x5a.dat.10,0.37
0.8,0.5,0.0206290210270535,Kellwasser,5.0,0.5,24.06,82.8425181680359,Devon370Ma_050xRemin_5xpCO2.pO2xPO4_5x5a.dat.00,0.73
1.2,0.6,0.0170709830688488,Kellwasser,5.0,0.5,24.06,149.6825134381652,Devon370Ma_050xRemin_5xpCO2.pO2xPO4_5x5a.dat.41,0.09
1.1,0.6,0.0175292034108806,Kellwasser,5.0,0.5,24.06,135.7178553007543,Devon370Ma_050xRemin_5xpCO2.pO2xPO4_5x5a.dat.31,0.28
1.0,0.6,0.0196315975791494,Kellwasser,5.0,0.5,24.06,122.48833081685008,Devon370Ma_050xRemin_5xpCO2.pO2xPO4_5x5a.dat.21,0.55
0.9,0.6,0.0206388226675466,Kellwasser,5.0,0.5,24.06,110.4812981793657,Devon370Ma_050xRemin_5xpCO2.pO2xPO4_5x5a.dat.11,0.83
0.8,0.6,0.0485988642235439,Kellwasser,5.0,0.5,24.06,101.3245855574496,Devon370Ma_050xRemin_5xpCO2.pO2xPO4_5x5a.dat.01,1.38
1.2,0.7,0.0180403282004877,Kellwasser,5.0,0.5,24.06,174.3762259138748,Devon370Ma_050xRemin_5xpCO2.pO2xPO4_5x5a.dat.42,0.46
1.1,0.7,0.0211009393651112,Kellwasser,5.0,0.5,24.06,160.23150237742811,Devon370Ma_050xRemin_5xpCO2.pO2xPO4_5x5a.dat.32,0.73
1.0,0.7,0.0241314263599662,Kellwasser,5.0,0.5,24.06,146.60203305538744,Devon370Ma_050xRemin_5xpCO2.pO2xPO4_5x5a.dat.22,1.1
0.9,0.7,0.0892872210242826,Kellwasser,5.0,0.5,24.06,133.69895168580115,Devon370Ma_050xRemin_5xpCO2.pO2xPO4_5x5a.dat.12,1.47
0.8,0.7,0.3699371106136372,Kellwasser,5.0,0.5,24.06,122.05975508550182,Devon370Ma_050xRemin_5xpCO2.pO2xPO4_5x5a.dat.02,2.11
1.2,0.8,0.0208508009680339,Kellwasser,5.0,0.5,24.06,199.15307348128408,Devon370Ma_050xRemin_5xpCO2.pO2xPO4_5x5a.dat.43,0.83
1.1,0.8,0.0252746429810528,Kellwasser,5.0,0.5,24.06,184.8710089689121,Devon370Ma_050xRemin_5xpCO2.pO2xPO4_5x5a.dat.33,1.28
1.0,0.8,0.1857825932267043,Kellwasser,5.0,0.5,24.06,171.02817946579307,Devon370Ma_050xRemin_5xpCO2.pO2xPO4_5x5a.dat.23,1.65
0.9,0.8,0.4184250126607692,Kellwasser,5.0,0.5,24.06,157.72525512147695,Devon370Ma_050xRemin_5xpCO2.pO2xPO4_5x5a.dat.13,2.02
0.8,0.8,0.6631616641508077,Kellwasser,5.0,0.5,24.06,145.12949564959854,Devon370Ma_050xRemin_5xpCO2.pO2xPO4_5x5a.dat.03,3.94
1.2,0.9,0.0388936706093723,Kellwasser,5.0,0.5,24.06,223.95962150767448,Devon370Ma_050xRemin_5xpCO2.pO2xPO4_5x5a.dat.44,1.19
1.1,0.9,0.2299113658488006,Kellwasser,5.0,0.5,24.06,209.58918321412057,Devon370Ma_050xRemin_5xpCO2.pO2xPO4_5x5a.dat.34,1.65
1.0,0.9,0.4690006610199356,Kellwasser,5.0,0.5,24.06,195.62103261705488,Devon370Ma_050xRemin_5xpCO2.pO2xPO4_5x5a.dat.24,2.11
0.9,0.9,0.6865710553356144,Kellwasser,5.0,0.5,24.06,182.06954700872305,Devon370Ma_050xRemin_5xpCO2.pO2xPO4_5x5a.dat.14,3.94
0.8,0.9,0.6546760897668366,Kellwasser,5.0,0.5,24.06,169.07977988012135,Devon370Ma_050xRemin_5xpCO2.pO2xPO4_5x5a.dat.04,6.06
1.2,1.0,0.0439049461032036,Background,5.0,0.5,24.06,77.38088606856763,Devon370Ma_050xRemin_5xpCO2.pO2xPO4_5x5b.dat.40,1.65
1.1,1.0,0.0577991832618789,Background,5.0,0.5,24.06,72.87262269528583,Devon370Ma_050xRemin_5xpCO2.pO2xPO4_5x5b.dat.30,2.11
1.0,1.0,0.0866686114079505,Background,5.0,0.5,24.06,68.92758392496035,Devon370Ma_050xRemin_5xpCO2.pO2xPO4_5x5b.dat.20,3.85
0.9,1.0,0.0624127805202272,Background,5.0,0.5,24.06,65.63460192410275,Devon370Ma_050xRemin_5xpCO2.pO2xPO4_5x5b.dat.10,5.78
0.8,1.0,0.0515915562144636,Background,5.0,0.5,24.06,62.68177821766585,Devon370Ma_050xRemin_5xpCO2.pO2xPO4_5x5b.dat.00,7.89
1.2,1.1,0.0523116272153542,Background,5.0,0.5,24.06,94.45377509109676,Devon370Ma_050xRemin_5xpCO2.pO2xPO4_5x5b.dat.41,2.2
1.1,1.1,0.0777799361471954,Background,5.0,0.5,24.06,88.88173761079088,Devon370Ma_050xRemin_5xpCO2.pO2xPO4_5x5b.dat.31,3.76
1.0,1.1,0.0545675594603529,Background,5.0,0.5,24.06,84.187529864721,Devon370Ma_050xRemin_5xpCO2.pO2xPO4_5x5b.dat.21,5.6
0.9,1.1,0.0454861805978261,Background,5.0,0.5,24.06,80.13493788894266,Devon370Ma_050xRemin_5xpCO2.pO2xPO4_5x5b.dat.11,7.16
0.8,1.1,0.0433402934881764,Background,5.0,0.5,24.06,76.53175998711959,Devon370Ma_050xRemin_5xpCO2.pO2xPO4_5x5b.dat.01,16.06
1.2,1.2,0.0685895337160155,Background,5.0,0.5,24.06,113.11670095892624,Devon370Ma_050xRemin_5xpCO2.pO2xPO4_5x5b.dat.42,3.67
1.1,1.2,0.0532432433349027,Background,5.0,0.5,24.06,106.22751869959755,Devon370Ma_050xRemin_5xpCO2.pO2xPO4_5x5b.dat.32,5.32
1.0,1.2,0.0454084632443707,Background,5.0,0.5,24.06,100.57092731585726,Devon370Ma_050xRemin_5xpCO2.pO2xPO4_5x5b.dat.22,6.88
0.9,1.2,0.0410010894283885,Background,5.0,0.5,24.06,95.71269765729085,Devon370Ma_050xRemin_5xpCO2.pO2xPO4_5x5b.dat.12,11.47
0.8,1.2,0.0347230418004093,Background,5.0,0.5,24.06,91.54830331681296,Devon370Ma_050xRemin_5xpCO2.pO2xPO4_5x5b.dat.02,23.94
1.2,1.3,0.0461733214660602,Background,5.0,0.5,24.06,133.82991892285645,Devon370Ma_050xRemin_5xpCO2.pO2xPO4_5x5b.dat.43,5.41
1.1,1.3,0.0395431205159556,Background,5.0,0.5,24.06,125.06831262726335,Devon370Ma_050xRemin_5xpCO2.pO2xPO4_5x5b.dat.33,6.33
1.0,1.3,0.0362735630358805,Background,5.0,0.5,24.06,118.16858022939414,Devon370Ma_050xRemin_5xpCO2.pO2xPO4_5x5b.dat.23,7.89
0.9,1.3,0.0319627646970887,Background,5.0,0.5,24.06,112.43983317399396,Devon370Ma_050xRemin_5xpCO2.pO2xPO4_5x5b.dat.13,17.71
0.8,1.3,0.0257250560638279,Background,5.0,0.5,24.06,107.48818021966144,Devon370Ma_050xRemin_5xpCO2.pO2xPO4_5x5b.dat.03,30.0
1.2,1.4,0.0344815662162091,Background,5.0,0.5,24.06,156.77729970775545,Devon370Ma_050xRemin_5xpCO2.pO2xPO4_5x5b.dat.44,5.78
1.1,1.4,0.0295558215494876,Background,5.0,0.5,24.06,145.79438720829785,Devon370Ma_050xRemin_5xpCO2.pO2xPO4_5x5b.dat.34,7.34
1.0,1.4,0.0304933121378497,Background,5.0,0.5,24.06,137.1872058371082,Devon370Ma_050xRemin_5xpCO2.pO2xPO4_5x5b.dat.24,12.75
0.9,1.4,0.0255332768125663,Background,5.0,0.5,24.06,130.28849207330495,Devon370Ma_050xRemin_5xpCO2.pO2xPO4_5x5b.dat.14,24.77
0.8,1.4,0.0193640094706853,Background,5.0,0.5,24.06,124.49519999790937,Devon370Ma_050xRemin_5xpCO2.pO2xPO4_5x5b.dat.04,35.78
1.2,1.0,0.2660717249277337,Kellwasser,5.0,0.5,24.06,77.38088606856763,Devon370Ma_050xRemin_5xpCO2.pO2xPO4_5x5b.dat.40,1.65
1.1,1.0,0.5203217078845807,Kellwasser,5.0,0.5,24.06,72.87262269528583,Devon370Ma_050xRemin_5xpCO2.pO2xPO4_5x5b.dat.30,2.11
1.0,1.0,0.7124632881975969,Kellwasser,5.0,0.5,24.06,68.92758392496035,Devon370Ma_050xRemin_5xpCO2.pO2xPO4_5x5b.dat.20,3.85
0.9,1.0,0.6438951675490725,Kellwasser,5.0,0.5,24.06,65.63460192410275,Devon370Ma_050xRemin_5xpCO2.pO2xPO4_5x5b.dat.10,5.78
0.8,1.0,0.4892354745972272,Kellwasser,5.0,0.5,24.06,62.68177821766585,Devon370Ma_050xRemin_5xpCO2.pO2xPO4_5x5b.dat.00,7.89
1.2,1.1,0.5922522504155139,Kellwasser,5.0,0.5,24.06,94.45377509109676,Devon370Ma_050xRemin_5xpCO2.pO2xPO4_5x5b.dat.41,2.2
1.1,1.1,0.733144707328096,Kellwasser,5.0,0.5,24.06,88.88173761079088,Devon370Ma_050xRemin_5xpCO2.pO2xPO4_5x5b.dat.31,3.76
1.0,1.1,0.6311639692841758,Kellwasser,5.0,0.5,24.06,84.187529864721,Devon370Ma_050xRemin_5xpCO2.pO2xPO4_5x5b.dat.21,5.6
0.9,1.1,0.492846190905856,Kellwasser,5.0,0.5,24.06,80.13493788894266,Devon370Ma_050xRemin_5xpCO2.pO2xPO4_5x5b.dat.11,7.16
0.8,1.1,0.2668687466962881,Kellwasser,5.0,0.5,24.06,76.53175998711959,Devon370Ma_050xRemin_5xpCO2.pO2xPO4_5x5b.dat.01,16.06
1.2,1.2,0.7417303074904389,Kellwasser,5.0,0.5,24.06,113.11670095892624,Devon370Ma_050xRemin_5xpCO2.pO2xPO4_5x5b.dat.42,3.67
1.1,1.2,0.6144080820764367,Kellwasser,5.0,0.5,24.06,106.22751869959755,Devon370Ma_050xRemin_5xpCO2.pO2xPO4_5x5b.dat.32,5.32
1.0,1.2,0.4723279411467236,Kellwasser,5.0,0.5,24.06,100.57092731585726,Devon370Ma_050xRemin_5xpCO2.pO2xPO4_5x5b.dat.22,6.88
0.9,1.2,0.2976334658826404,Kellwasser,5.0,0.5,24.06,95.71269765729085,Devon370Ma_050xRemin_5xpCO2.pO2xPO4_5x5b.dat.12,11.47
0.8,1.2,0.1798788916863065,Kellwasser,5.0,0.5,24.06,91.54830331681296,Devon370Ma_050xRemin_5xpCO2.pO2xPO4_5x5b.dat.02,23.94
1.2,1.3,0.5958119565365242,Kellwasser,5.0,0.5,24.06,133.82991892285645,Devon370Ma_050xRemin_5xpCO2.pO2xPO4_5x5b.dat.43,5.41
1.1,1.3,0.4482590222845532,Kellwasser,5.0,0.5,24.06,125.06831262726335,Devon370Ma_050xRemin_5xpCO2.pO2xPO4_5x5b.dat.33,6.33
1.0,1.3,0.2815514301593146,Kellwasser,5.0,0.5,24.06,118.16858022939414,Devon370Ma_050xRemin_5xpCO2.pO2xPO4_5x5b.dat.23,7.89
0.9,1.3,0.1789055761878411,Kellwasser,5.0,0.5,24.06,112.43983317399396,Devon370Ma_050xRemin_5xpCO2.pO2xPO4_5x5b.dat.13,17.71
0.8,1.3,0.1288523412644552,Kellwasser,5.0,0.5,24.06,107.48818021966144,Devon370Ma_050xRemin_5xpCO2.pO2xPO4_5x5b.dat.03,30.0
1.2,1.4,0.4256464393492956,Kellwasser,5.0,0.5,24.06,156.77729970775545,Devon370Ma_050xRemin_5xpCO2.pO2xPO4_5x5b.dat.44,5.78
1.1,1.4,0.3082507996271822,Kellwasser,5.0,0.5,24.06,145.79438720829785,Devon370Ma_050xRemin_5xpCO2.pO2xPO4_5x5b.dat.34,7.34
1.0,1.4,0.1740556357428108,Kellwasser,5.0,0.5,24.06,137.1872058371082,Devon370Ma_050xRemin_5xpCO2.pO2xPO4_5x5b.dat.24,12.75
0.9,1.4,0.121132002628911,Kellwasser,5.0,0.5,24.06,130.28849207330495,Devon370Ma_050xRemin_5xpCO2.pO2xPO4_5x5b.dat.14,24.77
0.8,1.4,0.0935278919614197,Kellwasser,5.0,0.5,24.06,124.49519999790937,Devon370Ma_050xRemin_5xpCO2.pO2xPO4_5x5b.dat.04,35.78
1.2,1.5,0.0258511188943427,Background,5.0,0.5,24.06,59.97061089146882,Devon370Ma_050xRemin_5xpCO2.pO2xPO4_5x5c.dat.40,7.16
1.1,1.5,0.0264609090702692,Background,5.0,0.5,24.06,57.59899067925289,Devon370Ma_050xRemin_5xpCO2.pO2xPO4_5x5c.dat.30,8.72
1.0,1.5,0.0231604653245965,Background,5.0,0.5,24.06,55.45802559936419,Devon370Ma_050xRemin_5xpCO2.pO2xPO4_5x5c.dat.20,18.35
0.9,1.5,0.0179842130555771,Background,5.0,0.5,24.06,53.55258690542541,Devon370Ma_050xRemin_5xpCO2.pO2xPO4_5x5c.dat.10,30.0
0.8,1.5,0.0118036727996792,Background,5.0,0.5,24.06,51.75497062737122,Devon370Ma_050xRemin_5xpCO2.pO2xPO4_5x5c.dat.00,41.83
1.2,1.6,0.0220589806932006,Background,5.0,0.5,24.06,73.48950020968914,Devon370Ma_050xRemin_5xpCO2.pO2xPO4_5x5c.dat.41,7.71
1.1,1.6,0.021831534918237,Background,5.0,0.5,24.06,70.6822975189425,Devon370Ma_050xRemin_5xpCO2.pO2xPO4_5x5c.dat.31,12.66
1.0,1.6,0.0167419979484719,Background,5.0,0.5,24.06,68.07228783145547,Devon370Ma_050xRemin_5xpCO2.pO2xPO4_5x5c.dat.21,24.86
0.9,1.6,0.0132651914097648,Background,5.0,0.5,24.06,65.77606836799532,Devon370Ma_050xRemin_5xpCO2.pO2xPO4_5x5c.dat.11,34.68
0.8,1.6,0.0076456304671534,Background,5.0,0.5,24.06,63.679704908281565,Devon370Ma_050xRemin_5xpCO2.pO2xPO4_5x5c.dat.01,46.33
1.2,1.7,0.0196712020590125,Background,5.0,0.5,24.06,87.7969287103042,Devon370Ma_050xRemin_5xpCO2.pO2xPO4_5x5c.dat.42,9.54
1.1,1.7,0.0152300495272116,Background,5.0,0.5,24.06,84.5017348183319,Devon370Ma_050xRemin_5xpCO2.pO2xPO4_5x5c.dat.32,18.72
1.0,1.7,0.0118661274943954,Background,5.0,0.5,24.06,81.64059545379132,Devon370Ma_050xRemin_5xpCO2.pO2xPO4_5x5c.dat.22,29.08
0.9,1.7,0.007253904730688,Background,5.0,0.5,24.06,78.98502371972427,Devon370Ma_050xRemin_5xpCO2.pO2xPO4_5x5c.dat.12,39.91
0.8,1.7,0.0046164105638334,Background,5.0,0.5,24.06,76.47023448953405,Devon370Ma_050xRemin_5xpCO2.pO2xPO4_5x5c.dat.02,49.91
1.2,1.8,0.0147024137690137,Background,5.0,0.5,24.06,103.16808766219764,Devon370Ma_050xRemin_5xpCO2.pO2xPO4_5x5c.dat.43,12.57
1.1,1.8,0.010708482521934,Background,5.0,0.5,24.06,99.36476999428125,Devon370Ma_050xRemin_5xpCO2.pO2xPO4_5x5c.dat.33,24.13
1.0,1.8,0.0082756303370707,Background,5.0,0.5,24.06,95.87722888682038,Devon370Ma_050xRemin_5xpCO2.pO2xPO4_5x5c.dat.23,33.76
0.9,1.8,0.0038156605806213,Background,5.0,0.5,24.06,92.82439714297652,Devon370Ma_050xRemin_5xpCO2.pO2xPO4_5x5c.dat.13,44.04
0.8,1.8,0.0019140769334099,Background,5.0,0.5,24.06,90.11203655973075,Devon370Ma_050xRemin_5xpCO2.pO2xPO4_5x5c.dat.03,53.21
1.2,1.9,0.0102732078506987,Background,5.0,0.5,24.06,119.45680307690054,Devon370Ma_050xRemin_5xpCO2.pO2xPO4_5x5c.dat.44,18.44
1.1,1.9,0.0070578781062478,Background,5.0,0.5,24.06,115.03481073305012,Devon370Ma_050xRemin_5xpCO2.pO2xPO4_5x5c.dat.34,28.17
1.0,1.9,0.0045258535365835,Background,5.0,0.5,24.06,111.10816558357328,Devon370Ma_050xRemin_5xpCO2.pO2xPO4_5x5c.dat.24,36.79
0.9,1.9,0.0018573205404336,Background,5.0,0.5,24.06,107.58390271803364,Devon370Ma_050xRemin_5xpCO2.pO2xPO4_5x5c.dat.14,46.97
0.8,1.9,0.0012423498187158,Background,5.0,0.5,24.06,104.35658623464406,Devon370Ma_050xRemin_5xpCO2.pO2xPO4_5x5c.dat.04,56.51
1.2,1.5,0.2862676764216172,Kellwasser,5.0,0.5,24.06,59.97061089146882,Devon370Ma_050xRemin_5xpCO2.pO2xPO4_5x5c.dat.40,7.16
1.1,1.5,0.1760919102195187,Kellwasser,5.0,0.5,24.06,57.59899067925289,Devon370Ma_050xRemin_5xpCO2.pO2xPO4_5x5c.dat.30,8.72
1.0,1.5,0.1130308205832979,Kellwasser,5.0,0.5,24.06,55.45802559936419,Devon370Ma_050xRemin_5xpCO2.pO2xPO4_5x5c.dat.20,18.35
0.9,1.5,0.0888087937037859,Kellwasser,5.0,0.5,24.06,53.55258690542541,Devon370Ma_050xRemin_5xpCO2.pO2xPO4_5x5c.dat.10,30.0
0.8,1.5,0.0672815540037525,Kellwasser,5.0,0.5,24.06,51.75497062737122,Devon370Ma_050xRemin_5xpCO2.pO2xPO4_5x5c.dat.00,41.83
1.2,1.6,0.1644148587515031,Kellwasser,5.0,0.5,24.06,73.48950020968914,Devon370Ma_050xRemin_5xpCO2.pO2xPO4_5x5c.dat.41,7.71
1.1,1.6,0.1054618722577755,Kellwasser,5.0,0.5,24.06,70.6822975189425,Devon370Ma_050xRemin_5xpCO2.pO2xPO4_5x5c.dat.31,12.66
1.0,1.6,0.0788938685596637,Kellwasser,5.0,0.5,24.06,68.07228783145547,Devon370Ma_050xRemin_5xpCO2.pO2xPO4_5x5c.dat.21,24.86
0.9,1.6,0.0641169635786871,Kellwasser,5.0,0.5,24.06,65.77606836799532,Devon370Ma_050xRemin_5xpCO2.pO2xPO4_5x5c.dat.11,34.68
0.8,1.6,0.0468328672327354,Kellwasser,5.0,0.5,24.06,63.679704908281565,Devon370Ma_050xRemin_5xpCO2.pO2xPO4_5x5c.dat.01,46.33
1.2,1.7,0.0997913613693175,Kellwasser,5.0,0.5,24.06,87.7969287103042,Devon370Ma_050xRemin_5xpCO2.pO2xPO4_5x5c.dat.42,9.54
1.1,1.7,0.0717184907843942,Kellwasser,5.0,0.5,24.06,84.5017348183319,Devon370Ma_050xRemin_5xpCO2.pO2xPO4_5x5c.dat.32,18.72
1.0,1.7,0.0579098037396234,Kellwasser,5.0,0.5,24.06,81.64059545379132,Devon370Ma_050xRemin_5xpCO2.pO2xPO4_5x5c.dat.22,29.08
0.9,1.7,0.0441599795513724,Kellwasser,5.0,0.5,24.06,78.98502371972427,Devon370Ma_050xRemin_5xpCO2.pO2xPO4_5x5c.dat.12,39.91
0.8,1.7,0.0188465626341598,Kellwasser,5.0,0.5,24.06,76.47023448953405,Devon370Ma_050xRemin_5xpCO2.pO2xPO4_5x5c.dat.02,49.91
1.2,1.8,0.0632619404517457,Kellwasser,5.0,0.5,24.06,103.16808766219764,Devon370Ma_050xRemin_5xpCO2.pO2xPO4_5x5c.dat.43,12.57
1.1,1.8,0.0501002094099404,Kellwasser,5.0,0.5,24.06,99.36476999428125,Devon370Ma_050xRemin_5xpCO2.pO2xPO4_5x5c.dat.33,24.13
1.0,1.8,0.0404502332827556,Kellwasser,5.0,0.5,24.06,95.87722888682038,Devon370Ma_050xRemin_5xpCO2.pO2xPO4_5x5c.dat.23,33.76
0.9,1.8,0.029457452437581,Kellwasser,5.0,0.5,24.06,92.82439714297652,Devon370Ma_050xRemin_5xpCO2.pO2xPO4_5x5c.dat.13,44.04
0.8,1.8,0.0131344774624417,Kellwasser,5.0,0.5,24.06,90.11203655973075,Devon370Ma_050xRemin_5xpCO2.pO2xPO4_5x5c.dat.03,53.21
1.2,1.9,0.0432940453300013,Kellwasser,5.0,0.5,24.06,119.45680307690054,Devon370Ma_050xRemin_5xpCO2.pO2xPO4_5x5c.dat.44,18.44
1.1,1.9,0.0355140670558454,Kellwasser,5.0,0.5,24.06,115.03481073305012,Devon370Ma_050xRemin_5xpCO2.pO2xPO4_5x5c.dat.34,28.17
1.0,1.9,0.0270518286636259,Kellwasser,5.0,0.5,24.06,111.10816558357328,Devon370Ma_050xRemin_5xpCO2.pO2xPO4_5x5c.dat.24,36.79
0.9,1.9,0.0128618559439482,Kellwasser,5.0,0.5,24.06,107.58390271803364,Devon370Ma_050xRemin_5xpCO2.pO2xPO4_5x5c.dat.14,46.97
0.8,1.9,0.0088222645729724,Kellwasser,5.0,0.5,24.06,104.35658623464406,Devon370Ma_050xRemin_5xpCO2.pO2xPO4_5x5c.dat.04,56.51
0.7,0.5,0.2415989168022426,Background,5.0,0.5,24.05,23.90659028606024,Devon370Ma_050xRemin_5xpCO2.pO2xPO4_5x5d.dat.40,1.19
0.6,0.5,0.0437481346869004,Background,5.0,0.5,24.05,20.89104600599967,Devon370Ma_050xRemin_5xpCO2.pO2xPO4_5x5d.dat.30,1.83
0.5,0.5,0.1107467469956832,Background,5.0,0.5,24.05,18.482462110114284,Devon370Ma_050xRemin_5xpCO2.pO2xPO4_5x5d.dat.20,3.39
0.4,0.5,0.0851606089193966,Background,5.0,0.5,24.05,16.54792868066579,Devon370Ma_050xRemin_5xpCO2.pO2xPO4_5x5d.dat.10,7.25
0.3,0.5,0.0507684087556826,Background,5.0,0.5,24.05,14.858364920655733,Devon370Ma_050xRemin_5xpCO2.pO2xPO4_5x5d.dat.00,34.68
0.7,0.6,0.0624658420574034,Background,5.0,0.5,24.05,38.76801929436624,Devon370Ma_050xRemin_5xpCO2.pO2xPO4_5x5d.dat.41,1.83
0.6,0.6,0.1079772043970784,Background,5.0,0.5,24.05,34.18954656808637,Devon370Ma_050xRemin_5xpCO2.pO2xPO4_5x5d.dat.31,3.3
0.5,0.6,0.079240803515862,Background,5.0,0.5,24.05,30.748411518288776,Devon370Ma_050xRemin_5xpCO2.pO2xPO4_5x5d.dat.21,6.79
0.4,0.6,0.0543698486968151,Background,5.0,0.5,24.05,27.923932066187263,Devon370Ma_050xRemin_5xpCO2.pO2xPO4_5x5d.dat.11,23.3
0.3,0.6,0.0373532413805919,Background,5.0,0.5,24.05,25.54829006840009,Devon370Ma_050xRemin_5xpCO2.pO2xPO4_5x5d.dat.01,53.58
0.7,0.7,0.1030543687994001,Background,5.0,0.5,24.05,56.61917384713888,Devon370Ma_050xRemin_5xpCO2.pO2xPO4_5x5d.dat.42,3.76
0.6,0.7,0.0800025513047123,Background,5.0,0.5,24.05,49.768423195928335,Devon370Ma_050xRemin_5xpCO2.pO2xPO4_5x5d.dat.32,6.61
0.5,0.7,0.0620791558086854,Background,5.0,0.5,24.05,44.8541140940506,Devon370Ma_050xRemin_5xpCO2.pO2xPO4_5x5d.dat.22,15.23
0.4,0.7,0.0425047998313578,Background,5.0,0.5,24.05,40.99748912267387,Devon370Ma_050xRemin_5xpCO2.pO2xPO4_5x5d.dat.12,39.27
0.3,0.7,0.0242753476021702,Background,5.0,0.5,24.05,37.862137105548754,Devon370Ma_050xRemin_5xpCO2.pO2xPO4_5x5d.dat.02,65.5
0.7,0.8,0.0752466648666029,Background,5.0,0.5,24.05,78.29443347873166,Devon370Ma_050xRemin_5xpCO2.pO2xPO4_5x5d.dat.43,5.87
0.6,0.8,0.0583052268426806,Background,5.0,0.5,24.05,67.82582204323262,Devon370Ma_050xRemin_5xpCO2.pO2xPO4_5x5d.dat.33,11.83
0.5,0.8,0.0442611769368694,Background,5.0,0.5,24.05,60.92975672800094,Devon370Ma_050xRemin_5xpCO2.pO2xPO4_5x5d.dat.23,30.46
0.4,0.8,0.0277318802050623,Background,5.0,0.5,24.05,55.73900853050873,Devon370Ma_050xRemin_5xpCO2.pO2xPO4_5x5d.dat.13,51.93
0.3,0.8,0.0129293883205193,Background,5.0,0.5,24.05,51.55636608833447,Devon370Ma_050xRemin_5xpCO2.pO2xPO4_5x5d.dat.03,72.02
0.7,0.9,0.0545569572379592,Background,5.0,0.5,24.05,101.89299064222725,Devon370Ma_050xRemin_5xpCO2.pO2xPO4_5x5d.dat.44,7.98
0.6,0.9,0.0475173609232351,Background,5.0,0.5,24.05,89.17600644053891,Devon370Ma_050xRemin_5xpCO2.pO2xPO4_5x5d.dat.34,23.03
0.5,0.9,0.0353352397333716,Background,5.0,0.5,24.05,79.16013419162482,Devon370Ma_050xRemin_5xpCO2.pO2xPO4_5x5d.dat.24,41.47
0.4,0.9,0.0221129185947368,Background,5.0,0.5,24.05,72.22469866974279,Devon370Ma_050xRemin_5xpCO2.pO2xPO4_5x5d.dat.14,60.73
0.3,0.9,0.0092222264127998,Background,5.0,0.5,24.05,66.84193795081228,Devon370Ma_050xRemin_5xpCO2.pO2xPO4_5x5d.dat.04,78.44
0.7,0.5,0.0241173432785664,Kellwasser,5.0,0.5,24.05,23.90659028606024,Devon370Ma_050xRemin_5xpCO2.pO2xPO4_5x5d.dat.40,1.19
0.6,0.5,0.2159031292725381,Kellwasser,5.0,0.5,24.05,20.89104600599967,Devon370Ma_050xRemin_5xpCO2.pO2xPO4_5x5d.dat.30,1.83
0.5,0.5,0.5859127142909258,Kellwasser,5.0,0.5,24.05,18.482462110114284,Devon370Ma_050xRemin_5xpCO2.pO2xPO4_5x5d.dat.20,3.39
0.4,0.5,0.5186292811893374,Kellwasser,5.0,0.5,24.05,16.54792868066579,Devon370Ma_050xRemin_5xpCO2.pO2xPO4_5x5d.dat.10,7.25
0.3,0.5,0.2570677555514409,Kellwasser,5.0,0.5,24.05,14.858364920655733,Devon370Ma_050xRemin_5xpCO2.pO2xPO4_5x5d.dat.00,34.68
0.7,0.6,0.2858965192068075,Kellwasser,5.0,0.5,24.05,38.76801929436624,Devon370Ma_050xRemin_5xpCO2.pO2xPO4_5x5d.dat.41,1.83
0.6,0.6,0.6059163154014401,Kellwasser,5.0,0.5,24.05,34.18954656808637,Devon370Ma_050xRemin_5xpCO2.pO2xPO4_5x5d.dat.31,3.3
0.5,0.6,0.6124491911616439,Kellwasser,5.0,0.5,24.05,30.748411518288776,Devon370Ma_050xRemin_5xpCO2.pO2xPO4_5x5d.dat.21,6.79
0.4,0.6,0.3118906677083796,Kellwasser,5.0,0.5,24.05,27.923932066187263,Devon370Ma_050xRemin_5xpCO2.pO2xPO4_5x5d.dat.11,23.3
0.3,0.6,0.122473822320296,Kellwasser,5.0,0.5,24.05,25.54829006840009,Devon370Ma_050xRemin_5xpCO2.pO2xPO4_5x5d.dat.01,53.58
0.7,0.7,0.6212844743574806,Kellwasser,5.0,0.5,24.05,56.61917384713888,Devon370Ma_050xRemin_5xpCO2.pO2xPO4_5x5d.dat.42,3.76
0.6,0.7,0.6299727626304286,Kellwasser,5.0,0.5,24.05,49.768423195928335,Devon370Ma_050xRemin_5xpCO2.pO2xPO4_5x5d.dat.32,6.61
0.5,0.7,0.3680671010889538,Kellwasser,5.0,0.5,24.05,44.8541140940506,Devon370Ma_050xRemin_5xpCO2.pO2xPO4_5x5d.dat.22,15.23
0.4,0.7,0.2180337162911145,Kellwasser,5.0,0.5,24.05,40.99748912267387,Devon370Ma_050xRemin_5xpCO2.pO2xPO4_5x5d.dat.12,39.27
0.3,0.7,0.0774635195337156,Kellwasser,5.0,0.5,24.05,37.862137105548754,Devon370Ma_050xRemin_5xpCO2.pO2xPO4_5x5d.dat.02,65.5
0.7,0.8,0.6611659305140174,Kellwasser,5.0,0.5,24.05,78.29443347873166,Devon370Ma_050xRemin_5xpCO2.pO2xPO4_5x5d.dat.43,5.87
0.6,0.8,0.4248698821579115,Kellwasser,5.0,0.5,24.05,67.82582204323262,Devon370Ma_050xRemin_5xpCO2.pO2xPO4_5x5d.dat.33,11.83
0.5,0.8,0.243882043151517,Kellwasser,5.0,0.5,24.05,60.92975672800094,Devon370Ma_050xRemin_5xpCO2.pO2xPO4_5x5d.dat.23,30.46
0.4,0.8,0.1506090339513918,Kellwasser,5.0,0.5,24.05,55.73900853050873,Devon370Ma_050xRemin_5xpCO2.pO2xPO4_5x5d.dat.13,51.93
0.3,0.8,0.0354972517762767,Kellwasser,5.0,0.5,24.05,51.55636608833447,Devon370Ma_050xRemin_5xpCO2.pO2xPO4_5x5d.dat.03,72.02
0.7,0.9,0.5002975458470967,Kellwasser,5.0,0.5,24.05,101.89299064222725,Devon370Ma_050xRemin_5xpCO2.pO2xPO4_5x5d.dat.44,7.98
0.6,0.9,0.2671338493530766,Kellwasser,5.0,0.5,24.05,89.17600644053891,Devon370Ma_050xRemin_5xpCO2.pO2xPO4_5x5d.dat.34,23.03
0.5,0.9,0.1742076613583748,Kellwasser,5.0,0.5,24.05,79.16013419162482,Devon370Ma_050xRemin_5xpCO2.pO2xPO4_5x5d.dat.24,41.47
0.4,0.9,0.0765210186550535,Kellwasser,5.0,0.5,24.05,72.22469866974279,Devon370Ma_050xRemin_5xpCO2.pO2xPO4_5x5d.dat.14,60.73
0.3,0.9,0.0237322499371792,Kellwasser,5.0,0.5,24.05,66.84193795081228,Devon370Ma_050xRemin_5xpCO2.pO2xPO4_5x5d.dat.04,78.44
0.7,1.0,0.0462567788481474,Background,5.0,0.5,24.05,13.41630832030205,Devon370Ma_050xRemin_5xpCO2.pO2xPO4_5x5e.dat.40,15.78
0.6,1.0,0.0348468131082042,Background,5.0,0.5,24.05,12.15979500557296,Devon370Ma_050xRemin_5xpCO2.pO2xPO4_5x5e.dat.30,32.94
0.5,1.0,0.0227937744628492,Background,5.0,0.5,24.05,11.04273906094022,Devon370Ma_050xRemin_5xpCO2.pO2xPO4_5x5e.dat.20,50.09
0.4,1.0,0.0115232592669162,Background,5.0,0.5,24.05,10.065780770673882,Devon370Ma_050xRemin_5xpCO2.pO2xPO4_5x5e.dat.10,67.8
0.3,1.0,0.0065010314780879,Background,5.0,0.5,24.05,9.318405318481382,Devon370Ma_050xRemin_5xpCO2.pO2xPO4_5x5e.dat.00,83.12
0.7,1.1,0.0351611958507327,Background,5.0,0.5,24.05,23.550652258563787,Devon370Ma_050xRemin_5xpCO2.pO2xPO4_5x5e.dat.41,26.33
0.6,1.1,0.0284033659911464,Background,5.0,0.5,24.05,21.816986190970056,Devon370Ma_050xRemin_5xpCO2.pO2xPO4_5x5e.dat.31,41.93
0.5,1.1,0.0181612444128087,Background,5.0,0.5,24.05,20.24985042226035,Devon370Ma_050xRemin_5xpCO2.pO2xPO4_5x5e.dat.21,57.43
0.4,1.1,0.00751885431159,Background,5.0,0.5,24.05,18.887962141889147,Devon370Ma_050xRemin_5xpCO2.pO2xPO4_5x5e.dat.11,71.38
0.3,1.1,0.0026189914101863,Background,5.0,0.5,24.05,17.65653541951906,Devon370Ma_050xRemin_5xpCO2.pO2xPO4_5x5e.dat.01,86.42
0.7,1.2,0.0272198947365656,Background,5.0,0.5,24.05,35.16836659400724,Devon370Ma_050xRemin_5xpCO2.pO2xPO4_5x5e.dat.42,34.13
0.6,1.2,0.0167538469729782,Background,5.0,0.5,24.05,32.84149352111854,Devon370Ma_050xRemin_5xpCO2.pO2xPO4_5x5e.dat.32,48.44
0.5,1.2,0.012604917954713,Background,5.0,0.5,24.05,30.80693568335846,Devon370Ma_050xRemin_5xpCO2.pO2xPO4_5x5e.dat.22,62.39
0.4,1.2,0.0048597571956445,Background,5.0,0.5,24.05,29.028789867879823,Devon370Ma_050xRemin_5xpCO2.pO2xPO4_5x5e.dat.12,75.23
0.3,1.2,0.0007871672227703,Background,5.0,0.5,24.05,27.41781463555526,Devon370Ma_050xRemin_5xpCO2.pO2xPO4_5x5e.dat.02,88.9
0.7,1.3,0.0210302800283933,Background,5.0,0.5,24.05,48.16800355911255,Devon370Ma_050xRemin_5xpCO2.pO2xPO4_5x5e.dat.43,40.92
0.6,1.3,0.0138240928576184,Background,5.0,0.5,24.05,45.20667062024586,Devon370Ma_050xRemin_5xpCO2.pO2xPO4_5x5e.dat.33,54.22
0.5,1.3,0.0055150059979936,Background,5.0,0.5,24.05,42.62769289198332,Devon370Ma_050xRemin_5xpCO2.pO2xPO4_5x5e.dat.23,67.16
0.4,1.3,0.0021945788973683,Background,5.0,0.5,24.05,40.35170786664821,Devon370Ma_050xRemin_5xpCO2.pO2xPO4_5x5e.dat.13,77.34
0.3,1.3,0.0003614242795638,Background,5.0,0.5,24.05,38.34264134638943,Devon370Ma_050xRemin_5xpCO2.pO2xPO4_5x5e.dat.03,88.99
0.7,1.4,0.0116718528779019,Background,5.0,0.5,24.05,62.470848206430674,Devon370Ma_050xRemin_5xpCO2.pO2xPO4_5x5e.dat.44,46.51
0.6,1.4,0.0096647428583681,Background,5.0,0.5,24.05,58.740584790939465,Devon370Ma_050xRemin_5xpCO2.pO2xPO4_5x5e.dat.34,58.72
0.5,1.4,0.0022717632404996,Background,5.0,0.5,24.05,55.6131053599529,Devon370Ma_050xRemin_5xpCO2.pO2xPO4_5x5e.dat.24,69.72
0.4,1.4,0.0004194705865751,Background,5.0,0.5,24.05,52.78358730720356,Devon370Ma_050xRemin_5xpCO2.pO2xPO4_5x5e.dat.14,81.56
0.3,1.4,0.0001741481248335,Background,5.0,0.5,24.05,50.308975914958864,Devon370Ma_050xRemin_5xpCO2.pO2xPO4_5x5e.dat.04,88.9
0.7,1.0,0.2751908418710764,Kellwasser,5.0,0.5,24.05,13.41630832030205,Devon370Ma_050xRemin_5xpCO2.pO2xPO4_5x5e.dat.40,15.78
0.6,1.0,0.1882890943403547,Kellwasser,5.0,0.5,24.05,12.15979500557296,Devon370Ma_050xRemin_5xpCO2.pO2xPO4_5x5e.dat.30,32.94
0.5,1.0,0.1247938154279186,Kellwasser,5.0,0.5,24.05,11.04273906094022,Devon370Ma_050xRemin_5xpCO2.pO2xPO4_5x5e.dat.20,50.09
0.4,1.0,0.0326956772199386,Kellwasser,5.0,0.5,24.05,10.065780770673882,Devon370Ma_050xRemin_5xpCO2.pO2xPO4_5x5e.dat.10,67.8
0.3,1.0,0.013796034858352,Kellwasser,5.0,0.5,24.05,9.318405318481382,Devon370Ma_050xRemin_5xpCO2.pO2xPO4_5x5e.dat.00,83.12
0.7,1.1,0.1895427361786882,Kellwasser,5.0,0.5,24.05,23.550652258563787,Devon370Ma_050xRemin_5xpCO2.pO2xPO4_5x5e.dat.41,26.33
0.6,1.1,0.1348656893293902,Kellwasser,5.0,0.5,24.05,21.816986190970056,Devon370Ma_050xRemin_5xpCO2.pO2xPO4_5x5e.dat.31,41.93
0.5,1.1,0.0601085473820006,Kellwasser,5.0,0.5,24.05,20.24985042226035,Devon370Ma_050xRemin_5xpCO2.pO2xPO4_5x5e.dat.21,57.43
0.4,1.1,0.0179278754218635,Kellwasser,5.0,0.5,24.05,18.887962141889147,Devon370Ma_050xRemin_5xpCO2.pO2xPO4_5x5e.dat.11,71.38
0.3,1.1,0.0071711643712213,Kellwasser,5.0,0.5,24.05,17.65653541951906,Devon370Ma_050xRemin_5xpCO2.pO2xPO4_5x5e.dat.01,86.42
0.7,1.2,0.1359901035195424,Kellwasser,5.0,0.5,24.05,35.16836659400724,Devon370Ma_050xRemin_5xpCO2.pO2xPO4_5x5e.dat.42,34.13
0.6,1.2,0.0963637332741843,Kellwasser,5.0,0.5,24.05,32.84149352111854,Devon370Ma_050xRemin_5xpCO2.pO2xPO4_5x5e.dat.32,48.44
0.5,1.2,0.0347113925473735,Kellwasser,5.0,0.5,24.05,30.80693568335846,Devon370Ma_050xRemin_5xpCO2.pO2xPO4_5x5e.dat.22,62.39
0.4,1.2,0.0104281500287996,Kellwasser,5.0,0.5,24.05,29.028789867879823,Devon370Ma_050xRemin_5xpCO2.pO2xPO4_5x5e.dat.12,75.23
0.3,1.2,0.004420185538459,Kellwasser,5.0,0.5,24.05,27.41781463555526,Devon370Ma_050xRemin_5xpCO2.pO2xPO4_5x5e.dat.02,88.9
0.7,1.3,0.1012532799016897,Kellwasser,5.0,0.5,24.05,48.16800355911255,Devon370Ma_050xRemin_5xpCO2.pO2xPO4_5x5e.dat.43,40.92
0.6,1.3,0.0431530004499785,Kellwasser,5.0,0.5,24.05,45.20667062024586,Devon370Ma_050xRemin_5xpCO2.pO2xPO4_5x5e.dat.33,54.22
0.5,1.3,0.0131481886119084,Kellwasser,5.0,0.5,24.05,42.62769289198332,Devon370Ma_050xRemin_5xpCO2.pO2xPO4_5x5e.dat.23,67.16
0.4,1.3,0.0067305113962058,Kellwasser,5.0,0.5,24.05,40.35170786664821,Devon370Ma_050xRemin_5xpCO2.pO2xPO4_5x5e.dat.13,77.34
0.3,1.3,0.0024518546907603,Kellwasser,5.0,0.5,24.05,38.34264134638943,Devon370Ma_050xRemin_5xpCO2.pO2xPO4_5x5e.dat.03,88.99
0.7,1.4,0.0709957812285249,Kellwasser,5.0,0.5,24.05,62.470848206430674,Devon370Ma_050xRemin_5xpCO2.pO2xPO4_5x5e.dat.44,46.51
0.6,1.4,0.0270984007585062,Kellwasser,5.0,0.5,24.05,58.740584790939465,Devon370Ma_050xRemin_5xpCO2.pO2xPO4_5x5e.dat.34,58.72
0.5,1.4,0.0073515873748561,Kellwasser,5.0,0.5,24.05,55.6131053599529,Devon370Ma_050xRemin_5xpCO2.pO2xPO4_5x5e.dat.24,69.72
0.4,1.4,0.002852644169816,Kellwasser,5.0,0.5,24.05,52.78358730720356,Devon370Ma_050xRemin_5xpCO2.pO2xPO4_5x5e.dat.14,81.56
0.3,1.4,0.0011385766957845,Kellwasser,5.0,0.5,24.05,50.308975914958864,Devon370Ma_050xRemin_5xpCO2.pO2xPO4_5x5e.dat.04,88.9
0.7,1.5,0.0095929505292841,Background,5.0,0.5,24.05,8.70352414494846,Devon370Ma_050xRemin_5xpCO2.pO2xPO4_5x5f.dat.40,50.64
0.6,1.5,0.0033899564362344,Background,5.0,0.5,24.05,8.162348422047216,Devon370Ma_050xRemin_5xpCO2.pO2xPO4_5x5f.dat.30,62.48
0.5,1.5,0.000568116770333,Background,5.0,0.5,24.05,7.678240763198119,Devon370Ma_050xRemin_5xpCO2.pO2xPO4_5x5f.dat.20,72.11
0.4,1.5,0.0002204541043236,Background,5.0,0.5,24.05,7.241728781082202,Devon370Ma_050xRemin_5xpCO2.pO2xPO4_5x5f.dat.10,82.66
0.3,1.5,0.0001013692645493,Background,5.0,0.5,24.05,6.852791102573974,Devon370Ma_050xRemin_5xpCO2.pO2xPO4_5x5f.dat.00,88.81
0.7,1.6,0.0054266302600001,Background,5.0,0.5,24.05,16.528278138139285,Devon370Ma_050xRemin_5xpCO2.pO2xPO4_5x5f.dat.41,54.95
0.6,1.6,0.0007710011192191,Background,5.0,0.5,24.05,15.492525562876835,Devon370Ma_050xRemin_5xpCO2.pO2xPO4_5x5f.dat.31,65.5
0.5,1.6,0.0002551162667586,Background,5.0,0.5,24.05,14.54920038668206,Devon370Ma_050xRemin_5xpCO2.pO2xPO4_5x5f.dat.21,74.04
0.4,1.6,0.0001233253925263,Background,5.0,0.5,24.05,13.713904991163872,Devon370Ma_050xRemin_5xpCO2.pO2xPO4_5x5f.dat.11,85.23
0.3,1.6,7.193667473560071e-05,Background,5.0,0.5,24.05,12.972715921932831,Devon370Ma_050xRemin_5xpCO2.pO2xPO4_5x5f.dat.01,88.81
0.7,1.7,0.0018553037448977,Background,5.0,0.5,24.05,25.982159058912657,Devon370Ma_050xRemin_5xpCO2.pO2xPO4_5x5f.dat.42,58.53
0.6,1.7,0.00036088184827,Background,5.0,0.5,24.05,24.68512502673548,Devon370Ma_050xRemin_5xpCO2.pO2xPO4_5x5f.dat.32,68.17
0.5,1.7,0.0001364229190013,Background,5.0,0.5,24.05,23.497095753555183,Devon370Ma_050xRemin_5xpCO2.pO2xPO4_5x5f.dat.22,76.06
0.4,1.7,0.0001080903659003,Background,5.0,0.5,24.05,22.407451979233883,Devon370Ma_050xRemin_5xpCO2.pO2xPO4_5x5f.dat.12,87.71
0.3,1.7,6.265738004260984e-05,Background,5.0,0.5,24.05,21.38399941031821,Devon370Ma_050xRemin_5xpCO2.pO2xPO4_5x5f.dat.02,88.9
0.7,1.8,0.0004438478587534,Background,5.0,0.5,24.05,36.50538565125317,Devon370Ma_050xRemin_5xpCO2.pO2xPO4_5x5f.dat.43,61.19
0.6,1.8,0.0001341757656899,Background,5.0,0.5,24.05,34.86664718366228,Devon370Ma_050xRemin_5xpCO2.pO2xPO4_5x5f.dat.33,69.91
0.5,1.8,0.0001214348896963,Background,5.0,0.5,24.05,33.368924050591886,Devon370Ma_050xRemin_5xpCO2.pO2xPO4_5x5f.dat.23,77.52
0.4,1.8,9.75780100490589e-05,Background,5.0,0.5,24.05,32.045634725363925,Devon370Ma_050xRemin_5xpCO2.pO2xPO4_5x5f.dat.13,88.9
0.3,1.8,5.707915612451996e-05,Background,5.0,0.5,24.05,30.825402063783255,Devon370Ma_050xRemin_5xpCO2.pO2xPO4_5x5f.dat.03,89.08
0.7,1.9,0.00017206696581,Background,5.0,0.5,24.05,48.07619916391559,Devon370Ma_050xRemin_5xpCO2.pO2xPO4_5x5f.dat.44,63.85
0.6,1.9,0.0001215350038848,Background,5.0,0.5,24.05,46.10532050719485,Devon370Ma_050xRemin_5xpCO2.pO2xPO4_5x5f.dat.34,71.65
0.5,1.9,0.0001077381331976,Background,5.0,0.5,24.05,44.27746534929611,Devon370Ma_050xRemin_5xpCO2.pO2xPO4_5x5f.dat.24,80.28
0.4,1.9,8.881629270631146e-05,Background,5.0,0.5,24.05,42.60755667928606,Devon370Ma_050xRemin_5xpCO2.pO2xPO4_5x5f.dat.14,88.9
0.3,1.9,5.250431495118567e-05,Background,5.0,0.5,24.05,41.07359200133942,Devon370Ma_050xRemin_5xpCO2.pO2xPO4_5x5f.dat.04,88.99
0.7,1.5,0.0276566073895405,Kellwasser,5.0,0.5,24.05,8.70352414494846,Devon370Ma_050xRemin_5xpCO2.pO2xPO4_5x5f.dat.40,50.64
0.6,1.5,0.015889519106765,Kellwasser,5.0,0.5,24.05,8.162348422047216,Devon370Ma_050xRemin_5xpCO2.pO2xPO4_5x5f.dat.30,62.48
0.5,1.5,0.0037450147053875,Kellwasser,5.0,0.5,24.05,7.678240763198119,Devon370Ma_050xRemin_5xpCO2.pO2xPO4_5x5f.dat.20,72.11
0.4,1.5,0.0014623386963861,Kellwasser,5.0,0.5,24.05,7.241728781082202,Devon370Ma_050xRemin_5xpCO2.pO2xPO4_5x5f.dat.10,82.66
0.3,1.5,0.0006295594232145,Kellwasser,5.0,0.5,24.05,6.852791102573974,Devon370Ma_050xRemin_5xpCO2.pO2xPO4_5x5f.dat.00,88.81
0.7,1.6,0.0198603052742669,Kellwasser,5.0,0.5,24.05,16.528278138139285,Devon370Ma_050xRemin_5xpCO2.pO2xPO4_5x5f.dat.41,54.95
0.6,1.6,0.0051951495970475,Kellwasser,5.0,0.5,24.05,15.492525562876835,Devon370Ma_050xRemin_5xpCO2.pO2xPO4_5x5f.dat.31,65.5
0.5,1.6,0.0016905907529734,Kellwasser,5.0,0.5,24.05,14.54920038668206,Devon370Ma_050xRemin_5xpCO2.pO2xPO4_5x5f.dat.21,74.04
0.4,1.6,0.0007777955973423,Kellwasser,5.0,0.5,24.05,13.713904991163872,Devon370Ma_050xRemin_5xpCO2.pO2xPO4_5x5f.dat.11,85.23
0.3,1.6,0.0004220789763637,Kellwasser,5.0,0.5,24.05,12.972715921932831,Devon370Ma_050xRemin_5xpCO2.pO2xPO4_5x5f.dat.01,88.81
0.7,1.7,0.011838856592764,Kellwasser,5.0,0.5,24.05,25.982159058912657,Devon370Ma_050xRemin_5xpCO2.pO2xPO4_5x5f.dat.42,58.53
0.6,1.7,0.0024639003509032,Kellwasser,5.0,0.5,24.05,24.68512502673548,Devon370Ma_050xRemin_5xpCO2.pO2xPO4_5x5f.dat.32,68.17
0.5,1.7,0.0008571328778354,Kellwasser,5.0,0.5,24.05,23.497095753555183,Devon370Ma_050xRemin_5xpCO2.pO2xPO4_5x5f.dat.22,76.06
0.4,1.7,0.0006699330793706,Kellwasser,5.0,0.5,24.05,22.407451979233883,Devon370Ma_050xRemin_5xpCO2.pO2xPO4_5x5f.dat.12,87.71
0.3,1.7,0.0003535753823806,Kellwasser,5.0,0.5,24.05,21.38399941031821,Devon370Ma_050xRemin_5xpCO2.pO2xPO4_5x5f.dat.02,88.9
0.7,1.8,0.0030642907134852,Kellwasser,5.0,0.5,24.05,36.50538565125317,Devon370Ma_050xRemin_5xpCO2.pO2xPO4_5x5f.dat.43,61.19
0.6,1.8,0.0008435083034271,Kellwasser,5.0,0.5,24.05,34.86664718366228,Devon370Ma_050xRemin_5xpCO2.pO2xPO4_5x5f.dat.33,69.91
0.5,1.8,0.0007627732114364,Kellwasser,5.0,0.5,24.05,33.368924050591886,Devon370Ma_050xRemin_5xpCO2.pO2xPO4_5x5f.dat.23,77.52
0.4,1.8,0.0005961195709131,Kellwasser,5.0,0.5,24.05,32.045634725363925,Devon370Ma_050xRemin_5xpCO2.pO2xPO4_5x5f.dat.13,88.9
0.3,1.8,0.0003166210089665,Kellwasser,5.0,0.5,24.05,30.825402063783255,Devon370Ma_050xRemin_5xpCO2.pO2xPO4_5x5f.dat.03,89.08
0.7,1.9,0.0011106539925963,Kellwasser,5.0,0.5,24.05,48.07619916391559,Devon370Ma_050xRemin_5xpCO2.pO2xPO4_5x5f.dat.44,63.85
0.6,1.9,0.000753428640302,Kellwasser,5.0,0.5,24.05,46.10532050719485,Devon370Ma_050xRemin_5xpCO2.pO2xPO4_5x5f.dat.34,71.65
0.5,1.9,0.000666334365077,Kellwasser,5.0,0.5,24.05,44.27746534929611,Devon370Ma_050xRemin_5xpCO2.pO2xPO4_5x5f.dat.24,80.28
0.4,1.9,0.0005367577450718,Kellwasser,5.0,0.5,24.05,42.60755667928606,Devon370Ma_050xRemin_5xpCO2.pO2xPO4_5x5f.dat.14,88.9
0.3,1.9,0.0002841092411567,Kellwasser,5.0,0.5,24.05,41.07359200133942,Devon370Ma_050xRemin_5xpCO2.pO2xPO4_5x5f.dat.04,88.99
1.2,0.5,0.048824631,Background,7.5,0.5,25.58,118.7043817,251109.pO2xPO4_5x5a.dat.40,0.0
1.1,0.5,0.004427684,Background,7.5,0.5,25.58,105.1554937,251109.pO2xPO4_5x5a.dat.30,0.09
1.0,0.5,0.028396024,Background,7.5,0.5,25.58,93.0489623,251109.pO2xPO4_5x5a.dat.20,0.18
0.9,0.5,0.073959343,Background,7.5,0.5,25.58,84.24492262,251109.pO2xPO4_5x5a.dat.10,0.46
0.8,0.5,0.173113224,Background,7.5,0.5,25.58,77.74084952,251109.pO2xPO4_5x5a.dat.00,0.83
1.2,0.6,0.038848999,Background,7.5,0.5,25.58,142.2186324,251109.pO2xPO4_5x5a.dat.41,0.18
1.1,0.6,0.057116801,Background,7.5,0.5,25.58,128.2344019,251109.pO2xPO4_5x5a.dat.31,0.37
1.0,0.6,0.11010316,Background,7.5,0.5,25.58,115.081697,251109.pO2xPO4_5x5a.dat.21,0.64
0.9,0.6,0.235586604,Background,7.5,0.5,25.58,103.5005844,251109.pO2xPO4_5x5a.dat.11,1.1
0.8,0.6,0.110517975,Background,7.5,0.5,25.58,95.0182075,251109.pO2xPO4_5x5a.dat.01,1.56
1.2,0.7,0.116417847,Background,7.5,0.5,25.58,165.8399269,251109.pO2xPO4_5x5a.dat.42,0.55
1.1,0.7,0.211318174,Background,7.5,0.5,25.58,151.6342309,251109.pO2xPO4_5x5a.dat.32,0.92
1.0,0.7,0.297089005,Background,7.5,0.5,25.58,138.0267349,251109.pO2xPO4_5x5a.dat.22,1.28
0.9,0.7,0.07574764,Background,7.5,0.5,25.58,125.2374495,251109.pO2xPO4_5x5a.dat.12,1.74
0.8,0.7,0.063426235,Background,7.5,0.5,25.58,114.1623434,251109.pO2xPO4_5x5a.dat.02,2.2
1.2,0.8,0.303547956,Background,7.5,0.5,25.58,189.5455061,251109.pO2xPO4_5x5a.dat.43,1.01
1.1,0.8,0.30407654,Background,7.5,0.5,25.58,175.1994423,251109.pO2xPO4_5x5a.dat.33,1.19
1.0,0.8,0.086675207,Background,7.5,0.5,25.58,161.3120257,251109.pO2xPO4_5x5a.dat.23,1.74
0.9,0.8,0.062235662,Background,7.5,0.5,25.58,148.0561914,251109.pO2xPO4_5x5a.dat.13,2.29
0.8,0.8,0.088199962,Background,7.5,0.5,25.58,135.6223365,251109.pO2xPO4_5x5a.dat.03,4.22
1.2,0.9,0.183431313,Background,7.5,0.5,25.58,213.2957889,251109.pO2xPO4_5x5a.dat.44,1.47
1.1,0.9,0.050038207,Background,7.5,0.5,25.58,198.8406293,251109.pO2xPO4_5x5a.dat.34,1.74
1.0,0.9,0.061094541,Background,7.5,0.5,25.58,184.8068932,251109.pO2xPO4_5x5a.dat.24,2.57
0.9,0.9,0.080353219,Background,7.5,0.5,25.58,171.2394878,251109.pO2xPO4_5x5a.dat.14,4.5
0.8,0.9,0.065539005,Background,7.5,0.5,25.58,158.3159901,251109.pO2xPO4_5x5a.dat.04,6.24
1.2,0.5,0.018730728,Kellwasser,7.5,0.5,25.58,118.7043817,251109.pO2xPO4_5x5a.dat.40,0.0
1.1,0.5,0.018193111,Kellwasser,7.5,0.5,25.58,105.1554937,251109.pO2xPO4_5x5a.dat.30,0.09
1.0,0.5,0.019216647,Kellwasser,7.5,0.5,25.58,93.0489623,251109.pO2xPO4_5x5a.dat.20,0.18
0.9,0.5,0.020243252,Kellwasser,7.5,0.5,25.58,84.24492262,251109.pO2xPO4_5x5a.dat.10,0.46
0.8,0.5,0.022334623,Kellwasser,7.5,0.5,25.58,77.74084952,251109.pO2xPO4_5x5a.dat.00,0.83
1.2,0.6,0.019238215,Kellwasser,7.5,0.5,25.58,142.2186324,251109.pO2xPO4_5x5a.dat.41,0.18
1.1,0.6,0.020033341,Kellwasser,7.5,0.5,25.58,128.2344019,251109.pO2xPO4_5x5a.dat.31,0.37
1.0,0.6,0.022475264,Kellwasser,7.5,0.5,25.58,115.081697,251109.pO2xPO4_5x5a.dat.21,0.64
0.9,0.6,0.025018604,Kellwasser,7.5,0.5,25.58,103.5005844,251109.pO2xPO4_5x5a.dat.11,1.1
0.8,0.6,0.088991647,Kellwasser,7.5,0.5,25.58,95.0182075,251109.pO2xPO4_5x5a.dat.01,1.56
1.2,0.7,0.02192052,Kellwasser,7.5,0.5,25.58,165.8399269,251109.pO2xPO4_5x5a.dat.42,0.55
1.1,0.7,0.023337852,Kellwasser,7.5,0.5,25.58,151.6342309,251109.pO2xPO4_5x5a.dat.32,0.92
1.0,0.7,0.02764266,Kellwasser,7.5,0.5,25.58,138.0267349,251109.pO2xPO4_5x5a.dat.22,1.28
0.9,0.7,0.191454373,Kellwasser,7.5,0.5,25.58,125.2374495,251109.pO2xPO4_5x5a.dat.12,1.74
0.8,0.7,0.43041115,Kellwasser,7.5,0.5,25.58,114.1623434,251109.pO2xPO4_5x5a.dat.02,2.2
1.2,0.8,0.0254721,Kellwasser,7.5,0.5,25.58,189.5455061,251109.pO2xPO4_5x5a.dat.43,1.01
1.1,0.8,0.038941877,Kellwasser,7.5,0.5,25.58,175.1994423,251109.pO2xPO4_5x5a.dat.33,1.19
1.0,0.8,0.239766095,Kellwasser,7.5,0.5,25.58,161.3120257,251109.pO2xPO4_5x5a.dat.23,1.74
0.9,0.8,0.496076969,Kellwasser,7.5,0.5,25.58,148.0561914,251109.pO2xPO4_5x5a.dat.13,2.29
0.8,0.8,0.675110768,Kellwasser,7.5,0.5,25.58,135.6223365,251109.pO2xPO4_5x5a.dat.03,4.22
1.2,0.9,0.101226128,Kellwasser,7.5,0.5,25.58,213.2957889,251109.pO2xPO4_5x5a.dat.44,1.47
1.1,0.9,0.313206925,Kellwasser,7.5,0.5,25.58,198.8406293,251109.pO2xPO4_5x5a.dat.34,1.74
1.0,0.9,0.560858943,Kellwasser,7.5,0.5,25.58,184.8068932,251109.pO2xPO4_5x5a.dat.24,2.57
0.9,0.9,0.691421917,Kellwasser,7.5,0.5,25.58,171.2394878,251109.pO2xPO4_5x5a.dat.14,4.5
0.8,0.9,0.599137975,Kellwasser,7.5,0.5,25.58,158.3159901,251109.pO2xPO4_5x5a.dat.04,6.24
1.2,1.0,0.032325516,Background,7.5,0.5,25.58,72.51248462,251109.pO2xPO4_5x5b.dat.40,1.93
1.1,1.0,0.056936261,Background,7.5,0.5,25.58,68.12024367,251109.pO2xPO4_5x5b.dat.30,2.84
1.0,1.0,0.073438751,Background,7.5,0.5,25.58,64.41779988,251109.pO2xPO4_5x5b.dat.20,4.59
0.9,1.0,0.059517953,Background,7.5,0.5,25.58,61.21465412,251109.pO2xPO4_5x5b.dat.10,6.06
0.8,1.0,0.051318351,Background,7.5,0.5,25.58,58.3167166,251109.pO2xPO4_5x5b.dat.00,7.89
1.2,1.1,0.04866258,Background,7.5,0.5,25.58,88.52801693,251109.pO2xPO4_5x5b.dat.41,2.75
1.1,1.1,0.06606551,Background,7.5,0.5,25.58,83.17692846,251109.pO2xPO4_5x5b.dat.31,4.68
1.0,1.1,0.054011809,Background,7.5,0.5,25.58,78.70875561,251109.pO2xPO4_5x5b.dat.21,5.78
0.9,1.1,0.04237869,Background,7.5,0.5,25.58,74.73056758,251109.pO2xPO4_5x5b.dat.11,7.71
0.8,1.1,0.041411858,Background,7.5,0.5,25.58,71.40811067,251109.pO2xPO4_5x5b.dat.01,12.2
1.2,1.2,0.060439122,Background,7.5,0.5,25.58,105.9252827,251109.pO2xPO4_5x5b.dat.42,4.68
1.1,1.2,0.050122871,Background,7.5,0.5,25.58,99.44559861,251109.pO2xPO4_5x5b.dat.32,5.6
1.0,1.2,0.038765737,Background,7.5,0.5,25.58,94.01840362,251109.pO2xPO4_5x5b.dat.22,6.79
0.9,1.2,0.039260396,Background,7.5,0.5,25.58,89.43553985,251109.pO2xPO4_5x5b.dat.12,9.45
0.8,1.2,0.031544837,Background,7.5,0.5,25.58,85.35965753,251109.pO2xPO4_5x5b.dat.02,20.64
1.2,1.3,0.044108065,Background,7.5,0.5,25.58,125.0111527,251109.pO2xPO4_5x5b.dat.43,5.5
1.1,1.3,0.034928476,Background,7.5,0.5,25.58,116.9723837,251109.pO2xPO4_5x5b.dat.33,6.7
1.0,1.3,0.035542352,Background,7.5,0.5,25.58,110.5004412,251109.pO2xPO4_5x5b.dat.23,8.62
0.9,1.3,0.029295977,Background,7.5,0.5,25.58,105.0340288,251109.pO2xPO4_5x5b.dat.13,16.15
0.8,1.3,0.023396339,Background,7.5,0.5,25.58,100.3346479,251109.pO2xPO4_5x5b.dat.03,27.89
1.2,1.4,0.032060505,Background,7.5,0.5,25.58,146.2365617,251109.pO2xPO4_5x5b.dat.44,6.51
1.1,1.4,0.030627625,Background,7.5,0.5,25.58,136.0427414,251109.pO2xPO4_5x5b.dat.34,7.8
1.0,1.4,0.027821235,Background,7.5,0.5,25.58,128.1711593,251109.pO2xPO4_5x5b.dat.24,11.38
0.9,1.4,0.021723736,Background,7.5,0.5,25.58,121.7075405,251109.pO2xPO4_5x5b.dat.14,22.66
0.8,1.4,0.017427653,Background,7.5,0.5,25.58,116.2194894,251109.pO2xPO4_5x5b.dat.04,35.78
1.2,1.0,0.370738329,Kellwasser,7.5,0.5,25.58,72.51248462,251109.pO2xPO4_5x5b.dat.40,1.93
1.1,1.0,0.621500159,Kellwasser,7.5,0.5,25.58,68.12024367,251109.pO2xPO4_5x5b.dat.30,2.84
1.0,1.0,0.697860548,Kellwasser,7.5,0.5,25.58,64.41779988,251109.pO2xPO4_5x5b.dat.20,4.59
0.9,1.0,0.590431418,Kellwasser,7.5,0.5,25.58,61.21465412,251109.pO2xPO4_5x5b.dat.10,6.06
0.8,1.0,0.378172815,Kellwasser,7.5,0.5,25.58,58.3167166,251109.pO2xPO4_5x5b.dat.00,7.89
1.2,1.1,0.681137945,Kellwasser,7.5,0.5,25.58,88.52801693,251109.pO2xPO4_5x5b.dat.41,2.75
1.1,1.1,0.694130089,Kellwasser,7.5,0.5,25.58,83.17692846,251109.pO2xPO4_5x5b.dat.31,4.68
1.0,1.1,0.567847658,Kellwasser,7.5,0.5,25.58,78.70875561,251109.pO2xPO4_5x5b.dat.21,5.78
0.9,1.1,0.42485759,Kellwasser,7.5,0.5,25.58,74.73056758,251109.pO2xPO4_5x5b.dat.11,7.71
0.8,1.1,0.245161435,Kellwasser,7.5,0.5,25.58,71.40811067,251109.pO2xPO4_5x5b.dat.01,12.2
1.2,1.2,0.680068221,Kellwasser,7.5,0.5,25.58,105.9252827,251109.pO2xPO4_5x5b.dat.42,4.68
1.1,1.2,0.552429114,Kellwasser,7.5,0.5,25.58,99.44559861,251109.pO2xPO4_5x5b.dat.32,5.6
1.0,1.2,0.4042577,Kellwasser,7.5,0.5,25.58,94.01840362,251109.pO2xPO4_5x5b.dat.22,6.79
0.9,1.2,0.229580712,Kellwasser,7.5,0.5,25.58,89.43553985,251109.pO2xPO4_5x5b.dat.12,9.45
0.8,1.2,0.159755324,Kellwasser,7.5,0.5,25.58,85.35965753,251109.pO2xPO4_5x5b.dat.02,20.64
1.2,1.3,0.51235334,Kellwasser,7.5,0.5,25.58,125.0111527,251109.pO2xPO4_5x5b.dat.43,5.5
1.1,1.3,0.393452921,Kellwasser,7.5,0.5,25.58,116.9723837,251109.pO2xPO4_5x5b.dat.33,6.7
1.0,1.3,0.236827946,Kellwasser,7.5,0.5,25.58,110.5004412,251109.pO2xPO4_5x5b.dat.23,8.62
0.9,1.3,0.155538744,Kellwasser,7.5,0.5,25.58,105.0340288,251109.pO2xPO4_5x5b.dat.13,16.15
0.8,1.3,0.116185088,Kellwasser,7.5,0.5,25.58,100.3346479,251109.pO2xPO4_5x5b.dat.03,27.89
1.2,1.4,0.365825053,Kellwasser,7.5,0.5,25.58,146.2365617,251109.pO2xPO4_5x5b.dat.44,6.51
1.1,1.4,0.228836193,Kellwasser,7.5,0.5,25.58,136.0427414,251109.pO2xPO4_5x5b.dat.34,7.8
1.0,1.4,0.148061652,Kellwasser,7.5,0.5,25.58,128.1711593,251109.pO2xPO4_5x5b.dat.24,11.38
0.9,1.4,0.107694304,Kellwasser,7.5,0.5,25.58,121.7075405,251109.pO2xPO4_5x5b.dat.14,22.66
0.8,1.4,0.083833285,Kellwasser,7.5,0.5,25.58,116.2194894,251109.pO2xPO4_5x5b.dat.04,35.78
1.2,1.5,0.026750789,Background,7.5,0.5,25.58,55.74500756,251109.pO2xPO4_5x5c.dat.40,7.25
1.1,1.5,0.024954332,Background,7.5,0.5,25.58,53.44364399,251109.pO2xPO4_5x5c.dat.30,8.99
1.0,1.5,0.020655112,Background,7.5,0.5,25.58,51.37478001,251109.pO2xPO4_5x5c.dat.20,16.51
0.9,1.5,0.015860881,Background,7.5,0.5,25.58,49.4588021,251109.pO2xPO4_5x5c.dat.10,28.35
0.8,1.5,0.010162163,Background,7.5,0.5,25.58,47.72844113,251109.pO2xPO4_5x5c.dat.00,42.48
1.2,1.6,0.021559442,Background,7.5,0.5,25.58,68.41019058,251109.pO2xPO4_5x5c.dat.41,8.53
1.1,1.6,0.018470552,Background,7.5,0.5,25.58,65.63589704,251109.pO2xPO4_5x5c.dat.31,13.67
1.0,1.6,0.014610816,Background,7.5,0.5,25.58,63.18451778,251109.pO2xPO4_5x5c.dat.21,23.49
0.9,1.6,0.011368231,Background,7.5,0.5,25.58,60.97053483,251109.pO2xPO4_5x5c.dat.11,34.86
0.8,1.6,0.006058335,Background,7.5,0.5,25.58,58.97942538,251109.pO2xPO4_5x5c.dat.01,46.51
1.2,1.7,0.017303291,Background,7.5,0.5,25.58,81.80807345,251109.pO2xPO4_5x5c.dat.42,10.18
1.1,1.7,0.013532389,Background,7.5,0.5,25.58,78.71811977,251109.pO2xPO4_5x5c.dat.32,17.43
1.0,1.7,0.010212076,Background,7.5,0.5,25.58,75.90238965,251109.pO2xPO4_5x5c.dat.22,28.53
0.9,1.7,0.005599434,Background,7.5,0.5,25.58,73.23842874,251109.pO2xPO4_5x5c.dat.12,41.47
0.8,1.7,0.003209821,Background,7.5,0.5,25.58,70.88063285,251109.pO2xPO4_5x5c.dat.02,51.74
1.2,1.8,0.011850618,Background,7.5,0.5,25.58,96.23130609,251109.pO2xPO4_5x5c.dat.43,14.4
1.1,1.8,0.008991826,Background,7.5,0.5,25.58,92.46980335,251109.pO2xPO4_5x5c.dat.33,23.76
1.0,1.8,0.006474816,Background,7.5,0.5,25.58,89.25492875,251109.pO2xPO4_5x5c.dat.23,33.85
0.9,1.8,0.002719152,Background,7.5,0.5,25.58,86.35191625,251109.pO2xPO4_5x5c.dat.13,45.23
0.8,1.8,0.001779959,Background,7.5,0.5,25.58,83.70167052,251109.pO2xPO4_5x5c.dat.03,55.69
1.2,1.9,0.007625944,Background,7.5,0.5,25.58,111.432797,251109.pO2xPO4_5x5c.dat.44,17.61
1.1,1.9,0.005502564,Background,7.5,0.5,25.58,107.2543091,251109.pO2xPO4_5x5c.dat.34,27.71
1.0,1.9,0.001705137,Background,7.5,0.5,25.58,103.4601737,251109.pO2xPO4_5x5c.dat.24,39.54
0.9,1.9,0.001669297,Background,7.5,0.5,25.58,100.0144039,251109.pO2xPO4_5x5c.dat.14,48.62
0.8,1.9,0.001176934,Background,7.5,0.5,25.58,97.0478286,251109.pO2xPO4_5x5c.dat.04,58.07
1.2,1.5,0.205588161,Kellwasser,7.5,0.5,25.58,55.74500756,251109.pO2xPO4_5x5c.dat.40,7.25
1.1,1.5,0.138491876,Kellwasser,7.5,0.5,25.58,53.44364399,251109.pO2xPO4_5x5c.dat.30,8.99
1.0,1.5,0.10061776,Kellwasser,7.5,0.5,25.58,51.37478001,251109.pO2xPO4_5x5c.dat.20,16.51
0.9,1.5,0.078150405,Kellwasser,7.5,0.5,25.58,49.4588021,251109.pO2xPO4_5x5c.dat.10,28.35
0.8,1.5,0.060824485,Kellwasser,7.5,0.5,25.58,47.72844113,251109.pO2xPO4_5x5c.dat.00,42.48
1.2,1.6,0.13747883,Kellwasser,7.5,0.5,25.58,68.41019058,251109.pO2xPO4_5x5c.dat.41,8.53
1.1,1.6,0.089902375,Kellwasser,7.5,0.5,25.58,65.63589704,251109.pO2xPO4_5x5c.dat.31,13.67
1.0,1.6,0.071266909,Kellwasser,7.5,0.5,25.58,63.18451778,251109.pO2xPO4_5x5c.dat.21,23.49
0.9,1.6,0.056589589,Kellwasser,7.5,0.5,25.58,60.97053483,251109.pO2xPO4_5x5c.dat.11,34.86
0.8,1.6,0.039844975,Kellwasser,7.5,0.5,25.58,58.97942538,251109.pO2xPO4_5x5c.dat.01,46.51
1.2,1.7,0.082635589,Kellwasser,7.5,0.5,25.58,81.80807345,251109.pO2xPO4_5x5c.dat.42,10.18
1.1,1.7,0.061971328,Kellwasser,7.5,0.5,25.58,78.71811977,251109.pO2xPO4_5x5c.dat.32,17.43
1.0,1.7,0.050826329,Kellwasser,7.5,0.5,25.58,75.90238965,251109.pO2xPO4_5x5c.dat.22,28.53
0.9,1.7,0.038734501,Kellwasser,7.5,0.5,25.58,73.23842874,251109.pO2xPO4_5x5c.dat.12,41.47
0.8,1.7,0.01733598,Kellwasser,7.5,0.5,25.58,70.88063285,251109.pO2xPO4_5x5c.dat.02,51.74
1.2,1.8,0.055274739,Kellwasser,7.5,0.5,25.58,96.23130609,251109.pO2xPO4_5x5c.dat.43,14.4
1.1,1.8,0.044584014,Kellwasser,7.5,0.5,25.58,92.46980335,251109.pO2xPO4_5x5c.dat.33,23.76
1.0,1.8,0.03525761,Kellwasser,7.5,0.5,25.58,89.25492875,251109.pO2xPO4_5x5c.dat.23,33.85
0.9,1.8,0.024357374,Kellwasser,7.5,0.5,25.58,86.35191625,251109.pO2xPO4_5x5c.dat.13,45.23
0.8,1.8,0.012637598,Kellwasser,7.5,0.5,25.58,83.70167052,251109.pO2xPO4_5x5c.dat.03,55.69
1.2,1.9,0.037392233,Kellwasser,7.5,0.5,25.58,111.432797,251109.pO2xPO4_5x5c.dat.44,17.61
1.1,1.9,0.030841251,Kellwasser,7.5,0.5,25.58,107.2543091,251109.pO2xPO4_5x5c.dat.34,27.71
1.0,1.9,0.022147033,Kellwasser,7.5,0.5,25.58,103.4601737,251109.pO2xPO4_5x5c.dat.24,39.54
0.9,1.9,0.011878864,Kellwasser,7.5,0.5,25.58,100.0144039,251109.pO2xPO4_5x5c.dat.14,48.62
0.8,1.9,0.008361937,Kellwasser,7.5,0.5,25.58,97.0478286,251109.pO2xPO4_5x5c.dat.04,58.07
0.7,0.5,0.2271730706861904,Background,7.5,0.5,25.58,22.109201381681487,251109.pO2xPO4_5x5d.dat.40,1.38
0.6,0.5,0.0773164974100829,Background,7.5,0.5,25.58,19.18358975672163,251109.pO2xPO4_5x5d.dat.30,2.02
0.5,0.5,0.1073511269897231,Background,7.5,0.5,25.58,16.887719539226964,251109.pO2xPO4_5x5d.dat.20,3.94
0.4,0.5,0.0776869939834424,Background,7.5,0.5,25.58,15.008380614744963,251109.pO2xPO4_5x5d.dat.10,7.71
0.3,0.5,0.0477619890540844,Background,7.5,0.5,25.58,13.345304068934638,251109.pO2xPO4_5x5d.dat.00,32.39
0.7,0.6,0.0731972935990751,Background,7.5,0.5,25.58,36.04615267249756,251109.pO2xPO4_5x5d.dat.41,2.29
0.6,0.6,0.1066384187847944,Background,7.5,0.5,25.58,31.676641810918227,251109.pO2xPO4_5x5d.dat.31,3.94
0.5,0.6,0.0714967009253413,Background,7.5,0.5,25.58,28.358583222143352,251109.pO2xPO4_5x5d.dat.21,7.34
0.4,0.6,0.0511098654641153,Background,7.5,0.5,25.58,25.613660909584723,251109.pO2xPO4_5x5d.dat.11,21.19
0.3,0.6,0.0300844984531196,Background,7.5,0.5,25.58,23.35667159059085,251109.pO2xPO4_5x5d.dat.01,55.69
0.7,0.7,0.0982296508424992,Background,7.5,0.5,25.58,52.68958193482831,251109.pO2xPO4_5x5d.dat.42,4.04
0.6,0.7,0.0699491992642318,Background,7.5,0.5,25.58,46.23298445949331,251109.pO2xPO4_5x5d.dat.32,7.06
0.5,0.7,0.0551479253537154,Background,7.5,0.5,25.58,41.534643969498575,251109.pO2xPO4_5x5d.dat.22,15.78
0.4,0.7,0.0342706202591572,Background,7.5,0.5,25.58,37.89094262174331,251109.pO2xPO4_5x5d.dat.12,41.93
0.3,0.7,0.0217326629333114,Background,7.5,0.5,25.58,34.85068737063557,251109.pO2xPO4_5x5d.dat.02,67.06
0.7,0.8,0.0662283956044695,Background,7.5,0.5,25.58,72.8508093743585,251109.pO2xPO4_5x5d.dat.43,6.51
0.6,0.8,0.060147239290267,Background,7.5,0.5,25.58,63.08361480478197,251109.pO2xPO4_5x5d.dat.33,11.01
0.5,0.8,0.0410571149939243,Background,7.5,0.5,25.58,56.58750887960196,251109.pO2xPO4_5x5d.dat.23,29.91
0.4,0.8,0.0270111161587079,Background,7.5,0.5,25.58,51.691997214220464,251109.pO2xPO4_5x5d.dat.13,54.86
0.3,0.8,0.0129287180356695,Background,7.5,0.5,25.58,47.723187890369445,251109.pO2xPO4_5x5d.dat.03,72.94
0.7,0.9,0.0545567458488515,Background,7.5,0.5,25.58,95.46993533149362,251109.pO2xPO4_5x5d.dat.44,8.72
0.6,0.9,0.0416832867597724,Background,7.5,0.5,25.58,82.82453200081363,251109.pO2xPO4_5x5d.dat.34,21.93
0.5,0.9,0.0279837040909067,Background,7.5,0.5,25.58,73.60116433119401,251109.pO2xPO4_5x5d.dat.24,44.22
0.4,0.9,0.0214847694750808,Background,7.5,0.5,25.58,67.09085573675111,251109.pO2xPO4_5x5d.dat.14,63.03
0.3,0.9,0.0090349779623589,Background,7.5,0.5,25.58,62.01448559295386,251109.pO2xPO4_5x5d.dat.04,82.57
0.7,0.5,0.0382711455758375,Kellwasser,7.5,0.5,25.58,22.109201381681487,251109.pO2xPO4_5x5d.dat.40,1.38
0.6,0.5,0.3093030585828868,Kellwasser,7.5,0.5,25.58,19.18358975672163,251109.pO2xPO4_5x5d.dat.30,2.02
0.5,0.5,0.6224609148788887,Kellwasser,7.5,0.5,25.58,16.887719539226964,251109.pO2xPO4_5x5d.dat.20,3.94
0.4,0.5,0.4670353494236754,Kellwasser,7.5,0.5,25.58,15.008380614744963,251109.pO2xPO4_5x5d.dat.10,7.71
0.3,0.5,0.2351308879850466,Kellwasser,7.5,0.5,25.58,13.345304068934638,251109.pO2xPO4_5x5d.dat.00,32.39
0.7,0.6,0.3774734826777418,Kellwasser,7.5,0.5,25.58,36.04615267249756,251109.pO2xPO4_5x5d.dat.41,2.29
0.6,0.6,0.6279796897668387,Kellwasser,7.5,0.5,25.58,31.676641810918227,251109.pO2xPO4_5x5d.dat.31,3.94
0.5,0.6,0.5695050250040734,Kellwasser,7.5,0.5,25.58,28.358583222143352,251109.pO2xPO4_5x5d.dat.21,7.34
0.4,0.6,0.2819534496533294,Kellwasser,7.5,0.5,25.58,25.613660909584723,251109.pO2xPO4_5x5d.dat.11,21.19
0.3,0.6,0.1098366488347997,Kellwasser,7.5,0.5,25.58,23.35667159059085,251109.pO2xPO4_5x5d.dat.01,55.69
0.7,0.7,0.6505358384635594,Kellwasser,7.5,0.5,25.58,52.68958193482831,251109.pO2xPO4_5x5d.dat.42,4.04
0.6,0.7,0.595249249955128,Kellwasser,7.5,0.5,25.58,46.23298445949331,251109.pO2xPO4_5x5d.dat.32,7.06
0.5,0.7,0.3210466933131806,Kellwasser,7.5,0.5,25.58,41.534643969498575,251109.pO2xPO4_5x5d.dat.22,15.78
0.4,0.7,0.1913836126072905,Kellwasser,7.5,0.5,25.58,37.89094262174331,251109.pO2xPO4_5x5d.dat.12,41.93
0.3,0.7,0.0731444615460307,Kellwasser,7.5,0.5,25.58,34.85068737063557,251109.pO2xPO4_5x5d.dat.02,67.06
0.7,0.8,0.5979086936414835,Kellwasser,7.5,0.5,25.58,72.8508093743585,251109.pO2xPO4_5x5d.dat.43,6.51
0.6,0.8,0.3419100632274298,Kellwasser,7.5,0.5,25.58,63.08361480478197,251109.pO2xPO4_5x5d.dat.33,11.01
0.5,0.8,0.2157447563220626,Kellwasser,7.5,0.5,25.58,56.58750887960196,251109.pO2xPO4_5x5d.dat.23,29.91
0.4,0.8,0.0923802887510224,Kellwasser,7.5,0.5,25.58,51.691997214220464,251109.pO2xPO4_5x5d.dat.13,54.86
0.3,0.8,0.0360804378606937,Kellwasser,7.5,0.5,25.58,47.723187890369445,251109.pO2xPO4_5x5d.dat.03,72.94
0.7,0.9,0.3719877165593002,Kellwasser,7.5,0.5,25.58,95.46993533149362,251109.pO2xPO4_5x5d.dat.44,8.72
0.6,0.9,0.227034709444432,Kellwasser,7.5,0.5,25.58,82.82453200081363,251109.pO2xPO4_5x5d.dat.34,21.93
0.5,0.9,0.1548159595783144,Kellwasser,7.5,0.5,25.58,73.60116433119401,251109.pO2xPO4_5x5d.dat.24,44.22
0.4,0.9,0.0658845462919819,Kellwasser,7.5,0.5,25.58,67.09085573675111,251109.pO2xPO4_5x5d.dat.14,63.03
0.3,0.9,0.0207099211974809,Kellwasser,7.5,0.5,25.58,62.01448559295386,251109.pO2xPO4_5x5d.dat.04,82.57
0.7,1.0,0.2271730706861904,Background,7.5,0.5,25.58,22.109201381681487,251109.pO2xPO4_5x5d.dat.40,1.38
0.6,1.0,0.0773164974100829,Background,7.5,0.5,25.58,19.18358975672163,251109.pO2xPO4_5x5d.dat.30,2.02
0.5,1.0,0.1073511269897231,Background,7.5,0.5,25.58,16.887719539226964,251109.pO2xPO4_5x5d.dat.20,3.94
0.4,1.0,0.0776869939834424,Background,7.5,0.5,25.58,15.008380614744963,251109.pO2xPO4_5x5d.dat.10,7.71
0.3,1.0,0.0477619890540844,Background,7.5,0.5,25.58,13.345304068934638,251109.pO2xPO4_5x5d.dat.00,32.39
0.7,1.1,0.0731972935990751,Background,7.5,0.5,25.58,36.04615267249756,251109.pO2xPO4_5x5d.dat.41,2.29
0.6,1.1,0.1066384187847944,Background,7.5,0.5,25.58,31.676641810918227,251109.pO2xPO4_5x5d.dat.31,3.94
0.5,1.1,0.0714967009253413,Background,7.5,0.5,25.58,28.358583222143352,251109.pO2xPO4_5x5d.dat.21,7.34
0.4,1.1,0.0511098654641153,Background,7.5,0.5,25.58,25.613660909584723,251109.pO2xPO4_5x5d.dat.11,21.19
0.3,1.1,0.0300844984531196,Background,7.5,0.5,25.58,23.35667159059085,251109.pO2xPO4_5x5d.dat.01,55.69
0.7,1.2,0.0982296508424992,Background,7.5,0.5,25.58,52.68958193482831,251109.pO2xPO4_5x5d.dat.42,4.04
0.6,1.2,0.0699491992642318,Background,7.5,0.5,25.58,46.23298445949331,251109.pO2xPO4_5x5d.dat.32,7.06
0.5,1.2,0.0551479253537154,Background,7.5,0.5,25.58,41.534643969498575,251109.pO2xPO4_5x5d.dat.22,15.78
0.4,1.2,0.0342706202591572,Background,7.5,0.5,25.58,37.89094262174331,251109.pO2xPO4_5x5d.dat.12,41.93
0.3,1.2,0.0217326629333114,Background,7.5,0.5,25.58,34.85068737063557,251109.pO2xPO4_5x5d.dat.02,67.06
0.7,1.3,0.0662283956044695,Background,7.5,0.5,25.58,72.8508093743585,251109.pO2xPO4_5x5d.dat.43,6.51
0.6,1.3,0.060147239290267,Background,7.5,0.5,25.58,63.08361480478197,251109.pO2xPO4_5x5d.dat.33,11.01
0.5,1.3,0.0410571149939243,Background,7.5,0.5,25.58,56.58750887960196,251109.pO2xPO4_5x5d.dat.23,29.91
0.4,1.3,0.0270111161587079,Background,7.5,0.5,25.58,51.691997214220464,251109.pO2xPO4_5x5d.dat.13,54.86
0.3,1.3,0.0129287180356695,Background,7.5,0.5,25.58,47.723187890369445,251109.pO2xPO4_5x5d.dat.03,72.94
0.7,1.4,0.0545567458488515,Background,7.5,0.5,25.58,95.46993533149362,251109.pO2xPO4_5x5d.dat.44,8.72
0.6,1.4,0.0416832867597724,Background,7.5,0.5,25.58,82.82453200081363,251109.pO2xPO4_5x5d.dat.34,21.93
0.5,1.4,0.0279837040909067,Background,7.5,0.5,25.58,73.60116433119401,251109.pO2xPO4_5x5d.dat.24,44.22
0.4,1.4,0.0214847694750808,Background,7.5,0.5,25.58,67.09085573675111,251109.pO2xPO4_5x5d.dat.14,63.03
0.3,1.4,0.0090349779623589,Background,7.5,0.5,,62.01448559295386,251109.pO2xPO4_5x5d.dat.04,82.57
0.7,1.0,0.0382711455758375,Kellwasser,7.5,0.5,25.58,22.109201381681487,251109.pO2xPO4_5x5d.dat.40,1.38
0.6,1.0,0.3093030585828868,Kellwasser,7.5,0.5,25.58,19.18358975672163,251109.pO2xPO4_5x5d.dat.30,2.02
0.5,1.0,0.6224609148788887,Kellwasser,7.5,0.5,25.58,16.887719539226964,251109.pO2xPO4_5x5d.dat.20,3.94
0.4,1.0,0.4670353494236754,Kellwasser,7.5,0.5,25.58,15.008380614744963,251109.pO2xPO4_5x5d.dat.10,7.71
0.3,1.0,0.2351308879850466,Kellwasser,7.5,0.5,25.58,13.345304068934638,251109.pO2xPO4_5x5d.dat.00,32.39
0.7,1.1,0.3774734826777418,Kellwasser,7.5,0.5,25.58,36.04615267249756,251109.pO2xPO4_5x5d.dat.41,2.29
0.6,1.1,0.6279796897668387,Kellwasser,7.5,0.5,25.58,31.676641810918227,251109.pO2xPO4_5x5d.dat.31,3.94
0.5,1.1,0.5695050250040734,Kellwasser,7.5,0.5,25.58,28.358583222143352,251109.pO2xPO4_5x5d.dat.21,7.34
0.4,1.1,0.2819534496533294,Kellwasser,7.5,0.5,25.58,25.613660909584723,251109.pO2xPO4_5x5d.dat.11,21.19
0.3,1.1,0.1098366488347997,Kellwasser,7.5,0.5,25.58,23.35667159059085,251109.pO2xPO4_5x5d.dat.01,55.69
0.7,1.2,0.6505358384635594,Kellwasser,7.5,0.5,25.58,52.68958193482831,251109.pO2xPO4_5x5d.dat.42,4.04
0.6,1.2,0.595249249955128,Kellwasser,7.5,0.5,25.58,46.23298445949331,251109.pO2xPO4_5x5d.dat.32,7.06
0.5,1.2,0.3210466933131806,Kellwasser,7.5,0.5,25.58,41.534643969498575,251109.pO2xPO4_5x5d.dat.22,15.78
0.4,1.2,0.1913836126072905,Kellwasser,7.5,0.5,25.58,37.89094262174331,251109.pO2xPO4_5x5d.dat.12,41.93
0.3,1.2,0.0731444615460307,Kellwasser,7.5,0.5,25.58,34.85068737063557,251109.pO2xPO4_5x5d.dat.02,67.06
0.7,1.3,0.5979086936414835,Kellwasser,7.5,0.5,25.58,72.8508093743585,251109.pO2xPO4_5x5d.dat.43,6.51
0.6,1.3,0.3419100632274298,Kellwasser,7.5,0.5,25.58,63.08361480478197,251109.pO2xPO4_5x5d.dat.33,11.01
0.5,1.3,0.2157447563220626,Kellwasser,7.5,0.5,25.58,56.58750887960196,251109.pO2xPO4_5x5d.dat.23,29.91
0.4,1.3,0.0923802887510224,Kellwasser,7.5,0.5,25.58,51.691997214220464,251109.pO2xPO4_5x5d.dat.13,54.86
0.3,1.3,0.0360804378606937,Kellwasser,7.5,0.5,25.58,47.723187890369445,251109.pO2xPO4_5x5d.dat.03,72.94
0.7,1.4,0.3719877165593002,Kellwasser,7.5,0.5,25.58,95.46993533149362,251109.pO2xPO4_5x5d.dat.44,8.72
0.6,1.4,0.227034709444432,Kellwasser,7.5,0.5,25.58,82.82453200081363,251109.pO2xPO4_5x5d.dat.34,21.93
0.5,1.4,0.1548159595783144,Kellwasser,7.5,0.5,25.58,73.60116433119401,251109.pO2xPO4_5x5d.dat.24,44.22
0.4,1.4,0.0658845462919819,Kellwasser,7.5,0.5,25.58,67.09085573675111,251109.pO2xPO4_5x5d.dat.14,63.03
0.3,1.4,0.0207099211974809,Kellwasser,7.5,0.5,,62.01448559295386,251109.pO2xPO4_5x5d.dat.04,82.57
0.7,1.5,0.0078914270542275,Background,7.5,0.5,25.58,7.623407327628229,251109.pO2xPO4_5x5f.dat.40,54.31
0.6,1.5,0.0024534372639317,Background,7.5,0.5,25.58,7.139747140172403,251109.pO2xPO4_5x5f.dat.30,64.77
0.5,1.5,0.000570314556001,Background,7.5,0.5,25.58,6.715166819049045,251109.pO2xPO4_5x5f.dat.20,73.03
0.4,1.5,0.0002562067385205,Background,7.5,0.5,25.58,6.332807515718741,251109.pO2xPO4_5x5f.dat.10,83.3
0.3,1.5,0.0001048378388203,Background,7.5,0.5,25.58,5.990567387925694,251109.pO2xPO4_5x5f.dat.00,88.72
0.7,1.6,0.0039558358810276,Background,7.5,0.5,25.58,14.582758012693375,251109.pO2xPO4_5x5f.dat.41,58.35
0.6,1.6,0.000777849296883,Background,7.5,0.5,25.58,13.544823559641372,251109.pO2xPO4_5x5f.dat.31,67.34
0.5,1.6,0.0002744535632503,Background,7.5,0.5,25.58,12.669017451116815,251109.pO2xPO4_5x5f.dat.21,74.68
0.4,1.6,0.0001273976122379,Background,7.5,0.5,25.58,11.914111382793635,251109.pO2xPO4_5x5f.dat.11,87.89
0.3,1.6,7.390018322174666e-05,Background,7.5,0.5,25.58,11.27247651311336,251109.pO2xPO4_5x5f.dat.01,88.26
0.7,1.7,0.0017547921494993,Background,7.5,0.5,25.58,23.409575078403577,251109.pO2xPO4_5x5f.dat.42,61.28
0.6,1.7,0.0003754209013538,Background,7.5,0.5,25.58,22.136982806841843,251109.pO2xPO4_5x5f.dat.32,69.54
0.5,1.7,0.0001338933927696,Background,7.5,0.5,25.58,20.977180611225776,251109.pO2xPO4_5x5f.dat.22,78.44
0.4,1.7,0.0001101342418743,Background,7.5,0.5,25.58,19.90528471651487,251109.pO2xPO4_5x5f.dat.12,89.27
0.3,1.7,6.472785907041923e-05,Background,7.5,0.5,25.58,18.880513380281627,251109.pO2xPO4_5x5f.dat.02,88.35
0.7,1.8,0.0009472152106946,Background,7.5,0.5,25.58,33.25549914734438,251109.pO2xPO4_5x5f.dat.43,63.39
0.6,1.8,0.0001369957842929,Background,7.5,0.5,25.58,31.64741428918205,251109.pO2xPO4_5x5f.dat.33,71.19
0.5,1.8,0.0001236898751766,Background,7.5,0.5,25.58,30.20749136339873,251109.pO2xPO4_5x5f.dat.23,81.74
0.4,1.8,9.859113973501152e-05,Background,7.5,0.5,25.58,28.91963958973065,251109.pO2xPO4_5x5f.dat.13,89.27
0.3,1.8,5.763938960507415e-05,Background,7.5,0.5,25.58,27.729847715818323,251109.pO2xPO4_5x5f.dat.03,88.44
0.7,1.9,0.0001795360834982,Background,7.5,0.5,25.58,44.03238926897757,251109.pO2xPO4_5x5f.dat.44,66.06
0.6,1.9,0.000122236811233,Background,7.5,0.5,25.58,42.08871177979745,251109.pO2xPO4_5x5f.dat.34,72.39
0.5,1.9,0.0001090025404169,Background,7.5,0.5,25.58,40.36326572531834,251109.pO2xPO4_5x5f.dat.24,83.94
0.4,1.9,8.90048129199025e-05,Background,7.5,0.5,25.58,38.76978007610887,251109.pO2xPO4_5x5f.dat.14,89.17
0.3,1.9,5.2976275878212746e-05,Background,7.5,0.5,25.58,37.30911339516752,251109.pO2xPO4_5x5f.dat.04,88.44
0.7,1.5,0.0253569651448785,Kellwasser,7.5,0.5,25.58,7.623407327628229,251109.pO2xPO4_5x5f.dat.40,54.31
0.6,1.5,0.0150334720484174,Kellwasser,7.5,0.5,25.58,7.139747140172403,251109.pO2xPO4_5x5f.dat.30,64.77
0.5,1.5,0.0038851544710655,Kellwasser,7.5,0.5,25.58,6.715166819049045,251109.pO2xPO4_5x5f.dat.20,73.03
0.4,1.5,0.0017104029267825,Kellwasser,7.5,0.5,25.58,6.332807515718741,251109.pO2xPO4_5x5f.dat.10,83.3
0.3,1.5,0.0006533680617107,Kellwasser,7.5,0.5,25.58,5.990567387925694,251109.pO2xPO4_5x5f.dat.00,88.72
0.7,1.6,0.0181420660120889,Kellwasser,7.5,0.5,25.58,14.582758012693375,251109.pO2xPO4_5x5f.dat.41,58.35
0.6,1.6,0.0054244366115944,Kellwasser,7.5,0.5,25.58,13.544823559641372,251109.pO2xPO4_5x5f.dat.31,67.34
0.5,1.6,0.0018266168205243,Kellwasser,7.5,0.5,25.58,12.669017451116815,251109.pO2xPO4_5x5f.dat.21,74.68
0.4,1.6,0.0008050469633543,Kellwasser,7.5,0.5,25.58,11.914111382793635,251109.pO2xPO4_5x5f.dat.11,87.89
0.3,1.6,0.0004354039927004,Kellwasser,7.5,0.5,25.58,11.27247651311336,251109.pO2xPO4_5x5f.dat.01,88.26
0.7,1.7,0.0126399046127579,Kellwasser,7.5,0.5,25.58,23.409575078403577,251109.pO2xPO4_5x5f.dat.42,61.28
0.6,1.7,0.0025582987504114,Kellwasser,7.5,0.5,25.58,22.136982806841843,251109.pO2xPO4_5x5f.dat.32,69.54
0.5,1.7,0.0008489424287946,Kellwasser,7.5,0.5,25.58,20.977180611225776,251109.pO2xPO4_5x5f.dat.22,78.44
0.4,1.7,0.0006840091831073,Kellwasser,7.5,0.5,25.58,19.90528471651487,251109.pO2xPO4_5x5f.dat.12,89.27
0.3,1.7,0.0003702186706459,Kellwasser,7.5,0.5,25.58,18.880513380281627,251109.pO2xPO4_5x5f.dat.02,88.35
0.7,1.8,0.0066663878731755,Kellwasser,7.5,0.5,25.58,33.25549914734438,251109.pO2xPO4_5x5f.dat.43,63.39
0.6,1.8,0.000862373007776,Kellwasser,7.5,0.5,25.58,31.64741428918205,251109.pO2xPO4_5x5f.dat.33,71.19
0.5,1.8,0.0007771920596096,Kellwasser,7.5,0.5,25.58,30.20749136339873,251109.pO2xPO4_5x5f.dat.23,81.74
0.4,1.8,0.0006033246786899,Kellwasser,7.5,0.5,25.58,28.91963958973065,251109.pO2xPO4_5x5f.dat.13,89.27
0.3,1.8,0.0003198709617133,Kellwasser,7.5,0.5,25.58,27.729847715818323,251109.pO2xPO4_5x5f.dat.03,88.44
0.7,1.9,0.0011603717684355,Kellwasser,7.5,0.5,25.58,44.03238926897757,251109.pO2xPO4_5x5f.dat.44,66.06
0.6,1.9,0.0007553869906801,Kellwasser,7.5,0.5,25.58,42.08871177979745,251109.pO2xPO4_5x5f.dat.34,72.39
0.5,1.9,0.0006737226968048,Kellwasser,7.5,0.5,25.58,40.36326572531834,251109.pO2xPO4_5x5f.dat.24,83.94
0.4,1.9,0.0005388841331985,Kellwasser,7.5,0.5,25.58,38.76978007610887,251109.pO2xPO4_5x5f.dat.14,89.17
0.3,1.9,0.0002870529649694,Kellwasser,7.5,0.5,25.58,37.30911339516752,251109.pO2xPO4_5x5f.dat.04,88.44
1.2,0.5,0.0030182567943848,Background,0.75,0.5,17.06,152.593434904702,251102.pO2xPO4_5x5a.dat.40,0.0
1.1,0.5,0.0220388075338616,Background,0.75,0.5,17.06,138.86712258681655,251102.pO2xPO4_5x5a.dat.30,0.0
1.0,0.5,0.0482902443741805,Background,0.75,0.5,17.06,125.84164505824448,251102.pO2xPO4_5x5a.dat.20,0.0
0.9,0.5,0.0877945832606174,Background,0.75,0.5,17.06,114.16676716180518,251102.pO2xPO4_5x5a.dat.10,0.0
0.8,0.5,0.0987632420393853,Background,0.75,0.5,17.06,105.06866237847134,251102.pO2xPO4_5x5a.dat.00,0.46
1.2,0.6,0.0402566129654447,Background,0.75,0.5,17.06,180.6521468097344,251102.pO2xPO4_5x5a.dat.41,0.0
1.1,0.6,0.0703125425020544,Background,0.75,0.5,17.06,166.73776553943753,251102.pO2xPO4_5x5a.dat.31,0.0
1.0,0.6,0.1201000162412671,Background,0.75,0.5,17.06,153.32653129007667,251102.pO2xPO4_5x5a.dat.21,0.18
0.9,0.6,0.1706514708077359,Background,0.75,0.5,17.06,140.66713629290462,251102.pO2xPO4_5x5a.dat.11,0.55
0.8,0.6,0.26309136879333,Background,0.75,0.5,17.06,129.27126954309642,251102.pO2xPO4_5x5a.dat.01,0.92
1.2,0.7,0.1357582620849379,Background,0.75,0.5,17.06,208.81912496406585,251102.pO2xPO4_5x5a.dat.42,0.0
1.1,0.7,0.1447536615911158,Background,0.75,0.5,17.06,194.7528653545305,251102.pO2xPO4_5x5a.dat.32,0.46
1.0,0.7,0.2128437996058058,Background,0.75,0.5,17.06,181.1462570913136,251102.pO2xPO4_5x5a.dat.22,0.55
0.9,0.7,0.2685802540182559,Background,0.75,0.5,17.06,168.11520617920905,251102.pO2xPO4_5x5a.dat.12,1.19
0.8,0.7,0.0141419216246578,Background,0.75,0.5,17.06,155.82454216200858,251102.pO2xPO4_5x5a.dat.02,1.47
1.2,0.8,0.1740647057979773,Background,0.75,0.5,17.06,237.01728787273169,251102.pO2xPO4_5x5a.dat.43,0.55
1.1,0.8,0.2629512674296788,Background,0.75,0.5,17.06,222.8632365586236,251102.pO2xPO4_5x5a.dat.33,0.55
1.0,0.8,0.3085737507779512,Background,0.75,0.5,17.06,209.1298229061067,251102.pO2xPO4_5x5a.dat.23,1.28
0.9,0.8,0.0449433298180791,Background,0.75,0.5,17.06,195.9021610673517,251102.pO2xPO4_5x5a.dat.13,1.47
0.8,0.8,0.1468398611482954,Background,0.75,0.5,17.06,183.25676501262933,251102.pO2xPO4_5x5a.dat.03,2.57
1.2,0.9,0.3049840882031527,Background,0.75,0.5,17.06,265.2576076798141,251102.pO2xPO4_5x5a.dat.44,0.64
1.1,0.9,0.3033074128380597,Background,0.75,0.5,17.06,251.0446065571159,251102.pO2xPO4_5x5a.dat.34,1.28
1.0,0.9,0.0417546553777731,Background,0.75,0.5,17.06,237.1891459915787,251102.pO2xPO4_5x5a.dat.24,1.47
0.9,0.9,0.1350003090325506,Background,0.75,0.5,17.06,223.8542801933363,251102.pO2xPO4_5x5a.dat.14,2.57
0.8,0.9,0.1093974350829554,Background,0.75,0.5,17.06,211.02371101733297,251102.pO2xPO4_5x5a.dat.04,3.3
1.2,0.5,0.0109000719054796,Kellwasser,0.75,0.5,17.06,152.593434904702,251102.pO2xPO4_5x5a.dat.40,0.0
1.1,0.5,0.0101099738072243,Kellwasser,0.75,0.5,17.06,138.86712258681655,251102.pO2xPO4_5x5a.dat.30,0.0
1.0,0.5,0.0094306018114463,Kellwasser,0.75,0.5,17.06,125.84164505824448,251102.pO2xPO4_5x5a.dat.20,0.0
0.9,0.5,0.0098790308056404,Kellwasser,0.75,0.5,17.06,114.16676716180518,251102.pO2xPO4_5x5a.dat.10,0.0
0.8,0.5,0.0116014181963549,Kellwasser,0.75,0.5,17.06,105.06866237847134,251102.pO2xPO4_5x5a.dat.00,0.46
1.2,0.6,0.0097033455364172,Kellwasser,0.75,0.5,17.06,180.6521468097344,251102.pO2xPO4_5x5a.dat.41,0.0
1.1,0.6,0.0097304585527493,Kellwasser,0.75,0.5,17.06,166.73776553943753,251102.pO2xPO4_5x5a.dat.31,0.0
1.0,0.6,0.0098192379956457,Kellwasser,0.75,0.5,17.06,153.32653129007667,251102.pO2xPO4_5x5a.dat.21,0.18
0.9,0.6,0.012597794021926,Kellwasser,0.75,0.5,17.06,140.66713629290462,251102.pO2xPO4_5x5a.dat.11,0.55
0.8,0.6,0.0149463735514235,Kellwasser,0.75,0.5,17.06,129.27126954309642,251102.pO2xPO4_5x5a.dat.01,0.92
1.2,0.7,0.009025548377269,Kellwasser,0.75,0.5,17.06,208.81912496406585,251102.pO2xPO4_5x5a.dat.42,0.0
1.1,0.7,0.0110750478102908,Kellwasser,0.75,0.5,17.06,194.7528653545305,251102.pO2xPO4_5x5a.dat.32,0.46
1.0,0.7,0.0121206137829365,Kellwasser,0.75,0.5,17.06,181.1462570913136,251102.pO2xPO4_5x5a.dat.22,0.55
0.9,0.7,0.0348953307613426,Kellwasser,0.75,0.5,17.06,168.11520617920905,251102.pO2xPO4_5x5a.dat.12,1.19
0.8,0.7,0.1963374169262126,Kellwasser,0.75,0.5,17.06,155.82454216200858,251102.pO2xPO4_5x5a.dat.02,1.47
1.2,0.8,0.0114930699772442,Kellwasser,0.75,0.5,17.06,237.01728787273169,251102.pO2xPO4_5x5a.dat.43,0.55
1.1,0.8,0.0128949897805386,Kellwasser,0.75,0.5,17.06,222.8632365586236,251102.pO2xPO4_5x5a.dat.33,0.55
1.0,0.8,0.0425120710548601,Kellwasser,0.75,0.5,17.06,209.1298229061067,251102.pO2xPO4_5x5a.dat.23,1.28
0.9,0.8,0.2412258020754489,Kellwasser,0.75,0.5,17.06,195.9021610673517,251102.pO2xPO4_5x5a.dat.13,1.47
0.8,0.8,0.4788118065880916,Kellwasser,0.75,0.5,17.06,183.25676501262933,251102.pO2xPO4_5x5a.dat.03,2.57
1.2,0.9,0.0137834845731035,Kellwasser,0.75,0.5,17.06,265.2576076798141,251102.pO2xPO4_5x5a.dat.44,0.64
1.1,0.9,0.0625027616313523,Kellwasser,0.75,0.5,17.06,251.0446065571159,251102.pO2xPO4_5x5a.dat.34,1.28
1.0,0.9,0.2675111195513451,Kellwasser,0.75,0.5,17.06,237.1891459915787,251102.pO2xPO4_5x5a.dat.24,1.47
0.9,0.9,0.5009485672095462,Kellwasser,0.75,0.5,17.06,223.8542801933363,251102.pO2xPO4_5x5a.dat.14,2.57
0.8,0.9,0.6439531455378229,Kellwasser,0.75,0.5,17.06,211.02371101733297,251102.pO2xPO4_5x5a.dat.04,3.3
1.2,1.0,0.3311969084984039,Background,0.75,0.5,17.06,98.2188284979202,251102.pO2xPO4_5x5b.dat.40,1.28
1.1,1.0,0.0468883196356837,Background,0.75,0.5,17.06,92.75075717596336,251102.pO2xPO4_5x5b.dat.30,1.47
1.0,1.0,0.1356307788835383,Background,0.75,0.5,17.06,88.07754056761041,251102.pO2xPO4_5x5b.dat.20,2.57
0.9,1.0,0.1020693818010286,Background,0.75,0.5,17.06,84.02932871831581,251102.pO2xPO4_5x5b.dat.10,3.03
0.8,1.0,0.0781017288719609,Background,0.75,0.5,17.06,80.58491221163422,251102.pO2xPO4_5x5b.dat.00,4.77
1.2,1.1,0.0596165534440424,Background,0.75,0.5,17.06,120.01386494375764,251102.pO2xPO4_5x5b.dat.41,1.47
1.1,1.1,0.1290987424158433,Background,0.75,0.5,17.06,113.080364826601,251102.pO2xPO4_5x5b.dat.31,2.48
1.0,1.1,0.0905406143767003,Background,0.75,0.5,17.06,107.34651004895568,251102.pO2xPO4_5x5b.dat.21,2.94
0.9,1.1,0.0743527629389453,Background,0.75,0.5,17.06,102.49525803374128,251102.pO2xPO4_5x5b.dat.11,4.59
0.8,1.1,0.0530881966248254,Background,0.75,0.5,17.06,98.22708670981228,251102.pO2xPO4_5x5b.dat.01,6.15
1.2,1.2,0.1228442493740135,Background,0.75,0.5,17.06,144.55422933679074,251102.pO2xPO4_5x5b.dat.42,2.39
1.1,1.2,0.097879721746048,Background,0.75,0.5,17.06,135.35702601075172,251102.pO2xPO4_5x5b.dat.32,2.84
1.0,1.2,0.0768165007584416,Background,0.75,0.5,17.06,128.1697623198852,251102.pO2xPO4_5x5b.dat.22,4.31
0.9,1.2,0.0571068899471391,Background,0.75,0.5,17.06,122.27866682223976,251102.pO2xPO4_5x5b.dat.12,5.05
0.8,1.2,0.0491684827993973,Background,0.75,0.5,17.06,117.25695367204024,251102.pO2xPO4_5x5b.dat.02,6.7
1.2,1.3,0.0885250907198385,Background,0.75,0.5,17.06,171.17924289777875,251102.pO2xPO4_5x5b.dat.43,2.94
1.1,1.3,0.0717806830535759,Background,0.75,0.5,17.06,160.22552154026926,251102.pO2xPO4_5x5b.dat.33,4.13
1.0,1.3,0.0536214498141514,Background,0.75,0.5,17.06,150.97935101948678,251102.pO2xPO4_5x5b.dat.23,4.59
0.9,1.3,0.0468292548898738,Background,0.75,0.5,17.06,143.60201021190733,251102.pO2xPO4_5x5b.dat.13,6.33
0.8,1.3,0.0378961515790922,Background,0.75,0.5,17.06,137.5778956571594,251102.pO2xPO4_5x5b.dat.03,10.09
1.2,1.4,0.0665500648712206,Background,0.75,0.5,17.06,198.6084971576929,251102.pO2xPO4_5x5b.dat.44,3.67
1.1,1.4,0.0495657957017788,Background,0.75,0.5,17.06,186.95338803809136,251102.pO2xPO4_5x5b.dat.34,4.4
1.0,1.4,0.0395345533028876,Background,0.75,0.5,17.06,176.15595425013453,251102.pO2xPO4_5x5b.dat.24,5.87
0.9,1.4,0.0383053023170661,Background,0.75,0.5,17.06,166.9197517912835,251102.pO2xPO4_5x5b.dat.14,6.79
0.8,1.4,0.0290666010354898,Background,0.75,0.5,17.06,159.37353600747883,251102.pO2xPO4_5x5b.dat.04,15.69
1.2,1.0,0.0676651587690359,Kellwasser,0.75,0.5,17.06,98.2188284979202,251102.pO2xPO4_5x5b.dat.40,1.28
1.1,1.0,0.2889479769961329,Kellwasser,0.75,0.5,17.06,92.75075717596336,251102.pO2xPO4_5x5b.dat.30,1.47
1.0,1.0,0.5227771946653541,Kellwasser,0.75,0.5,17.06,88.07754056761041,251102.pO2xPO4_5x5b.dat.20,2.57
0.9,1.0,0.6769880134144384,Kellwasser,0.75,0.5,17.06,84.02932871831581,251102.pO2xPO4_5x5b.dat.10,3.03
0.8,1.0,0.6222115230537455,Kellwasser,0.75,0.5,17.06,80.58491221163422,251102.pO2xPO4_5x5b.dat.00,4.77
1.2,1.1,0.3193796328773244,Kellwasser,0.75,0.5,17.06,120.01386494375764,251102.pO2xPO4_5x5b.dat.41,1.47
1.1,1.1,0.5514595646793893,Kellwasser,0.75,0.5,17.06,113.080364826601,251102.pO2xPO4_5x5b.dat.31,2.48
1.0,1.1,0.7111273870926431,Kellwasser,0.75,0.5,17.06,107.34651004895568,251102.pO2xPO4_5x5b.dat.21,2.94
0.9,1.1,0.6204985257029969,Kellwasser,0.75,0.5,17.06,102.49525803374128,251102.pO2xPO4_5x5b.dat.11,4.59
0.8,1.1,0.4541460492674816,Kellwasser,0.75,0.5,17.06,98.22708670981228,251102.pO2xPO4_5x5b.dat.01,6.15
1.2,1.2,0.5813030995513699,Kellwasser,0.75,0.5,17.06,144.55422933679074,251102.pO2xPO4_5x5b.dat.42,2.39
1.1,1.2,0.7287778486149951,Kellwasser,0.75,0.5,17.06,135.35702601075172,251102.pO2xPO4_5x5b.dat.32,2.84
1.0,1.2,0.623655398342369,Kellwasser,0.75,0.5,17.06,128.1697623198852,251102.pO2xPO4_5x5b.dat.22,4.31
0.9,1.2,0.4739353708430988,Kellwasser,0.75,0.5,17.06,122.27866682223976,251102.pO2xPO4_5x5b.dat.12,5.05
0.8,1.2,0.2314127734394556,Kellwasser,0.75,0.5,17.06,117.25695367204024,251102.pO2xPO4_5x5b.dat.02,6.7
1.2,1.3,0.7562508549843229,Kellwasser,0.75,0.5,17.06,171.17924289777875,251102.pO2xPO4_5x5b.dat.43,2.94
1.1,1.3,0.6188107883289002,Kellwasser,0.75,0.5,17.06,160.22552154026926,251102.pO2xPO4_5x5b.dat.33,4.13
1.0,1.3,0.4714729292399894,Kellwasser,0.75,0.5,17.06,150.97935101948678,251102.pO2xPO4_5x5b.dat.23,4.59
0.9,1.3,0.2559326639736748,Kellwasser,0.75,0.5,17.06,143.60201021190733,251102.pO2xPO4_5x5b.dat.13,6.33
0.8,1.3,0.1625014214607126,Kellwasser,0.75,0.5,17.06,137.5778956571594,251102.pO2xPO4_5x5b.dat.03,10.09
1.2,1.4,0.60145823906974,Kellwasser,0.75,0.5,17.06,198.6084971576929,251102.pO2xPO4_5x5b.dat.44,3.67
1.1,1.4,0.4429111245741777,Kellwasser,0.75,0.5,17.06,186.95338803809136,251102.pO2xPO4_5x5b.dat.34,4.4
1.0,1.4,0.3110766581480073,Kellwasser,0.75,0.5,17.06,176.15595425013453,251102.pO2xPO4_5x5b.dat.24,5.87
0.9,1.4,0.1571915827479433,Kellwasser,0.75,0.5,17.06,166.9197517912835,251102.pO2xPO4_5x5b.dat.14,6.79
0.8,1.4,0.1151574981904658,Kellwasser,0.75,0.5,17.06,159.37353600747883,251102.pO2xPO4_5x5b.dat.04,15.69
1.2,1.5,0.0480606584328916,Background,0.75,0.5,17.06,77.48508505756035,251102.pO2xPO4_5x5c.dat.40,4.31
1.1,1.5,0.0383934806762929,Background,0.75,0.5,17.06,74.71994467778131,251102.pO2xPO4_5x5c.dat.30,5.5
1.0,1.5,0.0357874080663941,Background,0.75,0.5,17.06,72.29339826153591,251102.pO2xPO4_5x5c.dat.20,6.33
0.9,1.5,0.028490612191791,Background,0.75,0.5,17.06,70.06382656982169,251102.pO2xPO4_5x5c.dat.10,9.72
0.8,1.5,0.0196362963254482,Background,0.75,0.5,17.06,68.06205055909231,251102.pO2xPO4_5x5c.dat.00,20.46
1.2,1.6,0.0352688580434636,Background,0.75,0.5,17.06,94.5204810705036,251102.pO2xPO4_5x5c.dat.41,4.4
1.1,1.6,0.0346823462605514,Background,0.75,0.5,17.06,91.29293903242797,251102.pO2xPO4_5x5c.dat.31,5.96
1.0,1.6,0.0281732647562619,Background,0.75,0.5,17.06,88.37132918415591,251102.pO2xPO4_5x5c.dat.21,6.88
0.9,1.6,0.021776337817663,Background,0.75,0.5,17.06,85.72782098781317,251102.pO2xPO4_5x5c.dat.11,13.67
0.8,1.6,0.0139523994300592,Background,0.75,0.5,17.06,83.3635640447028,251102.pO2xPO4_5x5c.dat.01,26.42
1.2,1.7,0.0282988271883211,Background,0.75,0.5,17.06,112.87232337053864,251102.pO2xPO4_5x5c.dat.42,5.78
1.1,1.7,0.0273986332632578,Background,0.75,0.5,17.06,108.93835860770196,251102.pO2xPO4_5x5c.dat.32,6.15
1.0,1.7,0.0208326598675298,Background,0.75,0.5,17.06,105.50897422945128,251102.pO2xPO4_5x5c.dat.22,8.9
0.9,1.7,0.0144418740886701,Background,0.75,0.5,17.06,102.46554302284494,251102.pO2xPO4_5x5c.dat.12,17.52
0.8,1.7,0.00886439642282,Background,0.75,0.5,17.06,99.71197141567244,251102.pO2xPO4_5x5c.dat.02,30.73
1.2,1.8,0.0261014217697265,Background,0.75,0.5,17.06,132.38519022706896,251102.pO2xPO4_5x5c.dat.43,5.69
1.1,1.8,0.0200304166213625,Background,0.75,0.5,17.06,127.87523155566304,251102.pO2xPO4_5x5c.dat.33,6.79
1.0,1.8,0.0157030468111681,Background,0.75,0.5,17.06,123.80423140712082,251102.pO2xPO4_5x5c.dat.23,10.64
0.9,1.8,0.0097656043313693,Background,0.75,0.5,17.06,120.19503628835082,251102.pO2xPO4_5x5c.dat.13,21.28
0.8,1.8,0.0023676436395886,Background,0.75,0.5,17.06,117.00007598847152,251102.pO2xPO4_5x5c.dat.03,33.94
1.2,1.9,0.0196074442369073,Background,0.75,0.5,17.06,153.2008172944188,251102.pO2xPO4_5x5c.dat.44,6.24
1.1,1.9,0.01460646634698,Background,0.75,0.5,17.06,147.89188571739942,251102.pO2xPO4_5x5c.dat.34,7.34
1.0,1.9,0.0106690189785714,Background,0.75,0.5,17.06,143.17838940769434,251102.pO2xPO4_5x5c.dat.24,14.86
0.9,1.9,0.005474375095684,Background,0.75,0.5,17.06,139.1368714394048,251102.pO2xPO4_5x5c.dat.14,26.51
0.8,1.9,0.000629483780521,Background,0.75,0.5,17.06,135.43464592657983,251102.pO2xPO4_5x5c.dat.04,35.6
1.2,1.5,0.4344503836336303,Kellwasser,0.75,0.5,17.06,77.48508505756035,251102.pO2xPO4_5x5c.dat.40,4.31
1.1,1.5,0.3094942743673102,Kellwasser,0.75,0.5,17.06,74.71994467778131,251102.pO2xPO4_5x5c.dat.30,5.5
1.0,1.5,0.1602026563719148,Kellwasser,0.75,0.5,17.06,72.29339826153591,251102.pO2xPO4_5x5c.dat.20,6.33
0.9,1.5,0.1121834684883513,Kellwasser,0.75,0.5,17.06,70.06382656982169,251102.pO2xPO4_5x5c.dat.10,9.72
0.8,1.5,0.0799402766879334,Kellwasser,0.75,0.5,17.06,68.06205055909231,251102.pO2xPO4_5x5c.dat.00,20.46
1.2,1.6,0.2951346144347343,Kellwasser,0.75,0.5,17.06,94.5204810705036,251102.pO2xPO4_5x5c.dat.41,4.4
1.1,1.6,0.1579000675420177,Kellwasser,0.75,0.5,17.06,91.29293903242797,251102.pO2xPO4_5x5c.dat.31,5.96
1.0,1.6,0.1044198803250522,Kellwasser,0.75,0.5,17.06,88.37132918415591,251102.pO2xPO4_5x5c.dat.21,6.88
0.9,1.6,0.0783817717382745,Kellwasser,0.75,0.5,17.06,85.72782098781317,251102.pO2xPO4_5x5c.dat.11,13.67
0.8,1.6,0.0561093484209536,Kellwasser,0.75,0.5,17.06,83.3635640447028,251102.pO2xPO4_5x5c.dat.01,26.42
1.2,1.7,0.1895477617658903,Kellwasser,0.75,0.5,17.06,112.87232337053864,251102.pO2xPO4_5x5c.dat.42,5.78
1.1,1.7,0.0948109721113222,Kellwasser,0.75,0.5,17.06,108.93835860770196,251102.pO2xPO4_5x5c.dat.32,6.15
1.0,1.7,0.0710289797381944,Kellwasser,0.75,0.5,17.06,105.50897422945128,251102.pO2xPO4_5x5c.dat.22,8.9
0.9,1.7,0.0541629541625829,Kellwasser,0.75,0.5,17.06,102.46554302284494,251102.pO2xPO4_5x5c.dat.12,17.52
0.8,1.7,0.0338563701389678,Kellwasser,0.75,0.5,17.06,99.71197141567244,251102.pO2xPO4_5x5c.dat.02,30.73
1.2,1.8,0.0960618283895414,Kellwasser,0.75,0.5,17.06,132.38519022706896,251102.pO2xPO4_5x5c.dat.43,5.69
1.1,1.8,0.0667811477078815,Kellwasser,0.75,0.5,17.06,127.87523155566304,251102.pO2xPO4_5x5c.dat.33,6.79
1.0,1.8,0.0522690374762729,Kellwasser,0.75,0.5,17.06,123.80423140712082,251102.pO2xPO4_5x5c.dat.23,10.64
0.9,1.8,0.0365474705978312,Kellwasser,0.75,0.5,17.06,120.19503628835082,251102.pO2xPO4_5x5c.dat.13,21.28
0.8,1.8,0.0129283430859437,Kellwasser,0.75,0.5,17.06,117.00007598847152,251102.pO2xPO4_5x5c.dat.03,33.94
1.2,1.9,0.0605977553161238,Kellwasser,0.75,0.5,17.06,153.2008172944188,251102.pO2xPO4_5x5c.dat.44,6.24
1.1,1.9,0.0454108873054508,Kellwasser,0.75,0.5,17.06,147.89188571739942,251102.pO2xPO4_5x5c.dat.34,7.34
1.0,1.9,0.0354471874969029,Kellwasser,0.75,0.5,17.06,143.17838940769434,251102.pO2xPO4_5x5c.dat.24,14.86
0.9,1.9,0.0198569418649904,Kellwasser,0.75,0.5,17.06,139.1368714394048,251102.pO2xPO4_5x5c.dat.14,26.51
0.8,1.9,0.0021923359710463,Kellwasser,0.75,0.5,17.06,135.43464592657983,251102.pO2xPO4_5x5c.dat.04,35.6
0.7,0.5,0.2035120673806749,Background,0.75,0.5,17.06,29.347700547077693,251102.pO2xPO4_5x5d.dat.40,0.83
0.6,0.5,0.0202236889070852,Background,0.75,0.5,17.06,25.808423743001185,251102.pO2xPO4_5x5d.dat.30,1.47
0.5,0.5,0.1730229781704057,Background,0.75,0.5,17.06,23.06407623109408,251102.pO2xPO4_5x5d.dat.20,2.48
0.4,0.5,0.0967577237049221,Background,0.75,0.5,17.06,20.869038053206168,251102.pO2xPO4_5x5d.dat.10,5.23
0.3,0.5,0.0593618040426433,Background,0.75,0.5,17.06,19.00150346045848,251102.pO2xPO4_5x5d.dat.00,25.87
0.7,0.6,0.0028646285199197,Background,0.75,0.5,17.06,47.845038352534175,251102.pO2xPO4_5x5d.dat.41,1.47
0.6,0.6,0.1712384199953456,Background,0.75,0.5,17.06,42.27767567499541,251102.pO2xPO4_5x5d.dat.31,2.57
0.5,0.6,0.1154979180483748,Background,0.75,0.5,17.06,38.129604945424944,251102.pO2xPO4_5x5d.dat.21,4.68
0.4,0.6,0.0716327153498517,Background,0.75,0.5,17.06,34.83478940324858,251102.pO2xPO4_5x5d.dat.11,13.85
0.3,0.6,0.0279050845305104,Background,0.75,0.5,17.06,32.1117477142252,251102.pO2xPO4_5x5d.dat.01,39.72
0.7,0.7,0.1609957034756643,Background,0.75,0.5,17.06,70.47874532872811,251102.pO2xPO4_5x5d.dat.42,2.57
0.6,0.7,0.1191360240491426,Background,0.75,0.5,17.06,61.73909787321463,251102.pO2xPO4_5x5d.dat.32,4.22
0.5,0.7,0.0776847464276085,Background,0.75,0.5,17.06,55.73028829530813,251102.pO2xPO4_5x5d.dat.22,7.71
0.4,0.7,0.0490662419365702,Background,0.75,0.5,17.06,51.076265663141385,251102.pO2xPO4_5x5d.dat.12,28.53
0.3,0.7,0.0220487171361538,Background,0.75,0.5,17.06,47.37086055683904,251102.pO2xPO4_5x5d.dat.02,52.84
0.7,0.8,0.1158795605609,Background,0.75,0.5,17.06,97.02851093607023,251102.pO2xPO4_5x5d.dat.43,3.49
0.6,0.8,0.0722469867940181,Background,0.75,0.5,17.06,84.8266136017628,251102.pO2xPO4_5x5d.dat.33,6.06
0.5,0.8,0.0576222785630361,Background,0.75,0.5,17.06,75.89539745822549,251102.pO2xPO4_5x5d.dat.23,16.51
0.4,0.8,0.0290730336207121,Background,0.75,0.5,17.06,69.56368451938033,251102.pO2xPO4_5x5d.dat.13,38.26
0.3,0.8,0.0172852761001247,Background,0.75,0.5,17.06,64.57510608015582,251102.pO2xPO4_5x5d.dat.03,60.83
0.7,0.9,0.0802164122984658,Background,0.75,0.5,17.06,124.65483450796457,251102.pO2xPO4_5x5d.dat.44,4.95
0.6,0.9,0.0634538519074245,Background,0.75,0.5,17.06,111.32124927826226,251102.pO2xPO4_5x5d.dat.34,9.36
0.5,0.9,0.0410306525411551,Background,0.75,0.5,17.06,99.3640423985198,251102.pO2xPO4_5x5d.dat.24,28.26
0.4,0.9,0.0219137758703645,Background,0.75,0.5,17.06,90.32290108734742,251102.pO2xPO4_5x5d.dat.14,46.61
0.3,0.9,0.0092335075860766,Background,0.75,0.5,17.06,83.77290214411914,251102.pO2xPO4_5x5d.dat.04,66.06
0.7,0.5,0.014144480400774,Kellwasser,0.75,0.5,17.06,29.347700547077693,251102.pO2xPO4_5x5d.dat.40,0.83
0.6,0.5,0.1376763070675086,Kellwasser,0.75,0.5,17.06,25.808423743001185,251102.pO2xPO4_5x5d.dat.30,1.47
0.5,0.5,0.4144385011880438,Kellwasser,0.75,0.5,17.06,23.06407623109408,251102.pO2xPO4_5x5d.dat.20,2.48
0.4,0.5,0.5978459009115062,Kellwasser,0.75,0.5,17.06,20.869038053206168,251102.pO2xPO4_5x5d.dat.10,5.23
0.3,0.5,0.3142491313778066,Kellwasser,0.75,0.5,17.06,19.00150346045848,251102.pO2xPO4_5x5d.dat.00,25.87
0.7,0.6,0.1672107828875481,Kellwasser,0.75,0.5,17.06,47.845038352534175,251102.pO2xPO4_5x5d.dat.41,1.47
0.6,0.6,0.4253578896801918,Kellwasser,0.75,0.5,17.06,42.27767567499541,251102.pO2xPO4_5x5d.dat.31,2.57
0.5,0.6,0.5919182217552237,Kellwasser,0.75,0.5,17.06,38.129604945424944,251102.pO2xPO4_5x5d.dat.21,4.68
0.4,0.6,0.3779794721648991,Kellwasser,0.75,0.5,17.06,34.83478940324858,251102.pO2xPO4_5x5d.dat.11,13.85
0.3,0.6,0.1569451798929888,Kellwasser,0.75,0.5,17.06,32.1117477142252,251102.pO2xPO4_5x5d.dat.01,39.72
0.7,0.7,0.4484759891580936,Kellwasser,0.75,0.5,17.06,70.47874532872811,251102.pO2xPO4_5x5d.dat.42,2.57
0.6,0.7,0.605361930042662,Kellwasser,0.75,0.5,17.06,61.73909787321463,251102.pO2xPO4_5x5d.dat.32,4.22
0.5,0.7,0.4727051862030991,Kellwasser,0.75,0.5,17.06,55.73028829530813,251102.pO2xPO4_5x5d.dat.22,7.71
0.4,0.7,0.2626651300120143,Kellwasser,0.75,0.5,17.06,51.076265663141385,251102.pO2xPO4_5x5d.dat.12,28.53
0.3,0.7,0.0656362304857832,Kellwasser,0.75,0.5,17.06,47.37086055683904,251102.pO2xPO4_5x5d.dat.02,52.84
0.7,0.8,0.621949667625004,Kellwasser,0.75,0.5,17.06,97.02851093607023,251102.pO2xPO4_5x5d.dat.43,3.49
0.6,0.8,0.5779283563299212,Kellwasser,0.75,0.5,17.06,84.8266136017628,251102.pO2xPO4_5x5d.dat.33,6.06
0.5,0.8,0.2966978156969434,Kellwasser,0.75,0.5,17.06,75.89539745822549,251102.pO2xPO4_5x5d.dat.23,16.51
0.4,0.8,0.131954114304705,Kellwasser,0.75,0.5,17.06,69.56368451938033,251102.pO2xPO4_5x5d.dat.13,38.26
0.3,0.8,0.0401804922270486,Kellwasser,0.75,0.5,17.06,64.57510608015582,251102.pO2xPO4_5x5d.dat.03,60.83
0.7,0.9,0.6113189201856273,Kellwasser,0.75,0.5,17.06,124.65483450796457,251102.pO2xPO4_5x5d.dat.44,4.95
0.6,0.9,0.3182497522537597,Kellwasser,0.75,0.5,17.06,111.32124927826226,251102.pO2xPO4_5x5d.dat.34,9.36
0.5,0.9,0.2081671589535176,Kellwasser,0.75,0.5,17.06,99.3640423985198,251102.pO2xPO4_5x5d.dat.24,28.26
0.4,0.9,0.0594932713104368,Kellwasser,0.75,0.5,17.06,90.32290108734742,251102.pO2xPO4_5x5d.dat.14,46.61
0.3,0.9,0.0222613781872148,Kellwasser,0.75,0.5,17.06,83.77290214411914,251102.pO2xPO4_5x5d.dat.04,66.06
0.7,1.0,0.0609688758876931,Background,0.75,0.5,17.06,17.4199140019482,251102.pO2xPO4_5x5e.dat.40,6.61
0.6,1.0,0.0474078528743717,Background,0.75,0.5,17.06,16.057916582212783,251102.pO2xPO4_5x5e.dat.30,17.43
0.5,1.0,0.0254953673026389,Background,0.75,0.5,17.06,14.870513950882014,251102.pO2xPO4_5x5e.dat.20,35.6
0.4,1.0,0.0151420372002602,Background,0.75,0.5,17.06,13.809700249112211,251102.pO2xPO4_5x5e.dat.10,53.39
0.3,1.0,0.0062088834481055,Background,0.75,0.5,17.06,12.865836652053986,251102.pO2xPO4_5x5e.dat.00,68.99
0.7,1.1,0.0478999961700899,Background,0.75,0.5,17.06,29.859178539481945,251102.pO2xPO4_5x5e.dat.41,10.09
0.6,1.1,0.0331786586118891,Background,0.75,0.5,17.06,27.93424027913716,251102.pO2xPO4_5x5e.dat.31,25.96
0.5,1.1,0.0138920990211988,Background,0.75,0.5,17.06,26.21797102619894,251102.pO2xPO4_5x5e.dat.21,42.39
0.4,1.1,0.0107144577310002,Background,0.75,0.5,17.06,24.74342909408733,251102.pO2xPO4_5x5e.dat.11,58.9
0.3,1.1,0.0037362161801776,Background,0.75,0.5,17.06,23.37958176212851,251102.pO2xPO4_5x5e.dat.01,71.83
0.7,1.2,0.0381871350469017,Background,0.75,0.5,17.06,44.23013160703704,251102.pO2xPO4_5x5e.dat.42,16.88
0.6,1.2,0.0203524636191747,Background,0.75,0.5,17.06,41.57710645813495,251102.pO2xPO4_5x5e.dat.32,33.12
0.5,1.2,0.0111886006117376,Background,0.75,0.5,17.06,39.28614387405105,251102.pO2xPO4_5x5e.dat.22,47.98
0.4,1.2,0.0050093019160593,Background,0.75,0.5,17.06,37.29010131792165,251102.pO2xPO4_5x5e.dat.12,62.66
0.3,1.2,0.0003842897234062,Background,0.75,0.5,17.06,35.50314431777224,251102.pO2xPO4_5x5e.dat.02,74.5
0.7,1.3,0.025967622168117,Background,0.75,0.5,17.06,60.44931797077879,251102.pO2xPO4_5x5e.dat.43,23.85
0.6,1.3,0.010979180511738,Background,0.75,0.5,17.06,56.99259781977162,251102.pO2xPO4_5x5e.dat.33,36.97
0.5,1.3,0.008251062038435,Background,0.75,0.5,17.06,54.02130409493111,251102.pO2xPO4_5x5e.dat.23,52.75
0.4,1.3,0.0015993039620111,Background,0.75,0.5,17.06,51.4289531565737,251102.pO2xPO4_5x5e.dat.13,65.5
0.3,1.3,0.0001024376171718,Background,0.75,0.5,17.06,49.121132178697735,251102.pO2xPO4_5x5e.dat.03,78.44
0.7,1.4,0.0173903900300304,Background,0.75,0.5,17.06,78.45632353564724,251102.pO2xPO4_5x5e.dat.44,30.0
0.6,1.4,0.0105715603004153,Background,0.75,0.5,17.06,74.03203926514834,251102.pO2xPO4_5x5e.dat.34,43.49
0.5,1.4,0.0045087869367233,Background,0.75,0.5,17.06,70.31511631794274,251102.pO2xPO4_5x5e.dat.24,56.33
0.4,1.4,0.0002090018431961,Background,0.75,0.5,17.06,67.02967948513106,251102.pO2xPO4_5x5e.dat.14,67.52
0.3,1.4,7.147690280431384e-05,Background,0.75,0.5,17.06,64.16153337340802,251102.pO2xPO4_5x5e.dat.04,82.57
0.7,1.0,0.3641322150080209,Kellwasser,0.75,0.5,17.06,17.4199140019482,251102.pO2xPO4_5x5e.dat.40,6.61
0.6,1.0,0.2187001955513577,Kellwasser,0.75,0.5,17.06,16.057916582212783,251102.pO2xPO4_5x5e.dat.30,17.43
0.5,1.0,0.1128072484800683,Kellwasser,0.75,0.5,17.06,14.870513950882014,251102.pO2xPO4_5x5e.dat.20,35.6
0.4,1.0,0.030847990790645,Kellwasser,0.75,0.5,17.06,13.809700249112211,251102.pO2xPO4_5x5e.dat.10,53.39
0.3,1.0,0.0123648942127612,Kellwasser,0.75,0.5,17.06,12.865836652053986,251102.pO2xPO4_5x5e.dat.00,68.99
0.7,1.1,0.2298465595916166,Kellwasser,0.75,0.5,17.06,29.859178539481945,251102.pO2xPO4_5x5e.dat.41,10.09
0.6,1.1,0.1553151837448434,Kellwasser,0.75,0.5,17.06,27.93424027913716,251102.pO2xPO4_5x5e.dat.31,25.96
0.5,1.1,0.0707469286709445,Kellwasser,0.75,0.5,17.06,26.21797102619894,251102.pO2xPO4_5x5e.dat.21,42.39
0.4,1.1,0.0186266764684496,Kellwasser,0.75,0.5,17.06,24.74342909408733,251102.pO2xPO4_5x5e.dat.11,58.9
0.3,1.1,0.0055496763302696,Kellwasser,0.75,0.5,17.06,23.37958176212851,251102.pO2xPO4_5x5e.dat.01,71.83
0.7,1.2,0.1624975700816738,Kellwasser,0.75,0.5,17.06,44.23013160703704,251102.pO2xPO4_5x5e.dat.42,16.88
0.6,1.2,0.0854720218480162,Kellwasser,0.75,0.5,17.06,41.57710645813495,251102.pO2xPO4_5x5e.dat.32,33.12
0.5,1.2,0.0233124300715287,Kellwasser,0.75,0.5,17.06,39.28614387405105,251102.pO2xPO4_5x5e.dat.22,47.98
0.4,1.2,0.0082891531836775,Kellwasser,0.75,0.5,17.06,37.29010131792165,251102.pO2xPO4_5x5e.dat.12,62.66
0.3,1.2,0.0015531099012183,Kellwasser,0.75,0.5,17.06,35.50314431777224,251102.pO2xPO4_5x5e.dat.02,74.5
0.7,1.3,0.1141583292537224,Kellwasser,0.75,0.5,17.06,60.44931797077879,251102.pO2xPO4_5x5e.dat.43,23.85
0.6,1.3,0.0552388859529708,Kellwasser,0.75,0.5,17.06,56.99259781977162,251102.pO2xPO4_5x5e.dat.33,36.97
0.5,1.3,0.0106685635779646,Kellwasser,0.75,0.5,17.06,54.02130409493111,251102.pO2xPO4_5x5e.dat.23,52.75
0.4,1.3,0.0036202037255365,Kellwasser,0.75,0.5,17.06,51.4289531565737,251102.pO2xPO4_5x5e.dat.13,65.5
0.3,1.3,0.0006487026868787,Kellwasser,0.75,0.5,17.06,49.121132178697735,251102.pO2xPO4_5x5e.dat.03,78.44
0.7,1.4,0.074543817955029,Kellwasser,0.75,0.5,17.06,78.45632353564724,251102.pO2xPO4_5x5e.dat.44,30.0
0.6,1.4,0.013695732085678,Kellwasser,0.75,0.5,17.06,74.03203926514834,251102.pO2xPO4_5x5e.dat.34,43.49
0.5,1.4,0.0059969768706873,Kellwasser,0.75,0.5,17.06,70.31511631794274,251102.pO2xPO4_5x5e.dat.24,56.33
0.4,1.4,0.0011055081416599,Kellwasser,0.75,0.5,17.06,67.02967948513106,251102.pO2xPO4_5x5e.dat.14,67.52
0.3,1.4,0.0004249123373667,Kellwasser,0.75,0.5,17.06,64.16153337340802,251102.pO2xPO4_5x5e.dat.04,82.57
0.7,1.5,0.0086132908815509,Background,0.75,0.5,17.06,11.994437045359518,251102.pO2xPO4_5x5f.dat.40,34.04
0.6,1.5,0.0050909544046477,Background,0.75,0.5,17.06,11.220359738217669,251102.pO2xPO4_5x5f.dat.30,47.06
0.5,1.5,0.0004326163006486,Background,0.75,0.5,17.06,10.565003321971744,251102.pO2xPO4_5x5f.dat.20,59.27
0.4,1.5,0.0001095976145077,Background,0.75,0.5,17.06,10.00104566628579,251102.pO2xPO4_5x5f.dat.10,69.17
0.3,1.5,6.121453218760514e-05,Background,0.75,0.5,17.06,9.522155778540764,251102.pO2xPO4_5x5f.dat.00,84.95
0.7,1.6,0.0046715273706107,Background,0.75,0.5,17.06,22.199677914613854,251102.pO2xPO4_5x5f.dat.41,36.88
0.6,1.6,0.0014820465208798,Background,0.75,0.5,17.06,21.12111542373896,251102.pO2xPO4_5x5f.dat.31,51.1
0.5,1.6,0.0001402009747377,Background,0.75,0.5,17.06,20.16410871874541,251102.pO2xPO4_5x5f.dat.21,61.38
0.4,1.6,9.894676180207536e-05,Background,0.75,0.5,17.06,19.317363694426604,251102.pO2xPO4_5x5f.dat.11,70.55
0.3,1.6,5.5800879429345794e-05,Background,0.75,0.5,17.06,18.541672034189105,251102.pO2xPO4_5x5f.dat.01,84.59
0.7,1.7,0.0017340565297786,Background,0.75,0.5,17.06,33.93149017938413,251102.pO2xPO4_5x5f.dat.42,42.39
0.6,1.7,0.0002137110985219,Background,0.75,0.5,17.06,32.560128602199256,251102.pO2xPO4_5x5f.dat.32,53.49
0.5,1.7,0.0001147656266929,Background,0.75,0.5,17.06,31.28320531686768,251102.pO2xPO4_5x5f.dat.22,63.49
0.4,1.7,9.075932964972992e-05,Background,0.75,0.5,17.06,30.121649615466595,251102.pO2xPO4_5x5f.dat.12,71.83
0.3,1.7,5.12874942494593e-05,Background,0.75,0.5,17.06,29.077193175908175,251102.pO2xPO4_5x5f.dat.02,85.5
0.7,1.8,0.0002688937598254,Background,0.75,0.5,17.06,47.12068403023295,251102.pO2xPO4_5x5f.dat.43,45.23
0.6,1.8,0.0001260757401929,Background,0.75,0.5,17.06,45.314369344851,251102.pO2xPO4_5x5f.dat.33,56.15
0.5,1.8,0.0001026617809512,Background,0.75,0.5,17.06,43.65713175502606,251102.pO2xPO4_5x5f.dat.23,65.14
0.4,1.8,8.238345042001417e-05,Background,0.75,0.5,17.06,42.17273817630485,251102.pO2xPO4_5x5f.dat.13,74.04
0.3,1.8,4.7995292173532056e-05,Background,0.75,0.5,17.06,40.887476643547416,251102.pO2xPO4_5x5f.dat.03,89.54
0.7,1.9,0.0001333671648018,Background,0.75,0.5,17.06,61.661339714191854,251102.pO2xPO4_5x5f.dat.44,47.98
0.6,1.9,0.0001119381339038,Background,0.75,0.5,17.06,59.36051456956193,251102.pO2xPO4_5x5f.dat.34,57.89
0.5,1.9,9.725506797928013e-05,Background,0.75,0.5,17.06,57.36772800446488,251102.pO2xPO4_5x5f.dat.24,66.51
0.4,1.9,7.695058124438693e-05,Background,0.75,0.5,17.06,55.57595795835368,251102.pO2xPO4_5x5f.dat.14,75.23
0.3,1.9,4.441187337331884e-05,Background,0.75,0.5,17.06,53.95150583353825,251102.pO2xPO4_5x5f.dat.04,89.82
0.7,1.5,0.0392982776359526,Kellwasser,0.75,0.5,17.06,11.994437045359518,251102.pO2xPO4_5x5f.dat.40,34.04
0.6,1.5,0.0063997037638156,Kellwasser,0.75,0.5,17.06,11.220359738217669,251102.pO2xPO4_5x5f.dat.30,47.06
0.5,1.5,0.0021661814341708,Kellwasser,0.75,0.5,17.06,10.565003321971744,251102.pO2xPO4_5x5f.dat.20,59.27
0.4,1.5,0.0006650895425287,Kellwasser,0.75,0.5,17.06,10.00104566628579,251102.pO2xPO4_5x5f.dat.10,69.17
0.3,1.5,0.0003502294152609,Kellwasser,0.75,0.5,17.06,9.522155778540764,251102.pO2xPO4_5x5f.dat.00,84.95
0.7,1.6,0.0231446346179899,Kellwasser,0.75,0.5,17.06,22.199677914613854,251102.pO2xPO4_5x5f.dat.41,36.88
0.6,1.6,0.0030813426134406,Kellwasser,0.75,0.5,17.06,21.12111542373896,251102.pO2xPO4_5x5f.dat.31,51.1
0.5,1.6,0.0008735380492001,Kellwasser,0.75,0.5,17.06,20.16410871874541,251102.pO2xPO4_5x5f.dat.21,61.38
0.4,1.6,0.0005925208059537,Kellwasser,0.75,0.5,17.06,19.317363694426604,251102.pO2xPO4_5x5f.dat.11,70.55
0.3,1.6,0.000310092440501,Kellwasser,0.75,0.5,17.06,18.541672034189105,251102.pO2xPO4_5x5f.dat.01,84.59
0.7,1.7,0.0032731543688499,Kellwasser,0.75,0.5,17.06,33.93149017938413,251102.pO2xPO4_5x5f.dat.42,42.39
0.6,1.7,0.0010982579815714,Kellwasser,0.75,0.5,17.06,32.560128602199256,251102.pO2xPO4_5x5f.dat.32,53.49
0.5,1.7,0.0007069516885135,Kellwasser,0.75,0.5,17.06,31.28320531686768,251102.pO2xPO4_5x5f.dat.22,63.49
0.4,1.7,0.0005385505754163,Kellwasser,0.75,0.5,17.06,30.121649615466595,251102.pO2xPO4_5x5f.dat.12,71.83
0.3,1.7,0.0002780294194599,Kellwasser,0.75,0.5,17.06,29.077193175908175,251102.pO2xPO4_5x5f.dat.02,85.5
0.7,1.8,0.001190963868509,Kellwasser,0.75,0.5,17.06,47.12068403023295,251102.pO2xPO4_5x5f.dat.43,45.23
0.6,1.8,0.0007807537613551,Kellwasser,0.75,0.5,17.06,45.314369344851,251102.pO2xPO4_5x5f.dat.33,56.15
0.5,1.8,0.0006178777489818,Kellwasser,0.75,0.5,17.06,43.65713175502606,251102.pO2xPO4_5x5f.dat.23,65.14
0.4,1.8,0.0004942337706351,Kellwasser,0.75,0.5,17.06,42.17273817630485,251102.pO2xPO4_5x5f.dat.13,74.04
0.3,1.8,0.0002539946098926,Kellwasser,0.75,0.5,17.06,40.887476643547416,251102.pO2xPO4_5x5f.dat.03,89.54
0.7,1.9,0.0007895416332273,Kellwasser,0.75,0.5,17.06,61.661339714191854,251102.pO2xPO4_5x5f.dat.44,47.98
0.6,1.9,0.0006841538041864,Kellwasser,0.75,0.5,17.06,59.36051456956193,251102.pO2xPO4_5x5f.dat.34,57.89
0.5,1.9,0.0005791605005343,Kellwasser,0.75,0.5,17.06,57.36772800446488,251102.pO2xPO4_5x5f.dat.24,66.51
0.4,1.9,0.0004571478296516,Kellwasser,0.75,0.5,17.06,55.57595795835368,251102.pO2xPO4_5x5f.dat.14,75.23
0.3,1.9,0.0002276941714243,Kellwasser,0.75,0.5,17.06,53.95150583353825,251102.pO2xPO4_5x5f.dat.04,89.82
1.2,2.0,0.0142598190971862,Background,0.75,0.5,17.06,66.25594687648118,Devon370Ma_050xRemin_075xpCO2.pO2xPO4_5x5g.dat.40,6.61
1.1,2.0,0.0107337873961731,Background,0.75,0.5,17.06,64.68682113336399,Devon370Ma_050xRemin_075xpCO2.pO2xPO4_5x5g.dat.30,9.54
1.0,2.0,0.0063494268106162,Background,0.75,0.5,17.06,63.20848478935659,Devon370Ma_050xRemin_075xpCO2.pO2xPO4_5x5g.dat.20,18.35
0.9,2.0,0.000921512444446,Background,0.75,0.5,17.06,61.86175596667454,Devon370Ma_050xRemin_075xpCO2.pO2xPO4_5x5g.dat.10,30.0
0.8,2.0,0.0001489875997258,Background,0.75,0.5,17.06,60.59479346731678,Devon370Ma_050xRemin_075xpCO2.pO2xPO4_5x5g.dat.00,40.37
1.2,2.1,0.0099575487486234,Background,0.75,0.5,17.06,81.20829443214461,Devon370Ma_050xRemin_075xpCO2.pO2xPO4_5x5g.dat.41,6.97
1.1,2.1,0.006561010660858,Background,0.75,0.5,17.06,79.26955004222691,Devon370Ma_050xRemin_075xpCO2.pO2xPO4_5x5g.dat.31,11.01
1.0,2.1,0.0022780018125686,Background,0.75,0.5,17.06,77.50278018647805,Devon370Ma_050xRemin_075xpCO2.pO2xPO4_5x5g.dat.21,21.56
0.9,2.1,0.0001343801168973,Background,0.75,0.5,17.06,75.91702888021246,Devon370Ma_050xRemin_075xpCO2.pO2xPO4_5x5g.dat.11,32.39
0.8,2.1,0.0001104068125953,Background,0.75,0.5,17.06,74.49424447258934,Devon370Ma_050xRemin_075xpCO2.pO2xPO4_5x5g.dat.01,43.21
1.2,2.2,0.0061591790688731,Background,0.75,0.5,17.06,97.1539193415083,Devon370Ma_050xRemin_075xpCO2.pO2xPO4_5x5g.dat.42,7.43
1.1,2.2,0.0029012688513966,Background,0.75,0.5,17.06,94.93193647358568,Devon370Ma_050xRemin_075xpCO2.pO2xPO4_5x5g.dat.32,14.95
1.0,2.2,0.0009566949851241,Background,0.75,0.5,17.06,92.87264401791616,Devon370Ma_050xRemin_075xpCO2.pO2xPO4_5x5g.dat.22,24.86
0.9,2.2,0.0001615046818096,Background,0.75,0.5,17.06,91.01226169150324,Devon370Ma_050xRemin_075xpCO2.pO2xPO4_5x5g.dat.12,33.85
0.8,2.2,0.0001017391362707,Background,0.75,0.5,17.06,89.28703027777374,Devon370Ma_050xRemin_075xpCO2.pO2xPO4_5x5g.dat.02,45.32
1.2,2.3,0.0023931029528065,Background,0.75,0.5,17.06,114.07816782593729,Devon370Ma_050xRemin_075xpCO2.pO2xPO4_5x5g.dat.43,9.36
1.1,2.3,0.00106979994341,Background,0.75,0.5,17.06,111.5369814215228,Devon370Ma_050xRemin_075xpCO2.pO2xPO4_5x5g.dat.33,17.8
1.0,2.3,0.0003004772638977,Background,0.75,0.5,17.06,109.16104656644166,Devon370Ma_050xRemin_075xpCO2.pO2xPO4_5x5g.dat.23,28.07
0.9,2.3,0.0001337836460467,Background,0.75,0.5,17.06,107.00097482185812,Devon370Ma_050xRemin_075xpCO2.pO2xPO4_5x5g.dat.13,37.16
0.8,2.3,9.787124184125384e-05,Background,0.75,0.5,17.06,105.03154044272378,Devon370Ma_050xRemin_075xpCO2.pO2xPO4_5x5g.dat.03,47.34
1.2,2.4,0.0011443446998304,Background,0.75,0.5,17.06,131.96755026001483,Devon370Ma_050xRemin_075xpCO2.pO2xPO4_5x5g.dat.44,10.64
1.1,2.4,0.0006644012898846,Background,0.75,0.5,17.06,129.01901209261268,Devon370Ma_050xRemin_075xpCO2.pO2xPO4_5x5g.dat.34,19.45
1.0,2.4,0.0001665617709813,Background,0.75,0.5,17.06,126.31573190446944,Devon370Ma_050xRemin_075xpCO2.pO2xPO4_5x5g.dat.24,30.28
0.9,2.4,0.0001242969605965,Background,0.75,0.5,17.06,123.86681919451804,Devon370Ma_050xRemin_075xpCO2.pO2xPO4_5x5g.dat.14,39.72
0.8,2.4,9.650161674219268e-05,Background,0.75,0.5,17.06,121.63050269009544,Devon370Ma_050xRemin_075xpCO2.pO2xPO4_5x5g.dat.04,48.9
1.2,2.0,0.0424440623650195,Kellwasser,0.75,0.5,17.06,66.25594687648118,Devon370Ma_050xRemin_075xpCO2.pO2xPO4_5x5g.dat.40,6.61
1.1,2.0,0.0320522268212011,Kellwasser,0.75,0.5,17.06,64.68682113336399,Devon370Ma_050xRemin_075xpCO2.pO2xPO4_5x5g.dat.30,9.54
1.0,2.0,0.0217188842719274,Kellwasser,0.75,0.5,17.06,63.20848478935659,Devon370Ma_050xRemin_075xpCO2.pO2xPO4_5x5g.dat.20,18.35
0.9,2.0,0.0089726655360246,Kellwasser,0.75,0.5,17.06,61.86175596667454,Devon370Ma_050xRemin_075xpCO2.pO2xPO4_5x5g.dat.10,30.0
0.8,2.0,0.0008301688631197,Kellwasser,0.75,0.5,17.06,60.59479346731678,Devon370Ma_050xRemin_075xpCO2.pO2xPO4_5x5g.dat.00,40.37
1.2,2.1,0.0280251825297209,Kellwasser,0.75,0.5,17.06,81.20829443214461,Devon370Ma_050xRemin_075xpCO2.pO2xPO4_5x5g.dat.41,6.97
1.1,2.1,0.0210567319114076,Kellwasser,0.75,0.5,17.06,79.26955004222691,Devon370Ma_050xRemin_075xpCO2.pO2xPO4_5x5g.dat.31,11.01
1.0,2.1,0.0123511936339347,Kellwasser,0.75,0.5,17.06,77.50278018647805,Devon370Ma_050xRemin_075xpCO2.pO2xPO4_5x5g.dat.21,21.56
0.9,2.1,0.0019561093576813,Kellwasser,0.75,0.5,17.06,75.91702888021246,Devon370Ma_050xRemin_075xpCO2.pO2xPO4_5x5g.dat.11,32.39
0.8,2.1,0.0006954024668051,Kellwasser,0.75,0.5,17.06,74.49424447258934,Devon370Ma_050xRemin_075xpCO2.pO2xPO4_5x5g.dat.01,43.21
1.2,2.2,0.0195774795677354,Kellwasser,0.75,0.5,17.06,97.1539193415083,Devon370Ma_050xRemin_075xpCO2.pO2xPO4_5x5g.dat.42,7.43
1.1,2.2,0.0133236461480208,Kellwasser,0.75,0.5,17.06,94.93193647358568,Devon370Ma_050xRemin_075xpCO2.pO2xPO4_5x5g.dat.32,14.95
1.0,2.2,0.0076453965031589,Kellwasser,0.75,0.5,17.06,92.87264401791616,Devon370Ma_050xRemin_075xpCO2.pO2xPO4_5x5g.dat.22,24.86
0.9,2.2,0.000992110198684,Kellwasser,0.75,0.5,17.06,91.01226169150324,Devon370Ma_050xRemin_075xpCO2.pO2xPO4_5x5g.dat.12,33.85
0.8,2.2,0.0006399382857703,Kellwasser,0.75,0.5,17.06,89.28703027777374,Devon370Ma_050xRemin_075xpCO2.pO2xPO4_5x5g.dat.02,45.32
1.2,2.3,0.0126817536884913,Kellwasser,0.75,0.5,17.06,114.07816782593729,Devon370Ma_050xRemin_075xpCO2.pO2xPO4_5x5g.dat.43,9.36
1.1,2.3,0.0085548641071175,Kellwasser,0.75,0.5,17.06,111.5369814215228,Devon370Ma_050xRemin_075xpCO2.pO2xPO4_5x5g.dat.33,17.8
1.0,2.3,0.0030865797179912,Kellwasser,0.75,0.5,17.06,109.16104656644166,Devon370Ma_050xRemin_075xpCO2.pO2xPO4_5x5g.dat.23,28.07
0.9,2.3,0.0008684401784124,Kellwasser,0.75,0.5,17.06,107.00097482185812,Devon370Ma_050xRemin_075xpCO2.pO2xPO4_5x5g.dat.13,37.16
0.8,2.3,0.0006092716245567,Kellwasser,0.75,0.5,17.06,105.03154044272378,Devon370Ma_050xRemin_075xpCO2.pO2xPO4_5x5g.dat.03,47.34
1.2,2.4,0.0089527465917175,Kellwasser,0.75,0.5,17.06,131.96755026001483,Devon370Ma_050xRemin_075xpCO2.pO2xPO4_5x5g.dat.44,10.64
1.1,2.4,0.0056206923266139,Kellwasser,0.75,0.5,17.06,129.01901209261268,Devon370Ma_050xRemin_075xpCO2.pO2xPO4_5x5g.dat.34,19.45
1.0,2.4,0.0016948986632802,Kellwasser,0.75,0.5,17.06,126.31573190446944,Devon370Ma_050xRemin_075xpCO2.pO2xPO4_5x5g.dat.24,30.28
0.9,2.4,0.0008038141517456,Kellwasser,0.75,0.5,17.06,123.86681919451804,Devon370Ma_050xRemin_075xpCO2.pO2xPO4_5x5g.dat.14,39.72
0.8,2.4,0.0005806318684077,Kellwasser,0.75,0.5,17.06,121.63050269009544,Devon370Ma_050xRemin_075xpCO2.pO2xPO4_5x5g.dat.04,48.9
0.7,2.0,0.0001105720649077,Background,0.75,0.5,17.06,9.106733159569558,Devon370Ma_050xRemin_075xpCO2.pO2xPO4_5x5h.dat.40,50.46
0.6,2.0,0.0001056876172118,Background,0.75,0.5,17.06,8.74343459145166,Devon370Ma_050xRemin_075xpCO2.pO2xPO4_5x5h.dat.30,59.82
0.5,2.0,9.219030676604208e-05,Background,0.75,0.5,17.06,8.411585440626368,Devon370Ma_050xRemin_075xpCO2.pO2xPO4_5x5h.dat.20,67.71
0.4,2.0,7.273158829256831e-05,Background,0.75,0.5,17.06,8.109593181870878,Devon370Ma_050xRemin_075xpCO2.pO2xPO4_5x5h.dat.10,75.6
0.3,2.0,4.195939807731194e-05,Background,0.75,0.5,17.06,7.836731128918473,Devon370Ma_050xRemin_075xpCO2.pO2xPO4_5x5h.dat.00,89.82
0.7,2.1,0.0001083015824908,Background,0.75,0.5,17.06,17.825475879362784,Devon370Ma_050xRemin_075xpCO2.pO2xPO4_5x5h.dat.41,53.03
0.6,2.1,0.0001011210175579,Background,0.75,0.5,17.06,17.168469639727846,Devon370Ma_050xRemin_075xpCO2.pO2xPO4_5x5h.dat.31,61.01
0.5,2.1,8.77199854721753e-05,Background,0.75,0.5,17.06,16.57252687436994,Devon370Ma_050xRemin_075xpCO2.pO2xPO4_5x5h.dat.21,68.72
0.4,2.1,6.798041103029789e-05,Background,0.75,0.5,17.06,16.022791896830313,Devon370Ma_050xRemin_075xpCO2.pO2xPO4_5x5h.dat.11,76.79
0.3,2.1,3.668878063664875e-05,Background,0.75,0.5,17.06,15.516416169703009,Devon370Ma_050xRemin_075xpCO2.pO2xPO4_5x5h.dat.01,89.91
0.7,2.2,0.0001039290115076,Background,0.75,0.5,17.06,28.11720514728222,Devon370Ma_050xRemin_075xpCO2.pO2xPO4_5x5h.dat.42,54.5
0.6,2.2,9.74751167244272e-05,Background,0.75,0.5,17.06,27.258247428108007,Devon370Ma_050xRemin_075xpCO2.pO2xPO4_5x5h.dat.32,62.2
0.5,2.2,8.219330015642545e-05,Background,0.75,0.5,17.06,26.47990004334133,Devon370Ma_050xRemin_075xpCO2.pO2xPO4_5x5h.dat.22,69.72
0.4,2.2,5.764967922720023e-05,Background,0.75,0.5,17.06,25.77726081653964,Devon370Ma_050xRemin_075xpCO2.pO2xPO4_5x5h.dat.12,78.62
0.3,2.2,3.501372313672295e-05,Background,0.75,0.5,17.06,25.13149229343981,Devon370Ma_050xRemin_075xpCO2.pO2xPO4_5x5h.dat.02,89.72
0.7,2.3,0.0001000423905296,Background,0.75,0.5,17.06,39.71087062382139,Devon370Ma_050xRemin_075xpCO2.pO2xPO4_5x5h.dat.43,56.33
0.6,2.3,9.417893198770333e-05,Background,0.75,0.5,17.06,38.62630546791479,Devon370Ma_050xRemin_075xpCO2.pO2xPO4_5x5h.dat.33,63.67
0.5,2.3,7.77670485683735e-05,Background,0.75,0.5,17.06,37.638226785929874,Devon370Ma_050xRemin_075xpCO2.pO2xPO4_5x5h.dat.23,70.37
0.4,2.3,5.464288201803865e-05,Background,0.75,0.5,17.06,36.731584259541705,Devon370Ma_050xRemin_075xpCO2.pO2xPO4_5x5h.dat.13,80.64
0.3,2.3,2.115004744555296e-05,Background,0.75,0.5,17.06,35.888126149075106,Devon370Ma_050xRemin_075xpCO2.pO2xPO4_5x5h.dat.03,89.54
0.7,2.4,9.64655574049367e-05,Background,0.75,0.5,17.06,52.42838960839436,Devon370Ma_050xRemin_075xpCO2.pO2xPO4_5x5h.dat.44,57.52
0.6,2.4,9.112419627646946e-05,Background,0.75,0.5,17.06,51.05361924506724,Devon370Ma_050xRemin_075xpCO2.pO2xPO4_5x5h.dat.34,64.77
0.5,2.4,7.473063076238007e-05,Background,0.75,0.5,17.06,49.84650149708614,Devon370Ma_050xRemin_075xpCO2.pO2xPO4_5x5h.dat.24,70.73
0.4,2.4,5.172981512047398e-05,Background,0.75,0.5,17.06,48.74231308349408,Devon370Ma_050xRemin_075xpCO2.pO2xPO4_5x5h.dat.14,81.74
0.3,2.4,2.1289448315599354e-05,Background,0.75,0.5,17.06,47.72576357936487,Devon370Ma_050xRemin_075xpCO2.pO2xPO4_5x5h.dat.04,89.54
0.7,2.0,0.0006909707089237,Kellwasser,0.75,0.5,17.06,9.106733159569558,Devon370Ma_050xRemin_075xpCO2.pO2xPO4_5x5h.dat.40,50.46
0.6,2.0,0.0006417029163394,Kellwasser,0.75,0.5,17.06,8.74343459145166,Devon370Ma_050xRemin_075xpCO2.pO2xPO4_5x5h.dat.30,59.82
0.5,2.0,0.0005448933082256,Kellwasser,0.75,0.5,17.06,8.411585440626368,Devon370Ma_050xRemin_075xpCO2.pO2xPO4_5x5h.dat.20,67.71
0.4,2.0,0.0004276210693113,Kellwasser,0.75,0.5,17.06,8.109593181870878,Devon370Ma_050xRemin_075xpCO2.pO2xPO4_5x5h.dat.10,75.6
0.3,2.0,0.0002096664000131,Kellwasser,0.75,0.5,17.06,7.836731128918473,Devon370Ma_050xRemin_075xpCO2.pO2xPO4_5x5h.dat.00,89.82
0.7,2.1,0.0006580526112041,Kellwasser,0.75,0.5,17.06,17.825475879362784,Devon370Ma_050xRemin_075xpCO2.pO2xPO4_5x5h.dat.41,53.03
0.6,2.1,0.0006101901346845,Kellwasser,0.75,0.5,17.06,17.168469639727846,Devon370Ma_050xRemin_075xpCO2.pO2xPO4_5x5h.dat.31,61.01
0.5,2.1,0.0005150991264155,Kellwasser,0.75,0.5,17.06,16.57252687436994,Devon370Ma_050xRemin_075xpCO2.pO2xPO4_5x5h.dat.21,68.72
0.4,2.1,0.0003943809334676,Kellwasser,0.75,0.5,17.06,16.022791896830313,Devon370Ma_050xRemin_075xpCO2.pO2xPO4_5x5h.dat.11,76.79
0.3,2.1,0.0001721125960775,Kellwasser,0.75,0.5,17.06,15.516416169703009,Devon370Ma_050xRemin_075xpCO2.pO2xPO4_5x5h.dat.01,89.91
0.7,2.2,0.0006282818964765,Kellwasser,0.75,0.5,17.06,28.11720514728222,Devon370Ma_050xRemin_075xpCO2.pO2xPO4_5x5h.dat.42,54.5
0.6,2.2,0.0005824762931621,Kellwasser,0.75,0.5,17.06,27.258247428108007,Devon370Ma_050xRemin_075xpCO2.pO2xPO4_5x5h.dat.32,62.2
0.5,2.2,0.0004888249235953,Kellwasser,0.75,0.5,17.06,26.47990004334133,Devon370Ma_050xRemin_075xpCO2.pO2xPO4_5x5h.dat.22,69.72
0.4,2.2,0.000322238867507,Kellwasser,0.75,0.5,17.06,25.77726081653964,Devon370Ma_050xRemin_075xpCO2.pO2xPO4_5x5h.dat.12,78.62
0.3,2.2,0.0001597889917852,Kellwasser,0.75,0.5,17.06,25.13149229343981,Devon370Ma_050xRemin_075xpCO2.pO2xPO4_5x5h.dat.02,89.72
0.7,2.3,0.000602837850601,Kellwasser,0.75,0.5,17.06,39.71087062382139,Devon370Ma_050xRemin_075xpCO2.pO2xPO4_5x5h.dat.43,56.33
0.6,2.3,0.0005593018364621,Kellwasser,0.75,0.5,17.06,38.62630546791479,Devon370Ma_050xRemin_075xpCO2.pO2xPO4_5x5h.dat.33,63.67
0.5,2.3,0.0004624282883857,Kellwasser,0.75,0.5,17.06,37.638226785929874,Devon370Ma_050xRemin_075xpCO2.pO2xPO4_5x5h.dat.23,70.37
0.4,2.3,0.0003007430234793,Kellwasser,0.75,0.5,17.06,36.731584259541705,Devon370Ma_050xRemin_075xpCO2.pO2xPO4_5x5h.dat.13,80.64
0.3,2.3,6.258022529834304e-05,Kellwasser,0.75,0.5,17.06,35.888126149075106,Devon370Ma_050xRemin_075xpCO2.pO2xPO4_5x5h.dat.03,89.54
0.7,2.4,0.0005797759673536,Kellwasser,0.75,0.5,17.06,52.42838960839436,Devon370Ma_050xRemin_075xpCO2.pO2xPO4_5x5h.dat.44,57.52
0.6,2.4,0.000538638739828,Kellwasser,0.75,0.5,17.06,51.05361924506724,Devon370Ma_050xRemin_075xpCO2.pO2xPO4_5x5h.dat.34,64.77
0.5,2.4,0.0004420226283562,Kellwasser,0.75,0.5,17.06,49.84650149708614,Devon370Ma_050xRemin_075xpCO2.pO2xPO4_5x5h.dat.24,70.73
0.4,2.4,0.0002800391222813,Kellwasser,0.75,0.5,17.06,48.74231308349408,Devon370Ma_050xRemin_075xpCO2.pO2xPO4_5x5h.dat.14,81.74
0.3,2.4,6.280825391377369e-05,Kellwasser,0.75,0.5,17.06,47.72576357936487,Devon370Ma_050xRemin_075xpCO2.pO2xPO4_5x5h.dat.04,89.54
1.2,0.5,0.0151235788809199,Background,0.75,0.75,17.06,158.0091775394976,251030.pO2xPO4_5x5a.dat.40,0.0
1.1,0.5,0.0114907167152359,Background,0.75,0.75,17.06,144.87712178379297,251030.pO2xPO4_5x5a.dat.30,0.0
1.0,0.5,0.0074156030604932,Background,0.75,0.75,17.06,132.4288168689236,251030.pO2xPO4_5x5a.dat.20,0.0
0.9,0.5,0.0315127798132692,Background,0.75,0.75,17.06,120.74175174348056,251030.pO2xPO4_5x5a.dat.10,0.0
0.8,0.5,0.0477349109874114,Background,0.75,0.75,17.06,110.84716970799492,251030.pO2xPO4_5x5a.dat.00,0.0
1.2,0.6,0.0138391863344767,Background,0.75,0.75,17.06,186.1578202806413,251030.pO2xPO4_5x5a.dat.41,0.0
1.1,0.6,0.028498616613366,Background,0.75,0.75,17.06,172.8611532598734,251030.pO2xPO4_5x5a.dat.31,0.0
1.0,0.6,0.0566503974931312,Background,0.75,0.75,17.06,160.0551331648603,251030.pO2xPO4_5x5a.dat.21,0.0
0.9,0.6,0.0944534191921634,Background,0.75,0.75,17.06,147.7467449149117,251030.pO2xPO4_5x5a.dat.11,0.18
0.8,0.6,0.1415337993357862,Background,0.75,0.75,17.06,136.31278125103563,251030.pO2xPO4_5x5a.dat.01,0.64
1.2,0.7,0.0619844666595867,Background,0.75,0.75,17.06,214.35802045743912,251030.pO2xPO4_5x5a.dat.42,0.0
1.1,0.7,0.0736735250392155,Background,0.75,0.75,17.06,200.96365187782797,251030.pO2xPO4_5x5a.dat.32,0.0
1.0,0.7,0.1220817789875133,Background,0.75,0.75,17.06,187.9833871498704,251030.pO2xPO4_5x5a.dat.22,0.46
0.9,0.7,0.1656763704480855,Background,0.75,0.75,17.06,175.3335091052577,251030.pO2xPO4_5x5a.dat.12,0.73
0.8,0.7,0.2737215324556717,Background,0.75,0.75,17.06,163.32206723745912,251030.pO2xPO4_5x5a.dat.02,1.1
1.2,0.8,0.1197182820329418,Background,0.75,0.75,17.06,242.6002029096708,251030.pO2xPO4_5x5a.dat.43,0.18
1.1,0.8,0.1540659971715036,Background,0.75,0.75,17.06,229.1361743118614,251030.pO2xPO4_5x5a.dat.33,0.46
1.0,0.8,0.2098997905299681,Background,0.75,0.75,17.06,216.0504664061591,251030.pO2xPO4_5x5a.dat.23,0.83
0.9,0.8,0.3166265225460415,Background,0.75,0.75,17.06,203.20824114605784,251030.pO2xPO4_5x5a.dat.13,1.1
0.8,0.8,0.3807465045309367,Background,0.75,0.75,17.06,190.88528642896563,251030.pO2xPO4_5x5a.dat.03,1.74
1.2,0.9,0.1871963706451452,Background,0.75,0.75,17.06,270.8649553824216,251030.pO2xPO4_5x5a.dat.44,0.64
1.1,0.9,0.2499436622699964,Background,0.75,0.75,17.06,257.34471273608506,251030.pO2xPO4_5x5a.dat.34,0.83
1.0,0.9,0.3630324882472289,Background,0.75,0.75,17.06,244.19126566499472,251030.pO2xPO4_5x5a.dat.24,1.1
0.9,0.9,0.4500256529106113,Background,0.75,0.75,17.06,231.24515428207812,251030.pO2xPO4_5x5a.dat.14,1.56
0.8,0.9,0.001116595510686,Background,0.75,0.75,17.06,218.72189245186743,251030.pO2xPO4_5x5a.dat.04,4.4
1.2,0.5,0.0104338439345858,Kellwasser,0.75,0.75,17.06,158.0091775394976,251030.pO2xPO4_5x5a.dat.40,0.0
1.1,0.5,0.0103158925821696,Kellwasser,0.75,0.75,17.06,144.87712178379297,251030.pO2xPO4_5x5a.dat.30,0.0
1.0,0.5,0.0096515881802471,Kellwasser,0.75,0.75,17.06,132.4288168689236,251030.pO2xPO4_5x5a.dat.20,0.0
0.9,0.5,0.0093183721823787,Kellwasser,0.75,0.75,17.06,120.74175174348056,251030.pO2xPO4_5x5a.dat.10,0.0
0.8,0.5,0.0092355111727138,Kellwasser,0.75,0.75,17.06,110.84716970799492,251030.pO2xPO4_5x5a.dat.00,0.0
1.2,0.6,0.009392904222757,Kellwasser,0.75,0.75,17.06,186.1578202806413,251030.pO2xPO4_5x5a.dat.41,0.0
1.1,0.6,0.0089176066561222,Kellwasser,0.75,0.75,17.06,172.8611532598734,251030.pO2xPO4_5x5a.dat.31,0.0
1.0,0.6,0.0087893585500839,Kellwasser,0.75,0.75,17.06,160.0551331648603,251030.pO2xPO4_5x5a.dat.21,0.0
0.9,0.6,0.008567316225346,Kellwasser,0.75,0.75,17.06,147.7467449149117,251030.pO2xPO4_5x5a.dat.11,0.18
0.8,0.6,0.008815770941901,Kellwasser,0.75,0.75,17.06,136.31278125103563,251030.pO2xPO4_5x5a.dat.01,0.64
1.2,0.7,0.0083512548170678,Kellwasser,0.75,0.75,17.06,214.35802045743912,251030.pO2xPO4_5x5a.dat.42,0.0
1.1,0.7,0.0085258645040258,Kellwasser,0.75,0.75,17.06,200.96365187782797,251030.pO2xPO4_5x5a.dat.32,0.0
1.0,0.7,0.0085199726907044,Kellwasser,0.75,0.75,17.06,187.9833871498704,251030.pO2xPO4_5x5a.dat.22,0.46
0.9,0.7,0.0070279975761853,Kellwasser,0.75,0.75,17.06,175.3335091052577,251030.pO2xPO4_5x5a.dat.12,0.73
0.8,0.7,0.0004801013693879,Kellwasser,0.75,0.75,17.06,163.32206723745912,251030.pO2xPO4_5x5a.dat.02,1.1
1.2,0.8,0.0075555594987688,Kellwasser,0.75,0.75,17.06,242.6002029096708,251030.pO2xPO4_5x5a.dat.43,0.18
1.1,0.8,0.0084521715277618,Kellwasser,0.75,0.75,17.06,229.1361743118614,251030.pO2xPO4_5x5a.dat.33,0.46
1.0,0.8,0.0052286006748435,Kellwasser,0.75,0.75,17.06,216.0504664061591,251030.pO2xPO4_5x5a.dat.23,0.83
0.9,0.8,0.0015780564935474,Kellwasser,0.75,0.75,17.06,203.20824114605784,251030.pO2xPO4_5x5a.dat.13,1.1
0.8,0.8,0.0429681764446219,Kellwasser,0.75,0.75,17.06,190.88528642896563,251030.pO2xPO4_5x5a.dat.03,1.74
1.2,0.9,0.0069587950315565,Kellwasser,0.75,0.75,17.06,270.8649553824216,251030.pO2xPO4_5x5a.dat.44,0.64
1.1,0.9,0.0022480831514691,Kellwasser,0.75,0.75,17.06,257.34471273608506,251030.pO2xPO4_5x5a.dat.34,0.83
1.0,0.9,0.0068987407200443,Kellwasser,0.75,0.75,17.06,244.19126566499472,251030.pO2xPO4_5x5a.dat.24,1.1
0.9,0.9,0.0244131213997496,Kellwasser,0.75,0.75,17.06,231.24515428207812,251030.pO2xPO4_5x5a.dat.14,1.56
0.8,0.9,0.3334441488619865,Kellwasser,0.75,0.75,17.06,218.72189245186743,251030.pO2xPO4_5x5a.dat.04,4.4
1.2,1.0,0.300780659272738,Background,0.75,0.75,17.06,103.27628842787816,251030.pO2xPO4_5x5b.dat.40,0.83
1.1,1.0,0.4120295121009658,Background,0.75,0.75,17.06,97.24212577566504,251030.pO2xPO4_5x5b.dat.30,1.1
1.0,1.0,0.4645516965952041,Background,0.75,0.75,17.06,92.22925291396676,251030.pO2xPO4_5x5b.dat.20,1.56
0.9,1.0,0.0291631225405598,Background,0.75,0.75,17.06,87.96451584203169,251030.pO2xPO4_5x5b.dat.10,3.76
0.8,1.0,0.0416944718631654,Background,0.75,0.75,17.06,84.15360207436606,251030.pO2xPO4_5x5b.dat.00,6.24
1.2,1.1,0.4565650685645947,Background,0.75,0.75,17.06,126.30193668883294,251030.pO2xPO4_5x5b.dat.41,1.1
1.1,1.1,0.454141029064925,Background,0.75,0.75,17.06,118.50686860270798,251030.pO2xPO4_5x5b.dat.31,1.56
1.0,1.1,0.1189237317396907,Background,0.75,0.75,17.06,112.17573774047196,251030.pO2xPO4_5x5b.dat.21,2.94
0.9,1.1,0.0275487613925898,Background,0.75,0.75,17.06,106.83103027986364,251030.pO2xPO4_5x5b.dat.11,5.78
0.8,1.1,0.0624646945814713,Background,0.75,0.75,17.06,102.37505921395496,251030.pO2xPO4_5x5b.dat.01,7.8
1.2,1.2,0.4667982326009319,Background,0.75,0.75,17.06,151.99747576843947,251030.pO2xPO4_5x5b.dat.42,1.56
1.1,1.2,0.1181927827473156,Background,0.75,0.75,17.06,141.93863898981363,251030.pO2xPO4_5x5b.dat.32,2.75
1.0,1.2,0.0236781009839315,Background,0.75,0.75,17.06,133.926747366786,251030.pO2xPO4_5x5b.dat.22,5.23
0.9,1.2,0.031312825756654,Background,0.75,0.75,17.06,127.31381866615266,251030.pO2xPO4_5x5b.dat.12,7.06
0.8,1.2,0.0546952171010231,Background,0.75,0.75,17.06,121.8285979120992,251030.pO2xPO4_5x5b.dat.02,11.01
1.2,1.3,0.146629339941818,Background,0.75,0.75,17.06,179.0250971680507,251030.pO2xPO4_5x5b.dat.43,2.57
1.1,1.3,0.0070517142321123,Background,0.75,0.75,17.06,167.84727631602436,251030.pO2xPO4_5x5b.dat.33,5.05
1.0,1.3,0.0234468976956579,Background,0.75,0.75,17.06,157.7604707563296,251030.pO2xPO4_5x5b.dat.23,6.51
0.9,1.3,0.046994041238105,Background,0.75,0.75,17.06,149.52538185752928,251030.pO2xPO4_5x5b.dat.13,8.26
0.8,1.3,0.0463637358883729,Background,0.75,0.75,17.06,142.8107061656192,251030.pO2xPO4_5x5b.dat.03,14.95
1.2,1.4,0.0053236529284007,Background,0.75,0.75,17.06,206.5737498924136,251030.pO2xPO4_5x5b.dat.44,4.31
1.1,1.4,0.0229060126417603,Background,0.75,0.75,17.06,194.9075376614928,251030.pO2xPO4_5x5b.dat.34,6.15
1.0,1.4,0.0411508397728344,Background,0.75,0.75,17.06,183.87417367193848,251030.pO2xPO4_5x5b.dat.24,7.8
0.9,1.4,0.0463509382617909,Background,0.75,0.75,17.06,173.73035370837897,251030.pO2xPO4_5x5b.dat.14,11.47
0.8,1.4,0.0381991238411676,Background,0.75,0.75,17.06,165.45315156690776,251030.pO2xPO4_5x5b.dat.04,22.29
1.2,1.0,0.0015093077083442,Kellwasser,0.75,0.75,17.06,103.27628842787816,251030.pO2xPO4_5x5b.dat.40,0.83
1.1,1.0,0.0111691277674243,Kellwasser,0.75,0.75,17.06,97.24212577566504,251030.pO2xPO4_5x5b.dat.30,1.1
1.0,1.0,0.0205150485649312,Kellwasser,0.75,0.75,17.06,92.22925291396676,251030.pO2xPO4_5x5b.dat.20,1.56
0.9,1.0,0.3334288530421955,Kellwasser,0.75,0.75,17.06,87.96451584203169,251030.pO2xPO4_5x5b.dat.10,3.76
0.8,1.0,0.6002306261627729,Kellwasser,0.75,0.75,17.06,84.15360207436606,251030.pO2xPO4_5x5b.dat.00,6.24
1.2,1.1,0.0152645166764951,Kellwasser,0.75,0.75,17.06,126.30193668883294,251030.pO2xPO4_5x5b.dat.41,1.1
1.1,1.1,0.0160718092338738,Kellwasser,0.75,0.75,17.06,118.50686860270798,251030.pO2xPO4_5x5b.dat.31,1.56
1.0,1.1,0.2158104153528164,Kellwasser,0.75,0.75,17.06,112.17573774047196,251030.pO2xPO4_5x5b.dat.21,2.94
0.9,1.1,0.6001859824639313,Kellwasser,0.75,0.75,17.06,106.83103027986364,251030.pO2xPO4_5x5b.dat.11,5.78
0.8,1.1,0.7048860869550364,Kellwasser,0.75,0.75,17.06,102.37505921395496,251030.pO2xPO4_5x5b.dat.01,7.8
1.2,1.2,0.0109960682185377,Kellwasser,0.75,0.75,17.06,151.99747576843947,251030.pO2xPO4_5x5b.dat.42,1.56
1.1,1.2,0.2097889760625732,Kellwasser,0.75,0.75,17.06,141.93863898981363,251030.pO2xPO4_5x5b.dat.32,2.75
1.0,1.2,0.6121803885839275,Kellwasser,0.75,0.75,17.06,133.926747366786,251030.pO2xPO4_5x5b.dat.22,5.23
0.9,1.2,0.7215383161335613,Kellwasser,0.75,0.75,17.06,127.31381866615266,251030.pO2xPO4_5x5b.dat.12,7.06
0.8,1.2,0.5817540656042827,Kellwasser,0.75,0.75,17.06,121.8285979120992,251030.pO2xPO4_5x5b.dat.02,11.01
1.2,1.3,0.1836668363112141,Kellwasser,0.75,0.75,17.06,179.0250971680507,251030.pO2xPO4_5x5b.dat.43,2.57
1.1,1.3,0.5664815143249823,Kellwasser,0.75,0.75,17.06,167.84727631602436,251030.pO2xPO4_5x5b.dat.33,5.05
1.0,1.3,0.7400307765812147,Kellwasser,0.75,0.75,17.06,157.7604707563296,251030.pO2xPO4_5x5b.dat.23,6.51
0.9,1.3,0.6072510641366013,Kellwasser,0.75,0.75,17.06,149.52538185752928,251030.pO2xPO4_5x5b.dat.13,8.26
0.8,1.3,0.3484260100684875,Kellwasser,0.75,0.75,17.06,142.8107061656192,251030.pO2xPO4_5x5b.dat.03,14.95
1.2,1.4,0.564371770008279,Kellwasser,0.75,0.75,17.06,206.5737498924136,251030.pO2xPO4_5x5b.dat.44,4.31
1.1,1.4,0.7322927321768594,Kellwasser,0.75,0.75,17.06,194.9075376614928,251030.pO2xPO4_5x5b.dat.34,6.15
1.0,1.4,0.6153508763167942,Kellwasser,0.75,0.75,17.06,183.87417367193848,251030.pO2xPO4_5x5b.dat.24,7.8
0.9,1.4,0.394946272731391,Kellwasser,0.75,0.75,17.06,173.73035370837897,251030.pO2xPO4_5x5b.dat.14,11.47
0.8,1.4,0.2529406691077061,Kellwasser,0.75,0.75,17.06,165.45315156690776,251030.pO2xPO4_5x5b.dat.04,22.29
1.2,1.5,0.013246781771279,Background,0.75,0.75,17.06,80.89277980616316,251030.pO2xPO4_5x5c.dat.40,5.78
1.1,1.5,0.0255241255410876,Background,0.75,0.75,17.06,77.9827096266672,251030.pO2xPO4_5x5c.dat.30,7.06
1.0,1.5,0.0366581133765979,Background,0.75,0.75,17.06,75.25343971792608,251030.pO2xPO4_5x5c.dat.20,8.53
0.9,1.5,0.0369113510768191,Background,0.75,0.75,17.06,72.67776527442038,251030.pO2xPO4_5x5c.dat.10,15.05
0.8,1.5,0.0305118979407658,Background,0.75,0.75,17.06,70.44295489322394,251030.pO2xPO4_5x5c.dat.00,26.79
1.2,1.6,0.0188800641307053,Background,0.75,0.75,17.06,98.41647988650948,251030.pO2xPO4_5x5c.dat.41,6.7
1.1,1.6,0.0302879973563922,Background,0.75,0.75,17.06,94.77377170696856,251030.pO2xPO4_5x5c.dat.31,7.98
1.0,1.6,0.0349854363776653,Background,0.75,0.75,17.06,91.62381320493296,251030.pO2xPO4_5x5c.dat.21,11.56
0.9,1.6,0.0296912255535374,Background,0.75,0.75,17.06,88.78287917468697,251030.pO2xPO4_5x5c.dat.11,21.19
0.8,1.6,0.0247865455873111,Background,0.75,0.75,17.06,86.21242159279063,251030.pO2xPO4_5x5c.dat.01,31.28
1.2,1.7,0.0242060703722963,Background,0.75,0.75,17.06,117.02952178893612,251030.pO2xPO4_5x5c.dat.42,7.34
1.1,1.7,0.0304114967735565,Background,0.75,0.75,17.06,112.91036935290322,251030.pO2xPO4_5x5c.dat.32,8.9
1.0,1.7,0.0281004478889289,Background,0.75,0.75,17.06,109.16811879724264,251030.pO2xPO4_5x5c.dat.22,14.5
0.9,1.7,0.0239170645357217,Background,0.75,0.75,17.06,105.6689870893024,251030.pO2xPO4_5x5c.dat.12,25.32
0.8,1.7,0.0180151160576222,Background,0.75,0.75,17.06,102.64497541356832,251030.pO2xPO4_5x5c.dat.02,35.14
1.2,1.8,0.022485978355027,Background,0.75,0.75,17.06,137.03758304473013,251030.pO2xPO4_5x5c.dat.43,8.17
1.1,1.8,0.0278695139885143,Background,0.75,0.75,17.06,132.0680748904124,251030.pO2xPO4_5x5c.dat.33,11.56
1.0,1.8,0.0229071884410522,Background,0.75,0.75,17.06,127.65206338372082,251030.pO2xPO4_5x5c.dat.23,19.08
0.9,1.8,0.0188089966455779,Background,0.75,0.75,17.06,123.76121594570576,251030.pO2xPO4_5x5c.dat.13,29.54
0.8,1.8,0.0124874328446105,Background,0.75,0.75,17.06,120.25984324282037,251030.pO2xPO4_5x5c.dat.03,39.45
1.2,1.9,0.0218726145199355,Background,0.75,0.75,17.06,158.50921045057476,251030.pO2xPO4_5x5c.dat.44,8.9
1.1,1.9,0.0211484039514688,Background,0.75,0.75,17.06,152.5503903394565,251030.pO2xPO4_5x5c.dat.34,13.58
1.0,1.9,0.017962852701784,Background,0.75,0.75,17.06,147.34838623553514,251030.pO2xPO4_5x5c.dat.24,23.76
0.9,1.9,0.0139489792526389,Background,0.75,0.75,17.06,142.7381212124601,251030.pO2xPO4_5x5c.dat.14,32.29
0.8,1.9,0.0078416527118273,Background,0.75,0.75,17.06,138.67950474377722,251030.pO2xPO4_5x5c.dat.04,42.57
1.2,1.5,0.6995335285151933,Kellwasser,0.75,0.75,17.06,80.89277980616316,251030.pO2xPO4_5x5c.dat.40,5.78
1.1,1.5,0.5903601277752579,Kellwasser,0.75,0.75,17.06,77.9827096266672,251030.pO2xPO4_5x5c.dat.30,7.06
1.0,1.5,0.4474638332481396,Kellwasser,0.75,0.75,17.06,75.25343971792608,251030.pO2xPO4_5x5c.dat.20,8.53
0.9,1.5,0.255581762210916,Kellwasser,0.75,0.75,17.06,72.67776527442038,251030.pO2xPO4_5x5c.dat.10,15.05
0.8,1.5,0.1808710257194451,Kellwasser,0.75,0.75,17.06,70.44295489322394,251030.pO2xPO4_5x5c.dat.00,26.79
1.2,1.6,0.5909501130650793,Kellwasser,0.75,0.75,17.06,98.41647988650948,251030.pO2xPO4_5x5c.dat.41,6.7
1.1,1.6,0.4555807775944269,Kellwasser,0.75,0.75,17.06,94.77377170696856,251030.pO2xPO4_5x5c.dat.31,7.98
1.0,1.6,0.2748256482703708,Kellwasser,0.75,0.75,17.06,91.62381320493296,251030.pO2xPO4_5x5c.dat.21,11.56
0.9,1.6,0.1857360415336335,Kellwasser,0.75,0.75,17.06,88.78287917468697,251030.pO2xPO4_5x5c.dat.11,21.19
0.8,1.6,0.1191819933287307,Kellwasser,0.75,0.75,17.06,86.21242159279063,251030.pO2xPO4_5x5c.dat.01,31.28
1.2,1.7,0.4451351096616192,Kellwasser,0.75,0.75,17.06,117.02952178893612,251030.pO2xPO4_5x5c.dat.42,7.34
1.1,1.7,0.2701822204549185,Kellwasser,0.75,0.75,17.06,112.91036935290322,251030.pO2xPO4_5x5c.dat.32,8.9
1.0,1.7,0.1807446861672022,Kellwasser,0.75,0.75,17.06,109.16811879724264,251030.pO2xPO4_5x5c.dat.22,14.5
0.9,1.7,0.1295300321973433,Kellwasser,0.75,0.75,17.06,105.6689870893024,251030.pO2xPO4_5x5c.dat.12,25.32
0.8,1.7,0.0819419326144081,Kellwasser,0.75,0.75,17.06,102.64497541356832,251030.pO2xPO4_5x5c.dat.02,35.14
1.2,1.8,0.3038986916532222,Kellwasser,0.75,0.75,17.06,137.03758304473013,251030.pO2xPO4_5x5c.dat.43,8.17
1.1,1.8,0.1721810460457534,Kellwasser,0.75,0.75,17.06,132.0680748904124,251030.pO2xPO4_5x5c.dat.33,11.56
1.0,1.8,0.1255221302424031,Kellwasser,0.75,0.75,17.06,127.65206338372082,251030.pO2xPO4_5x5c.dat.23,19.08
0.9,1.8,0.083340355748035,Kellwasser,0.75,0.75,17.06,123.76121594570576,251030.pO2xPO4_5x5c.dat.13,29.54
0.8,1.8,0.0553237154079635,Kellwasser,0.75,0.75,17.06,120.25984324282037,251030.pO2xPO4_5x5c.dat.03,39.45
1.2,1.9,0.1803139498544589,Kellwasser,0.75,0.75,17.06,158.50921045057476,251030.pO2xPO4_5x5c.dat.44,8.9
1.1,1.9,0.119493857467059,Kellwasser,0.75,0.75,17.06,152.5503903394565,251030.pO2xPO4_5x5c.dat.34,13.58
1.0,1.9,0.0858785408833295,Kellwasser,0.75,0.75,17.06,147.34838623553514,251030.pO2xPO4_5x5c.dat.24,23.76
0.9,1.9,0.0577575948501197,Kellwasser,0.75,0.75,17.06,142.7381212124601,251030.pO2xPO4_5x5c.dat.14,32.29
0.8,1.9,0.0304208932587557,Kellwasser,0.75,0.75,17.06,138.67950474377722,251030.pO2xPO4_5x5c.dat.04,42.57
0.7,0.5,0.1105173782233276,Background,0.75,0.75,17.06,31.405750632984564,251030.pO2xPO4_5x5d.dat.40,0.55
0.6,0.5,0.1952926031550337,Background,0.75,0.75,17.06,27.70573337329552,251030.pO2xPO4_5x5d.dat.30,0.83
0.5,0.5,0.2769461289040629,Background,0.75,0.75,17.06,24.78989881637972,251030.pO2xPO4_5x5d.dat.20,1.93
0.4,0.5,0.0597185377035459,Background,0.75,0.75,17.06,22.40188769064844,251030.pO2xPO4_5x5d.dat.10,6.7
0.3,0.5,0.0793480344885846,Background,0.75,0.75,17.06,20.4372190637514,251030.pO2xPO4_5x5d.dat.00,27.52
0.7,0.6,0.2285692178934879,Background,0.75,0.75,17.06,50.9753153892234,251030.pO2xPO4_5x5d.dat.41,0.92
0.6,0.6,0.2616259144463386,Background,0.75,0.75,17.06,45.034790673526,251030.pO2xPO4_5x5d.dat.31,1.93
0.5,0.6,0.0473773331910783,Background,0.75,0.75,17.06,40.6688341172412,251030.pO2xPO4_5x5d.dat.21,5.6
0.4,0.6,0.0893210499226486,Background,0.75,0.75,17.06,37.22729525179602,251030.pO2xPO4_5x5d.dat.11,15.87
0.3,0.6,0.0440143059228689,Background,0.75,0.75,17.06,34.309090551687405,251030.pO2xPO4_5x5d.dat.01,43.49
0.7,0.7,0.356076869055881,Background,0.75,0.75,17.06,75.11742296628654,251030.pO2xPO4_5x5d.dat.42,1.83
0.6,0.7,0.0344509798517003,Background,0.75,0.75,17.06,65.6082556815818,251030.pO2xPO4_5x5d.dat.32,5.05
0.5,0.7,0.0927658732150806,Background,0.75,0.75,17.06,59.10150139243342,251030.pO2xPO4_5x5d.dat.22,10.83
0.4,0.7,0.0631379834314277,Background,0.75,0.75,17.06,54.23922266345471,251030.pO2xPO4_5x5d.dat.12,29.82
0.3,0.7,0.0284375330680232,Background,0.75,0.75,17.06,50.29566818848252,251030.pO2xPO4_5x5d.dat.02,54.5
0.7,0.8,0.0175549716169848,Background,0.75,0.75,17.06,102.19460091320798,251030.pO2xPO4_5x5d.dat.43,4.68
0.6,0.8,0.0860419544686521,Background,0.75,0.75,17.06,90.15742398332804,251030.pO2xPO4_5x5d.dat.33,7.8
0.5,0.8,0.0718988121666629,Background,0.75,0.75,17.06,80.50640462897718,251030.pO2xPO4_5x5d.dat.23,20.73
0.4,0.8,0.0478984393522974,Background,0.75,0.75,17.06,73.5511930542998,251030.pO2xPO4_5x5d.dat.13,40.92
0.3,0.8,0.027602533772331,Background,0.75,0.75,17.06,68.24520096415654,251030.pO2xPO4_5x5d.dat.03,62.75
0.7,0.9,0.0451757072530393,Background,0.75,0.75,17.06,129.96849545743316,251030.pO2xPO4_5x5d.dat.44,6.88
0.6,0.9,0.0840921798215076,Background,0.75,0.75,17.06,117.19350004568696,251030.pO2xPO4_5x5d.dat.34,12.75
0.5,0.9,0.0538462815976755,Background,0.75,0.75,17.06,105.41308438405396,251030.pO2xPO4_5x5d.dat.24,30.09
0.4,0.9,0.03059947768638,Background,0.75,0.75,17.06,95.54618009133264,251030.pO2xPO4_5x5d.dat.14,49.08
0.3,0.9,0.0198530154964471,Background,0.75,0.75,17.06,88.29679427435622,251030.pO2xPO4_5x5d.dat.04,68.72
0.7,0.5,0.0103272209801071,Kellwasser,0.75,0.75,17.06,31.405750632984564,251030.pO2xPO4_5x5d.dat.40,0.55
0.6,0.5,0.006936888688811,Kellwasser,0.75,0.75,17.06,27.70573337329552,251030.pO2xPO4_5x5d.dat.30,0.83
0.5,0.5,0.0760565011414445,Kellwasser,0.75,0.75,17.06,24.78989881637972,251030.pO2xPO4_5x5d.dat.20,1.93
0.4,0.5,0.4399315921247325,Kellwasser,0.75,0.75,17.06,22.40188769064844,251030.pO2xPO4_5x5d.dat.10,6.7
0.3,0.5,0.4842870107281041,Kellwasser,0.75,0.75,17.06,20.4372190637514,251030.pO2xPO4_5x5d.dat.00,27.52
0.7,0.6,0.0050978344879481,Kellwasser,0.75,0.75,17.06,50.9753153892234,251030.pO2xPO4_5x5d.dat.41,0.92
0.6,0.6,0.0724824564092656,Kellwasser,0.75,0.75,17.06,45.034790673526,251030.pO2xPO4_5x5d.dat.31,1.93
0.5,0.6,0.388554844369946,Kellwasser,0.75,0.75,17.06,40.6688341172412,251030.pO2xPO4_5x5d.dat.21,5.6
0.4,0.6,0.5620442578006714,Kellwasser,0.75,0.75,17.06,37.22729525179602,251030.pO2xPO4_5x5d.dat.11,15.87
0.3,0.6,0.2794704574712587,Kellwasser,0.75,0.75,17.06,34.309090551687405,251030.pO2xPO4_5x5d.dat.01,43.49
0.7,0.7,0.0440424240180854,Kellwasser,0.75,0.75,17.06,75.11742296628654,251030.pO2xPO4_5x5d.dat.42,1.83
0.6,0.7,0.3676905806670448,Kellwasser,0.75,0.75,17.06,65.6082556815818,251030.pO2xPO4_5x5d.dat.32,5.05
0.5,0.7,0.6389153407028861,Kellwasser,0.75,0.75,17.06,59.10150139243342,251030.pO2xPO4_5x5d.dat.22,10.83
0.4,0.7,0.4326381149888645,Kellwasser,0.75,0.75,17.06,54.23922266345471,251030.pO2xPO4_5x5d.dat.12,29.82
0.3,0.7,0.1712861763792732,Kellwasser,0.75,0.75,17.06,50.29566818848252,251030.pO2xPO4_5x5d.dat.02,54.5
0.7,0.8,0.3254459417459273,Kellwasser,0.75,0.75,17.06,102.19460091320798,251030.pO2xPO4_5x5d.dat.43,4.68
0.6,0.8,0.6547310969445852,Kellwasser,0.75,0.75,17.06,90.15742398332804,251030.pO2xPO4_5x5d.dat.33,7.8
0.5,0.8,0.4961430319976187,Kellwasser,0.75,0.75,17.06,80.50640462897718,251030.pO2xPO4_5x5d.dat.23,20.73
0.4,0.8,0.2973470791701038,Kellwasser,0.75,0.75,17.06,73.5511930542998,251030.pO2xPO4_5x5d.dat.13,40.92
0.3,0.8,0.075524754632975,Kellwasser,0.75,0.75,17.06,68.24520096415654,251030.pO2xPO4_5x5d.dat.03,62.75
0.7,0.9,0.5950343452262884,Kellwasser,0.75,0.75,17.06,129.96849545743316,251030.pO2xPO4_5x5d.dat.44,6.88
0.6,0.9,0.5734066872756122,Kellwasser,0.75,0.75,17.06,117.19350004568696,251030.pO2xPO4_5x5d.dat.34,12.75
0.5,0.9,0.3693652040638521,Kellwasser,0.75,0.75,17.06,105.41308438405396,251030.pO2xPO4_5x5d.dat.24,30.09
0.4,0.9,0.1678438234223516,Kellwasser,0.75,0.75,17.06,95.54618009133264,251030.pO2xPO4_5x5d.dat.14,49.08
0.3,0.9,0.0492280833502792,Kellwasser,0.75,0.75,17.06,88.29679427435622,251030.pO2xPO4_5x5d.dat.04,68.72
0.7,1.0,0.0697386132120461,Background,0.75,0.75,17.06,18.817554519046094,251030.pO2xPO4_5x5e.dat.40,9.36
0.6,1.0,0.0590079358983625,Background,0.75,0.75,17.06,17.285728972638026,251030.pO2xPO4_5x5e.dat.30,22.39
0.5,1.0,0.0421601095968734,Background,0.75,0.75,17.06,15.90755709912628,251030.pO2xPO4_5x5e.dat.20,37.71
0.4,1.0,0.0196273751674598,Background,0.75,0.75,17.06,14.76828856539214,251030.pO2xPO4_5x5e.dat.10,55.6
0.3,1.0,0.0158413785509935,Background,0.75,0.75,17.06,13.751719961874189,251030.pO2xPO4_5x5e.dat.00,72.2
0.7,1.1,0.0600723794983939,Background,0.75,0.75,17.06,31.89502604072913,251030.pO2xPO4_5x5e.dat.41,14.22
0.6,1.1,0.0446276036053912,Background,0.75,0.75,17.06,29.72656875499524,251030.pO2xPO4_5x5e.dat.31,29.45
0.5,1.1,0.0278671335648073,Background,0.75,0.75,17.06,27.94527608784847,251030.pO2xPO4_5x5e.dat.21,45.41
0.4,1.1,0.0209369223102526,Background,0.75,0.75,17.06,26.386280296719637,251030.pO2xPO4_5x5e.dat.11,60.64
0.3,1.1,0.0089806183673462,Background,0.75,0.75,17.06,24.91870873200241,251030.pO2xPO4_5x5e.dat.01,75.78
0.7,1.2,0.0468897356847006,Background,0.75,0.75,17.06,47.04179809777997,251030.pO2xPO4_5x5e.dat.42,22.57
0.6,1.2,0.0370588097670063,Background,0.75,0.75,17.06,44.09788380144164,251030.pO2xPO4_5x5e.dat.32,35.23
0.5,1.2,0.0213744108222206,Background,0.75,0.75,17.06,41.680574213387445,251030.pO2xPO4_5x5e.dat.22,50.92
0.4,1.2,0.0142105065300043,Background,0.75,0.75,17.06,39.478087273892015,251030.pO2xPO4_5x5e.dat.12,65.14
0.3,1.2,0.0066010419602587,Background,0.75,0.75,17.06,37.5061426893808,251030.pO2xPO4_5x5e.dat.02,80.73
0.7,1.3,0.0376641987634437,Background,0.75,0.75,17.06,63.869578298181295,251030.pO2xPO4_5x5e.dat.43,27.98
0.6,1.3,0.0265421673980436,Background,0.75,0.75,17.06,60.22626621415839,251030.pO2xPO4_5x5e.dat.33,41.93
0.5,1.3,0.0128631933709227,Background,0.75,0.75,17.06,57.09333345293999,251030.pO2xPO4_5x5e.dat.23,54.68
0.4,1.3,0.0110019735417241,Background,0.75,0.75,17.06,54.14540646597743,251030.pO2xPO4_5x5e.dat.13,68.35
0.3,1.3,0.0044330691055888,Background,0.75,0.75,17.06,51.74172838451341,251030.pO2xPO4_5x5e.dat.03,82.94
0.7,1.4,0.0307835236756347,Background,0.75,0.75,17.06,82.54579006461427,251030.pO2xPO4_5x5e.dat.44,33.21
0.6,1.4,0.0187143365693187,Background,0.75,0.75,17.06,77.92343239998445,251030.pO2xPO4_5x5e.dat.34,46.51
0.5,1.4,0.0137240903610521,Background,0.75,0.75,17.06,73.85222852462903,251030.pO2xPO4_5x5e.dat.24,58.44
0.4,1.4,0.0081110434436808,Background,0.75,0.75,17.06,70.4016856616363,251030.pO2xPO4_5x5e.dat.14,70.28
0.3,1.4,0.0020567591553148,Background,0.75,0.75,17.06,67.40959361195564,251030.pO2xPO4_5x5e.dat.04,83.76
0.7,1.0,0.6796597701957487,Kellwasser,0.75,0.75,17.06,18.817554519046094,251030.pO2xPO4_5x5e.dat.40,9.36
0.6,1.0,0.4176309672394491,Kellwasser,0.75,0.75,17.06,17.285728972638026,251030.pO2xPO4_5x5e.dat.30,22.39
0.5,1.0,0.2567170881706613,Kellwasser,0.75,0.75,17.06,15.90755709912628,251030.pO2xPO4_5x5e.dat.20,37.71
0.4,1.0,0.1135792544037555,Kellwasser,0.75,0.75,17.06,14.76828856539214,251030.pO2xPO4_5x5e.dat.10,55.6
0.3,1.0,0.031392423072417,Kellwasser,0.75,0.75,17.06,13.751719961874189,251030.pO2xPO4_5x5e.dat.00,72.2
0.7,1.1,0.4745952264820406,Kellwasser,0.75,0.75,17.06,31.89502604072913,251030.pO2xPO4_5x5e.dat.41,14.22
0.6,1.1,0.3037700983954425,Kellwasser,0.75,0.75,17.06,29.72656875499524,251030.pO2xPO4_5x5e.dat.31,29.45
0.5,1.1,0.1443395079155723,Kellwasser,0.75,0.75,17.06,27.94527608784847,251030.pO2xPO4_5x5e.dat.21,45.41
0.4,1.1,0.0476370258567555,Kellwasser,0.75,0.75,17.06,26.386280296719637,251030.pO2xPO4_5x5e.dat.11,60.64
0.3,1.1,0.0200155679243882,Kellwasser,0.75,0.75,17.06,24.91870873200241,251030.pO2xPO4_5x5e.dat.01,75.78
0.7,1.2,0.3348464529194929,Kellwasser,0.75,0.75,17.06,47.04179809777997,251030.pO2xPO4_5x5e.dat.42,22.57
0.6,1.2,0.210443995127718,Kellwasser,0.75,0.75,17.06,44.09788380144164,251030.pO2xPO4_5x5e.dat.32,35.23
0.5,1.2,0.0962877069030097,Kellwasser,0.75,0.75,17.06,41.680574213387445,251030.pO2xPO4_5x5e.dat.22,50.92
0.4,1.2,0.0286684465220928,Kellwasser,0.75,0.75,17.06,39.478087273892015,251030.pO2xPO4_5x5e.dat.12,65.14
0.3,1.2,0.0118204524293307,Kellwasser,0.75,0.75,17.06,37.5061426893808,251030.pO2xPO4_5x5e.dat.02,80.73
0.7,1.3,0.2410963089874248,Kellwasser,0.75,0.75,17.06,63.869578298181295,251030.pO2xPO4_5x5e.dat.43,27.98
0.6,1.3,0.1395995688842596,Kellwasser,0.75,0.75,17.06,60.22626621415839,251030.pO2xPO4_5x5e.dat.33,41.93
0.5,1.3,0.0661883040766411,Kellwasser,0.75,0.75,17.06,57.09333345293999,251030.pO2xPO4_5x5e.dat.23,54.68
0.4,1.3,0.0171124662782439,Kellwasser,0.75,0.75,17.06,54.14540646597743,251030.pO2xPO4_5x5e.dat.13,68.35
0.3,1.3,0.0066778857928321,Kellwasser,0.75,0.75,17.06,51.74172838451341,251030.pO2xPO4_5x5e.dat.03,82.94
0.7,1.4,0.1627578291719787,Kellwasser,0.75,0.75,17.06,82.54579006461427,251030.pO2xPO4_5x5e.dat.44,33.21
0.6,1.4,0.0813428054281185,Kellwasser,0.75,0.75,17.06,77.92343239998445,251030.pO2xPO4_5x5e.dat.34,46.51
0.5,1.4,0.024851523036584,Kellwasser,0.75,0.75,17.06,73.85222852462903,251030.pO2xPO4_5x5e.dat.24,58.44
0.4,1.4,0.0107043793881612,Kellwasser,0.75,0.75,17.06,70.4016856616363,251030.pO2xPO4_5x5e.dat.14,70.28
0.3,1.4,0.0036491199191235,Kellwasser,0.75,0.75,17.06,67.40959361195564,251030.pO2xPO4_5x5e.dat.04,83.76
0.7,1.5,0.0235232886956841,Background,0.75,0.75,17.06,12.880139365734069,251030.pO2xPO4_5x5f.dat.40,38.44
0.6,1.5,0.0103015346892078,Background,0.75,0.75,17.06,12.120770406909289,251030.pO2xPO4_5x5f.dat.30,50.64
0.5,1.5,0.0090796723693969,Background,0.75,0.75,17.06,11.422557690821122,251030.pO2xPO4_5x5f.dat.20,61.38
0.4,1.5,0.0030058163906421,Background,0.75,0.75,17.06,10.796238711918704,251030.pO2xPO4_5x5f.dat.10,72.11
0.3,1.5,0.0001635578658513,Background,0.75,0.75,17.06,10.252792890241835,251030.pO2xPO4_5x5f.dat.00,88.99
0.7,1.6,0.0145793148452341,Background,0.75,0.75,17.06,23.53716263314709,251030.pO2xPO4_5x5f.dat.41,42.94
0.6,1.6,0.0109484573526837,Background,0.75,0.75,17.06,22.298174371826462,251030.pO2xPO4_5x5f.dat.31,53.49
0.5,1.6,0.005891470398103,Background,0.75,0.75,17.06,21.242278307909142,251030.pO2xPO4_5x5f.dat.21,64.77
0.4,1.6,0.0006439886069722,Background,0.75,0.75,17.06,20.24928471655585,251030.pO2xPO4_5x5f.dat.11,74.77
0.3,1.6,8.349662560098324e-05,Background,0.75,0.75,17.06,19.328526832396165,251030.pO2xPO4_5x5f.dat.01,89.45
0.7,1.7,0.0104714537683984,Background,0.75,0.75,17.06,35.815835872199386,251030.pO2xPO4_5x5f.dat.42,46.33
0.6,1.7,0.0064335016447909,Background,0.75,0.75,17.06,34.33256279095076,251030.pO2xPO4_5x5f.dat.32,56.42
0.5,1.7,0.0026759689101816,Background,0.75,0.75,17.06,32.912485039560124,251030.pO2xPO4_5x5f.dat.22,66.79
0.4,1.7,0.0001671348238684,Background,0.75,0.75,17.06,31.55872036586516,251030.pO2xPO4_5x5f.dat.12,76.88
0.3,1.7,7.084369104341422e-05,Background,0.75,0.75,17.06,30.320637961267494,251030.pO2xPO4_5x5f.dat.02,89.72
0.7,1.8,0.0047783629009838,Background,0.75,0.75,17.06,49.56571501679719,251030.pO2xPO4_5x5f.dat.43,49.91
0.6,1.8,0.0031831526355895,Background,0.75,0.75,17.06,47.5204833492171,251030.pO2xPO4_5x5f.dat.33,58.9
0.5,1.8,0.0003061321668937,Background,0.75,0.75,17.06,45.68887015921064,251030.pO2xPO4_5x5f.dat.23,68.53
0.4,1.8,0.0001113463377707,Background,0.75,0.75,17.06,44.06716107041575,251030.pO2xPO4_5x5f.dat.13,78.72
0.3,1.8,6.304345539165037e-05,Background,0.75,0.75,17.06,42.61334106558934,251030.pO2xPO4_5x5f.dat.03,89.82
0.7,1.9,0.0045723082226693,Background,0.75,0.75,17.06,64.56326809711754,251030.pO2xPO4_5x5f.dat.44,52.48
0.6,1.9,0.0005743848139703,Background,0.75,0.75,17.06,62.0613936916925,251030.pO2xPO4_5x5f.dat.34,61.28
0.5,1.9,0.0001356293541343,Background,0.75,0.75,17.06,59.85864117974416,251030.pO2xPO4_5x5f.dat.24,69.54
0.4,1.9,9.693644022796227e-05,Background,0.75,0.75,17.06,57.847417338052765,251030.pO2xPO4_5x5f.dat.14,80.83
0.3,1.9,5.668708830431183e-05,Background,0.75,0.75,17.06,55.96285336650908,251030.pO2xPO4_5x5f.dat.04,89.82
0.7,1.5,0.1139746741865155,Kellwasser,0.75,0.75,17.06,12.880139365734069,251030.pO2xPO4_5x5f.dat.40,38.44
0.6,1.5,0.0547473335252475,Kellwasser,0.75,0.75,17.06,12.120770406909289,251030.pO2xPO4_5x5f.dat.30,50.64
0.5,1.5,0.012125570090501,Kellwasser,0.75,0.75,17.06,11.422557690821122,251030.pO2xPO4_5x5f.dat.20,61.38
0.4,1.5,0.0054479532239497,Kellwasser,0.75,0.75,17.06,10.796238711918704,251030.pO2xPO4_5x5f.dat.10,72.11
0.3,1.5,0.0008703235374445,Kellwasser,0.75,0.75,17.06,10.252792890241835,251030.pO2xPO4_5x5f.dat.00,88.99
0.7,1.6,0.0630920265868485,Kellwasser,0.75,0.75,17.06,23.53716263314709,251030.pO2xPO4_5x5f.dat.41,42.94
0.6,1.6,0.0168807899605791,Kellwasser,0.75,0.75,17.06,22.298174371826462,251030.pO2xPO4_5x5f.dat.31,53.49
0.5,1.6,0.0077908430909866,Kellwasser,0.75,0.75,17.06,21.242278307909142,251030.pO2xPO4_5x5f.dat.21,64.77
0.4,1.6,0.0026604712418587,Kellwasser,0.75,0.75,17.06,20.24928471655585,251030.pO2xPO4_5x5f.dat.11,74.77
0.3,1.6,0.0005057234264505,Kellwasser,0.75,0.75,17.06,19.328526832396165,251030.pO2xPO4_5x5f.dat.01,89.45
0.7,1.7,0.04330927757679,Kellwasser,0.75,0.75,17.06,35.815835872199386,251030.pO2xPO4_5x5f.dat.42,46.33
0.6,1.7,0.008559441505719,Kellwasser,0.75,0.75,17.06,34.33256279095076,251030.pO2xPO4_5x5f.dat.32,56.42
0.5,1.7,0.0042905618547173,Kellwasser,0.75,0.75,17.06,32.912485039560124,251030.pO2xPO4_5x5f.dat.22,66.79
0.4,1.7,0.000960382077427,Kellwasser,0.75,0.75,17.06,31.55872036586516,251030.pO2xPO4_5x5f.dat.12,76.88
0.3,1.7,0.0004152532494157,Kellwasser,0.75,0.75,17.06,30.320637961267494,251030.pO2xPO4_5x5f.dat.02,89.72
0.7,1.8,0.0263275854028359,Kellwasser,0.75,0.75,17.06,49.56571501679719,251030.pO2xPO4_5x5f.dat.43,49.91
0.6,1.8,0.0048426267989986,Kellwasser,0.75,0.75,17.06,47.5204833492171,251030.pO2xPO4_5x5f.dat.33,58.9
0.5,1.8,0.001783977852758,Kellwasser,0.75,0.75,17.06,45.68887015921064,251030.pO2xPO4_5x5f.dat.23,68.53
0.4,1.8,0.0006762736470067,Kellwasser,0.75,0.75,17.06,44.06716107041575,251030.pO2xPO4_5x5f.dat.13,78.72
0.3,1.8,0.0003602418026047,Kellwasser,0.75,0.75,17.06,42.61334106558934,251030.pO2xPO4_5x5f.dat.03,89.82
0.7,1.9,0.0051735159672994,Kellwasser,0.75,0.75,17.06,64.56326809711754,251030.pO2xPO4_5x5f.dat.44,52.48
0.6,1.9,0.0021310049261938,Kellwasser,0.75,0.75,17.06,62.0613936916925,251030.pO2xPO4_5x5f.dat.34,61.28
0.5,1.9,0.0008529225300407,Kellwasser,0.75,0.75,17.06,59.85864117974416,251030.pO2xPO4_5x5f.dat.24,69.54
0.4,1.9,0.0005803798599923,Kellwasser,0.75,0.75,17.06,57.847417338052765,251030.pO2xPO4_5x5f.dat.14,80.83
0.3,1.9,0.0003152571008791,Kellwasser,0.75,0.75,17.06,55.96285336650908,251030.pO2xPO4_5x5f.dat.04,89.82
1.2,2.0,0.0206175553560621,Background,0.75,0.75,17.06,68.42923176009208,Devon370Ma_075xRemin_075xpCO2.pO2xPO4_5x5g.dat.40,11.28
1.1,2.0,0.0171136476492346,Background,0.75,0.75,17.06,66.57905760221183,Devon370Ma_075xRemin_075xpCO2.pO2xPO4_5x5g.dat.30,16.97
1.0,2.0,0.0142922827192585,Background,0.75,0.75,17.06,64.84532786998898,Devon370Ma_075xRemin_075xpCO2.pO2xPO4_5x5g.dat.20,27.52
0.9,2.0,0.0099755209550858,Background,0.75,0.75,17.06,63.23636625893414,Devon370Ma_075xRemin_075xpCO2.pO2xPO4_5x5g.dat.10,35.69
0.8,2.0,0.004604336713959,Background,0.75,0.75,17.06,61.80242053233087,Devon370Ma_075xRemin_075xpCO2.pO2xPO4_5x5g.dat.00,45.69
1.2,2.1,0.015669752228342,Background,0.75,0.75,17.06,83.64926179638132,Devon370Ma_075xRemin_075xpCO2.pO2xPO4_5x5g.dat.41,12.57
1.1,2.1,0.0132715553232241,Background,0.75,0.75,17.06,81.39054989442229,Devon370Ma_075xRemin_075xpCO2.pO2xPO4_5x5g.dat.31,22.02
1.0,2.1,0.0099257492342881,Background,0.75,0.75,17.06,79.32571315905079,Devon370Ma_075xRemin_075xpCO2.pO2xPO4_5x5g.dat.21,29.82
0.9,2.1,0.0056868764288298,Background,0.75,0.75,17.06,77.50206714263186,Devon370Ma_075xRemin_075xpCO2.pO2xPO4_5x5g.dat.11,38.81
0.8,2.1,0.0004925085523253,Background,0.75,0.75,17.06,75.79979865113273,Devon370Ma_075xRemin_075xpCO2.pO2xPO4_5x5g.dat.01,48.35
1.2,2.2,0.0129540370432358,Background,0.75,0.75,17.06,99.87896191887558,Devon370Ma_075xRemin_075xpCO2.pO2xPO4_5x5g.dat.42,15.14
1.1,2.2,0.0100552970829075,Background,0.75,0.75,17.06,97.37716027302667,Devon370Ma_075xRemin_075xpCO2.pO2xPO4_5x5g.dat.32,25.05
1.0,2.2,0.0064055847024875,Background,0.75,0.75,17.06,94.98623694526032,Devon370Ma_075xRemin_075xpCO2.pO2xPO4_5x5g.dat.22,32.94
0.9,2.2,0.0029265513165377,Background,0.75,0.75,17.06,92.7561050048098,Devon370Ma_075xRemin_075xpCO2.pO2xPO4_5x5g.dat.12,41.83
0.8,2.2,0.0002927349257755,Background,0.75,0.75,17.06,90.68248618859798,Devon370Ma_075xRemin_075xpCO2.pO2xPO4_5x5g.dat.02,50.73
1.2,2.3,0.0095321084406821,Background,0.75,0.75,17.06,116.93340638885276,Devon370Ma_075xRemin_075xpCO2.pO2xPO4_5x5g.dat.43,18.72
1.1,2.3,0.0065616675497158,Background,0.75,0.75,17.06,113.94679313525558,Devon370Ma_075xRemin_075xpCO2.pO2xPO4_5x5g.dat.33,27.89
1.0,2.3,0.003578284375557,Background,0.75,0.75,17.06,111.3424077630043,Devon370Ma_075xRemin_075xpCO2.pO2xPO4_5x5g.dat.23,35.41
0.9,2.3,0.0001477092827021,Background,0.75,0.75,17.06,108.9103679987602,Devon370Ma_075xRemin_075xpCO2.pO2xPO4_5x5g.dat.13,44.31
0.8,2.3,0.0001259344373774,Background,0.75,0.75,17.06,106.61696433089674,Devon370Ma_075xRemin_075xpCO2.pO2xPO4_5x5g.dat.03,52.48
1.2,2.4,0.0061863007441034,Background,0.75,0.75,17.06,135.01750072464347,Devon370Ma_075xRemin_075xpCO2.pO2xPO4_5x5g.dat.44,22.57
1.1,2.4,0.0030126660936829,Background,0.75,0.75,17.06,131.66073767933997,Devon370Ma_075xRemin_075xpCO2.pO2xPO4_5x5g.dat.34,29.45
1.0,2.4,0.0008923221156296,Background,0.75,0.75,17.06,128.6063197767362,Devon370Ma_075xRemin_075xpCO2.pO2xPO4_5x5g.dat.24,38.17
0.9,2.4,7.695666983736678e-05,Background,0.75,0.75,17.06,125.70181570481508,Devon370Ma_075xRemin_075xpCO2.pO2xPO4_5x5g.dat.14,46.51
0.8,2.4,0.0001086176923668,Background,0.75,0.75,17.06,123.10445890761912,Devon370Ma_075xRemin_075xpCO2.pO2xPO4_5x5g.dat.04,54.31
1.2,2.0,0.1110181830987464,Kellwasser,0.75,0.75,17.06,68.42923176009208,Devon370Ma_075xRemin_075xpCO2.pO2xPO4_5x5g.dat.40,11.28
1.1,2.0,0.0776057200721476,Kellwasser,0.75,0.75,17.06,66.57905760221183,Devon370Ma_075xRemin_075xpCO2.pO2xPO4_5x5g.dat.30,16.97
1.0,2.0,0.0551864033225668,Kellwasser,0.75,0.75,17.06,64.84532786998898,Devon370Ma_075xRemin_075xpCO2.pO2xPO4_5x5g.dat.20,27.52
0.9,2.0,0.0417079052002967,Kellwasser,0.75,0.75,17.06,63.23636625893414,Devon370Ma_075xRemin_075xpCO2.pO2xPO4_5x5g.dat.10,35.69
0.8,2.0,0.0182770960929662,Kellwasser,0.75,0.75,17.06,61.80242053233087,Devon370Ma_075xRemin_075xpCO2.pO2xPO4_5x5g.dat.00,45.69
1.2,2.1,0.07346863957482,Kellwasser,0.75,0.75,17.06,83.64926179638132,Devon370Ma_075xRemin_075xpCO2.pO2xPO4_5x5g.dat.41,12.57
1.1,2.1,0.0525471603135339,Kellwasser,0.75,0.75,17.06,81.39054989442229,Devon370Ma_075xRemin_075xpCO2.pO2xPO4_5x5g.dat.31,22.02
1.0,2.1,0.0385366359312472,Kellwasser,0.75,0.75,17.06,79.32571315905079,Devon370Ma_075xRemin_075xpCO2.pO2xPO4_5x5g.dat.21,29.82
0.9,2.1,0.0248798890550866,Kellwasser,0.75,0.75,17.06,77.50206714263186,Devon370Ma_075xRemin_075xpCO2.pO2xPO4_5x5g.dat.11,38.81
0.8,2.1,0.0080864386086557,Kellwasser,0.75,0.75,17.06,75.79979865113273,Devon370Ma_075xRemin_075xpCO2.pO2xPO4_5x5g.dat.01,48.35
1.2,2.2,0.04519603405536,Kellwasser,0.75,0.75,17.06,99.87896191887558,Devon370Ma_075xRemin_075xpCO2.pO2xPO4_5x5g.dat.42,15.14
1.1,2.2,0.0354429596598339,Kellwasser,0.75,0.75,17.06,97.37716027302667,Devon370Ma_075xRemin_075xpCO2.pO2xPO4_5x5g.dat.32,25.05
1.0,2.2,0.0261172422518032,Kellwasser,0.75,0.75,17.06,94.98623694526032,Devon370Ma_075xRemin_075xpCO2.pO2xPO4_5x5g.dat.22,32.94
0.9,2.2,0.0133868893443662,Kellwasser,0.75,0.75,17.06,92.7561050048098,Devon370Ma_075xRemin_075xpCO2.pO2xPO4_5x5g.dat.12,41.83
0.8,2.2,0.001108456593963,Kellwasser,0.75,0.75,17.06,90.68248618859798,Devon370Ma_075xRemin_075xpCO2.pO2xPO4_5x5g.dat.02,50.73
1.2,2.3,0.0300557250278218,Kellwasser,0.75,0.75,17.06,116.93340638885276,Devon370Ma_075xRemin_075xpCO2.pO2xPO4_5x5g.dat.43,18.72
1.1,2.3,0.0234087824616012,Kellwasser,0.75,0.75,17.06,113.94679313525558,Devon370Ma_075xRemin_075xpCO2.pO2xPO4_5x5g.dat.33,27.89
1.0,2.3,0.0161103508780632,Kellwasser,0.75,0.75,17.06,111.3424077630043,Devon370Ma_075xRemin_075xpCO2.pO2xPO4_5x5g.dat.23,35.41
0.9,2.3,0.0027753508730251,Kellwasser,0.75,0.75,17.06,108.9103679987602,Devon370Ma_075xRemin_075xpCO2.pO2xPO4_5x5g.dat.13,44.31
0.8,2.3,0.0007708286703292,Kellwasser,0.75,0.75,17.06,106.61696433089674,Devon370Ma_075xRemin_075xpCO2.pO2xPO4_5x5g.dat.03,52.48
1.2,2.4,0.0209073217315714,Kellwasser,0.75,0.75,17.06,135.01750072464347,Devon370Ma_075xRemin_075xpCO2.pO2xPO4_5x5g.dat.44,22.57
1.1,2.4,0.014891547610576,Kellwasser,0.75,0.75,17.06,131.66073767933997,Devon370Ma_075xRemin_075xpCO2.pO2xPO4_5x5g.dat.34,29.45
1.0,2.4,0.0075937004376551,Kellwasser,0.75,0.75,17.06,128.6063197767362,Devon370Ma_075xRemin_075xpCO2.pO2xPO4_5x5g.dat.24,38.17
0.9,2.4,0.0015805488934338,Kellwasser,0.75,0.75,17.06,125.70181570481508,Devon370Ma_075xRemin_075xpCO2.pO2xPO4_5x5g.dat.14,46.51
0.8,2.4,0.00068412533534,Kellwasser,0.75,0.75,17.06,123.10445890761912,Devon370Ma_075xRemin_075xpCO2.pO2xPO4_5x5g.dat.04,54.31
0.7,2.0,0.0006428154959206,Background,0.75,0.75,17.06,9.746800060383976,Devon370Ma_075xRemin_075xpCO2.pO2xPO4_5x5h.dat.40,54.68
0.6,2.0,0.0001822470868049,Background,0.75,0.75,17.06,9.284104635298718,Devon370Ma_075xRemin_075xpCO2.pO2xPO4_5x5h.dat.30,63.12
0.5,2.0,0.0001161295500484,Background,0.75,0.75,17.06,8.869697921909392,Devon370Ma_075xRemin_075xpCO2.pO2xPO4_5x5h.dat.20,70.73
0.4,2.0,9.093598227260312e-05,Background,0.75,0.75,17.06,8.49402385938447,Devon370Ma_075xRemin_075xpCO2.pO2xPO4_5x5h.dat.10,82.2
0.3,2.0,5.210611135112992e-05,Background,0.75,0.75,17.06,8.156010153470561,Devon370Ma_075xRemin_075xpCO2.pO2xPO4_5x5h.dat.00,89.63
0.7,2.1,0.0001939438959509,Background,0.75,0.75,17.06,18.47593011916615,Devon370Ma_075xRemin_075xpCO2.pO2xPO4_5x5h.dat.41,56.51
0.6,2.1,0.0001236997751019,Background,0.75,0.75,17.06,17.65699744282756,Devon370Ma_075xRemin_075xpCO2.pO2xPO4_5x5h.dat.31,64.77
0.5,2.1,0.0001033203595926,Background,0.75,0.75,17.06,16.906469681998715,Devon370Ma_075xRemin_075xpCO2.pO2xPO4_5x5h.dat.21,72.48
0.4,2.1,8.375569138758144e-05,Background,0.75,0.75,17.06,16.231124391197227,Devon370Ma_075xRemin_075xpCO2.pO2xPO4_5x5h.dat.11,83.12
0.3,2.1,4.846574393303036e-05,Background,0.75,0.75,17.06,15.626852473360486,Devon370Ma_075xRemin_075xpCO2.pO2xPO4_5x5h.dat.01,89.54
0.7,2.2,0.0001279482914311,Background,0.75,0.75,17.06,29.19667713285889,Devon370Ma_075xRemin_075xpCO2.pO2xPO4_5x5h.dat.42,58.26
0.6,2.2,0.0001131101161798,Background,0.75,0.75,17.06,28.19801920850296,Devon370Ma_075xRemin_075xpCO2.pO2xPO4_5x5h.dat.32,66.33
0.5,2.2,9.672953937146904e-05,Background,0.75,0.75,17.06,27.276539185550064,Devon370Ma_075xRemin_075xpCO2.pO2xPO4_5x5h.dat.22,73.67
0.4,2.2,7.917613159571039e-05,Background,0.75,0.75,17.06,26.41018727445044,Devon370Ma_075xRemin_075xpCO2.pO2xPO4_5x5h.dat.12,83.58
0.3,2.2,4.576421634500543e-05,Background,0.75,0.75,17.06,25.57861625973601,Devon370Ma_075xRemin_075xpCO2.pO2xPO4_5x5h.dat.02,90.0
0.7,2.3,0.0001129160081408,Background,0.75,0.75,17.06,41.23420512769371,Devon370Ma_075xRemin_075xpCO2.pO2xPO4_5x5h.dat.43,59.82
0.6,2.3,0.0001071441186811,Background,0.75,0.75,17.06,39.951202779775485,Devon370Ma_075xRemin_075xpCO2.pO2xPO4_5x5h.dat.33,67.25
0.5,2.3,9.181111760587542e-05,Background,0.75,0.75,17.06,38.779697206337005,Devon370Ma_075xRemin_075xpCO2.pO2xPO4_5x5h.dat.23,75.05
0.4,2.3,7.49029518352856e-05,Background,0.75,0.75,17.06,37.64395296457224,Devon370Ma_075xRemin_075xpCO2.pO2xPO4_5x5h.dat.13,85.5
0.3,2.3,4.2715053030566605e-05,Background,0.75,0.75,17.06,36.61152368295007,Devon370Ma_075xRemin_075xpCO2.pO2xPO4_5x5h.dat.03,90.46
0.7,2.4,0.0001085162695719,Background,0.75,0.75,17.06,54.23881884780712,Devon370Ma_075xRemin_075xpCO2.pO2xPO4_5x5h.dat.44,61.56
0.6,2.4,0.0001029404055537,Background,0.75,0.75,17.06,52.728679293068126,Devon370Ma_075xRemin_075xpCO2.pO2xPO4_5x5h.dat.34,68.44
0.5,2.4,8.760149972073077e-05,Background,0.75,0.75,17.06,51.32971637067385,Devon370Ma_075xRemin_075xpCO2.pO2xPO4_5x5h.dat.24,75.78
0.4,2.4,7.094133446924972e-05,Background,0.75,0.75,17.06,49.96999632567167,Devon370Ma_075xRemin_075xpCO2.pO2xPO4_5x5h.dat.14,88.9
0.3,2.4,4.103917560401928e-05,Background,0.75,0.75,17.06,48.73464422416873,Devon370Ma_075xRemin_075xpCO2.pO2xPO4_5x5h.dat.04,90.37
0.7,1.5,0.1139746741865155,Kellwasser,0.75,0.75,17.06,9.746800060383976,Devon370Ma_075xRemin_075xpCO2.pO2xPO4_5x5h.dat.40,54.68
0.6,1.5,0.0547473335252475,Kellwasser,0.75,0.75,17.06,9.284104635298718,Devon370Ma_075xRemin_075xpCO2.pO2xPO4_5x5h.dat.30,63.12
0.5,1.5,0.012125570090501,Kellwasser,0.75,0.75,17.06,8.869697921909392,Devon370Ma_075xRemin_075xpCO2.pO2xPO4_5x5h.dat.20,70.73
0.4,1.5,0.0054479532239497,Kellwasser,0.75,0.75,17.06,8.49402385938447,Devon370Ma_075xRemin_075xpCO2.pO2xPO4_5x5h.dat.10,82.2
0.3,1.5,0.0008703235374445,Kellwasser,0.75,0.75,17.06,8.156010153470561,Devon370Ma_075xRemin_075xpCO2.pO2xPO4_5x5h.dat.00,89.63
0.7,1.6,0.0630920265868485,Kellwasser,0.75,0.75,17.06,18.47593011916615,Devon370Ma_075xRemin_075xpCO2.pO2xPO4_5x5h.dat.41,56.51
0.6,1.6,0.0168807899605791,Kellwasser,0.75,0.75,17.06,17.65699744282756,Devon370Ma_075xRemin_075xpCO2.pO2xPO4_5x5h.dat.31,64.77
0.5,1.6,0.0077908430909866,Kellwasser,0.75,0.75,17.06,16.906469681998715,Devon370Ma_075xRemin_075xpCO2.pO2xPO4_5x5h.dat.21,72.48
0.4,1.6,0.0026604712418587,Kellwasser,0.75,0.75,17.06,16.231124391197227,Devon370Ma_075xRemin_075xpCO2.pO2xPO4_5x5h.dat.11,83.12
0.3,1.6,0.0005057234264505,Kellwasser,0.75,0.75,17.06,15.626852473360486,Devon370Ma_075xRemin_075xpCO2.pO2xPO4_5x5h.dat.01,89.54
0.7,1.7,0.04330927757679,Kellwasser,0.75,0.75,17.06,29.19667713285889,Devon370Ma_075xRemin_075xpCO2.pO2xPO4_5x5h.dat.42,58.26
0.6,1.7,0.008559441505719,Kellwasser,0.75,0.75,17.06,28.19801920850296,Devon370Ma_075xRemin_075xpCO2.pO2xPO4_5x5h.dat.32,66.33
0.5,1.7,0.0042905618547173,Kellwasser,0.75,0.75,17.06,27.276539185550064,Devon370Ma_075xRemin_075xpCO2.pO2xPO4_5x5h.dat.22,73.67
0.4,1.7,0.000960382077427,Kellwasser,0.75,0.75,17.06,26.41018727445044,Devon370Ma_075xRemin_075xpCO2.pO2xPO4_5x5h.dat.12,83.58
0.3,1.7,0.0004152532494157,Kellwasser,0.75,0.75,17.06,25.57861625973601,Devon370Ma_075xRemin_075xpCO2.pO2xPO4_5x5h.dat.02,90.0
0.7,1.8,0.0263275854028359,Kellwasser,0.75,0.75,17.06,41.23420512769371,Devon370Ma_075xRemin_075xpCO2.pO2xPO4_5x5h.dat.43,59.82
0.6,1.8,0.0048426267989986,Kellwasser,0.75,0.75,17.06,39.951202779775485,Devon370Ma_075xRemin_075xpCO2.pO2xPO4_5x5h.dat.33,67.25
0.5,1.8,0.001783977852758,Kellwasser,0.75,0.75,17.06,38.779697206337005,Devon370Ma_075xRemin_075xpCO2.pO2xPO4_5x5h.dat.23,75.05
0.4,1.8,0.0006762736470067,Kellwasser,0.75,0.75,17.06,37.64395296457224,Devon370Ma_075xRemin_075xpCO2.pO2xPO4_5x5h.dat.13,85.5
0.3,1.8,0.0003602418026047,Kellwasser,0.75,0.75,17.06,36.61152368295007,Devon370Ma_075xRemin_075xpCO2.pO2xPO4_5x5h.dat.03,90.46
0.7,1.9,0.0051735159672994,Kellwasser,0.75,0.75,17.06,54.23881884780712,Devon370Ma_075xRemin_075xpCO2.pO2xPO4_5x5h.dat.44,61.56
0.6,1.9,0.0021310049261938,Kellwasser,0.75,0.75,17.06,52.728679293068126,Devon370Ma_075xRemin_075xpCO2.pO2xPO4_5x5h.dat.34,68.44
0.5,1.9,0.0008529225300407,Kellwasser,0.75,0.75,17.06,51.32971637067385,Devon370Ma_075xRemin_075xpCO2.pO2xPO4_5x5h.dat.24,75.78
0.4,1.9,0.0005803798599923,Kellwasser,0.75,0.75,17.06,49.96999632567167,Devon370Ma_075xRemin_075xpCO2.pO2xPO4_5x5h.dat.14,88.9
0.3,1.9,0.0003152571008791,Kellwasser,0.75,0.75,17.06,48.73464422416873,Devon370Ma_075xRemin_075xpCO2.pO2xPO4_5x5h.dat.04,90.37
1.2,1.5,0.035881068,Background,10,0.75,26.74,55.49815978,251110.pO2xPO4_5x5c.dat.40,8.62
1.1,1.5,0.042125326,Background,10,0.75,26.74,53.13014481,251110.pO2xPO4_5x5c.dat.30,10.55
1.0,1.5,0.03587977,Background,10,0.75,26.74,50.89845581,251110.pO2xPO4_5x5c.dat.20,18.62
0.9,1.5,0.029792975,Background,10,0.75,26.74,48.84852024,251110.pO2xPO4_5x5c.dat.10,30.28
0.8,1.5,0.025436892,Background,10,0.75,26.74,46.99602869,251110.pO2xPO4_5x5c.dat.00,44.22
1.2,1.6,0.039097577,Background,10,0.75,26.74,68.25781747,251110.pO2xPO4_5x5c.dat.41,9.54
1.1,1.6,0.032196095,Background,10,0.75,26.74,65.31113468,251110.pO2xPO4_5x5c.dat.31,14.68
1.0,1.6,0.027198696,Background,10,0.75,26.74,62.74835323,251110.pO2xPO4_5x5c.dat.21,24.77
0.9,1.6,0.02406451,Background,10,0.75,26.74,60.4283232,251110.pO2xPO4_5x5c.dat.11,36.51
0.8,1.6,0.020426934,Background,10,0.75,26.74,58.25355402,251110.pO2xPO4_5x5c.dat.01,48.62
1.2,1.7,0.028952378,Background,10,0.75,26.74,81.74418326,251110.pO2xPO4_5x5c.dat.42,10.92
1.1,1.7,0.026895994,Background,10,0.75,26.74,78.44635547,251110.pO2xPO4_5x5c.dat.32,19.27
1.0,1.7,0.022014347,Background,10,0.75,26.74,75.4888315,251110.pO2xPO4_5x5c.dat.22,29.82
0.9,1.7,0.019168642,Background,10,0.75,26.74,72.6487342,251110.pO2xPO4_5x5c.dat.12,41.83
0.8,1.7,0.016536839,Background,10,0.75,26.74,70.17811731,251110.pO2xPO4_5x5c.dat.02,52.57
1.2,1.8,0.023804088,Background,10,0.75,26.74,96.21695062,251110.pO2xPO4_5x5c.dat.43,15.69
1.1,1.8,0.019979799,Background,10,0.75,26.74,92.36174083,251110.pO2xPO4_5x5c.dat.33,24.68
1.0,1.8,0.017919836,Background,10,0.75,26.74,88.85219722,251110.pO2xPO4_5x5c.dat.23,34.86
0.9,1.8,0.015218049,Background,10,0.75,26.74,85.77869448,251110.pO2xPO4_5x5c.dat.13,46.33
0.8,1.8,0.012116425,Background,10,0.75,26.74,82.90835103,251110.pO2xPO4_5x5c.dat.03,56.42
1.2,1.9,0.01885912,Background,10,0.75,26.74,111.5542327,251110.pO2xPO4_5x5c.dat.44,19.36
1.1,1.9,0.015692211,Background,10,0.75,26.74,107.093816,251110.pO2xPO4_5x5c.dat.34,28.81
1.0,1.9,0.01386736,Background,10,0.75,26.74,103.1470383,251110.pO2xPO4_5x5c.dat.24,39.91
0.9,1.9,0.012010658,Background,10,0.75,26.74,99.52075197,251110.pO2xPO4_5x5c.dat.14,50.0
0.8,1.9,0.008338868,Background,10,0.75,26.74,96.23559163,251110.pO2xPO4_5x5c.dat.04,59.17
1.2,1.5,0.312562321,Kellwasser,10,0.75,26.74,55.49815978,251110.pO2xPO4_5x5c.dat.40,8.62
1.1,1.5,0.254431495,Kellwasser,10,0.75,26.74,53.13014481,251110.pO2xPO4_5x5c.dat.30,10.55
1.0,1.5,0.20517832,Kellwasser,10,0.75,26.74,50.89845581,251110.pO2xPO4_5x5c.dat.20,18.62
0.9,1.5,0.155238535,Kellwasser,10,0.75,26.74,48.84852024,251110.pO2xPO4_5x5c.dat.10,30.28
0.8,1.5,0.112314945,Kellwasser,10,0.75,26.74,46.99602869,251110.pO2xPO4_5x5c.dat.00,44.22
1.2,1.6,0.241654125,Kellwasser,10,0.75,26.74,68.25781747,251110.pO2xPO4_5x5c.dat.41,9.54
1.1,1.6,0.193108533,Kellwasser,10,0.75,26.74,65.31113468,251110.pO2xPO4_5x5c.dat.31,14.68
1.0,1.6,0.151160644,Kellwasser,10,0.75,26.74,62.74835323,251110.pO2xPO4_5x5c.dat.21,24.77
0.9,1.6,0.110435027,Kellwasser,10,0.75,26.74,60.4283232,251110.pO2xPO4_5x5c.dat.11,36.51
0.8,1.6,0.082972335,Kellwasser,10,0.75,26.74,58.25355402,251110.pO2xPO4_5x5c.dat.01,48.62
1.2,1.7,0.175444308,Kellwasser,10,0.75,26.74,81.74418326,251110.pO2xPO4_5x5c.dat.42,10.92
1.1,1.7,0.141459096,Kellwasser,10,0.75,26.74,78.44635547,251110.pO2xPO4_5x5c.dat.32,19.27
1.0,1.7,0.111055574,Kellwasser,10,0.75,26.74,75.4888315,251110.pO2xPO4_5x5c.dat.22,29.82
0.9,1.7,0.080354486,Kellwasser,10,0.75,26.74,72.6487342,251110.pO2xPO4_5x5c.dat.12,41.83
0.8,1.7,0.060745671,Kellwasser,10,0.75,26.74,70.17811731,251110.pO2xPO4_5x5c.dat.02,52.57
1.2,1.8,0.131148499,Kellwasser,10,0.75,26.74,96.21695062,251110.pO2xPO4_5x5c.dat.43,15.69
1.1,1.8,0.10336125,Kellwasser,10,0.75,26.74,92.36174083,251110.pO2xPO4_5x5c.dat.33,24.68
1.0,1.8,0.07676491,Kellwasser,10,0.75,26.74,88.85219722,251110.pO2xPO4_5x5c.dat.23,34.86
0.9,1.8,0.058634276,Kellwasser,10,0.75,26.74,85.77869448,251110.pO2xPO4_5x5c.dat.13,46.33
0.8,1.8,0.031587489,Kellwasser,10,0.75,26.74,82.90835103,251110.pO2xPO4_5x5c.dat.03,56.42
1.2,1.9,0.094599935,Kellwasser,10,0.75,26.74,111.5542327,251110.pO2xPO4_5x5c.dat.44,19.36
1.1,1.9,0.074603518,Kellwasser,10,0.75,26.74,107.093816,251110.pO2xPO4_5x5c.dat.34,28.81
1.0,1.9,0.053879785,Kellwasser,10,0.75,26.74,103.1470383,251110.pO2xPO4_5x5c.dat.24,39.91
0.9,1.9,0.042224945,Kellwasser,10,0.75,26.74,99.52075197,251110.pO2xPO4_5x5c.dat.14,50.0
0.8,1.9,0.025081449,Kellwasser,10,0.75,26.74,96.23559163,251110.pO2xPO4_5x5c.dat.04,59.17
0.7,0.5,0.0784766795067852,Background,10,0.75,26.74,21.950625523459166,251110.pO2xPO4_5x5d.dat.40,1.01
0.6,0.5,0.0165735699252091,Background,10,0.75,26.74,19.02939402498305,251110.pO2xPO4_5x5d.dat.30,2.39
0.5,0.5,0.0705936530731569,Background,10,0.75,26.74,16.66379648668226,251110.pO2xPO4_5x5d.dat.20,6.06
0.4,0.5,0.0980809912335933,Background,10,0.75,26.74,14.752363313164096,251110.pO2xPO4_5x5d.dat.10,12.84
0.3,0.5,0.059635614206931,Background,10,0.75,26.74,13.130882507539354,251110.pO2xPO4_5x5d.dat.00,47.61
0.7,0.6,0.0228579613437686,Background,10,0.75,26.74,36.016095691593364,251110.pO2xPO4_5x5d.dat.41,2.57
0.6,0.6,0.074755146595839,Background,10,0.75,26.74,31.599160138284788,251110.pO2xPO4_5x5d.dat.31,5.87
0.5,0.6,0.106291816515154,Background,10,0.75,26.74,28.2463661278598,251110.pO2xPO4_5x5d.dat.21,9.27
0.4,0.6,0.0724277869141092,Background,10,0.75,26.74,25.5200793617405,251110.pO2xPO4_5x5d.dat.11,31.83
0.3,0.6,0.0463427694546568,Background,10,0.75,26.74,23.17923463124316,251110.pO2xPO4_5x5d.dat.01,64.59
0.7,0.7,0.0705507682167007,Background,10,0.75,26.74,52.94605944072828,251110.pO2xPO4_5x5d.dat.42,5.78
0.6,0.7,0.0644377078061966,Background,10,0.75,26.74,46.40761835617013,251110.pO2xPO4_5x5d.dat.32,8.26
0.5,0.7,0.0763041117728842,Background,10,0.75,26.74,41.64880010648631,251110.pO2xPO4_5x5d.dat.22,22.2
0.4,0.7,0.0530861084689936,Background,10,0.75,26.74,37.89988113567233,251110.pO2xPO4_5x5d.dat.12,49.45
0.3,0.7,0.0329270878234693,Background,10,0.75,26.74,34.77175778243691,251110.pO2xPO4_5x5d.dat.02,74.22
0.7,0.8,0.051389757109075,Background,10,0.75,26.74,73.07781925192103,251110.pO2xPO4_5x5d.dat.43,7.43
0.6,0.8,0.0813187432249402,Background,10,0.75,26.74,63.592691731173545,251110.pO2xPO4_5x5d.dat.33,15.32
0.5,0.8,0.0603285106401938,Background,10,0.75,26.74,56.93064667866565,251110.pO2xPO4_5x5d.dat.23,36.61
0.4,0.8,0.0423960006191781,Background,10,0.75,26.74,51.897717639803886,251110.pO2xPO4_5x5d.dat.13,60.18
0.3,0.8,0.0271593326947498,Background,10,0.75,26.74,47.79997834702954,251110.pO2xPO4_5x5d.dat.03,82.2
0.7,0.9,0.0787189368124761,Background,10,0.75,26.74,95.53098061587662,251110.pO2xPO4_5x5d.dat.44,10.46
0.6,0.9,0.0613018613492057,Background,10,0.75,26.74,83.47053517354652,251110.pO2xPO4_5x5d.dat.34,27.52
0.5,0.9,0.0453920776983079,Background,10,0.75,26.74,74.33247083099559,251110.pO2xPO4_5x5d.dat.24,48.62
0.4,0.9,0.0353099548851181,Background,10,0.75,26.74,67.58411473128945,251110.pO2xPO4_5x5d.dat.14,69.08
0.3,0.9,0.0197416305744265,Background,10,0.75,26.74,62.307015468832105,251110.pO2xPO4_5x5d.dat.04,87.8
0.7,0.5,0.0071384980375968,Kellwasser,10,0.75,26.74,21.950625523459166,251110.pO2xPO4_5x5d.dat.40,1.01
0.6,0.5,0.0825465753725789,Kellwasser,10,0.75,26.74,19.02939402498305,251110.pO2xPO4_5x5d.dat.30,2.39
0.5,0.5,0.3519055809923867,Kellwasser,10,0.75,26.74,16.66379648668226,251110.pO2xPO4_5x5d.dat.20,6.06
0.4,0.5,0.4863250138726889,Kellwasser,10,0.75,26.74,14.752363313164096,251110.pO2xPO4_5x5d.dat.10,12.84
0.3,0.5,0.3022624561001117,Kellwasser,10,0.75,26.74,13.130882507539354,251110.pO2xPO4_5x5d.dat.00,47.61
0.7,0.6,0.0935931657627497,Kellwasser,10,0.75,26.74,36.016095691593364,251110.pO2xPO4_5x5d.dat.41,2.57
0.6,0.6,0.361058843326645,Kellwasser,10,0.75,26.74,31.599160138284788,251110.pO2xPO4_5x5d.dat.31,5.87
0.5,0.6,0.5418260445010477,Kellwasser,10,0.75,26.74,28.2463661278598,251110.pO2xPO4_5x5d.dat.21,9.27
0.4,0.6,0.3831827628364907,Kellwasser,10,0.75,26.74,25.5200793617405,251110.pO2xPO4_5x5d.dat.11,31.83
0.3,0.6,0.1501406720688846,Kellwasser,10,0.75,26.74,23.17923463124316,251110.pO2xPO4_5x5d.dat.01,64.59
0.7,0.7,0.3602799115086184,Kellwasser,10,0.75,26.74,52.94605944072828,251110.pO2xPO4_5x5d.dat.42,5.78
0.6,0.7,0.5728583469273532,Kellwasser,10,0.75,26.74,46.40761835617013,251110.pO2xPO4_5x5d.dat.32,8.26
0.5,0.7,0.4224908061507403,Kellwasser,10,0.75,26.74,41.64880010648631,251110.pO2xPO4_5x5d.dat.22,22.2
0.4,0.7,0.2680927939034319,Kellwasser,10,0.75,26.74,37.89988113567233,251110.pO2xPO4_5x5d.dat.12,49.45
0.3,0.7,0.104236146297788,Kellwasser,10,0.75,26.74,34.77175778243691,251110.pO2xPO4_5x5d.dat.02,74.22
0.7,0.8,0.5695204633720575,Kellwasser,10,0.75,26.74,73.07781925192103,251110.pO2xPO4_5x5d.dat.43,7.43
0.6,0.8,0.4333659930130684,Kellwasser,10,0.75,26.74,63.592691731173545,251110.pO2xPO4_5x5d.dat.33,15.32
0.5,0.8,0.3242293166192094,Kellwasser,10,0.75,26.74,56.93064667866565,251110.pO2xPO4_5x5d.dat.23,36.61
0.4,0.8,0.2013376752670427,Kellwasser,10,0.75,26.74,51.897717639803886,251110.pO2xPO4_5x5d.dat.13,60.18
0.3,0.8,0.0797939959716127,Kellwasser,10,0.75,26.74,47.79997834702954,251110.pO2xPO4_5x5d.dat.03,82.2
0.7,0.9,0.474080295130708,Kellwasser,10,0.75,26.74,95.53098061587662,251110.pO2xPO4_5x5d.dat.44,10.46
0.6,0.9,0.3424491762438687,Kellwasser,10,0.75,26.74,83.47053517354652,251110.pO2xPO4_5x5d.dat.34,27.52
0.5,0.9,0.2303304516017178,Kellwasser,10,0.75,26.74,74.33247083099559,251110.pO2xPO4_5x5d.dat.24,48.62
0.4,0.9,0.0966702770279761,Kellwasser,10,0.75,26.74,67.58411473128945,251110.pO2xPO4_5x5d.dat.14,69.08
0.3,0.9,0.0619890909958056,Kellwasser,10,0.75,26.74,62.307015468832105,251110.pO2xPO4_5x5d.dat.04,87.8
0.7,0.5,0.0784766795067852,Background,10,0.75,26.74,21.950625523459166,251110.pO2xPO4_5x5d.dat.40,1.01
0.6,0.5,0.0165735699252091,Background,10,0.75,26.74,19.02939402498305,251110.pO2xPO4_5x5d.dat.30,2.39
0.5,0.5,0.0705936530731569,Background,10,0.75,26.74,16.66379648668226,251110.pO2xPO4_5x5d.dat.20,6.06
0.4,0.5,0.0980809912335933,Background,10,0.75,26.74,14.752363313164096,251110.pO2xPO4_5x5d.dat.10,12.84
0.3,0.5,0.059635614206931,Background,10,0.75,26.74,13.130882507539354,251110.pO2xPO4_5x5d.dat.00,47.61
0.7,0.6,0.0228579613437686,Background,10,0.75,26.74,36.016095691593364,251110.pO2xPO4_5x5d.dat.41,2.57
0.6,0.6,0.074755146595839,Background,10,0.75,26.74,31.599160138284788,251110.pO2xPO4_5x5d.dat.31,5.87
0.5,0.6,0.106291816515154,Background,10,0.75,26.74,28.2463661278598,251110.pO2xPO4_5x5d.dat.21,9.27
0.4,0.6,0.0724277869141092,Background,10,0.75,26.74,25.5200793617405,251110.pO2xPO4_5x5d.dat.11,31.83
0.3,0.6,0.0463427694546568,Background,10,0.75,26.74,23.17923463124316,251110.pO2xPO4_5x5d.dat.01,64.59
0.7,0.7,0.0705507682167007,Background,10,0.75,26.74,52.94605944072828,251110.pO2xPO4_5x5d.dat.42,5.78
0.6,0.7,0.0644377078061966,Background,10,0.75,26.74,46.40761835617013,251110.pO2xPO4_5x5d.dat.32,8.26
0.5,0.7,0.0763041117728842,Background,10,0.75,26.74,41.64880010648631,251110.pO2xPO4_5x5d.dat.22,22.2
0.4,0.7,0.0530861084689936,Background,10,0.75,26.74,37.89988113567233,251110.pO2xPO4_5x5d.dat.12,49.45
0.3,0.7,0.0329270878234693,Background,10,0.75,26.74,34.77175778243691,251110.pO2xPO4_5x5d.dat.02,74.22
0.7,0.8,0.051389757109075,Background,10,0.75,26.74,73.07781925192103,251110.pO2xPO4_5x5d.dat.43,7.43
0.6,0.8,0.0813187432249402,Background,10,0.75,26.74,63.592691731173545,251110.pO2xPO4_5x5d.dat.33,15.32
0.5,0.8,0.0603285106401938,Background,10,0.75,26.74,56.93064667866565,251110.pO2xPO4_5x5d.dat.23,36.61
0.4,0.8,0.0423960006191781,Background,10,0.75,26.74,51.897717639803886,251110.pO2xPO4_5x5d.dat.13,60.18
0.3,0.8,0.0271593326947498,Background,10,0.75,26.74,47.79997834702954,251110.pO2xPO4_5x5d.dat.03,82.2
0.7,0.9,0.0787189368124761,Background,10,0.75,26.74,95.53098061587662,251110.pO2xPO4_5x5d.dat.44,10.46
0.6,0.9,0.0613018613492057,Background,10,0.75,26.74,83.47053517354652,251110.pO2xPO4_5x5d.dat.34,27.52
0.5,0.9,0.0453920776983079,Background,10,0.75,26.74,74.33247083099559,251110.pO2xPO4_5x5d.dat.24,48.62
0.4,0.9,0.0353099548851181,Background,10,0.75,26.74,67.58411473128945,251110.pO2xPO4_5x5d.dat.14,69.08
0.3,0.9,0.0197416305744265,Background,10,0.75,26.74,62.307015468832105,251110.pO2xPO4_5x5d.dat.04,87.8
0.7,0.5,0.0071384980375968,Kellwasser,10,0.75,26.74,21.950625523459166,251110.pO2xPO4_5x5d.dat.40,1.01
0.6,0.5,0.0825465753725789,Kellwasser,10,0.75,26.74,19.02939402498305,251110.pO2xPO4_5x5d.dat.30,2.39
0.5,0.5,0.3519055809923867,Kellwasser,10,0.75,26.74,16.66379648668226,251110.pO2xPO4_5x5d.dat.20,6.06
0.4,0.5,0.4863250138726889,Kellwasser,10,0.75,26.74,14.752363313164096,251110.pO2xPO4_5x5d.dat.10,12.84
0.3,0.5,0.3022624561001117,Kellwasser,10,0.75,26.74,13.130882507539354,251110.pO2xPO4_5x5d.dat.00,47.61
0.7,0.6,0.0935931657627497,Kellwasser,10,0.75,26.74,36.016095691593364,251110.pO2xPO4_5x5d.dat.41,2.57
0.6,0.6,0.361058843326645,Kellwasser,10,0.75,26.74,31.599160138284788,251110.pO2xPO4_5x5d.dat.31,5.87
0.5,0.6,0.5418260445010477,Kellwasser,10,0.75,26.74,28.2463661278598,251110.pO2xPO4_5x5d.dat.21,9.27
0.4,0.6,0.3831827628364907,Kellwasser,10,0.75,26.74,25.5200793617405,251110.pO2xPO4_5x5d.dat.11,31.83
0.3,0.6,0.1501406720688846,Kellwasser,10,0.75,26.74,23.17923463124316,251110.pO2xPO4_5x5d.dat.01,64.59
0.7,0.7,0.3602799115086184,Kellwasser,10,0.75,26.74,52.94605944072828,251110.pO2xPO4_5x5d.dat.42,5.78
0.6,0.7,0.5728583469273532,Kellwasser,10,0.75,26.74,46.40761835617013,251110.pO2xPO4_5x5d.dat.32,8.26
0.5,0.7,0.4224908061507403,Kellwasser,10,0.75,26.74,41.64880010648631,251110.pO2xPO4_5x5d.dat.22,22.2
0.4,0.7,0.2680927939034319,Kellwasser,10,0.75,26.74,37.89988113567233,251110.pO2xPO4_5x5d.dat.12,49.45
0.3,0.7,0.104236146297788,Kellwasser,10,0.75,26.74,34.77175778243691,251110.pO2xPO4_5x5d.dat.02,74.22
0.7,0.8,0.5695204633720575,Kellwasser,10,0.75,26.74,73.07781925192103,251110.pO2xPO4_5x5d.dat.43,7.43
0.6,0.8,0.4333659930130684,Kellwasser,10,0.75,26.74,63.592691731173545,251110.pO2xPO4_5x5d.dat.33,15.32
0.5,0.8,0.3242293166192094,Kellwasser,10,0.75,26.74,56.93064667866565,251110.pO2xPO4_5x5d.dat.23,36.61
0.4,0.8,0.2013376752670427,Kellwasser,10,0.75,26.74,51.897717639803886,251110.pO2xPO4_5x5d.dat.13,60.18
0.3,0.8,0.0797939959716127,Kellwasser,10,0.75,26.74,47.79997834702954,251110.pO2xPO4_5x5d.dat.03,82.2
0.7,0.9,0.474080295130708,Kellwasser,10,0.75,26.74,95.53098061587662,251110.pO2xPO4_5x5d.dat.44,10.46
0.6,0.9,0.3424491762438687,Kellwasser,10,0.75,26.74,83.47053517354652,251110.pO2xPO4_5x5d.dat.34,27.52
0.5,0.9,0.2303304516017178,Kellwasser,10,0.75,26.74,74.33247083099559,251110.pO2xPO4_5x5d.dat.24,48.62
0.4,0.9,0.0966702770279761,Kellwasser,10,0.75,26.74,67.58411473128945,251110.pO2xPO4_5x5d.dat.14,69.08
0.3,0.9,0.0619890909958056,Kellwasser,10,0.75,26.74,62.307015468832105,251110.pO2xPO4_5x5d.dat.04,87.8
0.7,1.0,0.0615782488371604,Background,10,0.75,26.74,11.778495718317572,251110.pO2xPO4_5x5e.dat.40,19.82
0.6,1.0,0.0500043876289386,Background,10,0.75,26.74,10.799494702951051,251110.pO2xPO4_5x5e.dat.30,37.8
0.5,1.0,0.037123322784593,Background,10,0.75,26.74,9.96745984593872,251110.pO2xPO4_5x5e.dat.20,56.88
0.4,1.0,0.0258054998340244,Background,10,0.75,26.74,9.223325832863338,251110.pO2xPO4_5x5e.dat.10,73.85
0.3,1.0,0.0135806695537761,Background,10,0.75,26.74,8.584534043620806,251110.pO2xPO4_5x5e.dat.00,88.81
0.7,1.1,0.0478102937532317,Background,10,0.75,26.74,21.190218831179664,251110.pO2xPO4_5x5e.dat.41,29.08
0.6,1.1,0.0383940173247165,Background,10,0.75,26.74,19.446482838247903,251110.pO2xPO4_5x5e.dat.31,47.52
0.5,1.1,0.0306523231003185,Background,10,0.75,26.74,17.91263639461249,251110.pO2xPO4_5x5e.dat.21,63.58
0.4,1.1,0.021501306423336,Background,10,0.75,26.74,16.479076293762773,251110.pO2xPO4_5x5e.dat.11,77.71
0.3,1.1,0.0103335446945913,Background,10,0.75,26.74,15.323686966439707,251110.pO2xPO4_5x5e.dat.01,88.72
0.7,1.2,0.0401722275708835,Background,10,0.75,26.74,32.17899575247429,251110.pO2xPO4_5x5e.dat.42,37.89
0.6,1.2,0.032389332354165,Background,10,0.75,26.74,29.871416700189,251110.pO2xPO4_5x5e.dat.32,53.58
0.5,1.2,0.023336892197793,Background,10,0.75,26.74,27.83927811833564,251110.pO2xPO4_5x5e.dat.22,68.9
0.4,1.2,0.0151592819172134,Background,10,0.75,26.74,26.08085560495965,251110.pO2xPO4_5x5e.dat.12,82.48
0.3,1.2,0.0071081521770128,Background,10,0.75,26.74,24.419390683760867,251110.pO2xPO4_5x5e.dat.02,88.53
0.7,1.3,0.0317948970373208,Background,10,0.75,26.74,44.47714309208095,251110.pO2xPO4_5x5e.dat.43,45.78
0.6,1.3,0.0269005891815804,Background,10,0.75,26.74,41.50489985477179,251110.pO2xPO4_5x5e.dat.33,59.27
0.5,1.3,0.0187758704657258,Background,10,0.75,26.74,38.99799776263535,251110.pO2xPO4_5x5e.dat.23,72.94
0.4,1.3,0.0093700410646674,Background,10,0.75,26.74,36.71712329378352,251110.pO2xPO4_5x5e.dat.13,86.42
0.3,1.3,0.0033345001575185,Background,10,0.75,26.74,34.67073474894278,251110.pO2xPO4_5x5e.dat.03,87.98
0.7,1.4,0.0262031846503026,Background,10,0.75,26.74,58.01922088721767,251110.pO2xPO4_5x5e.dat.44,51.1
0.6,1.4,0.022107355400902,Background,10,0.75,26.74,54.36660649138503,251110.pO2xPO4_5x5e.dat.34,63.58
0.5,1.4,0.0144878925344975,Background,10,0.75,26.74,51.22879156260751,251110.pO2xPO4_5x5e.dat.24,75.87
0.4,1.4,0.0066166738375654,Background,10,0.75,26.74,48.41732879867777,251110.pO2xPO4_5x5e.dat.14,88.9
0.3,1.4,0.0016305704860605,Background,10,0.75,26.74,45.98112354869954,251110.pO2xPO4_5x5e.dat.04,87.61
0.7,1.0,0.3611234676567069,Kellwasser,10,0.75,26.74,11.778495718317572,251110.pO2xPO4_5x5e.dat.40,19.82
0.6,1.0,0.2663413038242412,Kellwasser,10,0.75,26.74,10.799494702951051,251110.pO2xPO4_5x5e.dat.30,37.8
0.5,1.0,0.1735614249234338,Kellwasser,10,0.75,26.74,9.96745984593872,251110.pO2xPO4_5x5e.dat.20,56.88
0.4,1.0,0.0733155491020709,Kellwasser,10,0.75,26.74,9.223325832863338,251110.pO2xPO4_5x5e.dat.10,73.85
0.3,1.0,0.0294670851253029,Kellwasser,10,0.75,26.74,8.584534043620806,251110.pO2xPO4_5x5e.dat.00,88.81
0.7,1.1,0.2768555239297715,Kellwasser,10,0.75,26.74,21.190218831179664,251110.pO2xPO4_5x5e.dat.41,29.08
0.6,1.1,0.1865260761878076,Kellwasser,10,0.75,26.74,19.446482838247903,251110.pO2xPO4_5x5e.dat.31,47.52
0.5,1.1,0.0893625699515297,Kellwasser,10,0.75,26.74,17.91263639461249,251110.pO2xPO4_5x5e.dat.21,63.58
0.4,1.1,0.0568193822283429,Kellwasser,10,0.75,26.74,16.479076293762773,251110.pO2xPO4_5x5e.dat.11,77.71
0.3,1.1,0.0188513806390529,Kellwasser,10,0.75,26.74,15.323686966439707,251110.pO2xPO4_5x5e.dat.01,88.72
0.7,1.2,0.2118724085703817,Kellwasser,10,0.75,26.74,32.17899575247429,251110.pO2xPO4_5x5e.dat.42,37.89
0.6,1.2,0.1437995712799202,Kellwasser,10,0.75,26.74,29.871416700189,251110.pO2xPO4_5x5e.dat.32,53.58
0.5,1.2,0.0626287185706322,Kellwasser,10,0.75,26.74,27.83927811833564,251110.pO2xPO4_5x5e.dat.22,68.9
0.4,1.2,0.0433060292497351,Kellwasser,10,0.75,26.74,26.08085560495965,251110.pO2xPO4_5x5e.dat.12,82.48
0.3,1.2,0.0141423202736023,Kellwasser,10,0.75,26.74,24.419390683760867,251110.pO2xPO4_5x5e.dat.02,88.53
0.7,1.3,0.1476830931441963,Kellwasser,10,0.75,26.74,44.47714309208095,251110.pO2xPO4_5x5e.dat.43,45.78
0.6,1.3,0.0732433913103067,Kellwasser,10,0.75,26.74,41.50489985477179,251110.pO2xPO4_5x5e.dat.33,59.27
0.5,1.3,0.0465145134679934,Kellwasser,10,0.75,26.74,38.99799776263535,251110.pO2xPO4_5x5e.dat.23,72.94
0.4,1.3,0.0202754218419763,Kellwasser,10,0.75,26.74,36.71712329378352,251110.pO2xPO4_5x5e.dat.13,86.42
0.3,1.3,0.0088178207878222,Kellwasser,10,0.75,26.74,34.67073474894278,251110.pO2xPO4_5x5e.dat.03,87.98
0.7,1.4,0.1116990376973168,Kellwasser,10,0.75,26.74,58.01922088721767,251110.pO2xPO4_5x5e.dat.44,51.1
0.6,1.4,0.0498528413235681,Kellwasser,10,0.75,26.74,54.36660649138503,251110.pO2xPO4_5x5e.dat.34,63.58
0.5,1.4,0.0374595457903182,Kellwasser,10,0.75,26.74,51.22879156260751,251110.pO2xPO4_5x5e.dat.24,75.87
0.4,1.4,0.0151955466322285,Kellwasser,10,0.75,26.74,48.41732879867777,251110.pO2xPO4_5x5e.dat.14,88.9
0.3,1.4,0.0065025060903283,Kellwasser,10,0.75,26.74,45.98112354869954,251110.pO2xPO4_5x5e.dat.04,87.61
0.7,1.5,0.0227071491334035,Background,10,0.75,26.74,8.004233677638695,251110.pO2xPO4_5x5f.dat.40,55.96
0.6,1.5,0.0147726970491754,Background,10,0.75,26.74,7.537532383139478,251110.pO2xPO4_5x5f.dat.30,67.52
0.5,1.5,0.0091186006292391,Background,10,0.75,26.74,7.135440228012158,251110.pO2xPO4_5x5f.dat.20,77.52
0.4,1.5,0.0040727694304071,Background,10,0.75,26.74,6.778284387110034,251110.pO2xPO4_5x5f.dat.10,88.9
0.3,1.5,0.0007423375888753,Background,10,0.75,26.74,6.451653462136164,251110.pO2xPO4_5x5f.dat.00,87.71
0.7,1.6,0.0168990480053898,Background,10,0.75,26.74,14.377324987435712,251110.pO2xPO4_5x5f.dat.41,59.63
0.6,1.6,0.0107710160963306,Background,10,0.75,26.74,13.563005268224517,251110.pO2xPO4_5x5f.dat.31,70.55
0.5,1.6,0.0045333789539502,Background,10,0.75,26.74,12.810593943868298,251110.pO2xPO4_5x5f.dat.21,81.74
0.4,1.6,0.0016474460395513,Background,10,0.75,26.74,12.125705325161109,251110.pO2xPO4_5x5f.dat.11,88.9
0.3,1.6,0.00047461715393,Background,10,0.75,26.74,11.470303434180096,251110.pO2xPO4_5x5f.dat.01,87.71
0.7,1.7,0.0109022415904924,Background,10,0.75,26.74,22.92413410032168,251110.pO2xPO4_5x5f.dat.42,62.75
0.6,1.7,0.0058396571679706,Background,10,0.75,26.74,21.55100810341537,251110.pO2xPO4_5x5f.dat.32,73.03
0.5,1.7,0.0022447440704077,Background,10,0.75,26.74,20.34387580351904,251110.pO2xPO4_5x5f.dat.22,82.11
0.4,1.7,0.0005909866857782,Background,10,0.75,26.74,19.25319156725891,251110.pO2xPO4_5x5f.dat.12,88.72
0.3,1.7,0.0003044604760983,Background,10,0.75,26.74,18.287286366103217,251110.pO2xPO4_5x5f.dat.02,87.98
0.7,1.8,0.0072701098148174,Background,10,0.75,26.74,32.88868902018294,251110.pO2xPO4_5x5f.dat.43,65.87
0.6,1.8,0.0028156641079339,Background,10,0.75,26.74,31.249259336618707,251110.pO2xPO4_5x5f.dat.33,74.77
0.5,1.8,0.0008512430131091,Background,10,0.75,26.74,29.665350666618902,251110.pO2xPO4_5x5f.dat.23,86.79
0.4,1.8,0.000361563026516,Background,10,0.75,26.74,28.19104520312976,251110.pO2xPO4_5x5f.dat.13,88.72
0.3,1.8,0.0001642877364871,Background,10,0.75,26.74,26.836803954211064,251110.pO2xPO4_5x5f.dat.03,87.89
0.7,1.9,0.0039602548824701,Background,10,0.75,26.74,43.72419789433479,251110.pO2xPO4_5x5f.dat.44,68.44
0.6,1.9,0.0010339739079712,Background,10,0.75,26.74,41.67605584370904,251110.pO2xPO4_5x5f.dat.34,76.61
0.5,1.9,0.0004860960572773,Background,10,0.75,26.74,39.851605833973736,251110.pO2xPO4_5x5f.dat.24,88.62
0.4,1.9,0.0002265316722531,Background,10,0.75,26.74,38.22320650215261,251110.pO2xPO4_5x5f.dat.14,88.26
0.3,1.9,0.0001015537491829,Background,10,0.75,26.74,36.67203782242723,251110.pO2xPO4_5x5f.dat.04,87.89
0.7,1.5,0.0550983279441587,Kellwasser,10,0.75,26.74,8.004233677638695,251110.pO2xPO4_5x5f.dat.40,55.96
0.6,1.5,0.0386298773838142,Kellwasser,10,0.75,26.74,7.537532383139478,251110.pO2xPO4_5x5f.dat.30,67.52
0.5,1.5,0.0295876922373488,Kellwasser,10,0.75,26.74,7.135440228012158,251110.pO2xPO4_5x5f.dat.20,77.52
0.4,1.5,0.0100737217431942,Kellwasser,10,0.75,26.74,6.778284387110034,251110.pO2xPO4_5x5f.dat.10,88.9
0.3,1.5,0.0047453112767603,Kellwasser,10,0.75,26.74,6.451653462136164,251110.pO2xPO4_5x5f.dat.00,87.71
0.7,1.6,0.0404899414068598,Kellwasser,10,0.75,26.74,14.377324987435712,251110.pO2xPO4_5x5f.dat.41,59.63
0.6,1.6,0.0309260603256589,Kellwasser,10,0.75,26.74,13.563005268224517,251110.pO2xPO4_5x5f.dat.31,70.55
0.5,1.6,0.013264758131875,Kellwasser,10,0.75,26.74,12.810593943868298,251110.pO2xPO4_5x5f.dat.21,81.74
0.4,1.6,0.0069981696167906,Kellwasser,10,0.75,26.74,12.125705325161109,251110.pO2xPO4_5x5f.dat.11,88.9
0.3,1.6,0.0032525615596443,Kellwasser,10,0.75,26.74,11.470303434180096,251110.pO2xPO4_5x5f.dat.01,87.71
0.7,1.7,0.0314579859595914,Kellwasser,10,0.75,26.74,22.92413410032168,251110.pO2xPO4_5x5f.dat.42,62.75
0.6,1.7,0.023860852669297,Kellwasser,10,0.75,26.74,21.55100810341537,251110.pO2xPO4_5x5f.dat.32,73.03
0.5,1.7,0.0093183856748992,Kellwasser,10,0.75,26.74,20.34387580351904,251110.pO2xPO4_5x5f.dat.22,82.11
0.4,1.7,0.0040879085942985,Kellwasser,10,0.75,26.74,19.25319156725891,251110.pO2xPO4_5x5f.dat.12,88.72
0.3,1.7,0.0020519282021047,Kellwasser,10,0.75,26.74,18.287286366103217,251110.pO2xPO4_5x5f.dat.02,87.98
0.7,1.8,0.024817246131289,Kellwasser,10,0.75,26.74,32.88868902018294,251110.pO2xPO4_5x5f.dat.43,65.87
0.6,1.8,0.0165163950009746,Kellwasser,10,0.75,26.74,31.249259336618707,251110.pO2xPO4_5x5f.dat.33,74.77
0.5,1.8,0.0054818414144057,Kellwasser,10,0.75,26.74,29.665350666618902,251110.pO2xPO4_5x5f.dat.23,86.79
0.4,1.8,0.0024530551179249,Kellwasser,10,0.75,26.74,28.19104520312976,251110.pO2xPO4_5x5f.dat.13,88.72
0.3,1.8,0.0010676065649165,Kellwasser,10,0.75,26.74,26.836803954211064,251110.pO2xPO4_5x5f.dat.03,87.89
0.7,1.9,0.0189571361425661,Kellwasser,10,0.75,26.74,43.72419789433479,251110.pO2xPO4_5x5f.dat.44,68.44
0.6,1.9,0.0071379492529749,Kellwasser,10,0.75,26.74,41.67605584370904,251110.pO2xPO4_5x5f.dat.34,76.61
0.5,1.9,0.0033179372495047,Kellwasser,10,0.75,26.74,39.851605833973736,251110.pO2xPO4_5x5f.dat.24,88.62
0.4,1.9,0.001499224440833,Kellwasser,10,0.75,26.74,38.22320650215261,251110.pO2xPO4_5x5f.dat.14,88.26
0.3,1.9,0.000630027697152,Kellwasser,10,0.75,26.74,36.67203782242723,251110.pO2xPO4_5x5f.dat.04,87.89
1.2,0.5,0.0197450737239552,Background,1.0,0.75,18.18,155.0292072352022,Devon370Ma_075xRemin_1xpCO2.pO2xPO4_5x5a.dat.40,0.0
1.1,0.5,0.0195409570406195,Background,1.0,0.75,18.18,142.17491843737662,Devon370Ma_075xRemin_1xpCO2.pO2xPO4_5x5a.dat.30,0.0
1.0,0.5,0.0139291187908762,Background,1.0,0.75,18.18,129.86928049940616,Devon370Ma_075xRemin_1xpCO2.pO2xPO4_5x5a.dat.20,0.0
0.9,0.5,0.0150429271501469,Background,1.0,0.75,18.18,118.37018246296792,Devon370Ma_075xRemin_1xpCO2.pO2xPO4_5x5a.dat.10,0.0
0.8,0.5,0.0394112679441586,Background,1.0,0.75,18.18,108.4882824216038,Devon370Ma_075xRemin_1xpCO2.pO2xPO4_5x5a.dat.00,0.0
1.2,0.6,0.0122104044562184,Background,1.0,0.75,18.18,182.62199591845277,Devon370Ma_075xRemin_1xpCO2.pO2xPO4_5x5a.dat.41,0.0
1.1,0.6,0.0133701697878396,Background,1.0,0.75,18.18,169.6184917818755,Devon370Ma_075xRemin_1xpCO2.pO2xPO4_5x5a.dat.31,0.0
1.0,0.6,0.0375165871866572,Background,1.0,0.75,18.18,156.9727755850181,Devon370Ma_075xRemin_1xpCO2.pO2xPO4_5x5a.dat.21,0.0
0.9,0.6,0.0686239682170284,Background,1.0,0.75,18.18,144.86514555756003,Devon370Ma_075xRemin_1xpCO2.pO2xPO4_5x5a.dat.11,0.0
0.8,0.6,0.1239393525205995,Background,1.0,0.75,18.18,133.50456720218062,Devon370Ma_075xRemin_1xpCO2.pO2xPO4_5x5a.dat.01,0.55
1.2,0.7,0.0460019577888966,Background,1.0,0.75,18.18,210.26079775765535,Devon370Ma_075xRemin_1xpCO2.pO2xPO4_5x5a.dat.42,0.0
1.1,0.7,0.0574623015920721,Background,1.0,0.75,18.18,197.16979295481,Devon370Ma_075xRemin_1xpCO2.pO2xPO4_5x5a.dat.32,0.0
1.0,0.7,0.1018012339951562,Background,1.0,0.75,18.18,184.36410755384716,Devon370Ma_075xRemin_1xpCO2.pO2xPO4_5x5a.dat.22,0.28
0.9,0.7,0.151213786960797,Background,1.0,0.75,18.18,171.92447558045387,Devon370Ma_075xRemin_1xpCO2.pO2xPO4_5x5a.dat.12,0.64
0.8,0.7,0.2423759175072741,Background,1.0,0.75,18.18,159.99758034013212,Devon370Ma_075xRemin_1xpCO2.pO2xPO4_5x5a.dat.02,1.01
1.2,0.8,0.0746499859558625,Background,1.0,0.75,18.18,237.9377838224173,Devon370Ma_075xRemin_1xpCO2.pO2xPO4_5x5a.dat.43,0.0
1.1,0.8,0.1348900666768565,Background,1.0,0.75,18.18,224.7804368380457,Devon370Ma_075xRemin_1xpCO2.pO2xPO4_5x5a.dat.33,0.46
1.0,0.8,0.1810806077131597,Background,1.0,0.75,18.18,211.88167738728225,Devon370Ma_075xRemin_1xpCO2.pO2xPO4_5x5a.dat.23,0.73
0.9,0.8,0.2838368854609409,Background,1.0,0.75,18.18,199.26803361158815,Devon370Ma_075xRemin_1xpCO2.pO2xPO4_5x5a.dat.13,1.01
0.8,0.8,0.4791918250059928,Background,1.0,0.75,18.18,187.0277774287388,Devon370Ma_075xRemin_1xpCO2.pO2xPO4_5x5a.dat.03,1.93
1.2,0.9,0.1646813851375338,Background,1.0,0.75,18.18,265.62446146272123,Devon370Ma_075xRemin_1xpCO2.pO2xPO4_5x5a.dat.44,0.55
1.1,0.9,0.2243204640063329,Background,1.0,0.75,18.18,252.42837728001177,Devon370Ma_075xRemin_1xpCO2.pO2xPO4_5x5a.dat.34,0.83
1.0,0.9,0.3171340665545173,Background,1.0,0.75,18.18,239.46643341332677,Devon370Ma_075xRemin_1xpCO2.pO2xPO4_5x5a.dat.24,1.1
0.9,0.9,0.4989236824580267,Background,1.0,0.75,18.18,226.756717893295,Devon370Ma_075xRemin_1xpCO2.pO2xPO4_5x5a.dat.14,1.93
0.8,0.9,0.1540785926831766,Background,1.0,0.75,18.18,214.3272722605616,Devon370Ma_075xRemin_1xpCO2.pO2xPO4_5x5a.dat.04,4.4
1.2,0.5,0.0111765998382508,Kellwasser,1.0,0.75,18.18,155.0292072352022,Devon370Ma_075xRemin_1xpCO2.pO2xPO4_5x5a.dat.40,0.0
1.1,0.5,0.0111681396369894,Kellwasser,1.0,0.75,18.18,142.17491843737662,Devon370Ma_075xRemin_1xpCO2.pO2xPO4_5x5a.dat.30,0.0
1.0,0.5,0.011144013017592,Kellwasser,1.0,0.75,18.18,129.86928049940616,Devon370Ma_075xRemin_1xpCO2.pO2xPO4_5x5a.dat.20,0.0
0.9,0.5,0.010024857738603,Kellwasser,1.0,0.75,18.18,118.37018246296792,Devon370Ma_075xRemin_1xpCO2.pO2xPO4_5x5a.dat.10,0.0
0.8,0.5,0.0101068684358834,Kellwasser,1.0,0.75,18.18,108.4882824216038,Devon370Ma_075xRemin_1xpCO2.pO2xPO4_5x5a.dat.00,0.0
1.2,0.6,0.0111003362967517,Kellwasser,1.0,0.75,18.18,182.62199591845277,Devon370Ma_075xRemin_1xpCO2.pO2xPO4_5x5a.dat.41,0.0
1.1,0.6,0.0100387663893781,Kellwasser,1.0,0.75,18.18,169.6184917818755,Devon370Ma_075xRemin_1xpCO2.pO2xPO4_5x5a.dat.31,0.0
1.0,0.6,0.0099804020057581,Kellwasser,1.0,0.75,18.18,156.9727755850181,Devon370Ma_075xRemin_1xpCO2.pO2xPO4_5x5a.dat.21,0.0
0.9,0.6,0.0100334787396175,Kellwasser,1.0,0.75,18.18,144.86514555756003,Devon370Ma_075xRemin_1xpCO2.pO2xPO4_5x5a.dat.11,0.0
0.8,0.6,0.0089952470578954,Kellwasser,1.0,0.75,18.18,133.50456720218062,Devon370Ma_075xRemin_1xpCO2.pO2xPO4_5x5a.dat.01,0.55
1.2,0.7,0.0094047621948736,Kellwasser,1.0,0.75,18.18,210.26079775765535,Devon370Ma_075xRemin_1xpCO2.pO2xPO4_5x5a.dat.42,0.0
1.1,0.7,0.0098540170672544,Kellwasser,1.0,0.75,18.18,197.16979295481,Devon370Ma_075xRemin_1xpCO2.pO2xPO4_5x5a.dat.32,0.0
1.0,0.7,0.0091809971393368,Kellwasser,1.0,0.75,18.18,184.36410755384716,Devon370Ma_075xRemin_1xpCO2.pO2xPO4_5x5a.dat.22,0.28
0.9,0.7,0.0077449136254529,Kellwasser,1.0,0.75,18.18,171.92447558045387,Devon370Ma_075xRemin_1xpCO2.pO2xPO4_5x5a.dat.12,0.64
0.8,0.7,0.0039322461728703,Kellwasser,1.0,0.75,18.18,159.99758034013212,Devon370Ma_075xRemin_1xpCO2.pO2xPO4_5x5a.dat.02,1.01
1.2,0.8,0.0095887853073427,Kellwasser,1.0,0.75,18.18,237.9377838224173,Devon370Ma_075xRemin_1xpCO2.pO2xPO4_5x5a.dat.43,0.0
1.1,0.8,0.0092538887908023,Kellwasser,1.0,0.75,18.18,224.7804368380457,Devon370Ma_075xRemin_1xpCO2.pO2xPO4_5x5a.dat.33,0.46
1.0,0.8,0.0067349387957487,Kellwasser,1.0,0.75,18.18,211.88167738728225,Devon370Ma_075xRemin_1xpCO2.pO2xPO4_5x5a.dat.23,0.73
0.9,0.8,0.0005737517364239,Kellwasser,1.0,0.75,18.18,199.26803361158815,Devon370Ma_075xRemin_1xpCO2.pO2xPO4_5x5a.dat.13,1.01
0.8,0.8,0.0103374869264294,Kellwasser,1.0,0.75,18.18,187.0277774287388,Devon370Ma_075xRemin_1xpCO2.pO2xPO4_5x5a.dat.03,1.93
1.2,0.9,0.0076715332530494,Kellwasser,1.0,0.75,18.18,265.62446146272123,Devon370Ma_075xRemin_1xpCO2.pO2xPO4_5x5a.dat.44,0.55
1.1,0.9,0.0043275749784692,Kellwasser,1.0,0.75,18.18,252.42837728001177,Devon370Ma_075xRemin_1xpCO2.pO2xPO4_5x5a.dat.34,0.83
1.0,0.9,0.0047043153138106,Kellwasser,1.0,0.75,18.18,239.46643341332677,Devon370Ma_075xRemin_1xpCO2.pO2xPO4_5x5a.dat.24,1.1
0.9,0.9,0.0063995086629772,Kellwasser,1.0,0.75,18.18,226.756717893295,Devon370Ma_075xRemin_1xpCO2.pO2xPO4_5x5a.dat.14,1.93
0.8,0.9,0.1666654064910829,Kellwasser,1.0,0.75,18.18,214.3272722605616,Devon370Ma_075xRemin_1xpCO2.pO2xPO4_5x5a.dat.04,4.4
1.2,1.0,0.2649397356674401,Background,1.0,0.75,18.18,100.8100516628474,Devon370Ma_075xRemin_1xpCO2.pO2xPO4_5x5b.dat.40,0.83
1.1,1.0,0.3481548484955126,Background,1.0,0.75,18.18,94.65254697715864,Devon370Ma_075xRemin_1xpCO2.pO2xPO4_5x5b.dat.30,1.1
1.0,1.0,0.1690220200393284,Background,1.0,0.75,18.18,94.65254697715864,Devon370Ma_075xRemin_1xpCO2.pO2xPO4_5x5b.dat.20,3.49
0.9,1.0,0.1833521738392081,Background,1.0,0.75,18.18,85.2370067150332,Devon370Ma_075xRemin_1xpCO2.pO2xPO4_5x5b.dat.10,3.85
0.8,1.0,0.0238219895685917,Background,1.0,0.75,18.18,81.30603237077594,Devon370Ma_075xRemin_1xpCO2.pO2xPO4_5x5b.dat.00,7.06
1.2,1.1,0.3634208966523801,Background,1.0,0.75,18.18,123.5541858477518,Devon370Ma_075xRemin_1xpCO2.pO2xPO4_5x5b.dat.41,1.1
1.1,1.1,0.5632138358509222,Background,1.0,0.75,18.18,115.64239684958012,Devon370Ma_075xRemin_1xpCO2.pO2xPO4_5x5b.dat.31,1.83
1.0,1.1,0.1690220200393284,Background,1.0,0.75,18.18,109.21424109255896,Devon370Ma_075xRemin_1xpCO2.pO2xPO4_5x5b.dat.21,3.49
0.9,1.1,0.0029676940948636,Background,1.0,0.75,18.18,103.77116268500686,Devon370Ma_075xRemin_1xpCO2.pO2xPO4_5x5b.dat.11,6.61
0.8,1.1,0.0275073158506259,Background,1.0,0.75,18.18,103.77116268500686,Devon370Ma_075xRemin_1xpCO2.pO2xPO4_5x5b.dat.01,12.57
1.2,1.2,0.5661724333038101,Background,1.0,0.75,18.18,138.77649325877428,Devon370Ma_075xRemin_1xpCO2.pO2xPO4_5x5b.dat.42,1.74
1.1,1.2,0.2248986015778299,Background,1.0,0.75,18.18,138.77649325877428,Devon370Ma_075xRemin_1xpCO2.pO2xPO4_5x5b.dat.32,3.12
1.0,1.2,0.0041433733816717,Background,1.0,0.75,18.18,130.66989777144045,Devon370Ma_075xRemin_1xpCO2.pO2xPO4_5x5b.dat.22,5.78
0.9,1.2,0.0235586424577016,Background,1.0,0.75,18.18,123.97450336720794,Devon370Ma_075xRemin_1xpCO2.pO2xPO4_5x5b.dat.12,9.27
0.8,1.2,0.0275073158506259,Background,1.0,0.75,18.18,118.30689618363976,Devon370Ma_075xRemin_1xpCO2.pO2xPO4_5x5b.dat.02,12.57
1.2,1.3,0.259359949534845,Background,1.0,0.75,18.18,175.26927695143968,Devon370Ma_075xRemin_1xpCO2.pO2xPO4_5x5b.dat.43,3.03
1.1,1.3,0.0135904753352731,Background,1.0,0.75,18.18,164.16583093814552,Devon370Ma_075xRemin_1xpCO2.pO2xPO4_5x5b.dat.33,5.23
1.0,1.3,0.0147301483913034,Background,1.0,0.75,18.18,154.14791414514184,Devon370Ma_075xRemin_1xpCO2.pO2xPO4_5x5b.dat.23,7.52
0.9,1.3,0.0478650909366441,Background,1.0,0.75,18.18,145.86631732527167,Devon370Ma_075xRemin_1xpCO2.pO2xPO4_5x5b.dat.13,14.68
0.8,1.3,0.0528341946034572,Background,1.0,0.75,18.18,138.94742005504668,Devon370Ma_075xRemin_1xpCO2.pO2xPO4_5x5b.dat.03,26.61
1.2,1.4,0.0866330088945806,Background,1.0,0.75,18.18,202.27757340762764,Devon370Ma_075xRemin_1xpCO2.pO2xPO4_5x5b.dat.44,4.5
1.1,1.4,0.0124931579637892,Background,1.0,0.75,18.18,190.68086112383756,Devon370Ma_075xRemin_1xpCO2.pO2xPO4_5x5b.dat.34,6.79
1.0,1.4,0.0205206091429139,Background,1.0,0.75,18.18,179.70216867979616,Devon370Ma_075xRemin_1xpCO2.pO2xPO4_5x5b.dat.24,11.1
0.9,1.4,0.0478650909366441,Background,1.0,0.75,18.18,169.6706603979692,Devon370Ma_075xRemin_1xpCO2.pO2xPO4_5x5b.dat.14,14.68
0.8,1.4,0.0396498638109078,Background,1.0,0.75,18.18,161.2567575648427,Devon370Ma_075xRemin_1xpCO2.pO2xPO4_5x5b.dat.04,31.74
1.2,1.0,0.0018232505173398,Kellwasser,1.0,0.75,18.18,100.8100516628474,Devon370Ma_075xRemin_1xpCO2.pO2xPO4_5x5b.dat.40,0.83
1.1,1.0,0.008598330579418,Kellwasser,1.0,0.75,18.18,94.65254697715864,Devon370Ma_075xRemin_1xpCO2.pO2xPO4_5x5b.dat.30,1.1
1.0,1.0,0.1586754800870531,Kellwasser,1.0,0.75,18.18,94.65254697715864,Devon370Ma_075xRemin_1xpCO2.pO2xPO4_5x5b.dat.20,3.49
0.9,1.0,0.159228839924814,Kellwasser,1.0,0.75,18.18,85.2370067150332,Devon370Ma_075xRemin_1xpCO2.pO2xPO4_5x5b.dat.10,3.85
0.8,1.0,0.5253683576623814,Kellwasser,1.0,0.75,18.18,81.30603237077594,Devon370Ma_075xRemin_1xpCO2.pO2xPO4_5x5b.dat.00,7.06
1.2,1.1,0.0115929484146298,Kellwasser,1.0,0.75,18.18,123.5541858477518,Devon370Ma_075xRemin_1xpCO2.pO2xPO4_5x5b.dat.41,1.1
1.1,1.1,0.0093478963043537,Kellwasser,1.0,0.75,18.18,115.64239684958012,Devon370Ma_075xRemin_1xpCO2.pO2xPO4_5x5b.dat.31,1.83
1.0,1.1,0.1586754800870531,Kellwasser,1.0,0.75,18.18,109.21424109255896,Devon370Ma_075xRemin_1xpCO2.pO2xPO4_5x5b.dat.21,3.49
0.9,1.1,0.4779656425783407,Kellwasser,1.0,0.75,18.18,103.77116268500686,Devon370Ma_075xRemin_1xpCO2.pO2xPO4_5x5b.dat.11,6.61
0.8,1.1,0.6842375975406305,Kellwasser,1.0,0.75,18.18,103.77116268500686,Devon370Ma_075xRemin_1xpCO2.pO2xPO4_5x5b.dat.01,12.57
1.2,1.2,0.0129843949288916,Kellwasser,1.0,0.75,18.18,138.77649325877428,Devon370Ma_075xRemin_1xpCO2.pO2xPO4_5x5b.dat.42,1.74
1.1,1.2,0.1191300773085392,Kellwasser,1.0,0.75,18.18,138.77649325877428,Devon370Ma_075xRemin_1xpCO2.pO2xPO4_5x5b.dat.32,3.12
1.0,1.2,0.4711855431896609,Kellwasser,1.0,0.75,18.18,130.66989777144045,Devon370Ma_075xRemin_1xpCO2.pO2xPO4_5x5b.dat.22,5.78
0.9,1.2,0.7073110620141982,Kellwasser,1.0,0.75,18.18,123.97450336720794,Devon370Ma_075xRemin_1xpCO2.pO2xPO4_5x5b.dat.12,9.27
0.8,1.2,0.6842375975406305,Kellwasser,1.0,0.75,18.18,118.30689618363976,Devon370Ma_075xRemin_1xpCO2.pO2xPO4_5x5b.dat.02,12.57
1.2,1.3,0.1003498732723086,Kellwasser,1.0,0.75,18.18,175.26927695143968,Devon370Ma_075xRemin_1xpCO2.pO2xPO4_5x5b.dat.43,3.03
1.1,1.3,0.4698999172324973,Kellwasser,1.0,0.75,18.18,164.16583093814552,Devon370Ma_075xRemin_1xpCO2.pO2xPO4_5x5b.dat.33,5.23
1.0,1.3,0.6790214675752984,Kellwasser,1.0,0.75,18.18,154.14791414514184,Devon370Ma_075xRemin_1xpCO2.pO2xPO4_5x5b.dat.23,7.52
0.9,1.3,0.6609435697181788,Kellwasser,1.0,0.75,18.18,145.86631732527167,Devon370Ma_075xRemin_1xpCO2.pO2xPO4_5x5b.dat.13,14.68
0.8,1.3,0.4274285423457223,Kellwasser,1.0,0.75,18.18,138.94742005504668,Devon370Ma_075xRemin_1xpCO2.pO2xPO4_5x5b.dat.03,26.61
1.2,1.4,0.2916241401703148,Kellwasser,1.0,0.75,18.18,202.27757340762764,Devon370Ma_075xRemin_1xpCO2.pO2xPO4_5x5b.dat.44,4.5
1.1,1.4,0.6945062378347461,Kellwasser,1.0,0.75,18.18,190.68086112383756,Devon370Ma_075xRemin_1xpCO2.pO2xPO4_5x5b.dat.34,6.79
1.0,1.4,0.6422391026562959,Kellwasser,1.0,0.75,18.18,179.70216867979616,Devon370Ma_075xRemin_1xpCO2.pO2xPO4_5x5b.dat.24,11.1
0.9,1.4,0.6609435697181788,Kellwasser,1.0,0.75,18.18,169.6706603979692,Devon370Ma_075xRemin_1xpCO2.pO2xPO4_5x5b.dat.14,14.68
0.8,1.4,0.2905771916867632,Kellwasser,1.0,0.75,18.18,161.2567575648427,Devon370Ma_075xRemin_1xpCO2.pO2xPO4_5x5b.dat.04,31.74
1.2,1.5,0.0111732259695238,Background,1.0,0.75,18.18,78.00653838785365,Devon370Ma_075xRemin_1xpCO2.pO2xPO4_5x5c.dat.40,6.61
1.1,1.5,0.011296872039826,Background,1.0,0.75,18.18,74.99227649532259,Devon370Ma_075xRemin_1xpCO2.pO2xPO4_5x5c.dat.30,7.98
1.0,1.5,0.0356463339159584,Background,1.0,0.75,18.18,72.09141040220857,Devon370Ma_075xRemin_1xpCO2.pO2xPO4_5x5c.dat.20,15.96
0.9,1.5,0.0411767699273816,Background,1.0,0.75,18.18,69.52516559977084,Devon370Ma_075xRemin_1xpCO2.pO2xPO4_5x5c.dat.10,26.79
0.8,1.5,0.0332194004979191,Background,1.0,0.75,18.18,67.27856816723943,Devon370Ma_075xRemin_1xpCO2.pO2xPO4_5x5c.dat.00,36.61
1.2,1.6,0.0078225839630717,Background,1.0,0.75,18.18,95.13406257610768,Devon370Ma_075xRemin_1xpCO2.pO2xPO4_5x5c.dat.41,7.34
1.1,1.6,0.0294467291073017,Background,1.0,0.75,18.18,91.4140182430856,Devon370Ma_075xRemin_1xpCO2.pO2xPO4_5x5c.dat.31,12.2
1.0,1.6,0.0369443854216632,Background,1.0,0.75,18.18,88.24052201816812,Devon370Ma_075xRemin_1xpCO2.pO2xPO4_5x5c.dat.21,22.11
0.9,1.6,0.0308341769331157,Background,1.0,0.75,18.18,85.32447827747092,Devon370Ma_075xRemin_1xpCO2.pO2xPO4_5x5c.dat.11,31.1
0.8,1.6,0.0262907839033243,Background,1.0,0.75,18.18,82.54422573372722,Devon370Ma_075xRemin_1xpCO2.pO2xPO4_5x5c.dat.01,42.57
1.2,1.7,0.0104299900998939,Background,1.0,0.75,18.18,113.4434060077183,Devon370Ma_075xRemin_1xpCO2.pO2xPO4_5x5c.dat.42,9.91
1.1,1.7,0.0294467291073017,Background,1.0,0.75,18.18,109.24058733507992,Devon370Ma_075xRemin_1xpCO2.pO2xPO4_5x5c.dat.32,12.2
1.0,1.7,0.029360245993606,Background,1.0,0.75,18.18,105.34071043366566,Devon370Ma_075xRemin_1xpCO2.pO2xPO4_5x5c.dat.22,26.7
0.9,1.7,0.0261143782654291,Background,1.0,0.75,18.18,101.78849333897232,Devon370Ma_075xRemin_1xpCO2.pO2xPO4_5x5c.dat.12,35.5
0.8,1.7,0.0218508921687882,Background,1.0,0.75,18.18,98.72265945887192,Devon370Ma_075xRemin_1xpCO2.pO2xPO4_5x5c.dat.02,46.7
1.2,1.8,0.0210015001615947,Background,1.0,0.75,18.18,133.08835332281888,Devon370Ma_075xRemin_1xpCO2.pO2xPO4_5x5c.dat.43,12.75
1.1,1.8,0.0273111908206092,Background,1.0,0.75,18.18,127.93731002602726,Devon370Ma_075xRemin_1xpCO2.pO2xPO4_5x5c.dat.33,21.83
1.0,1.8,0.0230900655299132,Background,1.0,0.75,18.18,127.93731002602726,Devon370Ma_075xRemin_1xpCO2.pO2xPO4_5x5c.dat.23,30.37
0.9,1.8,0.0197548907709142,Background,1.0,0.75,18.18,119.57013339269906,Devon370Ma_075xRemin_1xpCO2.pO2xPO4_5x5c.dat.13,39.54
0.8,1.8,0.0160733811593498,Background,1.0,0.75,18.18,115.85620086407287,Devon370Ma_075xRemin_1xpCO2.pO2xPO4_5x5c.dat.03,50.09
1.2,1.9,0.0231148439072514,Background,1.0,0.75,18.18,154.17223039548844,Devon370Ma_075xRemin_1xpCO2.pO2xPO4_5x5c.dat.44,16.97
1.1,1.9,0.0220086515563655,Background,1.0,0.75,18.18,148.08571722824126,Devon370Ma_075xRemin_1xpCO2.pO2xPO4_5x5c.dat.34,25.78
1.0,1.9,0.0195986831540043,Background,1.0,0.75,18.18,142.76726869866252,Devon370Ma_075xRemin_1xpCO2.pO2xPO4_5x5c.dat.24,33.67
0.9,1.9,0.0164566604767849,Background,1.0,0.75,18.18,138.06007336825132,Devon370Ma_075xRemin_1xpCO2.pO2xPO4_5x5c.dat.14,43.94
0.8,1.9,0.0121890158171679,Background,1.0,0.75,18.18,133.94169218372554,Devon370Ma_075xRemin_1xpCO2.pO2xPO4_5x5c.dat.04,52.57
1.2,1.5,0.6277481925072765,Kellwasser,1.0,0.75,18.18,78.00653838785365,Devon370Ma_075xRemin_1xpCO2.pO2xPO4_5x5c.dat.40,6.61
1.1,1.5,0.6469468663079573,Kellwasser,1.0,0.75,18.18,74.99227649532259,Devon370Ma_075xRemin_1xpCO2.pO2xPO4_5x5c.dat.30,7.98
1.0,1.5,0.5247696877012614,Kellwasser,1.0,0.75,18.18,72.09141040220857,Devon370Ma_075xRemin_1xpCO2.pO2xPO4_5x5c.dat.20,15.96
0.9,1.5,0.3040699059961509,Kellwasser,1.0,0.75,18.18,69.52516559977084,Devon370Ma_075xRemin_1xpCO2.pO2xPO4_5x5c.dat.10,26.79
0.8,1.5,0.2135190577942204,Kellwasser,1.0,0.75,18.18,67.27856816723943,Devon370Ma_075xRemin_1xpCO2.pO2xPO4_5x5c.dat.00,36.61
1.2,1.6,0.6345817951586473,Kellwasser,1.0,0.75,18.18,95.13406257610768,Devon370Ma_075xRemin_1xpCO2.pO2xPO4_5x5c.dat.41,7.34
1.1,1.6,0.5212734849526826,Kellwasser,1.0,0.75,18.18,91.4140182430856,Devon370Ma_075xRemin_1xpCO2.pO2xPO4_5x5c.dat.31,12.2
1.0,1.6,0.3309167072829724,Kellwasser,1.0,0.75,18.18,88.24052201816812,Devon370Ma_075xRemin_1xpCO2.pO2xPO4_5x5c.dat.21,22.11
0.9,1.6,0.2190988864756166,Kellwasser,1.0,0.75,18.18,85.32447827747092,Devon370Ma_075xRemin_1xpCO2.pO2xPO4_5x5c.dat.11,31.1
0.8,1.6,0.158800884824431,Kellwasser,1.0,0.75,18.18,82.54422573372722,Devon370Ma_075xRemin_1xpCO2.pO2xPO4_5x5c.dat.01,42.57
1.2,1.7,0.4723679691060569,Kellwasser,1.0,0.75,18.18,113.4434060077183,Devon370Ma_075xRemin_1xpCO2.pO2xPO4_5x5c.dat.42,9.91
1.1,1.7,0.5212734849526826,Kellwasser,1.0,0.75,18.18,109.24058733507992,Devon370Ma_075xRemin_1xpCO2.pO2xPO4_5x5c.dat.32,12.2
1.0,1.7,0.2164541509904896,Kellwasser,1.0,0.75,18.18,105.34071043366566,Devon370Ma_075xRemin_1xpCO2.pO2xPO4_5x5c.dat.22,26.7
0.9,1.7,0.1575774878848863,Kellwasser,1.0,0.75,18.18,101.78849333897232,Devon370Ma_075xRemin_1xpCO2.pO2xPO4_5x5c.dat.12,35.5
0.8,1.7,0.1043726193455804,Kellwasser,1.0,0.75,18.18,98.72265945887192,Devon370Ma_075xRemin_1xpCO2.pO2xPO4_5x5c.dat.02,46.7
1.2,1.8,0.3750394336698118,Kellwasser,1.0,0.75,18.18,133.08835332281888,Devon370Ma_075xRemin_1xpCO2.pO2xPO4_5x5c.dat.43,12.75
1.1,1.8,0.2285140579734974,Kellwasser,1.0,0.75,18.18,127.93731002602726,Devon370Ma_075xRemin_1xpCO2.pO2xPO4_5x5c.dat.33,21.83
1.0,1.8,0.1572742713570082,Kellwasser,1.0,0.75,18.18,127.93731002602726,Devon370Ma_075xRemin_1xpCO2.pO2xPO4_5x5c.dat.23,30.37
0.9,1.8,0.1135156856766038,Kellwasser,1.0,0.75,18.18,119.57013339269906,Devon370Ma_075xRemin_1xpCO2.pO2xPO4_5x5c.dat.13,39.54
0.8,1.8,0.0748861824733613,Kellwasser,1.0,0.75,18.18,115.85620086407287,Devon370Ma_075xRemin_1xpCO2.pO2xPO4_5x5c.dat.03,50.09
1.2,1.9,0.2226756998716658,Kellwasser,1.0,0.75,18.18,154.17223039548844,Devon370Ma_075xRemin_1xpCO2.pO2xPO4_5x5c.dat.44,16.97
1.1,1.9,0.1493099266241113,Kellwasser,1.0,0.75,18.18,148.08571722824126,Devon370Ma_075xRemin_1xpCO2.pO2xPO4_5x5c.dat.34,25.78
1.0,1.9,0.1092856211121472,Kellwasser,1.0,0.75,18.18,142.76726869866252,Devon370Ma_075xRemin_1xpCO2.pO2xPO4_5x5c.dat.24,33.67
0.9,1.9,0.0757107750935621,Kellwasser,1.0,0.75,18.18,138.06007336825132,Devon370Ma_075xRemin_1xpCO2.pO2xPO4_5x5c.dat.14,43.94
0.8,1.9,0.0558105375062086,Kellwasser,1.0,0.75,18.18,133.94169218372554,Devon370Ma_075xRemin_1xpCO2.pO2xPO4_5x5c.dat.04,52.57
0.7,0.5,0.0886176414118444,Background,1.0,0.75,18.18,30.533945391653106,Devon370Ma_075xRemin_1xpCO2.pO2xPO4_5x5d.dat.40,0.28
0.6,0.5,0.145739423787769,Background,1.0,0.75,18.18,26.76782969501801,Devon370Ma_075xRemin_1xpCO2.pO2xPO4_5x5d.dat.30,0.83
0.5,0.5,0.3473679206281814,Background,1.0,0.75,18.18,23.77021337451879,Devon370Ma_075xRemin_1xpCO2.pO2xPO4_5x5d.dat.20,2.29
0.4,0.5,0.0460309746468751,Background,1.0,0.75,18.18,21.29198401235044,Devon370Ma_075xRemin_1xpCO2.pO2xPO4_5x5d.dat.10,9.82
0.3,0.5,0.0835613169890532,Background,1.0,0.75,18.18,19.230663383495997,Devon370Ma_075xRemin_1xpCO2.pO2xPO4_5x5d.dat.00,37.8
0.7,0.6,0.2059285258941093,Background,1.0,0.75,18.18,49.89454464521259,Devon370Ma_075xRemin_1xpCO2.pO2xPO4_5x5d.dat.41,0.83
0.6,0.6,0.3994381126621401,Background,1.0,0.75,18.18,43.895717681152746,Devon370Ma_075xRemin_1xpCO2.pO2xPO4_5x5d.dat.31,2.29
0.5,0.6,0.0235280029216821,Background,1.0,0.75,18.18,39.45142088923603,Devon370Ma_075xRemin_1xpCO2.pO2xPO4_5x5d.dat.21,6.33
0.4,0.6,0.1063267580574528,Background,1.0,0.75,18.18,35.93223664211109,Devon370Ma_075xRemin_1xpCO2.pO2xPO4_5x5d.dat.11,27.61
0.3,0.6,0.0544965589177223,Background,1.0,0.75,18.18,32.9489448631648,Devon370Ma_075xRemin_1xpCO2.pO2xPO4_5x5d.dat.01,54.13
0.7,0.7,0.4472802641919512,Background,1.0,0.75,18.18,73.70272214757279,Devon370Ma_075xRemin_1xpCO2.pO2xPO4_5x5d.dat.42,2.11
0.6,0.7,0.0021004918579528,Background,1.0,0.75,18.18,64.26539039239287,Devon370Ma_075xRemin_1xpCO2.pO2xPO4_5x5d.dat.32,5.5
0.5,0.7,0.0923281634280913,Background,1.0,0.75,18.18,57.65454625361599,Devon370Ma_075xRemin_1xpCO2.pO2xPO4_5x5d.dat.22,19.82
0.4,0.7,0.0715772216388314,Background,1.0,0.75,18.18,52.72629641694948,Devon370Ma_075xRemin_1xpCO2.pO2xPO4_5x5d.dat.12,39.91
0.3,0.7,0.0362573330489166,Background,1.0,0.75,18.18,48.70799966738559,Devon370Ma_075xRemin_1xpCO2.pO2xPO4_5x5d.dat.02,66.15
0.7,0.8,0.0974408909987157,Background,1.0,0.75,18.18,100.28112592408434,Devon370Ma_075xRemin_1xpCO2.pO2xPO4_5x5d.dat.43,5.05
0.6,0.8,0.0311608106134929,Background,1.0,0.75,18.18,88.4710461832583,Devon370Ma_075xRemin_1xpCO2.pO2xPO4_5x5d.dat.33,12.39
0.5,0.8,0.0747646679821036,Background,1.0,0.75,18.18,78.84117076173425,Devon370Ma_075xRemin_1xpCO2.pO2xPO4_5x5d.dat.23,30.55
0.4,0.8,0.051082389568631,Background,1.0,0.75,18.18,71.80700777098536,Devon370Ma_075xRemin_1xpCO2.pO2xPO4_5x5d.dat.13,51.56
0.3,0.8,0.0293001242256905,Background,1.0,0.75,18.18,66.39432831434533,Devon370Ma_075xRemin_1xpCO2.pO2xPO4_5x5d.dat.03,72.75
0.7,0.9,0.0336702546210678,Background,1.0,0.75,18.18,127.53377086482942,Devon370Ma_075xRemin_1xpCO2.pO2xPO4_5x5d.dat.44,9.27
0.6,0.9,0.0781072484079007,Background,1.0,0.75,18.18,115.00822438392788,Devon370Ma_075xRemin_1xpCO2.pO2xPO4_5x5d.dat.34,23.94
0.5,0.9,0.060181172535491,Background,1.0,0.75,18.18,103.35953993489966,Devon370Ma_075xRemin_1xpCO2.pO2xPO4_5x5d.dat.24,40.18
0.4,0.9,0.0410321694316475,Background,1.0,0.75,18.18,93.58122042613104,Devon370Ma_075xRemin_1xpCO2.pO2xPO4_5x5d.dat.14,59.82
0.3,0.9,0.0212160409390895,Background,1.0,0.75,18.18,86.20580774731934,Devon370Ma_075xRemin_1xpCO2.pO2xPO4_5x5d.dat.04,78.9
0.7,0.5,0.0102723328819624,Kellwasser,1.0,0.75,18.18,30.533945391653106,Devon370Ma_075xRemin_1xpCO2.pO2xPO4_5x5d.dat.40,0.28
0.6,0.5,0.0072463341832931,Kellwasser,1.0,0.75,18.18,26.76782969501801,Devon370Ma_075xRemin_1xpCO2.pO2xPO4_5x5d.dat.30,0.83
0.5,0.5,0.0379810823678857,Kellwasser,1.0,0.75,18.18,23.77021337451879,Devon370Ma_075xRemin_1xpCO2.pO2xPO4_5x5d.dat.20,2.29
0.4,0.5,0.384975643234562,Kellwasser,1.0,0.75,18.18,21.29198401235044,Devon370Ma_075xRemin_1xpCO2.pO2xPO4_5x5d.dat.10,9.82
0.3,0.5,0.4863883960822391,Kellwasser,1.0,0.75,18.18,19.230663383495997,Devon370Ma_075xRemin_1xpCO2.pO2xPO4_5x5d.dat.00,37.8
0.7,0.6,0.0053877757038685,Kellwasser,1.0,0.75,18.18,49.89454464521259,Devon370Ma_075xRemin_1xpCO2.pO2xPO4_5x5d.dat.41,0.83
0.6,0.6,0.0236014348366513,Kellwasser,1.0,0.75,18.18,43.895717681152746,Devon370Ma_075xRemin_1xpCO2.pO2xPO4_5x5d.dat.31,2.29
0.5,0.6,0.3199091656410004,Kellwasser,1.0,0.75,18.18,39.45142088923603,Devon370Ma_075xRemin_1xpCO2.pO2xPO4_5x5d.dat.21,6.33
0.4,0.6,0.563876720383604,Kellwasser,1.0,0.75,18.18,35.93223664211109,Devon370Ma_075xRemin_1xpCO2.pO2xPO4_5x5d.dat.11,27.61
0.3,0.6,0.3545658376832813,Kellwasser,1.0,0.75,18.18,32.9489448631648,Devon370Ma_075xRemin_1xpCO2.pO2xPO4_5x5d.dat.01,54.13
0.7,0.7,0.0132688943060401,Kellwasser,1.0,0.75,18.18,73.70272214757279,Devon370Ma_075xRemin_1xpCO2.pO2xPO4_5x5d.dat.42,2.11
0.6,0.7,0.3005709658584772,Kellwasser,1.0,0.75,18.18,64.26539039239287,Devon370Ma_075xRemin_1xpCO2.pO2xPO4_5x5d.dat.32,5.5
0.5,0.7,0.6288344365339624,Kellwasser,1.0,0.75,18.18,57.65454625361599,Devon370Ma_075xRemin_1xpCO2.pO2xPO4_5x5d.dat.22,19.82
0.4,0.7,0.4606725262612817,Kellwasser,1.0,0.75,18.18,52.72629641694948,Devon370Ma_075xRemin_1xpCO2.pO2xPO4_5x5d.dat.12,39.91
0.3,0.7,0.2041348289903842,Kellwasser,1.0,0.75,18.18,48.70799966738559,Devon370Ma_075xRemin_1xpCO2.pO2xPO4_5x5d.dat.02,66.15
0.7,0.8,0.1844504899597662,Kellwasser,1.0,0.75,18.18,100.28112592408434,Devon370Ma_075xRemin_1xpCO2.pO2xPO4_5x5d.dat.43,5.05
0.6,0.8,0.5544274297212045,Kellwasser,1.0,0.75,18.18,88.4710461832583,Devon370Ma_075xRemin_1xpCO2.pO2xPO4_5x5d.dat.33,12.39
0.5,0.8,0.5424430726336074,Kellwasser,1.0,0.75,18.18,78.84117076173425,Devon370Ma_075xRemin_1xpCO2.pO2xPO4_5x5d.dat.23,30.55
0.4,0.8,0.3463343622678526,Kellwasser,1.0,0.75,18.18,71.80700777098536,Devon370Ma_075xRemin_1xpCO2.pO2xPO4_5x5d.dat.13,51.56
0.3,0.8,0.0847821324744505,Kellwasser,1.0,0.75,18.18,66.39432831434533,Devon370Ma_075xRemin_1xpCO2.pO2xPO4_5x5d.dat.03,72.75
0.7,0.9,0.5133216437170202,Kellwasser,1.0,0.75,18.18,127.53377086482942,Devon370Ma_075xRemin_1xpCO2.pO2xPO4_5x5d.dat.44,9.27
0.6,0.9,0.651198040316306,Kellwasser,1.0,0.75,18.18,115.00822438392788,Devon370Ma_075xRemin_1xpCO2.pO2xPO4_5x5d.dat.34,23.94
0.5,0.9,0.409701260490662,Kellwasser,1.0,0.75,18.18,103.35953993489966,Devon370Ma_075xRemin_1xpCO2.pO2xPO4_5x5d.dat.24,40.18
0.4,0.9,0.2413880605867677,Kellwasser,1.0,0.75,18.18,93.58122042613104,Devon370Ma_075xRemin_1xpCO2.pO2xPO4_5x5d.dat.14,59.82
0.3,0.9,0.0553390977369166,Kellwasser,1.0,0.75,18.18,86.20580774731934,Devon370Ma_075xRemin_1xpCO2.pO2xPO4_5x5d.dat.04,78.9
0.7,1.0,0.0714408738595032,Background,1.0,0.75,18.18,17.51791023707483,Devon370Ma_075xRemin_1xpCO2.pO2xPO4_5x5e.dat.40,17.71
0.6,1.0,0.0617200392745687,Background,1.0,0.75,18.18,15.95757385075558,Devon370Ma_075xRemin_1xpCO2.pO2xPO4_5x5e.dat.30,31.83
0.5,1.0,0.0450124243072129,Background,1.0,0.75,18.18,14.665092749055477,Devon370Ma_075xRemin_1xpCO2.pO2xPO4_5x5e.dat.20,49.17
0.4,1.0,0.0226804693358445,Background,1.0,0.75,18.18,13.688047147297766,Devon370Ma_075xRemin_1xpCO2.pO2xPO4_5x5e.dat.10,66.33
0.3,1.0,0.0175865421110799,Background,1.0,0.75,18.18,12.841859643231146,Devon370Ma_075xRemin_1xpCO2.pO2xPO4_5x5e.dat.00,82.2
0.7,1.1,0.0681588303991486,Background,1.0,0.75,18.18,30.447961762547493,Devon370Ma_075xRemin_1xpCO2.pO2xPO4_5x5e.dat.41,26.15
0.6,1.1,0.0498800174090179,Background,1.0,0.75,18.18,28.17306994984392,Devon370Ma_075xRemin_1xpCO2.pO2xPO4_5x5e.dat.31,39.36
0.5,1.1,0.036607496183493,Background,1.0,0.75,18.18,26.31032657518517,Devon370Ma_075xRemin_1xpCO2.pO2xPO4_5x5e.dat.21,55.32
0.4,1.1,0.0228983129057262,Background,1.0,0.75,18.18,24.68160346325021,Devon370Ma_075xRemin_1xpCO2.pO2xPO4_5x5e.dat.11,70.73
0.3,1.1,0.0107119210424129,Background,1.0,0.75,18.18,23.13249024155084,Devon370Ma_075xRemin_1xpCO2.pO2xPO4_5x5e.dat.01,83.12
0.7,1.2,0.0495774814839175,Background,1.0,0.75,18.18,45.339595089899376,Devon370Ma_075xRemin_1xpCO2.pO2xPO4_5x5e.dat.42,32.2
0.6,1.2,0.0383560868465309,Background,1.0,0.75,18.18,42.360476072644815,Devon370Ma_075xRemin_1xpCO2.pO2xPO4_5x5e.dat.32,46.61
0.5,1.2,0.0246637713351247,Background,1.0,0.75,18.18,39.86522278864868,Devon370Ma_075xRemin_1xpCO2.pO2xPO4_5x5e.dat.22,60.46
0.4,1.2,0.0161014988891183,Background,1.0,0.75,18.18,37.58895400096662,Devon370Ma_075xRemin_1xpCO2.pO2xPO4_5x5e.dat.12,74.31
0.3,1.2,0.008147765002778,Background,1.0,0.75,18.18,35.47978849383071,Devon370Ma_075xRemin_1xpCO2.pO2xPO4_5x5e.dat.02,88.9
0.7,1.3,0.0411931820740072,Background,1.0,0.75,18.18,61.92787259351462,Devon370Ma_075xRemin_1xpCO2.pO2xPO4_5x5e.dat.43,37.61
0.6,1.3,0.0315412520414563,Background,1.0,0.75,18.18,58.23193350806832,Devon370Ma_075xRemin_1xpCO2.pO2xPO4_5x5e.dat.33,51.93
0.5,1.3,0.0154658205820533,Background,1.0,0.75,18.18,54.98732571140863,Devon370Ma_075xRemin_1xpCO2.pO2xPO4_5x5e.dat.23,65.05
0.4,1.3,0.0125771310628578,Background,1.0,0.75,18.18,52.00603482080624,Devon370Ma_075xRemin_1xpCO2.pO2xPO4_5x5e.dat.13,77.43
0.3,1.3,0.0060299975614953,Background,1.0,0.75,18.18,49.54782343702391,Devon370Ma_075xRemin_1xpCO2.pO2xPO4_5x5e.dat.03,88.99
0.7,1.4,0.0321255578906958,Background,1.0,0.75,18.18,80.34881466301158,Devon370Ma_075xRemin_1xpCO2.pO2xPO4_5x5e.dat.44,44.5
0.6,1.4,0.0257983608202236,Background,1.0,0.75,18.18,75.64111001556739,Devon370Ma_075xRemin_1xpCO2.pO2xPO4_5x5e.dat.34,56.61
0.5,1.4,0.0160881658095432,Background,1.0,0.75,18.18,71.46739517338574,Devon370Ma_075xRemin_1xpCO2.pO2xPO4_5x5e.dat.24,68.26
0.4,1.4,0.0099134416436237,Background,1.0,0.75,18.18,68.002482294105,Devon370Ma_075xRemin_1xpCO2.pO2xPO4_5x5e.dat.14,81.1
0.3,1.4,0.0036697356277647,Background,1.0,0.75,18.18,64.87685459433123,Devon370Ma_075xRemin_1xpCO2.pO2xPO4_5x5e.dat.04,89.27
0.7,1.0,0.6887845011384383,Kellwasser,1.0,0.75,18.18,17.51791023707483,Devon370Ma_075xRemin_1xpCO2.pO2xPO4_5x5e.dat.40,17.71
0.6,1.0,0.4557189395161052,Kellwasser,1.0,0.75,18.18,15.95757385075558,Devon370Ma_075xRemin_1xpCO2.pO2xPO4_5x5e.dat.30,31.83
0.5,1.0,0.3043708893874197,Kellwasser,1.0,0.75,18.18,14.665092749055477,Devon370Ma_075xRemin_1xpCO2.pO2xPO4_5x5e.dat.20,49.17
0.4,1.0,0.1330973986611333,Kellwasser,1.0,0.75,18.18,13.688047147297766,Devon370Ma_075xRemin_1xpCO2.pO2xPO4_5x5e.dat.10,66.33
0.3,1.0,0.0384480615728905,Kellwasser,1.0,0.75,18.18,12.841859643231146,Devon370Ma_075xRemin_1xpCO2.pO2xPO4_5x5e.dat.00,82.2
0.7,1.1,0.5360940197038884,Kellwasser,1.0,0.75,18.18,30.447961762547493,Devon370Ma_075xRemin_1xpCO2.pO2xPO4_5x5e.dat.41,26.15
0.6,1.1,0.3437858239718431,Kellwasser,1.0,0.75,18.18,28.17306994984392,Devon370Ma_075xRemin_1xpCO2.pO2xPO4_5x5e.dat.31,39.36
0.5,1.1,0.2115878128223455,Kellwasser,1.0,0.75,18.18,26.31032657518517,Devon370Ma_075xRemin_1xpCO2.pO2xPO4_5x5e.dat.21,55.32
0.4,1.1,0.0557212202466145,Kellwasser,1.0,0.75,18.18,24.68160346325021,Devon370Ma_075xRemin_1xpCO2.pO2xPO4_5x5e.dat.11,70.73
0.3,1.1,0.0255205635771134,Kellwasser,1.0,0.75,18.18,23.13249024155084,Devon370Ma_075xRemin_1xpCO2.pO2xPO4_5x5e.dat.01,83.12
0.7,1.2,0.3703452452658339,Kellwasser,1.0,0.75,18.18,45.339595089899376,Devon370Ma_075xRemin_1xpCO2.pO2xPO4_5x5e.dat.42,32.2
0.6,1.2,0.2566902140235142,Kellwasser,1.0,0.75,18.18,42.360476072644815,Devon370Ma_075xRemin_1xpCO2.pO2xPO4_5x5e.dat.32,46.61
0.5,1.2,0.1255995440413034,Kellwasser,1.0,0.75,18.18,39.86522278864868,Devon370Ma_075xRemin_1xpCO2.pO2xPO4_5x5e.dat.22,60.46
0.4,1.2,0.0347184199767546,Kellwasser,1.0,0.75,18.18,37.58895400096662,Devon370Ma_075xRemin_1xpCO2.pO2xPO4_5x5e.dat.12,74.31
0.3,1.2,0.016749025145071,Kellwasser,1.0,0.75,18.18,35.47978849383071,Devon370Ma_075xRemin_1xpCO2.pO2xPO4_5x5e.dat.02,88.9
0.7,1.3,0.2825629770120674,Kellwasser,1.0,0.75,18.18,61.92787259351462,Devon370Ma_075xRemin_1xpCO2.pO2xPO4_5x5e.dat.43,37.61
0.6,1.3,0.1756850231580303,Kellwasser,1.0,0.75,18.18,58.23193350806832,Devon370Ma_075xRemin_1xpCO2.pO2xPO4_5x5e.dat.33,51.93
0.5,1.3,0.0850426237090152,Kellwasser,1.0,0.75,18.18,54.98732571140863,Devon370Ma_075xRemin_1xpCO2.pO2xPO4_5x5e.dat.23,65.05
0.4,1.3,0.0237481925015302,Kellwasser,1.0,0.75,18.18,52.00603482080624,Devon370Ma_075xRemin_1xpCO2.pO2xPO4_5x5e.dat.13,77.43
0.3,1.3,0.009660313822001,Kellwasser,1.0,0.75,18.18,49.54782343702391,Devon370Ma_075xRemin_1xpCO2.pO2xPO4_5x5e.dat.03,88.99
0.7,1.4,0.2068299448493781,Kellwasser,1.0,0.75,18.18,80.34881466301158,Devon370Ma_075xRemin_1xpCO2.pO2xPO4_5x5e.dat.44,44.5
0.6,1.4,0.1318347921355789,Kellwasser,1.0,0.75,18.18,75.64111001556739,Devon370Ma_075xRemin_1xpCO2.pO2xPO4_5x5e.dat.34,56.61
0.5,1.4,0.0312953031630601,Kellwasser,1.0,0.75,18.18,71.46739517338574,Devon370Ma_075xRemin_1xpCO2.pO2xPO4_5x5e.dat.24,68.26
0.4,1.4,0.0145412889132065,Kellwasser,1.0,0.75,18.18,68.002482294105,Devon370Ma_075xRemin_1xpCO2.pO2xPO4_5x5e.dat.14,81.1
0.3,1.4,0.0061964019465767,Kellwasser,1.0,0.75,18.18,64.87685459433123,Devon370Ma_075xRemin_1xpCO2.pO2xPO4_5x5e.dat.04,89.27
0.7,1.5,0.0258262977853056,Background,1.0,0.75,18.18,12.082803550583776,Devon370Ma_075xRemin_1xpCO2.pO2xPO4_5x5f.dat.40,49.17
0.6,1.5,0.015733728727623,Background,1.0,0.75,18.18,11.38358948082896,Devon370Ma_075xRemin_1xpCO2.pO2xPO4_5x5f.dat.30,60.28
0.5,1.5,0.0109888194032848,Background,1.0,0.75,18.18,10.722387742134742,Devon370Ma_075xRemin_1xpCO2.pO2xPO4_5x5f.dat.20,70.73
0.4,1.5,0.0049135854441028,Background,1.0,0.75,18.18,10.107479283760767,Devon370Ma_075xRemin_1xpCO2.pO2xPO4_5x5f.dat.10,82.2
0.3,1.5,0.0008415342578263,Background,1.0,0.75,18.18,9.605358172848357,Devon370Ma_075xRemin_1xpCO2.pO2xPO4_5x5f.dat.00,89.36
0.7,1.6,0.0210484117565005,Background,1.0,0.75,18.18,21.66286139981821,Devon370Ma_075xRemin_1xpCO2.pO2xPO4_5x5f.dat.41,52.75
0.6,1.6,0.0091510818987302,Background,1.0,0.75,18.18,20.332514395704493,Devon370Ma_075xRemin_1xpCO2.pO2xPO4_5x5f.dat.31,63.39
0.5,1.6,0.0076971051873168,Background,1.0,0.75,18.18,19.25714241224341,Devon370Ma_075xRemin_1xpCO2.pO2xPO4_5x5f.dat.21,73.21
0.4,1.6,0.0022657603474309,Background,1.0,0.75,18.18,18.337148503633216,Devon370Ma_075xRemin_1xpCO2.pO2xPO4_5x5f.dat.11,82.29
0.3,1.6,0.0001508532341383,Background,1.0,0.75,18.18,17.528418538859114,Devon370Ma_075xRemin_1xpCO2.pO2xPO4_5x5f.dat.01,89.82
0.7,1.7,0.014579899957787,Background,1.0,0.75,18.18,33.72934952494688,Devon370Ma_075xRemin_1xpCO2.pO2xPO4_5x5f.dat.42,56.42
0.6,1.7,0.009950767319441,Background,1.0,0.75,18.18,32.1740735671483,Devon370Ma_075xRemin_1xpCO2.pO2xPO4_5x5f.dat.32,65.87
0.5,1.7,0.0047384132214086,Background,1.0,0.75,18.18,30.67730722250417,Devon370Ma_075xRemin_1xpCO2.pO2xPO4_5x5f.dat.22,75.23
0.4,1.7,0.0005914717065612,Background,1.0,0.75,18.18,29.24241380242165,Devon370Ma_075xRemin_1xpCO2.pO2xPO4_5x5f.dat.12,86.24
0.3,1.7,0.0001006675781238,Background,1.0,0.75,18.18,27.900397981284183,Devon370Ma_075xRemin_1xpCO2.pO2xPO4_5x5f.dat.02,89.63
0.7,1.8,0.0070005411981705,Background,1.0,0.75,18.18,47.23341771750711,Devon370Ma_075xRemin_1xpCO2.pO2xPO4_5x5f.dat.43,59.36
0.6,1.8,0.0051786679723122,Background,1.0,0.75,18.18,45.12195300776512,Devon370Ma_075xRemin_1xpCO2.pO2xPO4_5x5f.dat.33,68.07
0.5,1.8,0.0007944150659676,Background,1.0,0.75,18.18,43.16854028729722,Devon370Ma_075xRemin_1xpCO2.pO2xPO4_5x5f.dat.23,77.43
0.4,1.8,0.0001668629584795,Background,1.0,0.75,18.18,41.48919106228277,Devon370Ma_075xRemin_1xpCO2.pO2xPO4_5x5f.dat.13,88.9
0.3,1.8,7.399023940979532e-05,Background,1.0,0.75,18.18,39.986978663364425,Devon370Ma_075xRemin_1xpCO2.pO2xPO4_5x5f.dat.03,90.37
0.7,1.9,0.0045775691408291,Background,1.0,0.75,18.18,61.90672138473019,Devon370Ma_075xRemin_1xpCO2.pO2xPO4_5x5f.dat.44,62.11
0.6,1.9,0.0023172968450488,Background,1.0,0.75,18.18,59.42996358498931,Devon370Ma_075xRemin_1xpCO2.pO2xPO4_5x5f.dat.34,70.18
0.5,1.9,0.0002662566484368,Background,1.0,0.75,18.18,57.13502105209045,Devon370Ma_075xRemin_1xpCO2.pO2xPO4_5x5f.dat.24,78.99
0.4,1.9,0.0001133403123236,Background,1.0,0.75,18.18,55.017579143168405,Devon370Ma_075xRemin_1xpCO2.pO2xPO4_5x5f.dat.14,89.27
0.3,1.9,6.699477117402071e-05,Background,1.0,0.75,18.18,53.02325007505715,Devon370Ma_075xRemin_1xpCO2.pO2xPO4_5x5f.dat.04,90.28
0.7,1.5,0.1387894615766291,Kellwasser,1.0,0.75,18.18,12.082803550583776,Devon370Ma_075xRemin_1xpCO2.pO2xPO4_5x5f.dat.40,49.17
0.6,1.5,0.0721729780129058,Kellwasser,1.0,0.75,18.18,11.38358948082896,Devon370Ma_075xRemin_1xpCO2.pO2xPO4_5x5f.dat.30,60.28
0.5,1.5,0.0176213546223066,Kellwasser,1.0,0.75,18.18,10.722387742134742,Devon370Ma_075xRemin_1xpCO2.pO2xPO4_5x5f.dat.20,70.73
0.4,1.5,0.0089411085794796,Kellwasser,1.0,0.75,18.18,10.107479283760767,Devon370Ma_075xRemin_1xpCO2.pO2xPO4_5x5f.dat.10,82.2
0.3,1.5,0.0027268972048419,Kellwasser,1.0,0.75,18.18,9.605358172848357,Devon370Ma_075xRemin_1xpCO2.pO2xPO4_5x5f.dat.00,89.36
0.7,1.6,0.1028632358387736,Kellwasser,1.0,0.75,18.18,21.66286139981821,Devon370Ma_075xRemin_1xpCO2.pO2xPO4_5x5f.dat.41,52.75
0.6,1.6,0.0501179175724402,Kellwasser,1.0,0.75,18.18,20.332514395704493,Devon370Ma_075xRemin_1xpCO2.pO2xPO4_5x5f.dat.31,63.39
0.5,1.6,0.0109977881708028,Kellwasser,1.0,0.75,18.18,19.25714241224341,Devon370Ma_075xRemin_1xpCO2.pO2xPO4_5x5f.dat.21,73.21
0.4,1.6,0.0050347790889545,Kellwasser,1.0,0.75,18.18,18.337148503633216,Devon370Ma_075xRemin_1xpCO2.pO2xPO4_5x5f.dat.11,82.29
0.3,1.6,0.0009491263408693,Kellwasser,1.0,0.75,18.18,17.528418538859114,Devon370Ma_075xRemin_1xpCO2.pO2xPO4_5x5f.dat.01,89.82
0.7,1.7,0.0694807444598266,Kellwasser,1.0,0.75,18.18,33.72934952494688,Devon370Ma_075xRemin_1xpCO2.pO2xPO4_5x5f.dat.42,56.42
0.6,1.7,0.0128240010781504,Kellwasser,1.0,0.75,18.18,32.1740735671483,Devon370Ma_075xRemin_1xpCO2.pO2xPO4_5x5f.dat.32,65.87
0.5,1.7,0.0070964572026216,Kellwasser,1.0,0.75,18.18,30.67730722250417,Devon370Ma_075xRemin_1xpCO2.pO2xPO4_5x5f.dat.22,75.23
0.4,1.7,0.0028027488407029,Kellwasser,1.0,0.75,18.18,29.24241380242165,Devon370Ma_075xRemin_1xpCO2.pO2xPO4_5x5f.dat.12,86.24
0.3,1.7,0.000624211915611,Kellwasser,1.0,0.75,18.18,27.900397981284183,Devon370Ma_075xRemin_1xpCO2.pO2xPO4_5x5f.dat.02,89.63
0.7,1.8,0.0383932756649875,Kellwasser,1.0,0.75,18.18,47.23341771750711,Devon370Ma_075xRemin_1xpCO2.pO2xPO4_5x5f.dat.43,59.36
0.6,1.8,0.0074819472731363,Kellwasser,1.0,0.75,18.18,45.12195300776512,Devon370Ma_075xRemin_1xpCO2.pO2xPO4_5x5f.dat.33,68.07
0.5,1.8,0.0037459398570727,Kellwasser,1.0,0.75,18.18,43.16854028729722,Devon370Ma_075xRemin_1xpCO2.pO2xPO4_5x5f.dat.23,77.43
0.4,1.8,0.0010123083660604,Kellwasser,1.0,0.75,18.18,41.48919106228277,Devon370Ma_075xRemin_1xpCO2.pO2xPO4_5x5f.dat.13,88.9
0.3,1.8,0.0004369857195402,Kellwasser,1.0,0.75,18.18,39.986978663364425,Devon370Ma_075xRemin_1xpCO2.pO2xPO4_5x5f.dat.03,90.37
0.7,1.9,0.0239765277718341,Kellwasser,1.0,0.75,18.18,61.90672138473019,Devon370Ma_075xRemin_1xpCO2.pO2xPO4_5x5f.dat.44,62.11
0.6,1.9,0.0043634419400445,Kellwasser,1.0,0.75,18.18,59.42996358498931,Devon370Ma_075xRemin_1xpCO2.pO2xPO4_5x5f.dat.34,70.18
0.5,1.9,0.0016762406572056,Kellwasser,1.0,0.75,18.18,57.13502105209045,Devon370Ma_075xRemin_1xpCO2.pO2xPO4_5x5f.dat.24,78.99
0.4,1.9,0.0006958773145363,Kellwasser,1.0,0.75,18.18,55.017579143168405,Devon370Ma_075xRemin_1xpCO2.pO2xPO4_5x5f.dat.14,89.27
0.3,1.9,0.0003869421800232,Kellwasser,1.0,0.75,18.18,53.02325007505715,Devon370Ma_075xRemin_1xpCO2.pO2xPO4_5x5f.dat.04,90.28
1.2,2.0,0.0117734273417118,Background,1.0,0.75,17.06,72.53536023199558,Devon370Ma_075xRemin_1xpCO2.pO2xPO4_5x5g.dat.40,18.07
1.1,2.0,0.0259839820575081,Background,1.0,0.75,17.06,70.41965000098571,Devon370Ma_075xRemin_1xpCO2.pO2xPO4_5x5g.dat.30,26.06
1.0,2.0,0.0221678200641413,Background,1.0,0.75,17.06,68.47918120911345,Devon370Ma_075xRemin_1xpCO2.pO2xPO4_5x5g.dat.20,33.85
0.9,2.0,0.0186288669126545,Background,1.0,0.75,17.06,66.6822015773505,Devon370Ma_075xRemin_1xpCO2.pO2xPO4_5x5g.dat.10,43.58
0.8,2.0,0.0150937337166924,Background,1.0,0.75,17.06,64.97788854176179,Devon370Ma_075xRemin_1xpCO2.pO2xPO4_5x5g.dat.00,51.47
1.2,2.1,0.0174099544690003,Background,1.0,0.75,17.06,88.66514690453187,Devon370Ma_075xRemin_1xpCO2.pO2xPO4_5x5g.dat.41,21.65
1.1,2.1,0.0215646577210895,Background,1.0,0.75,17.06,86.12137025920674,Devon370Ma_075xRemin_1xpCO2.pO2xPO4_5x5g.dat.31,30.0
1.0,2.1,0.0186581979763277,Background,1.0,0.75,17.06,83.77469930564985,Devon370Ma_075xRemin_1xpCO2.pO2xPO4_5x5g.dat.21,37.16
0.9,2.1,0.0145423409133141,Background,1.0,0.75,17.06,81.66889165295288,Devon370Ma_075xRemin_1xpCO2.pO2xPO4_5x5g.dat.11,46.33
0.8,2.1,0.0109591512300563,Background,1.0,0.75,17.06,79.69443686306477,Devon370Ma_075xRemin_1xpCO2.pO2xPO4_5x5g.dat.01,53.94
1.2,2.2,0.020154211673067,Background,1.0,0.75,17.06,105.54347682045773,Devon370Ma_075xRemin_1xpCO2.pO2xPO4_5x5g.dat.42,25.05
1.1,2.2,0.0163038390603323,Background,1.0,0.75,17.06,102.73204679833724,Devon370Ma_075xRemin_1xpCO2.pO2xPO4_5x5g.dat.32,32.57
1.0,2.2,0.0142969576834543,Background,1.0,0.75,17.06,100.15597945312038,Devon370Ma_075xRemin_1xpCO2.pO2xPO4_5x5g.dat.22,40.64
0.9,2.2,0.0113253514180327,Background,1.0,0.75,17.06,97.70565520739184,Devon370Ma_075xRemin_1xpCO2.pO2xPO4_5x5g.dat.12,48.81
0.8,2.2,0.0070049336972979,Background,1.0,0.75,17.06,95.38452286506072,Devon370Ma_075xRemin_1xpCO2.pO2xPO4_5x5g.dat.02,56.24
1.2,2.3,0.016391785756951,Background,1.0,0.75,17.06,123.78064275253564,Devon370Ma_075xRemin_1xpCO2.pO2xPO4_5x5g.dat.43,28.62
1.1,2.3,0.0136169061173685,Background,1.0,0.75,17.06,120.32068480039015,Devon370Ma_075xRemin_1xpCO2.pO2xPO4_5x5g.dat.33,35.23
1.0,2.3,0.0113462667773966,Background,1.0,0.75,17.06,117.1296971733682,Devon370Ma_075xRemin_1xpCO2.pO2xPO4_5x5g.dat.23,44.04
0.9,2.3,0.0091348418816659,Background,1.0,0.75,17.06,114.43314724601804,Devon370Ma_075xRemin_1xpCO2.pO2xPO4_5x5g.dat.13,50.83
0.8,2.3,0.0044177693692231,Background,1.0,0.75,17.06,111.90747318323702,Devon370Ma_075xRemin_1xpCO2.pO2xPO4_5x5g.dat.03,58.17
1.2,2.4,0.0124139131349092,Background,1.0,0.75,17.06,142.8365067113191,Devon370Ma_075xRemin_1xpCO2.pO2xPO4_5x5g.dat.44,31.1
1.1,2.4,0.0109667689205296,Background,1.0,0.75,17.06,138.97140161134303,Devon370Ma_075xRemin_1xpCO2.pO2xPO4_5x5g.dat.34,37.61
1.0,2.4,0.0086154976699375,Background,1.0,0.75,17.06,135.46964328270406,Devon370Ma_075xRemin_1xpCO2.pO2xPO4_5x5g.dat.24,46.15
0.9,2.4,0.0057616105168214,Background,1.0,0.75,17.06,132.2457246715203,Devon370Ma_075xRemin_1xpCO2.pO2xPO4_5x5g.dat.14,52.75
0.8,2.4,0.0008382746766327,Background,1.0,0.75,17.06,129.09901852253824,Devon370Ma_075xRemin_1xpCO2.pO2xPO4_5x5g.dat.04,60.37
1.2,2.0,0.2579458609070293,Kellwasser,1.0,0.75,17.06,72.53536023199558,Devon370Ma_075xRemin_1xpCO2.pO2xPO4_5x5g.dat.40,18.07
1.1,2.0,0.2101904438311668,Kellwasser,1.0,0.75,17.06,70.41965000098571,Devon370Ma_075xRemin_1xpCO2.pO2xPO4_5x5g.dat.30,26.06
1.0,2.0,0.1515729198019522,Kellwasser,1.0,0.75,17.06,68.47918120911345,Devon370Ma_075xRemin_1xpCO2.pO2xPO4_5x5g.dat.20,33.85
0.9,2.0,0.1122073976571645,Kellwasser,1.0,0.75,17.06,66.6822015773505,Devon370Ma_075xRemin_1xpCO2.pO2xPO4_5x5g.dat.10,43.58
0.8,2.0,0.0733462902876889,Kellwasser,1.0,0.75,17.06,64.97788854176179,Devon370Ma_075xRemin_1xpCO2.pO2xPO4_5x5g.dat.00,51.47
1.2,2.1,0.1963833575131823,Kellwasser,1.0,0.75,17.06,88.66514690453187,Devon370Ma_075xRemin_1xpCO2.pO2xPO4_5x5g.dat.41,21.65
1.1,2.1,0.1514483955816105,Kellwasser,1.0,0.75,17.06,86.12137025920674,Devon370Ma_075xRemin_1xpCO2.pO2xPO4_5x5g.dat.31,30.0
1.0,2.1,0.1116980723585922,Kellwasser,1.0,0.75,17.06,83.77469930564985,Devon370Ma_075xRemin_1xpCO2.pO2xPO4_5x5g.dat.21,37.16
0.9,2.1,0.0766994381123568,Kellwasser,1.0,0.75,17.06,81.66889165295288,Devon370Ma_075xRemin_1xpCO2.pO2xPO4_5x5g.dat.11,46.33
0.8,2.1,0.0456226342650026,Kellwasser,1.0,0.75,17.06,79.69443686306477,Devon370Ma_075xRemin_1xpCO2.pO2xPO4_5x5g.dat.01,53.94
1.2,2.2,0.1461358090982647,Kellwasser,1.0,0.75,17.06,105.54347682045773,Devon370Ma_075xRemin_1xpCO2.pO2xPO4_5x5g.dat.42,25.05
1.1,2.2,0.1051670652636243,Kellwasser,1.0,0.75,17.06,102.73204679833724,Devon370Ma_075xRemin_1xpCO2.pO2xPO4_5x5g.dat.32,32.57
1.0,2.2,0.078913523610242,Kellwasser,1.0,0.75,17.06,100.15597945312038,Devon370Ma_075xRemin_1xpCO2.pO2xPO4_5x5g.dat.22,40.64
0.9,2.2,0.0551640737332303,Kellwasser,1.0,0.75,17.06,97.70565520739184,Devon370Ma_075xRemin_1xpCO2.pO2xPO4_5x5g.dat.12,48.81
0.8,2.2,0.0240833441853584,Kellwasser,1.0,0.75,17.06,95.38452286506072,Devon370Ma_075xRemin_1xpCO2.pO2xPO4_5x5g.dat.02,56.24
1.2,2.3,0.1047852778549599,Kellwasser,1.0,0.75,17.06,123.78064275253564,Devon370Ma_075xRemin_1xpCO2.pO2xPO4_5x5g.dat.43,28.62
1.1,2.3,0.074467234007112,Kellwasser,1.0,0.75,17.06,120.32068480039015,Devon370Ma_075xRemin_1xpCO2.pO2xPO4_5x5g.dat.33,35.23
1.0,2.3,0.0533963492065122,Kellwasser,1.0,0.75,17.06,117.1296971733682,Devon370Ma_075xRemin_1xpCO2.pO2xPO4_5x5g.dat.23,44.04
0.9,2.3,0.0354546085125103,Kellwasser,1.0,0.75,17.06,114.43314724601804,Devon370Ma_075xRemin_1xpCO2.pO2xPO4_5x5g.dat.13,50.83
0.8,2.3,0.0138346256516652,Kellwasser,1.0,0.75,17.06,111.90747318323702,Devon370Ma_075xRemin_1xpCO2.pO2xPO4_5x5g.dat.03,58.17
1.2,2.4,0.0701376701334308,Kellwasser,1.0,0.75,17.06,142.8365067113191,Devon370Ma_075xRemin_1xpCO2.pO2xPO4_5x5g.dat.44,31.1
1.1,2.4,0.051305830444211,Kellwasser,1.0,0.75,17.06,138.97140161134303,Devon370Ma_075xRemin_1xpCO2.pO2xPO4_5x5g.dat.34,37.61
1.0,2.4,0.0360313089944625,Kellwasser,1.0,0.75,17.06,135.46964328270406,Devon370Ma_075xRemin_1xpCO2.pO2xPO4_5x5g.dat.24,46.15
0.9,2.4,0.0208649843710489,Kellwasser,1.0,0.75,17.06,132.2457246715203,Devon370Ma_075xRemin_1xpCO2.pO2xPO4_5x5g.dat.14,52.75
0.8,2.4,0.0044894328434401,Kellwasser,1.0,0.75,17.06,129.09901852253824,Devon370Ma_075xRemin_1xpCO2.pO2xPO4_5x5g.dat.04,60.37
0.7,2.0,0.0093103821270296,Background,1.0,0.75,17.06,10.913664482359309,Devon370Ma_075xRemin_1xpCO2.pO2xPO4_5x5h.dat.40,60.18
0.6,2.0,0.0052995754546129,Background,1.0,0.75,17.06,10.395482604508288,Devon370Ma_075xRemin_1xpCO2.pO2xPO4_5x5h.dat.30,67.71
0.5,2.0,0.00190550421358,Background,1.0,0.75,17.06,9.95307618723018,Devon370Ma_075xRemin_1xpCO2.pO2xPO4_5x5h.dat.20,76.42
0.4,2.0,0.0001652100761879,Background,1.0,0.75,17.06,9.565751497575548,Devon370Ma_075xRemin_1xpCO2.pO2xPO4_5x5h.dat.10,88.53
0.3,2.0,7.071607713570794e-05,Background,1.0,0.75,17.06,9.205386959365567,Devon370Ma_075xRemin_1xpCO2.pO2xPO4_5x5h.dat.00,90.18
0.7,2.1,0.0045493405497704,Background,1.0,0.75,17.06,19.61820998985786,Devon370Ma_075xRemin_1xpCO2.pO2xPO4_5x5h.dat.41,62.29
0.6,2.1,0.0023312245034339,Background,1.0,0.75,17.06,18.8491558219539,Devon370Ma_075xRemin_1xpCO2.pO2xPO4_5x5h.dat.31,69.27
0.5,2.1,0.0002657974291496,Background,1.0,0.75,17.06,18.16855547076557,Devon370Ma_075xRemin_1xpCO2.pO2xPO4_5x5h.dat.21,78.53
0.4,2.1,0.0001126166203284,Background,1.0,0.75,17.06,17.542259229230694,Devon370Ma_075xRemin_1xpCO2.pO2xPO4_5x5h.dat.11,88.81
0.3,2.1,6.493904967089334e-05,Background,1.0,0.75,17.06,16.928415789152496,Devon370Ma_075xRemin_1xpCO2.pO2xPO4_5x5h.dat.01,90.18
0.7,2.2,0.0041573746870519,Background,1.0,0.75,17.06,31.09948374913074,Devon370Ma_075xRemin_1xpCO2.pO2xPO4_5x5h.dat.42,63.94
0.6,2.2,0.0005334881642423,Background,1.0,0.75,17.06,29.886474294471554,Devon370Ma_075xRemin_1xpCO2.pO2xPO4_5x5h.dat.32,70.64
0.5,2.2,0.0001340998801026,Background,1.0,0.75,17.06,28.69457966880873,Devon370Ma_075xRemin_1xpCO2.pO2xPO4_5x5h.dat.22,78.99
0.4,2.2,9.810063241973088e-05,Background,1.0,0.75,17.06,27.656176825985312,Devon370Ma_075xRemin_1xpCO2.pO2xPO4_5x5h.dat.12,89.08
0.3,2.2,5.860950377654613e-05,Background,1.0,0.75,17.06,26.73172639333643,Devon370Ma_075xRemin_1xpCO2.pO2xPO4_5x5h.dat.02,90.18
0.7,2.3,0.0011263681933645,Background,1.0,0.75,17.06,43.63588595879264,Devon370Ma_075xRemin_1xpCO2.pO2xPO4_5x5h.dat.43,65.23
0.6,2.3,0.0001812116540797,Background,1.0,0.75,17.06,42.274750740034506,Devon370Ma_075xRemin_1xpCO2.pO2xPO4_5x5h.dat.33,71.74
0.5,2.3,0.0001165564144059,Background,1.0,0.75,17.06,40.992326830746606,Devon370Ma_075xRemin_1xpCO2.pO2xPO4_5x5h.dat.23,80.37
0.4,2.3,9.062048884561862e-05,Background,1.0,0.75,17.06,39.78634049417451,Devon370Ma_075xRemin_1xpCO2.pO2xPO4_5x5h.dat.13,88.99
0.3,2.3,5.415143117661126e-05,Background,1.0,0.75,17.06,38.60641299979761,Devon370Ma_075xRemin_1xpCO2.pO2xPO4_5x5h.dat.03,90.28
0.7,2.4,0.000198363833132,Background,1.0,0.75,17.06,57.57604958489537,Devon370Ma_075xRemin_1xpCO2.pO2xPO4_5x5h.dat.44,66.79
0.6,2.4,0.0001246651449693,Background,1.0,0.75,17.06,55.76385956373997,Devon370Ma_075xRemin_1xpCO2.pO2xPO4_5x5h.dat.34,73.39
0.5,2.4,0.0001041680068626,Background,1.0,0.75,17.06,54.04415060183965,Devon370Ma_075xRemin_1xpCO2.pO2xPO4_5x5h.dat.24,81.47
0.4,2.4,8.498771596224953e-05,Background,1.0,0.75,17.06,52.59386671241373,Devon370Ma_075xRemin_1xpCO2.pO2xPO4_5x5h.dat.14,89.08
0.3,2.4,5.0844394180029806e-05,Background,1.0,0.75,17.06,51.21750291436911,Devon370Ma_075xRemin_1xpCO2.pO2xPO4_5x5h.dat.04,90.28
0.7,2.0,0.0338462327357378,Kellwasser,1.0,0.75,17.06,10.913664482359309,Devon370Ma_075xRemin_1xpCO2.pO2xPO4_5x5h.dat.40,60.18
0.6,2.0,0.0070702844508641,Kellwasser,1.0,0.75,17.06,10.395482604508288,Devon370Ma_075xRemin_1xpCO2.pO2xPO4_5x5h.dat.30,67.71
0.5,2.0,0.0036199184305056,Kellwasser,1.0,0.75,17.06,9.95307618723018,Devon370Ma_075xRemin_1xpCO2.pO2xPO4_5x5h.dat.20,76.42
0.4,2.0,0.0009491061896209,Kellwasser,1.0,0.75,17.06,9.565751497575548,Devon370Ma_075xRemin_1xpCO2.pO2xPO4_5x5h.dat.10,88.53
0.3,2.0,0.0004125571512394,Kellwasser,1.0,0.75,17.06,9.205386959365567,Devon370Ma_075xRemin_1xpCO2.pO2xPO4_5x5h.dat.00,90.18
0.7,2.1,0.0194772345073792,Kellwasser,1.0,0.75,17.06,19.61820998985786,Devon370Ma_075xRemin_1xpCO2.pO2xPO4_5x5h.dat.41,62.29
0.6,2.1,0.0040820875365993,Kellwasser,1.0,0.75,17.06,18.8491558219539,Devon370Ma_075xRemin_1xpCO2.pO2xPO4_5x5h.dat.31,69.27
0.5,2.1,0.0015949430427159,Kellwasser,1.0,0.75,17.06,18.16855547076557,Devon370Ma_075xRemin_1xpCO2.pO2xPO4_5x5h.dat.21,78.53
0.4,2.1,0.0006801075182612,Kellwasser,1.0,0.75,17.06,17.542259229230694,Devon370Ma_075xRemin_1xpCO2.pO2xPO4_5x5h.dat.11,88.81
0.3,2.1,0.0003714579914321,Kellwasser,1.0,0.75,17.06,16.928415789152496,Devon370Ma_075xRemin_1xpCO2.pO2xPO4_5x5h.dat.01,90.18
0.7,2.2,0.0048766082801613,Kellwasser,1.0,0.75,17.06,31.09948374913074,Devon370Ma_075xRemin_1xpCO2.pO2xPO4_5x5h.dat.42,63.94
0.6,2.2,0.0020573788859056,Kellwasser,1.0,0.75,17.06,29.886474294471554,Devon370Ma_075xRemin_1xpCO2.pO2xPO4_5x5h.dat.32,70.64
0.5,2.2,0.0008397489784298,Kellwasser,1.0,0.75,17.06,28.69457966880873,Devon370Ma_075xRemin_1xpCO2.pO2xPO4_5x5h.dat.22,78.99
0.4,2.2,0.0005859027881137,Kellwasser,1.0,0.75,17.06,27.656176825985312,Devon370Ma_075xRemin_1xpCO2.pO2xPO4_5x5h.dat.12,89.08
0.3,2.2,0.0003269415065025,Kellwasser,1.0,0.75,17.06,26.73172639333643,Devon370Ma_075xRemin_1xpCO2.pO2xPO4_5x5h.dat.02,90.18
0.7,2.3,0.0022018435474465,Kellwasser,1.0,0.75,17.06,43.63588595879264,Devon370Ma_075xRemin_1xpCO2.pO2xPO4_5x5h.dat.43,65.23
0.6,2.3,0.0009706916036956,Kellwasser,1.0,0.75,17.06,42.274750740034506,Devon370Ma_075xRemin_1xpCO2.pO2xPO4_5x5h.dat.33,71.74
0.5,2.3,0.0007147999460339,Kellwasser,1.0,0.75,17.06,40.992326830746606,Devon370Ma_075xRemin_1xpCO2.pO2xPO4_5x5h.dat.23,80.37
0.4,2.3,0.0005368778430129,Kellwasser,1.0,0.75,17.06,39.78634049417451,Devon370Ma_075xRemin_1xpCO2.pO2xPO4_5x5h.dat.13,88.99
0.3,2.3,0.0002969541239755,Kellwasser,1.0,0.75,17.06,38.60641299979761,Devon370Ma_075xRemin_1xpCO2.pO2xPO4_5x5h.dat.03,90.28
0.7,2.4,0.0010284279737362,Kellwasser,1.0,0.75,17.06,57.57604958489537,Devon370Ma_075xRemin_1xpCO2.pO2xPO4_5x5h.dat.44,66.79
0.6,2.4,0.0007616975566641,Kellwasser,1.0,0.75,17.06,55.76385956373997,Devon370Ma_075xRemin_1xpCO2.pO2xPO4_5x5h.dat.34,73.39
0.5,2.4,0.0006238457496153,Kellwasser,1.0,0.75,17.06,54.04415060183965,Devon370Ma_075xRemin_1xpCO2.pO2xPO4_5x5h.dat.24,81.47
0.4,2.4,0.0005002381908238,Kellwasser,1.0,0.75,17.06,52.59386671241373,Devon370Ma_075xRemin_1xpCO2.pO2xPO4_5x5h.dat.14,89.08
0.3,2.4,0.0002749947158664,Kellwasser,1.0,0.75,17.06,51.21750291436911,Devon370Ma_075xRemin_1xpCO2.pO2xPO4_5x5h.dat.04,90.28
1.2,0.5,0.0317733155336563,Background,2.5,0.75,21.46,142.2146597178653,Devon370Ma_075xRemin_2.5xpCO2.pO2xPO4_5x5a.dat.40,0.0
1.1,0.5,0.0339380030212759,Background,2.5,0.75,21.46,129.5514084631577,Devon370Ma_075xRemin_2.5xpCO2.pO2xPO4_5x5a.dat.30,0.0
1.0,0.5,0.0275343508243245,Background,2.5,0.75,21.46,117.56230378523468,Devon370Ma_075xRemin_2.5xpCO2.pO2xPO4_5x5a.dat.20,0.0
0.9,0.5,0.0129302856038909,Background,2.5,0.75,21.46,106.7342745955102,Devon370Ma_075xRemin_2.5xpCO2.pO2xPO4_5x5a.dat.10,0.0
0.8,0.5,0.0230849580137121,Background,2.5,0.75,21.46,98.077864095103,Devon370Ma_075xRemin_2.5xpCO2.pO2xPO4_5x5a.dat.00,0.28
1.2,0.6,0.0240378867429637,Background,2.5,0.75,21.46,167.98674187157303,Devon370Ma_075xRemin_2.5xpCO2.pO2xPO4_5x5a.dat.41,0.0
1.1,0.6,0.0170725965875811,Background,2.5,0.75,21.46,155.11784295085818,Devon370Ma_075xRemin_2.5xpCO2.pO2xPO4_5x5a.dat.31,0.0
1.0,0.6,0.0248147468867237,Background,2.5,0.75,21.46,142.6887756679207,Devon370Ma_075xRemin_2.5xpCO2.pO2xPO4_5x5a.dat.21,0.09
0.9,0.6,0.0811284342114748,Background,2.5,0.75,21.46,130.91879372950643,Devon370Ma_075xRemin_2.5xpCO2.pO2xPO4_5x5a.dat.11,0.46
0.8,0.6,0.1239623468562955,Background,2.5,0.75,21.46,120.23680028505623,Devon370Ma_075xRemin_2.5xpCO2.pO2xPO4_5x5a.dat.01,0.83
1.2,0.7,0.0316500872036848,Background,2.5,0.75,21.46,193.816886167042,Devon370Ma_075xRemin_2.5xpCO2.pO2xPO4_5x5a.dat.42,0.0
1.1,0.7,0.0422091818058459,Background,2.5,0.75,21.46,180.8439556043595,Devon370Ma_075xRemin_2.5xpCO2.pO2xPO4_5x5a.dat.32,0.28
1.0,0.7,0.1072016193789057,Background,2.5,0.75,21.46,168.17472351249307,Devon370Ma_075xRemin_2.5xpCO2.pO2xPO4_5x5a.dat.22,0.55
0.9,0.7,0.1640221708607514,Background,2.5,0.75,21.46,155.96927551086992,Devon370Ma_075xRemin_2.5xpCO2.pO2xPO4_5x5a.dat.12,0.92
0.8,0.7,0.2876785181992188,Background,2.5,0.75,21.46,155.96927551086992,Devon370Ma_075xRemin_2.5xpCO2.pO2xPO4_5x5a.dat.02,1.1
1.2,0.8,0.0941442711171404,Background,2.5,0.75,21.46,219.67958309687677,Devon370Ma_075xRemin_2.5xpCO2.pO2xPO4_5x5a.dat.43,0.46
1.1,0.8,0.141581563913078,Background,2.5,0.75,21.46,206.64055773522705,Devon370Ma_075xRemin_2.5xpCO2.pO2xPO4_5x5a.dat.33,0.64
1.0,0.8,0.2020693759205364,Background,2.5,0.75,21.46,193.8561617862433,Devon370Ma_075xRemin_2.5xpCO2.pO2xPO4_5x5a.dat.23,0.92
0.9,0.8,0.3308377303301874,Background,2.5,0.75,21.46,181.38463201466948,Devon370Ma_075xRemin_2.5xpCO2.pO2xPO4_5x5a.dat.13,1.19
0.8,0.8,0.2171838194217725,Background,2.5,0.75,21.46,169.38045155256987,Devon370Ma_075xRemin_2.5xpCO2.pO2xPO4_5x5a.dat.03,2.84
1.2,0.9,0.1785252748455314,Background,2.5,0.75,21.46,245.5666835885495,Devon370Ma_075xRemin_2.5xpCO2.pO2xPO4_5x5a.dat.44,0.73
1.1,0.9,0.2400136071794489,Background,2.5,0.75,21.46,232.47860372066495,Devon370Ma_075xRemin_2.5xpCO2.pO2xPO4_5x5a.dat.34,1.01
1.0,0.9,0.2020693759205364,Background,2.5,0.75,21.46,219.6161512983963,Devon370Ma_075xRemin_2.5xpCO2.pO2xPO4_5x5a.dat.24,0.92
0.9,0.9,0.2849416905546276,Background,2.5,0.75,21.46,207.01218454632908,Devon370Ma_075xRemin_2.5xpCO2.pO2xPO4_5x5a.dat.14,2.75
0.8,0.9,0.0010719530357595,Background,2.5,0.75,21.46,194.7408891282976,Devon370Ma_075xRemin_2.5xpCO2.pO2xPO4_5x5a.dat.04,5.32
1.2,0.5,0.0135117855378136,Kellwasser,2.5,0.75,21.46,142.2146597178653,Devon370Ma_075xRemin_2.5xpCO2.pO2xPO4_5x5a.dat.40,0.0
1.1,0.5,0.0139237765797592,Kellwasser,2.5,0.75,21.46,129.5514084631577,Devon370Ma_075xRemin_2.5xpCO2.pO2xPO4_5x5a.dat.30,0.0
1.0,0.5,0.0135927197724877,Kellwasser,2.5,0.75,21.46,117.56230378523468,Devon370Ma_075xRemin_2.5xpCO2.pO2xPO4_5x5a.dat.20,0.0
0.9,0.5,0.0128817360032489,Kellwasser,2.5,0.75,21.46,106.7342745955102,Devon370Ma_075xRemin_2.5xpCO2.pO2xPO4_5x5a.dat.10,0.0
0.8,0.5,0.0133677917646078,Kellwasser,2.5,0.75,21.46,98.077864095103,Devon370Ma_075xRemin_2.5xpCO2.pO2xPO4_5x5a.dat.00,0.28
1.2,0.6,0.0136067686090556,Kellwasser,2.5,0.75,21.46,167.98674187157303,Devon370Ma_075xRemin_2.5xpCO2.pO2xPO4_5x5a.dat.41,0.0
1.1,0.6,0.0125834092581068,Kellwasser,2.5,0.75,21.46,155.11784295085818,Devon370Ma_075xRemin_2.5xpCO2.pO2xPO4_5x5a.dat.31,0.0
1.0,0.6,0.0133968452268139,Kellwasser,2.5,0.75,21.46,142.6887756679207,Devon370Ma_075xRemin_2.5xpCO2.pO2xPO4_5x5a.dat.21,0.09
0.9,0.6,0.0127667373923505,Kellwasser,2.5,0.75,21.46,130.91879372950643,Devon370Ma_075xRemin_2.5xpCO2.pO2xPO4_5x5a.dat.11,0.46
0.8,0.6,0.0098371655740137,Kellwasser,2.5,0.75,21.46,120.23680028505623,Devon370Ma_075xRemin_2.5xpCO2.pO2xPO4_5x5a.dat.01,0.83
1.2,0.7,0.0128528608188245,Kellwasser,2.5,0.75,21.46,193.816886167042,Devon370Ma_075xRemin_2.5xpCO2.pO2xPO4_5x5a.dat.42,0.0
1.1,0.7,0.0129956061443901,Kellwasser,2.5,0.75,21.46,180.8439556043595,Devon370Ma_075xRemin_2.5xpCO2.pO2xPO4_5x5a.dat.32,0.28
1.0,0.7,0.0117632548558204,Kellwasser,2.5,0.75,21.46,168.17472351249307,Devon370Ma_075xRemin_2.5xpCO2.pO2xPO4_5x5a.dat.22,0.55
0.9,0.7,0.0088389881259396,Kellwasser,2.5,0.75,21.46,155.96927551086992,Devon370Ma_075xRemin_2.5xpCO2.pO2xPO4_5x5a.dat.12,0.92
0.8,0.7,0.0015962662863733,Kellwasser,2.5,0.75,21.46,155.96927551086992,Devon370Ma_075xRemin_2.5xpCO2.pO2xPO4_5x5a.dat.02,1.1
1.2,0.8,0.0125216979190726,Kellwasser,2.5,0.75,21.46,219.67958309687677,Devon370Ma_075xRemin_2.5xpCO2.pO2xPO4_5x5a.dat.43,0.46
1.1,0.8,0.0098353461036462,Kellwasser,2.5,0.75,21.46,206.64055773522705,Devon370Ma_075xRemin_2.5xpCO2.pO2xPO4_5x5a.dat.33,0.64
1.0,0.8,0.0059379036580043,Kellwasser,2.5,0.75,21.46,193.8561617862433,Devon370Ma_075xRemin_2.5xpCO2.pO2xPO4_5x5a.dat.23,0.92
0.9,0.8,0.0008072524577605,Kellwasser,2.5,0.75,21.46,181.38463201466948,Devon370Ma_075xRemin_2.5xpCO2.pO2xPO4_5x5a.dat.13,1.19
0.8,0.8,0.0844938776356382,Kellwasser,2.5,0.75,21.46,169.38045155256987,Devon370Ma_075xRemin_2.5xpCO2.pO2xPO4_5x5a.dat.03,2.84
1.2,0.9,0.007928239277182,Kellwasser,2.5,0.75,21.46,245.5666835885495,Devon370Ma_075xRemin_2.5xpCO2.pO2xPO4_5x5a.dat.44,0.73
1.1,0.9,0.0043776148019809,Kellwasser,2.5,0.75,21.46,232.47860372066495,Devon370Ma_075xRemin_2.5xpCO2.pO2xPO4_5x5a.dat.34,1.01
1.0,0.9,0.0059379036580043,Kellwasser,2.5,0.75,21.46,219.6161512983963,Devon370Ma_075xRemin_2.5xpCO2.pO2xPO4_5x5a.dat.24,0.92
0.9,0.9,0.0586586273873756,Kellwasser,2.5,0.75,21.46,207.01218454632908,Devon370Ma_075xRemin_2.5xpCO2.pO2xPO4_5x5a.dat.14,2.75
0.8,0.9,0.3563192887305396,Kellwasser,2.5,0.75,21.46,194.7408891282976,Devon370Ma_075xRemin_2.5xpCO2.pO2xPO4_5x5a.dat.04,5.32
1.2,1.0,0.277791435186855,Background,2.5,0.75,21.46,91.30763646680862,Devon370Ma_075xRemin_2.5xpCO2.pO2xPO4_5x5b.dat.40,1.01
1.1,1.0,0.4278017788236394,Background,2.5,0.75,21.46,85.84064926253632,Devon370Ma_075xRemin_2.5xpCO2.pO2xPO4_5x5b.dat.30,1.38
1.0,1.0,0.2871206034926631,Background,2.5,0.75,21.46,81.24190935632214,Devon370Ma_075xRemin_2.5xpCO2.pO2xPO4_5x5b.dat.20,2.66
0.9,1.0,0.0750063895253639,Background,2.5,0.75,21.46,77.2686253185384,Devon370Ma_075xRemin_2.5xpCO2.pO2xPO4_5x5b.dat.10,4.86
0.8,1.0,0.0209645103005028,Background,2.5,0.75,21.46,73.34138354053721,Devon370Ma_075xRemin_2.5xpCO2.pO2xPO4_5x5b.dat.00,7.71
1.2,1.1,0.4681676883833053,Background,2.5,0.75,21.46,111.54486128361896,Devon370Ma_075xRemin_2.5xpCO2.pO2xPO4_5x5b.dat.41,1.65
1.1,1.1,0.2957945042490457,Background,2.5,0.75,21.46,104.59488112246618,Devon370Ma_075xRemin_2.5xpCO2.pO2xPO4_5x5b.dat.31,2.57
1.0,1.1,0.0608004063647234,Background,2.5,0.75,21.46,98.8650936051272,Devon370Ma_075xRemin_2.5xpCO2.pO2xPO4_5x5b.dat.21,4.59
0.9,1.1,0.0249398593138514,Background,2.5,0.75,21.46,94.07887409906834,Devon370Ma_075xRemin_2.5xpCO2.pO2xPO4_5x5b.dat.11,7.06
0.8,1.1,0.0382619535134761,Background,2.5,0.75,21.46,89.38183600548655,Devon370Ma_075xRemin_2.5xpCO2.pO2xPO4_5x5b.dat.01,9.63
1.2,1.2,0.303018104457261,Background,2.5,0.75,21.46,133.84237536229193,Devon370Ma_075xRemin_2.5xpCO2.pO2xPO4_5x5b.dat.42,2.48
1.1,1.2,0.0937167423052501,Background,2.5,0.75,21.46,125.11844397522508,Devon370Ma_075xRemin_2.5xpCO2.pO2xPO4_5x5b.dat.32,4.5
1.0,1.2,0.0063422369287147,Background,2.5,0.75,21.46,118.02789231296627,Devon370Ma_075xRemin_2.5xpCO2.pO2xPO4_5x5b.dat.22,6.79
0.9,1.2,0.0263834420207007,Background,2.5,0.75,21.46,112.0723900385201,Devon370Ma_075xRemin_2.5xpCO2.pO2xPO4_5x5b.dat.12,8.44
0.8,1.2,0.0606519450888862,Background,2.5,0.75,21.46,106.62328713806346,Devon370Ma_075xRemin_2.5xpCO2.pO2xPO4_5x5b.dat.02,15.23
1.2,1.3,0.1048567906705367,Background,2.5,0.75,21.46,157.9889067215845,Devon370Ma_075xRemin_2.5xpCO2.pO2xPO4_5x5b.dat.43,4.22
1.1,1.3,0.0013460841226612,Background,2.5,0.75,21.46,147.55502343177795,Devon370Ma_075xRemin_2.5xpCO2.pO2xPO4_5x5b.dat.33,6.24
1.0,1.3,0.0221136013270353,Background,2.5,0.75,21.46,138.81029735784978,Devon370Ma_075xRemin_2.5xpCO2.pO2xPO4_5x5b.dat.23,7.98
0.9,1.3,0.049792202513983,Background,2.5,0.75,21.46,131.5945410169661,Devon370Ma_075xRemin_2.5xpCO2.pO2xPO4_5x5b.dat.13,11.83
0.8,1.3,0.0488956529186133,Background,2.5,0.75,21.46,125.08138024713844,Devon370Ma_075xRemin_2.5xpCO2.pO2xPO4_5x5b.dat.03,23.39
1.2,1.4,0.0105455008666619,Background,2.5,0.75,21.46,182.92738241143525,Devon370Ma_075xRemin_2.5xpCO2.pO2xPO4_5x5b.dat.44,5.87
1.1,1.4,0.0091329265436502,Background,2.5,0.75,21.46,171.70407227240503,Devon370Ma_075xRemin_2.5xpCO2.pO2xPO4_5x5b.dat.34,7.71
1.0,1.4,0.0254824694028303,Background,2.5,0.75,21.46,161.38133651111275,Devon370Ma_075xRemin_2.5xpCO2.pO2xPO4_5x5b.dat.24,9.27
0.9,1.4,0.0461726244909149,Background,2.5,0.75,21.46,152.62927627190948,Devon370Ma_075xRemin_2.5xpCO2.pO2xPO4_5x5b.dat.14,17.16
0.8,1.4,0.0371610189740909,Background,2.5,0.75,21.46,144.94845527224243,Devon370Ma_075xRemin_2.5xpCO2.pO2xPO4_5x5b.dat.04,29.27
1.2,1.0,0.0003359744833116,Kellwasser,2.5,0.75,21.46,91.30763646680862,Devon370Ma_075xRemin_2.5xpCO2.pO2xPO4_5x5b.dat.40,1.01
1.1,1.0,0.0038787620495753,Kellwasser,2.5,0.75,21.46,85.84064926253632,Devon370Ma_075xRemin_2.5xpCO2.pO2xPO4_5x5b.dat.30,1.38
1.0,1.0,0.0580688216725273,Kellwasser,2.5,0.75,21.46,81.24190935632214,Devon370Ma_075xRemin_2.5xpCO2.pO2xPO4_5x5b.dat.20,2.66
0.9,1.0,0.2322757422362112,Kellwasser,2.5,0.75,21.46,77.2686253185384,Devon370Ma_075xRemin_2.5xpCO2.pO2xPO4_5x5b.dat.10,4.86
0.8,1.0,0.5828385050820944,Kellwasser,2.5,0.75,21.46,73.34138354053721,Devon370Ma_075xRemin_2.5xpCO2.pO2xPO4_5x5b.dat.00,7.71
1.2,1.1,0.0069089384590092,Kellwasser,2.5,0.75,21.46,111.54486128361896,Devon370Ma_075xRemin_2.5xpCO2.pO2xPO4_5x5b.dat.41,1.65
1.1,1.1,0.0563037365346663,Kellwasser,2.5,0.75,21.46,104.59488112246618,Devon370Ma_075xRemin_2.5xpCO2.pO2xPO4_5x5b.dat.31,2.57
1.0,1.1,0.2368406400532726,Kellwasser,2.5,0.75,21.46,98.8650936051272,Devon370Ma_075xRemin_2.5xpCO2.pO2xPO4_5x5b.dat.21,4.59
0.9,1.1,0.5854972451934715,Kellwasser,2.5,0.75,21.46,94.07887409906834,Devon370Ma_075xRemin_2.5xpCO2.pO2xPO4_5x5b.dat.11,7.06
0.8,1.1,0.6609759527077743,Kellwasser,2.5,0.75,21.46,89.38183600548655,Devon370Ma_075xRemin_2.5xpCO2.pO2xPO4_5x5b.dat.01,9.63
1.2,1.2,0.0526974737519005,Kellwasser,2.5,0.75,21.46,133.84237536229193,Devon370Ma_075xRemin_2.5xpCO2.pO2xPO4_5x5b.dat.42,2.48
1.1,1.2,0.2150889844502402,Kellwasser,2.5,0.75,21.46,125.11844397522508,Devon370Ma_075xRemin_2.5xpCO2.pO2xPO4_5x5b.dat.32,4.5
1.0,1.2,0.5448394403025965,Kellwasser,2.5,0.75,21.46,118.02789231296627,Devon370Ma_075xRemin_2.5xpCO2.pO2xPO4_5x5b.dat.22,6.79
0.9,1.2,0.6531978744800715,Kellwasser,2.5,0.75,21.46,112.0723900385201,Devon370Ma_075xRemin_2.5xpCO2.pO2xPO4_5x5b.dat.12,8.44
0.8,1.2,0.4806171955574349,Kellwasser,2.5,0.75,21.46,106.62328713806346,Devon370Ma_075xRemin_2.5xpCO2.pO2xPO4_5x5b.dat.02,15.23
1.2,1.3,0.2028712319132203,Kellwasser,2.5,0.75,21.46,157.9889067215845,Devon370Ma_075xRemin_2.5xpCO2.pO2xPO4_5x5b.dat.43,4.22
1.1,1.3,0.5628459179828655,Kellwasser,2.5,0.75,21.46,147.55502343177795,Devon370Ma_075xRemin_2.5xpCO2.pO2xPO4_5x5b.dat.33,6.24
1.0,1.3,0.6552192842546649,Kellwasser,2.5,0.75,21.46,138.81029735784978,Devon370Ma_075xRemin_2.5xpCO2.pO2xPO4_5x5b.dat.23,7.98
0.9,1.3,0.5578327227477169,Kellwasser,2.5,0.75,21.46,131.5945410169661,Devon370Ma_075xRemin_2.5xpCO2.pO2xPO4_5x5b.dat.13,11.83
0.8,1.3,0.3454498769896295,Kellwasser,2.5,0.75,21.46,125.08138024713844,Devon370Ma_075xRemin_2.5xpCO2.pO2xPO4_5x5b.dat.03,23.39
1.2,1.4,0.5412123860566309,Kellwasser,2.5,0.75,21.46,182.92738241143525,Devon370Ma_075xRemin_2.5xpCO2.pO2xPO4_5x5b.dat.44,5.87
1.1,1.4,0.6291865128945355,Kellwasser,2.5,0.75,21.46,171.70407227240503,Devon370Ma_075xRemin_2.5xpCO2.pO2xPO4_5x5b.dat.34,7.71
1.0,1.4,0.5770222026928783,Kellwasser,2.5,0.75,21.46,161.38133651111275,Devon370Ma_075xRemin_2.5xpCO2.pO2xPO4_5x5b.dat.24,9.27
0.9,1.4,0.3734351768762221,Kellwasser,2.5,0.75,21.46,152.62927627190948,Devon370Ma_075xRemin_2.5xpCO2.pO2xPO4_5x5b.dat.14,17.16
0.8,1.4,0.2597911747207639,Kellwasser,2.5,0.75,21.46,144.94845527224243,Devon370Ma_075xRemin_2.5xpCO2.pO2xPO4_5x5b.dat.04,29.27
1.2,1.5,0.0085091573977656,Background,2.5,0.75,21.46,70.16839663265273,Devon370Ma_075xRemin_2.5xpCO2.pO2xPO4_5x5c.dat.40,7.16
1.1,1.5,0.018260393541551,Background,2.5,0.75,21.46,67.83063872717321,Devon370Ma_075xRemin_2.5xpCO2.pO2xPO4_5x5c.dat.30,8.53
1.0,1.5,0.042819516233556,Background,2.5,0.75,21.46,65.29546953970566,Devon370Ma_075xRemin_2.5xpCO2.pO2xPO4_5x5c.dat.20,12.39
0.9,1.5,0.0386699937413179,Background,2.5,0.75,21.46,62.95982166193426,Devon370Ma_075xRemin_2.5xpCO2.pO2xPO4_5x5c.dat.10,24.04
0.8,1.5,0.0312899453271048,Background,2.5,0.75,21.46,60.83000698708929,Devon370Ma_075xRemin_2.5xpCO2.pO2xPO4_5x5c.dat.00,35.41
1.2,1.6,0.0114839390647081,Background,2.5,0.75,21.46,85.62940638512373,Devon370Ma_075xRemin_2.5xpCO2.pO2xPO4_5x5c.dat.41,7.8
1.1,1.6,0.0336426468712851,Background,2.5,0.75,21.46,82.89776451420039,Devon370Ma_075xRemin_2.5xpCO2.pO2xPO4_5x5c.dat.31,9.54
1.0,1.6,0.036196655972584,Background,2.5,0.75,21.46,79.84622789081186,Devon370Ma_075xRemin_2.5xpCO2.pO2xPO4_5x5c.dat.21,17.89
0.9,1.6,0.0293632373359424,Background,2.5,0.75,21.46,77.0526603446342,Devon370Ma_075xRemin_2.5xpCO2.pO2xPO4_5x5c.dat.11,28.81
0.8,1.6,0.024827658573283,Background,2.5,0.75,21.46,74.54843580489978,Devon370Ma_075xRemin_2.5xpCO2.pO2xPO4_5x5c.dat.01,39.36
1.2,1.7,0.0173710608209076,Background,2.5,0.75,21.46,102.19754767604172,Devon370Ma_075xRemin_2.5xpCO2.pO2xPO4_5x5c.dat.42,9.27
1.1,1.7,0.031508661526026,Background,2.5,0.75,21.46,98.77479897113516,Devon370Ma_075xRemin_2.5xpCO2.pO2xPO4_5x5c.dat.32,12.66
1.0,1.7,0.028116467751953,Background,2.5,0.75,21.46,95.27489601168782,Devon370Ma_075xRemin_2.5xpCO2.pO2xPO4_5x5c.dat.22,23.49
0.9,1.7,0.0240959917169166,Background,2.5,0.75,21.46,92.15917089022696,Devon370Ma_075xRemin_2.5xpCO2.pO2xPO4_5x5c.dat.12,33.12
0.8,1.7,0.0202942144927297,Background,2.5,0.75,21.46,89.20410618884489,Devon370Ma_075xRemin_2.5xpCO2.pO2xPO4_5x5c.dat.02,43.58
1.2,1.8,0.0279941969880637,Background,2.5,0.75,21.46,119.79659757344052,Devon370Ma_075xRemin_2.5xpCO2.pO2xPO4_5x5c.dat.43,10.55
1.1,1.8,0.0260172686887154,Background,2.5,0.75,21.46,115.76168617466465,Devon370Ma_075xRemin_2.5xpCO2.pO2xPO4_5x5c.dat.33,18.17
1.0,1.8,0.0225258680448238,Background,2.5,0.75,21.46,111.65243631694466,Devon370Ma_075xRemin_2.5xpCO2.pO2xPO4_5x5c.dat.23,27.61
0.9,1.8,0.0196271266537658,Background,2.5,0.75,21.46,107.95058187795804,Devon370Ma_075xRemin_2.5xpCO2.pO2xPO4_5x5c.dat.13,37.43
0.8,1.8,0.0153924507488057,Background,2.5,0.75,21.46,104.63820945005864,Devon370Ma_075xRemin_2.5xpCO2.pO2xPO4_5x5c.dat.03,47.89
1.2,1.9,0.0235430149458568,Background,2.5,0.75,21.46,138.64511856809258,Devon370Ma_075xRemin_2.5xpCO2.pO2xPO4_5x5c.dat.44,12.94
1.1,1.9,0.0211294985598893,Background,2.5,0.75,21.46,133.70234228204936,Devon370Ma_075xRemin_2.5xpCO2.pO2xPO4_5x5c.dat.34,23.3
1.0,1.9,0.0175398163915007,Background,2.5,0.75,21.46,128.97769920527935,Devon370Ma_075xRemin_2.5xpCO2.pO2xPO4_5x5c.dat.24,32.11
0.9,1.9,0.0153913300960369,Background,2.5,0.75,21.46,124.77388372644782,Devon370Ma_075xRemin_2.5xpCO2.pO2xPO4_5x5c.dat.14,41.38
0.8,1.9,0.0118043870731111,Background,2.5,0.75,21.46,120.88770017726348,Devon370Ma_075xRemin_2.5xpCO2.pO2xPO4_5x5c.dat.04,51.1
1.2,1.5,0.6392260617740227,Kellwasser,2.5,0.75,21.46,70.16839663265273,Devon370Ma_075xRemin_2.5xpCO2.pO2xPO4_5x5c.dat.40,7.16
1.1,1.5,0.5469877967183492,Kellwasser,2.5,0.75,21.46,67.83063872717321,Devon370Ma_075xRemin_2.5xpCO2.pO2xPO4_5x5c.dat.30,8.53
1.0,1.5,0.3774865171530794,Kellwasser,2.5,0.75,21.46,65.29546953970566,Devon370Ma_075xRemin_2.5xpCO2.pO2xPO4_5x5c.dat.20,12.39
0.9,1.5,0.2621549704388907,Kellwasser,2.5,0.75,21.46,62.95982166193426,Devon370Ma_075xRemin_2.5xpCO2.pO2xPO4_5x5c.dat.10,24.04
0.8,1.5,0.1945283223115997,Kellwasser,2.5,0.75,21.46,60.83000698708929,Devon370Ma_075xRemin_2.5xpCO2.pO2xPO4_5x5c.dat.00,35.41
1.2,1.6,0.5122988467663021,Kellwasser,2.5,0.75,21.46,85.62940638512373,Devon370Ma_075xRemin_2.5xpCO2.pO2xPO4_5x5c.dat.41,7.8
1.1,1.6,0.4273778343901852,Kellwasser,2.5,0.75,21.46,82.89776451420039,Devon370Ma_075xRemin_2.5xpCO2.pO2xPO4_5x5c.dat.31,9.54
1.0,1.6,0.2600881371396807,Kellwasser,2.5,0.75,21.46,79.84622789081186,Devon370Ma_075xRemin_2.5xpCO2.pO2xPO4_5x5c.dat.21,17.89
0.9,1.6,0.1914686776915076,Kellwasser,2.5,0.75,21.46,77.0526603446342,Devon370Ma_075xRemin_2.5xpCO2.pO2xPO4_5x5c.dat.11,28.81
0.8,1.6,0.1465493804380679,Kellwasser,2.5,0.75,21.46,74.54843580489978,Devon370Ma_075xRemin_2.5xpCO2.pO2xPO4_5x5c.dat.01,39.36
1.2,1.7,0.4048322158813527,Kellwasser,2.5,0.75,21.46,102.19754767604172,Devon370Ma_075xRemin_2.5xpCO2.pO2xPO4_5x5c.dat.42,9.27
1.1,1.7,0.2649962091950542,Kellwasser,2.5,0.75,21.46,98.77479897113516,Devon370Ma_075xRemin_2.5xpCO2.pO2xPO4_5x5c.dat.32,12.66
1.0,1.7,0.1861962860428203,Kellwasser,2.5,0.75,21.46,95.27489601168782,Devon370Ma_075xRemin_2.5xpCO2.pO2xPO4_5x5c.dat.22,23.49
0.9,1.7,0.1416343977110411,Kellwasser,2.5,0.75,21.46,92.15917089022696,Devon370Ma_075xRemin_2.5xpCO2.pO2xPO4_5x5c.dat.12,33.12
0.8,1.7,0.0971343920676904,Kellwasser,2.5,0.75,21.46,89.20410618884489,Devon370Ma_075xRemin_2.5xpCO2.pO2xPO4_5x5c.dat.02,43.58
1.2,1.8,0.2586314871490122,Kellwasser,2.5,0.75,21.46,119.79659757344052,Devon370Ma_075xRemin_2.5xpCO2.pO2xPO4_5x5c.dat.43,10.55
1.1,1.8,0.1832378943702293,Kellwasser,2.5,0.75,21.46,115.76168617466465,Devon370Ma_075xRemin_2.5xpCO2.pO2xPO4_5x5c.dat.33,18.17
1.0,1.8,0.138080532092665,Kellwasser,2.5,0.75,21.46,111.65243631694466,Devon370Ma_075xRemin_2.5xpCO2.pO2xPO4_5x5c.dat.23,27.61
0.9,1.8,0.1030962102845357,Kellwasser,2.5,0.75,21.46,107.95058187795804,Devon370Ma_075xRemin_2.5xpCO2.pO2xPO4_5x5c.dat.13,37.43
0.8,1.8,0.0695343345357927,Kellwasser,2.5,0.75,21.46,104.63820945005864,Devon370Ma_075xRemin_2.5xpCO2.pO2xPO4_5x5c.dat.03,47.89
1.2,1.9,0.1721109095560141,Kellwasser,2.5,0.75,21.46,138.64511856809258,Devon370Ma_075xRemin_2.5xpCO2.pO2xPO4_5x5c.dat.44,12.94
1.1,1.9,0.1326310964751447,Kellwasser,2.5,0.75,21.46,133.70234228204936,Devon370Ma_075xRemin_2.5xpCO2.pO2xPO4_5x5c.dat.34,23.3
1.0,1.9,0.0993947113185062,Kellwasser,2.5,0.75,21.46,128.97769920527935,Devon370Ma_075xRemin_2.5xpCO2.pO2xPO4_5x5c.dat.24,32.11
0.9,1.9,0.0685705388945754,Kellwasser,2.5,0.75,21.46,124.77388372644782,Devon370Ma_075xRemin_2.5xpCO2.pO2xPO4_5x5c.dat.14,41.38
0.8,1.9,0.0515703663799698,Kellwasser,2.5,0.75,21.46,120.88770017726348,Devon370Ma_075xRemin_2.5xpCO2.pO2xPO4_5x5c.dat.04,51.1
0.7,0.5,0.0939973352075013,Background,2.5,0.75,21.46,28.047523301211186,Devon370Ma_075xRemin_2.5xpCO2.pO2xPO4_5x5d.dat.40,0.55
0.6,0.5,0.2095897619043805,Background,2.5,0.75,21.46,24.5754090428818,Devon370Ma_075xRemin_2.5xpCO2.pO2xPO4_5x5d.dat.30,1.01
0.5,0.5,0.1923110792585939,Background,2.5,0.75,21.46,21.86238816648256,Devon370Ma_075xRemin_2.5xpCO2.pO2xPO4_5x5d.dat.20,2.94
0.4,0.5,0.049777230557686,Background,2.5,0.75,21.46,19.591168893384747,Devon370Ma_075xRemin_2.5xpCO2.pO2xPO4_5x5d.dat.10,7.71
0.3,0.5,0.0781479451255456,Background,2.5,0.75,21.46,17.702579498291016,Devon370Ma_075xRemin_2.5xpCO2.pO2xPO4_5x5d.dat.00,32.02
0.7,0.6,0.244796436467172,Background,2.5,0.75,21.46,45.51197707769461,Devon370Ma_075xRemin_2.5xpCO2.pO2xPO4_5x5d.dat.41,1.01
0.6,0.6,0.2050186674397538,Background,2.5,0.75,21.46,40.11569399153814,Devon370Ma_075xRemin_2.5xpCO2.pO2xPO4_5x5d.dat.31,3.03
0.5,0.6,0.0494767217512213,Background,2.5,0.75,21.46,36.11631109379232,Devon370Ma_075xRemin_2.5xpCO2.pO2xPO4_5x5d.dat.21,6.97
0.4,0.6,0.093697330729263,Background,2.5,0.75,21.46,32.84746708231978,Devon370Ma_075xRemin_2.5xpCO2.pO2xPO4_5x5d.dat.11,21.38
0.3,0.6,0.0535448072893488,Background,2.5,0.75,21.46,30.17663038917817,Devon370Ma_075xRemin_2.5xpCO2.pO2xPO4_5x5d.dat.01,50.09
0.7,0.7,0.2211940574063841,Background,2.5,0.75,21.46,66.81556988041848,Devon370Ma_075xRemin_2.5xpCO2.pO2xPO4_5x5d.dat.42,3.12
0.6,0.7,0.0294597375454256,Background,2.5,0.75,21.46,58.4402987442445,Devon370Ma_075xRemin_2.5xpCO2.pO2xPO4_5x5d.dat.32,6.33
0.5,0.7,0.0886877708361341,Background,2.5,0.75,21.46,52.56982694845647,Devon370Ma_075xRemin_2.5xpCO2.pO2xPO4_5x5d.dat.22,12.75
0.4,0.7,0.0665605079514749,Background,2.5,0.75,21.46,48.07609730050899,Devon370Ma_075xRemin_2.5xpCO2.pO2xPO4_5x5d.dat.12,36.51
0.3,0.7,0.0376784323404175,Background,2.5,0.75,21.46,44.45799640961923,Devon370Ma_075xRemin_2.5xpCO2.pO2xPO4_5x5d.dat.02,63.58
0.7,0.8,0.0174240320396771,Background,2.5,0.75,21.46,91.23059862758964,Devon370Ma_075xRemin_2.5xpCO2.pO2xPO4_5x5d.dat.43,5.78
0.6,0.8,0.0452574570330241,Background,2.5,0.75,21.46,80.0254347268492,Devon370Ma_075xRemin_2.5xpCO2.pO2xPO4_5x5d.dat.33,9.08
0.5,0.8,0.0779950392713874,Background,2.5,0.75,21.46,71.52345642680302,Devon370Ma_075xRemin_2.5xpCO2.pO2xPO4_5x5d.dat.23,26.42
0.4,0.8,0.0474629557198846,Background,2.5,0.75,21.46,65.27047662530094,Devon370Ma_075xRemin_2.5xpCO2.pO2xPO4_5x5d.dat.13,48.17
0.3,0.8,0.0266488499369916,Background,2.5,0.75,21.46,60.39258005330339,Devon370Ma_075xRemin_2.5xpCO2.pO2xPO4_5x5d.dat.03,72.66
0.7,0.9,0.040349086511901,Background,2.5,0.75,21.46,116.56084097921848,Devon370Ma_075xRemin_2.5xpCO2.pO2xPO4_5x5d.dat.44,8.44
0.6,0.9,0.079885381367415,Background,2.5,0.75,21.46,104.3325537466444,Devon370Ma_075xRemin_2.5xpCO2.pO2xPO4_5x5d.dat.34,18.72
0.5,0.9,0.055889684264001,Background,2.5,0.75,21.46,93.33166963187978,Devon370Ma_075xRemin_2.5xpCO2.pO2xPO4_5x5d.dat.24,37.25
0.4,0.9,0.0399798305659703,Background,2.5,0.75,21.46,84.73546768072993,Devon370Ma_075xRemin_2.5xpCO2.pO2xPO4_5x5d.dat.14,57.16
0.3,0.9,0.0207068427366842,Background,2.5,0.75,21.46,78.18736776243895,Devon370Ma_075xRemin_2.5xpCO2.pO2xPO4_5x5d.dat.04,77.43
0.7,0.5,0.0114607505430466,Kellwasser,2.5,0.75,21.46,28.047523301211186,Devon370Ma_075xRemin_2.5xpCO2.pO2xPO4_5x5d.dat.40,0.55
0.6,0.5,0.0021504292210466,Kellwasser,2.5,0.75,21.46,24.5754090428818,Devon370Ma_075xRemin_2.5xpCO2.pO2xPO4_5x5d.dat.30,1.01
0.5,0.5,0.0846786954697108,Kellwasser,2.5,0.75,21.46,21.86238816648256,Devon370Ma_075xRemin_2.5xpCO2.pO2xPO4_5x5d.dat.20,2.94
0.4,0.5,0.4744410908342631,Kellwasser,2.5,0.75,21.46,19.591168893384747,Devon370Ma_075xRemin_2.5xpCO2.pO2xPO4_5x5d.dat.10,7.71
0.3,0.5,0.4364352263203645,Kellwasser,2.5,0.75,21.46,17.702579498291016,Devon370Ma_075xRemin_2.5xpCO2.pO2xPO4_5x5d.dat.00,32.02
0.7,0.6,0.0003730394109189,Kellwasser,2.5,0.75,21.46,45.51197707769461,Devon370Ma_075xRemin_2.5xpCO2.pO2xPO4_5x5d.dat.41,1.01
0.6,0.6,0.0828479364598638,Kellwasser,2.5,0.75,21.46,40.11569399153814,Devon370Ma_075xRemin_2.5xpCO2.pO2xPO4_5x5d.dat.31,3.03
0.5,0.6,0.4213170787397857,Kellwasser,2.5,0.75,21.46,36.11631109379232,Devon370Ma_075xRemin_2.5xpCO2.pO2xPO4_5x5d.dat.21,6.97
0.4,0.6,0.5060791520350627,Kellwasser,2.5,0.75,21.46,32.84746708231978,Devon370Ma_075xRemin_2.5xpCO2.pO2xPO4_5x5d.dat.11,21.38
0.3,0.6,0.3014590022927003,Kellwasser,2.5,0.75,21.46,30.17663038917817,Devon370Ma_075xRemin_2.5xpCO2.pO2xPO4_5x5d.dat.01,50.09
0.7,0.7,0.0832115310120467,Kellwasser,2.5,0.75,21.46,66.81556988041848,Devon370Ma_075xRemin_2.5xpCO2.pO2xPO4_5x5d.dat.42,3.12
0.6,0.7,0.3608502496533204,Kellwasser,2.5,0.75,21.46,58.4402987442445,Devon370Ma_075xRemin_2.5xpCO2.pO2xPO4_5x5d.dat.32,6.33
0.5,0.7,0.6386344986176804,Kellwasser,2.5,0.75,21.46,52.56982694845647,Devon370Ma_075xRemin_2.5xpCO2.pO2xPO4_5x5d.dat.22,12.75
0.4,0.7,0.4095288002937872,Kellwasser,2.5,0.75,21.46,48.07609730050899,Devon370Ma_075xRemin_2.5xpCO2.pO2xPO4_5x5d.dat.12,36.51
0.3,0.7,0.2194898754956735,Kellwasser,2.5,0.75,21.46,44.45799640961923,Devon370Ma_075xRemin_2.5xpCO2.pO2xPO4_5x5d.dat.02,63.58
0.7,0.8,0.349335392814404,Kellwasser,2.5,0.75,21.46,91.23059862758964,Devon370Ma_075xRemin_2.5xpCO2.pO2xPO4_5x5d.dat.43,5.78
0.6,0.8,0.5951911270044975,Kellwasser,2.5,0.75,21.46,80.0254347268492,Devon370Ma_075xRemin_2.5xpCO2.pO2xPO4_5x5d.dat.33,9.08
0.5,0.8,0.4713059804386215,Kellwasser,2.5,0.75,21.46,71.52345642680302,Devon370Ma_075xRemin_2.5xpCO2.pO2xPO4_5x5d.dat.23,26.42
0.4,0.8,0.2920063496463791,Kellwasser,2.5,0.75,21.46,65.27047662530094,Devon370Ma_075xRemin_2.5xpCO2.pO2xPO4_5x5d.dat.13,48.17
0.3,0.8,0.0758501810775156,Kellwasser,2.5,0.75,21.46,60.39258005330339,Devon370Ma_075xRemin_2.5xpCO2.pO2xPO4_5x5d.dat.03,72.66
0.7,0.9,0.5978092438289156,Kellwasser,2.5,0.75,21.46,116.56084097921848,Devon370Ma_075xRemin_2.5xpCO2.pO2xPO4_5x5d.dat.44,8.44
0.6,0.9,0.5367271702333603,Kellwasser,2.5,0.75,21.46,104.3325537466444,Devon370Ma_075xRemin_2.5xpCO2.pO2xPO4_5x5d.dat.34,18.72
0.5,0.9,0.3586038126325315,Kellwasser,2.5,0.75,21.46,93.33166963187978,Devon370Ma_075xRemin_2.5xpCO2.pO2xPO4_5x5d.dat.24,37.25
0.4,0.9,0.215962285987672,Kellwasser,2.5,0.75,21.46,84.73546768072993,Devon370Ma_075xRemin_2.5xpCO2.pO2xPO4_5x5d.dat.14,57.16
0.3,0.9,0.0486863523458049,Kellwasser,2.5,0.75,21.46,78.18736776243895,Devon370Ma_075xRemin_2.5xpCO2.pO2xPO4_5x5d.dat.04,77.43
0.7,1.0,0.0673662412311474,Background,2.5,0.75,21.46,16.047322787926532,Devon370Ma_075xRemin_2.5xpCO2.pO2xPO4_5x5e.dat.40,12.66
0.6,1.0,0.0578436972815587,Background,2.5,0.75,21.46,14.62307045585476,Devon370Ma_075xRemin_2.5xpCO2.pO2xPO4_5x5e.dat.30,28.81
0.5,1.0,0.041836553032866,Background,2.5,0.75,21.46,13.46923272649292,Devon370Ma_075xRemin_2.5xpCO2.pO2xPO4_5x5e.dat.20,45.87
0.4,1.0,0.0343167465472934,Background,2.5,0.75,21.46,12.571799743454903,Devon370Ma_075xRemin_2.5xpCO2.pO2xPO4_5x5e.dat.10,64.86
0.3,1.0,0.0141056313997541,Background,2.5,0.75,21.46,11.529025869094768,Devon370Ma_075xRemin_2.5xpCO2.pO2xPO4_5x5e.dat.00,81.38
0.7,1.1,0.0626134894647229,Background,2.5,0.75,21.46,27.84005482681096,Devon370Ma_075xRemin_2.5xpCO2.pO2xPO4_5x5e.dat.41,21.93
0.6,1.1,0.0465522584192273,Background,2.5,0.75,21.46,25.811546947807077,Devon370Ma_075xRemin_2.5xpCO2.pO2xPO4_5x5e.dat.31,37.06
0.5,1.1,0.0355120868703859,Background,2.5,0.75,21.46,24.073302483884618,Devon370Ma_075xRemin_2.5xpCO2.pO2xPO4_5x5e.dat.21,53.03
0.4,1.1,0.02088134956985,Background,2.5,0.75,21.46,22.49351382488385,Devon370Ma_075xRemin_2.5xpCO2.pO2xPO4_5x5e.dat.11,70.92
0.3,1.1,0.0109813592620829,Background,2.5,0.75,21.46,20.546027371892706,Devon370Ma_075xRemin_2.5xpCO2.pO2xPO4_5x5e.dat.01,87.61
0.7,1.2,0.0465089539516353,Background,2.5,0.75,21.46,41.30991146666929,Devon370Ma_075xRemin_2.5xpCO2.pO2xPO4_5x5e.dat.42,29.54
0.6,1.2,0.0352926169765219,Background,2.5,0.75,21.46,38.69426291203126,Devon370Ma_075xRemin_2.5xpCO2.pO2xPO4_5x5e.dat.32,43.39
0.5,1.2,0.0254922224831172,Background,2.5,0.75,21.46,36.33750748122111,Devon370Ma_075xRemin_2.5xpCO2.pO2xPO4_5x5e.dat.22,58.99
0.4,1.2,0.0157588230260296,Background,2.5,0.75,21.46,34.220240195281804,Devon370Ma_075xRemin_2.5xpCO2.pO2xPO4_5x5e.dat.12,74.31
0.3,1.2,0.0083801434647507,Background,2.5,0.75,21.46,31.870833481661972,Devon370Ma_075xRemin_2.5xpCO2.pO2xPO4_5x5e.dat.02,88.9
0.7,1.3,0.0382974930962131,Background,2.5,0.75,21.46,56.39451046590693,Devon370Ma_075xRemin_2.5xpCO2.pO2xPO4_5x5e.dat.43,35.96
0.6,1.3,0.0304561407799008,Background,2.5,0.75,21.46,53.000589105067775,Devon370Ma_075xRemin_2.5xpCO2.pO2xPO4_5x5e.dat.33,49.45
0.5,1.3,0.0242812120347538,Background,2.5,0.75,21.46,49.95911149308085,Devon370Ma_075xRemin_2.5xpCO2.pO2xPO4_5x5e.dat.23,63.85
0.4,1.3,0.0126664716219061,Background,2.5,0.75,21.46,47.39407086162828,Devon370Ma_075xRemin_2.5xpCO2.pO2xPO4_5x5e.dat.13,77.34
0.3,1.3,0.0059481616102923,Background,2.5,0.75,21.46,44.51812128536403,Devon370Ma_075xRemin_2.5xpCO2.pO2xPO4_5x5e.dat.03,88.72
0.7,1.4,0.0295232079689644,Background,2.5,0.75,21.46,73.0244573787786,Devon370Ma_075xRemin_2.5xpCO2.pO2xPO4_5x5e.dat.44,41.83
0.6,1.4,0.0257502334945694,Background,2.5,0.75,21.46,68.67886986583471,Devon370Ma_075xRemin_2.5xpCO2.pO2xPO4_5x5e.dat.34,54.95
0.5,1.4,0.0148688242497264,Background,2.5,0.75,21.46,64.98900620499626,Devon370Ma_075xRemin_2.5xpCO2.pO2xPO4_5x5e.dat.24,69.45
0.4,1.4,0.007738449387951,Background,2.5,0.75,21.46,61.74430745886639,Devon370Ma_075xRemin_2.5xpCO2.pO2xPO4_5x5e.dat.14,81.19
0.3,1.4,0.0038503078642021,Background,2.5,0.75,21.46,58.30019654240459,Devon370Ma_075xRemin_2.5xpCO2.pO2xPO4_5x5e.dat.04,89.45
0.7,1.0,0.6492533489504314,Kellwasser,2.5,0.75,21.46,16.047322787926532,Devon370Ma_075xRemin_2.5xpCO2.pO2xPO4_5x5e.dat.40,12.66
0.6,1.0,0.3930060577033246,Kellwasser,2.5,0.75,21.46,14.62307045585476,Devon370Ma_075xRemin_2.5xpCO2.pO2xPO4_5x5e.dat.30,28.81
0.5,1.0,0.2600836347023994,Kellwasser,2.5,0.75,21.46,13.46923272649292,Devon370Ma_075xRemin_2.5xpCO2.pO2xPO4_5x5e.dat.20,45.87
0.4,1.0,0.1099532187865485,Kellwasser,2.5,0.75,21.46,12.571799743454903,Devon370Ma_075xRemin_2.5xpCO2.pO2xPO4_5x5e.dat.10,64.86
0.3,1.0,0.0353670385435783,Kellwasser,2.5,0.75,21.46,11.529025869094768,Devon370Ma_075xRemin_2.5xpCO2.pO2xPO4_5x5e.dat.00,81.38
0.7,1.1,0.427090268185582,Kellwasser,2.5,0.75,21.46,27.84005482681096,Devon370Ma_075xRemin_2.5xpCO2.pO2xPO4_5x5e.dat.41,21.93
0.6,1.1,0.3021896556033863,Kellwasser,2.5,0.75,21.46,25.811546947807077,Devon370Ma_075xRemin_2.5xpCO2.pO2xPO4_5x5e.dat.31,37.06
0.5,1.1,0.1919726673396088,Kellwasser,2.5,0.75,21.46,24.073302483884618,Devon370Ma_075xRemin_2.5xpCO2.pO2xPO4_5x5e.dat.21,53.03
0.4,1.1,0.0512273696790237,Kellwasser,2.5,0.75,21.46,22.49351382488385,Devon370Ma_075xRemin_2.5xpCO2.pO2xPO4_5x5e.dat.11,70.92
0.3,1.1,0.0252684022765364,Kellwasser,2.5,0.75,21.46,20.546027371892706,Devon370Ma_075xRemin_2.5xpCO2.pO2xPO4_5x5e.dat.01,87.61
0.7,1.2,0.3239883601311328,Kellwasser,2.5,0.75,21.46,41.30991146666929,Devon370Ma_075xRemin_2.5xpCO2.pO2xPO4_5x5e.dat.42,29.54
0.6,1.2,0.2235311229098117,Kellwasser,2.5,0.75,21.46,38.69426291203126,Devon370Ma_075xRemin_2.5xpCO2.pO2xPO4_5x5e.dat.32,43.39
0.5,1.2,0.1423936364296222,Kellwasser,2.5,0.75,21.46,36.33750748122111,Devon370Ma_075xRemin_2.5xpCO2.pO2xPO4_5x5e.dat.22,58.99
0.4,1.2,0.0333526115992359,Kellwasser,2.5,0.75,21.46,34.220240195281804,Devon370Ma_075xRemin_2.5xpCO2.pO2xPO4_5x5e.dat.12,74.31
0.3,1.2,0.0152934120965579,Kellwasser,2.5,0.75,21.46,31.870833481661972,Devon370Ma_075xRemin_2.5xpCO2.pO2xPO4_5x5e.dat.02,88.9
0.7,1.3,0.2455067005221893,Kellwasser,2.5,0.75,21.46,56.39451046590693,Devon370Ma_075xRemin_2.5xpCO2.pO2xPO4_5x5e.dat.43,35.96
0.6,1.3,0.1599825816767622,Kellwasser,2.5,0.75,21.46,53.000589105067775,Devon370Ma_075xRemin_2.5xpCO2.pO2xPO4_5x5e.dat.33,49.45
0.5,1.3,0.0658520470902644,Kellwasser,2.5,0.75,21.46,49.95911149308085,Devon370Ma_075xRemin_2.5xpCO2.pO2xPO4_5x5e.dat.23,63.85
0.4,1.3,0.0220046994469439,Kellwasser,2.5,0.75,21.46,47.39407086162828,Devon370Ma_075xRemin_2.5xpCO2.pO2xPO4_5x5e.dat.13,77.34
0.3,1.3,0.0105868763217462,Kellwasser,2.5,0.75,21.46,44.51812128536403,Devon370Ma_075xRemin_2.5xpCO2.pO2xPO4_5x5e.dat.03,88.72
0.7,1.4,0.1886694608769491,Kellwasser,2.5,0.75,21.46,73.0244573787786,Devon370Ma_075xRemin_2.5xpCO2.pO2xPO4_5x5e.dat.44,41.83
0.6,1.4,0.122426556929952,Kellwasser,2.5,0.75,21.46,68.67886986583471,Devon370Ma_075xRemin_2.5xpCO2.pO2xPO4_5x5e.dat.34,54.95
0.5,1.4,0.0296767806390035,Kellwasser,2.5,0.75,21.46,64.98900620499626,Devon370Ma_075xRemin_2.5xpCO2.pO2xPO4_5x5e.dat.24,69.45
0.4,1.4,0.0144073854164548,Kellwasser,2.5,0.75,21.46,61.74430745886639,Devon370Ma_075xRemin_2.5xpCO2.pO2xPO4_5x5e.dat.14,81.19
0.3,1.4,0.0077038826948192,Kellwasser,2.5,0.75,21.46,58.30019654240459,Devon370Ma_075xRemin_2.5xpCO2.pO2xPO4_5x5e.dat.04,89.45
0.7,1.5,0.0253757742438071,Background,2.5,0.75,21.46,10.818426744663157,Devon370Ma_075xRemin_2.5xpCO2.pO2xPO4_5x5f.dat.40,47.06
0.6,1.5,0.0172702435003359,Background,2.5,0.75,21.46,10.344019756303169,Devon370Ma_075xRemin_2.5xpCO2.pO2xPO4_5x5f.dat.30,59.36
0.5,1.5,0.0108368861963542,Background,2.5,0.75,21.46,9.71672034211224,Devon370Ma_075xRemin_2.5xpCO2.pO2xPO4_5x5f.dat.20,72.48
0.4,1.5,0.0050570599172613,Background,2.5,0.75,21.46,9.19985177461058,Devon370Ma_075xRemin_2.5xpCO2.pO2xPO4_5x5f.dat.10,83.85
0.3,1.5,0.000729272476036,Background,2.5,0.75,21.46,8.748125765123405,Devon370Ma_075xRemin_2.5xpCO2.pO2xPO4_5x5f.dat.00,88.81
0.7,1.6,0.0203729422457541,Background,2.5,0.75,21.46,19.156459529767744,Devon370Ma_075xRemin_2.5xpCO2.pO2xPO4_5x5f.dat.41,50.73
0.6,1.6,0.0155163258488168,Background,2.5,0.75,21.46,18.42747042246629,Devon370Ma_075xRemin_2.5xpCO2.pO2xPO4_5x5f.dat.31,62.48
0.5,1.6,0.0076215230241104,Background,2.5,0.75,21.46,17.45590088830795,Devon370Ma_075xRemin_2.5xpCO2.pO2xPO4_5x5f.dat.21,74.4
0.4,1.6,0.0026375505845128,Background,2.5,0.75,21.46,16.6242662089644,Devon370Ma_075xRemin_2.5xpCO2.pO2xPO4_5x5f.dat.11,87.43
0.3,1.6,0.0003244065369444,Background,2.5,0.75,21.46,15.86731377756223,Devon370Ma_075xRemin_2.5xpCO2.pO2xPO4_5x5f.dat.01,88.26
0.7,1.7,0.013548171662705,Background,2.5,0.75,21.46,30.17862582055386,Devon370Ma_075xRemin_2.5xpCO2.pO2xPO4_5x5f.dat.42,54.4
0.6,1.7,0.0086938264482389,Background,2.5,0.75,21.46,29.204722522990775,Devon370Ma_075xRemin_2.5xpCO2.pO2xPO4_5x5f.dat.32,65.41
0.5,1.7,0.0031682692119533,Background,2.5,0.75,21.46,27.77938061626628,Devon370Ma_075xRemin_2.5xpCO2.pO2xPO4_5x5f.dat.22,75.87
0.4,1.7,0.0007422387294722,Background,2.5,0.75,21.46,26.39101330714766,Devon370Ma_075xRemin_2.5xpCO2.pO2xPO4_5x5f.dat.12,89.17
0.3,1.7,0.0001457770755418,Background,2.5,0.75,21.46,25.153129172394983,Devon370Ma_075xRemin_2.5xpCO2.pO2xPO4_5x5f.dat.02,87.98
0.7,1.8,0.0134579017965745,Background,2.5,0.75,21.46,42.36320819472894,Devon370Ma_075xRemin_2.5xpCO2.pO2xPO4_5x5f.dat.43,57.8
0.6,1.8,0.0052105125345764,Background,2.5,0.75,21.46,40.9173262596596,Devon370Ma_075xRemin_2.5xpCO2.pO2xPO4_5x5f.dat.33,68.9
0.5,1.8,0.0009330952683077,Background,2.5,0.75,21.46,39.21342431567609,Devon370Ma_075xRemin_2.5xpCO2.pO2xPO4_5x5f.dat.23,77.25
0.4,1.8,0.00031558016985,Background,2.5,0.75,21.46,37.64149005291984,Devon370Ma_075xRemin_2.5xpCO2.pO2xPO4_5x5f.dat.13,89.27
0.3,1.8,0.0001023711818656,Background,2.5,0.75,21.46,36.19662675191648,Devon370Ma_075xRemin_2.5xpCO2.pO2xPO4_5x5f.dat.03,88.35
0.7,1.9,0.0081297006430794,Background,2.5,0.75,21.46,55.72508598561399,Devon370Ma_075xRemin_2.5xpCO2.pO2xPO4_5x5f.dat.44,60.83
0.6,1.9,0.0020102814770405,Background,2.5,0.75,21.46,53.89194848248735,Devon370Ma_075xRemin_2.5xpCO2.pO2xPO4_5x5f.dat.34,71.01
0.5,1.9,0.0003931636447075,Background,2.5,0.75,21.46,51.771978178294376,Devon370Ma_075xRemin_2.5xpCO2.pO2xPO4_5x5f.dat.24,80.09
0.4,1.9,0.0001225660074627,Background,2.5,0.75,21.46,49.78527795174159,Devon370Ma_075xRemin_2.5xpCO2.pO2xPO4_5x5f.dat.14,89.27
0.3,1.9,7.43884180178467e-05,Background,2.5,0.75,21.46,47.96237772097811,Devon370Ma_075xRemin_2.5xpCO2.pO2xPO4_5x5f.dat.04,88.26
0.7,1.5,0.1298094019070596,Kellwasser,2.5,0.75,21.46,10.818426744663157,Devon370Ma_075xRemin_2.5xpCO2.pO2xPO4_5x5f.dat.40,47.06
0.6,1.5,0.0890607196279955,Kellwasser,2.5,0.75,21.46,10.344019756303169,Devon370Ma_075xRemin_2.5xpCO2.pO2xPO4_5x5f.dat.30,59.36
0.5,1.5,0.0192003744902289,Kellwasser,2.5,0.75,21.46,9.71672034211224,Devon370Ma_075xRemin_2.5xpCO2.pO2xPO4_5x5f.dat.20,72.48
0.4,1.5,0.0101715238748819,Kellwasser,2.5,0.75,21.46,9.19985177461058,Devon370Ma_075xRemin_2.5xpCO2.pO2xPO4_5x5f.dat.10,83.85
0.3,1.5,0.0037955067400025,Kellwasser,2.5,0.75,21.46,8.748125765123405,Devon370Ma_075xRemin_2.5xpCO2.pO2xPO4_5x5f.dat.00,88.81
0.7,1.6,0.0950091220434715,Kellwasser,2.5,0.75,21.46,19.156459529767744,Devon370Ma_075xRemin_2.5xpCO2.pO2xPO4_5x5f.dat.41,50.73
0.6,1.6,0.0354430141047154,Kellwasser,2.5,0.75,21.46,18.42747042246629,Devon370Ma_075xRemin_2.5xpCO2.pO2xPO4_5x5f.dat.31,62.48
0.5,1.6,0.011878490437342,Kellwasser,2.5,0.75,21.46,17.45590088830795,Devon370Ma_075xRemin_2.5xpCO2.pO2xPO4_5x5f.dat.21,74.4
0.4,1.6,0.0067891473527816,Kellwasser,2.5,0.75,21.46,16.6242662089644,Devon370Ma_075xRemin_2.5xpCO2.pO2xPO4_5x5f.dat.11,87.43
0.3,1.6,0.0021656161662813,Kellwasser,2.5,0.75,21.46,15.86731377756223,Devon370Ma_075xRemin_2.5xpCO2.pO2xPO4_5x5f.dat.01,88.26
0.7,1.7,0.0692056561750721,Kellwasser,2.5,0.75,21.46,30.17862582055386,Devon370Ma_075xRemin_2.5xpCO2.pO2xPO4_5x5f.dat.42,54.4
0.6,1.7,0.015308123262472,Kellwasser,2.5,0.75,21.46,29.204722522990775,Devon370Ma_075xRemin_2.5xpCO2.pO2xPO4_5x5f.dat.32,65.41
0.5,1.7,0.0077864858061264,Kellwasser,2.5,0.75,21.46,27.77938061626628,Devon370Ma_075xRemin_2.5xpCO2.pO2xPO4_5x5f.dat.22,75.87
0.4,1.7,0.0038699473499865,Kellwasser,2.5,0.75,21.46,26.39101330714766,Devon370Ma_075xRemin_2.5xpCO2.pO2xPO4_5x5f.dat.12,89.17
0.3,1.7,0.0009348901112604,Kellwasser,2.5,0.75,21.46,25.153129172394983,Devon370Ma_075xRemin_2.5xpCO2.pO2xPO4_5x5f.dat.02,87.98
0.7,1.8,0.0300476981030045,Kellwasser,2.5,0.75,21.46,42.36320819472894,Devon370Ma_075xRemin_2.5xpCO2.pO2xPO4_5x5f.dat.43,57.8
0.6,1.8,0.0101020592376546,Kellwasser,2.5,0.75,21.46,40.9173262596596,Devon370Ma_075xRemin_2.5xpCO2.pO2xPO4_5x5f.dat.33,68.9
0.5,1.8,0.0048885267481464,Kellwasser,2.5,0.75,21.46,39.21342431567609,Devon370Ma_075xRemin_2.5xpCO2.pO2xPO4_5x5f.dat.23,77.25
0.4,1.8,0.0020800747215638,Kellwasser,2.5,0.75,21.46,37.64149005291984,Devon370Ma_075xRemin_2.5xpCO2.pO2xPO4_5x5f.dat.13,89.27
0.3,1.8,0.0006320212753397,Kellwasser,2.5,0.75,21.46,36.19662675191648,Devon370Ma_075xRemin_2.5xpCO2.pO2xPO4_5x5f.dat.03,88.35
0.7,1.9,0.0188516995034523,Kellwasser,2.5,0.75,21.46,55.72508598561399,Devon370Ma_075xRemin_2.5xpCO2.pO2xPO4_5x5f.dat.44,60.83
0.6,1.9,0.0051682803156598,Kellwasser,2.5,0.75,21.46,53.89194848248735,Devon370Ma_075xRemin_2.5xpCO2.pO2xPO4_5x5f.dat.34,71.01
0.5,1.9,0.0026125759757714,Kellwasser,2.5,0.75,21.46,51.771978178294376,Devon370Ma_075xRemin_2.5xpCO2.pO2xPO4_5x5f.dat.24,80.09
0.4,1.9,0.0007729108500066,Kellwasser,2.5,0.75,21.46,49.78527795174159,Devon370Ma_075xRemin_2.5xpCO2.pO2xPO4_5x5f.dat.14,89.27
0.3,1.9,0.0004402199185909,Kellwasser,2.5,0.75,21.46,47.96237772097811,Devon370Ma_075xRemin_2.5xpCO2.pO2xPO4_5x5f.dat.04,88.26
1.2,2.0,0.0192888282816049,Background,2.5,0.75,21.46,58.85971404495649,Devon370Ma_075xRemin_2.5xpCO2.pO2xPO4_5x5g.dat.40,18.17
1.1,2.0,0.0163294111768158,Background,2.5,0.75,21.46,56.989923905348405,Devon370Ma_075xRemin_2.5xpCO2.pO2xPO4_5x5g.dat.30,26.88
1.0,2.0,0.0140912905480172,Background,2.5,0.75,21.46,55.310953030129895,Devon370Ma_075xRemin_2.5xpCO2.pO2xPO4_5x5g.dat.20,35.6
0.9,2.0,0.0117808216274466,Background,2.5,0.75,21.46,53.74800457502715,Devon370Ma_075xRemin_2.5xpCO2.pO2xPO4_5x5g.dat.10,44.95
0.8,2.0,0.0069749693341589,Background,2.5,0.75,21.46,52.31259638094343,Devon370Ma_075xRemin_2.5xpCO2.pO2xPO4_5x5g.dat.00,53.94
1.2,2.1,0.0149079024786312,Background,2.5,0.75,21.46,72.22975546028465,Devon370Ma_075xRemin_2.5xpCO2.pO2xPO4_5x5g.dat.41,22.48
1.1,2.1,0.0126110291893319,Background,2.5,0.75,21.46,70.11526031419635,Devon370Ma_075xRemin_2.5xpCO2.pO2xPO4_5x5g.dat.31,30.28
1.0,2.1,0.0112932003241325,Background,2.5,0.75,21.46,68.14561493229121,Devon370Ma_075xRemin_2.5xpCO2.pO2xPO4_5x5g.dat.21,38.99
0.9,2.1,0.0080755204084305,Background,2.5,0.75,21.46,66.2979728076607,Devon370Ma_075xRemin_2.5xpCO2.pO2xPO4_5x5g.dat.11,48.17
0.8,2.1,0.0056358335895516,Background,2.5,0.75,21.46,64.54205140471458,Devon370Ma_075xRemin_2.5xpCO2.pO2xPO4_5x5g.dat.01,56.24
1.2,2.2,0.0114319012685873,Background,2.5,0.75,21.46,86.49599476484582,Devon370Ma_075xRemin_2.5xpCO2.pO2xPO4_5x5g.dat.42,25.6
1.1,2.2,0.0099692879897858,Background,2.5,0.75,21.46,84.00636579608545,Devon370Ma_075xRemin_2.5xpCO2.pO2xPO4_5x5g.dat.32,33.85
1.0,2.2,0.0080781720586129,Background,2.5,0.75,21.46,81.71246736310422,Devon370Ma_075xRemin_2.5xpCO2.pO2xPO4_5x5g.dat.22,42.02
0.9,2.2,0.003942005776559,Background,2.5,0.75,21.46,79.61436494952068,Devon370Ma_075xRemin_2.5xpCO2.pO2xPO4_5x5g.dat.12,50.73
0.8,2.2,0.0013956310189689,Background,2.5,0.75,21.46,77.66903581796214,Devon370Ma_075xRemin_2.5xpCO2.pO2xPO4_5x5g.dat.02,58.9
1.2,2.3,0.0087378186154847,Background,2.5,0.75,21.46,101.63588740397245,Devon370Ma_075xRemin_2.5xpCO2.pO2xPO4_5x5g.dat.43,28.9
1.1,2.3,0.007294321771967,Background,2.5,0.75,21.46,98.78434502752498,Devon370Ma_075xRemin_2.5xpCO2.pO2xPO4_5x5g.dat.33,36.51
1.0,2.3,0.0051649701614517,Background,2.5,0.75,21.46,96.15299495635554,Devon370Ma_075xRemin_2.5xpCO2.pO2xPO4_5x5g.dat.23,45.05
0.9,2.3,0.0018592753736057,Background,2.5,0.75,21.46,93.69932377012448,Devon370Ma_075xRemin_2.5xpCO2.pO2xPO4_5x5g.dat.13,53.21
0.8,2.3,0.0003384166186234,Background,2.5,0.75,21.46,91.44822251982988,Devon370Ma_075xRemin_2.5xpCO2.pO2xPO4_5x5g.dat.03,61.1
1.2,2.4,0.0065807273081659,Background,2.5,0.75,21.46,117.39590991055591,Devon370Ma_075xRemin_2.5xpCO2.pO2xPO4_5x5g.dat.44,31.74
1.1,2.4,0.0045737423147588,Background,2.5,0.75,21.46,114.23851537983865,Devon370Ma_075xRemin_2.5xpCO2.pO2xPO4_5x5g.dat.34,39.54
1.0,2.4,0.0022045481090464,Background,2.5,0.75,21.46,111.35139357065782,Devon370Ma_075xRemin_2.5xpCO2.pO2xPO4_5x5g.dat.24,47.89
0.9,2.4,0.0009970299696314,Background,2.5,0.75,21.46,108.5980693460442,Devon370Ma_075xRemin_2.5xpCO2.pO2xPO4_5x5g.dat.14,55.05
0.8,2.4,0.0001612779065698,Background,2.5,0.75,21.46,106.04390263324603,Devon370Ma_075xRemin_2.5xpCO2.pO2xPO4_5x5g.dat.04,62.94
1.2,2.0,0.1199192789983902,Kellwasser,2.5,0.75,21.46,58.85971404495649,Devon370Ma_075xRemin_2.5xpCO2.pO2xPO4_5x5g.dat.40,18.17
1.1,2.0,0.0923119306886796,Kellwasser,2.5,0.75,21.46,56.989923905348405,Devon370Ma_075xRemin_2.5xpCO2.pO2xPO4_5x5g.dat.30,26.88
1.0,2.0,0.0691053100248938,Kellwasser,2.5,0.75,21.46,55.310953030129895,Devon370Ma_075xRemin_2.5xpCO2.pO2xPO4_5x5g.dat.20,35.6
0.9,2.0,0.0501601501637088,Kellwasser,2.5,0.75,21.46,53.74800457502715,Devon370Ma_075xRemin_2.5xpCO2.pO2xPO4_5x5g.dat.10,44.95
0.8,2.0,0.0355949704208724,Kellwasser,2.5,0.75,21.46,52.31259638094343,Devon370Ma_075xRemin_2.5xpCO2.pO2xPO4_5x5g.dat.00,53.94
1.2,2.1,0.0879316661668457,Kellwasser,2.5,0.75,21.46,72.22975546028465,Devon370Ma_075xRemin_2.5xpCO2.pO2xPO4_5x5g.dat.41,22.48
1.1,2.1,0.0647800808465233,Kellwasser,2.5,0.75,21.46,70.11526031419635,Devon370Ma_075xRemin_2.5xpCO2.pO2xPO4_5x5g.dat.31,30.28
1.0,2.1,0.046213540560998,Kellwasser,2.5,0.75,21.46,68.14561493229121,Devon370Ma_075xRemin_2.5xpCO2.pO2xPO4_5x5g.dat.21,38.99
0.9,2.1,0.035431139021404,Kellwasser,2.5,0.75,21.46,66.2979728076607,Devon370Ma_075xRemin_2.5xpCO2.pO2xPO4_5x5g.dat.11,48.17
0.8,2.1,0.0172514000120628,Kellwasser,2.5,0.75,21.46,64.54205140471458,Devon370Ma_075xRemin_2.5xpCO2.pO2xPO4_5x5g.dat.01,56.24
1.2,2.2,0.0560708811091037,Kellwasser,2.5,0.75,21.46,86.49599476484582,Devon370Ma_075xRemin_2.5xpCO2.pO2xPO4_5x5g.dat.42,25.6
1.1,2.2,0.0428586520973866,Kellwasser,2.5,0.75,21.46,84.00636579608545,Devon370Ma_075xRemin_2.5xpCO2.pO2xPO4_5x5g.dat.32,33.85
1.0,2.2,0.0333064550807767,Kellwasser,2.5,0.75,21.46,81.71246736310422,Devon370Ma_075xRemin_2.5xpCO2.pO2xPO4_5x5g.dat.22,42.02
0.9,2.2,0.0229107331190323,Kellwasser,2.5,0.75,21.46,79.61436494952068,Devon370Ma_075xRemin_2.5xpCO2.pO2xPO4_5x5g.dat.12,50.73
0.8,2.2,0.0091826653482166,Kellwasser,2.5,0.75,21.46,77.66903581796214,Devon370Ma_075xRemin_2.5xpCO2.pO2xPO4_5x5g.dat.02,58.9
1.2,2.3,0.0381285553140948,Kellwasser,2.5,0.75,21.46,101.63588740397245,Devon370Ma_075xRemin_2.5xpCO2.pO2xPO4_5x5g.dat.43,28.9
1.1,2.3,0.0290877975971471,Kellwasser,2.5,0.75,21.46,98.78434502752498,Devon370Ma_075xRemin_2.5xpCO2.pO2xPO4_5x5g.dat.33,36.51
1.0,2.3,0.0224592088551831,Kellwasser,2.5,0.75,21.46,96.15299495635554,Devon370Ma_075xRemin_2.5xpCO2.pO2xPO4_5x5g.dat.23,45.05
0.9,2.3,0.0130752010350732,Kellwasser,2.5,0.75,21.46,93.69932377012448,Devon370Ma_075xRemin_2.5xpCO2.pO2xPO4_5x5g.dat.13,53.21
0.8,2.3,0.0022159862124311,Kellwasser,2.5,0.75,21.46,91.44822251982988,Devon370Ma_075xRemin_2.5xpCO2.pO2xPO4_5x5g.dat.03,61.1
1.2,2.4,0.0254474951980952,Kellwasser,2.5,0.75,21.46,117.39590991055591,Devon370Ma_075xRemin_2.5xpCO2.pO2xPO4_5x5g.dat.44,31.74
1.1,2.4,0.019474589570098,Kellwasser,2.5,0.75,21.46,114.23851537983865,Devon370Ma_075xRemin_2.5xpCO2.pO2xPO4_5x5g.dat.34,39.54
1.0,2.4,0.0133052800223212,Kellwasser,2.5,0.75,21.46,111.35139357065782,Devon370Ma_075xRemin_2.5xpCO2.pO2xPO4_5x5g.dat.24,47.89
0.9,2.4,0.0067266502260542,Kellwasser,2.5,0.75,21.46,108.5980693460442,Devon370Ma_075xRemin_2.5xpCO2.pO2xPO4_5x5g.dat.14,55.05
0.8,2.4,0.0010545006399323,Kellwasser,2.5,0.75,21.46,106.04390263324603,Devon370Ma_075xRemin_2.5xpCO2.pO2xPO4_5x5g.dat.04,62.94
0.7,2.0,0.0024272755184271,Background,2.5,0.75,21.46,8.336092832905706,Devon370Ma_075xRemin_2.5xpCO2.pO2xPO4_5x5h.dat.40,63.21
0.6,2.0,0.0004276293886871,Background,2.5,0.75,21.46,7.95839059719583,Devon370Ma_075xRemin_2.5xpCO2.pO2xPO4_5x5h.dat.30,72.94
0.5,2.0,0.0001732457241129,Background,2.5,0.75,21.46,7.617872142873239,Devon370Ma_075xRemin_2.5xpCO2.pO2xPO4_5x5h.dat.20,81.38
0.4,2.0,0.0001078168998431,Background,2.5,0.75,21.46,7.305344297492411,Devon370Ma_075xRemin_2.5xpCO2.pO2xPO4_5x5h.dat.10,89.27
0.3,2.0,6.531163999612464e-05,Background,2.5,0.75,21.46,7.019960321485996,Devon370Ma_075xRemin_2.5xpCO2.pO2xPO4_5x5h.dat.00,88.35
0.7,2.1,0.0006660406687891,Background,2.5,0.75,21.46,15.15458097856026,Devon370Ma_075xRemin_2.5xpCO2.pO2xPO4_5x5h.dat.41,65.6
0.6,2.1,0.0001760741058967,Background,2.5,0.75,21.46,14.461886166827751,Devon370Ma_075xRemin_2.5xpCO2.pO2xPO4_5x5h.dat.31,74.4
0.5,2.1,0.000128062084311,Background,2.5,0.75,21.46,13.810118616675028,Devon370Ma_075xRemin_2.5xpCO2.pO2xPO4_5x5h.dat.21,81.56
0.4,2.1,9.96032385033475e-05,Background,2.5,0.75,21.46,13.271230272948742,Devon370Ma_075xRemin_2.5xpCO2.pO2xPO4_5x5h.dat.11,89.36
0.3,2.1,5.8573835363790806e-05,Background,2.5,0.75,21.46,12.788119420292787,Devon370Ma_075xRemin_2.5xpCO2.pO2xPO4_5x5h.dat.01,88.17
0.7,2.2,0.0002009444150302,Background,2.5,0.75,21.46,24.04038423264865,Devon370Ma_075xRemin_2.5xpCO2.pO2xPO4_5x5h.dat.42,67.89
0.6,2.2,0.000126601096822,Background,2.5,0.75,21.46,23.005763068795204,Devon370Ma_075xRemin_2.5xpCO2.pO2xPO4_5x5h.dat.32,75.5
0.5,2.2,0.0001165689338558,Background,2.5,0.75,21.46,22.065010853111744,Devon370Ma_075xRemin_2.5xpCO2.pO2xPO4_5x5h.dat.22,86.24
0.4,2.2,9.262604168442108e-05,Background,2.5,0.75,21.46,21.22160913131665,Devon370Ma_075xRemin_2.5xpCO2.pO2xPO4_5x5h.dat.12,88.99
0.3,2.2,5.401668908568189e-05,Background,2.5,0.75,21.46,20.455710910027847,Devon370Ma_075xRemin_2.5xpCO2.pO2xPO4_5x5h.dat.02,88.26
0.7,2.3,0.000124710583215,Background,2.5,0.75,21.46,34.817843697965145,Devon370Ma_075xRemin_2.5xpCO2.pO2xPO4_5x5h.dat.43,69.45
0.6,2.3,0.0001187056149767,Background,2.5,0.75,21.46,33.47300298628397,Devon370Ma_075xRemin_2.5xpCO2.pO2xPO4_5x5h.dat.33,76.42
0.5,2.3,0.0001036522174159,Background,2.5,0.75,21.46,32.22576197003946,Devon370Ma_075xRemin_2.5xpCO2.pO2xPO4_5x5h.dat.23,88.35
0.4,2.3,8.656419088041787e-05,Background,2.5,0.75,21.46,31.11057958449237,Devon370Ma_075xRemin_2.5xpCO2.pO2xPO4_5x5h.dat.13,88.72
0.3,2.3,5.072814881898283e-05,Background,2.5,0.75,21.46,30.07942905242089,Devon370Ma_075xRemin_2.5xpCO2.pO2xPO4_5x5h.dat.03,88.35
0.7,2.4,0.0001146252925635,Background,2.5,0.75,21.46,46.33061325876042,Devon370Ma_075xRemin_2.5xpCO2.pO2xPO4_5x5h.dat.44,71.19
0.6,2.4,0.0001128285596929,Background,2.5,0.75,21.46,44.83664088184014,Devon370Ma_075xRemin_2.5xpCO2.pO2xPO4_5x5h.dat.34,77.34
0.5,2.4,9.575693584091146e-05,Background,2.5,0.75,21.46,43.4532412327826,Devon370Ma_075xRemin_2.5xpCO2.pO2xPO4_5x5h.dat.24,89.45
0.4,2.4,8.132533415445209e-05,Background,2.5,0.75,21.46,42.14563159621321,Devon370Ma_075xRemin_2.5xpCO2.pO2xPO4_5x5h.dat.14,88.26
0.3,2.4,4.789535962450199e-05,Background,2.5,0.75,21.46,40.857092244550586,Devon370Ma_075xRemin_2.5xpCO2.pO2xPO4_5x5h.dat.04,88.26
0.7,2.0,0.0072013978990171,Kellwasser,2.5,0.75,21.46,8.336092832905706,Devon370Ma_075xRemin_2.5xpCO2.pO2xPO4_5x5h.dat.40,63.21
0.6,2.0,0.0028180293078834,Kellwasser,2.5,0.75,21.46,7.95839059719583,Devon370Ma_075xRemin_2.5xpCO2.pO2xPO4_5x5h.dat.30,72.94
0.5,2.0,0.0011088856516557,Kellwasser,2.5,0.75,21.46,7.617872142873239,Devon370Ma_075xRemin_2.5xpCO2.pO2xPO4_5x5h.dat.20,81.38
0.4,2.0,0.0006708933188074,Kellwasser,2.5,0.75,21.46,7.305344297492411,Devon370Ma_075xRemin_2.5xpCO2.pO2xPO4_5x5h.dat.10,89.27
0.3,2.0,0.0003761793267405,Kellwasser,2.5,0.75,21.46,7.019960321485996,Devon370Ma_075xRemin_2.5xpCO2.pO2xPO4_5x5h.dat.00,88.35
0.7,2.1,0.0038776302741606,Kellwasser,2.5,0.75,21.46,15.15458097856026,Devon370Ma_075xRemin_2.5xpCO2.pO2xPO4_5x5h.dat.41,65.6
0.6,2.1,0.001146674419256,Kellwasser,2.5,0.75,21.46,14.461886166827751,Devon370Ma_075xRemin_2.5xpCO2.pO2xPO4_5x5h.dat.31,74.4
0.5,2.1,0.0007949052308033,Kellwasser,2.5,0.75,21.46,13.810118616675028,Devon370Ma_075xRemin_2.5xpCO2.pO2xPO4_5x5h.dat.21,81.56
0.4,2.1,0.000610501721024,Kellwasser,2.5,0.75,21.46,13.271230272948742,Devon370Ma_075xRemin_2.5xpCO2.pO2xPO4_5x5h.dat.11,89.36
0.3,2.1,0.0003300036455596,Kellwasser,2.5,0.75,21.46,12.788119420292787,Devon370Ma_075xRemin_2.5xpCO2.pO2xPO4_5x5h.dat.01,88.17
0.7,2.2,0.0012410512987187,Kellwasser,2.5,0.75,21.46,24.04038423264865,Devon370Ma_075xRemin_2.5xpCO2.pO2xPO4_5x5h.dat.42,67.89
0.6,2.2,0.0007924156688866,Kellwasser,2.5,0.75,21.46,23.005763068795204,Devon370Ma_075xRemin_2.5xpCO2.pO2xPO4_5x5h.dat.32,75.5
0.5,2.2,0.0007153662776629,Kellwasser,2.5,0.75,21.46,22.065010853111744,Devon370Ma_075xRemin_2.5xpCO2.pO2xPO4_5x5h.dat.22,86.24
0.4,2.2,0.0005611091871796,Kellwasser,2.5,0.75,21.46,21.22160913131665,Devon370Ma_075xRemin_2.5xpCO2.pO2xPO4_5x5h.dat.12,88.99
0.3,2.2,0.0002990342436142,Kellwasser,2.5,0.75,21.46,20.455710910027847,Devon370Ma_075xRemin_2.5xpCO2.pO2xPO4_5x5h.dat.02,88.26
0.7,2.3,0.0007807390234696,Kellwasser,2.5,0.75,21.46,34.817843697965145,Devon370Ma_075xRemin_2.5xpCO2.pO2xPO4_5x5h.dat.43,69.45
0.6,2.3,0.0007341944424915,Kellwasser,2.5,0.75,21.46,33.47300298628397,Devon370Ma_075xRemin_2.5xpCO2.pO2xPO4_5x5h.dat.33,76.42
0.5,2.3,0.0006282267033882,Kellwasser,2.5,0.75,21.46,32.22576197003946,Devon370Ma_075xRemin_2.5xpCO2.pO2xPO4_5x5h.dat.23,88.35
0.4,2.3,0.0005192707290708,Kellwasser,2.5,0.75,21.46,31.11057958449237,Devon370Ma_075xRemin_2.5xpCO2.pO2xPO4_5x5h.dat.13,88.72
0.3,2.3,0.0002755576587671,Kellwasser,2.5,0.75,21.46,30.07942905242089,Devon370Ma_075xRemin_2.5xpCO2.pO2xPO4_5x5h.dat.03,88.35
0.7,2.4,0.000706041325113,Kellwasser,2.5,0.75,21.46,46.33061325876042,Devon370Ma_075xRemin_2.5xpCO2.pO2xPO4_5x5h.dat.44,71.19
0.6,2.4,0.0006888544658237,Kellwasser,2.5,0.75,21.46,44.83664088184014,Devon370Ma_075xRemin_2.5xpCO2.pO2xPO4_5x5h.dat.34,77.34
0.5,2.4,0.000584347603779,Kellwasser,2.5,0.75,21.46,43.4532412327826,Devon370Ma_075xRemin_2.5xpCO2.pO2xPO4_5x5h.dat.24,89.45
0.4,2.4,0.0004833813236001,Kellwasser,2.5,0.75,21.46,42.14563159621321,Devon370Ma_075xRemin_2.5xpCO2.pO2xPO4_5x5h.dat.14,88.26
0.3,2.4,0.0002551033706731,Kellwasser,2.5,0.75,21.46,40.857092244550586,Devon370Ma_075xRemin_2.5xpCO2.pO2xPO4_5x5h.dat.04,88.26
1.2,0.5,0.0457354165440071,Background,5.0,0.75,24.06,131.0526713496074,Devon370Ma_075xRemin_5xpCO2.pO2xPO4_5x5a.dat.40,0.0
1.1,0.5,0.0471578086852749,Background,5.0,0.75,24.06,118.17434278782456,Devon370Ma_075xRemin_5xpCO2.pO2xPO4_5x5a.dat.30,0.0
1.0,0.5,0.0342015389254302,Background,5.0,0.75,24.06,106.24191781971604,Devon370Ma_075xRemin_5xpCO2.pO2xPO4_5x5a.dat.20,0.0
0.9,0.5,0.002017682285306,Background,5.0,0.75,24.06,96.25046368455514,Devon370Ma_075xRemin_5xpCO2.pO2xPO4_5x5a.dat.10,0.09
0.8,0.5,0.0483964938440754,Background,5.0,0.75,24.06,88.57768261805177,Devon370Ma_075xRemin_5xpCO2.pO2xPO4_5x5a.dat.00,0.37
1.2,0.6,0.0377434509611254,Background,5.0,0.75,24.06,155.7616051286459,Devon370Ma_075xRemin_5xpCO2.pO2xPO4_5x5a.dat.41,0.0
1.1,0.6,0.0028110318452983,Background,5.0,0.75,24.06,142.58224109653383,Devon370Ma_075xRemin_5xpCO2.pO2xPO4_5x5a.dat.31,0.09
1.0,0.6,0.0100475732991007,Background,5.0,0.75,24.06,129.98639431316406,Devon370Ma_075xRemin_5xpCO2.pO2xPO4_5x5a.dat.21,0.28
0.9,0.6,0.0712652580707157,Background,5.0,0.75,24.06,118.32048767246306,Devon370Ma_075xRemin_5xpCO2.pO2xPO4_5x5a.dat.11,0.55
0.8,0.6,0.1288048974971863,Background,5.0,0.75,24.06,108.5076728486456,Devon370Ma_075xRemin_5xpCO2.pO2xPO4_5x5a.dat.01,1.1
1.2,0.7,0.0187701260974413,Background,5.0,0.75,24.06,180.54594693239775,Devon370Ma_075xRemin_5xpCO2.pO2xPO4_5x5a.dat.42,0.18
1.1,0.7,0.0690770019044327,Background,5.0,0.75,24.06,167.22845612093806,Devon370Ma_075xRemin_5xpCO2.pO2xPO4_5x5a.dat.32,0.46
1.0,0.7,0.1150148589585228,Background,5.0,0.75,24.06,154.28513870574534,Devon370Ma_075xRemin_5xpCO2.pO2xPO4_5x5a.dat.22,0.83
0.9,0.7,0.1837227483122586,Background,5.0,0.75,24.06,141.93661627359688,Devon370Ma_075xRemin_5xpCO2.pO2xPO4_5x5a.dat.12,1.01
0.8,0.7,0.3879819000843199,Background,5.0,0.75,24.06,130.51826681476086,Devon370Ma_075xRemin_5xpCO2.pO2xPO4_5x5a.dat.02,1.83
1.2,0.8,0.1030801354655723,Background,5.0,0.75,24.06,205.36196825560185,Devon370Ma_075xRemin_5xpCO2.pO2xPO4_5x5a.dat.43,0.55
1.1,0.8,0.1522975240195468,Background,5.0,0.75,24.06,191.97032088413837,Devon370Ma_075xRemin_5xpCO2.pO2xPO4_5x5a.dat.33,0.92
1.0,0.8,0.2171555113812254,Background,5.0,0.75,24.06,178.85034321807325,Devon370Ma_075xRemin_5xpCO2.pO2xPO4_5x5a.dat.23,1.01
0.9,0.8,0.4145010427904808,Background,5.0,0.75,24.06,166.13895422779024,Devon370Ma_075xRemin_5xpCO2.pO2xPO4_5x5a.dat.13,1.83
0.8,0.8,0.1310111084148706,Background,5.0,0.75,24.06,154.01920245494694,Devon370Ma_075xRemin_5xpCO2.pO2xPO4_5x5a.dat.03,4.31
1.2,0.9,0.204438302499248,Background,5.0,0.75,24.06,230.2018692716956,Devon370Ma_075xRemin_5xpCO2.pO2xPO4_5x5a.dat.44,1.01
1.1,0.9,0.2777550111438625,Background,5.0,0.75,24.06,216.76092001143843,Devon370Ma_075xRemin_5xpCO2.pO2xPO4_5x5a.dat.34,1.1
1.0,0.9,0.427189721691711,Background,5.0,0.75,24.06,203.5507932305336,Devon370Ma_075xRemin_5xpCO2.pO2xPO4_5x5a.dat.24,2.11
0.9,0.9,0.1340463692386709,Background,5.0,0.75,24.06,190.625709365122,Devon370Ma_075xRemin_5xpCO2.pO2xPO4_5x5a.dat.14,4.22
0.8,0.9,0.0168649979221319,Background,5.0,0.75,24.06,178.14277089200914,Devon370Ma_075xRemin_5xpCO2.pO2xPO4_5x5a.dat.04,6.88
1.2,0.5,0.0158621127526906,Kellwasser,5.0,0.75,24.06,131.0526713496074,Devon370Ma_075xRemin_5xpCO2.pO2xPO4_5x5a.dat.40,0.0
1.1,0.5,0.0160601075562902,Kellwasser,5.0,0.75,24.06,118.17434278782456,Devon370Ma_075xRemin_5xpCO2.pO2xPO4_5x5a.dat.30,0.0
1.0,0.5,0.0158428890065562,Kellwasser,5.0,0.75,24.06,106.24191781971604,Devon370Ma_075xRemin_5xpCO2.pO2xPO4_5x5a.dat.20,0.0
0.9,0.5,0.0157491421663484,Kellwasser,5.0,0.75,24.06,96.25046368455514,Devon370Ma_075xRemin_5xpCO2.pO2xPO4_5x5a.dat.10,0.09
0.8,0.5,0.0158987160611248,Kellwasser,5.0,0.75,24.06,88.57768261805177,Devon370Ma_075xRemin_5xpCO2.pO2xPO4_5x5a.dat.00,0.37
1.2,0.6,0.0160210464236407,Kellwasser,5.0,0.75,24.06,155.7616051286459,Devon370Ma_075xRemin_5xpCO2.pO2xPO4_5x5a.dat.41,0.0
1.1,0.6,0.0157120820915048,Kellwasser,5.0,0.75,24.06,142.58224109653383,Devon370Ma_075xRemin_5xpCO2.pO2xPO4_5x5a.dat.31,0.09
1.0,0.6,0.0162315609010343,Kellwasser,5.0,0.75,24.06,129.98639431316406,Devon370Ma_075xRemin_5xpCO2.pO2xPO4_5x5a.dat.21,0.28
0.9,0.6,0.0141581989907185,Kellwasser,5.0,0.75,24.06,118.32048767246306,Devon370Ma_075xRemin_5xpCO2.pO2xPO4_5x5a.dat.11,0.55
0.8,0.6,0.0106695534016944,Kellwasser,5.0,0.75,24.06,108.5076728486456,Devon370Ma_075xRemin_5xpCO2.pO2xPO4_5x5a.dat.01,1.1
1.2,0.7,0.0160309943465703,Kellwasser,5.0,0.75,24.06,180.54594693239775,Devon370Ma_075xRemin_5xpCO2.pO2xPO4_5x5a.dat.42,0.18
1.1,0.7,0.015812796006842,Kellwasser,5.0,0.75,24.06,167.22845612093806,Devon370Ma_075xRemin_5xpCO2.pO2xPO4_5x5a.dat.32,0.46
1.0,0.7,0.0116653433851767,Kellwasser,5.0,0.75,24.06,154.28513870574534,Devon370Ma_075xRemin_5xpCO2.pO2xPO4_5x5a.dat.22,0.83
0.9,0.7,0.006717123020191,Kellwasser,5.0,0.75,24.06,141.93661627359688,Devon370Ma_075xRemin_5xpCO2.pO2xPO4_5x5a.dat.12,1.01
0.8,0.7,0.0102618464615545,Kellwasser,5.0,0.75,24.06,130.51826681476086,Devon370Ma_075xRemin_5xpCO2.pO2xPO4_5x5a.dat.02,1.83
1.2,0.8,0.0139316033782695,Kellwasser,5.0,0.75,24.06,205.36196825560185,Devon370Ma_075xRemin_5xpCO2.pO2xPO4_5x5a.dat.43,0.55
1.1,0.8,0.0108660514344824,Kellwasser,5.0,0.75,24.06,191.97032088413837,Devon370Ma_075xRemin_5xpCO2.pO2xPO4_5x5a.dat.33,0.92
1.0,0.8,0.001745122202616,Kellwasser,5.0,0.75,24.06,178.85034321807325,Devon370Ma_075xRemin_5xpCO2.pO2xPO4_5x5a.dat.23,1.01
0.9,0.8,0.0166431235965927,Kellwasser,5.0,0.75,24.06,166.13895422779024,Devon370Ma_075xRemin_5xpCO2.pO2xPO4_5x5a.dat.13,1.83
0.8,0.8,0.1354514384787086,Kellwasser,5.0,0.75,24.06,154.01920245494694,Devon370Ma_075xRemin_5xpCO2.pO2xPO4_5x5a.dat.03,4.31
1.2,0.9,0.0093002552110373,Kellwasser,5.0,0.75,24.06,230.2018692716956,Devon370Ma_075xRemin_5xpCO2.pO2xPO4_5x5a.dat.44,1.01
1.1,0.9,0.0021607797991988,Kellwasser,5.0,0.75,24.06,216.76092001143843,Devon370Ma_075xRemin_5xpCO2.pO2xPO4_5x5a.dat.34,1.1
1.0,0.9,0.0162235478608488,Kellwasser,5.0,0.75,24.06,203.5507932305336,Devon370Ma_075xRemin_5xpCO2.pO2xPO4_5x5a.dat.24,2.11
0.9,0.9,0.13969737564786,Kellwasser,5.0,0.75,24.06,190.625709365122,Devon370Ma_075xRemin_5xpCO2.pO2xPO4_5x5a.dat.14,4.22
0.8,0.9,0.45662729918085,Kellwasser,5.0,0.75,24.06,178.14277089200914,Devon370Ma_075xRemin_5xpCO2.pO2xPO4_5x5a.dat.04,6.88
1.2,0.5,0.0457354165440071,Background,5.0,0.75,24.06,131.0526713496074,Devon370Ma_075xRemin_5xpCO2.pO2xPO4_5x5a.dat.40,0.0
1.1,0.5,0.0471578086852749,Background,5.0,0.75,24.06,118.17434278782456,Devon370Ma_075xRemin_5xpCO2.pO2xPO4_5x5a.dat.30,0.0
1.0,0.5,0.0342015389254302,Background,5.0,0.75,24.06,106.24191781971604,Devon370Ma_075xRemin_5xpCO2.pO2xPO4_5x5a.dat.20,0.0
0.9,0.5,0.002017682285306,Background,5.0,0.75,24.06,96.25046368455514,Devon370Ma_075xRemin_5xpCO2.pO2xPO4_5x5a.dat.10,0.09
0.8,0.5,0.0483964938440754,Background,5.0,0.75,24.06,88.57768261805177,Devon370Ma_075xRemin_5xpCO2.pO2xPO4_5x5a.dat.00,0.37
1.2,0.6,0.0377434509611254,Background,5.0,0.75,24.06,155.7616051286459,Devon370Ma_075xRemin_5xpCO2.pO2xPO4_5x5a.dat.41,0.0
1.1,0.6,0.0028110318452983,Background,5.0,0.75,24.06,142.58224109653383,Devon370Ma_075xRemin_5xpCO2.pO2xPO4_5x5a.dat.31,0.09
1.0,0.6,0.0100475732991007,Background,5.0,0.75,24.06,129.98639431316406,Devon370Ma_075xRemin_5xpCO2.pO2xPO4_5x5a.dat.21,0.28
0.9,0.6,0.0712652580707157,Background,5.0,0.75,24.06,118.32048767246306,Devon370Ma_075xRemin_5xpCO2.pO2xPO4_5x5a.dat.11,0.55
0.8,0.6,0.1288048974971863,Background,5.0,0.75,24.06,108.5076728486456,Devon370Ma_075xRemin_5xpCO2.pO2xPO4_5x5a.dat.01,1.1
1.2,0.7,0.0187701260974413,Background,5.0,0.75,24.06,180.54594693239775,Devon370Ma_075xRemin_5xpCO2.pO2xPO4_5x5a.dat.42,0.18
1.1,0.7,0.0690770019044327,Background,5.0,0.75,24.06,167.22845612093806,Devon370Ma_075xRemin_5xpCO2.pO2xPO4_5x5a.dat.32,0.46
1.0,0.7,0.1150148589585228,Background,5.0,0.75,24.06,154.28513870574534,Devon370Ma_075xRemin_5xpCO2.pO2xPO4_5x5a.dat.22,0.83
0.9,0.7,0.1837227483122586,Background,5.0,0.75,24.06,141.93661627359688,Devon370Ma_075xRemin_5xpCO2.pO2xPO4_5x5a.dat.12,1.01
0.8,0.7,0.3879819000843199,Background,5.0,0.75,24.06,130.51826681476086,Devon370Ma_075xRemin_5xpCO2.pO2xPO4_5x5a.dat.02,1.83
1.2,0.8,0.1030801354655723,Background,5.0,0.75,24.06,205.36196825560185,Devon370Ma_075xRemin_5xpCO2.pO2xPO4_5x5a.dat.43,0.55
1.1,0.8,0.1522975240195468,Background,5.0,0.75,24.06,191.97032088413837,Devon370Ma_075xRemin_5xpCO2.pO2xPO4_5x5a.dat.33,0.92
1.0,0.8,0.2171555113812254,Background,5.0,0.75,24.06,178.85034321807325,Devon370Ma_075xRemin_5xpCO2.pO2xPO4_5x5a.dat.23,1.01
0.9,0.8,0.4145010427904808,Background,5.0,0.75,24.06,166.13895422779024,Devon370Ma_075xRemin_5xpCO2.pO2xPO4_5x5a.dat.13,1.83
0.8,0.8,0.1310111084148706,Background,5.0,0.75,24.06,154.01920245494694,Devon370Ma_075xRemin_5xpCO2.pO2xPO4_5x5a.dat.03,4.31
1.2,0.9,0.204438302499248,Background,5.0,0.75,24.06,230.2018692716956,Devon370Ma_075xRemin_5xpCO2.pO2xPO4_5x5a.dat.44,1.01
1.1,0.9,0.2777550111438625,Background,5.0,0.75,24.06,216.76092001143843,Devon370Ma_075xRemin_5xpCO2.pO2xPO4_5x5a.dat.34,1.1
1.0,0.9,0.427189721691711,Background,5.0,0.75,24.06,203.5507932305336,Devon370Ma_075xRemin_5xpCO2.pO2xPO4_5x5a.dat.24,2.11
0.9,0.9,0.1340463692386709,Background,5.0,0.75,24.06,190.625709365122,Devon370Ma_075xRemin_5xpCO2.pO2xPO4_5x5a.dat.14,4.22
0.8,0.9,0.0168649979221319,Background,5.0,0.75,24.06,178.14277089200914,Devon370Ma_075xRemin_5xpCO2.pO2xPO4_5x5a.dat.04,6.88
1.2,0.5,0.0158621127526906,Kellwasser,5.0,0.75,24.06,131.0526713496074,Devon370Ma_075xRemin_5xpCO2.pO2xPO4_5x5a.dat.40,0.0
1.1,0.5,0.0160601075562902,Kellwasser,5.0,0.75,24.06,118.17434278782456,Devon370Ma_075xRemin_5xpCO2.pO2xPO4_5x5a.dat.30,0.0
1.0,0.5,0.0158428890065562,Kellwasser,5.0,0.75,24.06,106.24191781971604,Devon370Ma_075xRemin_5xpCO2.pO2xPO4_5x5a.dat.20,0.0
0.9,0.5,0.0157491421663484,Kellwasser,5.0,0.75,24.06,96.25046368455514,Devon370Ma_075xRemin_5xpCO2.pO2xPO4_5x5a.dat.10,0.09
0.8,0.5,0.0158987160611248,Kellwasser,5.0,0.75,24.06,88.57768261805177,Devon370Ma_075xRemin_5xpCO2.pO2xPO4_5x5a.dat.00,0.37
1.2,0.6,0.0160210464236407,Kellwasser,5.0,0.75,24.06,155.7616051286459,Devon370Ma_075xRemin_5xpCO2.pO2xPO4_5x5a.dat.41,0.0
1.1,0.6,0.0157120820915048,Kellwasser,5.0,0.75,24.06,142.58224109653383,Devon370Ma_075xRemin_5xpCO2.pO2xPO4_5x5a.dat.31,0.09
1.0,0.6,0.0162315609010343,Kellwasser,5.0,0.75,24.06,129.98639431316406,Devon370Ma_075xRemin_5xpCO2.pO2xPO4_5x5a.dat.21,0.28
0.9,0.6,0.0141581989907185,Kellwasser,5.0,0.75,24.06,118.32048767246306,Devon370Ma_075xRemin_5xpCO2.pO2xPO4_5x5a.dat.11,0.55
0.8,0.6,0.0106695534016944,Kellwasser,5.0,0.75,24.06,108.5076728486456,Devon370Ma_075xRemin_5xpCO2.pO2xPO4_5x5a.dat.01,1.1
1.2,0.7,0.0160309943465703,Kellwasser,5.0,0.75,24.06,180.54594693239775,Devon370Ma_075xRemin_5xpCO2.pO2xPO4_5x5a.dat.42,0.18
1.1,0.7,0.015812796006842,Kellwasser,5.0,0.75,24.06,167.22845612093806,Devon370Ma_075xRemin_5xpCO2.pO2xPO4_5x5a.dat.32,0.46
1.0,0.7,0.0116653433851767,Kellwasser,5.0,0.75,24.06,154.28513870574534,Devon370Ma_075xRemin_5xpCO2.pO2xPO4_5x5a.dat.22,0.83
0.9,0.7,0.006717123020191,Kellwasser,5.0,0.75,24.06,141.93661627359688,Devon370Ma_075xRemin_5xpCO2.pO2xPO4_5x5a.dat.12,1.01
0.8,0.7,0.0102618464615545,Kellwasser,5.0,0.75,24.06,130.51826681476086,Devon370Ma_075xRemin_5xpCO2.pO2xPO4_5x5a.dat.02,1.83
1.2,0.8,0.0139316033782695,Kellwasser,5.0,0.75,24.06,205.36196825560185,Devon370Ma_075xRemin_5xpCO2.pO2xPO4_5x5a.dat.43,0.55
1.1,0.8,0.0108660514344824,Kellwasser,5.0,0.75,24.06,191.97032088413837,Devon370Ma_075xRemin_5xpCO2.pO2xPO4_5x5a.dat.33,0.92
1.0,0.8,0.001745122202616,Kellwasser,5.0,0.75,24.06,178.85034321807325,Devon370Ma_075xRemin_5xpCO2.pO2xPO4_5x5a.dat.23,1.01
0.9,0.8,0.0166431235965927,Kellwasser,5.0,0.75,24.06,166.13895422779024,Devon370Ma_075xRemin_5xpCO2.pO2xPO4_5x5a.dat.13,1.83
0.8,0.8,0.1354514384787086,Kellwasser,5.0,0.75,24.06,154.01920245494694,Devon370Ma_075xRemin_5xpCO2.pO2xPO4_5x5a.dat.03,4.31
1.2,0.9,0.0093002552110373,Kellwasser,5.0,0.75,24.06,230.2018692716956,Devon370Ma_075xRemin_5xpCO2.pO2xPO4_5x5a.dat.44,1.01
1.1,0.9,0.0021607797991988,Kellwasser,5.0,0.75,24.06,216.76092001143843,Devon370Ma_075xRemin_5xpCO2.pO2xPO4_5x5a.dat.34,1.1
1.0,0.9,0.0162235478608488,Kellwasser,5.0,0.75,24.06,203.5507932305336,Devon370Ma_075xRemin_5xpCO2.pO2xPO4_5x5a.dat.24,2.11
0.9,0.9,0.13969737564786,Kellwasser,5.0,0.75,24.06,190.625709365122,Devon370Ma_075xRemin_5xpCO2.pO2xPO4_5x5a.dat.14,4.22
0.8,0.9,0.45662729918085,Kellwasser,5.0,0.75,24.06,178.14277089200914,Devon370Ma_075xRemin_5xpCO2.pO2xPO4_5x5a.dat.04,6.88
1.2,1.0,0.328184176027655,Background,5.0,0.75,24.06,82.50771497841924,Devon370Ma_075xRemin_5xpCO2.pO2xPO4_5x5b.dat.40,1.38
1.1,1.0,0.390493104043186,Background,5.0,0.75,24.06,77.53463432891294,Devon370Ma_075xRemin_5xpCO2.pO2xPO4_5x5b.dat.30,2.29
1.0,1.0,0.1367142505999734,Background,5.0,0.75,24.06,73.33658140851185,Devon370Ma_075xRemin_5xpCO2.pO2xPO4_5x5b.dat.20,4.13
0.9,1.0,0.0051152342724891,Background,5.0,0.75,24.06,69.68096568016335,Devon370Ma_075xRemin_5xpCO2.pO2xPO4_5x5b.dat.10,6.61
0.8,1.0,0.033024612780813,Background,5.0,0.75,24.06,66.3965693092905,Devon370Ma_075xRemin_5xpCO2.pO2xPO4_5x5b.dat.00,10.18
1.2,1.1,0.370451493852002,Background,5.0,0.75,24.06,100.78400373458862,Devon370Ma_075xRemin_5xpCO2.pO2xPO4_5x5b.dat.41,2.29
1.1,1.1,0.1421814659483565,Background,5.0,0.75,24.06,94.54342944081873,Devon370Ma_075xRemin_5xpCO2.pO2xPO4_5x5b.dat.31,4.13
1.0,1.1,0.0030817420232953,Background,5.0,0.75,24.06,89.3387186806649,Devon370Ma_075xRemin_5xpCO2.pO2xPO4_5x5b.dat.21,6.42
0.9,1.1,0.0206901793074745,Background,5.0,0.75,24.06,84.9223870318383,Devon370Ma_075xRemin_5xpCO2.pO2xPO4_5x5b.dat.11,8.44
0.8,1.1,0.057295202175179,Background,5.0,0.75,24.06,81.05720189632848,Devon370Ma_075xRemin_5xpCO2.pO2xPO4_5x5b.dat.01,18.9
1.2,1.2,0.1561488610461141,Background,5.0,0.75,24.06,120.85404159734026,Devon370Ma_075xRemin_5xpCO2.pO2xPO4_5x5b.dat.42,4.13
1.1,1.2,0.0043214946161717,Background,5.0,0.75,24.06,113.09084220556542,Devon370Ma_075xRemin_5xpCO2.pO2xPO4_5x5b.dat.32,6.33
1.0,1.2,0.0154192307146495,Background,5.0,0.75,24.06,106.70720075722784,Devon370Ma_075xRemin_5xpCO2.pO2xPO4_5x5b.dat.22,7.61
0.9,1.2,0.0280038380504472,Background,5.0,0.75,24.06,101.31408635061234,Devon370Ma_075xRemin_5xpCO2.pO2xPO4_5x5b.dat.12,13.58
0.8,1.2,0.0527624972014339,Background,5.0,0.75,24.06,96.7138767009601,Devon370Ma_075xRemin_5xpCO2.pO2xPO4_5x5b.dat.02,27.06
1.2,1.3,0.0540811358896525,Background,5.0,0.75,24.06,142.83167547546327,Devon370Ma_075xRemin_5xpCO2.pO2xPO4_5x5b.dat.43,6.06
1.1,1.3,0.0065552695796428,Background,5.0,0.75,24.06,133.29429202713072,Devon370Ma_075xRemin_5xpCO2.pO2xPO4_5x5b.dat.33,7.8
1.0,1.3,0.0224581581673233,Background,5.0,0.75,24.06,125.50852261483668,Devon370Ma_075xRemin_5xpCO2.pO2xPO4_5x5b.dat.23,10.73
0.9,1.3,0.0493929125859402,Background,5.0,0.75,24.06,118.99068340426312,Devon370Ma_075xRemin_5xpCO2.pO2xPO4_5x5b.dat.13,21.93
0.8,1.3,0.0433766981865853,Background,5.0,0.75,24.06,113.46883547957988,Devon370Ma_075xRemin_5xpCO2.pO2xPO4_5x5b.dat.03,33.85
1.2,1.4,0.0077802129918311,Background,5.0,0.75,24.06,166.23776173219085,Devon370Ma_075xRemin_5xpCO2.pO2xPO4_5x5b.dat.44,7.34
1.1,1.4,0.016097654728455,Background,5.0,0.75,24.06,155.25500930380076,Devon370Ma_075xRemin_5xpCO2.pO2xPO4_5x5b.dat.34,8.99
1.0,1.4,0.0448792155390127,Background,5.0,0.75,24.06,145.83255688194183,Devon370Ma_075xRemin_5xpCO2.pO2xPO4_5x5b.dat.24,17.25
0.9,1.4,0.0407892531007574,Background,5.0,0.75,24.06,138.0294415866956,Devon370Ma_075xRemin_5xpCO2.pO2xPO4_5x5b.dat.14,28.44
0.8,1.4,0.0319235160383385,Background,5.0,0.75,24.06,131.4008404733613,Devon370Ma_075xRemin_5xpCO2.pO2xPO4_5x5b.dat.04,39.63
1.2,1.0,0.0046600997955188,Kellwasser,5.0,0.75,24.06,82.50771497841924,Devon370Ma_075xRemin_5xpCO2.pO2xPO4_5x5b.dat.40,1.38
1.1,1.0,0.0203028246517442,Kellwasser,5.0,0.75,24.06,77.53463432891294,Devon370Ma_075xRemin_5xpCO2.pO2xPO4_5x5b.dat.30,2.29
1.0,1.0,0.1464866130224949,Kellwasser,5.0,0.75,24.06,73.33658140851185,Devon370Ma_075xRemin_5xpCO2.pO2xPO4_5x5b.dat.20,4.13
0.9,1.0,0.4490645916416197,Kellwasser,5.0,0.75,24.06,69.68096568016335,Devon370Ma_075xRemin_5xpCO2.pO2xPO4_5x5b.dat.10,6.61
0.8,1.0,0.6235242439252678,Kellwasser,5.0,0.75,24.06,66.3965693092905,Devon370Ma_075xRemin_5xpCO2.pO2xPO4_5x5b.dat.00,10.18
1.2,1.1,0.02549295100918,Kellwasser,5.0,0.75,24.06,100.78400373458862,Devon370Ma_075xRemin_5xpCO2.pO2xPO4_5x5b.dat.41,2.29
1.1,1.1,0.1515153054120693,Kellwasser,5.0,0.75,24.06,94.54342944081873,Devon370Ma_075xRemin_5xpCO2.pO2xPO4_5x5b.dat.31,4.13
1.0,1.1,0.4600924937770734,Kellwasser,5.0,0.75,24.06,89.3387186806649,Devon370Ma_075xRemin_5xpCO2.pO2xPO4_5x5b.dat.21,6.42
0.9,1.1,0.6158476958834063,Kellwasser,5.0,0.75,24.06,84.9223870318383,Devon370Ma_075xRemin_5xpCO2.pO2xPO4_5x5b.dat.11,8.44
0.8,1.1,0.6045041604422219,Kellwasser,5.0,0.75,24.06,81.05720189632848,Devon370Ma_075xRemin_5xpCO2.pO2xPO4_5x5b.dat.01,18.9
1.2,1.2,0.1396282455638828,Kellwasser,5.0,0.75,24.06,120.85404159734026,Devon370Ma_075xRemin_5xpCO2.pO2xPO4_5x5b.dat.42,4.13
1.1,1.2,0.4836377838011663,Kellwasser,5.0,0.75,24.06,113.09084220556542,Devon370Ma_075xRemin_5xpCO2.pO2xPO4_5x5b.dat.32,6.33
1.0,1.2,0.6223113624282418,Kellwasser,5.0,0.75,24.06,106.70720075722784,Devon370Ma_075xRemin_5xpCO2.pO2xPO4_5x5b.dat.22,7.61
0.9,1.2,0.6131492843399605,Kellwasser,5.0,0.75,24.06,101.31408635061234,Devon370Ma_075xRemin_5xpCO2.pO2xPO4_5x5b.dat.12,13.58
0.8,1.2,0.3798226013936944,Kellwasser,5.0,0.75,24.06,96.7138767009601,Devon370Ma_075xRemin_5xpCO2.pO2xPO4_5x5b.dat.02,27.06
1.2,1.3,0.3223921736658681,Kellwasser,5.0,0.75,24.06,142.83167547546327,Devon370Ma_075xRemin_5xpCO2.pO2xPO4_5x5b.dat.43,6.06
1.1,1.3,0.6295722391408229,Kellwasser,5.0,0.75,24.06,133.29429202713072,Devon370Ma_075xRemin_5xpCO2.pO2xPO4_5x5b.dat.33,7.8
1.0,1.3,0.5912865984508942,Kellwasser,5.0,0.75,24.06,125.50852261483668,Devon370Ma_075xRemin_5xpCO2.pO2xPO4_5x5b.dat.23,10.73
0.9,1.3,0.4163368687700509,Kellwasser,5.0,0.75,24.06,118.99068340426312,Devon370Ma_075xRemin_5xpCO2.pO2xPO4_5x5b.dat.13,21.93
0.8,1.3,0.2893068617503139,Kellwasser,5.0,0.75,24.06,113.46883547957988,Devon370Ma_075xRemin_5xpCO2.pO2xPO4_5x5b.dat.03,33.85
1.2,1.4,0.5700870398771313,Kellwasser,5.0,0.75,24.06,166.23776173219085,Devon370Ma_075xRemin_5xpCO2.pO2xPO4_5x5b.dat.44,7.34
1.1,1.4,0.5807262352759401,Kellwasser,5.0,0.75,24.06,155.25500930380076,Devon370Ma_075xRemin_5xpCO2.pO2xPO4_5x5b.dat.34,8.99
1.0,1.4,0.4170264483282536,Kellwasser,5.0,0.75,24.06,145.83255688194183,Devon370Ma_075xRemin_5xpCO2.pO2xPO4_5x5b.dat.24,17.25
0.9,1.4,0.2915816784774137,Kellwasser,5.0,0.75,24.06,138.0294415866956,Devon370Ma_075xRemin_5xpCO2.pO2xPO4_5x5b.dat.14,28.44
0.8,1.4,0.2179219565354095,Kellwasser,5.0,0.75,24.06,131.4008404733613,Devon370Ma_075xRemin_5xpCO2.pO2xPO4_5x5b.dat.04,39.63
1.2,1.5,0.0100503724014163,Background,5.0,0.75,24.06,63.58027167152613,Devon370Ma_075xRemin_5xpCO2.pO2xPO4_5x5c.dat.40,8.44
1.1,1.5,0.0207961963218571,Background,5.0,0.75,24.06,60.88902591727674,Devon370Ma_075xRemin_5xpCO2.pO2xPO4_5x5c.dat.30,12.94
1.0,1.5,0.0375333802108802,Background,5.0,0.75,24.06,58.53344191564247,Devon370Ma_075xRemin_5xpCO2.pO2xPO4_5x5c.dat.20,24.04
0.9,1.5,0.0326632229268443,Background,5.0,0.75,24.06,56.37588401441462,Devon370Ma_075xRemin_5xpCO2.pO2xPO4_5x5c.dat.10,34.04
0.8,1.5,0.0264908537576388,Background,5.0,0.75,24.06,54.35731145553291,Devon370Ma_075xRemin_5xpCO2.pO2xPO4_5x5c.dat.00,45.23
1.2,1.6,0.014677672951969,Background,5.0,0.75,24.06,77.60593143757433,Devon370Ma_075xRemin_5xpCO2.pO2xPO4_5x5c.dat.41,10.28
1.1,1.6,0.0335804270272938,Background,5.0,0.75,24.06,74.50285193044692,Devon370Ma_075xRemin_5xpCO2.pO2xPO4_5x5c.dat.31,18.81
1.0,1.6,0.0307270940746159,Background,5.0,0.75,24.06,71.77776569733396,Devon370Ma_075xRemin_5xpCO2.pO2xPO4_5x5c.dat.21,28.99
0.9,1.6,0.0247675663350397,Background,5.0,0.75,24.06,69.13830293342471,Devon370Ma_075xRemin_5xpCO2.pO2xPO4_5x5c.dat.11,38.9
0.8,1.6,0.0215950650437721,Background,5.0,0.75,24.06,66.80601654807106,Devon370Ma_075xRemin_5xpCO2.pO2xPO4_5x5c.dat.01,49.72
1.2,1.7,0.0295110328314822,Background,5.0,0.75,24.06,92.660695372615,Devon370Ma_075xRemin_5xpCO2.pO2xPO4_5x5c.dat.42,14.4
1.1,1.7,0.0270253841399421,Background,5.0,0.75,24.06,89.04434071155265,Devon370Ma_075xRemin_5xpCO2.pO2xPO4_5x5c.dat.32,24.59
1.0,1.7,0.0241468181159681,Background,5.0,0.75,24.06,85.74733510613441,Devon370Ma_075xRemin_5xpCO2.pO2xPO4_5x5c.dat.22,33.94
0.9,1.7,0.0199853224015361,Background,5.0,0.75,24.06,82.79585017589852,Devon370Ma_075xRemin_5xpCO2.pO2xPO4_5x5c.dat.12,43.76
0.8,1.7,0.0174386030023693,Background,5.0,0.75,24.06,80.14620107132941,Devon370Ma_075xRemin_5xpCO2.pO2xPO4_5x5c.dat.02,53.76
1.2,1.8,0.0230190434800587,Background,5.0,0.75,24.06,108.65738295251504,Devon370Ma_075xRemin_5xpCO2.pO2xPO4_5x5c.dat.43,20.46
1.1,1.8,0.0225802832656439,Background,5.0,0.75,24.06,104.45812222315,Devon370Ma_075xRemin_5xpCO2.pO2xPO4_5x5c.dat.33,29.27
1.0,1.8,0.0184728670717787,Background,5.0,0.75,24.06,100.6863676593639,Devon370Ma_075xRemin_5xpCO2.pO2xPO4_5x5c.dat.23,37.98
0.9,1.8,0.0157596496367041,Background,5.0,0.75,24.06,97.26537973619998,Devon370Ma_075xRemin_5xpCO2.pO2xPO4_5x5c.dat.13,47.98
0.8,1.8,0.0136613145960004,Background,5.0,0.75,24.06,94.10775237483904,Devon370Ma_075xRemin_5xpCO2.pO2xPO4_5x5c.dat.03,56.97
1.2,1.9,0.0192188562106814,Background,5.0,0.75,24.06,125.75335858855397,Devon370Ma_075xRemin_5xpCO2.pO2xPO4_5x5c.dat.44,24.77
1.1,1.9,0.0168942021219512,Background,5.0,0.75,24.06,120.79354928573592,Devon370Ma_075xRemin_5xpCO2.pO2xPO4_5x5c.dat.34,33.21
1.0,1.9,0.0140601390068602,Background,5.0,0.75,24.06,116.43421021290123,Devon370Ma_075xRemin_5xpCO2.pO2xPO4_5x5c.dat.24,42.11
0.9,1.9,0.012468361457831,Background,5.0,0.75,24.06,112.52742115175352,Devon370Ma_075xRemin_5xpCO2.pO2xPO4_5x5c.dat.14,51.1
0.8,1.9,0.007750380535003,Background,5.0,0.75,24.06,108.9656725525856,Devon370Ma_075xRemin_5xpCO2.pO2xPO4_5x5c.dat.04,60.0
1.2,1.5,0.5423507737501877,Kellwasser,5.0,0.75,24.06,63.58027167152613,Devon370Ma_075xRemin_5xpCO2.pO2xPO4_5x5c.dat.40,8.44
1.1,1.5,0.4513106663236548,Kellwasser,5.0,0.75,24.06,60.88902591727674,Devon370Ma_075xRemin_5xpCO2.pO2xPO4_5x5c.dat.30,12.94
1.0,1.5,0.2871839651824914,Kellwasser,5.0,0.75,24.06,58.53344191564247,Devon370Ma_075xRemin_5xpCO2.pO2xPO4_5x5c.dat.20,24.04
0.9,1.5,0.222660182293368,Kellwasser,5.0,0.75,24.06,56.37588401441462,Devon370Ma_075xRemin_5xpCO2.pO2xPO4_5x5c.dat.10,34.04
0.8,1.5,0.1670819838861712,Kellwasser,5.0,0.75,24.06,54.35731145553291,Devon370Ma_075xRemin_5xpCO2.pO2xPO4_5x5c.dat.00,45.23
1.2,1.6,0.4482605956346983,Kellwasser,5.0,0.75,24.06,77.60593143757433,Devon370Ma_075xRemin_5xpCO2.pO2xPO4_5x5c.dat.41,10.28
1.1,1.6,0.2946546126510895,Kellwasser,5.0,0.75,24.06,74.50285193044692,Devon370Ma_075xRemin_5xpCO2.pO2xPO4_5x5c.dat.31,18.81
1.0,1.6,0.2163664513304354,Kellwasser,5.0,0.75,24.06,71.77776569733396,Devon370Ma_075xRemin_5xpCO2.pO2xPO4_5x5c.dat.21,28.99
0.9,1.6,0.1621258254390609,Kellwasser,5.0,0.75,24.06,69.13830293342471,Devon370Ma_075xRemin_5xpCO2.pO2xPO4_5x5c.dat.11,38.9
0.8,1.6,0.1155339817023482,Kellwasser,5.0,0.75,24.06,66.80601654807106,Devon370Ma_075xRemin_5xpCO2.pO2xPO4_5x5c.dat.01,49.72
1.2,1.7,0.2901434445838589,Kellwasser,5.0,0.75,24.06,92.660695372615,Devon370Ma_075xRemin_5xpCO2.pO2xPO4_5x5c.dat.42,14.4
1.1,1.7,0.2030338143798629,Kellwasser,5.0,0.75,24.06,89.04434071155265,Devon370Ma_075xRemin_5xpCO2.pO2xPO4_5x5c.dat.32,24.59
1.0,1.7,0.1598935476391279,Kellwasser,5.0,0.75,24.06,85.74733510613441,Devon370Ma_075xRemin_5xpCO2.pO2xPO4_5x5c.dat.22,33.94
0.9,1.7,0.1241316047529674,Kellwasser,5.0,0.75,24.06,82.79585017589852,Devon370Ma_075xRemin_5xpCO2.pO2xPO4_5x5c.dat.12,43.76
0.8,1.7,0.085714444192628,Kellwasser,5.0,0.75,24.06,80.14620107132941,Devon370Ma_075xRemin_5xpCO2.pO2xPO4_5x5c.dat.02,53.76
1.2,1.8,0.2073015909934675,Kellwasser,5.0,0.75,24.06,108.65738295251504,Devon370Ma_075xRemin_5xpCO2.pO2xPO4_5x5c.dat.43,20.46
1.1,1.8,0.1515051726611423,Kellwasser,5.0,0.75,24.06,104.45812222315,Devon370Ma_075xRemin_5xpCO2.pO2xPO4_5x5c.dat.33,29.27
1.0,1.8,0.117020880986515,Kellwasser,5.0,0.75,24.06,100.6863676593639,Devon370Ma_075xRemin_5xpCO2.pO2xPO4_5x5c.dat.23,37.98
0.9,1.8,0.0834592942189912,Kellwasser,5.0,0.75,24.06,97.26537973619998,Devon370Ma_075xRemin_5xpCO2.pO2xPO4_5x5c.dat.13,47.98
0.8,1.8,0.063789424075269,Kellwasser,5.0,0.75,24.06,94.10775237483904,Devon370Ma_075xRemin_5xpCO2.pO2xPO4_5x5c.dat.03,56.97
1.2,1.9,0.1393516788808994,Kellwasser,5.0,0.75,24.06,125.75335858855397,Devon370Ma_075xRemin_5xpCO2.pO2xPO4_5x5c.dat.44,24.77
1.1,1.9,0.1095820149535169,Kellwasser,5.0,0.75,24.06,120.79354928573592,Devon370Ma_075xRemin_5xpCO2.pO2xPO4_5x5c.dat.34,33.21
1.0,1.9,0.0864563214842188,Kellwasser,5.0,0.75,24.06,116.43421021290123,Devon370Ma_075xRemin_5xpCO2.pO2xPO4_5x5c.dat.24,42.11
0.9,1.9,0.0602434461119541,Kellwasser,5.0,0.75,24.06,112.52742115175352,Devon370Ma_075xRemin_5xpCO2.pO2xPO4_5x5c.dat.14,51.1
0.8,1.9,0.04362349743164,Kellwasser,5.0,0.75,24.06,108.9656725525856,Devon370Ma_075xRemin_5xpCO2.pO2xPO4_5x5c.dat.04,60.0
0.7,0.5,0.0275465718768146,Background,5.0,0.75,24.07,20.728190065710805,250210.pO2xPO4_5x5d.dat.40,3.47
0.6,0.5,0.0438350227956785,Background,5.0,0.75,24.07,18.56307062553242,250210.pO2xPO4_5x5d.dat.30,6.76
0.5,0.5,0.0583803218942878,Background,5.0,0.75,24.07,16.726929970900528,250210.pO2xPO4_5x5d.dat.20,9.96
0.4,0.5,0.0363564042538693,Background,5.0,0.75,24.07,15.1576787175145,250210.pO2xPO4_5x5d.dat.10,25.05
0.3,0.5,0.0235908485742525,Background,5.0,0.75,24.07,13.731698345509358,250210.pO2xPO4_5x5d.dat.00,59.96
0.7,0.6,0.0164756413773221,Background,5.0,0.75,24.07,33.974298276007175,250210.pO2xPO4_5x5d.dat.41,6.58
0.6,0.6,0.0643795058012661,Background,5.0,0.75,24.07,30.85872594965622,250210.pO2xPO4_5x5d.dat.31,9.23
0.5,0.6,0.0406938749747726,Background,5.0,0.75,24.07,28.26357194862794,250210.pO2xPO4_5x5d.dat.21,17.37
0.4,0.6,0.0229688251072655,Background,5.0,0.75,24.07,26.07417627586983,250210.pO2xPO4_5x5d.dat.11,43.97
0.3,0.6,0.0171879760707165,Background,5.0,0.75,24.07,24.11752029729541,250210.pO2xPO4_5x5d.dat.01,71.12
0.7,0.7,0.0329250601645155,Background,5.0,0.75,24.07,49.19312050333247,250210.pO2xPO4_5x5d.dat.42,8.78
0.6,0.7,0.0396112872356364,Background,5.0,0.75,24.07,44.91197250899859,250210.pO2xPO4_5x5d.dat.32,13.35
0.5,0.7,0.0288296170115824,Background,5.0,0.75,24.07,41.45136335864663,250210.pO2xPO4_5x5d.dat.22,33.73
0.4,0.7,0.0218852558243001,Background,5.0,0.75,24.07,38.511116144945845,250210.pO2xPO4_5x5d.dat.12,56.67
0.3,0.7,0.0141724273545065,Background,5.0,0.75,24.07,35.960205423180014,250210.pO2xPO4_5x5d.dat.02,77.24
0.7,0.8,0.0430559060240755,Background,5.0,0.75,24.07,66.69273716397583,250210.pO2xPO4_5x5d.dat.43,11.43
0.6,0.8,0.031262693394395,Background,5.0,0.75,24.07,60.75378405512311,250210.pO2xPO4_5x5d.dat.33,26.23
0.5,0.8,0.0196687840701029,Background,5.0,0.75,24.07,56.14568362943828,250210.pO2xPO4_5x5d.dat.23,45.43
0.4,0.8,0.0164893196894302,Background,5.0,0.75,24.07,52.391886129044,250210.pO2xPO4_5x5d.dat.13,65.9
0.3,0.8,0.008430726613648,Background,5.0,0.75,24.07,49.13370503345504,250210.pO2xPO4_5x5d.dat.03,82.36
0.7,0.9,0.0297519834108932,Background,5.0,0.75,24.07,86.6056143422611,250210.pO2xPO4_5x5d.dat.44,20.11
0.6,0.9,0.0231511673716277,Background,5.0,0.75,24.07,78.63334030844271,250210.pO2xPO4_5x5d.dat.34,36.84
0.5,0.9,0.0214806803333136,Background,5.0,0.75,24.07,72.49384361784905,250210.pO2xPO4_5x5d.dat.24,54.48
0.4,0.9,0.0139066870323945,Background,5.0,0.75,24.07,67.62663542758673,250210.pO2xPO4_5x5d.dat.14,72.03
0.3,0.9,0.004568540536876,Background,5.0,0.75,24.07,63.56633093673736,250210.pO2xPO4_5x5d.dat.04,86.47
0.7,0.5,0.1333503946678733,Kellwasser,5.0,0.75,24.07,20.728190065710805,250210.pO2xPO4_5x5d.dat.40,3.47
0.6,0.5,0.5714771657096358,Kellwasser,5.0,0.75,24.07,18.56307062553242,250210.pO2xPO4_5x5d.dat.30,6.76
0.5,0.5,0.4431363819090342,Kellwasser,5.0,0.75,24.07,16.726929970900528,250210.pO2xPO4_5x5d.dat.20,9.96
0.4,0.5,0.2215922494159897,Kellwasser,5.0,0.75,24.07,15.1576787175145,250210.pO2xPO4_5x5d.dat.10,25.05
0.3,0.5,0.0496841002537643,Kellwasser,5.0,0.75,24.07,13.731698345509358,250210.pO2xPO4_5x5d.dat.00,59.96
0.7,0.6,0.4900725270265684,Kellwasser,5.0,0.75,24.07,33.974298276007175,250210.pO2xPO4_5x5d.dat.41,6.58
0.6,0.6,0.5069080758082268,Kellwasser,5.0,0.75,24.07,30.85872594965622,250210.pO2xPO4_5x5d.dat.31,9.23
0.5,0.6,0.2847225308315018,Kellwasser,5.0,0.75,24.07,28.26357194862794,250210.pO2xPO4_5x5d.dat.21,17.37
0.4,0.6,0.1259844174455725,Kellwasser,5.0,0.75,24.07,26.07417627586983,250210.pO2xPO4_5x5d.dat.11,43.97
0.3,0.6,0.0321429520137352,Kellwasser,5.0,0.75,24.07,24.11752029729541,250210.pO2xPO4_5x5d.dat.01,71.12
0.7,0.7,0.5348140375620548,Kellwasser,5.0,0.75,24.07,49.19312050333247,250210.pO2xPO4_5x5d.dat.42,8.78
0.6,0.7,0.3151051147654742,Kellwasser,5.0,0.75,24.07,44.91197250899859,250210.pO2xPO4_5x5d.dat.32,13.35
0.5,0.7,0.1771504906432512,Kellwasser,5.0,0.75,24.07,41.45136335864663,250210.pO2xPO4_5x5d.dat.22,33.73
0.4,0.7,0.0414078352187027,Kellwasser,5.0,0.75,24.07,38.511116144945845,250210.pO2xPO4_5x5d.dat.12,56.67
0.3,0.7,0.0195146773171046,Kellwasser,5.0,0.75,24.07,35.960205423180014,250210.pO2xPO4_5x5d.dat.02,77.24
0.7,0.8,0.3374680978483387,Kellwasser,5.0,0.75,24.07,66.69273716397583,250210.pO2xPO4_5x5d.dat.43,11.43
0.6,0.8,0.2108196048755155,Kellwasser,5.0,0.75,24.07,60.75378405512311,250210.pO2xPO4_5x5d.dat.33,26.23
0.5,0.8,0.1043696690317936,Kellwasser,5.0,0.75,24.07,56.14568362943828,250210.pO2xPO4_5x5d.dat.23,45.43
0.4,0.8,0.0269750754126426,Kellwasser,5.0,0.75,24.07,52.391886129044,250210.pO2xPO4_5x5d.dat.13,65.9
0.3,0.8,0.0089633513858199,Kellwasser,5.0,0.75,24.07,49.13370503345504,250210.pO2xPO4_5x5d.dat.03,82.36
0.7,0.9,0.2300972687714299,Kellwasser,5.0,0.75,24.07,86.6056143422611,250210.pO2xPO4_5x5d.dat.44,20.11
0.6,0.9,0.1344901016265998,Kellwasser,5.0,0.75,24.07,78.63334030844271,250210.pO2xPO4_5x5d.dat.34,36.84
0.5,0.9,0.0350856145422365,Kellwasser,5.0,0.75,24.07,72.49384361784905,250210.pO2xPO4_5x5d.dat.24,54.48
0.4,0.9,0.0165960489367971,Kellwasser,5.0,0.75,24.07,67.62663542758673,250210.pO2xPO4_5x5d.dat.14,72.03
0.3,0.9,0.005129409677794,Kellwasser,5.0,0.75,24.07,63.56633093673736,250210.pO2xPO4_5x5d.dat.04,86.47
0.7,1.0,0.0238604061859532,Background,5.0,0.75,24.07,12.562803021864966,250210.pO2xPO4_5x5e.dat.40,30.16
0.6,1.0,0.0168774339477847,Background,5.0,0.75,24.07,11.643997822829988,250210.pO2xPO4_5x5e.dat.30,45.34
0.5,1.0,0.0162093957138555,Background,5.0,0.75,24.07,10.870564437936991,250210.pO2xPO4_5x5e.dat.20,61.06
0.4,1.0,0.0111440754757867,Background,5.0,0.75,24.07,10.170786481467076,250210.pO2xPO4_5x5e.dat.10,76.23
0.3,1.0,0.0029992661097362,Background,5.0,0.75,24.07,9.48225806496339,250210.pO2xPO4_5x5e.dat.00,87.84
0.7,1.1,0.0178150330711712,Background,5.0,0.75,24.07,22.44326424261089,250210.pO2xPO4_5x5e.dat.41,38.39
0.6,1.1,0.0182814966966684,Background,5.0,0.75,24.07,20.933113773935474,250210.pO2xPO4_5x5e.dat.31,52.38
0.5,1.1,0.0126805919130664,Background,5.0,0.75,24.07,19.499844711390324,250210.pO2xPO4_5x5e.dat.21,66.73
0.4,1.1,0.0066522661391795,Background,5.0,0.75,24.07,18.21955265768338,250210.pO2xPO4_5x5e.dat.11,78.15
0.3,1.1,0.0013371556590957,Background,5.0,0.75,24.07,17.140910131274723,250210.pO2xPO4_5x5e.dat.01,87.57
0.7,1.2,0.013463950302412,Background,5.0,0.75,24.07,33.75682717887685,250210.pO2xPO4_5x5e.dat.42,44.42
0.6,1.2,0.0144996891944882,Background,5.0,0.75,24.07,31.764171581016853,250210.pO2xPO4_5x5e.dat.32,57.5
0.5,1.2,0.0096960867806928,Background,5.0,0.75,24.07,29.9857620120747,250210.pO2xPO4_5x5e.dat.22,71.02
0.4,1.2,0.0040119807897855,Background,5.0,0.75,24.07,28.411899620550685,250210.pO2xPO4_5x5e.dat.12,81.9
0.3,1.2,0.0002835626622224,Background,5.0,0.75,24.07,26.959936803905293,250210.pO2xPO4_5x5e.dat.02,87.2
0.7,1.3,0.0139869917014579,Background,5.0,0.75,24.07,46.32042328012176,250210.pO2xPO4_5x5e.dat.43,50.46
0.6,1.3,0.0109606713216881,Background,5.0,0.75,24.07,43.80739483167417,250210.pO2xPO4_5x5e.dat.33,62.07
0.5,1.3,0.0071801034465892,Background,5.0,0.75,24.07,41.62279947195202,250210.pO2xPO4_5x5e.dat.23,73.58
0.4,1.3,0.0012170661223058,Background,5.0,0.75,24.07,39.606766222277656,250210.pO2xPO4_5x5e.dat.13,82.91
0.3,1.3,7.935043179677496e-05,Background,5.0,0.75,24.07,37.75361619773321,250210.pO2xPO4_5x5e.dat.03,87.48
0.7,1.4,0.0113384928338333,Background,5.0,0.75,24.07,60.11468940414488,250210.pO2xPO4_5x5e.dat.44,54.48
0.6,1.4,0.0078560712458553,Background,5.0,0.75,24.07,57.012803154066205,250210.pO2xPO4_5x5e.dat.34,66.0
0.5,1.4,0.0050504481014227,Background,5.0,0.75,24.07,54.286902013700455,250210.pO2xPO4_5x5e.dat.24,76.51
0.4,1.4,0.0002523184547842,Background,5.0,0.75,24.07,51.804116083076224,250210.pO2xPO4_5x5e.dat.14,87.39
0.3,1.4,2.219567239492172e-05,Background,5.0,0.75,24.07,49.63160608895123,250210.pO2xPO4_5x5e.dat.04,87.93
0.7,1.0,0.1536185728196627,Kellwasser,5.0,0.75,24.07,12.562803021864966,250210.pO2xPO4_5x5e.dat.40,30.16
0.6,1.0,0.0809668571282231,Kellwasser,5.0,0.75,24.07,11.643997822829988,250210.pO2xPO4_5x5e.dat.30,45.34
0.5,1.0,0.019280049494188,Kellwasser,5.0,0.75,24.07,10.870564437936991,250210.pO2xPO4_5x5e.dat.20,61.06
0.4,1.0,0.0106431302338938,Kellwasser,5.0,0.75,24.07,10.170786481467076,250210.pO2xPO4_5x5e.dat.10,76.23
0.3,1.0,0.0030370964657498,Kellwasser,5.0,0.75,24.07,9.48225806496339,250210.pO2xPO4_5x5e.dat.00,87.84
0.7,1.1,0.0996795187794674,Kellwasser,5.0,0.75,24.07,22.44326424261089,250210.pO2xPO4_5x5e.dat.41,38.39
0.6,1.1,0.0236598457395942,Kellwasser,5.0,0.75,24.07,20.933113773935474,250210.pO2xPO4_5x5e.dat.31,52.38
0.5,1.1,0.0128506073086852,Kellwasser,5.0,0.75,24.07,19.499844711390324,250210.pO2xPO4_5x5e.dat.21,66.73
0.4,1.1,0.0072890014844691,Kellwasser,5.0,0.75,24.07,18.21955265768338,250210.pO2xPO4_5x5e.dat.11,78.15
0.3,1.1,0.001280874960253,Kellwasser,5.0,0.75,24.07,17.140910131274723,250210.pO2xPO4_5x5e.dat.01,87.57
0.7,1.2,0.0582033895921204,Kellwasser,5.0,0.75,24.07,33.75682717887685,250210.pO2xPO4_5x5e.dat.42,44.42
0.6,1.2,0.0149713993192404,Kellwasser,5.0,0.75,24.07,31.764171581016853,250210.pO2xPO4_5x5e.dat.32,57.5
0.5,1.2,0.0093431762424403,Kellwasser,5.0,0.75,24.07,29.9857620120747,250210.pO2xPO4_5x5e.dat.22,71.02
0.4,1.2,0.0031128205276824,Kellwasser,5.0,0.75,24.07,28.411899620550685,250210.pO2xPO4_5x5e.dat.12,81.9
0.3,1.2,0.0002482171193647,Kellwasser,5.0,0.75,24.07,26.959936803905293,250210.pO2xPO4_5x5e.dat.02,87.2
0.7,1.3,0.0187798725288106,Kellwasser,5.0,0.75,24.07,46.32042328012176,250210.pO2xPO4_5x5e.dat.43,50.46
0.6,1.3,0.01010790346699,Kellwasser,5.0,0.75,24.07,43.80739483167417,250210.pO2xPO4_5x5e.dat.33,62.07
0.5,1.3,0.0062419785358891,Kellwasser,5.0,0.75,24.07,41.62279947195202,250210.pO2xPO4_5x5e.dat.23,73.58
0.4,1.3,0.0011463808632492,Kellwasser,5.0,0.75,24.07,39.606766222277656,250210.pO2xPO4_5x5e.dat.13,82.91
0.3,1.3,7.932350389455332e-05,Kellwasser,5.0,0.75,24.07,37.75361619773321,250210.pO2xPO4_5x5e.dat.03,87.48
0.7,1.4,0.0119680015015638,Kellwasser,5.0,0.75,24.07,60.11468940414488,250210.pO2xPO4_5x5e.dat.44,54.48
0.6,1.4,0.0072688096994415,Kellwasser,5.0,0.75,24.07,57.012803154066205,250210.pO2xPO4_5x5e.dat.34,66.0
0.5,1.4,0.0039532192969525,Kellwasser,5.0,0.75,24.07,54.286902013700455,250210.pO2xPO4_5x5e.dat.24,76.51
0.4,1.4,0.0002545578805131,Kellwasser,5.0,0.75,24.07,51.804116083076224,250210.pO2xPO4_5x5e.dat.14,87.39
0.3,1.4,5.5433483879178834e-05,Kellwasser,5.0,0.75,24.07,49.63160608895123,250210.pO2xPO4_5x5e.dat.04,87.93
0.7,1.5,0.0544173777910388,Background,5.0,0.75,24.07,51.712624554056674,250210.pO2xPO4_5x5f.dat.40,0.0
0.6,1.5,0.0544530099049499,Background,5.0,0.75,24.07,39.72171907662414,250210.pO2xPO4_5x5f.dat.30,0.0
0.5,1.5,0.0572087269115974,Background,5.0,0.75,24.07,31.469659006688744,250210.pO2xPO4_5x5f.dat.20,0.0
0.4,1.5,0.0560776996809026,Background,5.0,0.75,24.07,26.731911930255592,250210.pO2xPO4_5x5f.dat.10,0.09
0.3,1.5,0.0135120864785386,Background,5.0,0.75,24.07,23.37014302611351,250210.pO2xPO4_5x5f.dat.00,0.73
0.7,1.6,0.0528111295408563,Background,5.0,0.75,24.07,75.65908163087443,250210.pO2xPO4_5x5f.dat.41,0.09
0.6,1.6,0.0555278426268427,Background,5.0,0.75,24.07,62.75749183259904,250210.pO2xPO4_5x5f.dat.31,0.09
0.5,1.6,0.0172612594542647,Background,5.0,0.75,24.07,51.24601375428029,250210.pO2xPO4_5x5f.dat.21,0.55
0.4,1.6,0.0549990151256708,Background,5.0,0.75,24.07,43.09758878662251,250210.pO2xPO4_5x5f.dat.11,1.19
0.3,1.6,0.0376145436486898,Background,5.0,0.75,24.07,37.8100376110524,250210.pO2xPO4_5x5f.dat.01,2.29
0.7,1.7,0.0273563335650408,Background,5.0,0.75,24.07,99.69254460884258,250210.pO2xPO4_5x5f.dat.42,0.46
0.6,1.7,0.0193731526100194,Background,5.0,0.75,24.07,86.51687676319852,250210.pO2xPO4_5x5f.dat.32,0.82
0.5,1.7,0.1459138829252399,Background,5.0,0.75,24.07,74.02578194160014,250210.pO2xPO4_5x5f.dat.22,1.28
0.4,1.7,0.0454238042826798,Background,5.0,0.75,24.07,62.90711462497711,250210.pO2xPO4_5x5f.dat.12,2.56
0.3,1.7,0.0672466995664027,Background,5.0,0.75,24.07,54.84455323312432,250210.pO2xPO4_5x5f.dat.02,7.59
0.7,1.8,0.0457510792839221,Background,5.0,0.75,24.07,123.75280493870378,250210.pO2xPO4_5x5f.dat.43,1.28
0.6,1.8,0.1903956844882353,Background,5.0,0.75,24.07,110.49069871660322,250210.pO2xPO4_5x5f.dat.33,1.65
0.5,1.8,0.0469011198950489,Background,5.0,0.75,24.07,97.5887887761928,250210.pO2xPO4_5x5f.dat.23,3.2
0.4,1.8,0.047368887592311,Background,5.0,0.75,24.07,85.47129255020991,250210.pO2xPO4_5x5f.dat.13,7.22
0.3,1.8,0.0457192828647461,Background,5.0,0.75,24.07,74.70260607078671,250210.pO2xPO4_5x5f.dat.03,11.15
0.7,1.9,0.215852740041836,Background,5.0,0.75,24.07,147.818514960818,250210.pO2xPO4_5x5f.dat.44,2.01
0.6,1.9,0.0297733893812622,Background,5.0,0.75,24.07,134.5163182122633,250210.pO2xPO4_5x5f.dat.34,3.38
0.5,1.9,0.0390155105435165,Background,5.0,0.75,24.07,121.45089567638934,250210.pO2xPO4_5x5f.dat.24,7.13
0.4,1.9,0.0505751935921703,Background,5.0,0.75,24.07,108.85442316066474,250210.pO2xPO4_5x5f.dat.14,10.51
0.3,1.9,0.0268244513374253,Background,5.0,0.75,24.07,97.06817945698276,250210.pO2xPO4_5x5f.dat.04,38.21
0.7,1.5,0.0139323115566867,Kellwasser,5.0,0.75,24.07,51.712624554056674,250210.pO2xPO4_5x5f.dat.40,0.0
0.6,1.5,0.0139400921354533,Kellwasser,5.0,0.75,24.07,39.72171907662414,250210.pO2xPO4_5x5f.dat.30,0.0
0.5,1.5,0.013932178022133,Kellwasser,5.0,0.75,24.07,31.469659006688744,250210.pO2xPO4_5x5f.dat.20,0.0
0.4,1.5,0.0152944428447303,Kellwasser,5.0,0.75,24.07,26.731911930255592,250210.pO2xPO4_5x5f.dat.10,0.09
0.3,1.5,0.0142009969726889,Kellwasser,5.0,0.75,24.07,23.37014302611351,250210.pO2xPO4_5x5f.dat.00,0.73
0.7,1.6,0.0148168977451823,Kellwasser,5.0,0.75,24.07,75.65908163087443,250210.pO2xPO4_5x5f.dat.41,0.09
0.6,1.6,0.015625772533881,Kellwasser,5.0,0.75,24.07,62.75749183259904,250210.pO2xPO4_5x5f.dat.31,0.09
0.5,1.6,0.0143448454432017,Kellwasser,5.0,0.75,24.07,51.24601375428029,250210.pO2xPO4_5x5f.dat.21,0.55
0.4,1.6,0.0097053344931788,Kellwasser,5.0,0.75,24.07,43.09758878662251,250210.pO2xPO4_5x5f.dat.11,1.19
0.3,1.6,0.1198711208510312,Kellwasser,5.0,0.75,24.07,37.8100376110524,250210.pO2xPO4_5x5f.dat.01,2.29
0.7,1.7,0.0154126702453358,Kellwasser,5.0,0.75,24.07,99.69254460884258,250210.pO2xPO4_5x5f.dat.42,0.46
0.6,1.7,0.0140787401190608,Kellwasser,5.0,0.75,24.07,86.51687676319852,250210.pO2xPO4_5x5f.dat.32,0.82
0.5,1.7,0.0007380148496384,Kellwasser,5.0,0.75,24.07,74.02578194160014,250210.pO2xPO4_5x5f.dat.22,1.28
0.4,1.7,0.1199742492868933,Kellwasser,5.0,0.75,24.07,62.90711462497711,250210.pO2xPO4_5x5f.dat.12,2.56
0.3,1.7,0.5490447581879977,Kellwasser,5.0,0.75,24.07,54.84455323312432,250210.pO2xPO4_5x5f.dat.02,7.59
0.7,1.8,0.0115119955900651,Kellwasser,5.0,0.75,24.07,123.75280493870378,250210.pO2xPO4_5x5f.dat.43,1.28
0.6,1.8,5.9345646679978286e-05,Kellwasser,5.0,0.75,24.07,110.49069871660322,250210.pO2xPO4_5x5f.dat.33,1.65
0.5,1.8,0.1233159255819412,Kellwasser,5.0,0.75,24.07,97.5887887761928,250210.pO2xPO4_5x5f.dat.23,3.2
0.4,1.8,0.6181499707235774,Kellwasser,5.0,0.75,24.07,85.47129255020991,250210.pO2xPO4_5x5f.dat.13,7.22
0.3,1.8,0.2723760324103236,Kellwasser,5.0,0.75,24.07,74.70260607078671,250210.pO2xPO4_5x5f.dat.03,11.15
0.7,1.9,0.0019027785355515,Kellwasser,5.0,0.75,24.07,147.818514960818,250210.pO2xPO4_5x5f.dat.44,2.01
0.6,1.9,0.1274610853525326,Kellwasser,5.0,0.75,24.07,134.5163182122633,250210.pO2xPO4_5x5f.dat.34,3.38
0.5,1.9,0.5928042511375123,Kellwasser,5.0,0.75,24.07,121.45089567638934,250210.pO2xPO4_5x5f.dat.24,7.13
0.4,1.9,0.3849622989052874,Kellwasser,5.0,0.75,24.07,108.85442316066474,250210.pO2xPO4_5x5f.dat.14,10.51
0.3,1.9,0.1430406596493269,Kellwasser,5.0,0.75,24.07,97.06817945698276,250210.pO2xPO4_5x5f.dat.04,38.21
1.2,0.5,0.056272187,Background,7.5,0.75,25.58,124.8263288,251107.pO2xPO4_5x5a.dat.40,0.0
1.1,0.5,0.05531376,Background,7.5,0.75,25.58,111.9993758,251107.pO2xPO4_5x5a.dat.30,0.0
1.0,0.5,0.033476387,Background,7.5,0.75,25.58,100.2117715,251107.pO2xPO4_5x5a.dat.20,0.09
0.9,0.5,0.012574691,Background,7.5,0.75,25.58,90.60940647,251107.pO2xPO4_5x5a.dat.10,0.18
0.8,0.5,0.040382369,Background,7.5,0.75,25.58,83.27760588,251107.pO2xPO4_5x5a.dat.00,0.55
1.2,0.6,0.041349786,Background,7.5,0.75,25.58,148.4633831,251107.pO2xPO4_5x5a.dat.41,0.09
1.1,0.6,0.00714503,Background,7.5,0.75,25.58,135.2794206,251107.pO2xPO4_5x5a.dat.31,0.18
1.0,0.6,0.02144654,Background,7.5,0.75,25.58,122.7626344,251107.pO2xPO4_5x5a.dat.21,0.37
0.9,0.6,0.071430124,Background,7.5,0.75,25.58,111.3077014,251107.pO2xPO4_5x5a.dat.11,0.83
0.8,0.6,0.124605438,Background,7.5,0.75,25.58,101.9653937,251107.pO2xPO4_5x5a.dat.01,1.01
1.2,0.7,0.002182682,Background,7.5,0.75,25.58,172.1842273,251107.pO2xPO4_5x5a.dat.42,0.28
1.1,0.7,0.061935859,Background,7.5,0.75,25.58,158.8280429,251107.pO2xPO4_5x5a.dat.32,0.55
1.0,0.7,0.11377103,Background,7.5,0.75,25.58,145.9130144,251107.pO2xPO4_5x5a.dat.22,1.01
0.9,0.7,0.178996285,Background,7.5,0.75,25.58,133.6819405,251107.pO2xPO4_5x5a.dat.12,1.1
0.8,0.7,0.255202442,Background,7.5,0.75,25.58,122.5328451,251107.pO2xPO4_5x5a.dat.02,2.11
1.2,0.8,0.100693977,Background,7.5,0.75,25.58,195.939574,251107.pO2xPO4_5x5a.dat.43,0.83
1.1,0.8,0.157917722,Background,7.5,0.75,25.58,182.497708,251107.pO2xPO4_5x5a.dat.33,0.92
1.0,0.8,0.236519984,Background,7.5,0.75,25.58,169.3574595,251107.pO2xPO4_5x5a.dat.23,1.38
0.9,0.8,0.217579416,Background,7.5,0.75,25.58,156.7177824,251107.pO2xPO4_5x5a.dat.13,2.39
0.8,0.8,0.048597947,Background,7.5,0.75,25.58,144.7525865,251107.pO2xPO4_5x5a.dat.03,4.77
1.2,0.9,0.182906521,Background,7.5,0.75,25.58,219.7159047,251107.pO2xPO4_5x5a.dat.44,1.01
1.1,0.9,0.259283434,Background,7.5,0.75,25.58,206.2257408,251107.pO2xPO4_5x5a.dat.34,1.47
1.0,0.9,0.220969705,Background,7.5,0.75,25.58,192.9752761,251107.pO2xPO4_5x5a.dat.24,2.66
0.9,0.9,0.053594925,Background,7.5,0.75,25.58,180.0642931,251107.pO2xPO4_5x5a.dat.14,4.77
0.8,0.9,0.028481485,Background,7.5,0.75,25.58,167.6747488,251107.pO2xPO4_5x5a.dat.04,6.97
1.2,0.5,0.017654441,Kellwasser,7.5,0.75,25.58,124.8263288,251107.pO2xPO4_5x5a.dat.40,0.0
1.1,0.5,0.017671326,Kellwasser,7.5,0.75,25.58,111.9993758,251107.pO2xPO4_5x5a.dat.30,0.0
1.0,0.5,0.017431623,Kellwasser,7.5,0.75,25.58,100.2117715,251107.pO2xPO4_5x5a.dat.20,0.09
0.9,0.5,0.017781223,Kellwasser,7.5,0.75,25.58,90.60940647,251107.pO2xPO4_5x5a.dat.10,0.18
0.8,0.5,0.016282583,Kellwasser,7.5,0.75,25.58,83.27760588,251107.pO2xPO4_5x5a.dat.00,0.55
1.2,0.6,0.017628403,Kellwasser,7.5,0.75,25.58,148.4633831,251107.pO2xPO4_5x5a.dat.41,0.09
1.1,0.6,0.017686958,Kellwasser,7.5,0.75,25.58,135.2794206,251107.pO2xPO4_5x5a.dat.31,0.18
1.0,0.6,0.017907655,Kellwasser,7.5,0.75,25.58,122.7626344,251107.pO2xPO4_5x5a.dat.21,0.37
0.9,0.6,0.01406589,Kellwasser,7.5,0.75,25.58,111.3077014,251107.pO2xPO4_5x5a.dat.11,0.83
0.8,0.6,0.007427336,Kellwasser,7.5,0.75,25.58,101.9653937,251107.pO2xPO4_5x5a.dat.01,1.01
1.2,0.7,0.017745303,Kellwasser,7.5,0.75,25.58,172.1842273,251107.pO2xPO4_5x5a.dat.42,0.28
1.1,0.7,0.016058425,Kellwasser,7.5,0.75,25.58,158.8280429,251107.pO2xPO4_5x5a.dat.32,0.55
1.0,0.7,0.013131162,Kellwasser,7.5,0.75,25.58,145.9130144,251107.pO2xPO4_5x5a.dat.22,1.01
0.9,0.7,0.003842051,Kellwasser,7.5,0.75,25.58,133.6819405,251107.pO2xPO4_5x5a.dat.12,1.1
0.8,0.7,0.036965834,Kellwasser,7.5,0.75,25.58,122.5328451,251107.pO2xPO4_5x5a.dat.02,2.11
1.2,0.8,0.0135672,Kellwasser,7.5,0.75,25.58,195.939574,251107.pO2xPO4_5x5a.dat.43,0.83
1.1,0.8,0.011033185,Kellwasser,7.5,0.75,25.58,182.497708,251107.pO2xPO4_5x5a.dat.33,0.92
1.0,0.8,0.001024343,Kellwasser,7.5,0.75,25.58,169.3574595,251107.pO2xPO4_5x5a.dat.23,1.38
0.9,0.8,0.052474679,Kellwasser,7.5,0.75,25.58,156.7177824,251107.pO2xPO4_5x5a.dat.13,2.39
0.8,0.8,0.193700657,Kellwasser,7.5,0.75,25.58,144.7525865,251107.pO2xPO4_5x5a.dat.03,4.77
1.2,0.9,0.005189288,Kellwasser,7.5,0.75,25.58,219.7159047,251107.pO2xPO4_5x5a.dat.44,1.01
1.1,0.9,0.005827418,Kellwasser,7.5,0.75,25.58,206.2257408,251107.pO2xPO4_5x5a.dat.34,1.47
1.0,0.9,0.053764536,Kellwasser,7.5,0.75,25.58,192.9752761,251107.pO2xPO4_5x5a.dat.24,2.66
0.9,0.9,0.204211885,Kellwasser,7.5,0.75,25.58,180.0642931,251107.pO2xPO4_5x5a.dat.14,4.77
0.8,0.9,0.532820925,Kellwasser,7.5,0.75,25.58,167.6747488,251107.pO2xPO4_5x5a.dat.04,6.97
1.2,1.0,0.3179356599150032,Background,7.5,0.75,25.58,77.44174945401028,251107.pO2xPO4_5x5b.dat.40,1.47
1.1,1.0,0.2026919958023516,Background,7.5,0.75,25.58,72.65910971909761,251107.pO2xPO4_5x5b.dat.30,2.66
1.0,1.0,0.057229706468094,Background,7.5,0.75,25.58,68.61716974526644,251107.pO2xPO4_5x5b.dat.20,4.77
0.9,1.0,0.0204325549275388,Background,7.5,0.75,25.58,64.99130540760234,251107.pO2xPO4_5x5b.dat.10,6.79
0.8,1.0,0.0350560799737332,Background,7.5,0.75,25.58,61.93485751282424,251107.pO2xPO4_5x5b.dat.00,9.17
1.2,1.1,0.1998494594582109,Background,7.5,0.75,25.58,94.61371519137174,251107.pO2xPO4_5x5b.dat.41,2.66
1.1,1.1,0.0562461590587868,Background,7.5,0.75,25.58,88.65544805303216,251107.pO2xPO4_5x5b.dat.31,4.5
1.0,1.1,0.0171936806081185,Background,7.5,0.75,25.58,83.68120325030759,251107.pO2xPO4_5x5b.dat.21,6.79
0.9,1.1,0.0318281275828327,Background,7.5,0.75,25.58,79.42768570501357,251107.pO2xPO4_5x5b.dat.11,7.98
0.8,1.1,0.0614603176644676,Background,7.5,0.75,25.58,75.683077739086,251107.pO2xPO4_5x5b.dat.01,16.97
1.2,1.2,0.0621160704349238,Background,7.5,0.75,25.58,113.40677156113088,251107.pO2xPO4_5x5b.dat.42,4.5
1.1,1.2,0.0103216513215868,Background,7.5,0.75,25.58,106.04863200569524,251107.pO2xPO4_5x5b.dat.32,6.33
1.0,1.2,0.0204355126837811,Background,7.5,0.75,25.58,99.99115718528628,251107.pO2xPO4_5x5b.dat.22,7.61
0.9,1.2,0.0533048194842835,Background,7.5,0.75,25.58,94.84447946306318,251107.pO2xPO4_5x5b.dat.12,12.39
0.8,1.2,0.0509497733346206,Background,7.5,0.75,25.58,90.40808072313666,251107.pO2xPO4_5x5b.dat.02,26.24
1.2,1.3,0.0034578893928144,Background,7.5,0.75,25.58,133.8842703262344,251107.pO2xPO4_5x5b.dat.43,6.33
1.1,1.3,0.0150304216034429,Background,7.5,0.75,25.58,124.93559916038066,251107.pO2xPO4_5x5b.dat.33,7.34
1.0,1.3,0.0301000083660327,Background,7.5,0.75,25.58,117.5832367152907,251107.pO2xPO4_5x5b.dat.23,10.73
0.9,1.3,0.0493260805550772,Background,7.5,0.75,25.58,111.44058225909248,251107.pO2xPO4_5x5b.dat.13,21.74
0.8,1.3,0.0400419325920414,Background,7.5,0.75,25.58,106.14528582664208,251107.pO2xPO4_5x5b.dat.03,33.67
1.2,1.4,0.0097898066068255,Background,7.5,0.75,25.58,155.95942386426032,251107.pO2xPO4_5x5b.dat.44,7.16
1.1,1.4,0.0199410551678293,Background,7.5,0.75,25.58,145.3528384445235,251107.pO2xPO4_5x5b.dat.34,9.17
1.0,1.4,0.0445641146385133,Background,7.5,0.75,25.58,136.55521615874022,251107.pO2xPO4_5x5b.dat.24,17.06
0.9,1.4,0.0391100452544918,Background,7.5,0.75,25.58,129.21466259285808,251107.pO2xPO4_5x5b.dat.14,28.26
0.8,1.4,0.0309427432575559,Background,7.5,0.75,25.58,122.98823276069017,251107.pO2xPO4_5x5b.dat.04,40.73
1.2,1.0,0.0006287156734407,Kellwasser,7.5,0.75,25.58,77.44174945401028,251107.pO2xPO4_5x5b.dat.40,1.47
1.1,1.0,0.0599019828981979,Kellwasser,7.5,0.75,25.58,72.65910971909761,251107.pO2xPO4_5x5b.dat.30,2.66
1.0,1.0,0.2152065589000878,Kellwasser,7.5,0.75,25.58,68.61716974526644,251107.pO2xPO4_5x5b.dat.20,4.77
0.9,1.0,0.4974398197130671,Kellwasser,7.5,0.75,25.58,64.99130540760234,251107.pO2xPO4_5x5b.dat.10,6.79
0.8,1.0,0.6235915446731437,Kellwasser,7.5,0.75,25.58,61.93485751282424,251107.pO2xPO4_5x5b.dat.00,9.17
1.2,1.1,0.0669503526601601,Kellwasser,7.5,0.75,25.58,94.61371519137174,251107.pO2xPO4_5x5b.dat.41,2.66
1.1,1.1,0.2118228627179,Kellwasser,7.5,0.75,25.58,88.65544805303216,251107.pO2xPO4_5x5b.dat.31,4.5
1.0,1.1,0.5175399847079345,Kellwasser,7.5,0.75,25.58,83.68120325030759,251107.pO2xPO4_5x5b.dat.21,6.79
0.9,1.1,0.6267934580275221,Kellwasser,7.5,0.75,25.58,79.42768570501357,251107.pO2xPO4_5x5b.dat.11,7.98
0.8,1.1,0.474697598170034,Kellwasser,7.5,0.75,25.58,75.683077739086,251107.pO2xPO4_5x5b.dat.01,16.97
1.2,1.2,0.2065001161715124,Kellwasser,7.5,0.75,25.58,113.40677156113088,251107.pO2xPO4_5x5b.dat.42,4.5
1.1,1.2,0.5164496500675028,Kellwasser,7.5,0.75,25.58,106.04863200569524,251107.pO2xPO4_5x5b.dat.32,6.33
1.0,1.2,0.5938899480413633,Kellwasser,7.5,0.75,25.58,99.99115718528628,251107.pO2xPO4_5x5b.dat.22,7.61
0.9,1.2,0.547332810358083,Kellwasser,7.5,0.75,25.58,94.84447946306318,251107.pO2xPO4_5x5b.dat.12,12.39
0.8,1.2,0.3378440388334901,Kellwasser,7.5,0.75,25.58,90.40808072313666,251107.pO2xPO4_5x5b.dat.02,26.24
1.2,1.3,0.5238570983835471,Kellwasser,7.5,0.75,25.58,133.8842703262344,251107.pO2xPO4_5x5b.dat.43,6.33
1.1,1.3,0.5989096202853261,Kellwasser,7.5,0.75,25.58,124.93559916038066,251107.pO2xPO4_5x5b.dat.33,7.34
1.0,1.3,0.5292819381762145,Kellwasser,7.5,0.75,25.58,117.5832367152907,251107.pO2xPO4_5x5b.dat.23,10.73
0.9,1.3,0.3392059958289891,Kellwasser,7.5,0.75,25.58,111.44058225909248,251107.pO2xPO4_5x5b.dat.13,21.74
0.8,1.3,0.2569859048586089,Kellwasser,7.5,0.75,25.58,106.14528582664208,251107.pO2xPO4_5x5b.dat.03,33.67
1.2,1.4,0.5812869384380712,Kellwasser,7.5,0.75,25.58,155.95942386426032,251107.pO2xPO4_5x5b.dat.44,7.16
1.1,1.4,0.5194939161021844,Kellwasser,7.5,0.75,25.58,145.3528384445235,251107.pO2xPO4_5x5b.dat.34,9.17
1.0,1.4,0.3534151038538283,Kellwasser,7.5,0.75,25.58,136.55521615874022,251107.pO2xPO4_5x5b.dat.24,17.06
0.9,1.4,0.263215659013171,Kellwasser,7.5,0.75,25.58,129.21466259285808,251107.pO2xPO4_5x5b.dat.14,28.26
0.8,1.4,0.1982717736842391,Kellwasser,7.5,0.75,25.58,122.98823276069017,251107.pO2xPO4_5x5b.dat.04,40.73
1.2,1.5,0.0141500421282535,Background,7.5,0.75,25.58,59.09005631110631,251107.pO2xPO4_5x5c.dat.40,8.35
1.1,1.5,0.0410676649978603,Background,7.5,0.75,25.58,56.51808169204742,251107.pO2xPO4_5x5c.dat.30,12.57
1.0,1.5,0.036841817777926,Background,7.5,0.75,25.58,54.23007314675488,251107.pO2xPO4_5x5c.dat.20,24.13
0.9,1.5,0.0304827110730334,Background,7.5,0.75,25.58,52.11264578974806,251107.pO2xPO4_5x5c.dat.10,34.68
0.8,1.5,0.024138486796244,Background,7.5,0.75,25.58,50.11456232750788,251107.pO2xPO4_5x5c.dat.00,46.42
1.2,1.6,0.0199748025013548,Background,7.5,0.75,25.58,72.31481868075207,251107.pO2xPO4_5x5c.dat.41,11.1
1.1,1.6,0.033172810485291,Background,7.5,0.75,25.58,69.41072933841497,251107.pO2xPO4_5x5c.dat.31,20.18
1.0,1.6,0.0288203646714354,Background,7.5,0.75,25.58,66.61882071057335,251107.pO2xPO4_5x5c.dat.21,29.36
0.9,1.6,0.0241095595584799,Background,7.5,0.75,25.58,64.12240327335894,251107.pO2xPO4_5x5c.dat.11,40.64
0.8,1.6,0.0213473895226407,Background,7.5,0.75,25.58,61.88807310536504,251107.pO2xPO4_5x5c.dat.01,51.83
1.2,1.7,0.0289132780874718,Background,7.5,0.75,25.58,86.52982796775177,251107.pO2xPO4_5x5c.dat.42,15.87
1.1,1.7,0.0267716848413577,Background,7.5,0.75,25.58,82.98224565805867,251107.pO2xPO4_5x5c.dat.32,25.23
1.0,1.7,0.0223856515464676,Background,7.5,0.75,25.58,79.85155389178544,251107.pO2xPO4_5x5c.dat.22,34.95
0.9,1.7,0.0183019970931182,Background,7.5,0.75,25.58,77.05311145400628,251107.pO2xPO4_5x5c.dat.12,45.5
0.8,1.7,0.0167609214227017,Background,7.5,0.75,25.58,74.31423728121445,251107.pO2xPO4_5x5c.dat.02,55.69
1.2,1.8,0.0237182202249512,Background,7.5,0.75,25.58,101.56960343010724,251107.pO2xPO4_5x5c.dat.43,21.65
1.1,1.8,0.0203992329337733,Background,7.5,0.75,25.58,97.52172627486289,251107.pO2xPO4_5x5c.dat.33,30.37
1.0,1.8,0.0176041065990979,Background,7.5,0.75,25.58,93.88471517013386,251107.pO2xPO4_5x5c.dat.23,40.09
0.9,1.8,0.0154032304284506,Background,7.5,0.75,25.58,90.52769746631384,251107.pO2xPO4_5x5c.dat.13,50.0
0.8,1.8,0.0105866786734997,Background,7.5,0.75,25.58,87.5808036653325,251107.pO2xPO4_5x5c.dat.03,59.08
1.2,1.9,0.0190319867478878,Background,7.5,0.75,25.58,117.58953041862696,251107.pO2xPO4_5x5c.dat.44,26.42
1.1,1.9,0.0159685622800993,Background,7.5,0.75,25.58,112.87481902400032,251107.pO2xPO4_5x5c.dat.34,34.95
1.0,1.9,0.0135587872939512,Background,7.5,0.75,25.58,108.6986158043146,251107.pO2xPO4_5x5c.dat.24,44.31
0.9,1.9,0.0124655135394487,Background,7.5,0.75,25.58,104.93170702829956,251107.pO2xPO4_5x5c.dat.14,53.76
0.8,1.9,0.0099334987197276,Background,7.5,0.75,25.58,101.48558067157865,251107.pO2xPO4_5x5c.dat.04,62.11
1.2,1.5,0.4896528879082089,Kellwasser,7.5,0.75,25.58,59.09005631110631,251107.pO2xPO4_5x5c.dat.40,8.35
1.1,1.5,0.3539067605840794,Kellwasser,7.5,0.75,25.58,56.51808169204742,251107.pO2xPO4_5x5c.dat.30,12.57
1.0,1.5,0.2506970173889174,Kellwasser,7.5,0.75,25.58,54.23007314675488,251107.pO2xPO4_5x5c.dat.20,24.13
0.9,1.5,0.1951640509229363,Kellwasser,7.5,0.75,25.58,52.11264578974806,251107.pO2xPO4_5x5c.dat.10,34.68
0.8,1.5,0.1507268694544569,Kellwasser,7.5,0.75,25.58,50.11456232750788,251107.pO2xPO4_5x5c.dat.00,46.42
1.2,1.6,0.3689385429384776,Kellwasser,7.5,0.75,25.58,72.31481868075207,251107.pO2xPO4_5x5c.dat.41,11.1
1.1,1.6,0.2410899700688343,Kellwasser,7.5,0.75,25.58,69.41072933841497,251107.pO2xPO4_5x5c.dat.31,20.18
1.0,1.6,0.1914811590252663,Kellwasser,7.5,0.75,25.58,66.61882071057335,251107.pO2xPO4_5x5c.dat.21,29.36
0.9,1.6,0.1462952471501724,Kellwasser,7.5,0.75,25.58,64.12240327335894,251107.pO2xPO4_5x5c.dat.11,40.64
0.8,1.6,0.1050632280436145,Kellwasser,7.5,0.75,25.58,61.88807310536504,251107.pO2xPO4_5x5c.dat.01,51.83
1.2,1.7,0.2424031095215323,Kellwasser,7.5,0.75,25.58,86.52982796775177,251107.pO2xPO4_5x5c.dat.42,15.87
1.1,1.7,0.1821143611291617,Kellwasser,7.5,0.75,25.58,82.98224565805867,251107.pO2xPO4_5x5c.dat.32,25.23
1.0,1.7,0.1423685627344953,Kellwasser,7.5,0.75,25.58,79.85155389178544,251107.pO2xPO4_5x5c.dat.22,34.95
0.9,1.7,0.1089492015904628,Kellwasser,7.5,0.75,25.58,77.05311145400628,251107.pO2xPO4_5x5c.dat.12,45.5
0.8,1.7,0.0776335891923407,Kellwasser,7.5,0.75,25.58,74.31423728121445,251107.pO2xPO4_5x5c.dat.02,55.69
1.2,1.8,0.1655624590598187,Kellwasser,7.5,0.75,25.58,101.56960343010724,251107.pO2xPO4_5x5c.dat.43,21.65
1.1,1.8,0.1350461984207406,Kellwasser,7.5,0.75,25.58,97.52172627486289,251107.pO2xPO4_5x5c.dat.33,30.37
1.0,1.8,0.1044416314931614,Kellwasser,7.5,0.75,25.58,93.88471517013386,251107.pO2xPO4_5x5c.dat.23,40.09
0.9,1.8,0.0748672621132729,Kellwasser,7.5,0.75,25.58,90.52769746631384,251107.pO2xPO4_5x5c.dat.13,50.0
0.8,1.8,0.0558522262682389,Kellwasser,7.5,0.75,25.58,87.5808036653325,251107.pO2xPO4_5x5c.dat.03,59.08
1.2,1.9,0.1249330618887704,Kellwasser,7.5,0.75,25.58,117.58953041862696,251107.pO2xPO4_5x5c.dat.44,26.42
1.1,1.9,0.0972861128329872,Kellwasser,7.5,0.75,25.58,112.87481902400032,251107.pO2xPO4_5x5c.dat.34,34.95
1.0,1.9,0.0721499906673849,Kellwasser,7.5,0.75,25.58,108.6986158043146,251107.pO2xPO4_5x5c.dat.24,44.31
0.9,1.9,0.0553651616373973,Kellwasser,7.5,0.75,25.58,104.93170702829956,251107.pO2xPO4_5x5c.dat.14,53.76
0.8,1.9,0.0270490860625674,Kellwasser,7.5,0.75,25.58,101.48558067157865,251107.pO2xPO4_5x5c.dat.04,62.11
0.7,0.5,0.0905933314807069,Background,7.5,0.75,25.58,20.7638913707342,251107.pO2xPO4_5x5d.dat.40,1.01
0.6,0.5,0.2656969091444168,Background,7.5,0.75,25.58,20.7638913707342,251107.pO2xPO4_5x5d.dat.30,1.38
0.5,0.5,0.0042202850694397,Background,7.5,0.75,25.58,18.28459244279657,251107.pO2xPO4_5x5d.dat.20,4.68
0.4,0.5,0.0641217124477672,Background,7.5,0.75,25.58,16.190744645427912,251107.pO2xPO4_5x5d.dat.10,8.44
0.3,0.5,0.0491030097818816,Background,7.5,0.75,25.58,14.48091643396765,251107.pO2xPO4_5x5d.dat.00,60.37
0.7,0.6,0.2661400121564213,Background,7.5,0.75,25.58,38.9323613489978,251107.pO2xPO4_5x5d.dat.41,1.74
0.6,0.6,0.0324324125549791,Background,7.5,0.75,25.58,34.16296749492176,251107.pO2xPO4_5x5d.dat.31,4.86
0.5,0.6,0.0546174364313032,Background,7.5,0.75,25.58,30.54432090721093,251107.pO2xPO4_5x5d.dat.21,7.61
0.4,0.6,0.0783590890917438,Background,7.5,0.75,25.58,27.60135248536244,251107.pO2xPO4_5x5d.dat.11,27.43
0.3,0.6,0.0491030097818816,Background,7.5,0.75,25.58,25.168536012643017,251107.pO2xPO4_5x5d.dat.01,60.37
0.7,0.7,0.0417338923418059,Background,7.5,0.75,25.58,57.058972743107006,251107.pO2xPO4_5x5d.dat.42,4.77
0.6,0.7,0.0450917345125535,Background,7.5,0.75,25.58,49.84420593245886,251107.pO2xPO4_5x5d.dat.32,7.25
0.5,0.7,0.0818397879792843,Background,7.5,0.75,25.58,44.69742634682916,251107.pO2xPO4_5x5d.dat.22,20.64
0.4,0.7,0.0547121550982055,Background,7.5,0.75,25.58,40.66182009410113,251107.pO2xPO4_5x5d.dat.12,45.41
0.3,0.7,0.0384155144926765,Background,7.5,0.75,25.58,37.444184272317216,251107.pO2xPO4_5x5d.dat.02,72.29
0.7,0.8,0.038794836707641,Background,7.5,0.75,25.58,78.47417145967484,251107.pO2xPO4_5x5d.dat.43,7.16
0.6,0.8,0.0838017537793386,Background,7.5,0.75,25.58,68.15450615249574,251107.pO2xPO4_5x5d.dat.33,14.95
0.5,0.8,0.06508839857006,Background,7.5,0.75,25.58,60.88552254368551,251107.pO2xPO4_5x5d.dat.23,35.5
0.4,0.8,0.0440989107905824,Background,7.5,0.75,25.58,55.46224565478042,251107.pO2xPO4_5x5d.dat.13,58.99
0.3,0.8,0.0286180054150834,Background,7.5,0.75,25.58,51.16084867040627,251107.pO2xPO4_5x5d.dat.03,82.2
0.7,0.9,0.049778437399737,Background,7.5,0.75,25.58,101.39844380319118,251107.pO2xPO4_5x5d.dat.44,10.55
0.6,0.9,0.0659797950357933,Background,7.5,0.75,25.58,89.26621376303956,251107.pO2xPO4_5x5d.dat.34,27.71
0.5,0.9,0.0462132211477628,Background,7.5,0.75,25.58,79.33927554404363,251107.pO2xPO4_5x5d.dat.24,47.52
0.4,0.9,0.0361163959360018,Background,7.5,0.75,25.58,72.0358730177395,251107.pO2xPO4_5x5d.dat.14,68.44
0.3,0.9,0.0193564698929499,Background,7.5,0.75,25.58,66.38345075771213,251107.pO2xPO4_5x5d.dat.04,83.85
0.7,0.5,0.0130312708015467,Kellwasser,7.5,0.75,25.58,20.7638913707342,251107.pO2xPO4_5x5d.dat.40,1.01
0.6,0.5,0.0132193243194049,Kellwasser,7.5,0.75,25.58,20.7638913707342,251107.pO2xPO4_5x5d.dat.30,1.38
0.5,0.5,0.1819437312263694,Kellwasser,7.5,0.75,25.58,18.28459244279657,251107.pO2xPO4_5x5d.dat.20,4.68
0.4,0.5,0.5636367986148253,Kellwasser,7.5,0.75,25.58,16.190744645427912,251107.pO2xPO4_5x5d.dat.10,8.44
0.3,0.5,0.2497205346724767,Kellwasser,7.5,0.75,25.58,14.48091643396765,251107.pO2xPO4_5x5d.dat.00,60.37
0.7,0.6,0.0327310436141315,Kellwasser,7.5,0.75,25.58,38.9323613489978,251107.pO2xPO4_5x5d.dat.41,1.74
0.6,0.6,0.1745233920167018,Kellwasser,7.5,0.75,25.58,34.16296749492176,251107.pO2xPO4_5x5d.dat.31,4.86
0.5,0.6,0.5336447161019409,Kellwasser,7.5,0.75,25.58,30.54432090721093,251107.pO2xPO4_5x5d.dat.21,7.61
0.4,0.6,0.4468295784395305,Kellwasser,7.5,0.75,25.58,27.60135248536244,251107.pO2xPO4_5x5d.dat.11,27.43
0.3,0.6,0.2497205346724767,Kellwasser,7.5,0.75,25.58,25.168536012643017,251107.pO2xPO4_5x5d.dat.01,60.37
0.7,0.7,0.1836375402221938,Kellwasser,7.5,0.75,25.58,57.058972743107006,251107.pO2xPO4_5x5d.dat.42,4.77
0.6,0.7,0.5118599831009425,Kellwasser,7.5,0.75,25.58,49.84420593245886,251107.pO2xPO4_5x5d.dat.32,7.25
0.5,0.7,0.4865866273829917,Kellwasser,7.5,0.75,25.58,44.69742634682916,251107.pO2xPO4_5x5d.dat.22,20.64
0.4,0.7,0.3290208601947213,Kellwasser,7.5,0.75,25.58,40.66182009410113,251107.pO2xPO4_5x5d.dat.12,45.41
0.3,0.7,0.1255756853397679,Kellwasser,7.5,0.75,25.58,37.444184272317216,251107.pO2xPO4_5x5d.dat.02,72.29
0.7,0.8,0.520542864913666,Kellwasser,7.5,0.75,25.58,78.47417145967484,251107.pO2xPO4_5x5d.dat.43,7.16
0.6,0.8,0.5491346172761071,Kellwasser,7.5,0.75,25.58,68.15450615249574,251107.pO2xPO4_5x5d.dat.33,14.95
0.5,0.8,0.3785427255066266,Kellwasser,7.5,0.75,25.58,60.88552254368551,251107.pO2xPO4_5x5d.dat.23,35.5
0.4,0.8,0.2355379154546338,Kellwasser,7.5,0.75,25.58,55.46224565478042,251107.pO2xPO4_5x5d.dat.13,58.99
0.3,0.8,0.089488828729106,Kellwasser,7.5,0.75,25.58,51.16084867040627,251107.pO2xPO4_5x5d.dat.03,82.2
0.7,0.9,0.6085414155695249,Kellwasser,7.5,0.75,25.58,101.39844380319118,251107.pO2xPO4_5x5d.dat.44,10.55
0.6,0.9,0.4096131785369726,Kellwasser,7.5,0.75,25.58,89.26621376303956,251107.pO2xPO4_5x5d.dat.34,27.71
0.5,0.9,0.288109457259457,Kellwasser,7.5,0.75,25.58,79.33927554404363,251107.pO2xPO4_5x5d.dat.24,47.52
0.4,0.9,0.1207150763049718,Kellwasser,7.5,0.75,25.58,72.0358730177395,251107.pO2xPO4_5x5d.dat.14,68.44
0.3,0.9,0.0620730262802892,Kellwasser,7.5,0.75,25.58,66.38345075771213,251107.pO2xPO4_5x5d.dat.04,83.85
0.7,1.0,0.065072718915732,Background,7.5,0.75,25.58,12.984299246454611,251107.pO2xPO4_5x5e.dat.40,22.39
0.6,1.0,0.0520495728126888,Background,7.5,0.75,25.58,11.749268196581395,251107.pO2xPO4_5x5e.dat.30,38.62
0.5,1.0,0.0380612858397005,Background,7.5,0.75,25.58,10.832206498889718,251107.pO2xPO4_5x5e.dat.20,57.34
0.4,1.0,0.026942114138048,Background,7.5,0.75,25.58,10.04504429147346,251107.pO2xPO4_5x5e.dat.10,73.94
0.3,1.0,0.0137037262533579,Background,7.5,0.75,25.58,9.359314390167128,251107.pO2xPO4_5x5e.dat.00,88.72
0.7,1.1,0.0507780846836044,Background,7.5,0.75,25.58,23.027174393064342,251107.pO2xPO4_5x5e.dat.41,31.38
0.6,1.1,0.0381404435085893,Background,7.5,0.75,25.58,21.179037503316067,251107.pO2xPO4_5x5e.dat.31,47.89
0.5,1.1,0.0274530997762641,Background,7.5,0.75,25.58,19.555967810447328,251107.pO2xPO4_5x5e.dat.21,64.13
0.4,1.1,0.0226903674050526,Background,7.5,0.75,25.58,18.06742511689663,251107.pO2xPO4_5x5e.dat.11,79.17
0.3,1.1,0.0106032201701238,Background,7.5,0.75,25.58,16.704922018107027,251107.pO2xPO4_5x5e.dat.01,88.26
0.7,1.2,0.0389895649766997,Background,7.5,0.75,25.58,34.601089282659814,251107.pO2xPO4_5x5e.dat.42,40.28
0.6,1.2,0.0325326537413078,Background,7.5,0.75,25.58,32.21646329620853,251107.pO2xPO4_5x5e.dat.32,55.14
0.5,1.2,0.0267998046060244,Background,7.5,0.75,25.58,30.046072424738668,251107.pO2xPO4_5x5e.dat.22,70.18
0.4,1.2,0.0146672936983217,Background,7.5,0.75,25.58,28.13274841173552,251107.pO2xPO4_5x5e.dat.12,83.21
0.3,1.2,0.0078471858786448,Background,7.5,0.75,25.58,26.45124732225668,251107.pO2xPO4_5x5e.dat.02,87.8
0.7,1.3,0.0308132514653613,Background,7.5,0.75,25.58,47.51694723381661,251107.pO2xPO4_5x5e.dat.43,47.25
0.6,1.3,0.0277343430126735,Background,7.5,0.75,25.58,44.50932465260848,251107.pO2xPO4_5x5e.dat.33,60.64
0.5,1.3,0.0195338836885666,Background,7.5,0.75,25.58,41.75626236246899,251107.pO2xPO4_5x5e.dat.23,73.49
0.4,1.3,0.0096927857517817,Background,7.5,0.75,25.58,39.4045164284762,251107.pO2xPO4_5x5e.dat.13,85.41
0.3,1.3,0.0052328300251565,Background,7.5,0.75,25.58,37.23799454746768,251107.pO2xPO4_5x5e.dat.03,88.07
0.7,1.4,0.0266874605415742,Background,7.5,0.75,25.58,61.81790377013385,251107.pO2xPO4_5x5e.dat.44,53.49
0.6,1.4,0.0229767991564088,Background,7.5,0.75,25.58,57.93967648060061,251107.pO2xPO4_5x5e.dat.34,65.41
0.5,1.4,0.0157111539807799,Background,7.5,0.75,25.58,54.63105117087253,251107.pO2xPO4_5x5e.dat.24,76.33
0.4,1.4,0.0068368750709155,Background,7.5,0.75,25.58,51.71961674932391,251107.pO2xPO4_5x5e.dat.14,88.53
0.3,1.4,0.0019724406466069,Background,7.5,0.75,25.58,49.062440666602924,251107.pO2xPO4_5x5e.dat.04,87.98
0.7,1.0,0.4263693647972832,Kellwasser,7.5,0.75,25.58,12.984299246454611,251107.pO2xPO4_5x5e.dat.40,22.39
0.6,1.0,0.3197832345338512,Kellwasser,7.5,0.75,25.58,11.749268196581395,251107.pO2xPO4_5x5e.dat.30,38.62
0.5,1.0,0.2054943230085805,Kellwasser,7.5,0.75,25.58,10.832206498889718,251107.pO2xPO4_5x5e.dat.20,57.34
0.4,1.0,0.0830029233587587,Kellwasser,7.5,0.75,25.58,10.04504429147346,251107.pO2xPO4_5x5e.dat.10,73.94
0.3,1.0,0.0343048433700932,Kellwasser,7.5,0.75,25.58,9.359314390167128,251107.pO2xPO4_5x5e.dat.00,88.72
0.7,1.1,0.3394962579101821,Kellwasser,7.5,0.75,25.58,23.027174393064342,251107.pO2xPO4_5x5e.dat.41,31.38
0.6,1.1,0.2427065337170555,Kellwasser,7.5,0.75,25.58,21.179037503316067,251107.pO2xPO4_5x5e.dat.31,47.89
0.5,1.1,0.153532713333318,Kellwasser,7.5,0.75,25.58,19.555967810447328,251107.pO2xPO4_5x5e.dat.21,64.13
0.4,1.1,0.0640915579669892,Kellwasser,7.5,0.75,25.58,18.06742511689663,251107.pO2xPO4_5x5e.dat.11,79.17
0.3,1.1,0.021481629677801,Kellwasser,7.5,0.75,25.58,16.704922018107027,251107.pO2xPO4_5x5e.dat.01,88.26
0.7,1.2,0.2554940972773464,Kellwasser,7.5,0.75,25.58,34.601089282659814,251107.pO2xPO4_5x5e.dat.42,40.28
0.6,1.2,0.1723423035474293,Kellwasser,7.5,0.75,25.58,32.21646329620853,251107.pO2xPO4_5x5e.dat.32,55.14
0.5,1.2,0.0791812268403389,Kellwasser,7.5,0.75,25.58,30.046072424738668,251107.pO2xPO4_5x5e.dat.22,70.18
0.4,1.2,0.0431750173840838,Kellwasser,7.5,0.75,25.58,28.13274841173552,251107.pO2xPO4_5x5e.dat.12,83.21
0.3,1.2,0.0149924931828834,Kellwasser,7.5,0.75,25.58,26.45124732225668,251107.pO2xPO4_5x5e.dat.02,87.8
0.7,1.3,0.1967526754878311,Kellwasser,7.5,0.75,25.58,47.51694723381661,251107.pO2xPO4_5x5e.dat.43,47.25
0.6,1.3,0.1321870591816693,Kellwasser,7.5,0.75,25.58,44.50932465260848,251107.pO2xPO4_5x5e.dat.33,60.64
0.5,1.3,0.0542288735002094,Kellwasser,7.5,0.75,25.58,41.75626236246899,251107.pO2xPO4_5x5e.dat.23,73.49
0.4,1.3,0.0214358780396627,Kellwasser,7.5,0.75,25.58,39.4045164284762,251107.pO2xPO4_5x5e.dat.13,85.41
0.3,1.3,0.0107381363221742,Kellwasser,7.5,0.75,25.58,37.23799454746768,251107.pO2xPO4_5x5e.dat.03,88.07
0.7,1.4,0.1367171239820621,Kellwasser,7.5,0.75,25.58,61.81790377013385,251107.pO2xPO4_5x5e.dat.44,53.49
0.6,1.4,0.064051985927798,Kellwasser,7.5,0.75,25.58,57.93967648060061,251107.pO2xPO4_5x5e.dat.34,65.41
0.5,1.4,0.040707038205061,Kellwasser,7.5,0.75,25.58,54.63105117087253,251107.pO2xPO4_5x5e.dat.24,76.33
0.4,1.4,0.0136637798232824,Kellwasser,7.5,0.75,25.58,51.71961674932391,251107.pO2xPO4_5x5e.dat.14,88.53
0.3,1.4,0.0066939626499103,Kellwasser,7.5,0.75,25.58,49.062440666602924,251107.pO2xPO4_5x5e.dat.04,87.98
0.7,1.5,0.0221957336296822,Background,7.5,0.75,25.58,8.760910532146227,251107.pO2xPO4_5x5f.dat.40,57.98
0.6,1.5,0.0157407022673005,Background,7.5,0.75,25.58,8.195929694920778,251107.pO2xPO4_5x5f.dat.30,69.72
0.5,1.5,0.0092388628229012,Background,7.5,0.75,25.58,7.735981853329576,251107.pO2xPO4_5x5f.dat.20,81.19
0.4,1.5,0.0043446183017194,Background,7.5,0.75,25.58,7.341664968407713,251107.pO2xPO4_5x5f.dat.10,88.44
0.3,1.5,0.0007870055921864,Background,7.5,0.75,25.58,6.982425929891178,251107.pO2xPO4_5x5f.dat.00,87.8
0.7,1.6,0.0144070844361096,Background,7.5,0.75,25.58,15.60138480272144,251107.pO2xPO4_5x5f.dat.41,61.93
0.6,1.6,0.0120748000005071,Background,7.5,0.75,25.58,14.670647942693904,251107.pO2xPO4_5x5f.dat.31,72.39
0.5,1.6,0.005001203048245,Background,7.5,0.75,25.58,13.864836546417791,251107.pO2xPO4_5x5f.dat.21,83.21
0.4,1.6,0.0021581369967511,Background,7.5,0.75,25.58,13.135862900526265,251107.pO2xPO4_5x5f.dat.11,88.35
0.3,1.6,0.0004678493701676,Background,7.5,0.75,25.58,12.46660485776374,251107.pO2xPO4_5x5f.dat.01,87.71
0.7,1.7,0.0141449155855931,Background,7.5,0.75,25.58,24.885344828362577,251107.pO2xPO4_5x5f.dat.42,65.41
0.6,1.7,0.0086003299622959,Background,7.5,0.75,25.58,23.411512302118357,251107.pO2xPO4_5x5f.dat.32,74.13
0.5,1.7,0.0026649805971447,Background,7.5,0.75,25.58,22.04804877692368,251107.pO2xPO4_5x5f.dat.22,82.75
0.4,1.7,0.0007828055295602,Background,7.5,0.75,25.58,20.853845853707757,251107.pO2xPO4_5x5f.dat.12,88.17
0.3,1.7,0.0002942854207237,Background,7.5,0.75,25.58,19.787910787272267,251107.pO2xPO4_5x5f.dat.02,87.61
0.7,1.8,0.0082893522515818,Background,7.5,0.75,25.58,35.27295484673232,251107.pO2xPO4_5x5f.dat.43,68.81
0.6,1.8,0.0033607070745736,Background,7.5,0.75,25.58,33.5458098561503,251107.pO2xPO4_5x5f.dat.33,76.79
0.5,1.8,0.0009076570334036,Background,7.5,0.75,25.58,31.965642847353596,251107.pO2xPO4_5x5f.dat.23,87.25
0.4,1.8,0.0003527949990966,Background,7.5,0.75,25.58,30.45932862733025,251107.pO2xPO4_5x5f.dat.13,88.07
0.3,1.8,0.0001529948399346,Background,7.5,0.75,25.58,29.003014788031575,251107.pO2xPO4_5x5f.dat.03,87.34
0.7,1.9,0.0051849646351509,Background,7.5,0.75,25.58,46.73459261539392,251107.pO2xPO4_5x5f.dat.44,71.28
0.6,1.9,0.0010315251129563,Background,7.5,0.75,25.58,44.61061689653434,251107.pO2xPO4_5x5f.dat.34,79.08
0.5,1.9,0.000466904248289,Background,7.5,0.75,25.58,42.605315684340894,251107.pO2xPO4_5x5f.dat.24,88.53
0.4,1.9,0.0002148081982819,Background,7.5,0.75,25.58,40.8045707445126,251107.pO2xPO4_5x5f.dat.14,87.98
0.3,1.9,0.0001015053569233,Background,7.5,0.75,25.58,39.20799281331711,251107.pO2xPO4_5x5f.dat.04,87.34
0.7,1.5,0.1036341089289339,Kellwasser,7.5,0.75,25.58,8.760910532146227,251107.pO2xPO4_5x5f.dat.40,57.98
0.6,1.5,0.0462402527135705,Kellwasser,7.5,0.75,25.58,8.195929694920778,251107.pO2xPO4_5x5f.dat.30,69.72
0.5,1.5,0.0274113363087348,Kellwasser,7.5,0.75,25.58,7.735981853329576,251107.pO2xPO4_5x5f.dat.20,81.19
0.4,1.5,0.0100147018398587,Kellwasser,7.5,0.75,25.58,7.341664968407713,251107.pO2xPO4_5x5f.dat.10,88.44
0.3,1.5,0.0047665337322072,Kellwasser,7.5,0.75,25.58,6.982425929891178,251107.pO2xPO4_5x5f.dat.00,87.8
0.7,1.6,0.0746073777941529,Kellwasser,7.5,0.75,25.58,15.60138480272144,251107.pO2xPO4_5x5f.dat.41,61.93
0.6,1.6,0.0328408453387957,Kellwasser,7.5,0.75,25.58,14.670647942693904,251107.pO2xPO4_5x5f.dat.31,72.39
0.5,1.6,0.0133262116569989,Kellwasser,7.5,0.75,25.58,13.864836546417791,251107.pO2xPO4_5x5f.dat.21,83.21
0.4,1.6,0.0072019181441873,Kellwasser,7.5,0.75,25.58,13.135862900526265,251107.pO2xPO4_5x5f.dat.11,88.35
0.3,1.6,0.0031922215474016,Kellwasser,7.5,0.75,25.58,12.46660485776374,251107.pO2xPO4_5x5f.dat.01,87.71
0.7,1.7,0.0344585432208047,Kellwasser,7.5,0.75,25.58,24.885344828362577,251107.pO2xPO4_5x5f.dat.42,65.41
0.6,1.7,0.025965872023179,Kellwasser,7.5,0.75,25.58,23.411512302118357,251107.pO2xPO4_5x5f.dat.32,74.13
0.5,1.7,0.0094473311609962,Kellwasser,7.5,0.75,25.58,22.04804877692368,251107.pO2xPO4_5x5f.dat.22,82.75
0.4,1.7,0.004996118991376,Kellwasser,7.5,0.75,25.58,20.853845853707757,251107.pO2xPO4_5x5f.dat.12,88.17
0.3,1.7,0.0019787535149098,Kellwasser,7.5,0.75,25.58,19.787910787272267,251107.pO2xPO4_5x5f.dat.02,87.61
0.7,1.8,0.0259180656434075,Kellwasser,7.5,0.75,25.58,35.27295484673232,251107.pO2xPO4_5x5f.dat.43,68.81
0.6,1.8,0.0167470229472339,Kellwasser,7.5,0.75,25.58,33.5458098561503,251107.pO2xPO4_5x5f.dat.33,76.79
0.5,1.8,0.0055174110947375,Kellwasser,7.5,0.75,25.58,31.965642847353596,251107.pO2xPO4_5x5f.dat.23,87.25
0.4,1.8,0.002394204803218,Kellwasser,7.5,0.75,25.58,30.45932862733025,251107.pO2xPO4_5x5f.dat.13,88.07
0.3,1.8,0.0009865888555495,Kellwasser,7.5,0.75,25.58,29.003014788031575,251107.pO2xPO4_5x5f.dat.03,87.34
0.7,1.9,0.0202935160605189,Kellwasser,7.5,0.75,25.58,46.73459261539392,251107.pO2xPO4_5x5f.dat.44,71.28
0.6,1.9,0.0069333767452345,Kellwasser,7.5,0.75,25.58,44.61061689653434,251107.pO2xPO4_5x5f.dat.34,79.08
0.5,1.9,0.0031770659110588,Kellwasser,7.5,0.75,25.58,42.605315684340894,251107.pO2xPO4_5x5f.dat.24,88.53
0.4,1.9,0.0014186106096772,Kellwasser,7.5,0.75,25.58,40.8045707445126,251107.pO2xPO4_5x5f.dat.14,87.98
0.3,1.9,0.0006267775219165,Kellwasser,7.5,0.75,25.58,39.20799281331711,251107.pO2xPO4_5x5f.dat.04,87.34
1.2,1.0,0.174167797,Background,0.75,1,17.06,111.7876091,251025.pO2xPO4_5x5b.dat.40,0.64
1.1,1.0,0.239682506,Background,0.75,1,17.06,104.7786282,251025.pO2xPO4_5x5b.dat.30,0.73
1.0,1.0,0.565672927,Background,0.75,1,17.06,99.06337073,251025.pO2xPO4_5x5b.dat.20,3.12
0.9,1.0,0.555110672,Background,0.75,1,17.06,94.16157263,251025.pO2xPO4_5x5b.dat.10,3.39
0.8,1.0,0.213077727,Background,0.75,1,17.06,89.98379053,251025.pO2xPO4_5x5b.dat.00,5.87
1.2,1.1,0.27459894,Background,0.75,1,17.06,136.8997328,251025.pO2xPO4_5x5b.dat.41,0.83
1.1,1.1,0.3949062,Background,0.75,1,17.06,128.0914585,251025.pO2xPO4_5x5b.dat.31,1.83
1.0,1.1,0.565672927,Background,0.75,1,17.06,120.8508547,251025.pO2xPO4_5x5b.dat.21,3.12
0.9,1.1,0.293721906,Background,0.75,1,17.06,114.7507792,251025.pO2xPO4_5x5b.dat.11,5.14
0.8,1.1,0.0772756,Background,0.75,1,17.06,109.4933396,251025.pO2xPO4_5x5b.dat.01,9.63
1.2,1.2,0.413917984,Background,0.75,1,17.06,153.5362971,251025.pO2xPO4_5x5b.dat.42,1.83
1.1,1.2,0.578693041,Background,0.75,1,17.06,153.5362971,251025.pO2xPO4_5x5b.dat.32,2.84
1.0,1.2,0.355818416,Background,0.75,1,17.06,144.660502,251025.pO2xPO4_5x5b.dat.22,4.68
0.9,1.2,0.111707612,Background,0.75,1,17.06,137.106239,251025.pO2xPO4_5x5b.dat.12,7.61
0.8,1.2,0.001172968,Background,0.75,1,17.06,130.6640625,251025.pO2xPO4_5x5b.dat.02,15.69
1.2,1.3,0.551522316,Background,0.75,1,17.06,191.1120489,251025.pO2xPO4_5x5b.dat.43,2.57
1.1,1.3,0.430839032,Background,0.75,1,17.06,180.4244384,251025.pO2xPO4_5x5b.dat.33,4.22
1.0,1.3,0.150642584,Background,0.75,1,17.06,170.4084425,251025.pO2xPO4_5x5b.dat.23,6.51
0.9,1.3,0.011655328,Background,0.75,1,17.06,161.3606291,251025.pO2xPO4_5x5b.dat.13,11.56
0.8,1.3,0.018468682,Background,0.75,1,17.06,153.568064,251025.pO2xPO4_5x5b.dat.03,22.66
1.2,1.4,0.481006202,Background,0.75,1,17.06,218.897374,251025.pO2xPO4_5x5b.dat.44,3.76
1.1,1.4,0.185660922,Background,0.75,1,17.06,207.8563994,251025.pO2xPO4_5x5b.dat.34,5.6
1.0,1.4,0.067172881,Background,0.75,1,17.06,197.3902545,251025.pO2xPO4_5x5b.dat.24,9.08
0.9,1.4,0.004634547,Background,0.75,1,17.06,187.3711735,251025.pO2xPO4_5x5b.dat.14,17.43
0.8,1.4,0.043636149,Background,0.75,1,17.06,178.2386535,251025.pO2xPO4_5x5b.dat.04,28.35
1.2,1.0,0.000218448,Kellwasser,0.75,1,17.06,111.7876091,251025.pO2xPO4_5x5b.dat.40,0.64
1.1,1.0,0.00876895,Kellwasser,0.75,1,17.06,104.7786282,251025.pO2xPO4_5x5b.dat.30,0.73
1.0,1.0,0.014137541,Kellwasser,0.75,1,17.06,99.06337073,251025.pO2xPO4_5x5b.dat.20,3.12
0.9,1.0,0.016128742,Kellwasser,0.75,1,17.06,94.16157263,251025.pO2xPO4_5x5b.dat.10,3.39
0.8,1.0,0.076972459,Kellwasser,0.75,1,17.06,89.98379053,251025.pO2xPO4_5x5b.dat.00,5.87
1.2,1.1,0.010952542,Kellwasser,0.75,1,17.06,136.8997328,251025.pO2xPO4_5x5b.dat.41,0.83
1.1,1.1,0.017011159,Kellwasser,0.75,1,17.06,128.0914585,251025.pO2xPO4_5x5b.dat.31,1.83
1.0,1.1,0.014137541,Kellwasser,0.75,1,17.06,120.8508547,251025.pO2xPO4_5x5b.dat.21,3.12
0.9,1.1,0.02912982,Kellwasser,0.75,1,17.06,114.7507792,251025.pO2xPO4_5x5b.dat.11,5.14
0.8,1.1,0.240231599,Kellwasser,0.75,1,17.06,109.4933396,251025.pO2xPO4_5x5b.dat.01,9.63
1.2,1.2,0.019971798,Kellwasser,0.75,1,17.06,153.5362971,251025.pO2xPO4_5x5b.dat.42,1.83
1.1,1.2,0.015193046,Kellwasser,0.75,1,17.06,153.5362971,251025.pO2xPO4_5x5b.dat.32,2.84
1.0,1.2,0.014826832,Kellwasser,0.75,1,17.06,144.660502,251025.pO2xPO4_5x5b.dat.22,4.68
0.9,1.2,0.183440252,Kellwasser,0.75,1,17.06,137.106239,251025.pO2xPO4_5x5b.dat.12,7.61
0.8,1.2,0.534846015,Kellwasser,0.75,1,17.06,130.6640625,251025.pO2xPO4_5x5b.dat.02,15.69
1.2,1.3,0.019219731,Kellwasser,0.75,1,17.06,191.1120489,251025.pO2xPO4_5x5b.dat.43,2.57
1.1,1.3,0.014050587,Kellwasser,0.75,1,17.06,180.4244384,251025.pO2xPO4_5x5b.dat.33,4.22
1.0,1.3,0.134763055,Kellwasser,0.75,1,17.06,170.4084425,251025.pO2xPO4_5x5b.dat.23,6.51
0.9,1.3,0.503735592,Kellwasser,0.75,1,17.06,161.3606291,251025.pO2xPO4_5x5b.dat.13,11.56
0.8,1.3,0.626662663,Kellwasser,0.75,1,17.06,153.568064,251025.pO2xPO4_5x5b.dat.03,22.66
1.2,1.4,0.021454928,Kellwasser,0.75,1,17.06,218.897374,251025.pO2xPO4_5x5b.dat.44,3.76
1.1,1.4,0.078584391,Kellwasser,0.75,1,17.06,207.8563994,251025.pO2xPO4_5x5b.dat.34,5.6
1.0,1.4,0.297998273,Kellwasser,0.75,1,17.06,197.3902545,251025.pO2xPO4_5x5b.dat.24,9.08
0.9,1.4,0.636716441,Kellwasser,0.75,1,17.06,187.3711735,251025.pO2xPO4_5x5b.dat.14,17.43
0.8,1.4,0.41828242,Kellwasser,0.75,1,17.06,178.2386535,251025.pO2xPO4_5x5b.dat.04,28.35
1.2,1.5,0.196630925,Background,0.75,1,17.06,86.21671441,251025.pO2xPO4_5x5c.dat.40,5.23
1.1,1.5,0.097947659,Background,0.75,1,17.06,82.90226833,251025.pO2xPO4_5x5c.dat.30,7.61
1.0,1.5,0.006105609,Background,0.75,1,17.06,80.04620759,251025.pO2xPO4_5x5c.dat.20,12.84
0.9,1.5,0.026216578,Background,0.75,1,17.06,77.34748215,251025.pO2xPO4_5x5c.dat.10,23.03
0.8,1.5,0.043956093,Background,0.75,1,17.06,74.82999354,251025.pO2xPO4_5x5c.dat.00,33.03
1.2,1.6,0.103736753,Background,0.75,1,17.06,104.9772982,251025.pO2xPO4_5x5c.dat.41,7.06
1.1,1.6,0.019893594,Background,0.75,1,17.06,100.9647749,251025.pO2xPO4_5x5c.dat.31,10.09
1.0,1.6,0.002650263,Background,0.75,1,17.06,97.3596907,251025.pO2xPO4_5x5c.dat.21,18.07
0.9,1.6,0.035585384,Background,0.75,1,17.06,94.13944645,251025.pO2xPO4_5x5c.dat.11,27.52
0.8,1.6,0.036426168,Background,0.75,1,17.06,91.31373372,251025.pO2xPO4_5x5c.dat.01,37.16
1.2,1.7,0.060966828,Background,0.75,1,17.06,125.1780777,251025.pO2xPO4_5x5c.dat.42,8.81
1.1,1.7,0.001952912,Background,0.75,1,17.06,120.2411222,251025.pO2xPO4_5x5c.dat.32,13.67
1.0,1.7,0.024396031,Background,0.75,1,17.06,116.0679458,251025.pO2xPO4_5x5c.dat.22,22.94
0.9,1.7,0.035072381,Background,0.75,1,17.06,112.2761532,251025.pO2xPO4_5x5c.dat.12,31.93
0.8,1.7,0.028981714,Background,0.75,1,17.06,108.7445926,251025.pO2xPO4_5x5c.dat.02,42.2
1.2,1.8,0.013261027,Background,0.75,1,17.06,146.8665869,251025.pO2xPO4_5x5c.dat.43,10.64
1.1,1.8,0.007273667,Background,0.75,1,17.06,141.0442492,251025.pO2xPO4_5x5c.dat.33,18.35
1.0,1.8,0.034682565,Background,0.75,1,17.06,135.9932794,251025.pO2xPO4_5x5c.dat.23,27.06
0.9,1.8,0.028919313,Background,0.75,1,17.06,131.4143301,251025.pO2xPO4_5x5c.dat.13,35.32
0.8,1.8,0.023765051,Background,0.75,1,17.06,127.4220849,251025.pO2xPO4_5x5c.dat.03,45.96
1.2,1.9,0.013261027,Background,0.75,1,17.06,170.2301379,251025.pO2xPO4_5x5c.dat.44,10.64
1.1,1.9,0.019231733,Background,0.75,1,17.06,163.2527565,251025.pO2xPO4_5x5c.dat.34,22.66
1.0,1.9,0.027639735,Background,0.75,1,17.06,157.2290639,251025.pO2xPO4_5x5c.dat.24,30.64
0.9,1.9,0.023843585,Background,0.75,1,17.06,151.9674552,251025.pO2xPO4_5x5c.dat.14,39.36
0.8,1.9,0.019061915,Background,0.75,1,17.06,151.9674552,251025.pO2xPO4_5x5c.dat.04,49.08
1.2,1.5,0.060438498,Kellwasser,0.75,1,17.06,86.21671441,251025.pO2xPO4_5x5c.dat.40,5.23
1.1,1.5,0.220453378,Kellwasser,0.75,1,17.06,82.90226833,251025.pO2xPO4_5x5c.dat.30,7.61
1.0,1.5,0.576999912,Kellwasser,0.75,1,17.06,80.04620759,251025.pO2xPO4_5x5c.dat.20,12.84
0.9,1.5,0.47296234,Kellwasser,0.75,1,17.06,77.34748215,251025.pO2xPO4_5x5c.dat.10,23.03
0.8,1.5,0.349451786,Kellwasser,0.75,1,17.06,74.82999354,251025.pO2xPO4_5x5c.dat.00,33.03
1.2,1.6,0.198774738,Kellwasser,0.75,1,17.06,104.9772982,251025.pO2xPO4_5x5c.dat.41,7.06
1.1,1.6,0.5543525,Kellwasser,0.75,1,17.06,100.9647749,251025.pO2xPO4_5x5c.dat.31,10.09
1.0,1.6,0.575716022,Kellwasser,0.75,1,17.06,97.3596907,251025.pO2xPO4_5x5c.dat.21,18.07
0.9,1.6,0.340208877,Kellwasser,0.75,1,17.06,94.13944645,251025.pO2xPO4_5x5c.dat.11,27.52
0.8,1.6,0.266736993,Kellwasser,0.75,1,17.06,91.31373372,251025.pO2xPO4_5x5c.dat.01,37.16
1.2,1.7,0.317590131,Kellwasser,0.75,1,17.06,125.1780777,251025.pO2xPO4_5x5c.dat.42,8.81
1.1,1.7,0.554011959,Kellwasser,0.75,1,17.06,120.2411222,251025.pO2xPO4_5x5c.dat.32,13.67
1.0,1.7,0.382537762,Kellwasser,0.75,1,17.06,116.0679458,251025.pO2xPO4_5x5c.dat.22,22.94
0.9,1.7,0.27358553,Kellwasser,0.75,1,17.06,112.2761532,251025.pO2xPO4_5x5c.dat.12,31.93
0.8,1.7,0.201108528,Kellwasser,0.75,1,17.06,108.7445926,251025.pO2xPO4_5x5c.dat.02,42.2
1.2,1.8,0.49245255,Kellwasser,0.75,1,17.06,146.8665869,251025.pO2xPO4_5x5c.dat.43,10.64
1.1,1.8,0.429420913,Kellwasser,0.75,1,17.06,141.0442492,251025.pO2xPO4_5x5c.dat.33,18.35
1.0,1.8,0.281964304,Kellwasser,0.75,1,17.06,135.9932794,251025.pO2xPO4_5x5c.dat.23,27.06
0.9,1.8,0.206105356,Kellwasser,0.75,1,17.06,131.4143301,251025.pO2xPO4_5x5c.dat.13,35.32
0.8,1.8,0.145008063,Kellwasser,0.75,1,17.06,127.4220849,251025.pO2xPO4_5x5c.dat.03,45.96
1.2,1.9,0.49245255,Kellwasser,0.75,1,17.06,170.2301379,251025.pO2xPO4_5x5c.dat.44,10.64
1.1,1.9,0.291838553,Kellwasser,0.75,1,17.06,163.2527565,251025.pO2xPO4_5x5c.dat.34,22.66
1.0,1.9,0.208041323,Kellwasser,0.75,1,17.06,157.2290639,251025.pO2xPO4_5x5c.dat.24,30.64
0.9,1.9,0.154238572,Kellwasser,0.75,1,17.06,151.9674552,251025.pO2xPO4_5x5c.dat.14,39.36
0.8,1.9,0.105988623,Kellwasser,0.75,1,17.06,151.9674552,251025.pO2xPO4_5x5c.dat.04,49.08
0.7,0.5,0.035887687,Background,0.75,1,17.06,34.04329982,251025.pO2xPO4_5x5d.dat.40,0.0
0.6,0.5,0.093072742,Background,0.75,1,17.06,29.93935232,251025.pO2xPO4_5x5d.dat.30,0.64
0.5,0.5,0.299789538,Background,0.75,1,17.06,26.80651778,251025.pO2xPO4_5x5d.dat.20,2.2
0.4,0.5,0.14862823,Background,0.75,1,17.06,24.24482409,251025.pO2xPO4_5x5d.dat.10,6.97
0.3,0.5,0.107954495,Background,0.75,1,17.06,22.06011777,251025.pO2xPO4_5x5d.dat.00,32.29
0.7,0.6,0.121108289,Background,0.75,1,17.06,55.56163887,251025.pO2xPO4_5x5d.dat.41,0.73
0.6,0.6,0.281785868,Background,0.75,1,17.06,48.81170389,251025.pO2xPO4_5x5d.dat.31,2.11
0.5,0.6,0.252492488,Background,0.75,1,17.06,43.93579002,251025.pO2xPO4_5x5d.dat.21,5.23
0.4,0.6,0.038762649,Background,0.75,1,17.06,40.10157136,251025.pO2xPO4_5x5d.dat.11,22.29
0.3,0.6,0.074622679,Background,0.75,1,17.06,37.00775051,251025.pO2xPO4_5x5d.dat.01,48.44
0.7,0.7,0.273747284,Background,0.75,1,17.06,81.36904216,251025.pO2xPO4_5x5d.dat.42,2.02
0.6,0.7,0.367541803,Background,0.75,1,17.06,71.50755846,251025.pO2xPO4_5x5d.dat.32,4.13
0.5,0.7,0.016307364,Background,0.75,1,17.06,64.09726484,251025.pO2xPO4_5x5d.dat.22,14.5
0.4,0.7,0.100961126,Background,0.75,1,17.06,58.5151538,251025.pO2xPO4_5x5d.dat.12,34.77
0.3,0.7,0.050888904,Background,0.75,1,17.06,54.14456973,251025.pO2xPO4_5x5d.dat.02,59.82
0.7,0.8,0.45865952,Background,0.75,1,17.06,108.8651916,251025.pO2xPO4_5x5d.dat.43,3.76
0.6,0.8,0.119716642,Background,0.75,1,17.06,97.62901027,251025.pO2xPO4_5x5d.dat.33,9.17
0.5,0.8,0.049643327,Background,0.75,1,17.06,87.63263031,251025.pO2xPO4_5x5d.dat.23,26.06
0.4,0.8,0.069313694,Background,0.75,1,17.06,79.73111497,251025.pO2xPO4_5x5d.dat.13,45.96
0.3,0.8,0.03353969,Background,0.75,1,17.06,73.61026655,251025.pO2xPO4_5x5d.dat.03,68.17
0.7,0.9,0.169972501,Background,0.75,1,17.06,136.8603553,251025.pO2xPO4_5x5d.dat.44,6.79
0.6,0.9,0.025012976,Background,0.75,1,17.06,125.0952773,251025.pO2xPO4_5x5d.dat.34,19.17
0.5,0.9,0.088903386,Background,0.75,1,17.06,113.97856,251025.pO2xPO4_5x5d.dat.24,34.86
0.4,0.9,0.051772614,Background,0.75,1,17.06,103.9183189,251025.pO2xPO4_5x5d.dat.14,54.04
0.3,0.9,0.030219415,Background,0.75,1,17.06,95.65026994,251025.pO2xPO4_5x5d.dat.04,73.3
0.7,0.5,0.007652955,Kellwasser,0.75,1,17.06,34.04329982,251025.pO2xPO4_5x5d.dat.40,0.0
0.6,0.5,0.004252968,Kellwasser,0.75,1,17.06,29.93935232,251025.pO2xPO4_5x5d.dat.30,0.64
0.5,0.5,0.003633461,Kellwasser,0.75,1,17.06,26.80651778,251025.pO2xPO4_5x5d.dat.20,2.2
0.4,0.5,0.096160527,Kellwasser,0.75,1,17.06,24.24482409,251025.pO2xPO4_5x5d.dat.10,6.97
0.3,0.5,0.520539365,Kellwasser,0.75,1,17.06,22.06011777,251025.pO2xPO4_5x5d.dat.00,32.29
0.7,0.6,0.002474358,Kellwasser,0.75,1,17.06,55.56163887,251025.pO2xPO4_5x5d.dat.41,0.73
0.6,0.6,0.003046567,Kellwasser,0.75,1,17.06,48.81170389,251025.pO2xPO4_5x5d.dat.31,2.11
0.5,0.6,0.036416637,Kellwasser,0.75,1,17.06,43.93579002,251025.pO2xPO4_5x5d.dat.21,5.23
0.4,0.6,0.430878932,Kellwasser,0.75,1,17.06,40.10157136,251025.pO2xPO4_5x5d.dat.11,22.29
0.3,0.6,0.470715162,Kellwasser,0.75,1,17.06,37.00775051,251025.pO2xPO4_5x5d.dat.01,48.44
0.7,0.7,0.004531804,Kellwasser,0.75,1,17.06,81.36904216,251025.pO2xPO4_5x5d.dat.42,2.02
0.6,0.7,0.019826579,Kellwasser,0.75,1,17.06,71.50755846,251025.pO2xPO4_5x5d.dat.32,4.13
0.5,0.7,0.314145221,Kellwasser,0.75,1,17.06,64.09726484,251025.pO2xPO4_5x5d.dat.22,14.5
0.4,0.7,0.5414967,Kellwasser,0.75,1,17.06,58.5151538,251025.pO2xPO4_5x5d.dat.12,34.77
0.3,0.7,0.352030582,Kellwasser,0.75,1,17.06,54.14456973,251025.pO2xPO4_5x5d.dat.02,59.82
0.7,0.8,0.008116,Kellwasser,0.75,1,17.06,108.8651916,251025.pO2xPO4_5x5d.dat.43,3.76
0.6,0.8,0.155708365,Kellwasser,0.75,1,17.06,97.62901027,251025.pO2xPO4_5x5d.dat.33,9.17
0.5,0.8,0.517140541,Kellwasser,0.75,1,17.06,87.63263031,251025.pO2xPO4_5x5d.dat.23,26.06
0.4,0.8,0.453542109,Kellwasser,0.75,1,17.06,79.73111497,251025.pO2xPO4_5x5d.dat.13,45.96
0.3,0.8,0.191702,Kellwasser,0.75,1,17.06,73.61026655,251025.pO2xPO4_5x5d.dat.03,68.17
0.7,0.9,0.111792374,Kellwasser,0.75,1,17.06,136.8603553,251025.pO2xPO4_5x5d.dat.44,6.79
0.6,0.9,0.498833883,Kellwasser,0.75,1,17.06,125.0952773,251025.pO2xPO4_5x5d.dat.34,19.17
0.5,0.9,0.530482937,Kellwasser,0.75,1,17.06,113.97856,251025.pO2xPO4_5x5d.dat.24,34.86
0.4,0.9,0.355552973,Kellwasser,0.75,1,17.06,103.9183189,251025.pO2xPO4_5x5d.dat.14,54.04
0.3,0.9,0.087056253,Kellwasser,0.75,1,17.06,95.65026994,251025.pO2xPO4_5x5d.dat.04,73.3
0.7,1.0,0.035887687,Background,0.75,1,17.06,34.04329982,251025.pO2xPO4_5x5d.dat.40,0.0
0.6,1.0,0.093072742,Background,0.75,1,17.06,29.93935232,251025.pO2xPO4_5x5d.dat.30,0.64
0.5,1.0,0.299789538,Background,0.75,1,17.06,26.80651778,251025.pO2xPO4_5x5d.dat.20,2.2
0.4,1.0,0.14862823,Background,0.75,1,17.06,24.24482409,251025.pO2xPO4_5x5d.dat.10,6.97
0.3,1.0,0.107954495,Background,0.75,1,17.06,22.06011777,251025.pO2xPO4_5x5d.dat.00,32.29
0.7,1.1,0.121108289,Background,0.75,1,17.06,55.56163887,251025.pO2xPO4_5x5d.dat.41,0.73
0.6,1.1,0.281785868,Background,0.75,1,17.06,48.81170389,251025.pO2xPO4_5x5d.dat.31,2.11
0.5,1.1,0.252492488,Background,0.75,1,17.06,43.93579002,251025.pO2xPO4_5x5d.dat.21,5.23
0.4,1.1,0.038762649,Background,0.75,1,17.06,40.10157136,251025.pO2xPO4_5x5d.dat.11,22.29
0.3,1.1,0.074622679,Background,0.75,1,17.06,37.00775051,251025.pO2xPO4_5x5d.dat.01,48.44
0.7,1.2,0.273747284,Background,0.75,1,17.06,81.36904216,251025.pO2xPO4_5x5d.dat.42,2.02
0.6,1.2,0.367541803,Background,0.75,1,17.06,71.50755846,251025.pO2xPO4_5x5d.dat.32,4.13
0.5,1.2,0.016307364,Background,0.75,1,17.06,64.09726484,251025.pO2xPO4_5x5d.dat.22,14.5
0.4,1.2,0.100961126,Background,0.75,1,17.06,58.5151538,251025.pO2xPO4_5x5d.dat.12,34.77
0.3,1.2,0.050888904,Background,0.75,1,17.06,54.14456973,251025.pO2xPO4_5x5d.dat.02,59.82
0.7,1.3,0.45865952,Background,0.75,1,17.06,108.8651916,251025.pO2xPO4_5x5d.dat.43,3.76
0.6,1.3,0.119716642,Background,0.75,1,17.06,97.62901027,251025.pO2xPO4_5x5d.dat.33,9.17
0.5,1.3,0.049643327,Background,0.75,1,17.06,87.63263031,251025.pO2xPO4_5x5d.dat.23,26.06
0.4,1.3,0.069313694,Background,0.75,1,17.06,79.73111497,251025.pO2xPO4_5x5d.dat.13,45.96
0.3,1.3,0.03353969,Background,0.75,1,17.06,73.61026655,251025.pO2xPO4_5x5d.dat.03,68.17
0.7,1.4,0.169972501,Background,0.75,1,17.06,136.8603553,251025.pO2xPO4_5x5d.dat.44,6.79
0.6,1.4,0.025012976,Background,0.75,1,17.06,125.0952773,251025.pO2xPO4_5x5d.dat.34,19.17
0.5,1.4,0.088903386,Background,0.75,1,17.06,113.97856,251025.pO2xPO4_5x5d.dat.24,34.86
0.4,1.4,0.051772614,Background,0.75,1,17.06,103.9183189,251025.pO2xPO4_5x5d.dat.14,54.04
0.3,1.4,0.030219415,Background,0.75,1,17.06,95.65026994,251025.pO2xPO4_5x5d.dat.04,73.3
0.7,1.0,0.007652955,Kellwasser,0.75,1,17.06,34.04329982,251025.pO2xPO4_5x5d.dat.40,0.0
0.6,1.0,0.004252968,Kellwasser,0.75,1,17.06,29.93935232,251025.pO2xPO4_5x5d.dat.30,0.64
0.5,1.0,0.003633461,Kellwasser,0.75,1,17.06,26.80651778,251025.pO2xPO4_5x5d.dat.20,2.2
0.4,1.0,0.096160527,Kellwasser,0.75,1,17.06,24.24482409,251025.pO2xPO4_5x5d.dat.10,6.97
0.3,1.0,0.520539365,Kellwasser,0.75,1,17.06,22.06011777,251025.pO2xPO4_5x5d.dat.00,32.29
0.7,1.1,0.002474358,Kellwasser,0.75,1,17.06,55.56163887,251025.pO2xPO4_5x5d.dat.41,0.73
0.6,1.1,0.003046567,Kellwasser,0.75,1,17.06,48.81170389,251025.pO2xPO4_5x5d.dat.31,2.11
0.5,1.1,0.036416637,Kellwasser,0.75,1,17.06,43.93579002,251025.pO2xPO4_5x5d.dat.21,5.23
0.4,1.1,0.430878932,Kellwasser,0.75,1,17.06,40.10157136,251025.pO2xPO4_5x5d.dat.11,22.29
0.3,1.1,0.470715162,Kellwasser,0.75,1,17.06,37.00775051,251025.pO2xPO4_5x5d.dat.01,48.44
0.7,1.2,0.004531804,Kellwasser,0.75,1,17.06,81.36904216,251025.pO2xPO4_5x5d.dat.42,2.02
0.6,1.2,0.019826579,Kellwasser,0.75,1,17.06,71.50755846,251025.pO2xPO4_5x5d.dat.32,4.13
0.5,1.2,0.314145221,Kellwasser,0.75,1,17.06,64.09726484,251025.pO2xPO4_5x5d.dat.22,14.5
0.4,1.2,0.5414967,Kellwasser,0.75,1,17.06,58.5151538,251025.pO2xPO4_5x5d.dat.12,34.77
0.3,1.2,0.352030582,Kellwasser,0.75,1,17.06,54.14456973,251025.pO2xPO4_5x5d.dat.02,59.82
0.7,1.3,0.008116,Kellwasser,0.75,1,17.06,108.8651916,251025.pO2xPO4_5x5d.dat.43,3.76
0.6,1.3,0.155708365,Kellwasser,0.75,1,17.06,97.62901027,251025.pO2xPO4_5x5d.dat.33,9.17
0.5,1.3,0.517140541,Kellwasser,0.75,1,17.06,87.63263031,251025.pO2xPO4_5x5d.dat.23,26.06
0.4,1.3,0.453542109,Kellwasser,0.75,1,17.06,79.73111497,251025.pO2xPO4_5x5d.dat.13,45.96
0.3,1.3,0.191702,Kellwasser,0.75,1,17.06,73.61026655,251025.pO2xPO4_5x5d.dat.03,68.17
0.7,1.4,0.111792374,Kellwasser,0.75,1,17.06,136.8603553,251025.pO2xPO4_5x5d.dat.44,6.79
0.6,1.4,0.498833883,Kellwasser,0.75,1,17.06,125.0952773,251025.pO2xPO4_5x5d.dat.34,19.17
0.5,1.4,0.530482937,Kellwasser,0.75,1,17.06,113.97856,251025.pO2xPO4_5x5d.dat.24,34.86
0.4,1.4,0.355552973,Kellwasser,0.75,1,17.06,103.9183189,251025.pO2xPO4_5x5d.dat.14,54.04
0.3,1.4,0.087056253,Kellwasser,0.75,1,17.06,95.65026994,251025.pO2xPO4_5x5d.dat.04,73.3
0.7,1.5,0.035302635,Background,0.75,1,17.06,14.09126435,251025.pO2xPO4_5x5f.dat.40,44.86
0.6,1.5,0.025250185,Background,0.75,1,17.06,13.35837442,251025.pO2xPO4_5x5f.dat.30,55.69
0.5,1.5,0.018502939,Background,0.75,1,17.06,12.68808319,251025.pO2xPO4_5x5f.dat.20,66.79
0.4,1.5,0.011741184,Background,0.75,1,17.06,12.04439195,251025.pO2xPO4_5x5f.dat.10,78.9
0.3,1.5,0.005131903,Background,0.75,1,17.06,11.45609986,251025.pO2xPO4_5x5f.dat.00,88.99
0.7,1.6,0.028427601,Background,0.75,1,17.06,25.29895391,251025.pO2xPO4_5x5f.dat.41,48.81
0.6,1.6,0.018341207,Background,0.75,1,17.06,23.96831223,251025.pO2xPO4_5x5f.dat.31,58.9
0.5,1.6,0.01504371,Background,0.75,1,17.06,22.71799167,251025.pO2xPO4_5x5f.dat.21,68.99
0.4,1.6,0.009050286,Background,0.75,1,17.06,21.46582119,251025.pO2xPO4_5x5f.dat.11,80.73
0.3,1.6,0.003054991,Background,0.75,1,17.06,20.46859481,251025.pO2xPO4_5x5f.dat.01,89.08
0.7,1.7,0.022580999,Background,0.75,1,17.06,38.27104956,251025.pO2xPO4_5x5f.dat.42,51.65
0.6,1.7,0.014558625,Background,0.75,1,17.06,36.49154314,251025.pO2xPO4_5x5f.dat.32,61.93
0.5,1.7,0.010397905,Background,0.75,1,17.06,35.02742038,251025.pO2xPO4_5x5f.dat.22,71.01
0.4,1.7,0.004516571,Background,0.75,1,17.06,33.66852616,251025.pO2xPO4_5x5f.dat.12,82.11
0.3,1.7,0.001054035,Background,0.75,1,17.06,32.34336691,251025.pO2xPO4_5x5f.dat.02,88.99
0.7,1.8,0.01740491,Background,0.75,1,17.06,52.92951391,251025.pO2xPO4_5x5f.dat.43,55.05
0.6,1.8,0.012480252,Background,0.75,1,17.06,50.75569061,251025.pO2xPO4_5x5f.dat.33,64.59
0.5,1.8,0.007307775,Background,0.75,1,17.06,48.76367166,251025.pO2xPO4_5x5f.dat.23,73.21
0.4,1.8,0.002131323,Background,0.75,1,17.06,46.87941691,251025.pO2xPO4_5x5f.dat.13,82.48
0.3,1.8,0.000122767,Background,0.75,1,17.06,45.13185195,251025.pO2xPO4_5x5f.dat.03,89.08
0.7,1.9,0.012413456,Background,0.75,1,17.06,68.97111598,251025.pO2xPO4_5x5f.dat.44,57.61
0.6,1.9,0.009700986,Background,0.75,1,17.06,66.23290392,251025.pO2xPO4_5x5f.dat.34,66.24
0.5,1.9,0.004416938,Background,0.75,1,17.06,63.74374789,251025.pO2xPO4_5x5f.dat.24,74.95
0.4,1.9,0.000468797,Background,0.75,1,17.06,61.52526475,251025.pO2xPO4_5x5f.dat.14,83.76
0.3,1.9,8.08e-05,Background,0.75,1,17.06,59.49486513,251025.pO2xPO4_5x5f.dat.04,90.09
0.7,1.5,0.249504795,Kellwasser,0.75,1,17.06,14.09126435,251025.pO2xPO4_5x5f.dat.40,44.86
0.6,1.5,0.149630002,Kellwasser,0.75,1,17.06,13.35837442,251025.pO2xPO4_5x5f.dat.30,55.69
0.5,1.5,0.03819579,Kellwasser,0.75,1,17.06,12.68808319,251025.pO2xPO4_5x5f.dat.20,66.79
0.4,1.5,0.016987365,Kellwasser,0.75,1,17.06,12.04439195,251025.pO2xPO4_5x5f.dat.10,78.9
0.3,1.5,0.007699888,Kellwasser,0.75,1,17.06,11.45609986,251025.pO2xPO4_5x5f.dat.00,88.99
0.7,1.6,0.183983855,Kellwasser,0.75,1,17.06,25.29895391,251025.pO2xPO4_5x5f.dat.41,48.81
0.6,1.6,0.087166839,Kellwasser,0.75,1,17.06,23.96831223,251025.pO2xPO4_5x5f.dat.31,58.9
0.5,1.6,0.025666917,Kellwasser,0.75,1,17.06,22.71799167,251025.pO2xPO4_5x5f.dat.21,68.99
0.4,1.6,0.011930709,Kellwasser,0.75,1,17.06,21.46582119,251025.pO2xPO4_5x5f.dat.11,80.73
0.3,1.6,0.004900746,Kellwasser,0.75,1,17.06,20.46859481,251025.pO2xPO4_5x5f.dat.01,89.08
0.7,1.7,0.137267978,Kellwasser,0.75,1,17.06,38.27104956,251025.pO2xPO4_5x5f.dat.42,51.65
0.6,1.7,0.058537078,Kellwasser,0.75,1,17.06,36.49154314,251025.pO2xPO4_5x5f.dat.32,61.93
0.5,1.7,0.013760087,Kellwasser,0.75,1,17.06,35.02742038,251025.pO2xPO4_5x5f.dat.22,71.01
0.4,1.7,0.007836926,Kellwasser,0.75,1,17.06,33.66852616,251025.pO2xPO4_5x5f.dat.12,82.11
0.3,1.7,0.002649491,Kellwasser,0.75,1,17.06,32.34336691,251025.pO2xPO4_5x5f.dat.02,88.99
0.7,1.8,0.086273182,Kellwasser,0.75,1,17.06,52.92951391,251025.pO2xPO4_5x5f.dat.43,55.05
0.6,1.8,0.020453061,Kellwasser,0.75,1,17.06,50.75569061,251025.pO2xPO4_5x5f.dat.33,64.59
0.5,1.8,0.009629253,Kellwasser,0.75,1,17.06,48.76367166,251025.pO2xPO4_5x5f.dat.23,73.21
0.4,1.8,0.00447204,Kellwasser,0.75,1,17.06,46.87941691,251025.pO2xPO4_5x5f.dat.13,82.48
0.3,1.8,0.000730752,Kellwasser,0.75,1,17.06,45.13185195,251025.pO2xPO4_5x5f.dat.03,89.08
0.7,1.9,0.049181143,Kellwasser,0.75,1,17.06,68.97111598,251025.pO2xPO4_5x5f.dat.44,57.61
0.6,1.9,0.011214428,Kellwasser,0.75,1,17.06,66.23290392,251025.pO2xPO4_5x5f.dat.34,66.24
0.5,1.9,0.006091206,Kellwasser,0.75,1,17.06,63.74374789,251025.pO2xPO4_5x5f.dat.24,74.95
0.4,1.9,0.002206943,Kellwasser,0.75,1,17.06,61.52526475,251025.pO2xPO4_5x5f.dat.14,83.76
0.3,1.9,0.000485065,Kellwasser,0.75,1,17.06,59.49486513,251025.pO2xPO4_5x5f.dat.04,90.09
1.2,2.0,0.011773427,Background,0.75,1,17.06,72.53536023,Devon370Ma_1xRemin_075xpCO2.pO2xPO4_5x5g.dat.40,18.07
1.1,2.0,0.025983982,Background,0.75,1,17.06,70.41965,Devon370Ma_1xRemin_075xpCO2.pO2xPO4_5x5g.dat.30,26.06
1.0,2.0,0.02216782,Background,0.75,1,17.06,68.47918121,Devon370Ma_1xRemin_075xpCO2.pO2xPO4_5x5g.dat.20,33.85
0.9,2.0,0.018628867,Background,0.75,1,17.06,66.68220158,Devon370Ma_1xRemin_075xpCO2.pO2xPO4_5x5g.dat.10,43.58
0.8,2.0,0.015093734,Background,0.75,1,17.06,64.97788854,Devon370Ma_1xRemin_075xpCO2.pO2xPO4_5x5g.dat.00,51.47
1.2,2.1,0.017409954,Background,0.75,1,17.06,88.6651469,Devon370Ma_1xRemin_075xpCO2.pO2xPO4_5x5g.dat.41,21.65
1.1,2.1,0.021564658,Background,0.75,1,17.06,86.12137026,Devon370Ma_1xRemin_075xpCO2.pO2xPO4_5x5g.dat.31,30.0
1.0,2.1,0.018658198,Background,0.75,1,17.06,83.77469931,Devon370Ma_1xRemin_075xpCO2.pO2xPO4_5x5g.dat.21,37.16
0.9,2.1,0.014542341,Background,0.75,1,17.06,81.66889165,Devon370Ma_1xRemin_075xpCO2.pO2xPO4_5x5g.dat.11,46.33
0.8,2.1,0.010959151,Background,0.75,1,17.06,79.69443686,Devon370Ma_1xRemin_075xpCO2.pO2xPO4_5x5g.dat.01,53.94
1.2,2.2,0.020154212,Background,0.75,1,17.06,105.5434768,Devon370Ma_1xRemin_075xpCO2.pO2xPO4_5x5g.dat.42,25.05
1.1,2.2,0.016303839,Background,0.75,1,17.06,102.7320468,Devon370Ma_1xRemin_075xpCO2.pO2xPO4_5x5g.dat.32,32.57
1.0,2.2,0.014296958,Background,0.75,1,17.06,100.1559795,Devon370Ma_1xRemin_075xpCO2.pO2xPO4_5x5g.dat.22,40.64
0.9,2.2,0.011325351,Background,0.75,1,17.06,97.70565521,Devon370Ma_1xRemin_075xpCO2.pO2xPO4_5x5g.dat.12,48.81
0.8,2.2,0.007004934,Background,0.75,1,17.06,95.38452287,Devon370Ma_1xRemin_075xpCO2.pO2xPO4_5x5g.dat.02,56.24
1.2,2.3,0.016391786,Background,0.75,1,17.06,123.7806428,Devon370Ma_1xRemin_075xpCO2.pO2xPO4_5x5g.dat.43,28.62
1.1,2.3,0.013616906,Background,0.75,1,17.06,120.3206848,Devon370Ma_1xRemin_075xpCO2.pO2xPO4_5x5g.dat.33,35.23
1.0,2.3,0.011346267,Background,0.75,1,17.06,117.1296972,Devon370Ma_1xRemin_075xpCO2.pO2xPO4_5x5g.dat.23,44.04
0.9,2.3,0.009134842,Background,0.75,1,17.06,114.4331472,Devon370Ma_1xRemin_075xpCO2.pO2xPO4_5x5g.dat.13,50.83
0.8,2.3,0.004417769,Background,0.75,1,17.06,111.9074732,Devon370Ma_1xRemin_075xpCO2.pO2xPO4_5x5g.dat.03,58.17
1.2,2.4,0.012413913,Background,0.75,1,17.06,142.8365067,Devon370Ma_1xRemin_075xpCO2.pO2xPO4_5x5g.dat.44,31.1
1.1,2.4,0.010966769,Background,0.75,1,17.06,138.9714016,Devon370Ma_1xRemin_075xpCO2.pO2xPO4_5x5g.dat.34,37.61
1.0,2.4,0.008615498,Background,0.75,1,17.06,135.4696433,Devon370Ma_1xRemin_075xpCO2.pO2xPO4_5x5g.dat.24,46.15
0.9,2.4,0.005761611,Background,0.75,1,17.06,132.2457247,Devon370Ma_1xRemin_075xpCO2.pO2xPO4_5x5g.dat.14,52.75
0.8,2.4,0.000838275,Background,0.75,1,17.06,129.0990185,Devon370Ma_1xRemin_075xpCO2.pO2xPO4_5x5g.dat.04,60.37
1.2,2.0,0.257945861,Kellwasser,0.75,1,17.06,72.53536023,Devon370Ma_1xRemin_075xpCO2.pO2xPO4_5x5g.dat.40,18.07
1.1,2.0,0.210190444,Kellwasser,0.75,1,17.06,70.41965,Devon370Ma_1xRemin_075xpCO2.pO2xPO4_5x5g.dat.30,26.06
1.0,2.0,0.15157292,Kellwasser,0.75,1,17.06,68.47918121,Devon370Ma_1xRemin_075xpCO2.pO2xPO4_5x5g.dat.20,33.85
0.9,2.0,0.112207398,Kellwasser,0.75,1,17.06,66.68220158,Devon370Ma_1xRemin_075xpCO2.pO2xPO4_5x5g.dat.10,43.58
0.8,2.0,0.07334629,Kellwasser,0.75,1,17.06,64.97788854,Devon370Ma_1xRemin_075xpCO2.pO2xPO4_5x5g.dat.00,51.47
1.2,2.1,0.196383358,Kellwasser,0.75,1,17.06,88.6651469,Devon370Ma_1xRemin_075xpCO2.pO2xPO4_5x5g.dat.41,21.65
1.1,2.1,0.151448396,Kellwasser,0.75,1,17.06,86.12137026,Devon370Ma_1xRemin_075xpCO2.pO2xPO4_5x5g.dat.31,30.0
1.0,2.1,0.111698072,Kellwasser,0.75,1,17.06,83.77469931,Devon370Ma_1xRemin_075xpCO2.pO2xPO4_5x5g.dat.21,37.16
0.9,2.1,0.076699438,Kellwasser,0.75,1,17.06,81.66889165,Devon370Ma_1xRemin_075xpCO2.pO2xPO4_5x5g.dat.11,46.33
0.8,2.1,0.045622634,Kellwasser,0.75,1,17.06,79.69443686,Devon370Ma_1xRemin_075xpCO2.pO2xPO4_5x5g.dat.01,53.94
1.2,2.2,0.146135809,Kellwasser,0.75,1,17.06,105.5434768,Devon370Ma_1xRemin_075xpCO2.pO2xPO4_5x5g.dat.42,25.05
1.1,2.2,0.105167065,Kellwasser,0.75,1,17.06,102.7320468,Devon370Ma_1xRemin_075xpCO2.pO2xPO4_5x5g.dat.32,32.57
1.0,2.2,0.078913524,Kellwasser,0.75,1,17.06,100.1559795,Devon370Ma_1xRemin_075xpCO2.pO2xPO4_5x5g.dat.22,40.64
0.9,2.2,0.055164074,Kellwasser,0.75,1,17.06,97.70565521,Devon370Ma_1xRemin_075xpCO2.pO2xPO4_5x5g.dat.12,48.81
0.8,2.2,0.024083344,Kellwasser,0.75,1,17.06,95.38452287,Devon370Ma_1xRemin_075xpCO2.pO2xPO4_5x5g.dat.02,56.24
1.2,2.3,0.104785278,Kellwasser,0.75,1,17.06,123.7806428,Devon370Ma_1xRemin_075xpCO2.pO2xPO4_5x5g.dat.43,28.62
1.1,2.3,0.074467234,Kellwasser,0.75,1,17.06,120.3206848,Devon370Ma_1xRemin_075xpCO2.pO2xPO4_5x5g.dat.33,35.23
1.0,2.3,0.053396349,Kellwasser,0.75,1,17.06,117.1296972,Devon370Ma_1xRemin_075xpCO2.pO2xPO4_5x5g.dat.23,44.04
0.9,2.3,0.035454609,Kellwasser,0.75,1,17.06,114.4331472,Devon370Ma_1xRemin_075xpCO2.pO2xPO4_5x5g.dat.13,50.83
0.8,2.3,0.013834626,Kellwasser,0.75,1,17.06,111.9074732,Devon370Ma_1xRemin_075xpCO2.pO2xPO4_5x5g.dat.03,58.17
1.2,2.4,0.07013767,Kellwasser,0.75,1,17.06,142.8365067,Devon370Ma_1xRemin_075xpCO2.pO2xPO4_5x5g.dat.44,31.1
1.1,2.4,0.05130583,Kellwasser,0.75,1,17.06,138.9714016,Devon370Ma_1xRemin_075xpCO2.pO2xPO4_5x5g.dat.34,37.61
1.0,2.4,0.036031309,Kellwasser,0.75,1,17.06,135.4696433,Devon370Ma_1xRemin_075xpCO2.pO2xPO4_5x5g.dat.24,46.15
0.9,2.4,0.020864984,Kellwasser,0.75,1,17.06,132.2457247,Devon370Ma_1xRemin_075xpCO2.pO2xPO4_5x5g.dat.14,52.75
0.8,2.4,0.004489433,Kellwasser,0.75,1,17.06,129.0990185,Devon370Ma_1xRemin_075xpCO2.pO2xPO4_5x5g.dat.04,60.37
1.2,0.5,0.028248415,Background,0.75,1.0,17.06,165.0072227,251025.pO2xPO4_5x5a.dat.40,0.0
1.1,0.5,0.028168401,Background,0.75,1.0,17.06,153.0285081,251025.pO2xPO4_5x5a.dat.30,0.0
1.0,0.5,0.019735853,Background,0.75,1.0,17.06,141.4201106,251025.pO2xPO4_5x5a.dat.20,0.0
0.9,0.5,0.015286954,Background,0.75,1.0,17.06,130.4371399,251025.pO2xPO4_5x5a.dat.10,0.0
0.8,0.5,0.014314283,Background,0.75,1.0,17.06,120.3409629,251025.pO2xPO4_5x5a.dat.00,0.0
1.2,0.6,0.016371392,Background,0.75,1.0,17.06,193.2198502,251025.pO2xPO4_5x5a.dat.41,0.0
1.1,0.6,0.011448173,Background,0.75,1.0,17.06,181.1431284,251025.pO2xPO4_5x5a.dat.31,0.0
1.0,0.6,0.00687607,Background,0.75,1.0,17.06,169.304054,251025.pO2xPO4_5x5a.dat.21,0.0
0.9,0.6,0.035097614,Background,0.75,1.0,17.06,157.8660158,251025.pO2xPO4_5x5a.dat.11,0.0
0.8,0.6,0.043223028,Background,0.75,1.0,17.06,147.0060088,251025.pO2xPO4_5x5a.dat.01,0.18
1.2,0.7,0.013140782,Background,0.75,1.0,17.06,221.4661363,251025.pO2xPO4_5x5a.dat.42,0.0
1.1,0.7,0.029440272,Background,0.75,1.0,17.06,209.3256626,251025.pO2xPO4_5x5a.dat.32,0.0
1.0,0.7,0.049899822,Background,0.75,1.0,17.06,197.3860635,251025.pO2xPO4_5x5a.dat.22,0.0
0.9,0.7,0.093084718,Background,0.75,1.0,17.06,185.7056195,251025.pO2xPO4_5x5a.dat.12,0.28
0.8,0.7,0.150542397,Background,0.75,1.0,17.06,174.4301553,251025.pO2xPO4_5x5a.dat.02,0.73
1.2,0.8,0.053319082,Background,0.75,1.0,17.06,249.7303067,251025.pO2xPO4_5x5a.dat.43,0.0
1.1,0.8,0.064599242,Background,0.75,1.0,17.06,237.5526528,251025.pO2xPO4_5x5a.dat.33,0.0
1.0,0.8,0.117573392,Background,0.75,1.0,17.06,225.5424042,251025.pO2xPO4_5x5a.dat.23,0.46
0.9,0.8,0.174728353,Background,0.75,1.0,17.06,213.7574484,251025.pO2xPO4_5x5a.dat.13,0.73
0.8,0.8,0.299319723,Background,0.75,1.0,17.06,202.2375411,251025.pO2xPO4_5x5a.dat.03,1.93
1.2,0.9,0.080205255,Background,0.75,1.0,17.06,277.9952774,251025.pO2xPO4_5x5a.dat.44,0.18
1.1,0.9,0.140679772,Background,0.75,1.0,17.06,265.8038284,251025.pO2xPO4_5x5a.dat.34,0.64
1.0,0.9,0.200832383,Background,0.75,1.0,17.06,253.7493128,251025.pO2xPO4_5x5a.dat.24,0.73
0.9,0.9,0.323913758,Background,0.75,1.0,17.06,241.897098,251025.pO2xPO4_5x5a.dat.14,1.83
0.8,0.9,0.543950338,Background,0.75,1.0,17.06,230.2633366,251025.pO2xPO4_5x5a.dat.04,3.58
1.2,0.5,0.011036884,Kellwasser,0.75,1.0,17.06,165.0072227,251025.pO2xPO4_5x5a.dat.40,0.0
1.1,0.5,0.011031764,Kellwasser,0.75,1.0,17.06,153.0285081,251025.pO2xPO4_5x5a.dat.30,0.0
1.0,0.5,0.010341055,Kellwasser,0.75,1.0,17.06,141.4201106,251025.pO2xPO4_5x5a.dat.20,0.0
0.9,0.5,0.010132429,Kellwasser,0.75,1.0,17.06,130.4371399,251025.pO2xPO4_5x5a.dat.10,0.0
0.8,0.5,0.009240932,Kellwasser,0.75,1.0,17.06,120.3409629,251025.pO2xPO4_5x5a.dat.00,0.0
1.2,0.6,0.010230432,Kellwasser,0.75,1.0,17.06,193.2198502,251025.pO2xPO4_5x5a.dat.41,0.0
1.1,0.6,0.010030665,Kellwasser,0.75,1.0,17.06,181.1431284,251025.pO2xPO4_5x5a.dat.31,0.0
1.0,0.6,0.009112461,Kellwasser,0.75,1.0,17.06,169.304054,251025.pO2xPO4_5x5a.dat.21,0.0
0.9,0.6,0.008997813,Kellwasser,0.75,1.0,17.06,157.8660158,251025.pO2xPO4_5x5a.dat.11,0.0
0.8,0.6,0.00599427,Kellwasser,0.75,1.0,17.06,147.0060088,251025.pO2xPO4_5x5a.dat.01,0.18
1.2,0.7,0.008775596,Kellwasser,0.75,1.0,17.06,221.4661363,251025.pO2xPO4_5x5a.dat.42,0.0
1.1,0.7,0.008655141,Kellwasser,0.75,1.0,17.06,209.3256626,251025.pO2xPO4_5x5a.dat.32,0.0
1.0,0.7,0.007193281,Kellwasser,0.75,1.0,17.06,197.3860635,251025.pO2xPO4_5x5a.dat.22,0.0
0.9,0.7,0.005003372,Kellwasser,0.75,1.0,17.06,185.7056195,251025.pO2xPO4_5x5a.dat.12,0.28
0.8,0.7,0.00133722,Kellwasser,0.75,1.0,17.06,174.4301553,251025.pO2xPO4_5x5a.dat.02,0.73
1.2,0.8,0.008230765,Kellwasser,0.75,1.0,17.06,249.7303067,251025.pO2xPO4_5x5a.dat.43,0.0
1.1,0.8,0.006351028,Kellwasser,0.75,1.0,17.06,237.5526528,251025.pO2xPO4_5x5a.dat.33,0.0
1.0,0.8,0.002834302,Kellwasser,0.75,1.0,17.06,225.5424042,251025.pO2xPO4_5x5a.dat.23,0.46
0.9,0.8,0.001437314,Kellwasser,0.75,1.0,17.06,213.7574484,251025.pO2xPO4_5x5a.dat.13,0.73
0.8,0.8,0.00629275,Kellwasser,0.75,1.0,17.06,202.2375411,251025.pO2xPO4_5x5a.dat.03,1.93
1.2,0.9,0.004562706,Kellwasser,0.75,1.0,17.06,277.9952774,251025.pO2xPO4_5x5a.dat.44,0.18
1.1,0.9,0.001654604,Kellwasser,0.75,1.0,17.06,265.8038284,251025.pO2xPO4_5x5a.dat.34,0.64
1.0,0.9,0.00544365,Kellwasser,0.75,1.0,17.06,253.7493128,251025.pO2xPO4_5x5a.dat.24,0.73
0.9,0.9,0.008326818,Kellwasser,0.75,1.0,17.06,241.897098,251025.pO2xPO4_5x5a.dat.14,1.83
0.8,0.9,0.013472357,Kellwasser,0.75,1.0,17.06,230.2633366,251025.pO2xPO4_5x5a.dat.04,3.58
0.7,2.0,0.009310382,Background,1.0,0.75,17.06,10.91366448,Devon370Ma_1xRemin_075xpCO2.pO2xPO4_5x5h.dat.40,60.18
0.6,2.0,0.005299575,Background,1.0,0.75,17.06,10.3954826,Devon370Ma_1xRemin_075xpCO2.pO2xPO4_5x5h.dat.30,67.71
0.5,2.0,0.001905504,Background,1.0,0.75,17.06,9.953076187,Devon370Ma_1xRemin_075xpCO2.pO2xPO4_5x5h.dat.20,76.42
0.4,2.0,0.00016521,Background,1.0,0.75,17.06,9.565751498,Devon370Ma_1xRemin_075xpCO2.pO2xPO4_5x5h.dat.10,88.53
0.3,2.0,7.07e-05,Background,1.0,0.75,17.06,9.205386959,Devon370Ma_1xRemin_075xpCO2.pO2xPO4_5x5h.dat.00,90.18
0.7,2.1,0.004549341,Background,1.0,0.75,17.06,19.61820999,Devon370Ma_1xRemin_075xpCO2.pO2xPO4_5x5h.dat.41,62.29
0.6,2.1,0.002331225,Background,1.0,0.75,17.06,18.84915582,Devon370Ma_1xRemin_075xpCO2.pO2xPO4_5x5h.dat.31,69.27
0.5,2.1,0.000265797,Background,1.0,0.75,17.06,18.16855547,Devon370Ma_1xRemin_075xpCO2.pO2xPO4_5x5h.dat.21,78.53
0.4,2.1,0.000112617,Background,1.0,0.75,17.06,17.54225923,Devon370Ma_1xRemin_075xpCO2.pO2xPO4_5x5h.dat.11,88.81
0.3,2.1,6.49e-05,Background,1.0,0.75,17.06,16.92841579,Devon370Ma_1xRemin_075xpCO2.pO2xPO4_5x5h.dat.01,90.18
0.7,2.2,0.004157375,Background,1.0,0.75,17.06,31.09948375,Devon370Ma_1xRemin_075xpCO2.pO2xPO4_5x5h.dat.42,63.94
0.6,2.2,0.000533488,Background,1.0,0.75,17.06,29.88647429,Devon370Ma_1xRemin_075xpCO2.pO2xPO4_5x5h.dat.32,70.64
0.5,2.2,0.0001341,Background,1.0,0.75,17.06,28.69457967,Devon370Ma_1xRemin_075xpCO2.pO2xPO4_5x5h.dat.22,78.99
0.4,2.2,9.81e-05,Background,1.0,0.75,17.06,27.65617683,Devon370Ma_1xRemin_075xpCO2.pO2xPO4_5x5h.dat.12,89.08
0.3,2.2,5.86e-05,Background,1.0,0.75,17.06,26.73172639,Devon370Ma_1xRemin_075xpCO2.pO2xPO4_5x5h.dat.02,90.18
0.7,2.3,0.001126368,Background,1.0,0.75,17.06,43.63588596,Devon370Ma_1xRemin_075xpCO2.pO2xPO4_5x5h.dat.43,65.23
0.6,2.3,0.000181212,Background,1.0,0.75,17.06,42.27475074,Devon370Ma_1xRemin_075xpCO2.pO2xPO4_5x5h.dat.33,71.74
0.5,2.3,0.000116556,Background,1.0,0.75,17.06,40.99232683,Devon370Ma_1xRemin_075xpCO2.pO2xPO4_5x5h.dat.23,80.37
0.4,2.3,9.06e-05,Background,1.0,0.75,17.06,39.78634049,Devon370Ma_1xRemin_075xpCO2.pO2xPO4_5x5h.dat.13,88.99
0.3,2.3,5.42e-05,Background,1.0,0.75,17.06,38.606413,Devon370Ma_1xRemin_075xpCO2.pO2xPO4_5x5h.dat.03,90.28
0.7,2.4,0.000198364,Background,1.0,0.75,17.06,57.57604958,Devon370Ma_1xRemin_075xpCO2.pO2xPO4_5x5h.dat.44,66.79
0.6,2.4,0.000124665,Background,1.0,0.75,17.06,55.76385956,Devon370Ma_1xRemin_075xpCO2.pO2xPO4_5x5h.dat.34,73.39
0.5,2.4,0.000104168,Background,1.0,0.75,17.06,54.0441506,Devon370Ma_1xRemin_075xpCO2.pO2xPO4_5x5h.dat.24,81.47
0.4,2.4,8.5e-05,Background,1.0,0.75,17.06,52.59386671,Devon370Ma_1xRemin_075xpCO2.pO2xPO4_5x5h.dat.14,89.08
0.3,2.4,5.08e-05,Background,1.0,0.75,17.06,51.21750291,Devon370Ma_1xRemin_075xpCO2.pO2xPO4_5x5h.dat.04,90.28
0.7,2.0,0.033846233,Kellwasser,1.0,0.75,17.06,10.91366448,Devon370Ma_1xRemin_075xpCO2.pO2xPO4_5x5h.dat.40,60.18
0.6,2.0,0.007070284,Kellwasser,1.0,0.75,17.06,10.3954826,Devon370Ma_1xRemin_075xpCO2.pO2xPO4_5x5h.dat.30,67.71
0.5,2.0,0.003619918,Kellwasser,1.0,0.75,17.06,9.953076187,Devon370Ma_1xRemin_075xpCO2.pO2xPO4_5x5h.dat.20,76.42
0.4,2.0,0.000949106,Kellwasser,1.0,0.75,17.06,9.565751498,Devon370Ma_1xRemin_075xpCO2.pO2xPO4_5x5h.dat.10,88.53
0.3,2.0,0.000412557,Kellwasser,1.0,0.75,17.06,9.205386959,Devon370Ma_1xRemin_075xpCO2.pO2xPO4_5x5h.dat.00,90.18
0.7,2.1,0.019477235,Kellwasser,1.0,0.75,17.06,19.61820999,Devon370Ma_1xRemin_075xpCO2.pO2xPO4_5x5h.dat.41,62.29
0.6,2.1,0.004082088,Kellwasser,1.0,0.75,17.06,18.84915582,Devon370Ma_1xRemin_075xpCO2.pO2xPO4_5x5h.dat.31,69.27
0.5,2.1,0.001594943,Kellwasser,1.0,0.75,17.06,18.16855547,Devon370Ma_1xRemin_075xpCO2.pO2xPO4_5x5h.dat.21,78.53
0.4,2.1,0.000680108,Kellwasser,1.0,0.75,17.06,17.54225923,Devon370Ma_1xRemin_075xpCO2.pO2xPO4_5x5h.dat.11,88.81
0.3,2.1,0.000371458,Kellwasser,1.0,0.75,17.06,16.92841579,Devon370Ma_1xRemin_075xpCO2.pO2xPO4_5x5h.dat.01,90.18
0.7,2.2,0.004876608,Kellwasser,1.0,0.75,17.06,31.09948375,Devon370Ma_1xRemin_075xpCO2.pO2xPO4_5x5h.dat.42,63.94
0.6,2.2,0.002057379,Kellwasser,1.0,0.75,17.06,29.88647429,Devon370Ma_1xRemin_075xpCO2.pO2xPO4_5x5h.dat.32,70.64
0.5,2.2,0.000839749,Kellwasser,1.0,0.75,17.06,28.69457967,Devon370Ma_1xRemin_075xpCO2.pO2xPO4_5x5h.dat.22,78.99
0.4,2.2,0.000585903,Kellwasser,1.0,0.75,17.06,27.65617683,Devon370Ma_1xRemin_075xpCO2.pO2xPO4_5x5h.dat.12,89.08
0.3,2.2,0.000326942,Kellwasser,1.0,0.75,17.06,26.73172639,Devon370Ma_1xRemin_075xpCO2.pO2xPO4_5x5h.dat.02,90.18
0.7,2.3,0.002201844,Kellwasser,1.0,0.75,17.06,43.63588596,Devon370Ma_1xRemin_075xpCO2.pO2xPO4_5x5h.dat.43,65.23
0.6,2.3,0.000970692,Kellwasser,1.0,0.75,17.06,42.27475074,Devon370Ma_1xRemin_075xpCO2.pO2xPO4_5x5h.dat.33,71.74
0.5,2.3,0.0007148,Kellwasser,1.0,0.75,17.06,40.99232683,Devon370Ma_1xRemin_075xpCO2.pO2xPO4_5x5h.dat.23,80.37
0.4,2.3,0.000536878,Kellwasser,1.0,0.75,17.06,39.78634049,Devon370Ma_1xRemin_075xpCO2.pO2xPO4_5x5h.dat.13,88.99
0.3,2.3,0.000296954,Kellwasser,1.0,0.75,17.06,38.606413,Devon370Ma_1xRemin_075xpCO2.pO2xPO4_5x5h.dat.03,90.28
0.7,2.4,0.001028428,Kellwasser,1.0,0.75,17.06,57.57604958,Devon370Ma_1xRemin_075xpCO2.pO2xPO4_5x5h.dat.44,66.79
0.6,2.4,0.000761698,Kellwasser,1.0,0.75,17.06,55.76385956,Devon370Ma_1xRemin_075xpCO2.pO2xPO4_5x5h.dat.34,73.39
0.5,2.4,0.000623846,Kellwasser,1.0,0.75,17.06,54.0441506,Devon370Ma_1xRemin_075xpCO2.pO2xPO4_5x5h.dat.24,81.47
0.4,2.4,0.000500238,Kellwasser,1.0,0.75,17.06,52.59386671,Devon370Ma_1xRemin_075xpCO2.pO2xPO4_5x5h.dat.14,89.08
0.3,2.4,0.000274995,Kellwasser,1.0,0.75,17.06,51.21750291,Devon370Ma_1xRemin_075xpCO2.pO2xPO4_5x5h.dat.04,90.28
1.2,0.5,0.000737998,Background,10,1,26.68,164.5447192,250117.pO2xPO4_5x5a.dat.40,0.0
1.1,0.5,0.000732488,Background,10,1,26.68,149.0582799,250117.pO2xPO4_5x5a.dat.30,0.0
1.0,0.5,0.000724636,Background,10,1,26.68,133.464564,250117.pO2xPO4_5x5a.dat.20,0.0
0.9,0.5,0.000711966,Background,10,1,26.68,118.652817,250117.pO2xPO4_5x5a.dat.10,0.0
0.8,0.5,0.000132555,Background,10,1,26.68,105.1593717,250117.pO2xPO4_5x5a.dat.00,0.0
1.2,0.6,0.000131919,Background,10,1,26.68,187.2882276,250117.pO2xPO4_5x5a.dat.41,0.0
1.1,0.6,0.000130704,Background,10,1,26.68,171.7490522,250117.pO2xPO4_5x5a.dat.31,0.0
1.0,0.6,0.000122764,Background,10,1,26.68,155.9924567,250117.pO2xPO4_5x5a.dat.21,0.0
0.9,0.6,0.0001209,Background,10,1,26.68,140.5178773,250117.pO2xPO4_5x5a.dat.11,0.0
0.8,0.6,0.000118161,Background,10,1,26.68,126.3110898,250117.pO2xPO4_5x5a.dat.01,0.09
1.2,0.7,0.000122529,Background,10,1,26.68,210.0320271,250117.pO2xPO4_5x5a.dat.42,0.0
1.1,0.7,0.000120105,Background,10,1,26.68,194.4617688,250117.pO2xPO4_5x5a.dat.32,0.09
1.0,0.7,0.000120652,Background,10,1,26.68,178.6000212,250117.pO2xPO4_5x5a.dat.22,0.0
0.9,0.7,0.000123454,Background,10,1,26.68,162.8177415,250117.pO2xPO4_5x5a.dat.12,0.27
0.8,0.7,0.000124881,Background,10,1,26.68,147.830171,250117.pO2xPO4_5x5a.dat.02,0.37
1.2,0.8,0.000124326,Background,10,1,26.68,232.7758993,250117.pO2xPO4_5x5a.dat.43,0.18
1.1,0.8,0.000126618,Background,10,1,26.68,217.1891974,250117.pO2xPO4_5x5a.dat.33,0.37
1.0,0.8,0.000128894,Background,10,1,26.68,201.2530458,250117.pO2xPO4_5x5a.dat.23,0.27
0.9,0.8,0.000133144,Background,10,1,26.68,185.2985442,250117.pO2xPO4_5x5a.dat.13,0.37
0.8,0.8,0.000134925,Background,10,1,26.68,169.714127,250117.pO2xPO4_5x5a.dat.03,1.01
1.2,0.9,0.000131637,Background,10,1,26.68,255.5198153,250117.pO2xPO4_5x5a.dat.44,0.27
1.1,0.9,0.000134822,Background,10,1,26.68,239.9274526,250117.pO2xPO4_5x5a.dat.34,0.37
1.0,0.9,0.000137638,Background,10,1,26.68,223.9354653,250117.pO2xPO4_5x5a.dat.24,1.01
0.9,0.9,0.000143638,Background,10,1,26.68,207.8678226,250117.pO2xPO4_5x5a.dat.14,1.1
0.8,0.9,0.000148768,Background,10,1,26.68,191.9740607,250117.pO2xPO4_5x5a.dat.04,1.28
1.2,0.5,0.001214093,Kellwasser,10,1,26.68,164.5447192,250117.pO2xPO4_5x5a.dat.40,0.0
1.1,0.5,0.001197643,Kellwasser,10,1,26.68,149.0582799,250117.pO2xPO4_5x5a.dat.30,0.0
1.0,0.5,0.001172768,Kellwasser,10,1,26.68,133.464564,250117.pO2xPO4_5x5a.dat.20,0.0
0.9,0.5,0.001129573,Kellwasser,10,1,26.68,118.652817,250117.pO2xPO4_5x5a.dat.10,0.0
0.8,0.5,0.001287184,Kellwasser,10,1,26.68,105.1593717,250117.pO2xPO4_5x5a.dat.00,0.0
1.2,0.6,0.001321295,Kellwasser,10,1,26.68,187.2882276,250117.pO2xPO4_5x5a.dat.41,0.0
1.1,0.6,0.001318747,Kellwasser,10,1,26.68,171.7490522,250117.pO2xPO4_5x5a.dat.31,0.0
1.0,0.6,0.001341362,Kellwasser,10,1,26.68,155.9924567,250117.pO2xPO4_5x5a.dat.21,0.0
0.9,0.6,0.00133382,Kellwasser,10,1,26.68,140.5178773,250117.pO2xPO4_5x5a.dat.11,0.0
0.8,0.6,0.001332125,Kellwasser,10,1,26.68,126.3110898,250117.pO2xPO4_5x5a.dat.01,0.09
1.2,0.7,0.001351403,Kellwasser,10,1,26.68,210.0320271,250117.pO2xPO4_5x5a.dat.42,0.0
1.1,0.7,0.001354486,Kellwasser,10,1,26.68,194.4617688,250117.pO2xPO4_5x5a.dat.32,0.09
1.0,0.7,0.001351632,Kellwasser,10,1,26.68,178.6000212,250117.pO2xPO4_5x5a.dat.22,0.0
0.9,0.7,0.001348644,Kellwasser,10,1,26.68,162.8177415,250117.pO2xPO4_5x5a.dat.12,0.27
0.8,0.7,0.001335976,Kellwasser,10,1,26.68,147.830171,250117.pO2xPO4_5x5a.dat.02,0.37
1.2,0.8,0.001368162,Kellwasser,10,1,26.68,232.7758993,250117.pO2xPO4_5x5a.dat.43,0.18
1.1,0.8,0.001363637,Kellwasser,10,1,26.68,217.1891974,250117.pO2xPO4_5x5a.dat.33,0.37
1.0,0.8,0.00135409,Kellwasser,10,1,26.68,201.2530458,250117.pO2xPO4_5x5a.dat.23,0.27
0.9,0.8,0.001336488,Kellwasser,10,1,26.68,185.2985442,250117.pO2xPO4_5x5a.dat.13,0.37
0.8,0.8,0.001305289,Kellwasser,10,1,26.68,169.714127,250117.pO2xPO4_5x5a.dat.03,1.01
1.2,0.9,0.001366909,Kellwasser,10,1,26.68,255.5198153,250117.pO2xPO4_5x5a.dat.44,0.27
1.1,0.9,0.001353885,Kellwasser,10,1,26.68,239.9274526,250117.pO2xPO4_5x5a.dat.34,0.37
1.0,0.9,0.001332395,Kellwasser,10,1,26.68,223.9354653,250117.pO2xPO4_5x5a.dat.24,1.01
0.9,0.9,0.001299446,Kellwasser,10,1,26.68,207.8678226,250117.pO2xPO4_5x5a.dat.14,1.1
0.8,0.9,0.001239509,Kellwasser,10,1,26.68,191.9740607,250117.pO2xPO4_5x5a.dat.04,1.28
1.2,1.0,0.000139827,Background,10,1,26.68,93.00355305,250117.pO2xPO4_5x5b.dat.40,1.01
1.1,1.0,0.000140858,Background,10,1,26.68,82.10490341,250117.pO2xPO4_5x5b.dat.30,1.1
1.0,1.0,0.000145749,Background,10,1,26.68,72.78050907,250117.pO2xPO4_5x5b.dat.20,1.28
0.9,1.0,0.00015357,Background,10,1,26.68,65.02112228,250117.pO2xPO4_5x5b.dat.10,1.65
0.8,1.0,0.000137351,Background,10,1,26.68,58.92233457,250117.pO2xPO4_5x5b.dat.00,1.74
1.2,1.1,0.000146314,Background,10,1,26.68,113.1560057,250117.pO2xPO4_5x5b.dat.41,1.19
1.1,1.1,0.000151974,Background,10,1,26.68,101.2822395,250117.pO2xPO4_5x5b.dat.31,1.37
1.0,1.1,0.000148913,Background,10,1,26.68,90.56105773,250117.pO2xPO4_5x5b.dat.21,1.74
0.9,1.1,0.000135985,Background,10,1,26.68,81.32465155,250117.pO2xPO4_5x5b.dat.11,1.74
0.8,1.1,6.6e-05,Background,10,1,26.68,73.51354725,250117.pO2xPO4_5x5b.dat.01,2.56
1.2,1.2,0.000158721,Background,10,1,26.68,134.0105518,250117.pO2xPO4_5x5b.dat.42,1.65
1.1,1.2,0.000149066,Background,10,1,26.68,121.2154821,250117.pO2xPO4_5x5b.dat.32,1.74
1.0,1.2,0.000140102,Background,10,1,26.68,109.5475673,250117.pO2xPO4_5x5b.dat.22,2.01
0.9,1.2,6.69e-05,Background,10,1,26.68,98.99105498,250117.pO2xPO4_5x5b.dat.12,2.65
0.8,1.2,6.34e-05,Background,10,1,26.68,89.82767031,250117.pO2xPO4_5x5b.dat.02,4.02
1.2,1.3,0.000148624,Background,10,1,26.68,155.2862523,250117.pO2xPO4_5x5b.dat.43,1.83
1.1,1.3,0.0001384,Background,10,1,26.68,141.7278399,250117.pO2xPO4_5x5b.dat.33,2.29
1.0,1.3,6.78e-05,Background,10,1,26.68,129.2835223,250117.pO2xPO4_5x5b.dat.23,3.11
0.9,1.3,6.27e-05,Background,10,1,26.68,117.7883314,250117.pO2xPO4_5x5b.dat.13,4.2
0.8,1.3,6.24e-05,Background,10,1,26.68,107.3955718,250117.pO2xPO4_5x5b.dat.03,5.03
1.2,1.4,0.000135669,Background,10,1,26.68,176.867281,250117.pO2xPO4_5x5b.dat.44,2.29
1.1,1.4,6.83e-05,Background,10,1,26.68,162.8089522,250117.pO2xPO4_5x5b.dat.34,3.11
1.0,1.4,6.35e-05,Background,10,1,26.68,149.5420584,250117.pO2xPO4_5x5b.dat.24,4.11
0.9,1.4,6.36e-05,Background,10,1,26.68,137.3584819,250117.pO2xPO4_5x5b.dat.14,4.94
0.8,1.4,6e-05,Background,10,1,26.68,126.0170829,250117.pO2xPO4_5x5b.dat.04,5.85
1.2,1.0,0.001351065,Kellwasser,10,1,26.68,93.00355305,250117.pO2xPO4_5x5b.dat.40,1.01
1.1,1.0,0.001328167,Kellwasser,10,1,26.68,82.10490341,250117.pO2xPO4_5x5b.dat.30,1.1
1.0,1.0,0.001297224,Kellwasser,10,1,26.68,72.78050907,250117.pO2xPO4_5x5b.dat.20,1.28
0.9,1.0,0.001236733,Kellwasser,10,1,26.68,65.02112228,250117.pO2xPO4_5x5b.dat.10,1.65
0.8,1.0,0.00111924,Kellwasser,10,1,26.68,58.92233457,250117.pO2xPO4_5x5b.dat.00,1.74
1.2,1.1,0.001324241,Kellwasser,10,1,26.68,113.1560057,250117.pO2xPO4_5x5b.dat.41,1.19
1.1,1.1,0.001293648,Kellwasser,10,1,26.68,101.2822395,250117.pO2xPO4_5x5b.dat.31,1.37
1.0,1.1,0.001218463,Kellwasser,10,1,26.68,90.56105773,250117.pO2xPO4_5x5b.dat.21,1.74
0.9,1.1,0.001116995,Kellwasser,10,1,26.68,81.32465155,250117.pO2xPO4_5x5b.dat.11,1.74
0.8,1.1,0.000174844,Kellwasser,10,1,26.68,73.51354725,250117.pO2xPO4_5x5b.dat.01,2.56
1.2,1.2,0.001274808,Kellwasser,10,1,26.68,134.0105518,250117.pO2xPO4_5x5b.dat.42,1.65
1.1,1.2,0.00119882,Kellwasser,10,1,26.68,121.2154821,250117.pO2xPO4_5x5b.dat.32,1.74
1.0,1.2,0.001108992,Kellwasser,10,1,26.68,109.5475673,250117.pO2xPO4_5x5b.dat.22,2.01
0.9,1.2,0.000175257,Kellwasser,10,1,26.68,98.99105498,250117.pO2xPO4_5x5b.dat.12,2.65
0.8,1.2,0.00013979,Kellwasser,10,1,26.68,89.82767031,250117.pO2xPO4_5x5b.dat.02,4.02
1.2,1.3,0.001193184,Kellwasser,10,1,26.68,155.2862523,250117.pO2xPO4_5x5b.dat.43,1.83
1.1,1.3,0.001105249,Kellwasser,10,1,26.68,141.7278399,250117.pO2xPO4_5x5b.dat.33,2.29
1.0,1.3,0.000175438,Kellwasser,10,1,26.68,129.2835223,250117.pO2xPO4_5x5b.dat.23,3.11
0.9,1.3,0.000150508,Kellwasser,10,1,26.68,117.7883314,250117.pO2xPO4_5x5b.dat.13,4.2
0.8,1.3,0.000119198,Kellwasser,10,1,26.68,107.3955718,250117.pO2xPO4_5x5b.dat.03,5.03
1.2,1.4,0.00109744,Kellwasser,10,1,26.68,176.867281,250117.pO2xPO4_5x5b.dat.44,2.29
1.1,1.4,0.000175582,Kellwasser,10,1,26.68,162.8089522,250117.pO2xPO4_5x5b.dat.34,3.11
1.0,1.4,0.000153409,Kellwasser,10,1,26.68,149.5420584,250117.pO2xPO4_5x5b.dat.24,4.11
0.9,1.4,0.000123207,Kellwasser,10,1,26.68,137.3584819,250117.pO2xPO4_5x5b.dat.14,4.94
0.8,1.4,8.52e-05,Kellwasser,10,1,26.68,126.0170829,250117.pO2xPO4_5x5b.dat.04,5.85
1.2,1.5,6.88579013275487e-05,Background,10,1.0,26.68,53.96360938902944,250117.pO2xPO4_5x5c.dat.40,3.29
1.1,1.5,6.443601739588244e-05,Background,10,1.0,26.68,49.74073453922756,250117.pO2xPO4_5x5c.dat.30,4.11
1.0,1.5,6.447699080215545e-05,Background,10,1.0,26.68,46.0263472632505,250117.pO2xPO4_5x5c.dat.20,4.84
0.9,1.5,6.44854995645718e-05,Background,10,1.0,26.68,42.63361915946007,250117.pO2xPO4_5x5c.dat.10,5.76
0.8,1.5,5.4989986446413104e-05,Background,10,1.0,26.68,39.55038118874654,250117.pO2xPO4_5x5c.dat.00,7.04
1.2,1.6,6.49615542023226e-05,Background,10,1.0,26.68,67.25582352373749,250117.pO2xPO4_5x5c.dat.41,4.39
1.1,1.6,6.615925591336563e-05,Background,10,1.0,26.68,62.05608951859176,250117.pO2xPO4_5x5c.dat.31,4.75
1.0,1.6,6.594998796212319e-05,Background,10,1.0,26.68,57.618741266196594,250117.pO2xPO4_5x5c.dat.21,5.48
0.9,1.6,5.885688237573808e-05,Background,10,1.0,26.68,53.67825360735878,250117.pO2xPO4_5x5c.dat.11,6.86
0.8,1.6,5.314766094819626e-05,Background,10,1.0,26.68,50.11359098716639,250117.pO2xPO4_5x5c.dat.01,7.68
1.2,1.7,6.690259811771953e-05,Background,10,1.0,26.68,81.98455907404423,250117.pO2xPO4_5x5c.dat.42,4.75
1.1,1.7,6.701588001189999e-05,Background,10,1.0,26.68,75.5955625209026,250117.pO2xPO4_5x5c.dat.32,5.48
1.0,1.7,6.101470357495941e-05,Background,10,1.0,26.68,70.19817712716758,250117.pO2xPO4_5x5c.dat.22,6.76
0.9,1.7,5.5238187158366335e-05,Background,10,1.0,26.68,65.55907748406753,250117.pO2xPO4_5x5c.dat.12,7.68
0.8,1.7,4.978185531790009e-05,Background,10,1.0,26.68,61.419639678206295,250117.pO2xPO4_5x5c.dat.02,9.41
1.2,1.8,6.638612530098779e-05,Background,10,1.0,26.68,98.2958808890544,250117.pO2xPO4_5x5c.dat.43,5.39
1.1,1.8,6.309141671632704e-05,Background,10,1.0,26.68,90.43476165970787,250117.pO2xPO4_5x5c.dat.33,6.49
1.0,1.8,5.71099631949798e-05,Background,10,1.0,26.68,83.931750850752,250117.pO2xPO4_5x5c.dat.23,7.5
0.9,1.8,5.249404616226545e-05,Background,10,1.0,26.68,78.36048462195322,250117.pO2xPO4_5x5c.dat.13,8.87
0.8,1.8,4.718462376372639e-05,Background,10,1.0,26.68,73.53825640166178,250117.pO2xPO4_5x5c.dat.03,10.33
1.2,1.9,6.689621563654884e-05,Background,10,1.0,26.68,115.77904660953207,250117.pO2xPO4_5x5c.dat.44,6.31
1.1,1.9,6.025472705199844e-05,Background,10,1.0,26.68,106.73619544832036,250117.pO2xPO4_5x5c.dat.34,7.4
1.0,1.9,5.5594721861321806e-05,Background,10,1.0,26.68,98.86495536193252,250117.pO2xPO4_5x5c.dat.24,8.41
0.9,1.9,5.0489189454653175e-05,Background,10,1.0,26.68,92.25905523635448,250117.pO2xPO4_5x5c.dat.14,10.05
0.8,1.9,2.488766162861328e-05,Background,10,1.0,26.68,86.53947588754818,250117.pO2xPO4_5x5c.dat.04,15.54
1.2,1.5,0.0001758521654525,Kellwasser,10,1.0,26.68,53.96360938902944,250117.pO2xPO4_5x5c.dat.40,3.29
1.1,1.5,0.000156907451269,Kellwasser,10,1.0,26.68,49.74073453922756,250117.pO2xPO4_5x5c.dat.30,4.11
1.0,1.5,0.0001267220769904,Kellwasser,10,1.0,26.68,46.0263472632505,250117.pO2xPO4_5x5c.dat.20,4.84
0.9,1.5,0.0001069909424081,Kellwasser,10,1.0,26.68,42.63361915946007,250117.pO2xPO4_5x5c.dat.10,5.76
0.8,1.5,6.871763420837985e-05,Kellwasser,10,1.0,26.68,39.55038118874654,250117.pO2xPO4_5x5c.dat.00,7.04
1.2,1.6,0.0001591979255428,Kellwasser,10,1.0,26.68,67.25582352373749,250117.pO2xPO4_5x5c.dat.41,4.39
1.1,1.6,0.000135913251705,Kellwasser,10,1.0,26.68,62.05608951859176,250117.pO2xPO4_5x5c.dat.31,4.75
1.0,1.6,0.0001104870906385,Kellwasser,10,1.0,26.68,57.618741266196594,250117.pO2xPO4_5x5c.dat.21,5.48
0.9,1.6,8.260264512287437e-05,Kellwasser,10,1.0,26.68,53.67825360735878,250117.pO2xPO4_5x5c.dat.11,6.86
0.8,1.6,6.584523280305922e-05,Kellwasser,10,1.0,26.68,50.11359098716639,250117.pO2xPO4_5x5c.dat.01,7.68
1.2,1.7,0.0001388339372825,Kellwasser,10,1.0,26.68,81.98455907404423,250117.pO2xPO4_5x5c.dat.42,4.75
1.1,1.7,0.0001144041252785,Kellwasser,10,1.0,26.68,75.5955625209026,250117.pO2xPO4_5x5c.dat.32,5.48
1.0,1.7,8.624433719820429e-05,Kellwasser,10,1.0,26.68,70.19817712716758,250117.pO2xPO4_5x5c.dat.22,6.76
0.9,1.7,6.790814864559575e-05,Kellwasser,10,1.0,26.68,65.55907748406753,250117.pO2xPO4_5x5c.dat.12,7.68
0.8,1.7,6.34322161226252e-05,Kellwasser,10,1.0,26.68,61.419639678206295,250117.pO2xPO4_5x5c.dat.02,9.41
1.2,1.8,0.0001232256477477,Kellwasser,10,1.0,26.68,98.2958808890544,250117.pO2xPO4_5x5c.dat.43,5.39
1.1,1.8,8.986005880670707e-05,Kellwasser,10,1.0,26.68,90.43476165970787,250117.pO2xPO4_5x5c.dat.33,6.49
1.0,1.8,7.154124880664336e-05,Kellwasser,10,1.0,26.68,83.931750850752,250117.pO2xPO4_5x5c.dat.23,7.5
0.9,1.8,6.624103660711769e-05,Kellwasser,10,1.0,26.68,78.36048462195322,250117.pO2xPO4_5x5c.dat.13,8.87
0.8,1.8,6.182544796944187e-05,Kellwasser,10,1.0,26.68,73.53825640166178,250117.pO2xPO4_5x5c.dat.03,10.33
1.2,1.9,0.0001108226471282,Kellwasser,10,1.0,26.68,115.77904660953207,250117.pO2xPO4_5x5c.dat.44,6.31
1.1,1.9,8.446017133202004e-05,Kellwasser,10,1.0,26.68,106.73619544832036,250117.pO2xPO4_5x5c.dat.34,7.4
1.0,1.9,6.813386741319821e-05,Kellwasser,10,1.0,26.68,98.86495536193252,250117.pO2xPO4_5x5c.dat.24,8.41
0.9,1.9,6.438964349848479e-05,Kellwasser,10,1.0,26.68,92.25905523635448,250117.pO2xPO4_5x5c.dat.14,10.05
0.8,1.9,5.528981381288065e-05,Kellwasser,10,1.0,26.68,86.53947588754818,250117.pO2xPO4_5x5c.dat.04,15.54
0.7,0.5,6.899826086204912e-05,Background,10,1.0,26.68,15.022457773739006,250117.pO2xPO4_5x5d.dat.40,2.38
0.6,0.5,6.0339390369755136e-05,Background,10,1.0,26.68,12.53085156349698,250117.pO2xPO4_5x5d.dat.30,3.75
0.5,0.5,5.454598873885477e-05,Background,10,1.0,26.68,10.378207662142811,250117.pO2xPO4_5x5d.dat.20,5.3
0.4,0.5,4.204647093334708e-05,Background,10,1.0,26.68,8.54629797686357,250117.pO2xPO4_5x5d.dat.10,6.58
0.3,0.5,1.6130381173079757e-05,Background,10,1.0,26.68,6.977595603530062,250117.pO2xPO4_5x5d.dat.00,8.68
0.7,0.6,6.210265144337469e-05,Background,10,1.0,26.68,25.99637809908017,250117.pO2xPO4_5x5d.dat.41,3.93
0.6,0.6,6.021126360785733e-05,Background,10,1.0,26.68,22.41161018901039,250117.pO2xPO4_5x5d.dat.31,5.3
0.5,0.6,4.843484232648336e-05,Background,10,1.0,26.68,19.47552482306492,250117.pO2xPO4_5x5d.dat.21,6.58
0.4,0.6,2.0468652884394305e-05,Background,10,1.0,26.68,16.898082321858965,250117.pO2xPO4_5x5d.dat.11,8.14
0.3,0.6,1.4784177438115065e-05,Background,10,1.0,26.68,14.608746823796537,250117.pO2xPO4_5x5d.dat.01,11.06
0.7,0.7,6.26561859915563e-05,Background,10,1.0,26.68,39.3955888284836,250117.pO2xPO4_5x5d.dat.42,5.21
0.6,0.7,5.2038481495960974e-05,Background,10,1.0,26.68,34.12178557482548,250117.pO2xPO4_5x5d.dat.32,6.4
0.5,0.7,4.3622273249581047e-05,Background,10,1.0,26.68,30.10880209330935,250117.pO2xPO4_5x5d.dat.22,7.68
0.4,0.7,1.725171906230364e-05,Background,10,1.0,26.68,26.752386474981904,250117.pO2xPO4_5x5d.dat.12,9.96
0.3,0.7,1.4479807524204362e-05,Background,10,1.0,26.68,23.843573217163797,250117.pO2xPO4_5x5d.dat.02,21.76
0.7,0.8,5.682722187907832e-05,Background,10,1.0,26.68,55.54406743613072,250117.pO2xPO4_5x5d.dat.43,6.03
0.6,0.8,4.829597600699143e-05,Background,10,1.0,26.68,47.9616028314922,250117.pO2xPO4_5x5d.dat.33,7.22
0.5,0.8,2.1960774073541037e-05,Background,10,1.0,26.68,42.34763764543459,250117.pO2xPO4_5x5d.dat.23,9.51
0.4,0.8,1.726601592220323e-05,Background,10,1.0,26.68,37.95480006374419,250117.pO2xPO4_5x5d.dat.13,12.43
0.3,0.8,1.4092203290108016e-05,Background,10,1.0,26.68,34.282220440218225,250117.pO2xPO4_5x5d.dat.03,85.28
0.7,0.9,5.25539073253031e-05,Background,10,1.0,26.68,73.61062307609245,250117.pO2xPO4_5x5d.dat.44,7.13
0.6,0.9,4.4965592482282623e-05,Background,10,1.0,26.68,64.19024430215359,250117.pO2xPO4_5x5d.dat.34,9.05
0.5,0.9,1.7989990226077198e-05,Background,10,1.0,26.68,56.50389357469976,250117.pO2xPO4_5x5d.dat.24,10.51
0.4,0.9,1.5541987792733662e-05,Background,10,1.0,26.68,50.61997944721952,250117.pO2xPO4_5x5d.dat.14,58.41
0.3,0.9,1.386534933260189e-05,Background,10,1.0,26.68,45.92201366904192,250117.pO2xPO4_5x5d.dat.04,90.04
0.7,0.5,0.0001787708607291,Kellwasser,10,1.0,26.68,15.022457773739006,250117.pO2xPO4_5x5d.dat.40,2.38
0.6,0.5,0.0001308334397091,Kellwasser,10,1.0,26.68,12.53085156349698,250117.pO2xPO4_5x5d.dat.30,3.75
0.5,0.5,7.621383618132818e-05,Kellwasser,10,1.0,26.68,10.378207662142811,250117.pO2xPO4_5x5d.dat.20,5.3
0.4,0.5,5.5951453964502965e-05,Kellwasser,10,1.0,26.68,8.54629797686357,250117.pO2xPO4_5x5d.dat.10,6.58
0.3,0.5,3.1278500526304364e-05,Kellwasser,10,1.0,26.68,6.977595603530062,250117.pO2xPO4_5x5d.dat.00,8.68
0.7,0.6,0.000135579680214,Kellwasser,10,1.0,26.68,25.99637809908017,250117.pO2xPO4_5x5d.dat.41,3.93
0.6,0.6,0.0001004039060472,Kellwasser,10,1.0,26.68,22.41161018901039,250117.pO2xPO4_5x5d.dat.31,5.3
0.5,0.6,6.108934186588717e-05,Kellwasser,10,1.0,26.68,19.47552482306492,250117.pO2xPO4_5x5d.dat.21,6.58
0.4,0.6,4.786445239572591e-05,Kellwasser,10,1.0,26.68,16.898082321858965,250117.pO2xPO4_5x5d.dat.11,8.14
0.3,0.6,3.1048258713681586e-05,Kellwasser,10,1.0,26.68,14.608746823796537,250117.pO2xPO4_5x5d.dat.01,11.06
0.7,0.7,0.0001060085941732,Kellwasser,10,1.0,26.68,39.3955888284836,250117.pO2xPO4_5x5d.dat.42,5.21
0.6,0.7,6.526594751418803e-05,Kellwasser,10,1.0,26.68,34.12178557482548,250117.pO2xPO4_5x5d.dat.32,6.4
0.5,0.7,5.7581693796708896e-05,Kellwasser,10,1.0,26.68,30.10880209330935,250117.pO2xPO4_5x5d.dat.22,7.68
0.4,0.7,3.399608480522771e-05,Kellwasser,10,1.0,26.68,26.752386474981904,250117.pO2xPO4_5x5d.dat.12,9.96
0.3,0.7,3.050656760294962e-05,Kellwasser,10,1.0,26.68,23.843573217163797,250117.pO2xPO4_5x5d.dat.02,21.76
0.7,0.8,8.000656736968871e-05,Kellwasser,10,1.0,26.68,55.54406743613072,250117.pO2xPO4_5x5d.dat.43,6.03
0.6,0.8,6.210014397561544e-05,Kellwasser,10,1.0,26.68,47.9616028314922,250117.pO2xPO4_5x5d.dat.33,7.22
0.5,0.8,5.039741252450238e-05,Kellwasser,10,1.0,26.68,42.34763764543459,250117.pO2xPO4_5x5d.dat.23,9.51
0.4,0.8,3.4588598454190014e-05,Kellwasser,10,1.0,26.68,37.95480006374419,250117.pO2xPO4_5x5d.dat.13,12.43
0.3,0.8,2.906891885341203e-05,Kellwasser,10,1.0,26.68,34.282220440218225,250117.pO2xPO4_5x5d.dat.03,85.28
0.7,0.9,6.512868682602222e-05,Kellwasser,10,1.0,26.68,73.61062307609245,250117.pO2xPO4_5x5d.dat.44,7.13
0.6,0.9,5.917075565557002e-05,Kellwasser,10,1.0,26.68,64.19024430215359,250117.pO2xPO4_5x5d.dat.34,9.05
0.5,0.9,3.556593653001497e-05,Kellwasser,10,1.0,26.68,56.50389357469976,250117.pO2xPO4_5x5d.dat.24,10.51
0.4,0.9,3.315135836065818e-05,Kellwasser,10,1.0,26.68,50.61997944721952,250117.pO2xPO4_5x5d.dat.14,58.41
0.3,0.9,2.8143589608754935e-05,Kellwasser,10,1.0,26.68,45.92201366904192,250117.pO2xPO4_5x5d.dat.04,90.04
0.7,1.0,4.9108250455665055e-05,Background,10,1.0,26.68,5.785678695247043,250117.pO2xPO4_5x5e.dat.40,8.5
0.6,1.0,2.3065801988901613e-05,Background,10,1.0,26.68,4.912742042506579,250117.pO2xPO4_5x5e.dat.30,10.05
0.5,1.0,1.8135213655713688e-05,Background,10,1.0,26.68,4.225914835842559,250117.pO2xPO4_5x5e.dat.20,19.74
0.4,1.0,1.522707046711625e-05,Background,10,1.0,26.68,3.6514711609925135,250117.pO2xPO4_5x5e.dat.10,83.91
0.3,1.0,1.3633519478012643e-05,Background,10,1.0,26.68,3.1591155220667133,250117.pO2xPO4_5x5e.dat.00,90.04
0.7,1.1,4.612411703379699e-05,Background,10,1.0,26.68,12.6106306197471,250117.pO2xPO4_5x5e.dat.41,9.6
0.6,1.1,1.8895404079725485e-05,Background,10,1.0,26.68,10.84544783225283,250117.pO2xPO4_5x5e.dat.31,12.43
0.5,1.1,1.770233361484497e-05,Background,10,1.0,26.68,9.295707059209237,250117.pO2xPO4_5x5e.dat.21,63.8
0.4,1.1,1.5041582132631798e-05,Background,10,1.0,26.68,8.086994967015926,250117.pO2xPO4_5x5e.dat.11,89.31
0.3,1.1,1.3484831331514176e-05,Background,10,1.0,26.68,7.1032977757568005,250117.pO2xPO4_5x5e.dat.01,89.03
0.7,1.2,2.398753204845234e-05,Background,10,1.0,26.68,21.21831312251743,250117.pO2xPO4_5x5e.dat.42,11.15
0.6,1.2,1.8557592663880905e-05,Background,10,1.0,26.68,18.844191799871624,250117.pO2xPO4_5x5e.dat.32,45.16
0.5,1.2,1.6051612671976126e-05,Background,10,1.0,26.68,16.729663911974058,250117.pO2xPO4_5x5e.dat.22,83.46
0.4,1.2,1.4773086343813258e-05,Background,10,1.0,26.68,14.818840099906083,250117.pO2xPO4_5x5e.dat.12,90.04
0.3,1.2,1.3343887556909564e-05,Background,10,1.0,26.68,13.083161320537329,250117.pO2xPO4_5x5e.dat.02,87.66
0.7,1.3,2.00147162472347e-05,Background,10,1.0,26.68,31.052433769218624,250117.pO2xPO4_5x5e.dat.43,22.12
0.6,1.3,1.8428364312300044e-05,Background,10,1.0,26.68,28.16617052303627,250117.pO2xPO4_5x5e.dat.33,66.45
0.5,1.3,1.5753730231701448e-05,Background,10,1.0,26.68,25.5043305514846,250117.pO2xPO4_5x5e.dat.23,84.1
0.4,1.3,6.183823226021589e-05,Background,10,1.0,26.68,23.07062823092565,250117.pO2xPO4_5x5e.dat.13,90.04
0.3,1.3,1.321590509760681e-05,Background,10,1.0,26.68,20.87122993543744,250117.pO2xPO4_5x5e.dat.03,87.39
0.7,1.4,1.8962785728734103e-05,Background,10,1.0,26.68,41.95965084363706,250117.pO2xPO4_5x5e.dat.44,54.57
0.6,1.4,1.7962665043654307e-05,Background,10,1.0,26.68,38.46690378850326,250117.pO2xPO4_5x5e.dat.34,83.64
0.5,1.4,1.570125007707181e-05,Background,10,1.0,26.68,35.31551192281768,250117.pO2xPO4_5x5e.dat.24,89.95
0.4,1.4,2.4141397574030065e-05,Background,10,1.0,26.68,32.4439570249524,250117.pO2xPO4_5x5e.dat.14,89.76
0.3,1.4,1.308655869587853e-05,Background,10,1.0,26.68,29.764521968900223,250117.pO2xPO4_5x5e.dat.04,86.84
0.7,1.0,6.300435778452287e-05,Kellwasser,10,1.0,26.68,5.785678695247043,250117.pO2xPO4_5x5e.dat.40,8.5
0.6,1.0,5.2339604163423935e-05,Kellwasser,10,1.0,26.68,4.912742042506579,250117.pO2xPO4_5x5e.dat.30,10.05
0.5,1.0,3.6765958576102654e-05,Kellwasser,10,1.0,26.68,4.225914835842559,250117.pO2xPO4_5x5e.dat.20,19.74
0.4,1.0,3.2567411230620264e-05,Kellwasser,10,1.0,26.68,3.6514711609925135,250117.pO2xPO4_5x5e.dat.10,83.91
0.3,1.0,2.717131372298628e-05,Kellwasser,10,1.0,26.68,3.1591155220667133,250117.pO2xPO4_5x5e.dat.00,90.04
0.7,1.1,6.05003791035311e-05,Kellwasser,10,1.0,26.68,12.6106306197471,250117.pO2xPO4_5x5e.dat.41,9.6
0.6,1.1,3.69153007073402e-05,Kellwasser,10,1.0,26.68,10.84544783225283,250117.pO2xPO4_5x5e.dat.31,12.43
0.5,1.1,3.568848459946726e-05,Kellwasser,10,1.0,26.68,9.295707059209237,250117.pO2xPO4_5x5e.dat.21,63.8
0.4,1.1,3.201198368382519e-05,Kellwasser,10,1.0,26.68,8.086994967015926,250117.pO2xPO4_5x5e.dat.11,89.31
0.3,1.1,2.664369717274187e-05,Kellwasser,10,1.0,26.68,7.1032977757568005,250117.pO2xPO4_5x5e.dat.01,89.03
0.7,1.2,5.392897576037668e-05,Kellwasser,10,1.0,26.68,21.21831312251743,250117.pO2xPO4_5x5e.dat.42,11.15
0.6,1.2,3.749899651087301e-05,Kellwasser,10,1.0,26.68,18.844191799871624,250117.pO2xPO4_5x5e.dat.32,45.16
0.5,1.2,3.451805545800757e-05,Kellwasser,10,1.0,26.68,16.729663911974058,250117.pO2xPO4_5x5e.dat.22,83.46
0.4,1.2,3.0923902234880775e-05,Kellwasser,10,1.0,26.68,14.818840099906083,250117.pO2xPO4_5x5e.dat.12,90.04
0.3,1.2,2.6181534913086897e-05,Kellwasser,10,1.0,26.68,13.083161320537329,250117.pO2xPO4_5x5e.dat.02,87.66
0.7,1.3,3.810192463741159e-05,Kellwasser,10,1.0,26.68,31.052433769218624,250117.pO2xPO4_5x5e.dat.43,22.12
0.6,1.3,3.749406685169518e-05,Kellwasser,10,1.0,26.68,28.16617052303627,250117.pO2xPO4_5x5e.dat.33,66.45
0.5,1.3,3.4137778628728023e-05,Kellwasser,10,1.0,26.68,25.5043305514846,250117.pO2xPO4_5x5e.dat.23,84.1
0.4,1.3,0.000333417980226,Kellwasser,10,1.0,26.68,23.07062823092565,250117.pO2xPO4_5x5e.dat.13,90.04
0.3,1.3,2.574110766483709e-05,Kellwasser,10,1.0,26.68,20.87122993543744,250117.pO2xPO4_5x5e.dat.03,87.39
0.7,1.4,3.8406033413550346e-05,Kellwasser,10,1.0,26.68,41.95965084363706,250117.pO2xPO4_5x5e.dat.44,54.57
0.6,1.4,3.615099862866708e-05,Kellwasser,10,1.0,26.68,38.46690378850326,250117.pO2xPO4_5x5e.dat.34,83.64
0.5,1.4,3.404498305301345e-05,Kellwasser,10,1.0,26.68,35.31551192281768,250117.pO2xPO4_5x5e.dat.24,89.95
0.4,1.4,3.515932373620366e-05,Kellwasser,10,1.0,26.68,32.4439570249524,250117.pO2xPO4_5x5e.dat.14,89.76
0.3,1.4,2.531791829103512e-05,Kellwasser,10,1.0,26.68,29.764521968900223,250117.pO2xPO4_5x5e.dat.04,86.84
1.2,0.5,0.0298860840187983,Background,1.0,1.0,18.18,150.3199600847438,Devon370Ma_1xRemin_1xpCO2.pO2xPO4_5x5a.dat.40,0.0
1.1,0.5,0.0319217516102598,Background,1.0,1.0,18.18,150.3199600847438,Devon370Ma_1xRemin_1xpCO2.pO2xPO4_5x5a.dat.30,0.0
1.0,0.5,0.0144338016079513,Background,1.0,1.0,18.18,138.93602590542287,Devon370Ma_1xRemin_1xpCO2.pO2xPO4_5x5a.dat.20,0.0
0.9,0.5,0.0204941964051382,Background,1.0,1.0,18.18,128.11445049010217,Devon370Ma_1xRemin_1xpCO2.pO2xPO4_5x5a.dat.10,0.0
0.8,0.5,0.030806906691154,Background,1.0,1.0,18.18,118.1745101348497,Devon370Ma_1xRemin_1xpCO2.pO2xPO4_5x5a.dat.00,0.0
1.2,0.6,0.0298860840187983,Background,1.0,1.0,18.18,189.702826901339,Devon370Ma_1xRemin_1xpCO2.pO2xPO4_5x5a.dat.41,0.0
1.1,0.6,0.021609635140427,Background,1.0,1.0,18.18,177.88460536394268,Devon370Ma_1xRemin_1xpCO2.pO2xPO4_5x5a.dat.31,0.0
1.0,0.6,0.0144338016079513,Background,1.0,1.0,18.18,166.28927551209927,Devon370Ma_1xRemin_1xpCO2.pO2xPO4_5x5a.dat.21,0.0
0.9,0.6,0.025600798622926,Background,1.0,1.0,18.18,155.0517335999757,Devon370Ma_1xRemin_1xpCO2.pO2xPO4_5x5a.dat.11,0.0
0.8,0.6,0.030806906691154,Background,1.0,1.0,18.18,144.3363871658221,Devon370Ma_1xRemin_1xpCO2.pO2xPO4_5x5a.dat.01,0.0
1.2,0.7,0.013269092929082,Background,1.0,1.0,18.18,205.5131335509941,Devon370Ma_1xRemin_1xpCO2.pO2xPO4_5x5a.dat.42,0.0
1.1,0.7,0.0128349038253655,Background,1.0,1.0,18.18,205.5131335509941,Devon370Ma_1xRemin_1xpCO2.pO2xPO4_5x5a.dat.32,0.0
1.0,0.7,0.0332467166475118,Background,1.0,1.0,18.18,193.82794562261552,Devon370Ma_1xRemin_1xpCO2.pO2xPO4_5x5a.dat.22,0.0
0.9,0.7,0.0438653058320252,Background,1.0,1.0,18.18,182.36960750073197,Devon370Ma_1xRemin_1xpCO2.pO2xPO4_5x5a.dat.12,0.09
0.8,0.7,0.1181647415511112,Background,1.0,1.0,18.18,171.26495367847383,Devon370Ma_1xRemin_1xpCO2.pO2xPO4_5x5a.dat.02,0.73
1.2,0.8,0.0278215954245329,Background,1.0,1.0,18.18,245.0696192681789,Devon370Ma_1xRemin_1xpCO2.pO2xPO4_5x5a.dat.43,0.0
1.1,0.8,0.0430273592902234,Background,1.0,1.0,18.18,233.1724390387535,Devon370Ma_1xRemin_1xpCO2.pO2xPO4_5x5a.dat.33,0.0
1.0,0.8,0.0827260362119972,Background,1.0,1.0,18.18,221.4317792095244,Devon370Ma_1xRemin_1xpCO2.pO2xPO4_5x5a.dat.23,0.28
0.9,0.8,0.1434972208355272,Background,1.0,1.0,18.18,209.8776603816077,Devon370Ma_1xRemin_1xpCO2.pO2xPO4_5x5a.dat.13,0.73
0.8,0.8,0.2821297219228434,Background,1.0,1.0,18.18,198.55191931128505,Devon370Ma_1xRemin_1xpCO2.pO2xPO4_5x5a.dat.03,2.48
1.2,0.9,0.0610888247445689,Background,1.0,1.0,18.18,260.85437275469303,Devon370Ma_1xRemin_1xpCO2.pO2xPO4_5x5a.dat.44,0.0
1.1,0.9,0.1134709674777164,Background,1.0,1.0,18.18,260.85437275469303,Devon370Ma_1xRemin_1xpCO2.pO2xPO4_5x5a.dat.34,0.28
1.0,0.9,0.1735344006117157,Background,1.0,1.0,18.18,249.077012995258,Devon370Ma_1xRemin_1xpCO2.pO2xPO4_5x5a.dat.24,0.83
0.9,0.9,0.3100574200687045,Background,1.0,1.0,18.18,237.45915677864105,Devon370Ma_1xRemin_1xpCO2.pO2xPO4_5x5a.dat.14,2.48
0.8,0.9,0.4885602927708874,Background,1.0,1.0,18.18,226.03249817620963,Devon370Ma_1xRemin_1xpCO2.pO2xPO4_5x5a.dat.04,3.94
1.2,0.5,0.0117117356531418,Kellwasser,1.0,1.0,18.18,150.3199600847438,Devon370Ma_1xRemin_1xpCO2.pO2xPO4_5x5a.dat.40,0.0
1.1,0.5,0.011720388166537,Kellwasser,1.0,1.0,18.18,150.3199600847438,Devon370Ma_1xRemin_1xpCO2.pO2xPO4_5x5a.dat.30,0.0
1.0,0.5,0.0107026880964414,Kellwasser,1.0,1.0,18.18,138.93602590542287,Devon370Ma_1xRemin_1xpCO2.pO2xPO4_5x5a.dat.20,0.0
0.9,0.5,0.0109492384877792,Kellwasser,1.0,1.0,18.18,128.11445049010217,Devon370Ma_1xRemin_1xpCO2.pO2xPO4_5x5a.dat.10,0.0
0.8,0.5,0.0077941973680414,Kellwasser,1.0,1.0,18.18,118.1745101348497,Devon370Ma_1xRemin_1xpCO2.pO2xPO4_5x5a.dat.00,0.0
1.2,0.6,0.0117117356531418,Kellwasser,1.0,1.0,18.18,189.702826901339,Devon370Ma_1xRemin_1xpCO2.pO2xPO4_5x5a.dat.41,0.0
1.1,0.6,0.0110685223624129,Kellwasser,1.0,1.0,18.18,177.88460536394268,Devon370Ma_1xRemin_1xpCO2.pO2xPO4_5x5a.dat.31,0.0
1.0,0.6,0.0107026880964414,Kellwasser,1.0,1.0,18.18,166.28927551209927,Devon370Ma_1xRemin_1xpCO2.pO2xPO4_5x5a.dat.21,0.0
0.9,0.6,0.0097373012065186,Kellwasser,1.0,1.0,18.18,155.0517335999757,Devon370Ma_1xRemin_1xpCO2.pO2xPO4_5x5a.dat.11,0.0
0.8,0.6,0.0077941973680414,Kellwasser,1.0,1.0,18.18,144.3363871658221,Devon370Ma_1xRemin_1xpCO2.pO2xPO4_5x5a.dat.01,0.0
1.2,0.7,0.0107590168603398,Kellwasser,1.0,1.0,18.18,205.5131335509941,Devon370Ma_1xRemin_1xpCO2.pO2xPO4_5x5a.dat.42,0.0
1.1,0.7,0.0097241266876125,Kellwasser,1.0,1.0,18.18,205.5131335509941,Devon370Ma_1xRemin_1xpCO2.pO2xPO4_5x5a.dat.32,0.0
1.0,0.7,0.008691834183089,Kellwasser,1.0,1.0,18.18,193.82794562261552,Devon370Ma_1xRemin_1xpCO2.pO2xPO4_5x5a.dat.22,0.0
0.9,0.7,0.0064788407239406,Kellwasser,1.0,1.0,18.18,182.36960750073197,Devon370Ma_1xRemin_1xpCO2.pO2xPO4_5x5a.dat.12,0.09
0.8,0.7,0.0033681732773295,Kellwasser,1.0,1.0,18.18,171.26495367847383,Devon370Ma_1xRemin_1xpCO2.pO2xPO4_5x5a.dat.02,0.73
1.2,0.8,0.0094396953888804,Kellwasser,1.0,1.0,18.18,245.0696192681789,Devon370Ma_1xRemin_1xpCO2.pO2xPO4_5x5a.dat.43,0.0
1.1,0.8,0.00775709913889,Kellwasser,1.0,1.0,18.18,233.1724390387535,Devon370Ma_1xRemin_1xpCO2.pO2xPO4_5x5a.dat.33,0.0
1.0,0.8,0.0042336557091125,Kellwasser,1.0,1.0,18.18,221.4317792095244,Devon370Ma_1xRemin_1xpCO2.pO2xPO4_5x5a.dat.23,0.28
0.9,0.8,0.0019573441242828,Kellwasser,1.0,1.0,18.18,209.8776603816077,Devon370Ma_1xRemin_1xpCO2.pO2xPO4_5x5a.dat.13,0.73
0.8,0.8,0.0075259228059369,Kellwasser,1.0,1.0,18.18,198.55191931128505,Devon370Ma_1xRemin_1xpCO2.pO2xPO4_5x5a.dat.03,2.48
1.2,0.9,0.0068185494893797,Kellwasser,1.0,1.0,18.18,260.85437275469303,Devon370Ma_1xRemin_1xpCO2.pO2xPO4_5x5a.dat.44,0.0
1.1,0.9,0.0029732680102727,Kellwasser,1.0,1.0,18.18,260.85437275469303,Devon370Ma_1xRemin_1xpCO2.pO2xPO4_5x5a.dat.34,0.28
1.0,0.9,0.0011967325453211,Kellwasser,1.0,1.0,18.18,249.077012995258,Devon370Ma_1xRemin_1xpCO2.pO2xPO4_5x5a.dat.24,0.83
0.9,0.9,0.0093149889936246,Kellwasser,1.0,1.0,18.18,237.45915677864105,Devon370Ma_1xRemin_1xpCO2.pO2xPO4_5x5a.dat.14,2.48
0.8,0.9,0.0092592529340271,Kellwasser,1.0,1.0,18.18,226.03249817620963,Devon370Ma_1xRemin_1xpCO2.pO2xPO4_5x5a.dat.04,3.94
1.2,1.0,0.1374719573281257,Background,1.0,1.0,18.18,109.65998080791906,Devon370Ma_1xRemin_1xpCO2.pO2xPO4_5x5b.dat.40,0.46
1.1,1.0,0.1988384701646037,Background,1.0,1.0,18.18,102.61025454383343,Devon370Ma_1xRemin_1xpCO2.pO2xPO4_5x5b.dat.30,0.83
1.0,1.0,0.4799957970366781,Background,1.0,1.0,18.18,96.74639295553789,Devon370Ma_1xRemin_1xpCO2.pO2xPO4_5x5b.dat.20,3.39
0.9,1.0,0.4936130872759917,Background,1.0,1.0,18.18,91.7225333978422,Devon370Ma_1xRemin_1xpCO2.pO2xPO4_5x5b.dat.10,3.67
0.8,1.0,0.3052384704291831,Background,1.0,1.0,18.18,87.42402133066207,Devon370Ma_1xRemin_1xpCO2.pO2xPO4_5x5b.dat.00,8.35
1.2,1.1,0.225815355615567,Background,1.0,1.0,18.18,134.37870074994862,Devon370Ma_1xRemin_1xpCO2.pO2xPO4_5x5b.dat.41,0.83
1.1,1.1,0.374801173205313,Background,1.0,1.0,18.18,125.6559044122696,Devon370Ma_1xRemin_1xpCO2.pO2xPO4_5x5b.dat.31,2.48
1.0,1.1,0.4799957970366781,Background,1.0,1.0,18.18,118.29867435153574,Devon370Ma_1xRemin_1xpCO2.pO2xPO4_5x5b.dat.21,3.39
0.9,1.1,0.3830763015355979,Background,1.0,1.0,18.18,112.06704948563129,Devon370Ma_1xRemin_1xpCO2.pO2xPO4_5x5b.dat.11,6.61
0.8,1.1,0.1423603537129139,Background,1.0,1.0,18.18,106.72704956959932,Devon370Ma_1xRemin_1xpCO2.pO2xPO4_5x5b.dat.01,18.26
1.2,1.2,0.411901086097951,Background,1.0,1.0,18.18,150.6839325884357,Devon370Ma_1xRemin_1xpCO2.pO2xPO4_5x5b.dat.42,2.11
1.1,1.2,0.5131262432219794,Background,1.0,1.0,18.18,150.6839325884357,Devon370Ma_1xRemin_1xpCO2.pO2xPO4_5x5b.dat.32,3.21
1.0,1.2,0.4242503590219937,Background,1.0,1.0,18.18,141.81030564941466,Devon370Ma_1xRemin_1xpCO2.pO2xPO4_5x5b.dat.22,5.05
0.9,1.2,0.1484195364034274,Background,1.0,1.0,18.18,134.20084724202752,Devon370Ma_1xRemin_1xpCO2.pO2xPO4_5x5b.dat.12,12.94
0.8,1.2,0.0095340450318346,Background,1.0,1.0,18.18,127.65768042299896,Devon370Ma_1xRemin_1xpCO2.pO2xPO4_5x5b.dat.02,25.32
1.2,1.3,0.5421054398676494,Background,1.0,1.0,18.18,187.5731977634132,Devon370Ma_1xRemin_1xpCO2.pO2xPO4_5x5b.dat.43,3.21
1.1,1.3,0.499420887805198,Background,1.0,1.0,18.18,177.0496892277151,Devon370Ma_1xRemin_1xpCO2.pO2xPO4_5x5b.dat.33,4.5
1.0,1.3,0.2009314308001233,Background,1.0,1.0,18.18,167.0904748607427,Devon370Ma_1xRemin_1xpCO2.pO2xPO4_5x5b.dat.23,9.27
0.9,1.3,0.0697394520587965,Background,1.0,1.0,18.18,158.11956836842,Devon370Ma_1xRemin_1xpCO2.pO2xPO4_5x5b.dat.13,20.92
0.8,1.3,0.0057714227673731,Background,1.0,1.0,18.18,150.2775412518531,Devon370Ma_1xRemin_1xpCO2.pO2xPO4_5x5b.dat.03,31.65
1.2,1.4,0.5454692568147944,Background,1.0,1.0,18.18,214.8363128071651,Devon370Ma_1xRemin_1xpCO2.pO2xPO4_5x5b.dat.44,4.22
1.1,1.4,0.2511817923720273,Background,1.0,1.0,18.18,203.97284242790192,Devon370Ma_1xRemin_1xpCO2.pO2xPO4_5x5b.dat.34,7.43
1.0,1.4,0.1020466410062329,Background,1.0,1.0,18.18,193.54475080035627,Devon370Ma_1xRemin_1xpCO2.pO2xPO4_5x5b.dat.24,17.06
0.9,1.4,0.0064614614977307,Background,1.0,1.0,18.18,183.60803369432688,Devon370Ma_1xRemin_1xpCO2.pO2xPO4_5x5b.dat.14,27.25
0.8,1.4,0.0304024621520855,Background,1.0,1.0,18.18,174.5684421621263,Devon370Ma_1xRemin_1xpCO2.pO2xPO4_5x5b.dat.04,37.43
1.2,1.0,0.0018662147297193,Kellwasser,1.0,1.0,18.18,109.65998080791906,Devon370Ma_1xRemin_1xpCO2.pO2xPO4_5x5b.dat.40,0.46
1.1,1.0,0.0031647337860319,Kellwasser,1.0,1.0,18.18,102.61025454383343,Devon370Ma_1xRemin_1xpCO2.pO2xPO4_5x5b.dat.30,0.83
1.0,1.0,0.011099053616218,Kellwasser,1.0,1.0,18.18,96.74639295553789,Devon370Ma_1xRemin_1xpCO2.pO2xPO4_5x5b.dat.20,3.39
0.9,1.0,0.0087977589005189,Kellwasser,1.0,1.0,18.18,91.7225333978422,Devon370Ma_1xRemin_1xpCO2.pO2xPO4_5x5b.dat.10,3.67
0.8,1.0,0.0249940939112382,Kellwasser,1.0,1.0,18.18,87.42402133066207,Devon370Ma_1xRemin_1xpCO2.pO2xPO4_5x5b.dat.00,8.35
1.2,1.1,0.0071276706783671,Kellwasser,1.0,1.0,18.18,134.37870074994862,Devon370Ma_1xRemin_1xpCO2.pO2xPO4_5x5b.dat.41,0.83
1.1,1.1,0.0139599880632515,Kellwasser,1.0,1.0,18.18,125.6559044122696,Devon370Ma_1xRemin_1xpCO2.pO2xPO4_5x5b.dat.31,2.48
1.0,1.1,0.011099053616218,Kellwasser,1.0,1.0,18.18,118.29867435153574,Devon370Ma_1xRemin_1xpCO2.pO2xPO4_5x5b.dat.21,3.39
0.9,1.1,0.0102231685063673,Kellwasser,1.0,1.0,18.18,112.06704948563129,Devon370Ma_1xRemin_1xpCO2.pO2xPO4_5x5b.dat.11,6.61
0.8,1.1,0.1405784225514057,Kellwasser,1.0,1.0,18.18,106.72704956959932,Devon370Ma_1xRemin_1xpCO2.pO2xPO4_5x5b.dat.01,18.26
1.2,1.2,0.0171161820676351,Kellwasser,1.0,1.0,18.18,150.6839325884357,Devon370Ma_1xRemin_1xpCO2.pO2xPO4_5x5b.dat.42,2.11
1.1,1.2,0.0190966929483837,Kellwasser,1.0,1.0,18.18,150.6839325884357,Devon370Ma_1xRemin_1xpCO2.pO2xPO4_5x5b.dat.32,3.21
1.0,1.2,0.0015374260019755,Kellwasser,1.0,1.0,18.18,141.81030564941466,Devon370Ma_1xRemin_1xpCO2.pO2xPO4_5x5b.dat.22,5.05
0.9,1.2,0.1275109580690384,Kellwasser,1.0,1.0,18.18,134.20084724202752,Devon370Ma_1xRemin_1xpCO2.pO2xPO4_5x5b.dat.12,12.94
0.8,1.2,0.4569519999324274,Kellwasser,1.0,1.0,18.18,127.65768042299896,Devon370Ma_1xRemin_1xpCO2.pO2xPO4_5x5b.dat.02,25.32
1.2,1.3,0.0221396668534669,Kellwasser,1.0,1.0,18.18,187.5731977634132,Devon370Ma_1xRemin_1xpCO2.pO2xPO4_5x5b.dat.43,3.21
1.1,1.3,0.015222265646644,Kellwasser,1.0,1.0,18.18,177.0496892277151,Devon370Ma_1xRemin_1xpCO2.pO2xPO4_5x5b.dat.33,4.5
1.0,1.3,0.0725266318227891,Kellwasser,1.0,1.0,18.18,167.0904748607427,Devon370Ma_1xRemin_1xpCO2.pO2xPO4_5x5b.dat.23,9.27
0.9,1.3,0.2614336105657459,Kellwasser,1.0,1.0,18.18,158.11956836842,Devon370Ma_1xRemin_1xpCO2.pO2xPO4_5x5b.dat.13,20.92
0.8,1.3,0.6121271225028795,Kellwasser,1.0,1.0,18.18,150.2775412518531,Devon370Ma_1xRemin_1xpCO2.pO2xPO4_5x5b.dat.03,31.65
1.2,1.4,0.0348498469337368,Kellwasser,1.0,1.0,18.18,214.8363128071651,Devon370Ma_1xRemin_1xpCO2.pO2xPO4_5x5b.dat.44,4.22
1.1,1.4,0.0256033191748007,Kellwasser,1.0,1.0,18.18,203.97284242790192,Devon370Ma_1xRemin_1xpCO2.pO2xPO4_5x5b.dat.34,7.43
1.0,1.4,0.2052265389170326,Kellwasser,1.0,1.0,18.18,193.54475080035627,Devon370Ma_1xRemin_1xpCO2.pO2xPO4_5x5b.dat.24,17.06
0.9,1.4,0.5535416303189938,Kellwasser,1.0,1.0,18.18,183.60803369432688,Devon370Ma_1xRemin_1xpCO2.pO2xPO4_5x5b.dat.14,27.25
0.8,1.4,0.4926968225323559,Kellwasser,1.0,1.0,18.18,174.5684421621263,Devon370Ma_1xRemin_1xpCO2.pO2xPO4_5x5b.dat.04,37.43
1.2,1.5,0.2928039205292048,Background,1.0,1.0,18.18,83.56363105122,Devon370Ma_1xRemin_1xpCO2.pO2xPO4_5x5c.dat.40,6.15
1.1,1.5,0.1257176162349802,Background,1.0,1.0,18.18,80.17793152248487,Devon370Ma_1xRemin_1xpCO2.pO2xPO4_5x5c.dat.30,12.75
1.0,1.5,0.0179750201862228,Background,1.0,1.0,18.18,77.19679706497118,Devon370Ma_1xRemin_1xpCO2.pO2xPO4_5x5c.dat.20,22.39
0.9,1.5,0.0093653843406435,Background,1.0,1.0,18.18,74.41708294209093,Devon370Ma_1xRemin_1xpCO2.pO2xPO4_5x5c.dat.10,32.2
0.8,1.5,0.0388197367751749,Background,1.0,1.0,18.18,71.81963883340359,Devon370Ma_1xRemin_1xpCO2.pO2xPO4_5x5c.dat.00,43.21
1.2,1.6,0.1621986465717793,Background,1.0,1.0,18.18,102.07729792455213,Devon370Ma_1xRemin_1xpCO2.pO2xPO4_5x5c.dat.41,9.54
1.1,1.6,0.0690887118446115,Background,1.0,1.0,18.18,97.99637336982414,Devon370Ma_1xRemin_1xpCO2.pO2xPO4_5x5c.dat.31,18.9
1.0,1.6,0.0006191981530728,Background,1.0,1.0,18.18,94.2419283092022,Devon370Ma_1xRemin_1xpCO2.pO2xPO4_5x5c.dat.21,27.89
0.9,1.6,0.0273966786306965,Background,1.0,1.0,18.18,90.9314039745368,Devon370Ma_1xRemin_1xpCO2.pO2xPO4_5x5c.dat.11,37.06
0.8,1.6,0.038710954464558,Background,1.0,1.0,18.18,87.99591159913689,Devon370Ma_1xRemin_1xpCO2.pO2xPO4_5x5c.dat.01,47.52
1.2,1.7,0.0912086674795816,Background,1.0,1.0,18.18,122.0312769873999,Devon370Ma_1xRemin_1xpCO2.pO2xPO4_5x5c.dat.42,15.23
1.1,1.7,0.0129322816732828,Background,1.0,1.0,18.18,117.05305223586038,Devon370Ma_1xRemin_1xpCO2.pO2xPO4_5x5c.dat.32,23.76
1.0,1.7,0.0174753625512054,Background,1.0,1.0,18.18,112.67780064372346,Devon370Ma_1xRemin_1xpCO2.pO2xPO4_5x5c.dat.22,32.2
0.9,1.7,0.0413531537952526,Background,1.0,1.0,18.18,108.77291788347064,Devon370Ma_1xRemin_1xpCO2.pO2xPO4_5x5c.dat.12,42.02
0.8,1.7,0.0323912003813657,Background,1.0,1.0,18.18,105.1168073900044,Devon370Ma_1xRemin_1xpCO2.pO2xPO4_5x5c.dat.02,50.83
1.2,1.8,0.0289313288102387,Background,1.0,1.0,18.18,143.473909702152,Devon370Ma_1xRemin_1xpCO2.pO2xPO4_5x5c.dat.43,19.91
1.1,1.8,0.0040016399978181,Background,1.0,1.0,18.18,137.54403335042298,Devon370Ma_1xRemin_1xpCO2.pO2xPO4_5x5c.dat.33,28.53
1.0,1.8,0.025294662598797,Background,1.0,1.0,18.18,132.34296056907624,Devon370Ma_1xRemin_1xpCO2.pO2xPO4_5x5c.dat.23,36.42
0.9,1.8,0.0317133104650698,Background,1.0,1.0,18.18,127.68374290317296,Devon370Ma_1xRemin_1xpCO2.pO2xPO4_5x5c.dat.13,46.24
0.8,1.8,0.0270510559863742,Background,1.0,1.0,18.18,123.50949691608548,Devon370Ma_1xRemin_1xpCO2.pO2xPO4_5x5c.dat.03,54.95
1.2,1.9,0.0165730653270634,Background,1.0,1.0,18.18,166.51571786496788,Devon370Ma_1xRemin_1xpCO2.pO2xPO4_5x5c.dat.44,24.5
1.1,1.9,0.013956715747191,Background,1.0,1.0,18.18,159.497358254157,Devon370Ma_1xRemin_1xpCO2.pO2xPO4_5x5c.dat.34,31.93
1.0,1.9,0.0318115377434941,Background,1.0,1.0,18.18,153.3142349217087,Devon370Ma_1xRemin_1xpCO2.pO2xPO4_5x5c.dat.24,40.83
0.9,1.9,0.0261247045215517,Background,1.0,1.0,18.18,147.86756946705282,Devon370Ma_1xRemin_1xpCO2.pO2xPO4_5x5c.dat.14,49.08
0.8,1.9,0.0223539003269682,Background,1.0,1.0,18.18,142.96028530225158,Devon370Ma_1xRemin_1xpCO2.pO2xPO4_5x5c.dat.04,58.44
1.2,1.5,0.0074568110102627,Kellwasser,1.0,1.0,18.18,83.56363105122,Devon370Ma_1xRemin_1xpCO2.pO2xPO4_5x5c.dat.40,6.15
1.1,1.5,0.1494893108210064,Kellwasser,1.0,1.0,18.18,80.17793152248487,Devon370Ma_1xRemin_1xpCO2.pO2xPO4_5x5c.dat.30,12.75
1.0,1.5,0.5317437363282667,Kellwasser,1.0,1.0,18.18,77.19679706497118,Devon370Ma_1xRemin_1xpCO2.pO2xPO4_5x5c.dat.20,22.39
0.9,1.5,0.5809372493449952,Kellwasser,1.0,1.0,18.18,74.41708294209093,Devon370Ma_1xRemin_1xpCO2.pO2xPO4_5x5c.dat.10,32.2
0.8,1.5,0.3696201956753313,Kellwasser,1.0,1.0,18.18,71.81963883340359,Devon370Ma_1xRemin_1xpCO2.pO2xPO4_5x5c.dat.00,43.21
1.2,1.6,0.0846413120703535,Kellwasser,1.0,1.0,18.18,102.07729792455213,Devon370Ma_1xRemin_1xpCO2.pO2xPO4_5x5c.dat.41,9.54
1.1,1.6,0.2939244791623522,Kellwasser,1.0,1.0,18.18,97.99637336982414,Devon370Ma_1xRemin_1xpCO2.pO2xPO4_5x5c.dat.31,18.9
1.0,1.6,0.6001851033326423,Kellwasser,1.0,1.0,18.18,94.2419283092022,Devon370Ma_1xRemin_1xpCO2.pO2xPO4_5x5c.dat.21,27.89
0.9,1.6,0.4355318759856371,Kellwasser,1.0,1.0,18.18,90.9314039745368,Devon370Ma_1xRemin_1xpCO2.pO2xPO4_5x5c.dat.11,37.06
0.8,1.6,0.3169717829952116,Kellwasser,1.0,1.0,18.18,87.99591159913689,Devon370Ma_1xRemin_1xpCO2.pO2xPO4_5x5c.dat.01,47.52
1.2,1.7,0.2188236959543987,Kellwasser,1.0,1.0,18.18,122.0312769873999,Devon370Ma_1xRemin_1xpCO2.pO2xPO4_5x5c.dat.42,15.23
1.1,1.7,0.5435945300515808,Kellwasser,1.0,1.0,18.18,117.05305223586038,Devon370Ma_1xRemin_1xpCO2.pO2xPO4_5x5c.dat.32,23.76
1.0,1.7,0.4152720808885854,Kellwasser,1.0,1.0,18.18,112.67780064372346,Devon370Ma_1xRemin_1xpCO2.pO2xPO4_5x5c.dat.22,32.2
0.9,1.7,0.3325455298779289,Kellwasser,1.0,1.0,18.18,108.77291788347064,Devon370Ma_1xRemin_1xpCO2.pO2xPO4_5x5c.dat.12,42.02
0.8,1.7,0.2374319009714124,Kellwasser,1.0,1.0,18.18,105.1168073900044,Devon370Ma_1xRemin_1xpCO2.pO2xPO4_5x5c.dat.02,50.83
1.2,1.8,0.4875028653181067,Kellwasser,1.0,1.0,18.18,143.473909702152,Devon370Ma_1xRemin_1xpCO2.pO2xPO4_5x5c.dat.43,19.91
1.1,1.8,0.499460472407654,Kellwasser,1.0,1.0,18.18,137.54403335042298,Devon370Ma_1xRemin_1xpCO2.pO2xPO4_5x5c.dat.33,28.53
1.0,1.8,0.3126784902905694,Kellwasser,1.0,1.0,18.18,132.34296056907624,Devon370Ma_1xRemin_1xpCO2.pO2xPO4_5x5c.dat.23,36.42
0.9,1.8,0.2555085245507233,Kellwasser,1.0,1.0,18.18,127.68374290317296,Devon370Ma_1xRemin_1xpCO2.pO2xPO4_5x5c.dat.13,46.24
0.8,1.8,0.1873398581727374,Kellwasser,1.0,1.0,18.18,123.50949691608548,Devon370Ma_1xRemin_1xpCO2.pO2xPO4_5x5c.dat.03,54.95
1.2,1.9,0.4418031086557357,Kellwasser,1.0,1.0,18.18,166.51571786496788,Devon370Ma_1xRemin_1xpCO2.pO2xPO4_5x5c.dat.44,24.5
1.1,1.9,0.3207762806207682,Kellwasser,1.0,1.0,18.18,159.497358254157,Devon370Ma_1xRemin_1xpCO2.pO2xPO4_5x5c.dat.34,31.93
1.0,1.9,0.2581158334162071,Kellwasser,1.0,1.0,18.18,153.3142349217087,Devon370Ma_1xRemin_1xpCO2.pO2xPO4_5x5c.dat.24,40.83
0.9,1.9,0.188439574523204,Kellwasser,1.0,1.0,18.18,147.86756946705282,Devon370Ma_1xRemin_1xpCO2.pO2xPO4_5x5c.dat.14,49.08
0.8,1.9,0.1399822500924004,Kellwasser,1.0,1.0,18.18,142.96028530225158,Devon370Ma_1xRemin_1xpCO2.pO2xPO4_5x5c.dat.04,58.44
0.7,0.5,0.0241734339231601,Background,1.0,1.0,18.21,33.28109232825227,Devon370Ma_1xRemin_1xpCO2.pO2xPO4_5x5d.dat.40,0.0
0.6,0.5,0.0808671540729348,Background,1.0,1.0,18.21,29.119999453541823,Devon370Ma_1xRemin_1xpCO2.pO2xPO4_5x5d.dat.30,0.55
0.5,0.5,0.2277793002345309,Background,1.0,1.0,18.21,25.94195757410489,Devon370Ma_1xRemin_1xpCO2.pO2xPO4_5x5d.dat.20,2.29
0.4,0.5,0.1703012190032461,Background,1.0,1.0,18.21,23.33769225515425,Devon370Ma_1xRemin_1xpCO2.pO2xPO4_5x5d.dat.10,6.7
0.3,0.5,0.0853666934648529,Background,1.0,1.0,18.21,21.079105863464065,Devon370Ma_1xRemin_1xpCO2.pO2xPO4_5x5d.dat.00,36.06
0.7,0.6,0.0956233674802756,Background,1.0,1.0,18.21,54.53219637274742,Devon370Ma_1xRemin_1xpCO2.pO2xPO4_5x5d.dat.41,0.73
0.6,0.6,0.240230643842162,Background,1.0,1.0,18.21,47.76765126734972,Devon370Ma_1xRemin_1xpCO2.pO2xPO4_5x5d.dat.31,2.39
0.5,0.6,0.2725756356422757,Background,1.0,1.0,18.21,42.84323949832469,Devon370Ma_1xRemin_1xpCO2.pO2xPO4_5x5d.dat.21,5.05
0.4,0.6,0.0183940330164027,Background,1.0,1.0,18.21,38.94806286552921,Devon370Ma_1xRemin_1xpCO2.pO2xPO4_5x5d.dat.11,24.59
0.3,0.6,0.0786693203342852,Background,1.0,1.0,18.21,35.82509089028463,Devon370Ma_1xRemin_1xpCO2.pO2xPO4_5x5d.dat.01,53.21
0.7,0.7,0.2501565521564116,Background,1.0,1.0,18.21,79.83360410435125,Devon370Ma_1xRemin_1xpCO2.pO2xPO4_5x5d.dat.42,2.29
0.6,0.7,0.367245020926956,Background,1.0,1.0,18.21,70.1138997101225,Devon370Ma_1xRemin_1xpCO2.pO2xPO4_5x5d.dat.32,4.5
0.5,0.7,0.042239454909256,Background,1.0,1.0,18.21,62.73554754443467,Devon370Ma_1xRemin_1xpCO2.pO2xPO4_5x5d.dat.22,16.06
0.4,0.7,0.0783849745348155,Background,1.0,1.0,18.21,57.12946949643083,Devon370Ma_1xRemin_1xpCO2.pO2xPO4_5x5d.dat.12,39.08
0.3,0.7,0.0551905175538347,Background,1.0,1.0,18.21,52.70701149129309,Devon370Ma_1xRemin_1xpCO2.pO2xPO4_5x5d.dat.02,67.16
0.7,0.8,0.4491393455192592,Background,1.0,1.0,18.21,106.71827476471664,Devon370Ma_1xRemin_1xpCO2.pO2xPO4_5x5d.dat.43,3.94
0.6,0.8,0.1294906767664879,Background,1.0,1.0,18.21,95.69936810294166,Devon370Ma_1xRemin_1xpCO2.pO2xPO4_5x5d.dat.33,9.91
0.5,0.8,0.0313334746572802,Background,1.0,1.0,18.21,85.88271157350391,Devon370Ma_1xRemin_1xpCO2.pO2xPO4_5x5d.dat.23,29.08
0.4,0.8,0.0725463626638163,Background,1.0,1.0,18.21,78.04262713762,Devon370Ma_1xRemin_1xpCO2.pO2xPO4_5x5d.dat.13,50.64
0.3,0.8,0.0375265863554692,Background,1.0,1.0,18.21,71.90927135525271,Devon370Ma_1xRemin_1xpCO2.pO2xPO4_5x5d.dat.03,74.77
0.7,0.9,0.1911176910636302,Background,1.0,1.0,18.21,134.07370715867728,Devon370Ma_1xRemin_1xpCO2.pO2xPO4_5x5d.dat.44,6.88
0.6,0.9,0.0143222404900879,Background,1.0,1.0,18.21,122.55032197572292,Devon370Ma_1xRemin_1xpCO2.pO2xPO4_5x5d.dat.34,21.38
0.5,0.9,0.0694018857173932,Background,1.0,1.0,18.21,111.66210606461392,Devon370Ma_1xRemin_1xpCO2.pO2xPO4_5x5d.dat.24,39.45
0.4,0.9,0.0533120412665067,Background,1.0,1.0,18.21,101.78607772104442,Devon370Ma_1xRemin_1xpCO2.pO2xPO4_5x5d.dat.14,60.37
0.3,0.9,0.0317746204469551,Background,1.0,1.0,18.21,93.6041324166581,Devon370Ma_1xRemin_1xpCO2.pO2xPO4_5x5d.dat.04,80.37
0.7,0.5,0.0085538009174243,Kellwasser,1.0,1.0,18.21,33.28109232825227,Devon370Ma_1xRemin_1xpCO2.pO2xPO4_5x5d.dat.40,0.0
0.6,0.5,0.0044093181402752,Kellwasser,1.0,1.0,18.21,29.119999453541823,Devon370Ma_1xRemin_1xpCO2.pO2xPO4_5x5d.dat.30,0.55
0.5,0.5,0.0015284427400039,Kellwasser,1.0,1.0,18.21,25.94195757410489,Devon370Ma_1xRemin_1xpCO2.pO2xPO4_5x5d.dat.20,2.29
0.4,0.5,0.0701626799601143,Kellwasser,1.0,1.0,18.21,23.33769225515425,Devon370Ma_1xRemin_1xpCO2.pO2xPO4_5x5d.dat.10,6.7
0.3,0.5,0.4443298466905432,Kellwasser,1.0,1.0,18.21,21.079105863464065,Devon370Ma_1xRemin_1xpCO2.pO2xPO4_5x5d.dat.00,36.06
0.7,0.6,0.004124043550106,Kellwasser,1.0,1.0,18.21,54.53219637274742,Devon370Ma_1xRemin_1xpCO2.pO2xPO4_5x5d.dat.41,0.73
0.6,0.6,0.0017785947022065,Kellwasser,1.0,1.0,18.21,47.76765126734972,Devon370Ma_1xRemin_1xpCO2.pO2xPO4_5x5d.dat.31,2.39
0.5,0.6,0.0261178368842507,Kellwasser,1.0,1.0,18.21,42.84323949832469,Devon370Ma_1xRemin_1xpCO2.pO2xPO4_5x5d.dat.21,5.05
0.4,0.6,0.360286819114611,Kellwasser,1.0,1.0,18.21,38.94806286552921,Devon370Ma_1xRemin_1xpCO2.pO2xPO4_5x5d.dat.11,24.59
0.3,0.6,0.4712540490316517,Kellwasser,1.0,1.0,18.21,35.82509089028463,Devon370Ma_1xRemin_1xpCO2.pO2xPO4_5x5d.dat.01,53.21
0.7,0.7,0.0038020725336171,Kellwasser,1.0,1.0,18.21,79.83360410435125,Devon370Ma_1xRemin_1xpCO2.pO2xPO4_5x5d.dat.42,2.29
0.6,0.7,0.0125290515477336,Kellwasser,1.0,1.0,18.21,70.1138997101225,Devon370Ma_1xRemin_1xpCO2.pO2xPO4_5x5d.dat.32,4.5
0.5,0.7,0.1909351769108043,Kellwasser,1.0,1.0,18.21,62.73554754443467,Devon370Ma_1xRemin_1xpCO2.pO2xPO4_5x5d.dat.22,16.06
0.4,0.7,0.459998825715094,Kellwasser,1.0,1.0,18.21,57.12946949643083,Devon370Ma_1xRemin_1xpCO2.pO2xPO4_5x5d.dat.12,39.08
0.3,0.7,0.3611309343954747,Kellwasser,1.0,1.0,18.21,52.70701149129309,Devon370Ma_1xRemin_1xpCO2.pO2xPO4_5x5d.dat.02,67.16
0.7,0.8,0.0013835826160151,Kellwasser,1.0,1.0,18.21,106.71827476471664,Devon370Ma_1xRemin_1xpCO2.pO2xPO4_5x5d.dat.43,3.94
0.6,0.8,0.1190415883876828,Kellwasser,1.0,1.0,18.21,95.69936810294166,Devon370Ma_1xRemin_1xpCO2.pO2xPO4_5x5d.dat.33,9.91
0.5,0.8,0.4921930118964523,Kellwasser,1.0,1.0,18.21,85.88271157350391,Devon370Ma_1xRemin_1xpCO2.pO2xPO4_5x5d.dat.23,29.08
0.4,0.8,0.4704562421458869,Kellwasser,1.0,1.0,18.21,78.04262713762,Devon370Ma_1xRemin_1xpCO2.pO2xPO4_5x5d.dat.13,50.64
0.3,0.8,0.2202912698707884,Kellwasser,1.0,1.0,18.21,71.90927135525271,Devon370Ma_1xRemin_1xpCO2.pO2xPO4_5x5d.dat.03,74.77
0.7,0.9,0.0734851315937807,Kellwasser,1.0,1.0,18.21,134.07370715867728,Devon370Ma_1xRemin_1xpCO2.pO2xPO4_5x5d.dat.44,6.88
0.6,0.9,0.4067434450979837,Kellwasser,1.0,1.0,18.21,122.55032197572292,Devon370Ma_1xRemin_1xpCO2.pO2xPO4_5x5d.dat.34,21.38
0.5,0.9,0.4743035599244846,Kellwasser,1.0,1.0,18.21,111.66210606461392,Devon370Ma_1xRemin_1xpCO2.pO2xPO4_5x5d.dat.24,39.45
0.4,0.9,0.3745373958645579,Kellwasser,1.0,1.0,18.21,101.78607772104442,Devon370Ma_1xRemin_1xpCO2.pO2xPO4_5x5d.dat.14,60.37
0.3,0.9,0.0957669619221999,Kellwasser,1.0,1.0,18.21,93.6041324166581,Devon370Ma_1xRemin_1xpCO2.pO2xPO4_5x5d.dat.04,80.37
0.7,1.0,0.0791708635380742,Background,1.0,1.0,18.18,19.037292076973245,Devon370Ma_1xRemin_1xpCO2.pO2xPO4_5x5e.dat.40,23.12
0.6,1.0,0.0370518829972038,Background,1.0,1.0,18.18,17.628426576266065,Devon370Ma_1xRemin_1xpCO2.pO2xPO4_5x5e.dat.30,36.79
0.5,1.0,0.0642441198186646,Background,1.0,1.0,18.18,16.406524082412943,Devon370Ma_1xRemin_1xpCO2.pO2xPO4_5x5e.dat.20,53.12
0.4,1.0,0.0428023332930587,Background,1.0,1.0,18.18,15.33668182673864,Devon370Ma_1xRemin_1xpCO2.pO2xPO4_5x5e.dat.10,71.65
0.3,1.0,0.0275138706736017,Background,1.0,1.0,18.18,14.308425306808203,Devon370Ma_1xRemin_1xpCO2.pO2xPO4_5x5e.dat.00,83.03
0.7,1.1,0.00260119486825,Background,1.0,1.0,18.18,32.957177609205246,Devon370Ma_1xRemin_1xpCO2.pO2xPO4_5x5e.dat.41,30.64
0.6,1.1,0.0569258901670377,Background,1.0,1.0,18.18,30.613540729973465,Devon370Ma_1xRemin_1xpCO2.pO2xPO4_5x5e.dat.31,45.23
0.5,1.1,0.0543195895182293,Background,1.0,1.0,18.18,28.459875466069207,Devon370Ma_1xRemin_1xpCO2.pO2xPO4_5x5e.dat.21,60.46
0.4,1.1,0.0346871892077936,Background,1.0,1.0,18.18,26.56322249094956,Devon370Ma_1xRemin_1xpCO2.pO2xPO4_5x5e.dat.11,75.23
0.3,1.1,0.0206384301623308,Background,1.0,1.0,18.18,24.939366994658485,Devon370Ma_1xRemin_1xpCO2.pO2xPO4_5x5e.dat.01,88.53
0.7,1.2,0.0369061276293953,Background,1.0,1.0,18.18,48.93704317510128,Devon370Ma_1xRemin_1xpCO2.pO2xPO4_5x5e.dat.42,37.8
0.6,1.2,0.0550378730400961,Background,1.0,1.0,18.18,45.82030669553205,Devon370Ma_1xRemin_1xpCO2.pO2xPO4_5x5e.dat.32,50.92
0.5,1.2,0.0418698783226264,Background,1.0,1.0,18.18,43.00064756534994,Devon370Ma_1xRemin_1xpCO2.pO2xPO4_5x5e.dat.22,66.06
0.4,1.2,0.0274026961638556,Background,1.0,1.0,18.18,40.57534897583537,Devon370Ma_1xRemin_1xpCO2.pO2xPO4_5x5e.dat.12,79.27
0.3,1.2,0.0175046202362069,Background,1.0,1.0,18.18,38.34993185591884,Devon370Ma_1xRemin_1xpCO2.pO2xPO4_5x5e.dat.02,88.53
0.7,1.3,0.0471287363621415,Background,1.0,1.0,18.18,66.9666042085737,Devon370Ma_1xRemin_1xpCO2.pO2xPO4_5x5e.dat.43,44.22
0.6,1.3,0.0466655284710168,Background,1.0,1.0,18.18,62.78184446273372,Devon370Ma_1xRemin_1xpCO2.pO2xPO4_5x5e.dat.33,56.7
0.5,1.3,0.033314900400569,Background,1.0,1.0,18.18,59.169044106965885,Devon370Ma_1xRemin_1xpCO2.pO2xPO4_5x5e.dat.23,70.28
0.4,1.3,0.0231596636799393,Background,1.0,1.0,18.18,56.102086091414094,Devon370Ma_1xRemin_1xpCO2.pO2xPO4_5x5e.dat.13,81.38
0.3,1.3,0.0121721039718924,Background,1.0,1.0,18.18,53.28821862349287,Devon370Ma_1xRemin_1xpCO2.pO2xPO4_5x5e.dat.03,88.9
0.7,1.4,0.0463206164985198,Background,1.0,1.0,18.18,87.15629519429058,Devon370Ma_1xRemin_1xpCO2.pO2xPO4_5x5e.dat.44,49.36
0.6,1.4,0.0375798710260002,Background,1.0,1.0,18.18,81.66173938661814,Devon370Ma_1xRemin_1xpCO2.pO2xPO4_5x5e.dat.34,61.47
0.5,1.4,0.0273456295541554,Background,1.0,1.0,18.18,77.0728729548864,Devon370Ma_1xRemin_1xpCO2.pO2xPO4_5x5e.dat.24,73.21
0.4,1.4,0.0171734079910309,Background,1.0,1.0,18.18,73.0758038116619,Devon370Ma_1xRemin_1xpCO2.pO2xPO4_5x5e.dat.14,81.74
0.3,1.4,0.0092825760055754,Background,1.0,1.0,18.18,69.58995072636753,Devon370Ma_1xRemin_1xpCO2.pO2xPO4_5x5e.dat.04,88.9
0.7,1.0,0.1941824513394763,Kellwasser,1.0,1.0,18.18,19.037292076973245,Devon370Ma_1xRemin_1xpCO2.pO2xPO4_5x5e.dat.40,23.12
0.6,1.0,0.5054779696432344,Kellwasser,1.0,1.0,18.18,17.628426576266065,Devon370Ma_1xRemin_1xpCO2.pO2xPO4_5x5e.dat.30,36.79
0.5,1.0,0.4586088513073678,Kellwasser,1.0,1.0,18.18,16.406524082412943,Devon370Ma_1xRemin_1xpCO2.pO2xPO4_5x5e.dat.20,53.12
0.4,1.0,0.2999586685505851,Kellwasser,1.0,1.0,18.18,15.33668182673864,Devon370Ma_1xRemin_1xpCO2.pO2xPO4_5x5e.dat.10,71.65
0.3,1.0,0.0666535630312723,Kellwasser,1.0,1.0,18.18,14.308425306808203,Devon370Ma_1xRemin_1xpCO2.pO2xPO4_5x5e.dat.00,83.03
0.7,1.1,0.4925585964490072,Kellwasser,1.0,1.0,18.18,32.957177609205246,Devon370Ma_1xRemin_1xpCO2.pO2xPO4_5x5e.dat.41,30.64
0.6,1.1,0.469993117238107,Kellwasser,1.0,1.0,18.18,30.613540729973465,Devon370Ma_1xRemin_1xpCO2.pO2xPO4_5x5e.dat.31,45.23
0.5,1.1,0.3764887430835604,Kellwasser,1.0,1.0,18.18,28.459875466069207,Devon370Ma_1xRemin_1xpCO2.pO2xPO4_5x5e.dat.21,60.46
0.4,1.1,0.2087342636005392,Kellwasser,1.0,1.0,18.18,26.56322249094956,Devon370Ma_1xRemin_1xpCO2.pO2xPO4_5x5e.dat.11,75.23
0.3,1.1,0.0485292821215523,Kellwasser,1.0,1.0,18.18,24.939366994658485,Devon370Ma_1xRemin_1xpCO2.pO2xPO4_5x5e.dat.01,88.53
0.7,1.2,0.5298716561240782,Kellwasser,1.0,1.0,18.18,48.93704317510128,Devon370Ma_1xRemin_1xpCO2.pO2xPO4_5x5e.dat.42,37.8
0.6,1.2,0.4193663443796857,Kellwasser,1.0,1.0,18.18,45.82030669553205,Devon370Ma_1xRemin_1xpCO2.pO2xPO4_5x5e.dat.32,50.92
0.5,1.2,0.2843492300892283,Kellwasser,1.0,1.0,18.18,43.00064756534994,Devon370Ma_1xRemin_1xpCO2.pO2xPO4_5x5e.dat.22,66.06
0.4,1.2,0.0839728422966685,Kellwasser,1.0,1.0,18.18,40.57534897583537,Devon370Ma_1xRemin_1xpCO2.pO2xPO4_5x5e.dat.12,79.27
0.3,1.2,0.0360323618984985,Kellwasser,1.0,1.0,18.18,38.34993185591884,Devon370Ma_1xRemin_1xpCO2.pO2xPO4_5x5e.dat.02,88.53
0.7,1.3,0.4369912179877455,Kellwasser,1.0,1.0,18.18,66.9666042085737,Devon370Ma_1xRemin_1xpCO2.pO2xPO4_5x5e.dat.43,44.22
0.6,1.3,0.3386455281186621,Kellwasser,1.0,1.0,18.18,62.78184446273372,Devon370Ma_1xRemin_1xpCO2.pO2xPO4_5x5e.dat.33,56.7
0.5,1.3,0.2266895407403588,Kellwasser,1.0,1.0,18.18,59.169044106965885,Devon370Ma_1xRemin_1xpCO2.pO2xPO4_5x5e.dat.23,70.28
0.4,1.3,0.0560902527826071,Kellwasser,1.0,1.0,18.18,56.102086091414094,Devon370Ma_1xRemin_1xpCO2.pO2xPO4_5x5e.dat.13,81.38
0.3,1.3,0.0260779872898595,Kellwasser,1.0,1.0,18.18,53.28821862349287,Devon370Ma_1xRemin_1xpCO2.pO2xPO4_5x5e.dat.03,88.9
0.7,1.4,0.3764466196464691,Kellwasser,1.0,1.0,18.18,87.15629519429058,Devon370Ma_1xRemin_1xpCO2.pO2xPO4_5x5e.dat.44,49.36
0.6,1.4,0.2626453574439351,Kellwasser,1.0,1.0,18.18,81.66173938661814,Devon370Ma_1xRemin_1xpCO2.pO2xPO4_5x5e.dat.34,61.47
0.5,1.4,0.1516852018151067,Kellwasser,1.0,1.0,18.18,77.0728729548864,Devon370Ma_1xRemin_1xpCO2.pO2xPO4_5x5e.dat.24,73.21
0.4,1.4,0.0353987680681367,Kellwasser,1.0,1.0,18.18,73.0758038116619,Devon370Ma_1xRemin_1xpCO2.pO2xPO4_5x5e.dat.14,81.74
0.3,1.4,0.0155749278527801,Kellwasser,1.0,1.0,18.18,69.58995072636753,Devon370Ma_1xRemin_1xpCO2.pO2xPO4_5x5e.dat.04,88.9
0.7,1.5,0.03907553639141,Background,1.0,1.0,18.18,13.464737094182055,Devon370Ma_1xRemin_1xpCO2.pO2xPO4_5x5f.dat.40,53.39
0.6,1.5,0.0301994687835402,Background,1.0,1.0,18.18,12.766001418640371,Devon370Ma_1xRemin_1xpCO2.pO2xPO4_5x5f.dat.30,65.23
0.5,1.5,0.0168897603079989,Background,1.0,1.0,18.18,12.13863470184151,Devon370Ma_1xRemin_1xpCO2.pO2xPO4_5x5f.dat.20,75.23
0.4,1.5,0.0138826249709499,Background,1.0,1.0,18.18,11.578725207073148,Devon370Ma_1xRemin_1xpCO2.pO2xPO4_5x5f.dat.10,88.07
0.3,1.5,0.0072246016583146,Background,1.0,1.0,18.18,11.061135410272982,Devon370Ma_1xRemin_1xpCO2.pO2xPO4_5x5f.dat.00,89.27
0.7,1.6,0.0319325374026695,Background,1.0,1.0,18.18,23.55341894144658,Devon370Ma_1xRemin_1xpCO2.pO2xPO4_5x5f.dat.41,58.07
0.6,1.6,0.0263975904023889,Background,1.0,1.0,18.18,22.324406018015,Devon370Ma_1xRemin_1xpCO2.pO2xPO4_5x5f.dat.31,68.62
0.5,1.6,0.0180158238332046,Background,1.0,1.0,18.18,21.24795901181642,Devon370Ma_1xRemin_1xpCO2.pO2xPO4_5x5f.dat.21,78.53
0.4,1.6,0.0112945441517614,Background,1.0,1.0,18.18,20.19008024944924,Devon370Ma_1xRemin_1xpCO2.pO2xPO4_5x5f.dat.11,88.53
0.3,1.6,0.0049387337242336,Background,1.0,1.0,18.18,19.251614503446035,Devon370Ma_1xRemin_1xpCO2.pO2xPO4_5x5f.dat.01,89.27
0.7,1.7,0.0270711501581689,Background,1.0,1.0,18.18,36.31644358392805,Devon370Ma_1xRemin_1xpCO2.pO2xPO4_5x5f.dat.42,61.65
0.6,1.7,0.0201570112366819,Background,1.0,1.0,18.18,34.450440580258146,Devon370Ma_1xRemin_1xpCO2.pO2xPO4_5x5f.dat.32,71.1
0.5,1.7,0.0150481418407069,Background,1.0,1.0,18.18,32.82734542153776,Devon370Ma_1xRemin_1xpCO2.pO2xPO4_5x5f.dat.22,80.73
0.4,1.7,0.008723361353236,Background,1.0,1.0,18.18,31.387498893309385,Devon370Ma_1xRemin_1xpCO2.pO2xPO4_5x5f.dat.12,88.81
0.3,1.7,0.0030801077142682,Background,1.0,1.0,18.18,29.9663697660435,Devon370Ma_1xRemin_1xpCO2.pO2xPO4_5x5f.dat.02,89.27
0.7,1.8,0.0211119143605829,Background,1.0,1.0,18.18,50.741047743940726,Devon370Ma_1xRemin_1xpCO2.pO2xPO4_5x5f.dat.43,64.59
0.6,1.8,0.0117331720376635,Background,1.0,1.0,18.18,48.52811252931133,Devon370Ma_1xRemin_1xpCO2.pO2xPO4_5x5f.dat.33,73.03
0.5,1.8,0.0099073183027506,Background,1.0,1.0,18.18,46.3938013126608,Devon370Ma_1xRemin_1xpCO2.pO2xPO4_5x5f.dat.23,81.28
0.4,1.8,0.004466145997798,Background,1.0,1.0,18.18,44.45612648851238,Devon370Ma_1xRemin_1xpCO2.pO2xPO4_5x5f.dat.13,88.62
0.3,1.8,0.0011427824335433,Background,1.0,1.0,18.18,42.63558003003709,Devon370Ma_1xRemin_1xpCO2.pO2xPO4_5x5f.dat.03,89.08
0.7,1.9,0.0183801362914545,Background,1.0,1.0,18.18,66.56233017565683,Devon370Ma_1xRemin_1xpCO2.pO2xPO4_5x5f.dat.44,66.7
0.6,1.9,0.0124941953414831,Background,1.0,1.0,18.18,63.753846916370094,Devon370Ma_1xRemin_1xpCO2.pO2xPO4_5x5f.dat.34,74.59
0.5,1.9,0.0069423719057802,Background,1.0,1.0,18.18,61.16044824011624,Devon370Ma_1xRemin_1xpCO2.pO2xPO4_5x5f.dat.24,82.2
0.4,1.9,0.002059337237628,Background,1.0,1.0,18.18,58.86952203582041,Devon370Ma_1xRemin_1xpCO2.pO2xPO4_5x5f.dat.14,88.53
0.3,1.9,0.0001518214209353,Background,1.0,1.0,18.18,56.75325155607425,Devon370Ma_1xRemin_1xpCO2.pO2xPO4_5x5f.dat.04,89.17
0.7,1.5,0.2891711305640195,Kellwasser,1.0,1.0,18.18,13.464737094182055,Devon370Ma_1xRemin_1xpCO2.pO2xPO4_5x5f.dat.40,53.39
0.6,1.5,0.1999547396700642,Kellwasser,1.0,1.0,18.18,12.766001418640371,Devon370Ma_1xRemin_1xpCO2.pO2xPO4_5x5f.dat.30,65.23
0.5,1.5,0.0889921904587837,Kellwasser,1.0,1.0,18.18,12.13863470184151,Devon370Ma_1xRemin_1xpCO2.pO2xPO4_5x5f.dat.20,75.23
0.4,1.5,0.0240923946025862,Kellwasser,1.0,1.0,18.18,11.578725207073148,Devon370Ma_1xRemin_1xpCO2.pO2xPO4_5x5f.dat.10,88.07
0.3,1.5,0.0113621395698307,Kellwasser,1.0,1.0,18.18,11.061135410272982,Devon370Ma_1xRemin_1xpCO2.pO2xPO4_5x5f.dat.00,89.27
0.7,1.6,0.2263444999806963,Kellwasser,1.0,1.0,18.18,23.55341894144658,Devon370Ma_1xRemin_1xpCO2.pO2xPO4_5x5f.dat.41,58.07
0.6,1.6,0.1476825137044627,Kellwasser,1.0,1.0,18.18,22.324406018015,Devon370Ma_1xRemin_1xpCO2.pO2xPO4_5x5f.dat.31,68.62
0.5,1.6,0.0348615166492497,Kellwasser,1.0,1.0,18.18,21.24795901181642,Devon370Ma_1xRemin_1xpCO2.pO2xPO4_5x5f.dat.21,78.53
0.4,1.6,0.0162414386839956,Kellwasser,1.0,1.0,18.18,20.19008024944924,Devon370Ma_1xRemin_1xpCO2.pO2xPO4_5x5f.dat.11,88.53
0.3,1.6,0.0080371811023873,Kellwasser,1.0,1.0,18.18,19.251614503446035,Devon370Ma_1xRemin_1xpCO2.pO2xPO4_5x5f.dat.01,89.27
0.7,1.7,0.1687030564770923,Kellwasser,1.0,1.0,18.18,36.31644358392805,Devon370Ma_1xRemin_1xpCO2.pO2xPO4_5x5f.dat.42,61.65
0.6,1.7,0.1000867483064623,Kellwasser,1.0,1.0,18.18,34.450440580258146,Devon370Ma_1xRemin_1xpCO2.pO2xPO4_5x5f.dat.32,71.1
0.5,1.7,0.0209175527364811,Kellwasser,1.0,1.0,18.18,32.82734542153776,Devon370Ma_1xRemin_1xpCO2.pO2xPO4_5x5f.dat.22,80.73
0.4,1.7,0.0122374469567236,Kellwasser,1.0,1.0,18.18,31.387498893309385,Devon370Ma_1xRemin_1xpCO2.pO2xPO4_5x5f.dat.12,88.81
0.3,1.7,0.0054736838724922,Kellwasser,1.0,1.0,18.18,29.9663697660435,Devon370Ma_1xRemin_1xpCO2.pO2xPO4_5x5f.dat.02,89.27
0.7,1.8,0.1314129708128723,Kellwasser,1.0,1.0,18.18,50.741047743940726,Devon370Ma_1xRemin_1xpCO2.pO2xPO4_5x5f.dat.43,64.59
0.6,1.8,0.0568363195516292,Kellwasser,1.0,1.0,18.18,48.52811252931133,Devon370Ma_1xRemin_1xpCO2.pO2xPO4_5x5f.dat.33,73.03
0.5,1.8,0.0138538695310117,Kellwasser,1.0,1.0,18.18,46.3938013126608,Devon370Ma_1xRemin_1xpCO2.pO2xPO4_5x5f.dat.23,81.28
0.4,1.8,0.0083741081085288,Kellwasser,1.0,1.0,18.18,44.45612648851238,Devon370Ma_1xRemin_1xpCO2.pO2xPO4_5x5f.dat.13,88.62
0.3,1.8,0.0032066316475665,Kellwasser,1.0,1.0,18.18,42.63558003003709,Devon370Ma_1xRemin_1xpCO2.pO2xPO4_5x5f.dat.03,89.08
0.7,1.9,0.0911135424911369,Kellwasser,1.0,1.0,18.18,66.56233017565683,Devon370Ma_1xRemin_1xpCO2.pO2xPO4_5x5f.dat.44,66.7
0.6,1.9,0.0181825485551752,Kellwasser,1.0,1.0,18.18,63.753846916370094,Devon370Ma_1xRemin_1xpCO2.pO2xPO4_5x5f.dat.34,74.59
0.5,1.9,0.0098683872578648,Kellwasser,1.0,1.0,18.18,61.16044824011624,Devon370Ma_1xRemin_1xpCO2.pO2xPO4_5x5f.dat.24,82.2
0.4,1.9,0.0048271967664977,Kellwasser,1.0,1.0,18.18,58.86952203582041,Devon370Ma_1xRemin_1xpCO2.pO2xPO4_5x5f.dat.14,88.53
0.3,1.9,0.0009565599076004,Kellwasser,1.0,1.0,18.18,56.75325155607425,Devon370Ma_1xRemin_1xpCO2.pO2xPO4_5x5f.dat.04,89.17
1.2,2.0,0.0085124363748941,Background,1.0,1.0,18.21,69.72684059292078,Devon370Ma_1xRemin_1.0xpCO2.pO2xPO4_5x5g.dat.40,20.92
1.1,2.0,0.0223426280032312,Background,1.0,1.0,18.21,67.61767144780606,Devon370Ma_1xRemin_1.0xpCO2.pO2xPO4_5x5g.dat.30,29.54
1.0,2.0,0.0250372063212699,Background,1.0,1.0,18.21,65.61011105077341,Devon370Ma_1xRemin_1.0xpCO2.pO2xPO4_5x5g.dat.20,37.61
0.9,2.0,0.0214399290229676,Background,1.0,1.0,18.21,63.72445204760879,Devon370Ma_1xRemin_1.0xpCO2.pO2xPO4_5x5g.dat.10,47.06
0.8,2.0,0.0178785994267537,Background,1.0,1.0,18.21,61.97279435582459,Devon370Ma_1xRemin_1.0xpCO2.pO2xPO4_5x5g.dat.00,56.61
1.2,2.1,0.0111834548026612,Background,1.0,1.0,18.21,85.51122300559655,Devon370Ma_1xRemin_1.0xpCO2.pO2xPO4_5x5g.dat.41,24.59
1.1,2.1,0.0238899320035147,Background,1.0,1.0,18.21,82.97739987028763,Devon370Ma_1xRemin_1.0xpCO2.pO2xPO4_5x5g.dat.31,32.66
1.0,2.1,0.0210859373991175,Background,1.0,1.0,18.21,80.59349056566134,Devon370Ma_1xRemin_1.0xpCO2.pO2xPO4_5x5g.dat.21,41.83
0.9,2.1,0.0173830488294719,Background,1.0,1.0,18.21,78.41137266950682,Devon370Ma_1xRemin_1.0xpCO2.pO2xPO4_5x5g.dat.11,49.82
0.8,2.1,0.0145356874198952,Background,1.0,1.0,18.21,76.39676186954603,Devon370Ma_1xRemin_1.0xpCO2.pO2xPO4_5x5g.dat.01,59.08
1.2,2.2,0.0177843619539335,Background,1.0,1.0,18.21,102.07288869423792,Devon370Ma_1xRemin_1.0xpCO2.pO2xPO4_5x5g.dat.42,28.62
1.1,2.2,0.0193709246142669,Background,1.0,1.0,18.21,99.21888704411684,Devon370Ma_1xRemin_1.0xpCO2.pO2xPO4_5x5g.dat.32,35.96
1.0,2.2,0.0167221524297849,Background,1.0,1.0,18.21,96.58019553171472,Devon370Ma_1xRemin_1.0xpCO2.pO2xPO4_5x5g.dat.22,44.95
0.9,2.2,0.0139641658055735,Background,1.0,1.0,18.21,94.06163007952271,Devon370Ma_1xRemin_1.0xpCO2.pO2xPO4_5x5g.dat.12,52.57
0.8,2.2,0.0117736673871483,Background,1.0,1.0,18.21,91.71272540697828,Devon370Ma_1xRemin_1.0xpCO2.pO2xPO4_5x5g.dat.02,61.01
1.2,2.3,0.0179111491789804,Background,1.0,1.0,18.21,119.91112114628775,Devon370Ma_1xRemin_1.0xpCO2.pO2xPO4_5x5g.dat.43,31.38
1.1,2.3,0.016014979797661,Background,1.0,1.0,18.21,116.41121818684042,Devon370Ma_1xRemin_1.0xpCO2.pO2xPO4_5x5g.dat.33,39.36
1.0,2.3,0.0135914652716238,Background,1.0,1.0,18.21,113.25110972393304,Devon370Ma_1xRemin_1.0xpCO2.pO2xPO4_5x5g.dat.23,47.43
0.9,2.3,0.0108049826507073,Background,1.0,1.0,18.21,110.4342663893476,Devon370Ma_1xRemin_1.0xpCO2.pO2xPO4_5x5g.dat.13,55.32
0.8,2.3,0.0080775800358486,Background,1.0,1.0,18.21,107.83259494928645,Devon370Ma_1xRemin_1.0xpCO2.pO2xPO4_5x5g.dat.03,62.94
1.2,2.4,0.0138506572010508,Background,1.0,1.0,18.21,138.63015919923782,Devon370Ma_1xRemin_1.0xpCO2.pO2xPO4_5x5g.dat.44,34.4
1.1,2.4,0.0124362268839232,Background,1.0,1.0,18.21,134.72345017362386,Devon370Ma_1xRemin_1.0xpCO2.pO2xPO4_5x5g.dat.34,42.84
1.0,2.4,0.0106015850090449,Background,1.0,1.0,18.21,131.15908950567243,Devon370Ma_1xRemin_1.0xpCO2.pO2xPO4_5x5g.dat.24,49.72
0.9,2.4,0.0089617727254796,Background,1.0,1.0,18.21,127.7707633562386,Devon370Ma_1xRemin_1.0xpCO2.pO2xPO4_5x5g.dat.14,58.07
0.8,2.4,0.0032129828719557,Background,1.0,1.0,18.21,124.65364125091584,Devon370Ma_1xRemin_1.0xpCO2.pO2xPO4_5x5g.dat.04,64.5
1.2,2.0,0.2860683686208017,Kellwasser,1.0,1.0,18.21,69.72684059292078,Devon370Ma_1xRemin_1.0xpCO2.pO2xPO4_5x5g.dat.40,20.92
1.1,2.0,0.2163511533939361,Kellwasser,1.0,1.0,18.21,67.61767144780606,Devon370Ma_1xRemin_1.0xpCO2.pO2xPO4_5x5g.dat.30,29.54
1.0,2.0,0.1787797105648315,Kellwasser,1.0,1.0,18.21,65.61011105077341,Devon370Ma_1xRemin_1.0xpCO2.pO2xPO4_5x5g.dat.20,37.61
0.9,2.0,0.1355282159674142,Kellwasser,1.0,1.0,18.21,63.72445204760879,Devon370Ma_1xRemin_1.0xpCO2.pO2xPO4_5x5g.dat.10,47.06
0.8,2.0,0.0964301548498635,Kellwasser,1.0,1.0,18.21,61.97279435582459,Devon370Ma_1xRemin_1.0xpCO2.pO2xPO4_5x5g.dat.00,56.61
1.2,2.1,0.2221802874602515,Kellwasser,1.0,1.0,18.21,85.51122300559655,Devon370Ma_1xRemin_1.0xpCO2.pO2xPO4_5x5g.dat.41,24.59
1.1,2.1,0.1780611349878073,Kellwasser,1.0,1.0,18.21,82.97739987028763,Devon370Ma_1xRemin_1.0xpCO2.pO2xPO4_5x5g.dat.31,32.66
1.0,2.1,0.1320745570750177,Kellwasser,1.0,1.0,18.21,80.59349056566134,Devon370Ma_1xRemin_1.0xpCO2.pO2xPO4_5x5g.dat.21,41.83
0.9,2.1,0.0976202696731498,Kellwasser,1.0,1.0,18.21,78.41137266950682,Devon370Ma_1xRemin_1.0xpCO2.pO2xPO4_5x5g.dat.11,49.82
0.8,2.1,0.0657260252365189,Kellwasser,1.0,1.0,18.21,76.39676186954603,Devon370Ma_1xRemin_1.0xpCO2.pO2xPO4_5x5g.dat.01,59.08
1.2,2.2,0.1609085090714782,Kellwasser,1.0,1.0,18.21,102.07288869423792,Devon370Ma_1xRemin_1.0xpCO2.pO2xPO4_5x5g.dat.42,28.62
1.1,2.2,0.1294319048780673,Kellwasser,1.0,1.0,18.21,99.21888704411684,Devon370Ma_1xRemin_1.0xpCO2.pO2xPO4_5x5g.dat.32,35.96
1.0,2.2,0.0984415041661577,Kellwasser,1.0,1.0,18.21,96.58019553171472,Devon370Ma_1xRemin_1.0xpCO2.pO2xPO4_5x5g.dat.22,44.95
0.9,2.2,0.0710374672682548,Kellwasser,1.0,1.0,18.21,94.06163007952271,Devon370Ma_1xRemin_1.0xpCO2.pO2xPO4_5x5g.dat.12,52.57
0.8,2.2,0.0462004020286861,Kellwasser,1.0,1.0,18.21,91.71272540697828,Devon370Ma_1xRemin_1.0xpCO2.pO2xPO4_5x5g.dat.02,61.01
1.2,2.3,0.126696749182954,Kellwasser,1.0,1.0,18.21,119.91112114628775,Devon370Ma_1xRemin_1.0xpCO2.pO2xPO4_5x5g.dat.43,31.38
1.1,2.3,0.0924434824662212,Kellwasser,1.0,1.0,18.21,116.41121818684042,Devon370Ma_1xRemin_1.0xpCO2.pO2xPO4_5x5g.dat.33,39.36
1.0,2.3,0.0701691167870327,Kellwasser,1.0,1.0,18.21,113.25110972393304,Devon370Ma_1xRemin_1.0xpCO2.pO2xPO4_5x5g.dat.23,47.43
0.9,2.3,0.0509370049089383,Kellwasser,1.0,1.0,18.21,110.4342663893476,Devon370Ma_1xRemin_1.0xpCO2.pO2xPO4_5x5g.dat.13,55.32
0.8,2.3,0.028454286369832,Kellwasser,1.0,1.0,18.21,107.83259494928645,Devon370Ma_1xRemin_1.0xpCO2.pO2xPO4_5x5g.dat.03,62.94
1.2,2.4,0.0879961112752061,Kellwasser,1.0,1.0,18.21,138.63015919923782,Devon370Ma_1xRemin_1.0xpCO2.pO2xPO4_5x5g.dat.44,34.4
1.1,2.4,0.0676318261313122,Kellwasser,1.0,1.0,18.21,134.72345017362386,Devon370Ma_1xRemin_1.0xpCO2.pO2xPO4_5x5g.dat.34,42.84
1.0,2.4,0.0481028921804663,Kellwasser,1.0,1.0,18.21,131.15908950567243,Devon370Ma_1xRemin_1.0xpCO2.pO2xPO4_5x5g.dat.24,49.72
0.9,2.4,0.0328075675928813,Kellwasser,1.0,1.0,18.21,127.7707633562386,Devon370Ma_1xRemin_1.0xpCO2.pO2xPO4_5x5g.dat.14,58.07
0.8,2.4,0.0108664257062274,Kellwasser,1.0,1.0,18.21,124.65364125091584,Devon370Ma_1xRemin_1.0xpCO2.pO2xPO4_5x5g.dat.04,64.5
0.7,2.0,0.0118271225701783,Background,1.0,1.0,18.21,10.521999683987817,Devon370Ma_1xRemin_1.0xpCO2.pO2xPO4_5x5h.dat.40,64.77
0.6,2.0,0.0089882228337888,Background,1.0,1.0,18.21,10.02759199764114,Devon370Ma_1xRemin_1.0xpCO2.pO2xPO4_5x5h.dat.30,73.21
0.5,2.0,0.0038704338130198,Background,1.0,1.0,18.21,9.571625014359595,Devon370Ma_1xRemin_1.0xpCO2.pO2xPO4_5x5h.dat.20,81.47
0.4,2.0,0.0004941196323923,Background,1.0,1.0,18.21,9.189045158564111,Devon370Ma_1xRemin_1.0xpCO2.pO2xPO4_5x5h.dat.10,88.72
0.3,2.0,9.87041612247642e-05,Background,1.0,1.0,18.21,8.835528205963783,Devon370Ma_1xRemin_1.0xpCO2.pO2xPO4_5x5h.dat.00,89.27
0.7,2.1,0.0073183722365831,Background,1.0,1.0,18.21,18.51076376624405,Devon370Ma_1xRemin_1.0xpCO2.pO2xPO4_5x5h.dat.41,66.7
0.6,2.1,0.004520915852822,Background,1.0,1.0,18.21,17.81309583748225,Devon370Ma_1xRemin_1.0xpCO2.pO2xPO4_5x5h.dat.31,74.31
0.5,2.1,0.0007750791743694,Background,1.0,1.0,18.21,17.15934558887966,Devon370Ma_1xRemin_1.0xpCO2.pO2xPO4_5x5h.dat.21,82.39
0.4,2.1,0.0001862942454991,Background,1.0,1.0,18.21,16.54627158131916,Devon370Ma_1xRemin_1.0xpCO2.pO2xPO4_5x5h.dat.11,88.99
0.3,2.1,7.468790600903197e-05,Background,1.0,1.0,18.21,15.97141999809537,Devon370Ma_1xRemin_1.0xpCO2.pO2xPO4_5x5h.dat.01,89.54
0.7,2.2,0.0065740386165022,Background,1.0,1.0,18.21,29.07160342147108,Devon370Ma_1xRemin_1.0xpCO2.pO2xPO4_5x5h.dat.42,68.72
0.6,2.2,0.0020376780389018,Background,1.0,1.0,18.21,27.850457627209835,Devon370Ma_1xRemin_1.0xpCO2.pO2xPO4_5x5h.dat.32,76.24
0.5,2.2,0.0003082118844797,Background,1.0,1.0,18.21,26.640032956493087,Devon370Ma_1xRemin_1.0xpCO2.pO2xPO4_5x5h.dat.22,82.48
0.4,2.2,0.0001166209624981,Background,1.0,1.0,18.21,25.60644679761026,Devon370Ma_1xRemin_1.0xpCO2.pO2xPO4_5x5h.dat.12,88.62
0.3,2.2,6.786790350179391e-05,Background,1.0,1.0,18.21,24.76014742569532,Devon370Ma_1xRemin_1.0xpCO2.pO2xPO4_5x5h.dat.02,89.54
0.7,2.3,0.0034251617198451,Background,1.0,1.0,18.21,41.40940291108564,Devon370Ma_1xRemin_1.0xpCO2.pO2xPO4_5x5h.dat.43,69.82
0.6,2.3,0.0004424699418692,Background,1.0,1.0,18.21,39.98922693426721,Devon370Ma_1xRemin_1.0xpCO2.pO2xPO4_5x5h.dat.33,77.98
0.5,2.3,0.000142985356007,Background,1.0,1.0,18.21,38.643400330329314,Devon370Ma_1xRemin_1.0xpCO2.pO2xPO4_5x5h.dat.23,87.34
0.4,2.3,0.000100616069223,Background,1.0,1.0,18.21,37.33767516678199,Devon370Ma_1xRemin_1.0xpCO2.pO2xPO4_5x5h.dat.13,88.35
0.3,2.3,6.101430235095302e-05,Background,1.0,1.0,18.21,36.13443914218806,Devon370Ma_1xRemin_1.0xpCO2.pO2xPO4_5x5h.dat.03,89.63
0.7,2.4,0.0005137706995807,Background,1.0,1.0,18.21,55.05029912455939,Devon370Ma_1xRemin_1.0xpCO2.pO2xPO4_5x5h.dat.44,71.28
0.6,2.4,0.0001791559192572,Background,1.0,1.0,18.21,53.22773722582497,Devon370Ma_1xRemin_1.0xpCO2.pO2xPO4_5x5h.dat.34,78.9
0.5,2.4,0.0001205657604967,Background,1.0,1.0,18.21,51.49703429196961,Devon370Ma_1xRemin_1.0xpCO2.pO2xPO4_5x5h.dat.24,88.17
0.4,2.4,9.337072009245158e-05,Background,1.0,1.0,18.21,49.94235496269539,Devon370Ma_1xRemin_1.0xpCO2.pO2xPO4_5x5h.dat.14,88.35
0.3,2.4,5.6401009160675125e-05,Background,1.0,1.0,18.21,48.53115024161525,Devon370Ma_1xRemin_1.0xpCO2.pO2xPO4_5x5h.dat.04,89.45
0.7,2.0,0.0437838962762933,Kellwasser,1.0,1.0,18.21,10.521999683987817,Devon370Ma_1xRemin_1.0xpCO2.pO2xPO4_5x5h.dat.40,64.77
0.6,2.0,0.0105685436224322,Kellwasser,1.0,1.0,18.21,10.02759199764114,Devon370Ma_1xRemin_1.0xpCO2.pO2xPO4_5x5h.dat.30,73.21
0.5,2.0,0.0061571307102289,Kellwasser,1.0,1.0,18.21,9.571625014359595,Devon370Ma_1xRemin_1.0xpCO2.pO2xPO4_5x5h.dat.20,81.47
0.4,2.0,0.0025584347871718,Kellwasser,1.0,1.0,18.21,9.189045158564111,Devon370Ma_1xRemin_1.0xpCO2.pO2xPO4_5x5h.dat.10,88.72
0.3,2.0,0.0006087919719388,Kellwasser,1.0,1.0,18.21,8.835528205963783,Devon370Ma_1xRemin_1.0xpCO2.pO2xPO4_5x5h.dat.00,89.27
0.7,2.1,0.0283587723469373,Kellwasser,1.0,1.0,18.21,18.51076376624405,Devon370Ma_1xRemin_1.0xpCO2.pO2xPO4_5x5h.dat.41,66.7
0.6,2.1,0.0067497596336818,Kellwasser,1.0,1.0,18.21,17.81309583748225,Devon370Ma_1xRemin_1.0xpCO2.pO2xPO4_5x5h.dat.31,74.31
0.5,2.1,0.003577597970589,Kellwasser,1.0,1.0,18.21,17.15934558887966,Devon370Ma_1xRemin_1.0xpCO2.pO2xPO4_5x5h.dat.21,82.39
0.4,2.1,0.0011212545442591,Kellwasser,1.0,1.0,18.21,16.54627158131916,Devon370Ma_1xRemin_1.0xpCO2.pO2xPO4_5x5h.dat.11,88.99
0.3,2.1,0.0004398392187369,Kellwasser,1.0,1.0,18.21,15.97141999809537,Devon370Ma_1xRemin_1.0xpCO2.pO2xPO4_5x5h.dat.01,89.54
0.7,2.2,0.0088768924026984,Kellwasser,1.0,1.0,18.21,29.07160342147108,Devon370Ma_1xRemin_1.0xpCO2.pO2xPO4_5x5h.dat.42,68.72
0.6,2.2,0.0042546528604094,Kellwasser,1.0,1.0,18.21,27.850457627209835,Devon370Ma_1xRemin_1.0xpCO2.pO2xPO4_5x5h.dat.32,76.24
0.5,2.2,0.001936915296444,Kellwasser,1.0,1.0,18.21,26.640032956493087,Devon370Ma_1xRemin_1.0xpCO2.pO2xPO4_5x5h.dat.22,82.48
0.4,2.2,0.000712381848131,Kellwasser,1.0,1.0,18.21,25.60644679761026,Devon370Ma_1xRemin_1.0xpCO2.pO2xPO4_5x5h.dat.12,88.62
0.3,2.2,0.0003922306350096,Kellwasser,1.0,1.0,18.21,24.76014742569532,Devon370Ma_1xRemin_1.0xpCO2.pO2xPO4_5x5h.dat.02,89.54
0.7,2.3,0.0046229233773999,Kellwasser,1.0,1.0,18.21,41.40940291108564,Devon370Ma_1xRemin_1.0xpCO2.pO2xPO4_5x5h.dat.43,69.82
0.6,2.3,0.0021146619962616,Kellwasser,1.0,1.0,18.21,39.98922693426721,Devon370Ma_1xRemin_1.0xpCO2.pO2xPO4_5x5h.dat.33,77.98
0.5,2.3,0.0008932951712278,Kellwasser,1.0,1.0,18.21,38.643400330329314,Devon370Ma_1xRemin_1.0xpCO2.pO2xPO4_5x5h.dat.23,87.34
0.4,2.3,0.0006056177027032,Kellwasser,1.0,1.0,18.21,37.33767516678199,Devon370Ma_1xRemin_1.0xpCO2.pO2xPO4_5x5h.dat.13,88.35
0.3,2.3,0.0003448516306081,Kellwasser,1.0,1.0,18.21,36.13443914218806,Devon370Ma_1xRemin_1.0xpCO2.pO2xPO4_5x5h.dat.03,89.63
0.7,2.4,0.0022571100265938,Kellwasser,1.0,1.0,18.21,55.05029912455939,Devon370Ma_1xRemin_1.0xpCO2.pO2xPO4_5x5h.dat.44,71.28
0.6,2.4,0.0010161318180581,Kellwasser,1.0,1.0,18.21,53.22773722582497,Devon370Ma_1xRemin_1.0xpCO2.pO2xPO4_5x5h.dat.34,78.9
0.5,2.4,0.0007400266803953,Kellwasser,1.0,1.0,18.21,51.49703429196961,Devon370Ma_1xRemin_1.0xpCO2.pO2xPO4_5x5h.dat.24,88.17
0.4,2.4,0.0005584366300096,Kellwasser,1.0,1.0,18.21,49.94235496269539,Devon370Ma_1xRemin_1.0xpCO2.pO2xPO4_5x5h.dat.14,88.35
0.3,2.4,0.0003137844526075,Kellwasser,1.0,1.0,18.21,48.53115024161525,Devon370Ma_1xRemin_1.0xpCO2.pO2xPO4_5x5h.dat.04,89.45
1.2,0.5,0.0428525731416443,Background,2.5,1.0,21.46,149.22546688467264,251103.pO2xPO4_5x5a.dat.40,0.0
1.1,0.5,0.042823642028382,Background,2.5,1.0,21.46,137.6410509692505,251103.pO2xPO4_5x5a.dat.30,0.0
1.0,0.5,0.0364675290568481,Background,2.5,1.0,21.46,126.50416465476157,251103.pO2xPO4_5x5a.dat.20,0.0
0.9,0.5,0.0371579107961533,Background,2.5,1.0,21.46,116.08696513576432,251103.pO2xPO4_5x5a.dat.10,0.0
0.8,0.5,0.0117172653189402,Background,2.5,1.0,21.46,106.92308569559827,251103.pO2xPO4_5x5a.dat.00,0.0
1.2,0.6,0.0345375370209146,Background,2.5,1.0,21.46,175.06643780507147,251103.pO2xPO4_5x5a.dat.41,0.0
1.1,0.6,0.0353592621583276,Background,2.5,1.0,21.46,163.3741776458919,251103.pO2xPO4_5x5a.dat.31,0.0
1.0,0.6,0.0217033654149678,Background,2.5,1.0,21.46,151.94584557320923,251103.pO2xPO4_5x5a.dat.21,0.0
0.9,0.6,0.0075014674477175,Background,2.5,1.0,21.46,140.9651304129511,251103.pO2xPO4_5x5a.dat.11,0.09
0.8,0.6,0.0250390405044699,Background,2.5,1.0,21.46,130.65307575743643,251103.pO2xPO4_5x5a.dat.01,0.28
1.2,0.7,0.032711123707257,Background,2.5,1.0,21.46,200.93339844606817,251103.pO2xPO4_5x5a.dat.42,0.0
1.1,0.7,0.0033329455910362,Background,2.5,1.0,21.46,189.1926804091781,251103.pO2xPO4_5x5a.dat.32,0.0
1.0,0.7,0.0137017145181062,Background,2.5,1.0,21.46,177.62872448656708,251103.pO2xPO4_5x5a.dat.22,0.28
0.9,0.7,0.0631838655901948,Background,2.5,1.0,21.46,166.34968051221222,251103.pO2xPO4_5x5a.dat.12,0.46
0.8,0.7,0.1472326258092202,Background,2.5,1.0,21.46,155.5155322421342,251103.pO2xPO4_5x5a.dat.02,1.19
1.2,0.8,0.0126978521048459,Background,2.5,1.0,21.46,226.8211101181805,251103.pO2xPO4_5x5a.dat.43,0.09
1.1,0.8,0.0233869162170378,Background,2.5,1.0,21.46,215.0427899323404,251103.pO2xPO4_5x5a.dat.33,0.28
1.0,0.8,0.0884655589501647,Background,2.5,1.0,21.46,203.4191129496321,251103.pO2xPO4_5x5a.dat.23,0.64
0.9,0.8,0.1876781689153935,Background,2.5,1.0,21.46,191.98431982658803,251103.pO2xPO4_5x5a.dat.13,1.38
0.8,0.8,0.3181463160026302,Background,2.5,1.0,21.46,180.84901967085895,251103.pO2xPO4_5x5a.dat.03,2.84
1.2,0.9,0.042837972130829,Background,2.5,1.0,21.46,252.7124888729304,251103.pO2xPO4_5x5a.dat.44,0.28
1.1,0.9,0.1102889557835827,Background,2.5,1.0,21.46,240.9127191640437,251103.pO2xPO4_5x5a.dat.34,0.73
1.0,0.9,0.2181123887230028,Background,2.5,1.0,21.46,229.2562130605802,251103.pO2xPO4_5x5a.dat.24,1.38
0.9,0.9,0.3512585488383731,Background,2.5,1.0,21.46,217.7454152842984,251103.pO2xPO4_5x5a.dat.14,2.84
0.8,0.9,0.3172087407493043,Background,2.5,1.0,21.46,206.44291362259537,251103.pO2xPO4_5x5a.dat.04,4.5
1.2,0.5,0.013921481323576,Kellwasser,2.5,1.0,21.46,149.22546688467264,251103.pO2xPO4_5x5a.dat.40,0.0
1.1,0.5,0.0139210432775295,Kellwasser,2.5,1.0,21.46,137.6410509692505,251103.pO2xPO4_5x5a.dat.30,0.0
1.0,0.5,0.0133823321125905,Kellwasser,2.5,1.0,21.46,126.50416465476157,251103.pO2xPO4_5x5a.dat.20,0.0
0.9,0.5,0.0134806630542445,Kellwasser,2.5,1.0,21.46,116.08696513576432,251103.pO2xPO4_5x5a.dat.10,0.0
0.8,0.5,0.0129143878646295,Kellwasser,2.5,1.0,21.46,106.92308569559827,251103.pO2xPO4_5x5a.dat.00,0.0
1.2,0.6,0.0134338527908362,Kellwasser,2.5,1.0,21.46,175.06643780507147,251103.pO2xPO4_5x5a.dat.41,0.0
1.1,0.6,0.0135116117962145,Kellwasser,2.5,1.0,21.46,163.3741776458919,251103.pO2xPO4_5x5a.dat.31,0.0
1.0,0.6,0.0131159557486314,Kellwasser,2.5,1.0,21.46,151.94584557320923,251103.pO2xPO4_5x5a.dat.21,0.0
0.9,0.6,0.011298923945671,Kellwasser,2.5,1.0,21.46,140.9651304129511,251103.pO2xPO4_5x5a.dat.11,0.09
0.8,0.6,0.0083454773343809,Kellwasser,2.5,1.0,21.46,130.65307575743643,251103.pO2xPO4_5x5a.dat.01,0.28
1.2,0.7,0.0135099077564322,Kellwasser,2.5,1.0,21.46,200.93339844606817,251103.pO2xPO4_5x5a.dat.42,0.0
1.1,0.7,0.0128338344342317,Kellwasser,2.5,1.0,21.46,189.1926804091781,251103.pO2xPO4_5x5a.dat.32,0.0
1.0,0.7,0.0098732975891308,Kellwasser,2.5,1.0,21.46,177.62872448656708,251103.pO2xPO4_5x5a.dat.22,0.28
0.9,0.7,0.0066185619949651,Kellwasser,2.5,1.0,21.46,166.34968051221222,251103.pO2xPO4_5x5a.dat.12,0.46
0.8,0.7,0.000989186685226,Kellwasser,2.5,1.0,21.46,155.5155322421342,251103.pO2xPO4_5x5a.dat.02,1.19
1.2,0.8,0.0113093741011709,Kellwasser,2.5,1.0,21.46,226.8211101181805,251103.pO2xPO4_5x5a.dat.43,0.09
1.1,0.8,0.0096240909532447,Kellwasser,2.5,1.0,21.46,215.0427899323404,251103.pO2xPO4_5x5a.dat.33,0.28
1.0,0.8,0.0049794962532086,Kellwasser,2.5,1.0,21.46,203.4191129496321,251103.pO2xPO4_5x5a.dat.23,0.64
0.9,0.8,0.0027389561701315,Kellwasser,2.5,1.0,21.46,191.98431982658803,251103.pO2xPO4_5x5a.dat.13,1.38
0.8,0.8,0.0017754905550534,Kellwasser,2.5,1.0,21.46,180.84901967085895,251103.pO2xPO4_5x5a.dat.03,2.84
1.2,0.9,0.0077638938072455,Kellwasser,2.5,1.0,21.46,252.7124888729304,251103.pO2xPO4_5x5a.dat.44,0.28
1.1,0.9,0.0042881814388981,Kellwasser,2.5,1.0,21.46,240.9127191640437,251103.pO2xPO4_5x5a.dat.34,0.73
1.0,0.9,0.0048493888693536,Kellwasser,2.5,1.0,21.46,229.2562130605802,251103.pO2xPO4_5x5a.dat.24,1.38
0.9,0.9,0.0037965320539299,Kellwasser,2.5,1.0,21.46,217.7454152842984,251103.pO2xPO4_5x5a.dat.14,2.84
0.8,0.9,0.0132000045432372,Kellwasser,2.5,1.0,21.46,206.44291362259537,251103.pO2xPO4_5x5a.dat.04,4.5
1.2,1.0,0.1415145629388649,Background,2.5,1.0,21.46,99.3486391962506,251103.pO2xPO4_5x5b.dat.40,0.83
1.1,1.0,0.2522769449259699,Background,2.5,1.0,21.46,93.08752487413584,251103.pO2xPO4_5x5b.dat.30,1.47
1.0,1.0,0.3719716277950106,Background,2.5,1.0,21.46,87.83979865256697,251103.pO2xPO4_5x5b.dat.20,2.75
0.9,1.0,0.356375169176335,Background,2.5,1.0,21.46,83.33381992997602,251103.pO2xPO4_5x5b.dat.10,3.94
0.8,1.0,0.1377640624120546,Background,2.5,1.0,21.46,78.83908256189898,251103.pO2xPO4_5x5b.dat.00,7.06
1.2,1.1,0.2978057602052158,Background,2.5,1.0,21.46,121.4586227433756,251103.pO2xPO4_5x5b.dat.41,1.56
1.1,1.1,0.4166695912305618,Background,2.5,1.0,21.46,113.69660205673426,251103.pO2xPO4_5x5b.dat.31,3.85
1.0,1.1,0.393150484370719,Background,2.5,1.0,21.46,107.1565566235222,251103.pO2xPO4_5x5b.dat.21,3.94
0.9,1.1,0.1660993124926591,Background,2.5,1.0,21.46,101.62187390960752,251103.pO2xPO4_5x5b.dat.11,6.79
0.8,1.1,0.0611726001468944,Background,2.5,1.0,21.46,96.35263995733112,251103.pO2xPO4_5x5b.dat.01,13.85
1.2,1.2,0.4270809032166361,Background,2.5,1.0,21.46,145.2935830457136,251103.pO2xPO4_5x5b.dat.42,2.84
1.1,1.2,0.4166695912305618,Background,2.5,1.0,21.46,136.09077723231167,251103.pO2xPO4_5x5b.dat.32,3.85
1.0,1.2,0.2287259689748085,Background,2.5,1.0,21.46,128.16347589250654,251103.pO2xPO4_5x5b.dat.22,6.15
0.9,1.2,0.0743332530574968,Background,2.5,1.0,21.46,121.40710168750957,251103.pO2xPO4_5x5b.dat.12,10.28
0.8,1.2,0.0016262478860843,Background,2.5,1.0,21.46,115.15104415593667,251103.pO2xPO4_5x5b.dat.02,22.2
1.2,1.3,0.4316977719640442,Background,2.5,1.0,21.46,170.15007324516773,251103.pO2xPO4_5x5b.dat.43,3.58
1.1,1.3,0.2348265613636222,Background,2.5,1.0,21.46,150.8095010649413,251103.pO2xPO4_5x5b.dat.33,5.41
1.0,1.3,0.108845219140617,Background,2.5,1.0,21.46,150.8095010649413,251103.pO2xPO4_5x5b.dat.23,8.26
0.9,1.3,0.0030569483661154,Background,2.5,1.0,21.46,142.74881687015295,251103.pO2xPO4_5x5b.dat.13,17.61
0.8,1.3,0.0277917417818671,Background,2.5,1.0,21.46,135.3977422695607,251103.pO2xPO4_5x5b.dat.03,29.27
1.2,1.4,0.2638299581378348,Background,2.5,1.0,21.46,195.44250972103328,251103.pO2xPO4_5x5b.dat.44,4.95
1.1,1.4,0.1189120052623094,Background,2.5,1.0,21.46,184.86607586964965,251103.pO2xPO4_5x5b.dat.34,7.34
1.0,1.4,0.0495243160201428,Background,2.5,1.0,21.46,174.80757378507406,251103.pO2xPO4_5x5b.dat.24,12.75
0.9,1.4,0.0143479788442518,Background,2.5,1.0,21.46,165.60667427256703,251103.pO2xPO4_5x5b.dat.14,23.94
0.8,1.4,0.0416480860150808,Background,2.5,1.0,21.46,157.06430713180453,251103.pO2xPO4_5x5b.dat.04,35.14
1.2,1.0,0.0023327014865353,Kellwasser,2.5,1.0,21.46,99.3486391962506,251103.pO2xPO4_5x5b.dat.40,0.83
1.1,1.0,0.0075714041355544,Kellwasser,2.5,1.0,21.46,93.08752487413584,251103.pO2xPO4_5x5b.dat.30,1.47
1.0,1.0,0.0059802279471571,Kellwasser,2.5,1.0,21.46,87.83979865256697,251103.pO2xPO4_5x5b.dat.20,2.75
0.9,1.0,0.0138528113068621,Kellwasser,2.5,1.0,21.46,83.33381992997602,251103.pO2xPO4_5x5b.dat.10,3.94
0.8,1.0,0.0932917465375834,Kellwasser,2.5,1.0,21.46,78.83908256189898,251103.pO2xPO4_5x5b.dat.00,7.06
1.2,1.1,0.0102667741506711,Kellwasser,2.5,1.0,21.46,121.4586227433756,251103.pO2xPO4_5x5b.dat.41,1.56
1.1,1.1,0.0103637776312715,Kellwasser,2.5,1.0,21.46,113.69660205673426,251103.pO2xPO4_5x5b.dat.31,3.85
1.0,1.1,0.0009015231288378,Kellwasser,2.5,1.0,21.46,107.1565566235222,251103.pO2xPO4_5x5b.dat.21,3.94
0.9,1.1,0.0764496608389774,Kellwasser,2.5,1.0,21.46,101.62187390960752,251103.pO2xPO4_5x5b.dat.11,6.79
0.8,1.1,0.2101536736956364,Kellwasser,2.5,1.0,21.46,96.35263995733112,251103.pO2xPO4_5x5b.dat.01,13.85
1.2,1.2,0.0117102353686027,Kellwasser,2.5,1.0,21.46,145.2935830457136,251103.pO2xPO4_5x5b.dat.42,2.84
1.1,1.2,0.0103637776312715,Kellwasser,2.5,1.0,21.46,136.09077723231167,251103.pO2xPO4_5x5b.dat.32,3.85
1.0,1.2,0.0281570330644002,Kellwasser,2.5,1.0,21.46,128.16347589250654,251103.pO2xPO4_5x5b.dat.22,6.15
0.9,1.2,0.1869295517356345,Kellwasser,2.5,1.0,21.46,121.40710168750957,251103.pO2xPO4_5x5b.dat.12,10.28
0.8,1.2,0.5102256415279041,Kellwasser,2.5,1.0,21.46,115.15104415593667,251103.pO2xPO4_5x5b.dat.02,22.2
1.2,1.3,0.0190420881131661,Kellwasser,2.5,1.0,21.46,170.15007324516773,251103.pO2xPO4_5x5b.dat.43,3.58
1.1,1.3,0.0190564641248711,Kellwasser,2.5,1.0,21.46,150.8095010649413,251103.pO2xPO4_5x5b.dat.33,5.41
1.0,1.3,0.1454498779583239,Kellwasser,2.5,1.0,21.46,150.8095010649413,251103.pO2xPO4_5x5b.dat.23,8.26
0.9,1.3,0.4781243071622145,Kellwasser,2.5,1.0,21.46,142.74881687015295,251103.pO2xPO4_5x5b.dat.13,17.61
0.8,1.3,0.4677450781227057,Kellwasser,2.5,1.0,21.46,135.3977422695607,251103.pO2xPO4_5x5b.dat.03,29.27
1.2,1.4,0.0061197644426981,Kellwasser,2.5,1.0,21.46,195.44250972103328,251103.pO2xPO4_5x5b.dat.44,4.95
1.1,1.4,0.1189512620743535,Kellwasser,2.5,1.0,21.46,184.86607586964965,251103.pO2xPO4_5x5b.dat.34,7.34
1.0,1.4,0.2912912980292025,Kellwasser,2.5,1.0,21.46,174.80757378507406,251103.pO2xPO4_5x5b.dat.24,12.75
0.9,1.4,0.5702428505855082,Kellwasser,2.5,1.0,21.46,165.60667427256703,251103.pO2xPO4_5x5b.dat.14,23.94
0.8,1.4,0.3895175018318838,Kellwasser,2.5,1.0,21.46,157.06430713180453,251103.pO2xPO4_5x5b.dat.04,35.14
1.2,1.5,0.14443919655735,Background,2.5,1.0,21.46,75.99377568112686,251103.pO2xPO4_5x5c.dat.40,7.16
1.1,1.5,0.0633974438217549,Background,2.5,1.0,21.46,72.88991764653474,251103.pO2xPO4_5x5c.dat.30,10.09
1.0,1.5,0.0021899673437419,Background,2.5,1.0,21.46,70.09159890003502,251103.pO2xPO4_5x5c.dat.20,19.27
0.9,1.5,0.0251181983237523,Background,2.5,1.0,21.46,67.57135997759178,251103.pO2xPO4_5x5c.dat.10,29.27
0.8,1.5,0.049757907923613,Background,2.5,1.0,21.46,65.189044107683,251103.pO2xPO4_5x5c.dat.00,39.72
1.2,1.6,0.0899372755587701,Background,2.5,1.0,21.46,92.67123823519796,251103.pO2xPO4_5x5c.dat.41,8.44
1.1,1.6,0.0092825416960908,Background,2.5,1.0,21.46,88.89286254998296,251103.pO2xPO4_5x5c.dat.31,14.77
1.0,1.6,0.0188715244859505,Background,2.5,1.0,21.46,85.5810139910318,251103.pO2xPO4_5x5c.dat.21,24.77
0.9,1.6,0.0337728180576353,Background,2.5,1.0,21.46,82.5463212095201,251103.pO2xPO4_5x5c.dat.11,34.31
0.8,1.6,0.0383843955574731,Background,2.5,1.0,21.46,79.78455687407404,251103.pO2xPO4_5x5c.dat.01,45.5
1.2,1.7,0.0511596242902551,Background,2.5,1.0,21.46,110.66108709201217,251103.pO2xPO4_5x5c.dat.42,11.47
1.1,1.7,0.0031386966375586,Background,2.5,1.0,21.46,106.19257955113426,251103.pO2xPO4_5x5c.dat.32,20.92
1.0,1.7,0.021822987679759,Background,2.5,1.0,21.46,102.14909707428887,251103.pO2xPO4_5x5c.dat.22,29.63
0.9,1.7,0.039375496445499,Background,2.5,1.0,21.46,98.53890514932571,251103.pO2xPO4_5x5c.dat.12,38.53
0.8,1.7,0.0320474408226168,Background,2.5,1.0,21.46,95.31509567750618,251103.pO2xPO4_5x5c.dat.02,49.36
1.2,1.8,0.0115822084986865,Background,2.5,1.0,21.46,129.8964343732223,251103.pO2xPO4_5x5c.dat.43,16.7
1.1,1.8,0.0148865393867579,Background,2.5,1.0,21.46,124.60652214940636,251103.pO2xPO4_5x5c.dat.33,24.95
1.0,1.8,0.0273232605459057,Background,2.5,1.0,21.46,119.92189683951436,251103.pO2xPO4_5x5c.dat.23,33.94
0.9,1.8,0.0333619381533952,Background,2.5,1.0,21.46,115.68296031327918,251103.pO2xPO4_5x5c.dat.13,43.3
0.8,1.8,0.0269683132962674,Background,2.5,1.0,21.46,111.81479203514756,251103.pO2xPO4_5x5c.dat.03,53.3
1.2,1.9,0.000162938579251,Background,2.5,1.0,21.46,150.51868103910238,251103.pO2xPO4_5x5c.dat.44,21.65
1.1,1.9,0.0223063814045034,Background,2.5,1.0,21.46,144.23907850869,251103.pO2xPO4_5x5c.dat.34,29.36
1.0,1.9,0.0300733293990773,Background,2.5,1.0,21.46,138.73964780941606,251103.pO2xPO4_5x5c.dat.24,37.71
0.9,1.9,0.0262381835638591,Background,2.5,1.0,21.46,133.82812903728336,251103.pO2xPO4_5x5c.dat.14,47.61
0.8,1.9,0.0231372950456357,Background,2.5,1.0,21.46,129.43152978550643,251103.pO2xPO4_5x5c.dat.04,56.79
1.2,1.5,0.0831347586337434,Kellwasser,2.5,1.0,21.46,75.99377568112686,251103.pO2xPO4_5x5c.dat.40,7.16
1.1,1.5,0.2399303976362258,Kellwasser,2.5,1.0,21.46,72.88991764653474,251103.pO2xPO4_5x5c.dat.30,10.09
1.0,1.5,0.5373411306691622,Kellwasser,2.5,1.0,21.46,70.09159890003502,251103.pO2xPO4_5x5c.dat.20,19.27
0.9,1.5,0.4289033760212034,Kellwasser,2.5,1.0,21.46,67.57135997759178,251103.pO2xPO4_5x5c.dat.10,29.27
0.8,1.5,0.3521808762314684,Kellwasser,2.5,1.0,21.46,65.189044107683,251103.pO2xPO4_5x5c.dat.00,39.72
1.2,1.6,0.1683407170664814,Kellwasser,2.5,1.0,21.46,92.67123823519796,251103.pO2xPO4_5x5c.dat.41,8.44
1.1,1.6,0.5050177722105963,Kellwasser,2.5,1.0,21.46,88.89286254998296,251103.pO2xPO4_5x5c.dat.31,14.77
1.0,1.6,0.4265102092932585,Kellwasser,2.5,1.0,21.46,85.5810139910318,251103.pO2xPO4_5x5c.dat.21,24.77
0.9,1.6,0.3156400205603123,Kellwasser,2.5,1.0,21.46,82.5463212095201,251103.pO2xPO4_5x5c.dat.11,34.31
0.8,1.6,0.2764403450811561,Kellwasser,2.5,1.0,21.46,79.78455687407404,251103.pO2xPO4_5x5c.dat.01,45.5
1.2,1.7,0.2979388294732973,Kellwasser,2.5,1.0,21.46,110.66108709201217,251103.pO2xPO4_5x5c.dat.42,11.47
1.1,1.7,0.5316373497494726,Kellwasser,2.5,1.0,21.46,106.19257955113426,251103.pO2xPO4_5x5c.dat.32,20.92
1.0,1.7,0.3358482754942589,Kellwasser,2.5,1.0,21.46,102.14909707428887,251103.pO2xPO4_5x5c.dat.22,29.63
0.9,1.7,0.287061343318672,Kellwasser,2.5,1.0,21.46,98.53890514932571,251103.pO2xPO4_5x5c.dat.12,38.53
0.8,1.7,0.2174317850620764,Kellwasser,2.5,1.0,21.46,95.31509567750618,251103.pO2xPO4_5x5c.dat.02,49.36
1.2,1.8,0.4712267728382904,Kellwasser,2.5,1.0,21.46,129.8964343732223,251103.pO2xPO4_5x5c.dat.43,16.7
1.1,1.8,0.3319190143793778,Kellwasser,2.5,1.0,21.46,124.60652214940636,251103.pO2xPO4_5x5c.dat.33,24.95
1.0,1.8,0.2476547151038578,Kellwasser,2.5,1.0,21.46,119.92189683951436,251103.pO2xPO4_5x5c.dat.23,33.94
0.9,1.8,0.2270014783473116,Kellwasser,2.5,1.0,21.46,115.68296031327918,251103.pO2xPO4_5x5c.dat.13,43.3
0.8,1.8,0.1722595893509041,Kellwasser,2.5,1.0,21.46,111.81479203514756,251103.pO2xPO4_5x5c.dat.03,53.3
1.2,1.9,0.4013664103989715,Kellwasser,2.5,1.0,21.46,150.51868103910238,251103.pO2xPO4_5x5c.dat.44,21.65
1.1,1.9,0.2476474346886861,Kellwasser,2.5,1.0,21.46,144.23907850869,251103.pO2xPO4_5x5c.dat.34,29.36
1.0,1.9,0.2242983800605722,Kellwasser,2.5,1.0,21.46,138.73964780941606,251103.pO2xPO4_5x5c.dat.24,37.71
0.9,1.9,0.1735524215920444,Kellwasser,2.5,1.0,21.46,133.82812903728336,251103.pO2xPO4_5x5c.dat.14,47.61
0.8,1.9,0.1290109884359649,Kellwasser,2.5,1.0,21.46,129.43152978550643,251103.pO2xPO4_5x5c.dat.04,56.79
0.7,0.5,0.0015914114901042,Background,2.5,1.0,21.46,30.56725108763203,251103.pO2xPO4_5x5d.dat.40,0.28
0.6,0.5,0.0856663794266823,Background,2.5,1.0,21.46,26.76891381270252,251103.pO2xPO4_5x5d.dat.30,0.73
0.5,0.5,0.2609698573603785,Background,2.5,1.0,21.46,23.846676413086243,251103.pO2xPO4_5x5d.dat.20,2.84
0.4,0.5,0.0925668608796838,Background,2.5,1.0,21.46,21.38056515832432,251103.pO2xPO4_5x5d.dat.10,8.07
0.3,0.5,0.076782756728433,Background,2.5,1.0,21.46,19.33727071445901,251103.pO2xPO4_5x5d.dat.00,37.61
0.7,0.6,0.118251759601376,Background,2.5,1.0,21.46,49.82899554306641,251103.pO2xPO4_5x5d.dat.41,1.01
0.6,0.6,0.271581594418472,Background,2.5,1.0,21.46,43.71505565359257,251103.pO2xPO4_5x5d.dat.31,2.94
0.5,0.6,0.1372154155834154,Background,2.5,1.0,21.46,39.197646401589736,251103.pO2xPO4_5x5d.dat.21,6.33
0.4,0.6,0.046314403997969,Background,2.5,1.0,21.46,35.66786108422093,251103.pO2xPO4_5x5d.dat.11,26.61
0.3,0.6,0.0747161196498306,Background,2.5,1.0,21.46,32.76362986071035,251103.pO2xPO4_5x5d.dat.01,55.78
0.7,0.7,0.2947618452698968,Background,2.5,1.0,21.46,72.84681487362832,251103.pO2xPO4_5x5d.dat.42,3.03
0.6,0.7,0.2173426780766454,Background,2.5,1.0,21.46,63.91465285560116,251103.pO2xPO4_5x5d.dat.32,5.78
0.5,0.7,0.0307154301316714,Background,2.5,1.0,21.46,57.27044845116325,251103.pO2xPO4_5x5d.dat.22,18.99
0.4,0.7,0.0692682404871199,Background,2.5,1.0,21.46,52.200339268893,251103.pO2xPO4_5x5d.dat.12,40.55
0.3,0.7,0.0530712476641305,Background,2.5,1.0,21.46,48.115194658748806,251103.pO2xPO4_5x5d.dat.02,70.64
0.7,0.8,0.2782806082663163,Background,2.5,1.0,21.46,97.85952715901658,251103.pO2xPO4_5x5d.dat.43,4.95
0.6,0.8,0.0572364368379726,Background,2.5,1.0,21.46,87.18270692043006,251103.pO2xPO4_5x5d.dat.33,12.66
0.5,0.8,0.0497624396781952,Background,2.5,1.0,21.46,78.14008858986199,251103.pO2xPO4_5x5d.dat.23,31.93
0.4,0.8,0.0697595149652778,Background,2.5,1.0,21.46,71.10309525160119,251103.pO2xPO4_5x5d.dat.13,53.49
0.3,0.8,0.0463283197484377,Background,2.5,1.0,21.46,65.55340223712847,251103.pO2xPO4_5x5d.dat.03,77.06
0.7,0.9,0.1044956721959536,Background,2.5,1.0,21.46,123.44284914433956,251103.pO2xPO4_5x5d.dat.44,9.08
0.6,0.9,0.0155842883131533,Background,2.5,1.0,21.46,112.13793914066628,251103.pO2xPO4_5x5d.dat.34,24.4
0.5,0.9,0.0827437815581403,Background,2.5,1.0,21.46,101.59632802242412,251103.pO2xPO4_5x5d.dat.24,41.38
0.4,0.9,0.0545222548783521,Background,2.5,1.0,21.46,92.48115384252742,251103.pO2xPO4_5x5d.dat.14,63.67
0.3,0.9,0.0403793748396147,Background,2.5,1.0,21.46,85.14296496286988,251103.pO2xPO4_5x5d.dat.04,81.1
0.7,0.5,0.0104204291035454,Kellwasser,2.5,1.0,21.46,30.56725108763203,251103.pO2xPO4_5x5d.dat.40,0.28
0.6,0.5,0.0035880140052051,Kellwasser,2.5,1.0,21.46,26.76891381270252,251103.pO2xPO4_5x5d.dat.30,0.73
0.5,0.5,0.0001111903537387,Kellwasser,2.5,1.0,21.46,23.846676413086243,251103.pO2xPO4_5x5d.dat.20,2.84
0.4,0.5,0.1134726234959616,Kellwasser,2.5,1.0,21.46,21.38056515832432,251103.pO2xPO4_5x5d.dat.10,8.07
0.3,0.5,0.4353798689797362,Kellwasser,2.5,1.0,21.46,19.33727071445901,251103.pO2xPO4_5x5d.dat.00,37.61
0.7,0.6,0.0008402591746777,Kellwasser,2.5,1.0,21.46,49.82899554306641,251103.pO2xPO4_5x5d.dat.41,1.01
0.6,0.6,0.0006767123024856,Kellwasser,2.5,1.0,21.46,43.71505565359257,251103.pO2xPO4_5x5d.dat.31,2.94
0.5,0.6,0.0703009447225009,Kellwasser,2.5,1.0,21.46,39.197646401589736,251103.pO2xPO4_5x5d.dat.21,6.33
0.4,0.6,0.43347764659956,Kellwasser,2.5,1.0,21.46,35.66786108422093,251103.pO2xPO4_5x5d.dat.11,26.61
0.3,0.6,0.4302772763747175,Kellwasser,2.5,1.0,21.46,32.76362986071035,251103.pO2xPO4_5x5d.dat.01,55.78
0.7,0.7,0.0003657146972098,Kellwasser,2.5,1.0,21.46,72.84681487362832,251103.pO2xPO4_5x5d.dat.42,3.03
0.6,0.7,0.0357424351438929,Kellwasser,2.5,1.0,21.46,63.91465285560116,251103.pO2xPO4_5x5d.dat.32,5.78
0.5,0.7,0.309250730896145,Kellwasser,2.5,1.0,21.46,57.27044845116325,251103.pO2xPO4_5x5d.dat.22,18.99
0.4,0.7,0.4331164275246198,Kellwasser,2.5,1.0,21.46,52.200339268893,251103.pO2xPO4_5x5d.dat.12,40.55
0.3,0.7,0.3313364226145906,Kellwasser,2.5,1.0,21.46,48.115194658748806,251103.pO2xPO4_5x5d.dat.02,70.64
0.7,0.8,0.0196426956810503,Kellwasser,2.5,1.0,21.46,97.85952715901658,251103.pO2xPO4_5x5d.dat.43,4.95
0.6,0.8,0.1702807490205344,Kellwasser,2.5,1.0,21.46,87.18270692043006,251103.pO2xPO4_5x5d.dat.33,12.66
0.5,0.8,0.4520314461444967,Kellwasser,2.5,1.0,21.46,78.14008858986199,251103.pO2xPO4_5x5d.dat.23,31.93
0.4,0.8,0.4358628984014078,Kellwasser,2.5,1.0,21.46,71.10309525160119,251103.pO2xPO4_5x5d.dat.13,53.49
0.3,0.8,0.2445752026241638,Kellwasser,2.5,1.0,21.46,65.55340223712847,251103.pO2xPO4_5x5d.dat.03,77.06
0.7,0.9,0.1283301358384345,Kellwasser,2.5,1.0,21.46,123.44284914433956,251103.pO2xPO4_5x5d.dat.44,9.08
0.6,0.9,0.4419044936046395,Kellwasser,2.5,1.0,21.46,112.13793914066628,251103.pO2xPO4_5x5d.dat.34,24.4
0.5,0.9,0.4962967542695774,Kellwasser,2.5,1.0,21.46,101.59632802242412,251103.pO2xPO4_5x5d.dat.24,41.38
0.4,0.9,0.3393071526422604,Kellwasser,2.5,1.0,21.46,92.48115384252742,251103.pO2xPO4_5x5d.dat.14,63.67
0.3,0.9,0.1211083733009511,Kellwasser,2.5,1.0,21.46,85.14296496286988,251103.pO2xPO4_5x5d.dat.04,81.1
0.7,1.0,0.0207670193266103,Background,2.5,1.0,21.46,17.60421582730487,251103.pO2xPO4_5x5e.dat.40,18.9
0.6,1.0,0.047272375251661,Background,2.5,1.0,21.46,16.262094504782,251103.pO2xPO4_5x5e.dat.30,34.13
0.5,1.0,0.0626528181000496,Background,2.5,1.0,21.46,15.152048035815824,251103.pO2xPO4_5x5e.dat.20,51.38
0.4,1.0,0.0424111487883025,Background,2.5,1.0,21.46,14.123155779088847,251103.pO2xPO4_5x5e.dat.10,71.56
0.3,1.0,0.0243009457793393,Background,2.5,1.0,21.46,12.9582849694998,251103.pO2xPO4_5x5e.dat.00,87.8
0.7,1.1,0.0222346170348691,Background,2.5,1.0,21.46,30.252918804762885,251103.pO2xPO4_5x5e.dat.41,27.25
0.6,1.1,0.0733837270286582,Background,2.5,1.0,21.46,28.063434001524,251103.pO2xPO4_5x5e.dat.31,41.28
0.5,1.1,0.05219761343324,Background,2.5,1.0,21.46,26.131847334909253,251103.pO2xPO4_5x5e.dat.21,58.53
0.4,1.1,0.0384499653888091,Background,2.5,1.0,21.46,24.36184513499029,251103.pO2xPO4_5x5e.dat.11,75.69
0.3,1.1,0.0200617390920514,Background,2.5,1.0,21.46,22.37877924926579,251103.pO2xPO4_5x5e.dat.01,88.35
0.7,1.2,0.0464458887910012,Background,2.5,1.0,21.46,44.734322727890685,251103.pO2xPO4_5x5e.dat.42,34.95
0.6,1.2,0.0544166654640331,Background,2.5,1.0,21.46,41.84947465546429,251103.pO2xPO4_5x5e.dat.32,49.08
0.5,1.2,0.038911411878811,Background,2.5,1.0,21.46,39.34332562494092,251103.pO2xPO4_5x5e.dat.22,64.5
0.4,1.2,0.033474815575649,Background,2.5,1.0,21.46,37.03143374877982,251103.pO2xPO4_5x5e.dat.12,79.17
0.3,1.2,0.0147895485839844,Background,2.5,1.0,21.46,34.47399285505526,251103.pO2xPO4_5x5e.dat.02,88.26
0.7,1.3,0.0610697763788055,Background,2.5,1.0,21.46,61.01823237258941,251103.pO2xPO4_5x5e.dat.43,40.46
0.6,1.3,0.0451059777931864,Background,2.5,1.0,21.46,57.227807701565325,251103.pO2xPO4_5x5e.dat.33,54.77
0.5,1.3,0.0343372032973187,Background,2.5,1.0,21.46,53.95882544689812,251103.pO2xPO4_5x5e.dat.23,70.55
0.4,1.3,0.0215620604162733,Background,2.5,1.0,21.46,51.103110308758914,251103.pO2xPO4_5x5e.dat.13,81.1
0.3,1.3,0.0120585251482236,Background,2.5,1.0,21.46,48.031572077889,251103.pO2xPO4_5x5e.dat.03,88.07
0.7,1.4,0.0466117861258707,Background,2.5,1.0,21.46,79.20797361293808,251103.pO2xPO4_5x5e.dat.44,47.71
0.6,1.4,0.037669771982178,Background,2.5,1.0,21.46,74.29863762808964,251103.pO2xPO4_5x5e.dat.34,60.92
0.5,1.4,0.0311130919884229,Background,2.5,1.0,21.46,70.07114618318155,251103.pO2xPO4_5x5e.dat.24,74.5
0.4,1.4,0.0178506801316992,Background,2.5,1.0,21.46,66.50572322541848,251103.pO2xPO4_5x5e.dat.14,87.16
0.3,1.4,0.0099426499040349,Background,2.5,1.0,21.46,62.78978253249079,251103.pO2xPO4_5x5e.dat.04,87.8
0.7,1.0,0.3959915095115224,Kellwasser,2.5,1.0,21.46,17.60421582730487,251103.pO2xPO4_5x5e.dat.40,18.9
0.6,1.0,0.4831701265327703,Kellwasser,2.5,1.0,21.46,16.262094504782,251103.pO2xPO4_5x5e.dat.30,34.13
0.5,1.0,0.4112868183042784,Kellwasser,2.5,1.0,21.46,15.152048035815824,251103.pO2xPO4_5x5e.dat.20,51.38
0.4,1.0,0.2677369370945942,Kellwasser,2.5,1.0,21.46,14.123155779088847,251103.pO2xPO4_5x5e.dat.10,71.56
0.3,1.0,0.0632347011930583,Kellwasser,2.5,1.0,21.46,12.9582849694998,251103.pO2xPO4_5x5e.dat.00,87.8
0.7,1.1,0.549804563893655,Kellwasser,2.5,1.0,21.46,30.252918804762885,251103.pO2xPO4_5x5e.dat.41,27.25
0.6,1.1,0.4572383386403051,Kellwasser,2.5,1.0,21.46,28.063434001524,251103.pO2xPO4_5x5e.dat.31,41.28
0.5,1.1,0.3324024573800572,Kellwasser,2.5,1.0,21.46,26.131847334909253,251103.pO2xPO4_5x5e.dat.21,58.53
0.4,1.1,0.1989037092365126,Kellwasser,2.5,1.0,21.46,24.36184513499029,251103.pO2xPO4_5x5e.dat.11,75.69
0.3,1.1,0.0453712678208775,Kellwasser,2.5,1.0,21.46,22.37877924926579,251103.pO2xPO4_5x5e.dat.01,88.35
0.7,1.2,0.4499061408489328,Kellwasser,2.5,1.0,21.46,44.734322727890685,251103.pO2xPO4_5x5e.dat.42,34.95
0.6,1.2,0.3751365164999076,Kellwasser,2.5,1.0,21.46,41.84947465546429,251103.pO2xPO4_5x5e.dat.32,49.08
0.5,1.2,0.2549752215222567,Kellwasser,2.5,1.0,21.46,39.34332562494092,251103.pO2xPO4_5x5e.dat.22,64.5
0.4,1.2,0.1051854385161176,Kellwasser,2.5,1.0,21.46,37.03143374877982,251103.pO2xPO4_5x5e.dat.12,79.17
0.3,1.2,0.0337587862735074,Kellwasser,2.5,1.0,21.46,34.47399285505526,251103.pO2xPO4_5x5e.dat.02,88.26
0.7,1.3,0.4094676206565618,Kellwasser,2.5,1.0,21.46,61.01823237258941,251103.pO2xPO4_5x5e.dat.43,40.46
0.6,1.3,0.3015988165320475,Kellwasser,2.5,1.0,21.46,57.227807701565325,251103.pO2xPO4_5x5e.dat.33,54.77
0.5,1.3,0.1936937423855342,Kellwasser,2.5,1.0,21.46,53.95882544689812,251103.pO2xPO4_5x5e.dat.23,70.55
0.4,1.3,0.050556088712151,Kellwasser,2.5,1.0,21.46,51.103110308758914,251103.pO2xPO4_5x5e.dat.13,81.1
0.3,1.3,0.0233063215531751,Kellwasser,2.5,1.0,21.46,48.031572077889,251103.pO2xPO4_5x5e.dat.03,88.07
0.7,1.4,0.3308852849913561,Kellwasser,2.5,1.0,21.46,79.20797361293808,251103.pO2xPO4_5x5e.dat.44,47.71
0.6,1.4,0.2344009746690021,Kellwasser,2.5,1.0,21.46,74.29863762808964,251103.pO2xPO4_5x5e.dat.34,60.92
0.5,1.4,0.1503197025201796,Kellwasser,2.5,1.0,21.46,70.07114618318155,251103.pO2xPO4_5x5e.dat.24,74.5
0.4,1.4,0.0366405030343497,Kellwasser,2.5,1.0,21.46,66.50572322541848,251103.pO2xPO4_5x5e.dat.14,87.16
0.3,1.4,0.0168622856295698,Kellwasser,2.5,1.0,21.46,62.78978253249079,251103.pO2xPO4_5x5e.dat.04,87.8
0.7,1.5,0.0378052147814191,Background,2.5,1.0,21.46,12.40639994648518,251103.pO2xPO4_5x5f.dat.40,52.2
0.6,1.5,0.0299851630421267,Background,2.5,1.0,21.46,11.756353160308208,251103.pO2xPO4_5x5f.dat.30,64.59
0.5,1.5,0.0272216792848426,Background,2.5,1.0,21.46,11.166250260430388,251103.pO2xPO4_5x5f.dat.20,76.51
0.4,1.5,0.0143262094838343,Background,2.5,1.0,21.46,10.63068975781789,251103.pO2xPO4_5x5f.dat.10,88.9
0.3,1.5,0.007259504831457,Background,2.5,1.0,21.46,10.14224108075723,251103.pO2xPO4_5x5f.dat.00,87.52
0.7,1.6,0.0331923661645533,Background,2.5,1.0,21.46,21.51756598323118,251103.pO2xPO4_5x5f.dat.41,56.42
0.6,1.6,0.0269593279859195,Background,2.5,1.0,21.46,20.42340929619968,251103.pO2xPO4_5x5f.dat.31,68.9
0.5,1.6,0.0196017656136552,Background,2.5,1.0,21.46,19.40028778335545,251103.pO2xPO4_5x5f.dat.21,78.9
0.4,1.6,0.0115153878481169,Background,2.5,1.0,21.46,18.40369623096194,251103.pO2xPO4_5x5f.dat.11,88.81
0.3,1.6,0.0052385363498329,Background,2.5,1.0,21.46,17.562353605171666,251103.pO2xPO4_5x5f.dat.01,87.61
0.7,1.7,0.0260127438112763,Background,2.5,1.0,21.46,33.18726521683857,251103.pO2xPO4_5x5f.dat.42,60.18
0.6,1.7,0.0234503587638721,Background,2.5,1.0,21.46,31.46607559756376,251103.pO2xPO4_5x5f.dat.32,72.11
0.5,1.7,0.0132204327352079,Background,2.5,1.0,21.46,29.898797947680578,251103.pO2xPO4_5x5f.dat.22,81.28
0.4,1.7,0.0069205527417934,Background,2.5,1.0,21.46,28.48186886694748,251103.pO2xPO4_5x5f.dat.12,88.62
0.3,1.7,0.0032886023982414,Background,2.5,1.0,21.46,27.181940822629254,251103.pO2xPO4_5x5f.dat.02,87.71
0.7,1.8,0.0225145151428615,Background,2.5,1.0,21.46,46.24018038157374,251103.pO2xPO4_5x5f.dat.43,63.21
0.6,1.8,0.020373233054675,Background,2.5,1.0,21.46,44.15489092934877,251103.pO2xPO4_5x5f.dat.33,74.22
0.5,1.8,0.0098568678415564,Background,2.5,1.0,21.46,42.25650627631694,251103.pO2xPO4_5x5f.dat.23,81.47
0.4,1.8,0.0046546031325893,Background,2.5,1.0,21.46,40.45609966851771,251103.pO2xPO4_5x5f.dat.13,88.81
0.3,1.8,0.0006807680932433,Background,2.5,1.0,21.46,38.79043288179673,251103.pO2xPO4_5x5f.dat.03,87.98
0.7,1.9,0.0190658767613071,Background,2.5,1.0,21.46,60.53685865481384,251103.pO2xPO4_5x5f.dat.44,67.06
0.6,1.9,0.0152160641284275,Background,2.5,1.0,21.46,58.0179548705928,251103.pO2xPO4_5x5f.dat.34,75.96
0.5,1.9,0.0072901487768675,Background,2.5,1.0,21.46,55.63843660638668,251103.pO2xPO4_5x5f.dat.24,87.25
0.4,1.9,0.0027272803598818,Background,2.5,1.0,21.46,53.44712189980783,251103.pO2xPO4_5x5f.dat.14,88.26
0.3,1.9,0.0003557151574887,Background,2.5,1.0,21.46,51.51152436155826,251103.pO2xPO4_5x5f.dat.04,87.98
0.7,1.5,0.2626642925103973,Kellwasser,2.5,1.0,21.46,12.40639994648518,251103.pO2xPO4_5x5f.dat.40,52.2
0.6,1.5,0.1861494568640223,Kellwasser,2.5,1.0,21.46,11.756353160308208,251103.pO2xPO4_5x5f.dat.30,64.59
0.5,1.5,0.0778710064212146,Kellwasser,2.5,1.0,21.46,11.166250260430388,251103.pO2xPO4_5x5f.dat.20,76.51
0.4,1.5,0.0237316595842693,Kellwasser,2.5,1.0,21.46,10.63068975781789,251103.pO2xPO4_5x5f.dat.10,88.9
0.3,1.5,0.0124581626584844,Kellwasser,2.5,1.0,21.46,10.14224108075723,251103.pO2xPO4_5x5f.dat.00,87.52
0.7,1.6,0.2047536188671951,Kellwasser,2.5,1.0,21.46,21.51756598323118,251103.pO2xPO4_5x5f.dat.41,56.42
0.6,1.6,0.1339385814378303,Kellwasser,2.5,1.0,21.46,20.42340929619968,251103.pO2xPO4_5x5f.dat.31,68.9
0.5,1.6,0.0356292061270296,Kellwasser,2.5,1.0,21.46,19.40028778335545,251103.pO2xPO4_5x5f.dat.21,78.9
0.4,1.6,0.0174588986077807,Kellwasser,2.5,1.0,21.46,18.40369623096194,251103.pO2xPO4_5x5f.dat.11,88.81
0.3,1.6,0.0095686381436378,Kellwasser,2.5,1.0,21.46,17.562353605171666,251103.pO2xPO4_5x5f.dat.01,87.61
0.7,1.7,0.1579791223274935,Kellwasser,2.5,1.0,21.46,33.18726521683857,251103.pO2xPO4_5x5f.dat.42,60.18
0.6,1.7,0.1028682921260602,Kellwasser,2.5,1.0,21.46,31.46607559756376,251103.pO2xPO4_5x5f.dat.32,72.11
0.5,1.7,0.022536780767617,Kellwasser,2.5,1.0,21.46,29.898797947680578,251103.pO2xPO4_5x5f.dat.22,81.28
0.4,1.7,0.0129760493101221,Kellwasser,2.5,1.0,21.46,28.48186886694748,251103.pO2xPO4_5x5f.dat.12,88.62
0.3,1.7,0.0070612766356987,Kellwasser,2.5,1.0,21.46,27.181940822629254,251103.pO2xPO4_5x5f.dat.02,87.71
0.7,1.8,0.1185289631512169,Kellwasser,2.5,1.0,21.46,46.24018038157374,251103.pO2xPO4_5x5f.dat.43,63.21
0.6,1.8,0.0501532891849318,Kellwasser,2.5,1.0,21.46,44.15489092934877,251103.pO2xPO4_5x5f.dat.33,74.22
0.5,1.8,0.0147946871922134,Kellwasser,2.5,1.0,21.46,42.25650627631694,251103.pO2xPO4_5x5f.dat.23,81.47
0.4,1.8,0.0096136491974623,Kellwasser,2.5,1.0,21.46,40.45609966851771,251103.pO2xPO4_5x5f.dat.13,88.81
0.3,1.8,0.0037333216046038,Kellwasser,2.5,1.0,21.46,38.79043288179673,251103.pO2xPO4_5x5f.dat.03,87.98
0.7,1.9,0.0864376912267679,Kellwasser,2.5,1.0,21.46,60.53685865481384,251103.pO2xPO4_5x5f.dat.44,67.06
0.6,1.9,0.0301854529270191,Kellwasser,2.5,1.0,21.46,58.0179548705928,251103.pO2xPO4_5x5f.dat.34,75.96
0.5,1.9,0.0115095305467789,Kellwasser,2.5,1.0,21.46,55.63843660638668,251103.pO2xPO4_5x5f.dat.24,87.25
0.4,1.9,0.007050948338568,Kellwasser,2.5,1.0,21.46,53.44712189980783,251103.pO2xPO4_5x5f.dat.14,88.26
0.3,1.9,0.002366050269464,Kellwasser,2.5,1.0,21.46,51.51152436155826,251103.pO2xPO4_5x5f.dat.04,87.98
1.2,2.0,0.0120929839829397,Background,2.5,1.0,21.46,62.9394271527417,Devon370Ma_1xRemin_2.5xpCO2.pO2xPO4_5x5g.dat.40,25.23
1.1,2.0,0.0211231170691275,Background,2.5,1.0,21.46,60.934038629056886,Devon370Ma_1xRemin_2.5xpCO2.pO2xPO4_5x5g.dat.30,33.3
1.0,2.0,0.0255286656698698,Background,2.5,1.0,21.46,59.09508399781771,Devon370Ma_1xRemin_2.5xpCO2.pO2xPO4_5x5g.dat.20,41.28
0.9,2.0,0.0213339002671972,Background,2.5,1.0,21.46,57.32847421313636,Devon370Ma_1xRemin_2.5xpCO2.pO2xPO4_5x5g.dat.10,50.73
0.8,2.0,0.0173376821549525,Background,2.5,1.0,21.46,55.63097874983214,Devon370Ma_1xRemin_2.5xpCO2.pO2xPO4_5x5g.dat.00,59.82
1.2,2.1,0.0178413744002246,Background,2.5,1.0,21.46,77.26295007159933,Devon370Ma_1xRemin_2.5xpCO2.pO2xPO4_5x5g.dat.41,29.27
1.1,2.1,0.022152151531217,Background,2.5,1.0,21.46,74.91989526897669,Devon370Ma_1xRemin_2.5xpCO2.pO2xPO4_5x5g.dat.31,36.7
1.0,2.1,0.0211680119037921,Background,2.5,1.0,21.46,72.62603321578354,Devon370Ma_1xRemin_2.5xpCO2.pO2xPO4_5x5g.dat.21,45.69
0.9,2.1,0.0182902395787732,Background,2.5,1.0,21.46,70.546506321989,Devon370Ma_1xRemin_2.5xpCO2.pO2xPO4_5x5g.dat.11,53.58
0.8,2.1,0.0149283364439962,Background,2.5,1.0,21.46,68.66200419608504,Devon370Ma_1xRemin_2.5xpCO2.pO2xPO4_5x5g.dat.01,62.2
1.2,2.2,0.0164614404889095,Background,2.5,1.0,21.46,92.34969184035435,Devon370Ma_1xRemin_2.5xpCO2.pO2xPO4_5x5g.dat.42,32.57
1.1,2.2,0.0189522967273409,Background,2.5,1.0,21.46,89.62055289885029,Devon370Ma_1xRemin_2.5xpCO2.pO2xPO4_5x5g.dat.32,39.82
1.0,2.2,0.0167893486217885,Background,2.5,1.0,21.46,87.11992995813489,Devon370Ma_1xRemin_2.5xpCO2.pO2xPO4_5x5g.dat.22,48.44
0.9,2.2,0.0139284431411069,Background,2.5,1.0,21.46,84.80381802655756,Devon370Ma_1xRemin_2.5xpCO2.pO2xPO4_5x5g.dat.12,56.42
0.8,2.2,0.0124501045597116,Background,2.5,1.0,21.46,82.52949919551611,Devon370Ma_1xRemin_2.5xpCO2.pO2xPO4_5x5g.dat.02,64.86
1.2,2.3,0.0167024252660214,Background,2.5,1.0,21.46,108.35594730451704,Devon370Ma_1xRemin_2.5xpCO2.pO2xPO4_5x5g.dat.43,35.6
1.1,2.3,0.0156203759285199,Background,2.5,1.0,21.46,105.20543582970276,Devon370Ma_1xRemin_2.5xpCO2.pO2xPO4_5x5g.dat.33,43.3
1.0,2.3,0.0136285244229931,Background,2.5,1.0,21.46,102.30132465949282,Devon370Ma_1xRemin_2.5xpCO2.pO2xPO4_5x5g.dat.23,51.19
0.9,2.3,0.0116075322911274,Background,2.5,1.0,21.46,99.60295574273914,Devon370Ma_1xRemin_2.5xpCO2.pO2xPO4_5x5g.dat.13,59.08
0.8,2.3,0.0085877730813929,Background,2.5,1.0,21.46,97.12640166981146,Devon370Ma_1xRemin_2.5xpCO2.pO2xPO4_5x5g.dat.03,67.06
1.2,2.4,0.0135344011502572,Background,2.5,1.0,21.46,125.37052680272608,Devon370Ma_1xRemin_2.5xpCO2.pO2xPO4_5x5g.dat.44,38.53
1.1,2.4,0.0121622701695444,Background,2.5,1.0,21.46,121.67518434580415,Devon370Ma_1xRemin_2.5xpCO2.pO2xPO4_5x5g.dat.34,46.42
1.0,2.4,0.010660083664516,Background,2.5,1.0,21.46,118.34470933536068,Devon370Ma_1xRemin_2.5xpCO2.pO2xPO4_5x5g.dat.24,53.58
0.9,2.4,0.0093046484881243,Background,2.5,1.0,21.46,115.2632903540507,Devon370Ma_1xRemin_2.5xpCO2.pO2xPO4_5x5g.dat.14,60.92
0.8,2.4,0.0066118491553121,Background,2.5,1.0,21.46,112.41032188991085,Devon370Ma_1xRemin_2.5xpCO2.pO2xPO4_5x5g.dat.04,69.08
1.2,2.0,0.2575670996164191,Kellwasser,2.5,1.0,21.46,62.9394271527417,Devon370Ma_1xRemin_2.5xpCO2.pO2xPO4_5x5g.dat.40,25.23
1.1,2.0,0.1904194268711936,Kellwasser,2.5,1.0,21.46,60.934038629056886,Devon370Ma_1xRemin_2.5xpCO2.pO2xPO4_5x5g.dat.30,33.3
1.0,2.0,0.1745515906421484,Kellwasser,2.5,1.0,21.46,59.09508399781771,Devon370Ma_1xRemin_2.5xpCO2.pO2xPO4_5x5g.dat.20,41.28
0.9,2.0,0.1346615140273276,Kellwasser,2.5,1.0,21.46,57.32847421313636,Devon370Ma_1xRemin_2.5xpCO2.pO2xPO4_5x5g.dat.10,50.73
0.8,2.0,0.0990310872219408,Kellwasser,2.5,1.0,21.46,55.63097874983214,Devon370Ma_1xRemin_2.5xpCO2.pO2xPO4_5x5g.dat.00,59.82
1.2,2.1,0.1870531475144761,Kellwasser,2.5,1.0,21.46,77.26295007159933,Devon370Ma_1xRemin_2.5xpCO2.pO2xPO4_5x5g.dat.41,29.27
1.1,2.1,0.1681098592836843,Kellwasser,2.5,1.0,21.46,74.91989526897669,Devon370Ma_1xRemin_2.5xpCO2.pO2xPO4_5x5g.dat.31,36.7
1.0,2.1,0.1331261229407139,Kellwasser,2.5,1.0,21.46,72.62603321578354,Devon370Ma_1xRemin_2.5xpCO2.pO2xPO4_5x5g.dat.21,45.69
0.9,2.1,0.1002709486044702,Kellwasser,2.5,1.0,21.46,70.546506321989,Devon370Ma_1xRemin_2.5xpCO2.pO2xPO4_5x5g.dat.11,53.58
0.8,2.1,0.0699410507664799,Kellwasser,2.5,1.0,21.46,68.66200419608504,Devon370Ma_1xRemin_2.5xpCO2.pO2xPO4_5x5g.dat.01,62.2
1.2,2.2,0.1433952449611885,Kellwasser,2.5,1.0,21.46,92.34969184035435,Devon370Ma_1xRemin_2.5xpCO2.pO2xPO4_5x5g.dat.42,32.57
1.1,2.2,0.1286180150019587,Kellwasser,2.5,1.0,21.46,89.62055289885029,Devon370Ma_1xRemin_2.5xpCO2.pO2xPO4_5x5g.dat.32,39.82
1.0,2.2,0.1012940613541026,Kellwasser,2.5,1.0,21.46,87.11992995813489,Devon370Ma_1xRemin_2.5xpCO2.pO2xPO4_5x5g.dat.22,48.44
0.9,2.2,0.0752345660983312,Kellwasser,2.5,1.0,21.46,84.80381802655756,Devon370Ma_1xRemin_2.5xpCO2.pO2xPO4_5x5g.dat.12,56.42
0.8,2.2,0.0488740785450241,Kellwasser,2.5,1.0,21.46,82.52949919551611,Devon370Ma_1xRemin_2.5xpCO2.pO2xPO4_5x5g.dat.02,64.86
1.2,2.3,0.1211802850984258,Kellwasser,2.5,1.0,21.46,108.35594730451704,Devon370Ma_1xRemin_2.5xpCO2.pO2xPO4_5x5g.dat.43,35.6
1.1,2.3,0.0960547162770219,Kellwasser,2.5,1.0,21.46,105.20543582970276,Devon370Ma_1xRemin_2.5xpCO2.pO2xPO4_5x5g.dat.33,43.3
1.0,2.3,0.0720748114310789,Kellwasser,2.5,1.0,21.46,102.30132465949282,Devon370Ma_1xRemin_2.5xpCO2.pO2xPO4_5x5g.dat.23,51.19
0.9,2.3,0.0524914925541621,Kellwasser,2.5,1.0,21.46,99.60295574273914,Devon370Ma_1xRemin_2.5xpCO2.pO2xPO4_5x5g.dat.13,59.08
0.8,2.3,0.0338630350296972,Kellwasser,2.5,1.0,21.46,97.12640166981146,Devon370Ma_1xRemin_2.5xpCO2.pO2xPO4_5x5g.dat.03,67.06
1.2,2.4,0.0905400803842815,Kellwasser,2.5,1.0,21.46,125.37052680272608,Devon370Ma_1xRemin_2.5xpCO2.pO2xPO4_5x5g.dat.44,38.53
1.1,2.4,0.0712228376645005,Kellwasser,2.5,1.0,21.46,121.67518434580415,Devon370Ma_1xRemin_2.5xpCO2.pO2xPO4_5x5g.dat.34,46.42
1.0,2.4,0.0524678114915658,Kellwasser,2.5,1.0,21.46,118.34470933536068,Devon370Ma_1xRemin_2.5xpCO2.pO2xPO4_5x5g.dat.24,53.58
0.9,2.4,0.035317437019782,Kellwasser,2.5,1.0,21.46,115.2632903540507,Devon370Ma_1xRemin_2.5xpCO2.pO2xPO4_5x5g.dat.14,60.92
0.8,2.4,0.0187437398149165,Kellwasser,2.5,1.0,21.46,112.41032188991085,Devon370Ma_1xRemin_2.5xpCO2.pO2xPO4_5x5g.dat.04,69.08
0.7,2.0,0.0160891015564659,Background,2.5,1.0,21.46,9.67760479397839,Devon370Ma_1xRemin_2.5xpCO2.pO2xPO4_5x5h.dat.40,69.36
0.6,2.0,0.0084264514485974,Background,2.5,1.0,21.46,9.22150047699688,Devon370Ma_1xRemin_2.5xpCO2.pO2xPO4_5x5h.dat.30,77.25
0.5,2.0,0.0032547533941443,Background,2.5,1.0,21.46,8.804728167888243,Devon370Ma_1xRemin_2.5xpCO2.pO2xPO4_5x5h.dat.20,88.72
0.4,2.0,0.0008618789532817,Background,2.5,1.0,21.46,8.45599606691394,Devon370Ma_1xRemin_2.5xpCO2.pO2xPO4_5x5h.dat.10,88.26
0.3,2.0,0.0001909247874997,Background,2.5,1.0,21.46,8.140218596963678,Devon370Ma_1xRemin_2.5xpCO2.pO2xPO4_5x5h.dat.00,87.8
0.7,2.1,0.0132667346338224,Background,2.5,1.0,21.46,16.84797098278068,Devon370Ma_1xRemin_2.5xpCO2.pO2xPO4_5x5h.dat.41,71.83
0.6,2.1,0.0054826126940562,Background,2.5,1.0,21.46,16.198502635234036,Devon370Ma_1xRemin_2.5xpCO2.pO2xPO4_5x5h.dat.31,79.17
0.5,2.1,0.0011240054918449,Background,2.5,1.0,21.46,15.595174772897735,Devon370Ma_1xRemin_2.5xpCO2.pO2xPO4_5x5h.dat.21,88.72
0.4,2.1,0.0004173873213253,Background,2.5,1.0,21.46,15.0294317791122,Devon370Ma_1xRemin_2.5xpCO2.pO2xPO4_5x5h.dat.11,88.26
0.3,2.1,0.0001066959869854,Background,2.5,1.0,21.46,14.502018530038184,Devon370Ma_1xRemin_2.5xpCO2.pO2xPO4_5x5h.dat.01,87.8
0.7,2.2,0.0085169821412405,Background,2.5,1.0,21.46,26.042158424388617,Devon370Ma_1xRemin_2.5xpCO2.pO2xPO4_5x5h.dat.42,73.39
0.6,2.2,0.0027728842210635,Background,2.5,1.0,21.46,24.984976334962997,Devon370Ma_1xRemin_2.5xpCO2.pO2xPO4_5x5h.dat.32,80.92
0.5,2.2,0.0005414438079629,Background,2.5,1.0,21.46,23.95033516222611,Devon370Ma_1xRemin_2.5xpCO2.pO2xPO4_5x5h.dat.22,88.72
0.4,2.2,0.0002059041010654,Background,2.5,1.0,21.46,23.08000512130093,Devon370Ma_1xRemin_2.5xpCO2.pO2xPO4_5x5h.dat.12,88.17
0.3,2.2,9.273262814919944e-05,Background,2.5,1.0,21.46,22.32621409348212,Devon370Ma_1xRemin_2.5xpCO2.pO2xPO4_5x5h.dat.02,87.61
0.7,2.3,0.0031784174483009,Background,2.5,1.0,21.46,37.24032285390422,Devon370Ma_1xRemin_2.5xpCO2.pO2xPO4_5x5h.dat.43,74.95
0.6,2.3,0.0007710556833708,Background,2.5,1.0,21.46,35.8409270120319,Devon370Ma_1xRemin_2.5xpCO2.pO2xPO4_5x5h.dat.33,81.1
0.5,2.3,0.0002885287884901,Background,2.5,1.0,21.46,34.522596251918,Devon370Ma_1xRemin_2.5xpCO2.pO2xPO4_5x5h.dat.23,88.72
0.4,2.3,0.0001148860951647,Background,2.5,1.0,21.46,33.274605812039226,Devon370Ma_1xRemin_2.5xpCO2.pO2xPO4_5x5h.dat.13,88.17
0.3,2.3,7.219082661238821e-05,Background,2.5,1.0,21.46,32.09512942703441,Devon370Ma_1xRemin_2.5xpCO2.pO2xPO4_5x5h.dat.03,87.16
0.7,2.4,0.0009590693565195,Background,2.5,1.0,21.46,49.6797074447386,Devon370Ma_1xRemin_2.5xpCO2.pO2xPO4_5x5h.dat.44,76.33
0.6,2.4,0.0003031307355467,Background,2.5,1.0,21.46,47.93783227796666,Devon370Ma_1xRemin_2.5xpCO2.pO2xPO4_5x5h.dat.34,84.77
0.5,2.4,0.0001445220384678,Background,2.5,1.0,21.46,46.31797855836339,Devon370Ma_1xRemin_2.5xpCO2.pO2xPO4_5x5h.dat.24,88.72
0.4,2.4,0.0001033143897697,Background,2.5,1.0,21.46,44.79342169361189,Devon370Ma_1xRemin_2.5xpCO2.pO2xPO4_5x5h.dat.14,88.07
0.3,2.4,6.474738398908266e-05,Background,2.5,1.0,21.46,43.40765008237213,Devon370Ma_1xRemin_2.5xpCO2.pO2xPO4_5x5h.dat.04,87.16
0.7,2.0,0.0634209854559745,Kellwasser,2.5,1.0,21.46,9.67760479397839,Devon370Ma_1xRemin_2.5xpCO2.pO2xPO4_5x5h.dat.40,69.36
0.6,2.0,0.014915711656015,Kellwasser,2.5,1.0,21.46,9.22150047699688,Devon370Ma_1xRemin_2.5xpCO2.pO2xPO4_5x5h.dat.30,77.25
0.5,2.0,0.0079847856697205,Kellwasser,2.5,1.0,21.46,8.804728167888243,Devon370Ma_1xRemin_2.5xpCO2.pO2xPO4_5x5h.dat.20,88.72
0.4,2.0,0.0043179560679243,Kellwasser,2.5,1.0,21.46,8.45599606691394,Devon370Ma_1xRemin_2.5xpCO2.pO2xPO4_5x5h.dat.10,88.26
0.3,2.0,0.001249767597093,Kellwasser,2.5,1.0,21.46,8.140218596963678,Devon370Ma_1xRemin_2.5xpCO2.pO2xPO4_5x5h.dat.00,87.8
0.7,2.1,0.0295461849133694,Kellwasser,2.5,1.0,21.46,16.84797098278068,Devon370Ma_1xRemin_2.5xpCO2.pO2xPO4_5x5h.dat.41,71.83
0.6,2.1,0.0105362570456772,Kellwasser,2.5,1.0,21.46,16.198502635234036,Devon370Ma_1xRemin_2.5xpCO2.pO2xPO4_5x5h.dat.31,79.17
0.5,2.1,0.0054365952698654,Kellwasser,2.5,1.0,21.46,15.595174772897735,Devon370Ma_1xRemin_2.5xpCO2.pO2xPO4_5x5h.dat.21,88.72
0.4,2.1,0.0026836925009749,Kellwasser,2.5,1.0,21.46,15.0294317791122,Devon370Ma_1xRemin_2.5xpCO2.pO2xPO4_5x5h.dat.11,88.26
0.3,2.1,0.0006667069601273,Kellwasser,2.5,1.0,21.46,14.502018530038184,Devon370Ma_1xRemin_2.5xpCO2.pO2xPO4_5x5h.dat.01,87.8
0.7,2.2,0.0193753411970396,Kellwasser,2.5,1.0,21.46,26.042158424388617,Devon370Ma_1xRemin_2.5xpCO2.pO2xPO4_5x5h.dat.42,73.39
0.6,2.2,0.0061112316430064,Kellwasser,2.5,1.0,21.46,24.984976334962997,Devon370Ma_1xRemin_2.5xpCO2.pO2xPO4_5x5h.dat.32,80.92
0.5,2.2,0.0034653228143558,Kellwasser,2.5,1.0,21.46,23.95033516222611,Devon370Ma_1xRemin_2.5xpCO2.pO2xPO4_5x5h.dat.22,88.72
0.4,2.2,0.0013354924157428,Kellwasser,2.5,1.0,21.46,23.08000512130093,Devon370Ma_1xRemin_2.5xpCO2.pO2xPO4_5x5h.dat.12,88.17
0.3,2.2,0.0005656830881362,Kellwasser,2.5,1.0,21.46,22.32621409348212,Devon370Ma_1xRemin_2.5xpCO2.pO2xPO4_5x5h.dat.02,87.61
0.7,2.3,0.0081873447267718,Kellwasser,2.5,1.0,21.46,37.24032285390422,Devon370Ma_1xRemin_2.5xpCO2.pO2xPO4_5x5h.dat.43,74.95
0.6,2.3,0.0036718540778288,Kellwasser,2.5,1.0,21.46,35.8409270120319,Devon370Ma_1xRemin_2.5xpCO2.pO2xPO4_5x5h.dat.33,81.1
0.5,2.3,0.0019072879244165,Kellwasser,2.5,1.0,21.46,34.522596251918,Devon370Ma_1xRemin_2.5xpCO2.pO2xPO4_5x5h.dat.23,88.72
0.4,2.3,0.0007166976385979,Kellwasser,2.5,1.0,21.46,33.274605812039226,Devon370Ma_1xRemin_2.5xpCO2.pO2xPO4_5x5h.dat.13,88.17
0.3,2.3,0.0004222733816119,Kellwasser,2.5,1.0,21.46,32.09512942703441,Devon370Ma_1xRemin_2.5xpCO2.pO2xPO4_5x5h.dat.03,87.16
0.7,2.4,0.0048111138122028,Kellwasser,2.5,1.0,21.46,49.6797074447386,Devon370Ma_1xRemin_2.5xpCO2.pO2xPO4_5x5h.dat.44,76.33
0.6,2.4,0.0020282511820821,Kellwasser,2.5,1.0,21.46,47.93783227796666,Devon370Ma_1xRemin_2.5xpCO2.pO2xPO4_5x5h.dat.34,84.77
0.5,2.4,0.0009108020090698,Kellwasser,2.5,1.0,21.46,46.31797855836339,Devon370Ma_1xRemin_2.5xpCO2.pO2xPO4_5x5h.dat.24,88.72
0.4,2.4,0.0006403548924587,Kellwasser,2.5,1.0,21.46,44.79342169361189,Devon370Ma_1xRemin_2.5xpCO2.pO2xPO4_5x5h.dat.14,88.07
0.3,2.4,0.0003708715322453,Kellwasser,2.5,1.0,21.46,43.40765008237213,Devon370Ma_1xRemin_2.5xpCO2.pO2xPO4_5x5h.dat.04,87.16
1.2,0.5,0.053326438,Background,5,1,24.06,137.9383175,Devon370Ma_1xRemin_5xpCO2.pO2xPO4_5x5a.dat.40,0.0
1.1,0.5,0.055349932,Background,5,1,24.06,126.0550489,Devon370Ma_1xRemin_5xpCO2.pO2xPO4_5x5a.dat.30,0.0
1.0,0.5,0.049031056,Background,5,1,24.06,114.8123338,Devon370Ma_1xRemin_5xpCO2.pO2xPO4_5x5a.dat.20,0.0
0.9,0.5,0.049595082,Background,5,1,24.06,104.7421756,Devon370Ma_1xRemin_5xpCO2.pO2xPO4_5x5a.dat.10,0.0
0.8,0.5,0.030655375,Background,5,1,24.06,96.36970208,Devon370Ma_1xRemin_5xpCO2.pO2xPO4_5x5a.dat.00,0.18
1.2,0.6,0.047760037,Background,5,1,24.06,162.7324527,Devon370Ma_1xRemin_5xpCO2.pO2xPO4_5x5a.dat.41,0.0
1.1,0.6,0.048111999,Background,5,1,24.06,150.6769186,Devon370Ma_1xRemin_5xpCO2.pO2xPO4_5x5a.dat.31,0.0
1.0,0.6,0.039790678,Background,5,1,24.06,138.9861718,Devon370Ma_1xRemin_5xpCO2.pO2xPO4_5x5a.dat.21,0.09
0.9,0.6,0.013074127,Background,5,1,24.06,127.9307471,Devon370Ma_1xRemin_5xpCO2.pO2xPO4_5x5a.dat.11,0.28
0.8,0.6,0.038696451,Background,5,1,24.06,117.9757528,Devon370Ma_1xRemin_5xpCO2.pO2xPO4_5x5a.dat.01,0.64
1.2,0.7,0.036705183,Background,5,1,24.06,187.5529269,Devon370Ma_1xRemin_5xpCO2.pO2xPO4_5x5a.dat.42,0.09
1.1,0.7,0.011769684,Background,5,1,24.06,175.4398108,Devon370Ma_1xRemin_5xpCO2.pO2xPO4_5x5a.dat.32,0.18
1.0,0.7,0.003219753,Background,5,1,24.06,163.5318768,Devon370Ma_1xRemin_5xpCO2.pO2xPO4_5x5a.dat.22,0.37
0.9,0.7,0.072665807,Background,5,1,24.06,152.0223304,Devon370Ma_1xRemin_5xpCO2.pO2xPO4_5x5a.dat.12,0.92
0.8,0.7,0.21923085,Background,5,1,24.06,141.1308185,Devon370Ma_1xRemin_5xpCO2.pO2xPO4_5x5a.dat.02,2.39
1.2,0.8,0.008417236,Background,5,1,24.06,212.3943414,Devon370Ma_1xRemin_5xpCO2.pO2xPO4_5x5a.dat.43,0.28
1.1,0.8,0.021787809,Background,5,1,24.06,200.2458496,Devon370Ma_1xRemin_5xpCO2.pO2xPO4_5x5a.dat.33,0.46
1.0,0.8,0.0930764,Background,5,1,24.06,188.2511424,Devon370Ma_1xRemin_5xpCO2.pO2xPO4_5x5a.dat.23,1.01
0.9,0.8,0.254282592,Background,5,1,24.06,176.4966437,Devon370Ma_1xRemin_5xpCO2.pO2xPO4_5x5a.dat.13,2.39
0.8,0.8,0.303920138,Background,5,1,24.06,165.1505008,Devon370Ma_1xRemin_5xpCO2.pO2xPO4_5x5a.dat.03,3.85
1.2,0.9,0.056358728,Background,5,1,24.06,237.2486924,Devon370Ma_1xRemin_5xpCO2.pO2xPO4_5x5a.dat.44,0.64
1.1,0.9,0.147364028,Background,5,1,24.06,225.0690159,Devon370Ma_1xRemin_5xpCO2.pO2xPO4_5x5a.dat.34,1.28
1.0,0.9,0.289030779,Background,5,1,24.06,213.0405628,Devon370Ma_1xRemin_5xpCO2.pO2xPO4_5x5a.dat.24,2.48
0.9,0.9,0.319270991,Background,5,1,24.06,201.1675388,Devon370Ma_1xRemin_5xpCO2.pO2xPO4_5x5a.dat.14,3.76
0.8,0.9,0.187235755,Background,5,1,24.06,189.5707537,Devon370Ma_1xRemin_5xpCO2.pO2xPO4_5x5a.dat.04,6.88
1.2,0.5,0.015985806,Kellwasser,5,1,24.06,137.9383175,Devon370Ma_1xRemin_5xpCO2.pO2xPO4_5x5a.dat.40,0.0
1.1,0.5,0.016133386,Kellwasser,5,1,24.06,126.0550489,Devon370Ma_1xRemin_5xpCO2.pO2xPO4_5x5a.dat.30,0.0
1.0,0.5,0.015410439,Kellwasser,5,1,24.06,114.8123338,Devon370Ma_1xRemin_5xpCO2.pO2xPO4_5x5a.dat.20,0.0
0.9,0.5,0.015698343,Kellwasser,5,1,24.06,104.7421756,Devon370Ma_1xRemin_5xpCO2.pO2xPO4_5x5a.dat.10,0.0
0.8,0.5,0.014379058,Kellwasser,5,1,24.06,96.36970208,Devon370Ma_1xRemin_5xpCO2.pO2xPO4_5x5a.dat.00,0.18
1.2,0.6,0.015539392,Kellwasser,5,1,24.06,162.7324527,Devon370Ma_1xRemin_5xpCO2.pO2xPO4_5x5a.dat.41,0.0
1.1,0.6,0.015742412,Kellwasser,5,1,24.06,150.6769186,Devon370Ma_1xRemin_5xpCO2.pO2xPO4_5x5a.dat.31,0.0
1.0,0.6,0.015203999,Kellwasser,5,1,24.06,138.9861718,Devon370Ma_1xRemin_5xpCO2.pO2xPO4_5x5a.dat.21,0.09
0.9,0.6,0.01246494,Kellwasser,5,1,24.06,127.9307471,Devon370Ma_1xRemin_5xpCO2.pO2xPO4_5x5a.dat.11,0.28
0.8,0.6,0.008929939,Kellwasser,5,1,24.06,117.9757528,Devon370Ma_1xRemin_5xpCO2.pO2xPO4_5x5a.dat.01,0.64
1.2,0.7,0.015906649,Kellwasser,5,1,24.06,187.5529269,Devon370Ma_1xRemin_5xpCO2.pO2xPO4_5x5a.dat.42,0.09
1.1,0.7,0.013832402,Kellwasser,5,1,24.06,175.4398108,Devon370Ma_1xRemin_5xpCO2.pO2xPO4_5x5a.dat.32,0.18
1.0,0.7,0.011342693,Kellwasser,5,1,24.06,163.5318768,Devon370Ma_1xRemin_5xpCO2.pO2xPO4_5x5a.dat.22,0.37
0.9,0.7,0.007949594,Kellwasser,5,1,24.06,152.0223304,Devon370Ma_1xRemin_5xpCO2.pO2xPO4_5x5a.dat.12,0.92
0.8,0.7,0.000873912,Kellwasser,5,1,24.06,141.1308185,Devon370Ma_1xRemin_5xpCO2.pO2xPO4_5x5a.dat.02,2.39
1.2,0.8,0.012503408,Kellwasser,5,1,24.06,212.3943414,Devon370Ma_1xRemin_5xpCO2.pO2xPO4_5x5a.dat.43,0.28
1.1,0.8,0.009661537,Kellwasser,5,1,24.06,200.2458496,Devon370Ma_1xRemin_5xpCO2.pO2xPO4_5x5a.dat.33,0.46
1.0,0.8,0.002857987,Kellwasser,5,1,24.06,188.2511424,Devon370Ma_1xRemin_5xpCO2.pO2xPO4_5x5a.dat.23,1.01
0.9,0.8,0.000482011,Kellwasser,5,1,24.06,176.4966437,Devon370Ma_1xRemin_5xpCO2.pO2xPO4_5x5a.dat.13,2.39
0.8,0.8,0.011282557,Kellwasser,5,1,24.06,165.1505008,Devon370Ma_1xRemin_5xpCO2.pO2xPO4_5x5a.dat.03,3.85
1.2,0.9,0.007807049,Kellwasser,5,1,24.06,237.2486924,Devon370Ma_1xRemin_5xpCO2.pO2xPO4_5x5a.dat.44,0.64
1.1,0.9,0.001038089,Kellwasser,5,1,24.06,225.0690159,Devon370Ma_1xRemin_5xpCO2.pO2xPO4_5x5a.dat.34,1.28
1.0,0.9,0.002133236,Kellwasser,5,1,24.06,213.0405628,Devon370Ma_1xRemin_5xpCO2.pO2xPO4_5x5a.dat.24,2.48
0.9,0.9,0.008792911,Kellwasser,5,1,24.06,201.1675388,Devon370Ma_1xRemin_5xpCO2.pO2xPO4_5x5a.dat.14,3.76
0.8,0.9,0.043057893,Kellwasser,5,1,24.06,189.5707537,Devon370Ma_1xRemin_5xpCO2.pO2xPO4_5x5a.dat.04,6.88
1.2,0.5,0.053326438,Background,5,1,24.06,137.9383175,Devon370Ma_1xRemin_5xpCO2.pO2xPO4_5x5a.dat.40,0.0
1.1,0.5,0.055349932,Background,5,1,24.06,126.0550489,Devon370Ma_1xRemin_5xpCO2.pO2xPO4_5x5a.dat.30,0.0
1.0,0.5,0.049031056,Background,5,1,24.06,114.8123338,Devon370Ma_1xRemin_5xpCO2.pO2xPO4_5x5a.dat.20,0.0
0.9,0.5,0.049595082,Background,5,1,24.06,104.7421756,Devon370Ma_1xRemin_5xpCO2.pO2xPO4_5x5a.dat.10,0.0
0.8,0.5,0.030655375,Background,5,1,24.06,96.36970208,Devon370Ma_1xRemin_5xpCO2.pO2xPO4_5x5a.dat.00,0.18
1.2,0.6,0.047760037,Background,5,1,24.06,162.7324527,Devon370Ma_1xRemin_5xpCO2.pO2xPO4_5x5a.dat.41,0.0
1.1,0.6,0.048111999,Background,5,1,24.06,150.6769186,Devon370Ma_1xRemin_5xpCO2.pO2xPO4_5x5a.dat.31,0.0
1.0,0.6,0.039790678,Background,5,1,24.06,138.9861718,Devon370Ma_1xRemin_5xpCO2.pO2xPO4_5x5a.dat.21,0.09
0.9,0.6,0.013074127,Background,5,1,24.06,127.9307471,Devon370Ma_1xRemin_5xpCO2.pO2xPO4_5x5a.dat.11,0.28
0.8,0.6,0.038696451,Background,5,1,24.06,117.9757528,Devon370Ma_1xRemin_5xpCO2.pO2xPO4_5x5a.dat.01,0.64
1.2,0.7,0.036705183,Background,5,1,24.06,187.5529269,Devon370Ma_1xRemin_5xpCO2.pO2xPO4_5x5a.dat.42,0.09
1.1,0.7,0.011769684,Background,5,1,24.06,175.4398108,Devon370Ma_1xRemin_5xpCO2.pO2xPO4_5x5a.dat.32,0.18
1.0,0.7,0.003219753,Background,5,1,24.06,163.5318768,Devon370Ma_1xRemin_5xpCO2.pO2xPO4_5x5a.dat.22,0.37
0.9,0.7,0.072665807,Background,5,1,24.06,152.0223304,Devon370Ma_1xRemin_5xpCO2.pO2xPO4_5x5a.dat.12,0.92
0.8,0.7,0.21923085,Background,5,1,24.06,141.1308185,Devon370Ma_1xRemin_5xpCO2.pO2xPO4_5x5a.dat.02,2.39
1.2,0.8,0.008417236,Background,5,1,24.06,212.3943414,Devon370Ma_1xRemin_5xpCO2.pO2xPO4_5x5a.dat.43,0.28
1.1,0.8,0.021787809,Background,5,1,24.06,200.2458496,Devon370Ma_1xRemin_5xpCO2.pO2xPO4_5x5a.dat.33,0.46
1.0,0.8,0.0930764,Background,5,1,24.06,188.2511424,Devon370Ma_1xRemin_5xpCO2.pO2xPO4_5x5a.dat.23,1.01
0.9,0.8,0.254282592,Background,5,1,24.06,176.4966437,Devon370Ma_1xRemin_5xpCO2.pO2xPO4_5x5a.dat.13,2.39
0.8,0.8,0.303920138,Background,5,1,24.06,165.1505008,Devon370Ma_1xRemin_5xpCO2.pO2xPO4_5x5a.dat.03,3.85
1.2,0.9,0.056358728,Background,5,1,24.06,237.2486924,Devon370Ma_1xRemin_5xpCO2.pO2xPO4_5x5a.dat.44,0.64
1.1,0.9,0.147364028,Background,5,1,24.06,225.0690159,Devon370Ma_1xRemin_5xpCO2.pO2xPO4_5x5a.dat.34,1.28
1.0,0.9,0.289030779,Background,5,1,24.06,213.0405628,Devon370Ma_1xRemin_5xpCO2.pO2xPO4_5x5a.dat.24,2.48
0.9,0.9,0.319270991,Background,5,1,24.06,201.1675388,Devon370Ma_1xRemin_5xpCO2.pO2xPO4_5x5a.dat.14,3.76
0.8,0.9,0.187235755,Background,5,1,24.06,189.5707537,Devon370Ma_1xRemin_5xpCO2.pO2xPO4_5x5a.dat.04,6.88
1.2,0.5,0.015985806,Kellwasser,5,1,24.06,137.9383175,Devon370Ma_1xRemin_5xpCO2.pO2xPO4_5x5a.dat.40,0.0
1.1,0.5,0.016133386,Kellwasser,5,1,24.06,126.0550489,Devon370Ma_1xRemin_5xpCO2.pO2xPO4_5x5a.dat.30,0.0
1.0,0.5,0.015410439,Kellwasser,5,1,24.06,114.8123338,Devon370Ma_1xRemin_5xpCO2.pO2xPO4_5x5a.dat.20,0.0
0.9,0.5,0.015698343,Kellwasser,5,1,24.06,104.7421756,Devon370Ma_1xRemin_5xpCO2.pO2xPO4_5x5a.dat.10,0.0
0.8,0.5,0.014379058,Kellwasser,5,1,24.06,96.36970208,Devon370Ma_1xRemin_5xpCO2.pO2xPO4_5x5a.dat.00,0.18
1.2,0.6,0.015539392,Kellwasser,5,1,24.06,162.7324527,Devon370Ma_1xRemin_5xpCO2.pO2xPO4_5x5a.dat.41,0.0
1.1,0.6,0.015742412,Kellwasser,5,1,24.06,150.6769186,Devon370Ma_1xRemin_5xpCO2.pO2xPO4_5x5a.dat.31,0.0
1.0,0.6,0.015203999,Kellwasser,5,1,24.06,138.9861718,Devon370Ma_1xRemin_5xpCO2.pO2xPO4_5x5a.dat.21,0.09
0.9,0.6,0.01246494,Kellwasser,5,1,24.06,127.9307471,Devon370Ma_1xRemin_5xpCO2.pO2xPO4_5x5a.dat.11,0.28
0.8,0.6,0.008929939,Kellwasser,5,1,24.06,117.9757528,Devon370Ma_1xRemin_5xpCO2.pO2xPO4_5x5a.dat.01,0.64
1.2,0.7,0.015906649,Kellwasser,5,1,24.06,187.5529269,Devon370Ma_1xRemin_5xpCO2.pO2xPO4_5x5a.dat.42,0.09
1.1,0.7,0.013832402,Kellwasser,5,1,24.06,175.4398108,Devon370Ma_1xRemin_5xpCO2.pO2xPO4_5x5a.dat.32,0.18
1.0,0.7,0.011342693,Kellwasser,5,1,24.06,163.5318768,Devon370Ma_1xRemin_5xpCO2.pO2xPO4_5x5a.dat.22,0.37
0.9,0.7,0.007949594,Kellwasser,5,1,24.06,152.0223304,Devon370Ma_1xRemin_5xpCO2.pO2xPO4_5x5a.dat.12,0.92
0.8,0.7,0.000873912,Kellwasser,5,1,24.06,141.1308185,Devon370Ma_1xRemin_5xpCO2.pO2xPO4_5x5a.dat.02,2.39
1.2,0.8,0.012503408,Kellwasser,5,1,24.06,212.3943414,Devon370Ma_1xRemin_5xpCO2.pO2xPO4_5x5a.dat.43,0.28
1.1,0.8,0.009661537,Kellwasser,5,1,24.06,200.2458496,Devon370Ma_1xRemin_5xpCO2.pO2xPO4_5x5a.dat.33,0.46
1.0,0.8,0.002857987,Kellwasser,5,1,24.06,188.2511424,Devon370Ma_1xRemin_5xpCO2.pO2xPO4_5x5a.dat.23,1.01
0.9,0.8,0.000482011,Kellwasser,5,1,24.06,176.4966437,Devon370Ma_1xRemin_5xpCO2.pO2xPO4_5x5a.dat.13,2.39
0.8,0.8,0.011282557,Kellwasser,5,1,24.06,165.1505008,Devon370Ma_1xRemin_5xpCO2.pO2xPO4_5x5a.dat.03,3.85
1.2,0.9,0.007807049,Kellwasser,5,1,24.06,237.2486924,Devon370Ma_1xRemin_5xpCO2.pO2xPO4_5x5a.dat.44,0.64
1.1,0.9,0.001038089,Kellwasser,5,1,24.06,225.0690159,Devon370Ma_1xRemin_5xpCO2.pO2xPO4_5x5a.dat.34,1.28
1.0,0.9,0.002133236,Kellwasser,5,1,24.06,213.0405628,Devon370Ma_1xRemin_5xpCO2.pO2xPO4_5x5a.dat.24,2.48
0.9,0.9,0.008792911,Kellwasser,5,1,24.06,201.1675388,Devon370Ma_1xRemin_5xpCO2.pO2xPO4_5x5a.dat.14,3.76
0.8,0.9,0.043057893,Kellwasser,5,1,24.06,189.5707537,Devon370Ma_1xRemin_5xpCO2.pO2xPO4_5x5a.dat.04,6.88
1.2,1.0,0.1932841641477445,Background,5.0,1.0,24.06,89.53351061791182,Devon370Ma_1xRemin_5xpCO2.pO2xPO4_5x5b.dat.40,1.38
1.1,1.0,0.3241724388597196,Background,5.0,1.0,24.06,83.92080053454265,Devon370Ma_1xRemin_5xpCO2.pO2xPO4_5x5b.dat.30,2.48
1.0,1.0,0.2205399965026581,Background,5.0,1.0,24.06,79.11073771538213,Devon370Ma_1xRemin_5xpCO2.pO2xPO4_5x5b.dat.20,6.06
0.9,1.0,0.2099382129858299,Background,5.0,1.0,24.06,75.02135849790648,Devon370Ma_1xRemin_5xpCO2.pO2xPO4_5x5b.dat.10,6.42
0.8,1.0,0.0673212393794326,Background,5.0,1.0,24.06,71.43875700421631,Devon370Ma_1xRemin_5xpCO2.pO2xPO4_5x5b.dat.00,15.32
1.2,1.1,0.3552421224298117,Background,5.0,1.0,24.06,109.5454572350718,Devon370Ma_1xRemin_5xpCO2.pO2xPO4_5x5b.dat.41,2.57
1.1,1.1,0.3559668513626253,Background,5.0,1.0,24.06,102.5284655042924,Devon370Ma_1xRemin_5xpCO2.pO2xPO4_5x5b.dat.31,3.67
1.0,1.1,0.2205399965026581,Background,5.0,1.0,24.06,96.63932723924518,Devon370Ma_1xRemin_5xpCO2.pO2xPO4_5x5b.dat.21,6.06
0.9,1.1,0.0949971984215237,Background,5.0,1.0,24.06,91.61616617348044,Devon370Ma_1xRemin_5xpCO2.pO2xPO4_5x5b.dat.11,11.38
0.8,1.1,0.0076924038030055,Background,5.0,1.0,24.06,87.16274169273674,Devon370Ma_1xRemin_5xpCO2.pO2xPO4_5x5b.dat.01,24.31
1.2,1.2,0.3659565760766724,Background,5.0,1.0,24.06,122.80220107641073,Devon370Ma_1xRemin_5xpCO2.pO2xPO4_5x5b.dat.42,3.58
1.1,1.2,0.242137767502772,Background,5.0,1.0,24.06,122.80220107641073,Devon370Ma_1xRemin_5xpCO2.pO2xPO4_5x5b.dat.32,5.87
1.0,1.2,0.1121699880448581,Background,5.0,1.0,24.06,115.64112355699764,Devon370Ma_1xRemin_5xpCO2.pO2xPO4_5x5b.dat.22,9.17
0.9,1.2,0.0376417495038507,Background,5.0,1.0,24.06,109.52694719890133,Devon370Ma_1xRemin_5xpCO2.pO2xPO4_5x5b.dat.12,20.28
0.8,1.2,0.0234155614176001,Background,5.0,1.0,24.06,104.2878720909357,Devon370Ma_1xRemin_5xpCO2.pO2xPO4_5x5b.dat.02,32.75
1.2,1.3,0.2458441655436742,Background,5.0,1.0,24.06,154.41037248820066,Devon370Ma_1xRemin_5xpCO2.pO2xPO4_5x5b.dat.43,5.41
1.1,1.3,0.0759947022707828,Background,5.0,1.0,24.06,144.6481910534203,Devon370Ma_1xRemin_5xpCO2.pO2xPO4_5x5b.dat.33,13.21
1.0,1.3,0.0496066424742654,Background,5.0,1.0,24.06,136.13869668915868,Devon370Ma_1xRemin_5xpCO2.pO2xPO4_5x5b.dat.23,17.06
0.9,1.3,0.000250649713682,Background,5.0,1.0,24.06,122.55030742380768,Devon370Ma_1xRemin_5xpCO2.pO2xPO4_5x5b.dat.13,27.16
0.8,1.3,0.0337693484310181,Background,5.0,1.0,24.06,122.55030742380768,Devon370Ma_1xRemin_5xpCO2.pO2xPO4_5x5b.dat.03,38.72
1.2,1.4,0.1274770026625852,Background,5.0,1.0,24.06,178.37742052506655,Devon370Ma_1xRemin_5xpCO2.pO2xPO4_5x5b.dat.44,7.16
1.1,1.4,0.0759947022707828,Background,5.0,1.0,24.06,167.77042765170336,Devon370Ma_1xRemin_5xpCO2.pO2xPO4_5x5b.dat.34,13.21
1.0,1.4,0.0041528899842252,Background,5.0,1.0,24.06,158.09046453796327,Devon370Ma_1xRemin_5xpCO2.pO2xPO4_5x5b.dat.24,23.03
0.9,1.4,0.0257532303970519,Background,5.0,1.0,24.06,149.55142978578806,Devon370Ma_1xRemin_5xpCO2.pO2xPO4_5x5b.dat.14,33.76
0.8,1.4,0.0383420732861266,Background,5.0,1.0,24.06,142.1868073521182,Devon370Ma_1xRemin_5xpCO2.pO2xPO4_5x5b.dat.04,45.69
1.2,1.0,0.001721978517553,Kellwasser,5.0,1.0,24.06,89.53351061791182,Devon370Ma_1xRemin_5xpCO2.pO2xPO4_5x5b.dat.40,1.38
1.1,1.0,0.0043026930180623,Kellwasser,5.0,1.0,24.06,83.92080053454265,Devon370Ma_1xRemin_5xpCO2.pO2xPO4_5x5b.dat.30,2.48
1.0,1.0,0.0210241389657447,Kellwasser,5.0,1.0,24.06,79.11073771538213,Devon370Ma_1xRemin_5xpCO2.pO2xPO4_5x5b.dat.20,6.06
0.9,1.0,0.0244313549376521,Kellwasser,5.0,1.0,24.06,75.02135849790648,Devon370Ma_1xRemin_5xpCO2.pO2xPO4_5x5b.dat.10,6.42
0.8,1.0,0.1504316152983671,Kellwasser,5.0,1.0,24.06,71.43875700421631,Devon370Ma_1xRemin_5xpCO2.pO2xPO4_5x5b.dat.00,15.32
1.2,1.1,0.0063832955772338,Kellwasser,5.0,1.0,24.06,109.5454572350718,Devon370Ma_1xRemin_5xpCO2.pO2xPO4_5x5b.dat.41,2.57
1.1,1.1,0.0021805804962748,Kellwasser,5.0,1.0,24.06,102.5284655042924,Devon370Ma_1xRemin_5xpCO2.pO2xPO4_5x5b.dat.31,3.67
1.0,1.1,0.0210241389657447,Kellwasser,5.0,1.0,24.06,96.63932723924518,Devon370Ma_1xRemin_5xpCO2.pO2xPO4_5x5b.dat.21,6.06
0.9,1.1,0.1429081943745358,Kellwasser,5.0,1.0,24.06,91.61616617348044,Devon370Ma_1xRemin_5xpCO2.pO2xPO4_5x5b.dat.11,11.38
0.8,1.1,0.4486846520654943,Kellwasser,5.0,1.0,24.06,87.16274169273674,Devon370Ma_1xRemin_5xpCO2.pO2xPO4_5x5b.dat.01,24.31
1.2,1.2,0.0059261386566438,Kellwasser,5.0,1.0,24.06,122.80220107641073,Devon370Ma_1xRemin_5xpCO2.pO2xPO4_5x5b.dat.42,3.58
1.1,1.2,0.0137902158498424,Kellwasser,5.0,1.0,24.06,122.80220107641073,Devon370Ma_1xRemin_5xpCO2.pO2xPO4_5x5b.dat.32,5.87
1.0,1.2,0.1302843824433996,Kellwasser,5.0,1.0,24.06,115.64112355699764,Devon370Ma_1xRemin_5xpCO2.pO2xPO4_5x5b.dat.22,9.17
0.9,1.2,0.2865075355912307,Kellwasser,5.0,1.0,24.06,109.52694719890133,Devon370Ma_1xRemin_5xpCO2.pO2xPO4_5x5b.dat.12,20.28
0.8,1.2,0.5459124543705791,Kellwasser,5.0,1.0,24.06,104.2878720909357,Devon370Ma_1xRemin_5xpCO2.pO2xPO4_5x5b.dat.02,32.75
1.2,1.3,0.0062362615599011,Kellwasser,5.0,1.0,24.06,154.41037248820066,Devon370Ma_1xRemin_5xpCO2.pO2xPO4_5x5b.dat.43,5.41
1.1,1.3,0.1720846012820517,Kellwasser,5.0,1.0,24.06,144.6481910534203,Devon370Ma_1xRemin_5xpCO2.pO2xPO4_5x5b.dat.33,13.21
1.0,1.3,0.2432883032955058,Kellwasser,5.0,1.0,24.06,136.13869668915868,Devon370Ma_1xRemin_5xpCO2.pO2xPO4_5x5b.dat.23,17.06
0.9,1.3,0.520254745676181,Kellwasser,5.0,1.0,24.06,122.55030742380768,Devon370Ma_1xRemin_5xpCO2.pO2xPO4_5x5b.dat.13,27.16
0.8,1.3,0.3854086709637809,Kellwasser,5.0,1.0,24.06,122.55030742380768,Devon370Ma_1xRemin_5xpCO2.pO2xPO4_5x5b.dat.03,38.72
1.2,1.4,0.0890884925614165,Kellwasser,5.0,1.0,24.06,178.37742052506655,Devon370Ma_1xRemin_5xpCO2.pO2xPO4_5x5b.dat.44,7.16
1.1,1.4,0.1720846012820517,Kellwasser,5.0,1.0,24.06,167.77042765170336,Devon370Ma_1xRemin_5xpCO2.pO2xPO4_5x5b.dat.34,13.21
1.0,1.4,0.4990175574956207,Kellwasser,5.0,1.0,24.06,158.09046453796327,Devon370Ma_1xRemin_5xpCO2.pO2xPO4_5x5b.dat.24,23.03
0.9,1.4,0.4275116491812202,Kellwasser,5.0,1.0,24.06,149.55142978578806,Devon370Ma_1xRemin_5xpCO2.pO2xPO4_5x5b.dat.14,33.76
0.8,1.4,0.3169959494746202,Kellwasser,5.0,1.0,24.06,142.1868073521182,Devon370Ma_1xRemin_5xpCO2.pO2xPO4_5x5b.dat.04,45.69
1.2,1.5,0.089397268,Background,5,1,24.06,68.20940325,Devon370Ma_1xRemin_5xpCO2.pO2xPO4_5x5c.dat.40,10.64
1.1,1.5,0.042733801,Background,5,1,24.06,65.39548485,Devon370Ma_1xRemin_5xpCO2.pO2xPO4_5x5c.dat.30,19.54
1.0,1.5,0.010632494,Background,5,1,24.06,62.85117706,Devon370Ma_1xRemin_5xpCO2.pO2xPO4_5x5c.dat.20,29.45
0.9,1.5,0.029610772,Background,5,1,24.06,60.43175381,Devon370Ma_1xRemin_5xpCO2.pO2xPO4_5x5c.dat.10,39.08
0.8,1.5,0.042265906,Background,5,1,24.06,58.20717342,Devon370Ma_1xRemin_5xpCO2.pO2xPO4_5x5c.dat.00,50.64
1.2,1.6,0.044815737,Background,5,1,24.06,83.37404142,Devon370Ma_1xRemin_5xpCO2.pO2xPO4_5x5c.dat.41,16.33
1.1,1.6,0.005000387,Background,5,1,24.06,79.92822793,Devon370Ma_1xRemin_5xpCO2.pO2xPO4_5x5c.dat.31,25.5
1.0,1.6,0.01984646,Background,5,1,24.06,76.81962597,Devon370Ma_1xRemin_5xpCO2.pO2xPO4_5x5c.dat.21,34.86
0.9,1.6,0.043498146,Background,5,1,24.06,74.05866927,Devon370Ma_1xRemin_5xpCO2.pO2xPO4_5x5c.dat.11,45.23
0.8,1.6,0.035202516,Background,5,1,24.06,71.53105253,Devon370Ma_1xRemin_5xpCO2.pO2xPO4_5x5c.dat.01,55.23
1.2,1.7,0.011903454,Background,5,1,24.06,99.61622709,Devon370Ma_1xRemin_5xpCO2.pO2xPO4_5x5c.dat.42,21.93
1.1,1.7,0.014495781,Background,5,1,24.06,95.50924733,Devon370Ma_1xRemin_5xpCO2.pO2xPO4_5x5c.dat.32,30.83
1.0,1.7,0.025792121,Background,5,1,24.06,91.90171841,Devon370Ma_1xRemin_5xpCO2.pO2xPO4_5x5c.dat.22,39.17
0.9,1.7,0.033915429,Background,5,1,24.06,88.56876229,Devon370Ma_1xRemin_5xpCO2.pO2xPO4_5x5c.dat.12,49.17
0.8,1.7,0.028238776,Background,5,1,24.06,85.55768727,Devon370Ma_1xRemin_5xpCO2.pO2xPO4_5x5c.dat.02,59.36
1.2,1.8,5.76e-05,Background,5,1,24.06,117.0987307,Devon370Ma_1xRemin_5xpCO2.pO2xPO4_5x5c.dat.43,26.79
1.1,1.8,0.018431048,Background,5,1,24.06,112.2718313,Devon370Ma_1xRemin_5xpCO2.pO2xPO4_5x5c.dat.33,35.05
1.0,1.8,0.033770214,Background,5,1,24.06,107.864631,Devon370Ma_1xRemin_5xpCO2.pO2xPO4_5x5c.dat.23,44.13
0.9,1.8,0.02797021,Background,5,1,24.06,104.0585121,Devon370Ma_1xRemin_5xpCO2.pO2xPO4_5x5c.dat.13,53.3
0.8,1.8,0.024126593,Background,5,1,24.06,100.5824452,Devon370Ma_1xRemin_5xpCO2.pO2xPO4_5x5c.dat.03,62.48
1.2,1.9,0.010781157,Background,5,1,24.06,135.6961002,Devon370Ma_1xRemin_5xpCO2.pO2xPO4_5x5c.dat.44,31.28
1.1,1.9,0.019844441,Background,5,1,24.06,130.0556178,Devon370Ma_1xRemin_5xpCO2.pO2xPO4_5x5c.dat.34,38.99
1.0,1.9,0.026461185,Background,5,1,24.06,125.0788191,Devon370Ma_1xRemin_5xpCO2.pO2xPO4_5x5c.dat.24,48.26
0.9,1.9,0.022263482,Background,5,1,24.06,120.5278168,Devon370Ma_1xRemin_5xpCO2.pO2xPO4_5x5c.dat.14,56.97
0.8,1.9,0.018857888,Background,5,1,24.06,116.3834459,Devon370Ma_1xRemin_5xpCO2.pO2xPO4_5x5c.dat.04,66.33
1.2,1.5,0.152229582,Kellwasser,5,1,24.06,68.20940325,Devon370Ma_1xRemin_5xpCO2.pO2xPO4_5x5c.dat.40,10.64
1.1,1.5,0.307141502,Kellwasser,5,1,24.06,65.39548485,Devon370Ma_1xRemin_5xpCO2.pO2xPO4_5x5c.dat.30,19.54
1.0,1.5,0.509262379,Kellwasser,5,1,24.06,62.85117706,Devon370Ma_1xRemin_5xpCO2.pO2xPO4_5x5c.dat.20,29.45
0.9,1.5,0.328257291,Kellwasser,5,1,24.06,60.43175381,Devon370Ma_1xRemin_5xpCO2.pO2xPO4_5x5c.dat.10,39.08
0.8,1.5,0.296432052,Kellwasser,5,1,24.06,58.20717342,Devon370Ma_1xRemin_5xpCO2.pO2xPO4_5x5c.dat.00,50.64
1.2,1.6,0.300753566,Kellwasser,5,1,24.06,83.37404142,Devon370Ma_1xRemin_5xpCO2.pO2xPO4_5x5c.dat.41,16.33
1.1,1.6,0.490651021,Kellwasser,5,1,24.06,79.92822793,Devon370Ma_1xRemin_5xpCO2.pO2xPO4_5x5c.dat.31,25.5
1.0,1.6,0.337672316,Kellwasser,5,1,24.06,76.81962597,Devon370Ma_1xRemin_5xpCO2.pO2xPO4_5x5c.dat.21,34.86
0.9,1.6,0.305709789,Kellwasser,5,1,24.06,74.05866927,Devon370Ma_1xRemin_5xpCO2.pO2xPO4_5x5c.dat.11,45.23
0.8,1.6,0.238645612,Kellwasser,5,1,24.06,71.53105253,Devon370Ma_1xRemin_5xpCO2.pO2xPO4_5x5c.dat.01,55.23
1.2,1.7,0.461794415,Kellwasser,5,1,24.06,99.61622709,Devon370Ma_1xRemin_5xpCO2.pO2xPO4_5x5c.dat.42,21.93
1.1,1.7,0.334897284,Kellwasser,5,1,24.06,95.50924733,Devon370Ma_1xRemin_5xpCO2.pO2xPO4_5x5c.dat.32,30.83
1.0,1.7,0.250360163,Kellwasser,5,1,24.06,91.90171841,Devon370Ma_1xRemin_5xpCO2.pO2xPO4_5x5c.dat.22,39.17
0.9,1.7,0.24148468,Kellwasser,5,1,24.06,88.56876229,Devon370Ma_1xRemin_5xpCO2.pO2xPO4_5x5c.dat.12,49.17
0.8,1.7,0.189347988,Kellwasser,5,1,24.06,85.55768727,Devon370Ma_1xRemin_5xpCO2.pO2xPO4_5x5c.dat.02,59.36
1.2,1.8,0.409812796,Kellwasser,5,1,24.06,117.0987307,Devon370Ma_1xRemin_5xpCO2.pO2xPO4_5x5c.dat.43,26.79
1.1,1.8,0.251274146,Kellwasser,5,1,24.06,112.2718313,Devon370Ma_1xRemin_5xpCO2.pO2xPO4_5x5c.dat.33,35.05
1.0,1.8,0.241413385,Kellwasser,5,1,24.06,107.864631,Devon370Ma_1xRemin_5xpCO2.pO2xPO4_5x5c.dat.23,44.13
0.9,1.8,0.190939547,Kellwasser,5,1,24.06,104.0585121,Devon370Ma_1xRemin_5xpCO2.pO2xPO4_5x5c.dat.13,53.3
0.8,1.8,0.145828997,Kellwasser,5,1,24.06,100.5824452,Devon370Ma_1xRemin_5xpCO2.pO2xPO4_5x5c.dat.03,62.48
1.2,1.9,0.269106994,Kellwasser,5,1,24.06,135.6961002,Devon370Ma_1xRemin_5xpCO2.pO2xPO4_5x5c.dat.44,31.28
1.1,1.9,0.19415208,Kellwasser,5,1,24.06,130.0556178,Devon370Ma_1xRemin_5xpCO2.pO2xPO4_5x5c.dat.34,38.99
1.0,1.9,0.190038105,Kellwasser,5,1,24.06,125.0788191,Devon370Ma_1xRemin_5xpCO2.pO2xPO4_5x5c.dat.24,48.26
0.9,1.9,0.149940201,Kellwasser,5,1,24.06,120.5278168,Devon370Ma_1xRemin_5xpCO2.pO2xPO4_5x5c.dat.14,56.97
0.8,1.9,0.113914452,Kellwasser,5,1,24.06,116.3834459,Devon370Ma_1xRemin_5xpCO2.pO2xPO4_5x5c.dat.04,66.33
0.7,0.5,0.001728504,Background,5,1,24.06,27.39891534,Devon370Ma_1xRemin_5xpCO2.pO2xPO4_5x5d.dat.40,0.37
0.6,0.5,0.153285726,Background,5,1,24.06,23.98228571,Devon370Ma_1xRemin_5xpCO2.pO2xPO4_5x5d.dat.30,1.83
0.5,0.5,0.264058163,Background,5,1,24.06,21.28080087,Devon370Ma_1xRemin_5xpCO2.pO2xPO4_5x5d.dat.20,3.94
0.4,0.5,0.017436415,Background,5,1,24.06,19.04407691,Devon370Ma_1xRemin_5xpCO2.pO2xPO4_5x5d.dat.10,20.64
0.3,0.5,0.088841982,Background,5,1,24.06,17.15749931,Devon370Ma_1xRemin_5xpCO2.pO2xPO4_5x5d.dat.00,52.57
0.7,0.6,0.184755788,Background,5,1,24.06,44.6676022,Devon370Ma_1xRemin_5xpCO2.pO2xPO4_5x5d.dat.41,2.11
0.6,0.6,0.253592347,Background,5,1,24.06,39.26665158,Devon370Ma_1xRemin_5xpCO2.pO2xPO4_5x5d.dat.31,3.85
0.5,0.6,0.057529102,Background,5,1,24.06,35.21504186,Devon370Ma_1xRemin_5xpCO2.pO2xPO4_5x5d.dat.21,15.14
0.4,0.6,0.055686983,Background,5,1,24.06,32.00408901,Devon370Ma_1xRemin_5xpCO2.pO2xPO4_5x5d.dat.11,38.9
0.3,0.6,0.067233432,Background,5,1,24.06,29.32885582,Devon370Ma_1xRemin_5xpCO2.pO2xPO4_5x5d.dat.01,70.83
0.7,0.7,0.282251359,Background,5,1,24.06,65.44823555,Devon370Ma_1xRemin_5xpCO2.pO2xPO4_5x5d.dat.42,3.85
0.6,0.7,0.098625959,Background,5,1,24.06,57.41256246,Devon370Ma_1xRemin_5xpCO2.pO2xPO4_5x5d.dat.32,10.46
0.5,0.7,0.028603261,Background,5,1,24.06,51.51112055,Devon370Ma_1xRemin_5xpCO2.pO2xPO4_5x5d.dat.22,30.55
0.4,0.7,0.082521732,Background,5,1,24.06,46.92958464,Devon370Ma_1xRemin_5xpCO2.pO2xPO4_5x5d.dat.12,54.13
0.3,0.7,0.050850453,Background,5,1,24.06,43.22044333,Devon370Ma_1xRemin_5xpCO2.pO2xPO4_5x5d.dat.02,80.28
0.7,0.8,0.115958024,Background,5,1,24.06,88.85071293,Devon370Ma_1xRemin_5xpCO2.pO2xPO4_5x5d.dat.43,8.26
0.6,0.8,0.020071526,Background,5,1,24.06,78.47696543,Devon370Ma_1xRemin_5xpCO2.pO2xPO4_5x5d.dat.33,24.59
0.5,0.8,0.057247222,Background,5,1,24.06,70.29707922,Devon370Ma_1xRemin_5xpCO2.pO2xPO4_5x5d.dat.23,43.49
0.4,0.8,0.063549707,Background,5,1,24.06,63.99588165,Devon370Ma_1xRemin_5xpCO2.pO2xPO4_5x5d.dat.13,67.25
0.3,0.8,0.042460465,Background,5,1,24.06,59.00153337,Devon370Ma_1xRemin_5xpCO2.pO2xPO4_5x5d.dat.03,85.32
0.7,0.9,0.03626984,Background,5,1,24.06,113.2363614,Devon370Ma_1xRemin_5xpCO2.pO2xPO4_5x5d.dat.44,19.82
0.6,0.9,0.047035443,Background,5,1,24.06,101.7835093,Devon370Ma_1xRemin_5xpCO2.pO2xPO4_5x5d.dat.34,35.41
0.5,0.9,0.073031289,Background,5,1,24.06,91.57598106,Devon370Ma_1xRemin_5xpCO2.pO2xPO4_5x5d.dat.24,54.13
0.4,0.9,0.048246078,Background,5,1,24.06,83.28679542,Devon370Ma_1xRemin_5xpCO2.pO2xPO4_5x5d.dat.14,74.59
0.3,0.9,0.032503768,Background,5,1,24.06,76.68526814,Devon370Ma_1xRemin_5xpCO2.pO2xPO4_5x5d.dat.04,87.52
0.7,0.5,0.010614826,Kellwasser,5,1,24.06,27.39891534,Devon370Ma_1xRemin_5xpCO2.pO2xPO4_5x5d.dat.40,0.37
0.6,0.5,0.002662032,Kellwasser,5,1,24.06,23.98228571,Devon370Ma_1xRemin_5xpCO2.pO2xPO4_5x5d.dat.30,1.83
0.5,0.5,0.021343306,Kellwasser,5,1,24.06,21.28080087,Devon370Ma_1xRemin_5xpCO2.pO2xPO4_5x5d.dat.20,3.94
0.4,0.5,0.181448596,Kellwasser,5,1,24.06,19.04407691,Devon370Ma_1xRemin_5xpCO2.pO2xPO4_5x5d.dat.10,20.64
0.3,0.5,0.478860809,Kellwasser,5,1,24.06,17.15749931,Devon370Ma_1xRemin_5xpCO2.pO2xPO4_5x5d.dat.00,52.57
0.7,0.6,0.00201369,Kellwasser,5,1,24.06,44.6676022,Devon370Ma_1xRemin_5xpCO2.pO2xPO4_5x5d.dat.41,2.11
0.6,0.6,0.014753398,Kellwasser,5,1,24.06,39.26665158,Devon370Ma_1xRemin_5xpCO2.pO2xPO4_5x5d.dat.31,3.85
0.5,0.6,0.127991298,Kellwasser,5,1,24.06,35.21504186,Devon370Ma_1xRemin_5xpCO2.pO2xPO4_5x5d.dat.21,15.14
0.4,0.6,0.437929614,Kellwasser,5,1,24.06,32.00408901,Devon370Ma_1xRemin_5xpCO2.pO2xPO4_5x5d.dat.11,38.9
0.3,0.6,0.387991004,Kellwasser,5,1,24.06,29.32885582,Devon370Ma_1xRemin_5xpCO2.pO2xPO4_5x5d.dat.01,70.83
0.7,0.7,0.014534003,Kellwasser,5,1,24.06,65.44823555,Devon370Ma_1xRemin_5xpCO2.pO2xPO4_5x5d.dat.42,3.85
0.6,0.7,0.097255451,Kellwasser,5,1,24.06,57.41256246,Devon370Ma_1xRemin_5xpCO2.pO2xPO4_5x5d.dat.32,10.46
0.5,0.7,0.412853672,Kellwasser,5,1,24.06,51.51112055,Devon370Ma_1xRemin_5xpCO2.pO2xPO4_5x5d.dat.22,30.55
0.4,0.7,0.459059976,Kellwasser,5,1,24.06,46.92958464,Devon370Ma_1xRemin_5xpCO2.pO2xPO4_5x5d.dat.12,54.13
0.3,0.7,0.289077044,Kellwasser,5,1,24.06,43.22044333,Devon370Ma_1xRemin_5xpCO2.pO2xPO4_5x5d.dat.02,80.28
0.7,0.8,0.084038146,Kellwasser,5,1,24.06,88.85071293,Devon370Ma_1xRemin_5xpCO2.pO2xPO4_5x5d.dat.43,8.26
0.6,0.8,0.246932887,Kellwasser,5,1,24.06,78.47696543,Devon370Ma_1xRemin_5xpCO2.pO2xPO4_5x5d.dat.33,24.59
0.5,0.8,0.452804775,Kellwasser,5,1,24.06,70.29707922,Devon370Ma_1xRemin_5xpCO2.pO2xPO4_5x5d.dat.23,43.49
0.4,0.8,0.3856072,Kellwasser,5,1,24.06,63.99588165,Devon370Ma_1xRemin_5xpCO2.pO2xPO4_5x5d.dat.13,67.25
0.3,0.8,0.148576338,Kellwasser,5,1,24.06,59.00153337,Devon370Ma_1xRemin_5xpCO2.pO2xPO4_5x5d.dat.03,85.32
0.7,0.9,0.203361186,Kellwasser,5,1,24.06,113.2363614,Devon370Ma_1xRemin_5xpCO2.pO2xPO4_5x5d.dat.44,19.82
0.6,0.9,0.454590039,Kellwasser,5,1,24.06,101.7835093,Devon370Ma_1xRemin_5xpCO2.pO2xPO4_5x5d.dat.34,35.41
0.5,0.9,0.438536821,Kellwasser,5,1,24.06,91.57598106,Devon370Ma_1xRemin_5xpCO2.pO2xPO4_5x5d.dat.24,54.13
0.4,0.9,0.297227819,Kellwasser,5,1,24.06,83.28679542,Devon370Ma_1xRemin_5xpCO2.pO2xPO4_5x5d.dat.14,74.59
0.3,0.9,0.105385433,Kellwasser,5,1,24.06,76.68526814,Devon370Ma_1xRemin_5xpCO2.pO2xPO4_5x5d.dat.04,87.52
0.7,1.0,0.0115932064234555,Background,5.0,1.0,24.06,15.645560779375955,Devon370Ma_1xRemin_5xpCO2.pO2xPO4_5x5e.dat.40,29.08
0.6,1.0,0.0523715525924674,Background,5.0,1.0,24.06,14.44129338779021,Devon370Ma_1xRemin_5xpCO2.pO2xPO4_5x5e.dat.30,45.23
0.5,1.0,0.0558778514804067,Background,5.0,1.0,24.06,13.429854334390257,Devon370Ma_1xRemin_5xpCO2.pO2xPO4_5x5e.dat.20,63.12
0.4,1.0,0.0419181115568292,Background,5.0,1.0,24.06,12.50473451364087,Devon370Ma_1xRemin_5xpCO2.pO2xPO4_5x5e.dat.10,79.82
0.3,1.0,0.0262345253094143,Background,5.0,1.0,24.06,11.705277756846044,Devon370Ma_1xRemin_5xpCO2.pO2xPO4_5x5e.dat.00,87.98
0.7,1.1,0.0364738201350774,Background,5.0,1.0,24.06,26.98776188481133,Devon370Ma_1xRemin_5xpCO2.pO2xPO4_5x5e.dat.41,37.43
0.6,1.1,0.0619421461903392,Background,5.0,1.0,24.06,24.94488217053004,Devon370Ma_1xRemin_5xpCO2.pO2xPO4_5x5e.dat.31,53.3
0.5,1.1,0.0456399634535088,Background,5.0,1.0,24.06,23.116450392990373,Devon370Ma_1xRemin_5xpCO2.pO2xPO4_5x5e.dat.21,70.55
0.4,1.1,0.0355369843850802,Background,5.0,1.0,24.06,21.567411749856547,Devon370Ma_1xRemin_5xpCO2.pO2xPO4_5x5e.dat.11,82.57
0.3,1.1,0.0168215955709562,Background,5.0,1.0,24.06,20.233554096193984,Devon370Ma_1xRemin_5xpCO2.pO2xPO4_5x5e.dat.01,88.07
0.7,1.2,0.0451711244535983,Background,5.0,1.0,24.06,40.15973536297679,Devon370Ma_1xRemin_5xpCO2.pO2xPO4_5x5e.dat.42,45.87
0.6,1.2,0.0481826850002925,Background,5.0,1.0,24.06,37.523768696701154,Devon370Ma_1xRemin_5xpCO2.pO2xPO4_5x5e.dat.32,60.18
0.5,1.2,0.0365310075377076,Background,5.0,1.0,24.06,35.11318573146127,Devon370Ma_1xRemin_5xpCO2.pO2xPO4_5x5e.dat.22,75.23
0.4,1.2,0.0285028621332394,Background,5.0,1.0,24.06,33.02590630482882,Devon370Ma_1xRemin_5xpCO2.pO2xPO4_5x5e.dat.12,87.06
0.3,1.2,0.0135518491211558,Background,5.0,1.0,24.06,31.083669455256317,Devon370Ma_1xRemin_5xpCO2.pO2xPO4_5x5e.dat.02,87.8
0.7,1.3,0.0517191434580798,Background,5.0,1.0,24.06,54.91368210641667,Devon370Ma_1xRemin_5xpCO2.pO2xPO4_5x5e.dat.43,52.02
0.6,1.3,0.0413453607052119,Background,5.0,1.0,24.06,51.40077701071277,Devon370Ma_1xRemin_5xpCO2.pO2xPO4_5x5e.dat.33,66.15
0.5,1.3,0.0338204875259228,Background,5.0,1.0,24.06,48.44485738431104,Devon370Ma_1xRemin_5xpCO2.pO2xPO4_5x5e.dat.23,77.89
0.4,1.3,0.0237719212315252,Background,5.0,1.0,24.06,45.85158603731543,Devon370Ma_1xRemin_5xpCO2.pO2xPO4_5x5e.dat.13,87.98
0.3,1.3,0.0114254070813742,Background,5.0,1.0,24.06,43.42079773778096,Devon370Ma_1xRemin_5xpCO2.pO2xPO4_5x5e.dat.03,87.61
0.7,1.4,0.0402577268130772,Background,5.0,1.0,24.06,71.35750638553873,Devon370Ma_1xRemin_5xpCO2.pO2xPO4_5x5e.dat.44,57.61
0.6,1.4,0.0322365440949234,Background,5.0,1.0,24.06,66.86099368380383,Devon370Ma_1xRemin_5xpCO2.pO2xPO4_5x5e.dat.34,70.83
0.5,1.4,0.0287980133457175,Background,5.0,1.0,24.06,63.09873424470425,Devon370Ma_1xRemin_5xpCO2.pO2xPO4_5x5e.dat.24,81.01
0.4,1.4,0.0167240383501713,Background,5.0,1.0,24.06,59.73456427454949,Devon370Ma_1xRemin_5xpCO2.pO2xPO4_5x5e.dat.14,88.07
0.3,1.4,0.0090321048290272,Background,5.0,1.0,24.06,56.85711221303791,Devon370Ma_1xRemin_5xpCO2.pO2xPO4_5x5e.dat.04,87.8
0.7,1.0,0.4779433819024531,Kellwasser,5.0,1.0,24.06,15.645560779375955,Devon370Ma_1xRemin_5xpCO2.pO2xPO4_5x5e.dat.40,29.08
0.6,1.0,0.4052938501204355,Kellwasser,5.0,1.0,24.06,14.44129338779021,Devon370Ma_1xRemin_5xpCO2.pO2xPO4_5x5e.dat.30,45.23
0.5,1.0,0.3626958826296214,Kellwasser,5.0,1.0,24.06,13.429854334390257,Devon370Ma_1xRemin_5xpCO2.pO2xPO4_5x5e.dat.20,63.12
0.4,1.0,0.2279427096314329,Kellwasser,5.0,1.0,24.06,12.50473451364087,Devon370Ma_1xRemin_5xpCO2.pO2xPO4_5x5e.dat.10,79.82
0.3,1.0,0.0776886739838544,Kellwasser,5.0,1.0,24.06,11.705277756846044,Devon370Ma_1xRemin_5xpCO2.pO2xPO4_5x5e.dat.00,87.98
0.7,1.1,0.4572624565902368,Kellwasser,5.0,1.0,24.06,26.98776188481133,Devon370Ma_1xRemin_5xpCO2.pO2xPO4_5x5e.dat.41,37.43
0.6,1.1,0.4012929902401034,Kellwasser,5.0,1.0,24.06,24.94488217053004,Devon370Ma_1xRemin_5xpCO2.pO2xPO4_5x5e.dat.31,53.3
0.5,1.1,0.2850378501853923,Kellwasser,5.0,1.0,24.06,23.116450392990373,Devon370Ma_1xRemin_5xpCO2.pO2xPO4_5x5e.dat.21,70.55
0.4,1.1,0.1204762598936236,Kellwasser,5.0,1.0,24.06,21.567411749856547,Devon370Ma_1xRemin_5xpCO2.pO2xPO4_5x5e.dat.11,82.57
0.3,1.1,0.0440293255187325,Kellwasser,5.0,1.0,24.06,20.233554096193984,Devon370Ma_1xRemin_5xpCO2.pO2xPO4_5x5e.dat.01,88.07
0.7,1.2,0.3669897603287489,Kellwasser,5.0,1.0,24.06,40.15973536297679,Devon370Ma_1xRemin_5xpCO2.pO2xPO4_5x5e.dat.42,45.87
0.6,1.2,0.3276298751316427,Kellwasser,5.0,1.0,24.06,37.523768696701154,Devon370Ma_1xRemin_5xpCO2.pO2xPO4_5x5e.dat.32,60.18
0.5,1.2,0.22676360320088,Kellwasser,5.0,1.0,24.06,35.11318573146127,Devon370Ma_1xRemin_5xpCO2.pO2xPO4_5x5e.dat.22,75.23
0.4,1.2,0.0853464081319727,Kellwasser,5.0,1.0,24.06,33.02590630482882,Devon370Ma_1xRemin_5xpCO2.pO2xPO4_5x5e.dat.12,87.06
0.3,1.2,0.0293056546385014,Kellwasser,5.0,1.0,24.06,31.083669455256317,Devon370Ma_1xRemin_5xpCO2.pO2xPO4_5x5e.dat.02,87.8
0.7,1.3,0.3492060231491945,Kellwasser,5.0,1.0,24.06,54.91368210641667,Devon370Ma_1xRemin_5xpCO2.pO2xPO4_5x5e.dat.43,52.02
0.6,1.3,0.2603644215240023,Kellwasser,5.0,1.0,24.06,51.40077701071277,Devon370Ma_1xRemin_5xpCO2.pO2xPO4_5x5e.dat.33,66.15
0.5,1.3,0.1724630033217685,Kellwasser,5.0,1.0,24.06,48.44485738431104,Devon370Ma_1xRemin_5xpCO2.pO2xPO4_5x5e.dat.23,77.89
0.4,1.3,0.0668021166228643,Kellwasser,5.0,1.0,24.06,45.85158603731543,Devon370Ma_1xRemin_5xpCO2.pO2xPO4_5x5e.dat.13,87.98
0.3,1.3,0.0221970165658655,Kellwasser,5.0,1.0,24.06,43.42079773778096,Devon370Ma_1xRemin_5xpCO2.pO2xPO4_5x5e.dat.03,87.61
0.7,1.4,0.2825898681883984,Kellwasser,5.0,1.0,24.06,71.35750638553873,Devon370Ma_1xRemin_5xpCO2.pO2xPO4_5x5e.dat.44,57.61
0.6,1.4,0.2043503008814253,Kellwasser,5.0,1.0,24.06,66.86099368380383,Devon370Ma_1xRemin_5xpCO2.pO2xPO4_5x5e.dat.34,70.83
0.5,1.4,0.0901388349221377,Kellwasser,5.0,1.0,24.06,63.09873424470425,Devon370Ma_1xRemin_5xpCO2.pO2xPO4_5x5e.dat.24,81.01
0.4,1.4,0.0358181635100931,Kellwasser,5.0,1.0,24.06,59.73456427454949,Devon370Ma_1xRemin_5xpCO2.pO2xPO4_5x5e.dat.14,88.07
0.3,1.4,0.0163716143080851,Kellwasser,5.0,1.0,24.06,56.85711221303791,Devon370Ma_1xRemin_5xpCO2.pO2xPO4_5x5e.dat.04,87.8
0.7,1.5,0.0346613385469824,Background,5.0,1.0,24.06,11.036216164939106,Devon370Ma_1xRemin_5xpCO2.pO2xPO4_5x5f.dat.40,62.2
0.6,1.5,0.0284816830431243,Background,5.0,1.0,24.06,10.428482710267415,Devon370Ma_1xRemin_5xpCO2.pO2xPO4_5x5f.dat.30,74.31
0.5,1.5,0.0251374563472856,Background,5.0,1.0,24.06,9.897131349134725,Devon370Ma_1xRemin_5xpCO2.pO2xPO4_5x5f.dat.20,84.04
0.4,1.5,0.0110905142359344,Background,5.0,1.0,24.06,9.422991752217058,Devon370Ma_1xRemin_5xpCO2.pO2xPO4_5x5f.dat.10,88.26
0.3,1.5,0.0065729062504768,Background,5.0,1.0,24.06,9.000143109005876,Devon370Ma_1xRemin_5xpCO2.pO2xPO4_5x5f.dat.00,87.52
0.7,1.6,0.0283832614132151,Background,5.0,1.0,24.06,19.07499972730875,Devon370Ma_1xRemin_5xpCO2.pO2xPO4_5x5f.dat.41,66.51
0.6,1.6,0.0221651118946951,Background,5.0,1.0,24.06,18.063072275253944,Devon370Ma_1xRemin_5xpCO2.pO2xPO4_5x5f.dat.31,77.34
0.5,1.6,0.0184656152630318,Background,5.0,1.0,24.06,17.13560959615279,Devon370Ma_1xRemin_5xpCO2.pO2xPO4_5x5f.dat.21,86.79
0.4,1.6,0.0082792762452044,Background,5.0,1.0,24.06,16.29688631510362,Devon370Ma_1xRemin_5xpCO2.pO2xPO4_5x5f.dat.11,88.17
0.3,1.6,0.004540399764154,Background,5.0,1.0,24.06,15.581363186356612,Devon370Ma_1xRemin_5xpCO2.pO2xPO4_5x5f.dat.01,87.61
0.7,1.7,0.0236024435118966,Background,5.0,1.0,24.06,29.315449864952825,Devon370Ma_1xRemin_5xpCO2.pO2xPO4_5x5f.dat.42,70.18
0.6,1.7,0.0213513614623196,Background,5.0,1.0,24.06,27.75520806608256,Devon370Ma_1xRemin_5xpCO2.pO2xPO4_5x5f.dat.32,78.53
0.5,1.7,0.0139852129238646,Background,5.0,1.0,24.06,26.367399186710827,Devon370Ma_1xRemin_5xpCO2.pO2xPO4_5x5f.dat.22,87.89
0.4,1.7,0.0062540764944972,Background,5.0,1.0,24.06,25.111294235102832,Devon370Ma_1xRemin_5xpCO2.pO2xPO4_5x5f.dat.12,87.8
0.3,1.7,0.0015965787977121,Background,5.0,1.0,24.06,23.95477167738136,Devon370Ma_1xRemin_5xpCO2.pO2xPO4_5x5f.dat.02,87.71
0.7,1.8,0.021100821818695,Background,5.0,1.0,24.06,41.27330976189114,Devon370Ma_1xRemin_5xpCO2.pO2xPO4_5x5f.dat.43,72.84
0.6,1.8,0.018113406876795,Background,5.0,1.0,24.06,39.298582123592496,Devon370Ma_1xRemin_5xpCO2.pO2xPO4_5x5f.dat.33,81.1
0.5,1.8,0.009064528716805,Background,5.0,1.0,24.06,37.44374407688156,Devon370Ma_1xRemin_5xpCO2.pO2xPO4_5x5f.dat.23,88.07
0.4,1.8,0.0041197383415233,Background,5.0,1.0,24.06,35.73749927454628,Devon370Ma_1xRemin_5xpCO2.pO2xPO4_5x5f.dat.13,87.61
0.3,1.8,0.0006912270701393,Background,5.0,1.0,24.06,34.182710805907845,Devon370Ma_1xRemin_5xpCO2.pO2xPO4_5x5f.dat.03,88.26
0.7,1.9,0.0148507725529211,Background,5.0,1.0,24.06,54.29739758255892,Devon370Ma_1xRemin_5xpCO2.pO2xPO4_5x5f.dat.44,75.32
0.6,1.9,0.0122899769092669,Background,5.0,1.0,24.06,51.85773261473514,Devon370Ma_1xRemin_5xpCO2.pO2xPO4_5x5f.dat.34,82.29
0.5,1.9,0.0048335840987075,Background,5.0,1.0,24.06,49.66138294548728,Devon370Ma_1xRemin_5xpCO2.pO2xPO4_5x5f.dat.24,88.26
0.4,1.9,0.0021966382904254,Background,5.0,1.0,24.06,47.68499275087379,Devon370Ma_1xRemin_5xpCO2.pO2xPO4_5x5f.dat.14,87.71
0.3,1.9,0.0004111266148197,Background,5.0,1.0,24.06,45.78363586915657,Devon370Ma_1xRemin_5xpCO2.pO2xPO4_5x5f.dat.04,88.26
0.7,1.5,0.2278606326026374,Kellwasser,5.0,1.0,24.06,11.036216164939106,Devon370Ma_1xRemin_5xpCO2.pO2xPO4_5x5f.dat.40,62.2
0.6,1.5,0.159649329327706,Kellwasser,5.0,1.0,24.06,10.428482710267415,Devon370Ma_1xRemin_5xpCO2.pO2xPO4_5x5f.dat.30,74.31
0.5,1.5,0.0638915727589139,Kellwasser,5.0,1.0,24.06,9.897131349134725,Devon370Ma_1xRemin_5xpCO2.pO2xPO4_5x5f.dat.20,84.04
0.4,1.5,0.0236863728352935,Kellwasser,5.0,1.0,24.06,9.422991752217058,Devon370Ma_1xRemin_5xpCO2.pO2xPO4_5x5f.dat.10,88.26
0.3,1.5,0.0122283171690822,Kellwasser,5.0,1.0,24.06,9.000143109005876,Devon370Ma_1xRemin_5xpCO2.pO2xPO4_5x5f.dat.00,87.52
0.7,1.6,0.1752345975978745,Kellwasser,5.0,1.0,24.06,19.07499972730875,Devon370Ma_1xRemin_5xpCO2.pO2xPO4_5x5f.dat.41,66.51
0.6,1.6,0.1166625175735652,Kellwasser,5.0,1.0,24.06,18.063072275253944,Devon370Ma_1xRemin_5xpCO2.pO2xPO4_5x5f.dat.31,77.34
0.5,1.6,0.0480383996406124,Kellwasser,5.0,1.0,24.06,17.13560959615279,Devon370Ma_1xRemin_5xpCO2.pO2xPO4_5x5f.dat.21,86.79
0.4,1.6,0.0157221274116545,Kellwasser,5.0,1.0,24.06,16.29688631510362,Devon370Ma_1xRemin_5xpCO2.pO2xPO4_5x5f.dat.11,88.17
0.3,1.6,0.0095562089337349,Kellwasser,5.0,1.0,24.06,15.581363186356612,Devon370Ma_1xRemin_5xpCO2.pO2xPO4_5x5f.dat.01,87.61
0.7,1.7,0.1405443090277049,Kellwasser,5.0,1.0,24.06,29.315449864952825,Devon370Ma_1xRemin_5xpCO2.pO2xPO4_5x5f.dat.42,70.18
0.6,1.7,0.0600586929108819,Kellwasser,5.0,1.0,24.06,27.75520806608256,Devon370Ma_1xRemin_5xpCO2.pO2xPO4_5x5f.dat.32,78.53
0.5,1.7,0.0328019719041139,Kellwasser,5.0,1.0,24.06,26.367399186710827,Devon370Ma_1xRemin_5xpCO2.pO2xPO4_5x5f.dat.22,87.89
0.4,1.7,0.012478504537487,Kellwasser,5.0,1.0,24.06,25.111294235102832,Devon370Ma_1xRemin_5xpCO2.pO2xPO4_5x5f.dat.12,87.8
0.3,1.7,0.0060038265103605,Kellwasser,5.0,1.0,24.06,23.95477167738136,Devon370Ma_1xRemin_5xpCO2.pO2xPO4_5x5f.dat.02,87.71
0.7,1.8,0.1012764617086547,Kellwasser,5.0,1.0,24.06,41.27330976189114,Devon370Ma_1xRemin_5xpCO2.pO2xPO4_5x5f.dat.43,72.84
0.6,1.8,0.040256653009321,Kellwasser,5.0,1.0,24.06,39.298582123592496,Devon370Ma_1xRemin_5xpCO2.pO2xPO4_5x5f.dat.33,81.1
0.5,1.8,0.0171500662399907,Kellwasser,5.0,1.0,24.06,37.44374407688156,Devon370Ma_1xRemin_5xpCO2.pO2xPO4_5x5f.dat.23,88.07
0.4,1.8,0.0096434935608145,Kellwasser,5.0,1.0,24.06,35.73749927454628,Devon370Ma_1xRemin_5xpCO2.pO2xPO4_5x5f.dat.13,87.61
0.3,1.8,0.0042853802982686,Kellwasser,5.0,1.0,24.06,34.182710805907845,Devon370Ma_1xRemin_5xpCO2.pO2xPO4_5x5f.dat.03,88.26
0.7,1.9,0.0745790615332664,Kellwasser,5.0,1.0,24.06,54.29739758255892,Devon370Ma_1xRemin_5xpCO2.pO2xPO4_5x5f.dat.44,75.32
0.6,1.9,0.0322501797026707,Kellwasser,5.0,1.0,24.06,51.85773261473514,Devon370Ma_1xRemin_5xpCO2.pO2xPO4_5x5f.dat.34,82.29
0.5,1.9,0.0121771189655384,Kellwasser,5.0,1.0,24.06,49.66138294548728,Devon370Ma_1xRemin_5xpCO2.pO2xPO4_5x5f.dat.24,88.26
0.4,1.9,0.007119631048011,Kellwasser,5.0,1.0,24.06,47.68499275087379,Devon370Ma_1xRemin_5xpCO2.pO2xPO4_5x5f.dat.14,87.71
0.3,1.9,0.0027972078798226,Kellwasser,5.0,1.0,24.06,45.78363586915657,Devon370Ma_1xRemin_5xpCO2.pO2xPO4_5x5f.dat.04,88.26
1.2,0.5,0.063212294,Background,7.5,1,25.58,131.6118287,251106.pO2xPO4_5x5a.dat.40,0.0
1.1,0.5,0.065063168,Background,7.5,1,25.58,119.7156671,251106.pO2xPO4_5x5a.dat.30,0.0
1.0,0.5,0.058896632,Background,7.5,1,25.58,108.553184,251106.pO2xPO4_5x5a.dat.20,0.0
0.9,0.5,0.051951861,Background,7.5,1,25.58,98.6412997,251106.pO2xPO4_5x5a.dat.10,0.09
0.8,0.5,0.046129287,Background,7.5,1,25.58,90.58970318,251106.pO2xPO4_5x5a.dat.00,0.28
1.2,0.6,0.05822271,Background,7.5,1,25.58,155.3417096,251106.pO2xPO4_5x5a.dat.41,0.0
1.1,0.6,0.058368808,Background,7.5,1,25.58,143.2368445,251106.pO2xPO4_5x5a.dat.31,0.09
1.0,0.6,0.041274486,Background,7.5,1,25.58,131.5622067,251106.pO2xPO4_5x5a.dat.21,0.18
0.9,0.6,0.021065463,Background,7.5,1,25.58,120.6160887,251106.pO2xPO4_5x5a.dat.11,0.37
0.8,0.6,0.017656957,Background,7.5,1,25.58,110.8813303,251106.pO2xPO4_5x5a.dat.01,1.01
1.2,0.7,0.054936513,Background,7.5,1,25.58,179.1045215,251106.pO2xPO4_5x5a.dat.42,0.09
1.1,0.7,0.041157973,Background,7.5,1,25.58,166.9183403,251106.pO2xPO4_5x5a.dat.32,0.28
1.0,0.7,0.004717565,Background,7.5,1,25.58,154.9904118,251106.pO2xPO4_5x5a.dat.22,0.46
0.9,0.7,0.055234262,Background,7.5,1,25.58,143.5271552,251106.pO2xPO4_5x5a.dat.12,0.92
0.8,0.7,0.183137569,Background,7.5,1,25.58,132.775298,251106.pO2xPO4_5x5a.dat.02,2.29
1.2,0.8,0.02517814,Background,7.5,1,25.58,202.8833842,251106.pO2xPO4_5x5a.dat.43,0.37
1.1,0.8,0.026708272,Background,7.5,1,25.58,190.6647667,251106.pO2xPO4_5x5a.dat.33,0.83
1.0,0.8,0.095469297,Background,7.5,1,25.58,178.6121575,251106.pO2xPO4_5x5a.dat.23,1.38
0.9,0.8,0.220580662,Background,7.5,1,25.58,166.8665791,251106.pO2xPO4_5x5a.dat.13,2.39
0.8,0.8,0.189259649,Background,7.5,1,25.58,155.6084026,251106.pO2xPO4_5x5a.dat.03,3.76
1.2,0.9,0.044165664,Background,7.5,1,25.58,226.678545,251106.pO2xPO4_5x5a.dat.44,1.01
1.1,0.9,0.140021006,Background,7.5,1,25.58,214.4300815,251106.pO2xPO4_5x5a.dat.34,1.83
1.0,0.9,0.249016871,Background,7.5,1,25.58,202.3281413,251106.pO2xPO4_5x5a.dat.24,2.29
0.9,0.9,0.204224417,Background,7.5,1,25.58,190.4248202,251106.pO2xPO4_5x5a.dat.14,3.76
0.8,0.9,0.092425787,Background,7.5,1,25.58,178.8564114,251106.pO2xPO4_5x5a.dat.04,6.97
1.2,0.5,0.017454015,Kellwasser,7.5,1,25.58,131.6118287,251106.pO2xPO4_5x5a.dat.40,0.0
1.1,0.5,0.017480607,Kellwasser,7.5,1,25.58,119.7156671,251106.pO2xPO4_5x5a.dat.30,0.0
1.0,0.5,0.017010001,Kellwasser,7.5,1,25.58,108.553184,251106.pO2xPO4_5x5a.dat.20,0.0
0.9,0.5,0.017274003,Kellwasser,7.5,1,25.58,98.6412997,251106.pO2xPO4_5x5a.dat.10,0.09
0.8,0.5,0.014958587,Kellwasser,7.5,1,25.58,90.58970318,251106.pO2xPO4_5x5a.dat.00,0.28
1.2,0.6,0.017191914,Kellwasser,7.5,1,25.58,155.3417096,251106.pO2xPO4_5x5a.dat.41,0.0
1.1,0.6,0.017327312,Kellwasser,7.5,1,25.58,143.2368445,251106.pO2xPO4_5x5a.dat.31,0.09
1.0,0.6,0.01583531,Kellwasser,7.5,1,25.58,131.5622067,251106.pO2xPO4_5x5a.dat.21,0.18
0.9,0.6,0.012922944,Kellwasser,7.5,1,25.58,120.6160887,251106.pO2xPO4_5x5a.dat.11,0.37
0.8,0.6,0.007777115,Kellwasser,7.5,1,25.58,110.8813303,251106.pO2xPO4_5x5a.dat.01,1.01
1.2,0.7,0.016806293,Kellwasser,7.5,1,25.58,179.1045215,251106.pO2xPO4_5x5a.dat.42,0.09
1.1,0.7,0.014644503,Kellwasser,7.5,1,25.58,166.9183403,251106.pO2xPO4_5x5a.dat.32,0.28
1.0,0.7,0.01089616,Kellwasser,7.5,1,25.58,154.9904118,251106.pO2xPO4_5x5a.dat.22,0.46
0.9,0.7,0.005140699,Kellwasser,7.5,1,25.58,143.5271552,251106.pO2xPO4_5x5a.dat.12,0.92
0.8,0.7,0.007588151,Kellwasser,7.5,1,25.58,132.775298,251106.pO2xPO4_5x5a.dat.02,2.29
1.2,0.8,0.012452765,Kellwasser,7.5,1,25.58,202.8833842,251106.pO2xPO4_5x5a.dat.43,0.37
1.1,0.8,0.01012041,Kellwasser,7.5,1,25.58,190.6647667,251106.pO2xPO4_5x5a.dat.33,0.83
1.0,0.8,0.002989706,Kellwasser,7.5,1,25.58,178.6121575,251106.pO2xPO4_5x5a.dat.23,1.38
0.9,0.8,0.005012172,Kellwasser,7.5,1,25.58,166.8665791,251106.pO2xPO4_5x5a.dat.13,2.39
0.8,0.8,0.027411028,Kellwasser,7.5,1,25.58,155.6084026,251106.pO2xPO4_5x5a.dat.03,3.76
1.2,0.9,0.005920286,Kellwasser,7.5,1,25.58,226.678545,251106.pO2xPO4_5x5a.dat.44,1.01
1.1,0.9,0.00031921,Kellwasser,7.5,1,25.58,214.4300815,251106.pO2xPO4_5x5a.dat.34,1.83
1.0,0.9,0.000571482,Kellwasser,7.5,1,25.58,202.3281413,251106.pO2xPO4_5x5a.dat.24,2.29
0.9,0.9,0.026042257,Kellwasser,7.5,1,25.58,190.4248202,251106.pO2xPO4_5x5a.dat.14,3.76
0.8,0.9,0.093562423,Kellwasser,7.5,1,25.58,178.8564114,251106.pO2xPO4_5x5a.dat.04,6.97
1.2,1.0,0.183070027,Background,7.5,1,25.58,84.02639651,251106.pO2xPO4_5x5b.dat.40,1.93
1.1,1.0,0.279516648,Background,7.5,1,25.58,78.61864287,251106.pO2xPO4_5x5b.dat.30,2.66
1.0,1.0,0.217524966,Background,7.5,1,25.58,73.99661263,251106.pO2xPO4_5x5b.dat.20,3.94
0.9,1.0,0.08799798,Background,7.5,1,25.58,70.04243525,251106.pO2xPO4_5x5b.dat.10,6.51
0.8,1.0,0.029446494,Background,7.5,1,25.58,66.52156299,251106.pO2xPO4_5x5b.dat.00,13.76
1.2,1.1,0.307710003,Background,7.5,1,25.58,102.8168044,251106.pO2xPO4_5x5b.dat.41,2.66
1.1,1.1,0.224144219,Background,7.5,1,25.58,96.09377594,251106.pO2xPO4_5x5b.dat.31,3.94
1.0,1.1,0.134830879,Background,7.5,1,25.58,90.49648361,251106.pO2xPO4_5x5b.dat.21,6.42
0.9,1.1,0.048980318,Background,7.5,1,25.58,85.62582661,251106.pO2xPO4_5x5b.dat.11,10.64
0.8,1.1,0.01680359,Background,7.5,1,25.58,81.41912258,251106.pO2xPO4_5x5b.dat.01,23.76
1.2,1.2,0.229419375,Background,7.5,1,25.58,123.1890201,251106.pO2xPO4_5x5b.dat.42,3.85
1.1,1.2,0.150722906,Background,7.5,1,25.58,115.1155157,251106.pO2xPO4_5x5b.dat.32,6.06
1.0,1.2,0.067779823,Background,7.5,1,25.58,108.2759991,251106.pO2xPO4_5x5b.dat.22,9.45
0.9,1.2,0.00689155,Background,7.5,1,25.58,102.4927624,251106.pO2xPO4_5x5b.dat.12,20.28
0.8,1.2,0.035907607,Background,7.5,1,25.58,97.4360446,251106.pO2xPO4_5x5b.dat.02,32.39
1.2,1.3,0.150620315,Background,7.5,1,25.58,145.0169802,251106.pO2xPO4_5x5b.dat.43,5.96
1.1,1.3,0.076679157,Background,7.5,1,25.58,135.5660352,251106.pO2xPO4_5x5b.dat.33,8.35
1.0,1.3,0.029211455,Background,7.5,1,25.58,127.4896495,251106.pO2xPO4_5x5b.dat.23,16.97
0.9,1.3,0.021274061,Background,7.5,1,25.58,120.5600202,251106.pO2xPO4_5x5b.dat.13,27.89
0.8,1.3,0.041122512,Background,7.5,1,25.58,114.6024806,251106.pO2xPO4_5x5b.dat.03,40.37
1.2,1.4,0.080247087,Background,7.5,1,25.58,167.7873224,251106.pO2xPO4_5x5b.dat.44,7.8
1.1,1.4,0.042556553,Background,7.5,1,25.58,157.3433692,251106.pO2xPO4_5x5b.dat.34,14.04
1.0,1.4,0.004436909,Background,7.5,1,25.58,148.0119972,251106.pO2xPO4_5x5b.dat.24,24.04
0.9,1.4,0.030922756,Background,7.5,1,25.58,139.9385073,251106.pO2xPO4_5x5b.dat.14,35.05
0.8,1.4,0.05041106,Background,7.5,1,25.58,132.9347433,251106.pO2xPO4_5x5b.dat.04,47.71
1.2,1.0,0.001286574,Kellwasser,7.5,1,25.58,84.02639651,251106.pO2xPO4_5x5b.dat.40,1.93
1.1,1.0,0.002155579,Kellwasser,7.5,1,25.58,78.61864287,251106.pO2xPO4_5x5b.dat.30,2.66
1.0,1.0,0.023519587,Kellwasser,7.5,1,25.58,73.99661263,251106.pO2xPO4_5x5b.dat.20,3.94
0.9,1.0,0.091455648,Kellwasser,7.5,1,25.58,70.04243525,251106.pO2xPO4_5x5b.dat.10,6.51
0.8,1.0,0.218988172,Kellwasser,7.5,1,25.58,66.52156299,251106.pO2xPO4_5x5b.dat.00,13.76
1.2,1.1,0.00573121,Kellwasser,7.5,1,25.58,102.8168044,251106.pO2xPO4_5x5b.dat.41,2.66
1.1,1.1,0.020820565,Kellwasser,7.5,1,25.58,96.09377594,251106.pO2xPO4_5x5b.dat.31,3.94
1.0,1.1,0.046309946,Kellwasser,7.5,1,25.58,90.49648361,251106.pO2xPO4_5x5b.dat.21,6.42
0.9,1.1,0.17995761,Kellwasser,7.5,1,25.58,85.62582661,251106.pO2xPO4_5x5b.dat.11,10.64
0.8,1.1,0.493786927,Kellwasser,7.5,1,25.58,81.41912258,251106.pO2xPO4_5x5b.dat.01,23.76
1.2,1.2,0.018031127,Kellwasser,7.5,1,25.58,123.1890201,251106.pO2xPO4_5x5b.dat.42,3.85
1.1,1.2,0.040747698,Kellwasser,7.5,1,25.58,115.1155157,251106.pO2xPO4_5x5b.dat.32,6.06
1.0,1.2,0.146240231,Kellwasser,7.5,1,25.58,108.2759991,251106.pO2xPO4_5x5b.dat.22,9.45
0.9,1.2,0.460717837,Kellwasser,7.5,1,25.58,102.4927624,251106.pO2xPO4_5x5b.dat.12,20.28
0.8,1.2,0.438913082,Kellwasser,7.5,1,25.58,97.4360446,251106.pO2xPO4_5x5b.dat.02,32.39
1.2,1.3,0.036049712,Kellwasser,7.5,1,25.58,145.0169802,251106.pO2xPO4_5x5b.dat.43,5.96
1.1,1.3,0.154406258,Kellwasser,7.5,1,25.58,135.5660352,251106.pO2xPO4_5x5b.dat.33,8.35
1.0,1.3,0.296424757,Kellwasser,7.5,1,25.58,127.4896495,251106.pO2xPO4_5x5b.dat.23,16.97
0.9,1.3,0.528783904,Kellwasser,7.5,1,25.58,120.5600202,251106.pO2xPO4_5x5b.dat.13,27.89
0.8,1.3,0.334878809,Kellwasser,7.5,1,25.58,114.6024806,251106.pO2xPO4_5x5b.dat.03,40.37
1.2,1.4,0.133996766,Kellwasser,7.5,1,25.58,167.7873224,251106.pO2xPO4_5x5b.dat.44,7.8
1.1,1.4,0.259675125,Kellwasser,7.5,1,25.58,157.3433692,251106.pO2xPO4_5x5b.dat.34,14.04
1.0,1.4,0.506108535,Kellwasser,7.5,1,25.58,148.0119972,251106.pO2xPO4_5x5b.dat.24,24.04
0.9,1.4,0.372884387,Kellwasser,7.5,1,25.58,139.9385073,251106.pO2xPO4_5x5b.dat.14,35.05
0.8,1.4,0.333550685,Kellwasser,7.5,1,25.58,132.9347433,251106.pO2xPO4_5x5b.dat.04,47.71
1.2,1.5,0.046356558846498,Background,7.5,1.0,25.58,63.47920134430751,251106.pO2xPO4_5x5c.dat.40,10.55
1.1,1.5,0.0021951229877372,Background,7.5,1.0,25.58,60.74467091821134,251106.pO2xPO4_5x5c.dat.30,21.01
1.0,1.5,0.0226826466040667,Background,7.5,1.0,25.58,58.198871556669474,251106.pO2xPO4_5x5c.dat.20,30.18
0.9,1.5,0.0336113075606422,Background,7.5,1.0,25.58,55.86601764662191,251106.pO2xPO4_5x5c.dat.10,41.65
0.8,1.5,0.0398551110112892,Background,7.5,1.0,25.58,53.740539442515,251106.pO2xPO4_5x5c.dat.00,53.03
1.2,1.6,0.017514609115458,Background,7.5,1.0,25.58,77.68410432618111,251106.pO2xPO4_5x5c.dat.41,17.8
1.1,1.6,0.0095490578578311,Background,7.5,1.0,25.58,74.36388841597363,251106.pO2xPO4_5x5c.dat.31,26.97
1.0,1.6,0.0307490428432558,Background,7.5,1.0,25.58,71.42256072256714,251106.pO2xPO4_5x5c.dat.21,36.61
0.9,1.6,0.0395456568728668,Background,7.5,1.0,25.58,68.73114762129262,251106.pO2xPO4_5x5c.dat.11,47.71
0.8,1.6,0.0340452983014223,Background,7.5,1.0,25.58,66.21180364163592,251106.pO2xPO4_5x5c.dat.01,57.8
1.2,1.7,0.0005492283300498,Background,7.5,1.0,25.58,92.96627104049549,251106.pO2xPO4_5x5c.dat.42,23.58
1.1,1.7,0.019010553591768,Background,7.5,1.0,25.58,89.07507435651496,251106.pO2xPO4_5x5c.dat.32,32.2
1.0,1.7,0.0270389516920338,Background,7.5,1.0,25.58,85.50076017854735,251106.pO2xPO4_5x5c.dat.22,42.11
0.9,1.7,0.031904909044581,Background,7.5,1.0,25.58,82.34881534008309,251106.pO2xPO4_5x5c.dat.12,51.93
0.8,1.7,0.0281058405084093,Background,7.5,1.0,25.58,79.49243445182219,251106.pO2xPO4_5x5c.dat.02,61.38
1.2,1.8,0.0122238207748694,Background,7.5,1.0,25.58,109.4163308152929,251106.pO2xPO4_5x5c.dat.43,28.53
1.1,1.8,0.0238156442087674,Background,7.5,1.0,25.58,104.73233123775572,251106.pO2xPO4_5x5c.dat.33,37.25
1.0,1.8,0.0309793176291136,Background,7.5,1.0,25.58,100.60236672870816,251106.pO2xPO4_5x5c.dat.23,47.52
0.9,1.8,0.0267244526813242,Background,7.5,1.0,25.58,96.90391743788496,251106.pO2xPO4_5x5c.dat.13,56.24
0.8,1.8,0.022577344224708,Background,7.5,1.0,25.58,93.4897907427512,251106.pO2xPO4_5x5c.dat.03,65.41
1.2,1.9,0.0184930020340802,Background,7.5,1.0,25.58,126.82619853876533,251106.pO2xPO4_5x5c.dat.44,33.21
1.1,1.9,0.0215660046814933,Background,7.5,1.0,25.58,121.49983376730232,251106.pO2xPO4_5x5c.dat.34,42.2
1.0,1.9,0.0245776085818191,Background,7.5,1.0,25.58,116.6693982668221,251106.pO2xPO4_5x5c.dat.24,50.73
0.9,1.9,0.0222300448543005,Background,7.5,1.0,25.58,112.31742246309295,251106.pO2xPO4_5x5c.dat.14,59.63
0.8,1.9,0.0185422881129811,Background,7.5,1.0,25.58,108.46388613572344,251106.pO2xPO4_5x5c.dat.04,68.53
1.2,1.5,0.2504047962156189,Kellwasser,7.5,1.0,25.58,63.47920134430751,251106.pO2xPO4_5x5c.dat.40,10.55
1.1,1.5,0.4831157007952331,Kellwasser,7.5,1.0,25.58,60.74467091821134,251106.pO2xPO4_5x5c.dat.30,21.01
1.0,1.5,0.3744663342339161,Kellwasser,7.5,1.0,25.58,58.198871556669474,251106.pO2xPO4_5x5c.dat.20,30.18
0.9,1.5,0.2779663178199179,Kellwasser,7.5,1.0,25.58,55.86601764662191,251106.pO2xPO4_5x5c.dat.10,41.65
0.8,1.5,0.268521061757675,Kellwasser,7.5,1.0,25.58,53.740539442515,251106.pO2xPO4_5x5c.dat.00,53.03
1.2,1.6,0.4038550558551907,Kellwasser,7.5,1.0,25.58,77.68410432618111,251106.pO2xPO4_5x5c.dat.41,17.8
1.1,1.6,0.4526865528117402,Kellwasser,7.5,1.0,25.58,74.36388841597363,251106.pO2xPO4_5x5c.dat.31,26.97
1.0,1.6,0.283982718218188,Kellwasser,7.5,1.0,25.58,71.42256072256714,251106.pO2xPO4_5x5c.dat.21,36.61
0.9,1.6,0.268930668575878,Kellwasser,7.5,1.0,25.58,68.73114762129262,251106.pO2xPO4_5x5c.dat.11,47.71
0.8,1.6,0.218514663469075,Kellwasser,7.5,1.0,25.58,66.21180364163592,251106.pO2xPO4_5x5c.dat.01,57.8
1.2,1.7,0.4072823905176785,Kellwasser,7.5,1.0,25.58,92.96627104049549,251106.pO2xPO4_5x5c.dat.42,23.58
1.1,1.7,0.2909987564955604,Kellwasser,7.5,1.0,25.58,89.07507435651496,251106.pO2xPO4_5x5c.dat.32,32.2
1.0,1.7,0.2214082960744263,Kellwasser,7.5,1.0,25.58,85.50076017854735,251106.pO2xPO4_5x5c.dat.22,42.11
0.9,1.7,0.2178428644324155,Kellwasser,7.5,1.0,25.58,82.34881534008309,251106.pO2xPO4_5x5c.dat.12,51.93
0.8,1.7,0.1683818585778866,Kellwasser,7.5,1.0,25.58,79.49243445182219,251106.pO2xPO4_5x5c.dat.02,61.38
1.2,1.8,0.2784664149637609,Kellwasser,7.5,1.0,25.58,109.4163308152929,251106.pO2xPO4_5x5c.dat.43,28.53
1.1,1.8,0.2135552839457788,Kellwasser,7.5,1.0,25.58,104.73233123775572,251106.pO2xPO4_5x5c.dat.33,37.25
1.0,1.8,0.2113410915509233,Kellwasser,7.5,1.0,25.58,100.60236672870816,251106.pO2xPO4_5x5c.dat.23,47.52
0.9,1.8,0.1734774730019973,Kellwasser,7.5,1.0,25.58,96.90391743788496,251106.pO2xPO4_5x5c.dat.13,56.24
0.8,1.8,0.1305079528740321,Kellwasser,7.5,1.0,25.58,93.4897907427512,251106.pO2xPO4_5x5c.dat.03,65.41
1.2,1.9,0.1975521540625687,Kellwasser,7.5,1.0,25.58,126.82619853876533,251106.pO2xPO4_5x5c.dat.44,33.21
1.1,1.9,0.1739596555059256,Kellwasser,7.5,1.0,25.58,121.49983376730232,251106.pO2xPO4_5x5c.dat.34,42.2
1.0,1.9,0.1701059198609795,Kellwasser,7.5,1.0,25.58,116.6693982668221,251106.pO2xPO4_5x5c.dat.24,50.73
0.9,1.9,0.1331161381887035,Kellwasser,7.5,1.0,25.58,112.31742246309295,251106.pO2xPO4_5x5c.dat.14,59.63
0.8,1.9,0.1031336490097671,Kellwasser,7.5,1.0,25.58,108.46388613572344,251106.pO2xPO4_5x5c.dat.04,68.53
0.7,0.5,0.0009814685872531,Background,7.5,1.0,25.58,26.008139684563503,251106.pO2xPO4_5x5d.dat.40,0.73
0.6,0.5,0.1228198595434784,Background,7.5,1.0,25.58,22.62193629576359,251106.pO2xPO4_5x5d.dat.30,1.65
0.5,0.5,0.1631099058313899,Background,7.5,1.0,25.58,19.9435162357986,251106.pO2xPO4_5x5d.dat.20,3.49
0.4,0.5,0.01080702565736,Background,7.5,1.0,25.58,17.73038093233481,251106.pO2xPO4_5x5d.dat.10,11.47
0.3,0.5,0.0858623677201501,Background,7.5,1.0,25.58,15.86014695931226,251106.pO2xPO4_5x5d.dat.00,47.61
0.7,0.6,0.1586945566086586,Background,7.5,1.0,25.58,42.51211794326082,251106.pO2xPO4_5x5d.dat.41,2.02
0.6,0.6,0.1717847383609587,Background,7.5,1.0,25.58,37.149886338738725,251106.pO2xPO4_5x5d.dat.31,3.67
0.5,0.6,0.0192391040097892,Background,7.5,1.0,25.58,33.10242391307838,251106.pO2xPO4_5x5d.dat.21,9.17
0.4,0.6,0.0694682186387013,Background,7.5,1.0,25.58,29.991488190717064,251106.pO2xPO4_5x5d.dat.11,35.05
0.3,0.6,0.0648706502918758,Background,7.5,1.0,25.58,27.32340908551123,251106.pO2xPO4_5x5d.dat.01,68.99
0.7,0.7,0.1759582911500938,Background,7.5,1.0,25.58,62.34468310140073,251106.pO2xPO4_5x5d.dat.42,3.76
0.6,0.7,0.0556021582085506,Background,7.5,1.0,25.58,54.37939762487076,251106.pO2xPO4_5x5d.dat.32,8.07
0.5,0.7,0.0509080104617738,Background,7.5,1.0,25.58,48.598518333164975,251106.pO2xPO4_5x5d.dat.22,26.79
0.4,0.7,0.0775455059257725,Background,7.5,1.0,25.58,44.10443943925202,251106.pO2xPO4_5x5d.dat.12,53.03
0.3,0.7,0.0497409034563363,Background,7.5,1.0,25.58,40.45818786835298,251106.pO2xPO4_5x5d.dat.02,79.36
0.7,0.8,0.0639001375951301,Background,7.5,1.0,25.58,84.71783803543076,251106.pO2xPO4_5x5d.dat.43,7.52
0.6,0.8,0.0292912898834023,Background,7.5,1.0,25.58,74.37072054017335,251106.pO2xPO4_5x5d.dat.33,21.47
0.5,0.8,0.0603867229791333,Background,7.5,1.0,25.58,66.36242324020714,251106.pO2xPO4_5x5d.dat.23,42.57
0.4,0.8,0.0617508917025733,Background,7.5,1.0,25.58,60.25546827004291,251106.pO2xPO4_5x5d.dat.13,66.51
0.3,0.8,0.0412222583775085,Background,7.5,1.0,25.58,55.38506957236677,251106.pO2xPO4_5x5d.dat.03,81.74
0.7,0.9,0.0053577574385013,Background,7.5,1.0,25.58,107.99638403113931,251106.pO2xPO4_5x5d.dat.44,17.71
0.6,0.9,0.0524251546162209,Background,7.5,1.0,25.58,96.58108319854364,251106.pO2xPO4_5x5d.dat.34,34.13
0.5,0.9,0.0687660802349168,Background,7.5,1.0,25.58,86.47036156617105,251106.pO2xPO4_5x5d.dat.24,54.95
0.4,0.9,0.048016683328667,Background,7.5,1.0,25.58,78.43564526410773,251106.pO2xPO4_5x5d.dat.14,74.13
0.3,0.9,0.0312904265976492,Background,7.5,1.0,25.58,72.07068119896576,251106.pO2xPO4_5x5d.dat.04,88.17
0.7,0.5,0.011329985825199,Kellwasser,7.5,1.0,25.58,26.008139684563503,251106.pO2xPO4_5x5d.dat.40,0.73
0.6,0.5,0.0046604969358271,Kellwasser,7.5,1.0,25.58,22.62193629576359,251106.pO2xPO4_5x5d.dat.30,1.65
0.5,0.5,0.0298573309580868,Kellwasser,7.5,1.0,25.58,19.9435162357986,251106.pO2xPO4_5x5d.dat.20,3.49
0.4,0.5,0.2171203806799832,Kellwasser,7.5,1.0,25.58,17.73038093233481,251106.pO2xPO4_5x5d.dat.10,11.47
0.3,0.5,0.4545423910866173,Kellwasser,7.5,1.0,25.58,15.86014695931226,251106.pO2xPO4_5x5d.dat.00,47.61
0.7,0.6,0.0051979365089511,Kellwasser,7.5,1.0,25.58,42.51211794326082,251106.pO2xPO4_5x5d.dat.41,2.02
0.6,0.6,0.0272121309279318,Kellwasser,7.5,1.0,25.58,37.149886338738725,251106.pO2xPO4_5x5d.dat.31,3.67
0.5,0.6,0.1512710823801638,Kellwasser,7.5,1.0,25.58,33.10242391307838,251106.pO2xPO4_5x5d.dat.21,9.17
0.4,0.6,0.4087627011625015,Kellwasser,7.5,1.0,25.58,29.991488190717064,251106.pO2xPO4_5x5d.dat.11,35.05
0.3,0.6,0.3587262477023533,Kellwasser,7.5,1.0,25.58,27.32340908551123,251106.pO2xPO4_5x5d.dat.01,68.99
0.7,0.7,0.0295333190826315,Kellwasser,7.5,1.0,25.58,62.34468310140073,251106.pO2xPO4_5x5d.dat.42,3.76
0.6,0.7,0.1283853792285955,Kellwasser,7.5,1.0,25.58,54.37939762487076,251106.pO2xPO4_5x5d.dat.32,8.07
0.5,0.7,0.4667668042780121,Kellwasser,7.5,1.0,25.58,48.598518333164975,251106.pO2xPO4_5x5d.dat.22,26.79
0.4,0.7,0.4373680117317705,Kellwasser,7.5,1.0,25.58,44.10443943925202,251106.pO2xPO4_5x5d.dat.12,53.03
0.3,0.7,0.2623958483654888,Kellwasser,7.5,1.0,25.58,40.45818786835298,251106.pO2xPO4_5x5d.dat.02,79.36
0.7,0.8,0.1150257639552313,Kellwasser,7.5,1.0,25.58,84.71783803543076,251106.pO2xPO4_5x5d.dat.43,7.52
0.6,0.8,0.4041391550463457,Kellwasser,7.5,1.0,25.58,74.37072054017335,251106.pO2xPO4_5x5d.dat.33,21.47
0.5,0.8,0.4020295422596389,Kellwasser,7.5,1.0,25.58,66.36242324020714,251106.pO2xPO4_5x5d.dat.23,42.57
0.4,0.8,0.3553950111802035,Kellwasser,7.5,1.0,25.58,60.25546827004291,251106.pO2xPO4_5x5d.dat.13,66.51
0.3,0.8,0.1371844138059655,Kellwasser,7.5,1.0,25.58,55.38506957236677,251106.pO2xPO4_5x5d.dat.03,81.74
0.7,0.9,0.248409299251704,Kellwasser,7.5,1.0,25.58,107.99638403113931,251106.pO2xPO4_5x5d.dat.44,17.71
0.6,0.9,0.4427955074198829,Kellwasser,7.5,1.0,25.58,96.58108319854364,251106.pO2xPO4_5x5d.dat.34,34.13
0.5,0.9,0.4103628859774343,Kellwasser,7.5,1.0,25.58,86.47036156617105,251106.pO2xPO4_5x5d.dat.24,54.95
0.4,0.9,0.2795069140377427,Kellwasser,7.5,1.0,25.58,78.43564526410773,251106.pO2xPO4_5x5d.dat.14,74.13
0.3,0.9,0.0963984535832346,Kellwasser,7.5,1.0,25.58,72.07068119896576,251106.pO2xPO4_5x5d.dat.04,88.17
0.7,1.0,0.0340989913375497,Background,7.5,1.0,25.58,14.357492545968851,251106.pO2xPO4_5x5e.dat.40,28.62
0.6,1.0,0.0503442070562773,Background,7.5,1.0,25.58,13.203023627283985,251106.pO2xPO4_5x5e.dat.30,45.96
0.5,1.0,0.0592172173241022,Background,7.5,1.0,25.58,12.208956832182594,251106.pO2xPO4_5x5e.dat.20,63.85
0.4,1.0,0.0403750313851046,Background,7.5,1.0,25.58,11.338348485878669,251106.pO2xPO4_5x5e.dat.10,81.74
0.3,1.0,0.0269035476066776,Background,7.5,1.0,25.58,10.624935384839771,251106.pO2xPO4_5x5e.dat.00,88.35
0.7,1.1,0.0469622951754613,Background,7.5,1.0,25.58,25.059356630663387,251106.pO2xPO4_5x5e.dat.41,38.53
0.6,1.1,0.05870167189534,Background,7.5,1.0,25.58,23.0276145885,251106.pO2xPO4_5x5e.dat.31,55.05
0.5,1.1,0.0440633274459095,Background,7.5,1.0,25.58,21.2787290365668,251106.pO2xPO4_5x5e.dat.21,71.1
0.4,1.1,0.0344676917937732,Background,7.5,1.0,25.58,19.72541576833464,251106.pO2xPO4_5x5e.dat.11,82.11
0.3,1.1,0.0169701854131851,Background,7.5,1.0,25.58,18.430670024827123,251106.pO2xPO4_5x5e.dat.01,87.8
0.7,1.2,0.061968075153256,Background,7.5,1.0,25.58,37.4954761355184,251106.pO2xPO4_5x5e.dat.42,47.34
0.6,1.2,0.0503686764407678,Background,7.5,1.0,25.58,34.84674380160868,251106.pO2xPO4_5x5e.dat.32,61.47
0.5,1.2,0.036512820172039,Background,7.5,1.0,25.58,32.563333661528304,251106.pO2xPO4_5x5e.dat.22,75.14
0.4,1.2,0.0263596839204881,Background,7.5,1.0,25.58,30.478340704576112,251106.pO2xPO4_5x5e.dat.12,87.25
0.3,1.2,0.0141174412588682,Background,7.5,1.0,25.58,28.56387618521694,251106.pO2xPO4_5x5e.dat.02,87.61
0.7,1.3,0.0489738968145756,Background,7.5,1.0,25.58,51.366350817261264,251106.pO2xPO4_5x5e.dat.43,54.22
0.6,1.3,0.03994968167012,Background,7.5,1.0,25.58,47.98384179593995,251106.pO2xPO4_5x5e.dat.33,67.89
0.5,1.3,0.0339472202368898,Background,7.5,1.0,25.58,45.12551095103845,251106.pO2xPO4_5x5e.dat.23,80.64
0.4,1.3,0.0230129917134747,Background,7.5,1.0,25.58,42.511885112617165,251106.pO2xPO4_5x5e.dat.13,88.53
0.3,1.3,0.0113413380517584,Background,7.5,1.0,25.58,40.197730413638055,251106.pO2xPO4_5x5e.dat.03,87.52
0.7,1.4,0.0415114377117517,Background,7.5,1.0,25.58,66.90948794130236,251106.pO2xPO4_5x5e.dat.44,59.63
0.6,1.4,0.03230448968204,Background,7.5,1.0,25.58,62.583989347331226,251106.pO2xPO4_5x5e.dat.34,72.11
0.5,1.4,0.0279681225875494,Background,7.5,1.0,25.58,58.83670382900164,251106.pO2xPO4_5x5e.dat.24,82.66
0.4,1.4,0.0185292991921761,Background,7.5,1.0,25.58,55.66338950302452,251106.pO2xPO4_5x5e.dat.14,88.53
0.3,1.4,0.0086827047994179,Background,7.5,1.0,25.58,52.87511521601118,251106.pO2xPO4_5x5e.dat.04,87.06
0.7,1.0,0.5213196223522707,Kellwasser,7.5,1.0,25.58,14.357492545968851,251106.pO2xPO4_5x5e.dat.40,28.62
0.6,1.0,0.3750786335301401,Kellwasser,7.5,1.0,25.58,13.203023627283985,251106.pO2xPO4_5x5e.dat.30,45.96
0.5,1.0,0.3370465756897099,Kellwasser,7.5,1.0,25.58,12.208956832182594,251106.pO2xPO4_5x5e.dat.20,63.85
0.4,1.0,0.2064829448042162,Kellwasser,7.5,1.0,25.58,11.338348485878669,251106.pO2xPO4_5x5e.dat.10,81.74
0.3,1.0,0.0798472523782146,Kellwasser,7.5,1.0,25.58,10.624935384839771,251106.pO2xPO4_5x5e.dat.00,88.35
0.7,1.1,0.3906889528220846,Kellwasser,7.5,1.0,25.58,25.059356630663387,251106.pO2xPO4_5x5e.dat.41,38.53
0.6,1.1,0.3686699779770604,Kellwasser,7.5,1.0,25.58,23.0276145885,251106.pO2xPO4_5x5e.dat.31,55.05
0.5,1.1,0.2598162299583055,Kellwasser,7.5,1.0,25.58,21.2787290365668,251106.pO2xPO4_5x5e.dat.21,71.1
0.4,1.1,0.1107740282274933,Kellwasser,7.5,1.0,25.58,19.72541576833464,251106.pO2xPO4_5x5e.dat.11,82.11
0.3,1.1,0.0458479548006245,Kellwasser,7.5,1.0,25.58,18.430670024827123,251106.pO2xPO4_5x5e.dat.01,87.8
0.7,1.2,0.3918293320379211,Kellwasser,7.5,1.0,25.58,37.4954761355184,251106.pO2xPO4_5x5e.dat.42,47.34
0.6,1.2,0.3040419717968247,Kellwasser,7.5,1.0,25.58,34.84674380160868,251106.pO2xPO4_5x5e.dat.32,61.47
0.5,1.2,0.2033933416063599,Kellwasser,7.5,1.0,25.58,32.563333661528304,251106.pO2xPO4_5x5e.dat.22,75.14
0.4,1.2,0.0789364117269457,Kellwasser,7.5,1.0,25.58,30.478340704576112,251106.pO2xPO4_5x5e.dat.12,87.25
0.3,1.2,0.0305240270089584,Kellwasser,7.5,1.0,25.58,28.56387618521694,251106.pO2xPO4_5x5e.dat.02,87.61
0.7,1.3,0.3193861462815007,Kellwasser,7.5,1.0,25.58,51.366350817261264,251106.pO2xPO4_5x5e.dat.43,54.22
0.6,1.3,0.2351306156461034,Kellwasser,7.5,1.0,25.58,47.98384179593995,251106.pO2xPO4_5x5e.dat.33,67.89
0.5,1.3,0.1061018445474781,Kellwasser,7.5,1.0,25.58,45.12551095103845,251106.pO2xPO4_5x5e.dat.23,80.64
0.4,1.3,0.0635224975939934,Kellwasser,7.5,1.0,25.58,42.511885112617165,251106.pO2xPO4_5x5e.dat.13,88.53
0.3,1.3,0.0208505363684322,Kellwasser,7.5,1.0,25.58,40.197730413638055,251106.pO2xPO4_5x5e.dat.03,87.52
0.7,1.4,0.2619473411338904,Kellwasser,7.5,1.0,25.58,66.90948794130236,251106.pO2xPO4_5x5e.dat.44,59.63
0.6,1.4,0.1891396666301093,Kellwasser,7.5,1.0,25.58,62.583989347331226,251106.pO2xPO4_5x5e.dat.34,72.11
0.5,1.4,0.0817950338953534,Kellwasser,7.5,1.0,25.58,58.83670382900164,251106.pO2xPO4_5x5e.dat.24,82.66
0.4,1.4,0.0461171577593378,Kellwasser,7.5,1.0,25.58,55.66338950302452,251106.pO2xPO4_5x5e.dat.14,88.53
0.3,1.4,0.0160335817328438,Kellwasser,7.5,1.0,25.58,52.87511521601118,251106.pO2xPO4_5x5e.dat.04,87.06
0.7,1.5,0.0337608652103089,Background,7.5,1.0,25.58,10.024487892223988,251106.pO2xPO4_5x5f.dat.40,64.04
0.6,1.5,0.0289159628653769,Background,7.5,1.0,25.58,9.48791603150312,251106.pO2xPO4_5x5f.dat.30,74.68
0.5,1.5,0.0211244717390262,Background,7.5,1.0,25.58,8.985808563011233,251106.pO2xPO4_5x5f.dat.20,81.65
0.4,1.5,0.0110857176651025,Background,7.5,1.0,25.58,8.53332949191099,251106.pO2xPO4_5x5f.dat.10,87.89
0.3,1.5,0.00626625489544,Background,7.5,1.0,25.58,8.115927812468726,251106.pO2xPO4_5x5f.dat.00,87.06
0.7,1.6,0.0269384668574677,Background,7.5,1.0,25.58,17.323962310911156,251106.pO2xPO4_5x5f.dat.41,68.72
0.6,1.6,0.025457560584348,Background,7.5,1.0,25.58,16.350410078302957,251106.pO2xPO4_5x5f.dat.31,78.07
0.5,1.6,0.0177062118982689,Background,7.5,1.0,25.58,15.463690942851828,251106.pO2xPO4_5x5f.dat.21,87.71
0.4,1.6,0.0085917959660498,Background,7.5,1.0,25.58,14.709531569678802,251106.pO2xPO4_5x5f.dat.11,87.71
0.3,1.6,0.0044445237415067,Background,7.5,1.0,25.58,14.056167856324464,251106.pO2xPO4_5x5f.dat.01,87.34
0.7,1.7,0.0236414915736311,Background,7.5,1.0,25.58,26.90440487640444,251106.pO2xPO4_5x5f.dat.42,71.93
0.6,1.7,0.0205185524185902,Background,7.5,1.0,25.58,25.37355976528488,251106.pO2xPO4_5x5f.dat.32,82.11
0.5,1.7,0.0142436036154587,Background,7.5,1.0,25.58,23.973161660251208,251106.pO2xPO4_5x5f.dat.22,88.62
0.4,1.7,0.0061727331392836,Background,7.5,1.0,25.58,22.75068254675716,251106.pO2xPO4_5x5f.dat.12,87.43
0.3,1.7,0.0015382888913553,Background,7.5,1.0,25.58,21.64424950024113,251106.pO2xPO4_5x5f.dat.02,87.25
0.7,1.8,0.0207305946410358,Background,7.5,1.0,25.58,38.09627742157318,251106.pO2xPO4_5x5f.dat.43,74.22
0.6,1.8,0.0147714951209841,Background,7.5,1.0,25.58,36.12941145547666,251106.pO2xPO4_5x5f.dat.33,82.39
0.5,1.8,0.0085155267098565,Background,7.5,1.0,25.58,34.317406971240416,251106.pO2xPO4_5x5f.dat.23,88.62
0.4,1.8,0.0040853813475116,Background,7.5,1.0,25.58,32.707623176975176,251106.pO2xPO4_5x5f.dat.13,87.71
0.3,1.8,0.0007419811580947,Background,7.5,1.0,25.58,31.230869353748854,251106.pO2xPO4_5x5f.dat.03,87.06
0.7,1.9,0.0177594903639438,Background,7.5,1.0,25.58,50.30130705563352,251106.pO2xPO4_5x5f.dat.44,76.61
0.6,1.9,0.0114257536698723,Background,7.5,1.0,25.58,47.96626672032289,251106.pO2xPO4_5x5f.dat.34,82.2
0.5,1.9,0.0046710452848363,Background,7.5,1.0,25.58,45.85448550642468,251106.pO2xPO4_5x5f.dat.24,88.44
0.4,1.9,0.0021186551233373,Background,7.5,1.0,25.58,43.87092121760361,251106.pO2xPO4_5x5f.dat.14,87.34
0.3,1.9,0.0004902629585482,Background,7.5,1.0,25.58,42.003717680927366,251106.pO2xPO4_5x5f.dat.04,86.88
0.7,1.5,0.2006966945415783,Kellwasser,7.5,1.0,25.58,10.024487892223988,251106.pO2xPO4_5x5f.dat.40,64.04
0.6,1.5,0.1394104360142033,Kellwasser,7.5,1.0,25.58,9.48791603150312,251106.pO2xPO4_5x5f.dat.30,74.68
0.5,1.5,0.0573622095252758,Kellwasser,7.5,1.0,25.58,8.985808563011233,251106.pO2xPO4_5x5f.dat.20,81.65
0.4,1.5,0.0231205497157973,Kellwasser,7.5,1.0,25.58,8.53332949191099,251106.pO2xPO4_5x5f.dat.10,87.89
0.3,1.5,0.0122533677574264,Kellwasser,7.5,1.0,25.58,8.115927812468726,251106.pO2xPO4_5x5f.dat.00,87.06
0.7,1.6,0.160248677607248,Kellwasser,7.5,1.0,25.58,17.323962310911156,251106.pO2xPO4_5x5f.dat.41,68.72
0.6,1.6,0.0722406095134396,Kellwasser,7.5,1.0,25.58,16.350410078302957,251106.pO2xPO4_5x5f.dat.31,78.07
0.5,1.6,0.043852711781741,Kellwasser,7.5,1.0,25.58,15.463690942851828,251106.pO2xPO4_5x5f.dat.21,87.71
0.4,1.6,0.0179512194031323,Kellwasser,7.5,1.0,25.58,14.709531569678802,251106.pO2xPO4_5x5f.dat.11,87.71
0.3,1.6,0.009720254468805,Kellwasser,7.5,1.0,25.58,14.056167856324464,251106.pO2xPO4_5x5f.dat.01,87.34
0.7,1.7,0.1227384819192746,Kellwasser,7.5,1.0,25.58,26.90440487640444,251106.pO2xPO4_5x5f.dat.42,71.93
0.6,1.7,0.0537543277378932,Kellwasser,7.5,1.0,25.58,25.37355976528488,251106.pO2xPO4_5x5f.dat.32,82.11
0.5,1.7,0.0361831874248351,Kellwasser,7.5,1.0,25.58,23.973161660251208,251106.pO2xPO4_5x5f.dat.22,88.62
0.4,1.7,0.0126997453696235,Kellwasser,7.5,1.0,25.58,22.75068254675716,251106.pO2xPO4_5x5f.dat.12,87.43
0.3,1.7,0.0062434235962269,Kellwasser,7.5,1.0,25.58,21.64424950024113,251106.pO2xPO4_5x5f.dat.02,87.25
0.7,1.8,0.0899790939953095,Kellwasser,7.5,1.0,25.58,38.09627742157318,251106.pO2xPO4_5x5f.dat.43,74.22
0.6,1.8,0.0380199598613083,Kellwasser,7.5,1.0,25.58,36.12941145547666,251106.pO2xPO4_5x5f.dat.33,82.39
0.5,1.8,0.0258900843600743,Kellwasser,7.5,1.0,25.58,34.317406971240416,251106.pO2xPO4_5x5f.dat.23,88.62
0.4,1.8,0.0098109597108833,Kellwasser,7.5,1.0,25.58,32.707623176975176,251106.pO2xPO4_5x5f.dat.13,87.71
0.3,1.8,0.0046777404556468,Kellwasser,7.5,1.0,25.58,31.230869353748854,251106.pO2xPO4_5x5f.dat.03,87.06
0.7,1.9,0.0443225343489048,Kellwasser,7.5,1.0,25.58,50.30130705563352,251106.pO2xPO4_5x5f.dat.44,76.61
0.6,1.9,0.0314764578363969,Kellwasser,7.5,1.0,25.58,47.96626672032289,251106.pO2xPO4_5x5f.dat.34,82.2
0.5,1.9,0.0124796061466194,Kellwasser,7.5,1.0,25.58,45.85448550642468,251106.pO2xPO4_5x5f.dat.24,88.44
0.4,1.9,0.0073794257717555,Kellwasser,7.5,1.0,25.58,43.87092121760361,251106.pO2xPO4_5x5f.dat.14,87.34
0.3,1.9,0.0033554898489808,Kellwasser,7.5,1.0,25.58,42.003717680927366,251106.pO2xPO4_5x5f.dat.04,86.88
