pO2_bg,PO4_bg,mscore_bg,State_bg,pCO2_bg,efolding (m)_bg,globe_avg_temp (C)_bg,dissolved_O2_sur (molkg-1x1E6)_bg,file_bg,benthic_anoxia_bg,pO2_ev,PO4_ev,mscore_ev,State_ev,pCO2_ev,efolding (m)_ev,globe_avg_temp (C)_ev,dissolved_O2_sur (molkg-1x1E6)_ev,file_ev,benthic_anoxia_ev,PO4_change,pO2_change,temp_change,benthic_anoxia_change,efolding_change,dissolved_O2_change (avg over top 500 m)
1,0.9,0.427189722,Background,5,0.75,24.06,203.5507932,Devon370Ma_075Remin_5pCO2.pO2PO4_55a.dat.24,2.11,1,1.4,0.642239103,Kellwasser,1,0.75,18.18,179.7021687,Devon370Ma_075Remin_1pCO2.pO2PO4_55b.dat.24,11.1,0.5,0,5.88,8.99,0,-23.84862455
1,0.9,0.427189722,Background,5,0.75,24.06,203.5507932,Devon370Ma_075Remin_5pCO2.pO2PO4_55a.dat.24,2.11,1,1.4,0.642239103,Kellwasser,1,0.75,18.18,179.7021687,Devon370Ma_075Remin_1pCO2.pO2PO4_55b.dat.24,11.1,0.5,0,5.88,8.99,0,-23.84862455
1,0.9,0.427189722,Background,5,0.75,24.06,203.5507932,Devon370Ma_075Remin_5pCO2.pO2PO4_55a.dat.24,2.11,1,1.5,0.576999912,Kellwasser,0.75,1,17.06,80.04620759,251025.pO2PO4_55c.dat.20,12.84,0.6,0,7,10.73,0.25,-123.5045856
1,0.9,0.427189722,Background,5,0.75,24.06,203.5507932,Devon370Ma_075Remin_5pCO2.pO2PO4_55a.dat.24,2.11,1,1.5,0.576999912,Kellwasser,0.75,1,17.06,80.04620759,251025.pO2PO4_55c.dat.20,12.84,0.6,0,7,10.73,0.25,-123.5045856
0.9,0.8,0.414501043,Background,5,0.75,24.06,166.1389542,Devon370Ma_075Remin_5pCO2.pO2PO4_55a.dat.13,1.83,1,1.4,0.642239103,Kellwasser,1,0.75,18.18,179.7021687,Devon370Ma_075Remin_1pCO2.pO2PO4_55b.dat.24,11.1,0.6,0.1,5.88,9.27,0,13.56321445
0.9,0.8,0.414501043,Background,5,0.75,24.06,166.1389542,Devon370Ma_075Remin_5pCO2.pO2PO4_55a.dat.13,1.83,1,1.4,0.642239103,Kellwasser,1,0.75,18.18,179.7021687,Devon370Ma_075Remin_1pCO2.pO2PO4_55b.dat.24,11.1,0.6,0.1,5.88,9.27,0,13.56321445
1,0.9,0.427189722,Background,5,0.75,24.06,203.5507932,Devon370Ma_075Remin_5pCO2.pO2PO4_55a.dat.24,2.11,0.9,1.2,0.707311062,Kellwasser,1,0.75,18.18,123.9745034,Devon370Ma_075Remin_1pCO2.pO2PO4_55b.dat.12,9.27,0.3,-0.1,5.88,7.16,0,-79.57628986
1,0.9,0.427189722,Background,5,0.75,24.06,203.5507932,Devon370Ma_075Remin_5pCO2.pO2PO4_55a.dat.24,2.11,0.9,1.2,0.707311062,Kellwasser,1,0.75,18.18,123.9745034,Devon370Ma_075Remin_1pCO2.pO2PO4_55b.dat.12,9.27,0.3,-0.1,5.88,7.16,0,-79.57628986
1,0.9,0.427189722,Background,5,0.75,24.06,203.5507932,Devon370Ma_075Remin_5pCO2.pO2PO4_55a.dat.24,2.11,1,1.5,0.524769688,Kellwasser,1,0.75,18.18,72.0914104,Devon370Ma_075Remin_1pCO2.pO2PO4_55c.dat.20,15.96,0.6,0,5.88,13.85,0,-131.4593828
1,0.9,0.427189722,Background,5,0.75,24.06,203.5507932,Devon370Ma_075Remin_5pCO2.pO2PO4_55a.dat.24,2.11,1,1.5,0.524769688,Kellwasser,1,0.75,18.18,72.0914104,Devon370Ma_075Remin_1pCO2.pO2PO4_55c.dat.20,15.96,0.6,0,5.88,13.85,0,-131.4593828
1.1,1,0.427801779,Background,2.5,0.75,21.46,85.84064926,Devon370Ma_075Remin_2.5pCO2.pO2PO4_55b.dat.30,1.38,1,1.4,0.642239103,Kellwasser,1,0.75,18.18,179.7021687,Devon370Ma_075Remin_1pCO2.pO2PO4_55b.dat.24,11.1,0.4,-0.1,3.28,9.72,0,93.86151942
1,0.9,0.427189722,Background,5,0.75,24.06,203.5507932,Devon370Ma_075Remin_5pCO2.pO2PO4_55a.dat.24,2.11,0.9,1.3,0.66094357,Kellwasser,1,0.75,18.18,145.8663173,Devon370Ma_075Remin_1pCO2.pO2PO4_55b.dat.13,14.68,0.4,-0.1,5.88,12.57,0,-57.68447591
1,0.9,0.427189722,Background,5,0.75,24.06,203.5507932,Devon370Ma_075Remin_5pCO2.pO2PO4_55a.dat.24,2.11,0.9,1.4,0.66094357,Kellwasser,1,0.75,18.18,169.6706604,Devon370Ma_075Remin_1pCO2.pO2PO4_55b.dat.14,14.68,0.5,-0.1,5.88,12.57,0,-33.88013283
1,0.9,0.427189722,Background,5,0.75,24.06,203.5507932,Devon370Ma_075Remin_5pCO2.pO2PO4_55a.dat.24,2.11,0.9,1.3,0.66094357,Kellwasser,1,0.75,18.18,145.8663173,Devon370Ma_075Remin_1pCO2.pO2PO4_55b.dat.13,14.68,0.4,-0.1,5.88,12.57,0,-57.68447591
1,0.9,0.427189722,Background,5,0.75,24.06,203.5507932,Devon370Ma_075Remin_5pCO2.pO2PO4_55a.dat.24,2.11,0.9,1.4,0.66094357,Kellwasser,1,0.75,18.18,169.6706604,Devon370Ma_075Remin_1pCO2.pO2PO4_55b.dat.14,14.68,0.5,-0.1,5.88,12.57,0,-33.88013283
0.9,0.8,0.414501043,Background,5,0.75,24.06,166.1389542,Devon370Ma_075Remin_5pCO2.pO2PO4_55a.dat.13,1.83,1,1.5,0.576999912,Kellwasser,0.75,1,17.06,80.04620759,251025.pO2PO4_55c.dat.20,12.84,0.7,0.1,7,11.01,0.25,-86.09274664
0.9,0.8,0.414501043,Background,5,0.75,24.06,166.1389542,Devon370Ma_075Remin_5pCO2.pO2PO4_55a.dat.13,1.83,1,1.5,0.576999912,Kellwasser,0.75,1,17.06,80.04620759,251025.pO2PO4_55c.dat.20,12.84,0.7,0.1,7,11.01,0.25,-86.09274664
0.9,0.8,0.414501043,Background,5,0.75,24.06,166.1389542,Devon370Ma_075Remin_5pCO2.pO2PO4_55a.dat.13,1.83,0.9,1.2,0.707311062,Kellwasser,1,0.75,18.18,123.9745034,Devon370Ma_075Remin_1pCO2.pO2PO4_55b.dat.12,9.27,0.4,0,5.88,7.44,0,-42.16445086
0.9,0.8,0.414501043,Background,5,0.75,24.06,166.1389542,Devon370Ma_075Remin_5pCO2.pO2PO4_55a.dat.13,1.83,0.9,1.2,0.707311062,Kellwasser,1,0.75,18.18,123.9745034,Devon370Ma_075Remin_1pCO2.pO2PO4_55b.dat.12,9.27,0.4,0,5.88,7.44,0,-42.16445086
1.2,1.1,0.468167688,Background,2.5,0.75,21.46,111.5448613,Devon370Ma_075Remin_2.5pCO2.pO2PO4_55b.dat.41,1.65,1,1.4,0.642239103,Kellwasser,1,0.75,18.18,179.7021687,Devon370Ma_075Remin_1pCO2.pO2PO4_55b.dat.24,11.1,0.3,-0.2,3.28,9.45,0,68.1573074
1,0.9,0.427189722,Background,5,0.75,24.06,203.5507932,Devon370Ma_075Remin_5pCO2.pO2PO4_55a.dat.24,2.11,1.1,1.6,0.5543525,Kellwasser,0.75,1,17.06,100.9647749,251025.pO2PO4_55c.dat.31,10.09,0.7,0.1,7,7.98,0.25,-102.5860183
1,0.9,0.427189722,Background,5,0.75,24.06,203.5507932,Devon370Ma_075Remin_5pCO2.pO2PO4_55a.dat.24,2.11,1.1,1.6,0.5543525,Kellwasser,0.75,1,17.06,100.9647749,251025.pO2PO4_55c.dat.31,10.09,0.7,0.1,7,7.98,0.25,-102.5860183
1,0.9,0.427189722,Background,5,0.75,24.06,203.5507932,Devon370Ma_075Remin_5pCO2.pO2PO4_55a.dat.24,2.11,1.1,1.7,0.554011959,Kellwasser,0.75,1,17.06,120.2411222,251025.pO2PO4_55c.dat.32,13.67,0.8,0.1,7,11.56,0.25,-83.30967103
1,0.9,0.427189722,Background,5,0.75,24.06,203.5507932,Devon370Ma_075Remin_5pCO2.pO2PO4_55a.dat.24,2.11,1.1,1.7,0.554011959,Kellwasser,0.75,1,17.06,120.2411222,251025.pO2PO4_55c.dat.32,13.67,0.8,0.1,7,11.56,0.25,-83.30967103
1.1,1,0.427801779,Background,2.5,0.75,21.46,85.84064926,Devon370Ma_075Remin_2.5pCO2.pO2PO4_55b.dat.30,1.38,1,1.5,0.576999912,Kellwasser,0.75,1,17.06,80.04620759,251025.pO2PO4_55c.dat.20,12.84,0.5,-0.1,4.4,11.46,0.25,-5.794441673
1.1,1,0.427801779,Background,2.5,0.75,21.46,85.84064926,Devon370Ma_075Remin_2.5pCO2.pO2PO4_55b.dat.30,1.38,0.9,1.2,0.707311062,Kellwasser,1,0.75,18.18,123.9745034,Devon370Ma_075Remin_1pCO2.pO2PO4_55b.dat.12,9.27,0.2,-0.2,3.28,7.89,0,38.1338541
0.9,0.8,0.414501043,Background,5,0.75,24.06,166.1389542,Devon370Ma_075Remin_5pCO2.pO2PO4_55a.dat.13,1.83,1,1.5,0.524769688,Kellwasser,1,0.75,18.18,72.0914104,Devon370Ma_075Remin_1pCO2.pO2PO4_55c.dat.20,15.96,0.7,0.1,5.88,14.13,0,-94.04754383
0.9,0.8,0.414501043,Background,5,0.75,24.06,166.1389542,Devon370Ma_075Remin_5pCO2.pO2PO4_55a.dat.13,1.83,1,1.5,0.524769688,Kellwasser,1,0.75,18.18,72.0914104,Devon370Ma_075Remin_1pCO2.pO2PO4_55c.dat.20,15.96,0.7,0.1,5.88,14.13,0,-94.04754383
0.9,0.8,0.414501043,Background,5,0.75,24.06,166.1389542,Devon370Ma_075Remin_5pCO2.pO2PO4_55a.dat.13,1.83,0.9,1.3,0.66094357,Kellwasser,1,0.75,18.18,145.8663173,Devon370Ma_075Remin_1pCO2.pO2PO4_55b.dat.13,14.68,0.5,0,5.88,12.85,0,-20.2726369
0.9,0.8,0.414501043,Background,5,0.75,24.06,166.1389542,Devon370Ma_075Remin_5pCO2.pO2PO4_55a.dat.13,1.83,0.9,1.4,0.66094357,Kellwasser,1,0.75,18.18,169.6706604,Devon370Ma_075Remin_1pCO2.pO2PO4_55b.dat.14,14.68,0.6,0,5.88,12.85,0,3.53170617
0.9,0.8,0.414501043,Background,5,0.75,24.06,166.1389542,Devon370Ma_075Remin_5pCO2.pO2PO4_55a.dat.13,1.83,0.9,1.4,0.66094357,Kellwasser,1,0.75,18.18,169.6706604,Devon370Ma_075Remin_1pCO2.pO2PO4_55b.dat.14,14.68,0.6,0,5.88,12.85,0,3.53170617
0.9,0.8,0.414501043,Background,5,0.75,24.06,166.1389542,Devon370Ma_075Remin_5pCO2.pO2PO4_55a.dat.13,1.83,0.9,1.3,0.66094357,Kellwasser,1,0.75,18.18,145.8663173,Devon370Ma_075Remin_1pCO2.pO2PO4_55b.dat.13,14.68,0.5,0,5.88,12.85,0,-20.2726369
0.8,0.7,0.3879819,Background,5,0.75,24.06,130.5182668,Devon370Ma_075Remin_5pCO2.pO2PO4_55a.dat.02,1.83,0.9,1.2,0.707311062,Kellwasser,1,0.75,18.18,123.9745034,Devon370Ma_075Remin_1pCO2.pO2PO4_55b.dat.12,9.27,0.5,0.1,5.88,7.44,0,-6.543763448
0.8,0.7,0.3879819,Background,5,0.75,24.06,130.5182668,Devon370Ma_075Remin_5pCO2.pO2PO4_55a.dat.02,1.83,0.9,1.2,0.707311062,Kellwasser,1,0.75,18.18,123.9745034,Devon370Ma_075Remin_1pCO2.pO2PO4_55b.dat.12,9.27,0.5,0.1,5.88,7.44,0,-6.543763448
1,0.9,0.427189722,Background,5,0.75,24.06,203.5507932,Devon370Ma_075Remin_5pCO2.pO2PO4_55a.dat.24,2.11,1.1,1.7,0.521273485,Kellwasser,1,0.75,18.18,109.2405873,Devon370Ma_075Remin_1pCO2.pO2PO4_55c.dat.32,12.2,0.8,0.1,5.88,10.09,0,-94.3102059
1,0.9,0.427189722,Background,5,0.75,24.06,203.5507932,Devon370Ma_075Remin_5pCO2.pO2PO4_55a.dat.24,2.11,1.1,1.6,0.521273485,Kellwasser,1,0.75,18.18,91.41401824,Devon370Ma_075Remin_1pCO2.pO2PO4_55c.dat.31,12.2,0.7,0.1,5.88,10.09,0,-112.136775
1,0.9,0.427189722,Background,5,0.75,24.06,203.5507932,Devon370Ma_075Remin_5pCO2.pO2PO4_55a.dat.24,2.11,1.1,1.7,0.521273485,Kellwasser,1,0.75,18.18,109.2405873,Devon370Ma_075Remin_1pCO2.pO2PO4_55c.dat.32,12.2,0.8,0.1,5.88,10.09,0,-94.3102059
1,0.9,0.427189722,Background,5,0.75,24.06,203.5507932,Devon370Ma_075Remin_5pCO2.pO2PO4_55a.dat.24,2.11,1.1,1.6,0.521273485,Kellwasser,1,0.75,18.18,91.41401824,Devon370Ma_075Remin_1pCO2.pO2PO4_55c.dat.31,12.2,0.7,0.1,5.88,10.09,0,-112.136775
1,1,0.371971628,Background,2.5,1,21.46,87.83979865,251103.pO2PO4_55b.dat.20,2.75,1,1.4,0.642239103,Kellwasser,1,0.75,18.18,179.7021687,Devon370Ma_075Remin_1pCO2.pO2PO4_55b.dat.24,11.1,0.4,0,3.28,8.35,-0.25,91.86237003
1.1,1,0.427801779,Background,2.5,0.75,21.46,85.84064926,Devon370Ma_075Remin_2.5pCO2.pO2PO4_55b.dat.30,1.38,0.9,1.3,0.66094357,Kellwasser,1,0.75,18.18,145.8663173,Devon370Ma_075Remin_1pCO2.pO2PO4_55b.dat.13,14.68,0.3,-0.2,3.28,13.3,0,60.02566806
1.1,1,0.427801779,Background,2.5,0.75,21.46,85.84064926,Devon370Ma_075Remin_2.5pCO2.pO2PO4_55b.dat.30,1.38,0.9,1.4,0.66094357,Kellwasser,1,0.75,18.18,169.6706604,Devon370Ma_075Remin_1pCO2.pO2PO4_55b.dat.14,14.68,0.4,-0.2,3.28,13.3,0,83.83001114
1.2,1.1,0.468167688,Background,2.5,0.75,21.46,111.5448613,Devon370Ma_075Remin_2.5pCO2.pO2PO4_55b.dat.41,1.65,1,1.5,0.576999912,Kellwasser,0.75,1,17.06,80.04620759,251025.pO2PO4_55c.dat.20,12.84,0.4,-0.2,4.4,11.19,0.25,-31.49865369
1.1,1,0.427801779,Background,2.5,0.75,21.46,85.84064926,Devon370Ma_075Remin_2.5pCO2.pO2PO4_55b.dat.30,1.38,1,1.5,0.524769688,Kellwasser,1,0.75,18.18,72.0914104,Devon370Ma_075Remin_1pCO2.pO2PO4_55c.dat.20,15.96,0.5,-0.1,3.28,14.58,0,-13.74923886
1.1,1,0.390493104,Background,5,0.75,24.06,77.53463433,Devon370Ma_075Remin_5pCO2.pO2PO4_55b.dat.30,2.29,1,1.4,0.642239103,Kellwasser,1,0.75,18.18,179.7021687,Devon370Ma_075Remin_1pCO2.pO2PO4_55b.dat.24,11.1,0.4,-0.1,5.88,8.81,0,102.1675344
1,0.9,0.427189722,Background,5,0.75,24.06,203.5507932,Devon370Ma_075Remin_5pCO2.pO2PO4_55a.dat.24,2.11,1.2,1.9,0.49245255,Kellwasser,0.75,1,17.06,170.2301379,251025.pO2PO4_55c.dat.44,10.64,1,0.2,7,8.53,0.25,-33.32065533
1,0.9,0.427189722,Background,5,0.75,24.06,203.5507932,Devon370Ma_075Remin_5pCO2.pO2PO4_55a.dat.24,2.11,1.2,1.8,0.49245255,Kellwasser,0.75,1,17.06,146.8665869,251025.pO2PO4_55c.dat.43,10.64,0.9,0.2,7,8.53,0.25,-56.68420633
1,0.9,0.427189722,Background,5,0.75,24.06,203.5507932,Devon370Ma_075Remin_5pCO2.pO2PO4_55a.dat.24,2.11,1.2,1.9,0.49245255,Kellwasser,0.75,1,17.06,170.2301379,251025.pO2PO4_55c.dat.44,10.64,1,0.2,7,8.53,0.25,-33.32065533
1,0.9,0.427189722,Background,5,0.75,24.06,203.5507932,Devon370Ma_075Remin_5pCO2.pO2PO4_55a.dat.24,2.11,1.2,1.8,0.49245255,Kellwasser,0.75,1,17.06,146.8665869,251025.pO2PO4_55c.dat.43,10.64,0.9,0.2,7,8.53,0.25,-56.68420633
1,1.1,0.393150484,Background,2.5,1,21.46,107.1565566,251103.pO2PO4_55b.dat.21,3.94,1,1.4,0.642239103,Kellwasser,1,0.75,18.18,179.7021687,Devon370Ma_075Remin_1pCO2.pO2PO4_55b.dat.24,11.1,0.3,0,3.28,7.16,-0.25,72.54561206
0.8,0.7,0.3879819,Background,5,0.75,24.06,130.5182668,Devon370Ma_075Remin_5pCO2.pO2PO4_55a.dat.02,1.83,0.9,1.3,0.66094357,Kellwasser,1,0.75,18.18,145.8663173,Devon370Ma_075Remin_1pCO2.pO2PO4_55b.dat.13,14.68,0.6,0.1,5.88,12.85,0,15.34805051
0.8,0.7,0.3879819,Background,5,0.75,24.06,130.5182668,Devon370Ma_075Remin_5pCO2.pO2PO4_55a.dat.02,1.83,0.9,1.4,0.66094357,Kellwasser,1,0.75,18.18,169.6706604,Devon370Ma_075Remin_1pCO2.pO2PO4_55b.dat.14,14.68,0.7,0.1,5.88,12.85,0,39.15239358
0.8,0.7,0.3879819,Background,5,0.75,24.06,130.5182668,Devon370Ma_075Remin_5pCO2.pO2PO4_55a.dat.02,1.83,0.9,1.4,0.66094357,Kellwasser,1,0.75,18.18,169.6706604,Devon370Ma_075Remin_1pCO2.pO2PO4_55b.dat.14,14.68,0.7,0.1,5.88,12.85,0,39.15239358
0.8,0.7,0.3879819,Background,5,0.75,24.06,130.5182668,Devon370Ma_075Remin_5pCO2.pO2PO4_55a.dat.02,1.83,0.9,1.3,0.66094357,Kellwasser,1,0.75,18.18,145.8663173,Devon370Ma_075Remin_1pCO2.pO2PO4_55b.dat.13,14.68,0.6,0.1,5.88,12.85,0,15.34805051
1,0.9,0.427189722,Background,5,0.75,24.06,203.5507932,Devon370Ma_075Remin_5pCO2.pO2PO4_55a.dat.24,2.11,1.2,1.7,0.472367969,Kellwasser,1,0.75,18.18,113.443406,Devon370Ma_075Remin_1pCO2.pO2PO4_55c.dat.42,9.91,0.8,0.2,5.88,7.8,0,-90.10738722
1,0.9,0.427189722,Background,5,0.75,24.06,203.5507932,Devon370Ma_075Remin_5pCO2.pO2PO4_55a.dat.24,2.11,1.2,1.7,0.472367969,Kellwasser,1,0.75,18.18,113.443406,Devon370Ma_075Remin_1pCO2.pO2PO4_55c.dat.42,9.91,0.8,0.2,5.88,7.8,0,-90.10738722
1.1,1.2,0.416669591,Background,2.5,1,21.46,136.0907772,251103.pO2PO4_55b.dat.32,3.85,1,1.4,0.642239103,Kellwasser,1,0.75,18.18,179.7021687,Devon370Ma_075Remin_1pCO2.pO2PO4_55b.dat.24,11.1,0.2,-0.1,3.28,7.25,-0.25,43.61139145
1.1,1.1,0.416669591,Background,2.5,1,21.46,113.6966021,251103.pO2PO4_55b.dat.31,3.85,1,1.4,0.642239103,Kellwasser,1,0.75,18.18,179.7021687,Devon370Ma_075Remin_1pCO2.pO2PO4_55b.dat.24,11.1,0.3,-0.1,3.28,7.25,-0.25,66.00556662
1,0.9,0.427189722,Background,5,0.75,24.06,203.5507932,Devon370Ma_075Remin_5pCO2.pO2PO4_55a.dat.24,2.11,1,1.4,0.615350876,Kellwasser,0.75,0.75,17.06,183.8741737,251030.pO2PO4_55b.dat.24,7.8,0.5,0,7,5.69,0,-19.67661956
1,0.9,0.427189722,Background,5,0.75,24.06,203.5507932,Devon370Ma_075Remin_5pCO2.pO2PO4_55a.dat.24,2.11,1,1.4,0.615350876,Kellwasser,0.75,0.75,17.06,183.8741737,251030.pO2PO4_55b.dat.24,7.8,0.5,0,7,5.69,0,-19.67661956
1.2,0.9,0.364158016,Background,2.5,0.5,21.46,239.3142786,251104.pO2PO4_55a.dat.44,1.1,1,1.4,0.642239103,Kellwasser,1,0.75,18.18,179.7021687,Devon370Ma_075Remin_1pCO2.pO2PO4_55b.dat.24,11.1,0.5,-0.2,3.28,10,0.25,-59.61210992
1.1,1,0.427801779,Background,2.5,0.75,21.46,85.84064926,Devon370Ma_075Remin_2.5pCO2.pO2PO4_55b.dat.30,1.38,1.1,1.6,0.5543525,Kellwasser,0.75,1,17.06,100.9647749,251025.pO2PO4_55c.dat.31,10.09,0.6,0,4.4,8.71,0.25,15.12412564
1.1,1,0.427801779,Background,2.5,0.75,21.46,85.84064926,Devon370Ma_075Remin_2.5pCO2.pO2PO4_55b.dat.30,1.38,1.1,1.7,0.554011959,Kellwasser,0.75,1,17.06,120.2411222,251025.pO2PO4_55c.dat.32,13.67,0.7,0,4.4,12.29,0.25,34.40047294
1,0.9,0.427189722,Background,5,0.75,24.06,203.5507932,Devon370Ma_075Remin_5pCO2.pO2PO4_55a.dat.24,2.11,0.9,1.3,0.503735592,Kellwasser,0.75,1,17.06,161.3606291,251025.pO2PO4_55b.dat.13,11.56,0.4,-0.1,7,9.45,0.25,-42.19016413
1,0.9,0.427189722,Background,5,0.75,24.06,203.5507932,Devon370Ma_075Remin_5pCO2.pO2PO4_55a.dat.24,2.11,0.9,1.3,0.503735592,Kellwasser,0.75,1,17.06,161.3606291,251025.pO2PO4_55b.dat.13,11.56,0.4,-0.1,7,9.45,0.25,-42.19016413
1.2,1.1,0.468167688,Background,2.5,0.75,21.46,111.5448613,Devon370Ma_075Remin_2.5pCO2.pO2PO4_55b.dat.41,1.65,1,1.5,0.524769688,Kellwasser,1,0.75,18.18,72.0914104,Devon370Ma_075Remin_1pCO2.pO2PO4_55c.dat.20,15.96,0.4,-0.2,3.28,14.31,0,-39.45345088
1,1,0.371971628,Background,2.5,1,21.46,87.83979865,251103.pO2PO4_55b.dat.20,2.75,1,1.5,0.576999912,Kellwasser,0.75,1,17.06,80.04620759,251025.pO2PO4_55c.dat.20,12.84,0.5,0,4.4,10.09,0,-7.793591063
1,1,0.371971628,Background,2.5,1,21.46,87.83979865,251103.pO2PO4_55b.dat.20,2.75,0.9,1.2,0.707311062,Kellwasser,1,0.75,18.18,123.9745034,Devon370Ma_075Remin_1pCO2.pO2PO4_55b.dat.12,9.27,0.2,-0.1,3.28,6.52,-0.25,36.13470471
1,0.9,0.427189722,Background,5,0.75,24.06,203.5507932,Devon370Ma_075Remin_5pCO2.pO2PO4_55a.dat.24,2.11,1.1,1.5,0.646946866,Kellwasser,1,0.75,18.18,74.9922765,Devon370Ma_075Remin_1pCO2.pO2PO4_55c.dat.30,7.98,0.6,0.1,5.88,5.87,0,-128.5585167
1,0.9,0.427189722,Background,5,0.75,24.06,203.5507932,Devon370Ma_075Remin_5pCO2.pO2PO4_55a.dat.24,2.11,1.1,1.5,0.646946866,Kellwasser,1,0.75,18.18,74.9922765,Devon370Ma_075Remin_1pCO2.pO2PO4_55c.dat.30,7.98,0.6,0.1,5.88,5.87,0,-128.5585167
1.1,1,0.390493104,Background,5,0.75,24.06,77.53463433,Devon370Ma_075Remin_5pCO2.pO2PO4_55b.dat.30,2.29,0.9,1.2,0.707311062,Kellwasser,1,0.75,18.18,123.9745034,Devon370Ma_075Remin_1pCO2.pO2PO4_55b.dat.12,9.27,0.2,-0.2,5.88,6.98,0,46.43986904
1,1.1,0.393150484,Background,2.5,1,21.46,107.1565566,251103.pO2PO4_55b.dat.21,3.94,0.9,1.2,0.707311062,Kellwasser,1,0.75,18.18,123.9745034,Devon370Ma_075Remin_1pCO2.pO2PO4_55b.dat.12,9.27,0.1,-0.1,3.28,5.33,-0.25,16.81794674
1.1,1,0.390493104,Background,5,0.75,24.06,77.53463433,Devon370Ma_075Remin_5pCO2.pO2PO4_55b.dat.30,2.29,1,1.5,0.576999912,Kellwasser,0.75,1,17.06,80.04620759,251025.pO2PO4_55c.dat.20,12.84,0.5,-0.1,7,10.55,0.25,2.511573261
1,0.9,0.427189722,Background,5,0.75,24.06,203.5507932,Devon370Ma_075Remin_5pCO2.pO2PO4_55a.dat.24,2.11,0.8,1.2,0.684237598,Kellwasser,1,0.75,18.18,118.3068962,Devon370Ma_075Remin_1pCO2.pO2PO4_55b.dat.02,12.57,0.3,-0.2,5.88,10.46,0,-85.24389705
1,0.9,0.427189722,Background,5,0.75,24.06,203.5507932,Devon370Ma_075Remin_5pCO2.pO2PO4_55a.dat.24,2.11,0.8,1.1,0.684237598,Kellwasser,1,0.75,18.18,103.7711627,Devon370Ma_075Remin_1pCO2.pO2PO4_55b.dat.01,12.57,0.2,-0.2,5.88,10.46,0,-99.77963055
1,0.9,0.427189722,Background,5,0.75,24.06,203.5507932,Devon370Ma_075Remin_5pCO2.pO2PO4_55a.dat.24,2.11,0.8,1.1,0.684237598,Kellwasser,1,0.75,18.18,103.7711627,Devon370Ma_075Remin_1pCO2.pO2PO4_55b.dat.01,12.57,0.2,-0.2,5.88,10.46,0,-99.77963055
1,0.9,0.427189722,Background,5,0.75,24.06,203.5507932,Devon370Ma_075Remin_5pCO2.pO2PO4_55a.dat.24,2.11,0.8,1.2,0.684237598,Kellwasser,1,0.75,18.18,118.3068962,Devon370Ma_075Remin_1pCO2.pO2PO4_55b.dat.02,12.57,0.3,-0.2,5.88,10.46,0,-85.24389705
1,1.1,0.393150484,Background,2.5,1,21.46,107.1565566,251103.pO2PO4_55b.dat.21,3.94,1,1.5,0.576999912,Kellwasser,0.75,1,17.06,80.04620759,251025.pO2PO4_55c.dat.20,12.84,0.4,0,4.4,8.9,0,-27.11034903
1,0.9,0.427189722,Background,5,0.75,24.06,203.5507932,Devon370Ma_075Remin_5pCO2.pO2PO4_55a.dat.24,2.11,1,1.3,0.679021468,Kellwasser,1,0.75,18.18,154.1479141,Devon370Ma_075Remin_1pCO2.pO2PO4_55b.dat.23,7.52,0.4,0,5.88,5.41,0,-49.40287909
1,0.9,0.427189722,Background,5,0.75,24.06,203.5507932,Devon370Ma_075Remin_5pCO2.pO2PO4_55a.dat.24,2.11,1,1.3,0.679021468,Kellwasser,1,0.75,18.18,154.1479141,Devon370Ma_075Remin_1pCO2.pO2PO4_55b.dat.23,7.52,0.4,0,5.88,5.41,0,-49.40287909
1.2,0.9,0.352479784,Background,5,0.5,24.06,223.9596215,Devon370Ma_050Remin_5pCO2.pO2PO4_55a.dat.44,1.19,1,1.4,0.642239103,Kellwasser,1,0.75,18.18,179.7021687,Devon370Ma_075Remin_1pCO2.pO2PO4_55b.dat.24,11.1,0.5,-0.2,5.88,9.91,0.25,-44.25745283
1.1,1.2,0.416669591,Background,2.5,1,21.46,136.0907772,251103.pO2PO4_55b.dat.32,3.85,0.9,1.2,0.707311062,Kellwasser,1,0.75,18.18,123.9745034,Devon370Ma_075Remin_1pCO2.pO2PO4_55b.dat.12,9.27,0,-0.2,3.28,5.42,-0.25,-12.11627387
1.1,1.1,0.416669591,Background,2.5,1,21.46,113.6966021,251103.pO2PO4_55b.dat.31,3.85,0.9,1.2,0.707311062,Kellwasser,1,0.75,18.18,123.9745034,Devon370Ma_075Remin_1pCO2.pO2PO4_55b.dat.12,9.27,0.1,-0.2,3.28,5.42,-0.25,10.27790131
1.1,1,0.427801779,Background,2.5,0.75,21.46,85.84064926,Devon370Ma_075Remin_2.5pCO2.pO2PO4_55b.dat.30,1.38,1.1,1.6,0.521273485,Kellwasser,1,0.75,18.18,91.41401824,Devon370Ma_075Remin_1pCO2.pO2PO4_55c.dat.31,12.2,0.6,0,3.28,10.82,0,5.573368981
1.1,1,0.427801779,Background,2.5,0.75,21.46,85.84064926,Devon370Ma_075Remin_2.5pCO2.pO2PO4_55b.dat.30,1.38,1.1,1.7,0.521273485,Kellwasser,1,0.75,18.18,109.2405873,Devon370Ma_075Remin_1pCO2.pO2PO4_55c.dat.32,12.2,0.7,0,3.28,10.82,0,23.39993807
1.2,1.1,0.468167688,Background,2.5,0.75,21.46,111.5448613,Devon370Ma_075Remin_2.5pCO2.pO2PO4_55b.dat.41,1.65,1.1,1.6,0.5543525,Kellwasser,0.75,1,17.06,100.9647749,251025.pO2PO4_55c.dat.31,10.09,0.5,-0.1,4.4,8.44,0.25,-10.58008638
1.2,1.1,0.468167688,Background,2.5,0.75,21.46,111.5448613,Devon370Ma_075Remin_2.5pCO2.pO2PO4_55b.dat.41,1.65,1.1,1.7,0.554011959,Kellwasser,0.75,1,17.06,120.2411222,251025.pO2PO4_55c.dat.32,13.67,0.6,-0.1,4.4,12.02,0.25,8.696260916
1,1,0.371971628,Background,2.5,1,21.46,87.83979865,251103.pO2PO4_55b.dat.20,2.75,0.9,1.4,0.66094357,Kellwasser,1,0.75,18.18,169.6706604,Devon370Ma_075Remin_1pCO2.pO2PO4_55b.dat.14,14.68,0.4,-0.1,3.28,11.93,-0.25,81.83086175
1,1,0.371971628,Background,2.5,1,21.46,87.83979865,251103.pO2PO4_55b.dat.20,2.75,0.9,1.3,0.66094357,Kellwasser,1,0.75,18.18,145.8663173,Devon370Ma_075Remin_1pCO2.pO2PO4_55b.dat.13,14.68,0.3,-0.1,3.28,11.93,-0.25,58.02651867
1.1,1.2,0.416669591,Background,2.5,1,21.46,136.0907772,251103.pO2PO4_55b.dat.32,3.85,1,1.5,0.576999912,Kellwasser,0.75,1,17.06,80.04620759,251025.pO2PO4_55c.dat.20,12.84,0.3,-0.1,4.4,8.99,0,-56.04456964
1.1,1.1,0.416669591,Background,2.5,1,21.46,113.6966021,251103.pO2PO4_55b.dat.31,3.85,1,1.5,0.576999912,Kellwasser,0.75,1,17.06,80.04620759,251025.pO2PO4_55c.dat.20,12.84,0.4,-0.1,4.4,8.99,0,-33.65039447
1.1,1,0.390493104,Background,5,0.75,24.06,77.53463433,Devon370Ma_075Remin_5pCO2.pO2PO4_55b.dat.30,2.29,0.9,1.4,0.66094357,Kellwasser,1,0.75,18.18,169.6706604,Devon370Ma_075Remin_1pCO2.pO2PO4_55b.dat.14,14.68,0.4,-0.2,5.88,12.39,0,92.13602607
1.1,1,0.390493104,Background,5,0.75,24.06,77.53463433,Devon370Ma_075Remin_5pCO2.pO2PO4_55b.dat.30,2.29,0.9,1.3,0.66094357,Kellwasser,1,0.75,18.18,145.8663173,Devon370Ma_075Remin_1pCO2.pO2PO4_55b.dat.13,14.68,0.3,-0.2,5.88,12.39,0,68.331683
1,1.1,0.393150484,Background,2.5,1,21.46,107.1565566,251103.pO2PO4_55b.dat.21,3.94,0.9,1.3,0.66094357,Kellwasser,1,0.75,18.18,145.8663173,Devon370Ma_075Remin_1pCO2.pO2PO4_55b.dat.13,14.68,0.2,-0.1,3.28,10.74,-0.25,38.7097607
1,1.1,0.393150484,Background,2.5,1,21.46,107.1565566,251103.pO2PO4_55b.dat.21,3.94,0.9,1.4,0.66094357,Kellwasser,1,0.75,18.18,169.6706604,Devon370Ma_075Remin_1pCO2.pO2PO4_55b.dat.14,14.68,0.3,-0.1,3.28,10.74,-0.25,62.51410377
0.9,0.8,0.414501043,Background,5,0.75,24.06,166.1389542,Devon370Ma_075Remin_5pCO2.pO2PO4_55a.dat.13,1.83,1,1.4,0.615350876,Kellwasser,0.75,0.75,17.06,183.8741737,251030.pO2PO4_55b.dat.24,7.8,0.6,0.1,7,5.97,0,17.73521944
0.9,0.8,0.414501043,Background,5,0.75,24.06,166.1389542,Devon370Ma_075Remin_5pCO2.pO2PO4_55a.dat.13,1.83,1,1.4,0.615350876,Kellwasser,0.75,0.75,17.06,183.8741737,251030.pO2PO4_55b.dat.24,7.8,0.6,0.1,7,5.97,0,17.73521944
1.2,0.9,0.364158016,Background,2.5,0.5,21.46,239.3142786,251104.pO2PO4_55a.dat.44,1.1,1,1.5,0.576999912,Kellwasser,0.75,1,17.06,80.04620759,251025.pO2PO4_55c.dat.20,12.84,0.6,-0.2,4.4,11.74,0.5,-159.268071
1,1,0.371971628,Background,2.5,1,21.46,87.83979865,251103.pO2PO4_55b.dat.20,2.75,1,1.5,0.524769688,Kellwasser,1,0.75,18.18,72.0914104,Devon370Ma_075Remin_1pCO2.pO2PO4_55c.dat.20,15.96,0.5,0,3.28,13.21,-0.25,-15.74838825
1.1,1,0.427801779,Background,2.5,0.75,21.46,85.84064926,Devon370Ma_075Remin_2.5pCO2.pO2PO4_55b.dat.30,1.38,1.2,1.8,0.49245255,Kellwasser,0.75,1,17.06,146.8665869,251025.pO2PO4_55c.dat.43,10.64,0.8,0.1,4.4,9.26,0.25,61.02593764
1.1,1,0.427801779,Background,2.5,0.75,21.46,85.84064926,Devon370Ma_075Remin_2.5pCO2.pO2PO4_55b.dat.30,1.38,1.2,1.9,0.49245255,Kellwasser,0.75,1,17.06,170.2301379,251025.pO2PO4_55c.dat.44,10.64,0.9,0.1,4.4,9.26,0.25,84.38948864
1.1,1.1,0.416669591,Background,2.5,1,21.46,113.6966021,251103.pO2PO4_55b.dat.31,3.85,0.9,1.4,0.66094357,Kellwasser,1,0.75,18.18,169.6706604,Devon370Ma_075Remin_1pCO2.pO2PO4_55b.dat.14,14.68,0.3,-0.2,3.28,10.83,-0.25,55.97405834
1.1,1.2,0.416669591,Background,2.5,1,21.46,136.0907772,251103.pO2PO4_55b.dat.32,3.85,0.9,1.4,0.66094357,Kellwasser,1,0.75,18.18,169.6706604,Devon370Ma_075Remin_1pCO2.pO2PO4_55b.dat.14,14.68,0.2,-0.2,3.28,10.83,-0.25,33.57988317
1.1,1.1,0.416669591,Background,2.5,1,21.46,113.6966021,251103.pO2PO4_55b.dat.31,3.85,0.9,1.3,0.66094357,Kellwasser,1,0.75,18.18,145.8663173,Devon370Ma_075Remin_1pCO2.pO2PO4_55b.dat.13,14.68,0.2,-0.2,3.28,10.83,-0.25,32.16971527
1.1,1.2,0.416669591,Background,2.5,1,21.46,136.0907772,251103.pO2PO4_55b.dat.32,3.85,0.9,1.3,0.66094357,Kellwasser,1,0.75,18.18,145.8663173,Devon370Ma_075Remin_1pCO2.pO2PO4_55b.dat.13,14.68,0.1,-0.2,3.28,10.83,-0.25,9.775540093
1.2,1.1,0.370451494,Background,5,0.75,24.06,100.7840037,Devon370Ma_075Remin_5pCO2.pO2PO4_55b.dat.41,2.29,1,1.4,0.642239103,Kellwasser,1,0.75,18.18,179.7021687,Devon370Ma_075Remin_1pCO2.pO2PO4_55b.dat.24,11.1,0.3,-0.2,5.88,8.81,0,78.91816495
1.2,1.2,0.427080903,Background,2.5,1,21.46,145.293583,251103.pO2PO4_55b.dat.42,2.84,1,1.4,0.642239103,Kellwasser,1,0.75,18.18,179.7021687,Devon370Ma_075Remin_1pCO2.pO2PO4_55b.dat.24,11.1,0.2,-0.2,3.28,8.26,-0.25,34.40858563
1.1,1,0.390493104,Background,5,0.75,24.06,77.53463433,Devon370Ma_075Remin_5pCO2.pO2PO4_55b.dat.30,2.29,1,1.5,0.524769688,Kellwasser,1,0.75,18.18,72.0914104,Devon370Ma_075Remin_1pCO2.pO2PO4_55c.dat.20,15.96,0.5,-0.1,5.88,13.67,0,-5.443223927
1.2,1.1,0.468167688,Background,2.5,0.75,21.46,111.5448613,Devon370Ma_075Remin_2.5pCO2.pO2PO4_55b.dat.41,1.65,1.1,1.7,0.521273485,Kellwasser,1,0.75,18.18,109.2405873,Devon370Ma_075Remin_1pCO2.pO2PO4_55c.dat.32,12.2,0.6,-0.1,3.28,10.55,0,-2.304273949
1.2,1.1,0.468167688,Background,2.5,0.75,21.46,111.5448613,Devon370Ma_075Remin_2.5pCO2.pO2PO4_55b.dat.41,1.65,1.1,1.6,0.521273485,Kellwasser,1,0.75,18.18,91.41401824,Devon370Ma_075Remin_1pCO2.pO2PO4_55c.dat.31,12.2,0.5,-0.1,3.28,10.55,0,-20.13084304
1.1,1.1,0.355966851,Background,5,1,24.06,102.5284655,Devon370Ma_1Remin_5pCO2.pO2PO4_55b.dat.31,3.67,1,1.4,0.642239103,Kellwasser,1,0.75,18.18,179.7021687,Devon370Ma_075Remin_1pCO2.pO2PO4_55b.dat.24,11.1,0.3,-0.1,5.88,7.43,-0.25,77.17370318
0.9,0.8,0.414501043,Background,5,0.75,24.06,166.1389542,Devon370Ma_075Remin_5pCO2.pO2PO4_55a.dat.13,1.83,0.9,1.3,0.503735592,Kellwasser,0.75,1,17.06,161.3606291,251025.pO2PO4_55b.dat.13,11.56,0.5,0,7,9.73,0.25,-4.778325128
0.9,0.8,0.414501043,Background,5,0.75,24.06,166.1389542,Devon370Ma_075Remin_5pCO2.pO2PO4_55a.dat.13,1.83,0.9,1.3,0.503735592,Kellwasser,0.75,1,17.06,161.3606291,251025.pO2PO4_55b.dat.13,11.56,0.5,0,7,9.73,0.25,-4.778325128
1.1,1,0.427801779,Background,2.5,0.75,21.46,85.84064926,Devon370Ma_075Remin_2.5pCO2.pO2PO4_55b.dat.30,1.38,1,1.4,0.615350876,Kellwasser,0.75,0.75,17.06,183.8741737,251030.pO2PO4_55b.dat.24,7.8,0.4,-0.1,4.4,6.42,0,98.03352441
0.9,0.8,0.414501043,Background,5,0.75,24.06,166.1389542,Devon370Ma_075Remin_5pCO2.pO2PO4_55a.dat.13,1.83,0.8,1.2,0.684237598,Kellwasser,1,0.75,18.18,118.3068962,Devon370Ma_075Remin_1pCO2.pO2PO4_55b.dat.02,12.57,0.4,-0.1,5.88,10.74,0,-47.83205804
0.9,0.8,0.414501043,Background,5,0.75,24.06,166.1389542,Devon370Ma_075Remin_5pCO2.pO2PO4_55a.dat.13,1.83,0.8,1.1,0.684237598,Kellwasser,1,0.75,18.18,103.7711627,Devon370Ma_075Remin_1pCO2.pO2PO4_55b.dat.01,12.57,0.3,-0.1,5.88,10.74,0,-62.36779154
0.9,0.8,0.414501043,Background,5,0.75,24.06,166.1389542,Devon370Ma_075Remin_5pCO2.pO2PO4_55a.dat.13,1.83,0.8,1.1,0.684237598,Kellwasser,1,0.75,18.18,103.7711627,Devon370Ma_075Remin_1pCO2.pO2PO4_55b.dat.01,12.57,0.3,-0.1,5.88,10.74,0,-62.36779154
0.9,0.8,0.414501043,Background,5,0.75,24.06,166.1389542,Devon370Ma_075Remin_5pCO2.pO2PO4_55a.dat.13,1.83,0.8,1.2,0.684237598,Kellwasser,1,0.75,18.18,118.3068962,Devon370Ma_075Remin_1pCO2.pO2PO4_55b.dat.02,12.57,0.4,-0.1,5.88,10.74,0,-47.83205804
1,1.1,0.393150484,Background,2.5,1,21.46,107.1565566,251103.pO2PO4_55b.dat.21,3.94,1,1.5,0.524769688,Kellwasser,1,0.75,18.18,72.0914104,Devon370Ma_075Remin_1pCO2.pO2PO4_55c.dat.20,15.96,0.4,0,3.28,12.02,-0.25,-35.06514622
0.9,0.8,0.414501043,Background,5,0.75,24.06,166.1389542,Devon370Ma_075Remin_5pCO2.pO2PO4_55a.dat.13,1.83,1,1.3,0.679021468,Kellwasser,1,0.75,18.18,154.1479141,Devon370Ma_075Remin_1pCO2.pO2PO4_55b.dat.23,7.52,0.5,0.1,5.88,5.69,0,-11.99104008
0.9,0.8,0.414501043,Background,5,0.75,24.06,166.1389542,Devon370Ma_075Remin_5pCO2.pO2PO4_55a.dat.13,1.83,1,1.3,0.679021468,Kellwasser,1,0.75,18.18,154.1479141,Devon370Ma_075Remin_1pCO2.pO2PO4_55b.dat.23,7.52,0.5,0.1,5.88,5.69,0,-11.99104008
1.1,1,0.427801779,Background,2.5,0.75,21.46,85.84064926,Devon370Ma_075Remin_2.5pCO2.pO2PO4_55b.dat.30,1.38,1.1,1.5,0.646946866,Kellwasser,1,0.75,18.18,74.9922765,Devon370Ma_075Remin_1pCO2.pO2PO4_55c.dat.30,7.98,0.5,0,3.28,6.6,0,-10.84837277
1.2,0.9,0.352479784,Background,5,0.5,24.06,223.9596215,Devon370Ma_050Remin_5pCO2.pO2PO4_55a.dat.44,1.19,1,1.5,0.576999912,Kellwasser,0.75,1,17.06,80.04620759,251025.pO2PO4_55c.dat.20,12.84,0.6,-0.2,7,11.65,0.5,-143.9134139
1.2,1.3,0.431697772,Background,2.5,1,21.46,170.1500732,251103.pO2PO4_55b.dat.43,3.58,1,1.4,0.642239103,Kellwasser,1,0.75,18.18,179.7021687,Devon370Ma_075Remin_1pCO2.pO2PO4_55b.dat.24,11.1,0.1,-0.2,3.28,7.52,-0.25,9.552095435
1,0.9,0.427189722,Background,5,0.75,24.06,203.5507932,Devon370Ma_075Remin_5pCO2.pO2PO4_55a.dat.24,2.11,0.9,1.3,0.607251064,Kellwasser,0.75,0.75,17.06,149.5253819,251030.pO2PO4_55b.dat.13,8.26,0.4,-0.1,7,6.15,0,-54.02541137
1,0.9,0.427189722,Background,5,0.75,24.06,203.5507932,Devon370Ma_075Remin_5pCO2.pO2PO4_55a.dat.24,2.11,0.9,1.3,0.607251064,Kellwasser,0.75,0.75,17.06,149.5253819,251030.pO2PO4_55b.dat.13,8.26,0.4,-0.1,7,6.15,0,-54.02541137
1.1,1,0.427801779,Background,2.5,0.75,21.46,85.84064926,Devon370Ma_075Remin_2.5pCO2.pO2PO4_55b.dat.30,1.38,1.2,1.7,0.472367969,Kellwasser,1,0.75,18.18,113.443406,Devon370Ma_075Remin_1pCO2.pO2PO4_55c.dat.42,9.91,0.7,0.1,3.28,8.53,0,27.60275675
1.2,1.1,0.468167688,Background,2.5,0.75,21.46,111.5448613,Devon370Ma_075Remin_2.5pCO2.pO2PO4_55b.dat.41,1.65,1,1.4,0.615350876,Kellwasser,0.75,0.75,17.06,183.8741737,251030.pO2PO4_55b.dat.24,7.8,0.3,-0.2,4.4,6.15,0,72.32931239
1.1,1,0.427801779,Background,2.5,0.75,21.46,85.84064926,Devon370Ma_075Remin_2.5pCO2.pO2PO4_55b.dat.30,1.38,1,1.3,0.679021468,Kellwasser,1,0.75,18.18,154.1479141,Devon370Ma_075Remin_1pCO2.pO2PO4_55b.dat.23,7.52,0.3,-0.1,3.28,6.14,0,68.30726488
1.2,1.1,0.468167688,Background,2.5,0.75,21.46,111.5448613,Devon370Ma_075Remin_2.5pCO2.pO2PO4_55b.dat.41,1.65,1.1,1.5,0.646946866,Kellwasser,1,0.75,18.18,74.9922765,Devon370Ma_075Remin_1pCO2.pO2PO4_55c.dat.30,7.98,0.4,-0.1,3.28,6.33,0,-36.55258479
1,1,0.371971628,Background,2.5,1,21.46,87.83979865,251103.pO2PO4_55b.dat.20,2.75,1.1,1.6,0.5543525,Kellwasser,0.75,1,17.06,100.9647749,251025.pO2PO4_55c.dat.31,10.09,0.6,0.1,4.4,7.34,0,13.12497625
1.1,1.1,0.416669591,Background,2.5,1,21.46,113.6966021,251103.pO2PO4_55b.dat.31,3.85,1,1.5,0.524769688,Kellwasser,1,0.75,18.18,72.0914104,Devon370Ma_075Remin_1pCO2.pO2PO4_55c.dat.20,15.96,0.4,-0.1,3.28,12.11,-0.25,-41.60519165
1.1,1.2,0.416669591,Background,2.5,1,21.46,136.0907772,251103.pO2PO4_55b.dat.32,3.85,1,1.5,0.524769688,Kellwasser,1,0.75,18.18,72.0914104,Devon370Ma_075Remin_1pCO2.pO2PO4_55c.dat.20,15.96,0.3,-0.1,3.28,12.11,-0.25,-63.99936683
1,1,0.371971628,Background,2.5,1,21.46,87.83979865,251103.pO2PO4_55b.dat.20,2.75,1.1,1.7,0.554011959,Kellwasser,0.75,1,17.06,120.2411222,251025.pO2PO4_55c.dat.32,13.67,0.7,0.1,4.4,10.92,0,32.40132355
1.1,1,0.427801779,Background,2.5,0.75,21.46,85.84064926,Devon370Ma_075Remin_2.5pCO2.pO2PO4_55b.dat.30,1.38,0.9,1.3,0.503735592,Kellwasser,0.75,1,17.06,161.3606291,251025.pO2PO4_55b.dat.13,11.56,0.3,-0.2,4.4,10.18,0.25,75.51997984
1,0.9,0.427189722,Background,5,0.75,24.06,203.5507932,Devon370Ma_075Remin_5pCO2.pO2PO4_55a.dat.24,2.11,1,1.5,0.447463833,Kellwasser,0.75,0.75,17.06,75.25343972,251030.pO2PO4_55c.dat.20,8.53,0.6,0,7,6.42,0,-128.2973535
1,0.9,0.427189722,Background,5,0.75,24.06,203.5507932,Devon370Ma_075Remin_5pCO2.pO2PO4_55a.dat.24,2.11,1,1.5,0.447463833,Kellwasser,0.75,0.75,17.06,75.25343972,251030.pO2PO4_55c.dat.20,8.53,0.6,0,7,6.42,0,-128.2973535
1.2,1.1,0.468167688,Background,2.5,0.75,21.46,111.5448613,Devon370Ma_075Remin_2.5pCO2.pO2PO4_55b.dat.41,1.65,1.2,1.9,0.49245255,Kellwasser,0.75,1,17.06,170.2301379,251025.pO2PO4_55c.dat.44,10.64,0.8,0,4.4,8.99,0.25,58.68527662
1.2,1.1,0.468167688,Background,2.5,0.75,21.46,111.5448613,Devon370Ma_075Remin_2.5pCO2.pO2PO4_55b.dat.41,1.65,1.2,1.8,0.49245255,Kellwasser,0.75,1,17.06,146.8665869,251025.pO2PO4_55c.dat.43,10.64,0.7,0,4.4,8.99,0.25,35.32172562
1.1,1,0.390493104,Background,5,0.75,24.06,77.53463433,Devon370Ma_075Remin_5pCO2.pO2PO4_55b.dat.30,2.29,1.1,1.6,0.5543525,Kellwasser,0.75,1,17.06,100.9647749,251025.pO2PO4_55c.dat.31,10.09,0.6,0,7,7.8,0.25,23.43014057
1.2,1.1,0.468167688,Background,2.5,0.75,21.46,111.5448613,Devon370Ma_075Remin_2.5pCO2.pO2PO4_55b.dat.41,1.65,1,1.3,0.679021468,Kellwasser,1,0.75,18.18,154.1479141,Devon370Ma_075Remin_1pCO2.pO2PO4_55b.dat.23,7.52,0.2,-0.2,3.28,5.87,0,42.60305286
1.1,1,0.390493104,Background,5,0.75,24.06,77.53463433,Devon370Ma_075Remin_5pCO2.pO2PO4_55b.dat.30,2.29,1.1,1.7,0.554011959,Kellwasser,0.75,1,17.06,120.2411222,251025.pO2PO4_55c.dat.32,13.67,0.7,0,7,11.38,0.25,42.70648787
1.2,0.9,0.364158016,Background,2.5,0.5,21.46,239.3142786,251104.pO2PO4_55a.dat.44,1.1,1,1.5,0.524769688,Kellwasser,1,0.75,18.18,72.0914104,Devon370Ma_075Remin_1pCO2.pO2PO4_55c.dat.20,15.96,0.6,-0.2,3.28,14.86,0.25,-167.2228682
1,1.1,0.393150484,Background,2.5,1,21.46,107.1565566,251103.pO2PO4_55b.dat.21,3.94,1.1,1.6,0.5543525,Kellwasser,0.75,1,17.06,100.9647749,251025.pO2PO4_55c.dat.31,10.09,0.5,0.1,4.4,6.15,0,-6.191781724
1,0.9,0.427189722,Background,5,0.75,24.06,203.5507932,Devon370Ma_075Remin_5pCO2.pO2PO4_55a.dat.24,2.11,0.8,1.2,0.581754066,Kellwasser,0.75,0.75,17.06,121.8285979,251030.pO2PO4_55b.dat.02,11.01,0.3,-0.2,7,8.9,0,-81.72219532
1,0.9,0.427189722,Background,5,0.75,24.06,203.5507932,Devon370Ma_075Remin_5pCO2.pO2PO4_55a.dat.24,2.11,0.8,1.2,0.581754066,Kellwasser,0.75,0.75,17.06,121.8285979,251030.pO2PO4_55b.dat.02,11.01,0.3,-0.2,7,8.9,0,-81.72219532
1,1.1,0.393150484,Background,2.5,1,21.46,107.1565566,251103.pO2PO4_55b.dat.21,3.94,1.1,1.7,0.554011959,Kellwasser,0.75,1,17.06,120.2411222,251025.pO2PO4_55c.dat.32,13.67,0.6,0.1,4.4,9.73,0,13.08456558
1,0.9,0.427189722,Background,5,0.75,24.06,203.5507932,Devon370Ma_075Remin_5pCO2.pO2PO4_55a.dat.24,2.11,1.2,1.8,0.375039434,Kellwasser,1,0.75,18.18,133.0883533,Devon370Ma_075Remin_1pCO2.pO2PO4_55c.dat.43,12.75,0.9,0.2,5.88,10.64,0,-70.46243991
1,0.9,0.427189722,Background,5,0.75,24.06,203.5507932,Devon370Ma_075Remin_5pCO2.pO2PO4_55a.dat.24,2.11,1.2,1.8,0.375039434,Kellwasser,1,0.75,18.18,133.0883533,Devon370Ma_075Remin_1pCO2.pO2PO4_55c.dat.43,12.75,0.9,0.2,5.88,10.64,0,-70.46243991
1.1,1.1,0.355966851,Background,5,1,24.06,102.5284655,Devon370Ma_1Remin_5pCO2.pO2PO4_55b.dat.31,3.67,0.9,1.2,0.707311062,Kellwasser,1,0.75,18.18,123.9745034,Devon370Ma_075Remin_1pCO2.pO2PO4_55b.dat.12,9.27,0.1,-0.2,5.88,5.6,-0.25,21.44603786
0.8,0.7,0.3879819,Background,5,0.75,24.06,130.5182668,Devon370Ma_075Remin_5pCO2.pO2PO4_55a.dat.02,1.83,0.9,1.3,0.503735592,Kellwasser,0.75,1,17.06,161.3606291,251025.pO2PO4_55b.dat.13,11.56,0.6,0.1,7,9.73,0.25,30.84236229
0.8,0.7,0.3879819,Background,5,0.75,24.06,130.5182668,Devon370Ma_075Remin_5pCO2.pO2PO4_55a.dat.02,1.83,0.9,1.3,0.503735592,Kellwasser,0.75,1,17.06,161.3606291,251025.pO2PO4_55b.dat.13,11.56,0.6,0.1,7,9.73,0.25,30.84236229
0.8,0.7,0.3879819,Background,5,0.75,24.06,130.5182668,Devon370Ma_075Remin_5pCO2.pO2PO4_55a.dat.02,1.83,0.8,1.2,0.684237598,Kellwasser,1,0.75,18.18,118.3068962,Devon370Ma_075Remin_1pCO2.pO2PO4_55b.dat.02,12.57,0.5,0,5.88,10.74,0,-12.21137063
0.8,0.7,0.3879819,Background,5,0.75,24.06,130.5182668,Devon370Ma_075Remin_5pCO2.pO2PO4_55a.dat.02,1.83,0.8,1.1,0.684237598,Kellwasser,1,0.75,18.18,103.7711627,Devon370Ma_075Remin_1pCO2.pO2PO4_55b.dat.01,12.57,0.4,0,5.88,10.74,0,-26.74710413
0.8,0.7,0.3879819,Background,5,0.75,24.06,130.5182668,Devon370Ma_075Remin_5pCO2.pO2PO4_55a.dat.02,1.83,0.8,1.1,0.684237598,Kellwasser,1,0.75,18.18,103.7711627,Devon370Ma_075Remin_1pCO2.pO2PO4_55b.dat.01,12.57,0.4,0,5.88,10.74,0,-26.74710413
0.8,0.7,0.3879819,Background,5,0.75,24.06,130.5182668,Devon370Ma_075Remin_5pCO2.pO2PO4_55a.dat.02,1.83,0.8,1.2,0.684237598,Kellwasser,1,0.75,18.18,118.3068962,Devon370Ma_075Remin_1pCO2.pO2PO4_55b.dat.02,12.57,0.5,0,5.88,10.74,0,-12.21137063
1.2,1.1,0.468167688,Background,2.5,0.75,21.46,111.5448613,Devon370Ma_075Remin_2.5pCO2.pO2PO4_55b.dat.41,1.65,1.2,1.7,0.472367969,Kellwasser,1,0.75,18.18,113.443406,Devon370Ma_075Remin_1pCO2.pO2PO4_55c.dat.42,9.91,0.6,0,3.28,8.26,0,1.898544724
1.1,1.1,0.416669591,Background,2.5,1,21.46,113.6966021,251103.pO2PO4_55b.dat.31,3.85,1.1,1.6,0.5543525,Kellwasser,0.75,1,17.06,100.9647749,251025.pO2PO4_55c.dat.31,10.09,0.5,0,4.4,6.24,0,-12.73182716
1.1,1.2,0.416669591,Background,2.5,1,21.46,136.0907772,251103.pO2PO4_55b.dat.32,3.85,1.1,1.6,0.5543525,Kellwasser,0.75,1,17.06,100.9647749,251025.pO2PO4_55c.dat.31,10.09,0.4,0,4.4,6.24,0,-35.12600233
1.2,1.1,0.370451494,Background,5,0.75,24.06,100.7840037,Devon370Ma_075Remin_5pCO2.pO2PO4_55b.dat.41,2.29,1,1.5,0.576999912,Kellwasser,0.75,1,17.06,80.04620759,251025.pO2PO4_55c.dat.20,12.84,0.4,-0.2,7,10.55,0.25,-20.73779614
1.1,1.1,0.416669591,Background,2.5,1,21.46,113.6966021,251103.pO2PO4_55b.dat.31,3.85,1.1,1.7,0.554011959,Kellwasser,0.75,1,17.06,120.2411222,251025.pO2PO4_55c.dat.32,13.67,0.6,0,4.4,9.82,0,6.544520143
1.1,1.2,0.416669591,Background,2.5,1,21.46,136.0907772,251103.pO2PO4_55b.dat.32,3.85,1.1,1.7,0.554011959,Kellwasser,0.75,1,17.06,120.2411222,251025.pO2PO4_55c.dat.32,13.67,0.5,0,4.4,9.82,0,-15.84965503
1.2,1.2,0.427080903,Background,2.5,1,21.46,145.293583,251103.pO2PO4_55b.dat.42,2.84,1,1.5,0.576999912,Kellwasser,0.75,1,17.06,80.04620759,251025.pO2PO4_55c.dat.20,12.84,0.3,-0.2,4.4,10,0,-65.24737546
1,1,0.371971628,Background,2.5,1,21.46,87.83979865,251103.pO2PO4_55b.dat.20,2.75,1.1,1.7,0.521273485,Kellwasser,1,0.75,18.18,109.2405873,Devon370Ma_075Remin_1pCO2.pO2PO4_55c.dat.32,12.2,0.7,0.1,3.28,9.45,-0.25,21.40078868
1,1,0.371971628,Background,2.5,1,21.46,87.83979865,251103.pO2PO4_55b.dat.20,2.75,1.1,1.6,0.521273485,Kellwasser,1,0.75,18.18,91.41401824,Devon370Ma_075Remin_1pCO2.pO2PO4_55c.dat.31,12.2,0.6,0.1,3.28,9.45,-0.25,3.574219591
1.1,1.1,0.355966851,Background,5,1,24.06,102.5284655,Devon370Ma_1Remin_5pCO2.pO2PO4_55b.dat.31,3.67,1,1.5,0.576999912,Kellwasser,0.75,1,17.06,80.04620759,251025.pO2PO4_55c.dat.20,12.84,0.4,-0.1,7,9.17,0,-22.48225791
0.9,0.9,0.351258549,Background,2.5,1,21.46,217.7454153,251103.pO2PO4_55a.dat.14,2.84,1,1.4,0.642239103,Kellwasser,1,0.75,18.18,179.7021687,Devon370Ma_075Remin_1pCO2.pO2PO4_55b.dat.24,11.1,0.5,0.1,3.28,8.26,-0.25,-38.0432466
1.2,0.9,0.352479784,Background,5,0.5,24.06,223.9596215,Devon370Ma_050Remin_5pCO2.pO2PO4_55a.dat.44,1.19,1,1.5,0.524769688,Kellwasser,1,0.75,18.18,72.0914104,Devon370Ma_075Remin_1pCO2.pO2PO4_55c.dat.20,15.96,0.6,-0.2,5.88,14.77,0.25,-151.8682111
1.1,1,0.390493104,Background,5,0.75,24.06,77.53463433,Devon370Ma_075Remin_5pCO2.pO2PO4_55b.dat.30,2.29,1.1,1.7,0.521273485,Kellwasser,1,0.75,18.18,109.2405873,Devon370Ma_075Remin_1pCO2.pO2PO4_55c.dat.32,12.2,0.7,0,5.88,9.91,0,31.70595301
1.1,1,0.390493104,Background,5,0.75,24.06,77.53463433,Devon370Ma_075Remin_5pCO2.pO2PO4_55b.dat.30,2.29,1.1,1.6,0.521273485,Kellwasser,1,0.75,18.18,91.41401824,Devon370Ma_075Remin_1pCO2.pO2PO4_55c.dat.31,12.2,0.6,0,5.88,9.91,0,13.87938391
1,0.9,0.427189722,Background,5,0.75,24.06,203.5507932,Devon370Ma_075Remin_5pCO2.pO2PO4_55a.dat.24,2.11,0.9,1.4,0.394946273,Kellwasser,0.75,0.75,17.06,173.7303537,251030.pO2PO4_55b.dat.14,11.47,0.5,-0.1,7,9.36,0,-29.82043952
1,0.9,0.427189722,Background,5,0.75,24.06,203.5507932,Devon370Ma_075Remin_5pCO2.pO2PO4_55a.dat.24,2.11,0.9,1.4,0.394946273,Kellwasser,0.75,0.75,17.06,173.7303537,251030.pO2PO4_55b.dat.14,11.47,0.5,-0.1,7,9.36,0,-29.82043952
0.9,0.8,0.414501043,Background,5,0.75,24.06,166.1389542,Devon370Ma_075Remin_5pCO2.pO2PO4_55a.dat.13,1.83,0.9,1.3,0.607251064,Kellwasser,0.75,0.75,17.06,149.5253819,251030.pO2PO4_55b.dat.13,8.26,0.5,0,7,6.43,0,-16.61357237
0.9,0.8,0.414501043,Background,5,0.75,24.06,166.1389542,Devon370Ma_075Remin_5pCO2.pO2PO4_55a.dat.13,1.83,0.9,1.3,0.607251064,Kellwasser,0.75,0.75,17.06,149.5253819,251030.pO2PO4_55b.dat.13,8.26,0.5,0,7,6.43,0,-16.61357237
1.2,0.9,0.364158016,Background,2.5,0.5,21.46,239.3142786,251104.pO2PO4_55a.dat.44,1.1,1.1,1.6,0.5543525,Kellwasser,0.75,1,17.06,100.9647749,251025.pO2PO4_55c.dat.31,10.09,0.7,-0.1,4.4,8.99,0.5,-138.3495037
1.2,0.9,0.364158016,Background,2.5,0.5,21.46,239.3142786,251104.pO2PO4_55a.dat.44,1.1,1.1,1.7,0.554011959,Kellwasser,0.75,1,17.06,120.2411222,251025.pO2PO4_55c.dat.32,13.67,0.8,-0.1,4.4,12.57,0.5,-119.0731564
1,1.1,0.393150484,Background,2.5,1,21.46,107.1565566,251103.pO2PO4_55b.dat.21,3.94,1.1,1.7,0.521273485,Kellwasser,1,0.75,18.18,109.2405873,Devon370Ma_075Remin_1pCO2.pO2PO4_55c.dat.32,12.2,0.6,0.1,3.28,8.26,-0.25,2.084030712
1,1.1,0.393150484,Background,2.5,1,21.46,107.1565566,251103.pO2PO4_55b.dat.21,3.94,1.1,1.6,0.521273485,Kellwasser,1,0.75,18.18,91.41401824,Devon370Ma_075Remin_1pCO2.pO2PO4_55c.dat.31,12.2,0.5,0.1,3.28,8.26,-0.25,-15.74253838
1.2,1.3,0.431697772,Background,2.5,1,21.46,170.1500732,251103.pO2PO4_55b.dat.43,3.58,1,1.5,0.576999912,Kellwasser,0.75,1,17.06,80.04620759,251025.pO2PO4_55c.dat.20,12.84,0.2,-0.2,4.4,9.26,0,-90.10386566
1.2,1.1,0.355242122,Background,5,1,24.06,109.5454572,Devon370Ma_1Remin_5pCO2.pO2PO4_55b.dat.41,2.57,1,1.4,0.642239103,Kellwasser,1,0.75,18.18,179.7021687,Devon370Ma_075Remin_1pCO2.pO2PO4_55b.dat.24,11.1,0.3,-0.2,5.88,8.53,-0.25,70.15671144
1.1,1.1,0.355966851,Background,5,1,24.06,102.5284655,Devon370Ma_1Remin_5pCO2.pO2PO4_55b.dat.31,3.67,0.9,1.4,0.66094357,Kellwasser,1,0.75,18.18,169.6706604,Devon370Ma_075Remin_1pCO2.pO2PO4_55b.dat.14,14.68,0.3,-0.2,5.88,11.01,-0.25,67.14219489
1.1,1.1,0.355966851,Background,5,1,24.06,102.5284655,Devon370Ma_1Remin_5pCO2.pO2PO4_55b.dat.31,3.67,0.9,1.3,0.66094357,Kellwasser,1,0.75,18.18,145.8663173,Devon370Ma_075Remin_1pCO2.pO2PO4_55b.dat.13,14.68,0.2,-0.2,5.88,11.01,-0.25,43.33785182
1.1,1,0.427801779,Background,2.5,0.75,21.46,85.84064926,Devon370Ma_075Remin_2.5pCO2.pO2PO4_55b.dat.30,1.38,0.9,1.3,0.607251064,Kellwasser,0.75,0.75,17.06,149.5253819,251030.pO2PO4_55b.dat.13,8.26,0.3,-0.2,4.4,6.88,0,63.68473259
1,0.9,0.427189722,Background,5,0.75,24.06,203.5507932,Devon370Ma_075Remin_5pCO2.pO2PO4_55a.dat.24,2.11,0.8,1.2,0.534846015,Kellwasser,0.75,1,17.06,130.6640625,251025.pO2PO4_55b.dat.02,15.69,0.3,-0.2,7,13.58,0.25,-72.88673073
1,0.9,0.427189722,Background,5,0.75,24.06,203.5507932,Devon370Ma_075Remin_5pCO2.pO2PO4_55a.dat.24,2.11,0.8,1.2,0.534846015,Kellwasser,0.75,1,17.06,130.6640625,251025.pO2PO4_55b.dat.02,15.69,0.3,-0.2,7,13.58,0.25,-72.88673073
1.1,1.1,0.416669591,Background,2.5,1,21.46,113.6966021,251103.pO2PO4_55b.dat.31,3.85,1.1,1.6,0.521273485,Kellwasser,1,0.75,18.18,91.41401824,Devon370Ma_075Remin_1pCO2.pO2PO4_55c.dat.31,12.2,0.5,0,3.28,8.35,-0.25,-22.28258381
1.1,1.2,0.416669591,Background,2.5,1,21.46,136.0907772,251103.pO2PO4_55b.dat.32,3.85,1.1,1.6,0.521273485,Kellwasser,1,0.75,18.18,91.41401824,Devon370Ma_075Remin_1pCO2.pO2PO4_55c.dat.31,12.2,0.4,0,3.28,8.35,-0.25,-44.67675899
1.1,1.2,0.416669591,Background,2.5,1,21.46,136.0907772,251103.pO2PO4_55b.dat.32,3.85,1.1,1.7,0.521273485,Kellwasser,1,0.75,18.18,109.2405873,Devon370Ma_075Remin_1pCO2.pO2PO4_55c.dat.32,12.2,0.5,0,3.28,8.35,-0.25,-26.8501899
1.1,1.1,0.416669591,Background,2.5,1,21.46,113.6966021,251103.pO2PO4_55b.dat.31,3.85,1.1,1.7,0.521273485,Kellwasser,1,0.75,18.18,109.2405873,Devon370Ma_075Remin_1pCO2.pO2PO4_55c.dat.32,12.2,0.6,0,3.28,8.35,-0.25,-4.456014722
1,1,0.371971628,Background,2.5,1,21.46,87.83979865,251103.pO2PO4_55b.dat.20,2.75,1.2,1.8,0.49245255,Kellwasser,0.75,1,17.06,146.8665869,251025.pO2PO4_55c.dat.43,10.64,0.8,0.2,4.4,7.89,0,59.02678825
1,1,0.371971628,Background,2.5,1,21.46,87.83979865,251103.pO2PO4_55b.dat.20,2.75,1.2,1.9,0.49245255,Kellwasser,0.75,1,17.06,170.2301379,251025.pO2PO4_55c.dat.44,10.64,0.9,0.2,4.4,7.89,0,82.39033925
0.9,0.8,0.414501043,Background,5,0.75,24.06,166.1389542,Devon370Ma_075Remin_5pCO2.pO2PO4_55a.dat.13,1.83,0.8,1.2,0.581754066,Kellwasser,0.75,0.75,17.06,121.8285979,251030.pO2PO4_55b.dat.02,11.01,0.4,-0.1,7,9.18,0,-44.31035632
0.9,0.8,0.414501043,Background,5,0.75,24.06,166.1389542,Devon370Ma_075Remin_5pCO2.pO2PO4_55a.dat.13,1.83,0.8,1.2,0.581754066,Kellwasser,0.75,0.75,17.06,121.8285979,251030.pO2PO4_55b.dat.02,11.01,0.4,-0.1,7,9.18,0,-44.31035632
0.9,0.9,0.351258549,Background,2.5,1,21.46,217.7454153,251103.pO2PO4_55a.dat.14,2.84,0.9,1.2,0.707311062,Kellwasser,1,0.75,18.18,123.9745034,Devon370Ma_075Remin_1pCO2.pO2PO4_55b.dat.12,9.27,0.3,0,3.28,6.43,-0.25,-93.77091192
0.9,0.8,0.414501043,Background,5,0.75,24.06,166.1389542,Devon370Ma_075Remin_5pCO2.pO2PO4_55a.dat.13,1.83,1,1.5,0.447463833,Kellwasser,0.75,0.75,17.06,75.25343972,251030.pO2PO4_55c.dat.20,8.53,0.7,0.1,7,6.7,0,-90.88551451
0.9,0.8,0.414501043,Background,5,0.75,24.06,166.1389542,Devon370Ma_075Remin_5pCO2.pO2PO4_55a.dat.13,1.83,1,1.5,0.447463833,Kellwasser,0.75,0.75,17.06,75.25343972,251030.pO2PO4_55c.dat.20,8.53,0.7,0.1,7,6.7,0,-90.88551451
1,1,0.371971628,Background,2.5,1,21.46,87.83979865,251103.pO2PO4_55b.dat.20,2.75,1,1.4,0.615350876,Kellwasser,0.75,0.75,17.06,183.8741737,251030.pO2PO4_55b.dat.24,7.8,0.4,0,4.4,5.05,-0.25,96.03437502
0.9,1,0.356375169,Background,2.5,1,21.46,83.33381993,251103.pO2PO4_55b.dat.10,3.94,1,1.4,0.642239103,Kellwasser,1,0.75,18.18,179.7021687,Devon370Ma_075Remin_1pCO2.pO2PO4_55b.dat.24,11.1,0.4,0.1,3.28,7.16,-0.25,96.36834875
1.1,1,0.390493104,Background,5,0.75,24.06,77.53463433,Devon370Ma_075Remin_5pCO2.pO2PO4_55b.dat.30,2.29,1,1.4,0.615350876,Kellwasser,0.75,0.75,17.06,183.8741737,251030.pO2PO4_55b.dat.24,7.8,0.4,-0.1,7,5.51,0,106.3395393
1.1,1,0.390493104,Background,5,0.75,24.06,77.53463433,Devon370Ma_075Remin_5pCO2.pO2PO4_55b.dat.30,2.29,1.2,1.8,0.49245255,Kellwasser,0.75,1,17.06,146.8665869,251025.pO2PO4_55c.dat.43,10.64,0.8,0.1,7,8.35,0.25,69.33195257
1.1,1,0.390493104,Background,5,0.75,24.06,77.53463433,Devon370Ma_075Remin_5pCO2.pO2PO4_55b.dat.30,2.29,1.2,1.9,0.49245255,Kellwasser,0.75,1,17.06,170.2301379,251025.pO2PO4_55c.dat.44,10.64,0.9,0.1,7,8.35,0.25,92.69550357
1,0.9,0.427189722,Background,5,0.75,24.06,203.5507932,Devon370Ma_075Remin_5pCO2.pO2PO4_55a.dat.24,2.11,1.2,1.6,0.634581795,Kellwasser,1,0.75,18.18,95.13406258,Devon370Ma_075Remin_1pCO2.pO2PO4_55c.dat.41,7.34,0.7,0.2,5.88,5.23,0,-108.4167307
1,0.9,0.427189722,Background,5,0.75,24.06,203.5507932,Devon370Ma_075Remin_5pCO2.pO2PO4_55a.dat.24,2.11,1.2,1.6,0.634581795,Kellwasser,1,0.75,18.18,95.13406258,Devon370Ma_075Remin_1pCO2.pO2PO4_55c.dat.41,7.34,0.7,0.2,5.88,5.23,0,-108.4167307
1.2,0.9,0.352479784,Background,5,0.5,24.06,223.9596215,Devon370Ma_050Remin_5pCO2.pO2PO4_55a.dat.44,1.19,1.1,1.6,0.5543525,Kellwasser,0.75,1,17.06,100.9647749,251025.pO2PO4_55c.dat.31,10.09,0.7,-0.1,7,8.9,0.5,-122.9948466
1.2,0.9,0.352479784,Background,5,0.5,24.06,223.9596215,Devon370Ma_050Remin_5pCO2.pO2PO4_55a.dat.44,1.19,1.1,1.7,0.554011959,Kellwasser,0.75,1,17.06,120.2411222,251025.pO2PO4_55c.dat.32,13.67,0.8,-0.1,7,12.48,0.5,-103.7184993
1.1,1,0.390493104,Background,5,0.75,24.06,77.53463433,Devon370Ma_075Remin_5pCO2.pO2PO4_55b.dat.30,2.29,1.1,1.5,0.646946866,Kellwasser,1,0.75,18.18,74.9922765,Devon370Ma_075Remin_1pCO2.pO2PO4_55c.dat.30,7.98,0.5,0,5.88,5.69,0,-2.542357834
1,1,0.371971628,Background,2.5,1,21.46,87.83979865,251103.pO2PO4_55b.dat.20,2.75,1.1,1.5,0.646946866,Kellwasser,1,0.75,18.18,74.9922765,Devon370Ma_075Remin_1pCO2.pO2PO4_55c.dat.30,7.98,0.5,0.1,3.28,5.23,-0.25,-12.84752216
1,1.1,0.393150484,Background,2.5,1,21.46,107.1565566,251103.pO2PO4_55b.dat.21,3.94,1.2,1.9,0.49245255,Kellwasser,0.75,1,17.06,170.2301379,251025.pO2PO4_55c.dat.44,10.64,0.8,0.2,4.4,6.7,0,63.07358128
1,1.1,0.393150484,Background,2.5,1,21.46,107.1565566,251103.pO2PO4_55b.dat.21,3.94,1.2,1.8,0.49245255,Kellwasser,0.75,1,17.06,146.8665869,251025.pO2PO4_55c.dat.43,10.64,0.7,0.2,4.4,6.7,0,39.71003028
1.2,0.9,0.364158016,Background,2.5,0.5,21.46,239.3142786,251104.pO2PO4_55a.dat.44,1.1,1.1,1.6,0.521273485,Kellwasser,1,0.75,18.18,91.41401824,Devon370Ma_075Remin_1pCO2.pO2PO4_55c.dat.31,12.2,0.7,-0.1,3.28,11.1,0.25,-147.9002604
1.2,0.9,0.364158016,Background,2.5,0.5,21.46,239.3142786,251104.pO2PO4_55a.dat.44,1.1,1.1,1.7,0.521273485,Kellwasser,1,0.75,18.18,109.2405873,Devon370Ma_075Remin_1pCO2.pO2PO4_55c.dat.32,12.2,0.8,-0.1,3.28,11.1,0.25,-130.0736913
1,0.9,0.427189722,Background,5,0.75,24.06,203.5507932,Devon370Ma_075Remin_5pCO2.pO2PO4_55a.dat.24,2.11,0.8,1.1,0.704886087,Kellwasser,0.75,0.75,17.06,102.3750592,251030.pO2PO4_55b.dat.01,7.8,0.2,-0.2,7,5.69,0,-101.175734
1,0.9,0.427189722,Background,5,0.75,24.06,203.5507932,Devon370Ma_075Remin_5pCO2.pO2PO4_55a.dat.24,2.11,0.8,1.1,0.704886087,Kellwasser,0.75,0.75,17.06,102.3750592,251030.pO2PO4_55b.dat.01,7.8,0.2,-0.2,7,5.69,0,-101.175734
1.2,1.2,0.365956576,Background,5,1,24.06,122.8022011,Devon370Ma_1Remin_5pCO2.pO2PO4_55b.dat.42,3.58,1,1.4,0.642239103,Kellwasser,1,0.75,18.18,179.7021687,Devon370Ma_075Remin_1pCO2.pO2PO4_55b.dat.24,11.1,0.2,-0.2,5.88,7.52,-0.25,56.8999676
1.2,1.1,0.370451494,Background,5,0.75,24.06,100.7840037,Devon370Ma_075Remin_5pCO2.pO2PO4_55b.dat.41,2.29,1,1.5,0.524769688,Kellwasser,1,0.75,18.18,72.0914104,Devon370Ma_075Remin_1pCO2.pO2PO4_55c.dat.20,15.96,0.4,-0.2,5.88,13.67,0,-28.69259333
1.2,1.2,0.427080903,Background,2.5,1,21.46,145.293583,251103.pO2PO4_55b.dat.42,2.84,1,1.5,0.524769688,Kellwasser,1,0.75,18.18,72.0914104,Devon370Ma_075Remin_1pCO2.pO2PO4_55c.dat.20,15.96,0.3,-0.2,3.28,13.12,-0.25,-73.20217264
1,1,0.371971628,Background,2.5,1,21.46,87.83979865,251103.pO2PO4_55b.dat.20,2.75,0.8,1.1,0.684237598,Kellwasser,1,0.75,18.18,103.7711627,Devon370Ma_075Remin_1pCO2.pO2PO4_55b.dat.01,12.57,0.1,-0.2,3.28,9.82,-0.25,15.93136403
1,1,0.371971628,Background,2.5,1,21.46,87.83979865,251103.pO2PO4_55b.dat.20,2.75,0.8,1.2,0.684237598,Kellwasser,1,0.75,18.18,118.3068962,Devon370Ma_075Remin_1pCO2.pO2PO4_55b.dat.02,12.57,0.2,-0.2,3.28,9.82,-0.25,30.46709753
1,1.1,0.393150484,Background,2.5,1,21.46,107.1565566,251103.pO2PO4_55b.dat.21,3.94,0.8,1.1,0.684237598,Kellwasser,1,0.75,18.18,103.7711627,Devon370Ma_075Remin_1pCO2.pO2PO4_55b.dat.01,12.57,0,-0.2,3.28,8.63,-0.25,-3.385393939
1,1.1,0.393150484,Background,2.5,1,21.46,107.1565566,251103.pO2PO4_55b.dat.21,3.94,0.8,1.2,0.684237598,Kellwasser,1,0.75,18.18,118.3068962,Devon370Ma_075Remin_1pCO2.pO2PO4_55b.dat.02,12.57,0.1,-0.2,3.28,8.63,-0.25,11.15033956
1.1,1,0.390493104,Background,5,0.75,24.06,77.53463433,Devon370Ma_075Remin_5pCO2.pO2PO4_55b.dat.30,2.29,1,1.3,0.679021468,Kellwasser,1,0.75,18.18,154.1479141,Devon370Ma_075Remin_1pCO2.pO2PO4_55b.dat.23,7.52,0.3,-0.1,5.88,5.23,0,76.61327982
0.8,0.7,0.3879819,Background,5,0.75,24.06,130.5182668,Devon370Ma_075Remin_5pCO2.pO2PO4_55a.dat.02,1.83,0.9,1.3,0.607251064,Kellwasser,0.75,0.75,17.06,149.5253819,251030.pO2PO4_55b.dat.13,8.26,0.6,0.1,7,6.43,0,19.00711504
0.8,0.7,0.3879819,Background,5,0.75,24.06,130.5182668,Devon370Ma_075Remin_5pCO2.pO2PO4_55a.dat.02,1.83,0.9,1.3,0.607251064,Kellwasser,0.75,0.75,17.06,149.5253819,251030.pO2PO4_55b.dat.13,8.26,0.6,0.1,7,6.43,0,19.00711504
1.1,1.1,0.355966851,Background,5,1,24.06,102.5284655,Devon370Ma_1Remin_5pCO2.pO2PO4_55b.dat.31,3.67,1,1.5,0.524769688,Kellwasser,1,0.75,18.18,72.0914104,Devon370Ma_075Remin_1pCO2.pO2PO4_55c.dat.20,15.96,0.4,-0.1,5.88,12.29,-0.25,-30.4370551
1,1,0.371971628,Background,2.5,1,21.46,87.83979865,251103.pO2PO4_55b.dat.20,2.75,1.2,1.7,0.472367969,Kellwasser,1,0.75,18.18,113.443406,Devon370Ma_075Remin_1pCO2.pO2PO4_55c.dat.42,9.91,0.7,0.2,3.28,7.16,-0.25,25.60360736
1.1,1,0.427801779,Background,2.5,0.75,21.46,85.84064926,Devon370Ma_075Remin_2.5pCO2.pO2PO4_55b.dat.30,1.38,1,1.5,0.447463833,Kellwasser,0.75,0.75,17.06,75.25343972,251030.pO2PO4_55c.dat.20,8.53,0.5,-0.1,4.4,7.15,0,-10.58720954
1.1,1.2,0.416669591,Background,2.5,1,21.46,136.0907772,251103.pO2PO4_55b.dat.32,3.85,1.2,1.8,0.49245255,Kellwasser,0.75,1,17.06,146.8665869,251025.pO2PO4_55c.dat.43,10.64,0.6,0.1,4.4,6.79,0,10.77580967
1.1,1.1,0.416669591,Background,2.5,1,21.46,113.6966021,251103.pO2PO4_55b.dat.31,3.85,1.2,1.8,0.49245255,Kellwasser,0.75,1,17.06,146.8665869,251025.pO2PO4_55c.dat.43,10.64,0.7,0.1,4.4,6.79,0,33.16998484
1.1,1.1,0.416669591,Background,2.5,1,21.46,113.6966021,251103.pO2PO4_55b.dat.31,3.85,1.2,1.9,0.49245255,Kellwasser,0.75,1,17.06,170.2301379,251025.pO2PO4_55c.dat.44,10.64,0.8,0.1,4.4,6.79,0,56.53353584
1.1,1.2,0.416669591,Background,2.5,1,21.46,136.0907772,251103.pO2PO4_55b.dat.32,3.85,1.2,1.9,0.49245255,Kellwasser,0.75,1,17.06,170.2301379,251025.pO2PO4_55c.dat.44,10.64,0.7,0.1,4.4,6.79,0,34.13936067
0.9,0.9,0.351258549,Background,2.5,1,21.46,217.7454153,251103.pO2PO4_55a.dat.14,2.84,1,1.5,0.576999912,Kellwasser,0.75,1,17.06,80.04620759,251025.pO2PO4_55c.dat.20,12.84,0.6,0.1,4.4,10,0,-137.6992077
1.1,1,0.390493104,Background,5,0.75,24.06,77.53463433,Devon370Ma_075Remin_5pCO2.pO2PO4_55b.dat.30,2.29,1.2,1.7,0.472367969,Kellwasser,1,0.75,18.18,113.443406,Devon370Ma_075Remin_1pCO2.pO2PO4_55c.dat.42,9.91,0.7,0.1,5.88,7.62,0,35.90877168
1,1,0.371971628,Background,2.5,1,21.46,87.83979865,251103.pO2PO4_55b.dat.20,2.75,0.9,1.3,0.503735592,Kellwasser,0.75,1,17.06,161.3606291,251025.pO2PO4_55b.dat.13,11.56,0.3,-0.1,4.4,8.81,0,73.52083045
0.9,1,0.356375169,Background,2.5,1,21.46,83.33381993,251103.pO2PO4_55b.dat.10,3.94,0.9,1.2,0.707311062,Kellwasser,1,0.75,18.18,123.9745034,Devon370Ma_075Remin_1pCO2.pO2PO4_55b.dat.12,9.27,0.2,0,3.28,5.33,-0.25,40.64068344
1.2,1.3,0.431697772,Background,2.5,1,21.46,170.1500732,251103.pO2PO4_55b.dat.43,3.58,1,1.5,0.524769688,Kellwasser,1,0.75,18.18,72.0914104,Devon370Ma_075Remin_1pCO2.pO2PO4_55c.dat.20,15.96,0.2,-0.2,3.28,12.38,-0.25,-98.05866284
1.2,1.2,0.427080903,Background,2.5,1,21.46,145.293583,251103.pO2PO4_55b.dat.42,2.84,1.1,1.6,0.5543525,Kellwasser,0.75,1,17.06,100.9647749,251025.pO2PO4_55c.dat.31,10.09,0.4,-0.1,4.4,7.25,0,-44.32880815
1.2,1.2,0.427080903,Background,2.5,1,21.46,145.293583,251103.pO2PO4_55b.dat.42,2.84,1.1,1.7,0.554011959,Kellwasser,0.75,1,17.06,120.2411222,251025.pO2PO4_55c.dat.32,13.67,0.5,-0.1,4.4,10.83,0,-25.05246085
1.1,1,0.390493104,Background,5,0.75,24.06,77.53463433,Devon370Ma_075Remin_5pCO2.pO2PO4_55b.dat.30,2.29,0.9,1.3,0.503735592,Kellwasser,0.75,1,17.06,161.3606291,251025.pO2PO4_55b.dat.13,11.56,0.3,-0.2,7,9.27,0.25,83.82599477
1,1.1,0.393150484,Background,2.5,1,21.46,107.1565566,251103.pO2PO4_55b.dat.21,3.94,1.2,1.7,0.472367969,Kellwasser,1,0.75,18.18,113.443406,Devon370Ma_075Remin_1pCO2.pO2PO4_55c.dat.42,9.91,0.6,0.2,3.28,5.97,-0.25,6.286849384
1,0.9,0.427189722,Background,5,0.75,24.06,203.5507932,Devon370Ma_075Remin_5pCO2.pO2PO4_55a.dat.24,2.11,1.1,1.6,0.455580778,Kellwasser,0.75,0.75,17.06,94.77377171,251030.pO2PO4_55c.dat.31,7.98,0.7,0.1,7,5.87,0,-108.7770215
1,0.9,0.427189722,Background,5,0.75,24.06,203.5507932,Devon370Ma_075Remin_5pCO2.pO2PO4_55a.dat.24,2.11,1.1,1.6,0.455580778,Kellwasser,0.75,0.75,17.06,94.77377171,251030.pO2PO4_55c.dat.31,7.98,0.7,0.1,7,5.87,0,-108.7770215
1,1.1,0.393150484,Background,2.5,1,21.46,107.1565566,251103.pO2PO4_55b.dat.21,3.94,0.9,1.3,0.503735592,Kellwasser,0.75,1,17.06,161.3606291,251025.pO2PO4_55b.dat.13,11.56,0.2,-0.1,4.4,7.62,0,54.20407248
0.9,0.9,0.351258549,Background,2.5,1,21.46,217.7454153,251103.pO2PO4_55a.dat.14,2.84,0.9,1.3,0.66094357,Kellwasser,1,0.75,18.18,145.8663173,Devon370Ma_075Remin_1pCO2.pO2PO4_55b.dat.13,14.68,0.4,0,3.28,11.84,-0.25,-71.87909796
0.9,0.9,0.351258549,Background,2.5,1,21.46,217.7454153,251103.pO2PO4_55a.dat.14,2.84,0.9,1.4,0.66094357,Kellwasser,1,0.75,18.18,169.6706604,Devon370Ma_075Remin_1pCO2.pO2PO4_55b.dat.14,14.68,0.5,0,3.28,11.84,-0.25,-48.07475489
1.2,0.9,0.352479784,Background,5,0.5,24.06,223.9596215,Devon370Ma_050Remin_5pCO2.pO2PO4_55a.dat.44,1.19,1.1,1.7,0.521273485,Kellwasser,1,0.75,18.18,109.2405873,Devon370Ma_075Remin_1pCO2.pO2PO4_55c.dat.32,12.2,0.8,-0.1,5.88,11.01,0.25,-114.7190342
1.2,0.9,0.352479784,Background,5,0.5,24.06,223.9596215,Devon370Ma_050Remin_5pCO2.pO2PO4_55a.dat.44,1.19,1.1,1.6,0.521273485,Kellwasser,1,0.75,18.18,91.41401824,Devon370Ma_075Remin_1pCO2.pO2PO4_55c.dat.31,12.2,0.7,-0.1,5.88,11.01,0.25,-132.5456033
1.2,1.1,0.370451494,Background,5,0.75,24.06,100.7840037,Devon370Ma_075Remin_5pCO2.pO2PO4_55b.dat.41,2.29,1.1,1.6,0.5543525,Kellwasser,0.75,1,17.06,100.9647749,251025.pO2PO4_55c.dat.31,10.09,0.5,-0.1,7,7.8,0.25,0.180771165
1.2,1.1,0.370451494,Background,5,0.75,24.06,100.7840037,Devon370Ma_075Remin_5pCO2.pO2PO4_55b.dat.41,2.29,1.1,1.7,0.554011959,Kellwasser,0.75,1,17.06,120.2411222,251025.pO2PO4_55c.dat.32,13.67,0.6,-0.1,7,11.38,0.25,19.45711847
1.2,1.1,0.355242122,Background,5,1,24.06,109.5454572,Devon370Ma_1Remin_5pCO2.pO2PO4_55b.dat.41,2.57,1,1.5,0.576999912,Kellwasser,0.75,1,17.06,80.04620759,251025.pO2PO4_55c.dat.20,12.84,0.4,-0.2,7,10.27,0,-29.49924965
1.2,0.9,0.364158016,Background,2.5,0.5,21.46,239.3142786,251104.pO2PO4_55a.dat.44,1.1,1,1.4,0.615350876,Kellwasser,0.75,0.75,17.06,183.8741737,251030.pO2PO4_55b.dat.24,7.8,0.5,-0.2,4.4,6.7,0.25,-55.44010493
0.8,0.7,0.3879819,Background,5,0.75,24.06,130.5182668,Devon370Ma_075Remin_5pCO2.pO2PO4_55a.dat.02,1.83,0.8,1.2,0.581754066,Kellwasser,0.75,0.75,17.06,121.8285979,251030.pO2PO4_55b.dat.02,11.01,0.5,0,7,9.18,0,-8.689668903
0.8,0.7,0.3879819,Background,5,0.75,24.06,130.5182668,Devon370Ma_075Remin_5pCO2.pO2PO4_55a.dat.02,1.83,0.8,1.2,0.581754066,Kellwasser,0.75,0.75,17.06,121.8285979,251030.pO2PO4_55b.dat.02,11.01,0.5,0,7,9.18,0,-8.689668903
0.9,0.8,0.414501043,Background,5,0.75,24.06,166.1389542,Devon370Ma_075Remin_5pCO2.pO2PO4_55a.dat.13,1.83,0.9,1.4,0.394946273,Kellwasser,0.75,0.75,17.06,173.7303537,251030.pO2PO4_55b.dat.14,11.47,0.6,0,7,9.64,0,7.591399481
0.9,0.8,0.414501043,Background,5,0.75,24.06,166.1389542,Devon370Ma_075Remin_5pCO2.pO2PO4_55a.dat.13,1.83,0.9,1.4,0.394946273,Kellwasser,0.75,0.75,17.06,173.7303537,251030.pO2PO4_55b.dat.14,11.47,0.6,0,7,9.64,0,7.591399481
1.2,0.9,0.364158016,Background,2.5,0.5,21.46,239.3142786,251104.pO2PO4_55a.dat.44,1.1,1.2,1.9,0.49245255,Kellwasser,0.75,1,17.06,170.2301379,251025.pO2PO4_55c.dat.44,10.64,1,0,4.4,9.54,0.5,-69.0841407
1.2,0.9,0.364158016,Background,2.5,0.5,21.46,239.3142786,251104.pO2PO4_55a.dat.44,1.1,1.2,1.8,0.49245255,Kellwasser,0.75,1,17.06,146.8665869,251025.pO2PO4_55c.dat.43,10.64,0.9,0,4.4,9.54,0.5,-92.4476917
1.2,0.9,0.364158016,Background,2.5,0.5,21.46,239.3142786,251104.pO2PO4_55a.dat.44,1.1,1.1,1.5,0.646946866,Kellwasser,1,0.75,18.18,74.9922765,Devon370Ma_075Remin_1pCO2.pO2PO4_55c.dat.30,7.98,0.6,-0.1,3.28,6.88,0.25,-164.3220021
0.9,0.8,0.414501043,Background,5,0.75,24.06,166.1389542,Devon370Ma_075Remin_5pCO2.pO2PO4_55a.dat.13,1.83,0.8,1.2,0.534846015,Kellwasser,0.75,1,17.06,130.6640625,251025.pO2PO4_55b.dat.02,15.69,0.4,-0.1,7,13.86,0.25,-35.47489173
0.9,0.8,0.414501043,Background,5,0.75,24.06,166.1389542,Devon370Ma_075Remin_5pCO2.pO2PO4_55a.dat.13,1.83,0.8,1.2,0.534846015,Kellwasser,0.75,1,17.06,130.6640625,251025.pO2PO4_55b.dat.02,15.69,0.4,-0.1,7,13.86,0.25,-35.47489173
1.1,1.1,0.355966851,Background,5,1,24.06,102.5284655,Devon370Ma_1Remin_5pCO2.pO2PO4_55b.dat.31,3.67,1.1,1.6,0.5543525,Kellwasser,0.75,1,17.06,100.9647749,251025.pO2PO4_55c.dat.31,10.09,0.5,0,7,6.42,0,-1.563690604
1.1,1.1,0.355966851,Background,5,1,24.06,102.5284655,Devon370Ma_1Remin_5pCO2.pO2PO4_55b.dat.31,3.67,1.1,1.7,0.554011959,Kellwasser,0.75,1,17.06,120.2411222,251025.pO2PO4_55c.dat.32,13.67,0.6,0,7,10,0,17.7126567
1.1,1.1,0.416669591,Background,2.5,1,21.46,113.6966021,251103.pO2PO4_55b.dat.31,3.85,1.2,1.7,0.472367969,Kellwasser,1,0.75,18.18,113.443406,Devon370Ma_075Remin_1pCO2.pO2PO4_55c.dat.42,9.91,0.6,0.1,3.28,6.06,-0.25,-0.253196049
1.1,1.2,0.416669591,Background,2.5,1,21.46,136.0907772,251103.pO2PO4_55b.dat.32,3.85,1.2,1.7,0.472367969,Kellwasser,1,0.75,18.18,113.443406,Devon370Ma_075Remin_1pCO2.pO2PO4_55c.dat.42,9.91,0.5,0.1,3.28,6.06,-0.25,-22.64737122
1.2,1.3,0.431697772,Background,2.5,1,21.46,170.1500732,251103.pO2PO4_55b.dat.43,3.58,1.1,1.6,0.5543525,Kellwasser,0.75,1,17.06,100.9647749,251025.pO2PO4_55c.dat.31,10.09,0.3,-0.1,4.4,6.51,0,-69.18529835
1.2,1.3,0.431697772,Background,2.5,1,21.46,170.1500732,251103.pO2PO4_55b.dat.43,3.58,1.1,1.7,0.554011959,Kellwasser,0.75,1,17.06,120.2411222,251025.pO2PO4_55c.dat.32,13.67,0.4,-0.1,4.4,10.09,0,-49.90895105
1.1,1,0.427801779,Background,2.5,0.75,21.46,85.84064926,Devon370Ma_075Remin_2.5pCO2.pO2PO4_55b.dat.30,1.38,1.2,1.8,0.375039434,Kellwasser,1,0.75,18.18,133.0883533,Devon370Ma_075Remin_1pCO2.pO2PO4_55c.dat.43,12.75,0.8,0.1,3.28,11.37,0,47.24770406
1.2,1.1,0.468167688,Background,2.5,0.75,21.46,111.5448613,Devon370Ma_075Remin_2.5pCO2.pO2PO4_55b.dat.41,1.65,1,1.5,0.447463833,Kellwasser,0.75,0.75,17.06,75.25343972,251030.pO2PO4_55c.dat.20,8.53,0.4,-0.2,4.4,6.88,0,-36.29142157
1.1,1.1,0.416669591,Background,2.5,1,21.46,113.6966021,251103.pO2PO4_55b.dat.31,3.85,0.9,1.3,0.503735592,Kellwasser,0.75,1,17.06,161.3606291,251025.pO2PO4_55b.dat.13,11.56,0.2,-0.2,4.4,7.71,0,47.66402704
1.1,1.2,0.416669591,Background,2.5,1,21.46,136.0907772,251103.pO2PO4_55b.dat.32,3.85,0.9,1.3,0.503735592,Kellwasser,0.75,1,17.06,161.3606291,251025.pO2PO4_55b.dat.13,11.56,0.1,-0.2,4.4,7.71,0,25.26985187
1.2,0.9,0.364158016,Background,2.5,0.5,21.46,239.3142786,251104.pO2PO4_55a.dat.44,1.1,1,1.3,0.679021468,Kellwasser,1,0.75,18.18,154.1479141,Devon370Ma_075Remin_1pCO2.pO2PO4_55b.dat.23,7.52,0.4,-0.2,3.28,6.42,0.25,-85.16636445
0.9,0.8,0.414501043,Background,5,0.75,24.06,166.1389542,Devon370Ma_075Remin_5pCO2.pO2PO4_55a.dat.13,1.83,0.8,1.1,0.704886087,Kellwasser,0.75,0.75,17.06,102.3750592,251030.pO2PO4_55b.dat.01,7.8,0.3,-0.1,7,5.97,0,-63.76389501
0.9,0.8,0.414501043,Background,5,0.75,24.06,166.1389542,Devon370Ma_075Remin_5pCO2.pO2PO4_55a.dat.13,1.83,0.8,1.1,0.704886087,Kellwasser,0.75,0.75,17.06,102.3750592,251030.pO2PO4_55b.dat.01,7.8,0.3,-0.1,7,5.97,0,-63.76389501
0.9,1,0.356375169,Background,2.5,1,21.46,83.33381993,251103.pO2PO4_55b.dat.10,3.94,1,1.5,0.576999912,Kellwasser,0.75,1,17.06,80.04620759,251025.pO2PO4_55c.dat.20,12.84,0.5,0.1,4.4,8.9,0,-3.28761234
1.1,1,0.427801779,Background,2.5,0.75,21.46,85.84064926,Devon370Ma_075Remin_2.5pCO2.pO2PO4_55b.dat.30,1.38,1.2,1.6,0.634581795,Kellwasser,1,0.75,18.18,95.13406258,Devon370Ma_075Remin_1pCO2.pO2PO4_55c.dat.41,7.34,0.6,0.1,3.28,5.96,0,9.293413314
1.2,1.1,0.468167688,Background,2.5,0.75,21.46,111.5448613,Devon370Ma_075Remin_2.5pCO2.pO2PO4_55b.dat.41,1.65,1.2,1.6,0.634581795,Kellwasser,1,0.75,18.18,95.13406258,Devon370Ma_075Remin_1pCO2.pO2PO4_55c.dat.41,7.34,0.5,0,3.28,5.69,0,-16.41079871
1.2,0.9,0.364158016,Background,2.5,0.5,21.46,239.3142786,251104.pO2PO4_55a.dat.44,1.1,1.2,1.7,0.472367969,Kellwasser,1,0.75,18.18,113.443406,Devon370Ma_075Remin_1pCO2.pO2PO4_55c.dat.42,9.91,0.8,0,3.28,8.81,0.25,-125.8708726
1.2,0.9,0.352479784,Background,5,0.5,24.06,223.9596215,Devon370Ma_050Remin_5pCO2.pO2PO4_55a.dat.44,1.19,1,1.4,0.615350876,Kellwasser,0.75,0.75,17.06,183.8741737,251030.pO2PO4_55b.dat.24,7.8,0.5,-0.2,7,6.61,0.25,-40.08544784
1.2,1.2,0.427080903,Background,2.5,1,21.46,145.293583,251103.pO2PO4_55b.dat.42,2.84,1.1,1.6,0.521273485,Kellwasser,1,0.75,18.18,91.41401824,Devon370Ma_075Remin_1pCO2.pO2PO4_55c.dat.31,12.2,0.4,-0.1,3.28,9.36,-0.25,-53.8795648
1.2,1.2,0.427080903,Background,2.5,1,21.46,145.293583,251103.pO2PO4_55b.dat.42,2.84,1.1,1.7,0.521273485,Kellwasser,1,0.75,18.18,109.2405873,Devon370Ma_075Remin_1pCO2.pO2PO4_55c.dat.32,12.2,0.5,-0.1,3.28,9.36,-0.25,-36.05299571
1.1,1,0.427801779,Background,2.5,0.75,21.46,85.84064926,Devon370Ma_075Remin_2.5pCO2.pO2PO4_55b.dat.30,1.38,0.9,1.4,0.394946273,Kellwasser,0.75,0.75,17.06,173.7303537,251030.pO2PO4_55b.dat.14,11.47,0.4,-0.2,4.4,10.09,0,87.88970445
0.9,1,0.356375169,Background,2.5,1,21.46,83.33381993,251103.pO2PO4_55b.dat.10,3.94,0.9,1.4,0.66094357,Kellwasser,1,0.75,18.18,169.6706604,Devon370Ma_075Remin_1pCO2.pO2PO4_55b.dat.14,14.68,0.4,0,3.28,10.74,-0.25,86.33684047
0.9,1,0.356375169,Background,2.5,1,21.46,83.33381993,251103.pO2PO4_55b.dat.10,3.94,0.9,1.3,0.66094357,Kellwasser,1,0.75,18.18,145.8663173,Devon370Ma_075Remin_1pCO2.pO2PO4_55b.dat.13,14.68,0.3,0,3.28,10.74,-0.25,62.5324974
1.2,1.2,0.427080903,Background,2.5,1,21.46,145.293583,251103.pO2PO4_55b.dat.42,2.84,1.1,1.5,0.646946866,Kellwasser,1,0.75,18.18,74.9922765,Devon370Ma_075Remin_1pCO2.pO2PO4_55c.dat.30,7.98,0.3,-0.1,3.28,5.14,-0.25,-70.30130655
1.2,0.9,0.352479784,Background,5,0.5,24.06,223.9596215,Devon370Ma_050Remin_5pCO2.pO2PO4_55a.dat.44,1.19,1.1,1.5,0.646946866,Kellwasser,1,0.75,18.18,74.9922765,Devon370Ma_075Remin_1pCO2.pO2PO4_55c.dat.30,7.98,0.6,-0.1,5.88,6.79,0.25,-148.967345
1.2,0.9,0.352479784,Background,5,0.5,24.06,223.9596215,Devon370Ma_050Remin_5pCO2.pO2PO4_55a.dat.44,1.19,1.2,1.9,0.49245255,Kellwasser,0.75,1,17.06,170.2301379,251025.pO2PO4_55c.dat.44,10.64,1,0,7,9.45,0.5,-53.72948361
1.2,0.9,0.352479784,Background,5,0.5,24.06,223.9596215,Devon370Ma_050Remin_5pCO2.pO2PO4_55a.dat.44,1.19,1.2,1.8,0.49245255,Kellwasser,0.75,1,17.06,146.8665869,251025.pO2PO4_55c.dat.43,10.64,0.9,0,7,9.45,0.5,-77.09303461
1.2,1.2,0.365956576,Background,5,1,24.06,122.8022011,Devon370Ma_1Remin_5pCO2.pO2PO4_55b.dat.42,3.58,1,1.5,0.576999912,Kellwasser,0.75,1,17.06,80.04620759,251025.pO2PO4_55c.dat.20,12.84,0.3,-0.2,7,9.26,0,-42.75599349
1.2,1.1,0.370451494,Background,5,0.75,24.06,100.7840037,Devon370Ma_075Remin_5pCO2.pO2PO4_55b.dat.41,2.29,1.1,1.7,0.521273485,Kellwasser,1,0.75,18.18,109.2405873,Devon370Ma_075Remin_1pCO2.pO2PO4_55c.dat.32,12.2,0.6,-0.1,5.88,9.91,0,8.4565836
1.2,1.1,0.370451494,Background,5,0.75,24.06,100.7840037,Devon370Ma_075Remin_5pCO2.pO2PO4_55b.dat.41,2.29,1.1,1.6,0.521273485,Kellwasser,1,0.75,18.18,91.41401824,Devon370Ma_075Remin_1pCO2.pO2PO4_55c.dat.31,12.2,0.5,-0.1,5.88,9.91,0,-9.369985492
0.9,0.9,0.351258549,Background,2.5,1,21.46,217.7454153,251103.pO2PO4_55a.dat.14,2.84,1,1.5,0.524769688,Kellwasser,1,0.75,18.18,72.0914104,Devon370Ma_075Remin_1pCO2.pO2PO4_55c.dat.20,15.96,0.6,0.1,3.28,13.12,-0.25,-145.6540049
1.1,1,0.390493104,Background,5,0.75,24.06,77.53463433,Devon370Ma_075Remin_5pCO2.pO2PO4_55b.dat.30,2.29,0.9,1.3,0.607251064,Kellwasser,0.75,0.75,17.06,149.5253819,251030.pO2PO4_55b.dat.13,8.26,0.3,-0.2,7,5.97,0,71.99074753
1.2,0.9,0.352479784,Background,5,0.5,24.06,223.9596215,Devon370Ma_050Remin_5pCO2.pO2PO4_55a.dat.44,1.19,1,1.3,0.679021468,Kellwasser,1,0.75,18.18,154.1479141,Devon370Ma_075Remin_1pCO2.pO2PO4_55b.dat.23,7.52,0.4,-0.2,5.88,6.33,0.25,-69.81170736
1.1,1.1,0.355966851,Background,5,1,24.06,102.5284655,Devon370Ma_1Remin_5pCO2.pO2PO4_55b.dat.31,3.67,1.1,1.7,0.521273485,Kellwasser,1,0.75,18.18,109.2405873,Devon370Ma_075Remin_1pCO2.pO2PO4_55c.dat.32,12.2,0.6,0,5.88,8.53,-0.25,6.712121831
1.1,1.1,0.355966851,Background,5,1,24.06,102.5284655,Devon370Ma_1Remin_5pCO2.pO2PO4_55b.dat.31,3.67,1.1,1.6,0.521273485,Kellwasser,1,0.75,18.18,91.41401824,Devon370Ma_075Remin_1pCO2.pO2PO4_55c.dat.31,12.2,0.5,0,5.88,8.53,-0.25,-11.11444726
1,1,0.371971628,Background,2.5,1,21.46,87.83979865,251103.pO2PO4_55b.dat.20,2.75,0.9,1.3,0.607251064,Kellwasser,0.75,0.75,17.06,149.5253819,251030.pO2PO4_55b.dat.13,8.26,0.3,-0.1,4.4,5.51,-0.25,61.6855832
1.2,1.3,0.431697772,Background,2.5,1,21.46,170.1500732,251103.pO2PO4_55b.dat.43,3.58,1.1,1.7,0.521273485,Kellwasser,1,0.75,18.18,109.2405873,Devon370Ma_075Remin_1pCO2.pO2PO4_55c.dat.32,12.2,0.4,-0.1,3.28,8.62,-0.25,-60.90948591
1.2,1.3,0.431697772,Background,2.5,1,21.46,170.1500732,251103.pO2PO4_55b.dat.43,3.58,1.1,1.6,0.521273485,Kellwasser,1,0.75,18.18,91.41401824,Devon370Ma_075Remin_1pCO2.pO2PO4_55c.dat.31,12.2,0.3,-0.1,3.28,8.62,-0.25,-78.736055
1.2,1.1,0.468167688,Background,2.5,0.75,21.46,111.5448613,Devon370Ma_075Remin_2.5pCO2.pO2PO4_55b.dat.41,1.65,1.2,1.8,0.375039434,Kellwasser,1,0.75,18.18,133.0883533,Devon370Ma_075Remin_1pCO2.pO2PO4_55c.dat.43,12.75,0.7,0,3.28,11.1,0,21.54349204
0.8,0.7,0.3879819,Background,5,0.75,24.06,130.5182668,Devon370Ma_075Remin_5pCO2.pO2PO4_55a.dat.02,1.83,0.9,1.4,0.394946273,Kellwasser,0.75,0.75,17.06,173.7303537,251030.pO2PO4_55b.dat.14,11.47,0.7,0.1,7,9.64,0,43.21208689
0.8,0.7,0.3879819,Background,5,0.75,24.06,130.5182668,Devon370Ma_075Remin_5pCO2.pO2PO4_55a.dat.02,1.83,0.9,1.4,0.394946273,Kellwasser,0.75,0.75,17.06,173.7303537,251030.pO2PO4_55b.dat.14,11.47,0.7,0.1,7,9.64,0,43.21208689
0.8,0.7,0.3879819,Background,5,0.75,24.06,130.5182668,Devon370Ma_075Remin_5pCO2.pO2PO4_55a.dat.02,1.83,0.8,1.2,0.534846015,Kellwasser,0.75,1,17.06,130.6640625,251025.pO2PO4_55b.dat.02,15.69,0.5,0,7,13.86,0.25,0.145795685
0.8,0.7,0.3879819,Background,5,0.75,24.06,130.5182668,Devon370Ma_075Remin_5pCO2.pO2PO4_55a.dat.02,1.83,0.8,1.2,0.534846015,Kellwasser,0.75,1,17.06,130.6640625,251025.pO2PO4_55b.dat.02,15.69,0.5,0,7,13.86,0.25,0.145795685
1.2,1.1,0.370451494,Background,5,0.75,24.06,100.7840037,Devon370Ma_075Remin_5pCO2.pO2PO4_55b.dat.41,2.29,1,1.4,0.615350876,Kellwasser,0.75,0.75,17.06,183.8741737,251030.pO2PO4_55b.dat.24,7.8,0.3,-0.2,7,5.51,0,83.09016994
1.2,1.1,0.370451494,Background,5,0.75,24.06,100.7840037,Devon370Ma_075Remin_5pCO2.pO2PO4_55b.dat.41,2.29,1.1,1.5,0.646946866,Kellwasser,1,0.75,18.18,74.9922765,Devon370Ma_075Remin_1pCO2.pO2PO4_55c.dat.30,7.98,0.4,-0.1,5.88,5.69,0,-25.79172724
1.2,1.1,0.355242122,Background,5,1,24.06,109.5454572,Devon370Ma_1Remin_5pCO2.pO2PO4_55b.dat.41,2.57,1,1.5,0.524769688,Kellwasser,1,0.75,18.18,72.0914104,Devon370Ma_075Remin_1pCO2.pO2PO4_55c.dat.20,15.96,0.4,-0.2,5.88,13.39,-0.25,-37.45404683
1.2,0.9,0.352479784,Background,5,0.5,24.06,223.9596215,Devon370Ma_050Remin_5pCO2.pO2PO4_55a.dat.44,1.19,1.2,1.7,0.472367969,Kellwasser,1,0.75,18.18,113.443406,Devon370Ma_075Remin_1pCO2.pO2PO4_55c.dat.42,9.91,0.8,0,5.88,8.72,0.25,-110.5162155
1.2,1.1,0.370451494,Background,5,0.75,24.06,100.7840037,Devon370Ma_075Remin_5pCO2.pO2PO4_55b.dat.41,2.29,1,1.3,0.679021468,Kellwasser,1,0.75,18.18,154.1479141,Devon370Ma_075Remin_1pCO2.pO2PO4_55b.dat.23,7.52,0.2,-0.2,5.88,5.23,0,53.36391041
0.8,0.7,0.3879819,Background,5,0.75,24.06,130.5182668,Devon370Ma_075Remin_5pCO2.pO2PO4_55a.dat.02,1.83,0.8,1.1,0.704886087,Kellwasser,0.75,0.75,17.06,102.3750592,251030.pO2PO4_55b.dat.01,7.8,0.4,0,7,5.97,0,-28.1432076
0.8,0.7,0.3879819,Background,5,0.75,24.06,130.5182668,Devon370Ma_075Remin_5pCO2.pO2PO4_55a.dat.02,1.83,0.8,1.1,0.704886087,Kellwasser,0.75,0.75,17.06,102.3750592,251030.pO2PO4_55b.dat.01,7.8,0.4,0,7,5.97,0,-28.1432076
1.2,1.2,0.427080903,Background,2.5,1,21.46,145.293583,251103.pO2PO4_55b.dat.42,2.84,1.2,1.8,0.49245255,Kellwasser,0.75,1,17.06,146.8665869,251025.pO2PO4_55c.dat.43,10.64,0.6,0,4.4,7.8,0,1.573003854
1.2,1.2,0.427080903,Background,2.5,1,21.46,145.293583,251103.pO2PO4_55b.dat.42,2.84,1.2,1.9,0.49245255,Kellwasser,0.75,1,17.06,170.2301379,251025.pO2PO4_55c.dat.44,10.64,0.7,0,4.4,7.8,0,24.93655485
1.2,1.1,0.370451494,Background,5,0.75,24.06,100.7840037,Devon370Ma_075Remin_5pCO2.pO2PO4_55b.dat.41,2.29,1.2,1.8,0.49245255,Kellwasser,0.75,1,17.06,146.8665869,251025.pO2PO4_55c.dat.43,10.64,0.7,0,7,8.35,0.25,46.08258317
1.2,1.1,0.370451494,Background,5,0.75,24.06,100.7840037,Devon370Ma_075Remin_5pCO2.pO2PO4_55b.dat.41,2.29,1.2,1.9,0.49245255,Kellwasser,0.75,1,17.06,170.2301379,251025.pO2PO4_55c.dat.44,10.64,0.8,0,7,8.35,0.25,69.44613417
1,1,0.371971628,Background,2.5,1,21.46,87.83979865,251103.pO2PO4_55b.dat.20,2.75,0.8,1.2,0.581754066,Kellwasser,0.75,0.75,17.06,121.8285979,251030.pO2PO4_55b.dat.02,11.01,0.2,-0.2,4.4,8.26,-0.25,33.98879926
1,1.1,0.393150484,Background,2.5,1,21.46,107.1565566,251103.pO2PO4_55b.dat.21,3.94,0.8,1.2,0.581754066,Kellwasser,0.75,0.75,17.06,121.8285979,251030.pO2PO4_55b.dat.02,11.01,0.1,-0.2,4.4,7.07,-0.25,14.67204129
1.1,1,0.427801779,Background,2.5,0.75,21.46,85.84064926,Devon370Ma_075Remin_2.5pCO2.pO2PO4_55b.dat.30,1.38,1.1,1.6,0.455580778,Kellwasser,0.75,0.75,17.06,94.77377171,251030.pO2PO4_55c.dat.31,7.98,0.6,0,4.4,6.6,0,8.933122444
1.1,1.1,0.355966851,Background,5,1,24.06,102.5284655,Devon370Ma_1Remin_5pCO2.pO2PO4_55b.dat.31,3.67,1.2,1.9,0.49245255,Kellwasser,0.75,1,17.06,170.2301379,251025.pO2PO4_55c.dat.44,10.64,0.8,0.1,7,6.97,0,67.7016724
1.1,1.1,0.355966851,Background,5,1,24.06,102.5284655,Devon370Ma_1Remin_5pCO2.pO2PO4_55b.dat.31,3.67,1.2,1.8,0.49245255,Kellwasser,0.75,1,17.06,146.8665869,251025.pO2PO4_55c.dat.43,10.64,0.7,0.1,7,6.97,0,44.3381214
0.9,1,0.356375169,Background,2.5,1,21.46,83.33381993,251103.pO2PO4_55b.dat.10,3.94,1,1.5,0.524769688,Kellwasser,1,0.75,18.18,72.0914104,Devon370Ma_075Remin_1pCO2.pO2PO4_55c.dat.20,15.96,0.5,0.1,3.28,12.02,-0.25,-11.24240953
1.2,1.1,0.355242122,Background,5,1,24.06,109.5454572,Devon370Ma_1Remin_5pCO2.pO2PO4_55b.dat.41,2.57,1.1,1.6,0.5543525,Kellwasser,0.75,1,17.06,100.9647749,251025.pO2PO4_55c.dat.31,10.09,0.5,-0.1,7,7.52,0,-8.580682335
1.2,1.1,0.355242122,Background,5,1,24.06,109.5454572,Devon370Ma_1Remin_5pCO2.pO2PO4_55b.dat.41,2.57,1.1,1.7,0.554011959,Kellwasser,0.75,1,17.06,120.2411222,251025.pO2PO4_55c.dat.32,13.67,0.6,-0.1,7,11.1,0,10.69566496
1.2,1.3,0.431697772,Background,2.5,1,21.46,170.1500732,251103.pO2PO4_55b.dat.43,3.58,1.2,1.9,0.49245255,Kellwasser,0.75,1,17.06,170.2301379,251025.pO2PO4_55c.dat.44,10.64,0.6,0,4.4,7.06,0,0.080064655
1.2,1.3,0.431697772,Background,2.5,1,21.46,170.1500732,251103.pO2PO4_55b.dat.43,3.58,1.2,1.8,0.49245255,Kellwasser,0.75,1,17.06,146.8665869,251025.pO2PO4_55c.dat.43,10.64,0.5,0,4.4,7.06,0,-23.28348635
1,1,0.371971628,Background,2.5,1,21.46,87.83979865,251103.pO2PO4_55b.dat.20,2.75,1,1.5,0.447463833,Kellwasser,0.75,0.75,17.06,75.25343972,251030.pO2PO4_55c.dat.20,8.53,0.5,0,4.4,5.78,-0.25,-12.58635893
1.2,1.2,0.427080903,Background,2.5,1,21.46,145.293583,251103.pO2PO4_55b.dat.42,2.84,1.2,1.7,0.472367969,Kellwasser,1,0.75,18.18,113.443406,Devon370Ma_075Remin_1pCO2.pO2PO4_55c.dat.42,9.91,0.5,0,3.28,7.07,-0.25,-31.85017704
1.1,1,0.390493104,Background,5,0.75,24.06,77.53463433,Devon370Ma_075Remin_5pCO2.pO2PO4_55b.dat.30,2.29,1,1.5,0.447463833,Kellwasser,0.75,0.75,17.06,75.25343972,251030.pO2PO4_55c.dat.20,8.53,0.5,-0.1,7,6.24,0,-2.281194611
1,0.9,0.427189722,Background,5,0.75,24.06,203.5507932,Devon370Ma_075Remin_5pCO2.pO2PO4_55a.dat.24,2.11,0.8,1.1,0.512140493,Kellwasser,1,0.5,18.18,94.47151388,Devon370Ma_050Remin_1pCO2.pO2PO4_55b.dat.01,8.26,0.2,-0.2,5.88,6.15,-0.25,-109.0792794
1,0.9,0.427189722,Background,5,0.75,24.06,203.5507932,Devon370Ma_075Remin_5pCO2.pO2PO4_55a.dat.24,2.11,0.8,1.1,0.512140493,Kellwasser,1,0.5,18.18,94.47151388,Devon370Ma_050Remin_1pCO2.pO2PO4_55b.dat.01,8.26,0.2,-0.2,5.88,6.15,-0.25,-109.0792794
1.2,1.2,0.365956576,Background,5,1,24.06,122.8022011,Devon370Ma_1Remin_5pCO2.pO2PO4_55b.dat.42,3.58,1,1.5,0.524769688,Kellwasser,1,0.75,18.18,72.0914104,Devon370Ma_075Remin_1pCO2.pO2PO4_55c.dat.20,15.96,0.3,-0.2,5.88,12.38,-0.25,-50.71079067
1.2,1.1,0.468167688,Background,2.5,0.75,21.46,111.5448613,Devon370Ma_075Remin_2.5pCO2.pO2PO4_55b.dat.41,1.65,1.1,1.6,0.455580778,Kellwasser,0.75,0.75,17.06,94.77377171,251030.pO2PO4_55c.dat.31,7.98,0.5,-0.1,4.4,6.33,0,-16.77108958
1.2,1.1,0.370451494,Background,5,0.75,24.06,100.7840037,Devon370Ma_075Remin_5pCO2.pO2PO4_55b.dat.41,2.29,1.2,1.7,0.472367969,Kellwasser,1,0.75,18.18,113.443406,Devon370Ma_075Remin_1pCO2.pO2PO4_55c.dat.42,9.91,0.6,0,5.88,7.62,0,12.65940227
1.1,1.1,0.355966851,Background,5,1,24.06,102.5284655,Devon370Ma_1Remin_5pCO2.pO2PO4_55b.dat.31,3.67,1.2,1.7,0.472367969,Kellwasser,1,0.75,18.18,113.443406,Devon370Ma_075Remin_1pCO2.pO2PO4_55c.dat.42,9.91,0.6,0.1,5.88,6.24,-0.25,10.9149405
1.1,1.1,0.355966851,Background,5,1,24.06,102.5284655,Devon370Ma_1Remin_5pCO2.pO2PO4_55b.dat.31,3.67,0.9,1.3,0.503735592,Kellwasser,0.75,1,17.06,161.3606291,251025.pO2PO4_55b.dat.13,11.56,0.2,-0.2,7,7.89,0,58.8321636
1.2,1.3,0.431697772,Background,2.5,1,21.46,170.1500732,251103.pO2PO4_55b.dat.43,3.58,1.2,1.7,0.472367969,Kellwasser,1,0.75,18.18,113.443406,Devon370Ma_075Remin_1pCO2.pO2PO4_55c.dat.42,9.91,0.4,0,3.28,6.33,-0.25,-56.70666724
1.2,1.2,0.365956576,Background,5,1,24.06,122.8022011,Devon370Ma_1Remin_5pCO2.pO2PO4_55b.dat.42,3.58,1.1,1.6,0.5543525,Kellwasser,0.75,1,17.06,100.9647749,251025.pO2PO4_55c.dat.31,10.09,0.4,-0.1,7,6.51,0,-21.83742618
1.2,1.2,0.365956576,Background,5,1,24.06,122.8022011,Devon370Ma_1Remin_5pCO2.pO2PO4_55b.dat.42,3.58,1.1,1.7,0.554011959,Kellwasser,0.75,1,17.06,120.2411222,251025.pO2PO4_55c.dat.32,13.67,0.5,-0.1,7,10.09,0,-2.561078876
1.1,1,0.390493104,Background,5,0.75,24.06,77.53463433,Devon370Ma_075Remin_5pCO2.pO2PO4_55b.dat.30,2.29,1.2,1.6,0.634581795,Kellwasser,1,0.75,18.18,95.13406258,Devon370Ma_075Remin_1pCO2.pO2PO4_55c.dat.41,7.34,0.6,0.1,5.88,5.05,0,17.59942825
0.9,0.9,0.351258549,Background,2.5,1,21.46,217.7454153,251103.pO2PO4_55a.dat.14,2.84,0.8,1.2,0.684237598,Kellwasser,1,0.75,18.18,118.3068962,Devon370Ma_075Remin_1pCO2.pO2PO4_55b.dat.02,12.57,0.3,-0.1,3.28,9.73,-0.25,-99.4385191
0.9,0.9,0.351258549,Background,2.5,1,21.46,217.7454153,251103.pO2PO4_55a.dat.14,2.84,0.8,1.1,0.684237598,Kellwasser,1,0.75,18.18,103.7711627,Devon370Ma_075Remin_1pCO2.pO2PO4_55b.dat.01,12.57,0.2,-0.1,3.28,9.73,-0.25,-113.9742526
1,1,0.371971628,Background,2.5,1,21.46,87.83979865,251103.pO2PO4_55b.dat.20,2.75,1.2,1.8,0.375039434,Kellwasser,1,0.75,18.18,133.0883533,Devon370Ma_075Remin_1pCO2.pO2PO4_55c.dat.43,12.75,0.8,0.2,3.28,10,-0.25,45.24855467
1.2,1.1,0.355242122,Background,5,1,24.06,109.5454572,Devon370Ma_1Remin_5pCO2.pO2PO4_55b.dat.41,2.57,1.1,1.7,0.521273485,Kellwasser,1,0.75,18.18,109.2405873,Devon370Ma_075Remin_1pCO2.pO2PO4_55c.dat.32,12.2,0.6,-0.1,5.88,9.63,-0.25,-0.3048699
1.2,1.1,0.355242122,Background,5,1,24.06,109.5454572,Devon370Ma_1Remin_5pCO2.pO2PO4_55b.dat.41,2.57,1.1,1.6,0.521273485,Kellwasser,1,0.75,18.18,91.41401824,Devon370Ma_075Remin_1pCO2.pO2PO4_55c.dat.31,12.2,0.5,-0.1,5.88,9.63,-0.25,-18.13143899
1,1,0.371971628,Background,2.5,1,21.46,87.83979865,251103.pO2PO4_55b.dat.20,2.75,0.8,1.1,0.704886087,Kellwasser,0.75,0.75,17.06,102.3750592,251030.pO2PO4_55b.dat.01,7.8,0.1,-0.2,4.4,5.05,-0.25,14.53526056
1,1,0.371971628,Background,2.5,1,21.46,87.83979865,251103.pO2PO4_55b.dat.20,2.75,0.8,1.2,0.534846015,Kellwasser,0.75,1,17.06,130.6640625,251025.pO2PO4_55b.dat.02,15.69,0.2,-0.2,4.4,12.94,0,42.82426385
1,1.1,0.393150484,Background,2.5,1,21.46,107.1565566,251103.pO2PO4_55b.dat.21,3.94,0.8,1.2,0.534846015,Kellwasser,0.75,1,17.06,130.6640625,251025.pO2PO4_55b.dat.02,15.69,0.1,-0.2,4.4,11.75,0,23.50750588
1.2,1.1,0.355242122,Background,5,1,24.06,109.5454572,Devon370Ma_1Remin_5pCO2.pO2PO4_55b.dat.41,2.57,1.1,1.5,0.646946866,Kellwasser,1,0.75,18.18,74.9922765,Devon370Ma_075Remin_1pCO2.pO2PO4_55c.dat.30,7.98,0.4,-0.1,5.88,5.41,-0.25,-34.55318074
1.1,1,0.390493104,Background,5,0.75,24.06,77.53463433,Devon370Ma_075Remin_5pCO2.pO2PO4_55b.dat.30,2.29,1.2,1.8,0.375039434,Kellwasser,1,0.75,18.18,133.0883533,Devon370Ma_075Remin_1pCO2.pO2PO4_55c.dat.43,12.75,0.8,0.1,5.88,10.46,0,55.55371899
1.2,1.1,0.355242122,Background,5,1,24.06,109.5454572,Devon370Ma_1Remin_5pCO2.pO2PO4_55b.dat.41,2.57,1,1.4,0.615350876,Kellwasser,0.75,0.75,17.06,183.8741737,251030.pO2PO4_55b.dat.24,7.8,0.3,-0.2,7,5.23,-0.25,74.32871644
1,1.1,0.393150484,Background,2.5,1,21.46,107.1565566,251103.pO2PO4_55b.dat.21,3.94,1.2,1.8,0.375039434,Kellwasser,1,0.75,18.18,133.0883533,Devon370Ma_075Remin_1pCO2.pO2PO4_55c.dat.43,12.75,0.7,0.2,3.28,8.81,-0.25,25.9317967
1.2,0.9,0.364158016,Background,2.5,0.5,21.46,239.3142786,251104.pO2PO4_55a.dat.44,1.1,1,1.5,0.447463833,Kellwasser,0.75,0.75,17.06,75.25343972,251030.pO2PO4_55c.dat.20,8.53,0.6,-0.2,4.4,7.43,0.25,-164.0608389
1,1,0.371971628,Background,2.5,1,21.46,87.83979865,251103.pO2PO4_55b.dat.20,2.75,0.9,1.4,0.394946273,Kellwasser,0.75,0.75,17.06,173.7303537,251030.pO2PO4_55b.dat.14,11.47,0.4,-0.1,4.4,8.72,-0.25,85.89055506
1.1,1,0.390493104,Background,5,0.75,24.06,77.53463433,Devon370Ma_075Remin_5pCO2.pO2PO4_55b.dat.30,2.29,0.9,1.4,0.394946273,Kellwasser,0.75,0.75,17.06,173.7303537,251030.pO2PO4_55b.dat.14,11.47,0.4,-0.2,7,9.18,0,96.19571938
0.9,1,0.356375169,Background,2.5,1,21.46,83.33381993,251103.pO2PO4_55b.dat.10,3.94,0.8,1.2,0.684237598,Kellwasser,1,0.75,18.18,118.3068962,Devon370Ma_075Remin_1pCO2.pO2PO4_55b.dat.02,12.57,0.2,-0.1,3.28,8.63,-0.25,34.97307625
0.9,1,0.356375169,Background,2.5,1,21.46,83.33381993,251103.pO2PO4_55b.dat.10,3.94,0.8,1.1,0.684237598,Kellwasser,1,0.75,18.18,103.7711627,Devon370Ma_075Remin_1pCO2.pO2PO4_55b.dat.01,12.57,0.1,-0.1,3.28,8.63,-0.25,20.43734276
0.9,0.8,0.414501043,Background,5,0.75,24.06,166.1389542,Devon370Ma_075Remin_5pCO2.pO2PO4_55a.dat.13,1.83,0.8,1.1,0.512140493,Kellwasser,1,0.5,18.18,94.47151388,Devon370Ma_050Remin_1pCO2.pO2PO4_55b.dat.01,8.26,0.3,-0.1,5.88,6.43,-0.25,-71.66744035
0.9,0.8,0.414501043,Background,5,0.75,24.06,166.1389542,Devon370Ma_075Remin_5pCO2.pO2PO4_55a.dat.13,1.83,0.8,1.1,0.512140493,Kellwasser,1,0.5,18.18,94.47151388,Devon370Ma_050Remin_1pCO2.pO2PO4_55b.dat.01,8.26,0.3,-0.1,5.88,6.43,-0.25,-71.66744035
1,1.1,0.393150484,Background,2.5,1,21.46,107.1565566,251103.pO2PO4_55b.dat.21,3.94,0.9,1.4,0.394946273,Kellwasser,0.75,0.75,17.06,173.7303537,251030.pO2PO4_55b.dat.14,11.47,0.3,-0.1,4.4,7.53,-0.25,66.57379708
1.2,1.2,0.365956576,Background,5,1,24.06,122.8022011,Devon370Ma_1Remin_5pCO2.pO2PO4_55b.dat.42,3.58,1.1,1.6,0.521273485,Kellwasser,1,0.75,18.18,91.41401824,Devon370Ma_075Remin_1pCO2.pO2PO4_55c.dat.31,12.2,0.4,-0.1,5.88,8.62,-0.25,-31.38818283
1.2,1.2,0.365956576,Background,5,1,24.06,122.8022011,Devon370Ma_1Remin_5pCO2.pO2PO4_55b.dat.42,3.58,1.1,1.7,0.521273485,Kellwasser,1,0.75,18.18,109.2405873,Devon370Ma_075Remin_1pCO2.pO2PO4_55c.dat.32,12.2,0.5,-0.1,5.88,8.62,-0.25,-13.56161374
1.1,1.1,0.416669591,Background,2.5,1,21.46,113.6966021,251103.pO2PO4_55b.dat.31,3.85,1.2,1.8,0.375039434,Kellwasser,1,0.75,18.18,133.0883533,Devon370Ma_075Remin_1pCO2.pO2PO4_55c.dat.43,12.75,0.7,0.1,3.28,8.9,-0.25,19.39175127
1.1,1.2,0.416669591,Background,2.5,1,21.46,136.0907772,251103.pO2PO4_55b.dat.32,3.85,1.2,1.8,0.375039434,Kellwasser,1,0.75,18.18,133.0883533,Devon370Ma_075Remin_1pCO2.pO2PO4_55c.dat.43,12.75,0.6,0.1,3.28,8.9,-0.25,-3.002423909
1.2,1.1,0.355242122,Background,5,1,24.06,109.5454572,Devon370Ma_1Remin_5pCO2.pO2PO4_55b.dat.41,2.57,1.2,1.8,0.49245255,Kellwasser,0.75,1,17.06,146.8665869,251025.pO2PO4_55c.dat.43,10.64,0.7,0,7,8.07,0,37.32112966
1.2,1.1,0.355242122,Background,5,1,24.06,109.5454572,Devon370Ma_1Remin_5pCO2.pO2PO4_55b.dat.41,2.57,1.2,1.9,0.49245255,Kellwasser,0.75,1,17.06,170.2301379,251025.pO2PO4_55c.dat.44,10.64,0.8,0,7,8.07,0,60.68468066
1.2,0.9,0.364158016,Background,2.5,0.5,21.46,239.3142786,251104.pO2PO4_55a.dat.44,1.1,1.2,1.6,0.634581795,Kellwasser,1,0.75,18.18,95.13406258,Devon370Ma_075Remin_1pCO2.pO2PO4_55c.dat.41,7.34,0.7,0,3.28,6.24,0.25,-144.180216
1.1,1.2,0.416669591,Background,2.5,1,21.46,136.0907772,251103.pO2PO4_55b.dat.32,3.85,0.9,1.4,0.394946273,Kellwasser,0.75,0.75,17.06,173.7303537,251030.pO2PO4_55b.dat.14,11.47,0.2,-0.2,4.4,7.62,-0.25,37.63957648
1.1,1.1,0.416669591,Background,2.5,1,21.46,113.6966021,251103.pO2PO4_55b.dat.31,3.85,0.9,1.4,0.394946273,Kellwasser,0.75,0.75,17.06,173.7303537,251030.pO2PO4_55b.dat.14,11.47,0.3,-0.2,4.4,7.62,-0.25,60.03375165
1.2,0.9,0.352479784,Background,5,0.5,24.06,223.9596215,Devon370Ma_050Remin_5pCO2.pO2PO4_55a.dat.44,1.19,1,1.5,0.447463833,Kellwasser,0.75,0.75,17.06,75.25343972,251030.pO2PO4_55c.dat.20,8.53,0.6,-0.2,7,7.34,0.25,-148.7061818
0.9,0.9,0.351258549,Background,2.5,1,21.46,217.7454153,251103.pO2PO4_55a.dat.14,2.84,0.9,1.3,0.503735592,Kellwasser,0.75,1,17.06,161.3606291,251025.pO2PO4_55b.dat.13,11.56,0.4,0,4.4,8.72,0,-56.38478618
1.2,0.9,0.364158016,Background,2.5,0.5,21.46,239.3142786,251104.pO2PO4_55a.dat.44,1.1,1.2,1.8,0.375039434,Kellwasser,1,0.75,18.18,133.0883533,Devon370Ma_075Remin_1pCO2.pO2PO4_55c.dat.43,12.75,0.9,0,3.28,11.65,0.25,-106.2259253
1.1,1.2,0.416669591,Background,2.5,1,21.46,136.0907772,251103.pO2PO4_55b.dat.32,3.85,0.9,1.4,0.636716441,Kellwasser,0.75,1,17.06,187.3711735,251025.pO2PO4_55b.dat.14,17.43,0.2,-0.2,4.4,13.58,0,51.28039627
1.1,1.1,0.416669591,Background,2.5,1,21.46,113.6966021,251103.pO2PO4_55b.dat.31,3.85,0.9,1.4,0.636716441,Kellwasser,0.75,1,17.06,187.3711735,251025.pO2PO4_55b.dat.14,17.43,0.3,-0.2,4.4,13.58,0,73.67457144
1,1.1,0.393150484,Background,2.5,1,21.46,107.1565566,251103.pO2PO4_55b.dat.21,3.94,0.9,1.4,0.636716441,Kellwasser,0.75,1,17.06,187.3711735,251025.pO2PO4_55b.dat.14,17.43,0.3,-0.1,4.4,13.49,0,80.21461688
1,0.9,0.427189722,Background,5,0.75,24.06,203.5507932,Devon370Ma_075Remin_5pCO2.pO2PO4_55a.dat.24,2.11,1.2,1.7,0.44513511,Kellwasser,0.75,0.75,17.06,117.0295218,251030.pO2PO4_55c.dat.42,7.34,0.8,0.2,7,5.23,0,-86.52127144
1,0.9,0.427189722,Background,5,0.75,24.06,203.5507932,Devon370Ma_075Remin_5pCO2.pO2PO4_55a.dat.24,2.11,1.2,1.7,0.44513511,Kellwasser,0.75,0.75,17.06,117.0295218,251030.pO2PO4_55c.dat.42,7.34,0.8,0.2,7,5.23,0,-86.52127144
1.1,1,0.390493104,Background,5,0.75,24.06,77.53463433,Devon370Ma_075Remin_5pCO2.pO2PO4_55b.dat.30,2.29,1.1,1.6,0.455580778,Kellwasser,0.75,0.75,17.06,94.77377171,251030.pO2PO4_55c.dat.31,7.98,0.6,0,7,5.69,0,17.23913738
1,1,0.371971628,Background,2.5,1,21.46,87.83979865,251103.pO2PO4_55b.dat.20,2.75,1.1,1.6,0.455580778,Kellwasser,0.75,0.75,17.06,94.77377171,251030.pO2PO4_55c.dat.31,7.98,0.6,0.1,4.4,5.23,-0.25,6.933973054
1.2,1.2,0.427080903,Background,2.5,1,21.46,145.293583,251103.pO2PO4_55b.dat.42,2.84,1,1.5,0.447463833,Kellwasser,0.75,0.75,17.06,75.25343972,251030.pO2PO4_55c.dat.20,8.53,0.3,-0.2,4.4,5.69,-0.25,-70.04014333
1.2,1.1,0.355242122,Background,5,1,24.06,109.5454572,Devon370Ma_1Remin_5pCO2.pO2PO4_55b.dat.41,2.57,1.2,1.7,0.472367969,Kellwasser,1,0.75,18.18,113.443406,Devon370Ma_075Remin_1pCO2.pO2PO4_55c.dat.42,9.91,0.6,0,5.88,7.34,-0.25,3.897948773
0.9,0.8,0.414501043,Background,5,0.75,24.06,166.1389542,Devon370Ma_075Remin_5pCO2.pO2PO4_55a.dat.13,1.83,0.9,1.2,0.721538316,Kellwasser,0.75,0.75,17.06,127.3138187,251030.pO2PO4_55b.dat.12,7.06,0.4,0,7,5.23,0,-38.82513556
0.9,0.8,0.414501043,Background,5,0.75,24.06,166.1389542,Devon370Ma_075Remin_5pCO2.pO2PO4_55a.dat.13,1.83,0.9,1.2,0.721538316,Kellwasser,0.75,0.75,17.06,127.3138187,251030.pO2PO4_55b.dat.12,7.06,0.4,0,7,5.23,0,-38.82513556
1.1,1,0.427801779,Background,2.5,0.75,21.46,85.84064926,Devon370Ma_075Remin_2.5pCO2.pO2PO4_55b.dat.30,1.38,0.9,1.2,0.721538316,Kellwasser,0.75,0.75,17.06,127.3138187,251030.pO2PO4_55b.dat.12,7.06,0.2,-0.2,4.4,5.68,0,41.4731694
1.2,0.9,0.352479784,Background,5,0.5,24.06,223.9596215,Devon370Ma_050Remin_5pCO2.pO2PO4_55a.dat.44,1.19,1.2,1.6,0.634581795,Kellwasser,1,0.75,18.18,95.13406258,Devon370Ma_075Remin_1pCO2.pO2PO4_55c.dat.41,7.34,0.7,0,5.88,6.15,0.25,-128.8255589
1.2,1.2,0.365956576,Background,5,1,24.06,122.8022011,Devon370Ma_1Remin_5pCO2.pO2PO4_55b.dat.42,3.58,1.2,1.8,0.49245255,Kellwasser,0.75,1,17.06,146.8665869,251025.pO2PO4_55c.dat.43,10.64,0.6,0,7,7.06,0,24.06438582
1.2,1.2,0.365956576,Background,5,1,24.06,122.8022011,Devon370Ma_1Remin_5pCO2.pO2PO4_55b.dat.42,3.58,1.2,1.9,0.49245255,Kellwasser,0.75,1,17.06,170.2301379,251025.pO2PO4_55c.dat.44,10.64,0.7,0,7,7.06,0,47.42793682
1,1,0.371971628,Background,2.5,1,21.46,87.83979865,251103.pO2PO4_55b.dat.20,2.75,0.9,1.4,0.636716441,Kellwasser,0.75,1,17.06,187.3711735,251025.pO2PO4_55b.dat.14,17.43,0.4,-0.1,4.4,14.68,0,99.53137485
0.8,0.7,0.3879819,Background,5,0.75,24.06,130.5182668,Devon370Ma_075Remin_5pCO2.pO2PO4_55a.dat.02,1.83,0.8,1.1,0.512140493,Kellwasser,1,0.5,18.18,94.47151388,Devon370Ma_050Remin_1pCO2.pO2PO4_55b.dat.01,8.26,0.4,0,5.88,6.43,-0.25,-36.04675294
0.8,0.7,0.3879819,Background,5,0.75,24.06,130.5182668,Devon370Ma_075Remin_5pCO2.pO2PO4_55a.dat.02,1.83,0.8,1.1,0.512140493,Kellwasser,1,0.5,18.18,94.47151388,Devon370Ma_050Remin_1pCO2.pO2PO4_55b.dat.01,8.26,0.4,0,5.88,6.43,-0.25,-36.04675294
0.9,0.9,0.351258549,Background,2.5,1,21.46,217.7454153,251103.pO2PO4_55a.dat.14,2.84,0.9,1.3,0.607251064,Kellwasser,0.75,0.75,17.06,149.5253819,251030.pO2PO4_55b.dat.13,8.26,0.4,0,4.4,5.42,-0.25,-68.22003343
1.2,1.1,0.370451494,Background,5,0.75,24.06,100.7840037,Devon370Ma_075Remin_5pCO2.pO2PO4_55b.dat.41,2.29,1,1.5,0.447463833,Kellwasser,0.75,0.75,17.06,75.25343972,251030.pO2PO4_55c.dat.20,8.53,0.4,-0.2,7,6.24,0,-25.53056402
1.2,1.1,0.370451494,Background,5,0.75,24.06,100.7840037,Devon370Ma_075Remin_5pCO2.pO2PO4_55b.dat.41,2.29,1.2,1.6,0.634581795,Kellwasser,1,0.75,18.18,95.13406258,Devon370Ma_075Remin_1pCO2.pO2PO4_55c.dat.41,7.34,0.5,0,5.88,5.05,0,-5.649941158
0.9,1,0.356375169,Background,2.5,1,21.46,83.33381993,251103.pO2PO4_55b.dat.10,3.94,0.9,1.3,0.503735592,Kellwasser,0.75,1,17.06,161.3606291,251025.pO2PO4_55b.dat.13,11.56,0.3,0,4.4,7.62,0,78.02680917
1.2,0.9,0.352479784,Background,5,0.5,24.06,223.9596215,Devon370Ma_050Remin_5pCO2.pO2PO4_55a.dat.44,1.19,1.2,1.8,0.375039434,Kellwasser,1,0.75,18.18,133.0883533,Devon370Ma_075Remin_1pCO2.pO2PO4_55c.dat.43,12.75,0.9,0,5.88,11.56,0.25,-90.87126818
1.2,1.2,0.365956576,Background,5,1,24.06,122.8022011,Devon370Ma_1Remin_5pCO2.pO2PO4_55b.dat.42,3.58,1.2,1.7,0.472367969,Kellwasser,1,0.75,18.18,113.443406,Devon370Ma_075Remin_1pCO2.pO2PO4_55c.dat.42,9.91,0.5,0,5.88,6.33,-0.25,-9.358795069
0.9,0.9,0.351258549,Background,2.5,1,21.46,217.7454153,251103.pO2PO4_55a.dat.14,2.84,0.8,1.2,0.581754066,Kellwasser,0.75,0.75,17.06,121.8285979,251030.pO2PO4_55b.dat.02,11.01,0.3,-0.1,4.4,8.17,-0.25,-95.91681737
1.2,0.9,0.364158016,Background,2.5,0.5,21.46,239.3142786,251104.pO2PO4_55a.dat.44,1.1,1.1,1.6,0.455580778,Kellwasser,0.75,0.75,17.06,94.77377171,251030.pO2PO4_55c.dat.31,7.98,0.7,-0.1,4.4,6.88,0.25,-144.5405069
0.8,0.7,0.3879819,Background,5,0.75,24.06,130.5182668,Devon370Ma_075Remin_5pCO2.pO2PO4_55a.dat.02,1.83,0.9,1.2,0.721538316,Kellwasser,0.75,0.75,17.06,127.3138187,251030.pO2PO4_55b.dat.12,7.06,0.5,0.1,7,5.23,0,-3.204448149
0.8,0.7,0.3879819,Background,5,0.75,24.06,130.5182668,Devon370Ma_075Remin_5pCO2.pO2PO4_55a.dat.02,1.83,0.9,1.2,0.721538316,Kellwasser,0.75,0.75,17.06,127.3138187,251030.pO2PO4_55b.dat.12,7.06,0.5,0.1,7,5.23,0,-3.204448149
1.2,1.2,0.427080903,Background,2.5,1,21.46,145.293583,251103.pO2PO4_55b.dat.42,2.84,1.2,1.8,0.375039434,Kellwasser,1,0.75,18.18,133.0883533,Devon370Ma_075Remin_1pCO2.pO2PO4_55c.dat.43,12.75,0.6,0,3.28,9.91,-0.25,-12.20522972
1.1,1.1,0.416669591,Background,2.5,1,21.46,113.6966021,251103.pO2PO4_55b.dat.31,3.85,1,1.6,0.575716022,Kellwasser,0.75,1,17.06,97.3596907,251025.pO2PO4_55c.dat.21,18.07,0.5,-0.1,4.4,14.22,0,-16.33691136
1.1,1.2,0.416669591,Background,2.5,1,21.46,136.0907772,251103.pO2PO4_55b.dat.32,3.85,1,1.6,0.575716022,Kellwasser,0.75,1,17.06,97.3596907,251025.pO2PO4_55c.dat.21,18.07,0.4,-0.1,4.4,14.22,0,-38.73108653
1,1.1,0.393150484,Background,2.5,1,21.46,107.1565566,251103.pO2PO4_55b.dat.21,3.94,1,1.6,0.575716022,Kellwasser,0.75,1,17.06,97.3596907,251025.pO2PO4_55c.dat.21,18.07,0.5,0,4.4,14.13,0,-9.796865924
1.2,1.1,0.370451494,Background,5,0.75,24.06,100.7840037,Devon370Ma_075Remin_5pCO2.pO2PO4_55b.dat.41,2.29,1.2,1.8,0.375039434,Kellwasser,1,0.75,18.18,133.0883533,Devon370Ma_075Remin_1pCO2.pO2PO4_55c.dat.43,12.75,0.7,0,5.88,10.46,0,32.30434959
1.1,1,0.427801779,Background,2.5,0.75,21.46,85.84064926,Devon370Ma_075Remin_2.5pCO2.pO2PO4_55b.dat.30,1.38,1.2,1.7,0.44513511,Kellwasser,0.75,0.75,17.06,117.0295218,251030.pO2PO4_55c.dat.42,7.34,0.7,0.1,4.4,5.96,0,31.18887253
0.9,1,0.356375169,Background,2.5,1,21.46,83.33381993,251103.pO2PO4_55b.dat.10,3.94,0.8,1.2,0.581754066,Kellwasser,0.75,0.75,17.06,121.8285979,251030.pO2PO4_55b.dat.02,11.01,0.2,-0.1,4.4,7.07,-0.25,38.49477798
1.2,1.1,0.468167688,Background,2.5,0.75,21.46,111.5448613,Devon370Ma_075Remin_2.5pCO2.pO2PO4_55b.dat.41,1.65,1.2,1.7,0.44513511,Kellwasser,0.75,0.75,17.06,117.0295218,251030.pO2PO4_55c.dat.42,7.34,0.6,0,4.4,5.69,0,5.484660505
1.2,1.2,0.427080903,Background,2.5,1,21.46,145.293583,251103.pO2PO4_55b.dat.42,2.84,1.1,1.6,0.455580778,Kellwasser,0.75,0.75,17.06,94.77377171,251030.pO2PO4_55c.dat.31,7.98,0.4,-0.1,4.4,5.14,-0.25,-50.51981134
1.1,1.1,0.355966851,Background,5,1,24.06,102.5284655,Devon370Ma_1Remin_5pCO2.pO2PO4_55b.dat.31,3.67,1.2,1.8,0.375039434,Kellwasser,1,0.75,18.18,133.0883533,Devon370Ma_075Remin_1pCO2.pO2PO4_55c.dat.43,12.75,0.7,0.1,5.88,9.08,-0.25,30.55988782
1.2,0.9,0.352479784,Background,5,0.5,24.06,223.9596215,Devon370Ma_050Remin_5pCO2.pO2PO4_55a.dat.44,1.19,1.1,1.6,0.455580778,Kellwasser,0.75,0.75,17.06,94.77377171,251030.pO2PO4_55c.dat.31,7.98,0.7,-0.1,7,6.79,0.25,-129.1858498
1.2,1.3,0.431697772,Background,2.5,1,21.46,170.1500732,251103.pO2PO4_55b.dat.43,3.58,1.2,1.8,0.375039434,Kellwasser,1,0.75,18.18,133.0883533,Devon370Ma_075Remin_1pCO2.pO2PO4_55c.dat.43,12.75,0.5,0,3.28,9.17,-0.25,-37.06171992
1,1,0.371971628,Background,2.5,1,21.46,87.83979865,251103.pO2PO4_55b.dat.20,2.75,0.8,1.1,0.512140493,Kellwasser,1,0.5,18.18,94.47151388,Devon370Ma_050Remin_1pCO2.pO2PO4_55b.dat.01,8.26,0.1,-0.2,3.28,5.51,-0.5,6.631715223
1.1,1.1,0.355966851,Background,5,1,24.06,102.5284655,Devon370Ma_1Remin_5pCO2.pO2PO4_55b.dat.31,3.67,0.9,1.4,0.394946273,Kellwasser,0.75,0.75,17.06,173.7303537,251030.pO2PO4_55b.dat.14,11.47,0.3,-0.2,7,7.8,-0.25,71.2018882
0.9,0.9,0.351258549,Background,2.5,1,21.46,217.7454153,251103.pO2PO4_55a.dat.14,2.84,1,1.5,0.447463833,Kellwasser,0.75,0.75,17.06,75.25343972,251030.pO2PO4_55c.dat.20,8.53,0.6,0.1,4.4,5.69,-0.25,-142.4919756
1.1,1.1,0.355966851,Background,5,1,24.06,102.5284655,Devon370Ma_1Remin_5pCO2.pO2PO4_55b.dat.31,3.67,0.9,1.4,0.636716441,Kellwasser,0.75,1,17.06,187.3711735,251025.pO2PO4_55b.dat.14,17.43,0.3,-0.2,7,13.76,0,84.842708
0.9,0.9,0.351258549,Background,2.5,1,21.46,217.7454153,251103.pO2PO4_55a.dat.14,2.84,0.8,1.2,0.534846015,Kellwasser,0.75,1,17.06,130.6640625,251025.pO2PO4_55b.dat.02,15.69,0.3,-0.1,4.4,12.85,0,-87.08135278
1.2,1.1,0.370451494,Background,5,0.75,24.06,100.7840037,Devon370Ma_075Remin_5pCO2.pO2PO4_55b.dat.41,2.29,1.1,1.6,0.455580778,Kellwasser,0.75,0.75,17.06,94.77377171,251030.pO2PO4_55c.dat.31,7.98,0.5,-0.1,7,5.69,0,-6.010232028
1.2,1.1,0.355242122,Background,5,1,24.06,109.5454572,Devon370Ma_1Remin_5pCO2.pO2PO4_55b.dat.41,2.57,1,1.5,0.447463833,Kellwasser,0.75,0.75,17.06,75.25343972,251030.pO2PO4_55c.dat.20,8.53,0.4,-0.2,7,5.96,-0.25,-34.29201752
1.2,1.3,0.431697772,Background,2.5,1,21.46,170.1500732,251103.pO2PO4_55b.dat.43,3.58,1,1.6,0.575716022,Kellwasser,0.75,1,17.06,97.3596907,251025.pO2PO4_55c.dat.21,18.07,0.3,-0.2,4.4,14.49,0,-72.79038255
0.9,1,0.356375169,Background,2.5,1,21.46,83.33381993,251103.pO2PO4_55b.dat.10,3.94,0.8,1.2,0.534846015,Kellwasser,0.75,1,17.06,130.6640625,251025.pO2PO4_55b.dat.02,15.69,0.2,-0.1,4.4,11.75,0,47.33024257
1.2,1.1,0.468167688,Background,2.5,0.75,21.46,111.5448613,Devon370Ma_075Remin_2.5pCO2.pO2PO4_55b.dat.41,1.65,1.1,1.4,0.694506238,Kellwasser,1,0.75,18.18,190.6808611,Devon370Ma_075Remin_1pCO2.pO2PO4_55b.dat.34,6.79,0.3,-0.1,3.28,5.14,0,79.13599984
0.9,0.9,0.351258549,Background,2.5,1,21.46,217.7454153,251103.pO2PO4_55a.dat.14,2.84,0.9,1.4,0.636716441,Kellwasser,0.75,1,17.06,187.3711735,251025.pO2PO4_55b.dat.14,17.43,0.5,0,4.4,14.59,0,-30.37424178
0.9,0.9,0.351258549,Background,2.5,1,21.46,217.7454153,251103.pO2PO4_55a.dat.14,2.84,0.9,1.4,0.394946273,Kellwasser,0.75,0.75,17.06,173.7303537,251030.pO2PO4_55b.dat.14,11.47,0.5,0,4.4,8.63,-0.25,-44.01506158
1.2,1.1,0.355242122,Background,5,1,24.06,109.5454572,Devon370Ma_1Remin_5pCO2.pO2PO4_55b.dat.41,2.57,1.2,1.8,0.375039434,Kellwasser,1,0.75,18.18,133.0883533,Devon370Ma_075Remin_1pCO2.pO2PO4_55c.dat.43,12.75,0.7,0,5.88,10.18,-0.25,23.54289609
0.9,1,0.356375169,Background,2.5,1,21.46,83.33381993,251103.pO2PO4_55b.dat.10,3.94,0.9,1.4,0.636716441,Kellwasser,0.75,1,17.06,187.3711735,251025.pO2PO4_55b.dat.14,17.43,0.4,0,4.4,13.49,0,104.0373536
1.1,1,0.427801779,Background,2.5,0.75,21.46,85.84064926,Devon370Ma_075Remin_2.5pCO2.pO2PO4_55b.dat.30,1.38,1.1,1.4,0.694506238,Kellwasser,1,0.75,18.18,190.6808611,Devon370Ma_075Remin_1pCO2.pO2PO4_55b.dat.34,6.79,0.4,0,3.28,5.41,0,104.8402119
1.1,1.1,0.355966851,Background,5,1,24.06,102.5284655,Devon370Ma_1Remin_5pCO2.pO2PO4_55b.dat.31,3.67,1,1.6,0.575716022,Kellwasser,0.75,1,17.06,97.3596907,251025.pO2PO4_55c.dat.21,18.07,0.5,-0.1,7,14.4,0,-5.168774804
1.1,1,0.390493104,Background,5,0.75,24.06,77.53463433,Devon370Ma_075Remin_5pCO2.pO2PO4_55b.dat.30,2.29,1.2,1.7,0.44513511,Kellwasser,0.75,0.75,17.06,117.0295218,251030.pO2PO4_55c.dat.42,7.34,0.7,0.1,7,5.05,0,39.49488746
1.2,1.1,0.355242122,Background,5,1,24.06,109.5454572,Devon370Ma_1Remin_5pCO2.pO2PO4_55b.dat.41,2.57,1.1,1.6,0.455580778,Kellwasser,0.75,0.75,17.06,94.77377171,251030.pO2PO4_55c.dat.31,7.98,0.5,-0.1,7,5.41,-0.25,-14.77168553
0.9,1,0.356375169,Background,2.5,1,21.46,83.33381993,251103.pO2PO4_55b.dat.10,3.94,0.9,1.4,0.394946273,Kellwasser,0.75,0.75,17.06,173.7303537,251030.pO2PO4_55b.dat.14,11.47,0.4,0,4.4,7.53,-0.25,90.39653378
1.2,1.2,0.365956576,Background,5,1,24.06,122.8022011,Devon370Ma_1Remin_5pCO2.pO2PO4_55b.dat.42,3.58,1.2,1.8,0.375039434,Kellwasser,1,0.75,18.18,133.0883533,Devon370Ma_075Remin_1pCO2.pO2PO4_55c.dat.43,12.75,0.6,0,5.88,9.17,-0.25,10.28615225
1.2,0.9,0.364158016,Background,2.5,0.5,21.46,239.3142786,251104.pO2PO4_55a.dat.44,1.1,1.2,1.7,0.44513511,Kellwasser,0.75,0.75,17.06,117.0295218,251030.pO2PO4_55c.dat.42,7.34,0.8,0,4.4,6.24,0.25,-122.2847568
0.9,0.9,0.351258549,Background,2.5,1,21.46,217.7454153,251103.pO2PO4_55a.dat.14,2.84,0.8,1.1,0.512140493,Kellwasser,1,0.5,18.18,94.47151388,Devon370Ma_050Remin_1pCO2.pO2PO4_55b.dat.01,8.26,0.2,-0.1,3.28,5.42,-0.5,-123.2739014
1.2,1.2,0.365956576,Background,5,1,24.06,122.8022011,Devon370Ma_1Remin_5pCO2.pO2PO4_55b.dat.42,3.58,1,1.6,0.575716022,Kellwasser,0.75,1,17.06,97.3596907,251025.pO2PO4_55c.dat.21,18.07,0.4,-0.2,7,14.49,0,-25.44251038
0.9,1,0.356375169,Background,2.5,1,21.46,83.33381993,251103.pO2PO4_55b.dat.10,3.94,1,1.6,0.575716022,Kellwasser,0.75,1,17.06,97.3596907,251025.pO2PO4_55c.dat.21,18.07,0.6,0.1,4.4,14.13,0,14.02587077
1.2,0.9,0.352479784,Background,5,0.5,24.06,223.9596215,Devon370Ma_050Remin_5pCO2.pO2PO4_55a.dat.44,1.19,1.2,1.7,0.44513511,Kellwasser,0.75,0.75,17.06,117.0295218,251030.pO2PO4_55c.dat.42,7.34,0.8,0,7,6.15,0.25,-106.9300997
1.2,1.1,0.468167688,Background,2.5,0.75,21.46,111.5448613,Devon370Ma_075Remin_2.5pCO2.pO2PO4_55b.dat.41,1.65,1.2,1.6,0.590950113,Kellwasser,0.75,0.75,17.06,98.41647989,251030.pO2PO4_55c.dat.41,6.7,0.5,0,4.4,5.05,0,-13.1283814
1.2,1.1,0.468167688,Background,2.5,0.75,21.46,111.5448613,Devon370Ma_075Remin_2.5pCO2.pO2PO4_55b.dat.41,1.65,1.1,1.5,0.590360128,Kellwasser,0.75,0.75,17.06,77.98270963,251030.pO2PO4_55c.dat.30,7.06,0.4,-0.1,4.4,5.41,0,-33.56215166
1.2,1.1,0.370451494,Background,5,0.75,24.06,100.7840037,Devon370Ma_075Remin_5pCO2.pO2PO4_55b.dat.41,2.29,1.2,1.7,0.44513511,Kellwasser,0.75,0.75,17.06,117.0295218,251030.pO2PO4_55c.dat.42,7.34,0.6,0,7,5.05,0,16.24551805
1.1,1,0.427801779,Background,2.5,0.75,21.46,85.84064926,Devon370Ma_075Remin_2.5pCO2.pO2PO4_55b.dat.30,1.38,1.2,1.6,0.590950113,Kellwasser,0.75,0.75,17.06,98.41647989,251030.pO2PO4_55c.dat.41,6.7,0.6,0.1,4.4,5.32,0,12.57583062
1.1,1,0.427801779,Background,2.5,0.75,21.46,85.84064926,Devon370Ma_075Remin_2.5pCO2.pO2PO4_55b.dat.30,1.38,1.1,1.5,0.590360128,Kellwasser,0.75,0.75,17.06,77.98270963,251030.pO2PO4_55c.dat.30,7.06,0.5,0,4.4,5.68,0,-7.857939636
1.2,0.9,0.364158016,Background,2.5,0.5,21.46,239.3142786,251104.pO2PO4_55a.dat.44,1.1,1.1,1.4,0.694506238,Kellwasser,1,0.75,18.18,190.6808611,Devon370Ma_075Remin_1pCO2.pO2PO4_55b.dat.34,6.79,0.5,-0.1,3.28,5.69,0.25,-48.63341748
1.1,1,0.427801779,Background,2.5,0.75,21.46,85.84064926,Devon370Ma_075Remin_2.5pCO2.pO2PO4_55b.dat.30,1.38,1,1.3,0.740030777,Kellwasser,0.75,0.75,17.06,157.7604708,251030.pO2PO4_55b.dat.23,6.51,0.3,-0.1,4.4,5.13,0,71.91982149
1.2,0.9,0.352479784,Background,5,0.5,24.06,223.9596215,Devon370Ma_050Remin_5pCO2.pO2PO4_55a.dat.44,1.19,1.1,1.4,0.694506238,Kellwasser,1,0.75,18.18,190.6808611,Devon370Ma_075Remin_1pCO2.pO2PO4_55b.dat.34,6.79,0.5,-0.1,5.88,5.6,0.25,-33.27876038
1.1,1.1,0.416669591,Background,2.5,1,21.46,113.6966021,251103.pO2PO4_55b.dat.31,3.85,1.1,1.8,0.429420913,Kellwasser,0.75,1,17.06,141.0442492,251025.pO2PO4_55c.dat.33,18.35,0.7,0,4.4,14.5,0,27.34764714
1.1,1.2,0.416669591,Background,2.5,1,21.46,136.0907772,251103.pO2PO4_55b.dat.32,3.85,1.1,1.8,0.429420913,Kellwasser,0.75,1,17.06,141.0442492,251025.pO2PO4_55c.dat.33,18.35,0.6,0,4.4,14.5,0,4.953471968
1,1.1,0.393150484,Background,2.5,1,21.46,107.1565566,251103.pO2PO4_55b.dat.21,3.94,1.1,1.8,0.429420913,Kellwasser,0.75,1,17.06,141.0442492,251025.pO2PO4_55c.dat.33,18.35,0.7,0.1,4.4,14.41,0,33.88769258
0.9,0.8,0.414501043,Background,5,0.75,24.06,166.1389542,Devon370Ma_075Remin_5pCO2.pO2PO4_55a.dat.13,1.83,0.8,1,0.525368358,Kellwasser,1,0.75,18.18,81.30603237,Devon370Ma_075Remin_1pCO2.pO2PO4_55b.dat.00,7.06,0.2,-0.1,5.88,5.23,0,-84.83292186
0.9,0.8,0.414501043,Background,5,0.75,24.06,166.1389542,Devon370Ma_075Remin_5pCO2.pO2PO4_55a.dat.13,1.83,0.8,1,0.525368358,Kellwasser,1,0.75,18.18,81.30603237,Devon370Ma_075Remin_1pCO2.pO2PO4_55b.dat.00,7.06,0.2,-0.1,5.88,5.23,0,-84.83292186
1.2,1.3,0.431697772,Background,2.5,1,21.46,170.1500732,251103.pO2PO4_55b.dat.43,3.58,1.1,1.8,0.429420913,Kellwasser,0.75,1,17.06,141.0442492,251025.pO2PO4_55c.dat.33,18.35,0.5,-0.1,4.4,14.77,0,-29.10582405
1.2,0.9,0.364158016,Background,2.5,0.5,21.46,239.3142786,251104.pO2PO4_55a.dat.44,1.1,1.2,1.6,0.590950113,Kellwasser,0.75,0.75,17.06,98.41647989,251030.pO2PO4_55c.dat.41,6.7,0.7,0,4.4,5.6,0.25,-140.8977987
0.8,0.7,0.3879819,Background,5,0.75,24.06,130.5182668,Devon370Ma_075Remin_5pCO2.pO2PO4_55a.dat.02,1.83,0.8,1,0.525368358,Kellwasser,1,0.75,18.18,81.30603237,Devon370Ma_075Remin_1pCO2.pO2PO4_55b.dat.00,7.06,0.3,0,5.88,5.23,0,-49.21223444
0.8,0.7,0.3879819,Background,5,0.75,24.06,130.5182668,Devon370Ma_075Remin_5pCO2.pO2PO4_55a.dat.02,1.83,0.8,1,0.525368358,Kellwasser,1,0.75,18.18,81.30603237,Devon370Ma_075Remin_1pCO2.pO2PO4_55b.dat.00,7.06,0.3,0,5.88,5.23,0,-49.21223444
1.2,0.9,0.364158016,Background,2.5,0.5,21.46,239.3142786,251104.pO2PO4_55a.dat.44,1.1,1.1,1.5,0.590360128,Kellwasser,0.75,0.75,17.06,77.98270963,251030.pO2PO4_55c.dat.30,7.06,0.6,-0.1,4.4,5.96,0.25,-161.331569
1.1,1,0.427801779,Background,2.5,0.75,21.46,85.84064926,Devon370Ma_075Remin_2.5pCO2.pO2PO4_55b.dat.30,1.38,1.2,1.5,0.627748193,Kellwasser,1,0.75,18.18,78.00653839,Devon370Ma_075Remin_1pCO2.pO2PO4_55c.dat.40,6.61,0.5,0.1,3.28,5.23,0,-7.834110875
1.2,0.9,0.364158016,Background,2.5,0.5,21.46,239.3142786,251104.pO2PO4_55a.dat.44,1.1,1,1.3,0.740030777,Kellwasser,0.75,0.75,17.06,157.7604708,251030.pO2PO4_55b.dat.23,6.51,0.4,-0.2,4.4,5.41,0.25,-81.55380784
1.2,0.9,0.352479784,Background,5,0.5,24.06,223.9596215,Devon370Ma_050Remin_5pCO2.pO2PO4_55a.dat.44,1.19,1.2,1.6,0.590950113,Kellwasser,0.75,0.75,17.06,98.41647989,251030.pO2PO4_55c.dat.41,6.7,0.7,0,7,5.51,0.25,-125.5431416
1.2,0.9,0.352479784,Background,5,0.5,24.06,223.9596215,Devon370Ma_050Remin_5pCO2.pO2PO4_55a.dat.44,1.19,1.1,1.5,0.590360128,Kellwasser,0.75,0.75,17.06,77.98270963,251030.pO2PO4_55c.dat.30,7.06,0.6,-0.1,7,5.87,0.25,-145.9769119
1.1,1.1,0.355966851,Background,5,1,24.06,102.5284655,Devon370Ma_1Remin_5pCO2.pO2PO4_55b.dat.31,3.67,1.1,1.8,0.429420913,Kellwasser,0.75,1,17.06,141.0442492,251025.pO2PO4_55c.dat.33,18.35,0.7,0,7,14.68,0,38.5157837
1.2,0.9,0.352479784,Background,5,0.5,24.06,223.9596215,Devon370Ma_050Remin_5pCO2.pO2PO4_55a.dat.44,1.19,1,1.3,0.740030777,Kellwasser,0.75,0.75,17.06,157.7604708,251030.pO2PO4_55b.dat.23,6.51,0.4,-0.2,7,5.32,0.25,-66.19915075
1.2,1.2,0.365956576,Background,5,1,24.06,122.8022011,Devon370Ma_1Remin_5pCO2.pO2PO4_55b.dat.42,3.58,1.1,1.8,0.429420913,Kellwasser,0.75,1,17.06,141.0442492,251025.pO2PO4_55c.dat.33,18.35,0.6,-0.1,7,14.77,0,18.24204812
1.2,0.9,0.364158016,Background,2.5,0.5,21.46,239.3142786,251104.pO2PO4_55a.dat.44,1.1,1.2,1.5,0.627748193,Kellwasser,1,0.75,18.18,78.00653839,Devon370Ma_075Remin_1pCO2.pO2PO4_55c.dat.40,6.61,0.6,0,3.28,5.51,0.25,-161.3077402
1.2,0.9,0.352479784,Background,5,0.5,24.06,223.9596215,Devon370Ma_050Remin_5pCO2.pO2PO4_55a.dat.44,1.19,1.2,1.5,0.627748193,Kellwasser,1,0.75,18.18,78.00653839,Devon370Ma_075Remin_1pCO2.pO2PO4_55c.dat.40,6.61,0.6,0,5.88,5.42,0.25,-145.9530831
0.8,0.7,0.3879819,Background,5,0.75,24.06,130.5182668,Devon370Ma_075Remin_5pCO2.pO2PO4_55a.dat.02,1.83,0.7,1,0.67965977,Kellwasser,0.75,0.75,17.06,18.81755452,251030.pO2PO4_55e.dat.40,9.36,0.3,-0.1,7,7.53,0,-111.7007123
0.8,0.7,0.3879819,Background,5,0.75,24.06,130.5182668,Devon370Ma_075Remin_5pCO2.pO2PO4_55a.dat.02,1.83,0.7,1,0.67965977,Kellwasser,0.75,0.75,17.06,18.81755452,251030.pO2PO4_55e.dat.40,9.36,0.3,-0.1,7,7.53,0,-111.7007123
0.8,0.7,0.3879819,Background,5,0.75,24.06,130.5182668,Devon370Ma_075Remin_5pCO2.pO2PO4_55a.dat.02,1.83,0.7,0.9,0.595034345,Kellwasser,0.75,0.75,17.06,129.9684955,251030.pO2PO4_55d.dat.44,6.88,0.2,-0.1,7,5.05,0,-0.549771357
0.8,0.7,0.3879819,Background,5,0.75,24.06,130.5182668,Devon370Ma_075Remin_5pCO2.pO2PO4_55a.dat.02,1.83,0.7,0.9,0.595034345,Kellwasser,0.75,0.75,17.06,129.9684955,251030.pO2PO4_55d.dat.44,6.88,0.2,-0.1,7,5.05,0,-0.549771357
0.8,0.7,0.3879819,Background,5,0.75,24.06,130.5182668,Devon370Ma_075Remin_5pCO2.pO2PO4_55a.dat.02,1.83,0.7,0.9,0.513321644,Kellwasser,1,0.75,18.18,127.5337709,Devon370Ma_075Remin_1pCO2.pO2PO4_55d.dat.44,9.27,0.2,-0.1,5.88,7.44,0,-2.98449595
0.8,0.7,0.3879819,Background,5,0.75,24.06,130.5182668,Devon370Ma_075Remin_5pCO2.pO2PO4_55a.dat.02,1.83,0.7,0.9,0.513321644,Kellwasser,1,0.75,18.18,127.5337709,Devon370Ma_075Remin_1pCO2.pO2PO4_55d.dat.44,9.27,0.2,-0.1,5.88,7.44,0,-2.98449595
0.8,0.7,0.3879819,Background,5,0.75,24.06,130.5182668,Devon370Ma_075Remin_5pCO2.pO2PO4_55a.dat.02,1.83,0.7,1.1,0.474595226,Kellwasser,0.75,0.75,17.06,31.89502604,251030.pO2PO4_55e.dat.41,14.22,0.4,-0.1,7,12.39,0,-98.62324077
0.8,0.7,0.3879819,Background,5,0.75,24.06,130.5182668,Devon370Ma_075Remin_5pCO2.pO2PO4_55a.dat.02,1.83,0.7,1.1,0.474595226,Kellwasser,0.75,0.75,17.06,31.89502604,251030.pO2PO4_55e.dat.41,14.22,0.4,-0.1,7,12.39,0,-98.62324077
0.8,0.7,0.3879819,Background,5,0.75,24.06,130.5182668,Devon370Ma_075Remin_5pCO2.pO2PO4_55a.dat.02,1.83,0.7,1,0.412032842,Kellwasser,1,0.5,18.18,16.13882705,Devon370Ma_050Remin_1pCO2.pO2PO4_55e.dat.40,13.58,0.3,-0.1,5.88,11.75,-0.25,-114.3794398
0.8,0.7,0.3879819,Background,5,0.75,24.06,130.5182668,Devon370Ma_075Remin_5pCO2.pO2PO4_55a.dat.02,1.83,0.7,1,0.412032842,Kellwasser,1,0.5,18.18,16.13882705,Devon370Ma_050Remin_1pCO2.pO2PO4_55e.dat.40,13.58,0.3,-0.1,5.88,11.75,-0.25,-114.3794398
1.2,0.9,0.364158016,Background,2.5,0.5,21.46,239.3142786,251104.pO2PO4_55a.dat.44,1.1,1.1,1.4,0.732292732,Kellwasser,0.75,0.75,17.06,194.9075377,251030.pO2PO4_55b.dat.34,6.15,0.5,-0.1,4.4,5.05,0.25,-44.40674094
1.1,1,0.427801779,Background,2.5,0.75,21.46,85.84064926,Devon370Ma_075Remin_2.5pCO2.pO2PO4_55b.dat.30,1.38,0.9,1.1,0.477965643,Kellwasser,1,0.75,18.18,103.7711627,Devon370Ma_075Remin_1pCO2.pO2PO4_55b.dat.11,6.61,0.1,-0.2,3.28,5.23,0,17.93051342
