,index,pO2_bg,PO4_bg,mscore_bg,State_bg,pCO2_bg,efolding (m)_bg,globe_avg_temp (C)_bg,dissolved_O2_sur (molkg-1x1E6)_bg,file_bg,benthic_anoxia_bg,pO2_ev,PO4_ev,mscore_ev,State_ev,pCO2_ev,efolding (m)_ev,globe_avg_temp (C)_ev,dissolved_O2_sur (molkg-1x1E6)_ev,file_ev,benthic_anoxia_ev,PO4_change,pO2_change,temp_change,benthic_anoxia_change,efolding_change,O2_change,rmse
315,314,1.0,1.0,0.371971628,Background,2.5,1.0,21.46,87.83979865,251103.pO2xPO4_5x5b.dat.20,2.75,1.2,1.8,0.375039434,Kellwasser,1.0,0.75,18.18,133.0883533,Devon370Ma_075xRemin_1xpCO2.pO2xPO4_5x5c.dat.43,12.75,0.8,0.2,-3.28,10.0,-0.25,45.24855465,11.462288261112043
313,312,1.0,1.0,0.371971628,Background,2.5,1.0,21.46,87.83979865,251103.pO2xPO4_5x5b.dat.20,2.75,1.2,1.7,0.472367969,Kellwasser,1.0,0.75,18.18,113.443406,Devon370Ma_075xRemin_1xpCO2.pO2xPO4_5x5c.dat.42,9.91,0.7,0.2,-3.28,7.16,-0.25,25.60360735,11.674082149026038
323,322,1.0,1.0,0.371971628,Background,2.5,1.0,21.46,87.83979865,251103.pO2xPO4_5x5b.dat.20,2.75,1.2,1.9,0.49245255,Kellwasser,0.75,1.0,17.06,170.2301379,Devon370Ma_1xRemin_0.75xpCO2.pO2xPO4_5x5c.dat.44,10.64,0.9,0.2,-4.4,7.89,0.0,82.39033925,11.903516221239265
322,321,1.0,1.0,0.371971628,Background,2.5,1.0,21.46,87.83979865,251103.pO2xPO4_5x5b.dat.20,2.75,1.2,1.8,0.49245255,Kellwasser,0.75,1.0,17.06,146.8665869,Devon370Ma_1xRemin_0.75xpCO2.pO2xPO4_5x5c.dat.43,10.64,0.8,0.2,-4.4,7.89,0.0,59.02678825,11.903516221239265
369,368,1.0,1.1,0.393150484,Background,2.5,1.0,21.46,107.1565566,251103.pO2xPO4_5x5b.dat.21,3.94,1.2,1.8,0.375039434,Kellwasser,1.0,0.75,18.18,133.0883533,Devon370Ma_075xRemin_1xpCO2.pO2xPO4_5x5c.dat.43,12.75,0.7,0.2,-3.28,8.81,-0.25,25.9317967,11.912411291842169
367,366,1.0,1.1,0.393150484,Background,2.5,1.0,21.46,107.1565566,251103.pO2xPO4_5x5b.dat.21,3.94,1.2,1.7,0.472367969,Kellwasser,1.0,0.75,18.18,113.443406,Devon370Ma_075xRemin_1xpCO2.pO2xPO4_5x5c.dat.42,9.91,0.6,0.2,-3.28,5.97,-0.25,6.2868494,12.052019882084032
448,447,1.1,1.1,0.355966851,Background,5.0,1.0,24.06,102.5284655,Devon370Ma_1xRemin_5xpCO2.pO2xPO4_5x5b.dat.31,3.67,1.2,1.7,0.472367969,Kellwasser,1.0,0.75,18.18,113.443406,Devon370Ma_075xRemin_1xpCO2.pO2xPO4_5x5c.dat.42,9.91,0.6,0.1,-5.88,6.24,-0.25,10.9149405,12.306408573928852
450,449,1.1,1.1,0.355966851,Background,5.0,1.0,24.06,102.5284655,Devon370Ma_1xRemin_5xpCO2.pO2xPO4_5x5b.dat.31,3.67,1.2,1.8,0.375039434,Kellwasser,1.0,0.75,18.18,133.0883533,Devon370Ma_075xRemin_1xpCO2.pO2xPO4_5x5c.dat.43,12.75,0.7,0.1,-5.88,9.08,-0.25,30.5598878,12.384538455771494
440,439,1.2,1.1,0.355242122,Background,5.0,1.0,24.06,109.5454572,Devon370Ma_1xRemin_5xpCO2.pO2xPO4_5x5b.dat.41,2.57,1.2,1.9,0.49245255,Kellwasser,0.75,1.0,17.06,170.2301379,Devon370Ma_1xRemin_0.75xpCO2.pO2xPO4_5x5c.dat.44,10.64,0.8,0.0,-7.0,8.07,0.0,60.6846807,12.43468016557862
439,438,1.2,1.1,0.355242122,Background,5.0,1.0,24.06,109.5454572,Devon370Ma_1xRemin_5xpCO2.pO2xPO4_5x5b.dat.41,2.57,1.2,1.8,0.49245255,Kellwasser,0.75,1.0,17.06,146.8665869,Devon370Ma_1xRemin_0.75xpCO2.pO2xPO4_5x5c.dat.43,10.64,0.7,0.0,-7.0,8.07,0.0,37.3211297,12.43468016557862
284,283,0.9,0.9,0.351258549,Background,2.5,1.0,21.46,217.7454153,251103.pO2xPO4_5x5a.dat.14,2.84,1.0,1.5,0.447463833,Kellwasser,0.75,0.75,17.06,75.25343972,Devon370Ma_075xRemin_0.75xpCO2.pO2xPO4_5x5c.dat.20,8.53,0.6,0.1,-4.4,5.69,-0.25,-142.4919756,12.644679454461869
458,457,1.1,1.1,0.355966851,Background,5.0,1.0,24.06,102.5284655,Devon370Ma_1xRemin_5xpCO2.pO2xPO4_5x5b.dat.31,3.67,1.1,1.8,0.429420913,Kellwasser,0.75,1.0,17.06,141.0442492,Devon370Ma_1xRemin_0.75xpCO2.pO2xPO4_5x5c.dat.33,18.35,0.7,0.0,-7.0,14.68,0.0,38.5157837,12.766406329638027
470,469,1.2,1.2,0.365956576,Background,5.0,1.0,24.06,122.8022011,Devon370Ma_1xRemin_5xpCO2.pO2xPO4_5x5b.dat.42,3.58,1.2,1.8,0.49245255,Kellwasser,0.75,1.0,17.06,146.8665869,Devon370Ma_1xRemin_0.75xpCO2.pO2xPO4_5x5c.dat.43,10.64,0.6,0.0,-7.0,7.06,0.0,24.0643858,12.810264889665351
379,378,1.0,1.1,0.393150484,Background,2.5,1.0,21.46,107.1565566,251103.pO2xPO4_5x5b.dat.21,3.94,1.2,1.9,0.49245255,Kellwasser,0.75,1.0,17.06,170.2301379,Devon370Ma_1xRemin_0.75xpCO2.pO2xPO4_5x5c.dat.44,10.64,0.8,0.2,-4.4,6.7,0.0,63.0735813,12.829309671126563
377,376,1.0,1.1,0.393150484,Background,2.5,1.0,21.46,107.1565566,251103.pO2xPO4_5x5b.dat.21,3.94,1.2,1.8,0.49245255,Kellwasser,0.75,1.0,17.06,146.8665869,Devon370Ma_1xRemin_0.75xpCO2.pO2xPO4_5x5c.dat.43,10.64,0.7,0.2,-4.4,6.7,0.0,39.7100303,12.829309671126563
303,302,1.0,1.0,0.371971628,Background,2.5,1.0,21.46,87.83979865,251103.pO2xPO4_5x5b.dat.20,2.75,1.1,1.6,0.455580778,Kellwasser,0.75,0.75,17.06,94.77377171,Devon370Ma_075xRemin_0.75xpCO2.pO2xPO4_5x5c.dat.31,7.98,0.6,0.1,-4.4,5.23,-0.25,6.93397306,12.837148449363735
31,30,1.2,0.9,0.352479784,Background,5.0,0.5,24.06,223.9596215,Devon370Ma_050xRemin_5xpCO2.pO2xPO4_5x5a.dat.44,1.19,1.2,1.7,0.44513511,Kellwasser,0.75,0.75,17.06,117.0295218,Devon370Ma_075xRemin_0.75xpCO2.pO2xPO4_5x5c.dat.42,7.34,0.8,0.0,-7.0,6.15,0.25,-106.9300997,12.936480797707508
456,455,1.1,1.1,0.355966851,Background,5.0,1.0,24.06,102.5284655,Devon370Ma_1xRemin_5xpCO2.pO2xPO4_5x5b.dat.31,3.67,1.1,1.7,0.554011959,Kellwasser,0.75,1.0,17.06,120.2411222,Devon370Ma_1xRemin_0.75xpCO2.pO2xPO4_5x5c.dat.32,13.67,0.6,0.0,-7.0,10.0,0.0,17.7126567,12.938414238194534
242,241,1.1,1.0,0.390493104,Background,5.0,0.75,24.06,77.53463433,Devon370Ma_075xRemin_5xpCO2.pO2xPO4_5x5b.dat.30,2.29,1.1,1.6,0.455580778,Kellwasser,0.75,0.75,17.06,94.77377171,Devon370Ma_075xRemin_0.75xpCO2.pO2xPO4_5x5c.dat.31,7.98,0.6,0.0,-7.0,5.69,0.0,17.23913738,13.003942248804272
265,264,1.2,1.1,0.370451494,Background,5.0,0.75,24.06,100.7840037,Devon370Ma_075xRemin_5xpCO2.pO2xPO4_5x5b.dat.41,2.29,1.2,1.7,0.44513511,Kellwasser,0.75,0.75,17.06,117.0295218,Devon370Ma_075xRemin_0.75xpCO2.pO2xPO4_5x5c.dat.42,7.34,0.6,0.0,-7.0,5.05,0.0,16.2455181,13.170520714606683
253,252,1.1,1.0,0.390493104,Background,5.0,0.75,24.06,77.53463433,Devon370Ma_075xRemin_5xpCO2.pO2xPO4_5x5b.dat.30,2.29,1.2,1.7,0.472367969,Kellwasser,1.0,0.75,18.18,113.443406,Devon370Ma_075xRemin_1xpCO2.pO2xPO4_5x5c.dat.42,9.91,0.7,0.1,-5.88,7.62,0.0,35.90877167,13.192381120628006
251,250,1.1,1.0,0.390493104,Background,5.0,0.75,24.06,77.53463433,Devon370Ma_075xRemin_5xpCO2.pO2xPO4_5x5b.dat.30,2.29,1.2,1.6,0.634581795,Kellwasser,1.0,0.75,18.18,95.13406258,Devon370Ma_075xRemin_1xpCO2.pO2xPO4_5x5c.dat.41,7.34,0.6,0.1,-5.88,5.05,0.0,17.59942825,13.22002976632753
57,56,1.1,1.0,0.427801779,Background,2.5,0.75,21.46,85.84064926,Devon370Ma_075xRemin_2.5xpCO2.pO2xPO4_5x5b.dat.30,1.38,1.2,1.7,0.44513511,Kellwasser,0.75,0.75,17.06,117.0295218,Devon370Ma_075xRemin_0.75xpCO2.pO2xPO4_5x5c.dat.42,7.34,0.7,0.1,-4.4,5.96,0.0,31.18887254,13.229996809595802
255,254,1.1,1.0,0.390493104,Background,5.0,0.75,24.06,77.53463433,Devon370Ma_075xRemin_5xpCO2.pO2xPO4_5x5b.dat.30,2.29,1.2,1.8,0.375039434,Kellwasser,1.0,0.75,18.18,133.0883533,Devon370Ma_075xRemin_1xpCO2.pO2xPO4_5x5c.dat.43,12.75,0.8,0.1,-5.88,10.46,0.0,55.55371897,13.283762599716063
224,223,1.0,0.9,0.427189722,Background,5.0,0.75,24.06,203.5507932,Devon370Ma_075xRemin_5xpCO2.pO2xPO4_5x5a.dat.24,2.11,1.1,1.5,0.646946866,Kellwasser,1.0,0.75,18.18,74.9922765,Devon370Ma_075xRemin_1xpCO2.pO2xPO4_5x5c.dat.30,7.98,0.6,0.1,-5.88,5.87,0.0,-128.5585167,13.35470327637601
155,154,1.0,0.9,0.427189722,Background,5.0,0.75,24.06,203.5507932,Devon370Ma_075xRemin_5xpCO2.pO2xPO4_5x5a.dat.24,2.11,1.1,1.5,0.646946866,Kellwasser,1.0,0.75,18.18,74.9922765,Devon370Ma_075xRemin_1xpCO2.pO2xPO4_5x5c.dat.30,7.98,0.6,0.1,-5.88,5.87,0.0,-128.5585167,13.35470327637601
457,456,1.1,1.1,0.355966851,Background,5.0,1.0,24.06,102.5284655,Devon370Ma_1xRemin_5xpCO2.pO2xPO4_5x5b.dat.31,3.67,1.2,1.8,0.49245255,Kellwasser,0.75,1.0,17.06,146.8665869,Devon370Ma_1xRemin_0.75xpCO2.pO2xPO4_5x5c.dat.43,10.64,0.7,0.1,-7.0,6.97,0.0,44.3381214,13.372021423676827
459,458,1.1,1.1,0.355966851,Background,5.0,1.0,24.06,102.5284655,Devon370Ma_1xRemin_5xpCO2.pO2xPO4_5x5b.dat.31,3.67,1.2,1.9,0.49245255,Kellwasser,0.75,1.0,17.06,170.2301379,Devon370Ma_1xRemin_0.75xpCO2.pO2xPO4_5x5c.dat.44,10.64,0.8,0.1,-7.0,6.97,0.0,67.7016724,13.372021423676827
29,28,1.2,0.9,0.352479784,Background,5.0,0.5,24.06,223.9596215,Devon370Ma_050xRemin_5xpCO2.pO2xPO4_5x5a.dat.44,1.19,1.2,1.6,0.590950113,Kellwasser,0.75,0.75,17.06,98.41647989,Devon370Ma_075xRemin_0.75xpCO2.pO2xPO4_5x5c.dat.41,6.7,0.7,0.0,-7.0,5.51,0.25,-125.5431416,13.388245601353887
378,377,1.0,1.1,0.393150484,Background,2.5,1.0,21.46,107.1565566,251103.pO2xPO4_5x5b.dat.21,3.94,1.1,1.8,0.429420913,Kellwasser,0.75,1.0,17.06,141.0442492,Devon370Ma_1xRemin_0.75xpCO2.pO2xPO4_5x5c.dat.33,18.35,0.7,0.1,-4.4,14.41,0.0,33.8876926,13.392073455660604
145,144,1.0,0.9,0.427189722,Background,5.0,0.75,24.06,203.5507932,Devon370Ma_075xRemin_5xpCO2.pO2xPO4_5x5a.dat.24,2.11,1.0,1.5,0.447463833,Kellwasser,0.75,0.75,17.06,75.25343972,Devon370Ma_075xRemin_0.75xpCO2.pO2xPO4_5x5c.dat.20,8.53,0.6,0.0,-7.0,6.42,0.0,-128.2973535,13.431096998485678
214,213,1.0,0.9,0.427189722,Background,5.0,0.75,24.06,203.5507932,Devon370Ma_075xRemin_5xpCO2.pO2xPO4_5x5a.dat.24,2.11,1.0,1.5,0.447463833,Kellwasser,0.75,0.75,17.06,75.25343972,Devon370Ma_075xRemin_0.75xpCO2.pO2xPO4_5x5c.dat.20,8.53,0.6,0.0,-7.0,6.42,0.0,-128.2973535,13.431096998485678
337,336,0.9,1.0,0.356375169,Background,2.5,1.0,21.46,83.33381993,251103.pO2xPO4_5x5b.dat.10,3.94,1.0,1.6,0.575716022,Kellwasser,0.75,1.0,17.06,97.3596907,Devon370Ma_1xRemin_0.75xpCO2.pO2xPO4_5x5c.dat.21,18.07,0.6,0.1,-4.4,14.13,0.0,14.02587077,13.44291572983049
143,142,1.0,0.9,0.427189722,Background,5.0,0.75,24.06,203.5507932,Devon370Ma_075xRemin_5xpCO2.pO2xPO4_5x5a.dat.24,2.11,1.0,1.4,0.615350876,Kellwasser,0.75,0.75,17.06,183.8741737,Devon370Ma_075xRemin_0.75xpCO2.pO2xPO4_5x5b.dat.24,7.8,0.5,0.0,-7.0,5.69,0.0,-19.6766195,13.44816881531613
212,211,1.0,0.9,0.427189722,Background,5.0,0.75,24.06,203.5507932,Devon370Ma_075xRemin_5xpCO2.pO2xPO4_5x5a.dat.24,2.11,1.0,1.4,0.615350876,Kellwasser,0.75,0.75,17.06,183.8741737,Devon370Ma_075xRemin_0.75xpCO2.pO2xPO4_5x5b.dat.24,7.8,0.5,0.0,-7.0,5.69,0.0,-19.6766195,13.44816881531613
131,130,0.9,0.8,0.414501043,Background,5.0,0.75,24.06,166.1389542,Devon370Ma_075xRemin_5xpCO2.pO2xPO4_5x5a.dat.13,1.83,1.0,1.3,0.679021468,Kellwasser,1.0,0.75,18.18,154.1479141,Devon370Ma_075xRemin_1xpCO2.pO2xPO4_5x5b.dat.23,7.52,0.5,0.1,-5.88,5.69,0.0,-11.9910401,13.459541541357556
200,199,0.9,0.8,0.414501043,Background,5.0,0.75,24.06,166.1389542,Devon370Ma_075xRemin_5xpCO2.pO2xPO4_5x5a.dat.13,1.83,1.0,1.3,0.679021468,Kellwasser,1.0,0.75,18.18,154.1479141,Devon370Ma_075xRemin_1xpCO2.pO2xPO4_5x5b.dat.23,7.52,0.5,0.1,-5.88,5.69,0.0,-11.9910401,13.459541541357556
454,453,1.1,1.1,0.355966851,Background,5.0,1.0,24.06,102.5284655,Devon370Ma_1xRemin_5xpCO2.pO2xPO4_5x5b.dat.31,3.67,1.1,1.6,0.5543525,Kellwasser,0.75,1.0,17.06,100.9647749,Devon370Ma_1xRemin_0.75xpCO2.pO2xPO4_5x5c.dat.31,10.09,0.5,0.0,-7.0,6.42,0.0,-1.5636906,13.524704850980543
435,434,1.2,1.1,0.355242122,Background,5.0,1.0,24.06,109.5454572,Devon370Ma_1xRemin_5xpCO2.pO2xPO4_5x5b.dat.41,2.57,1.2,1.8,0.375039434,Kellwasser,1.0,0.75,18.18,133.0883533,Devon370Ma_075xRemin_1xpCO2.pO2xPO4_5x5c.dat.43,12.75,0.7,0.0,-5.88,10.18,-0.25,23.5428961,13.576496516293519
158,157,1.0,0.9,0.427189722,Background,5.0,0.75,24.06,203.5507932,Devon370Ma_075xRemin_5xpCO2.pO2xPO4_5x5a.dat.24,2.11,1.1,1.6,0.521273485,Kellwasser,1.0,0.75,18.18,91.41401824,Devon370Ma_075xRemin_1xpCO2.pO2xPO4_5x5c.dat.31,12.2,0.7,0.1,-5.88,10.09,0.0,-112.136775,13.586023428344472
227,226,1.0,0.9,0.427189722,Background,5.0,0.75,24.06,203.5507932,Devon370Ma_075xRemin_5xpCO2.pO2xPO4_5x5a.dat.24,2.11,1.1,1.6,0.521273485,Kellwasser,1.0,0.75,18.18,91.41401824,Devon370Ma_075xRemin_1xpCO2.pO2xPO4_5x5c.dat.31,12.2,0.7,0.1,-5.88,10.09,0.0,-112.136775,13.586023428344472
321,320,1.0,1.0,0.371971628,Background,2.5,1.0,21.46,87.83979865,251103.pO2xPO4_5x5b.dat.20,2.75,1.1,1.7,0.554011959,Kellwasser,0.75,1.0,17.06,120.2411222,Devon370Ma_1xRemin_0.75xpCO2.pO2xPO4_5x5c.dat.32,13.67,0.7,0.1,-4.4,10.92,0.0,32.40132355,13.589313101358414
295,294,0.9,0.9,0.351258549,Background,2.5,1.0,21.46,217.7454153,251103.pO2xPO4_5x5a.dat.14,2.84,1.0,1.5,0.576999912,Kellwasser,0.75,1.0,17.06,80.04620759,Devon370Ma_1xRemin_0.75xpCO2.pO2xPO4_5x5c.dat.20,12.84,0.6,0.1,-4.4,10.0,0.0,-137.6992077,13.614609710473669
194,193,0.9,0.8,0.414501043,Background,5.0,0.75,24.06,166.1389542,Devon370Ma_075xRemin_5xpCO2.pO2xPO4_5x5a.dat.13,1.83,0.9,1.4,0.394946273,Kellwasser,0.75,0.75,17.06,173.7303537,Devon370Ma_075xRemin_0.75xpCO2.pO2xPO4_5x5b.dat.14,11.47,0.6,0.0,-7.0,9.64,0.0,7.5913995,13.665279866008227
125,124,0.9,0.8,0.414501043,Background,5.0,0.75,24.06,166.1389542,Devon370Ma_075xRemin_5xpCO2.pO2xPO4_5x5a.dat.13,1.83,0.9,1.4,0.394946273,Kellwasser,0.75,0.75,17.06,173.7303537,Devon370Ma_075xRemin_0.75xpCO2.pO2xPO4_5x5b.dat.14,11.47,0.6,0.0,-7.0,9.64,0.0,7.5913995,13.665279866008227
133,132,0.9,0.8,0.414501043,Background,5.0,0.75,24.06,166.1389542,Devon370Ma_075xRemin_5xpCO2.pO2xPO4_5x5a.dat.13,1.83,1.0,1.4,0.642239103,Kellwasser,1.0,0.75,18.18,179.7021687,Devon370Ma_075xRemin_1xpCO2.pO2xPO4_5x5b.dat.24,11.1,0.6,0.1,-5.88,9.27,0.0,13.5632145,13.696149023204296
202,201,0.9,0.8,0.414501043,Background,5.0,0.75,24.06,166.1389542,Devon370Ma_075xRemin_5xpCO2.pO2xPO4_5x5a.dat.13,1.83,1.0,1.4,0.642239103,Kellwasser,1.0,0.75,18.18,179.7021687,Devon370Ma_075xRemin_1xpCO2.pO2xPO4_5x5b.dat.24,11.1,0.6,0.1,-5.88,9.27,0.0,13.5632145,13.696149023204296
187,186,0.8,0.7,0.3879819,Background,5.0,0.75,24.06,130.5182668,Devon370Ma_075xRemin_5xpCO2.pO2xPO4_5x5a.dat.02,1.83,0.9,1.3,0.503735592,Kellwasser,0.75,1.0,17.06,161.3606291,Devon370Ma_1xRemin_0.75xpCO2.pO2xPO4_5x5b.dat.13,11.56,0.6,0.1,-7.0,9.73,0.25,30.8423623,13.725215450460613
118,117,0.8,0.7,0.3879819,Background,5.0,0.75,24.06,130.5182668,Devon370Ma_075xRemin_5xpCO2.pO2xPO4_5x5a.dat.02,1.83,0.9,1.3,0.503735592,Kellwasser,0.75,1.0,17.06,161.3606291,Devon370Ma_1xRemin_0.75xpCO2.pO2xPO4_5x5b.dat.13,11.56,0.6,0.1,-7.0,9.73,0.25,30.8423623,13.725215450460613
181,180,0.8,0.7,0.3879819,Background,5.0,0.75,24.06,130.5182668,Devon370Ma_075xRemin_5xpCO2.pO2xPO4_5x5a.dat.02,1.83,0.9,1.2,0.707311062,Kellwasser,1.0,0.75,18.18,123.9745034,Devon370Ma_075xRemin_1xpCO2.pO2xPO4_5x5b.dat.12,9.27,0.5,0.1,-5.88,7.44,0.0,-6.5437634,13.755501008381698
112,111,0.8,0.7,0.3879819,Background,5.0,0.75,24.06,130.5182668,Devon370Ma_075xRemin_5xpCO2.pO2xPO4_5x5a.dat.02,1.83,0.9,1.2,0.707311062,Kellwasser,1.0,0.75,18.18,123.9745034,Devon370Ma_075xRemin_1xpCO2.pO2xPO4_5x5b.dat.12,9.27,0.5,0.1,-5.88,7.44,0.0,-6.5437634,13.755501008381698
279,278,1.2,1.1,0.370451494,Background,5.0,0.75,24.06,100.7840037,Devon370Ma_075xRemin_5xpCO2.pO2xPO4_5x5b.dat.41,2.29,1.2,1.9,0.49245255,Kellwasser,0.75,1.0,17.06,170.2301379,Devon370Ma_1xRemin_0.75xpCO2.pO2xPO4_5x5c.dat.44,10.64,0.8,0.0,-7.0,8.35,0.25,69.4461342,13.801055756713168
278,277,1.2,1.1,0.370451494,Background,5.0,0.75,24.06,100.7840037,Devon370Ma_075xRemin_5xpCO2.pO2xPO4_5x5b.dat.41,2.29,1.2,1.8,0.49245255,Kellwasser,0.75,1.0,17.06,146.8665869,Devon370Ma_1xRemin_0.75xpCO2.pO2xPO4_5x5c.dat.43,10.64,0.7,0.0,-7.0,8.35,0.25,46.0825832,13.801055756713168
433,432,1.2,1.1,0.355242122,Background,5.0,1.0,24.06,109.5454572,Devon370Ma_1xRemin_5xpCO2.pO2xPO4_5x5b.dat.41,2.57,1.2,1.7,0.472367969,Kellwasser,1.0,0.75,18.18,113.443406,Devon370Ma_075xRemin_1xpCO2.pO2xPO4_5x5c.dat.42,9.91,0.6,0.0,-5.88,7.34,-0.25,3.8979488,13.812718587953137
428,427,1.2,1.1,0.355242122,Background,5.0,1.0,24.06,109.5454572,Devon370Ma_1xRemin_5xpCO2.pO2xPO4_5x5b.dat.41,2.57,1.1,1.6,0.455580778,Kellwasser,0.75,0.75,17.06,94.77377171,Devon370Ma_075xRemin_0.75xpCO2.pO2xPO4_5x5c.dat.31,7.98,0.5,-0.1,-7.0,5.41,-0.25,-14.77168549,13.813816670872898
465,464,1.2,1.2,0.365956576,Background,5.0,1.0,24.06,122.8022011,Devon370Ma_1xRemin_5xpCO2.pO2xPO4_5x5b.dat.42,3.58,1.2,1.8,0.375039434,Kellwasser,1.0,0.75,18.18,133.0883533,Devon370Ma_075xRemin_1xpCO2.pO2xPO4_5x5c.dat.43,12.75,0.6,0.0,-5.88,9.17,-0.25,10.2861522,13.896575181744558
47,46,1.2,0.9,0.352479784,Background,5.0,0.5,24.06,223.9596215,Devon370Ma_050xRemin_5xpCO2.pO2xPO4_5x5a.dat.44,1.19,1.2,1.9,0.49245255,Kellwasser,0.75,1.0,17.06,170.2301379,Devon370Ma_1xRemin_0.75xpCO2.pO2xPO4_5x5c.dat.44,10.64,1.0,0.0,-7.0,9.45,0.5,-53.7294836,13.903594945489896
46,45,1.2,0.9,0.352479784,Background,5.0,0.5,24.06,223.9596215,Devon370Ma_050xRemin_5xpCO2.pO2xPO4_5x5a.dat.44,1.19,1.2,1.8,0.49245255,Kellwasser,0.75,1.0,17.06,146.8665869,Devon370Ma_1xRemin_0.75xpCO2.pO2xPO4_5x5c.dat.43,10.64,0.9,0.0,-7.0,9.45,0.5,-77.0930346,13.903594945489896
259,258,1.1,1.0,0.390493104,Background,5.0,0.75,24.06,77.53463433,Devon370Ma_075xRemin_5xpCO2.pO2xPO4_5x5b.dat.30,2.29,1.1,1.7,0.554011959,Kellwasser,0.75,1.0,17.06,120.2411222,Devon370Ma_1xRemin_0.75xpCO2.pO2xPO4_5x5c.dat.32,13.67,0.7,0.0,-7.0,11.38,0.25,42.70648787,13.924872929812954
165,164,1.0,0.9,0.427189722,Background,5.0,0.75,24.06,203.5507932,Devon370Ma_075xRemin_5xpCO2.pO2xPO4_5x5a.dat.24,2.11,1.1,1.6,0.5543525,Kellwasser,0.75,1.0,17.06,100.9647749,Devon370Ma_1xRemin_0.75xpCO2.pO2xPO4_5x5c.dat.31,10.09,0.7,0.1,-7.0,7.98,0.25,-102.5860183,13.970836423307208
234,233,1.0,0.9,0.427189722,Background,5.0,0.75,24.06,203.5507932,Devon370Ma_075xRemin_5xpCO2.pO2xPO4_5x5a.dat.24,2.11,1.1,1.6,0.5543525,Kellwasser,0.75,1.0,17.06,100.9647749,Devon370Ma_1xRemin_0.75xpCO2.pO2xPO4_5x5c.dat.31,10.09,0.7,0.1,-7.0,7.98,0.25,-102.5860183,13.970836423307208
260,259,1.1,1.0,0.390493104,Background,5.0,0.75,24.06,77.53463433,Devon370Ma_075xRemin_5xpCO2.pO2xPO4_5x5b.dat.30,2.29,1.2,1.8,0.49245255,Kellwasser,0.75,1.0,17.06,146.8665869,Devon370Ma_1xRemin_0.75xpCO2.pO2xPO4_5x5c.dat.43,10.64,0.8,0.1,-7.0,8.35,0.25,69.33195257,13.997225531512987
261,260,1.1,1.0,0.390493104,Background,5.0,0.75,24.06,77.53463433,Devon370Ma_075xRemin_5xpCO2.pO2xPO4_5x5b.dat.30,2.29,1.2,1.9,0.49245255,Kellwasser,0.75,1.0,17.06,170.2301379,Devon370Ma_1xRemin_0.75xpCO2.pO2xPO4_5x5c.dat.44,10.64,0.9,0.1,-7.0,8.35,0.25,92.69550357,13.997225531512987
172,171,0.8,0.7,0.3879819,Background,5.0,0.75,24.06,130.5182668,Devon370Ma_075xRemin_5xpCO2.pO2xPO4_5x5a.dat.02,1.83,0.9,1.2,0.721538316,Kellwasser,0.75,0.75,17.06,127.3138187,Devon370Ma_075xRemin_0.75xpCO2.pO2xPO4_5x5b.dat.12,7.06,0.5,0.1,-7.0,5.23,0.0,-3.2044481,14.007587223762608
103,102,0.8,0.7,0.3879819,Background,5.0,0.75,24.06,130.5182668,Devon370Ma_075xRemin_5xpCO2.pO2xPO4_5x5a.dat.02,1.83,0.9,1.2,0.721538316,Kellwasser,0.75,0.75,17.06,127.3138187,Devon370Ma_075xRemin_0.75xpCO2.pO2xPO4_5x5b.dat.12,7.06,0.5,0.1,-7.0,5.23,0.0,-3.2044481,14.007587223762608
135,134,0.9,0.8,0.414501043,Background,5.0,0.75,24.06,166.1389542,Devon370Ma_075xRemin_5xpCO2.pO2xPO4_5x5a.dat.13,1.83,1.0,1.5,0.524769688,Kellwasser,1.0,0.75,18.18,72.0914104,Devon370Ma_075xRemin_1xpCO2.pO2xPO4_5x5c.dat.20,15.96,0.7,0.1,-5.88,14.13,0.0,-94.0475438,14.031269621082913
204,203,0.9,0.8,0.414501043,Background,5.0,0.75,24.06,166.1389542,Devon370Ma_075xRemin_5xpCO2.pO2xPO4_5x5a.dat.13,1.83,1.0,1.5,0.524769688,Kellwasser,1.0,0.75,18.18,72.0914104,Devon370Ma_075xRemin_1xpCO2.pO2xPO4_5x5c.dat.20,15.96,0.7,0.1,-5.88,14.13,0.0,-94.0475438,14.031269621082913
336,335,0.9,1.0,0.356375169,Background,2.5,1.0,21.46,83.33381993,251103.pO2xPO4_5x5b.dat.10,3.94,1.0,1.5,0.576999912,Kellwasser,0.75,1.0,17.06,80.04620759,Devon370Ma_1xRemin_0.75xpCO2.pO2xPO4_5x5c.dat.20,12.84,0.5,0.1,-4.4,8.9,0.0,-3.28761234,14.061861818361406
138,137,0.9,0.8,0.414501043,Background,5.0,0.75,24.06,166.1389542,Devon370Ma_075xRemin_5xpCO2.pO2xPO4_5x5a.dat.13,1.83,1.0,1.5,0.576999912,Kellwasser,0.75,1.0,17.06,80.04620759,Devon370Ma_1xRemin_0.75xpCO2.pO2xPO4_5x5c.dat.20,12.84,0.7,0.1,-7.0,11.01,0.25,-86.09274661,14.12066246141497
207,206,0.9,0.8,0.414501043,Background,5.0,0.75,24.06,166.1389542,Devon370Ma_075xRemin_5xpCO2.pO2xPO4_5x5a.dat.13,1.83,1.0,1.5,0.576999912,Kellwasser,0.75,1.0,17.06,80.04620759,Devon370Ma_1xRemin_0.75xpCO2.pO2xPO4_5x5c.dat.20,12.84,0.7,0.1,-7.0,11.01,0.25,-86.09274661,14.12066246141497
376,375,1.0,1.1,0.393150484,Background,2.5,1.0,21.46,107.1565566,251103.pO2xPO4_5x5b.dat.21,3.94,1.1,1.7,0.554011959,Kellwasser,0.75,1.0,17.06,120.2411222,Devon370Ma_1xRemin_0.75xpCO2.pO2xPO4_5x5c.dat.32,13.67,0.6,0.1,-4.4,9.73,0.0,13.0845656,14.128827577837603
115,114,0.8,0.7,0.3879819,Background,5.0,0.75,24.06,130.5182668,Devon370Ma_075xRemin_5xpCO2.pO2xPO4_5x5a.dat.02,1.83,0.9,1.4,0.66094357,Kellwasser,1.0,0.75,18.18,169.6706604,Devon370Ma_075xRemin_1xpCO2.pO2xPO4_5x5b.dat.14,14.68,0.7,0.1,-5.88,12.85,0.0,39.1523936,14.135816928893426
114,113,0.8,0.7,0.3879819,Background,5.0,0.75,24.06,130.5182668,Devon370Ma_075xRemin_5xpCO2.pO2xPO4_5x5a.dat.02,1.83,0.9,1.3,0.66094357,Kellwasser,1.0,0.75,18.18,145.8663173,Devon370Ma_075xRemin_1xpCO2.pO2xPO4_5x5b.dat.13,14.68,0.6,0.1,-5.88,12.85,0.0,15.3480505,14.135816928893426
184,183,0.8,0.7,0.3879819,Background,5.0,0.75,24.06,130.5182668,Devon370Ma_075xRemin_5xpCO2.pO2xPO4_5x5a.dat.02,1.83,0.9,1.4,0.66094357,Kellwasser,1.0,0.75,18.18,169.6706604,Devon370Ma_075xRemin_1xpCO2.pO2xPO4_5x5b.dat.14,14.68,0.7,0.1,-5.88,12.85,0.0,39.1523936,14.135816928893426
183,182,0.8,0.7,0.3879819,Background,5.0,0.75,24.06,130.5182668,Devon370Ma_075xRemin_5xpCO2.pO2xPO4_5x5a.dat.02,1.83,0.9,1.3,0.66094357,Kellwasser,1.0,0.75,18.18,145.8663173,Devon370Ma_075xRemin_1xpCO2.pO2xPO4_5x5b.dat.13,14.68,0.6,0.1,-5.88,12.85,0.0,15.3480505,14.135816928893426
42,41,1.2,0.9,0.352479784,Background,5.0,0.5,24.06,223.9596215,Devon370Ma_050xRemin_5xpCO2.pO2xPO4_5x5a.dat.44,1.19,1.2,1.8,0.375039434,Kellwasser,1.0,0.75,18.18,133.0883533,Devon370Ma_075xRemin_1xpCO2.pO2xPO4_5x5c.dat.43,12.75,0.9,0.0,-5.88,11.56,0.25,-90.8712682,14.143578357000354
55,54,1.1,1.0,0.427801779,Background,2.5,0.75,21.46,85.84064926,Devon370Ma_075xRemin_2.5xpCO2.pO2xPO4_5x5b.dat.30,1.38,1.2,1.6,0.590950113,Kellwasser,0.75,0.75,17.06,98.41647989,Devon370Ma_075xRemin_0.75xpCO2.pO2xPO4_5x5c.dat.41,6.7,0.6,0.1,-4.4,5.32,0.0,12.57583063,14.146404575588614
123,122,0.9,0.8,0.414501043,Background,5.0,0.75,24.06,166.1389542,Devon370Ma_075xRemin_5xpCO2.pO2xPO4_5x5a.dat.13,1.83,0.9,1.3,0.607251064,Kellwasser,0.75,0.75,17.06,149.5253819,Devon370Ma_075xRemin_0.75xpCO2.pO2xPO4_5x5b.dat.13,8.26,0.5,0.0,-7.0,6.43,0.0,-16.6135723,14.236332984726698
192,191,0.9,0.8,0.414501043,Background,5.0,0.75,24.06,166.1389542,Devon370Ma_075xRemin_5xpCO2.pO2xPO4_5x5a.dat.13,1.83,0.9,1.3,0.607251064,Kellwasser,0.75,0.75,17.06,149.5253819,Devon370Ma_075xRemin_0.75xpCO2.pO2xPO4_5x5b.dat.13,8.26,0.5,0.0,-7.0,6.43,0.0,-16.6135723,14.236332984726698
274,273,1.2,1.1,0.370451494,Background,5.0,0.75,24.06,100.7840037,Devon370Ma_075xRemin_5xpCO2.pO2xPO4_5x5b.dat.41,2.29,1.2,1.8,0.375039434,Kellwasser,1.0,0.75,18.18,133.0883533,Devon370Ma_075xRemin_1xpCO2.pO2xPO4_5x5c.dat.43,12.75,0.7,0.0,-5.88,10.46,0.0,32.3043496,14.364250479732293
447,446,1.1,1.1,0.355966851,Background,5.0,1.0,24.06,102.5284655,Devon370Ma_1xRemin_5xpCO2.pO2xPO4_5x5b.dat.31,3.67,1.1,1.6,0.521273485,Kellwasser,1.0,0.75,18.18,91.41401824,Devon370Ma_075xRemin_1xpCO2.pO2xPO4_5x5c.dat.31,12.2,0.5,0.0,-5.88,8.53,-0.25,-11.11444726,14.368974888346695
235,234,1.0,0.9,0.427189722,Background,5.0,0.75,24.06,203.5507932,Devon370Ma_075xRemin_5xpCO2.pO2xPO4_5x5a.dat.24,2.11,1.1,1.7,0.554011959,Kellwasser,0.75,1.0,17.06,120.2411222,Devon370Ma_1xRemin_0.75xpCO2.pO2xPO4_5x5c.dat.32,13.67,0.8,0.1,-7.0,11.56,0.25,-83.309671,14.424327935548526
166,165,1.0,0.9,0.427189722,Background,5.0,0.75,24.06,203.5507932,Devon370Ma_075xRemin_5xpCO2.pO2xPO4_5x5a.dat.24,2.11,1.1,1.7,0.554011959,Kellwasser,0.75,1.0,17.06,120.2411222,Devon370Ma_1xRemin_0.75xpCO2.pO2xPO4_5x5c.dat.32,13.67,0.8,0.1,-7.0,11.56,0.25,-83.309671,14.424327935548526
463,462,1.2,1.2,0.365956576,Background,5.0,1.0,24.06,122.8022011,Devon370Ma_1xRemin_5xpCO2.pO2xPO4_5x5b.dat.42,3.58,1.2,1.7,0.472367969,Kellwasser,1.0,0.75,18.18,113.443406,Devon370Ma_075xRemin_1xpCO2.pO2xPO4_5x5c.dat.42,9.91,0.5,0.0,-5.88,6.33,-0.25,-9.3587951,14.608120705476711
356,355,1.1,1.1,0.416669591,Background,2.5,1.0,21.46,113.6966021,251103.pO2xPO4_5x5b.dat.31,3.85,1.2,1.9,0.49245255,Kellwasser,0.75,1.0,17.06,170.2301379,Devon370Ma_1xRemin_0.75xpCO2.pO2xPO4_5x5c.dat.44,10.64,0.8,0.1,-4.4,6.79,0.0,56.5335358,14.616628723544654
354,353,1.1,1.1,0.416669591,Background,2.5,1.0,21.46,113.6966021,251103.pO2xPO4_5x5b.dat.31,3.85,1.2,1.8,0.49245255,Kellwasser,0.75,1.0,17.06,146.8665869,Devon370Ma_1xRemin_0.75xpCO2.pO2xPO4_5x5c.dat.43,10.64,0.7,0.1,-4.4,6.79,0.0,33.1699848,14.616628723544654
258,257,1.1,1.0,0.390493104,Background,5.0,0.75,24.06,77.53463433,Devon370Ma_075xRemin_5xpCO2.pO2xPO4_5x5b.dat.30,2.29,1.1,1.6,0.5543525,Kellwasser,0.75,1.0,17.06,100.9647749,Devon370Ma_1xRemin_0.75xpCO2.pO2xPO4_5x5c.dat.31,10.09,0.6,0.0,-7.0,7.8,0.25,23.43014057,14.655533503349462
30,29,1.2,0.9,0.352479784,Background,5.0,0.5,24.06,223.9596215,Devon370Ma_050xRemin_5xpCO2.pO2xPO4_5x5a.dat.44,1.19,1.1,1.6,0.455580778,Kellwasser,0.75,0.75,17.06,94.77377171,Devon370Ma_075xRemin_0.75xpCO2.pO2xPO4_5x5c.dat.31,7.98,0.7,-0.1,-7.0,6.79,0.25,-129.1858498,14.685649165036251
164,163,1.0,0.9,0.427189722,Background,5.0,0.75,24.06,203.5507932,Devon370Ma_075xRemin_5xpCO2.pO2xPO4_5x5a.dat.24,2.11,1.0,1.5,0.576999912,Kellwasser,0.75,1.0,17.06,80.04620759,Devon370Ma_1xRemin_0.75xpCO2.pO2xPO4_5x5c.dat.20,12.84,0.6,0.0,-7.0,10.73,0.25,-123.5045856,14.701741794275621
233,232,1.0,0.9,0.427189722,Background,5.0,0.75,24.06,203.5507932,Devon370Ma_075xRemin_5xpCO2.pO2xPO4_5x5a.dat.24,2.11,1.0,1.5,0.576999912,Kellwasser,0.75,1.0,17.06,80.04620759,Devon370Ma_1xRemin_0.75xpCO2.pO2xPO4_5x5c.dat.20,12.84,0.6,0.0,-7.0,10.73,0.25,-123.5045856,14.701741794275621
215,214,1.0,0.9,0.427189722,Background,5.0,0.75,24.06,203.5507932,Devon370Ma_075xRemin_5xpCO2.pO2xPO4_5x5a.dat.24,2.11,1.1,1.6,0.455580778,Kellwasser,0.75,0.75,17.06,94.77377171,Devon370Ma_075xRemin_0.75xpCO2.pO2xPO4_5x5c.dat.31,7.98,0.7,0.1,-7.0,5.87,0.0,-108.7770215,14.780635653734484
146,145,1.0,0.9,0.427189722,Background,5.0,0.75,24.06,203.5507932,Devon370Ma_075xRemin_5xpCO2.pO2xPO4_5x5a.dat.24,2.11,1.1,1.6,0.455580778,Kellwasser,0.75,0.75,17.06,94.77377171,Devon370Ma_075xRemin_0.75xpCO2.pO2xPO4_5x5c.dat.31,7.98,0.7,0.1,-7.0,5.87,0.0,-108.7770215,14.780635653734484
104,103,0.8,0.7,0.3879819,Background,5.0,0.75,24.06,130.5182668,Devon370Ma_075xRemin_5xpCO2.pO2xPO4_5x5a.dat.02,1.83,0.8,1.2,0.581754066,Kellwasser,0.75,0.75,17.06,121.8285979,Devon370Ma_075xRemin_0.75xpCO2.pO2xPO4_5x5b.dat.02,11.01,0.5,0.0,-7.0,9.18,0.0,-8.6896689,14.792360740033098
173,172,0.8,0.7,0.3879819,Background,5.0,0.75,24.06,130.5182668,Devon370Ma_075xRemin_5xpCO2.pO2xPO4_5x5a.dat.02,1.83,0.8,1.2,0.581754066,Kellwasser,0.75,0.75,17.06,121.8285979,Devon370Ma_075xRemin_0.75xpCO2.pO2xPO4_5x5b.dat.02,11.01,0.5,0.0,-7.0,9.18,0.0,-8.6896689,14.792360740033098
243,242,1.1,1.0,0.390493104,Background,5.0,0.75,24.06,77.53463433,Devon370Ma_075xRemin_5xpCO2.pO2xPO4_5x5b.dat.30,2.29,1.2,1.7,0.44513511,Kellwasser,0.75,0.75,17.06,117.0295218,Devon370Ma_075xRemin_0.75xpCO2.pO2xPO4_5x5c.dat.42,7.34,0.7,0.1,-7.0,5.05,0.0,39.49488747,14.860164530735124
124,123,0.9,0.8,0.414501043,Background,5.0,0.75,24.06,166.1389542,Devon370Ma_075xRemin_5xpCO2.pO2xPO4_5x5a.dat.13,1.83,1.0,1.4,0.615350876,Kellwasser,0.75,0.75,17.06,183.8741737,Devon370Ma_075xRemin_0.75xpCO2.pO2xPO4_5x5b.dat.24,7.8,0.6,0.1,-7.0,5.97,0.0,17.7352195,14.86398445630298
193,192,0.9,0.8,0.414501043,Background,5.0,0.75,24.06,166.1389542,Devon370Ma_075xRemin_5xpCO2.pO2xPO4_5x5a.dat.13,1.83,1.0,1.4,0.615350876,Kellwasser,0.75,0.75,17.06,183.8741737,Devon370Ma_075xRemin_0.75xpCO2.pO2xPO4_5x5b.dat.24,7.8,0.6,0.1,-7.0,5.97,0.0,17.7352195,14.86398445630298
252,251,1.1,1.0,0.390493104,Background,5.0,0.75,24.06,77.53463433,Devon370Ma_075xRemin_5xpCO2.pO2xPO4_5x5b.dat.30,2.29,1.1,1.6,0.521273485,Kellwasser,1.0,0.75,18.18,91.41401824,Devon370Ma_075xRemin_1xpCO2.pO2xPO4_5x5c.dat.31,12.2,0.6,0.0,-5.88,9.91,0.0,13.87938391,14.90449579185739
27,26,1.2,0.9,0.352479784,Background,5.0,0.5,24.06,223.9596215,Devon370Ma_050xRemin_5xpCO2.pO2xPO4_5x5a.dat.44,1.19,1.1,1.5,0.590360128,Kellwasser,0.75,0.75,17.06,77.98270963,Devon370Ma_075xRemin_0.75xpCO2.pO2xPO4_5x5c.dat.30,7.06,0.6,-0.1,-7.0,5.87,0.25,-145.9769119,14.91776379153684
105,104,0.8,0.7,0.3879819,Background,5.0,0.75,24.06,130.5182668,Devon370Ma_075xRemin_5xpCO2.pO2xPO4_5x5a.dat.02,1.83,0.9,1.3,0.607251064,Kellwasser,0.75,0.75,17.06,149.5253819,Devon370Ma_075xRemin_0.75xpCO2.pO2xPO4_5x5b.dat.13,8.26,0.6,0.1,-7.0,6.43,0.0,19.0071151,14.92914236404713
174,173,0.8,0.7,0.3879819,Background,5.0,0.75,24.06,130.5182668,Devon370Ma_075xRemin_5xpCO2.pO2xPO4_5x5a.dat.02,1.83,0.9,1.3,0.607251064,Kellwasser,0.75,0.75,17.06,149.5253819,Devon370Ma_075xRemin_0.75xpCO2.pO2xPO4_5x5b.dat.13,8.26,0.6,0.1,-7.0,6.43,0.0,19.0071151,14.92914236404713
38,37,1.2,0.9,0.352479784,Background,5.0,0.5,24.06,223.9596215,Devon370Ma_050xRemin_5xpCO2.pO2xPO4_5x5a.dat.44,1.19,1.2,1.6,0.634581795,Kellwasser,1.0,0.75,18.18,95.13406258,Devon370Ma_075xRemin_1xpCO2.pO2xPO4_5x5c.dat.41,7.34,0.7,0.0,-5.88,6.15,0.25,-128.8255589,15.195472649768087
121,120,0.9,0.8,0.414501043,Background,5.0,0.75,24.06,166.1389542,Devon370Ma_075xRemin_5xpCO2.pO2xPO4_5x5a.dat.13,1.83,0.9,1.2,0.721538316,Kellwasser,0.75,0.75,17.06,127.3138187,Devon370Ma_075xRemin_0.75xpCO2.pO2xPO4_5x5b.dat.12,7.06,0.4,0.0,-7.0,5.23,0.0,-38.8251355,15.198534708110165
190,189,0.9,0.8,0.414501043,Background,5.0,0.75,24.06,166.1389542,Devon370Ma_075xRemin_5xpCO2.pO2xPO4_5x5a.dat.13,1.83,0.9,1.2,0.721538316,Kellwasser,0.75,0.75,17.06,127.3138187,Devon370Ma_075xRemin_0.75xpCO2.pO2xPO4_5x5b.dat.12,7.06,0.4,0.0,-7.0,5.23,0.0,-38.8251355,15.198534708110165
175,174,0.8,0.7,0.3879819,Background,5.0,0.75,24.06,130.5182668,Devon370Ma_075xRemin_5xpCO2.pO2xPO4_5x5a.dat.02,1.83,0.9,1.4,0.394946273,Kellwasser,0.75,0.75,17.06,173.7303537,Devon370Ma_075xRemin_0.75xpCO2.pO2xPO4_5x5b.dat.14,11.47,0.7,0.1,-7.0,9.64,0.0,43.2120869,15.315348471616211
106,105,0.8,0.7,0.3879819,Background,5.0,0.75,24.06,130.5182668,Devon370Ma_075xRemin_5xpCO2.pO2xPO4_5x5a.dat.02,1.83,0.9,1.4,0.394946273,Kellwasser,0.75,0.75,17.06,173.7303537,Devon370Ma_075xRemin_0.75xpCO2.pO2xPO4_5x5b.dat.14,11.47,0.7,0.1,-7.0,9.64,0.0,43.2120869,15.315348471616211
410,409,1.1,1.2,0.416669591,Background,2.5,1.0,21.46,136.0907772,251103.pO2xPO4_5x5b.dat.32,3.85,1.2,1.8,0.49245255,Kellwasser,0.75,1.0,17.06,146.8665869,Devon370Ma_1xRemin_0.75xpCO2.pO2xPO4_5x5c.dat.43,10.64,0.6,0.1,-4.4,6.79,0.0,10.7758097,15.352241989846682
412,411,1.1,1.2,0.416669591,Background,2.5,1.0,21.46,136.0907772,251103.pO2xPO4_5x5b.dat.32,3.85,1.2,1.9,0.49245255,Kellwasser,0.75,1.0,17.06,170.2301379,Devon370Ma_1xRemin_0.75xpCO2.pO2xPO4_5x5c.dat.44,10.64,0.7,0.1,-4.4,6.79,0.0,34.1393607,15.352241989846682
171,170,0.8,0.7,0.3879819,Background,5.0,0.75,24.06,130.5182668,Devon370Ma_075xRemin_5xpCO2.pO2xPO4_5x5a.dat.02,1.83,0.8,1.1,0.704886087,Kellwasser,0.75,0.75,17.06,102.3750592,Devon370Ma_075xRemin_0.75xpCO2.pO2xPO4_5x5b.dat.01,7.8,0.4,0.0,-7.0,5.97,0.0,-28.1432076,15.354883535145374
102,101,0.8,0.7,0.3879819,Background,5.0,0.75,24.06,130.5182668,Devon370Ma_075xRemin_5xpCO2.pO2xPO4_5x5a.dat.02,1.83,0.8,1.1,0.704886087,Kellwasser,0.75,0.75,17.06,102.3750592,Devon370Ma_075xRemin_0.75xpCO2.pO2xPO4_5x5b.dat.01,7.8,0.4,0.0,-7.0,5.97,0.0,-28.1432076,15.354883535145374
264,263,1.2,1.1,0.370451494,Background,5.0,0.75,24.06,100.7840037,Devon370Ma_075xRemin_5xpCO2.pO2xPO4_5x5b.dat.41,2.29,1.1,1.6,0.455580778,Kellwasser,0.75,0.75,17.06,94.77377171,Devon370Ma_075xRemin_0.75xpCO2.pO2xPO4_5x5c.dat.31,7.98,0.5,-0.1,-7.0,5.69,0.0,-6.01023199,15.368438755912218
77,76,1.1,1.0,0.427801779,Background,2.5,0.75,21.46,85.84064926,Devon370Ma_075xRemin_2.5xpCO2.pO2xPO4_5x5b.dat.30,1.38,1.2,1.8,0.49245255,Kellwasser,0.75,1.0,17.06,146.8665869,Devon370Ma_1xRemin_0.75xpCO2.pO2xPO4_5x5c.dat.43,10.64,0.8,0.1,-4.4,9.26,0.25,61.02593764,15.402982230387854
78,77,1.1,1.0,0.427801779,Background,2.5,0.75,21.46,85.84064926,Devon370Ma_075xRemin_2.5xpCO2.pO2xPO4_5x5b.dat.30,1.38,1.2,1.9,0.49245255,Kellwasser,0.75,1.0,17.06,170.2301379,Devon370Ma_1xRemin_0.75xpCO2.pO2xPO4_5x5c.dat.44,10.64,0.9,0.1,-4.4,9.26,0.25,84.38948864,15.402982230387854
156,155,1.0,0.9,0.427189722,Background,5.0,0.75,24.06,203.5507932,Devon370Ma_075xRemin_5xpCO2.pO2xPO4_5x5a.dat.24,2.11,1.0,1.5,0.524769688,Kellwasser,1.0,0.75,18.18,72.0914104,Devon370Ma_075xRemin_1xpCO2.pO2xPO4_5x5c.dat.20,15.96,0.6,0.0,-5.88,13.85,0.0,-131.4593828,15.466483917241902
225,224,1.0,0.9,0.427189722,Background,5.0,0.75,24.06,203.5507932,Devon370Ma_075xRemin_5xpCO2.pO2xPO4_5x5a.dat.24,2.11,1.0,1.5,0.524769688,Kellwasser,1.0,0.75,18.18,72.0914104,Devon370Ma_075xRemin_1xpCO2.pO2xPO4_5x5c.dat.20,15.96,0.6,0.0,-5.88,13.85,0.0,-131.4593828,15.466483917241902
320,319,1.0,1.0,0.371971628,Background,2.5,1.0,21.46,87.83979865,251103.pO2xPO4_5x5b.dat.20,2.75,1.1,1.6,0.5543525,Kellwasser,0.75,1.0,17.06,100.9647749,Devon370Ma_1xRemin_0.75xpCO2.pO2xPO4_5x5c.dat.31,10.09,0.6,0.1,-4.4,7.34,0.0,13.12497625,15.545656947561175
126,125,0.9,0.8,0.414501043,Background,5.0,0.75,24.06,166.1389542,Devon370Ma_075xRemin_5xpCO2.pO2xPO4_5x5a.dat.13,1.83,1.0,1.5,0.447463833,Kellwasser,0.75,0.75,17.06,75.25343972,Devon370Ma_075xRemin_0.75xpCO2.pO2xPO4_5x5c.dat.20,8.53,0.7,0.1,-7.0,6.7,0.0,-90.88551448,15.552278563705352
195,194,0.9,0.8,0.414501043,Background,5.0,0.75,24.06,166.1389542,Devon370Ma_075xRemin_5xpCO2.pO2xPO4_5x5a.dat.13,1.83,1.0,1.5,0.447463833,Kellwasser,0.75,0.75,17.06,75.25343972,Devon370Ma_075xRemin_0.75xpCO2.pO2xPO4_5x5c.dat.20,8.53,0.7,0.1,-7.0,6.7,0.0,-90.88551448,15.552278563705352
241,240,1.1,1.0,0.390493104,Background,5.0,0.75,24.06,77.53463433,Devon370Ma_075xRemin_5xpCO2.pO2xPO4_5x5b.dat.30,2.29,1.0,1.5,0.447463833,Kellwasser,0.75,0.75,17.06,75.25343972,Devon370Ma_075xRemin_0.75xpCO2.pO2xPO4_5x5c.dat.20,8.53,0.5,-0.1,-7.0,6.24,0.0,-2.28119461,15.618260945380964
159,158,1.0,0.9,0.427189722,Background,5.0,0.75,24.06,203.5507932,Devon370Ma_075xRemin_5xpCO2.pO2xPO4_5x5a.dat.24,2.11,1.2,1.7,0.472367969,Kellwasser,1.0,0.75,18.18,113.443406,Devon370Ma_075xRemin_1xpCO2.pO2xPO4_5x5c.dat.42,9.91,0.8,0.2,-5.88,7.8,0.0,-90.1073872,15.6947669924971
228,227,1.0,0.9,0.427189722,Background,5.0,0.75,24.06,203.5507932,Devon370Ma_075xRemin_5xpCO2.pO2xPO4_5x5a.dat.24,2.11,1.2,1.7,0.472367969,Kellwasser,1.0,0.75,18.18,113.443406,Devon370Ma_075xRemin_1xpCO2.pO2xPO4_5x5c.dat.42,9.91,0.8,0.2,-5.88,7.8,0.0,-90.1073872,15.6947669924971
291,290,0.9,0.9,0.351258549,Background,2.5,1.0,21.46,217.7454153,251103.pO2xPO4_5x5a.dat.14,2.84,1.0,1.5,0.524769688,Kellwasser,1.0,0.75,18.18,72.0914104,Devon370Ma_075xRemin_1xpCO2.pO2xPO4_5x5c.dat.20,15.96,0.6,0.1,-3.28,13.12,-0.25,-145.6540049,15.737059235391435
471,470,1.2,1.2,0.365956576,Background,5.0,1.0,24.06,122.8022011,Devon370Ma_1xRemin_5xpCO2.pO2xPO4_5x5b.dat.42,3.58,1.1,1.8,0.429420913,Kellwasser,0.75,1.0,17.06,141.0442492,Devon370Ma_1xRemin_0.75xpCO2.pO2xPO4_5x5c.dat.33,18.35,0.6,-0.1,-7.0,14.77,0.0,18.2420481,15.753281424875757
374,373,1.0,1.1,0.393150484,Background,2.5,1.0,21.46,107.1565566,251103.pO2xPO4_5x5b.dat.21,3.94,1.1,1.6,0.5543525,Kellwasser,0.75,1.0,17.06,100.9647749,Devon370Ma_1xRemin_0.75xpCO2.pO2xPO4_5x5c.dat.31,10.09,0.5,0.1,-4.4,6.15,0.0,-6.1917817,15.768103990475513
28,27,1.2,0.9,0.352479784,Background,5.0,0.5,24.06,223.9596215,Devon370Ma_050xRemin_5xpCO2.pO2xPO4_5x5a.dat.44,1.19,1.0,1.5,0.447463833,Kellwasser,0.75,0.75,17.06,75.25343972,Devon370Ma_075xRemin_0.75xpCO2.pO2xPO4_5x5c.dat.20,8.53,0.6,-0.2,-7.0,7.34,0.25,-148.7061818,15.778271250943238
272,271,1.2,1.1,0.370451494,Background,5.0,0.75,24.06,100.7840037,Devon370Ma_075xRemin_5xpCO2.pO2xPO4_5x5b.dat.41,2.29,1.2,1.7,0.472367969,Kellwasser,1.0,0.75,18.18,113.443406,Devon370Ma_075xRemin_1xpCO2.pO2xPO4_5x5c.dat.42,9.91,0.6,0.0,-5.88,7.62,0.0,12.6594023,15.790365792279857
40,39,1.2,0.9,0.352479784,Background,5.0,0.5,24.06,223.9596215,Devon370Ma_050xRemin_5xpCO2.pO2xPO4_5x5a.dat.44,1.19,1.2,1.7,0.472367969,Kellwasser,1.0,0.75,18.18,113.443406,Devon370Ma_075xRemin_1xpCO2.pO2xPO4_5x5c.dat.42,9.91,0.8,0.0,-5.88,8.72,0.25,-110.5162155,15.805823920222378
249,248,1.1,1.0,0.390493104,Background,5.0,0.75,24.06,77.53463433,Devon370Ma_075xRemin_5xpCO2.pO2xPO4_5x5b.dat.30,2.29,1.1,1.5,0.646946866,Kellwasser,1.0,0.75,18.18,74.9922765,Devon370Ma_075xRemin_1xpCO2.pO2xPO4_5x5c.dat.30,7.98,0.5,0.0,-5.88,5.69,0.0,-2.54235783,15.837629705890945
438,437,1.2,1.1,0.355242122,Background,5.0,1.0,24.06,109.5454572,Devon370Ma_1xRemin_5xpCO2.pO2xPO4_5x5b.dat.41,2.57,1.1,1.7,0.554011959,Kellwasser,0.75,1.0,17.06,120.2411222,Devon370Ma_1xRemin_0.75xpCO2.pO2xPO4_5x5c.dat.32,13.67,0.6,-0.1,-7.0,11.1,0.0,10.695665,15.872885400281781
270,269,1.2,1.1,0.370451494,Background,5.0,0.75,24.06,100.7840037,Devon370Ma_075xRemin_5xpCO2.pO2xPO4_5x5b.dat.41,2.29,1.2,1.6,0.634581795,Kellwasser,1.0,0.75,18.18,95.13406258,Devon370Ma_075xRemin_1xpCO2.pO2xPO4_5x5c.dat.41,7.34,0.5,0.0,-5.88,5.05,0.0,-5.64994112,16.001776956254208
226,225,1.0,0.9,0.427189722,Background,5.0,0.75,24.06,203.5507932,Devon370Ma_075xRemin_5xpCO2.pO2xPO4_5x5a.dat.24,2.11,1.2,1.6,0.634581795,Kellwasser,1.0,0.75,18.18,95.13406258,Devon370Ma_075xRemin_1xpCO2.pO2xPO4_5x5c.dat.41,7.34,0.7,0.2,-5.88,5.23,0.0,-108.4167306,16.109753847602093
157,156,1.0,0.9,0.427189722,Background,5.0,0.75,24.06,203.5507932,Devon370Ma_075xRemin_5xpCO2.pO2xPO4_5x5a.dat.24,2.11,1.2,1.6,0.634581795,Kellwasser,1.0,0.75,18.18,95.13406258,Devon370Ma_075xRemin_1xpCO2.pO2xPO4_5x5c.dat.41,7.34,0.7,0.2,-5.88,5.23,0.0,-108.4167306,16.109753847602093
239,238,1.1,1.0,0.390493104,Background,5.0,0.75,24.06,77.53463433,Devon370Ma_075xRemin_5xpCO2.pO2xPO4_5x5b.dat.30,2.29,1.0,1.4,0.615350876,Kellwasser,0.75,0.75,17.06,183.8741737,Devon370Ma_075xRemin_0.75xpCO2.pO2xPO4_5x5b.dat.24,7.8,0.4,-0.1,-7.0,5.51,0.0,106.3395394,16.124713845465305
137,136,0.9,0.8,0.414501043,Background,5.0,0.75,24.06,166.1389542,Devon370Ma_075xRemin_5xpCO2.pO2xPO4_5x5a.dat.13,1.83,0.9,1.3,0.503735592,Kellwasser,0.75,1.0,17.06,161.3606291,Devon370Ma_1xRemin_0.75xpCO2.pO2xPO4_5x5b.dat.13,11.56,0.5,0.0,-7.0,9.73,0.25,-4.7783251,16.213062957012603
206,205,0.9,0.8,0.414501043,Background,5.0,0.75,24.06,166.1389542,Devon370Ma_075xRemin_5xpCO2.pO2xPO4_5x5a.dat.13,1.83,0.9,1.3,0.503735592,Kellwasser,0.75,1.0,17.06,161.3606291,Devon370Ma_1xRemin_0.75xpCO2.pO2xPO4_5x5b.dat.13,11.56,0.5,0.0,-7.0,9.73,0.25,-4.7783251,16.213062957012603
332,331,0.9,1.0,0.356375169,Background,2.5,1.0,21.46,83.33381993,251103.pO2xPO4_5x5b.dat.10,3.94,1.0,1.5,0.524769688,Kellwasser,1.0,0.75,18.18,72.0914104,Devon370Ma_075xRemin_1xpCO2.pO2xPO4_5x5c.dat.20,15.96,0.5,0.1,-3.28,12.02,-0.25,-11.24240953,16.27516534832151
45,44,1.2,0.9,0.352479784,Background,5.0,0.5,24.06,223.9596215,Devon370Ma_050xRemin_5xpCO2.pO2xPO4_5x5a.dat.44,1.19,1.1,1.7,0.554011959,Kellwasser,0.75,1.0,17.06,120.2411222,Devon370Ma_1xRemin_0.75xpCO2.pO2xPO4_5x5c.dat.32,13.67,0.8,-0.1,-7.0,12.48,0.5,-103.7184993,16.300770636220427
277,276,1.2,1.1,0.370451494,Background,5.0,0.75,24.06,100.7840037,Devon370Ma_075xRemin_5xpCO2.pO2xPO4_5x5b.dat.41,2.29,1.1,1.7,0.554011959,Kellwasser,0.75,1.0,17.06,120.2411222,Devon370Ma_1xRemin_0.75xpCO2.pO2xPO4_5x5c.dat.32,13.67,0.6,-0.1,-7.0,11.38,0.25,19.4571185,16.4297326915414
213,212,1.0,0.9,0.427189722,Background,5.0,0.75,24.06,203.5507932,Devon370Ma_075xRemin_5xpCO2.pO2xPO4_5x5a.dat.24,2.11,0.9,1.4,0.394946273,Kellwasser,0.75,0.75,17.06,173.7303537,Devon370Ma_075xRemin_0.75xpCO2.pO2xPO4_5x5b.dat.14,11.47,0.5,-0.1,-7.0,9.36,0.0,-29.8204395,16.504541735039236
144,143,1.0,0.9,0.427189722,Background,5.0,0.75,24.06,203.5507932,Devon370Ma_075xRemin_5xpCO2.pO2xPO4_5x5a.dat.24,2.11,0.9,1.4,0.394946273,Kellwasser,0.75,0.75,17.06,173.7303537,Devon370Ma_075xRemin_0.75xpCO2.pO2xPO4_5x5b.dat.14,11.47,0.5,-0.1,-7.0,9.36,0.0,-29.8204395,16.504541735039236
263,262,1.2,1.1,0.370451494,Background,5.0,0.75,24.06,100.7840037,Devon370Ma_075xRemin_5xpCO2.pO2xPO4_5x5b.dat.41,2.29,1.0,1.5,0.447463833,Kellwasser,0.75,0.75,17.06,75.25343972,Devon370Ma_075xRemin_0.75xpCO2.pO2xPO4_5x5c.dat.20,8.53,0.4,-0.2,-7.0,6.24,0.0,-25.53056398,16.594598115007976
469,468,1.2,1.2,0.365956576,Background,5.0,1.0,24.06,122.8022011,Devon370Ma_1xRemin_5xpCO2.pO2xPO4_5x5b.dat.42,3.58,1.1,1.7,0.554011959,Kellwasser,0.75,1.0,17.06,120.2411222,Devon370Ma_1xRemin_0.75xpCO2.pO2xPO4_5x5c.dat.32,13.67,0.5,-0.1,-7.0,10.09,0.0,-2.5610789,16.614874486972603
26,25,1.2,0.9,0.352479784,Background,5.0,0.5,24.06,223.9596215,Devon370Ma_050xRemin_5xpCO2.pO2xPO4_5x5a.dat.44,1.19,1.0,1.4,0.615350876,Kellwasser,0.75,0.75,17.06,183.8741737,Devon370Ma_075xRemin_0.75xpCO2.pO2xPO4_5x5b.dat.24,7.8,0.5,-0.2,-7.0,6.61,0.25,-40.0854478,16.733826191245083
186,185,0.8,0.7,0.3879819,Background,5.0,0.75,24.06,130.5182668,Devon370Ma_075xRemin_5xpCO2.pO2xPO4_5x5a.dat.02,1.83,0.8,1.2,0.534846015,Kellwasser,0.75,1.0,17.06,130.6640625,Devon370Ma_1xRemin_0.75xpCO2.pO2xPO4_5x5b.dat.02,15.69,0.5,0.0,-7.0,13.86,0.25,0.1457957,16.789113061395486
117,116,0.8,0.7,0.3879819,Background,5.0,0.75,24.06,130.5182668,Devon370Ma_075xRemin_5xpCO2.pO2xPO4_5x5a.dat.02,1.83,0.8,1.2,0.534846015,Kellwasser,0.75,1.0,17.06,130.6640625,Devon370Ma_1xRemin_0.75xpCO2.pO2xPO4_5x5b.dat.02,15.69,0.5,0.0,-7.0,13.86,0.25,0.1457957,16.789113061395486
142,141,1.0,0.9,0.427189722,Background,5.0,0.75,24.06,203.5507932,Devon370Ma_075xRemin_5xpCO2.pO2xPO4_5x5a.dat.24,2.11,0.9,1.3,0.607251064,Kellwasser,0.75,0.75,17.06,149.5253819,Devon370Ma_075xRemin_0.75xpCO2.pO2xPO4_5x5b.dat.13,8.26,0.4,-0.1,-7.0,6.15,0.0,-54.0254113,16.80647120920049
211,210,1.0,0.9,0.427189722,Background,5.0,0.75,24.06,203.5507932,Devon370Ma_075xRemin_5xpCO2.pO2xPO4_5x5a.dat.24,2.11,0.9,1.3,0.607251064,Kellwasser,0.75,0.75,17.06,149.5253819,Devon370Ma_075xRemin_0.75xpCO2.pO2xPO4_5x5b.dat.13,8.26,0.4,-0.1,-7.0,6.15,0.0,-54.0254113,16.80647120920049
44,43,1.2,0.9,0.352479784,Background,5.0,0.5,24.06,223.9596215,Devon370Ma_050xRemin_5xpCO2.pO2xPO4_5x5a.dat.44,1.19,1.1,1.6,0.5543525,Kellwasser,0.75,1.0,17.06,100.9647749,Devon370Ma_1xRemin_0.75xpCO2.pO2xPO4_5x5c.dat.31,10.09,0.7,-0.1,-7.0,8.9,0.5,-122.9948466,16.81088871132053
455,454,1.1,1.1,0.355966851,Background,5.0,1.0,24.06,102.5284655,Devon370Ma_1xRemin_5xpCO2.pO2xPO4_5x5b.dat.31,3.67,1.0,1.6,0.575716022,Kellwasser,0.75,1.0,17.06,97.3596907,Devon370Ma_1xRemin_0.75xpCO2.pO2xPO4_5x5c.dat.21,18.07,0.5,-0.1,-7.0,14.4,0.0,-5.1687748,16.863979863670803
276,275,1.2,1.1,0.370451494,Background,5.0,0.75,24.06,100.7840037,Devon370Ma_075xRemin_5xpCO2.pO2xPO4_5x5b.dat.41,2.29,1.1,1.6,0.5543525,Kellwasser,0.75,1.0,17.06,100.9647749,Devon370Ma_1xRemin_0.75xpCO2.pO2xPO4_5x5c.dat.31,10.09,0.5,-0.1,-7.0,7.8,0.25,0.1807712,16.879067917789033
35,34,1.2,0.9,0.352479784,Background,5.0,0.5,24.06,223.9596215,Devon370Ma_050xRemin_5xpCO2.pO2xPO4_5x5a.dat.44,1.19,1.2,1.5,0.627748193,Kellwasser,1.0,0.75,18.18,78.00653839,Devon370Ma_075xRemin_1xpCO2.pO2xPO4_5x5c.dat.40,6.61,0.6,0.0,-5.88,5.42,0.25,-145.9530831,16.910386325112032
153,152,1.0,0.9,0.427189722,Background,5.0,0.75,24.06,203.5507932,Devon370Ma_075xRemin_5xpCO2.pO2xPO4_5x5a.dat.24,2.11,1.0,1.4,0.642239103,Kellwasser,1.0,0.75,18.18,179.7021687,Devon370Ma_075xRemin_1xpCO2.pO2xPO4_5x5b.dat.24,11.1,0.5,0.0,-5.88,8.99,0.0,-23.8486245,16.934090945753557
222,221,1.0,0.9,0.427189722,Background,5.0,0.75,24.06,203.5507932,Devon370Ma_075xRemin_5xpCO2.pO2xPO4_5x5a.dat.24,2.11,1.0,1.4,0.642239103,Kellwasser,1.0,0.75,18.18,179.7021687,Devon370Ma_075xRemin_1xpCO2.pO2xPO4_5x5b.dat.24,11.1,0.5,0.0,-5.88,8.99,0.0,-23.8486245,16.934090945753557
161,160,1.0,0.9,0.427189722,Background,5.0,0.75,24.06,203.5507932,Devon370Ma_075xRemin_5xpCO2.pO2xPO4_5x5a.dat.24,2.11,1.2,1.8,0.375039434,Kellwasser,1.0,0.75,18.18,133.0883533,Devon370Ma_075xRemin_1xpCO2.pO2xPO4_5x5c.dat.43,12.75,0.9,0.2,-5.88,10.64,0.0,-70.4624399,17.041539887359363
230,229,1.0,0.9,0.427189722,Background,5.0,0.75,24.06,203.5507932,Devon370Ma_075xRemin_5xpCO2.pO2xPO4_5x5a.dat.24,2.11,1.2,1.8,0.375039434,Kellwasser,1.0,0.75,18.18,133.0883533,Devon370Ma_075xRemin_1xpCO2.pO2xPO4_5x5c.dat.43,12.75,0.9,0.2,-5.88,10.64,0.0,-70.4624399,17.041539887359363
262,261,1.2,1.1,0.370451494,Background,5.0,0.75,24.06,100.7840037,Devon370Ma_075xRemin_5xpCO2.pO2xPO4_5x5b.dat.41,2.29,1.0,1.4,0.615350876,Kellwasser,0.75,0.75,17.06,183.8741737,Devon370Ma_075xRemin_0.75xpCO2.pO2xPO4_5x5b.dat.24,7.8,0.3,-0.2,-7.0,5.51,0.0,83.09017,17.1532457393308
467,466,1.2,1.2,0.365956576,Background,5.0,1.0,24.06,122.8022011,Devon370Ma_1xRemin_5xpCO2.pO2xPO4_5x5b.dat.42,3.58,1.1,1.6,0.5543525,Kellwasser,0.75,1.0,17.06,100.9647749,Devon370Ma_1xRemin_0.75xpCO2.pO2xPO4_5x5c.dat.31,10.09,0.4,-0.1,-7.0,6.51,0.0,-21.8374262,17.17310560219959
236,235,1.0,0.9,0.427189722,Background,5.0,0.75,24.06,203.5507932,Devon370Ma_075xRemin_5xpCO2.pO2xPO4_5x5a.dat.24,2.11,1.2,1.8,0.49245255,Kellwasser,0.75,1.0,17.06,146.8665869,Devon370Ma_1xRemin_0.75xpCO2.pO2xPO4_5x5c.dat.43,10.64,0.9,0.2,-7.0,8.53,0.25,-56.6842063,17.180825256689644
167,166,1.0,0.9,0.427189722,Background,5.0,0.75,24.06,203.5507932,Devon370Ma_075xRemin_5xpCO2.pO2xPO4_5x5a.dat.24,2.11,1.2,1.8,0.49245255,Kellwasser,0.75,1.0,17.06,146.8665869,Devon370Ma_1xRemin_0.75xpCO2.pO2xPO4_5x5c.dat.43,10.64,0.9,0.2,-7.0,8.53,0.25,-56.6842063,17.180825256689644
168,167,1.0,0.9,0.427189722,Background,5.0,0.75,24.06,203.5507932,Devon370Ma_075xRemin_5xpCO2.pO2xPO4_5x5a.dat.24,2.11,1.2,1.9,0.49245255,Kellwasser,0.75,1.0,17.06,170.2301379,Devon370Ma_1xRemin_0.75xpCO2.pO2xPO4_5x5c.dat.44,10.64,1.0,0.2,-7.0,8.53,0.25,-33.3206553,17.180825256689644
237,236,1.0,0.9,0.427189722,Background,5.0,0.75,24.06,203.5507932,Devon370Ma_075xRemin_5xpCO2.pO2xPO4_5x5a.dat.24,2.11,1.2,1.9,0.49245255,Kellwasser,0.75,1.0,17.06,170.2301379,Devon370Ma_1xRemin_0.75xpCO2.pO2xPO4_5x5c.dat.44,10.64,1.0,0.2,-7.0,8.53,0.25,-33.3206553,17.180825256689644
312,311,1.0,1.0,0.371971628,Background,2.5,1.0,21.46,87.83979865,251103.pO2xPO4_5x5b.dat.20,2.75,1.1,1.6,0.521273485,Kellwasser,1.0,0.75,18.18,91.41401824,Devon370Ma_075xRemin_1xpCO2.pO2xPO4_5x5c.dat.31,12.2,0.6,0.1,-3.28,9.45,-0.25,3.57421959,17.44720766474197
220,219,1.0,0.9,0.427189722,Background,5.0,0.75,24.06,203.5507932,Devon370Ma_075xRemin_5xpCO2.pO2xPO4_5x5a.dat.24,2.11,1.0,1.3,0.679021468,Kellwasser,1.0,0.75,18.18,154.1479141,Devon370Ma_075xRemin_1xpCO2.pO2xPO4_5x5b.dat.23,7.52,0.4,0.0,-5.88,5.41,0.0,-49.4028791,17.48744469689933
151,150,1.0,0.9,0.427189722,Background,5.0,0.75,24.06,203.5507932,Devon370Ma_075xRemin_5xpCO2.pO2xPO4_5x5a.dat.24,2.11,1.0,1.3,0.679021468,Kellwasser,1.0,0.75,18.18,154.1479141,Devon370Ma_075xRemin_1xpCO2.pO2xPO4_5x5b.dat.23,7.52,0.4,0.0,-5.88,5.41,0.0,-49.4028791,17.48744469689933
257,256,1.1,1.0,0.390493104,Background,5.0,0.75,24.06,77.53463433,Devon370Ma_075xRemin_5xpCO2.pO2xPO4_5x5b.dat.30,2.29,1.0,1.5,0.576999912,Kellwasser,0.75,1.0,17.06,80.04620759,Devon370Ma_1xRemin_0.75xpCO2.pO2xPO4_5x5c.dat.20,12.84,0.5,-0.1,-7.0,10.55,0.25,2.51157326,17.50858769124959
169,168,0.8,0.7,0.3879819,Background,5.0,0.75,24.06,130.5182668,Devon370Ma_075xRemin_5xpCO2.pO2xPO4_5x5a.dat.02,1.83,0.8,1.1,0.512140493,Kellwasser,1.0,0.5,18.18,94.47151388,Devon370Ma_050xRemin_1xpCO2.pO2xPO4_5x5b.dat.01,8.26,0.4,0.0,-5.88,6.43,-0.25,-36.04675292,17.51019986649596
100,99,0.8,0.7,0.3879819,Background,5.0,0.75,24.06,130.5182668,Devon370Ma_075xRemin_5xpCO2.pO2xPO4_5x5a.dat.02,1.83,0.8,1.1,0.512140493,Kellwasser,1.0,0.5,18.18,94.47151388,Devon370Ma_050xRemin_1xpCO2.pO2xPO4_5x5b.dat.01,8.26,0.4,0.0,-5.88,6.43,-0.25,-36.04675292,17.51019986649596
203,202,0.9,0.8,0.414501043,Background,5.0,0.75,24.06,166.1389542,Devon370Ma_075xRemin_5xpCO2.pO2xPO4_5x5a.dat.13,1.83,0.9,1.4,0.66094357,Kellwasser,1.0,0.75,18.18,169.6706604,Devon370Ma_075xRemin_1xpCO2.pO2xPO4_5x5b.dat.14,14.68,0.6,0.0,-5.88,12.85,0.0,3.5317062,17.601187895553753
132,131,0.9,0.8,0.414501043,Background,5.0,0.75,24.06,166.1389542,Devon370Ma_075xRemin_5xpCO2.pO2xPO4_5x5a.dat.13,1.83,0.9,1.3,0.66094357,Kellwasser,1.0,0.75,18.18,145.8663173,Devon370Ma_075xRemin_1xpCO2.pO2xPO4_5x5b.dat.13,14.68,0.5,0.0,-5.88,12.85,0.0,-20.2726369,17.601187895553753
201,200,0.9,0.8,0.414501043,Background,5.0,0.75,24.06,166.1389542,Devon370Ma_075xRemin_5xpCO2.pO2xPO4_5x5a.dat.13,1.83,0.9,1.3,0.66094357,Kellwasser,1.0,0.75,18.18,145.8663173,Devon370Ma_075xRemin_1xpCO2.pO2xPO4_5x5b.dat.13,14.68,0.5,0.0,-5.88,12.85,0.0,-20.2726369,17.601187895553753
134,133,0.9,0.8,0.414501043,Background,5.0,0.75,24.06,166.1389542,Devon370Ma_075xRemin_5xpCO2.pO2xPO4_5x5a.dat.13,1.83,0.9,1.4,0.66094357,Kellwasser,1.0,0.75,18.18,169.6706604,Devon370Ma_075xRemin_1xpCO2.pO2xPO4_5x5b.dat.14,14.68,0.6,0.0,-5.88,12.85,0.0,3.5317062,17.601187895553753
437,436,1.2,1.1,0.355242122,Background,5.0,1.0,24.06,109.5454572,Devon370Ma_1xRemin_5xpCO2.pO2xPO4_5x5b.dat.41,2.57,1.1,1.6,0.5543525,Kellwasser,0.75,1.0,17.06,100.9647749,Devon370Ma_1xRemin_0.75xpCO2.pO2xPO4_5x5c.dat.31,10.09,0.5,-0.1,-7.0,7.52,0.0,-8.5806823,17.67087923085466
240,239,1.1,1.0,0.390493104,Background,5.0,0.75,24.06,77.53463433,Devon370Ma_075xRemin_5xpCO2.pO2xPO4_5x5b.dat.30,2.29,0.9,1.4,0.394946273,Kellwasser,0.75,0.75,17.06,173.7303537,Devon370Ma_075xRemin_0.75xpCO2.pO2xPO4_5x5b.dat.14,11.47,0.4,-0.2,-7.0,9.18,0.0,96.19571937,17.770808523062996
25,24,1.2,0.9,0.352479784,Background,5.0,0.5,24.06,223.9596215,Devon370Ma_050xRemin_5xpCO2.pO2xPO4_5x5a.dat.44,1.19,1.0,1.3,0.740030777,Kellwasser,0.75,0.75,17.06,157.7604708,Devon370Ma_075xRemin_0.75xpCO2.pO2xPO4_5x5b.dat.23,6.51,0.4,-0.2,-7.0,5.32,0.25,-66.1991507,17.80216893062432
289,288,0.9,0.9,0.351258549,Background,2.5,1.0,21.46,217.7454153,251103.pO2xPO4_5x5a.dat.14,2.84,1.0,1.4,0.642239103,Kellwasser,1.0,0.75,18.18,179.7021687,Devon370Ma_075xRemin_1xpCO2.pO2xPO4_5x5b.dat.24,11.1,0.5,0.1,-3.28,8.26,-0.25,-38.0432466,17.87402588222563
191,190,0.9,0.8,0.414501043,Background,5.0,0.75,24.06,166.1389542,Devon370Ma_075xRemin_5xpCO2.pO2xPO4_5x5a.dat.13,1.83,0.8,1.2,0.581754066,Kellwasser,0.75,0.75,17.06,121.8285979,Devon370Ma_075xRemin_0.75xpCO2.pO2xPO4_5x5b.dat.02,11.01,0.4,-0.1,-7.0,9.18,0.0,-44.3103563,17.995776977167672
122,121,0.9,0.8,0.414501043,Background,5.0,0.75,24.06,166.1389542,Devon370Ma_075xRemin_5xpCO2.pO2xPO4_5x5a.dat.13,1.83,0.8,1.2,0.581754066,Kellwasser,0.75,0.75,17.06,121.8285979,Devon370Ma_075xRemin_0.75xpCO2.pO2xPO4_5x5b.dat.02,11.01,0.4,-0.1,-7.0,9.18,0.0,-44.3103563,17.995776977167672
427,426,1.2,1.1,0.355242122,Background,5.0,1.0,24.06,109.5454572,Devon370Ma_1xRemin_5xpCO2.pO2xPO4_5x5b.dat.41,2.57,1.0,1.5,0.447463833,Kellwasser,0.75,0.75,17.06,75.25343972,Devon370Ma_075xRemin_0.75xpCO2.pO2xPO4_5x5c.dat.20,8.53,0.4,-0.2,-7.0,5.96,-0.25,-34.29201748,18.08330120490059
453,452,1.1,1.1,0.355966851,Background,5.0,1.0,24.06,102.5284655,Devon370Ma_1xRemin_5xpCO2.pO2xPO4_5x5b.dat.31,3.67,1.0,1.5,0.576999912,Kellwasser,0.75,1.0,17.06,80.04620759,Devon370Ma_1xRemin_0.75xpCO2.pO2xPO4_5x5c.dat.20,12.84,0.4,-0.1,-7.0,9.17,0.0,-22.48225791,18.198008352019414
441,440,1.1,1.1,0.355966851,Background,5.0,1.0,24.06,102.5284655,Devon370Ma_1xRemin_5xpCO2.pO2xPO4_5x5b.dat.31,3.67,0.9,1.4,0.394946273,Kellwasser,0.75,0.75,17.06,173.7303537,Devon370Ma_075xRemin_0.75xpCO2.pO2xPO4_5x5b.dat.14,11.47,0.3,-0.2,-7.0,7.8,-0.25,71.2018882,18.32620404926603
72,71,1.1,1.0,0.427801779,Background,2.5,0.75,21.46,85.84064926,Devon370Ma_075xRemin_2.5xpCO2.pO2xPO4_5x5b.dat.30,1.38,1.2,1.8,0.375039434,Kellwasser,1.0,0.75,18.18,133.0883533,Devon370Ma_075xRemin_1xpCO2.pO2xPO4_5x5c.dat.43,12.75,0.8,0.1,-3.28,11.37,0.0,47.24770404,18.42042832692593
366,365,1.0,1.1,0.393150484,Background,2.5,1.0,21.46,107.1565566,251103.pO2xPO4_5x5b.dat.21,3.94,1.1,1.6,0.521273485,Kellwasser,1.0,0.75,18.18,91.41401824,Devon370Ma_075xRemin_1xpCO2.pO2xPO4_5x5c.dat.31,12.2,0.5,0.1,-3.28,8.26,-0.25,-15.74253836,18.44990913151846
39,38,1.2,0.9,0.352479784,Background,5.0,0.5,24.06,223.9596215,Devon370Ma_050xRemin_5xpCO2.pO2xPO4_5x5a.dat.44,1.19,1.1,1.6,0.521273485,Kellwasser,1.0,0.75,18.18,91.41401824,Devon370Ma_075xRemin_1xpCO2.pO2xPO4_5x5c.dat.31,12.2,0.7,-0.1,-5.88,11.01,0.25,-132.5456033,18.63207106607445
43,42,1.2,0.9,0.352479784,Background,5.0,0.5,24.06,223.9596215,Devon370Ma_050xRemin_5xpCO2.pO2xPO4_5x5a.dat.44,1.19,1.0,1.5,0.576999912,Kellwasser,0.75,1.0,17.06,80.04620759,Devon370Ma_1xRemin_0.75xpCO2.pO2xPO4_5x5c.dat.20,12.84,0.6,-0.2,-7.0,11.65,0.5,-143.9134139,18.6707922487413
271,270,1.2,1.1,0.370451494,Background,5.0,0.75,24.06,100.7840037,Devon370Ma_075xRemin_5xpCO2.pO2xPO4_5x5b.dat.41,2.29,1.1,1.6,0.521273485,Kellwasser,1.0,0.75,18.18,91.41401824,Devon370Ma_075xRemin_1xpCO2.pO2xPO4_5x5c.dat.31,12.2,0.5,-0.1,-5.88,9.91,0.0,-9.36998546,18.69003091079818
238,237,1.1,1.0,0.390493104,Background,5.0,0.75,24.06,77.53463433,Devon370Ma_075xRemin_5xpCO2.pO2xPO4_5x5b.dat.30,2.29,0.9,1.3,0.607251064,Kellwasser,0.75,0.75,17.06,149.5253819,Devon370Ma_075xRemin_0.75xpCO2.pO2xPO4_5x5b.dat.13,8.26,0.3,-0.2,-7.0,5.97,0.0,71.99074757,18.812460213356093
129,128,0.9,0.8,0.414501043,Background,5.0,0.75,24.06,166.1389542,Devon370Ma_075xRemin_5xpCO2.pO2xPO4_5x5a.dat.13,1.83,0.9,1.2,0.707311062,Kellwasser,1.0,0.75,18.18,123.9745034,Devon370Ma_075xRemin_1xpCO2.pO2xPO4_5x5b.dat.12,9.27,0.4,0.0,-5.88,7.44,0.0,-42.1644508,18.90673219156623
198,197,0.9,0.8,0.414501043,Background,5.0,0.75,24.06,166.1389542,Devon370Ma_075xRemin_5xpCO2.pO2xPO4_5x5a.dat.13,1.83,0.9,1.2,0.707311062,Kellwasser,1.0,0.75,18.18,123.9745034,Devon370Ma_075xRemin_1xpCO2.pO2xPO4_5x5b.dat.12,9.27,0.4,0.0,-5.88,7.44,0.0,-42.1644508,18.90673219156623
403,402,1.1,1.2,0.416669591,Background,2.5,1.0,21.46,136.0907772,251103.pO2xPO4_5x5b.dat.32,3.85,1.2,1.8,0.375039434,Kellwasser,1.0,0.75,18.18,133.0883533,Devon370Ma_075xRemin_1xpCO2.pO2xPO4_5x5c.dat.43,12.75,0.6,0.1,-3.28,8.9,-0.25,-3.0024239,18.986393020798552
432,431,1.2,1.1,0.355242122,Background,5.0,1.0,24.06,109.5454572,Devon370Ma_1xRemin_5xpCO2.pO2xPO4_5x5b.dat.41,2.57,1.1,1.6,0.521273485,Kellwasser,1.0,0.75,18.18,91.41401824,Devon370Ma_075xRemin_1xpCO2.pO2xPO4_5x5c.dat.31,12.2,0.5,-0.1,-5.88,9.63,-0.25,-18.13143896,19.029061907275544
426,425,1.2,1.1,0.355242122,Background,5.0,1.0,24.06,109.5454572,Devon370Ma_1xRemin_5xpCO2.pO2xPO4_5x5b.dat.41,2.57,1.0,1.4,0.615350876,Kellwasser,0.75,0.75,17.06,183.8741737,Devon370Ma_075xRemin_0.75xpCO2.pO2xPO4_5x5b.dat.24,7.8,0.3,-0.2,-7.0,5.23,-0.25,74.3287165,19.076920677016222
189,188,0.9,0.8,0.414501043,Background,5.0,0.75,24.06,166.1389542,Devon370Ma_075xRemin_5xpCO2.pO2xPO4_5x5a.dat.13,1.83,0.8,1.1,0.704886087,Kellwasser,0.75,0.75,17.06,102.3750592,Devon370Ma_075xRemin_0.75xpCO2.pO2xPO4_5x5b.dat.01,7.8,0.3,-0.1,-7.0,5.97,0.0,-63.763895,19.099975111474937
120,119,0.9,0.8,0.414501043,Background,5.0,0.75,24.06,166.1389542,Devon370Ma_075xRemin_5xpCO2.pO2xPO4_5x5a.dat.13,1.83,0.8,1.1,0.704886087,Kellwasser,0.75,0.75,17.06,102.3750592,Devon370Ma_075xRemin_0.75xpCO2.pO2xPO4_5x5b.dat.01,7.8,0.3,-0.1,-7.0,5.97,0.0,-63.763895,19.099975111474937
250,249,1.1,1.0,0.390493104,Background,5.0,0.75,24.06,77.53463433,Devon370Ma_075xRemin_5xpCO2.pO2xPO4_5x5b.dat.30,2.29,1.0,1.5,0.524769688,Kellwasser,1.0,0.75,18.18,72.0914104,Devon370Ma_075xRemin_1xpCO2.pO2xPO4_5x5c.dat.20,15.96,0.5,-0.1,-5.88,13.67,0.0,-5.44322393,19.12464231774029
446,445,1.1,1.1,0.355966851,Background,5.0,1.0,24.06,102.5284655,Devon370Ma_1xRemin_5xpCO2.pO2xPO4_5x5b.dat.31,3.67,1.0,1.5,0.524769688,Kellwasser,1.0,0.75,18.18,72.0914104,Devon370Ma_075xRemin_1xpCO2.pO2xPO4_5x5c.dat.20,15.96,0.4,-0.1,-5.88,12.29,-0.25,-30.4370551,19.196090653312805
468,467,1.2,1.2,0.365956576,Background,5.0,1.0,24.06,122.8022011,Devon370Ma_1xRemin_5xpCO2.pO2xPO4_5x5b.dat.42,3.58,1.0,1.6,0.575716022,Kellwasser,0.75,1.0,17.06,97.3596907,Devon370Ma_1xRemin_0.75xpCO2.pO2xPO4_5x5c.dat.21,18.07,0.4,-0.2,-7.0,14.49,0.0,-25.4425104,19.23760797518061
36,35,1.2,0.9,0.352479784,Background,5.0,0.5,24.06,223.9596215,Devon370Ma_050xRemin_5xpCO2.pO2xPO4_5x5a.dat.44,1.19,1.1,1.5,0.646946866,Kellwasser,1.0,0.75,18.18,74.9922765,Devon370Ma_075xRemin_1xpCO2.pO2xPO4_5x5c.dat.30,7.98,0.6,-0.1,-5.88,6.79,0.25,-148.967345,19.301017350868815
275,274,1.2,1.1,0.370451494,Background,5.0,0.75,24.06,100.7840037,Devon370Ma_075xRemin_5xpCO2.pO2xPO4_5x5b.dat.41,2.29,1.0,1.5,0.576999912,Kellwasser,0.75,1.0,17.06,80.04620759,Devon370Ma_1xRemin_0.75xpCO2.pO2xPO4_5x5c.dat.20,12.84,0.4,-0.2,-7.0,10.55,0.25,-20.73779611,19.36132771665283
268,267,1.2,1.1,0.370451494,Background,5.0,0.75,24.06,100.7840037,Devon370Ma_075xRemin_5xpCO2.pO2xPO4_5x5b.dat.41,2.29,1.1,1.5,0.646946866,Kellwasser,1.0,0.75,18.18,74.9922765,Devon370Ma_075xRemin_1xpCO2.pO2xPO4_5x5c.dat.30,7.98,0.4,-0.1,-5.88,5.69,0.0,-25.7917272,19.419731828593374
147,146,1.0,0.9,0.427189722,Background,5.0,0.75,24.06,203.5507932,Devon370Ma_075xRemin_5xpCO2.pO2xPO4_5x5a.dat.24,2.11,1.2,1.7,0.44513511,Kellwasser,0.75,0.75,17.06,117.0295218,Devon370Ma_075xRemin_0.75xpCO2.pO2xPO4_5x5c.dat.42,7.34,0.8,0.2,-7.0,5.23,0.0,-86.5212714,19.605221396408425
216,215,1.0,0.9,0.427189722,Background,5.0,0.75,24.06,203.5507932,Devon370Ma_075xRemin_5xpCO2.pO2xPO4_5x5a.dat.24,2.11,1.2,1.7,0.44513511,Kellwasser,0.75,0.75,17.06,117.0295218,Devon370Ma_075xRemin_0.75xpCO2.pO2xPO4_5x5c.dat.42,7.34,0.8,0.2,-7.0,5.23,0.0,-86.5212714,19.605221396408425
462,461,1.2,1.2,0.365956576,Background,5.0,1.0,24.06,122.8022011,Devon370Ma_1xRemin_5xpCO2.pO2xPO4_5x5b.dat.42,3.58,1.1,1.6,0.521273485,Kellwasser,1.0,0.75,18.18,91.41401824,Devon370Ma_075xRemin_1xpCO2.pO2xPO4_5x5c.dat.31,12.2,0.4,-0.1,-5.88,8.62,-0.25,-31.38818286,19.641693905228816
436,435,1.2,1.1,0.355242122,Background,5.0,1.0,24.06,109.5454572,Devon370Ma_1xRemin_5xpCO2.pO2xPO4_5x5b.dat.41,2.57,1.0,1.5,0.576999912,Kellwasser,0.75,1.0,17.06,80.04620759,Devon370Ma_1xRemin_0.75xpCO2.pO2xPO4_5x5c.dat.20,12.84,0.4,-0.2,-7.0,10.27,0.0,-29.49924961,19.74180459692794
33,32,1.2,0.9,0.352479784,Background,5.0,0.5,24.06,223.9596215,Devon370Ma_050xRemin_5xpCO2.pO2xPO4_5x5a.dat.44,1.19,1.1,1.4,0.694506238,Kellwasser,1.0,0.75,18.18,190.6808611,Devon370Ma_075xRemin_1xpCO2.pO2xPO4_5x5b.dat.34,6.79,0.5,-0.1,-5.88,5.6,0.25,-33.2787604,19.772588862837033
113,112,0.8,0.7,0.3879819,Background,5.0,0.75,24.06,130.5182668,Devon370Ma_075xRemin_5xpCO2.pO2xPO4_5x5a.dat.02,1.83,0.8,1.2,0.684237598,Kellwasser,1.0,0.75,18.18,118.3068962,Devon370Ma_075xRemin_1xpCO2.pO2xPO4_5x5b.dat.02,12.57,0.5,0.0,-5.88,10.74,0.0,-12.2113706,19.813048230462112
111,110,0.8,0.7,0.3879819,Background,5.0,0.75,24.06,130.5182668,Devon370Ma_075xRemin_5xpCO2.pO2xPO4_5x5a.dat.02,1.83,0.8,1.1,0.684237598,Kellwasser,1.0,0.75,18.18,103.7711627,Devon370Ma_075xRemin_1xpCO2.pO2xPO4_5x5b.dat.01,12.57,0.4,0.0,-5.88,10.74,0.0,-26.7471041,19.813048230462112
180,179,0.8,0.7,0.3879819,Background,5.0,0.75,24.06,130.5182668,Devon370Ma_075xRemin_5xpCO2.pO2xPO4_5x5a.dat.02,1.83,0.8,1.1,0.684237598,Kellwasser,1.0,0.75,18.18,103.7711627,Devon370Ma_075xRemin_1xpCO2.pO2xPO4_5x5b.dat.01,12.57,0.4,0.0,-5.88,10.74,0.0,-26.7471041,19.813048230462112
182,181,0.8,0.7,0.3879819,Background,5.0,0.75,24.06,130.5182668,Devon370Ma_075xRemin_5xpCO2.pO2xPO4_5x5a.dat.02,1.83,0.8,1.2,0.684237598,Kellwasser,1.0,0.75,18.18,118.3068962,Devon370Ma_075xRemin_1xpCO2.pO2xPO4_5x5b.dat.02,12.57,0.5,0.0,-5.88,10.74,0.0,-12.2113706,19.813048230462112
8,7,1.2,0.9,0.364158016,Background,2.5,0.5,21.46,239.3142786,251104.pO2xPO4_5x5a.dat.44,1.1,1.2,1.7,0.44513511,Kellwasser,0.75,0.75,17.06,117.0295218,Devon370Ma_075xRemin_0.75xpCO2.pO2xPO4_5x5c.dat.42,7.34,0.8,0.0,-4.4,6.24,0.25,-122.2847568,19.919857245905717
6,5,1.2,0.9,0.364158016,Background,2.5,0.5,21.46,239.3142786,251104.pO2xPO4_5x5a.dat.44,1.1,1.2,1.6,0.590950113,Kellwasser,0.75,0.75,17.06,98.41647989,Devon370Ma_075xRemin_0.75xpCO2.pO2xPO4_5x5c.dat.41,6.7,0.7,0.0,-4.4,5.6,0.25,-140.8977987,19.95735623833285
466,465,1.2,1.2,0.365956576,Background,5.0,1.0,24.06,122.8022011,Devon370Ma_1xRemin_5xpCO2.pO2xPO4_5x5b.dat.42,3.58,1.0,1.5,0.576999912,Kellwasser,0.75,1.0,17.06,80.04620759,Devon370Ma_1xRemin_0.75xpCO2.pO2xPO4_5x5c.dat.20,12.84,0.3,-0.2,-7.0,9.26,0.0,-42.75599351,20.034591153790267
330,329,0.9,1.0,0.356375169,Background,2.5,1.0,21.46,83.33381993,251103.pO2xPO4_5x5b.dat.10,3.94,1.0,1.4,0.642239103,Kellwasser,1.0,0.75,18.18,179.7021687,Devon370Ma_075xRemin_1xpCO2.pO2xPO4_5x5b.dat.24,11.1,0.4,0.1,-3.28,7.16,-0.25,96.36834877,20.084864936351437
24,23,1.2,0.9,0.364158016,Background,2.5,0.5,21.46,239.3142786,251104.pO2xPO4_5x5a.dat.44,1.1,1.2,1.9,0.49245255,Kellwasser,0.75,1.0,17.06,170.2301379,Devon370Ma_1xRemin_0.75xpCO2.pO2xPO4_5x5c.dat.44,10.64,1.0,0.0,-4.4,9.54,0.5,-69.0841407,20.193859837088066
23,22,1.2,0.9,0.364158016,Background,2.5,0.5,21.46,239.3142786,251104.pO2xPO4_5x5a.dat.44,1.1,1.2,1.8,0.49245255,Kellwasser,0.75,1.0,17.06,146.8665869,Devon370Ma_1xRemin_0.75xpCO2.pO2xPO4_5x5c.dat.43,10.64,0.9,0.0,-4.4,9.54,0.5,-92.4476917,20.193859837088066
310,309,1.0,1.0,0.371971628,Background,2.5,1.0,21.46,87.83979865,251103.pO2xPO4_5x5b.dat.20,2.75,1.1,1.5,0.646946866,Kellwasser,1.0,0.75,18.18,74.9922765,Devon370Ma_075xRemin_1xpCO2.pO2xPO4_5x5c.dat.30,7.98,0.5,0.1,-3.28,5.23,-0.25,-12.84752215,20.21710533130507
141,140,1.0,0.9,0.427189722,Background,5.0,0.75,24.06,203.5507932,Devon370Ma_075xRemin_5xpCO2.pO2xPO4_5x5a.dat.24,2.11,0.8,1.2,0.581754066,Kellwasser,0.75,0.75,17.06,121.8285979,Devon370Ma_075xRemin_0.75xpCO2.pO2xPO4_5x5b.dat.02,11.01,0.3,-0.2,-7.0,8.9,0.0,-81.7221953,20.239984856999993
210,209,1.0,0.9,0.427189722,Background,5.0,0.75,24.06,203.5507932,Devon370Ma_075xRemin_5xpCO2.pO2xPO4_5x5a.dat.24,2.11,0.8,1.2,0.581754066,Kellwasser,0.75,0.75,17.06,121.8285979,Devon370Ma_075xRemin_0.75xpCO2.pO2xPO4_5x5b.dat.02,11.01,0.3,-0.2,-7.0,8.9,0.0,-81.7221953,20.239984856999993
70,69,1.1,1.0,0.427801779,Background,2.5,0.75,21.46,85.84064926,Devon370Ma_075xRemin_2.5xpCO2.pO2xPO4_5x5b.dat.30,1.38,1.2,1.7,0.472367969,Kellwasser,1.0,0.75,18.18,113.443406,Devon370Ma_075xRemin_1xpCO2.pO2xPO4_5x5c.dat.42,9.91,0.7,0.1,-3.28,8.53,0.0,27.60275674,20.47092946649108
401,400,1.1,1.2,0.416669591,Background,2.5,1.0,21.46,136.0907772,251103.pO2xPO4_5x5b.dat.32,3.85,1.2,1.7,0.472367969,Kellwasser,1.0,0.75,18.18,113.443406,Devon370Ma_075xRemin_1xpCO2.pO2xPO4_5x5c.dat.42,9.91,0.5,0.1,-3.28,6.06,-0.25,-22.6473712,20.562407052598957
163,162,1.0,0.9,0.427189722,Background,5.0,0.75,24.06,203.5507932,Devon370Ma_075xRemin_5xpCO2.pO2xPO4_5x5a.dat.24,2.11,0.9,1.3,0.503735592,Kellwasser,0.75,1.0,17.06,161.3606291,Devon370Ma_1xRemin_0.75xpCO2.pO2xPO4_5x5b.dat.13,11.56,0.4,-0.1,-7.0,9.45,0.25,-42.1901641,20.590617779790602
232,231,1.0,0.9,0.427189722,Background,5.0,0.75,24.06,203.5507932,Devon370Ma_075xRemin_5xpCO2.pO2xPO4_5x5a.dat.24,2.11,0.9,1.3,0.503735592,Kellwasser,0.75,1.0,17.06,161.3606291,Devon370Ma_1xRemin_0.75xpCO2.pO2xPO4_5x5b.dat.13,11.56,0.4,-0.1,-7.0,9.45,0.25,-42.1901641,20.590617779790602
444,443,1.1,1.1,0.355966851,Background,5.0,1.0,24.06,102.5284655,Devon370Ma_1xRemin_5xpCO2.pO2xPO4_5x5b.dat.31,3.67,1.0,1.4,0.642239103,Kellwasser,1.0,0.75,18.18,179.7021687,Devon370Ma_075xRemin_1xpCO2.pO2xPO4_5x5b.dat.24,11.1,0.3,-0.1,-5.88,7.43,-0.25,77.1737032,20.60095913974157
247,246,1.1,1.0,0.390493104,Background,5.0,0.75,24.06,77.53463433,Devon370Ma_075xRemin_5xpCO2.pO2xPO4_5x5b.dat.30,2.29,1.0,1.4,0.642239103,Kellwasser,1.0,0.75,18.18,179.7021687,Devon370Ma_075xRemin_1xpCO2.pO2xPO4_5x5b.dat.24,11.1,0.4,-0.1,-5.88,8.81,0.0,102.1675344,20.639947192520886
84,83,1.2,1.1,0.468167688,Background,2.5,0.75,21.46,111.5448613,Devon370Ma_075xRemin_2.5xpCO2.pO2xPO4_5x5b.dat.41,1.65,1.2,1.7,0.44513511,Kellwasser,0.75,0.75,17.06,117.0295218,Devon370Ma_075xRemin_0.75xpCO2.pO2xPO4_5x5c.dat.42,7.34,0.6,0.0,-4.4,5.69,0.0,5.4846605,20.747077898323404
188,187,0.9,0.8,0.414501043,Background,5.0,0.75,24.06,166.1389542,Devon370Ma_075xRemin_5xpCO2.pO2xPO4_5x5a.dat.13,1.83,0.8,1.1,0.512140493,Kellwasser,1.0,0.5,18.18,94.47151388,Devon370Ma_050xRemin_1xpCO2.pO2xPO4_5x5b.dat.01,8.26,0.3,-0.1,-5.88,6.43,-0.25,-71.66744032,20.75421781583168
119,118,0.9,0.8,0.414501043,Background,5.0,0.75,24.06,166.1389542,Devon370Ma_075xRemin_5xpCO2.pO2xPO4_5x5a.dat.13,1.83,0.8,1.1,0.512140493,Kellwasser,1.0,0.5,18.18,94.47151388,Devon370Ma_050xRemin_1xpCO2.pO2xPO4_5x5b.dat.01,8.26,0.3,-0.1,-5.88,6.43,-0.25,-71.66744032,20.75421781583168
56,55,1.1,1.0,0.427801779,Background,2.5,0.75,21.46,85.84064926,Devon370Ma_075xRemin_2.5xpCO2.pO2xPO4_5x5b.dat.30,1.38,1.1,1.6,0.455580778,Kellwasser,0.75,0.75,17.06,94.77377171,Devon370Ma_075xRemin_0.75xpCO2.pO2xPO4_5x5c.dat.31,7.98,0.6,0.0,-4.4,6.6,0.0,8.93312245,20.79195926040432
325,324,0.9,1.0,0.356375169,Background,2.5,1.0,21.46,83.33381993,251103.pO2xPO4_5x5b.dat.10,3.94,0.9,1.4,0.394946273,Kellwasser,0.75,0.75,17.06,173.7303537,Devon370Ma_075xRemin_0.75xpCO2.pO2xPO4_5x5b.dat.14,11.47,0.4,0.0,-4.4,7.53,-0.25,90.39653377,21.041624472845132
430,429,1.2,1.1,0.355242122,Background,5.0,1.0,24.06,109.5454572,Devon370Ma_1xRemin_5xpCO2.pO2xPO4_5x5b.dat.41,2.57,1.1,1.5,0.646946866,Kellwasser,1.0,0.75,18.18,74.9922765,Devon370Ma_075xRemin_1xpCO2.pO2xPO4_5x5c.dat.30,7.98,0.4,-0.1,-5.88,5.41,-0.25,-34.5531807,21.35407450268675
82,81,1.2,1.1,0.468167688,Background,2.5,0.75,21.46,111.5448613,Devon370Ma_075xRemin_2.5xpCO2.pO2xPO4_5x5b.dat.41,1.65,1.2,1.6,0.590950113,Kellwasser,0.75,0.75,17.06,98.41647989,Devon370Ma_075xRemin_0.75xpCO2.pO2xPO4_5x5c.dat.41,6.7,0.5,0.0,-4.4,5.05,0.0,-13.12838141,21.41320657970356
209,208,1.0,0.9,0.427189722,Background,5.0,0.75,24.06,203.5507932,Devon370Ma_075xRemin_5xpCO2.pO2xPO4_5x5a.dat.24,2.11,0.8,1.1,0.704886087,Kellwasser,0.75,0.75,17.06,102.3750592,Devon370Ma_075xRemin_0.75xpCO2.pO2xPO4_5x5b.dat.01,7.8,0.2,-0.2,-7.0,5.69,0.0,-101.175734,21.41697318504648
140,139,1.0,0.9,0.427189722,Background,5.0,0.75,24.06,203.5507932,Devon370Ma_075xRemin_5xpCO2.pO2xPO4_5x5a.dat.24,2.11,0.8,1.1,0.704886087,Kellwasser,0.75,0.75,17.06,102.3750592,Devon370Ma_075xRemin_0.75xpCO2.pO2xPO4_5x5b.dat.01,7.8,0.2,-0.2,-7.0,5.69,0.0,-101.175734,21.41697318504648
109,108,0.8,0.7,0.3879819,Background,5.0,0.75,24.06,130.5182668,Devon370Ma_075xRemin_5xpCO2.pO2xPO4_5x5a.dat.02,1.83,0.7,1.1,0.474595226,Kellwasser,0.75,0.75,17.06,31.89502604,Devon370Ma_075xRemin_0.75xpCO2.pO2xPO4_5x5e.dat.41,14.22,0.4,-0.1,-7.0,12.39,0.0,-98.62324076,21.512070188734427
178,177,0.8,0.7,0.3879819,Background,5.0,0.75,24.06,130.5182668,Devon370Ma_075xRemin_5xpCO2.pO2xPO4_5x5a.dat.02,1.83,0.7,1.1,0.474595226,Kellwasser,0.75,0.75,17.06,31.89502604,Devon370Ma_075xRemin_0.75xpCO2.pO2xPO4_5x5e.dat.41,14.22,0.4,-0.1,-7.0,12.39,0.0,-98.62324076,21.512070188734427
53,52,1.1,1.0,0.427801779,Background,2.5,0.75,21.46,85.84064926,Devon370Ma_075xRemin_2.5xpCO2.pO2xPO4_5x5b.dat.30,1.38,1.1,1.5,0.590360128,Kellwasser,0.75,0.75,17.06,77.98270963,Devon370Ma_075xRemin_0.75xpCO2.pO2xPO4_5x5c.dat.30,7.06,0.5,0.0,-4.4,5.68,0.0,-7.85793963,21.544556911056553
98,97,1.2,1.1,0.468167688,Background,2.5,0.75,21.46,111.5448613,Devon370Ma_075xRemin_2.5xpCO2.pO2xPO4_5x5b.dat.41,1.65,1.2,1.8,0.49245255,Kellwasser,0.75,1.0,17.06,146.8665869,Devon370Ma_1xRemin_0.75xpCO2.pO2xPO4_5x5c.dat.43,10.64,0.7,0.0,-4.4,8.99,0.25,35.3217256,21.612475930427767
99,98,1.2,1.1,0.468167688,Background,2.5,0.75,21.46,111.5448613,Devon370Ma_075xRemin_2.5xpCO2.pO2xPO4_5x5b.dat.41,1.65,1.2,1.9,0.49245255,Kellwasser,0.75,1.0,17.06,170.2301379,Devon370Ma_1xRemin_0.75xpCO2.pO2xPO4_5x5c.dat.44,10.64,0.8,0.0,-4.4,8.99,0.25,58.6852766,21.612475930427767
37,36,1.2,0.9,0.352479784,Background,5.0,0.5,24.06,223.9596215,Devon370Ma_050xRemin_5xpCO2.pO2xPO4_5x5a.dat.44,1.19,1.0,1.5,0.524769688,Kellwasser,1.0,0.75,18.18,72.0914104,Devon370Ma_075xRemin_1xpCO2.pO2xPO4_5x5c.dat.20,15.96,0.6,-0.2,-5.88,14.77,0.25,-151.8682111,21.66366854563309
177,176,0.8,0.7,0.3879819,Background,5.0,0.75,24.06,130.5182668,Devon370Ma_075xRemin_5xpCO2.pO2xPO4_5x5a.dat.02,1.83,0.7,1.0,0.67965977,Kellwasser,0.75,0.75,17.06,18.81755452,Devon370Ma_075xRemin_0.75xpCO2.pO2xPO4_5x5e.dat.40,9.36,0.3,-0.1,-7.0,7.53,0.0,-111.7007123,21.76962783193649
108,107,0.8,0.7,0.3879819,Background,5.0,0.75,24.06,130.5182668,Devon370Ma_075xRemin_5xpCO2.pO2xPO4_5x5a.dat.02,1.83,0.7,1.0,0.67965977,Kellwasser,0.75,0.75,17.06,18.81755452,Devon370Ma_075xRemin_0.75xpCO2.pO2xPO4_5x5e.dat.40,9.36,0.3,-0.1,-7.0,7.53,0.0,-111.7007123,21.76962783193649
302,301,1.0,1.0,0.371971628,Background,2.5,1.0,21.46,87.83979865,251103.pO2xPO4_5x5b.dat.20,2.75,1.0,1.5,0.447463833,Kellwasser,0.75,0.75,17.06,75.25343972,Devon370Ma_075xRemin_0.75xpCO2.pO2xPO4_5x5c.dat.20,8.53,0.5,0.0,-4.4,5.78,-0.25,-12.58635893,21.82762901250339
452,451,1.1,1.1,0.355966851,Background,5.0,1.0,24.06,102.5284655,Devon370Ma_1xRemin_5xpCO2.pO2xPO4_5x5b.dat.31,3.67,0.9,1.4,0.636716441,Kellwasser,0.75,1.0,17.06,187.3711735,Devon370Ma_1xRemin_0.75xpCO2.pO2xPO4_5x5b.dat.14,17.43,0.3,-0.2,-7.0,13.76,0.0,84.842708,21.841150145492378
283,282,0.9,0.9,0.351258549,Background,2.5,1.0,21.46,217.7454153,251103.pO2xPO4_5x5a.dat.14,2.84,0.9,1.4,0.394946273,Kellwasser,0.75,0.75,17.06,173.7303537,Devon370Ma_075xRemin_0.75xpCO2.pO2xPO4_5x5b.dat.14,11.47,0.5,0.0,-4.4,8.63,-0.25,-44.0150616,21.876721500721796
347,346,1.1,1.1,0.416669591,Background,2.5,1.0,21.46,113.6966021,251103.pO2xPO4_5x5b.dat.31,3.85,1.2,1.8,0.375039434,Kellwasser,1.0,0.75,18.18,133.0883533,Devon370Ma_075xRemin_1xpCO2.pO2xPO4_5x5c.dat.43,12.75,0.7,0.1,-3.28,8.9,-0.25,19.3917512,21.989560680322956
256,255,1.1,1.0,0.390493104,Background,5.0,0.75,24.06,77.53463433,Devon370Ma_075xRemin_5xpCO2.pO2xPO4_5x5b.dat.30,2.29,0.9,1.3,0.503735592,Kellwasser,0.75,1.0,17.06,161.3606291,Devon370Ma_1xRemin_0.75xpCO2.pO2xPO4_5x5b.dat.13,11.56,0.3,-0.2,-7.0,9.27,0.25,83.82599477,22.017828172618717
451,450,1.1,1.1,0.355966851,Background,5.0,1.0,24.06,102.5284655,Devon370Ma_1xRemin_5xpCO2.pO2xPO4_5x5b.dat.31,3.67,0.9,1.3,0.503735592,Kellwasser,0.75,1.0,17.06,161.3606291,Devon370Ma_1xRemin_0.75xpCO2.pO2xPO4_5x5b.dat.13,11.56,0.2,-0.2,-7.0,7.89,0.0,58.8321636,22.01796934075599
110,109,0.8,0.7,0.3879819,Background,5.0,0.75,24.06,130.5182668,Devon370Ma_075xRemin_5xpCO2.pO2xPO4_5x5a.dat.02,1.83,0.8,1.0,0.525368358,Kellwasser,1.0,0.75,18.18,81.30603237,Devon370Ma_075xRemin_1xpCO2.pO2xPO4_5x5b.dat.00,7.06,0.3,0.0,-5.88,5.23,0.0,-49.21223443,22.071114923563634
179,178,0.8,0.7,0.3879819,Background,5.0,0.75,24.06,130.5182668,Devon370Ma_075xRemin_5xpCO2.pO2xPO4_5x5a.dat.02,1.83,0.8,1.0,0.525368358,Kellwasser,1.0,0.75,18.18,81.30603237,Devon370Ma_075xRemin_1xpCO2.pO2xPO4_5x5b.dat.00,7.06,0.3,0.0,-5.88,5.23,0.0,-49.21223443,22.071114923563634
68,67,1.1,1.0,0.427801779,Background,2.5,0.75,21.46,85.84064926,Devon370Ma_075xRemin_2.5xpCO2.pO2xPO4_5x5b.dat.30,1.38,1.2,1.6,0.634581795,Kellwasser,1.0,0.75,18.18,95.13406258,Devon370Ma_075xRemin_1xpCO2.pO2xPO4_5x5c.dat.41,7.34,0.6,0.1,-3.28,5.96,0.0,9.29341332,22.23805095623615
245,244,1.1,1.0,0.390493104,Background,5.0,0.75,24.06,77.53463433,Devon370Ma_075xRemin_5xpCO2.pO2xPO4_5x5b.dat.30,2.29,1.0,1.3,0.679021468,Kellwasser,1.0,0.75,18.18,154.1479141,Devon370Ma_075xRemin_1xpCO2.pO2xPO4_5x5b.dat.23,7.52,0.3,-0.1,-5.88,5.23,0.0,76.61327977,22.276098656025816
425,424,1.2,1.3,0.431697772,Background,2.5,1.0,21.46,170.1500732,251103.pO2xPO4_5x5b.dat.43,3.58,1.2,1.9,0.49245255,Kellwasser,0.75,1.0,17.06,170.2301379,Devon370Ma_1xRemin_0.75xpCO2.pO2xPO4_5x5c.dat.44,10.64,0.6,0.0,-4.4,7.06,0.0,0.0800647,22.370120090888378
423,422,1.2,1.3,0.431697772,Background,2.5,1.0,21.46,170.1500732,251103.pO2xPO4_5x5b.dat.43,3.58,1.2,1.8,0.49245255,Kellwasser,0.75,1.0,17.06,146.8665869,Devon370Ma_1xRemin_0.75xpCO2.pO2xPO4_5x5c.dat.43,10.64,0.5,0.0,-4.4,7.06,0.0,-23.2834863,22.370120090888378
76,75,1.1,1.0,0.427801779,Background,2.5,0.75,21.46,85.84064926,Devon370Ma_075xRemin_2.5xpCO2.pO2xPO4_5x5b.dat.30,1.38,1.1,1.7,0.554011959,Kellwasser,0.75,1.0,17.06,120.2411222,Devon370Ma_1xRemin_0.75xpCO2.pO2xPO4_5x5c.dat.32,13.67,0.7,0.0,-4.4,12.29,0.25,34.40047294,22.435304598553664
221,220,1.0,0.9,0.427189722,Background,5.0,0.75,24.06,203.5507932,Devon370Ma_075xRemin_5xpCO2.pO2xPO4_5x5a.dat.24,2.11,0.9,1.3,0.66094357,Kellwasser,1.0,0.75,18.18,145.8663173,Devon370Ma_075xRemin_1xpCO2.pO2xPO4_5x5b.dat.13,14.68,0.4,-0.1,-5.88,12.57,0.0,-57.6844759,22.470874967327923
223,222,1.0,0.9,0.427189722,Background,5.0,0.75,24.06,203.5507932,Devon370Ma_075xRemin_5xpCO2.pO2xPO4_5x5a.dat.24,2.11,0.9,1.4,0.66094357,Kellwasser,1.0,0.75,18.18,169.6706604,Devon370Ma_075xRemin_1xpCO2.pO2xPO4_5x5b.dat.14,14.68,0.5,-0.1,-5.88,12.57,0.0,-33.8801328,22.470874967327923
152,151,1.0,0.9,0.427189722,Background,5.0,0.75,24.06,203.5507932,Devon370Ma_075xRemin_5xpCO2.pO2xPO4_5x5a.dat.24,2.11,0.9,1.3,0.66094357,Kellwasser,1.0,0.75,18.18,145.8663173,Devon370Ma_075xRemin_1xpCO2.pO2xPO4_5x5b.dat.13,14.68,0.4,-0.1,-5.88,12.57,0.0,-57.6844759,22.470874967327923
154,153,1.0,0.9,0.427189722,Background,5.0,0.75,24.06,203.5507932,Devon370Ma_075xRemin_5xpCO2.pO2xPO4_5x5a.dat.24,2.11,0.9,1.4,0.66094357,Kellwasser,1.0,0.75,18.18,169.6706604,Devon370Ma_075xRemin_1xpCO2.pO2xPO4_5x5b.dat.14,14.68,0.5,-0.1,-5.88,12.57,0.0,-33.8801328,22.470874967327923
269,268,1.2,1.1,0.370451494,Background,5.0,0.75,24.06,100.7840037,Devon370Ma_075xRemin_5xpCO2.pO2xPO4_5x5b.dat.41,2.29,1.0,1.5,0.524769688,Kellwasser,1.0,0.75,18.18,72.0914104,Devon370Ma_075xRemin_1xpCO2.pO2xPO4_5x5c.dat.20,15.96,0.4,-0.2,-5.88,13.67,0.0,-28.6925933,22.558482439213655
7,6,1.2,0.9,0.364158016,Background,2.5,0.5,21.46,239.3142786,251104.pO2xPO4_5x5a.dat.44,1.1,1.1,1.6,0.455580778,Kellwasser,0.75,0.75,17.06,94.77377171,Devon370Ma_075xRemin_0.75xpCO2.pO2xPO4_5x5c.dat.31,7.98,0.7,-0.1,-4.4,6.88,0.25,-144.5405069,22.696441472253166
75,74,1.1,1.0,0.427801779,Background,2.5,0.75,21.46,85.84064926,Devon370Ma_075xRemin_2.5xpCO2.pO2xPO4_5x5b.dat.30,1.38,1.1,1.6,0.5543525,Kellwasser,0.75,1.0,17.06,100.9647749,Devon370Ma_1xRemin_0.75xpCO2.pO2xPO4_5x5c.dat.31,10.09,0.6,0.0,-4.4,8.71,0.25,15.12412564,22.827152048084347
411,410,1.1,1.2,0.416669591,Background,2.5,1.0,21.46,136.0907772,251103.pO2xPO4_5x5b.dat.32,3.85,1.1,1.8,0.429420913,Kellwasser,0.75,1.0,17.06,141.0442492,Devon370Ma_1xRemin_0.75xpCO2.pO2xPO4_5x5c.dat.33,18.35,0.6,0.0,-4.4,14.5,0.0,4.953472,22.879414621221027
300,299,1.0,1.0,0.371971628,Background,2.5,1.0,21.46,87.83979865,251103.pO2xPO4_5x5b.dat.20,2.75,1.0,1.4,0.615350876,Kellwasser,0.75,0.75,17.06,183.8741737,Devon370Ma_075xRemin_0.75xpCO2.pO2xPO4_5x5b.dat.24,7.8,0.4,0.0,-4.4,5.05,-0.25,96.03437505,22.91879449650313
461,460,1.2,1.2,0.365956576,Background,5.0,1.0,24.06,122.8022011,Devon370Ma_1xRemin_5xpCO2.pO2xPO4_5x5b.dat.42,3.58,1.0,1.5,0.524769688,Kellwasser,1.0,0.75,18.18,72.0914104,Devon370Ma_075xRemin_1xpCO2.pO2xPO4_5x5c.dat.20,15.96,0.3,-0.2,-5.88,12.38,-0.25,-50.7107907,22.931512673426333
34,33,1.2,0.9,0.352479784,Background,5.0,0.5,24.06,223.9596215,Devon370Ma_050xRemin_5xpCO2.pO2xPO4_5x5a.dat.44,1.19,1.0,1.4,0.642239103,Kellwasser,1.0,0.75,18.18,179.7021687,Devon370Ma_075xRemin_1xpCO2.pO2xPO4_5x5b.dat.24,11.1,0.5,-0.2,-5.88,9.91,0.25,-44.2574528,22.96839104573259
409,408,1.1,1.2,0.416669591,Background,2.5,1.0,21.46,136.0907772,251103.pO2xPO4_5x5b.dat.32,3.85,1.1,1.7,0.554011959,Kellwasser,0.75,1.0,17.06,120.2411222,Devon370Ma_1xRemin_0.75xpCO2.pO2xPO4_5x5c.dat.32,13.67,0.5,0.0,-4.4,9.82,0.0,-15.849655,22.975631295586723
407,406,1.1,1.2,0.416669591,Background,2.5,1.0,21.46,136.0907772,251103.pO2xPO4_5x5b.dat.32,3.85,1.1,1.6,0.5543525,Kellwasser,0.75,1.0,17.06,100.9647749,Devon370Ma_1xRemin_0.75xpCO2.pO2xPO4_5x5c.dat.31,10.09,0.4,0.0,-4.4,6.24,0.0,-35.1260023,23.11102958846191
431,430,1.2,1.1,0.355242122,Background,5.0,1.0,24.06,109.5454572,Devon370Ma_1xRemin_5xpCO2.pO2xPO4_5x5b.dat.41,2.57,1.0,1.5,0.524769688,Kellwasser,1.0,0.75,18.18,72.0914104,Devon370Ma_075xRemin_1xpCO2.pO2xPO4_5x5c.dat.20,15.96,0.4,-0.2,-5.88,13.39,-0.25,-37.4540468,23.336199192822587
282,281,0.9,0.9,0.351258549,Background,2.5,1.0,21.46,217.7454153,251103.pO2xPO4_5x5a.dat.14,2.84,0.9,1.3,0.607251064,Kellwasser,0.75,0.75,17.06,149.5253819,Devon370Ma_075xRemin_0.75xpCO2.pO2xPO4_5x5b.dat.13,8.26,0.4,0.0,-4.4,5.42,-0.25,-68.2200334,23.337512576848056
136,135,0.9,0.8,0.414501043,Background,5.0,0.75,24.06,166.1389542,Devon370Ma_075xRemin_5xpCO2.pO2xPO4_5x5a.dat.13,1.83,0.8,1.2,0.534846015,Kellwasser,0.75,1.0,17.06,130.6640625,Devon370Ma_1xRemin_0.75xpCO2.pO2xPO4_5x5b.dat.02,15.69,0.4,-0.1,-7.0,13.86,0.25,-35.4748917,23.3732518030016
205,204,0.9,0.8,0.414501043,Background,5.0,0.75,24.06,166.1389542,Devon370Ma_075xRemin_5xpCO2.pO2xPO4_5x5a.dat.13,1.83,0.8,1.2,0.534846015,Kellwasser,0.75,1.0,17.06,130.6640625,Devon370Ma_1xRemin_0.75xpCO2.pO2xPO4_5x5b.dat.02,15.69,0.4,-0.1,-7.0,13.86,0.25,-35.4748917,23.3732518030016
231,230,1.0,0.9,0.427189722,Background,5.0,0.75,24.06,203.5507932,Devon370Ma_075xRemin_5xpCO2.pO2xPO4_5x5a.dat.24,2.11,0.8,1.2,0.534846015,Kellwasser,0.75,1.0,17.06,130.6640625,Devon370Ma_1xRemin_0.75xpCO2.pO2xPO4_5x5b.dat.02,15.69,0.3,-0.2,-7.0,13.58,0.25,-72.8867307,23.381252512496154
162,161,1.0,0.9,0.427189722,Background,5.0,0.75,24.06,203.5507932,Devon370Ma_075xRemin_5xpCO2.pO2xPO4_5x5a.dat.24,2.11,0.8,1.2,0.534846015,Kellwasser,0.75,1.0,17.06,130.6640625,Devon370Ma_1xRemin_0.75xpCO2.pO2xPO4_5x5b.dat.02,15.69,0.3,-0.2,-7.0,13.58,0.25,-72.8867307,23.381252512496154
65,64,1.1,1.0,0.427801779,Background,2.5,0.75,21.46,85.84064926,Devon370Ma_075xRemin_2.5xpCO2.pO2xPO4_5x5b.dat.30,1.38,1.2,1.5,0.627748193,Kellwasser,1.0,0.75,18.18,78.00653839,Devon370Ma_075xRemin_1xpCO2.pO2xPO4_5x5c.dat.40,6.61,0.5,0.1,-3.28,5.23,0.0,-7.83411087,23.385897784238136
54,53,1.1,1.0,0.427801779,Background,2.5,0.75,21.46,85.84064926,Devon370Ma_075xRemin_2.5xpCO2.pO2xPO4_5x5b.dat.30,1.38,1.0,1.5,0.447463833,Kellwasser,0.75,0.75,17.06,75.25343972,Devon370Ma_075xRemin_0.75xpCO2.pO2xPO4_5x5c.dat.20,8.53,0.5,-0.1,-4.4,7.15,0.0,-10.58720954,23.5556451031791
375,374,1.0,1.1,0.393150484,Background,2.5,1.0,21.46,107.1565566,251103.pO2xPO4_5x5b.dat.21,3.94,1.0,1.6,0.575716022,Kellwasser,0.75,1.0,17.06,97.3596907,Devon370Ma_1xRemin_0.75xpCO2.pO2xPO4_5x5c.dat.21,18.07,0.5,0.0,-4.4,14.13,0.0,-9.7968659,23.608846259129447
176,175,0.8,0.7,0.3879819,Background,5.0,0.75,24.06,130.5182668,Devon370Ma_075xRemin_5xpCO2.pO2xPO4_5x5a.dat.02,1.83,0.7,0.9,0.595034345,Kellwasser,0.75,0.75,17.06,129.9684955,Devon370Ma_075xRemin_0.75xpCO2.pO2xPO4_5x5d.dat.44,6.88,0.2,-0.1,-7.0,5.05,0.0,-0.5497713,23.625087065114517
107,106,0.8,0.7,0.3879819,Background,5.0,0.75,24.06,130.5182668,Devon370Ma_075xRemin_5xpCO2.pO2xPO4_5x5a.dat.02,1.83,0.7,0.9,0.595034345,Kellwasser,0.75,0.75,17.06,129.9684955,Devon370Ma_075xRemin_0.75xpCO2.pO2xPO4_5x5d.dat.44,6.88,0.2,-0.1,-7.0,5.05,0.0,-0.5497713,23.625087065114517
83,82,1.2,1.1,0.468167688,Background,2.5,0.75,21.46,111.5448613,Devon370Ma_075xRemin_2.5xpCO2.pO2xPO4_5x5b.dat.41,1.65,1.1,1.6,0.455580778,Kellwasser,0.75,0.75,17.06,94.77377171,Devon370Ma_075xRemin_0.75xpCO2.pO2xPO4_5x5c.dat.31,7.98,0.5,-0.1,-4.4,6.33,0.0,-16.77108959,23.64196743178575
267,266,1.2,1.1,0.370451494,Background,5.0,0.75,24.06,100.7840037,Devon370Ma_075xRemin_5xpCO2.pO2xPO4_5x5b.dat.41,2.29,1.0,1.4,0.642239103,Kellwasser,1.0,0.75,18.18,179.7021687,Devon370Ma_075xRemin_1xpCO2.pO2xPO4_5x5b.dat.24,11.1,0.3,-0.2,-5.88,8.81,0.0,78.918165,23.725364797305517
358,357,1.0,1.1,0.393150484,Background,2.5,1.0,21.46,107.1565566,251103.pO2xPO4_5x5b.dat.21,3.94,0.9,1.4,0.394946273,Kellwasser,0.75,0.75,17.06,173.7303537,Devon370Ma_075xRemin_0.75xpCO2.pO2xPO4_5x5b.dat.14,11.47,0.3,-0.1,-4.4,7.53,-0.25,66.5737971,23.74456891817458
445,444,1.1,1.1,0.355966851,Background,5.0,1.0,24.06,102.5284655,Devon370Ma_1xRemin_5xpCO2.pO2xPO4_5x5b.dat.31,3.67,0.9,1.4,0.66094357,Kellwasser,1.0,0.75,18.18,169.6706604,Devon370Ma_075xRemin_1xpCO2.pO2xPO4_5x5b.dat.14,14.68,0.3,-0.2,-5.88,11.01,-0.25,67.1421949,24.009989608793724
443,442,1.1,1.1,0.355966851,Background,5.0,1.0,24.06,102.5284655,Devon370Ma_1xRemin_5xpCO2.pO2xPO4_5x5b.dat.31,3.67,0.9,1.3,0.66094357,Kellwasser,1.0,0.75,18.18,145.8663173,Devon370Ma_075xRemin_1xpCO2.pO2xPO4_5x5b.dat.13,14.68,0.2,-0.2,-5.88,11.01,-0.25,43.3378518,24.009989608793724
460,459,1.2,1.2,0.365956576,Background,5.0,1.0,24.06,122.8022011,Devon370Ma_1xRemin_5xpCO2.pO2xPO4_5x5b.dat.42,3.58,1.0,1.4,0.642239103,Kellwasser,1.0,0.75,18.18,179.7021687,Devon370Ma_075xRemin_1xpCO2.pO2xPO4_5x5b.dat.24,11.1,0.2,-0.2,-5.88,7.52,-0.25,56.8999676,24.041151758339016
335,334,0.9,1.0,0.356375169,Background,2.5,1.0,21.46,83.33381993,251103.pO2xPO4_5x5b.dat.10,3.94,0.9,1.4,0.636716441,Kellwasser,0.75,1.0,17.06,187.3711735,Devon370Ma_1xRemin_0.75xpCO2.pO2xPO4_5x5b.dat.14,17.43,0.4,0.0,-4.4,13.49,0.0,104.0373536,24.072785053043493
246,245,1.1,1.0,0.390493104,Background,5.0,0.75,24.06,77.53463433,Devon370Ma_075xRemin_5xpCO2.pO2xPO4_5x5b.dat.30,2.29,0.9,1.3,0.66094357,Kellwasser,1.0,0.75,18.18,145.8663173,Devon370Ma_075xRemin_1xpCO2.pO2xPO4_5x5b.dat.13,14.68,0.3,-0.2,-5.88,12.39,0.0,68.33168297,24.082862143301416
248,247,1.1,1.0,0.390493104,Background,5.0,0.75,24.06,77.53463433,Devon370Ma_075xRemin_5xpCO2.pO2xPO4_5x5b.dat.30,2.29,0.9,1.4,0.66094357,Kellwasser,1.0,0.75,18.18,169.6706604,Devon370Ma_075xRemin_1xpCO2.pO2xPO4_5x5b.dat.14,14.68,0.4,-0.2,-5.88,12.39,0.0,92.13602607,24.082862143301416
373,372,1.0,1.1,0.393150484,Background,2.5,1.0,21.46,107.1565566,251103.pO2xPO4_5x5b.dat.21,3.94,1.0,1.5,0.576999912,Kellwasser,0.75,1.0,17.06,80.04620759,Devon370Ma_1xRemin_0.75xpCO2.pO2xPO4_5x5c.dat.20,12.84,0.4,0.0,-4.4,8.9,0.0,-27.11034901,24.12069607223315
32,31,1.2,0.9,0.352479784,Background,5.0,0.5,24.06,223.9596215,Devon370Ma_050xRemin_5xpCO2.pO2xPO4_5x5a.dat.44,1.19,1.0,1.3,0.679021468,Kellwasser,1.0,0.75,18.18,154.1479141,Devon370Ma_075xRemin_1xpCO2.pO2xPO4_5x5b.dat.23,7.52,0.4,-0.2,-5.88,6.33,0.25,-69.8117074,24.12986780557948
170,169,0.8,0.7,0.3879819,Background,5.0,0.75,24.06,130.5182668,Devon370Ma_075xRemin_5xpCO2.pO2xPO4_5x5a.dat.02,1.83,0.7,1.0,0.412032842,Kellwasser,1.0,0.5,18.18,16.13882705,Devon370Ma_050xRemin_1xpCO2.pO2xPO4_5x5e.dat.40,13.58,0.3,-0.1,-5.88,11.75,-0.25,-114.3794398,24.184745434321687
101,100,0.8,0.7,0.3879819,Background,5.0,0.75,24.06,130.5182668,Devon370Ma_075xRemin_5xpCO2.pO2xPO4_5x5a.dat.02,1.83,0.7,1.0,0.412032842,Kellwasser,1.0,0.5,18.18,16.13882705,Devon370Ma_050xRemin_1xpCO2.pO2xPO4_5x5e.dat.40,13.58,0.3,-0.1,-5.88,11.75,-0.25,-114.3794398,24.184745434321687
429,428,1.2,1.1,0.355242122,Background,5.0,1.0,24.06,109.5454572,Devon370Ma_1xRemin_5xpCO2.pO2xPO4_5x5b.dat.41,2.57,1.0,1.4,0.642239103,Kellwasser,1.0,0.75,18.18,179.7021687,Devon370Ma_075xRemin_1xpCO2.pO2xPO4_5x5b.dat.24,11.1,0.3,-0.2,-5.88,8.53,-0.25,70.1567115,24.276712401257925
218,217,1.0,0.9,0.427189722,Background,5.0,0.75,24.06,203.5507932,Devon370Ma_075xRemin_5xpCO2.pO2xPO4_5x5a.dat.24,2.11,0.9,1.2,0.707311062,Kellwasser,1.0,0.75,18.18,123.9745034,Devon370Ma_075xRemin_1xpCO2.pO2xPO4_5x5b.dat.12,9.27,0.3,-0.1,-5.88,7.16,0.0,-79.5762898,24.36210336694212
149,148,1.0,0.9,0.427189722,Background,5.0,0.75,24.06,203.5507932,Devon370Ma_075xRemin_5xpCO2.pO2xPO4_5x5a.dat.24,2.11,0.9,1.2,0.707311062,Kellwasser,1.0,0.75,18.18,123.9745034,Devon370Ma_075xRemin_1xpCO2.pO2xPO4_5x5b.dat.12,9.27,0.3,-0.1,-5.88,7.16,0.0,-79.5762898,24.36210336694212
345,344,1.1,1.1,0.416669591,Background,2.5,1.0,21.46,113.6966021,251103.pO2xPO4_5x5b.dat.31,3.85,1.2,1.7,0.472367969,Kellwasser,1.0,0.75,18.18,113.443406,Devon370Ma_075xRemin_1xpCO2.pO2xPO4_5x5c.dat.42,9.91,0.6,0.1,-3.28,6.06,-0.25,-0.2531961,24.383598654560053
266,265,1.2,1.1,0.370451494,Background,5.0,0.75,24.06,100.7840037,Devon370Ma_075xRemin_5xpCO2.pO2xPO4_5x5b.dat.41,2.29,1.0,1.3,0.679021468,Kellwasser,1.0,0.75,18.18,154.1479141,Devon370Ma_075xRemin_1xpCO2.pO2xPO4_5x5b.dat.23,7.52,0.2,-0.2,-5.88,5.23,0.0,53.3639104,24.418382868560915
4,3,1.2,0.9,0.364158016,Background,2.5,0.5,21.46,239.3142786,251104.pO2xPO4_5x5a.dat.44,1.1,1.1,1.5,0.590360128,Kellwasser,0.75,0.75,17.06,77.98270963,Devon370Ma_075xRemin_0.75xpCO2.pO2xPO4_5x5c.dat.30,7.06,0.6,-0.1,-4.4,5.96,0.25,-161.331569,24.430234161206684
51,50,1.1,1.0,0.427801779,Background,2.5,0.75,21.46,85.84064926,Devon370Ma_075xRemin_2.5xpCO2.pO2xPO4_5x5b.dat.30,1.38,1.0,1.4,0.615350876,Kellwasser,0.75,0.75,17.06,183.8741737,Devon370Ma_075xRemin_0.75xpCO2.pO2xPO4_5x5b.dat.24,7.8,0.4,-0.1,-4.4,6.42,0.0,98.03352444,24.44423829977507
139,138,1.0,0.9,0.427189722,Background,5.0,0.75,24.06,203.5507932,Devon370Ma_075xRemin_5xpCO2.pO2xPO4_5x5a.dat.24,2.11,0.8,1.1,0.512140493,Kellwasser,1.0,0.5,18.18,94.47151388,Devon370Ma_050xRemin_1xpCO2.pO2xPO4_5x5b.dat.01,8.26,0.2,-0.2,-5.88,6.15,-0.25,-109.0792793,24.61239631466736
208,207,1.0,0.9,0.427189722,Background,5.0,0.75,24.06,203.5507932,Devon370Ma_075xRemin_5xpCO2.pO2xPO4_5x5a.dat.24,2.11,0.8,1.1,0.512140493,Kellwasser,1.0,0.5,18.18,94.47151388,Devon370Ma_050xRemin_1xpCO2.pO2xPO4_5x5b.dat.01,8.26,0.2,-0.2,-5.88,6.15,-0.25,-109.0792793,24.61239631466736
355,354,1.1,1.1,0.416669591,Background,2.5,1.0,21.46,113.6966021,251103.pO2xPO4_5x5b.dat.31,3.85,1.1,1.8,0.429420913,Kellwasser,0.75,1.0,17.06,141.0442492,Devon370Ma_1xRemin_0.75xpCO2.pO2xPO4_5x5c.dat.33,18.35,0.7,0.0,-4.4,14.5,0.0,27.3476471,24.698579652189984
393,392,1.2,1.2,0.427080903,Background,2.5,1.0,21.46,145.293583,251103.pO2xPO4_5x5b.dat.42,2.84,1.2,1.9,0.49245255,Kellwasser,0.75,1.0,17.06,170.2301379,Devon370Ma_1xRemin_0.75xpCO2.pO2xPO4_5x5c.dat.44,10.64,0.7,0.0,-4.4,7.8,0.0,24.9365549,24.843720704165314
392,391,1.2,1.2,0.427080903,Background,2.5,1.0,21.46,145.293583,251103.pO2xPO4_5x5b.dat.42,2.84,1.2,1.8,0.49245255,Kellwasser,0.75,1.0,17.06,146.8665869,Devon370Ma_1xRemin_0.75xpCO2.pO2xPO4_5x5c.dat.43,10.64,0.6,0.0,-4.4,7.8,0.0,1.5730039,24.843720704165314
301,300,1.0,1.0,0.371971628,Background,2.5,1.0,21.46,87.83979865,251103.pO2xPO4_5x5b.dat.20,2.75,0.9,1.4,0.394946273,Kellwasser,0.75,0.75,17.06,173.7303537,Devon370Ma_075xRemin_0.75xpCO2.pO2xPO4_5x5b.dat.14,11.47,0.4,-0.1,-4.4,8.72,-0.25,85.89055505,24.924070783763558
324,323,0.9,1.0,0.356375169,Background,2.5,1.0,21.46,83.33381993,251103.pO2xPO4_5x5b.dat.10,3.94,0.8,1.2,0.581754066,Kellwasser,0.75,0.75,17.06,121.8285979,Devon370Ma_075xRemin_0.75xpCO2.pO2xPO4_5x5b.dat.02,11.01,0.2,-0.1,-4.4,7.07,-0.25,38.49477797,24.953711564164458
442,441,1.1,1.1,0.355966851,Background,5.0,1.0,24.06,102.5284655,Devon370Ma_1xRemin_5xpCO2.pO2xPO4_5x5b.dat.31,3.67,0.9,1.2,0.707311062,Kellwasser,1.0,0.75,18.18,123.9745034,Devon370Ma_075xRemin_1xpCO2.pO2xPO4_5x5b.dat.12,9.27,0.1,-0.2,-5.88,5.6,-0.25,21.4460379,25.053341946785963
22,21,1.2,0.9,0.364158016,Background,2.5,0.5,21.46,239.3142786,251104.pO2xPO4_5x5a.dat.44,1.1,1.1,1.7,0.554011959,Kellwasser,0.75,1.0,17.06,120.2411222,Devon370Ma_1xRemin_0.75xpCO2.pO2xPO4_5x5c.dat.32,13.67,0.8,-0.1,-4.4,12.57,0.5,-119.0731564,25.206914903593816
381,380,1.2,1.2,0.427080903,Background,2.5,1.0,21.46,145.293583,251103.pO2xPO4_5x5b.dat.42,2.84,1.1,1.6,0.455580778,Kellwasser,0.75,0.75,17.06,94.77377171,Devon370Ma_075xRemin_0.75xpCO2.pO2xPO4_5x5c.dat.31,7.98,0.4,-0.1,-4.4,5.14,-0.25,-50.51981129,25.31391453624544
80,79,1.2,1.1,0.468167688,Background,2.5,0.75,21.46,111.5448613,Devon370Ma_075xRemin_2.5xpCO2.pO2xPO4_5x5b.dat.41,1.65,1.1,1.5,0.590360128,Kellwasser,0.75,0.75,17.06,77.98270963,Devon370Ma_075xRemin_0.75xpCO2.pO2xPO4_5x5c.dat.30,7.06,0.4,-0.1,-4.4,5.41,0.0,-33.56215167,25.358651599433426
2,1,1.2,0.9,0.364158016,Background,2.5,0.5,21.46,239.3142786,251104.pO2xPO4_5x5a.dat.44,1.1,1.1,1.4,0.732292732,Kellwasser,0.75,0.75,17.06,194.9075377,Devon370Ma_075xRemin_0.75xpCO2.pO2xPO4_5x5b.dat.34,6.15,0.5,-0.1,-4.4,5.05,0.25,-44.4067409,25.395114316365778
334,333,0.9,1.0,0.356375169,Background,2.5,1.0,21.46,83.33381993,251103.pO2xPO4_5x5b.dat.10,3.94,0.9,1.3,0.503735592,Kellwasser,0.75,1.0,17.06,161.3606291,Devon370Ma_1xRemin_0.75xpCO2.pO2xPO4_5x5b.dat.13,11.56,0.3,0.0,-4.4,7.62,0.0,78.02680917,25.46195529225716
5,4,1.2,0.9,0.364158016,Background,2.5,0.5,21.46,239.3142786,251104.pO2xPO4_5x5a.dat.44,1.1,1.0,1.5,0.447463833,Kellwasser,0.75,0.75,17.06,75.25343972,Devon370Ma_075xRemin_0.75xpCO2.pO2xPO4_5x5c.dat.20,8.53,0.6,-0.2,-4.4,7.43,0.25,-164.0608389,25.590713199329876
299,298,1.0,1.0,0.371971628,Background,2.5,1.0,21.46,87.83979865,251103.pO2xPO4_5x5b.dat.20,2.75,0.9,1.3,0.607251064,Kellwasser,0.75,0.75,17.06,149.5253819,Devon370Ma_075xRemin_0.75xpCO2.pO2xPO4_5x5b.dat.13,8.26,0.3,-0.1,-4.4,5.51,-0.25,61.68558325,25.65840744026261
281,280,0.9,0.9,0.351258549,Background,2.5,1.0,21.46,217.7454153,251103.pO2xPO4_5x5a.dat.14,2.84,0.8,1.2,0.581754066,Kellwasser,0.75,0.75,17.06,121.8285979,Devon370Ma_075xRemin_0.75xpCO2.pO2xPO4_5x5b.dat.02,11.01,0.3,-0.1,-4.4,8.17,-0.25,-95.9168174,25.69646338313355
128,127,0.9,0.8,0.414501043,Background,5.0,0.75,24.06,166.1389542,Devon370Ma_075xRemin_5xpCO2.pO2xPO4_5x5a.dat.13,1.83,0.8,1.1,0.684237598,Kellwasser,1.0,0.75,18.18,103.7711627,Devon370Ma_075xRemin_1xpCO2.pO2xPO4_5x5b.dat.01,12.57,0.3,-0.1,-5.88,10.74,0.0,-62.3677915,25.799869765768403
197,196,0.9,0.8,0.414501043,Background,5.0,0.75,24.06,166.1389542,Devon370Ma_075xRemin_5xpCO2.pO2xPO4_5x5a.dat.13,1.83,0.8,1.1,0.684237598,Kellwasser,1.0,0.75,18.18,103.7711627,Devon370Ma_075xRemin_1xpCO2.pO2xPO4_5x5b.dat.01,12.57,0.3,-0.1,-5.88,10.74,0.0,-62.3677915,25.799869765768403
199,198,0.9,0.8,0.414501043,Background,5.0,0.75,24.06,166.1389542,Devon370Ma_075xRemin_5xpCO2.pO2xPO4_5x5a.dat.13,1.83,0.8,1.2,0.684237598,Kellwasser,1.0,0.75,18.18,118.3068962,Devon370Ma_075xRemin_1xpCO2.pO2xPO4_5x5b.dat.02,12.57,0.4,-0.1,-5.88,10.74,0.0,-47.832058,25.799869765768403
130,129,0.9,0.8,0.414501043,Background,5.0,0.75,24.06,166.1389542,Devon370Ma_075xRemin_5xpCO2.pO2xPO4_5x5a.dat.13,1.83,0.8,1.2,0.684237598,Kellwasser,1.0,0.75,18.18,118.3068962,Devon370Ma_075xRemin_1xpCO2.pO2xPO4_5x5b.dat.02,12.57,0.4,-0.1,-5.88,10.74,0.0,-47.832058,25.799869765768403
319,318,1.0,1.0,0.371971628,Background,2.5,1.0,21.46,87.83979865,251103.pO2xPO4_5x5b.dat.20,2.75,1.0,1.5,0.576999912,Kellwasser,0.75,1.0,17.06,80.04620759,Devon370Ma_1xRemin_0.75xpCO2.pO2xPO4_5x5c.dat.20,12.84,0.5,0.0,-4.4,10.09,0.0,-7.79359106,25.85142717292624
244,243,1.1,1.0,0.390493104,Background,5.0,0.75,24.06,77.53463433,Devon370Ma_075xRemin_5xpCO2.pO2xPO4_5x5b.dat.30,2.29,0.9,1.2,0.707311062,Kellwasser,1.0,0.75,18.18,123.9745034,Devon370Ma_075xRemin_1xpCO2.pO2xPO4_5x5b.dat.12,9.27,0.2,-0.2,-5.88,6.98,0.0,46.43986907,25.895047706498083
81,80,1.2,1.1,0.468167688,Background,2.5,0.75,21.46,111.5448613,Devon370Ma_075xRemin_2.5xpCO2.pO2xPO4_5x5b.dat.41,1.65,1.0,1.5,0.447463833,Kellwasser,0.75,0.75,17.06,75.25343972,Devon370Ma_075xRemin_0.75xpCO2.pO2xPO4_5x5c.dat.20,8.53,0.4,-0.2,-4.4,6.88,0.0,-36.29142158,25.93619065915686
97,96,1.2,1.1,0.468167688,Background,2.5,0.75,21.46,111.5448613,Devon370Ma_075xRemin_2.5xpCO2.pO2xPO4_5x5b.dat.41,1.65,1.1,1.7,0.554011959,Kellwasser,0.75,1.0,17.06,120.2411222,Devon370Ma_1xRemin_0.75xpCO2.pO2xPO4_5x5c.dat.32,13.67,0.6,-0.1,-4.4,12.02,0.25,8.6962609,25.97669168781724
424,423,1.2,1.3,0.431697772,Background,2.5,1.0,21.46,170.1500732,251103.pO2xPO4_5x5b.dat.43,3.58,1.1,1.8,0.429420913,Kellwasser,0.75,1.0,17.06,141.0442492,Devon370Ma_1xRemin_0.75xpCO2.pO2xPO4_5x5c.dat.33,18.35,0.5,-0.1,-4.4,14.77,0.0,-29.105824,26.099711524091393
19,18,1.2,0.9,0.364158016,Background,2.5,0.5,21.46,239.3142786,251104.pO2xPO4_5x5a.dat.44,1.1,1.2,1.8,0.375039434,Kellwasser,1.0,0.75,18.18,133.0883533,Devon370Ma_075xRemin_1xpCO2.pO2xPO4_5x5c.dat.43,12.75,0.9,0.0,-3.28,11.65,0.25,-106.2259253,26.2905212163628
294,293,0.9,0.9,0.351258549,Background,2.5,1.0,21.46,217.7454153,251103.pO2xPO4_5x5a.dat.14,2.84,0.9,1.4,0.636716441,Kellwasser,0.75,1.0,17.06,187.3711735,Devon370Ma_1xRemin_0.75xpCO2.pO2xPO4_5x5b.dat.14,17.43,0.5,0.0,-4.4,14.59,0.0,-30.3742418,26.34547896703737
49,48,1.1,1.0,0.427801779,Background,2.5,0.75,21.46,85.84064926,Devon370Ma_075xRemin_2.5xpCO2.pO2xPO4_5x5b.dat.30,1.38,1.0,1.3,0.740030777,Kellwasser,0.75,0.75,17.06,157.7604708,Devon370Ma_075xRemin_0.75xpCO2.pO2xPO4_5x5b.dat.23,6.51,0.3,-0.1,-4.4,5.13,0.0,71.91982154,26.436120321888374
408,407,1.1,1.2,0.416669591,Background,2.5,1.0,21.46,136.0907772,251103.pO2xPO4_5x5b.dat.32,3.85,1.0,1.6,0.575716022,Kellwasser,0.75,1.0,17.06,97.3596907,Devon370Ma_1xRemin_0.75xpCO2.pO2xPO4_5x5c.dat.21,18.07,0.4,-0.1,-4.4,14.22,0.0,-38.7310865,26.507874799591153
148,147,1.0,0.9,0.427189722,Background,5.0,0.75,24.06,203.5507932,Devon370Ma_075xRemin_5xpCO2.pO2xPO4_5x5a.dat.24,2.11,0.8,1.1,0.684237598,Kellwasser,1.0,0.75,18.18,103.7711627,Devon370Ma_075xRemin_1xpCO2.pO2xPO4_5x5b.dat.01,12.57,0.2,-0.2,-5.88,10.46,0.0,-99.7796305,26.51630359168546
217,216,1.0,0.9,0.427189722,Background,5.0,0.75,24.06,203.5507932,Devon370Ma_075xRemin_5xpCO2.pO2xPO4_5x5a.dat.24,2.11,0.8,1.1,0.684237598,Kellwasser,1.0,0.75,18.18,103.7711627,Devon370Ma_075xRemin_1xpCO2.pO2xPO4_5x5b.dat.01,12.57,0.2,-0.2,-5.88,10.46,0.0,-99.7796305,26.51630359168546
219,218,1.0,0.9,0.427189722,Background,5.0,0.75,24.06,203.5507932,Devon370Ma_075xRemin_5xpCO2.pO2xPO4_5x5a.dat.24,2.11,0.8,1.2,0.684237598,Kellwasser,1.0,0.75,18.18,118.3068962,Devon370Ma_075xRemin_1xpCO2.pO2xPO4_5x5b.dat.02,12.57,0.3,-0.2,-5.88,10.46,0.0,-85.243897,26.51630359168546
150,149,1.0,0.9,0.427189722,Background,5.0,0.75,24.06,203.5507932,Devon370Ma_075xRemin_5xpCO2.pO2xPO4_5x5a.dat.24,2.11,0.8,1.2,0.684237598,Kellwasser,1.0,0.75,18.18,118.3068962,Devon370Ma_075xRemin_1xpCO2.pO2xPO4_5x5b.dat.02,12.57,0.3,-0.2,-5.88,10.46,0.0,-85.243897,26.51630359168546
94,93,1.2,1.1,0.468167688,Background,2.5,0.75,21.46,111.5448613,Devon370Ma_075xRemin_2.5xpCO2.pO2xPO4_5x5b.dat.41,1.65,1.2,1.8,0.375039434,Kellwasser,1.0,0.75,18.18,133.0883533,Devon370Ma_075xRemin_1xpCO2.pO2xPO4_5x5c.dat.43,12.75,0.7,0.0,-3.28,11.1,0.0,21.543492,26.864932987264044
353,352,1.1,1.1,0.416669591,Background,2.5,1.0,21.46,113.6966021,251103.pO2xPO4_5x5b.dat.31,3.85,1.1,1.7,0.554011959,Kellwasser,0.75,1.0,17.06,120.2411222,Devon370Ma_1xRemin_0.75xpCO2.pO2xPO4_5x5c.dat.32,13.67,0.6,0.0,-4.4,9.82,0.0,6.5445201,27.01247518209621
293,292,0.9,0.9,0.351258549,Background,2.5,1.0,21.46,217.7454153,251103.pO2xPO4_5x5a.dat.14,2.84,0.9,1.3,0.503735592,Kellwasser,0.75,1.0,17.06,161.3606291,Devon370Ma_1xRemin_0.75xpCO2.pO2xPO4_5x5b.dat.13,11.56,0.4,0.0,-4.4,8.72,0.0,-56.3847862,27.031384629890933
52,51,1.1,1.0,0.427801779,Background,2.5,0.75,21.46,85.84064926,Devon370Ma_075xRemin_2.5xpCO2.pO2xPO4_5x5b.dat.30,1.38,0.9,1.4,0.394946273,Kellwasser,0.75,0.75,17.06,173.7303537,Devon370Ma_075xRemin_0.75xpCO2.pO2xPO4_5x5b.dat.14,11.47,0.4,-0.2,-4.4,10.09,0.0,87.88970444,27.169624902879995
422,421,1.2,1.3,0.431697772,Background,2.5,1.0,21.46,170.1500732,251103.pO2xPO4_5x5b.dat.43,3.58,1.1,1.7,0.554011959,Kellwasser,0.75,1.0,17.06,120.2411222,Devon370Ma_1xRemin_0.75xpCO2.pO2xPO4_5x5c.dat.32,13.67,0.4,-0.1,-4.4,10.09,0.0,-49.908951,27.24089762976266
21,20,1.2,0.9,0.364158016,Background,2.5,0.5,21.46,239.3142786,251104.pO2xPO4_5x5a.dat.44,1.1,1.1,1.6,0.5543525,Kellwasser,0.75,1.0,17.06,100.9647749,Devon370Ma_1xRemin_0.75xpCO2.pO2xPO4_5x5c.dat.31,10.09,0.7,-0.1,-4.4,8.99,0.5,-138.3495037,27.26655589681079
418,417,1.2,1.3,0.431697772,Background,2.5,1.0,21.46,170.1500732,251103.pO2xPO4_5x5b.dat.43,3.58,1.2,1.8,0.375039434,Kellwasser,1.0,0.75,18.18,133.0883533,Devon370Ma_075xRemin_1xpCO2.pO2xPO4_5x5c.dat.43,12.75,0.5,0.0,-3.28,9.17,-0.25,-37.0617199,27.475319214721253
17,16,1.2,0.9,0.364158016,Background,2.5,0.5,21.46,239.3142786,251104.pO2xPO4_5x5a.dat.44,1.1,1.2,1.7,0.472367969,Kellwasser,1.0,0.75,18.18,113.443406,Devon370Ma_075xRemin_1xpCO2.pO2xPO4_5x5c.dat.42,9.91,0.8,0.0,-3.28,8.81,0.25,-125.8708726,27.55537421552316
351,350,1.1,1.1,0.416669591,Background,2.5,1.0,21.46,113.6966021,251103.pO2xPO4_5x5b.dat.31,3.85,1.1,1.6,0.5543525,Kellwasser,0.75,1.0,17.06,100.9647749,Devon370Ma_1xRemin_0.75xpCO2.pO2xPO4_5x5c.dat.31,10.09,0.5,0.0,-4.4,6.24,0.0,-12.7318272,27.679322935356712
365,364,1.0,1.1,0.393150484,Background,2.5,1.0,21.46,107.1565566,251103.pO2xPO4_5x5b.dat.21,3.94,1.0,1.5,0.524769688,Kellwasser,1.0,0.75,18.18,72.0914104,Devon370Ma_075xRemin_1xpCO2.pO2xPO4_5x5c.dat.20,15.96,0.4,0.0,-3.28,12.02,-0.25,-35.0651462,27.68267103185187
74,73,1.1,1.0,0.427801779,Background,2.5,0.75,21.46,85.84064926,Devon370Ma_075xRemin_2.5xpCO2.pO2xPO4_5x5b.dat.30,1.38,1.0,1.5,0.576999912,Kellwasser,0.75,1.0,17.06,80.04620759,Devon370Ma_1xRemin_0.75xpCO2.pO2xPO4_5x5c.dat.20,12.84,0.5,-0.1,-4.4,11.46,0.25,-5.79444167,27.868467378197007
96,95,1.2,1.1,0.468167688,Background,2.5,0.75,21.46,111.5448613,Devon370Ma_075xRemin_2.5xpCO2.pO2xPO4_5x5b.dat.41,1.65,1.1,1.6,0.5543525,Kellwasser,0.75,1.0,17.06,100.9647749,Devon370Ma_1xRemin_0.75xpCO2.pO2xPO4_5x5c.dat.31,10.09,0.5,-0.1,-4.4,8.44,0.25,-10.5800864,27.884332776512565
3,2,1.2,0.9,0.364158016,Background,2.5,0.5,21.46,239.3142786,251104.pO2xPO4_5x5a.dat.44,1.1,1.0,1.4,0.615350876,Kellwasser,0.75,0.75,17.06,183.8741737,Devon370Ma_075xRemin_0.75xpCO2.pO2xPO4_5x5b.dat.24,7.8,0.5,-0.2,-4.4,6.7,0.25,-55.4401049,28.014887350190364
394,393,1.1,1.2,0.416669591,Background,2.5,1.0,21.46,136.0907772,251103.pO2xPO4_5x5b.dat.32,3.85,0.9,1.4,0.394946273,Kellwasser,0.75,0.75,17.06,173.7303537,Devon370Ma_075xRemin_0.75xpCO2.pO2xPO4_5x5b.dat.14,11.47,0.2,-0.2,-4.4,7.62,-0.25,37.6395765,28.04217422338372
372,371,1.0,1.1,0.393150484,Background,2.5,1.0,21.46,107.1565566,251103.pO2xPO4_5x5b.dat.21,3.94,0.9,1.4,0.636716441,Kellwasser,0.75,1.0,17.06,187.3711735,Devon370Ma_1xRemin_0.75xpCO2.pO2xPO4_5x5b.dat.14,17.43,0.3,-0.1,-4.4,13.49,0.0,80.2146169,28.0489920936011
69,68,1.1,1.0,0.427801779,Background,2.5,0.75,21.46,85.84064926,Devon370Ma_075xRemin_2.5xpCO2.pO2xPO4_5x5b.dat.30,1.38,1.1,1.6,0.521273485,Kellwasser,1.0,0.75,18.18,91.41401824,Devon370Ma_075xRemin_1xpCO2.pO2xPO4_5x5c.dat.31,12.2,0.6,0.0,-3.28,10.82,0.0,5.57336898,28.197751285894032
92,91,1.2,1.1,0.468167688,Background,2.5,0.75,21.46,111.5448613,Devon370Ma_075xRemin_2.5xpCO2.pO2xPO4_5x5b.dat.41,1.65,1.2,1.7,0.472367969,Kellwasser,1.0,0.75,18.18,113.443406,Devon370Ma_075xRemin_1xpCO2.pO2xPO4_5x5c.dat.42,9.91,0.6,0.0,-3.28,8.26,0.0,1.8985447,28.29743974817646
196,195,0.9,0.8,0.414501043,Background,5.0,0.75,24.06,166.1389542,Devon370Ma_075xRemin_5xpCO2.pO2xPO4_5x5a.dat.13,1.83,0.8,1.0,0.525368358,Kellwasser,1.0,0.75,18.18,81.30603237,Devon370Ma_075xRemin_1xpCO2.pO2xPO4_5x5b.dat.00,7.06,0.2,-0.1,-5.88,5.23,0.0,-84.83292183,28.337533789493218
127,126,0.9,0.8,0.414501043,Background,5.0,0.75,24.06,166.1389542,Devon370Ma_075xRemin_5xpCO2.pO2xPO4_5x5a.dat.13,1.83,0.8,1.0,0.525368358,Kellwasser,1.0,0.75,18.18,81.30603237,Devon370Ma_075xRemin_1xpCO2.pO2xPO4_5x5b.dat.00,7.06,0.2,-0.1,-5.88,5.23,0.0,-84.83292183,28.337533789493218
406,405,1.1,1.2,0.416669591,Background,2.5,1.0,21.46,136.0907772,251103.pO2xPO4_5x5b.dat.32,3.85,1.0,1.5,0.576999912,Kellwasser,0.75,1.0,17.06,80.04620759,Devon370Ma_1xRemin_0.75xpCO2.pO2xPO4_5x5c.dat.20,12.84,0.3,-0.1,-4.4,8.99,0.0,-56.04456961,28.68210432528739
79,78,1.2,1.1,0.468167688,Background,2.5,0.75,21.46,111.5448613,Devon370Ma_075xRemin_2.5xpCO2.pO2xPO4_5x5b.dat.41,1.65,1.0,1.4,0.615350876,Kellwasser,0.75,0.75,17.06,183.8741737,Devon370Ma_075xRemin_0.75xpCO2.pO2xPO4_5x5b.dat.24,7.8,0.3,-0.2,-4.4,6.15,0.0,72.3293124,28.749883280688103
50,49,1.1,1.0,0.427801779,Background,2.5,0.75,21.46,85.84064926,Devon370Ma_075xRemin_2.5xpCO2.pO2xPO4_5x5b.dat.30,1.38,0.9,1.3,0.607251064,Kellwasser,0.75,0.75,17.06,149.5253819,Devon370Ma_075xRemin_0.75xpCO2.pO2xPO4_5x5b.dat.13,8.26,0.3,-0.2,-4.4,6.88,0.0,63.68473264,28.80208346442868
363,362,1.0,1.1,0.393150484,Background,2.5,1.0,21.46,107.1565566,251103.pO2xPO4_5x5b.dat.21,3.94,1.0,1.4,0.642239103,Kellwasser,1.0,0.75,18.18,179.7021687,Devon370Ma_075xRemin_1xpCO2.pO2xPO4_5x5b.dat.24,11.1,0.3,0.0,-3.28,7.16,-0.25,72.5456121,29.050213182433605
400,399,1.1,1.2,0.416669591,Background,2.5,1.0,21.46,136.0907772,251103.pO2xPO4_5x5b.dat.32,3.85,1.1,1.6,0.521273485,Kellwasser,1.0,0.75,18.18,91.41401824,Devon370Ma_075xRemin_1xpCO2.pO2xPO4_5x5c.dat.31,12.2,0.4,0.0,-3.28,8.35,-0.25,-44.67675896,29.06682559433367
331,330,0.9,1.0,0.356375169,Background,2.5,1.0,21.46,83.33381993,251103.pO2xPO4_5x5b.dat.10,3.94,0.9,1.4,0.66094357,Kellwasser,1.0,0.75,18.18,169.6706604,Devon370Ma_075xRemin_1xpCO2.pO2xPO4_5x5b.dat.14,14.68,0.4,0.0,-3.28,10.74,-0.25,86.33684047,29.06958876836892
329,328,0.9,1.0,0.356375169,Background,2.5,1.0,21.46,83.33381993,251103.pO2xPO4_5x5b.dat.10,3.94,0.9,1.3,0.66094357,Kellwasser,1.0,0.75,18.18,145.8663173,Devon370Ma_075xRemin_1xpCO2.pO2xPO4_5x5b.dat.13,14.68,0.3,0.0,-3.28,10.74,-0.25,62.53249737,29.06958876836892
357,356,1.0,1.1,0.393150484,Background,2.5,1.0,21.46,107.1565566,251103.pO2xPO4_5x5b.dat.21,3.94,0.8,1.2,0.581754066,Kellwasser,0.75,0.75,17.06,121.8285979,Devon370Ma_075xRemin_0.75xpCO2.pO2xPO4_5x5b.dat.02,11.01,0.1,-0.2,-4.4,7.07,-0.25,14.6720413,29.139045104137654
185,184,0.8,0.7,0.3879819,Background,5.0,0.75,24.06,130.5182668,Devon370Ma_075xRemin_5xpCO2.pO2xPO4_5x5a.dat.02,1.83,0.7,0.9,0.513321644,Kellwasser,1.0,0.75,18.18,127.5337709,Devon370Ma_075xRemin_1xpCO2.pO2xPO4_5x5d.dat.44,9.27,0.2,-0.1,-5.88,7.44,0.0,-2.9844959,29.272847464768578
116,115,0.8,0.7,0.3879819,Background,5.0,0.75,24.06,130.5182668,Devon370Ma_075xRemin_5xpCO2.pO2xPO4_5x5a.dat.02,1.83,0.7,0.9,0.513321644,Kellwasser,1.0,0.75,18.18,127.5337709,Devon370Ma_075xRemin_1xpCO2.pO2xPO4_5x5d.dat.44,9.27,0.2,-0.1,-5.88,7.44,0.0,-2.9844959,29.272847464768578
318,317,1.0,1.0,0.371971628,Background,2.5,1.0,21.46,87.83979865,251103.pO2xPO4_5x5b.dat.20,2.75,0.9,1.4,0.636716441,Kellwasser,0.75,1.0,17.06,187.3711735,Devon370Ma_1xRemin_0.75xpCO2.pO2xPO4_5x5b.dat.14,17.43,0.4,-0.1,-4.4,14.68,0.0,99.53137485,29.315875333699598
420,419,1.2,1.3,0.431697772,Background,2.5,1.0,21.46,170.1500732,251103.pO2xPO4_5x5b.dat.43,3.58,1.1,1.6,0.5543525,Kellwasser,0.75,1.0,17.06,100.9647749,Devon370Ma_1xRemin_0.75xpCO2.pO2xPO4_5x5c.dat.31,10.09,0.3,-0.1,-4.4,6.51,0.0,-69.1852983,29.55895253717408
15,14,1.2,0.9,0.364158016,Background,2.5,0.5,21.46,239.3142786,251104.pO2xPO4_5x5a.dat.44,1.1,1.2,1.6,0.634581795,Kellwasser,1.0,0.75,18.18,95.13406258,Devon370Ma_075xRemin_1xpCO2.pO2xPO4_5x5c.dat.41,7.34,0.7,0.0,-3.28,6.24,0.25,-144.180216,29.627753006092824
388,387,1.2,1.2,0.427080903,Background,2.5,1.0,21.46,145.293583,251103.pO2xPO4_5x5b.dat.42,2.84,1.2,1.8,0.375039434,Kellwasser,1.0,0.75,18.18,133.0883533,Devon370Ma_075xRemin_1xpCO2.pO2xPO4_5x5c.dat.43,12.75,0.6,0.0,-3.28,9.91,-0.25,-12.2052297,29.782868354321046
391,390,1.2,1.2,0.427080903,Background,2.5,1.0,21.46,145.293583,251103.pO2xPO4_5x5b.dat.42,2.84,1.1,1.7,0.554011959,Kellwasser,0.75,1.0,17.06,120.2411222,Devon370Ma_1xRemin_0.75xpCO2.pO2xPO4_5x5c.dat.32,13.67,0.5,-0.1,-4.4,10.83,0.0,-25.0524608,29.81750235166831
311,310,1.0,1.0,0.371971628,Background,2.5,1.0,21.46,87.83979865,251103.pO2xPO4_5x5b.dat.20,2.75,1.0,1.5,0.524769688,Kellwasser,1.0,0.75,18.18,72.0914104,Devon370Ma_075xRemin_1xpCO2.pO2xPO4_5x5c.dat.20,15.96,0.5,0.0,-3.28,13.21,-0.25,-15.74838825,29.82363907360991
371,370,1.0,1.1,0.393150484,Background,2.5,1.0,21.46,107.1565566,251103.pO2xPO4_5x5b.dat.21,3.94,0.9,1.3,0.503735592,Kellwasser,0.75,1.0,17.06,161.3606291,Devon370Ma_1xRemin_0.75xpCO2.pO2xPO4_5x5b.dat.13,11.56,0.2,-0.1,-4.4,7.62,0.0,54.2040725,29.89370156915092
66,65,1.1,1.0,0.427801779,Background,2.5,0.75,21.46,85.84064926,Devon370Ma_075xRemin_2.5xpCO2.pO2xPO4_5x5b.dat.30,1.38,1.1,1.5,0.646946866,Kellwasser,1.0,0.75,18.18,74.9922765,Devon370Ma_075xRemin_1xpCO2.pO2xPO4_5x5c.dat.30,7.98,0.5,0.0,-3.28,6.6,0.0,-10.84837276,29.93407752836666
416,415,1.2,1.3,0.431697772,Background,2.5,1.0,21.46,170.1500732,251103.pO2xPO4_5x5b.dat.43,3.58,1.2,1.7,0.472367969,Kellwasser,1.0,0.75,18.18,113.443406,Devon370Ma_075xRemin_1xpCO2.pO2xPO4_5x5c.dat.42,9.91,0.4,0.0,-3.28,6.33,-0.25,-56.7066672,30.168520013151042
90,89,1.2,1.1,0.468167688,Background,2.5,0.75,21.46,111.5448613,Devon370Ma_075xRemin_2.5xpCO2.pO2xPO4_5x5b.dat.41,1.65,1.2,1.6,0.634581795,Kellwasser,1.0,0.75,18.18,95.13406258,Devon370Ma_075xRemin_1xpCO2.pO2xPO4_5x5c.dat.41,7.34,0.5,0.0,-3.28,5.69,0.0,-16.41079872,30.295539086030445
390,389,1.2,1.2,0.427080903,Background,2.5,1.0,21.46,145.293583,251103.pO2xPO4_5x5b.dat.42,2.84,1.1,1.6,0.5543525,Kellwasser,0.75,1.0,17.06,100.9647749,Devon370Ma_1xRemin_0.75xpCO2.pO2xPO4_5x5c.dat.31,10.09,0.4,-0.1,-4.4,7.25,0.0,-44.3288081,30.55161174317722
333,332,0.9,1.0,0.356375169,Background,2.5,1.0,21.46,83.33381993,251103.pO2xPO4_5x5b.dat.10,3.94,0.8,1.2,0.534846015,Kellwasser,0.75,1.0,17.06,130.6640625,Devon370Ma_1xRemin_0.75xpCO2.pO2xPO4_5x5b.dat.02,15.69,0.2,-0.1,-4.4,11.75,0.0,47.33024257,30.606982860502292
288,287,0.9,0.9,0.351258549,Background,2.5,1.0,21.46,217.7454153,251103.pO2xPO4_5x5a.dat.14,2.84,0.9,1.3,0.66094357,Kellwasser,1.0,0.75,18.18,145.8663173,Devon370Ma_075xRemin_1xpCO2.pO2xPO4_5x5b.dat.13,14.68,0.4,0.0,-3.28,11.84,-0.25,-71.879098,30.626952572423914
290,289,0.9,0.9,0.351258549,Background,2.5,1.0,21.46,217.7454153,251103.pO2xPO4_5x5a.dat.14,2.84,0.9,1.4,0.66094357,Kellwasser,1.0,0.75,18.18,169.6706604,Devon370Ma_075xRemin_1xpCO2.pO2xPO4_5x5b.dat.14,14.68,0.5,0.0,-3.28,11.84,-0.25,-48.0747549,30.626952572423914
327,326,0.9,1.0,0.356375169,Background,2.5,1.0,21.46,83.33381993,251103.pO2xPO4_5x5b.dat.10,3.94,0.9,1.2,0.707311062,Kellwasser,1.0,0.75,18.18,123.9745034,Devon370Ma_075xRemin_1xpCO2.pO2xPO4_5x5b.dat.12,9.27,0.2,0.0,-3.28,5.33,-0.25,40.64068347,30.79817510891302
380,379,1.2,1.2,0.427080903,Background,2.5,1.0,21.46,145.293583,251103.pO2xPO4_5x5b.dat.42,2.84,1.0,1.5,0.447463833,Kellwasser,0.75,0.75,17.06,75.25343972,Devon370Ma_075xRemin_0.75xpCO2.pO2xPO4_5x5c.dat.20,8.53,0.3,-0.2,-4.4,5.69,-0.25,-70.04014328,30.84953999186306
48,47,1.1,1.0,0.427801779,Background,2.5,0.75,21.46,85.84064926,Devon370Ma_075xRemin_2.5xpCO2.pO2xPO4_5x5b.dat.30,1.38,0.9,1.2,0.721538316,Kellwasser,0.75,0.75,17.06,127.3138187,Devon370Ma_075xRemin_0.75xpCO2.pO2xPO4_5x5b.dat.12,7.06,0.2,-0.2,-4.4,5.68,0.0,41.47316944,31.11380439473788
296,295,1.0,1.0,0.371971628,Background,2.5,1.0,21.46,87.83979865,251103.pO2xPO4_5x5b.dat.20,2.75,0.8,1.1,0.512140493,Kellwasser,1.0,0.5,18.18,94.47151388,Devon370Ma_050xRemin_1xpCO2.pO2xPO4_5x5b.dat.01,8.26,0.1,-0.2,-3.28,5.51,-0.5,6.63171523,31.21472211343919
386,385,1.2,1.2,0.427080903,Background,2.5,1.0,21.46,145.293583,251103.pO2xPO4_5x5b.dat.42,2.84,1.2,1.7,0.472367969,Kellwasser,1.0,0.75,18.18,113.443406,Devon370Ma_075xRemin_1xpCO2.pO2xPO4_5x5c.dat.42,9.91,0.5,0.0,-3.28,7.07,-0.25,-31.850177,31.246266641151585
1,0,1.2,0.9,0.364158016,Background,2.5,0.5,21.46,239.3142786,251104.pO2xPO4_5x5a.dat.44,1.1,1.0,1.3,0.740030777,Kellwasser,0.75,0.75,17.06,157.7604708,Devon370Ma_075xRemin_0.75xpCO2.pO2xPO4_5x5b.dat.23,6.51,0.4,-0.2,-4.4,5.41,0.25,-81.5538078,31.37304783366221
308,307,1.0,1.0,0.371971628,Background,2.5,1.0,21.46,87.83979865,251103.pO2xPO4_5x5b.dat.20,2.75,1.0,1.4,0.642239103,Kellwasser,1.0,0.75,18.18,179.7021687,Devon370Ma_075xRemin_1xpCO2.pO2xPO4_5x5b.dat.24,11.1,0.4,0.0,-3.28,8.35,-0.25,91.86237005,31.56120039654271
352,351,1.1,1.1,0.416669591,Background,2.5,1.0,21.46,113.6966021,251103.pO2xPO4_5x5b.dat.31,3.85,1.0,1.6,0.575716022,Kellwasser,0.75,1.0,17.06,97.3596907,Devon370Ma_1xRemin_0.75xpCO2.pO2xPO4_5x5c.dat.21,18.07,0.5,-0.1,-4.4,14.22,0.0,-16.3369114,31.67499500494119
298,297,1.0,1.0,0.371971628,Background,2.5,1.0,21.46,87.83979865,251103.pO2xPO4_5x5b.dat.20,2.75,0.8,1.2,0.581754066,Kellwasser,0.75,0.75,17.06,121.8285979,Devon370Ma_075xRemin_0.75xpCO2.pO2xPO4_5x5b.dat.02,11.01,0.2,-0.2,-4.4,8.26,-0.25,33.98879925,31.76141031130382
292,291,0.9,0.9,0.351258549,Background,2.5,1.0,21.46,217.7454153,251103.pO2xPO4_5x5a.dat.14,2.84,0.8,1.2,0.534846015,Kellwasser,0.75,1.0,17.06,130.6640625,Devon370Ma_1xRemin_0.75xpCO2.pO2xPO4_5x5b.dat.02,15.69,0.3,-0.1,-4.4,12.85,0.0,-87.0813528,31.829346645423932
306,305,1.0,1.0,0.371971628,Background,2.5,1.0,21.46,87.83979865,251103.pO2xPO4_5x5b.dat.20,2.75,0.8,1.2,0.684237598,Kellwasser,1.0,0.75,18.18,118.3068962,Devon370Ma_075xRemin_1xpCO2.pO2xPO4_5x5b.dat.02,12.57,0.2,-0.2,-3.28,9.82,-0.25,30.46709755,32.27795107914877
304,303,1.0,1.0,0.371971628,Background,2.5,1.0,21.46,87.83979865,251103.pO2xPO4_5x5b.dat.20,2.75,0.8,1.1,0.684237598,Kellwasser,1.0,0.75,18.18,103.7711627,Devon370Ma_075xRemin_1xpCO2.pO2xPO4_5x5b.dat.01,12.57,0.1,-0.2,-3.28,9.82,-0.25,15.93136405,32.27795107914877
62,61,1.1,1.0,0.427801779,Background,2.5,0.75,21.46,85.84064926,Devon370Ma_075xRemin_2.5xpCO2.pO2xPO4_5x5b.dat.30,1.38,1.1,1.4,0.694506238,Kellwasser,1.0,0.75,18.18,190.6808611,Devon370Ma_075xRemin_1xpCO2.pO2xPO4_5x5b.dat.34,6.79,0.4,0.0,-3.28,5.41,0.0,104.8402118,32.29735102206841
16,15,1.2,0.9,0.364158016,Background,2.5,0.5,21.46,239.3142786,251104.pO2xPO4_5x5a.dat.44,1.1,1.1,1.6,0.521273485,Kellwasser,1.0,0.75,18.18,91.41401824,Devon370Ma_075xRemin_1xpCO2.pO2xPO4_5x5c.dat.31,12.2,0.7,-0.1,-3.28,11.1,0.25,-147.9002604,32.3529196386146
286,285,0.9,0.9,0.351258549,Background,2.5,1.0,21.46,217.7454153,251103.pO2xPO4_5x5a.dat.14,2.84,0.9,1.2,0.707311062,Kellwasser,1.0,0.75,18.18,123.9745034,Devon370Ma_075xRemin_1xpCO2.pO2xPO4_5x5b.dat.12,9.27,0.3,0.0,-3.28,6.43,-0.25,-93.7709119,32.39184506680043
297,296,1.0,1.0,0.371971628,Background,2.5,1.0,21.46,87.83979865,251103.pO2xPO4_5x5b.dat.20,2.75,0.8,1.1,0.704886087,Kellwasser,0.75,0.75,17.06,102.3750592,Devon370Ma_075xRemin_0.75xpCO2.pO2xPO4_5x5b.dat.01,7.8,0.1,-0.2,-4.4,5.05,-0.25,14.53526055,32.40532768746372
316,315,1.0,1.0,0.371971628,Background,2.5,1.0,21.46,87.83979865,251103.pO2xPO4_5x5b.dat.20,2.75,0.8,1.2,0.534846015,Kellwasser,0.75,1.0,17.06,130.6640625,Devon370Ma_1xRemin_0.75xpCO2.pO2xPO4_5x5b.dat.02,15.69,0.2,-0.2,-4.4,12.94,0.0,42.82426385,32.40532771299455
20,19,1.2,0.9,0.364158016,Background,2.5,0.5,21.46,239.3142786,251104.pO2xPO4_5x5a.dat.44,1.1,1.0,1.5,0.576999912,Kellwasser,0.75,1.0,17.06,80.04620759,Devon370Ma_1xRemin_0.75xpCO2.pO2xPO4_5x5c.dat.20,12.84,0.6,-0.2,-4.4,11.74,0.5,-159.268071,32.590360896656385
359,358,1.0,1.1,0.393150484,Background,2.5,1.0,21.46,107.1565566,251103.pO2xPO4_5x5b.dat.21,3.94,0.8,1.1,0.684237598,Kellwasser,1.0,0.75,18.18,103.7711627,Devon370Ma_075xRemin_1xpCO2.pO2xPO4_5x5b.dat.01,12.57,0.0,-0.2,-3.28,8.63,-0.25,-3.3853939,32.61015697602179
361,360,1.0,1.1,0.393150484,Background,2.5,1.0,21.46,107.1565566,251103.pO2xPO4_5x5b.dat.21,3.94,0.8,1.2,0.684237598,Kellwasser,1.0,0.75,18.18,118.3068962,Devon370Ma_075xRemin_1xpCO2.pO2xPO4_5x5b.dat.02,12.57,0.1,-0.2,-3.28,8.63,-0.25,11.1503396,32.61015697602179
338,337,1.1,1.1,0.416669591,Background,2.5,1.0,21.46,113.6966021,251103.pO2xPO4_5x5b.dat.31,3.85,0.9,1.4,0.394946273,Kellwasser,0.75,0.75,17.06,173.7303537,Devon370Ma_075xRemin_0.75xpCO2.pO2xPO4_5x5b.dat.14,11.47,0.3,-0.2,-4.4,7.62,-0.25,60.0337516,32.67674617458385
317,316,1.0,1.0,0.371971628,Background,2.5,1.0,21.46,87.83979865,251103.pO2xPO4_5x5b.dat.20,2.75,0.9,1.3,0.503735592,Kellwasser,0.75,1.0,17.06,161.3606291,Devon370Ma_1xRemin_0.75xpCO2.pO2xPO4_5x5b.dat.13,11.56,0.3,-0.1,-4.4,8.81,0.0,73.52083045,32.68765959354739
342,341,1.1,1.1,0.416669591,Background,2.5,1.0,21.46,113.6966021,251103.pO2xPO4_5x5b.dat.31,3.85,0.9,1.4,0.66094357,Kellwasser,1.0,0.75,18.18,169.6706604,Devon370Ma_075xRemin_1xpCO2.pO2xPO4_5x5b.dat.14,14.68,0.3,-0.2,-3.28,10.83,-0.25,55.9740583,32.77329863223126
340,339,1.1,1.1,0.416669591,Background,2.5,1.0,21.46,113.6966021,251103.pO2xPO4_5x5b.dat.31,3.85,0.9,1.3,0.66094357,Kellwasser,1.0,0.75,18.18,145.8663173,Devon370Ma_075xRemin_1xpCO2.pO2xPO4_5x5b.dat.13,14.68,0.2,-0.2,-3.28,10.83,-0.25,32.1697152,32.77329863223126
344,343,1.1,1.1,0.416669591,Background,2.5,1.0,21.46,113.6966021,251103.pO2xPO4_5x5b.dat.31,3.85,1.1,1.6,0.521273485,Kellwasser,1.0,0.75,18.18,91.41401824,Devon370Ma_075xRemin_1xpCO2.pO2xPO4_5x5c.dat.31,12.2,0.5,0.0,-3.28,8.35,-0.25,-22.28258386,32.86030780722887
370,369,1.0,1.1,0.393150484,Background,2.5,1.0,21.46,107.1565566,251103.pO2xPO4_5x5b.dat.21,3.94,0.8,1.2,0.534846015,Kellwasser,0.75,1.0,17.06,130.6640625,Devon370Ma_1xRemin_0.75xpCO2.pO2xPO4_5x5b.dat.02,15.69,0.1,-0.2,-4.4,11.75,0.0,23.5075059,32.93713051167506
67,66,1.1,1.0,0.427801779,Background,2.5,0.75,21.46,85.84064926,Devon370Ma_075xRemin_2.5xpCO2.pO2xPO4_5x5b.dat.30,1.38,1.0,1.5,0.524769688,Kellwasser,1.0,0.75,18.18,72.0914104,Devon370Ma_075xRemin_1xpCO2.pO2xPO4_5x5c.dat.20,15.96,0.5,-0.1,-3.28,14.58,0.0,-13.74923886,32.938143061365324
350,349,1.1,1.1,0.416669591,Background,2.5,1.0,21.46,113.6966021,251103.pO2xPO4_5x5b.dat.31,3.85,1.0,1.5,0.576999912,Kellwasser,0.75,1.0,17.06,80.04620759,Devon370Ma_1xRemin_0.75xpCO2.pO2xPO4_5x5c.dat.20,12.84,0.4,-0.1,-4.4,8.99,0.0,-33.65039451,33.02858102662009
91,90,1.2,1.1,0.468167688,Background,2.5,0.75,21.46,111.5448613,Devon370Ma_075xRemin_2.5xpCO2.pO2xPO4_5x5b.dat.41,1.65,1.1,1.6,0.521273485,Kellwasser,1.0,0.75,18.18,91.41401824,Devon370Ma_075xRemin_1xpCO2.pO2xPO4_5x5c.dat.31,12.2,0.5,-0.1,-3.28,10.55,0.0,-20.13084306,33.04359164704812
12,11,1.2,0.9,0.364158016,Background,2.5,0.5,21.46,239.3142786,251104.pO2xPO4_5x5a.dat.44,1.1,1.2,1.5,0.627748193,Kellwasser,1.0,0.75,18.18,78.00653839,Devon370Ma_075xRemin_1xpCO2.pO2xPO4_5x5c.dat.40,6.61,0.6,0.0,-3.28,5.51,0.25,-161.3077402,33.18410434997234
339,338,1.1,1.1,0.416669591,Background,2.5,1.0,21.46,113.6966021,251103.pO2xPO4_5x5b.dat.31,3.85,0.9,1.2,0.707311062,Kellwasser,1.0,0.75,18.18,123.9745034,Devon370Ma_075xRemin_1xpCO2.pO2xPO4_5x5b.dat.12,9.27,0.1,-0.2,-3.28,5.42,-0.25,10.2779013,33.201580083481545
95,94,1.2,1.1,0.468167688,Background,2.5,0.75,21.46,111.5448613,Devon370Ma_075xRemin_2.5xpCO2.pO2xPO4_5x5b.dat.41,1.65,1.0,1.5,0.576999912,Kellwasser,0.75,1.0,17.06,80.04620759,Devon370Ma_1xRemin_0.75xpCO2.pO2xPO4_5x5c.dat.20,12.84,0.4,-0.2,-4.4,11.19,0.25,-31.49865371,33.25565966350002
348,347,1.1,1.1,0.416669591,Background,2.5,1.0,21.46,113.6966021,251103.pO2xPO4_5x5b.dat.31,3.85,0.9,1.3,0.503735592,Kellwasser,0.75,1.0,17.06,161.3606291,Devon370Ma_1xRemin_0.75xpCO2.pO2xPO4_5x5b.dat.13,11.56,0.2,-0.2,-4.4,7.71,0.0,47.664027,33.47783899432671
349,348,1.1,1.1,0.416669591,Background,2.5,1.0,21.46,113.6966021,251103.pO2xPO4_5x5b.dat.31,3.85,0.9,1.4,0.636716441,Kellwasser,0.75,1.0,17.06,187.3711735,Devon370Ma_1xRemin_0.75xpCO2.pO2xPO4_5x5b.dat.14,17.43,0.3,-0.2,-4.4,13.58,0.0,73.6745714,33.47784665955824
421,420,1.2,1.3,0.431697772,Background,2.5,1.0,21.46,170.1500732,251103.pO2xPO4_5x5b.dat.43,3.58,1.0,1.6,0.575716022,Kellwasser,0.75,1.0,17.06,97.3596907,Devon370Ma_1xRemin_0.75xpCO2.pO2xPO4_5x5c.dat.21,18.07,0.3,-0.2,-4.4,14.49,0.0,-72.7903825,33.63928233203687
405,404,1.1,1.2,0.416669591,Background,2.5,1.0,21.46,136.0907772,251103.pO2xPO4_5x5b.dat.32,3.85,0.9,1.4,0.636716441,Kellwasser,0.75,1.0,17.06,187.3711735,Devon370Ma_1xRemin_0.75xpCO2.pO2xPO4_5x5b.dat.14,17.43,0.2,-0.2,-4.4,13.58,0.0,51.2803963,33.80877517185651
64,63,1.1,1.0,0.427801779,Background,2.5,0.75,21.46,85.84064926,Devon370Ma_075xRemin_2.5xpCO2.pO2xPO4_5x5b.dat.30,1.38,0.9,1.4,0.66094357,Kellwasser,1.0,0.75,18.18,169.6706604,Devon370Ma_075xRemin_1xpCO2.pO2xPO4_5x5b.dat.14,14.68,0.4,-0.2,-3.28,13.3,0.0,83.83001114,33.84467461814672
58,57,1.1,1.0,0.427801779,Background,2.5,0.75,21.46,85.84064926,Devon370Ma_075xRemin_2.5xpCO2.pO2xPO4_5x5b.dat.30,1.38,0.9,1.1,0.477965643,Kellwasser,1.0,0.75,18.18,103.7711627,Devon370Ma_075xRemin_1xpCO2.pO2xPO4_5x5b.dat.11,6.61,0.1,-0.2,-3.28,5.23,0.0,17.93051344,33.84467461814672
61,60,1.1,1.0,0.427801779,Background,2.5,0.75,21.46,85.84064926,Devon370Ma_075xRemin_2.5xpCO2.pO2xPO4_5x5b.dat.30,1.38,0.9,1.3,0.66094357,Kellwasser,1.0,0.75,18.18,145.8663173,Devon370Ma_075xRemin_1xpCO2.pO2xPO4_5x5b.dat.13,14.68,0.3,-0.2,-3.28,13.3,0.0,60.02566804,33.84467461814672
59,58,1.1,1.0,0.427801779,Background,2.5,0.75,21.46,85.84064926,Devon370Ma_075xRemin_2.5xpCO2.pO2xPO4_5x5b.dat.30,1.38,0.9,1.2,0.707311062,Kellwasser,1.0,0.75,18.18,123.9745034,Devon370Ma_075xRemin_1xpCO2.pO2xPO4_5x5b.dat.12,9.27,0.2,-0.2,-3.28,7.89,0.0,38.13385414,33.84467461814672
415,414,1.2,1.3,0.431697772,Background,2.5,1.0,21.46,170.1500732,251103.pO2xPO4_5x5b.dat.43,3.58,1.1,1.6,0.521273485,Kellwasser,1.0,0.75,18.18,91.41401824,Devon370Ma_075xRemin_1xpCO2.pO2xPO4_5x5c.dat.31,12.2,0.3,-0.1,-3.28,8.62,-0.25,-78.73605496,33.908530055461014
404,403,1.1,1.2,0.416669591,Background,2.5,1.0,21.46,136.0907772,251103.pO2xPO4_5x5b.dat.32,3.85,0.9,1.3,0.503735592,Kellwasser,0.75,1.0,17.06,161.3606291,Devon370Ma_1xRemin_0.75xpCO2.pO2xPO4_5x5b.dat.13,11.56,0.1,-0.2,-4.4,7.71,0.0,25.2698519,33.98614576305607
398,397,1.1,1.2,0.416669591,Background,2.5,1.0,21.46,136.0907772,251103.pO2xPO4_5x5b.dat.32,3.85,0.9,1.4,0.66094357,Kellwasser,1.0,0.75,18.18,169.6706604,Devon370Ma_075xRemin_1xpCO2.pO2xPO4_5x5b.dat.14,14.68,0.2,-0.2,-3.28,10.83,-0.25,33.5798832,33.99131101979159
395,394,1.1,1.2,0.416669591,Background,2.5,1.0,21.46,136.0907772,251103.pO2xPO4_5x5b.dat.32,3.85,0.9,1.2,0.707311062,Kellwasser,1.0,0.75,18.18,123.9745034,Devon370Ma_075xRemin_1xpCO2.pO2xPO4_5x5b.dat.12,9.27,0.0,-0.2,-3.28,5.42,-0.25,-12.1162738,33.99131101979159
396,395,1.1,1.2,0.416669591,Background,2.5,1.0,21.46,136.0907772,251103.pO2xPO4_5x5b.dat.32,3.85,0.9,1.3,0.66094357,Kellwasser,1.0,0.75,18.18,145.8663173,Devon370Ma_075xRemin_1xpCO2.pO2xPO4_5x5b.dat.13,14.68,0.1,-0.2,-3.28,10.83,-0.25,9.7755401,33.99131101979159
73,72,1.1,1.0,0.427801779,Background,2.5,0.75,21.46,85.84064926,Devon370Ma_075xRemin_2.5xpCO2.pO2xPO4_5x5b.dat.30,1.38,0.9,1.3,0.503735592,Kellwasser,0.75,1.0,17.06,161.3606291,Devon370Ma_1xRemin_0.75xpCO2.pO2xPO4_5x5b.dat.13,11.56,0.3,-0.2,-4.4,10.18,0.25,75.51997984,34.00057334035346
399,398,1.1,1.2,0.416669591,Background,2.5,1.0,21.46,136.0907772,251103.pO2xPO4_5x5b.dat.32,3.85,1.0,1.5,0.524769688,Kellwasser,1.0,0.75,18.18,72.0914104,Devon370Ma_075xRemin_1xpCO2.pO2xPO4_5x5c.dat.20,15.96,0.3,-0.1,-3.28,12.11,-0.25,-63.9993668,34.17633958993927
382,381,1.2,1.2,0.427080903,Background,2.5,1.0,21.46,145.293583,251103.pO2xPO4_5x5b.dat.42,2.84,1.0,1.4,0.642239103,Kellwasser,1.0,0.75,18.18,179.7021687,Devon370Ma_075xRemin_1xpCO2.pO2xPO4_5x5b.dat.24,11.1,0.2,-0.2,-3.28,8.26,-0.25,34.4085857,34.54758025323674
384,383,1.2,1.2,0.427080903,Background,2.5,1.0,21.46,145.293583,251103.pO2xPO4_5x5b.dat.42,2.84,1.0,1.5,0.524769688,Kellwasser,1.0,0.75,18.18,72.0914104,Devon370Ma_075xRemin_1xpCO2.pO2xPO4_5x5c.dat.20,15.96,0.3,-0.2,-3.28,13.12,-0.25,-73.2021726,34.54758025323674
14,13,1.2,0.9,0.364158016,Background,2.5,0.5,21.46,239.3142786,251104.pO2xPO4_5x5a.dat.44,1.1,1.0,1.5,0.524769688,Kellwasser,1.0,0.75,18.18,72.0914104,Devon370Ma_075xRemin_1xpCO2.pO2xPO4_5x5c.dat.20,15.96,0.6,-0.2,-3.28,14.86,0.25,-167.2228682,34.7407720346372
280,279,0.9,0.9,0.351258549,Background,2.5,1.0,21.46,217.7454153,251103.pO2xPO4_5x5a.dat.14,2.84,0.8,1.1,0.512140493,Kellwasser,1.0,0.5,18.18,94.47151388,Devon370Ma_050xRemin_1xpCO2.pO2xPO4_5x5b.dat.01,8.26,0.2,-0.1,-3.28,5.42,-0.5,-123.2739014,34.84106335066656
89,88,1.2,1.1,0.468167688,Background,2.5,0.75,21.46,111.5448613,Devon370Ma_075xRemin_2.5xpCO2.pO2xPO4_5x5b.dat.41,1.65,1.0,1.5,0.524769688,Kellwasser,1.0,0.75,18.18,72.0914104,Devon370Ma_075xRemin_1xpCO2.pO2xPO4_5x5c.dat.20,15.96,0.4,-0.2,-3.28,14.31,0.0,-39.4534509,34.89171781792325
87,86,1.2,1.1,0.468167688,Background,2.5,0.75,21.46,111.5448613,Devon370Ma_075xRemin_2.5xpCO2.pO2xPO4_5x5b.dat.41,1.65,1.0,1.4,0.642239103,Kellwasser,1.0,0.75,18.18,179.7021687,Devon370Ma_075xRemin_1xpCO2.pO2xPO4_5x5b.dat.24,11.1,0.3,-0.2,-3.28,9.45,0.0,68.1573074,34.89171781792325
9,8,1.2,0.9,0.364158016,Background,2.5,0.5,21.46,239.3142786,251104.pO2xPO4_5x5a.dat.44,1.1,1.0,1.3,0.679021468,Kellwasser,1.0,0.75,18.18,154.1479141,Devon370Ma_075xRemin_1xpCO2.pO2xPO4_5x5b.dat.23,7.52,0.4,-0.2,-3.28,6.42,0.25,-85.1663645,34.931047089158916
11,10,1.2,0.9,0.364158016,Background,2.5,0.5,21.46,239.3142786,251104.pO2xPO4_5x5a.dat.44,1.1,1.0,1.4,0.642239103,Kellwasser,1.0,0.75,18.18,179.7021687,Devon370Ma_075xRemin_1xpCO2.pO2xPO4_5x5b.dat.24,11.1,0.5,-0.2,-3.28,10.0,0.25,-59.6121099,34.931047089158916
389,388,1.2,1.2,0.427080903,Background,2.5,1.0,21.46,145.293583,251103.pO2xPO4_5x5b.dat.42,2.84,1.0,1.5,0.576999912,Kellwasser,0.75,1.0,17.06,80.04620759,Devon370Ma_1xRemin_0.75xpCO2.pO2xPO4_5x5c.dat.20,12.84,0.3,-0.2,-4.4,10.0,0.0,-65.24737541,34.9327788647073
362,361,1.0,1.1,0.393150484,Background,2.5,1.0,21.46,107.1565566,251103.pO2xPO4_5x5b.dat.21,3.94,0.9,1.3,0.66094357,Kellwasser,1.0,0.75,18.18,145.8663173,Devon370Ma_075xRemin_1xpCO2.pO2xPO4_5x5b.dat.13,14.68,0.2,-0.1,-3.28,10.74,-0.25,38.7097607,35.06414096593938
364,363,1.0,1.1,0.393150484,Background,2.5,1.0,21.46,107.1565566,251103.pO2xPO4_5x5b.dat.21,3.94,0.9,1.4,0.66094357,Kellwasser,1.0,0.75,18.18,169.6706604,Devon370Ma_075xRemin_1xpCO2.pO2xPO4_5x5b.dat.14,14.68,0.3,-0.1,-3.28,10.74,-0.25,62.5141038,35.06414096593938
414,413,1.2,1.3,0.431697772,Background,2.5,1.0,21.46,170.1500732,251103.pO2xPO4_5x5b.dat.43,3.58,1.0,1.5,0.524769688,Kellwasser,1.0,0.75,18.18,72.0914104,Devon370Ma_075xRemin_1xpCO2.pO2xPO4_5x5c.dat.20,15.96,0.2,-0.2,-3.28,12.38,-0.25,-98.0586628,35.145358941122126
413,412,1.2,1.3,0.431697772,Background,2.5,1.0,21.46,170.1500732,251103.pO2xPO4_5x5b.dat.43,3.58,1.0,1.4,0.642239103,Kellwasser,1.0,0.75,18.18,179.7021687,Devon370Ma_075xRemin_1xpCO2.pO2xPO4_5x5b.dat.24,11.1,0.1,-0.2,-3.28,7.52,-0.25,9.5520955,35.145358941122126
63,62,1.1,1.0,0.427801779,Background,2.5,0.75,21.46,85.84064926,Devon370Ma_075xRemin_2.5xpCO2.pO2xPO4_5x5b.dat.30,1.38,1.0,1.4,0.642239103,Kellwasser,1.0,0.75,18.18,179.7021687,Devon370Ma_075xRemin_1xpCO2.pO2xPO4_5x5b.dat.24,11.1,0.4,-0.1,-3.28,9.72,0.0,93.86151944,35.169221328470925
419,418,1.2,1.3,0.431697772,Background,2.5,1.0,21.46,170.1500732,251103.pO2xPO4_5x5b.dat.43,3.58,1.0,1.5,0.576999912,Kellwasser,0.75,1.0,17.06,80.04620759,Devon370Ma_1xRemin_0.75xpCO2.pO2xPO4_5x5c.dat.20,12.84,0.2,-0.2,-4.4,9.26,0.0,-90.10386561,35.19583538489368
85,84,1.2,1.1,0.468167688,Background,2.5,0.75,21.46,111.5448613,Devon370Ma_075xRemin_2.5xpCO2.pO2xPO4_5x5b.dat.41,1.65,1.0,1.3,0.679021468,Kellwasser,1.0,0.75,18.18,154.1479141,Devon370Ma_075xRemin_1xpCO2.pO2xPO4_5x5b.dat.23,7.52,0.2,-0.2,-3.28,5.87,0.0,42.6030528,35.26845142129243
397,396,1.1,1.2,0.416669591,Background,2.5,1.0,21.46,136.0907772,251103.pO2xPO4_5x5b.dat.32,3.85,1.0,1.4,0.642239103,Kellwasser,1.0,0.75,18.18,179.7021687,Devon370Ma_075xRemin_1xpCO2.pO2xPO4_5x5b.dat.24,11.1,0.2,-0.1,-3.28,7.25,-0.25,43.6113915,35.60442290887537
287,286,0.9,0.9,0.351258549,Background,2.5,1.0,21.46,217.7454153,251103.pO2xPO4_5x5a.dat.14,2.84,0.8,1.2,0.684237598,Kellwasser,1.0,0.75,18.18,118.3068962,Devon370Ma_075xRemin_1xpCO2.pO2xPO4_5x5b.dat.02,12.57,0.3,-0.1,-3.28,9.73,-0.25,-99.4385191,35.72205746923619
285,284,0.9,0.9,0.351258549,Background,2.5,1.0,21.46,217.7454153,251103.pO2xPO4_5x5a.dat.14,2.84,0.8,1.1,0.684237598,Kellwasser,1.0,0.75,18.18,103.7711627,Devon370Ma_075xRemin_1xpCO2.pO2xPO4_5x5b.dat.01,12.57,0.2,-0.1,-3.28,9.73,-0.25,-113.9742526,35.72205746923619
309,308,1.0,1.0,0.371971628,Background,2.5,1.0,21.46,87.83979865,251103.pO2xPO4_5x5b.dat.20,2.75,0.9,1.4,0.66094357,Kellwasser,1.0,0.75,18.18,169.6706604,Devon370Ma_075xRemin_1xpCO2.pO2xPO4_5x5b.dat.14,14.68,0.4,-0.1,-3.28,11.93,-0.25,81.83086175,36.02493186936213
307,306,1.0,1.0,0.371971628,Background,2.5,1.0,21.46,87.83979865,251103.pO2xPO4_5x5b.dat.20,2.75,0.9,1.3,0.66094357,Kellwasser,1.0,0.75,18.18,145.8663173,Devon370Ma_075xRemin_1xpCO2.pO2xPO4_5x5b.dat.13,14.68,0.3,-0.1,-3.28,11.93,-0.25,58.02651865,36.02493186936213
385,384,1.2,1.2,0.427080903,Background,2.5,1.0,21.46,145.293583,251103.pO2xPO4_5x5b.dat.42,2.84,1.1,1.6,0.521273485,Kellwasser,1.0,0.75,18.18,91.41401824,Devon370Ma_075xRemin_1xpCO2.pO2xPO4_5x5c.dat.31,12.2,0.4,-0.1,-3.28,9.36,-0.25,-53.87956476,36.0409472077499
326,325,0.9,1.0,0.356375169,Background,2.5,1.0,21.46,83.33381993,251103.pO2xPO4_5x5b.dat.10,3.94,0.8,1.1,0.684237598,Kellwasser,1.0,0.75,18.18,103.7711627,Devon370Ma_075xRemin_1xpCO2.pO2xPO4_5x5b.dat.01,12.57,0.1,-0.1,-3.28,8.63,-0.25,20.43734277,36.10579027865789
328,327,0.9,1.0,0.356375169,Background,2.5,1.0,21.46,83.33381993,251103.pO2xPO4_5x5b.dat.10,3.94,0.8,1.2,0.684237598,Kellwasser,1.0,0.75,18.18,118.3068962,Devon370Ma_075xRemin_1xpCO2.pO2xPO4_5x5b.dat.02,12.57,0.2,-0.1,-3.28,8.63,-0.25,34.97307627,36.10579027865789
305,304,1.0,1.0,0.371971628,Background,2.5,1.0,21.46,87.83979865,251103.pO2xPO4_5x5b.dat.20,2.75,0.9,1.2,0.707311062,Kellwasser,1.0,0.75,18.18,123.9745034,Devon370Ma_075xRemin_1xpCO2.pO2xPO4_5x5b.dat.12,9.27,0.2,-0.1,-3.28,6.52,-0.25,36.13470475,36.35377970330546
88,87,1.2,1.1,0.468167688,Background,2.5,0.75,21.46,111.5448613,Devon370Ma_075xRemin_2.5xpCO2.pO2xPO4_5x5b.dat.41,1.65,1.1,1.5,0.646946866,Kellwasser,1.0,0.75,18.18,74.9922765,Devon370Ma_075xRemin_1xpCO2.pO2xPO4_5x5c.dat.30,7.98,0.4,-0.1,-3.28,6.33,0.0,-36.5525848,36.38893319391434
341,340,1.1,1.1,0.416669591,Background,2.5,1.0,21.46,113.6966021,251103.pO2xPO4_5x5b.dat.31,3.85,1.0,1.4,0.642239103,Kellwasser,1.0,0.75,18.18,179.7021687,Devon370Ma_075xRemin_1xpCO2.pO2xPO4_5x5b.dat.24,11.1,0.3,-0.1,-3.28,7.25,-0.25,66.0055666,36.585472020478285
360,359,1.0,1.1,0.393150484,Background,2.5,1.0,21.46,107.1565566,251103.pO2xPO4_5x5b.dat.21,3.94,0.9,1.2,0.707311062,Kellwasser,1.0,0.75,18.18,123.9745034,Devon370Ma_075xRemin_1xpCO2.pO2xPO4_5x5b.dat.12,9.27,0.1,-0.1,-3.28,5.33,-0.25,16.8179468,36.602949003040344
343,342,1.1,1.1,0.416669591,Background,2.5,1.0,21.46,113.6966021,251103.pO2xPO4_5x5b.dat.31,3.85,1.0,1.5,0.524769688,Kellwasser,1.0,0.75,18.18,72.0914104,Devon370Ma_075xRemin_1xpCO2.pO2xPO4_5x5c.dat.20,15.96,0.4,-0.1,-3.28,12.11,-0.25,-41.6051917,36.629496822833886
13,12,1.2,0.9,0.364158016,Background,2.5,0.5,21.46,239.3142786,251104.pO2xPO4_5x5a.dat.44,1.1,1.1,1.5,0.646946866,Kellwasser,1.0,0.75,18.18,74.9922765,Devon370Ma_075xRemin_1xpCO2.pO2xPO4_5x5c.dat.30,7.98,0.6,-0.1,-3.28,6.88,0.25,-164.3220021,36.65723166747809
60,59,1.1,1.0,0.427801779,Background,2.5,0.75,21.46,85.84064926,Devon370Ma_075xRemin_2.5xpCO2.pO2xPO4_5x5b.dat.30,1.38,1.0,1.3,0.679021468,Kellwasser,1.0,0.75,18.18,154.1479141,Devon370Ma_075xRemin_1xpCO2.pO2xPO4_5x5b.dat.23,7.52,0.3,-0.1,-3.28,6.14,0.0,68.30726484,37.1707359959251
383,382,1.2,1.2,0.427080903,Background,2.5,1.0,21.46,145.293583,251103.pO2xPO4_5x5b.dat.42,2.84,1.1,1.5,0.646946866,Kellwasser,1.0,0.75,18.18,74.9922765,Devon370Ma_075xRemin_1xpCO2.pO2xPO4_5x5c.dat.30,7.98,0.3,-0.1,-3.28,5.14,-0.25,-70.3013065,37.17975165256126
10,9,1.2,0.9,0.364158016,Background,2.5,0.5,21.46,239.3142786,251104.pO2xPO4_5x5a.dat.44,1.1,1.1,1.4,0.694506238,Kellwasser,1.0,0.75,18.18,190.6808611,Devon370Ma_075xRemin_1xpCO2.pO2xPO4_5x5b.dat.34,6.79,0.5,-0.1,-3.28,5.69,0.25,-48.6334175,37.227412236645144
86,85,1.2,1.1,0.468167688,Background,2.5,0.75,21.46,111.5448613,Devon370Ma_075xRemin_2.5xpCO2.pO2xPO4_5x5b.dat.41,1.65,1.1,1.4,0.694506238,Kellwasser,1.0,0.75,18.18,190.6808611,Devon370Ma_075xRemin_1xpCO2.pO2xPO4_5x5b.dat.34,6.79,0.3,-0.1,-3.28,5.14,0.0,79.1359998,37.29141926148084
18,17,1.2,0.9,0.364158016,Background,2.5,0.5,21.46,239.3142786,251104.pO2xPO4_5x5a.dat.44,1.1,1.1,1.7,0.521273485,Kellwasser,1.0,0.75,18.18,109.2405873,Devon370Ma_075xRemin_1xpCO2.pO2xPO4_5x5c.dat.32,12.2,0.8,-0.1,-3.28,11.1,0.25,-130.0736913,
41,40,1.2,0.9,0.352479784,Background,5.0,0.5,24.06,223.9596215,Devon370Ma_050xRemin_5xpCO2.pO2xPO4_5x5a.dat.44,1.19,1.1,1.7,0.521273485,Kellwasser,1.0,0.75,18.18,109.2405873,Devon370Ma_075xRemin_1xpCO2.pO2xPO4_5x5c.dat.32,12.2,0.8,-0.1,-5.88,11.01,0.25,-114.7190342,
71,70,1.1,1.0,0.427801779,Background,2.5,0.75,21.46,85.84064926,Devon370Ma_075xRemin_2.5xpCO2.pO2xPO4_5x5b.dat.30,1.38,1.1,1.7,0.521273485,Kellwasser,1.0,0.75,18.18,109.2405873,Devon370Ma_075xRemin_1xpCO2.pO2xPO4_5x5c.dat.32,12.2,0.7,0.0,-3.28,10.82,0.0,23.39993804,
93,92,1.2,1.1,0.468167688,Background,2.5,0.75,21.46,111.5448613,Devon370Ma_075xRemin_2.5xpCO2.pO2xPO4_5x5b.dat.41,1.65,1.1,1.7,0.521273485,Kellwasser,1.0,0.75,18.18,109.2405873,Devon370Ma_075xRemin_1xpCO2.pO2xPO4_5x5c.dat.32,12.2,0.6,-0.1,-3.28,10.55,0.0,-2.304274,
160,159,1.0,0.9,0.427189722,Background,5.0,0.75,24.06,203.5507932,Devon370Ma_075xRemin_5xpCO2.pO2xPO4_5x5a.dat.24,2.11,1.1,1.7,0.521273485,Kellwasser,1.0,0.75,18.18,109.2405873,Devon370Ma_075xRemin_1xpCO2.pO2xPO4_5x5c.dat.32,12.2,0.8,0.1,-5.88,10.09,0.0,-94.3102059,
229,228,1.0,0.9,0.427189722,Background,5.0,0.75,24.06,203.5507932,Devon370Ma_075xRemin_5xpCO2.pO2xPO4_5x5a.dat.24,2.11,1.1,1.7,0.521273485,Kellwasser,1.0,0.75,18.18,109.2405873,Devon370Ma_075xRemin_1xpCO2.pO2xPO4_5x5c.dat.32,12.2,0.8,0.1,-5.88,10.09,0.0,-94.3102059,
254,253,1.1,1.0,0.390493104,Background,5.0,0.75,24.06,77.53463433,Devon370Ma_075xRemin_5xpCO2.pO2xPO4_5x5b.dat.30,2.29,1.1,1.7,0.521273485,Kellwasser,1.0,0.75,18.18,109.2405873,Devon370Ma_075xRemin_1xpCO2.pO2xPO4_5x5c.dat.32,12.2,0.7,0.0,-5.88,9.91,0.0,31.70595297,
273,272,1.2,1.1,0.370451494,Background,5.0,0.75,24.06,100.7840037,Devon370Ma_075xRemin_5xpCO2.pO2xPO4_5x5b.dat.41,2.29,1.1,1.7,0.521273485,Kellwasser,1.0,0.75,18.18,109.2405873,Devon370Ma_075xRemin_1xpCO2.pO2xPO4_5x5c.dat.32,12.2,0.6,-0.1,-5.88,9.91,0.0,8.4565836,
314,313,1.0,1.0,0.371971628,Background,2.5,1.0,21.46,87.83979865,251103.pO2xPO4_5x5b.dat.20,2.75,1.1,1.7,0.521273485,Kellwasser,1.0,0.75,18.18,109.2405873,Devon370Ma_075xRemin_1xpCO2.pO2xPO4_5x5c.dat.32,12.2,0.7,0.1,-3.28,9.45,-0.25,21.40078865,
346,345,1.1,1.1,0.416669591,Background,2.5,1.0,21.46,113.6966021,251103.pO2xPO4_5x5b.dat.31,3.85,1.1,1.7,0.521273485,Kellwasser,1.0,0.75,18.18,109.2405873,Devon370Ma_075xRemin_1xpCO2.pO2xPO4_5x5c.dat.32,12.2,0.6,0.0,-3.28,8.35,-0.25,-4.4560148,
368,367,1.0,1.1,0.393150484,Background,2.5,1.0,21.46,107.1565566,251103.pO2xPO4_5x5b.dat.21,3.94,1.1,1.7,0.521273485,Kellwasser,1.0,0.75,18.18,109.2405873,Devon370Ma_075xRemin_1xpCO2.pO2xPO4_5x5c.dat.32,12.2,0.6,0.1,-3.28,8.26,-0.25,2.0840307,
387,386,1.2,1.2,0.427080903,Background,2.5,1.0,21.46,145.293583,251103.pO2xPO4_5x5b.dat.42,2.84,1.1,1.7,0.521273485,Kellwasser,1.0,0.75,18.18,109.2405873,Devon370Ma_075xRemin_1xpCO2.pO2xPO4_5x5c.dat.32,12.2,0.5,-0.1,-3.28,9.36,-0.25,-36.0529957,
402,401,1.1,1.2,0.416669591,Background,2.5,1.0,21.46,136.0907772,251103.pO2xPO4_5x5b.dat.32,3.85,1.1,1.7,0.521273485,Kellwasser,1.0,0.75,18.18,109.2405873,Devon370Ma_075xRemin_1xpCO2.pO2xPO4_5x5c.dat.32,12.2,0.5,0.0,-3.28,8.35,-0.25,-26.8501899,
417,416,1.2,1.3,0.431697772,Background,2.5,1.0,21.46,170.1500732,251103.pO2xPO4_5x5b.dat.43,3.58,1.1,1.7,0.521273485,Kellwasser,1.0,0.75,18.18,109.2405873,Devon370Ma_075xRemin_1xpCO2.pO2xPO4_5x5c.dat.32,12.2,0.4,-0.1,-3.28,8.62,-0.25,-60.9094859,
434,433,1.2,1.1,0.355242122,Background,5.0,1.0,24.06,109.5454572,Devon370Ma_1xRemin_5xpCO2.pO2xPO4_5x5b.dat.41,2.57,1.1,1.7,0.521273485,Kellwasser,1.0,0.75,18.18,109.2405873,Devon370Ma_075xRemin_1xpCO2.pO2xPO4_5x5c.dat.32,12.2,0.6,-0.1,-5.88,9.63,-0.25,-0.3048699,
449,448,1.1,1.1,0.355966851,Background,5.0,1.0,24.06,102.5284655,Devon370Ma_1xRemin_5xpCO2.pO2xPO4_5x5b.dat.31,3.67,1.1,1.7,0.521273485,Kellwasser,1.0,0.75,18.18,109.2405873,Devon370Ma_075xRemin_1xpCO2.pO2xPO4_5x5c.dat.32,12.2,0.6,0.0,-5.88,8.53,-0.25,6.7121218,
464,463,1.2,1.2,0.365956576,Background,5.0,1.0,24.06,122.8022011,Devon370Ma_1xRemin_5xpCO2.pO2xPO4_5x5b.dat.42,3.58,1.1,1.7,0.521273485,Kellwasser,1.0,0.75,18.18,109.2405873,Devon370Ma_075xRemin_1xpCO2.pO2xPO4_5x5c.dat.32,12.2,0.5,-0.1,-5.88,8.62,-0.25,-13.5616138,
472,471,1.2,1.2,0.365956576,Background,5.0,1.0,24.06,122.8022011,Devon370Ma_1xRemin_5xpCO2.pO2xPO4_5x5b.dat.42,3.58,1.2,1.9,0.49245255,Kellwasser,0.75,1.0,17.06,170.2301379,Devon370Ma_1xRemin_0.75xpCO2.pO2xPO4_5x5c.dat.44,10.64,0.7,0.0,-7.0,7.06,0.0,47.4279368,
