   0.000000000000000E+00
   0.000000000000000E+00
   0.357188095640203E+00
   0.482509244028738E+00
   0.511640178240107E+00
   0.559306707837425E+00
   0.636695322015134E+00
   0.614392400500986E+00
   0.624211226033858E+00
   0.604183561683328E+00
   0.000000000000000E+00
   0.000000000000000E+00
   0.759187095136053E+00
   0.676634067640066E+00
   0.667215486703121E+00
   0.627641861805745E+00
   0.440358962836150E+00
   0.520513466568268E+00
   0.395861120483951E+00
   0.499679410685696E+00
   0.163813228444828E+00
   0.342590000823333E+00
   0.000000000000000E+00
   0.000000000000000E+00
   0.000000000000000E+00
   0.000000000000000E+00
   0.000000000000000E+00
   0.000000000000000E+00
   0.000000000000000E+00
   0.000000000000000E+00
   0.000000000000000E+00
   0.000000000000000E+00
   0.000000000000000E+00
   0.000000000000000E+00
   0.000000000000000E+00
   0.000000000000000E+00
   0.000000000000000E+00
   0.000000000000000E+00
   0.000000000000000E+00
   0.000000000000000E+00
   0.000000000000000E+00
   0.000000000000000E+00
   0.000000000000000E+00
   0.000000000000000E+00
   0.000000000000000E+00
   0.000000000000000E+00
   0.000000000000000E+00
   0.000000000000000E+00
   0.000000000000000E+00
   0.000000000000000E+00
   0.000000000000000E+00
   0.000000000000000E+00
   0.000000000000000E+00
   0.000000000000000E+00
   0.000000000000000E+00
   0.000000000000000E+00
   0.000000000000000E+00
   0.000000000000000E+00
   0.000000000000000E+00
   0.000000000000000E+00
   0.000000000000000E+00
   0.000000000000000E+00
   0.000000000000000E+00
   0.000000000000000E+00
   0.000000000000000E+00
   0.000000000000000E+00
   0.000000000000000E+00
   0.000000000000000E+00
   0.000000000000000E+00
   0.000000000000000E+00
   0.000000000000000E+00
   0.000000000000000E+00
   0.000000000000000E+00
   0.000000000000000E+00
   0.000000000000000E+00
   0.000000000000000E+00
   0.000000000000000E+00
   0.000000000000000E+00
   0.000000000000000E+00
   0.000000000000000E+00
   0.000000000000000E+00
   0.000000000000000E+00
   0.000000000000000E+00
   0.000000000000000E+00
   0.000000000000000E+00
   0.000000000000000E+00
   0.000000000000000E+00
   0.000000000000000E+00
   0.000000000000000E+00
   0.000000000000000E+00
   0.000000000000000E+00
   0.000000000000000E+00
   0.000000000000000E+00
   0.000000000000000E+00
   0.000000000000000E+00
   0.000000000000000E+00
   0.000000000000000E+00
   0.000000000000000E+00
   0.000000000000000E+00
   0.000000000000000E+00
   0.000000000000000E+00
   0.000000000000000E+00
   0.000000000000000E+00
   0.000000000000000E+00
   0.000000000000000E+00
   0.000000000000000E+00
   0.000000000000000E+00
   0.000000000000000E+00
   0.000000000000000E+00
   0.000000000000000E+00
   0.000000000000000E+00
   0.000000000000000E+00
   0.000000000000000E+00
   0.000000000000000E+00
   0.000000000000000E+00
   0.000000000000000E+00
   0.000000000000000E+00
   0.000000000000000E+00
   0.000000000000000E+00
   0.000000000000000E+00
   0.000000000000000E+00
   0.000000000000000E+00
   0.000000000000000E+00
   0.000000000000000E+00
   0.000000000000000E+00
   0.000000000000000E+00
   0.000000000000000E+00
   0.000000000000000E+00
   0.000000000000000E+00
   0.000000000000000E+00
   0.000000000000000E+00
   0.000000000000000E+00
   0.000000000000000E+00
   0.000000000000000E+00
   0.000000000000000E+00
   0.000000000000000E+00
   0.000000000000000E+00
   0.000000000000000E+00
   0.000000000000000E+00
   0.000000000000000E+00
   0.000000000000000E+00
   0.000000000000000E+00
   0.000000000000000E+00
   0.000000000000000E+00
   0.000000000000000E+00
   0.000000000000000E+00
   0.000000000000000E+00
   0.000000000000000E+00
   0.000000000000000E+00
   0.000000000000000E+00
   0.000000000000000E+00
   0.000000000000000E+00
   0.000000000000000E+00
   0.000000000000000E+00
   0.000000000000000E+00
   0.000000000000000E+00
   0.000000000000000E+00
   0.000000000000000E+00
   0.000000000000000E+00
   0.000000000000000E+00
   0.000000000000000E+00
   0.000000000000000E+00
   0.000000000000000E+00
   0.000000000000000E+00
   0.000000000000000E+00
   0.000000000000000E+00
   0.000000000000000E+00
   0.000000000000000E+00
   0.000000000000000E+00
   0.000000000000000E+00
   0.000000000000000E+00
   0.000000000000000E+00
   0.000000000000000E+00
   0.000000000000000E+00
   0.000000000000000E+00
   0.000000000000000E+00
   0.000000000000000E+00
   0.000000000000000E+00
   0.000000000000000E+00
   0.000000000000000E+00
   0.000000000000000E+00
   0.000000000000000E+00
   0.000000000000000E+00
   0.000000000000000E+00
   0.000000000000000E+00
   0.000000000000000E+00
   0.000000000000000E+00
   0.000000000000000E+00
   0.000000000000000E+00
   0.000000000000000E+00
   0.000000000000000E+00
   0.000000000000000E+00
   0.000000000000000E+00
   0.000000000000000E+00
   0.000000000000000E+00
   0.000000000000000E+00
   0.000000000000000E+00
   0.000000000000000E+00
   0.000000000000000E+00
   0.000000000000000E+00
   0.000000000000000E+00
   0.000000000000000E+00
   0.000000000000000E+00
   0.000000000000000E+00
   0.000000000000000E+00
   0.000000000000000E+00
   0.000000000000000E+00
   0.000000000000000E+00
   0.000000000000000E+00
   0.000000000000000E+00
   0.000000000000000E+00
   0.000000000000000E+00
   0.000000000000000E+00
   0.000000000000000E+00
   0.000000000000000E+00
   0.000000000000000E+00
   0.000000000000000E+00
   0.000000000000000E+00
   0.000000000000000E+00
   0.000000000000000E+00
   0.000000000000000E+00
   0.000000000000000E+00
   0.000000000000000E+00
   0.000000000000000E+00
   0.000000000000000E+00
   0.000000000000000E+00
   0.000000000000000E+00
   0.000000000000000E+00
   0.000000000000000E+00
   0.000000000000000E+00
   0.000000000000000E+00
   0.000000000000000E+00
   0.000000000000000E+00
   0.000000000000000E+00
   0.000000000000000E+00
   0.000000000000000E+00
   0.000000000000000E+00
   0.000000000000000E+00
   0.000000000000000E+00
   0.000000000000000E+00
   0.000000000000000E+00
   0.000000000000000E+00
   0.000000000000000E+00
   0.000000000000000E+00
   0.000000000000000E+00
   0.000000000000000E+00
   0.000000000000000E+00
   0.000000000000000E+00
   0.000000000000000E+00
   0.000000000000000E+00
   0.000000000000000E+00
   0.000000000000000E+00
   0.000000000000000E+00
   0.000000000000000E+00
   0.000000000000000E+00
   0.000000000000000E+00
   0.000000000000000E+00
   0.000000000000000E+00
   0.000000000000000E+00
   0.000000000000000E+00
   0.000000000000000E+00
   0.000000000000000E+00
   0.000000000000000E+00
   0.000000000000000E+00
   0.000000000000000E+00
   0.000000000000000E+00
   0.000000000000000E+00
   0.000000000000000E+00
   0.000000000000000E+00
   0.000000000000000E+00
   0.000000000000000E+00
   0.000000000000000E+00
   0.000000000000000E+00
   0.000000000000000E+00
   0.000000000000000E+00
   0.000000000000000E+00
   0.000000000000000E+00
   0.000000000000000E+00
   0.000000000000000E+00
   0.000000000000000E+00
   0.000000000000000E+00
   0.000000000000000E+00
   0.000000000000000E+00
   0.000000000000000E+00
   0.000000000000000E+00
   0.000000000000000E+00
   0.000000000000000E+00
   0.000000000000000E+00
   0.000000000000000E+00
   0.000000000000000E+00
   0.000000000000000E+00
   0.000000000000000E+00
   0.000000000000000E+00
   0.000000000000000E+00
   0.000000000000000E+00
   0.000000000000000E+00
   0.000000000000000E+00
   0.000000000000000E+00
   0.000000000000000E+00
   0.000000000000000E+00
   0.000000000000000E+00
   0.000000000000000E+00
   0.000000000000000E+00
   0.000000000000000E+00
   0.000000000000000E+00
   0.000000000000000E+00
   0.000000000000000E+00
   0.000000000000000E+00
   0.000000000000000E+00
   0.000000000000000E+00
   0.000000000000000E+00
   0.000000000000000E+00
   0.000000000000000E+00
   0.000000000000000E+00
   0.000000000000000E+00
   0.000000000000000E+00
   0.000000000000000E+00
   0.000000000000000E+00
   0.000000000000000E+00
   0.000000000000000E+00
   0.000000000000000E+00
   0.000000000000000E+00
   0.000000000000000E+00
   0.000000000000000E+00
   0.000000000000000E+00
   0.000000000000000E+00
   0.000000000000000E+00
   0.000000000000000E+00
   0.000000000000000E+00
   0.000000000000000E+00
   0.000000000000000E+00
   0.000000000000000E+00
   0.000000000000000E+00
   0.000000000000000E+00
   0.000000000000000E+00
   0.000000000000000E+00
   0.000000000000000E+00
   0.000000000000000E+00
   0.000000000000000E+00
   0.000000000000000E+00
   0.000000000000000E+00
   0.000000000000000E+00
   0.000000000000000E+00
   0.000000000000000E+00
   0.000000000000000E+00
   0.000000000000000E+00
   0.000000000000000E+00
   0.000000000000000E+00
   0.000000000000000E+00
   0.000000000000000E+00
   0.000000000000000E+00
   0.000000000000000E+00
   0.000000000000000E+00
   0.000000000000000E+00
   0.000000000000000E+00
   0.000000000000000E+00
   0.000000000000000E+00
   0.000000000000000E+00
   0.000000000000000E+00
   0.000000000000000E+00
   0.000000000000000E+00
   0.000000000000000E+00
   0.000000000000000E+00
   0.000000000000000E+00
   0.000000000000000E+00
   0.000000000000000E+00
   0.000000000000000E+00
   0.000000000000000E+00
   0.000000000000000E+00
   0.000000000000000E+00
   0.000000000000000E+00
   0.000000000000000E+00
   0.000000000000000E+00
   0.000000000000000E+00
   0.000000000000000E+00
   0.000000000000000E+00
   0.000000000000000E+00
   0.000000000000000E+00
   0.000000000000000E+00
   0.000000000000000E+00
   0.000000000000000E+00
   0.000000000000000E+00
   0.000000000000000E+00
   0.000000000000000E+00
   0.000000000000000E+00
   0.000000000000000E+00
   0.000000000000000E+00
   0.000000000000000E+00
   0.000000000000000E+00
   0.000000000000000E+00
   0.000000000000000E+00
   0.000000000000000E+00
   0.000000000000000E+00
   0.000000000000000E+00
   0.000000000000000E+00
   0.000000000000000E+00
   0.000000000000000E+00
   0.000000000000000E+00
   0.000000000000000E+00
   0.000000000000000E+00
   0.000000000000000E+00
   0.000000000000000E+00
   0.000000000000000E+00
   0.000000000000000E+00
   0.000000000000000E+00
   0.000000000000000E+00
   0.000000000000000E+00
   0.000000000000000E+00
   0.000000000000000E+00
   0.000000000000000E+00
   0.000000000000000E+00
   0.000000000000000E+00
   0.000000000000000E+00
   0.000000000000000E+00
   0.000000000000000E+00
   0.000000000000000E+00
   0.000000000000000E+00
   0.000000000000000E+00
   0.000000000000000E+00
   0.000000000000000E+00
   0.000000000000000E+00
   0.000000000000000E+00
   0.000000000000000E+00
   0.000000000000000E+00
   0.000000000000000E+00
   0.000000000000000E+00
   0.000000000000000E+00
   0.000000000000000E+00
   0.000000000000000E+00
   0.000000000000000E+00
   0.000000000000000E+00
   0.000000000000000E+00
   0.000000000000000E+00
   0.000000000000000E+00
   0.000000000000000E+00
   0.000000000000000E+00
   0.000000000000000E+00
   0.000000000000000E+00
   0.000000000000000E+00
   0.000000000000000E+00
   0.000000000000000E+00
   0.000000000000000E+00
   0.000000000000000E+00
   0.000000000000000E+00
   0.000000000000000E+00
   0.000000000000000E+00
   0.000000000000000E+00
   0.000000000000000E+00
   0.000000000000000E+00
   0.000000000000000E+00
   0.000000000000000E+00
   0.000000000000000E+00
   0.000000000000000E+00
   0.000000000000000E+00
   0.000000000000000E+00
   0.000000000000000E+00
   0.000000000000000E+00
   0.000000000000000E+00
   0.000000000000000E+00
   0.000000000000000E+00
   0.000000000000000E+00
   0.000000000000000E+00
   0.000000000000000E+00
   0.000000000000000E+00
   0.000000000000000E+00
   0.000000000000000E+00
   0.000000000000000E+00
   0.000000000000000E+00
   0.000000000000000E+00
   0.000000000000000E+00
   0.000000000000000E+00
   0.000000000000000E+00
   0.000000000000000E+00
   0.000000000000000E+00
   0.000000000000000E+00
   0.000000000000000E+00
   0.000000000000000E+00
   0.000000000000000E+00
   0.000000000000000E+00
   0.000000000000000E+00
   0.000000000000000E+00
   0.000000000000000E+00
   0.000000000000000E+00
   0.000000000000000E+00
   0.000000000000000E+00
   0.000000000000000E+00
   0.000000000000000E+00
   0.000000000000000E+00
   0.000000000000000E+00
   0.000000000000000E+00
   0.000000000000000E+00
   0.000000000000000E+00
   0.000000000000000E+00
   0.000000000000000E+00
   0.000000000000000E+00
   0.000000000000000E+00
   0.000000000000000E+00
   0.000000000000000E+00
   0.000000000000000E+00
   0.000000000000000E+00
   0.000000000000000E+00
   0.000000000000000E+00
   0.000000000000000E+00
   0.000000000000000E+00
   0.000000000000000E+00
   0.000000000000000E+00
   0.000000000000000E+00
   0.000000000000000E+00
   0.000000000000000E+00
   0.000000000000000E+00
   0.000000000000000E+00
   0.000000000000000E+00
   0.000000000000000E+00
   0.000000000000000E+00
   0.000000000000000E+00
   0.000000000000000E+00
   0.000000000000000E+00
   0.000000000000000E+00
   0.000000000000000E+00
   0.000000000000000E+00
   0.000000000000000E+00
   0.000000000000000E+00
   0.000000000000000E+00
   0.000000000000000E+00
   0.000000000000000E+00
   0.000000000000000E+00
   0.000000000000000E+00
   0.000000000000000E+00
   0.000000000000000E+00
   0.000000000000000E+00
   0.000000000000000E+00
   0.000000000000000E+00
   0.000000000000000E+00
   0.000000000000000E+00
   0.000000000000000E+00
   0.000000000000000E+00
   0.000000000000000E+00
   0.000000000000000E+00
   0.000000000000000E+00
   0.000000000000000E+00
   0.000000000000000E+00
   0.000000000000000E+00
   0.000000000000000E+00
   0.000000000000000E+00
   0.000000000000000E+00
   0.000000000000000E+00
   0.000000000000000E+00
   0.000000000000000E+00
   0.000000000000000E+00
   0.000000000000000E+00
   0.000000000000000E+00
   0.000000000000000E+00
   0.000000000000000E+00
   0.000000000000000E+00
   0.000000000000000E+00
   0.000000000000000E+00
   0.000000000000000E+00
   0.000000000000000E+00
   0.000000000000000E+00
   0.000000000000000E+00
   0.000000000000000E+00
   0.000000000000000E+00
   0.000000000000000E+00
   0.000000000000000E+00
   0.000000000000000E+00
   0.000000000000000E+00
   0.000000000000000E+00
   0.000000000000000E+00
   0.000000000000000E+00
   0.000000000000000E+00
   0.000000000000000E+00
   0.000000000000000E+00
   0.000000000000000E+00
   0.000000000000000E+00
   0.000000000000000E+00
   0.000000000000000E+00
   0.000000000000000E+00
   0.000000000000000E+00
   0.000000000000000E+00
   0.000000000000000E+00
   0.000000000000000E+00
   0.000000000000000E+00
   0.000000000000000E+00
   0.000000000000000E+00
   0.000000000000000E+00
   0.000000000000000E+00
   0.000000000000000E+00
   0.000000000000000E+00
   0.000000000000000E+00
   0.000000000000000E+00
   0.000000000000000E+00
   0.000000000000000E+00
   0.000000000000000E+00
   0.000000000000000E+00
   0.000000000000000E+00
   0.000000000000000E+00
   0.000000000000000E+00
   0.000000000000000E+00
   0.000000000000000E+00
   0.000000000000000E+00
   0.000000000000000E+00
   0.000000000000000E+00
   0.000000000000000E+00
   0.000000000000000E+00
   0.000000000000000E+00
   0.000000000000000E+00
   0.000000000000000E+00
   0.000000000000000E+00
   0.000000000000000E+00
   0.000000000000000E+00
   0.000000000000000E+00
   0.000000000000000E+00
   0.000000000000000E+00
   0.000000000000000E+00
   0.000000000000000E+00
   0.000000000000000E+00
   0.000000000000000E+00
   0.000000000000000E+00
   0.000000000000000E+00
   0.000000000000000E+00
   0.000000000000000E+00
   0.000000000000000E+00
   0.000000000000000E+00
   0.000000000000000E+00
   0.000000000000000E+00
   0.000000000000000E+00
   0.000000000000000E+00
   0.000000000000000E+00
   0.000000000000000E+00
   0.000000000000000E+00
   0.000000000000000E+00
   0.000000000000000E+00
   0.000000000000000E+00
   0.000000000000000E+00
   0.000000000000000E+00
   0.000000000000000E+00
   0.000000000000000E+00
   0.000000000000000E+00
   0.000000000000000E+00
   0.000000000000000E+00
   0.000000000000000E+00
   0.000000000000000E+00
   0.000000000000000E+00
   0.000000000000000E+00
   0.000000000000000E+00
   0.000000000000000E+00
   0.000000000000000E+00
   0.000000000000000E+00
   0.000000000000000E+00
   0.000000000000000E+00
   0.000000000000000E+00
   0.000000000000000E+00
   0.000000000000000E+00
   0.000000000000000E+00
   0.000000000000000E+00
   0.000000000000000E+00
   0.000000000000000E+00
   0.000000000000000E+00
   0.000000000000000E+00
   0.000000000000000E+00
   0.000000000000000E+00
   0.000000000000000E+00
   0.000000000000000E+00
   0.000000000000000E+00
   0.000000000000000E+00
   0.000000000000000E+00
   0.000000000000000E+00
   0.000000000000000E+00
   0.000000000000000E+00
   0.000000000000000E+00
   0.000000000000000E+00
   0.000000000000000E+00
   0.000000000000000E+00
   0.000000000000000E+00
   0.000000000000000E+00
   0.000000000000000E+00
   0.000000000000000E+00
   0.000000000000000E+00
   0.000000000000000E+00
   0.000000000000000E+00
   0.000000000000000E+00
   0.000000000000000E+00
   0.000000000000000E+00
   0.000000000000000E+00
   0.000000000000000E+00
   0.000000000000000E+00
   0.000000000000000E+00
   0.000000000000000E+00
   0.000000000000000E+00
   0.000000000000000E+00
   0.000000000000000E+00
   0.000000000000000E+00
   0.000000000000000E+00
   0.000000000000000E+00
   0.000000000000000E+00
   0.000000000000000E+00
   0.000000000000000E+00
   0.000000000000000E+00
   0.000000000000000E+00
   0.000000000000000E+00
   0.000000000000000E+00
   0.000000000000000E+00
   0.000000000000000E+00
   0.000000000000000E+00
   0.000000000000000E+00
   0.000000000000000E+00
   0.000000000000000E+00
   0.000000000000000E+00
   0.000000000000000E+00
   0.000000000000000E+00
   0.000000000000000E+00
   0.000000000000000E+00
   0.000000000000000E+00
   0.000000000000000E+00
   0.000000000000000E+00
   0.000000000000000E+00
   0.000000000000000E+00
   0.000000000000000E+00
   0.000000000000000E+00
   0.000000000000000E+00
   0.000000000000000E+00
   0.000000000000000E+00
   0.000000000000000E+00
   0.000000000000000E+00
   0.000000000000000E+00
   0.000000000000000E+00
   0.000000000000000E+00
   0.000000000000000E+00
   0.000000000000000E+00
   0.000000000000000E+00
   0.000000000000000E+00
   0.000000000000000E+00
   0.000000000000000E+00
   0.000000000000000E+00
   0.000000000000000E+00
   0.000000000000000E+00
   0.000000000000000E+00
   0.000000000000000E+00
   0.000000000000000E+00
   0.000000000000000E+00
   0.000000000000000E+00
   0.000000000000000E+00
   0.000000000000000E+00
   0.000000000000000E+00
   0.000000000000000E+00
   0.000000000000000E+00
   0.000000000000000E+00
   0.000000000000000E+00
   0.000000000000000E+00
   0.000000000000000E+00
   0.000000000000000E+00
   0.000000000000000E+00
   0.000000000000000E+00
   0.000000000000000E+00
   0.000000000000000E+00
   0.000000000000000E+00
   0.000000000000000E+00
   0.000000000000000E+00
   0.000000000000000E+00
   0.000000000000000E+00
   0.000000000000000E+00
   0.000000000000000E+00
   0.000000000000000E+00
   0.000000000000000E+00
   0.000000000000000E+00
   0.000000000000000E+00
   0.000000000000000E+00
   0.000000000000000E+00
   0.000000000000000E+00
   0.000000000000000E+00
   0.000000000000000E+00
   0.000000000000000E+00
   0.000000000000000E+00
   0.000000000000000E+00
   0.000000000000000E+00
   0.000000000000000E+00
   0.000000000000000E+00
   0.000000000000000E+00
   0.000000000000000E+00
   0.000000000000000E+00
   0.000000000000000E+00
   0.000000000000000E+00
   0.000000000000000E+00
   0.000000000000000E+00
   0.000000000000000E+00
   0.000000000000000E+00
   0.000000000000000E+00
   0.000000000000000E+00
   0.000000000000000E+00
   0.000000000000000E+00
   0.000000000000000E+00
   0.000000000000000E+00
   0.000000000000000E+00
   0.000000000000000E+00
   0.000000000000000E+00
   0.000000000000000E+00
   0.000000000000000E+00
   0.000000000000000E+00
   0.000000000000000E+00
   0.000000000000000E+00
   0.000000000000000E+00
   0.000000000000000E+00
   0.000000000000000E+00
   0.000000000000000E+00
   0.000000000000000E+00
   0.000000000000000E+00
   0.000000000000000E+00
   0.000000000000000E+00
   0.000000000000000E+00
   0.000000000000000E+00
   0.000000000000000E+00
   0.000000000000000E+00
   0.000000000000000E+00
   0.000000000000000E+00
   0.000000000000000E+00
   0.000000000000000E+00
   0.000000000000000E+00
   0.000000000000000E+00
   0.000000000000000E+00
   0.000000000000000E+00
   0.000000000000000E+00
   0.000000000000000E+00
   0.000000000000000E+00
   0.000000000000000E+00
   0.000000000000000E+00
   0.000000000000000E+00
   0.000000000000000E+00
   0.000000000000000E+00
   0.000000000000000E+00
   0.000000000000000E+00
   0.000000000000000E+00
   0.000000000000000E+00
   0.000000000000000E+00
   0.000000000000000E+00
   0.000000000000000E+00
   0.000000000000000E+00
   0.000000000000000E+00
   0.000000000000000E+00
   0.000000000000000E+00
   0.000000000000000E+00
   0.000000000000000E+00
   0.000000000000000E+00
   0.000000000000000E+00
   0.000000000000000E+00
   0.000000000000000E+00
   0.000000000000000E+00
   0.000000000000000E+00
   0.000000000000000E+00
   0.000000000000000E+00
   0.000000000000000E+00
   0.000000000000000E+00
   0.000000000000000E+00
   0.000000000000000E+00
   0.000000000000000E+00
   0.000000000000000E+00
   0.000000000000000E+00
   0.000000000000000E+00
   0.000000000000000E+00
   0.000000000000000E+00
   0.000000000000000E+00
   0.000000000000000E+00
   0.000000000000000E+00
   0.000000000000000E+00
   0.000000000000000E+00
   0.000000000000000E+00
   0.000000000000000E+00
   0.000000000000000E+00
   0.000000000000000E+00
   0.000000000000000E+00
   0.000000000000000E+00
   0.000000000000000E+00
   0.000000000000000E+00
   0.000000000000000E+00
   0.000000000000000E+00
   0.000000000000000E+00
   0.000000000000000E+00
   0.000000000000000E+00
   0.000000000000000E+00
   0.000000000000000E+00
   0.000000000000000E+00
   0.000000000000000E+00
   0.000000000000000E+00
   0.000000000000000E+00
   0.000000000000000E+00
   0.000000000000000E+00
   0.000000000000000E+00
   0.000000000000000E+00
   0.000000000000000E+00
   0.000000000000000E+00
   0.000000000000000E+00
   0.000000000000000E+00
   0.000000000000000E+00
   0.000000000000000E+00
   0.000000000000000E+00
   0.000000000000000E+00
   0.000000000000000E+00
   0.000000000000000E+00
   0.000000000000000E+00
   0.000000000000000E+00
   0.000000000000000E+00
   0.000000000000000E+00
   0.000000000000000E+00
   0.000000000000000E+00
   0.000000000000000E+00
   0.000000000000000E+00
   0.000000000000000E+00
   0.000000000000000E+00
   0.000000000000000E+00
   0.000000000000000E+00
   0.000000000000000E+00
   0.000000000000000E+00
   0.000000000000000E+00
   0.000000000000000E+00
   0.000000000000000E+00
   0.000000000000000E+00
   0.000000000000000E+00
   0.000000000000000E+00
   0.000000000000000E+00
   0.000000000000000E+00
   0.000000000000000E+00
   0.000000000000000E+00
   0.000000000000000E+00
   0.000000000000000E+00
   0.000000000000000E+00
   0.000000000000000E+00
   0.000000000000000E+00
   0.000000000000000E+00
   0.000000000000000E+00
   0.000000000000000E+00
   0.000000000000000E+00
   0.000000000000000E+00
   0.000000000000000E+00
   0.000000000000000E+00
   0.000000000000000E+00
   0.000000000000000E+00
   0.000000000000000E+00
   0.000000000000000E+00
   0.000000000000000E+00
   0.000000000000000E+00
   0.000000000000000E+00
   0.000000000000000E+00
   0.000000000000000E+00
   0.000000000000000E+00
   0.000000000000000E+00
   0.000000000000000E+00
   0.000000000000000E+00
   0.000000000000000E+00
   0.000000000000000E+00
   0.000000000000000E+00
   0.000000000000000E+00
   0.000000000000000E+00
   0.000000000000000E+00
   0.000000000000000E+00
   0.000000000000000E+00
   0.000000000000000E+00
   0.000000000000000E+00
   0.000000000000000E+00
   0.000000000000000E+00
   0.000000000000000E+00
   0.000000000000000E+00
   0.000000000000000E+00
   0.000000000000000E+00
   0.000000000000000E+00
   0.000000000000000E+00
   0.000000000000000E+00
   0.000000000000000E+00
   0.000000000000000E+00
   0.000000000000000E+00
   0.000000000000000E+00
   0.000000000000000E+00
   0.000000000000000E+00
   0.000000000000000E+00
   0.000000000000000E+00
   0.000000000000000E+00
   0.000000000000000E+00
   0.000000000000000E+00
   0.000000000000000E+00
   0.000000000000000E+00
   0.000000000000000E+00
   0.000000000000000E+00
   0.000000000000000E+00
   0.000000000000000E+00
   0.000000000000000E+00
   0.000000000000000E+00
   0.000000000000000E+00
   0.000000000000000E+00
   0.000000000000000E+00
   0.000000000000000E+00
   0.000000000000000E+00
   0.000000000000000E+00
   0.000000000000000E+00
   0.000000000000000E+00
   0.000000000000000E+00
   0.000000000000000E+00
   0.000000000000000E+00
   0.000000000000000E+00
   0.000000000000000E+00
   0.000000000000000E+00
   0.000000000000000E+00
   0.000000000000000E+00
   0.000000000000000E+00
   0.000000000000000E+00
   0.000000000000000E+00
   0.000000000000000E+00
   0.000000000000000E+00
   0.000000000000000E+00
   0.000000000000000E+00
   0.000000000000000E+00
   0.000000000000000E+00
   0.000000000000000E+00
   0.000000000000000E+00
   0.000000000000000E+00
   0.000000000000000E+00
   0.000000000000000E+00
   0.000000000000000E+00
   0.000000000000000E+00
   0.000000000000000E+00
   0.000000000000000E+00
   0.000000000000000E+00
   0.000000000000000E+00
   0.000000000000000E+00
   0.000000000000000E+00
   0.000000000000000E+00
   0.000000000000000E+00
   0.000000000000000E+00
   0.000000000000000E+00
   0.000000000000000E+00
   0.000000000000000E+00
   0.000000000000000E+00
   0.000000000000000E+00
   0.000000000000000E+00
   0.000000000000000E+00
   0.000000000000000E+00
   0.000000000000000E+00
   0.000000000000000E+00
   0.000000000000000E+00
   0.000000000000000E+00
   0.000000000000000E+00
   0.000000000000000E+00
   0.000000000000000E+00
   0.000000000000000E+00
   0.000000000000000E+00
   0.000000000000000E+00
   0.000000000000000E+00
   0.000000000000000E+00
   0.000000000000000E+00
   0.000000000000000E+00
   0.000000000000000E+00
   0.000000000000000E+00
   0.000000000000000E+00
   0.000000000000000E+00
   0.000000000000000E+00
   0.000000000000000E+00
   0.000000000000000E+00
   0.000000000000000E+00
   0.000000000000000E+00
   0.000000000000000E+00
   0.000000000000000E+00
   0.000000000000000E+00
   0.000000000000000E+00
   0.000000000000000E+00
   0.000000000000000E+00
   0.000000000000000E+00
   0.000000000000000E+00
   0.000000000000000E+00
   0.000000000000000E+00
   0.000000000000000E+00
   0.000000000000000E+00
   0.000000000000000E+00
   0.000000000000000E+00
   0.000000000000000E+00
   0.000000000000000E+00
   0.000000000000000E+00
   0.000000000000000E+00
   0.000000000000000E+00
   0.000000000000000E+00
   0.000000000000000E+00
   0.000000000000000E+00
   0.000000000000000E+00
   0.000000000000000E+00
   0.000000000000000E+00
   0.000000000000000E+00
   0.000000000000000E+00
   0.000000000000000E+00
   0.000000000000000E+00
   0.000000000000000E+00
   0.000000000000000E+00
   0.000000000000000E+00
   0.000000000000000E+00
   0.000000000000000E+00
   0.000000000000000E+00
   0.000000000000000E+00
   0.000000000000000E+00
   0.000000000000000E+00
   0.000000000000000E+00
   0.000000000000000E+00
   0.000000000000000E+00
   0.000000000000000E+00
   0.000000000000000E+00
   0.000000000000000E+00
   0.000000000000000E+00
   0.000000000000000E+00
   0.000000000000000E+00
   0.000000000000000E+00
   0.000000000000000E+00
   0.000000000000000E+00
   0.000000000000000E+00
   0.000000000000000E+00
   0.000000000000000E+00
   0.000000000000000E+00
   0.000000000000000E+00
   0.000000000000000E+00
   0.000000000000000E+00
   0.000000000000000E+00
   0.000000000000000E+00
   0.000000000000000E+00
   0.000000000000000E+00
   0.000000000000000E+00
   0.000000000000000E+00
   0.000000000000000E+00
   0.000000000000000E+00
   0.000000000000000E+00
   0.000000000000000E+00
   0.000000000000000E+00
   0.000000000000000E+00
   0.000000000000000E+00
   0.000000000000000E+00
   0.000000000000000E+00
   0.000000000000000E+00
   0.000000000000000E+00
   0.000000000000000E+00
   0.000000000000000E+00
   0.000000000000000E+00
   0.000000000000000E+00
   0.000000000000000E+00
   0.000000000000000E+00
   0.000000000000000E+00
   0.000000000000000E+00
   0.000000000000000E+00
   0.000000000000000E+00
   0.000000000000000E+00
   0.000000000000000E+00
   0.000000000000000E+00
   0.000000000000000E+00
   0.000000000000000E+00
   0.000000000000000E+00
   0.000000000000000E+00
   0.000000000000000E+00
   0.000000000000000E+00
   0.000000000000000E+00
   0.000000000000000E+00
   0.000000000000000E+00
   0.000000000000000E+00
   0.000000000000000E+00
   0.000000000000000E+00
   0.000000000000000E+00
   0.000000000000000E+00
   0.000000000000000E+00
   0.000000000000000E+00
   0.000000000000000E+00
   0.000000000000000E+00
   0.000000000000000E+00
   0.000000000000000E+00
   0.000000000000000E+00
   0.000000000000000E+00
   0.000000000000000E+00
   0.000000000000000E+00
   0.000000000000000E+00
   0.000000000000000E+00
   0.000000000000000E+00
   0.000000000000000E+00
   0.000000000000000E+00
   0.000000000000000E+00
   0.000000000000000E+00
   0.000000000000000E+00
   0.000000000000000E+00
   0.000000000000000E+00
   0.000000000000000E+00
   0.000000000000000E+00
   0.000000000000000E+00
   0.000000000000000E+00
   0.000000000000000E+00
   0.000000000000000E+00
   0.000000000000000E+00
   0.000000000000000E+00
   0.000000000000000E+00
   0.000000000000000E+00
   0.000000000000000E+00
   0.000000000000000E+00
   0.000000000000000E+00
   0.000000000000000E+00
   0.000000000000000E+00
   0.000000000000000E+00
   0.000000000000000E+00
   0.000000000000000E+00
   0.000000000000000E+00
   0.000000000000000E+00
   0.000000000000000E+00
   0.000000000000000E+00
   0.000000000000000E+00
   0.000000000000000E+00
   0.000000000000000E+00
   0.000000000000000E+00
   0.000000000000000E+00
   0.000000000000000E+00
   0.000000000000000E+00
   0.000000000000000E+00
   0.000000000000000E+00
   0.000000000000000E+00
   0.000000000000000E+00
   0.000000000000000E+00
   0.000000000000000E+00
   0.000000000000000E+00
   0.000000000000000E+00
   0.000000000000000E+00
   0.000000000000000E+00
   0.000000000000000E+00
   0.000000000000000E+00
   0.000000000000000E+00
   0.000000000000000E+00
   0.000000000000000E+00
   0.000000000000000E+00
   0.000000000000000E+00
   0.000000000000000E+00
   0.000000000000000E+00
   0.000000000000000E+00
   0.000000000000000E+00
   0.000000000000000E+00
   0.000000000000000E+00
   0.000000000000000E+00
   0.000000000000000E+00
   0.000000000000000E+00
   0.000000000000000E+00
   0.000000000000000E+00
   0.000000000000000E+00
   0.000000000000000E+00
   0.000000000000000E+00
   0.000000000000000E+00
   0.000000000000000E+00
   0.000000000000000E+00
   0.000000000000000E+00
   0.000000000000000E+00
   0.000000000000000E+00
   0.000000000000000E+00
   0.000000000000000E+00
   0.000000000000000E+00
   0.000000000000000E+00
   0.000000000000000E+00
   0.000000000000000E+00
   0.000000000000000E+00
   0.000000000000000E+00
   0.000000000000000E+00
   0.000000000000000E+00
   0.000000000000000E+00
   0.000000000000000E+00
   0.000000000000000E+00
   0.000000000000000E+00
   0.000000000000000E+00
   0.000000000000000E+00
   0.000000000000000E+00
   0.000000000000000E+00
   0.000000000000000E+00
   0.000000000000000E+00
   0.000000000000000E+00
   0.000000000000000E+00
   0.000000000000000E+00
   0.000000000000000E+00
   0.000000000000000E+00
   0.000000000000000E+00
   0.000000000000000E+00
   0.000000000000000E+00
   0.000000000000000E+00
   0.000000000000000E+00
   0.000000000000000E+00
   0.000000000000000E+00
   0.000000000000000E+00
   0.000000000000000E+00
   0.000000000000000E+00
   0.000000000000000E+00
   0.000000000000000E+00
   0.000000000000000E+00
   0.000000000000000E+00
   0.000000000000000E+00
   0.000000000000000E+00
   0.000000000000000E+00
   0.000000000000000E+00
   0.000000000000000E+00
   0.000000000000000E+00
   0.000000000000000E+00
   0.000000000000000E+00
   0.000000000000000E+00
   0.000000000000000E+00
   0.000000000000000E+00
   0.000000000000000E+00
   0.000000000000000E+00
   0.000000000000000E+00
   0.000000000000000E+00
   0.000000000000000E+00
   0.000000000000000E+00
   0.000000000000000E+00
   0.000000000000000E+00
   0.000000000000000E+00
   0.000000000000000E+00
   0.000000000000000E+00
   0.000000000000000E+00
   0.000000000000000E+00
   0.000000000000000E+00
   0.000000000000000E+00
   0.000000000000000E+00
   0.000000000000000E+00
   0.000000000000000E+00
   0.000000000000000E+00
   0.000000000000000E+00
   0.000000000000000E+00
   0.000000000000000E+00
   0.000000000000000E+00
   0.000000000000000E+00
   0.000000000000000E+00
   0.000000000000000E+00
   0.000000000000000E+00
   0.000000000000000E+00
   0.000000000000000E+00
   0.000000000000000E+00
   0.000000000000000E+00
   0.000000000000000E+00
   0.000000000000000E+00
   0.000000000000000E+00
   0.000000000000000E+00
   0.000000000000000E+00
   0.000000000000000E+00
   0.000000000000000E+00
   0.000000000000000E+00
   0.000000000000000E+00
   0.000000000000000E+00
   0.000000000000000E+00
   0.000000000000000E+00
   0.000000000000000E+00
   0.000000000000000E+00
   0.000000000000000E+00
   0.000000000000000E+00
   0.000000000000000E+00
   0.000000000000000E+00
   0.000000000000000E+00
   0.000000000000000E+00
   0.000000000000000E+00
   0.000000000000000E+00
   0.000000000000000E+00
   0.000000000000000E+00
   0.000000000000000E+00
   0.000000000000000E+00
   0.000000000000000E+00
   0.000000000000000E+00
   0.000000000000000E+00
   0.000000000000000E+00
   0.000000000000000E+00
   0.000000000000000E+00
   0.000000000000000E+00
   0.000000000000000E+00
   0.000000000000000E+00
   0.000000000000000E+00
   0.000000000000000E+00
   0.000000000000000E+00
   0.000000000000000E+00
   0.000000000000000E+00
   0.000000000000000E+00
   0.000000000000000E+00
   0.000000000000000E+00
   0.000000000000000E+00
   0.000000000000000E+00
   0.000000000000000E+00
   0.000000000000000E+00
   0.000000000000000E+00
   0.000000000000000E+00
   0.000000000000000E+00
   0.000000000000000E+00
   0.000000000000000E+00
   0.000000000000000E+00
   0.000000000000000E+00
   0.000000000000000E+00
   0.000000000000000E+00
   0.000000000000000E+00
   0.000000000000000E+00
   0.000000000000000E+00
   0.000000000000000E+00
   0.000000000000000E+00
   0.000000000000000E+00
   0.000000000000000E+00
   0.000000000000000E+00
   0.000000000000000E+00
   0.000000000000000E+00
   0.000000000000000E+00
   0.000000000000000E+00
   0.000000000000000E+00
   0.000000000000000E+00
   0.000000000000000E+00
   0.000000000000000E+00
   0.000000000000000E+00
   0.000000000000000E+00
   0.000000000000000E+00
   0.000000000000000E+00
   0.000000000000000E+00
   0.000000000000000E+00
   0.000000000000000E+00
   0.000000000000000E+00
   0.000000000000000E+00
   0.000000000000000E+00
   0.000000000000000E+00
   0.000000000000000E+00
   0.000000000000000E+00
   0.000000000000000E+00
   0.000000000000000E+00
   0.000000000000000E+00
   0.000000000000000E+00
   0.000000000000000E+00
   0.000000000000000E+00
   0.000000000000000E+00
   0.000000000000000E+00
   0.000000000000000E+00
   0.000000000000000E+00
   0.000000000000000E+00
   0.000000000000000E+00
   0.000000000000000E+00
   0.000000000000000E+00
   0.000000000000000E+00
   0.000000000000000E+00
   0.000000000000000E+00
   0.000000000000000E+00
   0.000000000000000E+00
   0.000000000000000E+00
   0.000000000000000E+00
   0.000000000000000E+00
   0.000000000000000E+00
   0.000000000000000E+00
   0.000000000000000E+00
   0.000000000000000E+00
   0.000000000000000E+00
   0.000000000000000E+00
   0.000000000000000E+00
   0.000000000000000E+00
   0.000000000000000E+00
   0.000000000000000E+00
   0.000000000000000E+00
   0.000000000000000E+00
   0.000000000000000E+00
   0.000000000000000E+00
   0.000000000000000E+00
   0.000000000000000E+00
   0.000000000000000E+00
   0.000000000000000E+00
   0.000000000000000E+00
   0.000000000000000E+00
   0.000000000000000E+00
   0.000000000000000E+00
   0.000000000000000E+00
   0.000000000000000E+00
   0.000000000000000E+00
   0.000000000000000E+00
   0.000000000000000E+00
   0.000000000000000E+00
   0.000000000000000E+00
   0.000000000000000E+00
   0.000000000000000E+00
   0.000000000000000E+00
   0.000000000000000E+00
   0.000000000000000E+00
   0.000000000000000E+00
   0.000000000000000E+00
   0.000000000000000E+00
   0.000000000000000E+00
   0.000000000000000E+00
   0.000000000000000E+00
   0.000000000000000E+00
   0.000000000000000E+00
   0.000000000000000E+00
   0.000000000000000E+00
   0.000000000000000E+00
   0.000000000000000E+00
   0.000000000000000E+00
   0.000000000000000E+00
   0.000000000000000E+00
   0.000000000000000E+00
   0.000000000000000E+00
   0.000000000000000E+00
   0.000000000000000E+00
   0.000000000000000E+00
   0.000000000000000E+00
   0.000000000000000E+00
   0.000000000000000E+00
   0.000000000000000E+00
   0.000000000000000E+00
   0.000000000000000E+00
   0.000000000000000E+00
   0.000000000000000E+00
   0.000000000000000E+00
   0.000000000000000E+00
   0.000000000000000E+00
   0.000000000000000E+00
   0.000000000000000E+00
   0.000000000000000E+00
   0.000000000000000E+00
   0.000000000000000E+00
   0.000000000000000E+00
   0.000000000000000E+00
   0.000000000000000E+00
   0.000000000000000E+00
   0.000000000000000E+00
   0.000000000000000E+00
   0.000000000000000E+00
   0.000000000000000E+00
   0.000000000000000E+00
   0.000000000000000E+00
   0.000000000000000E+00
   0.000000000000000E+00
   0.000000000000000E+00
   0.000000000000000E+00
   0.000000000000000E+00
   0.000000000000000E+00
   0.000000000000000E+00
   0.000000000000000E+00
   0.000000000000000E+00
   0.000000000000000E+00
   0.000000000000000E+00
   0.000000000000000E+00
   0.000000000000000E+00
   0.000000000000000E+00
   0.000000000000000E+00
   0.000000000000000E+00
   0.000000000000000E+00
   0.000000000000000E+00
   0.000000000000000E+00
   0.000000000000000E+00
   0.000000000000000E+00
   0.000000000000000E+00
   0.000000000000000E+00
   0.000000000000000E+00
   0.000000000000000E+00
   0.000000000000000E+00
   0.000000000000000E+00
   0.000000000000000E+00
   0.000000000000000E+00
   0.000000000000000E+00
   0.000000000000000E+00
   0.000000000000000E+00
   0.000000000000000E+00
   0.000000000000000E+00
   0.000000000000000E+00
   0.000000000000000E+00
   0.000000000000000E+00
   0.000000000000000E+00
   0.000000000000000E+00
   0.000000000000000E+00
   0.000000000000000E+00
   0.000000000000000E+00
   0.000000000000000E+00
   0.000000000000000E+00
   0.000000000000000E+00
   0.000000000000000E+00
   0.000000000000000E+00
   0.000000000000000E+00
   0.000000000000000E+00
   0.000000000000000E+00
   0.000000000000000E+00
   0.000000000000000E+00
   0.000000000000000E+00
   0.000000000000000E+00
   0.000000000000000E+00
   0.000000000000000E+00
   0.000000000000000E+00
   0.000000000000000E+00
   0.000000000000000E+00
   0.000000000000000E+00
   0.000000000000000E+00
   0.000000000000000E+00
   0.000000000000000E+00
   0.000000000000000E+00
   0.000000000000000E+00
   0.000000000000000E+00
   0.000000000000000E+00
   0.000000000000000E+00
   0.000000000000000E+00
   0.000000000000000E+00
   0.000000000000000E+00
   0.000000000000000E+00
   0.000000000000000E+00
   0.000000000000000E+00
   0.000000000000000E+00
   0.000000000000000E+00
   0.000000000000000E+00
   0.000000000000000E+00
   0.000000000000000E+00
   0.000000000000000E+00
   0.000000000000000E+00
   0.000000000000000E+00
   0.000000000000000E+00
   0.000000000000000E+00
   0.000000000000000E+00
   0.000000000000000E+00
   0.000000000000000E+00
   0.000000000000000E+00
   0.000000000000000E+00
   0.000000000000000E+00
   0.000000000000000E+00
   0.000000000000000E+00
   0.000000000000000E+00
   0.000000000000000E+00
   0.000000000000000E+00
   0.000000000000000E+00
   0.000000000000000E+00
   0.000000000000000E+00
   0.000000000000000E+00
   0.000000000000000E+00
   0.000000000000000E+00
   0.000000000000000E+00
   0.000000000000000E+00
   0.000000000000000E+00
   0.000000000000000E+00
   0.000000000000000E+00
   0.000000000000000E+00
   0.000000000000000E+00
   0.000000000000000E+00
   0.000000000000000E+00
   0.000000000000000E+00
   0.000000000000000E+00
   0.000000000000000E+00
   0.000000000000000E+00
   0.000000000000000E+00
   0.000000000000000E+00
   0.000000000000000E+00
   0.000000000000000E+00
   0.000000000000000E+00
   0.000000000000000E+00
   0.000000000000000E+00
   0.000000000000000E+00
   0.000000000000000E+00
   0.000000000000000E+00
   0.000000000000000E+00
   0.000000000000000E+00
   0.000000000000000E+00
   0.000000000000000E+00
   0.000000000000000E+00
   0.000000000000000E+00
   0.000000000000000E+00
   0.000000000000000E+00
   0.000000000000000E+00
   0.000000000000000E+00
   0.000000000000000E+00
   0.000000000000000E+00
   0.000000000000000E+00
   0.000000000000000E+00
   0.000000000000000E+00
   0.000000000000000E+00
   0.000000000000000E+00
   0.000000000000000E+00
   0.000000000000000E+00
   0.000000000000000E+00
   0.000000000000000E+00
   0.000000000000000E+00
   0.000000000000000E+00
   0.000000000000000E+00
   0.000000000000000E+00
   0.000000000000000E+00
   0.000000000000000E+00
   0.000000000000000E+00
   0.000000000000000E+00
   0.000000000000000E+00
   0.000000000000000E+00
   0.000000000000000E+00
   0.000000000000000E+00
   0.000000000000000E+00
   0.000000000000000E+00
   0.000000000000000E+00
   0.000000000000000E+00
   0.000000000000000E+00
   0.000000000000000E+00
   0.000000000000000E+00
   0.000000000000000E+00
   0.000000000000000E+00
   0.000000000000000E+00
   0.000000000000000E+00
   0.000000000000000E+00
   0.000000000000000E+00
   0.000000000000000E+00
   0.000000000000000E+00
   0.000000000000000E+00
   0.000000000000000E+00
   0.000000000000000E+00
   0.000000000000000E+00
   0.000000000000000E+00
   0.000000000000000E+00
   0.000000000000000E+00
   0.000000000000000E+00
   0.000000000000000E+00
   0.000000000000000E+00
   0.000000000000000E+00
   0.000000000000000E+00
   0.000000000000000E+00
   0.000000000000000E+00
   0.000000000000000E+00
   0.000000000000000E+00
   0.000000000000000E+00
   0.000000000000000E+00
   0.000000000000000E+00
   0.000000000000000E+00
   0.000000000000000E+00
   0.000000000000000E+00
   0.000000000000000E+00
   0.000000000000000E+00
   0.000000000000000E+00
   0.000000000000000E+00
   0.000000000000000E+00
   0.000000000000000E+00
   0.000000000000000E+00
   0.000000000000000E+00
   0.000000000000000E+00
   0.000000000000000E+00
   0.000000000000000E+00
   0.000000000000000E+00
   0.000000000000000E+00
   0.000000000000000E+00
   0.000000000000000E+00
   0.000000000000000E+00
   0.000000000000000E+00
   0.000000000000000E+00
   0.000000000000000E+00
   0.000000000000000E+00
   0.000000000000000E+00
   0.000000000000000E+00
   0.000000000000000E+00
   0.000000000000000E+00
   0.000000000000000E+00
   0.000000000000000E+00
   0.000000000000000E+00
   0.000000000000000E+00
   0.000000000000000E+00
   0.000000000000000E+00
   0.000000000000000E+00
   0.000000000000000E+00
   0.000000000000000E+00
   0.000000000000000E+00
   0.000000000000000E+00
   0.000000000000000E+00
   0.000000000000000E+00
   0.000000000000000E+00
   0.000000000000000E+00
   0.000000000000000E+00
   0.000000000000000E+00
   0.000000000000000E+00
   0.000000000000000E+00
   0.000000000000000E+00
   0.000000000000000E+00
   0.000000000000000E+00
   0.000000000000000E+00
   0.000000000000000E+00
   0.000000000000000E+00
   0.000000000000000E+00
   0.000000000000000E+00
   0.000000000000000E+00
   0.000000000000000E+00
   0.000000000000000E+00
   0.000000000000000E+00
   0.000000000000000E+00
   0.000000000000000E+00
   0.000000000000000E+00
   0.000000000000000E+00
   0.000000000000000E+00
   0.000000000000000E+00
   0.000000000000000E+00
   0.000000000000000E+00
   0.000000000000000E+00
   0.000000000000000E+00
   0.000000000000000E+00
   0.000000000000000E+00
   0.000000000000000E+00
   0.000000000000000E+00
   0.000000000000000E+00
   0.000000000000000E+00
   0.000000000000000E+00
   0.000000000000000E+00
   0.000000000000000E+00
   0.000000000000000E+00
   0.000000000000000E+00
   0.000000000000000E+00
   0.000000000000000E+00
   0.000000000000000E+00
   0.000000000000000E+00
   0.000000000000000E+00
   0.000000000000000E+00
   0.000000000000000E+00
   0.000000000000000E+00
   0.000000000000000E+00
   0.000000000000000E+00
   0.000000000000000E+00
   0.000000000000000E+00
   0.000000000000000E+00
   0.000000000000000E+00
   0.000000000000000E+00
   0.000000000000000E+00
   0.000000000000000E+00
   0.000000000000000E+00
   0.000000000000000E+00
   0.000000000000000E+00
   0.000000000000000E+00
   0.000000000000000E+00
   0.000000000000000E+00
   0.000000000000000E+00
   0.000000000000000E+00
   0.000000000000000E+00
   0.000000000000000E+00
   0.000000000000000E+00
   0.000000000000000E+00
   0.000000000000000E+00
   0.000000000000000E+00
   0.000000000000000E+00
   0.000000000000000E+00
   0.000000000000000E+00
   0.000000000000000E+00
   0.000000000000000E+00
   0.000000000000000E+00
   0.000000000000000E+00
   0.000000000000000E+00
   0.000000000000000E+00
   0.000000000000000E+00
   0.000000000000000E+00
   0.000000000000000E+00
   0.000000000000000E+00
   0.000000000000000E+00
   0.000000000000000E+00
   0.000000000000000E+00
   0.000000000000000E+00
   0.000000000000000E+00
   0.000000000000000E+00
   0.000000000000000E+00
   0.000000000000000E+00
   0.000000000000000E+00
   0.000000000000000E+00
   0.000000000000000E+00
   0.000000000000000E+00
   0.000000000000000E+00
   0.000000000000000E+00
   0.000000000000000E+00
   0.000000000000000E+00
   0.000000000000000E+00
   0.000000000000000E+00
   0.000000000000000E+00
   0.000000000000000E+00
   0.000000000000000E+00
   0.000000000000000E+00
   0.000000000000000E+00
   0.000000000000000E+00
   0.000000000000000E+00
   0.000000000000000E+00
   0.000000000000000E+00
   0.000000000000000E+00
   0.000000000000000E+00
   0.000000000000000E+00
   0.000000000000000E+00
   0.000000000000000E+00
   0.000000000000000E+00
   0.000000000000000E+00
   0.000000000000000E+00
   0.000000000000000E+00
   0.000000000000000E+00
   0.000000000000000E+00
   0.000000000000000E+00
   0.000000000000000E+00
   0.000000000000000E+00
   0.000000000000000E+00
   0.000000000000000E+00
   0.000000000000000E+00
   0.000000000000000E+00
   0.000000000000000E+00
   0.000000000000000E+00
   0.000000000000000E+00
   0.000000000000000E+00
   0.000000000000000E+00
   0.000000000000000E+00
   0.000000000000000E+00
   0.000000000000000E+00
   0.000000000000000E+00
   0.000000000000000E+00
   0.000000000000000E+00
   0.000000000000000E+00
   0.000000000000000E+00
   0.000000000000000E+00
   0.000000000000000E+00
   0.000000000000000E+00
   0.000000000000000E+00
   0.000000000000000E+00
   0.000000000000000E+00
   0.000000000000000E+00
   0.000000000000000E+00
   0.000000000000000E+00
   0.000000000000000E+00
   0.000000000000000E+00
   0.000000000000000E+00
   0.000000000000000E+00
   0.000000000000000E+00
   0.000000000000000E+00
   0.000000000000000E+00
   0.000000000000000E+00
   0.000000000000000E+00
   0.000000000000000E+00
   0.000000000000000E+00
   0.000000000000000E+00
   0.000000000000000E+00
   0.000000000000000E+00
   0.000000000000000E+00
   0.000000000000000E+00
   0.000000000000000E+00
   0.000000000000000E+00
   0.000000000000000E+00
   0.000000000000000E+00
   0.000000000000000E+00
   0.000000000000000E+00
   0.000000000000000E+00
   0.000000000000000E+00
   0.000000000000000E+00
   0.000000000000000E+00
   0.000000000000000E+00
   0.000000000000000E+00
   0.000000000000000E+00
   0.000000000000000E+00
   0.000000000000000E+00
   0.000000000000000E+00
   0.000000000000000E+00
   0.000000000000000E+00
   0.000000000000000E+00
   0.000000000000000E+00
   0.000000000000000E+00
   0.000000000000000E+00
   0.000000000000000E+00
   0.000000000000000E+00
   0.000000000000000E+00
   0.000000000000000E+00
   0.000000000000000E+00
   0.000000000000000E+00
   0.000000000000000E+00
   0.000000000000000E+00
   0.000000000000000E+00
   0.000000000000000E+00
   0.000000000000000E+00
   0.000000000000000E+00
   0.000000000000000E+00
   0.000000000000000E+00
   0.000000000000000E+00
   0.000000000000000E+00
   0.000000000000000E+00
   0.000000000000000E+00
   0.000000000000000E+00
   0.000000000000000E+00
   0.000000000000000E+00
   0.000000000000000E+00
   0.000000000000000E+00
   0.000000000000000E+00
   0.000000000000000E+00
   0.000000000000000E+00
   0.000000000000000E+00
   0.000000000000000E+00
   0.000000000000000E+00
   0.000000000000000E+00
   0.000000000000000E+00
   0.000000000000000E+00
   0.000000000000000E+00
   0.000000000000000E+00
   0.000000000000000E+00
   0.000000000000000E+00
   0.000000000000000E+00
   0.000000000000000E+00
   0.000000000000000E+00
   0.000000000000000E+00
   0.000000000000000E+00
   0.000000000000000E+00
   0.000000000000000E+00
   0.000000000000000E+00
   0.000000000000000E+00
   0.000000000000000E+00
   0.000000000000000E+00
   0.000000000000000E+00
   0.000000000000000E+00
   0.000000000000000E+00
   0.000000000000000E+00
   0.000000000000000E+00
   0.000000000000000E+00
   0.000000000000000E+00
   0.000000000000000E+00
   0.000000000000000E+00
   0.000000000000000E+00
   0.000000000000000E+00
   0.000000000000000E+00
   0.000000000000000E+00
   0.000000000000000E+00
   0.000000000000000E+00
   0.000000000000000E+00
   0.000000000000000E+00
   0.000000000000000E+00
   0.000000000000000E+00
   0.000000000000000E+00
   0.000000000000000E+00
   0.000000000000000E+00
   0.000000000000000E+00
   0.000000000000000E+00
   0.000000000000000E+00
   0.000000000000000E+00
   0.000000000000000E+00
   0.000000000000000E+00
   0.000000000000000E+00
   0.000000000000000E+00
   0.000000000000000E+00
   0.000000000000000E+00
   0.000000000000000E+00
   0.000000000000000E+00
   0.000000000000000E+00
   0.000000000000000E+00
   0.000000000000000E+00
   0.000000000000000E+00
   0.000000000000000E+00
   0.000000000000000E+00
   0.000000000000000E+00
   0.000000000000000E+00
   0.000000000000000E+00
   0.000000000000000E+00
   0.000000000000000E+00
   0.000000000000000E+00
   0.000000000000000E+00
   0.000000000000000E+00
   0.000000000000000E+00
   0.000000000000000E+00
   0.000000000000000E+00
   0.000000000000000E+00
   0.000000000000000E+00
   0.000000000000000E+00
   0.000000000000000E+00
   0.000000000000000E+00
   0.000000000000000E+00
   0.000000000000000E+00
   0.000000000000000E+00
   0.000000000000000E+00
   0.000000000000000E+00
   0.000000000000000E+00
   0.000000000000000E+00
   0.000000000000000E+00
   0.000000000000000E+00
   0.000000000000000E+00
   0.000000000000000E+00
   0.000000000000000E+00
   0.000000000000000E+00
   0.000000000000000E+00
   0.000000000000000E+00
   0.000000000000000E+00
   0.000000000000000E+00
   0.000000000000000E+00
   0.000000000000000E+00
   0.000000000000000E+00
   0.000000000000000E+00
   0.000000000000000E+00
   0.000000000000000E+00
   0.000000000000000E+00
   0.000000000000000E+00
   0.000000000000000E+00
   0.000000000000000E+00
   0.000000000000000E+00
   0.000000000000000E+00
   0.000000000000000E+00
   0.000000000000000E+00
   0.000000000000000E+00
   0.000000000000000E+00
   0.000000000000000E+00
   0.000000000000000E+00
   0.000000000000000E+00
   0.000000000000000E+00
   0.000000000000000E+00
   0.000000000000000E+00
   0.000000000000000E+00
   0.000000000000000E+00
   0.000000000000000E+00
   0.000000000000000E+00
   0.000000000000000E+00
   0.000000000000000E+00
   0.000000000000000E+00
   0.000000000000000E+00
   0.000000000000000E+00
   0.000000000000000E+00
   0.000000000000000E+00
   0.000000000000000E+00
   0.000000000000000E+00
   0.000000000000000E+00
   0.000000000000000E+00
   0.000000000000000E+00
   0.000000000000000E+00
   0.000000000000000E+00
   0.000000000000000E+00
   0.000000000000000E+00
   0.000000000000000E+00
   0.000000000000000E+00
   0.000000000000000E+00
   0.000000000000000E+00
   0.000000000000000E+00
   0.000000000000000E+00
   0.000000000000000E+00
   0.000000000000000E+00
   0.000000000000000E+00
   0.000000000000000E+00
   0.000000000000000E+00
   0.000000000000000E+00
   0.000000000000000E+00
   0.000000000000000E+00
   0.000000000000000E+00
   0.000000000000000E+00
   0.000000000000000E+00
   0.000000000000000E+00
   0.000000000000000E+00
   0.000000000000000E+00
   0.000000000000000E+00
   0.000000000000000E+00
   0.000000000000000E+00
   0.000000000000000E+00
   0.000000000000000E+00
   0.000000000000000E+00
   0.000000000000000E+00
   0.000000000000000E+00
   0.000000000000000E+00
   0.000000000000000E+00
   0.000000000000000E+00
   0.000000000000000E+00
   0.000000000000000E+00
   0.000000000000000E+00
   0.000000000000000E+00
   0.000000000000000E+00
   0.000000000000000E+00
   0.000000000000000E+00
   0.000000000000000E+00
   0.000000000000000E+00
   0.000000000000000E+00
   0.000000000000000E+00
   0.000000000000000E+00
   0.000000000000000E+00
   0.000000000000000E+00
   0.000000000000000E+00
   0.000000000000000E+00
   0.000000000000000E+00
   0.000000000000000E+00
   0.000000000000000E+00
   0.000000000000000E+00
   0.000000000000000E+00
   0.000000000000000E+00
   0.000000000000000E+00
   0.000000000000000E+00
   0.000000000000000E+00
   0.000000000000000E+00
   0.000000000000000E+00
   0.000000000000000E+00
   0.000000000000000E+00
   0.000000000000000E+00
   0.000000000000000E+00
   0.000000000000000E+00
   0.000000000000000E+00
   0.000000000000000E+00
   0.000000000000000E+00
   0.000000000000000E+00
   0.000000000000000E+00
   0.000000000000000E+00
   0.000000000000000E+00
   0.000000000000000E+00
   0.000000000000000E+00
   0.000000000000000E+00
   0.000000000000000E+00
   0.000000000000000E+00
   0.000000000000000E+00
   0.000000000000000E+00
   0.000000000000000E+00
   0.000000000000000E+00
   0.000000000000000E+00
   0.000000000000000E+00
   0.000000000000000E+00
   0.000000000000000E+00
   0.000000000000000E+00
   0.000000000000000E+00
   0.000000000000000E+00
   0.000000000000000E+00
   0.000000000000000E+00
   0.000000000000000E+00
   0.000000000000000E+00
   0.000000000000000E+00
   0.000000000000000E+00
   0.000000000000000E+00
   0.000000000000000E+00
   0.000000000000000E+00
   0.000000000000000E+00
   0.000000000000000E+00
   0.000000000000000E+00
   0.000000000000000E+00
   0.000000000000000E+00
   0.000000000000000E+00
   0.000000000000000E+00
   0.000000000000000E+00
   0.000000000000000E+00
   0.000000000000000E+00
   0.000000000000000E+00
   0.000000000000000E+00
   0.000000000000000E+00
   0.000000000000000E+00
   0.000000000000000E+00
   0.000000000000000E+00
   0.000000000000000E+00
   0.000000000000000E+00
   0.000000000000000E+00
   0.000000000000000E+00
   0.000000000000000E+00
   0.000000000000000E+00
   0.000000000000000E+00
   0.000000000000000E+00
   0.000000000000000E+00
   0.000000000000000E+00
   0.000000000000000E+00
   0.000000000000000E+00
   0.000000000000000E+00
   0.000000000000000E+00
   0.000000000000000E+00
   0.000000000000000E+00
   0.000000000000000E+00
   0.000000000000000E+00
   0.000000000000000E+00
   0.000000000000000E+00
   0.000000000000000E+00
   0.000000000000000E+00
   0.000000000000000E+00
   0.000000000000000E+00
   0.000000000000000E+00
   0.000000000000000E+00
   0.000000000000000E+00
   0.000000000000000E+00
   0.000000000000000E+00
   0.000000000000000E+00
   0.000000000000000E+00
   0.000000000000000E+00
   0.000000000000000E+00
   0.000000000000000E+00
   0.000000000000000E+00
   0.000000000000000E+00
   0.000000000000000E+00
   0.000000000000000E+00
   0.000000000000000E+00
   0.000000000000000E+00
   0.000000000000000E+00
   0.000000000000000E+00
   0.000000000000000E+00
   0.000000000000000E+00
   0.000000000000000E+00
   0.000000000000000E+00
   0.000000000000000E+00
   0.000000000000000E+00
   0.000000000000000E+00
   0.000000000000000E+00
   0.000000000000000E+00
   0.000000000000000E+00
   0.000000000000000E+00
   0.000000000000000E+00
   0.000000000000000E+00
   0.000000000000000E+00
   0.000000000000000E+00
   0.000000000000000E+00
   0.000000000000000E+00
   0.000000000000000E+00
   0.000000000000000E+00
   0.000000000000000E+00
   0.000000000000000E+00
   0.000000000000000E+00
   0.000000000000000E+00
   0.000000000000000E+00
   0.000000000000000E+00
   0.000000000000000E+00
   0.000000000000000E+00
   0.000000000000000E+00
   0.000000000000000E+00
   0.000000000000000E+00
   0.000000000000000E+00
   0.000000000000000E+00
   0.000000000000000E+00
   0.000000000000000E+00
   0.000000000000000E+00
   0.000000000000000E+00
   0.000000000000000E+00
   0.000000000000000E+00
   0.000000000000000E+00
   0.000000000000000E+00
   0.000000000000000E+00
   0.000000000000000E+00
   0.000000000000000E+00
   0.000000000000000E+00
   0.000000000000000E+00
   0.000000000000000E+00
   0.000000000000000E+00
   0.000000000000000E+00
   0.000000000000000E+00
   0.000000000000000E+00
   0.000000000000000E+00
   0.000000000000000E+00
   0.000000000000000E+00
   0.000000000000000E+00
   0.000000000000000E+00
   0.000000000000000E+00
   0.000000000000000E+00
   0.000000000000000E+00
   0.000000000000000E+00
   0.000000000000000E+00
   0.000000000000000E+00
   0.000000000000000E+00
   0.000000000000000E+00
   0.000000000000000E+00
   0.000000000000000E+00
   0.000000000000000E+00
   0.000000000000000E+00
   0.000000000000000E+00
   0.000000000000000E+00
   0.000000000000000E+00
   0.000000000000000E+00
   0.000000000000000E+00
   0.000000000000000E+00
   0.000000000000000E+00
   0.000000000000000E+00
   0.000000000000000E+00
   0.000000000000000E+00
   0.000000000000000E+00
   0.000000000000000E+00
   0.000000000000000E+00
   0.000000000000000E+00
   0.000000000000000E+00
   0.000000000000000E+00
   0.000000000000000E+00
   0.000000000000000E+00
   0.000000000000000E+00
   0.000000000000000E+00
   0.000000000000000E+00
   0.000000000000000E+00
   0.000000000000000E+00
   0.000000000000000E+00
   0.000000000000000E+00
   0.000000000000000E+00
   0.000000000000000E+00
   0.000000000000000E+00
   0.000000000000000E+00
   0.000000000000000E+00
   0.000000000000000E+00
   0.000000000000000E+00
   0.000000000000000E+00
   0.000000000000000E+00
   0.000000000000000E+00
   0.000000000000000E+00
   0.000000000000000E+00
   0.000000000000000E+00
   0.000000000000000E+00
   0.000000000000000E+00
   0.000000000000000E+00
   0.000000000000000E+00
   0.000000000000000E+00
   0.000000000000000E+00
   0.000000000000000E+00
   0.000000000000000E+00
   0.000000000000000E+00
   0.000000000000000E+00
   0.000000000000000E+00
   0.000000000000000E+00
   0.000000000000000E+00
   0.000000000000000E+00
   0.000000000000000E+00
   0.000000000000000E+00
   0.000000000000000E+00
   0.000000000000000E+00
   0.000000000000000E+00
   0.000000000000000E+00
   0.000000000000000E+00
   0.000000000000000E+00
   0.000000000000000E+00
   0.000000000000000E+00
   0.000000000000000E+00
   0.000000000000000E+00
   0.000000000000000E+00
   0.000000000000000E+00
   0.000000000000000E+00
   0.000000000000000E+00
   0.000000000000000E+00
   0.000000000000000E+00
   0.000000000000000E+00
   0.000000000000000E+00
   0.000000000000000E+00
   0.000000000000000E+00
   0.000000000000000E+00
   0.000000000000000E+00
   0.000000000000000E+00
   0.000000000000000E+00
   0.000000000000000E+00
   0.000000000000000E+00
   0.000000000000000E+00
   0.000000000000000E+00
   0.000000000000000E+00
   0.000000000000000E+00
   0.000000000000000E+00
   0.000000000000000E+00
   0.000000000000000E+00
   0.000000000000000E+00
   0.000000000000000E+00
   0.000000000000000E+00
   0.000000000000000E+00
   0.000000000000000E+00
   0.000000000000000E+00
   0.000000000000000E+00
   0.000000000000000E+00
   0.000000000000000E+00
   0.000000000000000E+00
   0.000000000000000E+00
   0.000000000000000E+00
   0.000000000000000E+00
   0.000000000000000E+00
   0.000000000000000E+00
   0.000000000000000E+00
   0.000000000000000E+00
   0.000000000000000E+00
   0.000000000000000E+00
   0.000000000000000E+00
   0.000000000000000E+00
   0.000000000000000E+00
   0.000000000000000E+00
   0.000000000000000E+00
   0.000000000000000E+00
   0.000000000000000E+00
   0.000000000000000E+00
   0.000000000000000E+00
   0.000000000000000E+00
   0.000000000000000E+00
   0.000000000000000E+00
   0.000000000000000E+00
   0.000000000000000E+00
   0.000000000000000E+00
   0.000000000000000E+00
   0.000000000000000E+00
   0.000000000000000E+00
   0.000000000000000E+00
   0.000000000000000E+00
   0.000000000000000E+00
   0.000000000000000E+00
   0.000000000000000E+00
   0.000000000000000E+00
   0.000000000000000E+00
   0.000000000000000E+00
   0.000000000000000E+00
   0.000000000000000E+00
   0.000000000000000E+00
   0.000000000000000E+00
   0.000000000000000E+00
   0.000000000000000E+00
   0.000000000000000E+00
   0.000000000000000E+00
   0.000000000000000E+00
   0.000000000000000E+00
   0.000000000000000E+00
   0.000000000000000E+00
   0.000000000000000E+00
   0.000000000000000E+00
   0.000000000000000E+00
   0.000000000000000E+00
   0.000000000000000E+00
   0.000000000000000E+00
   0.000000000000000E+00
   0.000000000000000E+00
   0.000000000000000E+00
   0.000000000000000E+00
   0.000000000000000E+00
   0.000000000000000E+00
   0.000000000000000E+00
   0.000000000000000E+00
   0.000000000000000E+00
   0.000000000000000E+00
   0.000000000000000E+00
   0.000000000000000E+00
   0.000000000000000E+00
   0.000000000000000E+00
   0.000000000000000E+00
   0.000000000000000E+00
   0.000000000000000E+00
   0.000000000000000E+00
   0.000000000000000E+00
   0.000000000000000E+00
   0.000000000000000E+00
   0.000000000000000E+00
   0.000000000000000E+00
   0.000000000000000E+00
   0.000000000000000E+00
   0.000000000000000E+00
   0.000000000000000E+00
   0.000000000000000E+00
   0.000000000000000E+00
   0.000000000000000E+00
   0.000000000000000E+00
   0.000000000000000E+00
   0.000000000000000E+00
   0.000000000000000E+00
   0.000000000000000E+00
   0.000000000000000E+00
   0.000000000000000E+00
   0.000000000000000E+00
   0.000000000000000E+00
   0.000000000000000E+00
   0.000000000000000E+00
   0.000000000000000E+00
   0.000000000000000E+00
   0.000000000000000E+00
   0.000000000000000E+00
   0.000000000000000E+00
   0.000000000000000E+00
   0.000000000000000E+00
   0.000000000000000E+00
   0.000000000000000E+00
   0.000000000000000E+00
   0.000000000000000E+00
   0.000000000000000E+00
   0.000000000000000E+00
   0.000000000000000E+00
   0.000000000000000E+00
   0.000000000000000E+00
   0.000000000000000E+00
   0.451011200068381E+00
   0.100000000000000E+01
   0.451634263592773E+00
   0.100000000000000E+01
   0.454610951639522E+00
   0.100000000000000E+01
   0.458565506413043E+00
   0.100000000000000E+01
   0.450962198497513E+00
   0.998873179534844E+00
   0.444158171957528E+00
   0.998858840695683E+00
   0.421169694406776E+00
   0.998843269169880E+00
   0.388895225443381E+00
   0.998840787430287E+00
   0.347178650707004E+00
   0.100000000000000E+01
   0.302588359848930E+00
   0.998922424620779E+00
   0.263217722161760E+00
   0.998992320583505E+00
   0.233822226314302E+00
   0.999069138503154E+00
   0.221077637353459E+00
   0.999169649492612E+00
   0.211664935107198E+00
   0.999260944519945E+00
   0.212483089594454E+00
   0.999312111762718E+00
   0.218823203491683E+00
   0.999353655509432E+00
   0.235851721650891E+00
   0.100000000000000E+01
   0.268690259162444E+00
   0.100000000000000E+01
   0.314536890266357E+00
   0.999100685689802E+00
   0.373916063447192E+00
   0.998901123423718E+00
   0.432463155427608E+00
   0.100000000000000E+01
   0.488845917972286E+00
   0.998771215758197E+00
   0.535389526816055E+00
   0.100000000000000E+01
   0.571463477734638E+00
   0.100000000000000E+01
   0.569725201170626E+00
   0.100000000000000E+01
   0.555604440604955E+00
   0.999395292971501E+00
   0.539326753505272E+00
   0.999592951998240E+00
   0.491400471403074E+00
   0.100000000000000E+01
   0.481234160342637E+00
   0.100000000000000E+01
   0.477089960031181E+00
   0.100000000000000E+01
   0.477663979803286E+00
   0.100000000000000E+01
   0.480467400494103E+00
   0.100000000000000E+01
   0.462542918300321E+00
   0.999168836004018E+00
   0.468404872949603E+00
   0.999131526348405E+00
   0.469246496624925E+00
   0.999110010438395E+00
   0.469785308079244E+00
   0.999092745575797E+00
   0.000000000000000E+00
   0.000000000000000E+00
   0.000000000000000E+00
   0.000000000000000E+00
   0.000000000000000E+00
   0.000000000000000E+00
   0.000000000000000E+00
   0.000000000000000E+00
   0.000000000000000E+00
   0.000000000000000E+00
   0.000000000000000E+00
   0.000000000000000E+00
   0.000000000000000E+00
   0.000000000000000E+00
   0.000000000000000E+00
   0.000000000000000E+00
   0.000000000000000E+00
   0.000000000000000E+00
   0.000000000000000E+00
   0.000000000000000E+00
   0.000000000000000E+00
   0.000000000000000E+00
   0.000000000000000E+00
   0.000000000000000E+00
   0.000000000000000E+00
   0.000000000000000E+00
   0.000000000000000E+00
   0.000000000000000E+00
   0.000000000000000E+00
   0.000000000000000E+00
   0.000000000000000E+00
   0.000000000000000E+00
   0.000000000000000E+00
   0.000000000000000E+00
   0.000000000000000E+00
   0.000000000000000E+00
   0.000000000000000E+00
   0.000000000000000E+00
   0.000000000000000E+00
   0.000000000000000E+00
   0.000000000000000E+00
   0.000000000000000E+00
   0.000000000000000E+00
   0.000000000000000E+00
   0.000000000000000E+00
   0.000000000000000E+00
   0.000000000000000E+00
   0.000000000000000E+00
   0.000000000000000E+00
   0.000000000000000E+00
   0.000000000000000E+00
   0.000000000000000E+00
   0.000000000000000E+00
   0.000000000000000E+00
   0.000000000000000E+00
   0.000000000000000E+00
   0.000000000000000E+00
   0.000000000000000E+00
   0.000000000000000E+00
   0.000000000000000E+00
   0.000000000000000E+00
   0.000000000000000E+00
   0.000000000000000E+00
   0.000000000000000E+00
   0.000000000000000E+00
   0.000000000000000E+00
   0.000000000000000E+00
   0.000000000000000E+00
   0.000000000000000E+00
   0.000000000000000E+00
   0.000000000000000E+00
   0.000000000000000E+00
   0.000000000000000E+00
   0.000000000000000E+00
   0.000000000000000E+00
   0.000000000000000E+00
   0.000000000000000E+00
   0.000000000000000E+00
   0.000000000000000E+00
   0.000000000000000E+00
   0.000000000000000E+00
   0.000000000000000E+00
   0.000000000000000E+00
   0.000000000000000E+00
   0.000000000000000E+00
   0.000000000000000E+00
   0.000000000000000E+00
   0.000000000000000E+00
   0.000000000000000E+00
   0.000000000000000E+00
   0.000000000000000E+00
   0.000000000000000E+00
   0.000000000000000E+00
   0.000000000000000E+00
   0.000000000000000E+00
   0.000000000000000E+00
   0.000000000000000E+00
   0.000000000000000E+00
   0.000000000000000E+00
   0.000000000000000E+00
   0.000000000000000E+00
   0.000000000000000E+00
   0.000000000000000E+00
   0.000000000000000E+00
   0.000000000000000E+00
   0.000000000000000E+00
   0.000000000000000E+00
   0.000000000000000E+00
   0.000000000000000E+00
   0.000000000000000E+00
   0.000000000000000E+00
   0.000000000000000E+00
   0.000000000000000E+00
   0.000000000000000E+00
   0.000000000000000E+00
   0.000000000000000E+00
   0.000000000000000E+00
   0.000000000000000E+00
   0.000000000000000E+00
   0.000000000000000E+00
   0.000000000000000E+00
   0.000000000000000E+00
   0.000000000000000E+00
   0.000000000000000E+00
   0.000000000000000E+00
   0.000000000000000E+00
   0.000000000000000E+00
   0.000000000000000E+00
   0.000000000000000E+00
   0.000000000000000E+00
   0.000000000000000E+00
   0.000000000000000E+00
   0.000000000000000E+00
   0.000000000000000E+00
   0.000000000000000E+00
   0.000000000000000E+00
   0.000000000000000E+00
   0.000000000000000E+00
   0.000000000000000E+00
   0.000000000000000E+00
   0.000000000000000E+00
   0.000000000000000E+00
   0.000000000000000E+00
   0.000000000000000E+00
   0.000000000000000E+00
   0.000000000000000E+00
   0.000000000000000E+00
   0.000000000000000E+00
   0.000000000000000E+00
   0.000000000000000E+00
   0.000000000000000E+00
   0.000000000000000E+00
   0.000000000000000E+00
   0.000000000000000E+00
   0.000000000000000E+00
   0.000000000000000E+00
   0.000000000000000E+00
   0.000000000000000E+00
   0.000000000000000E+00
   0.000000000000000E+00
   0.000000000000000E+00
   0.000000000000000E+00
   0.000000000000000E+00
   0.000000000000000E+00
   0.000000000000000E+00
   0.000000000000000E+00
   0.000000000000000E+00
   0.000000000000000E+00
   0.000000000000000E+00
   0.000000000000000E+00
   0.000000000000000E+00
   0.000000000000000E+00
   0.000000000000000E+00
   0.000000000000000E+00
   0.000000000000000E+00
   0.000000000000000E+00
   0.000000000000000E+00
   0.000000000000000E+00
   0.000000000000000E+00
   0.000000000000000E+00
   0.000000000000000E+00
   0.000000000000000E+00
   0.000000000000000E+00
   0.000000000000000E+00
   0.000000000000000E+00
   0.000000000000000E+00
   0.000000000000000E+00
   0.000000000000000E+00
   0.000000000000000E+00
   0.000000000000000E+00
   0.000000000000000E+00
   0.000000000000000E+00
   0.000000000000000E+00
   0.000000000000000E+00
   0.000000000000000E+00
   0.000000000000000E+00
   0.000000000000000E+00
   0.000000000000000E+00
   0.000000000000000E+00
   0.000000000000000E+00
   0.000000000000000E+00
   0.000000000000000E+00
   0.000000000000000E+00
   0.000000000000000E+00
   0.000000000000000E+00
   0.000000000000000E+00
   0.000000000000000E+00
   0.000000000000000E+00
   0.000000000000000E+00
   0.000000000000000E+00
   0.000000000000000E+00
   0.000000000000000E+00
   0.000000000000000E+00
   0.000000000000000E+00
   0.000000000000000E+00
   0.000000000000000E+00
   0.000000000000000E+00
   0.000000000000000E+00
   0.000000000000000E+00
   0.000000000000000E+00
   0.000000000000000E+00
   0.000000000000000E+00
   0.000000000000000E+00
   0.000000000000000E+00
   0.000000000000000E+00
   0.000000000000000E+00
   0.000000000000000E+00
   0.000000000000000E+00
   0.000000000000000E+00
   0.000000000000000E+00
   0.000000000000000E+00
   0.000000000000000E+00
   0.000000000000000E+00
   0.000000000000000E+00
   0.000000000000000E+00
   0.000000000000000E+00
   0.000000000000000E+00
   0.000000000000000E+00
   0.000000000000000E+00
   0.000000000000000E+00
   0.000000000000000E+00
   0.000000000000000E+00
   0.000000000000000E+00
   0.000000000000000E+00
   0.000000000000000E+00
   0.000000000000000E+00
   0.000000000000000E+00
   0.000000000000000E+00
   0.000000000000000E+00
   0.000000000000000E+00
   0.000000000000000E+00
   0.000000000000000E+00
   0.000000000000000E+00
   0.000000000000000E+00
   0.000000000000000E+00
   0.000000000000000E+00
   0.000000000000000E+00
   0.000000000000000E+00
   0.000000000000000E+00
   0.000000000000000E+00
   0.000000000000000E+00
   0.000000000000000E+00
   0.000000000000000E+00
   0.000000000000000E+00
   0.000000000000000E+00
   0.000000000000000E+00
   0.000000000000000E+00
   0.000000000000000E+00
   0.000000000000000E+00
   0.000000000000000E+00
   0.000000000000000E+00
   0.000000000000000E+00
   0.000000000000000E+00
   0.000000000000000E+00
   0.000000000000000E+00
   0.000000000000000E+00
   0.000000000000000E+00
   0.000000000000000E+00
   0.000000000000000E+00
   0.000000000000000E+00
   0.000000000000000E+00
   0.000000000000000E+00
   0.000000000000000E+00
   0.000000000000000E+00
   0.000000000000000E+00
   0.000000000000000E+00
   0.000000000000000E+00
   0.000000000000000E+00
   0.000000000000000E+00
   0.000000000000000E+00
   0.000000000000000E+00
   0.000000000000000E+00
   0.000000000000000E+00
   0.000000000000000E+00
   0.000000000000000E+00
   0.000000000000000E+00
   0.000000000000000E+00
   0.000000000000000E+00
   0.000000000000000E+00
   0.000000000000000E+00
   0.000000000000000E+00
   0.000000000000000E+00
   0.000000000000000E+00
   0.000000000000000E+00
   0.000000000000000E+00
   0.000000000000000E+00
   0.000000000000000E+00
   0.000000000000000E+00
   0.000000000000000E+00
   0.000000000000000E+00
   0.000000000000000E+00
   0.000000000000000E+00
   0.000000000000000E+00
   0.000000000000000E+00
   0.000000000000000E+00
   0.000000000000000E+00
   0.000000000000000E+00
   0.000000000000000E+00
   0.000000000000000E+00
   0.000000000000000E+00
   0.000000000000000E+00
   0.000000000000000E+00
   0.000000000000000E+00
   0.000000000000000E+00
   0.000000000000000E+00
   0.000000000000000E+00
   0.000000000000000E+00
   0.000000000000000E+00
   0.000000000000000E+00
   0.000000000000000E+00
   0.000000000000000E+00
   0.000000000000000E+00
   0.000000000000000E+00
   0.000000000000000E+00
   0.000000000000000E+00
   0.000000000000000E+00
   0.000000000000000E+00
   0.000000000000000E+00
   0.000000000000000E+00
   0.000000000000000E+00
   0.000000000000000E+00
   0.000000000000000E+00
   0.000000000000000E+00
   0.000000000000000E+00
   0.000000000000000E+00
   0.000000000000000E+00
   0.000000000000000E+00
   0.000000000000000E+00
   0.000000000000000E+00
   0.000000000000000E+00
   0.000000000000000E+00
   0.000000000000000E+00
   0.000000000000000E+00
   0.000000000000000E+00
   0.000000000000000E+00
   0.000000000000000E+00
   0.000000000000000E+00
   0.000000000000000E+00
   0.000000000000000E+00
   0.000000000000000E+00
   0.000000000000000E+00
   0.000000000000000E+00
   0.000000000000000E+00
   0.000000000000000E+00
   0.000000000000000E+00
   0.000000000000000E+00
   0.000000000000000E+00
   0.000000000000000E+00
   0.000000000000000E+00
   0.000000000000000E+00
   0.000000000000000E+00
   0.000000000000000E+00
   0.000000000000000E+00
   0.000000000000000E+00
   0.000000000000000E+00
   0.000000000000000E+00
   0.000000000000000E+00
   0.000000000000000E+00
   0.000000000000000E+00
   0.000000000000000E+00
   0.000000000000000E+00
   0.000000000000000E+00
   0.000000000000000E+00
   0.000000000000000E+00
   0.000000000000000E+00
   0.000000000000000E+00
   0.000000000000000E+00
   0.000000000000000E+00
   0.000000000000000E+00
   0.000000000000000E+00
   0.000000000000000E+00
   0.000000000000000E+00
   0.000000000000000E+00
   0.000000000000000E+00
   0.000000000000000E+00
   0.000000000000000E+00
   0.000000000000000E+00
   0.000000000000000E+00
   0.000000000000000E+00
   0.000000000000000E+00
   0.000000000000000E+00
   0.000000000000000E+00
   0.000000000000000E+00
   0.000000000000000E+00
   0.000000000000000E+00
   0.000000000000000E+00
   0.000000000000000E+00
   0.000000000000000E+00
   0.000000000000000E+00
   0.000000000000000E+00
   0.000000000000000E+00
   0.000000000000000E+00
   0.000000000000000E+00
   0.000000000000000E+00
   0.000000000000000E+00
   0.000000000000000E+00
   0.000000000000000E+00
   0.000000000000000E+00
   0.000000000000000E+00
   0.000000000000000E+00
   0.000000000000000E+00
   0.000000000000000E+00
   0.000000000000000E+00
   0.000000000000000E+00
   0.000000000000000E+00
   0.000000000000000E+00
   0.000000000000000E+00
   0.000000000000000E+00
   0.000000000000000E+00
   0.000000000000000E+00
   0.000000000000000E+00
   0.000000000000000E+00
   0.000000000000000E+00
   0.000000000000000E+00
   0.000000000000000E+00
   0.000000000000000E+00
   0.000000000000000E+00
   0.000000000000000E+00
   0.000000000000000E+00
   0.000000000000000E+00
   0.000000000000000E+00
   0.000000000000000E+00
   0.000000000000000E+00
   0.000000000000000E+00
   0.000000000000000E+00
   0.000000000000000E+00
   0.000000000000000E+00
   0.000000000000000E+00
   0.000000000000000E+00
   0.000000000000000E+00
   0.000000000000000E+00
   0.000000000000000E+00
   0.000000000000000E+00
   0.000000000000000E+00
   0.000000000000000E+00
   0.000000000000000E+00
   0.000000000000000E+00
   0.000000000000000E+00
   0.000000000000000E+00
   0.000000000000000E+00
   0.000000000000000E+00
   0.000000000000000E+00
   0.000000000000000E+00
   0.000000000000000E+00
   0.000000000000000E+00
   0.000000000000000E+00
   0.000000000000000E+00
   0.000000000000000E+00
   0.000000000000000E+00
   0.000000000000000E+00
   0.000000000000000E+00
   0.000000000000000E+00
   0.000000000000000E+00
   0.000000000000000E+00
   0.000000000000000E+00
   0.000000000000000E+00
   0.000000000000000E+00
   0.000000000000000E+00
   0.000000000000000E+00
   0.000000000000000E+00
   0.000000000000000E+00
   0.000000000000000E+00
   0.000000000000000E+00
   0.000000000000000E+00
   0.000000000000000E+00
   0.000000000000000E+00
   0.000000000000000E+00
   0.000000000000000E+00
   0.000000000000000E+00
   0.000000000000000E+00
   0.000000000000000E+00
   0.000000000000000E+00
   0.000000000000000E+00
   0.000000000000000E+00
   0.000000000000000E+00
   0.000000000000000E+00
   0.000000000000000E+00
   0.000000000000000E+00
   0.000000000000000E+00
   0.000000000000000E+00
   0.000000000000000E+00
   0.000000000000000E+00
   0.000000000000000E+00
   0.000000000000000E+00
   0.000000000000000E+00
   0.000000000000000E+00
   0.000000000000000E+00
   0.000000000000000E+00
   0.000000000000000E+00
   0.000000000000000E+00
   0.000000000000000E+00
   0.000000000000000E+00
   0.000000000000000E+00
   0.000000000000000E+00
   0.000000000000000E+00
   0.000000000000000E+00
   0.000000000000000E+00
   0.000000000000000E+00
   0.000000000000000E+00
   0.000000000000000E+00
   0.000000000000000E+00
   0.000000000000000E+00
   0.000000000000000E+00
   0.000000000000000E+00
   0.000000000000000E+00
   0.000000000000000E+00
   0.000000000000000E+00
   0.000000000000000E+00
   0.000000000000000E+00
   0.000000000000000E+00
   0.000000000000000E+00
   0.000000000000000E+00
   0.000000000000000E+00
   0.000000000000000E+00
   0.000000000000000E+00
   0.000000000000000E+00
   0.000000000000000E+00
   0.000000000000000E+00
   0.000000000000000E+00
   0.000000000000000E+00
   0.000000000000000E+00
   0.000000000000000E+00
   0.000000000000000E+00
   0.000000000000000E+00
   0.000000000000000E+00
   0.000000000000000E+00
   0.000000000000000E+00
   0.000000000000000E+00
   0.000000000000000E+00
   0.000000000000000E+00
   0.000000000000000E+00
   0.000000000000000E+00
   0.000000000000000E+00
   0.000000000000000E+00
   0.000000000000000E+00
   0.000000000000000E+00
   0.000000000000000E+00
   0.000000000000000E+00
   0.000000000000000E+00
   0.000000000000000E+00
   0.000000000000000E+00
   0.000000000000000E+00
   0.000000000000000E+00
   0.000000000000000E+00
   0.000000000000000E+00
   0.000000000000000E+00
   0.000000000000000E+00
   0.000000000000000E+00
   0.000000000000000E+00
   0.000000000000000E+00
   0.000000000000000E+00
   0.000000000000000E+00
   0.000000000000000E+00
   0.000000000000000E+00
   0.000000000000000E+00
   0.000000000000000E+00
   0.000000000000000E+00
   0.000000000000000E+00
   0.000000000000000E+00
   0.000000000000000E+00
   0.000000000000000E+00
   0.000000000000000E+00
   0.000000000000000E+00
   0.000000000000000E+00
   0.000000000000000E+00
   0.000000000000000E+00
   0.000000000000000E+00
   0.000000000000000E+00
   0.000000000000000E+00
   0.000000000000000E+00
   0.000000000000000E+00
   0.000000000000000E+00
   0.000000000000000E+00
   0.000000000000000E+00
   0.000000000000000E+00
   0.000000000000000E+00
   0.000000000000000E+00
   0.000000000000000E+00
   0.000000000000000E+00
   0.000000000000000E+00
   0.000000000000000E+00
   0.000000000000000E+00
   0.000000000000000E+00
   0.000000000000000E+00
   0.000000000000000E+00
   0.000000000000000E+00
   0.000000000000000E+00
   0.000000000000000E+00
   0.000000000000000E+00
   0.000000000000000E+00
   0.000000000000000E+00
   0.000000000000000E+00
   0.000000000000000E+00
   0.000000000000000E+00
   0.000000000000000E+00
   0.000000000000000E+00
   0.000000000000000E+00
   0.000000000000000E+00
   0.000000000000000E+00
   0.000000000000000E+00
   0.000000000000000E+00
   0.000000000000000E+00
   0.000000000000000E+00
   0.000000000000000E+00
   0.000000000000000E+00
   0.000000000000000E+00
   0.000000000000000E+00
   0.000000000000000E+00
   0.000000000000000E+00
   0.000000000000000E+00
   0.000000000000000E+00
   0.000000000000000E+00
   0.000000000000000E+00
   0.000000000000000E+00
   0.000000000000000E+00
   0.000000000000000E+00
   0.000000000000000E+00
   0.000000000000000E+00
   0.000000000000000E+00
   0.000000000000000E+00
   0.000000000000000E+00
   0.000000000000000E+00
   0.000000000000000E+00
   0.000000000000000E+00
   0.000000000000000E+00
   0.000000000000000E+00
   0.000000000000000E+00
   0.000000000000000E+00
   0.000000000000000E+00
   0.000000000000000E+00
   0.000000000000000E+00
   0.000000000000000E+00
   0.000000000000000E+00
   0.000000000000000E+00
   0.000000000000000E+00
   0.000000000000000E+00
   0.000000000000000E+00
   0.000000000000000E+00
   0.000000000000000E+00
   0.000000000000000E+00
   0.000000000000000E+00
   0.000000000000000E+00
   0.000000000000000E+00
   0.000000000000000E+00
   0.000000000000000E+00
   0.000000000000000E+00
   0.000000000000000E+00
   0.000000000000000E+00
   0.000000000000000E+00
   0.000000000000000E+00
   0.000000000000000E+00
   0.000000000000000E+00
   0.000000000000000E+00
   0.000000000000000E+00
   0.000000000000000E+00
   0.000000000000000E+00
   0.000000000000000E+00
   0.000000000000000E+00
   0.000000000000000E+00
   0.000000000000000E+00
   0.000000000000000E+00
   0.000000000000000E+00
   0.000000000000000E+00
   0.000000000000000E+00
   0.000000000000000E+00
   0.000000000000000E+00
   0.000000000000000E+00
   0.000000000000000E+00
   0.000000000000000E+00
   0.000000000000000E+00
   0.000000000000000E+00
   0.000000000000000E+00
   0.000000000000000E+00
   0.000000000000000E+00
   0.000000000000000E+00
   0.000000000000000E+00
   0.000000000000000E+00
   0.000000000000000E+00
   0.000000000000000E+00
   0.000000000000000E+00
   0.000000000000000E+00
   0.000000000000000E+00
   0.000000000000000E+00
   0.000000000000000E+00
   0.000000000000000E+00
   0.000000000000000E+00
   0.000000000000000E+00
   0.000000000000000E+00
   0.000000000000000E+00
   0.000000000000000E+00
   0.000000000000000E+00
   0.000000000000000E+00
   0.000000000000000E+00
   0.000000000000000E+00
   0.000000000000000E+00
   0.000000000000000E+00
   0.000000000000000E+00
   0.000000000000000E+00
   0.000000000000000E+00
   0.000000000000000E+00
   0.000000000000000E+00
   0.000000000000000E+00
   0.000000000000000E+00
   0.000000000000000E+00
   0.000000000000000E+00
   0.000000000000000E+00
   0.000000000000000E+00
   0.000000000000000E+00
   0.000000000000000E+00
   0.000000000000000E+00
   0.000000000000000E+00
   0.000000000000000E+00
   0.000000000000000E+00
   0.000000000000000E+00
   0.000000000000000E+00
   0.000000000000000E+00
   0.000000000000000E+00
   0.000000000000000E+00
   0.000000000000000E+00
   0.000000000000000E+00
   0.000000000000000E+00
   0.000000000000000E+00
   0.000000000000000E+00
   0.000000000000000E+00
   0.000000000000000E+00
   0.000000000000000E+00
   0.000000000000000E+00
   0.000000000000000E+00
   0.000000000000000E+00
   0.000000000000000E+00
   0.000000000000000E+00
   0.000000000000000E+00
   0.000000000000000E+00
   0.000000000000000E+00
   0.000000000000000E+00
   0.000000000000000E+00
   0.000000000000000E+00
   0.000000000000000E+00
   0.000000000000000E+00
   0.000000000000000E+00
   0.000000000000000E+00
   0.000000000000000E+00
   0.000000000000000E+00
   0.000000000000000E+00
   0.000000000000000E+00
   0.000000000000000E+00
   0.000000000000000E+00
   0.000000000000000E+00
   0.000000000000000E+00
   0.000000000000000E+00
   0.000000000000000E+00
   0.000000000000000E+00
   0.000000000000000E+00
   0.000000000000000E+00
   0.000000000000000E+00
   0.000000000000000E+00
   0.000000000000000E+00
   0.000000000000000E+00
   0.000000000000000E+00
   0.000000000000000E+00
   0.000000000000000E+00
   0.000000000000000E+00
   0.000000000000000E+00
   0.000000000000000E+00
   0.000000000000000E+00
   0.000000000000000E+00
   0.000000000000000E+00
   0.000000000000000E+00
   0.000000000000000E+00
   0.000000000000000E+00
   0.000000000000000E+00
   0.000000000000000E+00
   0.000000000000000E+00
   0.000000000000000E+00
   0.000000000000000E+00
   0.000000000000000E+00
   0.000000000000000E+00
   0.000000000000000E+00
   0.000000000000000E+00
   0.000000000000000E+00
   0.000000000000000E+00
   0.000000000000000E+00
   0.000000000000000E+00
   0.000000000000000E+00
   0.000000000000000E+00
   0.000000000000000E+00
   0.000000000000000E+00
   0.000000000000000E+00
   0.000000000000000E+00
   0.000000000000000E+00
   0.000000000000000E+00
   0.000000000000000E+00
   0.000000000000000E+00
   0.000000000000000E+00
   0.000000000000000E+00
   0.000000000000000E+00
   0.000000000000000E+00
   0.000000000000000E+00
   0.000000000000000E+00
   0.000000000000000E+00
   0.000000000000000E+00
   0.000000000000000E+00
   0.000000000000000E+00
   0.000000000000000E+00
   0.000000000000000E+00
   0.000000000000000E+00
   0.000000000000000E+00
   0.000000000000000E+00
   0.000000000000000E+00
   0.000000000000000E+00
   0.000000000000000E+00
   0.000000000000000E+00
   0.000000000000000E+00
   0.000000000000000E+00
   0.000000000000000E+00
   0.000000000000000E+00
   0.000000000000000E+00
   0.000000000000000E+00
   0.000000000000000E+00
   0.000000000000000E+00
   0.000000000000000E+00
   0.000000000000000E+00
   0.000000000000000E+00
   0.000000000000000E+00
   0.000000000000000E+00
   0.000000000000000E+00
   0.000000000000000E+00
   0.000000000000000E+00
   0.000000000000000E+00
   0.000000000000000E+00
   0.000000000000000E+00
   0.000000000000000E+00
   0.000000000000000E+00
   0.000000000000000E+00
   0.000000000000000E+00
   0.000000000000000E+00
   0.000000000000000E+00
   0.000000000000000E+00
   0.000000000000000E+00
   0.000000000000000E+00
   0.000000000000000E+00
   0.000000000000000E+00
   0.000000000000000E+00
   0.000000000000000E+00
   0.000000000000000E+00
   0.000000000000000E+00
   0.000000000000000E+00
   0.000000000000000E+00
   0.000000000000000E+00
   0.000000000000000E+00
   0.000000000000000E+00
   0.000000000000000E+00
   0.000000000000000E+00
   0.000000000000000E+00
   0.000000000000000E+00
   0.000000000000000E+00
   0.000000000000000E+00
   0.000000000000000E+00
   0.000000000000000E+00
   0.000000000000000E+00
   0.000000000000000E+00
   0.000000000000000E+00
   0.000000000000000E+00
   0.000000000000000E+00
   0.000000000000000E+00
   0.000000000000000E+00
   0.000000000000000E+00
   0.000000000000000E+00
   0.000000000000000E+00
   0.000000000000000E+00
   0.000000000000000E+00
   0.000000000000000E+00
   0.000000000000000E+00
   0.000000000000000E+00
   0.000000000000000E+00
   0.000000000000000E+00
   0.000000000000000E+00
   0.000000000000000E+00
   0.000000000000000E+00
   0.000000000000000E+00
   0.000000000000000E+00
   0.000000000000000E+00
   0.000000000000000E+00
   0.000000000000000E+00
   0.000000000000000E+00
   0.000000000000000E+00
   0.000000000000000E+00
   0.000000000000000E+00
   0.000000000000000E+00
   0.000000000000000E+00
   0.000000000000000E+00
   0.000000000000000E+00
   0.000000000000000E+00
   0.000000000000000E+00
   0.000000000000000E+00
   0.000000000000000E+00
   0.000000000000000E+00
   0.000000000000000E+00
   0.000000000000000E+00
   0.000000000000000E+00
   0.000000000000000E+00
   0.000000000000000E+00
   0.000000000000000E+00
   0.000000000000000E+00
   0.000000000000000E+00
   0.000000000000000E+00
   0.000000000000000E+00
   0.000000000000000E+00
   0.000000000000000E+00
   0.000000000000000E+00
   0.000000000000000E+00
   0.000000000000000E+00
   0.000000000000000E+00
   0.000000000000000E+00
   0.000000000000000E+00
   0.000000000000000E+00
   0.000000000000000E+00
   0.000000000000000E+00
   0.000000000000000E+00
   0.000000000000000E+00
   0.000000000000000E+00
   0.000000000000000E+00
   0.000000000000000E+00
   0.000000000000000E+00
   0.000000000000000E+00
   0.000000000000000E+00
   0.000000000000000E+00
   0.000000000000000E+00
   0.000000000000000E+00
   0.000000000000000E+00
   0.000000000000000E+00
   0.000000000000000E+00
   0.000000000000000E+00
   0.000000000000000E+00
   0.000000000000000E+00
   0.000000000000000E+00
   0.000000000000000E+00
   0.000000000000000E+00
   0.000000000000000E+00
   0.000000000000000E+00
   0.000000000000000E+00
   0.000000000000000E+00
   0.000000000000000E+00
   0.000000000000000E+00
   0.000000000000000E+00
   0.000000000000000E+00
   0.000000000000000E+00
   0.000000000000000E+00
   0.000000000000000E+00
   0.000000000000000E+00
   0.000000000000000E+00
   0.000000000000000E+00
   0.000000000000000E+00
   0.000000000000000E+00
   0.000000000000000E+00
   0.000000000000000E+00
   0.000000000000000E+00
   0.000000000000000E+00
   0.000000000000000E+00
   0.000000000000000E+00
   0.000000000000000E+00
   0.000000000000000E+00
   0.000000000000000E+00
   0.000000000000000E+00
   0.000000000000000E+00
   0.000000000000000E+00
   0.000000000000000E+00
   0.000000000000000E+00
   0.000000000000000E+00
   0.000000000000000E+00
   0.000000000000000E+00
   0.000000000000000E+00
   0.000000000000000E+00
   0.000000000000000E+00
   0.000000000000000E+00
   0.000000000000000E+00
   0.000000000000000E+00
   0.000000000000000E+00
   0.000000000000000E+00
   0.000000000000000E+00
   0.000000000000000E+00
   0.000000000000000E+00
   0.000000000000000E+00
   0.000000000000000E+00
   0.000000000000000E+00
   0.000000000000000E+00
   0.000000000000000E+00
   0.000000000000000E+00
   0.000000000000000E+00
   0.000000000000000E+00
   0.000000000000000E+00
   0.000000000000000E+00
   0.000000000000000E+00
   0.000000000000000E+00
   0.000000000000000E+00
   0.000000000000000E+00
   0.000000000000000E+00
   0.000000000000000E+00
   0.000000000000000E+00
   0.000000000000000E+00
   0.000000000000000E+00
   0.000000000000000E+00
   0.000000000000000E+00
   0.000000000000000E+00
   0.000000000000000E+00
   0.000000000000000E+00
   0.000000000000000E+00
   0.000000000000000E+00
   0.000000000000000E+00
   0.000000000000000E+00
   0.000000000000000E+00
   0.000000000000000E+00
   0.000000000000000E+00
   0.000000000000000E+00
   0.000000000000000E+00
   0.000000000000000E+00
   0.000000000000000E+00
   0.000000000000000E+00
   0.000000000000000E+00
   0.000000000000000E+00
   0.000000000000000E+00
   0.000000000000000E+00
   0.000000000000000E+00
   0.000000000000000E+00
   0.000000000000000E+00
   0.000000000000000E+00
   0.000000000000000E+00
   0.000000000000000E+00
   0.000000000000000E+00
   0.000000000000000E+00
   0.000000000000000E+00
   0.000000000000000E+00
   0.000000000000000E+00
   0.000000000000000E+00
   0.000000000000000E+00
   0.000000000000000E+00
   0.000000000000000E+00
   0.000000000000000E+00
   0.000000000000000E+00
   0.000000000000000E+00
   0.000000000000000E+00
   0.000000000000000E+00
   0.000000000000000E+00
   0.000000000000000E+00
   0.000000000000000E+00
   0.000000000000000E+00
   0.000000000000000E+00
   0.000000000000000E+00
   0.000000000000000E+00
   0.000000000000000E+00
   0.000000000000000E+00
   0.000000000000000E+00
   0.000000000000000E+00
   0.000000000000000E+00
   0.000000000000000E+00
   0.000000000000000E+00
   0.000000000000000E+00
   0.000000000000000E+00
   0.000000000000000E+00
   0.000000000000000E+00
   0.000000000000000E+00
   0.000000000000000E+00
   0.000000000000000E+00
   0.000000000000000E+00
   0.000000000000000E+00
   0.000000000000000E+00
   0.000000000000000E+00
   0.000000000000000E+00
   0.000000000000000E+00
   0.000000000000000E+00
   0.000000000000000E+00
   0.000000000000000E+00
   0.000000000000000E+00
   0.000000000000000E+00
   0.000000000000000E+00
   0.000000000000000E+00
   0.000000000000000E+00
   0.000000000000000E+00
   0.000000000000000E+00
   0.000000000000000E+00
   0.000000000000000E+00
   0.000000000000000E+00
   0.000000000000000E+00
   0.000000000000000E+00
   0.000000000000000E+00
   0.000000000000000E+00
   0.000000000000000E+00
   0.000000000000000E+00
   0.000000000000000E+00
   0.000000000000000E+00
   0.000000000000000E+00
   0.000000000000000E+00
   0.000000000000000E+00
   0.000000000000000E+00
   0.000000000000000E+00
   0.000000000000000E+00
   0.000000000000000E+00
   0.000000000000000E+00
   0.000000000000000E+00
   0.000000000000000E+00
   0.000000000000000E+00
   0.000000000000000E+00
   0.000000000000000E+00
   0.000000000000000E+00
   0.000000000000000E+00
   0.000000000000000E+00
   0.000000000000000E+00
   0.000000000000000E+00
   0.000000000000000E+00
   0.000000000000000E+00
   0.000000000000000E+00
   0.000000000000000E+00
   0.000000000000000E+00
   0.000000000000000E+00
   0.000000000000000E+00
   0.000000000000000E+00
   0.000000000000000E+00
   0.000000000000000E+00
   0.000000000000000E+00
   0.000000000000000E+00
   0.000000000000000E+00
   0.000000000000000E+00
   0.000000000000000E+00
   0.000000000000000E+00
   0.000000000000000E+00
   0.000000000000000E+00
   0.000000000000000E+00
   0.000000000000000E+00
   0.000000000000000E+00
   0.000000000000000E+00
   0.000000000000000E+00
   0.000000000000000E+00
   0.000000000000000E+00
   0.000000000000000E+00
   0.000000000000000E+00
   0.000000000000000E+00
   0.000000000000000E+00
   0.000000000000000E+00
   0.000000000000000E+00
   0.000000000000000E+00
   0.000000000000000E+00
   0.000000000000000E+00
   0.000000000000000E+00
   0.000000000000000E+00
   0.000000000000000E+00
   0.000000000000000E+00
   0.000000000000000E+00
   0.000000000000000E+00
   0.000000000000000E+00
   0.000000000000000E+00
   0.000000000000000E+00
   0.000000000000000E+00
   0.000000000000000E+00
   0.000000000000000E+00
   0.000000000000000E+00
   0.000000000000000E+00
   0.000000000000000E+00
   0.000000000000000E+00
   0.000000000000000E+00
   0.000000000000000E+00
   0.000000000000000E+00
   0.000000000000000E+00
   0.000000000000000E+00
   0.000000000000000E+00
   0.000000000000000E+00
   0.000000000000000E+00
   0.000000000000000E+00
   0.000000000000000E+00
   0.000000000000000E+00
   0.000000000000000E+00
   0.000000000000000E+00
   0.000000000000000E+00
   0.000000000000000E+00
   0.000000000000000E+00
   0.000000000000000E+00
   0.000000000000000E+00
   0.000000000000000E+00
   0.000000000000000E+00
   0.000000000000000E+00
   0.000000000000000E+00
   0.000000000000000E+00
   0.000000000000000E+00
   0.000000000000000E+00
   0.000000000000000E+00
   0.000000000000000E+00
   0.000000000000000E+00
   0.000000000000000E+00
   0.000000000000000E+00
   0.000000000000000E+00
   0.000000000000000E+00
   0.000000000000000E+00
   0.000000000000000E+00
   0.000000000000000E+00
   0.000000000000000E+00
   0.000000000000000E+00
   0.000000000000000E+00
   0.000000000000000E+00
   0.000000000000000E+00
   0.000000000000000E+00
   0.000000000000000E+00
   0.000000000000000E+00
   0.000000000000000E+00
   0.000000000000000E+00
   0.000000000000000E+00
   0.000000000000000E+00
   0.000000000000000E+00
   0.000000000000000E+00
   0.000000000000000E+00
   0.000000000000000E+00
   0.000000000000000E+00
   0.000000000000000E+00
   0.000000000000000E+00
   0.000000000000000E+00
   0.000000000000000E+00
   0.000000000000000E+00
   0.000000000000000E+00
   0.000000000000000E+00
   0.000000000000000E+00
   0.000000000000000E+00
   0.000000000000000E+00
   0.000000000000000E+00
   0.000000000000000E+00
   0.000000000000000E+00
   0.000000000000000E+00
   0.000000000000000E+00
   0.000000000000000E+00
   0.000000000000000E+00
   0.000000000000000E+00
   0.000000000000000E+00
   0.000000000000000E+00
   0.000000000000000E+00
   0.000000000000000E+00
   0.000000000000000E+00
   0.000000000000000E+00
   0.000000000000000E+00
   0.000000000000000E+00
   0.000000000000000E+00
   0.000000000000000E+00
   0.000000000000000E+00
   0.000000000000000E+00
  -0.113505752312257E+02
  -0.113673960689732E+02
  -0.114007133471547E+02
  -0.114449082445360E+02
  -0.113511446575984E+02
  -0.113059278178633E+02
  -0.111876498259968E+02
  -0.109192672311327E+02
  -0.105369096926559E+02
  -0.100582644652877E+02
  -0.956635661650131E+01
  -0.914566463343741E+01
  -0.892314398428427E+01
  -0.876163650910173E+01
  -0.876768325818379E+01
  -0.885671972015169E+01
  -0.912083832244075E+01
  -0.957812487118630E+01
  -0.101221579221498E+02
  -0.106034739802965E+02
  -0.111230396861407E+02
  -0.115648441119100E+02
  -0.118873148409348E+02
  -0.121192927178740E+02
  -0.121141942179363E+02
  -0.120420676198559E+02
  -0.119189595932806E+02
  -0.116313427930695E+02
  -0.115477360954402E+02
  -0.115159314350937E+02
  -0.115300700659738E+02
  -0.115687981536411E+02
  -0.114053186075051E+02
  -0.114616215366554E+02
  -0.114830326346850E+02
  -0.115050322998019E+02
   0.000000000000000E+00
   0.416269585805145E+00
   0.446480771893403E+00
   0.464407455776180E+00
   0.468926695015983E+00
   0.000000000000000E+00
   0.474385688585502E+00
   0.472443368087076E+00
   0.449808632726003E+00
   0.406805871311838E+00
   0.343487399296696E+00
   0.252808154938755E+00
   0.000000000000000E+00
   0.000000000000000E+00
   0.000000000000000E+00
   0.000000000000000E+00
   0.000000000000000E+00
   0.000000000000000E+00
   0.000000000000000E+00
   0.000000000000000E+00
   0.000000000000000E+00
   0.000000000000000E+00
   0.000000000000000E+00
   0.000000000000000E+00
   0.000000000000000E+00
   0.000000000000000E+00
   0.000000000000000E+00
   0.000000000000000E+00
   0.000000000000000E+00
   0.000000000000000E+00
   0.000000000000000E+00
   0.000000000000000E+00
   0.000000000000000E+00
   0.000000000000000E+00
   0.329761233333204E+00
   0.361740470425215E+00
   0.000000000000000E+00
   0.000000000000000E+00
   0.000000000000000E+00
   0.000000000000000E+00
   0.000000000000000E+00
   0.000000000000000E+00
   0.000000000000000E+00
   0.000000000000000E+00
   0.000000000000000E+00
   0.000000000000000E+00
   0.000000000000000E+00
   0.000000000000000E+00
   0.000000000000000E+00
   0.000000000000000E+00
   0.000000000000000E+00
   0.000000000000000E+00
   0.000000000000000E+00
   0.000000000000000E+00
   0.000000000000000E+00
   0.000000000000000E+00
   0.000000000000000E+00
   0.000000000000000E+00
   0.000000000000000E+00
   0.000000000000000E+00
   0.000000000000000E+00
   0.000000000000000E+00
   0.000000000000000E+00
   0.000000000000000E+00
   0.000000000000000E+00
   0.000000000000000E+00
   0.000000000000000E+00
   0.000000000000000E+00
   0.000000000000000E+00
   0.000000000000000E+00
   0.000000000000000E+00
   0.000000000000000E+00
   0.000000000000000E+00
   0.000000000000000E+00
   0.000000000000000E+00
   0.000000000000000E+00
   0.000000000000000E+00
   0.000000000000000E+00
   0.000000000000000E+00
   0.000000000000000E+00
   0.000000000000000E+00
   0.000000000000000E+00
   0.000000000000000E+00
   0.000000000000000E+00
   0.000000000000000E+00
   0.000000000000000E+00
   0.000000000000000E+00
   0.000000000000000E+00
   0.000000000000000E+00
   0.000000000000000E+00
   0.000000000000000E+00
   0.000000000000000E+00
   0.000000000000000E+00
   0.000000000000000E+00
   0.000000000000000E+00
   0.000000000000000E+00
   0.000000000000000E+00
   0.000000000000000E+00
   0.000000000000000E+00
   0.000000000000000E+00
   0.000000000000000E+00
   0.000000000000000E+00
   0.000000000000000E+00
   0.000000000000000E+00
   0.000000000000000E+00
   0.000000000000000E+00
   0.000000000000000E+00
   0.000000000000000E+00
   0.000000000000000E+00
   0.000000000000000E+00
   0.000000000000000E+00
   0.000000000000000E+00
   0.000000000000000E+00
   0.000000000000000E+00
   0.000000000000000E+00
   0.000000000000000E+00
   0.000000000000000E+00
   0.000000000000000E+00
   0.000000000000000E+00
   0.000000000000000E+00
   0.000000000000000E+00
   0.000000000000000E+00
   0.000000000000000E+00
   0.000000000000000E+00
   0.000000000000000E+00
   0.000000000000000E+00
   0.000000000000000E+00
   0.000000000000000E+00
   0.000000000000000E+00
   0.000000000000000E+00
   0.000000000000000E+00
   0.000000000000000E+00
   0.000000000000000E+00
   0.000000000000000E+00
   0.000000000000000E+00
   0.000000000000000E+00
   0.000000000000000E+00
   0.000000000000000E+00
   0.000000000000000E+00
   0.000000000000000E+00
   0.000000000000000E+00
   0.000000000000000E+00
   0.000000000000000E+00
   0.000000000000000E+00
   0.000000000000000E+00
   0.000000000000000E+00
   0.000000000000000E+00
   0.000000000000000E+00
   0.000000000000000E+00
   0.000000000000000E+00
   0.000000000000000E+00
   0.000000000000000E+00
   0.000000000000000E+00
   0.000000000000000E+00
   0.000000000000000E+00
   0.000000000000000E+00
   0.000000000000000E+00
   0.000000000000000E+00
   0.000000000000000E+00
   0.000000000000000E+00
   0.000000000000000E+00
   0.000000000000000E+00
   0.000000000000000E+00
   0.000000000000000E+00
   0.000000000000000E+00
   0.000000000000000E+00
   0.000000000000000E+00
   0.000000000000000E+00
   0.000000000000000E+00
   0.000000000000000E+00
   0.000000000000000E+00
   0.000000000000000E+00
   0.000000000000000E+00
   0.000000000000000E+00
   0.000000000000000E+00
   0.000000000000000E+00
   0.000000000000000E+00
   0.000000000000000E+00
   0.000000000000000E+00
   0.000000000000000E+00
   0.000000000000000E+00
   0.000000000000000E+00
   0.000000000000000E+00
   0.000000000000000E+00
   0.000000000000000E+00
   0.000000000000000E+00
   0.000000000000000E+00
   0.000000000000000E+00
   0.000000000000000E+00
   0.000000000000000E+00
   0.000000000000000E+00
   0.000000000000000E+00
   0.000000000000000E+00
   0.000000000000000E+00
   0.000000000000000E+00
   0.000000000000000E+00
   0.000000000000000E+00
   0.000000000000000E+00
   0.000000000000000E+00
   0.000000000000000E+00
   0.000000000000000E+00
   0.000000000000000E+00
   0.000000000000000E+00
   0.000000000000000E+00
   0.000000000000000E+00
   0.000000000000000E+00
   0.000000000000000E+00
   0.000000000000000E+00
   0.000000000000000E+00
   0.000000000000000E+00
   0.000000000000000E+00
   0.000000000000000E+00
   0.000000000000000E+00
   0.000000000000000E+00
   0.000000000000000E+00
   0.000000000000000E+00
   0.000000000000000E+00
   0.000000000000000E+00
   0.000000000000000E+00
   0.000000000000000E+00
   0.000000000000000E+00
   0.000000000000000E+00
   0.000000000000000E+00
   0.000000000000000E+00
   0.000000000000000E+00
   0.000000000000000E+00
   0.000000000000000E+00
   0.000000000000000E+00
   0.000000000000000E+00
   0.000000000000000E+00
   0.000000000000000E+00
   0.000000000000000E+00
   0.000000000000000E+00
   0.000000000000000E+00
   0.000000000000000E+00
   0.000000000000000E+00
   0.000000000000000E+00
   0.000000000000000E+00
   0.000000000000000E+00
   0.000000000000000E+00
   0.000000000000000E+00
   0.000000000000000E+00
   0.000000000000000E+00
   0.000000000000000E+00
   0.000000000000000E+00
   0.000000000000000E+00
   0.000000000000000E+00
   0.000000000000000E+00
   0.000000000000000E+00
   0.000000000000000E+00
   0.000000000000000E+00
   0.000000000000000E+00
   0.000000000000000E+00
   0.000000000000000E+00
   0.000000000000000E+00
   0.000000000000000E+00
   0.000000000000000E+00
   0.000000000000000E+00
   0.000000000000000E+00
   0.000000000000000E+00
   0.000000000000000E+00
   0.000000000000000E+00
   0.000000000000000E+00
   0.000000000000000E+00
   0.000000000000000E+00
   0.000000000000000E+00
   0.000000000000000E+00
   0.000000000000000E+00
   0.000000000000000E+00
   0.000000000000000E+00
   0.000000000000000E+00
   0.000000000000000E+00
   0.000000000000000E+00
   0.000000000000000E+00
   0.000000000000000E+00
   0.000000000000000E+00
   0.000000000000000E+00
   0.000000000000000E+00
   0.000000000000000E+00
   0.000000000000000E+00
   0.000000000000000E+00
   0.000000000000000E+00
   0.000000000000000E+00
   0.000000000000000E+00
   0.000000000000000E+00
   0.000000000000000E+00
   0.000000000000000E+00
   0.000000000000000E+00
   0.000000000000000E+00
   0.000000000000000E+00
   0.000000000000000E+00
   0.000000000000000E+00
   0.000000000000000E+00
   0.000000000000000E+00
   0.000000000000000E+00
   0.000000000000000E+00
   0.000000000000000E+00
   0.000000000000000E+00
   0.000000000000000E+00
   0.000000000000000E+00
   0.000000000000000E+00
   0.000000000000000E+00
   0.000000000000000E+00
   0.000000000000000E+00
   0.000000000000000E+00
   0.000000000000000E+00
   0.000000000000000E+00
   0.000000000000000E+00
   0.000000000000000E+00
   0.000000000000000E+00
   0.000000000000000E+00
   0.000000000000000E+00
   0.000000000000000E+00
   0.000000000000000E+00
   0.000000000000000E+00
   0.000000000000000E+00
   0.000000000000000E+00
   0.000000000000000E+00
   0.000000000000000E+00
   0.000000000000000E+00
   0.000000000000000E+00
   0.000000000000000E+00
   0.000000000000000E+00
   0.000000000000000E+00
   0.000000000000000E+00
   0.000000000000000E+00
   0.000000000000000E+00
   0.000000000000000E+00
   0.000000000000000E+00
   0.000000000000000E+00
   0.000000000000000E+00
   0.000000000000000E+00
   0.000000000000000E+00
   0.000000000000000E+00
   0.000000000000000E+00
   0.000000000000000E+00
   0.000000000000000E+00
   0.000000000000000E+00
   0.000000000000000E+00
   0.000000000000000E+00
   0.000000000000000E+00
   0.000000000000000E+00
   0.000000000000000E+00
   0.000000000000000E+00
   0.000000000000000E+00
   0.000000000000000E+00
   0.000000000000000E+00
   0.000000000000000E+00
   0.000000000000000E+00
   0.000000000000000E+00
   0.000000000000000E+00
   0.000000000000000E+00
   0.000000000000000E+00
   0.000000000000000E+00
   0.000000000000000E+00
   0.000000000000000E+00
   0.000000000000000E+00
   0.000000000000000E+00
   0.000000000000000E+00
   0.000000000000000E+00
   0.000000000000000E+00
   0.000000000000000E+00
   0.000000000000000E+00
   0.000000000000000E+00
   0.000000000000000E+00
   0.000000000000000E+00
   0.000000000000000E+00
   0.000000000000000E+00
   0.000000000000000E+00
   0.000000000000000E+00
   0.000000000000000E+00
   0.000000000000000E+00
   0.000000000000000E+00
   0.000000000000000E+00
   0.000000000000000E+00
   0.000000000000000E+00
   0.000000000000000E+00
   0.000000000000000E+00
   0.000000000000000E+00
   0.000000000000000E+00
   0.000000000000000E+00
   0.000000000000000E+00
   0.000000000000000E+00
   0.000000000000000E+00
   0.000000000000000E+00
   0.000000000000000E+00
   0.000000000000000E+00
   0.000000000000000E+00
   0.000000000000000E+00
   0.000000000000000E+00
   0.000000000000000E+00
   0.000000000000000E+00
   0.000000000000000E+00
   0.000000000000000E+00
   0.000000000000000E+00
   0.000000000000000E+00
   0.000000000000000E+00
   0.000000000000000E+00
   0.000000000000000E+00
   0.000000000000000E+00
   0.000000000000000E+00
   0.000000000000000E+00
   0.000000000000000E+00
   0.000000000000000E+00
   0.000000000000000E+00
   0.000000000000000E+00
   0.000000000000000E+00
   0.000000000000000E+00
   0.000000000000000E+00
   0.000000000000000E+00
   0.000000000000000E+00
   0.000000000000000E+00
   0.000000000000000E+00
   0.000000000000000E+00
   0.000000000000000E+00
   0.000000000000000E+00
   0.000000000000000E+00
   0.000000000000000E+00
   0.000000000000000E+00
   0.000000000000000E+00
   0.000000000000000E+00
   0.000000000000000E+00
   0.000000000000000E+00
   0.000000000000000E+00
   0.000000000000000E+00
   0.000000000000000E+00
   0.000000000000000E+00
   0.000000000000000E+00
   0.000000000000000E+00
   0.000000000000000E+00
   0.000000000000000E+00
   0.000000000000000E+00
   0.000000000000000E+00
   0.000000000000000E+00
   0.000000000000000E+00
   0.000000000000000E+00
   0.000000000000000E+00
   0.000000000000000E+00
   0.000000000000000E+00
   0.000000000000000E+00
   0.000000000000000E+00
   0.000000000000000E+00
   0.000000000000000E+00
   0.000000000000000E+00
   0.000000000000000E+00
   0.000000000000000E+00
   0.000000000000000E+00
   0.000000000000000E+00
   0.000000000000000E+00
   0.000000000000000E+00
   0.000000000000000E+00
   0.000000000000000E+00
   0.000000000000000E+00
   0.000000000000000E+00
   0.000000000000000E+00
   0.000000000000000E+00
   0.000000000000000E+00
   0.000000000000000E+00
   0.000000000000000E+00
   0.000000000000000E+00
   0.000000000000000E+00
   0.000000000000000E+00
   0.000000000000000E+00
   0.000000000000000E+00
   0.000000000000000E+00
   0.000000000000000E+00
   0.000000000000000E+00
   0.000000000000000E+00
   0.000000000000000E+00
   0.000000000000000E+00
   0.000000000000000E+00
   0.000000000000000E+00
   0.000000000000000E+00
   0.000000000000000E+00
   0.000000000000000E+00
   0.000000000000000E+00
   0.000000000000000E+00
   0.000000000000000E+00
   0.000000000000000E+00
   0.000000000000000E+00
   0.000000000000000E+00
   0.000000000000000E+00
   0.000000000000000E+00
   0.000000000000000E+00
   0.000000000000000E+00
   0.000000000000000E+00
   0.000000000000000E+00
   0.000000000000000E+00
   0.000000000000000E+00
   0.000000000000000E+00
   0.000000000000000E+00
   0.000000000000000E+00
   0.000000000000000E+00
   0.000000000000000E+00
   0.000000000000000E+00
   0.000000000000000E+00
   0.000000000000000E+00
   0.000000000000000E+00
   0.000000000000000E+00
   0.000000000000000E+00
   0.000000000000000E+00
   0.000000000000000E+00
   0.000000000000000E+00
   0.000000000000000E+00
   0.000000000000000E+00
   0.000000000000000E+00
   0.000000000000000E+00
   0.000000000000000E+00
   0.000000000000000E+00
   0.000000000000000E+00
   0.000000000000000E+00
   0.000000000000000E+00
   0.000000000000000E+00
   0.000000000000000E+00
   0.000000000000000E+00
   0.000000000000000E+00
   0.000000000000000E+00
   0.000000000000000E+00
   0.000000000000000E+00
   0.000000000000000E+00
   0.000000000000000E+00
   0.000000000000000E+00
   0.000000000000000E+00
   0.000000000000000E+00
   0.000000000000000E+00
   0.000000000000000E+00
   0.000000000000000E+00
   0.000000000000000E+00
   0.000000000000000E+00
   0.000000000000000E+00
   0.000000000000000E+00
   0.000000000000000E+00
   0.000000000000000E+00
   0.000000000000000E+00
   0.000000000000000E+00
   0.000000000000000E+00
   0.000000000000000E+00
   0.000000000000000E+00
   0.000000000000000E+00
   0.000000000000000E+00
   0.000000000000000E+00
   0.000000000000000E+00
   0.000000000000000E+00
   0.000000000000000E+00
   0.000000000000000E+00
   0.000000000000000E+00
   0.000000000000000E+00
   0.000000000000000E+00
   0.000000000000000E+00
   0.000000000000000E+00
   0.000000000000000E+00
   0.000000000000000E+00
   0.000000000000000E+00
   0.000000000000000E+00
   0.000000000000000E+00
   0.000000000000000E+00
   0.000000000000000E+00
   0.000000000000000E+00
   0.000000000000000E+00
   0.000000000000000E+00
   0.000000000000000E+00
   0.000000000000000E+00
   0.000000000000000E+00
   0.000000000000000E+00
   0.000000000000000E+00
   0.000000000000000E+00
   0.000000000000000E+00
   0.000000000000000E+00
   0.000000000000000E+00
   0.000000000000000E+00
   0.000000000000000E+00
   0.000000000000000E+00
   0.000000000000000E+00
   0.000000000000000E+00
   0.000000000000000E+00
   0.000000000000000E+00
   0.000000000000000E+00
   0.000000000000000E+00
   0.000000000000000E+00
   0.000000000000000E+00
   0.000000000000000E+00
   0.000000000000000E+00
   0.000000000000000E+00
   0.000000000000000E+00
   0.000000000000000E+00
   0.000000000000000E+00
   0.000000000000000E+00
   0.000000000000000E+00
   0.000000000000000E+00
   0.000000000000000E+00
   0.000000000000000E+00
   0.000000000000000E+00
   0.000000000000000E+00
   0.000000000000000E+00
   0.000000000000000E+00
   0.000000000000000E+00
   0.000000000000000E+00
   0.000000000000000E+00
   0.000000000000000E+00
   0.000000000000000E+00
   0.000000000000000E+00
   0.000000000000000E+00
   0.000000000000000E+00
   0.000000000000000E+00
   0.000000000000000E+00
   0.000000000000000E+00
   0.000000000000000E+00
   0.000000000000000E+00
   0.000000000000000E+00
   0.000000000000000E+00
   0.000000000000000E+00
   0.000000000000000E+00
   0.000000000000000E+00
   0.000000000000000E+00
   0.000000000000000E+00
   0.000000000000000E+00
   0.000000000000000E+00
   0.000000000000000E+00
   0.000000000000000E+00
   0.000000000000000E+00
   0.000000000000000E+00
   0.000000000000000E+00
   0.000000000000000E+00
   0.000000000000000E+00
   0.000000000000000E+00
   0.000000000000000E+00
   0.000000000000000E+00
   0.000000000000000E+00
   0.000000000000000E+00
   0.000000000000000E+00
   0.000000000000000E+00
   0.000000000000000E+00
   0.000000000000000E+00
   0.000000000000000E+00
   0.000000000000000E+00
   0.000000000000000E+00
   0.000000000000000E+00
   0.000000000000000E+00
   0.000000000000000E+00
   0.000000000000000E+00
   0.000000000000000E+00
   0.000000000000000E+00
   0.000000000000000E+00
   0.000000000000000E+00
   0.000000000000000E+00
   0.000000000000000E+00
   0.000000000000000E+00
   0.000000000000000E+00
   0.000000000000000E+00
   0.000000000000000E+00
   0.000000000000000E+00
   0.000000000000000E+00
   0.000000000000000E+00
   0.000000000000000E+00
   0.000000000000000E+00
   0.000000000000000E+00
   0.000000000000000E+00
   0.000000000000000E+00
   0.000000000000000E+00
   0.000000000000000E+00
   0.000000000000000E+00
   0.000000000000000E+00
   0.000000000000000E+00
   0.000000000000000E+00
   0.000000000000000E+00
   0.000000000000000E+00
   0.000000000000000E+00
   0.000000000000000E+00
   0.000000000000000E+00
   0.000000000000000E+00
   0.000000000000000E+00
   0.000000000000000E+00
   0.000000000000000E+00
   0.000000000000000E+00
   0.000000000000000E+00
   0.000000000000000E+00
   0.000000000000000E+00
   0.000000000000000E+00
   0.000000000000000E+00
   0.000000000000000E+00
   0.000000000000000E+00
   0.000000000000000E+00
   0.000000000000000E+00
   0.000000000000000E+00
   0.000000000000000E+00
   0.000000000000000E+00
   0.000000000000000E+00
   0.000000000000000E+00
   0.000000000000000E+00
   0.000000000000000E+00
   0.000000000000000E+00
   0.000000000000000E+00
   0.000000000000000E+00
   0.000000000000000E+00
   0.000000000000000E+00
   0.000000000000000E+00
   0.000000000000000E+00
   0.000000000000000E+00
   0.000000000000000E+00
   0.000000000000000E+00
   0.000000000000000E+00
   0.000000000000000E+00
   0.000000000000000E+00
   0.000000000000000E+00
   0.000000000000000E+00
   0.000000000000000E+00
   0.000000000000000E+00
   0.000000000000000E+00
   0.000000000000000E+00
   0.000000000000000E+00
   0.000000000000000E+00
   0.000000000000000E+00
   0.000000000000000E+00
   0.000000000000000E+00
   0.000000000000000E+00
   0.000000000000000E+00
   0.000000000000000E+00
   0.000000000000000E+00
   0.000000000000000E+00
   0.000000000000000E+00
   0.000000000000000E+00
   0.000000000000000E+00
   0.000000000000000E+00
   0.000000000000000E+00
   0.000000000000000E+00
   0.000000000000000E+00
   0.000000000000000E+00
   0.000000000000000E+00
   0.000000000000000E+00
   0.000000000000000E+00
   0.000000000000000E+00
   0.000000000000000E+00
   0.000000000000000E+00
   0.000000000000000E+00
   0.000000000000000E+00
   0.000000000000000E+00
   0.000000000000000E+00
   0.000000000000000E+00
   0.000000000000000E+00
   0.000000000000000E+00
   0.000000000000000E+00
   0.000000000000000E+00
   0.000000000000000E+00
   0.000000000000000E+00
   0.000000000000000E+00
   0.000000000000000E+00
   0.000000000000000E+00
   0.000000000000000E+00
   0.000000000000000E+00
   0.000000000000000E+00
   0.000000000000000E+00
   0.000000000000000E+00
   0.000000000000000E+00
   0.000000000000000E+00
   0.000000000000000E+00
   0.000000000000000E+00
   0.000000000000000E+00
   0.000000000000000E+00
   0.000000000000000E+00
   0.000000000000000E+00
   0.000000000000000E+00
   0.000000000000000E+00
   0.000000000000000E+00
   0.000000000000000E+00
   0.000000000000000E+00
   0.000000000000000E+00
   0.000000000000000E+00
   0.000000000000000E+00
   0.000000000000000E+00
   0.000000000000000E+00
   0.000000000000000E+00
   0.000000000000000E+00
   0.000000000000000E+00
   0.000000000000000E+00
   0.000000000000000E+00
   0.000000000000000E+00
   0.000000000000000E+00
   0.000000000000000E+00
   0.000000000000000E+00
   0.000000000000000E+00
   0.000000000000000E+00
   0.000000000000000E+00
   0.000000000000000E+00
   0.000000000000000E+00
   0.000000000000000E+00
   0.000000000000000E+00
   0.000000000000000E+00
   0.000000000000000E+00
   0.000000000000000E+00
   0.000000000000000E+00
   0.000000000000000E+00
   0.000000000000000E+00
   0.000000000000000E+00
   0.000000000000000E+00
   0.000000000000000E+00
   0.000000000000000E+00
   0.000000000000000E+00
   0.000000000000000E+00
   0.000000000000000E+00
   0.000000000000000E+00
   0.000000000000000E+00
   0.000000000000000E+00
   0.000000000000000E+00
   0.000000000000000E+00
   0.000000000000000E+00
   0.000000000000000E+00
   0.000000000000000E+00
   0.000000000000000E+00
   0.000000000000000E+00
   0.000000000000000E+00
   0.000000000000000E+00
   0.000000000000000E+00
   0.000000000000000E+00
   0.000000000000000E+00
   0.000000000000000E+00
   0.000000000000000E+00
   0.000000000000000E+00
   0.000000000000000E+00
   0.000000000000000E+00
   0.000000000000000E+00
   0.000000000000000E+00
   0.000000000000000E+00
   0.000000000000000E+00
   0.000000000000000E+00
   0.000000000000000E+00
   0.000000000000000E+00
   0.000000000000000E+00
   0.000000000000000E+00
   0.000000000000000E+00
   0.000000000000000E+00
   0.000000000000000E+00
   0.000000000000000E+00
   0.000000000000000E+00
   0.000000000000000E+00
   0.000000000000000E+00
   0.000000000000000E+00
   0.000000000000000E+00
   0.000000000000000E+00
   0.000000000000000E+00
   0.000000000000000E+00
   0.000000000000000E+00
   0.000000000000000E+00
   0.000000000000000E+00
   0.000000000000000E+00
   0.000000000000000E+00
   0.000000000000000E+00
   0.000000000000000E+00
   0.000000000000000E+00
   0.000000000000000E+00
   0.000000000000000E+00
   0.000000000000000E+00
   0.000000000000000E+00
   0.000000000000000E+00
   0.000000000000000E+00
   0.000000000000000E+00
   0.000000000000000E+00
   0.000000000000000E+00
   0.000000000000000E+00
   0.000000000000000E+00
   0.000000000000000E+00
   0.000000000000000E+00
   0.000000000000000E+00
   0.000000000000000E+00
   0.000000000000000E+00
   0.000000000000000E+00
   0.000000000000000E+00
   0.000000000000000E+00
   0.000000000000000E+00
   0.000000000000000E+00
   0.000000000000000E+00
   0.000000000000000E+00
   0.000000000000000E+00
   0.000000000000000E+00
   0.000000000000000E+00
   0.000000000000000E+00
   0.000000000000000E+00
   0.000000000000000E+00
   0.000000000000000E+00
   0.000000000000000E+00
   0.000000000000000E+00
   0.000000000000000E+00
   0.000000000000000E+00
   0.000000000000000E+00
   0.000000000000000E+00
   0.000000000000000E+00
   0.000000000000000E+00
   0.000000000000000E+00
   0.000000000000000E+00
   0.000000000000000E+00
   0.000000000000000E+00
   0.000000000000000E+00
   0.000000000000000E+00
   0.000000000000000E+00
   0.000000000000000E+00
   0.000000000000000E+00
   0.000000000000000E+00
   0.000000000000000E+00
   0.000000000000000E+00
   0.000000000000000E+00
   0.000000000000000E+00
   0.000000000000000E+00
   0.000000000000000E+00
   0.000000000000000E+00
   0.000000000000000E+00
   0.000000000000000E+00
   0.000000000000000E+00
   0.000000000000000E+00
   0.000000000000000E+00
   0.000000000000000E+00
   0.000000000000000E+00
   0.000000000000000E+00
   0.000000000000000E+00
   0.000000000000000E+00
   0.000000000000000E+00
   0.000000000000000E+00
   0.000000000000000E+00
   0.000000000000000E+00
   0.000000000000000E+00
   0.000000000000000E+00
   0.000000000000000E+00
   0.000000000000000E+00
   0.000000000000000E+00
   0.000000000000000E+00
   0.000000000000000E+00
   0.000000000000000E+00
   0.000000000000000E+00
   0.000000000000000E+00
   0.000000000000000E+00
   0.000000000000000E+00
   0.000000000000000E+00
   0.000000000000000E+00
   0.000000000000000E+00
   0.000000000000000E+00
   0.000000000000000E+00
   0.000000000000000E+00
   0.000000000000000E+00
   0.000000000000000E+00
   0.000000000000000E+00
   0.000000000000000E+00
   0.000000000000000E+00
   0.000000000000000E+00
   0.000000000000000E+00
   0.000000000000000E+00
   0.000000000000000E+00
   0.000000000000000E+00
   0.000000000000000E+00
   0.000000000000000E+00
   0.000000000000000E+00
   0.000000000000000E+00
   0.000000000000000E+00
   0.000000000000000E+00
   0.000000000000000E+00
   0.000000000000000E+00
   0.000000000000000E+00
   0.000000000000000E+00
   0.000000000000000E+00
   0.000000000000000E+00
   0.000000000000000E+00
   0.000000000000000E+00
   0.000000000000000E+00
   0.000000000000000E+00
   0.000000000000000E+00
   0.000000000000000E+00
   0.000000000000000E+00
   0.000000000000000E+00
   0.000000000000000E+00
   0.000000000000000E+00
   0.000000000000000E+00
   0.000000000000000E+00
   0.000000000000000E+00
   0.000000000000000E+00
   0.000000000000000E+00
   0.000000000000000E+00
   0.000000000000000E+00
   0.000000000000000E+00
   0.000000000000000E+00
   0.000000000000000E+00
   0.000000000000000E+00
   0.000000000000000E+00
   0.000000000000000E+00
   0.000000000000000E+00
   0.000000000000000E+00
   0.000000000000000E+00
   0.000000000000000E+00
   0.000000000000000E+00
   0.000000000000000E+00
   0.000000000000000E+00
   0.000000000000000E+00
   0.000000000000000E+00
   0.000000000000000E+00
   0.000000000000000E+00
   0.000000000000000E+00
   0.000000000000000E+00
   0.000000000000000E+00
   0.000000000000000E+00
   0.000000000000000E+00
   0.000000000000000E+00
   0.000000000000000E+00
   0.000000000000000E+00
   0.000000000000000E+00
   0.000000000000000E+00
   0.000000000000000E+00
   0.000000000000000E+00
   0.000000000000000E+00
   0.000000000000000E+00
   0.000000000000000E+00
   0.000000000000000E+00
   0.000000000000000E+00
   0.000000000000000E+00
   0.000000000000000E+00
   0.000000000000000E+00
   0.000000000000000E+00
   0.000000000000000E+00
   0.000000000000000E+00
   0.000000000000000E+00
   0.000000000000000E+00
   0.000000000000000E+00
   0.000000000000000E+00
   0.000000000000000E+00
   0.000000000000000E+00
   0.000000000000000E+00
   0.000000000000000E+00
   0.000000000000000E+00
   0.000000000000000E+00
   0.000000000000000E+00
   0.000000000000000E+00
   0.000000000000000E+00
   0.000000000000000E+00
   0.000000000000000E+00
   0.000000000000000E+00
   0.000000000000000E+00
   0.000000000000000E+00
   0.000000000000000E+00
   0.000000000000000E+00
   0.000000000000000E+00
   0.000000000000000E+00
   0.000000000000000E+00
   0.000000000000000E+00
   0.000000000000000E+00
   0.000000000000000E+00
   0.000000000000000E+00
   0.000000000000000E+00
   0.000000000000000E+00
   0.000000000000000E+00
   0.000000000000000E+00
   0.000000000000000E+00
   0.000000000000000E+00
   0.000000000000000E+00
   0.000000000000000E+00
   0.000000000000000E+00
   0.000000000000000E+00
   0.000000000000000E+00
   0.000000000000000E+00
   0.000000000000000E+00
   0.000000000000000E+00
   0.000000000000000E+00
   0.000000000000000E+00
   0.000000000000000E+00
   0.000000000000000E+00
   0.000000000000000E+00
   0.000000000000000E+00
   0.000000000000000E+00
   0.000000000000000E+00
   0.000000000000000E+00
   0.000000000000000E+00
   0.000000000000000E+00
   0.000000000000000E+00
   0.000000000000000E+00
   0.000000000000000E+00
   0.000000000000000E+00
   0.000000000000000E+00
   0.000000000000000E+00
   0.000000000000000E+00
   0.000000000000000E+00
   0.000000000000000E+00
   0.000000000000000E+00
   0.000000000000000E+00
   0.000000000000000E+00
   0.000000000000000E+00
   0.000000000000000E+00
   0.000000000000000E+00
   0.000000000000000E+00
   0.000000000000000E+00
   0.000000000000000E+00
   0.000000000000000E+00
   0.000000000000000E+00
   0.000000000000000E+00
   0.000000000000000E+00
   0.000000000000000E+00
   0.000000000000000E+00
   0.000000000000000E+00
   0.000000000000000E+00
   0.000000000000000E+00
   0.000000000000000E+00
   0.000000000000000E+00
   0.000000000000000E+00
   0.000000000000000E+00
   0.000000000000000E+00
   0.000000000000000E+00
   0.000000000000000E+00
   0.000000000000000E+00
   0.000000000000000E+00
   0.000000000000000E+00
   0.000000000000000E+00
   0.000000000000000E+00
   0.000000000000000E+00
   0.000000000000000E+00
   0.000000000000000E+00
   0.000000000000000E+00
   0.000000000000000E+00
   0.000000000000000E+00
   0.000000000000000E+00
   0.000000000000000E+00
   0.000000000000000E+00
   0.000000000000000E+00
   0.000000000000000E+00
   0.000000000000000E+00
   0.000000000000000E+00
   0.000000000000000E+00
   0.000000000000000E+00
   0.000000000000000E+00
   0.000000000000000E+00
   0.000000000000000E+00
   0.000000000000000E+00
   0.000000000000000E+00
   0.000000000000000E+00
   0.000000000000000E+00
   0.000000000000000E+00
   0.000000000000000E+00
   0.000000000000000E+00
   0.000000000000000E+00
   0.000000000000000E+00
   0.000000000000000E+00
   0.000000000000000E+00
   0.000000000000000E+00
   0.000000000000000E+00
   0.000000000000000E+00
   0.000000000000000E+00
   0.000000000000000E+00
   0.000000000000000E+00
   0.000000000000000E+00
   0.000000000000000E+00
   0.000000000000000E+00
   0.000000000000000E+00
   0.000000000000000E+00
   0.000000000000000E+00
   0.000000000000000E+00
   0.000000000000000E+00
   0.000000000000000E+00
   0.000000000000000E+00
   0.000000000000000E+00
   0.000000000000000E+00
   0.000000000000000E+00
   0.000000000000000E+00
   0.000000000000000E+00
   0.000000000000000E+00
   0.000000000000000E+00
   0.000000000000000E+00
   0.000000000000000E+00
   0.000000000000000E+00
   0.000000000000000E+00
   0.000000000000000E+00
   0.000000000000000E+00
   0.000000000000000E+00
   0.000000000000000E+00
   0.000000000000000E+00
   0.000000000000000E+00
   0.000000000000000E+00
   0.000000000000000E+00
   0.000000000000000E+00
   0.000000000000000E+00
   0.000000000000000E+00
   0.000000000000000E+00
   0.000000000000000E+00
   0.000000000000000E+00
   0.000000000000000E+00
   0.000000000000000E+00
   0.000000000000000E+00
   0.000000000000000E+00
   0.000000000000000E+00
   0.000000000000000E+00
   0.000000000000000E+00
   0.000000000000000E+00
   0.000000000000000E+00
   0.000000000000000E+00
   0.000000000000000E+00
   0.000000000000000E+00
   0.000000000000000E+00
   0.000000000000000E+00
   0.000000000000000E+00
   0.000000000000000E+00
   0.000000000000000E+00
   0.000000000000000E+00
   0.000000000000000E+00
   0.000000000000000E+00
   0.000000000000000E+00
   0.000000000000000E+00
   0.000000000000000E+00
   0.000000000000000E+00
   0.000000000000000E+00
   0.000000000000000E+00
   0.000000000000000E+00
   0.000000000000000E+00
   0.000000000000000E+00
   0.000000000000000E+00
   0.000000000000000E+00
   0.000000000000000E+00
   0.000000000000000E+00
   0.000000000000000E+00
   0.000000000000000E+00
   0.000000000000000E+00
   0.000000000000000E+00
   0.000000000000000E+00
   0.000000000000000E+00
   0.000000000000000E+00
   0.000000000000000E+00
   0.000000000000000E+00
   0.000000000000000E+00
   0.000000000000000E+00
   0.000000000000000E+00
   0.000000000000000E+00
   0.000000000000000E+00
   0.000000000000000E+00
   0.000000000000000E+00
   0.000000000000000E+00
   0.000000000000000E+00
   0.000000000000000E+00
   0.000000000000000E+00
   0.000000000000000E+00
   0.000000000000000E+00
   0.000000000000000E+00
   0.000000000000000E+00
   0.000000000000000E+00
   0.000000000000000E+00
   0.000000000000000E+00
   0.000000000000000E+00
   0.000000000000000E+00
   0.000000000000000E+00
   0.000000000000000E+00
   0.000000000000000E+00
   0.000000000000000E+00
   0.000000000000000E+00
   0.000000000000000E+00
   0.000000000000000E+00
   0.000000000000000E+00
   0.000000000000000E+00
   0.000000000000000E+00
   0.000000000000000E+00
   0.000000000000000E+00
   0.000000000000000E+00
   0.000000000000000E+00
   0.000000000000000E+00
   0.000000000000000E+00
   0.000000000000000E+00
   0.000000000000000E+00
   0.000000000000000E+00
   0.000000000000000E+00
   0.000000000000000E+00
   0.000000000000000E+00
   0.000000000000000E+00
   0.700000000000000E+00
   0.700000000000000E+00
   0.700000000000000E+00
   0.700000000000000E+00
   0.700000000000000E+00
   0.700000000000000E+00
   0.700000000000000E+00
   0.700000000000000E+00
   0.700000000000000E+00
   0.700000000000000E+00
   0.700000000000000E+00
   0.700000000000000E+00
   0.700000000000000E+00
   0.700000000000000E+00
   0.700000000000000E+00
   0.700000000000000E+00
   0.700000000000000E+00
   0.700000000000000E+00
   0.700000000000000E+00
   0.700000000000000E+00
   0.700000000000000E+00
   0.700000000000000E+00
   0.700000000000000E+00
   0.700000000000000E+00
   0.700000000000000E+00
   0.700000000000000E+00
   0.700000000000000E+00
   0.700000000000000E+00
   0.700000000000000E+00
   0.700000000000000E+00
   0.700000000000000E+00
   0.700000000000000E+00
   0.700000000000000E+00
   0.700000000000000E+00
   0.700000000000000E+00
   0.700000000000000E+00
